timestamp,time_seconds,timestamp_ns,tracker_head_x,tracker_head_y,tracker_head_z,tracker_head_qw,tracker_head_qx,tracker_head_qy,tracker_head_qz,tracker_left_x,tracker_left_y,tracker_left_z,tracker_left_qw,tracker_left_qx,tracker_left_qy,tracker_left_qz,tracker_right_x,tracker_right_y,tracker_right_z,tracker_right_qw,tracker_right_qx,tracker_right_qy,tracker_right_qz
2026-03-27T17:56:48.206616+00:00,-0.048904,1774634208206616400,-0.183627,0.319110,0.385841,0.676822,-0.075347,0.710884,0.174844,-0.233697,0.001057,0.669682,0.532212,0.369164,0.366228,0.668093,-0.204454,-0.011691,0.048526,0.435802,-0.724361,0.410883,-0.340167
2026-03-27T17:56:48.220978+00:00,-0.034542,1774634208220977900,-0.183990,0.319204,0.386360,0.677818,-0.075487,0.709943,0.174753,-0.234524,0.001243,0.670535,0.532087,0.369384,0.364020,0.669278,-0.203959,-0.011415,0.049355,0.434667,-0.722449,0.413254,-0.342794
2026-03-27T17:56:48.238527+00:00,-0.016993,1774634208238527100,-0.184346,0.319282,0.386851,0.678506,-0.075348,0.709723,0.174529,-0.235226,0.001414,0.671167,0.532222,0.369133,0.362755,0.670220,-0.203289,-0.011103,0.050176,0.431718,-0.722844,0.415212,-0.346617
2026-03-27T17:56:48.255776+00:00,0.000256,1774634208255776300,-0.184680,0.319365,0.387365,0.679458,-0.075170,0.708800,0.174521,-0.235854,0.001645,0.671821,0.532692,0.368629,0.362048,0.670706,-0.202637,-0.010617,0.050704,0.428793,-0.721823,0.416374,-0.350054
2026-03-27T17:56:48.272649+00:00,0.017129,1774634208272648700,-0.185025,0.319410,0.387877,0.679981,-0.075059,0.708224,0.174581,-0.236382,0.001899,0.672362,0.533746,0.367760,0.362016,0.669435,-0.202076,-0.009909,0.050856,0.424305,-0.721200,0.417579,-0.355093
2026-03-27T17:56:48.289974+00:00,0.034454,1774634208289974400,-0.185349,0.319442,0.388421,0.680480,-0.075282,0.707713,0.174552,-0.236847,0.002175,0.672884,0.534160,0.367492,0.363077,0.669648,-0.201397,-0.009157,0.050858,0.420884,-0.719339,0.419094,-0.360012
2026-03-27T17:56:48.306559+00:00,0.051039,1774634208306558700,-0.185691,0.319447,0.388953,0.680950,-0.075594,0.707226,0.174559,-0.237257,0.002480,0.673377,0.535059,0.366616,0.364263,0.667949,-0.200909,-0.008457,0.050745,0.418004,-0.717640,0.420000,-0.365148
2026-03-27T17:56:48.323337+00:00,0.067817,1774634208323337000,-0.185988,0.319470,0.389506,0.680996,-0.075860,0.707196,0.174688,-0.237641,0.002713,0.673753,0.535931,0.365478,0.365478,0.667133,-0.200738,-0.007883,0.050587,0.414849,-0.718447,0.420091,-0.368315
2026-03-27T17:56:48.340511+00:00,0.084991,1774634208340511300,-0.186269,0.319481,0.390072,0.681685,-0.075880,0.705982,0.174652,-0.237980,0.002946,0.674088,0.536415,0.364457,0.366816,0.666666,-0.200687,-0.007361,0.050372,0.412466,-0.717737,0.420245,-0.369727
2026-03-27T17:56:48.357381+00:00,0.101861,1774634208357381200,-0.186520,0.319467,0.390673,0.681652,-0.075839,0.706525,0.175050,-0.238396,0.003233,0.674474,0.537508,0.363360,0.368053,0.665577,-0.200639,-0.006934,0.050009,0.409354,-0.719334,0.422181,-0.371859
2026-03-27T17:56:48.374589+00:00,0.119069,1774634208374588800,-0.186800,0.319478,0.391299,0.682168,-0.075574,0.706022,0.175153,-0.238739,0.003455,0.674773,0.537993,0.362362,0.369379,0.665115,-0.200591,-0.006652,0.049848,0.408930,-0.717274,0.423041,-0.373429
2026-03-27T17:56:48.391849+00:00,0.136329,1774634208391848700,-0.187022,0.319515,0.391887,0.682663,-0.075228,0.705028,0.175142,-0.239113,0.003717,0.675037,0.538673,0.361649,0.370640,0.665017,-0.200550,-0.006480,0.049891,0.410646,-0.714369,0.422943,-0.376142
2026-03-27T17:56:48.408491+00:00,0.152971,1774634208408491000,-0.187274,0.319538,0.392521,0.682642,-0.074921,0.705561,0.175379,-0.239311,0.003763,0.675127,0.539813,0.360892,0.371499,0.663928,-0.200458,-0.006363,0.050243,0.414042,-0.711048,0.422554,-0.379203
2026-03-27T17:56:48.426994+00:00,0.171474,1774634208426994000,-0.187512,0.319627,0.393170,0.682733,-0.074415,0.705505,0.175374,-0.239753,0.003970,0.675300,0.541416,0.359847,0.372240,0.663001,-0.200529,-0.006315,0.051201,0.419818,-0.707934,0.420895,-0.383224
2026-03-27T17:56:48.443494+00:00,0.187974,1774634208443493900,-0.187758,0.319726,0.393775,0.682621,-0.073853,0.705606,0.175315,-0.240314,0.004311,0.675582,0.542321,0.359096,0.372427,0.662679,-0.200502,-0.006279,0.052482,0.426896,-0.702233,0.417904,-0.385237
2026-03-27T17:56:48.461226+00:00,0.205706,1774634208461226300,-0.188075,0.319830,0.394363,0.682691,-0.073366,0.705489,0.175275,-0.240831,0.004524,0.675790,0.543893,0.357647,0.372193,0.660945,-0.200512,-0.006332,0.053818,0.427744,-0.701309,0.420188,-0.386639
2026-03-27T17:56:48.477788+00:00,0.222268,1774634208477788100,-0.188377,0.319913,0.394838,0.682712,-0.073169,0.705469,0.175268,-0.241272,0.004620,0.675862,0.544095,0.357267,0.372308,0.661572,-0.200495,-0.006392,0.055259,0.427849,-0.698852,0.422201,-0.389571
2026-03-27T17:56:48.494777+00:00,0.239257,1774634208494776900,-0.188748,0.319942,0.395266,0.682784,-0.073150,0.705904,0.175393,-0.241785,0.004707,0.675964,0.544420,0.356873,0.372400,0.661793,-0.200480,-0.006857,0.056902,0.426124,-0.695792,0.425470,-0.393445
2026-03-27T17:56:48.511601+00:00,0.256081,1774634208511601000,-0.189129,0.319998,0.395631,0.683242,-0.073110,0.704936,0.175272,-0.242342,0.004743,0.676088,0.545343,0.356094,0.372110,0.660789,-0.200624,-0.007603,0.058607,0.423687,-0.691645,0.428423,-0.398632
2026-03-27T17:56:48.528504+00:00,0.272984,1774634208528504100,-0.189506,0.319985,0.395947,0.683509,-0.073143,0.704646,0.175385,-0.242896,0.004779,0.676208,0.545816,0.355477,0.371790,0.660607,-0.200878,-0.008604,0.060427,0.419615,-0.687533,0.433290,-0.404776
2026-03-27T17:56:48.545419+00:00,0.289899,1774634208545419200,-0.189978,0.319994,0.396189,0.684265,-0.073623,0.703913,0.175387,-0.243536,0.004757,0.676337,0.545504,0.355228,0.371960,0.661745,-0.201057,-0.009701,0.062250,0.415953,-0.681147,0.439734,-0.410238
2026-03-27T17:56:48.562443+00:00,0.306923,1774634208562443100,-0.190364,0.319960,0.396376,0.684588,-0.074132,0.703577,0.175382,-0.244297,0.004755,0.676523,0.546123,0.354556,0.371217,0.661696,-0.201079,-0.010808,0.064144,0.412323,-0.675896,0.446060,-0.415758
2026-03-27T17:56:48.579485+00:00,0.323965,1774634208579484900,-0.190858,0.319950,0.396541,0.685674,-0.074757,0.702483,0.175374,-0.245054,0.004732,0.676710,0.545744,0.353991,0.370855,0.663245,-0.200861,-0.011771,0.066084,0.410900,-0.673217,0.448466,-0.420371
2026-03-27T17:56:48.596378+00:00,0.340858,1774634208596377700,-0.191263,0.319954,0.396680,0.686284,-0.075300,0.701883,0.175227,-0.245890,0.004734,0.676964,0.546017,0.353025,0.369809,0.663383,-0.200669,-0.012541,0.067949,0.410016,-0.669507,0.450648,-0.424032
2026-03-27T17:56:48.613322+00:00,0.357801,1774634208613321500,-0.191732,0.319935,0.396820,0.687360,-0.075719,0.700806,0.175271,-0.246679,0.004696,0.677194,0.545982,0.352595,0.369326,0.663806,-0.200467,-0.013184,0.069764,0.409388,-0.666299,0.454101,-0.427936
2026-03-27T17:56:48.632166+00:00,0.376646,1774634208632166200,-0.192214,0.319916,0.396975,0.688529,-0.075918,0.699638,0.175321,-0.247520,0.004617,0.677430,0.545332,0.352817,0.369264,0.665612,-0.200023,-0.013637,0.071698,0.410538,-0.661052,0.458384,-0.431212
2026-03-27T17:56:48.654119+00:00,0.398599,1774634208654119100,-0.192743,0.319870,0.397184,0.689571,-0.075925,0.698577,0.175730,-0.248270,0.004561,0.677701,0.545935,0.352286,0.368418,0.664921,-0.199441,-0.013880,0.073487,0.413593,-0.653172,0.462219,-0.432387
2026-03-27T17:56:48.667017+00:00,0.411496,1774634208667016500,-0.193193,0.319835,0.397371,0.690514,-0.076162,0.697610,0.176033,-0.248863,0.004488,0.677911,0.546468,0.351742,0.367840,0.664999,-0.198839,-0.013924,0.075011,0.415089,-0.649175,0.467251,-0.434340
2026-03-27T17:56:48.684283+00:00,0.428763,1774634208684283000,-0.193668,0.319815,0.397595,0.691451,-0.076367,0.696214,0.176179,-0.249500,0.004441,0.678100,0.546410,0.351451,0.367501,0.665914,-0.198104,-0.013727,0.076423,0.416791,-0.645196,0.470968,-0.434756
2026-03-27T17:56:48.701521+00:00,0.446001,1774634208701521400,-0.194126,0.319763,0.397830,0.691873,-0.076632,0.696275,0.176591,-0.250149,0.004410,0.678293,0.546958,0.351106,0.366961,0.665948,-0.197395,-0.013558,0.077690,0.418929,-0.640402,0.473893,-0.433272
2026-03-27T17:56:48.718289+00:00,0.462770,1774634208718289500,-0.194583,0.319749,0.398072,0.692765,-0.076853,0.694887,0.176608,-0.250688,0.004356,0.678486,0.547746,0.350109,0.366288,0.665601,-0.196742,-0.013171,0.078829,0.419451,-0.638430,0.479105,-0.432814
2026-03-27T17:56:48.735495+00:00,0.479975,1774634208735495100,-0.195043,0.319706,0.398329,0.693462,-0.077117,0.694154,0.176822,-0.251275,0.004332,0.678639,0.547655,0.349671,0.366014,0.666584,-0.196092,-0.012427,0.079853,0.420353,-0.635782,0.483853,-0.431525
2026-03-27T17:56:48.752415+00:00,0.496895,1774634208752415400,-0.195519,0.319672,0.398670,0.693534,-0.077255,0.694116,0.177031,-0.251785,0.004281,0.678761,0.547721,0.349323,0.365679,0.667134,-0.195438,-0.011706,0.080803,0.421255,-0.632941,0.487429,-0.430831
2026-03-27T17:56:48.769377+00:00,0.513857,1774634208769377500,-0.195962,0.319642,0.399054,0.693871,-0.077325,0.693284,0.177201,-0.252263,0.004248,0.678930,0.548464,0.348564,0.365150,0.666330,-0.195098,-0.010982,0.081412,0.420940,-0.631883,0.489690,-0.430550
2026-03-27T17:56:48.786527+00:00,0.531007,1774634208786527300,-0.196385,0.319595,0.399427,0.694110,-0.077378,0.693074,0.177513,-0.252698,0.004209,0.679080,0.548799,0.348158,0.365255,0.666550,-0.194560,-0.009986,0.082282,0.420259,-0.631572,0.491866,-0.429452
2026-03-27T17:56:48.803523+00:00,0.548003,1774634208803522900,-0.196791,0.319547,0.399843,0.693996,-0.077372,0.693188,0.177909,-0.253094,0.004198,0.679225,0.549284,0.347347,0.364703,0.665976,-0.194319,-0.009190,0.082819,0.419039,-0.631386,0.493681,-0.427292
2026-03-27T17:56:48.820599+00:00,0.565079,1774634208820598700,-0.197167,0.319505,0.400254,0.693913,-0.077384,0.693274,0.178155,-0.253442,0.004157,0.679365,0.549296,0.347388,0.365287,0.666570,-0.194238,-0.008491,0.083195,0.417423,-0.631861,0.495422,-0.424356
2026-03-27T17:56:48.837909+00:00,0.582389,1774634208837908900,-0.197548,0.319456,0.400672,0.693846,-0.077380,0.693313,0.178399,-0.253740,0.004147,0.679534,0.549634,0.346688,0.365090,0.666177,-0.194205,-0.007871,0.083492,0.414825,-0.633371,0.496442,-0.422553
2026-03-27T17:56:48.855894+00:00,0.600374,1774634208855893800,-0.197912,0.319410,0.401089,0.693785,-0.077372,0.693321,0.178609,-0.254033,0.004155,0.679718,0.549945,0.346333,0.365176,0.666058,-0.194294,-0.007268,0.083773,0.412352,-0.634975,0.497904,-0.420812
2026-03-27T17:56:48.872206+00:00,0.616686,1774634208872206000,-0.198209,0.319371,0.401522,0.693692,-0.077313,0.692985,0.178779,-0.254268,0.004122,0.679924,0.550613,0.346212,0.365141,0.665736,-0.194493,-0.007079,0.083867,0.409961,-0.636930,0.497682,-0.422352
2026-03-27T17:56:48.889467+00:00,0.633947,1774634208889466700,-0.198499,0.319308,0.401950,0.693114,-0.077214,0.694056,0.179160,-0.254486,0.004114,0.680156,0.550559,0.345984,0.365419,0.665763,-0.194859,-0.006887,0.083943,0.408223,-0.638910,0.497768,-0.422441
2026-03-27T17:56:48.906515+00:00,0.650995,1774634208906514800,-0.198786,0.319256,0.402365,0.693034,-0.077138,0.694126,0.179465,-0.254685,0.004114,0.680386,0.550711,0.345979,0.365756,0.666091,-0.195411,-0.006846,0.084002,0.407140,-0.639439,0.497410,-0.420931
2026-03-27T17:56:48.923693+00:00,0.668173,1774634208923692800,-0.199053,0.319219,0.402778,0.692892,-0.076944,0.693751,0.179611,-0.254858,0.004118,0.680645,0.550693,0.346036,0.365699,0.666107,-0.196100,-0.006910,0.084010,0.404730,-0.643360,0.498330,-0.420327
2026-03-27T17:56:48.940788+00:00,0.685267,1774634208940787400,-0.199349,0.319157,0.403184,0.692357,-0.076919,0.694808,0.179958,-0.255027,0.004086,0.680904,0.550459,0.346422,0.365665,0.666411,-0.196883,-0.006983,0.084114,0.404974,-0.643578,0.494926,-0.417227
2026-03-27T17:56:48.957635+00:00,0.702115,1774634208957635000,-0.199634,0.319120,0.403581,0.692022,-0.076883,0.695187,0.180148,-0.255185,0.004094,0.681189,0.550600,0.346343,0.365299,0.666228,-0.197557,-0.007309,0.084104,0.403546,-0.647161,0.494438,-0.416902
2026-03-27T17:56:48.974725+00:00,0.719205,1774634208974725400,-0.199899,0.319109,0.403949,0.691796,-0.076621,0.694915,0.180210,-0.255343,0.004089,0.681470,0.550414,0.346707,0.365408,0.666425,-0.198259,-0.007795,0.084078,0.402561,-0.648990,0.492769,-0.415358
2026-03-27T17:56:48.991683+00:00,0.736164,1774634208991683600,-0.200178,0.319090,0.404289,0.691483,-0.076502,0.695236,0.180146,-0.255487,0.004115,0.681772,0.550367,0.346639,0.364867,0.665851,-0.198930,-0.008407,0.084138,0.400482,-0.652235,0.493169,-0.414816
2026-03-27T17:56:49.008817+00:00,0.753297,1774634209008817300,-0.200477,0.319075,0.404614,0.690949,-0.076324,0.695767,0.180280,-0.255617,0.004086,0.682053,0.550034,0.347076,0.365387,0.666214,-0.199576,-0.008951,0.084157,0.399674,-0.653809,0.491731,-0.413535
2026-03-27T17:56:49.025751+00:00,0.770231,1774634209025750500,-0.200782,0.319063,0.404882,0.690736,-0.076241,0.695966,0.180333,-0.255738,0.004082,0.682356,0.550058,0.346707,0.365142,0.665592,-0.200198,-0.009514,0.084222,0.399523,-0.655239,0.490849,-0.412439
2026-03-27T17:56:49.042811+00:00,0.787291,1774634209042810800,-0.201139,0.319046,0.405130,0.690232,-0.076077,0.696461,0.180513,-0.255852,0.004033,0.682619,0.549742,0.346877,0.365940,0.665944,-0.200741,-0.009960,0.084355,0.399815,-0.656502,0.489813,-0.411078
2026-03-27T17:56:49.059865+00:00,0.804345,1774634209059864800,-0.201464,0.319027,0.405367,0.689830,-0.075964,0.696830,0.180675,-0.255939,0.003986,0.682878,0.549517,0.346764,0.366688,0.666104,-0.201194,-0.010279,0.084495,0.400464,-0.657025,0.489208,-0.410049
2026-03-27T17:56:49.077929+00:00,0.822409,1774634209077929200,-0.201902,0.318996,0.405509,0.689131,-0.075937,0.697545,0.180816,-0.256030,0.003943,0.683100,0.548794,0.347157,0.367672,0.666249,-0.201663,-0.010640,0.084758,0.401562,-0.657132,0.488877,-0.408872
2026-03-27T17:56:49.103065+00:00,0.847545,1774634209103065400,-0.202574,0.318939,0.405652,0.688876,-0.076065,0.697841,0.181053,-0.256148,0.003896,0.683421,0.548540,0.346923,0.368506,0.665301,-0.202194,-0.010849,0.085051,0.403312,-0.656629,0.489480,-0.407140
2026-03-27T17:56:49.119205+00:00,0.863685,1774634209119205300,-0.202979,0.318893,0.405696,0.688183,-0.076305,0.698514,0.181077,-0.256234,0.003866,0.683581,0.548190,0.346613,0.368766,0.664993,-0.202533,-0.010998,0.085320,0.403912,-0.657645,0.491580,-0.406972
2026-03-27T17:56:49.136109+00:00,0.880589,1774634209136109100,-0.203486,0.318852,0.405696,0.688166,-0.076593,0.698044,0.180885,-0.256331,0.003837,0.683733,0.547889,0.346761,0.369451,0.665414,-0.202891,-0.011052,0.085555,0.405979,-0.655333,0.491173,-0.405304
2026-03-27T17:56:49.153260+00:00,0.897740,1774634209153260300,-0.203959,0.318765,0.405645,0.687574,-0.077108,0.699109,0.180852,-0.256449,0.003810,0.683845,0.547294,0.346258,0.370010,0.666096,-0.203176,-0.011004,0.085720,0.406871,-0.655313,0.492076,-0.404839
2026-03-27T17:56:49.170322+00:00,0.914802,1774634209170321900,-0.204464,0.318670,0.405650,0.687633,-0.077693,0.698532,0.180882,-0.256603,0.003800,0.683953,0.547302,0.345994,0.370304,0.666083,-0.203550,-0.011072,0.085900,0.407901,-0.653972,0.492668,-0.404239
2026-03-27T17:56:49.187319+00:00,0.931799,1774634209187319300,-0.204955,0.318540,0.405533,0.687622,-0.078199,0.698541,0.181044,-0.256763,0.003778,0.684025,0.547252,0.345543,0.370930,0.666052,-0.203885,-0.010959,0.085970,0.408196,-0.654188,0.493677,-0.403858
2026-03-27T17:56:49.204795+00:00,0.949275,1774634209204794800,-0.205446,0.318403,0.405303,0.687625,-0.078925,0.698505,0.181117,-0.256891,0.003757,0.684075,0.547039,0.345463,0.371667,0.666198,-0.204294,-0.010878,0.086016,0.408663,-0.654057,0.494357,-0.403310
2026-03-27T17:56:49.221862+00:00,0.966342,1774634209221862100,-0.205900,0.318259,0.405019,0.687544,-0.079526,0.698636,0.181345,-0.257085,0.003710,0.684119,0.547125,0.345111,0.372054,0.665310,-0.204693,-0.010818,0.086074,0.409485,-0.652348,0.493799,-0.402565
2026-03-27T17:56:49.238905+00:00,0.983385,1774634209238905400,-0.206350,0.318119,0.404698,0.687833,-0.080146,0.698392,0.181572,-0.257217,0.003702,0.684109,0.546823,0.345180,0.372676,0.665495,-0.205080,-0.010755,0.086065,0.409647,-0.651956,0.494342,-0.402647
2026-03-27T17:56:49.255973+00:00,1.000453,1774634209255973100,-0.206758,0.317991,0.404348,0.688002,-0.080748,0.698127,0.181684,-0.257352,0.003705,0.684113,0.546650,0.344992,0.372634,0.665137,-0.205442,-0.010672,0.086024,0.409564,-0.652106,0.494594,-0.402456
2026-03-27T17:56:49.272928+00:00,1.017408,1774634209272927700,-0.207087,0.317905,0.403973,0.688205,-0.081168,0.697526,0.181597,-0.257466,0.003676,0.684066,0.545887,0.345463,0.373288,0.666622,-0.205815,-0.010660,0.085919,0.409569,-0.652152,0.494503,-0.402486
2026-03-27T17:56:49.289991+00:00,1.034471,1774634209289990600,-0.207420,0.317817,0.403547,0.688406,-0.081734,0.697806,0.181548,-0.257643,0.003703,0.684030,0.546103,0.345006,0.372506,0.665855,-0.206138,-0.010622,0.085679,0.409418,-0.652866,0.494999,-0.403319
2026-03-27T17:56:49.309121+00:00,1.053601,1774634209309120700,-0.207742,0.317767,0.403039,0.688957,-0.082140,0.696758,0.181431,-0.257795,0.003700,0.683898,0.545829,0.344860,0.372417,0.666735,-0.206463,-0.010636,0.085430,0.410381,-0.651331,0.493978,-0.403117
2026-03-27T17:56:49.325301+00:00,1.069781,1774634209325300800,-0.208017,0.317728,0.402590,0.689342,-0.082548,0.696345,0.181373,-0.257930,0.003690,0.683769,0.545779,0.344673,0.372184,0.667003,-0.206713,-0.010625,0.085160,0.410719,-0.651077,0.493776,-0.403432
2026-03-27T17:56:49.342693+00:00,1.087174,1774634209342693500,-0.208249,0.317687,0.401992,0.690392,-0.082746,0.695335,0.181359,-0.258099,0.003715,0.683541,0.546154,0.344475,0.372160,0.666193,-0.206910,-0.010679,0.084827,0.410691,-0.650754,0.494309,-0.403090
2026-03-27T17:56:49.359952+00:00,1.104432,1774634209359951800,-0.208494,0.317658,0.401373,0.691330,-0.083049,0.694386,0.181330,-0.258194,0.003677,0.683283,0.545742,0.344367,0.372659,0.667184,-0.207143,-0.010713,0.084479,0.410121,-0.651423,0.494674,-0.403600
2026-03-27T17:56:49.376787+00:00,1.121267,1774634209376786700,-0.208709,0.317615,0.400744,0.692002,-0.083423,0.693730,0.181546,-0.258289,0.003675,0.682998,0.545881,0.344026,0.372560,0.667005,-0.207373,-0.010796,0.084088,0.410365,-0.651435,0.494668,-0.403359
2026-03-27T17:56:49.393994+00:00,1.138474,1774634209393994100,-0.208929,0.317556,0.400069,0.692918,-0.083711,0.692774,0.181626,-0.258347,0.003666,0.682689,0.545876,0.343757,0.372824,0.667025,-0.207591,-0.010905,0.083694,0.410739,-0.651269,0.494016,-0.403524
2026-03-27T17:56:49.410979+00:00,1.155459,1774634209410979400,-0.209174,0.317493,0.399407,0.693915,-0.084149,0.691311,0.181723,-0.258342,0.003665,0.682492,0.546189,0.343074,0.372614,0.666647,-0.207753,-0.010996,0.083281,0.411103,-0.651080,0.493391,-0.403707
2026-03-27T17:56:49.428094+00:00,1.172574,1774634209428093600,-0.209375,0.317359,0.398679,0.694301,-0.084679,0.691363,0.182031,-0.258333,0.003649,0.682114,0.546353,0.343016,0.372850,0.667054,-0.207857,-0.011065,0.082868,0.410963,-0.651383,0.493579,-0.404331
2026-03-27T17:56:49.445112+00:00,1.189593,1774634209445112500,-0.209601,0.317238,0.397919,0.695256,-0.085247,0.689950,0.182037,-0.258352,0.003654,0.681510,0.546516,0.342645,0.372745,0.666876,-0.207943,-0.011188,0.082473,0.410823,-0.651757,0.494112,-0.404445
2026-03-27T17:56:49.462445+00:00,1.206926,1774634209462445600,-0.209796,0.317088,0.397128,0.696061,-0.085913,0.689075,0.182135,-0.258365,0.003655,0.681079,0.546674,0.342017,0.372892,0.666719,-0.208021,-0.011272,0.082034,0.410694,-0.651613,0.494162,-0.403790
2026-03-27T17:56:49.479464+00:00,1.223944,1774634209479464200,-0.209961,0.316927,0.396327,0.696626,-0.086454,0.688565,0.182337,-0.258400,0.003657,0.680597,0.546989,0.341554,0.373007,0.666985,-0.208092,-0.011334,0.081589,0.410853,-0.651371,0.493890,-0.403149
2026-03-27T17:56:49.496364+00:00,1.240844,1774634209496364400,-0.210093,0.316793,0.395460,0.697595,-0.087042,0.687099,0.182361,-0.258436,0.003680,0.680108,0.546674,0.341206,0.373201,0.667871,-0.208103,-0.011375,0.081142,0.410975,-0.651373,0.494049,-0.403097
2026-03-27T17:56:49.514776+00:00,1.259257,1774634209514776600,-0.210231,0.316650,0.394508,0.698666,-0.087720,0.686010,0.182403,-0.258535,0.003740,0.679562,0.547095,0.340158,0.372944,0.667328,-0.208094,-0.011428,0.080721,0.411224,-0.650873,0.493992,-0.402520
2026-03-27T17:56:49.534208+00:00,1.278687,1774634209534207500,-0.210333,0.316490,0.393443,0.699769,-0.088439,0.684761,0.182528,-0.258614,0.003825,0.678982,0.547094,0.339495,0.373056,0.667604,-0.208059,-0.011432,0.080213,0.411263,-0.650850,0.494219,-0.402238
2026-03-27T17:56:49.550505+00:00,1.294985,1774634209550505200,-0.210403,0.316447,0.392380,0.701126,-0.089042,0.683156,0.182391,-0.258815,0.003917,0.678379,0.547476,0.339000,0.372608,0.668669,-0.208104,-0.011507,0.079725,0.412487,-0.650818,0.494932,-0.402033
2026-03-27T17:56:49.567641+00:00,1.312121,1774634209567641300,-0.210410,0.316390,0.391302,0.702208,-0.089573,0.682535,0.182280,-0.259062,0.004135,0.677812,0.548062,0.337457,0.371572,0.669186,-0.208091,-0.011554,0.079233,0.414043,-0.649908,0.494208,-0.401217
2026-03-27T17:56:49.584806+00:00,1.329286,1774634209584806300,-0.210502,0.316390,0.390176,0.703682,-0.089857,0.680608,0.181738,-0.259440,0.004409,0.677185,0.549156,0.335730,0.370373,0.669841,-0.208026,-0.011577,0.078680,0.414571,-0.650700,0.494499,-0.401260
2026-03-27T17:56:49.601584+00:00,1.346064,1774634209601583800,-0.210464,0.316393,0.389025,0.704893,-0.090276,0.679870,0.181551,-0.259923,0.004821,0.676536,0.550064,0.333893,0.369126,0.671270,-0.207917,-0.011595,0.078127,0.415063,-0.650434,0.494363,-0.400253
2026-03-27T17:56:49.618541+00:00,1.363021,1774634209618540900,-0.210455,0.316389,0.387844,0.706309,-0.090613,0.678457,0.181066,-0.260526,0.005450,0.675823,0.552158,0.331277,0.366919,0.671271,-0.207804,-0.011589,0.077522,0.415771,-0.650040,0.494190,-0.399289
2026-03-27T17:56:49.635594+00:00,1.380074,1774634209635594100,-0.210332,0.316405,0.386577,0.707860,-0.090966,0.676902,0.180667,-0.261110,0.006246,0.675035,0.553770,0.329116,0.365113,0.672357,-0.207643,-0.011551,0.076902,0.416067,-0.650269,0.494481,-0.399509
2026-03-27T17:56:49.652713+00:00,1.397193,1774634209652713100,-0.210197,0.316456,0.385261,0.709467,-0.091383,0.674843,0.179824,-0.261793,0.007285,0.674165,0.556743,0.326922,0.362818,0.672196,-0.207398,-0.011510,0.076261,0.416861,-0.649161,0.494582,-0.399273
2026-03-27T17:56:49.669880+00:00,1.414360,1774634209669879800,-0.210022,0.316514,0.383882,0.710785,-0.091980,0.674020,0.179268,-0.262534,0.008482,0.673260,0.559293,0.324285,0.360297,0.672797,-0.207085,-0.011415,0.075576,0.417272,-0.648849,0.495146,-0.399895
2026-03-27T17:56:49.686817+00:00,1.431297,1774634209686817100,-0.209835,0.316605,0.382480,0.712145,-0.092484,0.672708,0.178390,-0.263661,0.010181,0.672268,0.562777,0.318560,0.357110,0.673915,-0.206739,-0.011327,0.074877,0.418253,-0.647479,0.495047,-0.399918
2026-03-27T17:56:49.703955+00:00,1.448435,1774634209703954700,-0.209611,0.316676,0.380930,0.714105,-0.093185,0.670677,0.177661,-0.265065,0.012099,0.671301,0.566279,0.311771,0.354038,0.675878,-0.206398,-0.011193,0.074143,0.418401,-0.647416,0.495665,-0.400349
2026-03-27T17:56:49.720841+00:00,1.465321,1774634209720840600,-0.209357,0.316763,0.379327,0.715718,-0.093665,0.669049,0.176852,-0.266603,0.014378,0.670129,0.570459,0.304264,0.350560,0.677980,-0.206096,-0.011055,0.073345,0.418390,-0.647561,0.495687,-0.400203
2026-03-27T17:56:49.742115+00:00,1.486595,1774634209742114800,-0.208992,0.316892,0.377443,0.717824,-0.094329,0.666925,0.175987,-0.268495,0.017257,0.668799,0.575426,0.295741,0.347086,0.679330,-0.205743,-0.010840,0.072380,0.418291,-0.647583,0.495889,-0.400021
2026-03-27T17:56:49.757248+00:00,1.501728,1774634209757248000,-0.208649,0.317009,0.375764,0.719951,-0.094835,0.664801,0.175149,-0.270272,0.020244,0.667479,0.581331,0.287869,0.345109,0.677816,-0.205464,-0.010698,0.071544,0.417958,-0.647519,0.495953,-0.399464
2026-03-27T17:56:49.775017+00:00,1.519498,1774634209775017600,-0.208222,0.317116,0.373847,0.721833,-0.095347,0.663365,0.174474,-0.272261,0.023727,0.666011,0.587260,0.279886,0.343603,0.677984,-0.205257,-0.010692,0.070823,0.417545,-0.647083,0.496506,-0.399437
2026-03-27T17:56:49.792212+00:00,1.536692,1774634209792211900,-0.207777,0.317271,0.371994,0.723928,-0.095747,0.660826,0.173386,-0.274285,0.027431,0.664550,0.593967,0.271553,0.340662,0.676574,-0.204863,-0.010634,0.069918,0.416914,-0.647200,0.497179,-0.399528
2026-03-27T17:56:49.809263+00:00,1.553743,1774634209809262800,-0.207302,0.317418,0.370098,0.725998,-0.096203,0.658750,0.172452,-0.276352,0.031372,0.663028,0.601002,0.263096,0.337091,0.675499,-0.204307,-0.010474,0.068892,0.416280,-0.647699,0.498087,-0.399696
2026-03-27T17:56:49.826416+00:00,1.570896,1774634209826416300,-0.206829,0.317558,0.368155,0.727981,-0.096785,0.656753,0.171530,-0.278542,0.035635,0.661412,0.608798,0.254613,0.331924,0.674325,-0.203901,-0.010335,0.067931,0.415422,-0.647424,0.498689,-0.398371
2026-03-27T17:56:49.843285+00:00,1.587765,1774634209843284900,-0.206337,0.317708,0.366222,0.729873,-0.097270,0.654855,0.170553,-0.280820,0.040100,0.659842,0.617792,0.246015,0.324707,0.672293,-0.203513,-0.010293,0.066993,0.414060,-0.649417,0.500175,-0.396236
2026-03-27T17:56:49.860731+00:00,1.605211,1774634209860731200,-0.205813,0.317875,0.364216,0.731820,-0.097775,0.652895,0.169491,-0.283198,0.044883,0.658152,0.627377,0.237974,0.316548,0.670769,-0.203042,-0.010268,0.066073,0.413321,-0.649168,0.500963,-0.394676
2026-03-27T17:56:49.877842+00:00,1.622322,1774634209877842400,-0.205278,0.318078,0.362219,0.733563,-0.098143,0.651170,0.168561,-0.285649,0.049939,0.656311,0.636636,0.230092,0.307942,0.668222,-0.202452,-0.010259,0.065148,0.412369,-0.649972,0.502295,-0.394120
2026-03-27T17:56:49.894864+00:00,1.639344,1774634209894864300,-0.204734,0.318318,0.360230,0.735257,-0.098490,0.649485,0.167602,-0.288239,0.055197,0.654516,0.645163,0.223325,0.299779,0.666263,-0.201752,-0.010255,0.064253,0.411931,-0.649561,0.503056,-0.393044
2026-03-27T17:56:49.911903+00:00,1.656384,1774634209911903600,-0.204395,0.318513,0.358311,0.737130,-0.098781,0.647135,0.166692,-0.290826,0.060672,0.652638,0.653164,0.216925,0.291973,0.664320,-0.201042,-0.010294,0.063411,0.411293,-0.650060,0.504561,-0.392825
2026-03-27T17:56:49.928931+00:00,1.673412,1774634209928931600,-0.203909,0.318705,0.356339,0.738799,-0.098925,0.645921,0.165931,-0.293696,0.066478,0.650738,0.661129,0.210086,0.284729,0.661446,-0.200256,-0.010280,0.062526,0.411332,-0.649408,0.504424,-0.391624
2026-03-27T17:56:49.946450+00:00,1.690929,1774634209946449300,-0.203258,0.319205,0.354316,0.740843,-0.098754,0.643456,0.164876,-0.296677,0.072506,0.648598,0.668363,0.202871,0.277949,0.659866,-0.199527,-0.010329,0.061683,0.411345,-0.649074,0.504251,-0.390618
2026-03-27T17:56:49.965228+00:00,1.709708,1774634209965227700,-0.202689,0.319548,0.352145,0.742919,-0.098561,0.641382,0.163736,-0.300205,0.079332,0.646236,0.676496,0.194615,0.270159,0.657277,-0.198684,-0.010444,0.060688,0.410977,-0.649455,0.504568,-0.389955
2026-03-27T17:56:49.982253+00:00,1.726733,1774634209982252800,-0.202572,0.319659,0.350414,0.744747,-0.098469,0.639557,0.162474,-0.303905,0.085653,0.643404,0.683843,0.182790,0.262970,0.655192,-0.198097,-0.010615,0.059853,0.410859,-0.651451,0.503581,-0.389653
2026-03-27T17:56:49.999192+00:00,1.743672,1774634209999192300,-0.202243,0.319810,0.348589,0.746649,-0.098515,0.637638,0.161376,-0.307651,0.091896,0.640458,0.689742,0.170399,0.257434,0.654799,-0.197451,-0.010847,0.058976,0.410480,-0.652051,0.503818,-0.389086
2026-03-27T17:56:50.016428+00:00,1.760908,1774634210016428100,-0.201902,0.319947,0.346791,0.748201,-0.098728,0.635974,0.160642,-0.311813,0.098508,0.637114,0.695258,0.156816,0.254153,0.653877,-0.196861,-0.011216,0.058146,0.410055,-0.653743,0.503917,-0.389114
2026-03-27T17:56:50.033416+00:00,1.777896,1774634210033415700,-0.201714,0.320024,0.345152,0.750112,-0.099358,0.633636,0.160391,-0.315945,0.104949,0.633325,0.701776,0.141493,0.251416,0.651282,-0.196220,-0.011656,0.057408,0.410296,-0.653633,0.502708,-0.388782
2026-03-27T17:56:50.050317+00:00,1.794797,1774634210050317100,-0.201630,0.320007,0.343682,0.751859,-0.100164,0.631391,0.159980,-0.320360,0.111208,0.629270,0.708518,0.123453,0.247050,0.649413,-0.195550,-0.012130,0.056689,0.410157,-0.654843,0.501894,-0.388883
2026-03-27T17:56:50.067297+00:00,1.811777,1774634210067296700,-0.201560,0.319899,0.342330,0.753600,-0.101167,0.629561,0.159633,-0.325368,0.117411,0.624777,0.716085,0.100974,0.239309,0.647629,-0.194851,-0.012661,0.056099,0.410035,-0.656581,0.501176,-0.388972
2026-03-27T17:56:50.084578+00:00,1.829058,1774634210084577500,-0.201576,0.319639,0.341125,0.755627,-0.102264,0.627014,0.159302,-0.330956,0.123192,0.619497,0.724514,0.074601,0.228003,0.646474,-0.194023,-0.013200,0.055599,0.410367,-0.657257,0.499254,-0.388767
2026-03-27T17:56:50.101741+00:00,1.846221,1774634210101740700,-0.201589,0.319344,0.340111,0.757400,-0.103642,0.624668,0.159003,-0.336672,0.128945,0.614062,0.732994,0.047986,0.215542,0.643088,-0.193008,-0.013733,0.055274,0.411239,-0.657264,0.497611,-0.388817
2026-03-27T17:56:50.118890+00:00,1.863370,1774634210118890000,-0.201646,0.319048,0.339268,0.759348,-0.105351,0.622163,0.158747,-0.342310,0.134432,0.608123,0.741157,0.023787,0.205314,0.638591,-0.191726,-0.014230,0.055135,0.411803,-0.657634,0.496679,-0.390085
2026-03-27T17:56:50.135680+00:00,1.880160,1774634210135679900,-0.201757,0.318885,0.338577,0.761854,-0.107037,0.619092,0.158172,-0.347668,0.140022,0.602323,0.748870,0.002903,0.196307,0.633047,-0.190162,-0.014634,0.055165,0.413469,-0.655536,0.494744,-0.391249
2026-03-27T17:56:50.152676+00:00,1.897156,1774634210152675700,-0.201882,0.318907,0.338029,0.764536,-0.108318,0.615506,0.157061,-0.352999,0.145248,0.596137,0.756916,-0.012839,0.186443,0.626340,-0.188396,-0.014958,0.055240,0.414009,-0.655944,0.494332,-0.394733
2026-03-27T17:56:50.170293+00:00,1.914773,1774634210170293100,-0.202057,0.319032,0.337629,0.767490,-0.108970,0.612444,0.155865,-0.358598,0.150652,0.589786,0.764488,-0.028953,0.175189,0.619704,-0.186254,-0.015172,0.055491,0.415571,-0.653010,0.491838,-0.397157
2026-03-27T17:56:50.189073+00:00,1.933553,1774634210189073100,-0.202353,0.319258,0.337309,0.771284,-0.109033,0.608083,0.154056,-0.364908,0.156241,0.582641,0.770832,-0.046157,0.160515,0.614987,-0.183697,-0.015315,0.056138,0.415402,-0.652584,0.491499,-0.401402
2026-03-27T17:56:50.206249+00:00,1.950729,1774634210206248900,-0.202730,0.319628,0.337094,0.775157,-0.108995,0.603661,0.152247,-0.371005,0.160361,0.575480,0.774052,-0.063479,0.142175,0.613957,-0.181016,-0.015318,0.056981,0.415059,-0.650497,0.491040,-0.405565
2026-03-27T17:56:50.223296+00:00,1.967776,1774634210223296000,-0.203192,0.320036,0.337070,0.779263,-0.109063,0.598294,0.150527,-0.377040,0.164308,0.568507,0.777393,-0.079149,0.123854,0.611623,-0.178242,-0.015304,0.057911,0.415162,-0.648186,0.490589,-0.410102
2026-03-27T17:56:50.240285+00:00,1.984765,1774634210240285500,-0.203739,0.320312,0.336968,0.783345,-0.109420,0.593464,0.148939,-0.383385,0.168301,0.561564,0.780401,-0.092428,0.104745,0.609497,-0.175289,-0.015220,0.058984,0.416784,-0.643874,0.489394,-0.415216
2026-03-27T17:56:50.257481+00:00,2.001961,1774634210257481100,-0.204397,0.320529,0.337282,0.787552,-0.109848,0.588170,0.147501,-0.389784,0.171777,0.554581,0.783379,-0.103785,0.087247,0.606688,-0.172190,-0.015107,0.060223,0.418725,-0.640226,0.488157,-0.421007
2026-03-27T17:56:50.274873+00:00,2.019353,1774634210274872700,-0.205141,0.320693,0.337654,0.791775,-0.110379,0.582833,0.145889,-0.396492,0.175681,0.547353,0.786210,-0.113164,0.072028,0.603142,-0.169097,-0.015020,0.061474,0.421859,-0.636292,0.486201,-0.426593
2026-03-27T17:56:50.291625+00:00,2.036105,1774634210291625300,-0.206043,0.320885,0.338134,0.796118,-0.111361,0.576925,0.144332,-0.402859,0.178820,0.540467,0.787738,-0.120423,0.058705,0.601149,-0.166036,-0.014927,0.062900,0.425375,-0.632588,0.483978,-0.431972
2026-03-27T17:56:50.308811+00:00,2.053292,1774634210308811600,-0.207027,0.321101,0.338657,0.800491,-0.112539,0.571001,0.142792,-0.409727,0.181882,0.532904,0.788655,-0.128679,0.045230,0.599463,-0.162909,-0.014762,0.064401,0.429837,-0.627284,0.480408,-0.437041
2026-03-27T17:56:50.325601+00:00,2.070081,1774634210325601400,-0.208041,0.321141,0.338993,0.804928,-0.115044,0.564914,0.140893,-0.416284,0.184297,0.525547,0.788196,-0.138153,0.032868,0.599044,-0.159773,-0.014582,0.066121,0.433909,-0.623068,0.477195,-0.443092
2026-03-27T17:56:50.342729+00:00,2.087209,1774634210342728800,-0.209261,0.321321,0.339665,0.809779,-0.116486,0.557614,0.139440,-0.423437,0.186510,0.517515,0.787466,-0.148288,0.021446,0.597926,-0.156542,-0.014447,0.068018,0.438287,-0.618384,0.472617,-0.449127
2026-03-27T17:56:50.359844+00:00,2.104324,1774634210359843800,-0.210759,0.321624,0.340680,0.814198,-0.118322,0.551389,0.137952,-0.430608,0.188196,0.509539,0.786349,-0.159229,0.012123,0.596707,-0.153271,-0.014352,0.070181,0.441893,-0.614343,0.467721,-0.455664
2026-03-27T17:56:50.381667+00:00,2.126147,1774634210381667200,-0.212411,0.321870,0.341853,0.819655,-0.120848,0.543156,0.136310,-0.439361,0.189897,0.499442,0.784700,-0.172452,0.001209,0.595324,-0.149341,-0.014257,0.072945,0.444693,-0.610481,0.463332,-0.463562
2026-03-27T17:56:50.396698+00:00,2.141178,1774634210396698200,-0.213807,0.322028,0.342958,0.823779,-0.122666,0.536848,0.135438,-0.446502,0.190205,0.490991,0.782115,-0.183531,-0.005541,0.595616,-0.146060,-0.014173,0.075616,0.446970,-0.607189,0.460046,-0.469597
2026-03-27T17:56:50.414139+00:00,2.158619,1774634210414139000,-0.215270,0.322303,0.344217,0.828373,-0.123756,0.529432,0.134381,-0.454134,0.190629,0.481751,0.778974,-0.195150,-0.010739,0.595887,-0.142676,-0.014045,0.078572,0.450816,-0.602424,0.455775,-0.474711
2026-03-27T17:56:50.431012+00:00,2.175492,1774634210431012200,-0.216862,0.322623,0.345618,0.832645,-0.124432,0.522669,0.133343,-0.461622,0.190539,0.472160,0.775658,-0.205686,-0.015296,0.596195,-0.139341,-0.013872,0.081679,0.454021,-0.599634,0.452572,-0.480377
2026-03-27T17:56:50.447893+00:00,2.192373,1774634210447893200,-0.218451,0.322920,0.346972,0.836505,-0.124989,0.516677,0.132505,-0.469062,0.189928,0.462629,0.771176,-0.216524,-0.020150,0.598073,-0.136036,-0.013637,0.084776,0.458746,-0.594793,0.448579,-0.484569
2026-03-27T17:56:50.464842+00:00,2.209322,1774634210464842200,-0.220235,0.323171,0.348507,0.840288,-0.125479,0.510741,0.131674,-0.476588,0.188143,0.452221,0.765278,-0.228012,-0.025103,0.601281,-0.132675,-0.013332,0.088217,0.464219,-0.589249,0.444935,-0.488343
2026-03-27T17:56:50.482026+00:00,2.226506,1774634210482025800,-0.222065,0.323316,0.349977,0.843662,-0.126482,0.505167,0.130993,-0.484065,0.185682,0.441711,0.757508,-0.241058,-0.029685,0.606130,-0.129262,-0.012977,0.091683,0.470074,-0.583432,0.441425,-0.492668
2026-03-27T17:56:50.499098+00:00,2.243578,1774634210499097800,-0.223984,0.323361,0.351468,0.846889,-0.127576,0.499450,0.130340,-0.491503,0.182780,0.430746,0.749885,-0.253611,-0.033524,0.610326,-0.125880,-0.012616,0.095344,0.475857,-0.578333,0.437689,-0.497589
2026-03-27T17:56:50.516206+00:00,2.260686,1774634210516206400,-0.225897,0.323400,0.352747,0.850140,-0.128833,0.493990,0.129396,-0.498532,0.178975,0.419728,0.742728,-0.263822,-0.036423,0.614289,-0.122483,-0.012335,0.098942,0.481302,-0.573180,0.433798,-0.502197
2026-03-27T17:56:50.533123+00:00,2.277604,1774634210533123700,-0.227911,0.323420,0.353999,0.853402,-0.129952,0.488256,0.128108,-0.505228,0.174566,0.408191,0.735608,-0.273669,-0.039695,0.618739,-0.119179,-0.012091,0.102777,0.486345,-0.567686,0.429710,-0.505948
2026-03-27T17:56:50.550112+00:00,2.294592,1774634210550111600,-0.229994,0.323393,0.355052,0.856564,-0.131267,0.482716,0.126663,-0.511738,0.169464,0.396781,0.727800,-0.284326,-0.043239,0.622760,-0.115751,-0.011940,0.106459,0.489953,-0.563450,0.426384,-0.511068
2026-03-27T17:56:50.567021+00:00,2.311501,1774634210567020600,-0.232110,0.323200,0.356023,0.859852,-0.132673,0.476671,0.125368,-0.517781,0.163575,0.384604,0.720046,-0.295730,-0.047287,0.626145,-0.112396,-0.011848,0.110438,0.493043,-0.558892,0.423019,-0.515742
2026-03-27T17:56:50.584243+00:00,2.328723,1774634210584243200,-0.234300,0.322849,0.356936,0.863055,-0.134239,0.470687,0.124310,-0.523586,0.157120,0.372774,0.712324,-0.308242,-0.051960,0.628385,-0.108982,-0.011828,0.114232,0.495561,-0.554993,0.419662,-0.520659
2026-03-27T17:56:50.601316+00:00,2.345796,1774634210601316000,-0.236506,0.322365,0.357343,0.865946,-0.136213,0.464856,0.124181,-0.529173,0.150030,0.360230,0.704532,-0.320644,-0.057328,0.630081,-0.105596,-0.011816,0.118310,0.498241,-0.550096,0.415397,-0.524678
2026-03-27T17:56:50.618381+00:00,2.362861,1774634210618380500,-0.238712,0.322002,0.357637,0.868720,-0.137925,0.459268,0.124005,-0.534388,0.142339,0.348286,0.695631,-0.333761,-0.063677,0.633126,-0.102289,-0.011799,0.122115,0.499809,-0.547229,0.412285,-0.530627
2026-03-27T17:56:50.637175+00:00,2.381655,1774634210637174700,-0.241201,0.321730,0.357866,0.871901,-0.139693,0.452765,0.123394,-0.539989,0.133198,0.334262,0.685778,-0.348071,-0.068796,0.635358,-0.098620,-0.011826,0.126566,0.502683,-0.541903,0.407531,-0.534974
2026-03-27T17:56:50.654138+00:00,2.398618,1774634210654138000,-0.243364,0.321578,0.357628,0.874792,-0.141057,0.446988,0.122856,-0.544924,0.124846,0.322210,0.676656,-0.360192,-0.071679,0.638301,-0.095414,-0.011840,0.130250,0.504542,-0.539504,0.403975,-0.540396
2026-03-27T17:56:50.671453+00:00,2.415933,1774634210671452700,-0.245560,0.321423,0.357406,0.877856,-0.142277,0.440591,0.122114,-0.549950,0.116056,0.309760,0.667159,-0.372606,-0.073333,0.640756,-0.092235,-0.011833,0.134155,0.507521,-0.536338,0.399052,-0.543763
2026-03-27T17:56:50.688207+00:00,2.432687,1774634210688207000,-0.247629,0.321250,0.357017,0.880707,-0.143337,0.434794,0.121576,-0.554720,0.107075,0.297409,0.657164,-0.385013,-0.075124,0.643475,-0.089230,-0.011816,0.137644,0.510078,-0.534506,0.394847,-0.547710
2026-03-27T17:56:50.705020+00:00,2.449500,1774634210705020300,-0.249689,0.321058,0.356207,0.883473,-0.144480,0.428795,0.121036,-0.559348,0.097432,0.284882,0.646358,-0.399129,-0.076207,0.646263,-0.086276,-0.011710,0.141112,0.513623,-0.531049,0.390036,-0.549673
2026-03-27T17:56:50.722070+00:00,2.466549,1774634210722069400,-0.251760,0.320817,0.355124,0.886074,-0.146031,0.423280,0.120562,-0.564335,0.088005,0.272816,0.635878,-0.412406,-0.074391,0.647909,-0.083320,-0.011386,0.144691,0.516661,-0.528107,0.386109,-0.551775
2026-03-27T17:56:50.739576+00:00,2.484056,1774634210739576100,-0.253905,0.320586,0.353853,0.888822,-0.147278,0.416891,0.119901,-0.568982,0.077846,0.260323,0.626791,-0.424193,-0.068302,0.650047,-0.080394,-0.011006,0.148316,0.520281,-0.525637,0.382258,-0.554086
2026-03-27T17:56:50.756842+00:00,2.501322,1774634210756842100,-0.255930,0.320380,0.352219,0.891405,-0.148525,0.411053,0.119495,-0.573662,0.068353,0.248798,0.619413,-0.434725,-0.058938,0.651097,-0.077556,-0.010566,0.151644,0.523913,-0.523133,0.377885,-0.556399
2026-03-27T17:56:50.773817+00:00,2.518297,1774634210773817000,-0.257955,0.320165,0.350478,0.894035,-0.149451,0.405003,0.119336,-0.577807,0.058532,0.237537,0.612209,-0.444886,-0.048794,0.652047,-0.074951,-0.010140,0.154914,0.527294,-0.520951,0.373318,-0.558430
2026-03-27T17:56:50.790620+00:00,2.535100,1774634210790620200,-0.259886,0.319938,0.348540,0.896660,-0.150380,0.398920,0.119348,-0.581932,0.049277,0.227415,0.605560,-0.456069,-0.039147,0.651081,-0.072588,-0.009865,0.157928,0.529868,-0.519958,0.369233,-0.559808
2026-03-27T17:56:50.807639+00:00,2.552119,1774634210807639100,-0.261806,0.319642,0.346235,0.899287,-0.151562,0.392581,0.119482,-0.585745,0.039218,0.217014,0.598914,-0.468244,-0.030384,0.648997,-0.070300,-0.009454,0.160983,0.532172,-0.518822,0.365799,-0.560877
2026-03-27T17:56:50.824435+00:00,2.568915,1774634210824435300,-0.263646,0.319372,0.343905,0.901729,-0.152529,0.386345,0.119389,-0.589366,0.029761,0.207892,0.591300,-0.481136,-0.023342,0.646617,-0.068161,-0.008829,0.163812,0.535195,-0.517318,0.361693,-0.560039
2026-03-27T17:56:50.841636+00:00,2.586116,1774634210841635900,-0.265537,0.319057,0.341342,0.904103,-0.153404,0.380566,0.119180,-0.592646,0.019704,0.198602,0.583359,-0.492490,-0.016374,0.645440,-0.066214,-0.008456,0.166540,0.538218,-0.517591,0.358047,-0.560744
2026-03-27T17:56:50.862286+00:00,2.606766,1774634210862285900,-0.267762,0.318655,0.338091,0.906810,-0.153838,0.373990,0.119081,-0.596284,0.008588,0.188901,0.575268,-0.504540,-0.006713,0.644262,-0.064193,-0.008048,0.169357,0.544242,-0.516867,0.352006,-0.559088
2026-03-27T17:56:50.879126+00:00,2.623606,1774634210879126000,-0.269570,0.318346,0.335324,0.908918,-0.154172,0.368589,0.119129,-0.598915,-0.000219,0.181342,0.569043,-0.513509,0.001150,0.641575,-0.062681,-0.007782,0.171474,0.549457,-0.517108,0.346779,-0.557556
2026-03-27T17:56:50.896067+00:00,2.640547,1774634210896066600,-0.271382,0.318014,0.332320,0.910896,-0.154582,0.363467,0.119352,-0.601159,-0.009125,0.174038,0.561361,-0.523463,0.008007,0.640141,-0.061325,-0.007570,0.173362,0.555159,-0.516865,0.341250,-0.555974
2026-03-27T17:56:50.913434+00:00,2.657914,1774634210913433900,-0.273233,0.317697,0.329134,0.912632,-0.155061,0.358805,0.119828,-0.602896,-0.018030,0.166994,0.551711,-0.535455,0.013885,0.640017,-0.060082,-0.007448,0.175035,0.561610,-0.516445,0.334724,-0.552695
2026-03-27T17:56:50.930484+00:00,2.674964,1774634210930483700,-0.275072,0.317414,0.325972,0.914109,-0.155335,0.354596,0.120337,-0.604292,-0.026024,0.160660,0.543843,-0.544954,0.017732,0.637801,-0.059038,-0.007442,0.176428,0.567841,-0.516470,0.328418,-0.549990
2026-03-27T17:56:50.947597+00:00,2.692077,1774634210947597200,-0.276804,0.317067,0.322514,0.915620,-0.155739,0.350490,0.120762,-0.605117,-0.033642,0.154594,0.538482,-0.553180,0.020609,0.634663,-0.058092,-0.007536,0.177626,0.573732,-0.516379,0.322122,-0.547132
2026-03-27T17:56:50.964650+00:00,2.709130,1774634210964649700,-0.278471,0.316764,0.319159,0.917127,-0.156311,0.346199,0.120655,-0.605569,-0.040325,0.148915,0.534910,-0.562250,0.023496,0.629978,-0.057307,-0.007747,0.178527,0.578612,-0.517539,0.315802,-0.545616
2026-03-27T17:56:50.981709+00:00,2.726189,1774634210981709100,-0.279926,0.316319,0.315364,0.918800,-0.157404,0.341761,0.119475,-0.605837,-0.046608,0.143435,0.533515,-0.570935,0.026691,0.623286,-0.056529,-0.008065,0.179347,0.583035,-0.519126,0.309716,-0.543342
2026-03-27T17:56:50.999178+00:00,2.743658,1774634210999178400,-0.281429,0.315709,0.311718,0.920160,-0.159179,0.337528,0.118310,-0.606354,-0.052129,0.138112,0.534408,-0.577513,0.031080,0.616812,-0.055930,-0.008384,0.179870,0.586437,-0.520763,0.303653,-0.541160
2026-03-27T17:56:51.016088+00:00,2.760569,1774634211016088600,-0.282801,0.314932,0.308215,0.921296,-0.161482,0.333812,0.117407,-0.606552,-0.057193,0.133117,0.534545,-0.583694,0.035772,0.610454,-0.055414,-0.008755,0.180403,0.589721,-0.522166,0.297895,-0.539206
2026-03-27T17:56:51.033370+00:00,2.777850,1774634211033370100,-0.284132,0.314031,0.304482,0.922398,-0.163887,0.329889,0.116500,-0.606462,-0.062269,0.128362,0.534312,-0.589360,0.040924,0.604865,-0.054910,-0.009382,0.180776,0.592791,-0.523848,0.292246,-0.537298
2026-03-27T17:56:51.053938+00:00,2.798418,1774634211053937900,-0.285649,0.312862,0.300080,0.923452,-0.167490,0.325190,0.115538,-0.606281,-0.068241,0.122919,0.531714,-0.595966,0.046257,0.599617,-0.054439,-0.010313,0.181050,0.595263,-0.525845,0.286152,-0.535970
2026-03-27T17:56:51.068831+00:00,2.813312,1774634211068831500,-0.286731,0.312020,0.297197,0.924131,-0.170115,0.322120,0.115083,-0.606201,-0.072421,0.119062,0.528144,-0.600948,0.050139,0.597061,-0.054175,-0.011091,0.181120,0.596677,-0.526796,0.281771,-0.535316
2026-03-27T17:56:51.086126+00:00,2.830606,1774634211086126000,-0.287823,0.311233,0.294198,0.924750,-0.172757,0.319241,0.114231,-0.606037,-0.076984,0.114991,0.524804,-0.607915,0.055000,0.593973,-0.053938,-0.011941,0.181233,0.597674,-0.528617,0.277448,-0.535133
2026-03-27T17:56:51.102617+00:00,2.847097,1774634211102616900,-0.288868,0.310437,0.291064,0.925291,-0.175290,0.316513,0.113482,-0.605829,-0.081180,0.110973,0.522533,-0.613896,0.060594,0.588104,-0.053815,-0.012789,0.181067,0.598083,-0.531017,0.273376,-0.535054
2026-03-27T17:56:51.119745+00:00,2.864225,1774634211119744500,-0.289944,0.309662,0.288184,0.925877,-0.177738,0.313894,0.112716,-0.605553,-0.085069,0.107195,0.520852,-0.619477,0.066994,0.583151,-0.053799,-0.013680,0.180958,0.598944,-0.532121,0.268733,-0.534229
2026-03-27T17:56:51.136749+00:00,2.881229,1774634211136749400,-0.290911,0.308987,0.285290,0.926433,-0.179880,0.311237,0.111764,-0.605457,-0.088516,0.103968,0.520230,-0.623422,0.070826,0.578862,-0.053848,-0.014458,0.180720,0.599337,-0.533601,0.264677,-0.534382
2026-03-27T17:56:51.153977+00:00,2.898456,1774634211153976500,-0.291684,0.308681,0.282852,0.927115,-0.181025,0.309002,0.110579,-0.605194,-0.091897,0.101105,0.518496,-0.627998,0.071906,0.576057,-0.053972,-0.015272,0.180489,0.599797,-0.535069,0.260794,-0.534410
2026-03-27T17:56:51.170877+00:00,2.915357,1774634211170877300,-0.292551,0.308461,0.280365,0.927764,-0.181749,0.307146,0.109213,-0.604924,-0.094769,0.098756,0.514868,-0.632720,0.071898,0.574152,-0.054009,-0.015981,0.180313,0.600509,-0.536421,0.257919,-0.534313
2026-03-27T17:56:51.187876+00:00,2.932356,1774634211187876000,-0.293674,0.308037,0.278159,0.928345,-0.182535,0.305347,0.107895,-0.604874,-0.097422,0.096622,0.512457,-0.636553,0.072781,0.570345,-0.054241,-0.016633,0.180046,0.601267,-0.536692,0.255029,-0.534128
2026-03-27T17:56:51.204681+00:00,2.949161,1774634211204680900,-0.294569,0.307606,0.275877,0.928814,-0.183351,0.303832,0.106759,-0.604650,-0.099949,0.094449,0.509614,-0.641581,0.073530,0.569297,-0.054606,-0.017353,0.179611,0.601872,-0.537039,0.252477,-0.534095
2026-03-27T17:56:51.221719+00:00,2.966199,1774634211221719300,-0.295606,0.307217,0.273923,0.929296,-0.184398,0.302030,0.105904,-0.604528,-0.102337,0.092399,0.507827,-0.644484,0.073454,0.567074,-0.055059,-0.018022,0.179228,0.601896,-0.537912,0.250395,-0.535037
2026-03-27T17:56:51.238729+00:00,2.983209,1774634211238729200,-0.296553,0.306765,0.271820,0.929725,-0.185175,0.300382,0.105175,-0.604726,-0.104542,0.090483,0.506651,-0.646415,0.073021,0.565265,-0.055574,-0.018677,0.178552,0.602377,-0.537663,0.248204,-0.534963
2026-03-27T17:56:51.255754+00:00,3.000234,1774634211255753500,-0.297608,0.306406,0.270051,0.930173,-0.185766,0.298783,0.104581,-0.604837,-0.106798,0.088677,0.505248,-0.648599,0.073536,0.564550,-0.056239,-0.019377,0.178136,0.601772,-0.538465,0.246693,-0.536019
2026-03-27T17:56:51.273790+00:00,3.018270,1774634211273790100,-0.298607,0.305973,0.268041,0.930644,-0.186529,0.297207,0.103923,-0.605019,-0.109145,0.087150,0.501879,-0.650259,0.076234,0.565167,-0.056919,-0.020078,0.177284,0.601398,-0.539099,0.244861,-0.536643
2026-03-27T17:56:51.293193+00:00,3.037673,1774634211293193300,-0.299585,0.305556,0.266057,0.931124,-0.187168,0.295530,0.103247,-0.605205,-0.111490,0.085799,0.498430,-0.652168,0.078533,0.565703,-0.057586,-0.020766,0.176448,0.601029,-0.539718,0.243062,-0.537252
2026-03-27T17:56:51.307143+00:00,3.051623,1774634211307143100,-0.300671,0.304938,0.264761,0.931261,-0.188902,0.293890,0.103588,-0.605593,-0.114382,0.084605,0.489351,-0.657727,0.079260,0.567677,-0.058652,-0.021470,0.175775,0.598665,-0.542073,0.241451,-0.537949
2026-03-27T17:56:51.325044+00:00,3.069524,1774634211325044300,-0.301748,0.304289,0.263278,0.931476,-0.190423,0.292046,0.103710,-0.605839,-0.117341,0.083502,0.483942,-0.661456,0.079045,0.569032,-0.059549,-0.022157,0.175244,0.596733,-0.543835,0.240543,-0.539105
2026-03-27T17:56:51.341219+00:00,3.085699,1774634211341219400,-0.302846,0.303620,0.261957,0.931623,-0.191871,0.290564,0.104121,-0.605854,-0.119968,0.082726,0.481153,-0.663261,0.078544,0.567673,-0.060437,-0.022732,0.174822,0.596182,-0.543923,0.240082,-0.538976
2026-03-27T17:56:51.358843+00:00,3.103323,1774634211358843100,-0.303817,0.302990,0.260600,0.931831,-0.193036,0.288892,0.104503,-0.605707,-0.123150,0.082011,0.477360,-0.667788,0.078754,0.566681,-0.061362,-0.023302,0.174222,0.595563,-0.544604,0.239659,-0.539567
2026-03-27T17:56:51.375751+00:00,3.120231,1774634211375750600,-0.304739,0.302421,0.259411,0.932007,-0.193987,0.287713,0.104857,-0.605020,-0.125840,0.081449,0.474715,-0.671787,0.079893,0.563340,-0.062264,-0.023797,0.173714,0.595328,-0.544954,0.239154,-0.539316
2026-03-27T17:56:51.392809+00:00,3.137289,1774634211392809000,-0.305679,0.301905,0.258347,0.932207,-0.194732,0.286382,0.105076,-0.604523,-0.128975,0.081075,0.472939,-0.675856,0.082241,0.558814,-0.063202,-0.024264,0.173286,0.594639,-0.546732,0.238851,-0.539819
2026-03-27T17:56:51.409818+00:00,3.154298,1774634211409818100,-0.306502,0.301439,0.257396,0.932306,-0.195573,0.285397,0.105173,-0.603647,-0.131733,0.080760,0.470283,-0.680312,0.085115,0.554244,-0.064140,-0.024690,0.172644,0.594773,-0.546783,0.237929,-0.538560
2026-03-27T17:56:51.426926+00:00,3.171406,1774634211426925600,-0.307444,0.300929,0.256552,0.932405,-0.196504,0.284339,0.105290,-0.603189,-0.135040,0.080703,0.465392,-0.686720,0.088211,0.550055,-0.065105,-0.025072,0.172402,0.593859,-0.548723,0.237553,-0.538208
2026-03-27T17:56:51.443868+00:00,3.188348,1774634211443868100,-0.308210,0.300447,0.255762,0.932461,-0.197624,0.283515,0.105511,-0.602372,-0.138005,0.080597,0.459322,-0.693843,0.091224,0.546173,-0.066055,-0.025436,0.171822,0.592954,-0.550671,0.237186,-0.537839
2026-03-27T17:56:51.460959+00:00,3.205439,1774634211460959000,-0.309057,0.299995,0.255155,0.932441,-0.198496,0.282928,0.105649,-0.601626,-0.141409,0.080343,0.454275,-0.699884,0.094782,0.542801,-0.066965,-0.025703,0.171708,0.592148,-0.552005,0.236796,-0.537108
2026-03-27T17:56:51.478710+00:00,3.223190,1774634211478709800,-0.309761,0.299609,0.254569,0.932588,-0.199243,0.281913,0.105564,-0.601122,-0.144007,0.080229,0.451428,-0.704202,0.099697,0.538535,-0.067889,-0.025975,0.171309,0.591467,-0.553525,0.236554,-0.536253
2026-03-27T17:56:51.497558+00:00,3.242038,1774634211497557700,-0.310543,0.299278,0.254119,0.932747,-0.199892,0.280868,0.105387,-0.600910,-0.146696,0.080058,0.449134,-0.707523,0.104557,0.536430,-0.068688,-0.026089,0.171528,0.591348,-0.553886,0.236981,-0.535745
2026-03-27T17:56:51.513194+00:00,3.257674,1774634211513194300,-0.311168,0.298995,0.253748,0.932847,-0.200568,0.280077,0.105328,-0.600664,-0.148776,0.079941,0.447022,-0.710268,0.108987,0.533688,-0.069475,-0.026236,0.171366,0.591099,-0.554586,0.237210,-0.535193
2026-03-27T17:56:51.530718+00:00,3.275198,1774634211530717600,-0.311933,0.298652,0.253502,0.932870,-0.201131,0.279667,0.105622,-0.600812,-0.150689,0.079676,0.444130,-0.711325,0.110137,0.533492,-0.070175,-0.026294,0.171581,0.591211,-0.554841,0.237607,-0.535197
2026-03-27T17:56:51.547810+00:00,3.292290,1774634211547809600,-0.312634,0.298440,0.253346,0.932962,-0.201595,0.278892,0.105868,-0.600754,-0.152270,0.079471,0.440861,-0.712164,0.109540,0.535546,-0.070888,-0.026362,0.171757,0.591758,-0.554862,0.237408,-0.534654
2026-03-27T17:56:51.564601+00:00,3.309081,1774634211564601100,-0.313295,0.298289,0.253251,0.933038,-0.201733,0.278430,0.106049,-0.601056,-0.153270,0.079258,0.436545,-0.713289,0.106800,0.538430,-0.071513,-0.026443,0.171889,0.592407,-0.555236,0.236959,-0.533575
2026-03-27T17:56:51.581748+00:00,3.326228,1774634211581747800,-0.313902,0.298227,0.253270,0.933080,-0.201727,0.278265,0.106141,-0.601493,-0.154188,0.078967,0.432154,-0.711915,0.101732,0.541962,-0.071970,-0.026494,0.172098,0.593058,-0.555094,0.236524,-0.532992
2026-03-27T17:56:51.598675+00:00,3.343155,1774634211598675300,-0.314572,0.298184,0.253263,0.933217,-0.201568,0.277878,0.106069,-0.601913,-0.154771,0.078647,0.425195,-0.713468,0.095378,0.548745,-0.072497,-0.026562,0.172259,0.593489,-0.555369,0.236223,-0.533159
2026-03-27T17:56:51.615697+00:00,3.360177,1774634211615696700,-0.315110,0.298208,0.253297,0.933457,-0.201229,0.277257,0.105955,-0.602309,-0.155137,0.078247,0.417708,-0.713422,0.088512,0.555535,-0.073115,-0.026630,0.172641,0.593961,-0.555339,0.235770,-0.532668
2026-03-27T17:56:51.632645+00:00,3.377126,1774634211632645500,-0.315698,0.298237,0.253369,0.933694,-0.200936,0.276802,0.105992,-0.602691,-0.155278,0.077767,0.411417,-0.713985,0.083469,0.562249,-0.073682,-0.026712,0.173014,0.594413,-0.554752,0.235244,-0.532677
2026-03-27T17:56:51.649784+00:00,3.394264,1774634211649784400,-0.316224,0.298307,0.253678,0.933867,-0.200371,0.276555,0.105980,-0.603055,-0.154934,0.077269,0.410078,-0.710557,0.081569,0.564610,-0.074127,-0.026869,0.173174,0.593766,-0.555775,0.235167,-0.533101
2026-03-27T17:56:51.666749+00:00,3.411229,1774634211666748700,-0.316827,0.298403,0.253977,0.934064,-0.199953,0.276242,0.106169,-0.603285,-0.154450,0.076901,0.412006,-0.708242,0.085174,0.567949,-0.074616,-0.026995,0.173520,0.593288,-0.556104,0.234956,-0.533025
2026-03-27T17:56:51.684698+00:00,3.429178,1774634211684697900,-0.317375,0.298617,0.254496,0.934104,-0.199420,0.276372,0.106369,-0.603210,-0.153473,0.076419,0.416668,-0.704823,0.086440,0.567053,-0.075059,-0.027235,0.173646,0.593129,-0.556255,0.234702,-0.533056
2026-03-27T17:56:51.706204+00:00,3.450684,1774634211706204100,-0.318091,0.298866,0.255130,0.934046,-0.199018,0.276696,0.106749,-0.602615,-0.153009,0.075946,0.420997,-0.705319,0.086878,0.562999,-0.075666,-0.027426,0.173943,0.593057,-0.556325,0.234466,-0.532806
2026-03-27T17:56:51.725368+00:00,3.469848,1774634211725367600,-0.318697,0.299089,0.255730,0.933913,-0.198749,0.277315,0.106956,-0.601080,-0.153011,0.075778,0.422792,-0.709818,0.087016,0.558119,-0.076223,-0.027526,0.174141,0.592177,-0.557188,0.234844,-0.533659
2026-03-27T17:56:51.742522+00:00,3.487002,1774634211742521800,-0.319107,0.299357,0.256388,0.933904,-0.198316,0.277610,0.107084,-0.599484,-0.153197,0.075593,0.425253,-0.712568,0.086603,0.551198,-0.076629,-0.027633,0.174171,0.591970,-0.556886,0.234699,-0.533263
2026-03-27T17:56:51.759672+00:00,3.504152,1774634211759672300,-0.319470,0.299674,0.257080,0.933811,-0.197893,0.278159,0.107329,-0.597576,-0.153531,0.075575,0.426174,-0.717721,0.086598,0.544980,-0.077080,-0.027696,0.174199,0.591794,-0.557064,0.234653,-0.533293
2026-03-27T17:56:51.776565+00:00,3.521044,1774634211776564500,-0.319784,0.300043,0.257661,0.933861,-0.196871,0.278544,0.107182,-0.595618,-0.154189,0.075639,0.427626,-0.722200,0.086400,0.537356,-0.077460,-0.027610,0.174288,0.591324,-0.557341,0.235157,-0.533443
2026-03-27T17:56:51.793597+00:00,3.538077,1774634211793596800,-0.319996,0.300451,0.258340,0.933891,-0.196220,0.278967,0.107032,-0.593644,-0.155002,0.075755,0.428505,-0.727407,0.085617,0.529315,-0.077767,-0.027520,0.174294,0.591127,-0.556805,0.235455,-0.533182
2026-03-27T17:56:51.810932+00:00,3.555412,1774634211810931700,-0.320027,0.300651,0.258699,0.934012,-0.195664,0.279275,0.106573,-0.591853,-0.155611,0.075926,0.429173,-0.732273,0.082873,0.523499,-0.078092,-0.027331,0.174453,0.591111,-0.555778,0.236423,-0.533961
2026-03-27T17:56:51.827742+00:00,3.572222,1774634211827741800,-0.320211,0.301098,0.259334,0.934112,-0.195011,0.279499,0.106182,-0.590170,-0.156183,0.076051,0.431194,-0.734537,0.080654,0.517376,-0.078292,-0.026969,0.174513,0.590835,-0.555513,0.237340,-0.534704
2026-03-27T17:56:51.844782+00:00,3.589262,1774634211844781600,-0.320260,0.301463,0.259876,0.934188,-0.194472,0.279735,0.105786,-0.589067,-0.156301,0.076182,0.434288,-0.735522,0.079156,0.511559,-0.078505,-0.026494,0.174589,0.590487,-0.555306,0.238562,-0.535534
2026-03-27T17:56:51.861853+00:00,3.606333,1774634211861853100,-0.320282,0.301852,0.260431,0.934330,-0.193664,0.279961,0.105251,-0.587898,-0.156320,0.076593,0.436969,-0.738783,0.078468,0.508865,-0.078624,-0.026000,0.174685,0.591064,-0.553767,0.239381,-0.535050
2026-03-27T17:56:51.878851+00:00,3.623331,1774634211878851300,-0.320292,0.302185,0.260926,0.934368,-0.193107,0.280613,0.104776,-0.587366,-0.155412,0.076998,0.441575,-0.738042,0.077038,0.505209,-0.078688,-0.025496,0.174741,0.591233,-0.553576,0.240402,-0.535379
2026-03-27T17:56:51.895871+00:00,3.640351,1774634211895871500,-0.320115,0.302556,0.261491,0.934440,-0.192451,0.281038,0.104202,-0.586708,-0.153990,0.077723,0.445838,-0.737135,0.073722,0.502858,-0.078805,-0.024898,0.174816,0.591407,-0.552442,0.241269,-0.535713
2026-03-27T17:56:51.913909+00:00,3.658389,1774634211913909200,-0.320076,0.302654,0.261901,0.934344,-0.192411,0.281664,0.103434,-0.586644,-0.151669,0.078378,0.451770,-0.733867,0.069133,0.501973,-0.078870,-0.024353,0.174880,0.591997,-0.551821,0.242219,-0.535146
2026-03-27T17:56:51.932866+00:00,3.677346,1774634211932866000,-0.319520,0.303039,0.262727,0.934156,-0.192720,0.282180,0.102799,-0.586588,-0.148206,0.079505,0.459163,-0.729353,0.065064,0.502541,-0.078919,-0.023886,0.174933,0.592622,-0.550327,0.243348,-0.534916
2026-03-27T17:56:51.948618+00:00,3.693099,1774634211948618600,-0.319103,0.303177,0.263301,0.933955,-0.193166,0.282782,0.102257,-0.587273,-0.144622,0.080634,0.465692,-0.724449,0.062491,0.505355,-0.078863,-0.023589,0.174894,0.592821,-0.549285,0.244497,-0.534828
2026-03-27T17:56:51.965607+00:00,3.710087,1774634211965607400,-0.318603,0.303285,0.263934,0.933583,-0.193804,0.283867,0.101659,-0.588525,-0.140027,0.082642,0.473125,-0.716319,0.059927,0.509583,-0.078827,-0.023340,0.174776,0.591975,-0.549615,0.246298,-0.536015
2026-03-27T17:56:51.983563+00:00,3.728043,1774634211983563400,-0.317969,0.303406,0.264711,0.933016,-0.194535,0.285549,0.100553,-0.590509,-0.134735,0.085118,0.479062,-0.706800,0.057479,0.516639,-0.078877,-0.023333,0.174618,0.590562,-0.548964,0.248348,-0.536147
2026-03-27T17:56:52.000643+00:00,3.745123,1774634212000642700,-0.317268,0.303519,0.265531,0.932506,-0.195309,0.287166,0.099145,-0.592714,-0.128915,0.088321,0.482093,-0.700129,0.054859,0.525045,-0.078873,-0.023344,0.174164,0.588532,-0.549232,0.250215,-0.537524
2026-03-27T17:56:52.017622+00:00,3.762102,1774634212017622300,-0.316516,0.303652,0.266419,0.931759,-0.196108,0.289659,0.097587,-0.595418,-0.122631,0.091767,0.487593,-0.690078,0.051272,0.530942,-0.078959,-0.023663,0.173581,0.585538,-0.550386,0.252122,-0.539796
2026-03-27T17:56:52.034538+00:00,3.779018,1774634212034538100,-0.315704,0.303809,0.267447,0.930826,-0.196897,0.292573,0.096004,-0.598615,-0.115772,0.095614,0.493967,-0.680108,0.048653,0.538153,-0.079132,-0.024327,0.172873,0.582368,-0.550707,0.253827,-0.541286
2026-03-27T17:56:52.051633+00:00,3.796113,1774634212051632600,-0.314855,0.303942,0.268521,0.929752,-0.197887,0.295829,0.094341,-0.602290,-0.108324,0.100230,0.501176,-0.669346,0.048064,0.547372,-0.079473,-0.025166,0.172012,0.577497,-0.552127,0.256128,-0.544255
2026-03-27T17:56:52.068627+00:00,3.813107,1774634212068627100,-0.313954,0.304037,0.269641,0.928599,-0.199138,0.299183,0.092457,-0.606468,-0.100471,0.106117,0.510997,-0.654918,0.049251,0.554972,-0.079859,-0.026218,0.171053,0.572888,-0.553322,0.258284,-0.546580
2026-03-27T17:56:52.086039+00:00,3.830519,1774634212086039400,-0.312960,0.304083,0.270884,0.927057,-0.201233,0.303095,0.090517,-0.610855,-0.092343,0.112259,0.520557,-0.641130,0.051943,0.562122,-0.080622,-0.027632,0.169868,0.565778,-0.555734,0.261032,-0.550746
2026-03-27T17:56:52.102802+00:00,3.847282,1774634212102802300,-0.311990,0.304058,0.272089,0.925503,-0.203223,0.307135,0.088775,-0.615112,-0.084504,0.118195,0.529729,-0.627540,0.054589,0.568572,-0.081362,-0.029075,0.168701,0.559485,-0.558117,0.263206,-0.554558
2026-03-27T17:56:52.119827+00:00,3.864307,1774634212119826800,-0.310919,0.304074,0.273415,0.923853,-0.205514,0.310912,0.087111,-0.620170,-0.076502,0.125664,0.542622,-0.611170,0.060464,0.572723,-0.082580,-0.030970,0.167315,0.551489,-0.560557,0.264257,-0.558795
2026-03-27T17:56:52.136795+00:00,3.881276,1774634212136795500,-0.309856,0.303889,0.274728,0.922206,-0.207654,0.314818,0.085543,-0.625931,-0.068958,0.133389,0.554808,-0.591634,0.069041,0.581098,-0.084092,-0.033070,0.165873,0.543111,-0.563455,0.264972,-0.562882
2026-03-27T17:56:52.159066+00:00,3.903546,1774634212159066400,-0.308360,0.303567,0.276562,0.919933,-0.210868,0.319906,0.083535,-0.633958,-0.059818,0.143185,0.564828,-0.567320,0.081749,0.593516,-0.086276,-0.036345,0.163783,0.530209,-0.569298,0.266135,-0.569156
2026-03-27T17:56:52.177955+00:00,3.922435,1774634212177954700,-0.306997,0.303236,0.278270,0.918086,-0.213740,0.323648,0.081652,-0.642072,-0.053073,0.152460,0.566458,-0.546168,0.099495,0.608987,-0.089257,-0.040255,0.161747,0.516579,-0.576956,0.264979,-0.574383
2026-03-27T17:56:52.194408+00:00,3.938888,1774634212194408200,-0.305816,0.303083,0.279762,0.916652,-0.215478,0.326953,0.080135,-0.649193,-0.047379,0.160598,0.568985,-0.526942,0.112188,0.621313,-0.092036,-0.043918,0.160099,0.505099,-0.584080,0.262764,-0.577351
2026-03-27T17:56:52.211423+00:00,3.955903,1774634212211422700,-0.304486,0.303057,0.281349,0.915236,-0.217101,0.330205,0.078587,-0.656582,-0.041511,0.168869,0.570987,-0.505668,0.125018,0.634560,-0.095259,-0.048209,0.158154,0.492442,-0.592625,0.259108,-0.580953
2026-03-27T17:56:52.228591+00:00,3.973071,1774634212228591300,-0.303124,0.303357,0.283022,0.914359,-0.216559,0.333199,0.077083,-0.664343,-0.036165,0.177761,0.572329,-0.481998,0.138533,0.649437,-0.099025,-0.052965,0.156329,0.479207,-0.602113,0.253306,-0.585473
2026-03-27T17:56:52.245924+00:00,3.990404,1774634212245923800,-0.301739,0.303603,0.284669,0.913384,-0.216218,0.336722,0.075329,-0.672076,-0.031244,0.186629,0.572451,-0.456998,0.152652,0.663787,-0.102962,-0.058105,0.154749,0.466513,-0.611290,0.246440,-0.590231
2026-03-27T17:56:52.262717+00:00,4.007197,1774634212262717100,-0.300402,0.303936,0.286270,0.912523,-0.215801,0.339753,0.073202,-0.679785,-0.027057,0.195651,0.570955,-0.433431,0.166859,0.677280,-0.107149,-0.063490,0.153552,0.454602,-0.619484,0.238956,-0.594715
2026-03-27T17:56:52.279716+00:00,4.024196,1774634212279716100,-0.299063,0.304193,0.287874,0.911587,-0.216230,0.342284,0.071216,-0.686702,-0.023486,0.204222,0.568697,-0.411034,0.180396,0.689189,-0.111788,-0.069454,0.152480,0.441967,-0.628326,0.230606,-0.597791
2026-03-27T17:56:52.296571+00:00,4.041051,1774634212296571200,-0.297727,0.304345,0.289446,0.910568,-0.217190,0.344791,0.069205,-0.693628,-0.021068,0.213024,0.565220,-0.392678,0.190554,0.700657,-0.116689,-0.075598,0.151448,0.428309,-0.637907,0.223629,-0.600894
2026-03-27T17:56:52.313664+00:00,4.058144,1774634212313664300,-0.296357,0.304416,0.290969,0.909806,-0.218315,0.346608,0.067283,-0.699667,-0.018752,0.220359,0.561958,-0.377154,0.196246,0.709295,-0.122033,-0.082187,0.150544,0.414336,-0.646609,0.217319,-0.602054
2026-03-27T17:56:52.330648+00:00,4.075128,1774634212330648100,-0.295024,0.304512,0.292523,0.909250,-0.219155,0.347644,0.065580,-0.705682,-0.017942,0.227991,0.558506,-0.366242,0.198039,0.717466,-0.127468,-0.088942,0.150096,0.400094,-0.655063,0.209859,-0.603590
2026-03-27T17:56:52.347693+00:00,4.092173,1774634212347692800,-0.293705,0.304572,0.294036,0.908888,-0.219569,0.348676,0.064292,-0.710433,-0.017434,0.234141,0.555728,-0.355987,0.199524,0.723403,-0.133247,-0.096003,0.149604,0.386271,-0.663803,0.202000,-0.606641
2026-03-27T17:56:52.364858+00:00,4.109338,1774634212364857600,-0.292465,0.304675,0.295582,0.908949,-0.218977,0.349146,0.063606,-0.714683,-0.017525,0.240598,0.552514,-0.347439,0.201777,0.730016,-0.139175,-0.103272,0.149051,0.374260,-0.670994,0.193148,-0.609210
2026-03-27T17:56:52.382309+00:00,4.126789,1774634212382309100,-0.291236,0.304873,0.297151,0.909154,-0.218187,0.349163,0.063061,-0.717806,-0.018165,0.245956,0.550144,-0.339530,0.206316,0.734606,-0.145310,-0.110754,0.148521,0.363359,-0.678613,0.179610,-0.612534
2026-03-27T17:56:52.399011+00:00,4.143491,1774634212399011200,-0.290186,0.305187,0.298646,0.909688,-0.216828,0.348587,0.062846,-0.720447,-0.019821,0.251395,0.549089,-0.332221,0.212127,0.736910,-0.151363,-0.118160,0.147737,0.350456,-0.690820,0.157702,-0.615645
2026-03-27T17:56:52.416197+00:00,4.160677,1774634212416197000,-0.289110,0.305609,0.300123,0.910374,-0.215710,0.347644,0.062507,-0.722325,-0.021240,0.255640,0.548400,-0.325817,0.218913,0.737694,-0.158064,-0.125890,0.147095,0.335772,-0.700283,0.136278,-0.613667
2026-03-27T17:56:52.432941+00:00,4.177421,1774634212432940700,-0.288140,0.306036,0.301508,0.911265,-0.214372,0.346145,0.061988,-0.723610,-0.022953,0.259514,0.548149,-0.321413,0.225929,0.737793,-0.164513,-0.133214,0.146478,0.318208,-0.713534,0.117578,-0.613323
2026-03-27T17:56:52.449972+00:00,4.194453,1774634212449972600,-0.287250,0.306435,0.302855,0.912188,-0.213349,0.344499,0.061337,-0.724676,-0.024587,0.262523,0.548989,-0.317173,0.232538,0.737071,-0.171323,-0.140717,0.145974,0.300590,-0.726706,0.105953,-0.611569
2026-03-27T17:56:52.467380+00:00,4.211860,1774634212467379600,-0.286431,0.306755,0.304265,0.913170,-0.212769,0.342227,0.060487,-0.725107,-0.026376,0.265217,0.550079,-0.312931,0.237722,0.736754,-0.177851,-0.147954,0.145638,0.286305,-0.733694,0.093625,-0.609423
2026-03-27T17:56:52.484468+00:00,4.228948,1774634212484467800,-0.285768,0.306983,0.305615,0.914120,-0.212409,0.340022,0.059954,-0.725581,-0.028066,0.267255,0.551379,-0.310205,0.240340,0.736374,-0.184019,-0.154738,0.145108,0.273374,-0.738928,0.080542,-0.610871
2026-03-27T17:56:52.501061+00:00,4.245541,1774634212501061200,-0.285351,0.307161,0.306898,0.915092,-0.211925,0.337750,0.059809,-0.725841,-0.029689,0.268909,0.553062,-0.308343,0.241241,0.735669,-0.189840,-0.160928,0.144647,0.262816,-0.739305,0.070800,-0.611494
2026-03-27T17:56:52.518271+00:00,4.262751,1774634212518271400,-0.285049,0.307363,0.308245,0.916111,-0.211278,0.335398,0.059840,-0.725925,-0.031303,0.270005,0.554484,-0.307059,0.239789,0.735382,-0.195658,-0.166785,0.144044,0.251714,-0.742082,0.062588,-0.615738
2026-03-27T17:56:52.535411+00:00,4.279891,1774634212535410900,-0.284957,0.307582,0.309575,0.917160,-0.210635,0.332908,0.059900,-0.725928,-0.032899,0.270904,0.555065,-0.305520,0.238008,0.735873,-0.201643,-0.172182,0.142974,0.242708,-0.746069,0.052021,-0.618495
2026-03-27T17:56:52.552554+00:00,4.297034,1774634212552553800,-0.285022,0.307804,0.310902,0.918074,-0.209790,0.330904,0.060284,-0.725938,-0.034356,0.271473,0.555166,-0.303577,0.236369,0.737405,-0.207547,-0.176783,0.141278,0.236041,-0.751275,0.038793,-0.619765
2026-03-27T17:56:52.569605+00:00,4.314085,1774634212569605100,-0.285160,0.307896,0.312086,0.918959,-0.208709,0.329017,0.061115,-0.725939,-0.035549,0.271753,0.554682,-0.301025,0.234820,0.738689,-0.213302,-0.180534,0.139523,0.232005,-0.753472,0.024491,-0.618349
2026-03-27T17:56:52.589069+00:00,4.333549,1774634212589069400,-0.285365,0.308080,0.313517,0.919691,-0.207718,0.327235,0.062310,-0.725942,-0.036798,0.271878,0.553108,-0.299339,0.233973,0.741210,-0.219413,-0.184025,0.137441,0.227786,-0.757049,0.011507,-0.619959
2026-03-27T17:56:52.604633+00:00,4.349113,1774634212604632800,-0.286026,0.308459,0.314968,0.920271,-0.206970,0.326032,0.063429,-0.725916,-0.037498,0.271742,0.552224,-0.297656,0.233998,0.742375,-0.224668,-0.185983,0.135346,0.228044,-0.749456,0.003609,-0.614539
2026-03-27T17:56:52.621521+00:00,4.366001,1774634212621521100,-0.286823,0.308684,0.316244,0.920700,-0.206463,0.324955,0.064317,-0.726057,-0.038437,0.271631,0.551107,-0.296068,0.233943,0.743855,-0.230148,-0.188264,0.133259,0.225598,-0.749948,-0.005645,-0.614665
2026-03-27T17:56:52.638502+00:00,4.382982,1774634212638502500,-0.287563,0.308930,0.317557,0.921045,-0.205876,0.324132,0.064711,-0.725732,-0.038544,0.271326,0.552943,-0.295711,0.234102,0.742226,-0.235331,-0.188301,0.130526,0.229382,-0.749883,-0.004651,-0.614820
2026-03-27T17:56:52.655308+00:00,4.399788,1774634212655308300,-0.288349,0.309162,0.318804,0.921435,-0.205259,0.323398,0.065102,-0.725380,-0.038826,0.270627,0.554248,-0.295886,0.234001,0.742043,-0.240344,-0.189238,0.127800,0.235471,-0.748738,-0.010670,-0.614130
2026-03-27T17:56:52.672231+00:00,4.416711,1774634212672230800,-0.289287,0.309399,0.319965,0.921910,-0.204624,0.322381,0.065500,-0.725250,-0.039025,0.269945,0.556801,-0.296137,0.233184,0.739699,-0.245229,-0.189972,0.124947,0.245337,-0.748899,-0.021649,-0.611965
2026-03-27T17:56:52.689453+00:00,4.433933,1774634212689452800,-0.290212,0.309625,0.321146,0.922286,-0.204167,0.321596,0.065876,-0.725109,-0.039248,0.269156,0.559005,-0.297172,0.232874,0.738636,-0.250022,-0.190844,0.121901,0.256544,-0.750061,-0.035888,-0.607524
2026-03-27T17:56:52.706448+00:00,4.450927,1774634212706447500,-0.291107,0.309849,0.322263,0.922787,-0.203948,0.320278,0.066008,-0.724749,-0.039286,0.268319,0.560991,-0.298171,0.232557,0.736392,-0.254520,-0.191841,0.119040,0.263703,-0.751321,-0.047021,-0.603263
2026-03-27T17:56:52.723360+00:00,4.467840,1774634212723359900,-0.292113,0.310088,0.323348,0.923283,-0.203645,0.318972,0.065845,-0.724654,-0.039328,0.267515,0.562846,-0.299486,0.232540,0.734426,-0.258835,-0.193237,0.116375,0.266183,-0.751394,-0.053946,-0.600598
2026-03-27T17:56:52.740504+00:00,4.484984,1774634212740503700,-0.292953,0.310380,0.324459,0.923938,-0.203060,0.317537,0.065768,-0.724251,-0.039126,0.266786,0.564333,-0.300104,0.232088,0.732408,-0.262744,-0.194783,0.114101,0.265134,-0.754447,-0.063073,-0.602264
2026-03-27T17:56:52.757430+00:00,4.501910,1774634212757429900,-0.293978,0.310696,0.325518,0.924699,-0.202355,0.315677,0.065619,-0.724155,-0.039106,0.266080,0.565435,-0.300913,0.231839,0.732101,-0.266268,-0.196225,0.112232,0.266744,-0.751078,-0.073661,-0.598743
2026-03-27T17:56:52.774559+00:00,4.519039,1774634212774559500,-0.294963,0.311029,0.326608,0.925420,-0.201679,0.314172,0.065554,-0.723850,-0.038828,0.265545,0.566773,-0.301492,0.231185,0.731375,-0.269518,-0.197627,0.110465,0.267255,-0.752617,-0.083428,-0.596749
2026-03-27T17:56:52.791552+00:00,4.536032,1774634212791551600,-0.296177,0.311382,0.327642,0.926233,-0.200599,0.312265,0.065863,-0.723826,-0.038804,0.264909,0.567998,-0.301995,0.230641,0.730203,-0.272624,-0.198879,0.108811,0.267780,-0.750233,-0.089499,-0.594685
2026-03-27T17:56:52.813558+00:00,4.558038,1774634212813558300,-0.297612,0.311833,0.328996,0.927183,-0.199388,0.310177,0.066538,-0.723738,-0.038595,0.264068,0.569091,-0.303362,0.230261,0.729371,-0.275981,-0.200268,0.107130,0.268206,-0.751063,-0.096091,-0.598226
2026-03-27T17:56:52.828474+00:00,4.572954,1774634212828474300,-0.298796,0.312118,0.329861,0.927769,-0.198733,0.308740,0.066639,-0.723759,-0.038634,0.263563,0.570041,-0.304119,0.229495,0.728416,-0.277820,-0.200487,0.106491,0.274924,-0.745736,-0.099613,-0.596085
2026-03-27T17:56:52.844748+00:00,4.589228,1774634212844748500,-0.300004,0.312424,0.330932,0.928375,-0.198060,0.307278,0.067108,-0.723706,-0.038424,0.263191,0.570869,-0.304895,0.228220,0.727544,-0.280007,-0.200918,0.105529,0.282226,-0.745926,-0.106109,-0.595671
2026-03-27T17:56:52.861695+00:00,4.606175,1774634212861694600,-0.301323,0.312708,0.332005,0.928983,-0.197146,0.305795,0.067862,-0.723779,-0.038444,0.262779,0.572242,-0.305478,0.226768,0.726089,-0.282140,-0.201450,0.104905,0.290300,-0.743474,-0.113478,-0.590961
2026-03-27T17:56:52.879133+00:00,4.623613,1774634212879132500,-0.302856,0.312936,0.333046,0.929364,-0.196540,0.304863,0.068800,-0.723893,-0.038537,0.262420,0.572963,-0.306406,0.225518,0.725947,-0.284250,-0.202087,0.104385,0.296418,-0.741954,-0.121178,-0.586666
2026-03-27T17:56:52.895823+00:00,4.640303,1774634212895822800,-0.304308,0.313110,0.333991,0.929745,-0.196004,0.303932,0.069496,-0.724146,-0.038755,0.262173,0.573654,-0.306993,0.223991,0.725197,-0.286206,-0.203117,0.104346,0.294970,-0.743440,-0.125835,-0.585518
2026-03-27T17:56:52.912847+00:00,4.657327,1774634212912847100,-0.305637,0.313179,0.334909,0.930086,-0.195500,0.303053,0.069538,-0.724473,-0.038952,0.261955,0.573646,-0.307957,0.222889,0.725786,-0.287947,-0.204540,0.104593,0.289812,-0.743000,-0.128592,-0.585310
2026-03-27T17:56:52.930020+00:00,4.674500,1774634212930019900,-0.307161,0.313438,0.335998,0.930535,-0.195151,0.302047,0.069062,-0.724821,-0.039421,0.261711,0.573798,-0.308562,0.221582,0.725809,-0.289346,-0.205781,0.105015,0.284458,-0.743214,-0.131340,-0.588393
2026-03-27T17:56:52.946960+00:00,4.691440,1774634212946960400,-0.308680,0.313747,0.337007,0.930922,-0.194655,0.301354,0.068559,-0.725400,-0.039507,0.261706,0.573518,-0.308677,0.220277,0.726484,-0.290469,-0.206609,0.105951,0.283689,-0.742092,-0.134394,-0.590955
2026-03-27T17:56:52.964117+00:00,4.708597,1774634212964116900,-0.310238,0.314011,0.337888,0.931484,-0.193595,0.300324,0.068444,-0.726012,-0.039918,0.261689,0.574068,-0.308586,0.218651,0.725961,-0.291058,-0.206870,0.106977,0.280898,-0.738736,-0.132355,-0.596951
2026-03-27T17:56:52.981087+00:00,4.725567,1774634212981086600,-0.311617,0.314251,0.338853,0.931913,-0.192741,0.299588,0.068372,-0.726690,-0.040077,0.261709,0.574001,-0.308502,0.217562,0.726621,-0.291715,-0.207108,0.108034,0.279962,-0.737014,-0.133434,-0.602178
2026-03-27T17:56:52.997991+00:00,4.742471,1774634212997991100,-0.313025,0.314425,0.339793,0.932333,-0.192113,0.298622,0.068354,-0.727517,-0.040293,0.261780,0.574118,-0.308247,0.216811,0.727103,-0.292457,-0.207411,0.108793,0.279435,-0.733323,-0.134245,-0.603201
2026-03-27T17:56:53.017241+00:00,4.761721,1774634213017240500,-0.314662,0.314546,0.340685,0.932745,-0.191709,0.297486,0.068636,-0.728345,-0.040925,0.262024,0.574247,-0.307722,0.215786,0.727096,-0.292990,-0.207741,0.109571,0.277602,-0.733271,-0.135068,-0.606697
2026-03-27T17:56:53.033640+00:00,4.778120,1774634213033639700,-0.316242,0.314605,0.341673,0.933041,-0.191140,0.296739,0.069210,-0.729320,-0.041366,0.262513,0.573680,-0.307900,0.214782,0.728086,-0.293683,-0.208046,0.110270,0.277143,-0.729977,-0.134817,-0.605997
2026-03-27T17:56:53.050694+00:00,4.795174,1774634213050693900,-0.317864,0.314636,0.342509,0.933355,-0.190629,0.295911,0.069962,-0.730223,-0.042119,0.262860,0.573214,-0.307375,0.213432,0.728706,-0.293936,-0.208384,0.111040,0.276475,-0.729287,-0.134374,-0.608309
2026-03-27T17:56:53.067538+00:00,4.812018,1774634213067538500,-0.319363,0.314636,0.343398,0.933537,-0.190346,0.295501,0.070648,-0.731343,-0.042842,0.263442,0.573332,-0.306655,0.212555,0.729165,-0.294261,-0.208768,0.111816,0.274367,-0.730543,-0.134954,-0.612767
2026-03-27T17:56:53.084629+00:00,4.829109,1774634213084628800,-0.320964,0.314634,0.344193,0.933709,-0.190107,0.294906,0.071185,-0.732360,-0.043738,0.263937,0.573534,-0.305579,0.212308,0.729534,-0.294239,-0.209362,0.112861,0.271540,-0.729417,-0.135839,-0.615632
2026-03-27T17:56:53.101505+00:00,4.845985,1774634213101505100,-0.322430,0.314620,0.345012,0.933976,-0.189877,0.294227,0.071548,-0.733351,-0.044665,0.264421,0.573596,-0.303992,0.212644,0.730347,-0.294314,-0.210060,0.113803,0.268542,-0.726812,-0.136275,-0.615572
2026-03-27T17:56:53.118894+00:00,4.863374,1774634213118893900,-0.324014,0.314625,0.345765,0.934166,-0.189473,0.293690,0.072018,-0.734597,-0.045578,0.265207,0.574554,-0.301834,0.215220,0.730093,-0.294241,-0.210957,0.115167,0.264427,-0.726826,-0.136156,-0.616563
2026-03-27T17:56:53.135478+00:00,4.879959,1774634213135478600,-0.325431,0.314632,0.346583,0.934302,-0.188833,0.293457,0.072623,-0.735688,-0.046583,0.265789,0.575852,-0.299479,0.217299,0.728901,-0.294195,-0.211837,0.116447,0.260852,-0.727429,-0.136705,-0.618193
2026-03-27T17:56:53.152627+00:00,4.897107,1774634213152627400,-0.326997,0.314608,0.347258,0.934459,-0.188063,0.293362,0.073581,-0.737041,-0.047823,0.266469,0.576539,-0.297487,0.220163,0.728418,-0.294107,-0.212661,0.117836,0.257590,-0.726535,-0.136246,-0.620885
2026-03-27T17:56:53.169629+00:00,4.914109,1774634213169629300,-0.328397,0.314593,0.348015,0.934635,-0.187327,0.292889,0.074655,-0.738494,-0.049405,0.267228,0.577348,-0.295806,0.221472,0.727773,-0.294304,-0.213369,0.118746,0.255583,-0.722900,-0.136629,-0.623003
2026-03-27T17:56:53.186698+00:00,4.931178,1774634213186698200,-0.329869,0.314562,0.348621,0.934772,-0.186692,0.292545,0.075652,-0.739804,-0.051129,0.267628,0.577126,-0.294354,0.222444,0.728552,-0.294847,-0.214118,0.119365,0.252049,-0.724514,-0.137316,-0.627798
2026-03-27T17:56:53.203547+00:00,4.948027,1774634213203546600,-0.331161,0.314503,0.349238,0.934954,-0.186427,0.292065,0.076508,-0.741284,-0.053103,0.268189,0.576201,-0.293240,0.222618,0.729448,-0.295609,-0.214899,0.119701,0.249673,-0.722869,-0.136661,-0.629246
2026-03-27T17:56:53.220568+00:00,4.965048,1774634213220568000,-0.332449,0.314477,0.349736,0.935236,-0.186006,0.291154,0.077116,-0.742704,-0.055330,0.268450,0.574674,-0.291893,0.222862,0.730902,-0.296722,-0.215601,0.119740,0.246577,-0.724518,-0.136219,-0.633080
2026-03-27T17:56:53.237732+00:00,4.982212,1774634213237732200,-0.333644,0.314430,0.350273,0.935544,-0.185596,0.290365,0.077748,-0.744306,-0.057764,0.268829,0.572178,-0.291020,0.223701,0.733393,-0.298434,-0.215999,0.119488,0.245778,-0.721773,-0.134274,-0.633591
2026-03-27T17:56:53.255501+00:00,4.999981,1774634213255500500,-0.334851,0.314398,0.350725,0.935898,-0.184876,0.289511,0.078398,-0.745963,-0.060333,0.269159,0.569502,-0.290219,0.224587,0.735777,-0.300219,-0.216224,0.119010,0.246764,-0.720305,-0.131582,-0.635244
2026-03-27T17:56:53.271533+00:00,5.016013,1774634213271533500,-0.335955,0.314385,0.351151,0.936274,-0.183914,0.288637,0.079030,-0.747342,-0.062667,0.269358,0.567232,-0.289404,0.225197,0.737885,-0.302238,-0.216259,0.118058,0.248814,-0.717538,-0.128944,-0.635868
2026-03-27T17:56:53.288562+00:00,5.033042,1774634213288561900,-0.337153,0.314405,0.351490,0.936617,-0.182702,0.288051,0.079671,-0.748697,-0.065015,0.269588,0.565468,-0.288475,0.225815,0.739123,-0.304367,-0.216216,0.117017,0.251933,-0.718906,-0.126304,-0.638105
2026-03-27T17:56:53.305524+00:00,5.050004,1774634213305523800,-0.338356,0.314368,0.351839,0.936875,-0.181440,0.287828,0.080334,-0.750062,-0.067296,0.269858,0.563374,-0.287454,0.227064,0.741138,-0.306718,-0.216092,0.115677,0.254684,-0.717845,-0.123849,-0.637637
2026-03-27T17:56:53.322497+00:00,5.066977,1774634213322496900,-0.339597,0.314318,0.352059,0.937010,-0.180554,0.287876,0.081041,-0.751360,-0.069329,0.270240,0.562506,-0.285775,0.228746,0.740936,-0.309064,-0.215886,0.114171,0.257950,-0.714229,-0.122065,-0.634866
2026-03-27T17:56:53.340174+00:00,5.084654,1774634213340173900,-0.340851,0.314289,0.352361,0.936976,-0.179824,0.288286,0.081531,-0.752561,-0.071324,0.270662,0.561255,-0.284912,0.230808,0.742291,-0.311462,-0.215625,0.112491,0.258414,-0.717976,-0.121765,-0.637865
2026-03-27T17:56:53.357940+00:00,5.102420,1774634213357940100,-0.342151,0.314307,0.352595,0.936911,-0.179218,0.288850,0.081674,-0.753525,-0.073208,0.271002,0.560634,-0.284178,0.232077,0.741885,-0.313762,-0.215327,0.110759,0.261546,-0.714191,-0.120503,-0.635034
2026-03-27T17:56:53.374651+00:00,5.119131,1774634213374650600,-0.343333,0.314301,0.352739,0.936827,-0.178723,0.289390,0.081935,-0.754560,-0.074985,0.271368,0.560333,-0.284097,0.233232,0.741941,-0.315813,-0.215142,0.109178,0.262426,-0.715113,-0.118771,-0.637080
2026-03-27T17:56:53.391802+00:00,5.136282,1774634213391802200,-0.344480,0.314318,0.352881,0.936732,-0.178252,0.289788,0.082014,-0.755253,-0.076545,0.271555,0.559918,-0.283929,0.234181,0.741550,-0.317674,-0.215102,0.107704,0.263302,-0.712989,-0.116472,-0.637095
2026-03-27T17:56:53.408691+00:00,5.153172,1774634213408691500,-0.345609,0.314326,0.352973,0.936684,-0.177748,0.290314,0.081864,-0.756158,-0.078055,0.271804,0.559653,-0.284066,0.235333,0.741669,-0.319609,-0.215132,0.106212,0.262347,-0.713532,-0.115022,-0.638869
2026-03-27T17:56:53.425545+00:00,5.170025,1774634213425545200,-0.346712,0.314350,0.353014,0.936663,-0.177037,0.290855,0.081772,-0.756596,-0.079338,0.271905,0.559890,-0.284487,0.236376,0.741150,-0.321216,-0.215523,0.105161,0.259806,-0.713412,-0.113336,-0.640051
2026-03-27T17:56:53.442236+00:00,5.186716,1774634213442236300,-0.347837,0.314375,0.353046,0.936669,-0.176058,0.291396,0.081879,-0.757368,-0.080494,0.271991,0.560605,-0.284951,0.237527,0.739912,-0.322821,-0.216043,0.104280,0.256487,-0.714965,-0.112610,-0.643113
2026-03-27T17:56:53.461879+00:00,5.206360,1774634213461879600,-0.349159,0.314514,0.352991,0.936656,-0.174776,0.292158,0.082061,-0.757779,-0.081842,0.271922,0.561272,-0.285351,0.238875,0.738819,-0.324474,-0.216774,0.103421,0.253346,-0.714723,-0.111643,-0.644861
2026-03-27T17:56:53.478938+00:00,5.223418,1774634213478937900,-0.350285,0.314511,0.353001,0.936700,-0.173717,0.292723,0.081800,-0.758240,-0.082964,0.271840,0.561788,-0.286880,0.238354,0.738903,-0.325502,-0.217593,0.103235,0.250751,-0.712958,-0.114164,-0.645637
2026-03-27T17:56:53.496411+00:00,5.240891,1774634213496410700,-0.351419,0.314606,0.353012,0.936761,-0.172744,0.293367,0.081510,-0.758730,-0.083966,0.271585,0.563397,-0.287970,0.237356,0.736252,-0.326294,-0.218336,0.102798,0.247939,-0.712634,-0.114252,-0.646997
2026-03-27T17:56:53.513239+00:00,5.257719,1774634213513239400,-0.352555,0.314710,0.352923,0.936876,-0.171819,0.293603,0.081102,-0.758968,-0.084934,0.271244,0.564371,-0.289071,0.237559,0.735938,-0.326731,-0.218998,0.102368,0.245926,-0.712518,-0.113950,-0.649310
2026-03-27T17:56:53.530375+00:00,5.274855,1774634213530375000,-0.353737,0.314776,0.352729,0.936889,-0.170960,0.294104,0.080920,-0.759439,-0.085771,0.270956,0.565213,-0.289704,0.238296,0.735152,-0.326840,-0.219638,0.101972,0.243947,-0.713101,-0.114186,-0.653843
2026-03-27T17:56:53.547349+00:00,5.291829,1774634213547348900,-0.354963,0.314788,0.352483,0.936827,-0.170237,0.294666,0.081162,-0.759697,-0.086661,0.270645,0.566115,-0.290291,0.238717,0.734272,-0.326806,-0.220267,0.101623,0.244108,-0.704053,-0.113207,-0.651429
2026-03-27T17:56:53.564617+00:00,5.309098,1774634213564617500,-0.356227,0.314780,0.352201,0.936715,-0.169693,0.295048,0.081572,-0.760195,-0.087564,0.270230,0.567038,-0.290583,0.238792,0.732727,-0.326745,-0.221080,0.101282,0.239740,-0.705994,-0.114368,-0.658992
2026-03-27T17:56:53.581883+00:00,5.326363,1774634213581882700,-0.357505,0.314735,0.351848,0.936577,-0.169412,0.295572,0.082043,-0.760749,-0.088505,0.269811,0.567035,-0.291087,0.239152,0.732700,-0.326775,-0.221982,0.100890,0.235734,-0.702613,-0.114785,-0.660251
2026-03-27T17:56:53.598679+00:00,5.343159,1774634213598678600,-0.358752,0.314619,0.351421,0.936457,-0.169069,0.296040,0.082522,-0.761208,-0.089496,0.269500,0.567101,-0.291271,0.239688,0.732625,-0.326850,-0.222982,0.100366,0.229563,-0.705793,-0.115887,-0.666606
2026-03-27T17:56:53.615539+00:00,5.360019,1774634213615539000,-0.360000,0.314496,0.351052,0.936316,-0.168972,0.296442,0.083143,-0.762079,-0.090428,0.269015,0.566544,-0.290922,0.240004,0.732546,-0.326874,-0.222748,0.099933,0.229949,-0.697428,-0.115871,-0.663600
2026-03-27T17:56:53.632454+00:00,5.376934,1774634213632454100,-0.361270,0.314265,0.350573,0.936103,-0.168715,0.297050,0.084025,-0.762651,-0.091516,0.268738,0.565211,-0.290960,0.240552,0.733955,-0.327313,-0.222304,0.099049,0.234575,-0.699358,-0.115968,-0.669301
2026-03-27T17:56:53.649725+00:00,5.394205,1774634213649724700,-0.362572,0.313946,0.350187,0.935719,-0.168946,0.297831,0.084934,-0.763548,-0.092450,0.268362,0.563488,-0.290356,0.240360,0.735134,-0.328333,-0.222396,0.098142,0.237769,-0.697612,-0.115048,-0.664781
2026-03-27T17:56:53.666763+00:00,5.411243,1774634213666762700,-0.363744,0.313601,0.349787,0.935391,-0.169614,0.298315,0.085671,-0.764463,-0.093529,0.268027,0.561537,-0.289745,0.240195,0.736760,-0.329651,-0.222178,0.097165,0.242891,-0.697650,-0.112645,-0.661030
2026-03-27T17:56:53.683743+00:00,5.428223,1774634213683743500,-0.364850,0.313239,0.349284,0.935077,-0.170107,0.298767,0.086248,-0.765002,-0.094686,0.267732,0.558748,-0.290128,0.240149,0.739081,-0.330931,-0.221916,0.096301,0.245961,-0.703226,-0.111849,-0.662328
2026-03-27T17:56:53.703729+00:00,5.448209,1774634213703729400,-0.366062,0.312844,0.348709,0.934689,-0.170740,0.299448,0.086836,-0.765594,-0.096009,0.267383,0.556069,-0.290472,0.239991,0.741018,-0.332404,-0.221557,0.095366,0.250817,-0.704509,-0.110169,-0.659227
2026-03-27T17:56:53.721380+00:00,5.465860,1774634213721380200,-0.367070,0.312603,0.348304,0.934347,-0.170521,0.300537,0.087404,-0.766235,-0.096986,0.267120,0.554587,-0.290877,0.239041,0.741779,-0.333756,-0.220883,0.094776,0.254717,-0.700361,-0.110018,-0.652034
2026-03-27T17:56:53.738404+00:00,5.482884,1774634213738404000,-0.367961,0.312445,0.347923,0.934099,-0.170175,0.301273,0.087795,-0.766634,-0.097821,0.266920,0.553038,-0.291543,0.238210,0.743162,-0.334920,-0.220205,0.094250,0.256164,-0.706701,-0.111753,-0.655984
2026-03-27T17:56:53.755522+00:00,5.500002,1774634213755521700,-0.368797,0.312319,0.347483,0.933787,-0.169912,0.302338,0.088190,-0.766721,-0.098553,0.266758,0.551874,-0.292615,0.237107,0.744468,-0.335985,-0.219524,0.093835,0.261976,-0.704259,-0.110646,-0.651141
2026-03-27T17:56:53.772670+00:00,5.517150,1774634213772670000,-0.369526,0.312214,0.347119,0.933417,-0.169698,0.303406,0.088559,-0.766848,-0.099030,0.266699,0.551416,-0.293178,0.235416,0.744351,-0.337070,-0.218882,0.093373,0.266227,-0.707699,-0.109347,-0.650541
2026-03-27T17:56:53.790265+00:00,5.534745,1774634213790264800,-0.370155,0.312078,0.346835,0.932981,-0.169884,0.304645,0.089068,-0.766874,-0.099287,0.266750,0.550242,-0.293871,0.233465,0.745650,-0.338345,-0.218149,0.092748,0.273188,-0.707978,-0.103268,-0.644046
2026-03-27T17:56:53.807370+00:00,5.551850,1774634213807369700,-0.370550,0.312028,0.346698,0.932469,-0.170203,0.306035,0.088931,-0.767028,-0.099390,0.266737,0.548863,-0.294059,0.231917,0.747541,-0.339780,-0.216560,0.091814,0.278423,-0.710101,-0.092681,-0.638978
2026-03-27T17:56:53.824409+00:00,5.568889,1774634213824409100,-0.370884,0.312025,0.346592,0.931998,-0.170317,0.307431,0.088706,-0.767024,-0.099214,0.267295,0.547981,-0.293472,0.230948,0.748352,-0.340660,-0.214848,0.091190,0.284311,-0.713815,-0.086807,-0.636334
2026-03-27T17:56:53.841455+00:00,5.585934,1774634213841454500,-0.370998,0.312060,0.346654,0.931436,-0.170281,0.309246,0.088451,-0.767051,-0.098068,0.268150,0.547837,-0.292503,0.230835,0.749032,-0.341245,-0.212513,0.090605,0.291381,-0.712358,-0.081000,-0.630825
2026-03-27T17:56:53.858503+00:00,5.602983,1774634213858502700,-0.371088,0.312116,0.346787,0.930799,-0.169964,0.311434,0.088241,-0.767125,-0.096212,0.269412,0.549681,-0.289995,0.230969,0.748164,-0.341640,-0.209661,0.090095,0.295419,-0.714873,-0.074112,-0.629379
2026-03-27T17:56:53.875596+00:00,5.620076,1774634213875595600,-0.371271,0.312348,0.347061,0.930059,-0.169475,0.313759,0.088244,-0.767206,-0.093685,0.271145,0.551919,-0.286433,0.230567,0.748765,-0.341919,-0.206035,0.089495,0.298718,-0.715047,-0.063120,-0.628366
2026-03-27T17:56:53.892642+00:00,5.637123,1774634213892642600,-0.371232,0.312742,0.347666,0.929375,-0.168848,0.316203,0.088160,-0.767222,-0.090418,0.273297,0.554959,-0.281489,0.229382,0.748959,-0.342137,-0.201574,0.088913,0.300454,-0.716176,-0.049010,-0.629205
2026-03-27T17:56:53.910971+00:00,5.655451,1774634213910971000,-0.371002,0.313244,0.348563,0.928571,-0.168205,0.318924,0.087840,-0.767368,-0.086372,0.276176,0.558666,-0.274324,0.227219,0.748847,-0.342291,-0.195757,0.088236,0.301516,-0.717828,-0.032551,-0.630326
2026-03-27T17:56:53.929295+00:00,5.673775,1774634213929294900,-0.370509,0.313969,0.349879,0.927759,-0.167120,0.322067,0.086912,-0.767512,-0.081431,0.279857,0.560717,-0.266330,0.225041,0.750714,-0.342265,-0.188079,0.087594,0.304863,-0.716256,-0.016808,-0.628764
2026-03-27T17:56:53.946791+00:00,5.691271,1774634213946791100,-0.369797,0.314689,0.351085,0.927000,-0.166106,0.324984,0.086088,-0.767676,-0.076433,0.283368,0.562271,-0.259280,0.222993,0.752631,-0.342161,-0.181016,0.087017,0.307409,-0.715773,-0.002155,-0.628273
2026-03-27T17:56:53.963556+00:00,5.708036,1774634213963556400,-0.368784,0.315558,0.352834,0.925924,-0.164355,0.329109,0.085656,-0.767724,-0.070473,0.287411,0.563362,-0.253024,0.219870,0.754900,-0.342205,-0.170772,0.085786,0.314563,-0.712385,0.014246,-0.627992
2026-03-27T17:56:53.980803+00:00,5.725283,1774634213980803000,-0.367596,0.316375,0.354689,0.924661,-0.163165,0.333384,0.085422,-0.767971,-0.064185,0.291842,0.565574,-0.246731,0.216798,0.756490,-0.342307,-0.160364,0.084345,0.319807,-0.708855,0.031691,-0.625873
2026-03-27T17:56:53.997836+00:00,5.742316,1774634213997836200,-0.366266,0.317146,0.356760,0.923330,-0.162337,0.337486,0.084883,-0.768151,-0.057223,0.296520,0.570510,-0.239543,0.214535,0.755528,-0.342730,-0.149037,0.082678,0.323326,-0.707136,0.049992,-0.625800
2026-03-27T17:56:54.015005+00:00,5.759485,1774634214015005400,-0.364705,0.317916,0.359009,0.921840,-0.161680,0.342041,0.084098,-0.768299,-0.049347,0.301463,0.576153,-0.230713,0.213348,0.754170,-0.343454,-0.136642,0.080751,0.327030,-0.704143,0.069705,-0.625486
2026-03-27T17:56:54.031981+00:00,5.776461,1774634214031981400,-0.362840,0.318760,0.361626,0.920159,-0.160591,0.347465,0.082847,-0.768085,-0.040936,0.306607,0.581633,-0.220992,0.212281,0.754076,-0.344439,-0.123008,0.078797,0.330889,-0.701470,0.090899,-0.626695
2026-03-27T17:56:54.049019+00:00,5.793499,1774634214049018800,-0.360983,0.319607,0.364218,0.918529,-0.159451,0.352525,0.081763,-0.767976,-0.032080,0.312296,0.586477,-0.210021,0.209764,0.753223,-0.345447,-0.109238,0.076847,0.335377,-0.696764,0.112023,-0.626078
2026-03-27T17:56:54.066081+00:00,5.810561,1774634214066081300,-0.358714,0.320535,0.367663,0.916091,-0.157262,0.359592,0.081856,-0.767881,-0.022579,0.317853,0.589421,-0.198816,0.206550,0.754998,-0.347676,-0.093074,0.074839,0.343904,-0.690574,0.136077,-0.620006
2026-03-27T17:56:54.083153+00:00,5.827633,1774634214083153200,-0.356482,0.321136,0.370974,0.913549,-0.155619,0.366855,0.081694,-0.767850,-0.012750,0.323740,0.590895,-0.186398,0.201622,0.758296,-0.349604,-0.077366,0.072946,0.350329,-0.685776,0.158785,-0.616388
2026-03-27T17:56:54.100649+00:00,5.845129,1774634214100648900,-0.353812,0.321934,0.374654,0.910725,-0.154159,0.374417,0.081532,-0.767868,-0.001942,0.330023,0.590848,-0.171959,0.195217,0.763835,-0.352661,-0.059486,0.071783,0.358604,-0.680166,0.182030,-0.612984
2026-03-27T17:56:54.118090+00:00,5.862570,1774634214118089900,-0.351018,0.322867,0.378458,0.907592,-0.152805,0.382660,0.081201,-0.767825,0.008992,0.336776,0.589788,-0.154943,0.188062,0.769534,-0.355908,-0.041907,0.070874,0.366956,-0.673743,0.204556,-0.607892
2026-03-27T17:56:54.135682+00:00,5.880162,1774634214135681900,-0.347875,0.323647,0.382471,0.903954,-0.151274,0.391592,0.081027,-0.767665,0.020822,0.343968,0.587189,-0.135615,0.180744,0.777411,-0.359764,-0.023246,0.070294,0.375119,-0.666510,0.228327,-0.601624
2026-03-27T17:56:54.152953+00:00,5.897433,1774634214152952600,-0.344852,0.324363,0.386283,0.900167,-0.149828,0.400869,0.081050,-0.767477,0.032412,0.351407,0.585158,-0.116280,0.172002,0.783762,-0.363957,-0.004708,0.070286,0.382199,-0.659773,0.251143,-0.593745
2026-03-27T17:56:54.170147+00:00,5.914627,1774634214170147200,-0.341616,0.325043,0.390071,0.895814,-0.148486,0.410964,0.081305,-0.766621,0.044149,0.359242,0.582767,-0.096703,0.163124,0.790437,-0.368052,0.013674,0.070326,0.387303,-0.656439,0.273311,-0.587853
2026-03-27T17:56:54.187168+00:00,5.931648,1774634214187167900,-0.338258,0.325685,0.393804,0.891209,-0.147172,0.421139,0.081766,-0.765414,0.056305,0.367269,0.579745,-0.076431,0.153945,0.796508,-0.372284,0.032110,0.070596,0.392044,-0.652137,0.293886,-0.580734
2026-03-27T17:56:54.204266+00:00,5.948746,1774634214204265900,-0.334931,0.326218,0.397369,0.886409,-0.146008,0.431407,0.082483,-0.763614,0.068141,0.375676,0.576052,-0.055426,0.144418,0.802724,-0.376591,0.049887,0.071137,0.396130,-0.646153,0.312395,-0.570863
2026-03-27T17:56:54.221192+00:00,5.965672,1774634214221191600,-0.331437,0.326686,0.400881,0.881135,-0.144769,0.442317,0.083311,-0.761619,0.080526,0.384244,0.572058,-0.034158,0.134177,0.808556,-0.380812,0.067360,0.071963,0.397001,-0.643854,0.331423,-0.565052
2026-03-27T17:56:54.238217+00:00,5.982697,1774634214238217300,-0.327811,0.327023,0.404147,0.875546,-0.143708,0.453517,0.084128,-0.759178,0.093115,0.392969,0.569960,-0.013754,0.124204,0.811739,-0.384749,0.083993,0.073047,0.397576,-0.639688,0.350418,-0.559808
2026-03-27T17:56:54.254999+00:00,5.999479,1774634214254999000,-0.324322,0.327206,0.407092,0.869830,-0.143105,0.464602,0.084864,-0.756038,0.105433,0.401878,0.569854,0.006672,0.116317,0.813261,-0.388425,0.100333,0.074471,0.398667,-0.632009,0.368438,-0.553126
2026-03-27T17:56:54.272021+00:00,6.016501,1774634214272021000,-0.320571,0.327345,0.409867,0.863740,-0.142238,0.475654,0.085985,-0.752357,0.118695,0.411227,0.571762,0.027752,0.111165,0.812857,-0.391971,0.116666,0.076464,0.399313,-0.624715,0.386021,-0.548240
2026-03-27T17:56:54.289456+00:00,6.033936,1774634214289455600,-0.316922,0.327387,0.412417,0.857365,-0.140768,0.487368,0.087463,-0.748133,0.132038,0.421265,0.576523,0.049283,0.109110,0.808029,-0.395262,0.132565,0.078494,0.398168,-0.619103,0.405145,-0.545152
2026-03-27T17:56:54.306576+00:00,6.051056,1774634214306576000,-0.313275,0.327487,0.414467,0.850902,-0.138452,0.498714,0.088707,-0.743472,0.145292,0.431032,0.582527,0.070416,0.110671,0.801583,-0.397760,0.147548,0.081126,0.396330,-0.610971,0.421137,-0.540237
2026-03-27T17:56:54.323771+00:00,6.068251,1774634214323770700,-0.309372,0.327635,0.416262,0.843824,-0.136542,0.511200,0.089546,-0.738020,0.158822,0.441060,0.586055,0.091517,0.113295,0.796913,-0.400503,0.163062,0.083607,0.394769,-0.602981,0.438383,-0.536539
2026-03-27T17:56:54.340914+00:00,6.085394,1774634214340913600,-0.305463,0.327815,0.417814,0.836734,-0.134390,0.523169,0.090210,-0.732115,0.172015,0.451163,0.588384,0.113237,0.117142,0.791921,-0.402754,0.177736,0.086293,0.392960,-0.595214,0.454523,-0.532375
2026-03-27T17:56:54.364871+00:00,6.109351,1774634214364870800,-0.300223,0.327994,0.419257,0.826077,-0.131159,0.540499,0.090851,-0.723374,0.188636,0.464871,0.585202,0.145126,0.122652,0.788040,-0.405747,0.197688,0.090251,0.387201,-0.587588,0.476431,-0.528993
2026-03-27T17:56:54.382202+00:00,6.126682,1774634214382201600,-0.296570,0.328195,0.420022,0.818334,-0.128803,0.552820,0.091103,-0.716647,0.200264,0.474702,0.580048,0.167346,0.124217,0.787192,-0.408039,0.212148,0.093155,0.383071,-0.580411,0.490869,-0.523198
2026-03-27T17:56:54.399821+00:00,6.144301,1774634214399821100,-0.292881,0.328516,0.420555,0.810096,-0.126353,0.565270,0.091421,-0.709958,0.210813,0.484296,0.570571,0.188841,0.120877,0.790314,-0.410502,0.226544,0.096112,0.375612,-0.577327,0.508556,-0.519484
2026-03-27T17:56:54.416475+00:00,6.160955,1774634214416475000,-0.289471,0.328872,0.420951,0.802551,-0.123728,0.576354,0.092013,-0.703829,0.220020,0.493122,0.559425,0.208838,0.114509,0.794522,-0.412663,0.239557,0.098893,0.369647,-0.573348,0.520122,-0.513935
2026-03-27T17:56:54.434242+00:00,6.178721,1774634214434241500,-0.285784,0.329632,0.421000,0.794114,-0.120961,0.588146,0.092596,-0.696983,0.229355,0.502214,0.545314,0.230294,0.102726,0.799835,-0.415212,0.253759,0.101969,0.361632,-0.572896,0.533425,-0.510105
2026-03-27T17:56:54.451103+00:00,6.195583,1774634214451103200,-0.282461,0.330279,0.420470,0.786361,-0.118617,0.598865,0.093263,-0.691038,0.236698,0.510380,0.530397,0.250800,0.087002,0.805338,-0.417445,0.266709,0.105058,0.356699,-0.570561,0.541051,-0.504432
2026-03-27T17:56:54.468158+00:00,6.212638,1774634214468158100,-0.279099,0.330739,0.419647,0.778750,-0.116441,0.609349,0.094035,-0.684701,0.243608,0.517903,0.513781,0.271982,0.067356,0.810681,-0.419708,0.279701,0.108495,0.352044,-0.569390,0.549393,-0.498361
2026-03-27T17:56:54.485365+00:00,6.229845,1774634214485364900,-0.275991,0.331141,0.418724,0.771762,-0.114316,0.618362,0.094378,-0.678348,0.250109,0.525271,0.495598,0.293636,0.046290,0.815887,-0.421535,0.292354,0.112237,0.346878,-0.568127,0.559254,-0.492154
2026-03-27T17:56:54.502230+00:00,6.246710,1774634214502230200,-0.272830,0.331392,0.417409,0.765229,-0.112382,0.626785,0.094638,-0.672554,0.254165,0.531481,0.474305,0.317151,0.019896,0.821326,-0.423158,0.304882,0.116356,0.342176,-0.564680,0.572931,-0.486266
2026-03-27T17:56:54.519211+00:00,6.263691,1774634214519211000,-0.269899,0.331505,0.416165,0.758781,-0.110501,0.635066,0.095548,-0.666546,0.257932,0.537240,0.454128,0.340573,-0.006420,0.822490,-0.424338,0.317000,0.120831,0.338492,-0.560108,0.586950,-0.480837
2026-03-27T17:56:54.536184+00:00,6.280664,1774634214536184100,-0.266927,0.331533,0.414619,0.752778,-0.108097,0.642060,0.097345,-0.660059,0.261564,0.541736,0.435191,0.362680,-0.031662,0.823414,-0.425570,0.329112,0.125751,0.337118,-0.553082,0.597060,-0.473627
2026-03-27T17:56:54.565841+00:00,6.310321,1774634214565841500,-0.261946,0.331518,0.412090,0.741440,-0.103462,0.655578,0.100870,-0.649966,0.268105,0.548949,0.409332,0.393939,-0.071574,0.818232,-0.427384,0.349521,0.134247,0.332223,-0.547678,0.615536,-0.460557
2026-03-27T17:56:54.572482+00:00,6.316962,1774634214572482400,-0.260859,0.331591,0.411520,0.739363,-0.102454,0.657960,0.100643,-0.648554,0.270354,0.550113,0.411432,0.396105,-0.069735,0.817277,-0.426857,0.352499,0.136083,0.326392,-0.545413,0.617879,-0.458959
2026-03-27T17:56:54.589163+00:00,6.333642,1774634214589162400,-0.258043,0.331678,0.409658,0.733517,-0.100142,0.664865,0.100647,-0.643908,0.275437,0.554092,0.406150,0.407598,-0.078241,0.813795,-0.426879,0.362743,0.141044,0.319855,-0.545552,0.628288,-0.456951
2026-03-27T17:56:54.606102+00:00,6.350582,1774634214606101600,-0.255146,0.331974,0.407644,0.728753,-0.097775,0.670122,0.099981,-0.639259,0.281266,0.558227,0.403467,0.418011,-0.081496,0.809988,-0.426482,0.372897,0.145670,0.318451,-0.543236,0.632427,-0.450579
2026-03-27T17:56:54.623172+00:00,6.367652,1774634214623172100,-0.252296,0.332390,0.405567,0.723499,-0.095277,0.676324,0.099719,-0.634624,0.287428,0.562651,0.402186,0.427222,-0.080204,0.806738,-0.426029,0.383446,0.150392,0.318442,-0.540458,0.638154,-0.444281
2026-03-27T17:56:54.640103+00:00,6.384583,1774634214640102800,-0.249575,0.332764,0.403374,0.718823,-0.092624,0.681795,0.099778,-0.629710,0.293644,0.567295,0.401831,0.435420,-0.076258,0.801463,-0.425056,0.393629,0.154861,0.318021,-0.538879,0.645262,-0.439035
2026-03-27T17:56:54.657300+00:00,6.401780,1774634214657299600,-0.246880,0.333208,0.401419,0.714001,-0.089821,0.687240,0.100081,-0.624491,0.299838,0.572033,0.401783,0.443535,-0.071728,0.796650,-0.423573,0.403561,0.158968,0.319086,-0.538332,0.648655,-0.431504
2026-03-27T17:56:54.674485+00:00,6.418965,1774634214674485400,-0.244294,0.333621,0.399154,0.709471,-0.087592,0.692216,0.099979,-0.618842,0.305703,0.576498,0.404111,0.451192,-0.068365,0.791391,-0.422238,0.413180,0.162728,0.318793,-0.540895,0.653205,-0.422557
2026-03-27T17:56:54.691658+00:00,6.436138,1774634214691657500,-0.241708,0.334007,0.397047,0.705512,-0.085853,0.696653,0.099252,-0.613725,0.311563,0.581217,0.407350,0.459547,-0.067061,0.787335,-0.420684,0.421759,0.165930,0.316161,-0.541827,0.657526,-0.414761
2026-03-27T17:56:54.708774+00:00,6.453254,1774634214708774300,-0.239201,0.334548,0.394935,0.702432,-0.083503,0.699886,0.098195,-0.608440,0.317210,0.585780,0.411751,0.466321,-0.068023,0.780778,-0.419201,0.428998,0.168535,0.309911,-0.544057,0.663617,-0.413427
2026-03-27T17:56:54.725999+00:00,6.470479,1774634214725999100,-0.236879,0.335142,0.392730,0.699188,-0.081151,0.703648,0.097095,-0.602701,0.322530,0.590116,0.415984,0.473744,-0.070440,0.773894,-0.417485,0.436419,0.171171,0.305770,-0.543263,0.667162,-0.409522
2026-03-27T17:56:54.742956+00:00,6.487436,1774634214742956200,-0.234494,0.335766,0.390836,0.695923,-0.078831,0.707423,0.096147,-0.596707,0.327763,0.594269,0.421597,0.480909,-0.073529,0.765193,-0.415765,0.443401,0.173384,0.302091,-0.541665,0.671016,-0.406560
2026-03-27T17:56:54.759903+00:00,6.504383,1774634214759902900,-0.232423,0.336328,0.388900,0.693600,-0.076652,0.709749,0.095441,-0.590653,0.333102,0.598300,0.428161,0.487989,-0.076609,0.756706,-0.414003,0.449966,0.175289,0.299185,-0.540969,0.674950,-0.405288
2026-03-27T17:56:54.777496+00:00,6.521976,1774634214777496100,-0.230176,0.336923,0.387208,0.690653,-0.074296,0.713209,0.095174,-0.583981,0.338839,0.602085,0.437761,0.493925,-0.077017,0.747613,-0.412393,0.456192,0.176816,0.298001,-0.539165,0.676595,-0.404489
2026-03-27T17:56:54.796226+00:00,6.540706,1774634214796225600,-0.228029,0.337525,0.385307,0.687820,-0.071664,0.716253,0.094869,-0.576876,0.345048,0.606166,0.447669,0.500189,-0.077377,0.737459,-0.410474,0.462823,0.178469,0.296560,-0.537788,0.678646,-0.403957
2026-03-27T17:56:54.813331+00:00,6.557811,1774634214813330900,-0.226146,0.338022,0.384064,0.686484,-0.069103,0.717429,0.093673,-0.571033,0.352297,0.610166,0.461544,0.501878,-0.067848,0.727757,-0.409368,0.467202,0.178806,0.294569,-0.538169,0.678296,-0.405577
2026-03-27T17:56:54.829993+00:00,6.574472,1774634214829992500,-0.224419,0.338521,0.382626,0.684761,-0.067016,0.719777,0.092815,-0.565405,0.359599,0.614031,0.474338,0.504678,-0.058771,0.718792,-0.408246,0.471636,0.179311,0.292335,-0.536358,0.676037,-0.403812
2026-03-27T17:56:54.847104+00:00,6.591583,1774634214847103500,-0.222792,0.338974,0.381422,0.682884,-0.065090,0.721588,0.092276,-0.559847,0.366741,0.617619,0.487447,0.504544,-0.047895,0.710188,-0.407325,0.476113,0.179536,0.288384,-0.538523,0.678186,-0.404411
2026-03-27T17:56:54.864041+00:00,6.608521,1774634214864041200,-0.220945,0.339654,0.380496,0.680854,-0.062359,0.723426,0.092280,-0.555158,0.374975,0.620887,0.497421,0.501454,-0.036977,0.707921,-0.406358,0.479986,0.179147,0.285109,-0.540964,0.678144,-0.403940
2026-03-27T17:56:54.881059+00:00,6.625539,1774634214881058900,-0.219288,0.340110,0.379843,0.678330,-0.059820,0.726467,0.092105,-0.550256,0.383336,0.624454,0.506788,0.494411,-0.027356,0.705386,-0.405370,0.483861,0.178824,0.280673,-0.543832,0.679434,-0.403865
2026-03-27T17:56:54.898256+00:00,6.642736,1774634214898256000,-0.217997,0.340553,0.379163,0.675820,-0.057869,0.728976,0.091402,-0.545789,0.390104,0.627879,0.512945,0.488994,-0.019531,0.706188,-0.404283,0.487467,0.177873,0.275577,-0.547221,0.680358,-0.403757
2026-03-27T17:56:54.915295+00:00,6.659775,1774634214915294600,-0.216664,0.340994,0.378625,0.673800,-0.056305,0.730986,0.090455,-0.541082,0.397145,0.631148,0.518935,0.483264,-0.013452,0.704589,-0.403119,0.490814,0.176679,0.269021,-0.551128,0.682163,-0.403753
2026-03-27T17:56:54.932715+00:00,6.677195,1774634214932715000,-0.215623,0.341309,0.378151,0.671136,-0.054834,0.734149,0.089999,-0.536200,0.403448,0.634052,0.524424,0.479322,-0.010750,0.704116,-0.401894,0.493853,0.175289,0.262057,-0.552051,0.679848,-0.400120
2026-03-27T17:56:54.949814+00:00,6.694294,1774634214949813600,-0.214542,0.341546,0.377815,0.668794,-0.053326,0.735862,0.090104,-0.531486,0.409730,0.636781,0.531591,0.474355,-0.009466,0.701848,-0.400703,0.496621,0.173639,0.251937,-0.558019,0.683925,-0.399865
2026-03-27T17:56:54.966837+00:00,6.711317,1774634214966837400,-0.213678,0.341530,0.377626,0.666439,-0.052358,0.738075,0.091445,-0.526881,0.415489,0.639362,0.541177,0.468141,-0.010168,0.698646,-0.399181,0.498544,0.172133,0.242156,-0.562791,0.685913,-0.399072
2026-03-27T17:56:54.984107+00:00,6.728587,1774634214984107300,-0.212800,0.341376,0.377487,0.664121,-0.052348,0.739725,0.093186,-0.522474,0.420524,0.642060,0.552084,0.460575,-0.011383,0.694428,-0.397738,0.499976,0.170705,0.235815,-0.561484,0.680711,-0.395523
2026-03-27T17:56:55.004854+00:00,6.749334,1774634215004854100,-0.211702,0.341232,0.377326,0.661376,-0.052231,0.742606,0.095610,-0.517389,0.426803,0.645366,0.564162,0.452328,-0.011492,0.690408,-0.395952,0.500539,0.169437,0.228002,-0.566160,0.679583,-0.394883
2026-03-27T17:56:55.022071+00:00,6.766551,1774634215022070900,-0.210491,0.341288,0.377059,0.660106,-0.051339,0.743210,0.096334,-0.513481,0.430896,0.648328,0.569693,0.450664,-0.006576,0.687209,-0.395867,0.500969,0.169216,0.224748,-0.575960,0.680627,-0.389275
2026-03-27T17:56:55.038693+00:00,6.783173,1774634215038693100,-0.209351,0.341196,0.376943,0.658379,-0.050358,0.744955,0.096861,-0.509979,0.433766,0.651173,0.572669,0.450767,-0.000136,0.685275,-0.396131,0.501919,0.169192,0.221599,-0.587659,0.681505,-0.379309
2026-03-27T17:56:55.055758+00:00,6.800238,1774634215055758000,-0.208137,0.341045,0.376784,0.656659,-0.049300,0.746487,0.097304,-0.506753,0.436933,0.654194,0.573360,0.451909,0.009131,0.682918,-0.397312,0.502661,0.169491,0.217463,-0.601091,0.680243,-0.364167
2026-03-27T17:56:55.072772+00:00,6.817252,1774634215072771600,-0.206810,0.340989,0.376720,0.654528,-0.048040,0.748019,0.097757,-0.504038,0.438860,0.657167,0.570740,0.455203,0.019467,0.683643,-0.399471,0.503399,0.169984,0.211739,-0.614054,0.675953,-0.345475
2026-03-27T17:56:55.089827+00:00,6.834307,1774634215089826800,-0.205071,0.340909,0.376282,0.651958,-0.047017,0.750752,0.097655,-0.501938,0.440360,0.660010,0.564382,0.459718,0.029182,0.685818,-0.402030,0.503736,0.171173,0.201961,-0.631756,0.676675,-0.329445
2026-03-27T17:56:55.106972+00:00,6.851452,1774634215106972000,-0.203704,0.340848,0.376035,0.649449,-0.046042,0.753158,0.097307,-0.500320,0.440836,0.662775,0.558494,0.463209,0.036279,0.686690,-0.404693,0.503796,0.173082,0.192253,-0.645149,0.675658,-0.314106
2026-03-27T17:56:55.124189+00:00,6.868669,1774634215124188600,-0.202244,0.340934,0.375462,0.647674,-0.045273,0.754590,0.095829,-0.498966,0.441137,0.665376,0.552297,0.467722,0.040080,0.689502,-0.407236,0.503651,0.174942,0.182696,-0.657954,0.673879,-0.298149
2026-03-27T17:56:55.141665+00:00,6.886145,1774634215141664500,-0.200993,0.341045,0.374904,0.646386,-0.044118,0.755389,0.094398,-0.498090,0.441014,0.668089,0.547574,0.470650,0.040580,0.690311,-0.408852,0.503310,0.178230,0.174561,-0.664996,0.674484,-0.291053
2026-03-27T17:56:55.158529+00:00,6.903008,1774634215158528400,-0.199926,0.341095,0.374105,0.645484,-0.042375,0.756863,0.093354,-0.497407,0.440880,0.670877,0.544840,0.472974,0.038220,0.691313,-0.409491,0.503158,0.181891,0.169483,-0.660493,0.668701,-0.284345
2026-03-27T17:56:55.175506+00:00,6.919986,1774634215175506000,-0.198968,0.341374,0.373280,0.644582,-0.040686,0.757758,0.092100,-0.496815,0.440372,0.673772,0.543029,0.475114,0.035275,0.691519,-0.409554,0.502854,0.185587,0.161002,-0.671380,0.679987,-0.284599
2026-03-27T17:56:55.192320+00:00,6.936800,1774634215192320300,-0.198344,0.341691,0.372535,0.644314,-0.039186,0.758011,0.090534,-0.496077,0.439577,0.676661,0.542738,0.477237,0.032298,0.690702,-0.409097,0.502833,0.189592,0.158047,-0.660335,0.671832,-0.277544
2026-03-27T17:56:55.209239+00:00,6.953719,1774634215209238900,-0.197889,0.342121,0.371588,0.644104,-0.038114,0.758778,0.088403,-0.495250,0.438636,0.679722,0.543223,0.479102,0.030157,0.688585,-0.408261,0.502979,0.193965,0.151739,-0.664978,0.681116,-0.277291
2026-03-27T17:56:55.228036+00:00,6.972516,1774634215228035500,-0.197773,0.342519,0.370772,0.644469,-0.037531,0.758378,0.085936,-0.494496,0.438128,0.683196,0.543426,0.481523,0.029573,0.687301,-0.406632,0.503575,0.198890,0.147808,-0.658757,0.680787,-0.271572
2026-03-27T17:56:55.244823+00:00,6.989303,1774634215244823000,-0.197815,0.342877,0.369965,0.644553,-0.037151,0.758603,0.083451,-0.493628,0.437214,0.686624,0.543684,0.483745,0.028967,0.685560,-0.404931,0.504367,0.203972,0.142648,-0.656838,0.684986,-0.267423
2026-03-27T17:56:55.261975+00:00,7.006455,1774634215261974600,-0.198106,0.343021,0.369331,0.644425,-0.039199,0.759486,0.082156,-0.493388,0.437086,0.690523,0.543663,0.484066,0.031937,0.684817,-0.403010,0.506877,0.209590,0.136105,-0.649247,0.681677,-0.255715
2026-03-27T17:56:55.278968+00:00,7.023448,1774634215278967900,-0.198842,0.343057,0.368905,0.644678,-0.040987,0.759265,0.080865,-0.493351,0.436681,0.694092,0.543979,0.484062,0.033507,0.685226,-0.401209,0.508993,0.215113,0.124727,-0.671536,0.707188,-0.257437
2026-03-27T17:56:55.296292+00:00,7.040772,1774634215296292100,-0.199936,0.343141,0.368635,0.645568,-0.043705,0.758255,0.080735,-0.493265,0.436707,0.698202,0.544231,0.481564,0.034341,0.685627,-0.399393,0.511558,0.221231,0.121553,-0.657001,0.694411,-0.246043
2026-03-27T17:56:55.313253+00:00,7.057733,1774634215313252600,-0.201145,0.342898,0.368619,0.646434,-0.046012,0.757398,0.080580,-0.493505,0.436504,0.702293,0.543075,0.480269,0.034828,0.687848,-0.397580,0.514548,0.227244,0.118866,-0.647190,0.688023,-0.237500
2026-03-27T17:56:55.330115+00:00,7.074595,1774634215330115100,-0.202549,0.342761,0.368624,0.647660,-0.047190,0.756156,0.082024,-0.493846,0.436404,0.706379,0.541766,0.479693,0.035110,0.689741,-0.395692,0.517895,0.233619,0.113941,-0.664055,0.710916,-0.239477
2026-03-27T17:56:55.347286+00:00,7.091766,1774634215347286300,-0.203948,0.342520,0.369048,0.649301,-0.048147,0.754523,0.083022,-0.494116,0.436198,0.710782,0.541095,0.479406,0.035254,0.689808,-0.393769,0.521487,0.240181,0.114764,-0.654774,0.706415,-0.232460
2026-03-27T17:56:55.364415+00:00,7.108895,1774634215364414600,-0.205452,0.342336,0.369857,0.650438,-0.049096,0.753407,0.083721,-0.494224,0.436202,0.715380,0.540474,0.480425,0.035731,0.689917,-0.391799,0.525293,0.247062,0.113922,-0.665814,0.725565,-0.233462
2026-03-27T17:56:55.381387+00:00,7.125867,1774634215381386900,-0.207020,0.342182,0.370807,0.652304,-0.050027,0.751561,0.084359,-0.494217,0.436135,0.719917,0.540904,0.481924,0.036541,0.689100,-0.389823,0.529204,0.253531,0.119939,-0.644105,0.710410,-0.224616
2026-03-27T17:56:55.398164+00:00,7.142644,1774634215398163500,-0.208478,0.342103,0.371865,0.653875,-0.050906,0.749992,0.084773,-0.494313,0.436230,0.724929,0.541677,0.483634,0.037666,0.686571,-0.387997,0.532863,0.260290,0.123233,-0.644496,0.720157,-0.225177
2026-03-27T17:56:55.415148+00:00,7.159629,1774634215415148600,-0.210060,0.342008,0.373297,0.655052,-0.051549,0.749388,0.085355,-0.494085,0.436291,0.729879,0.542680,0.485270,0.038868,0.684445,-0.386198,0.536303,0.266740,0.125956,-0.651562,0.737546,-0.229957
2026-03-27T17:56:55.432339+00:00,7.176819,1774634215432339000,-0.211635,0.341992,0.374718,0.656712,-0.051504,0.747773,0.085440,-0.493803,0.436700,0.735345,0.543537,0.487157,0.040446,0.682569,-0.384487,0.539725,0.273633,0.130786,-0.645554,0.740260,-0.229518
2026-03-27T17:56:55.449751+00:00,7.194231,1774634215449750900,-0.213225,0.342031,0.376524,0.658383,-0.051628,0.746060,0.084933,-0.493551,0.437068,0.740951,0.544644,0.488163,0.042273,0.679819,-0.383837,0.541907,0.280531,0.138788,-0.625316,0.721786,-0.223692
2026-03-27T17:56:55.469131+00:00,7.213610,1774634215469130500,-0.215097,0.342046,0.378671,0.660479,-0.052231,0.744545,0.084171,-0.493231,0.437774,0.747592,0.545262,0.490309,0.045258,0.678739,-0.383370,0.544423,0.288076,0.139583,-0.627434,0.729690,-0.222926
2026-03-27T17:56:55.485911+00:00,7.230391,1774634215485911000,-0.216759,0.342073,0.380667,0.662354,-0.052993,0.742404,0.083157,-0.493021,0.438190,0.753335,0.545688,0.491577,0.048014,0.677215,-0.383612,0.545733,0.294421,0.137172,-0.629760,0.733245,-0.221514
2026-03-27T17:56:55.502886+00:00,7.247366,1774634215502885600,-0.218613,0.342093,0.383089,0.664145,-0.053629,0.741146,0.082350,-0.492811,0.438881,0.759431,0.546237,0.492616,0.050643,0.674976,-0.384028,0.546738,0.301041,0.133960,-0.637345,0.743480,-0.222515
2026-03-27T17:56:55.520115+00:00,7.264595,1774634215520114900,-0.220499,0.342065,0.385709,0.665343,-0.054288,0.740481,0.081754,-0.492620,0.439464,0.765605,0.545570,0.494975,0.053205,0.674651,-0.385327,0.547404,0.308199,0.131461,-0.639124,0.744895,-0.220541
2026-03-27T17:56:55.536876+00:00,7.281356,1774634215536876100,-0.222536,0.341956,0.388754,0.666426,-0.055114,0.739380,0.081308,-0.492563,0.439898,0.771636,0.545208,0.496487,0.055722,0.673374,-0.387002,0.547864,0.315334,0.130221,-0.631361,0.733888,-0.214286
2026-03-27T17:56:55.553910+00:00,7.298390,1774634215553910000,-0.224667,0.341741,0.392040,0.667469,-0.056295,0.738321,0.080848,-0.492567,0.440370,0.777830,0.544958,0.498911,0.058593,0.671987,-0.388763,0.548151,0.322216,0.125677,-0.637874,0.738746,-0.212310
2026-03-27T17:56:55.570863+00:00,7.315343,1774634215570862600,-0.226959,0.341479,0.395734,0.668274,-0.057538,0.736971,0.080374,-0.492625,0.440740,0.784067,0.545208,0.500380,0.061539,0.668862,-0.391061,0.548427,0.329666,0.121343,-0.644393,0.742724,-0.210318
2026-03-27T17:56:55.588136+00:00,7.332616,1774634215588136200,-0.229373,0.341211,0.399790,0.668643,-0.059002,0.736592,0.079806,-0.492738,0.441027,0.790432,0.544316,0.503718,0.064839,0.668255,-0.393246,0.548663,0.336897,0.117106,-0.652356,0.749406,-0.209109
2026-03-27T17:56:55.605143+00:00,7.349623,1774634215605142600,-0.231826,0.340972,0.404139,0.668512,-0.060207,0.737265,0.079217,-0.492846,0.441376,0.796971,0.543857,0.505092,0.067900,0.666090,-0.395800,0.549004,0.344716,0.117895,-0.639198,0.732716,-0.201997
2026-03-27T17:56:55.622810+00:00,7.367290,1774634215622810300,-0.234478,0.340737,0.409011,0.668914,-0.060920,0.736879,0.078619,-0.493111,0.441746,0.803960,0.543616,0.506727,0.070985,0.664539,-0.398285,0.549486,0.352617,0.115342,-0.647435,0.741505,-0.201075
2026-03-27T17:56:55.639724+00:00,7.384204,1774634215639724400,-0.237050,0.340511,0.414055,0.668754,-0.061709,0.737028,0.077994,-0.493249,0.442175,0.810912,0.543773,0.508266,0.073935,0.663896,-0.400727,0.549990,0.360450,0.115645,-0.645156,0.738744,-0.197588
2026-03-27T17:56:55.660095+00:00,7.404576,1774634215660095600,-0.240051,0.340263,0.419993,0.668752,-0.062782,0.737028,0.077248,-0.493931,0.442756,0.819158,0.544859,0.508453,0.077077,0.661577,-0.403711,0.550605,0.369843,0.116290,-0.640009,0.732085,-0.193807
2026-03-27T17:56:55.676901+00:00,7.421381,1774634215676901100,-0.242802,0.340049,0.425458,0.668813,-0.063680,0.736956,0.076668,-0.494788,0.443231,0.826493,0.545596,0.508751,0.079730,0.660428,-0.406426,0.551192,0.378134,0.115917,-0.640734,0.731974,-0.191988
2026-03-27T17:56:55.691841+00:00,7.436321,1774634215691840900,-0.245309,0.340004,0.430754,0.669395,-0.064934,0.735869,0.075285,-0.495667,0.443720,0.833559,0.545960,0.508585,0.081496,0.660576,-0.408424,0.551737,0.385765,0.115945,-0.638222,0.730826,-0.191072
2026-03-27T17:56:55.708850+00:00,7.453330,1774634215708850300,-0.248096,0.339983,0.436851,0.669424,-0.066018,0.736372,0.074247,-0.496843,0.444191,0.841319,0.546438,0.508830,0.082997,0.660115,-0.410814,0.552408,0.394144,0.113040,-0.650438,0.746009,-0.194010
2026-03-27T17:56:55.726084+00:00,7.470563,1774634215726083500,-0.250886,0.340109,0.442903,0.670138,-0.067066,0.735118,0.073353,-0.498116,0.444680,0.849214,0.547288,0.508773,0.084136,0.659275,-0.413168,0.553105,0.402824,0.113439,-0.640898,0.735812,-0.190528
2026-03-27T17:56:55.743076+00:00,7.487556,1774634215743075800,-0.253702,0.340273,0.449356,0.670070,-0.068546,0.735654,0.073165,-0.499506,0.445212,0.857003,0.547646,0.508727,0.084855,0.658998,-0.415707,0.553867,0.411597,0.109667,-0.652729,0.749713,-0.193196
2026-03-27T17:56:55.760141+00:00,7.504621,1774634215760141300,-0.256338,0.340556,0.455855,0.670072,-0.069357,0.735083,0.074051,-0.501033,0.445756,0.864780,0.547805,0.508135,0.085163,0.659534,-0.417872,0.554720,0.419753,0.107042,-0.638908,0.734372,-0.188570
2026-03-27T17:56:55.777672+00:00,7.522152,1774634215777672100,-0.259110,0.341187,0.462886,0.669520,-0.069403,0.735620,0.075267,-0.502777,0.446475,0.872793,0.547652,0.507297,0.084923,0.660633,-0.420505,0.555833,0.428463,0.102782,-0.631954,0.727180,-0.186578
2026-03-27T17:56:55.794885+00:00,7.539365,1774634215794885500,-0.261553,0.342136,0.469498,0.668067,-0.068284,0.736683,0.075790,-0.504535,0.447529,0.880570,0.547486,0.505131,0.084096,0.661544,-0.422686,0.557208,0.436098,0.096004,-0.635481,0.730744,-0.187959
2026-03-27T17:56:55.811959+00:00,7.556439,1774634215811959300,-0.263973,0.343211,0.476211,0.666647,-0.067068,0.738091,0.075647,-0.506474,0.448824,0.888427,0.547138,0.503389,0.083123,0.662900,-0.424778,0.558427,0.443309,0.090987,-0.626156,0.719294,-0.185717
2026-03-27T17:56:55.829127+00:00,7.573607,1774634215829127000,-0.266227,0.344478,0.482447,0.665025,-0.066092,0.739746,0.074478,-0.508261,0.450361,0.896081,0.546226,0.502261,0.082125,0.665376,-0.427222,0.560005,0.450631,0.081367,-0.647472,0.742456,-0.192818
2026-03-27T17:56:55.846077+00:00,7.590557,1774634215846077200,-0.268496,0.345637,0.488515,0.663461,-0.065959,0.741814,0.073386,-0.510117,0.452178,0.903482,0.545647,0.502017,0.081329,0.666373,-0.429181,0.561575,0.456872,0.073494,-0.656378,0.750913,-0.197410
2026-03-27T17:56:55.863199+00:00,7.607679,1774634215863199300,-0.270657,0.346690,0.493949,0.662268,-0.066474,0.742477,0.072383,-0.511861,0.454296,0.910554,0.545723,0.502119,0.081193,0.666164,-0.431242,0.563013,0.462934,0.066749,-0.656121,0.748407,-0.200504
2026-03-27T17:56:55.884048+00:00,7.628528,1774634215884047900,-0.273396,0.347897,0.500630,0.661038,-0.067066,0.743660,0.071274,-0.513999,0.457293,0.918830,0.545119,0.502878,0.081890,0.666013,-0.433313,0.564657,0.469537,0.062065,-0.619834,0.705612,-0.194229
2026-03-27T17:56:55.900521+00:00,7.645000,1774634215900520400,-0.275521,0.348764,0.505074,0.660786,-0.068334,0.744529,0.070274,-0.515570,0.459900,0.924811,0.544961,0.503362,0.083391,0.665592,-0.434136,0.566094,0.473440,0.056715,-0.633188,0.720895,-0.204205
2026-03-27T17:56:55.918332+00:00,7.662812,1774634215918331700,-0.277803,0.349675,0.509943,0.661091,-0.069758,0.744232,0.069131,-0.517325,0.462761,0.931366,0.544443,0.503866,0.084846,0.665451,-0.435315,0.567766,0.478067,0.052350,-0.630746,0.717781,-0.209131
2026-03-27T17:56:55.935255+00:00,7.679735,1774634215935255200,-0.279952,0.350196,0.513779,0.662923,-0.072008,0.742385,0.068413,-0.518836,0.465852,0.935998,0.542386,0.503221,0.087603,0.666617,-0.435458,0.569755,0.481097,0.046664,-0.701418,0.799425,-0.242029
2026-03-27T17:56:55.952106+00:00,7.696587,1774634215952106600,-0.282024,0.350589,0.517514,0.665027,-0.074055,0.740273,0.068274,-0.520478,0.468823,0.940516,0.540931,0.503235,0.088854,0.667480,-0.435460,0.571752,0.483842,0.052869,-0.622275,0.712312,-0.223768
2026-03-27T17:56:55.969175+00:00,7.713654,1774634215969174400,-0.283969,0.350939,0.521328,0.667080,-0.075779,0.737675,0.068596,-0.522288,0.471913,0.944404,0.539880,0.502590,0.089138,0.669630,-0.435406,0.574225,0.486605,0.053476,-0.637328,0.734070,-0.239397
2026-03-27T17:56:55.986348+00:00,7.730828,1774634215986348100,-0.285749,0.351198,0.524957,0.668445,-0.077324,0.736848,0.068969,-0.524266,0.475106,0.947637,0.540229,0.500678,0.087995,0.670325,-0.434947,0.576656,0.488721,0.051700,-0.687850,0.799273,-0.269153
2026-03-27T17:56:56.003621+00:00,7.748101,1774634216003620600,-0.287520,0.351477,0.528676,0.670206,-0.078797,0.735059,0.069265,-0.526264,0.478314,0.950420,0.540781,0.498418,0.086362,0.671776,-0.434474,0.579293,0.491117,0.054606,-0.677321,0.793619,-0.275823
2026-03-27T17:56:56.020569+00:00,7.765049,1774634216020568600,-0.288573,0.351759,0.531787,0.671336,-0.079569,0.733997,0.068377,-0.527932,0.481481,0.951844,0.543058,0.495517,0.084783,0.672019,-0.433472,0.581199,0.492225,0.059936,-0.634268,0.750035,-0.265385
2026-03-27T17:56:56.037439+00:00,7.781919,1774634216037438600,-0.289566,0.352090,0.534856,0.672882,-0.080113,0.732464,0.067458,-0.529509,0.484700,0.952941,0.544960,0.494113,0.084704,0.672062,-0.432729,0.583053,0.493449,0.066976,-0.581541,0.693248,-0.251340
2026-03-27T17:56:56.054526+00:00,7.799006,1774634216054526300,-0.290467,0.352556,0.537948,0.674849,-0.080137,0.730088,0.066409,-0.531058,0.488093,0.953236,0.548183,0.492321,0.086388,0.670125,-0.431956,0.584852,0.494466,0.067414,-0.594044,0.713272,-0.265256
2026-03-27T17:56:56.071564+00:00,7.816044,1774634216071564200,-0.291116,0.353088,0.540732,0.676636,-0.078579,0.728809,0.065506,-0.532536,0.491492,0.952973,0.551223,0.491427,0.089289,0.668538,-0.431235,0.586241,0.494676,0.068309,-0.591633,0.715416,-0.270706
2026-03-27T17:56:56.093205+00:00,7.837686,1774634216093205500,-0.291751,0.353812,0.543925,0.678300,-0.077385,0.728248,0.064339,-0.534405,0.495639,0.952187,0.555613,0.489067,0.093283,0.665485,-0.430560,0.587913,0.494976,0.065166,-0.626824,0.763113,-0.293547
2026-03-27T17:56:56.108579+00:00,7.853059,1774634216108579300,-0.292149,0.354404,0.546216,0.679956,-0.076653,0.726400,0.063313,-0.536072,0.498852,0.950379,0.559447,0.486556,0.097134,0.663204,-0.430242,0.588960,0.494704,0.069856,-0.586949,0.716691,-0.278487
2026-03-27T17:56:56.125998+00:00,7.870479,1774634216125998700,-0.292569,0.354945,0.548426,0.681623,-0.076044,0.725125,0.062420,-0.537969,0.501859,0.947995,0.563331,0.484649,0.101554,0.661761,-0.430033,0.589272,0.494415,0.066783,-0.622043,0.763124,-0.299205
2026-03-27T17:56:56.142706+00:00,7.887186,1774634216142706100,-0.292905,0.355388,0.550373,0.683399,-0.075646,0.723346,0.061435,-0.540040,0.504396,0.945174,0.567957,0.481361,0.106094,0.658624,-0.429907,0.589308,0.493224,0.073438,-0.584882,0.721978,-0.286855
2026-03-27T17:56:56.159807+00:00,7.904287,1774634216159807100,-0.293255,0.355696,0.552144,0.685581,-0.075445,0.721153,0.060609,-0.542435,0.506427,0.941809,0.571819,0.478483,0.111187,0.656979,-0.429958,0.588980,0.491379,0.076028,-0.601550,0.747181,-0.301892
2026-03-27T17:56:56.176585+00:00,7.921065,1774634216176585000,-0.293587,0.355846,0.553687,0.687261,-0.075205,0.719984,0.060272,-0.545223,0.507895,0.938035,0.575690,0.473797,0.115877,0.655449,-0.430304,0.587896,0.489071,0.083362,-0.589717,0.737037,-0.303157
2026-03-27T17:56:56.193622+00:00,7.938102,1774634216193622300,-0.293969,0.355906,0.555194,0.688684,-0.074815,0.718617,0.060226,-0.548575,0.508792,0.933611,0.578670,0.468076,0.119994,0.657218,-0.431061,0.586106,0.486238,0.091071,-0.578300,0.726475,-0.303596
2026-03-27T17:56:56.210659+00:00,7.955139,1774634216210658900,-0.294359,0.355866,0.556365,0.690079,-0.074542,0.717667,0.060600,-0.552410,0.508928,0.929116,0.582280,0.460208,0.122847,0.658809,-0.432756,0.583709,0.482753,0.092296,-0.606736,0.762412,-0.324143
2026-03-27T17:56:56.227681+00:00,7.972161,1774634216227681200,-0.294846,0.355753,0.557527,0.691649,-0.074574,0.715584,0.060922,-0.556791,0.508568,0.923937,0.584292,0.451635,0.124766,0.663003,-0.434915,0.580689,0.479026,0.101424,-0.581856,0.729888,-0.315806
2026-03-27T17:56:56.244436+00:00,7.988916,1774634216244436000,-0.295316,0.355576,0.558254,0.692608,-0.074995,0.714599,0.061098,-0.561395,0.507851,0.918817,0.586771,0.441581,0.125651,0.667081,-0.437792,0.576838,0.474395,0.103477,-0.593996,0.738162,-0.324332
2026-03-27T17:56:56.262614+00:00,8.007094,1774634216262614200,-0.295964,0.355079,0.558939,0.693638,-0.076027,0.714015,0.061499,-0.566764,0.506334,0.912569,0.588827,0.430088,0.126060,0.673116,-0.441483,0.571835,0.469026,0.107458,-0.588724,0.721379,-0.322045
2026-03-27T17:56:56.279005+00:00,8.023485,1774634216279005300,-0.296770,0.354468,0.559363,0.694767,-0.077829,0.712448,0.062130,-0.571824,0.504313,0.906827,0.591831,0.419398,0.126194,0.676823,-0.445328,0.566362,0.463200,0.102947,-0.603433,0.723124,-0.327122
2026-03-27T17:56:56.296286+00:00,8.040766,1774634216296286300,-0.297514,0.353752,0.559552,0.695830,-0.079483,0.711259,0.062947,-0.577289,0.501886,0.900458,0.594711,0.408904,0.126536,0.680325,-0.449113,0.560598,0.456612,0.098214,-0.612881,0.719868,-0.329438
2026-03-27T17:56:56.314994+00:00,8.059474,1774634216314993700,-0.298483,0.353038,0.559649,0.697489,-0.081351,0.709188,0.064031,-0.582808,0.498849,0.893337,0.596644,0.399611,0.127052,0.684469,-0.452832,0.554119,0.449720,0.093394,-0.614302,0.706055,-0.327376
2026-03-27T17:56:56.332574+00:00,8.077054,1774634216332574100,-0.299398,0.352222,0.559488,0.699101,-0.083338,0.707260,0.065204,-0.588849,0.495414,0.885502,0.599028,0.389384,0.127466,0.688191,-0.456809,0.547023,0.441842,0.087085,-0.622212,0.698538,-0.328399
2026-03-27T17:56:56.349333+00:00,8.093813,1774634216349333300,-0.300361,0.351501,0.559328,0.700764,-0.085212,0.705194,0.066458,-0.594551,0.491289,0.877434,0.599324,0.383280,0.127303,0.691023,-0.459102,0.539174,0.433801,0.079291,-0.648480,0.716946,-0.342221
2026-03-27T17:56:56.366484+00:00,8.110964,1774634216366484000,-0.301467,0.350779,0.559079,0.702637,-0.087217,0.703257,0.067950,-0.600413,0.487355,0.869365,0.600006,0.375952,0.127255,0.694447,-0.461548,0.531699,0.426199,0.075017,-0.660747,0.720471,-0.349245
2026-03-27T17:56:56.383476+00:00,8.127956,1774634216383476100,-0.302399,0.349945,0.558495,0.704855,-0.089188,0.700164,0.069727,-0.606496,0.483202,0.860633,0.600551,0.368192,0.126939,0.698113,-0.462975,0.523924,0.417466,0.075736,-0.664715,0.721267,-0.357595
2026-03-27T17:56:56.400480+00:00,8.144960,1774634216400479900,-0.303521,0.349188,0.557806,0.707022,-0.091432,0.697452,0.071478,-0.612759,0.478918,0.851657,0.600593,0.360641,0.126191,0.702975,-0.464092,0.515961,0.408306,0.080568,-0.637169,0.687131,-0.350001
2026-03-27T17:56:56.418439+00:00,8.162919,1774634216418439000,-0.304504,0.348321,0.556822,0.709122,-0.093734,0.694823,0.073287,-0.619495,0.473903,0.841413,0.601904,0.351790,0.124247,0.706211,-0.464768,0.507144,0.397908,0.086407,-0.610503,0.654639,-0.343584
2026-03-27T17:56:56.435474+00:00,8.179954,1774634216435474000,-0.305490,0.347826,0.555436,0.711420,-0.095238,0.692443,0.073619,-0.626043,0.468904,0.831468,0.602965,0.343339,0.121513,0.709948,-0.465012,0.498592,0.387991,0.088301,-0.617111,0.657676,-0.354776
2026-03-27T17:56:56.454359+00:00,8.198838,1774634216454358400,-0.306641,0.347269,0.553954,0.713850,-0.096710,0.689965,0.074238,-0.633164,0.462966,0.819960,0.603269,0.334307,0.118236,0.714029,-0.465195,0.489359,0.377044,0.090071,-0.623857,0.660583,-0.366409
2026-03-27T17:56:56.470836+00:00,8.215316,1774634216470836200,-0.307617,0.346665,0.551998,0.716673,-0.098146,0.686631,0.074488,-0.640021,0.457042,0.808828,0.602788,0.325960,0.114682,0.719269,-0.464923,0.480175,0.365586,0.094169,-0.616372,0.648542,-0.370860
2026-03-27T17:56:56.487387+00:00,8.231867,1774634216487386700,-0.308885,0.346094,0.550053,0.719855,-0.099903,0.682934,0.074674,-0.646793,0.450445,0.796933,0.601980,0.316873,0.110473,0.724191,-0.463986,0.471362,0.354643,0.095837,-0.635483,0.664932,-0.391854
2026-03-27T17:56:56.504689+00:00,8.249170,1774634216504689500,-0.310023,0.345321,0.547541,0.722763,-0.102059,0.679715,0.075017,-0.653701,0.443588,0.784786,0.600808,0.307061,0.105103,0.730241,-0.462394,0.461989,0.342595,0.103304,-0.630093,0.657771,-0.399009
2026-03-27T17:56:56.524073+00:00,8.268553,1774634216524073000,-0.311364,0.344349,0.544424,0.726174,-0.105054,0.675139,0.075692,-0.661287,0.435125,0.770375,0.599276,0.295498,0.097682,0.737680,-0.460157,0.451598,0.329200,0.111352,-0.632548,0.658339,-0.412171
2026-03-27T17:56:56.540311+00:00,8.284791,1774634216540311400,-0.312564,0.343474,0.541619,0.729218,-0.107655,0.671378,0.076240,-0.668054,0.427500,0.757502,0.597929,0.284849,0.091009,0.743791,-0.458178,0.442350,0.317273,0.119115,-0.629374,0.653201,-0.420502
2026-03-27T17:56:56.557868+00:00,8.302348,1774634216557868000,-0.314364,0.342391,0.538051,0.733178,-0.111435,0.666342,0.077578,-0.674711,0.418188,0.743255,0.595095,0.272220,0.081562,0.751421,-0.453676,0.431437,0.304422,0.132727,-0.615462,0.634903,-0.426559
2026-03-27T17:56:56.574897+00:00,8.319377,1774634216574897100,-0.316079,0.341527,0.534522,0.736821,-0.113805,0.661573,0.078524,-0.681286,0.409222,0.729042,0.591201,0.260793,0.073751,0.759845,-0.449026,0.421343,0.292297,0.145697,-0.608756,0.629139,-0.437195
2026-03-27T17:56:56.591921+00:00,8.336401,1774634216591920800,-0.317782,0.340518,0.530733,0.740452,-0.117020,0.656875,0.079296,-0.687792,0.400029,0.714304,0.587331,0.248354,0.066674,0.767667,-0.444148,0.411276,0.280223,0.156625,-0.615135,0.637351,-0.456556
2026-03-27T17:56:56.608873+00:00,8.353353,1774634216608873300,-0.319380,0.339270,0.526344,0.744298,-0.121128,0.651475,0.080150,-0.694113,0.390165,0.698806,0.582736,0.234597,0.060165,0.775553,-0.438663,0.400650,0.267686,0.174119,-0.597596,0.620194,-0.459914
2026-03-27T17:56:56.626277+00:00,8.370757,1774634216626277500,-0.321225,0.337856,0.521974,0.747691,-0.125398,0.647350,0.081502,-0.700337,0.380116,0.682762,0.577646,0.220464,0.054108,0.784221,-0.432796,0.389866,0.255449,0.186909,-0.598420,0.621088,-0.478084
2026-03-27T17:56:56.643125+00:00,8.387605,1774634216643125100,-0.322855,0.336578,0.517194,0.751381,-0.128235,0.642172,0.083268,-0.706098,0.369977,0.666634,0.572896,0.206975,0.048593,0.791387,-0.426949,0.378961,0.243266,0.202439,-0.587029,0.609850,-0.485861
2026-03-27T17:56:56.660321+00:00,8.404801,1774634216660320900,-0.324637,0.335356,0.512449,0.754785,-0.130098,0.637274,0.085188,-0.711635,0.359403,0.649743,0.568419,0.193342,0.043287,0.798293,-0.421060,0.368002,0.231356,0.215991,-0.583653,0.605531,-0.498132
2026-03-27T17:56:56.677669+00:00,8.422149,1774634216677669300,-0.326284,0.334109,0.507197,0.758369,-0.132170,0.632026,0.087089,-0.716848,0.349082,0.632654,0.564232,0.179192,0.038749,0.804985,-0.414890,0.356500,0.218894,0.230589,-0.577619,0.597831,-0.508234
2026-03-27T17:56:56.694384+00:00,8.438864,1774634216694384000,-0.327929,0.332783,0.501940,0.761658,-0.134985,0.627344,0.088265,-0.721373,0.338437,0.615419,0.561241,0.164615,0.035337,0.809758,-0.408762,0.345341,0.207335,0.246915,-0.569771,0.585632,-0.516282
2026-03-27T17:56:56.711310+00:00,8.455790,1774634216711309900,-0.329531,0.331487,0.496143,0.764910,-0.136788,0.623036,0.089847,-0.725463,0.328234,0.598154,0.556664,0.149886,0.032403,0.816905,-0.402561,0.334039,0.195323,0.261682,-0.566067,0.578214,-0.528534
2026-03-27T17:56:56.728453+00:00,8.472933,1774634216728453000,-0.331267,0.330262,0.490389,0.767720,-0.137458,0.619285,0.091989,-0.729301,0.317673,0.579970,0.553025,0.134012,0.029555,0.822246,-0.396839,0.323075,0.183703,0.277637,-0.558768,0.567509,-0.536485
2026-03-27T17:56:56.745474+00:00,8.489954,1774634216745473600,-0.332889,0.329059,0.484100,0.770517,-0.138171,0.614983,0.093987,-0.732707,0.307248,0.561581,0.551002,0.118440,0.027001,0.825341,-0.391137,0.312006,0.172186,0.292629,-0.553737,0.557731,-0.545999
2026-03-27T17:56:56.766035+00:00,8.510515,1774634216766034600,-0.334755,0.327728,0.477266,0.773239,-0.139985,0.611110,0.095365,-0.735907,0.296412,0.542189,0.548809,0.102486,0.024592,0.829002,-0.384945,0.299946,0.159879,0.307785,-0.548401,0.545584,-0.555293
2026-03-27T17:56:56.780829+00:00,8.525309,1774634216780828700,-0.336535,0.326466,0.470185,0.776083,-0.142278,0.606846,0.096018,-0.738008,0.286249,0.523797,0.548868,0.089005,0.023899,0.830720,-0.379378,0.288460,0.148497,0.321644,-0.543450,0.532427,-0.563554
2026-03-27T17:56:56.796829+00:00,8.541309,1774634216796829300,-0.338292,0.325289,0.462947,0.778806,-0.144197,0.602907,0.096797,-0.739787,0.276563,0.506326,0.548544,0.076834,0.024019,0.832682,-0.374000,0.277057,0.137239,0.333682,-0.540109,0.519727,-0.570034
2026-03-27T17:56:56.813962+00:00,8.558442,1774634216813962500,-0.340167,0.324080,0.455008,0.781653,-0.145586,0.598573,0.097535,-0.741136,0.266352,0.487582,0.548539,0.064865,0.024851,0.833676,-0.368636,0.264940,0.125511,0.344400,-0.539311,0.506879,-0.576793
2026-03-27T17:56:56.830960+00:00,8.575439,1774634216830959500,-0.342146,0.322759,0.447104,0.784445,-0.147162,0.594559,0.098851,-0.742069,0.256309,0.469589,0.549005,0.053701,0.026351,0.833486,-0.363648,0.253039,0.114308,0.353814,-0.540063,0.495420,-0.583366
2026-03-27T17:56:56.847942+00:00,8.592422,1774634216847942500,-0.344194,0.321283,0.438569,0.787454,-0.149266,0.589480,0.100137,-0.742511,0.245975,0.451131,0.549280,0.043419,0.028193,0.834411,-0.358322,0.240823,0.102789,0.365023,-0.538020,0.481743,-0.586788
2026-03-27T17:56:56.864983+00:00,8.609463,1774634216864983000,-0.346363,0.319728,0.429994,0.790342,-0.152030,0.584829,0.101581,-0.742731,0.235725,0.433203,0.549821,0.032971,0.029904,0.833927,-0.353174,0.228830,0.091649,0.376547,-0.537460,0.468076,-0.591573
2026-03-27T17:56:56.882188+00:00,8.626667,1774634216882187400,-0.348590,0.318137,0.420892,0.793091,-0.154302,0.579999,0.103621,-0.742571,0.224974,0.414785,0.548994,0.021352,0.031239,0.835013,-0.347588,0.216287,0.080242,0.388498,-0.536795,0.453093,-0.597638
2026-03-27T17:56:56.899225+00:00,8.643705,1774634216899224700,-0.350852,0.316560,0.411982,0.795266,-0.156657,0.576117,0.106245,-0.742237,0.214058,0.396695,0.547727,0.007949,0.031906,0.835700,-0.342433,0.203598,0.069487,0.400208,-0.534544,0.436529,-0.602178
2026-03-27T17:56:56.916633+00:00,8.661112,1774634216916632500,-0.353175,0.314890,0.402260,0.797659,-0.159160,0.571511,0.109311,-0.741741,0.202659,0.379324,0.544378,-0.004984,0.032503,0.838275,-0.337408,0.189806,0.058967,0.407791,-0.536149,0.421239,-0.608152
2026-03-27T17:56:56.933806+00:00,8.678286,1774634216933806300,-0.355345,0.313333,0.392893,0.800045,-0.161520,0.566652,0.112167,-0.740997,0.191022,0.361880,0.541757,-0.017031,0.033176,0.839101,-0.332305,0.175931,0.048380,0.414965,-0.537346,0.406174,-0.612103
2026-03-27T17:56:56.950776+00:00,8.695256,1774634216950776200,-0.357542,0.311890,0.383023,0.802346,-0.163698,0.562577,0.114893,-0.739890,0.179119,0.344704,0.538589,-0.029335,0.034062,0.841181,-0.327832,0.162331,0.038258,0.420545,-0.540635,0.390741,-0.614737
2026-03-27T17:56:56.967822+00:00,8.712302,1774634216967821600,-0.359502,0.310742,0.373343,0.805253,-0.164952,0.557269,0.117007,-0.738962,0.167347,0.328265,0.534674,-0.042820,0.035684,0.843816,-0.323288,0.148660,0.027964,0.425664,-0.545177,0.375763,-0.617833
2026-03-27T17:56:56.985792+00:00,8.730272,1774634216985792100,-0.361535,0.309535,0.362590,0.808238,-0.165940,0.552209,0.119144,-0.737793,0.154691,0.310867,0.531880,-0.056860,0.038625,0.844321,-0.318461,0.134336,0.017205,0.432136,-0.548141,0.359324,-0.619427
2026-03-27T17:56:57.004364+00:00,8.748843,1774634217004363500,-0.363577,0.308310,0.351620,0.811343,-0.167002,0.546844,0.121287,-0.736605,0.141830,0.293218,0.529091,-0.070973,0.041903,0.844853,-0.313522,0.119706,0.006222,0.438148,-0.551693,0.342683,-0.621476
2026-03-27T17:56:57.020997+00:00,8.765477,1774634217020996800,-0.364775,0.307151,0.342134,0.814685,-0.168088,0.541385,0.122172,-0.735331,0.130290,0.278176,0.529985,-0.081095,0.049920,0.842418,-0.309548,0.106421,-0.002405,0.443329,-0.551903,0.327785,-0.626710
2026-03-27T17:56:57.038179+00:00,8.782659,1774634217038179400,-0.366339,0.305645,0.332153,0.817273,-0.169623,0.536985,0.123440,-0.734329,0.118676,0.263111,0.530228,-0.092522,0.056455,0.840216,-0.305552,0.092641,-0.011490,0.446882,-0.552027,0.314324,-0.628988
2026-03-27T17:56:57.054956+00:00,8.799436,1774634217054955900,-0.367774,0.304208,0.322349,0.820049,-0.171425,0.531423,0.124373,-0.733695,0.107519,0.248856,0.529534,-0.103493,0.062903,0.840119,-0.302619,0.079245,-0.019860,0.445367,-0.554890,0.307809,-0.630740
2026-03-27T17:56:57.071965+00:00,8.816445,1774634217071964600,-0.369007,0.302725,0.312936,0.822431,-0.173057,0.527352,0.125232,-0.732817,0.096409,0.234679,0.529258,-0.113291,0.069258,0.838243,-0.299828,0.066274,-0.028122,0.442535,-0.560817,0.299600,-0.632533
2026-03-27T17:56:57.089211+00:00,8.833691,1774634217089210900,-0.370208,0.301344,0.303446,0.825155,-0.174014,0.522581,0.125717,-0.731871,0.085139,0.220912,0.528052,-0.122523,0.075081,0.836545,-0.297086,0.053385,-0.036293,0.440632,-0.566413,0.289552,-0.633725
2026-03-27T17:56:57.106038+00:00,8.850518,1774634217106038200,-0.371450,0.300036,0.294235,0.827483,-0.174691,0.518339,0.126173,-0.730908,0.074167,0.208042,0.526903,-0.131180,0.079550,0.835663,-0.294621,0.041915,-0.043395,0.440309,-0.570339,0.277870,-0.633290
2026-03-27T17:56:57.122929+00:00,8.867409,1774634217122928800,-0.372681,0.298596,0.285268,0.829712,-0.175764,0.514427,0.126818,-0.729905,0.063471,0.195538,0.526033,-0.139788,0.083334,0.834604,-0.292268,0.030735,-0.050151,0.440354,-0.575210,0.268221,-0.634913
2026-03-27T17:56:57.139873+00:00,8.884353,1774634217139872700,-0.373923,0.297042,0.276506,0.831457,-0.177289,0.510992,0.127815,-0.729027,0.052808,0.183851,0.526168,-0.147629,0.087257,0.832470,-0.290269,0.020275,-0.056315,0.442730,-0.578487,0.259301,-0.635079
2026-03-27T17:56:57.156835+00:00,8.901315,1774634217156835000,-0.375057,0.295547,0.268017,0.833116,-0.179159,0.507325,0.128548,-0.727989,0.042743,0.172567,0.527583,-0.154231,0.092534,0.829854,-0.288666,0.010496,-0.062001,0.447458,-0.579624,0.250158,-0.633914
2026-03-27T17:56:57.173860+00:00,8.918340,1774634217173859900,-0.376073,0.293977,0.259631,0.834804,-0.181038,0.503600,0.129230,-0.727098,0.032957,0.162033,0.531455,-0.158812,0.100267,0.826293,-0.287266,0.001195,-0.067357,0.452648,-0.581182,0.241753,-0.632630
2026-03-27T17:56:57.191424+00:00,8.935904,1774634217191423800,-0.377232,0.292323,0.251228,0.836490,-0.183083,0.499836,0.129833,-0.726093,0.023573,0.151850,0.538414,-0.161636,0.110601,0.819682,-0.286647,-0.007763,-0.072445,0.458165,-0.582971,0.233581,-0.629496
2026-03-27T17:56:57.207848+00:00,8.952328,1774634217207848100,-0.378245,0.290510,0.243553,0.838066,-0.184909,0.496644,0.130387,-0.725378,0.014375,0.142970,0.544297,-0.164269,0.121687,0.814220,-0.286287,-0.015984,-0.077346,0.461937,-0.587082,0.225240,-0.626325
2026-03-27T17:56:57.224983+00:00,8.969463,1774634217224982900,-0.379216,0.288889,0.235815,0.839856,-0.186363,0.492743,0.131203,-0.724931,0.005205,0.134184,0.548962,-0.167291,0.131745,0.807966,-0.286588,-0.023989,-0.082094,0.464471,-0.592240,0.215947,-0.621929
2026-03-27T17:56:57.241922+00:00,8.986402,1774634217241922400,-0.379997,0.287244,0.228709,0.841270,-0.187417,0.489559,0.132102,-0.724728,-0.003793,0.125618,0.550887,-0.171431,0.141083,0.805198,-0.286654,-0.031391,-0.086536,0.464879,-0.598069,0.207324,-0.618461
2026-03-27T17:56:57.258941+00:00,9.003421,1774634217258940700,-0.380781,0.285606,0.221791,0.842673,-0.188365,0.486469,0.133250,-0.724718,-0.012916,0.117698,0.551552,-0.175103,0.149567,0.801215,-0.286974,-0.038750,-0.090729,0.464583,-0.603932,0.200797,-0.615648
2026-03-27T17:56:57.275680+00:00,9.020160,1774634217275679500,-0.381560,0.283976,0.215228,0.843701,-0.189277,0.483954,0.134433,-0.724754,-0.021525,0.110117,0.548916,-0.178407,0.158107,0.801914,-0.287693,-0.045678,-0.094301,0.464102,-0.608589,0.196011,-0.613382
2026-03-27T17:56:57.292766+00:00,9.037246,1774634217292765700,-0.382240,0.282240,0.208868,0.844697,-0.190340,0.481422,0.135741,-0.725115,-0.030246,0.102676,0.546025,-0.181124,0.166562,0.801578,-0.288593,-0.052524,-0.097656,0.463543,-0.612731,0.191919,-0.611387
2026-03-27T17:56:57.309704+00:00,9.054184,1774634217309704000,-0.382860,0.280499,0.202805,0.845527,-0.191590,0.479252,0.136861,-0.725257,-0.039033,0.096879,0.540937,-0.181647,0.173844,0.801823,-0.289262,-0.059037,-0.100958,0.463639,-0.615854,0.188651,-0.609767
2026-03-27T17:56:57.326817+00:00,9.071297,1774634217326816700,-0.383379,0.278778,0.196932,0.846238,-0.192710,0.477135,0.137771,-0.726151,-0.047888,0.090843,0.535523,-0.183058,0.181416,0.803541,-0.290234,-0.065069,-0.104031,0.464806,-0.618115,0.184855,-0.607739
2026-03-27T17:56:57.343943+00:00,9.088423,1774634217343943300,-0.383832,0.277073,0.191235,0.846850,-0.193832,0.475530,0.138578,-0.727152,-0.055956,0.085198,0.529379,-0.184083,0.189539,0.806874,-0.291049,-0.071028,-0.107473,0.465500,-0.620560,0.180387,-0.605233
2026-03-27T17:56:57.360966+00:00,9.105446,1774634217360965600,-0.384121,0.275454,0.185928,0.847464,-0.195224,0.473668,0.139331,-0.728284,-0.063611,0.079998,0.524330,-0.183745,0.197575,0.806952,-0.292201,-0.076733,-0.110636,0.465868,-0.624037,0.175512,-0.603083
2026-03-27T17:56:57.377960+00:00,9.122440,1774634217377959900,-0.384335,0.273862,0.180743,0.848169,-0.196503,0.471423,0.140035,-0.729082,-0.070919,0.075705,0.520116,-0.182257,0.206634,0.808333,-0.293303,-0.082392,-0.114043,0.466302,-0.626959,0.169555,-0.599565
2026-03-27T17:56:57.395226+00:00,9.139706,1774634217395225900,-0.384352,0.272373,0.175930,0.849138,-0.197957,0.469199,0.140629,-0.730325,-0.078014,0.071334,0.516781,-0.180906,0.215407,0.808397,-0.294383,-0.087634,-0.117279,0.464332,-0.630949,0.165873,-0.598427
2026-03-27T17:56:57.412786+00:00,9.157266,1774634217412786300,-0.384384,0.271080,0.170982,0.850589,-0.198794,0.465933,0.140842,-0.731182,-0.084732,0.067741,0.510523,-0.180632,0.223958,0.810668,-0.294781,-0.092475,-0.120652,0.462975,-0.633321,0.162188,-0.598370
2026-03-27T17:56:57.437201+00:00,9.181681,1774634217437200900,-0.384146,0.269389,0.164585,0.852575,-0.199924,0.461681,0.141242,-0.733039,-0.093945,0.062534,0.502008,-0.179710,0.235343,0.812979,-0.295811,-0.098947,-0.124924,0.461685,-0.636734,0.156399,-0.597284
2026-03-27T17:56:57.449182+00:00,9.193662,1774634217449181600,-0.384113,0.268802,0.161635,0.853493,-0.199848,0.459767,0.141803,-0.733485,-0.097561,0.060922,0.497314,-0.179917,0.236710,0.814584,-0.295727,-0.101311,-0.127096,0.463049,-0.637763,0.155162,-0.596343
2026-03-27T17:56:57.465929+00:00,9.210409,1774634217465928900,-0.383871,0.267892,0.157492,0.854667,-0.200149,0.457523,0.142168,-0.734769,-0.102869,0.058202,0.491304,-0.179734,0.241030,0.817869,-0.295992,-0.104991,-0.130173,0.464984,-0.638280,0.152882,-0.594473
2026-03-27T17:56:57.482887+00:00,9.227367,1774634217482886800,-0.383606,0.267158,0.153975,0.855828,-0.200566,0.455050,0.142374,-0.735369,-0.107701,0.056149,0.487021,-0.178740,0.242551,0.819375,-0.296304,-0.108145,-0.133099,0.467326,-0.638290,0.150383,-0.592647
2026-03-27T17:56:57.500041+00:00,9.244521,1774634217500040600,-0.383326,0.266464,0.150318,0.856746,-0.200992,0.453193,0.142187,-0.736660,-0.112635,0.054156,0.481185,-0.177987,0.243875,0.823088,-0.296522,-0.111510,-0.136224,0.469541,-0.638360,0.146959,-0.591934
2026-03-27T17:56:57.517009+00:00,9.261489,1774634217517009400,-0.383022,0.265908,0.147359,0.857500,-0.201743,0.451605,0.142053,-0.737455,-0.117062,0.052647,0.473704,-0.179480,0.243872,0.827877,-0.296771,-0.114494,-0.139063,0.470742,-0.639250,0.143022,-0.591163
2026-03-27T17:56:57.534370+00:00,9.278850,1774634217534370400,-0.382684,0.265423,0.144462,0.858116,-0.202465,0.449979,0.141769,-0.738532,-0.120967,0.051594,0.467492,-0.179131,0.245395,0.829633,-0.297198,-0.117765,-0.142126,0.471034,-0.641078,0.139677,-0.589827
2026-03-27T17:56:57.551342+00:00,9.295823,1774634217551342700,-0.382312,0.265037,0.141774,0.858488,-0.203213,0.448975,0.141630,-0.739620,-0.124147,0.051251,0.461757,-0.178213,0.248258,0.833052,-0.297807,-0.120796,-0.145072,0.471121,-0.643182,0.137005,-0.586319
2026-03-27T17:56:57.568209+00:00,9.312689,1774634217568209000,-0.381924,0.264825,0.139723,0.858871,-0.203364,0.448222,0.141629,-0.740509,-0.126692,0.051416,0.457456,-0.174967,0.250501,0.835365,-0.298594,-0.123980,-0.148256,0.470066,-0.647884,0.134561,-0.584142
2026-03-27T17:56:57.585099+00:00,9.329579,1774634217585099300,-0.381471,0.264770,0.137407,0.859256,-0.203294,0.447727,0.141459,-0.741420,-0.128554,0.051840,0.454296,-0.171387,0.250748,0.836635,-0.299403,-0.127166,-0.151523,0.469817,-0.652851,0.130983,-0.579983
2026-03-27T17:56:57.601859+00:00,9.346339,1774634217601859300,-0.380963,0.264781,0.135293,0.859723,-0.203184,0.446735,0.140962,-0.741988,-0.129946,0.052897,0.449921,-0.168099,0.251386,0.840036,-0.300290,-0.129921,-0.154572,0.470280,-0.656601,0.125928,-0.575621
2026-03-27T17:56:57.618937+00:00,9.363417,1774634217618936900,-0.380450,0.264819,0.133782,0.860109,-0.203076,0.446289,0.140445,-0.743092,-0.130543,0.054656,0.444778,-0.165062,0.251898,0.844179,-0.301066,-0.132505,-0.157569,0.470775,-0.660836,0.118733,-0.572449
2026-03-27T17:56:57.636997+00:00,9.381477,1774634217636997400,-0.379900,0.265030,0.132307,0.860547,-0.203002,0.445655,0.139883,-0.744307,-0.130769,0.056931,0.440089,-0.161565,0.251960,0.847307,-0.301881,-0.135215,-0.160709,0.471323,-0.665007,0.111354,-0.568637
2026-03-27T17:56:57.653951+00:00,9.398431,1774634217653951200,-0.379401,0.265109,0.130809,0.860726,-0.202836,0.445468,0.139574,-0.745172,-0.129935,0.059992,0.439054,-0.158371,0.248541,0.848075,-0.301944,-0.137752,-0.163667,0.471581,-0.668170,0.104847,-0.565712
2026-03-27T17:56:57.671018+00:00,9.415498,1774634217671017800,-0.379000,0.265316,0.129555,0.860567,-0.202899,0.446037,0.139469,-0.745931,-0.128260,0.063481,0.437690,-0.155495,0.245880,0.850014,-0.302025,-0.140143,-0.166544,0.471750,-0.671920,0.099821,-0.563731
2026-03-27T17:56:57.687714+00:00,9.432194,1774634217687714400,-0.378620,0.265638,0.128844,0.860454,-0.202786,0.446021,0.139286,-0.746890,-0.125589,0.067945,0.436432,-0.152364,0.243796,0.852781,-0.301959,-0.142052,-0.169112,0.473421,-0.673077,0.095750,-0.560034
2026-03-27T17:56:57.704752+00:00,9.449232,1774634217704752400,-0.378403,0.265952,0.127945,0.859701,-0.203041,0.447296,0.139618,-0.747287,-0.122216,0.072895,0.436534,-0.149707,0.240430,0.854849,-0.301350,-0.143475,-0.171500,0.476966,-0.672911,0.092334,-0.558238
2026-03-27T17:56:57.721748+00:00,9.466228,1774634217721747800,-0.378222,0.266366,0.127632,0.858786,-0.203269,0.448983,0.139966,-0.747874,-0.118038,0.078892,0.437878,-0.147344,0.235704,0.855475,-0.300579,-0.144709,-0.173789,0.480249,-0.673400,0.088339,-0.554283
2026-03-27T17:56:57.738823+00:00,9.483303,1774634217738823400,-0.378124,0.266813,0.127066,0.857625,-0.203497,0.450875,0.140467,-0.748197,-0.113056,0.085851,0.442384,-0.144444,0.228609,0.854179,-0.298923,-0.145454,-0.175769,0.483748,-0.673509,0.083151,-0.552560
2026-03-27T17:56:57.755565+00:00,9.500045,1774634217755565000,-0.378067,0.267312,0.127081,0.856201,-0.203724,0.453373,0.141131,-0.747862,-0.107216,0.093708,0.447728,-0.141800,0.223046,0.853413,-0.297262,-0.145970,-0.177833,0.488179,-0.672826,0.079891,-0.549733
2026-03-27T17:56:57.773101+00:00,9.517581,1774634217773100900,-0.377999,0.267827,0.127041,0.854451,-0.204251,0.456229,0.141798,-0.747710,-0.100684,0.102820,0.452485,-0.139332,0.218681,0.854118,-0.295198,-0.146761,-0.180050,0.490500,-0.673077,0.078660,-0.547287
2026-03-27T17:56:57.789723+00:00,9.534203,1774634217789723200,-0.377902,0.268406,0.127031,0.852523,-0.204717,0.459430,0.142332,-0.745938,-0.093291,0.112484,0.459590,-0.135592,0.217290,0.851027,-0.292761,-0.147228,-0.182186,0.491098,-0.673716,0.079762,-0.547579
2026-03-27T17:56:57.806787+00:00,9.551267,1774634217806787500,-0.377847,0.269131,0.127370,0.850378,-0.205112,0.463125,0.142731,-0.743333,-0.085818,0.122764,0.467759,-0.131820,0.215149,0.847244,-0.290123,-0.147451,-0.184263,0.493000,-0.671552,0.079165,-0.546592
2026-03-27T17:56:57.823776+00:00,9.568256,1774634217823775800,-0.377882,0.269948,0.128117,0.847884,-0.205085,0.467531,0.142947,-0.741326,-0.077358,0.135382,0.476753,-0.127966,0.213197,0.843888,-0.287258,-0.147458,-0.186316,0.493835,-0.670856,0.078814,-0.547761
2026-03-27T17:56:57.840765+00:00,9.585245,1774634217840765400,-0.378073,0.270807,0.129157,0.844893,-0.205315,0.473017,0.142979,-0.737652,-0.069194,0.147814,0.487918,-0.122705,0.210025,0.838066,-0.284148,-0.147384,-0.188397,0.495028,-0.669345,0.079101,-0.549336
2026-03-27T17:56:57.868983+00:00,9.613463,1774634217868982800,-0.378615,0.271897,0.131700,0.838441,-0.207024,0.483344,0.143483,-0.731011,-0.054806,0.171137,0.506832,-0.112027,0.206000,0.829755,-0.278627,-0.146655,-0.191753,0.499377,-0.662846,0.079410,-0.552598
2026-03-27T17:56:57.886051+00:00,9.630531,1774634217886050800,-0.378981,0.272373,0.133876,0.833360,-0.208906,0.490884,0.144684,-0.727030,-0.045528,0.187218,0.517154,-0.105530,0.205565,0.824649,-0.275238,-0.145558,-0.193773,0.502274,-0.658367,0.079382,-0.555116
2026-03-27T17:56:57.903300+00:00,9.647780,1774634217903300000,-0.379434,0.272849,0.136204,0.827913,-0.210611,0.498954,0.146000,-0.721434,-0.036767,0.203006,0.526146,-0.099350,0.207141,0.819171,-0.271937,-0.144555,-0.195823,0.503793,-0.655167,0.079921,-0.558036
2026-03-27T17:56:57.920522+00:00,9.665003,1774634217920522600,-0.379754,0.273617,0.139199,0.822014,-0.211103,0.508010,0.147239,-0.716324,-0.027376,0.220864,0.533605,-0.092585,0.210494,0.814206,-0.268740,-0.143232,-0.197836,0.504304,-0.652291,0.080965,-0.560755
2026-03-27T17:56:57.937716+00:00,9.682196,1774634217937716300,-0.380151,0.274592,0.142291,0.816128,-0.210879,0.517247,0.148072,-0.709617,-0.018909,0.237866,0.540508,-0.084640,0.213814,0.809186,-0.265773,-0.142023,-0.199773,0.503421,-0.650690,0.082351,-0.564389
2026-03-27T17:56:57.954401+00:00,9.698882,1774634217954401500,-0.380371,0.275724,0.145958,0.809964,-0.210384,0.526600,0.148715,-0.703243,-0.010334,0.256749,0.547125,-0.074850,0.216871,0.805063,-0.263007,-0.140556,-0.201403,0.502027,-0.647624,0.083790,-0.567225
2026-03-27T17:56:57.971586+00:00,9.716067,1774634217971586500,-0.380621,0.276795,0.149736,0.802952,-0.210248,0.537249,0.149630,-0.695269,-0.002832,0.275059,0.553027,-0.063889,0.219668,0.801040,-0.260366,-0.139160,-0.202947,0.500599,-0.645376,0.085266,-0.570850
2026-03-27T17:56:57.988594+00:00,9.733074,1774634217988593900,-0.380775,0.277798,0.154034,0.795400,-0.210168,0.547931,0.150591,-0.687721,0.004622,0.294930,0.556529,-0.053014,0.222678,0.798584,-0.257804,-0.137599,-0.204304,0.499172,-0.641998,0.086513,-0.574267
2026-03-27T17:56:58.005411+00:00,9.749891,1774634218005411200,-0.380984,0.278561,0.158639,0.786605,-0.210929,0.560113,0.151609,-0.678714,0.010544,0.313426,0.556601,-0.042610,0.225987,0.798279,-0.255984,-0.135863,-0.204841,0.496144,-0.641690,0.088281,-0.578543
2026-03-27T17:56:58.022449+00:00,9.766929,1774634218022449300,-0.381149,0.279269,0.163909,0.776880,-0.211887,0.572813,0.152569,-0.670036,0.016678,0.333726,0.554978,-0.033196,0.228544,0.798619,-0.254030,-0.134018,-0.205463,0.493619,-0.639527,0.090417,-0.582582
2026-03-27T17:56:58.039493+00:00,9.783973,1774634218039492500,-0.381404,0.279688,0.169461,0.765565,-0.213543,0.587159,0.153818,-0.659890,0.021382,0.352370,0.552169,-0.024963,0.230895,0.801070,-0.252399,-0.132113,-0.205768,0.491743,-0.637271,0.093128,-0.586149
2026-03-27T17:56:58.057085+00:00,9.801565,1774634218057085000,-0.381554,0.279950,0.176059,0.752314,-0.215660,0.602974,0.155679,-0.650003,0.026475,0.373188,0.550252,-0.016552,0.233566,0.801921,-0.250924,-0.129942,-0.205835,0.490373,-0.635077,0.096341,-0.589193
2026-03-27T17:56:58.075589+00:00,9.820069,1774634218075588900,-0.381600,0.280152,0.182797,0.738104,-0.218293,0.618602,0.158204,-0.639057,0.030201,0.391830,0.549288,-0.007353,0.239042,0.801468,-0.249967,-0.127775,-0.205833,0.489163,-0.633580,0.100148,-0.592237
2026-03-27T17:56:58.091522+00:00,9.836002,1774634218091521700,-0.381279,0.279974,0.190352,0.722769,-0.221740,0.634756,0.160971,-0.628143,0.034587,0.412232,0.548436,0.003459,0.248229,0.798968,-0.249093,-0.125444,-0.205515,0.489187,-0.629854,0.103975,-0.593362
2026-03-27T17:56:58.108294+00:00,9.852774,1774634218108294400,-0.380782,0.279927,0.197722,0.707758,-0.224086,0.649747,0.163101,-0.616469,0.037943,0.430242,0.548243,0.014996,0.260045,0.793947,-0.248668,-0.123236,-0.204986,0.488608,-0.628393,0.108134,-0.595164
2026-03-27T17:56:58.125484+00:00,9.869963,1774634218125483400,-0.379955,0.280278,0.205559,0.693180,-0.224564,0.664934,0.164291,-0.604445,0.041385,0.449721,0.547036,0.027799,0.276408,0.789463,-0.248455,-0.121035,-0.204264,0.487811,-0.627673,0.112710,-0.597139
2026-03-27T17:56:58.142647+00:00,9.887127,1774634218142647400,-0.379095,0.280867,0.213149,0.679640,-0.222542,0.679156,0.164337,-0.591553,0.044295,0.467531,0.544213,0.041350,0.294835,0.785042,-0.248504,-0.118961,-0.203440,0.487460,-0.626037,0.116685,-0.597659
2026-03-27T17:56:58.159912+00:00,9.904392,1774634218159912400,-0.377668,0.282185,0.220965,0.666213,-0.219653,0.693368,0.164040,-0.578452,0.046582,0.485401,0.541427,0.054802,0.313303,0.778336,-0.248695,-0.117052,-0.202511,0.487039,-0.624661,0.120205,-0.597369
2026-03-27T17:56:58.176759+00:00,9.921239,1774634218176759100,-0.375540,0.283747,0.228224,0.655004,-0.216128,0.705385,0.163681,-0.564857,0.047742,0.500707,0.538260,0.067033,0.331115,0.772856,-0.248919,-0.115583,-0.201738,0.485454,-0.624828,0.122818,-0.599077
2026-03-27T17:56:58.193848+00:00,9.938328,1774634218193848200,-0.373428,0.284927,0.235619,0.643522,-0.213383,0.716741,0.163947,-0.551247,0.049399,0.517060,0.534976,0.078627,0.348922,0.765554,-0.249803,-0.114111,-0.200748,0.483818,-0.624557,0.124923,-0.599236
2026-03-27T17:56:58.210749+00:00,9.955229,1774634218210749300,-0.371213,0.285833,0.242582,0.632608,-0.211237,0.726433,0.164674,-0.537420,0.049889,0.531353,0.531232,0.089443,0.365960,0.758225,-0.250918,-0.112834,-0.199651,0.481086,-0.626036,0.127261,-0.600804
2026-03-27T17:56:58.227906+00:00,9.972387,1774634218227906600,-0.368730,0.286697,0.249631,0.622308,-0.209320,0.735602,0.165915,-0.523339,0.050134,0.545918,0.526177,0.099637,0.383384,0.752310,-0.252290,-0.111658,-0.198398,0.478352,-0.627088,0.130104,-0.602008
2026-03-27T17:56:58.244940+00:00,9.989420,1774634218244940300,-0.366264,0.287495,0.256274,0.613165,-0.207107,0.743721,0.166721,-0.509377,0.049758,0.558772,0.520865,0.109831,0.400312,0.746349,-0.253913,-0.110248,-0.196838,0.477194,-0.626463,0.132822,-0.600648
2026-03-27T17:56:58.262026+00:00,10.006506,1774634218262025800,-0.363539,0.288367,0.262945,0.604470,-0.204572,0.751404,0.167613,-0.495131,0.049120,0.571482,0.515185,0.120343,0.416871,0.739308,-0.255639,-0.109105,-0.195311,0.475544,-0.627886,0.135917,-0.600721
2026-03-27T17:56:58.279215+00:00,10.023695,1774634218279215100,-0.360758,0.289134,0.269482,0.595432,-0.202002,0.759236,0.168563,-0.481304,0.047392,0.582914,0.509058,0.131132,0.433265,0.732871,-0.257458,-0.107805,-0.193671,0.475268,-0.628160,0.138206,-0.599524
2026-03-27T17:56:58.303155+00:00,10.047635,1774634218303154800,-0.357210,0.289841,0.277054,0.586721,-0.199741,0.766088,0.170188,-0.464549,0.045370,0.596186,0.502353,0.142928,0.451107,0.723632,-0.259809,-0.106384,-0.191560,0.475040,-0.629914,0.140893,-0.598456
2026-03-27T17:56:58.316851+00:00,10.061331,1774634218316851100,-0.354162,0.290500,0.283547,0.578811,-0.197708,0.772322,0.171469,-0.450285,0.043647,0.607483,0.496215,0.153025,0.466363,0.716090,-0.261785,-0.105173,-0.189784,0.474893,-0.630639,0.143150,-0.597273
2026-03-27T17:56:58.334079+00:00,10.078559,1774634218334078600,-0.350921,0.291199,0.289512,0.573306,-0.194453,0.776617,0.172526,-0.437716,0.039057,0.614690,0.494116,0.160838,0.478209,0.707768,-0.263821,-0.103911,-0.187286,0.475178,-0.631116,0.145778,-0.595587
2026-03-27T17:56:58.350877+00:00,10.095357,1774634218350877000,-0.347592,0.292040,0.295634,0.566632,-0.191373,0.783087,0.173506,-0.425536,0.035284,0.622670,0.491086,0.168949,0.491656,0.698798,-0.265693,-0.102678,-0.184900,0.474243,-0.631867,0.148206,-0.593746
2026-03-27T17:56:58.367995+00:00,10.112475,1774634218367995100,-0.344251,0.292593,0.301593,0.560996,-0.187928,0.786959,0.173967,-0.412946,0.031348,0.629726,0.488132,0.176055,0.505168,0.689185,-0.267579,-0.101437,-0.182363,0.471525,-0.634249,0.151340,-0.593894
2026-03-27T17:56:58.384990+00:00,10.129470,1774634218384990400,-0.340707,0.293135,0.307597,0.555952,-0.185238,0.790927,0.174452,-0.401851,0.026891,0.636058,0.485224,0.182669,0.519182,0.679987,-0.269425,-0.100407,-0.179611,0.468753,-0.636174,0.154161,-0.592794
2026-03-27T17:56:58.402018+00:00,10.146498,1774634218402018200,-0.337150,0.293795,0.313498,0.551545,-0.182745,0.794220,0.174851,-0.390308,0.022289,0.641533,0.482832,0.188691,0.532033,0.670046,-0.271070,-0.099191,-0.176681,0.465465,-0.638628,0.157471,-0.592756
2026-03-27T17:56:58.419048+00:00,10.163528,1774634218419048300,-0.333675,0.294385,0.319248,0.546880,-0.181109,0.798607,0.176014,-0.380603,0.017025,0.645899,0.483794,0.191465,0.543920,0.658612,-0.272560,-0.098158,-0.173460,0.463086,-0.639196,0.160370,-0.591628
2026-03-27T17:56:58.441543+00:00,10.186023,1774634218441543100,-0.329254,0.295237,0.326596,0.542363,-0.179091,0.801800,0.177712,-0.367609,0.010102,0.650251,0.487118,0.189055,0.561763,0.641825,-0.274141,-0.096648,-0.168824,0.459604,-0.641196,0.163590,-0.592168
2026-03-27T17:56:58.458361+00:00,10.202841,1774634218458361200,-0.325845,0.295877,0.332084,0.540316,-0.177029,0.802408,0.178832,-0.359514,0.005083,0.652516,0.491966,0.182025,0.578053,0.625480,-0.274961,-0.095531,-0.164868,0.456544,-0.643356,0.164579,-0.593325
2026-03-27T17:56:58.475381+00:00,10.219861,1774634218475380800,-0.322295,0.296372,0.337569,0.537825,-0.175101,0.804769,0.180285,-0.351673,0.000162,0.654023,0.497112,0.174527,0.594209,0.607978,-0.275819,-0.094457,-0.160893,0.453660,-0.644694,0.165752,-0.591973
2026-03-27T17:56:58.492652+00:00,10.237132,1774634218492652300,-0.318627,0.296686,0.342986,0.535715,-0.173687,0.806854,0.182098,-0.343812,-0.005306,0.654272,0.504608,0.164775,0.610848,0.588382,-0.276648,-0.093315,-0.156916,0.449644,-0.647048,0.168250,-0.591000
2026-03-27T17:56:58.509613+00:00,10.254093,1774634218509612600,-0.314946,0.296781,0.348134,0.533970,-0.172371,0.807658,0.183843,-0.337133,-0.010385,0.653703,0.514622,0.152786,0.625327,0.565244,-0.277422,-0.092259,-0.152971,0.445558,-0.650982,0.171722,-0.590691
2026-03-27T17:56:58.527444+00:00,10.271924,1774634218527444300,-0.311005,0.296924,0.353613,0.532167,-0.171086,0.808702,0.185698,-0.329882,-0.016259,0.652147,0.524604,0.139699,0.640946,0.541519,-0.278193,-0.091157,-0.148813,0.442048,-0.653689,0.175115,-0.589354
2026-03-27T17:56:58.545099+00:00,10.289580,1774634218545099600,-0.306906,0.297076,0.358491,0.531450,-0.169745,0.808613,0.187037,-0.324987,-0.021721,0.649461,0.538368,0.121197,0.655059,0.516178,-0.278599,-0.089695,-0.144657,0.442613,-0.653819,0.177229,-0.585955
2026-03-27T17:56:58.561245+00:00,10.305725,1774634218561244600,-0.302893,0.297302,0.363187,0.530646,-0.168159,0.809174,0.188037,-0.320176,-0.027592,0.646191,0.548283,0.102520,0.670631,0.490059,-0.278910,-0.088350,-0.140655,0.442794,-0.655869,0.179270,-0.583846
2026-03-27T17:56:58.578140+00:00,10.322620,1774634218578139700,-0.298769,0.297571,0.367784,0.530149,-0.166474,0.809733,0.188951,-0.316249,-0.033041,0.642562,0.556907,0.079881,0.685595,0.461091,-0.279143,-0.086783,-0.136747,0.442345,-0.658863,0.181742,-0.581648
2026-03-27T17:56:58.595149+00:00,10.339629,1774634218595148700,-0.294569,0.297829,0.372320,0.530134,-0.164574,0.809744,0.189929,-0.313061,-0.039285,0.637904,0.562852,0.054508,0.702299,0.433544,-0.279251,-0.085283,-0.132804,0.442367,-0.661036,0.184223,-0.578235
2026-03-27T17:56:58.612290+00:00,10.356770,1774634218612290200,-0.290263,0.298307,0.376748,0.530500,-0.162373,0.809293,0.190837,-0.310165,-0.045919,0.632918,0.569262,0.030983,0.715550,0.404057,-0.279232,-0.083584,-0.128924,0.442910,-0.662324,0.186769,-0.573643
2026-03-27T17:56:58.630073+00:00,10.374553,1774634218630072500,-0.285824,0.298632,0.381263,0.529967,-0.160291,0.810784,0.192146,-0.308088,-0.052292,0.628299,0.576593,0.008216,0.725434,0.375801,-0.279016,-0.081843,-0.124843,0.442727,-0.664482,0.189981,-0.570560
2026-03-27T17:56:58.646855+00:00,10.391335,1774634218646855400,-0.281811,0.298946,0.385057,0.530624,-0.158346,0.810519,0.193099,-0.307012,-0.058242,0.624375,0.581302,-0.015861,0.730923,0.355810,-0.278175,-0.079837,-0.120984,0.442701,-0.664334,0.193808,-0.569079
2026-03-27T17:56:58.663894+00:00,10.408374,1774634218663894100,-0.277796,0.299257,0.388884,0.531654,-0.156140,0.809046,0.193706,-0.306441,-0.065203,0.620204,0.584366,-0.038172,0.735698,0.339661,-0.276995,-0.077986,-0.117113,0.442431,-0.665070,0.197265,-0.568009
2026-03-27T17:56:58.680991+00:00,10.425471,1774634218680990600,-0.273790,0.299555,0.392617,0.532032,-0.154059,0.809303,0.194546,-0.306051,-0.071382,0.616897,0.586100,-0.057029,0.738809,0.326917,-0.275569,-0.076029,-0.113346,0.442113,-0.665471,0.200594,-0.566523
2026-03-27T17:56:58.698130+00:00,10.442610,1774634218698130300,-0.269974,0.299895,0.396160,0.533361,-0.151455,0.808437,0.195106,-0.306132,-0.077820,0.613482,0.587129,-0.071837,0.741947,0.314778,-0.273820,-0.074078,-0.109718,0.441610,-0.665152,0.204291,-0.565355
2026-03-27T17:56:58.715180+00:00,10.459660,1774634218715180100,-0.266316,0.300230,0.399508,0.534679,-0.149038,0.808316,0.195863,-0.306235,-0.083292,0.611018,0.587700,-0.081547,0.746123,0.302884,-0.271967,-0.071978,-0.106337,0.440294,-0.666099,0.208138,-0.564932
2026-03-27T17:56:58.733830+00:00,10.478310,1774634218733830500,-0.262453,0.300566,0.402975,0.536177,-0.146229,0.807329,0.196492,-0.306608,-0.089295,0.608464,0.590010,-0.090352,0.746537,0.292584,-0.269478,-0.069823,-0.102708,0.438989,-0.665891,0.212082,-0.564747
2026-03-27T17:56:58.750287+00:00,10.494767,1774634218750286800,-0.259361,0.300847,0.405771,0.537563,-0.144347,0.807274,0.197088,-0.307218,-0.093577,0.607457,0.592690,-0.097586,0.745584,0.288153,-0.267138,-0.067780,-0.099627,0.437206,-0.666170,0.215528,-0.566244
2026-03-27T17:56:58.767321+00:00,10.511800,1774634218767320500,-0.256238,0.301096,0.408544,0.539621,-0.142455,0.806258,0.197387,-0.308381,-0.098295,0.606060,0.595361,-0.104764,0.744528,0.284116,-0.264400,-0.065842,-0.096490,0.436502,-0.664722,0.218606,-0.565831
2026-03-27T17:56:58.784451+00:00,10.528931,1774634218784450700,-0.253415,0.301349,0.411110,0.542462,-0.140509,0.804444,0.197461,-0.309766,-0.102245,0.605244,0.597320,-0.110668,0.743384,0.280858,-0.261679,-0.063763,-0.093638,0.435524,-0.664122,0.221530,-0.565966
2026-03-27T17:56:58.801389+00:00,10.545869,1774634218801388800,-0.250819,0.301563,0.413542,0.545025,-0.138550,0.802755,0.197343,-0.311538,-0.105741,0.604785,0.598043,-0.114817,0.743159,0.275740,-0.258894,-0.061755,-0.090981,0.435242,-0.663216,0.223950,-0.564647
2026-03-27T17:56:58.818408+00:00,10.562887,1774634218818407400,-0.248360,0.301705,0.415897,0.547129,-0.136945,0.801805,0.197447,-0.313109,-0.108700,0.604673,0.598509,-0.118969,0.744890,0.270537,-0.255854,-0.059864,-0.088598,0.435003,-0.664154,0.226664,-0.564699
2026-03-27T17:56:58.835420+00:00,10.579900,1774634218835419900,-0.246114,0.301732,0.418161,0.549503,-0.135445,0.800399,0.198093,-0.315075,-0.111826,0.604009,0.599951,-0.123090,0.745000,0.265732,-0.252875,-0.057896,-0.086447,0.436323,-0.662837,0.228403,-0.563696
2026-03-27T17:56:58.852499+00:00,10.596979,1774634218852499400,-0.244059,0.301695,0.420357,0.551758,-0.134311,0.798542,0.198912,-0.317099,-0.114474,0.604058,0.601784,-0.128056,0.743496,0.262230,-0.249579,-0.056105,-0.084495,0.437359,-0.662723,0.230154,-0.563105
2026-03-27T17:56:58.869563+00:00,10.614043,1774634218869562600,-0.242169,0.301608,0.422474,0.553972,-0.133200,0.797483,0.200033,-0.319732,-0.117329,0.603617,0.602652,-0.133407,0.742542,0.260262,-0.246306,-0.054291,-0.082723,0.439278,-0.661526,0.231417,-0.562688
2026-03-27T17:56:58.886579+00:00,10.631059,1774634218886578600,-0.240459,0.301534,0.424519,0.556051,-0.132018,0.795895,0.201225,-0.321936,-0.119670,0.603761,0.602681,-0.137672,0.742676,0.256651,-0.242733,-0.052693,-0.081209,0.441356,-0.659072,0.232064,-0.562116
2026-03-27T17:56:58.905332+00:00,10.649812,1774634218905332100,-0.238666,0.301429,0.426669,0.558750,-0.130429,0.793383,0.202303,-0.324791,-0.122537,0.603227,0.602066,-0.140732,0.744815,0.249697,-0.238827,-0.050975,-0.079825,0.441567,-0.659112,0.232972,-0.564004
2026-03-27T17:56:58.922172+00:00,10.666652,1774634218922172400,-0.237261,0.301384,0.428509,0.560388,-0.128766,0.792584,0.203651,-0.326830,-0.124730,0.602971,0.601008,-0.143302,0.748310,0.242780,-0.235165,-0.049571,-0.078715,0.443016,-0.656314,0.232865,-0.563464
2026-03-27T17:56:58.939224+00:00,10.683704,1774634218939224200,-0.235917,0.301327,0.430276,0.562773,-0.127070,0.790329,0.204783,-0.329312,-0.126833,0.602680,0.600767,-0.146619,0.748028,0.238635,-0.231230,-0.048386,-0.077972,0.442124,-0.655939,0.233166,-0.565780
2026-03-27T17:56:58.965626+00:00,10.710106,1774634218965626400,-0.234578,0.301251,0.432187,0.565185,-0.125407,0.788916,0.205844,-0.331972,-0.129035,0.602630,0.600863,-0.153081,0.746886,0.239436,-0.226576,-0.046954,-0.077237,0.440822,-0.655005,0.233832,-0.568674
2026-03-27T17:56:58.976361+00:00,10.720841,1774634218976360600,-0.233812,0.301155,0.433428,0.567265,-0.124520,0.787279,0.206802,-0.334110,-0.130667,0.602768,0.601160,-0.158309,0.744943,0.242331,-0.222757,-0.045827,-0.076858,0.441125,-0.653004,0.233416,-0.570694
2026-03-27T17:56:58.993100+00:00,10.737580,1774634218993100300,-0.233007,0.301081,0.434668,0.569272,-0.123444,0.785795,0.207881,-0.336131,-0.132335,0.602771,0.601659,-0.162055,0.743825,0.242828,-0.218588,-0.044779,-0.076618,0.441870,-0.650223,0.232606,-0.572416
2026-03-27T17:56:59.010053+00:00,10.754533,1774634219010052800,-0.231976,0.301026,0.436126,0.571212,-0.122411,0.784413,0.209090,-0.338085,-0.134117,0.602592,0.602580,-0.164594,0.743276,0.241367,-0.214509,-0.043609,-0.076339,0.441970,-0.648345,0.232203,-0.575499
2026-03-27T17:56:59.027223+00:00,10.771703,1774634219027223300,-0.231416,0.300985,0.437119,0.573180,-0.121337,0.783007,0.210291,-0.339445,-0.135836,0.602443,0.603629,-0.167506,0.741695,0.239062,-0.210141,-0.042592,-0.076234,0.443451,-0.644364,0.231344,-0.576633
2026-03-27T17:56:59.044783+00:00,10.789263,1774634219044783300,-0.230849,0.300987,0.438143,0.575277,-0.120261,0.780809,0.210986,-0.341194,-0.137805,0.602384,0.603416,-0.172824,0.741427,0.236925,-0.205825,-0.041456,-0.076090,0.444071,-0.641920,0.231277,-0.579611
2026-03-27T17:56:59.062077+00:00,10.806557,1774634219062077000,-0.230565,0.301009,0.438807,0.577423,-0.119523,0.779253,0.211495,-0.342551,-0.139711,0.602433,0.601415,-0.179749,0.741698,0.235987,-0.201408,-0.040492,-0.076169,0.444676,-0.639543,0.230994,-0.582471
2026-03-27T17:56:59.079224+00:00,10.823704,1774634219079223500,-0.230274,0.301054,0.439464,0.579411,-0.119075,0.778412,0.211959,-0.344120,-0.141656,0.602030,0.598990,-0.187246,0.742521,0.234510,-0.197193,-0.039445,-0.076162,0.445869,-0.635905,0.230331,-0.584506
2026-03-27T17:56:59.096103+00:00,10.840583,1774634219096103100,-0.230227,0.301128,0.439818,0.581992,-0.118499,0.775994,0.211897,-0.344568,-0.143405,0.602063,0.600325,-0.189830,0.742265,0.229425,-0.193004,-0.038509,-0.076217,0.446575,-0.634206,0.229464,-0.587899
2026-03-27T17:56:59.113073+00:00,10.857553,1774634219113072600,-0.230109,0.301193,0.440247,0.583985,-0.118228,0.774464,0.211850,-0.344790,-0.144514,0.601837,0.603372,-0.190356,0.741278,0.224151,-0.188770,-0.037651,-0.076444,0.447823,-0.632254,0.228419,-0.590426
2026-03-27T17:56:59.129990+00:00,10.874470,1774634219129989700,-0.230202,0.301209,0.440382,0.585441,-0.118249,0.774205,0.211897,-0.344721,-0.145001,0.601802,0.606719,-0.189535,0.740054,0.221136,-0.184567,-0.036826,-0.076533,0.449609,-0.629502,0.227459,-0.592526
2026-03-27T17:56:59.147020+00:00,10.891500,1774634219147019500,-0.230316,0.301236,0.440566,0.587523,-0.118445,0.771966,0.211447,-0.344539,-0.145246,0.601906,0.608779,-0.189117,0.737855,0.220506,-0.180452,-0.036053,-0.076791,0.452270,-0.625048,0.225975,-0.593485
2026-03-27T17:56:59.165781+00:00,10.910261,1774634219165781300,-0.230718,0.301177,0.440509,0.589543,-0.118857,0.770440,0.211159,-0.344955,-0.145139,0.602111,0.610066,-0.189037,0.736722,0.220813,-0.175834,-0.035268,-0.077245,0.454384,-0.621747,0.224844,-0.595778
2026-03-27T17:56:59.182165+00:00,10.926645,1774634219182164800,-0.230925,0.301098,0.440411,0.591203,-0.120089,0.769567,0.211360,-0.345322,-0.145001,0.602596,0.609023,-0.188470,0.736660,0.224071,-0.171998,-0.034787,-0.077493,0.455716,-0.619560,0.223821,-0.598581
2026-03-27T17:56:59.198975+00:00,10.943455,1774634219198974800,-0.231254,0.301093,0.440498,0.593015,-0.120629,0.767310,0.211542,-0.345886,-0.144972,0.603489,0.607781,-0.186697,0.738435,0.226302,-0.168288,-0.034422,-0.077760,0.457334,-0.616263,0.222278,-0.600614
2026-03-27T17:56:59.215776+00:00,10.960256,1774634219215775900,-0.231726,0.300828,0.440238,0.594957,-0.121254,0.765383,0.212016,-0.346725,-0.144995,0.604139,0.607355,-0.184222,0.738407,0.226970,-0.164640,-0.034123,-0.078209,0.458318,-0.614471,0.221236,-0.603227
2026-03-27T17:56:59.232810+00:00,10.977290,1774634219232810300,-0.232322,0.300505,0.439863,0.595836,-0.122220,0.765110,0.212904,-0.347614,-0.145172,0.604705,0.606845,-0.182033,0.739520,0.226839,-0.161051,-0.033915,-0.078853,0.459219,-0.611833,0.220116,-0.606042
2026-03-27T17:56:59.249817+00:00,10.994297,1774634219249816800,-0.232911,0.300210,0.439427,0.597600,-0.122952,0.762678,0.213205,-0.348466,-0.145657,0.605221,0.606404,-0.180926,0.740399,0.226865,-0.157810,-0.033908,-0.079631,0.460612,-0.609247,0.218801,-0.608033
2026-03-27T17:56:59.267333+00:00,11.011813,1774634219267333300,-0.233466,0.299925,0.438947,0.598257,-0.124084,0.762655,0.213600,-0.349452,-0.146127,0.605326,0.606949,-0.179938,0.740676,0.226859,-0.154991,-0.034003,-0.080254,0.461917,-0.606950,0.217191,-0.610173
2026-03-27T17:56:59.284186+00:00,11.028666,1774634219284185900,-0.233927,0.299759,0.438500,0.599401,-0.124864,0.760846,0.213263,-0.350297,-0.146406,0.605271,0.607633,-0.180025,0.739535,0.226187,-0.152550,-0.034016,-0.080968,0.464143,-0.603823,0.214766,-0.610983
2026-03-27T17:56:59.301251+00:00,11.045731,1774634219301251000,-0.234492,0.299591,0.437921,0.600004,-0.125623,0.760857,0.213289,-0.351183,-0.146555,0.604766,0.608402,-0.180726,0.739332,0.225397,-0.150294,-0.034313,-0.081982,0.465221,-0.602991,0.212594,-0.613052
2026-03-27T17:56:59.318191+00:00,11.062671,1774634219318190800,-0.235151,0.299489,0.437190,0.601241,-0.126095,0.759578,0.213087,-0.351775,-0.146552,0.604163,0.608725,-0.182110,0.739592,0.223599,-0.148418,-0.034722,-0.083011,0.466863,-0.601412,0.210170,-0.613788
2026-03-27T17:56:59.335247+00:00,11.079727,1774634219335246900,-0.235806,0.299413,0.436457,0.602445,-0.126411,0.758316,0.212894,-0.352535,-0.146561,0.603012,0.610000,-0.183728,0.738491,0.221091,-0.146850,-0.035209,-0.084092,0.467905,-0.601236,0.207771,-0.614502
2026-03-27T17:56:59.352539+00:00,11.097019,1774634219352538800,-0.236541,0.299339,0.435581,0.603132,-0.126771,0.758239,0.213059,-0.353382,-0.146855,0.601742,0.610779,-0.185896,0.737996,0.218143,-0.145600,-0.035762,-0.085445,0.469543,-0.599460,0.205235,-0.614189
2026-03-27T17:56:59.369666+00:00,11.114146,1774634219369666000,-0.237315,0.299301,0.434655,0.604234,-0.126840,0.757097,0.213277,-0.354023,-0.147021,0.600428,0.611846,-0.187935,0.737504,0.214958,-0.144718,-0.036374,-0.086878,0.470452,-0.599427,0.203624,-0.615231
2026-03-27T17:56:59.386505+00:00,11.130985,1774634219386504800,-0.238144,0.299320,0.433657,0.605040,-0.126946,0.756380,0.213475,-0.354622,-0.147348,0.599335,0.612285,-0.189966,0.737616,0.211795,-0.144028,-0.036834,-0.087971,0.471981,-0.598428,0.201740,-0.614621
2026-03-27T17:56:59.404966+00:00,11.149446,1774634219404965600,-0.239107,0.299307,0.432477,0.605337,-0.126958,0.755982,0.213799,-0.355291,-0.147676,0.597961,0.612578,-0.192008,0.738178,0.208538,-0.143696,-0.037437,-0.089596,0.473522,-0.597728,0.199909,-0.615203
2026-03-27T17:56:59.421722+00:00,11.166202,1774634219421721900,-0.239934,0.299369,0.431457,0.606186,-0.127018,0.755127,0.213999,-0.355929,-0.148102,0.596925,0.612940,-0.193250,0.738028,0.205131,-0.143580,-0.037832,-0.090748,0.474340,-0.598473,0.198053,-0.615627
2026-03-27T17:56:59.438927+00:00,11.183407,1774634219438926600,-0.240982,0.299411,0.430140,0.606645,-0.127181,0.754664,0.213985,-0.356563,-0.148448,0.595852,0.612830,-0.194247,0.738597,0.202387,-0.143711,-0.038343,-0.092266,0.476549,-0.597010,0.195682,-0.613790
2026-03-27T17:56:59.455831+00:00,11.200311,1774634219455830900,-0.241911,0.299463,0.428871,0.606739,-0.127560,0.754527,0.213891,-0.357382,-0.148807,0.595027,0.611976,-0.195931,0.739150,0.201546,-0.143910,-0.038462,-0.093352,0.475848,-0.599478,0.194690,-0.614593
2026-03-27T17:56:59.473047+00:00,11.217527,1774634219473047400,-0.242902,0.299525,0.427475,0.606709,-0.128226,0.755178,0.213948,-0.358190,-0.148817,0.594211,0.610963,-0.197462,0.739607,0.201272,-0.144401,-0.038882,-0.094807,0.476299,-0.599645,0.193508,-0.613737
2026-03-27T17:56:59.490060+00:00,11.234539,1774634219490059400,-0.244065,0.299561,0.425874,0.607277,-0.129057,0.754609,0.213812,-0.358975,-0.148855,0.593581,0.609546,-0.198367,0.741079,0.201134,-0.145306,-0.039254,-0.096107,0.476671,-0.600044,0.193059,-0.613151
2026-03-27T17:56:59.507237+00:00,11.251717,1774634219507236900,-0.245150,0.299557,0.424191,0.607877,-0.129882,0.754009,0.213693,-0.359714,-0.148845,0.593010,0.607936,-0.199465,0.742152,0.201190,-0.146261,-0.039493,-0.097249,0.477840,-0.599712,0.192473,-0.612372
2026-03-27T17:56:59.524354+00:00,11.268833,1774634219524353500,-0.246394,0.299492,0.422311,0.608937,-0.130894,0.752951,0.213717,-0.360511,-0.148894,0.592593,0.607050,-0.201159,0.741313,0.201866,-0.147433,-0.039617,-0.098405,0.479016,-0.600394,0.192201,-0.611369
2026-03-27T17:56:59.540994+00:00,11.285474,1774634219540993700,-0.247597,0.299483,0.420259,0.610939,-0.131458,0.750338,0.213962,-0.361131,-0.149026,0.592268,0.605217,-0.203679,0.742562,0.203538,-0.148748,-0.039791,-0.099630,0.480591,-0.600168,0.191890,-0.609965
2026-03-27T17:56:59.558080+00:00,11.302560,1774634219558080100,-0.248903,0.299283,0.418018,0.612643,-0.132042,0.749273,0.214915,-0.361770,-0.149195,0.592108,0.604059,-0.205586,0.742367,0.204550,-0.150084,-0.039879,-0.100550,0.482237,-0.600653,0.192239,-0.609157
2026-03-27T17:56:59.575276+00:00,11.319756,1774634219575275900,-0.250280,0.298991,0.415274,0.616863,-0.132031,0.745040,0.216779,-0.362160,-0.149280,0.592027,0.603273,-0.206859,0.742184,0.205476,-0.151801,-0.039985,-0.101678,0.485030,-0.600222,0.192514,-0.606349
2026-03-27T17:56:59.593755+00:00,11.338235,1774634219593755000,-0.251678,0.298607,0.412355,0.621370,-0.132170,0.741136,0.219080,-0.362607,-0.149365,0.591995,0.602540,-0.207943,0.741942,0.206233,-0.153474,-0.040117,-0.102681,0.487750,-0.600272,0.192784,-0.604135
2026-03-27T17:56:59.609791+00:00,11.354271,1774634219609790600,-0.253183,0.298087,0.408518,0.629302,-0.131848,0.732492,0.222518,-0.362965,-0.149498,0.591955,0.601004,-0.209285,0.742779,0.207507,-0.155565,-0.040267,-0.103870,0.491571,-0.600031,0.193059,-0.600662
2026-03-27T17:56:59.627206+00:00,11.371686,1774634219627206100,-0.254610,0.297508,0.404424,0.638092,-0.131658,0.724193,0.226914,-0.363518,-0.149670,0.591959,0.598489,-0.210909,0.744096,0.209155,-0.157501,-0.040430,-0.104738,0.495683,-0.599844,0.193822,-0.596628
2026-03-27T17:56:59.644015+00:00,11.388495,1774634219644015000,-0.255999,0.296921,0.399483,0.650810,-0.130498,0.711049,0.231772,-0.364106,-0.149773,0.591938,0.595919,-0.212853,0.744773,0.211559,-0.159673,-0.040541,-0.105684,0.500210,-0.600774,0.195695,-0.592282
2026-03-27T17:56:59.660910+00:00,11.405390,1774634219660910200,-0.257326,0.296380,0.393860,0.664425,-0.129373,0.696976,0.237248,-0.365120,-0.149936,0.591913,0.591283,-0.215865,0.747163,0.214662,-0.162141,-0.040730,-0.106796,0.505665,-0.600896,0.197819,-0.585952
2026-03-27T17:56:59.677936+00:00,11.422416,1774634219677935700,-0.258530,0.295799,0.387794,0.679675,-0.128299,0.680188,0.242806,-0.366108,-0.150076,0.591845,0.586829,-0.220662,0.747749,0.218676,-0.164643,-0.040929,-0.107673,0.512023,-0.601580,0.200821,-0.578980
2026-03-27T17:56:59.695083+00:00,11.439563,1774634219695083200,-0.259606,0.295237,0.381177,0.695666,-0.127610,0.661575,0.248470,-0.367161,-0.150155,0.591638,0.583740,-0.223314,0.748781,0.220152,-0.167434,-0.041114,-0.108745,0.519206,-0.602093,0.204648,-0.570573
2026-03-27T17:56:59.711975+00:00,11.456455,1774634219711975000,-0.260517,0.294651,0.374625,0.710750,-0.127451,0.643791,0.253584,-0.367576,-0.150177,0.591348,0.582466,-0.225674,0.749214,0.220611,-0.170150,-0.041197,-0.109512,0.527519,-0.602479,0.209667,-0.560511
2026-03-27T17:56:59.728715+00:00,11.473196,1774634219728715600,-0.261283,0.294181,0.367853,0.725568,-0.127348,0.625387,0.258093,-0.368232,-0.150239,0.590924,0.581180,-0.228043,0.748734,0.220995,-0.173166,-0.041042,-0.110398,0.536831,-0.603551,0.216607,-0.549416
2026-03-27T17:56:59.745879+00:00,11.490359,1774634219745879400,-0.261893,0.293818,0.361057,0.739944,-0.127663,0.606528,0.261600,-0.368526,-0.150314,0.590533,0.579294,-0.230525,0.749828,0.221748,-0.176200,-0.040659,-0.110989,0.548231,-0.602848,0.223910,-0.534962
2026-03-27T17:56:59.762780+00:00,11.507260,1774634219762780400,-0.262266,0.293607,0.354519,0.753166,-0.128195,0.588417,0.264152,-0.369024,-0.150318,0.590036,0.578552,-0.231149,0.750295,0.220705,-0.179291,-0.039857,-0.111178,0.562594,-0.600374,0.234200,-0.518148
2026-03-27T17:56:59.779614+00:00,11.524095,1774634219779614500,-0.262628,0.293393,0.348122,0.765127,-0.128640,0.571568,0.266661,-0.369096,-0.150249,0.589647,0.576775,-0.232480,0.751528,0.220795,-0.182331,-0.039078,-0.111206,0.577298,-0.596413,0.245288,-0.500958
2026-03-27T17:56:59.796621+00:00,11.541101,1774634219796621300,-0.263129,0.293018,0.342091,0.775845,-0.129097,0.556043,0.268699,-0.369343,-0.150132,0.589199,0.575749,-0.233199,0.752059,0.220678,-0.185102,-0.038061,-0.110389,0.593252,-0.590099,0.260233,-0.481592
2026-03-27T17:56:59.813820+00:00,11.558300,1774634219813819800,-0.263503,0.292886,0.336303,0.785213,-0.129187,0.541909,0.270569,-0.369308,-0.149878,0.588850,0.574820,-0.233323,0.752496,0.220732,-0.187911,-0.037179,-0.109401,0.610618,-0.581271,0.276640,-0.460947
2026-03-27T17:56:59.831797+00:00,11.576277,1774634219831797000,-0.263880,0.292781,0.331242,0.793305,-0.128811,0.529261,0.271808,-0.369503,-0.149192,0.588428,0.573785,-0.232554,0.753786,0.220229,-0.190622,-0.036182,-0.107828,0.631462,-0.568835,0.292293,-0.437689
2026-03-27T17:56:59.849617+00:00,11.594097,1774634219849616700,-0.264274,0.292811,0.325729,0.801812,-0.128632,0.515531,0.273321,-0.369084,-0.148199,0.588110,0.573336,-0.231512,0.754762,0.219150,-0.193570,-0.035420,-0.106304,0.650961,-0.556950,0.306569,-0.414081
2026-03-27T17:56:59.864553+00:00,11.609034,1774634219864553600,-0.264857,0.292591,0.322429,0.805524,-0.128678,0.509653,0.273874,-0.369007,-0.146851,0.587858,0.573209,-0.230244,0.755749,0.217675,-0.196600,-0.034998,-0.104762,0.671341,-0.545449,0.315005,-0.390877
2026-03-27T17:56:59.881661+00:00,11.626141,1774634219881660800,-0.265580,0.292620,0.318554,0.810127,-0.128492,0.501878,0.274160,-0.368406,-0.145065,0.587757,0.573378,-0.229066,0.756004,0.216694,-0.199908,-0.034842,-0.103013,0.691454,-0.532561,0.322805,-0.365634
2026-03-27T17:56:59.898655+00:00,11.643135,1774634219898655400,-0.266385,0.292670,0.314986,0.814155,-0.128495,0.495363,0.274289,-0.368008,-0.142770,0.587708,0.573517,-0.227476,0.756273,0.216395,-0.203485,-0.035140,-0.101217,0.710377,-0.520916,0.329047,-0.340208
2026-03-27T17:56:59.915401+00:00,11.659881,1774634219915401100,-0.267387,0.292692,0.311934,0.816817,-0.128611,0.491238,0.273788,-0.367304,-0.139994,0.587721,0.573586,-0.224663,0.756753,0.217008,-0.207181,-0.035368,-0.099144,0.727996,-0.508636,0.335361,-0.314437
2026-03-27T17:56:59.932805+00:00,11.677285,1774634219932804800,-0.268456,0.292722,0.308929,0.819327,-0.128869,0.487267,0.273217,-0.366738,-0.136617,0.587736,0.573792,-0.220825,0.757758,0.218541,-0.211107,-0.036306,-0.097243,0.745176,-0.494631,0.341847,-0.288059
2026-03-27T17:56:59.949712+00:00,11.694192,1774634219949712500,-0.269655,0.292737,0.306183,0.821271,-0.129111,0.484128,0.272763,-0.365796,-0.132808,0.587974,0.573738,-0.215971,0.759005,0.220032,-0.214908,-0.037340,-0.095236,0.761648,-0.479697,0.346976,-0.263490
2026-03-27T17:56:59.966615+00:00,11.711096,1774634219966615600,-0.270882,0.292693,0.303587,0.822827,-0.129446,0.481693,0.272696,-0.364898,-0.128690,0.588298,0.573829,-0.211031,0.760012,0.221585,-0.219113,-0.038739,-0.093445,0.777521,-0.464806,0.351049,-0.237426
2026-03-27T17:56:59.983949+00:00,11.728429,1774634219983948700,-0.271978,0.292713,0.301158,0.824047,-0.129919,0.479143,0.272652,-0.363842,-0.123633,0.588710,0.574993,-0.205368,0.759722,0.222055,-0.223505,-0.040212,-0.091548,0.793655,-0.447878,0.353959,-0.209799
2026-03-27T17:57:00.000952+00:00,11.745432,1774634220000952400,-0.273384,0.292554,0.298778,0.824889,-0.130537,0.477569,0.272719,-0.362482,-0.118472,0.589218,0.574567,-0.199940,0.761855,0.223271,-0.227843,-0.042061,-0.089986,0.808529,-0.430339,0.356299,-0.184867
2026-03-27T17:57:00.017985+00:00,11.762465,1774634220017985000,-0.274975,0.292252,0.296446,0.825356,-0.131761,0.476510,0.272652,-0.361170,-0.112943,0.589687,0.574136,-0.193920,0.763305,0.224283,-0.232003,-0.044181,-0.088410,0.820854,-0.413612,0.358943,-0.161909
2026-03-27T17:57:00.035138+00:00,11.779618,1774634220035138100,-0.276555,0.291854,0.294168,0.825809,-0.132960,0.475573,0.272363,-0.359493,-0.107037,0.590259,0.573262,-0.187159,0.765194,0.224994,-0.235969,-0.046714,-0.087463,0.828653,-0.400891,0.364251,-0.141577
2026-03-27T17:57:00.052360+00:00,11.796840,1774634220052359600,-0.278211,0.291485,0.291918,0.826010,-0.134061,0.474965,0.272011,-0.357751,-0.100849,0.590864,0.572500,-0.180256,0.767602,0.225575,-0.239883,-0.049302,-0.086600,0.834134,-0.390326,0.370299,-0.122086
2026-03-27T17:57:00.069583+00:00,11.814063,1774634220069583100,-0.279850,0.291111,0.289674,0.826331,-0.135128,0.474307,0.271657,-0.355734,-0.094604,0.591542,0.571794,-0.173361,0.769616,0.225911,-0.243698,-0.051983,-0.086063,0.839086,-0.379590,0.376096,-0.102725
2026-03-27T17:57:00.086351+00:00,11.830831,1774634220086350700,-0.281602,0.290748,0.287368,0.826580,-0.135859,0.473957,0.271699,-0.353344,-0.087953,0.592411,0.571891,-0.167160,0.770311,0.225034,-0.247954,-0.054918,-0.085765,0.841681,-0.375526,0.378554,-0.085374
2026-03-27T17:57:00.103430+00:00,11.847910,1774634220103430000,-0.283348,0.290345,0.285126,0.826765,-0.136818,0.473348,0.271407,-0.351017,-0.081340,0.593251,0.570066,-0.162624,0.774206,0.222858,-0.252392,-0.057936,-0.085538,0.845934,-0.368374,0.379973,-0.064976
2026-03-27T17:57:00.120140+00:00,11.864619,1774634220120139500,-0.285078,0.289860,0.282797,0.826622,-0.138391,0.473147,0.271484,-0.348319,-0.074568,0.594206,0.567658,-0.157301,0.778350,0.218158,-0.256790,-0.061109,-0.085390,0.849658,-0.361760,0.380877,-0.046449
2026-03-27T17:57:00.137211+00:00,11.881691,1774634220137210600,-0.286890,0.289224,0.280502,0.826383,-0.140140,0.473079,0.271581,-0.345326,-0.067722,0.595335,0.564429,-0.150921,0.783837,0.210659,-0.261006,-0.064444,-0.085428,0.852209,-0.356028,0.382298,-0.030313
2026-03-27T17:57:00.154242+00:00,11.898722,1774634220154242300,-0.288746,0.288549,0.278241,0.826115,-0.142110,0.472914,0.271669,-0.342064,-0.060832,0.596707,0.561909,-0.144711,0.788422,0.203883,-0.265151,-0.067910,-0.085611,0.852042,-0.354535,0.384727,-0.015821
2026-03-27T17:57:00.171969+00:00,11.916449,1774634220171969000,-0.290596,0.287993,0.275877,0.825411,-0.143819,0.473490,0.271463,-0.338609,-0.053656,0.598790,0.562699,-0.138515,0.789030,0.202950,-0.269358,-0.071526,-0.085801,0.849696,-0.357637,0.387530,-0.002235
2026-03-27T17:57:00.188792+00:00,11.933272,1774634220188792400,-0.292456,0.287412,0.273668,0.825097,-0.145315,0.473919,0.271295,-0.335354,-0.047041,0.600948,0.562620,-0.131838,0.791240,0.202149,-0.273210,-0.074941,-0.086312,0.848738,-0.357680,0.389496,0.009372
2026-03-27T17:57:00.205998+00:00,11.950478,1774634220205998200,-0.294379,0.286846,0.271546,0.824585,-0.146496,0.474305,0.271196,-0.331987,-0.040428,0.603359,0.562228,-0.124295,0.792716,0.201412,-0.276935,-0.078368,-0.086854,0.848095,-0.356823,0.391097,0.020223
2026-03-27T17:57:00.222847+00:00,11.967327,1774634220222846700,-0.296211,0.286354,0.269494,0.823888,-0.147347,0.475032,0.271444,-0.328784,-0.034344,0.605802,0.562291,-0.116410,0.793446,0.199043,-0.280471,-0.081656,-0.087087,0.847451,-0.355344,0.393162,0.030204
2026-03-27T17:57:00.239876+00:00,11.984356,1774634220239875900,-0.298178,0.285774,0.267587,0.822895,-0.147981,0.476065,0.272210,-0.325654,-0.028735,0.608315,0.560725,-0.109186,0.798002,0.194829,-0.283856,-0.084852,-0.087313,0.846430,-0.354198,0.395805,0.040160
2026-03-27T17:57:00.256945+00:00,12.001425,1774634220256945200,-0.300174,0.285287,0.265662,0.821828,-0.148623,0.477401,0.272746,-0.322820,-0.023523,0.610879,0.559858,-0.103176,0.799485,0.189167,-0.287143,-0.087937,-0.087211,0.845126,-0.352828,0.398354,0.049952
2026-03-27T17:57:00.277120+00:00,12.021600,1774634220277119800,-0.302578,0.284634,0.263542,0.820484,-0.149320,0.479027,0.273554,-0.319510,-0.017501,0.613962,0.558097,-0.096492,0.802976,0.182989,-0.290932,-0.091543,-0.087199,0.843477,-0.351422,0.401454,0.061557
2026-03-27T17:57:00.294962+00:00,12.039442,1774634220294962200,-0.304700,0.284120,0.261699,0.818937,-0.149660,0.481537,0.274270,-0.317962,-0.013712,0.617094,0.552998,-0.092924,0.808601,0.180041,-0.293908,-0.094553,-0.086715,0.840225,-0.352344,0.405799,0.071410
2026-03-27T17:57:00.312895+00:00,12.057375,1774634220312895000,-0.306882,0.283616,0.259886,0.817559,-0.149980,0.483180,0.274648,-0.316781,-0.010254,0.620073,0.547521,-0.088007,0.812695,0.176486,-0.296806,-0.097624,-0.086079,0.837358,-0.349543,0.411975,0.083194
2026-03-27T17:57:00.329958+00:00,12.074438,1774634220329957600,-0.308991,0.282983,0.258278,0.815992,-0.150519,0.485250,0.275407,-0.316183,-0.007742,0.622662,0.542276,-0.083235,0.817423,0.173218,-0.299385,-0.100584,-0.085152,0.835468,-0.345705,0.416578,0.094046
2026-03-27T17:57:00.346705+00:00,12.091185,1774634220346704700,-0.311097,0.282353,0.256721,0.814300,-0.150903,0.487830,0.276159,-0.315722,-0.005970,0.625076,0.537321,-0.079601,0.822010,0.171199,-0.301778,-0.103518,-0.084079,0.834303,-0.340645,0.420688,0.104515
2026-03-27T17:57:00.363818+00:00,12.108299,1774634220363818500,-0.313252,0.281649,0.255174,0.812588,-0.151543,0.490071,0.276818,-0.315465,-0.004736,0.627228,0.532192,-0.076719,0.825463,0.171105,-0.304189,-0.106604,-0.083036,0.832563,-0.336649,0.424704,0.115359
2026-03-27T17:57:00.380936+00:00,12.125416,1774634220380935700,-0.315390,0.280869,0.253634,0.810713,-0.152541,0.492414,0.277640,-0.315546,-0.004243,0.628918,0.526930,-0.075336,0.829319,0.173334,-0.306601,-0.109659,-0.082214,0.829463,-0.335980,0.427817,0.126577
2026-03-27T17:57:00.398365+00:00,12.142845,1774634220398365200,-0.317556,0.280039,0.252127,0.808910,-0.153786,0.494402,0.278075,-0.316364,-0.004140,0.629885,0.522616,-0.076038,0.829914,0.175933,-0.308811,-0.112789,-0.081388,0.825992,-0.335326,0.431729,0.137435
2026-03-27T17:57:00.415503+00:00,12.159982,1774634220415502500,-0.319678,0.279218,0.250679,0.807212,-0.154966,0.496537,0.278840,-0.317085,-0.004356,0.630185,0.518541,-0.078361,0.832136,0.177479,-0.310717,-0.115759,-0.080545,0.823274,-0.332792,0.435381,0.147469
2026-03-27T17:57:00.433109+00:00,12.177589,1774634220433108700,-0.321828,0.278513,0.249150,0.805689,-0.156120,0.498728,0.279194,-0.317772,-0.005218,0.629976,0.515183,-0.081360,0.835047,0.176625,-0.312414,-0.118718,-0.079538,0.820096,-0.330086,0.439676,0.159084
2026-03-27T17:57:00.449844+00:00,12.194324,1774634220449843600,-0.323861,0.277804,0.247830,0.804270,-0.157150,0.500174,0.279582,-0.318229,-0.006594,0.629001,0.513316,-0.084830,0.835987,0.173828,-0.313964,-0.121445,-0.078605,0.817134,-0.327717,0.442965,0.169470
2026-03-27T17:57:00.467782+00:00,12.212262,1774634220467781600,-0.326046,0.277067,0.246401,0.802942,-0.158262,0.501792,0.280335,-0.318757,-0.008222,0.627391,0.512150,-0.089699,0.836627,0.170485,-0.315283,-0.124048,-0.077545,0.814210,-0.325047,0.446272,0.179009
2026-03-27T17:57:00.484437+00:00,12.228917,1774634220484436700,-0.327997,0.276337,0.245179,0.801583,-0.159540,0.503060,0.281139,-0.319234,-0.009854,0.625762,0.511100,-0.094648,0.837659,0.167253,-0.316270,-0.126172,-0.076840,0.811897,-0.321808,0.449590,0.186934
2026-03-27T17:57:00.508887+00:00,12.253367,1774634220508886500,-0.330851,0.275229,0.243554,0.799250,-0.161318,0.505356,0.282713,-0.320035,-0.012169,0.623008,0.509105,-0.100911,0.839118,0.162606,-0.317767,-0.129110,-0.075506,0.809173,-0.316803,0.453559,0.197672
2026-03-27T17:57:00.524489+00:00,12.268969,1774634220524488800,-0.332618,0.274807,0.242521,0.798061,-0.161676,0.506652,0.283120,-0.320608,-0.013299,0.621449,0.506610,-0.103808,0.841194,0.162096,-0.319047,-0.130677,-0.074884,0.808036,-0.315429,0.454639,0.202477
2026-03-27T17:57:00.541532+00:00,12.286012,1774634220541531700,-0.334477,0.274311,0.241421,0.796667,-0.162275,0.508566,0.283706,-0.321360,-0.014238,0.619992,0.505017,-0.106084,0.840933,0.163069,-0.320079,-0.132254,-0.074245,0.806280,-0.313572,0.456657,0.207602
2026-03-27T17:57:00.558518+00:00,12.302998,1774634220558518400,-0.336238,0.273934,0.240191,0.795744,-0.162938,0.509514,0.284127,-0.322115,-0.014849,0.618888,0.503868,-0.107975,0.840343,0.165922,-0.320979,-0.133534,-0.073869,0.804964,-0.310761,0.459205,0.210955
2026-03-27T17:57:00.575544+00:00,12.320024,1774634220575543600,-0.337954,0.273518,0.238955,0.794647,-0.163456,0.511064,0.284361,-0.322903,-0.015368,0.618032,0.503342,-0.110066,0.839864,0.169671,-0.321803,-0.134636,-0.073484,0.803370,-0.308216,0.462343,0.213834
2026-03-27T17:57:00.592303+00:00,12.336783,1774634220592303400,-0.339577,0.273184,0.237572,0.794176,-0.164063,0.511154,0.284427,-0.323663,-0.015836,0.617242,0.502812,-0.112096,0.839180,0.173259,-0.322781,-0.135555,-0.073405,0.801816,-0.306787,0.464922,0.216186
2026-03-27T17:57:00.609371+00:00,12.353851,1774634220609371000,-0.341172,0.272727,0.236143,0.793481,-0.164841,0.512147,0.284567,-0.324275,-0.016003,0.616631,0.502466,-0.114467,0.838106,0.174080,-0.323850,-0.136480,-0.073361,0.800856,-0.305180,0.466804,0.218550
2026-03-27T17:57:00.626387+00:00,12.370867,1774634220626386900,-0.342666,0.272236,0.234556,0.792937,-0.166072,0.512497,0.284890,-0.324931,-0.016300,0.615983,0.500196,-0.116266,0.841160,0.174077,-0.325034,-0.137277,-0.073435,0.800821,-0.302429,0.467807,0.220007
2026-03-27T17:57:00.644625+00:00,12.389105,1774634220644625200,-0.344224,0.271599,0.232843,0.792548,-0.167834,0.512240,0.285206,-0.325658,-0.016320,0.615345,0.497836,-0.117508,0.841180,0.172378,-0.326206,-0.138075,-0.073592,0.801538,-0.298690,0.468618,0.220731
2026-03-27T17:57:00.661652+00:00,12.406132,1774634220661651700,-0.345653,0.270978,0.231125,0.792130,-0.169408,0.512279,0.285616,-0.326440,-0.016156,0.615057,0.494726,-0.119050,0.842791,0.171218,-0.327293,-0.138471,-0.073842,0.802195,-0.296056,0.469732,0.219898
2026-03-27T17:57:00.678651+00:00,12.423131,1774634220678651200,-0.347041,0.270415,0.229497,0.792074,-0.170618,0.511491,0.285714,-0.327231,-0.016029,0.614889,0.491903,-0.120207,0.844788,0.171359,-0.328327,-0.138732,-0.074340,0.802206,-0.294315,0.470985,0.219164
2026-03-27T17:57:00.697449+00:00,12.441929,1774634220697448600,-0.348397,0.269864,0.227767,0.791785,-0.171776,0.511712,0.286004,-0.327968,-0.015421,0.614858,0.489983,-0.120300,0.845257,0.171877,-0.329278,-0.138891,-0.074797,0.801848,-0.293250,0.472447,0.218194
2026-03-27T17:57:00.716394+00:00,12.460874,1774634220716393800,-0.349828,0.269309,0.226032,0.791546,-0.172941,0.511597,0.286167,-0.328739,-0.014740,0.614966,0.487814,-0.120274,0.846328,0.172745,-0.330289,-0.139051,-0.075298,0.801424,-0.292352,0.474141,0.217278
2026-03-27T17:57:00.730981+00:00,12.475461,1774634220730980900,-0.350959,0.268953,0.224333,0.791410,-0.173340,0.511625,0.286161,-0.329269,-0.013366,0.614968,0.486582,-0.117335,0.848392,0.176000,-0.331406,-0.139206,-0.076088,0.800309,-0.293278,0.475764,0.217342
2026-03-27T17:57:00.748205+00:00,12.492685,1774634220748205200,-0.352085,0.268519,0.222697,0.791607,-0.174289,0.511068,0.285812,-0.329887,-0.012234,0.615341,0.486039,-0.114560,0.847926,0.178532,-0.332268,-0.139511,-0.076471,0.799386,-0.291827,0.477385,0.218634
2026-03-27T17:57:00.765241+00:00,12.509721,1774634220765240700,-0.353143,0.268065,0.220959,0.791365,-0.175583,0.511179,0.285889,-0.330540,-0.010955,0.615732,0.485793,-0.111689,0.847539,0.181346,-0.333090,-0.139816,-0.076793,0.798656,-0.288783,0.479598,0.220877
2026-03-27T17:57:00.782113+00:00,12.526593,1774634220782112900,-0.354148,0.267633,0.219339,0.791569,-0.176732,0.510524,0.285525,-0.331238,-0.009688,0.616066,0.485305,-0.109363,0.847420,0.184137,-0.334143,-0.140526,-0.077270,0.797921,-0.284966,0.481423,0.224030
2026-03-27T17:57:00.799197+00:00,12.543677,1774634220799197500,-0.355162,0.267204,0.217635,0.791542,-0.177816,0.510335,0.285443,-0.331953,-0.008495,0.616313,0.484759,-0.107639,0.846998,0.186342,-0.335205,-0.141387,-0.077558,0.797002,-0.281978,0.482759,0.228526
2026-03-27T17:57:00.816249+00:00,12.560729,1774634220816248700,-0.356069,0.266853,0.215975,0.791807,-0.178775,0.509828,0.285214,-0.332647,-0.007551,0.616412,0.483847,-0.107101,0.848253,0.187370,-0.336332,-0.142206,-0.077703,0.795382,-0.280037,0.484088,0.233285
2026-03-27T17:57:00.833265+00:00,12.577745,1774634220833265100,-0.356948,0.266519,0.214422,0.792082,-0.179578,0.508986,0.285068,-0.333320,-0.006720,0.616425,0.483819,-0.107015,0.847836,0.187313,-0.336968,-0.142718,-0.077626,0.793949,-0.275468,0.487709,0.236483
2026-03-27T17:57:00.850164+00:00,12.594644,1774634220850164200,-0.357785,0.266201,0.212965,0.791730,-0.180469,0.509396,0.285208,-0.333983,-0.006109,0.616350,0.483096,-0.107655,0.848710,0.186606,-0.337600,-0.142778,-0.077577,0.791238,-0.271663,0.492404,0.240013
2026-03-27T17:57:00.866914+00:00,12.611394,1774634220866914000,-0.358619,0.265944,0.211598,0.791916,-0.181305,0.508828,0.284832,-0.334685,-0.005666,0.615998,0.482296,-0.108783,0.849680,0.185823,-0.338190,-0.142933,-0.077383,0.789430,-0.267395,0.495506,0.244225
2026-03-27T17:57:00.883962+00:00,12.628442,1774634220883962100,-0.359447,0.265715,0.210398,0.791477,-0.182036,0.509336,0.284523,-0.335509,-0.005412,0.615541,0.481179,-0.110489,0.850270,0.185385,-0.338912,-0.143165,-0.077036,0.787450,-0.262695,0.498970,0.249303
2026-03-27T17:57:00.901024+00:00,12.645504,1774634220901024000,-0.360334,0.265535,0.209206,0.791448,-0.182604,0.509435,0.284004,-0.336379,-0.005238,0.615090,0.480086,-0.112376,0.850707,0.185096,-0.339368,-0.143426,-0.076500,0.785242,-0.256387,0.502606,0.255042
2026-03-27T17:57:00.919379+00:00,12.663859,1774634220919379200,-0.361200,0.265380,0.208188,0.791022,-0.183031,0.509970,0.283708,-0.337279,-0.005093,0.614731,0.479417,-0.114760,0.849658,0.185209,-0.339981,-0.143870,-0.076039,0.783310,-0.251150,0.505483,0.260862
2026-03-27T17:57:00.940662+00:00,12.685142,1774634220940662100,-0.362267,0.265196,0.206944,0.790490,-0.183548,0.510790,0.283380,-0.338441,-0.005009,0.614208,0.477864,-0.117539,0.850123,0.185329,-0.340583,-0.144468,-0.075388,0.780837,-0.244457,0.508988,0.267731
2026-03-27T17:57:00.957689+00:00,12.702169,1774634220957689100,-0.363186,0.265034,0.206276,0.789355,-0.184123,0.512807,0.283286,-0.339063,-0.005097,0.614130,0.476842,-0.117910,0.850120,0.187269,-0.341079,-0.144444,-0.075331,0.780168,-0.245344,0.509426,0.267833
2026-03-27T17:57:00.974746+00:00,12.719226,1774634220974746100,-0.364019,0.264937,0.205713,0.788546,-0.184520,0.513914,0.283082,-0.339835,-0.005294,0.613921,0.475127,-0.119036,0.851301,0.188800,-0.341375,-0.144666,-0.075158,0.778720,-0.244446,0.510713,0.270307
2026-03-27T17:57:00.991702+00:00,12.736182,1774634220991701700,-0.364736,0.264941,0.205401,0.787799,-0.184618,0.515436,0.282487,-0.340551,-0.005627,0.613728,0.473307,-0.120112,0.852237,0.190546,-0.341723,-0.144852,-0.075149,0.777401,-0.244429,0.511835,0.272579
2026-03-27T17:57:01.008832+00:00,12.753312,1774634221008832400,-0.365583,0.264981,0.205138,0.786695,-0.184588,0.517469,0.281976,-0.341197,-0.005945,0.613575,0.472257,-0.120644,0.851734,0.192495,-0.341804,-0.145097,-0.075123,0.776668,-0.244075,0.512219,0.273849
2026-03-27T17:57:01.025906+00:00,12.770386,1774634221025906000,-0.366620,0.265000,0.204824,0.785446,-0.184263,0.519508,0.281329,-0.341769,-0.006332,0.613442,0.470341,-0.120937,0.852826,0.195096,-0.341923,-0.145336,-0.075078,0.775901,-0.244375,0.512317,0.275310
2026-03-27T17:57:01.043042+00:00,12.787522,1774634221043041700,-0.367445,0.265073,0.204767,0.784223,-0.184071,0.521791,0.280709,-0.342292,-0.006628,0.613381,0.468926,-0.121252,0.852287,0.198188,-0.341936,-0.145738,-0.075009,0.775027,-0.245909,0.511783,0.277344
2026-03-27T17:57:01.059743+00:00,12.804223,1774634221059743400,-0.368260,0.265092,0.204783,0.782842,-0.184013,0.524249,0.279919,-0.342794,-0.006932,0.613336,0.467225,-0.122115,0.851452,0.201516,-0.342151,-0.146324,-0.074890,0.774007,-0.250137,0.509495,0.280446
2026-03-27T17:57:01.077621+00:00,12.822100,1774634221077620500,-0.369056,0.265230,0.204870,0.781644,-0.183827,0.526629,0.278853,-0.343182,-0.007124,0.613284,0.465405,-0.123383,0.851390,0.205005,-0.342098,-0.146940,-0.074615,0.774485,-0.251197,0.507921,0.281220
2026-03-27T17:57:01.095019+00:00,12.839499,1774634221095019100,-0.369853,0.265356,0.204965,0.779956,-0.183745,0.530166,0.277537,-0.343387,-0.007327,0.613257,0.462978,-0.124751,0.853275,0.208209,-0.342217,-0.147446,-0.074186,0.774390,-0.253666,0.506498,0.281747
2026-03-27T17:57:01.112000+00:00,12.856480,1774634221111999800,-0.370575,0.265665,0.205167,0.778787,-0.183471,0.532662,0.276014,-0.343489,-0.007442,0.613289,0.461537,-0.125503,0.853052,0.210898,-0.342345,-0.147969,-0.073787,0.775117,-0.255997,0.503794,0.282151
2026-03-27T17:57:01.132191+00:00,12.876671,1774634221132191200,-0.371409,0.266040,0.205505,0.777021,-0.183195,0.536191,0.274339,-0.343526,-0.007497,0.613371,0.459546,-0.126338,0.853015,0.214887,-0.342376,-0.148569,-0.073205,0.776305,-0.257697,0.501418,0.281574
2026-03-27T17:57:01.148069+00:00,12.892549,1774634221148068900,-0.371862,0.266147,0.205653,0.774804,-0.183182,0.540078,0.272801,-0.343632,-0.007412,0.613566,0.457791,-0.127030,0.851278,0.219712,-0.342443,-0.148616,-0.072882,0.777569,-0.257934,0.500903,0.279506
2026-03-27T17:57:01.164893+00:00,12.909373,1774634221164893200,-0.372747,0.266584,0.206238,0.772649,-0.183582,0.543924,0.271017,-0.343643,-0.007185,0.613948,0.454654,-0.128212,0.852109,0.225668,-0.342803,-0.148399,-0.073013,0.778910,-0.261684,0.498263,0.276189
2026-03-27T17:57:01.181923+00:00,12.926403,1774634221181922900,-0.373397,0.266910,0.206877,0.770426,-0.183783,0.547915,0.268995,-0.343531,-0.006749,0.614329,0.452176,-0.129059,0.852237,0.230866,-0.343089,-0.148158,-0.073180,0.779980,-0.266750,0.496137,0.273022
2026-03-27T17:57:01.198963+00:00,12.943443,1774634221198962900,-0.374105,0.267223,0.207620,0.768140,-0.183891,0.552174,0.267080,-0.343347,-0.006131,0.614846,0.450421,-0.128948,0.851075,0.236157,-0.343620,-0.147613,-0.073586,0.781121,-0.273317,0.493362,0.268182
2026-03-27T17:57:01.215973+00:00,12.960453,1774634221215973200,-0.374768,0.267567,0.208572,0.765074,-0.183826,0.557464,0.265181,-0.343133,-0.005423,0.615504,0.447862,-0.128630,0.851447,0.242420,-0.344064,-0.146512,-0.074257,0.782384,-0.280036,0.490354,0.262482
2026-03-27T17:57:01.233240+00:00,12.977720,1774634221233239800,-0.375521,0.267890,0.209630,0.761987,-0.183478,0.562544,0.263342,-0.342992,-0.004425,0.616637,0.443686,-0.127340,0.851462,0.251940,-0.344592,-0.144864,-0.075147,0.783173,-0.286628,0.488454,0.256854
2026-03-27T17:57:01.250032+00:00,12.994511,1774634221250031500,-0.376266,0.268159,0.210956,0.758071,-0.183192,0.568514,0.261970,-0.342911,-0.003172,0.618127,0.438984,-0.125970,0.850197,0.263634,-0.344892,-0.142874,-0.076020,0.784270,-0.292003,0.486733,0.250490
2026-03-27T17:57:01.267072+00:00,13.011553,1774634221267072500,-0.377013,0.268384,0.212417,0.754101,-0.183022,0.574202,0.260949,-0.343039,-0.001839,0.619902,0.433340,-0.124701,0.848261,0.276687,-0.345335,-0.140044,-0.077169,0.785633,-0.297049,0.485154,0.242783
2026-03-27T17:57:01.284078+00:00,13.028558,1774634221284078300,-0.377781,0.268641,0.213965,0.750100,-0.182626,0.580175,0.259497,-0.343057,-0.000439,0.621877,0.426054,-0.123950,0.848553,0.291799,-0.345629,-0.136764,-0.078312,0.787209,-0.302142,0.483673,0.234330
2026-03-27T17:57:01.301421+00:00,13.045901,1774634221301421100,-0.378560,0.268972,0.215566,0.746352,-0.182104,0.585675,0.258026,-0.343180,0.001164,0.624101,0.418757,-0.123079,0.846744,0.307138,-0.345798,-0.132892,-0.079306,0.789136,-0.306723,0.482402,0.224515
2026-03-27T17:57:01.318026+00:00,13.062506,1774634221318026000,-0.379308,0.269346,0.217173,0.742810,-0.181319,0.591038,0.257028,-0.342997,0.002801,0.626210,0.412662,-0.122032,0.844405,0.321102,-0.346002,-0.128259,-0.080225,0.791307,-0.310616,0.481979,0.212304
2026-03-27T17:57:01.335037+00:00,13.079517,1774634221335037000,-0.380113,0.269794,0.218863,0.739301,-0.179975,0.596096,0.256072,-0.342762,0.004597,0.628399,0.407034,-0.119188,0.841336,0.334070,-0.346132,-0.122529,-0.081235,0.793626,-0.315435,0.480945,0.197761
2026-03-27T17:57:01.352273+00:00,13.096753,1774634221352272600,-0.380878,0.270241,0.220652,0.735234,-0.178702,0.602110,0.255478,-0.342308,0.006569,0.630493,0.401062,-0.115542,0.839460,0.347962,-0.346223,-0.116128,-0.082327,0.795848,-0.320859,0.480041,0.182400
2026-03-27T17:57:01.370651+00:00,13.115131,1774634221370651100,-0.381722,0.270783,0.222565,0.731306,-0.177571,0.607702,0.254431,-0.341774,0.009002,0.632685,0.394108,-0.111182,0.837726,0.363088,-0.346181,-0.108809,-0.083296,0.798183,-0.326113,0.478727,0.165159
2026-03-27T17:57:01.388242+00:00,13.132722,1774634221388242400,-0.382594,0.271343,0.224389,0.728028,-0.177111,0.612366,0.252570,-0.341053,0.011817,0.634459,0.389016,-0.106635,0.832119,0.376970,-0.346147,-0.100463,-0.084248,0.799656,-0.331350,0.478989,0.145766
2026-03-27T17:57:01.404975+00:00,13.149454,1774634221404974500,-0.383418,0.271863,0.226163,0.724660,-0.176681,0.617149,0.250919,-0.340401,0.014847,0.636072,0.384256,-0.102918,0.829693,0.391257,-0.345910,-0.092359,-0.085016,0.800290,-0.336686,0.479792,0.126531
2026-03-27T17:57:01.422094+00:00,13.166574,1774634221422094100,-0.384410,0.272422,0.228109,0.721462,-0.176677,0.621496,0.248955,-0.339531,0.018415,0.637433,0.383079,-0.097313,0.824961,0.402412,-0.345855,-0.083591,-0.086158,0.799258,-0.344269,0.481573,0.104383
2026-03-27T17:57:01.439024+00:00,13.183504,1774634221439024100,-0.385396,0.272940,0.230134,0.718171,-0.176566,0.625721,0.247331,-0.338351,0.022244,0.638548,0.383648,-0.091341,0.821166,0.412747,-0.345996,-0.074967,-0.087276,0.797258,-0.352704,0.483102,0.082572
2026-03-27T17:57:01.456046+00:00,13.200526,1774634221456045900,-0.386372,0.273392,0.232374,0.714290,-0.176679,0.631026,0.246264,-0.337416,0.026400,0.639690,0.386538,-0.085919,0.815613,0.421685,-0.346509,-0.066278,-0.088544,0.794653,-0.361144,0.483988,0.061013
2026-03-27T17:57:01.473453+00:00,13.217933,1774634221473453300,-0.387322,0.273965,0.234730,0.710646,-0.176608,0.635294,0.245017,-0.337404,0.030708,0.641305,0.391067,-0.081363,0.809675,0.430254,-0.347902,-0.057754,-0.090244,0.792150,-0.369276,0.484083,0.040677
2026-03-27T17:57:01.490468+00:00,13.234948,1774634221490468100,-0.388209,0.274561,0.237213,0.707211,-0.176390,0.639736,0.243632,-0.337875,0.034974,0.643341,0.396817,-0.076537,0.802928,0.437251,-0.350522,-0.049776,-0.091994,0.788935,-0.375376,0.486259,0.021011
2026-03-27T17:57:01.507544+00:00,13.252024,1774634221507543600,-0.389021,0.275200,0.239895,0.703581,-0.175723,0.644882,0.242477,-0.339871,0.039091,0.646121,0.402458,-0.071094,0.798124,0.444150,-0.354461,-0.042223,-0.093832,0.785405,-0.378542,0.489591,0.003210
2026-03-27T17:57:01.524432+00:00,13.268912,1774634221524432000,-0.389679,0.275830,0.242624,0.700537,-0.174435,0.648506,0.240943,-0.342862,0.042994,0.649447,0.408303,-0.065126,0.792332,0.450443,-0.360566,-0.035487,-0.096132,0.781753,-0.381949,0.493083,-0.011618
2026-03-27T17:57:01.541315+00:00,13.285795,1774634221541315400,-0.390172,0.276269,0.245511,0.696838,-0.173491,0.653602,0.240218,-0.349580,0.046030,0.655001,0.410776,-0.058380,0.786057,0.458634,-0.369569,-0.029336,-0.099060,0.779266,-0.389655,0.490035,-0.025653
2026-03-27T17:57:01.558114+00:00,13.302594,1774634221558113800,-0.390433,0.276504,0.248493,0.693225,-0.173104,0.657552,0.239822,-0.357835,0.048500,0.660902,0.410590,-0.050650,0.780976,0.466497,-0.380815,-0.023898,-0.102263,0.777731,-0.400816,0.482404,-0.041658
2026-03-27T17:57:01.575046+00:00,13.319526,1774634221575046100,-0.390658,0.276668,0.251535,0.689509,-0.172727,0.661659,0.239527,-0.368180,0.049739,0.667655,0.405301,-0.041992,0.778615,0.478093,-0.393710,-0.019277,-0.105494,0.775189,-0.412982,0.474361,-0.057971
2026-03-27T17:57:01.612278+00:00,13.356759,1774634221612278600,-0.389840,0.276428,0.258523,0.680161,-0.174549,0.670085,0.241674,-0.397613,0.047481,0.684706,0.374419,-0.035879,0.767778,0.519602,-0.426768,-0.012723,-0.112132,0.769641,-0.444129,0.450103,-0.087137
2026-03-27T17:57:01.629146+00:00,13.373626,1774634221629146000,-0.389588,0.276689,0.261775,0.676479,-0.173730,0.673681,0.241456,-0.412224,0.044410,0.691919,0.357669,-0.039794,0.763977,0.536496,-0.442421,-0.011158,-0.114331,0.768013,-0.456017,0.439538,-0.095218
2026-03-27T17:57:01.646116+00:00,13.390597,1774634221646116600,-0.389022,0.276836,0.265103,0.672765,-0.173049,0.678034,0.240914,-0.426754,0.040082,0.698503,0.342331,-0.043963,0.760462,0.548311,-0.457829,-0.010510,-0.115502,0.767728,-0.462108,0.432228,-0.100343
2026-03-27T17:57:01.662984+00:00,13.407464,1774634221662984100,-0.388444,0.277113,0.268309,0.669401,-0.172328,0.682022,0.239585,-0.440771,0.034380,0.704711,0.325526,-0.050208,0.758105,0.561078,-0.472714,-0.010558,-0.115831,0.768625,-0.465294,0.427076,-0.102736
2026-03-27T17:57:01.680103+00:00,13.424583,1774634221680102600,-0.387844,0.277651,0.271586,0.666682,-0.171576,0.685315,0.237734,-0.455145,0.027610,0.710541,0.305623,-0.060791,0.753565,0.574642,-0.486875,-0.011436,-0.115309,0.772192,-0.465400,0.420721,-0.100424
2026-03-27T17:57:01.696861+00:00,13.441341,1774634221696861200,-0.387266,0.278242,0.274823,0.664529,-0.170712,0.688010,0.235921,-0.468734,0.020280,0.715376,0.286347,-0.072107,0.749254,0.588088,-0.500953,-0.013090,-0.113833,0.775979,-0.469187,0.410763,-0.094107
2026-03-27T17:57:01.713976+00:00,13.458456,1774634221713975900,-0.386793,0.278863,0.278092,0.662506,-0.169908,0.690855,0.234203,-0.481522,0.012318,0.719350,0.270694,-0.081847,0.749339,0.605101,-0.514134,-0.015517,-0.110903,0.778993,-0.470550,0.405909,-0.085150
2026-03-27T17:57:01.730747+00:00,13.475228,1774634221730747500,-0.386499,0.279521,0.281461,0.660956,-0.168198,0.693152,0.232501,-0.493186,0.004310,0.722435,0.262079,-0.089752,0.740134,0.613872,-0.526822,-0.018066,-0.107385,0.783264,-0.468615,0.401638,-0.074717
2026-03-27T17:57:01.747851+00:00,13.492331,1774634221747851300,-0.386389,0.280304,0.285028,0.659043,-0.167451,0.696106,0.231043,-0.504029,-0.004129,0.724955,0.252957,-0.100100,0.732022,0.625391,-0.537152,-0.021662,-0.101503,0.792410,-0.460836,0.395727,-0.055995
2026-03-27T17:57:01.765096+00:00,13.509576,1774634221765095900,-0.386460,0.281102,0.288746,0.658025,-0.166499,0.697691,0.229666,-0.514394,-0.012495,0.726880,0.244684,-0.113722,0.723219,0.632321,-0.546998,-0.025573,-0.095746,0.801950,-0.456488,0.383363,-0.038740
2026-03-27T17:57:01.781857+00:00,13.526337,1774634221781857400,-0.386487,0.281996,0.292591,0.656915,-0.165490,0.699028,0.228340,-0.524037,-0.020154,0.727950,0.237356,-0.128102,0.721584,0.639574,-0.556215,-0.029492,-0.090375,0.808996,-0.450617,0.376377,-0.024245
2026-03-27T17:57:01.803609+00:00,13.548089,1774634221803608500,-0.387192,0.283087,0.297604,0.655775,-0.163525,0.701375,0.227225,-0.535106,-0.029296,0.728769,0.230577,-0.146408,0.717824,0.641429,-0.565607,-0.034581,-0.083793,0.815754,-0.443284,0.371566,-0.006336
2026-03-27T17:57:01.821057+00:00,13.565537,1774634221821056900,-0.387935,0.284133,0.302093,0.654791,-0.161132,0.702923,0.226583,-0.543745,-0.036393,0.729452,0.225262,-0.160079,0.714318,0.642335,-0.572279,-0.039124,-0.078928,0.819928,-0.439590,0.366668,0.007606
2026-03-27T17:57:01.838026+00:00,13.582506,1774634221838025900,-0.388913,0.285076,0.306358,0.653953,-0.158566,0.704282,0.225877,-0.551626,-0.042519,0.730248,0.220654,-0.171689,0.709524,0.644497,-0.578375,-0.043413,-0.074756,0.823930,-0.437297,0.359992,0.019207
2026-03-27T17:57:01.854960+00:00,13.599440,1774634221854959800,-0.390002,0.285993,0.310802,0.653058,-0.156184,0.705656,0.225329,-0.558985,-0.047507,0.731127,0.217559,-0.179951,0.704616,0.645583,-0.583538,-0.047430,-0.071234,0.827777,-0.435418,0.352387,0.028536
2026-03-27T17:57:01.872242+00:00,13.616722,1774634221872241600,-0.391251,0.286824,0.315327,0.651776,-0.154054,0.707728,0.224974,-0.565917,-0.051374,0.732188,0.214979,-0.185357,0.704860,0.650151,-0.587604,-0.051014,-0.068209,0.831773,-0.432311,0.346268,0.036895
2026-03-27T17:57:01.889214+00:00,13.633694,1774634221889213700,-0.392784,0.287566,0.319910,0.650588,-0.151553,0.709376,0.224826,-0.572278,-0.054007,0.733474,0.215438,-0.184503,0.697679,0.649665,-0.590674,-0.054062,-0.065956,0.835421,-0.428360,0.341839,0.043702
2026-03-27T17:57:01.906204+00:00,13.650684,1774634221906204000,-0.394365,0.288234,0.324419,0.648892,-0.148956,0.711585,0.224883,-0.578180,-0.056040,0.734803,0.213371,-0.184416,0.695853,0.654588,-0.593502,-0.056931,-0.063981,0.839421,-0.424097,0.335995,0.049715
2026-03-27T17:57:01.923151+00:00,13.667630,1774634221923150500,-0.396127,0.288900,0.328918,0.647809,-0.146329,0.712641,0.224561,-0.583968,-0.057731,0.736505,0.208336,-0.185053,0.699473,0.665124,-0.595672,-0.059248,-0.062768,0.842596,-0.421601,0.330606,0.053415
2026-03-27T17:57:01.940188+00:00,13.684668,1774634221940187700,-0.398005,0.289395,0.333307,0.646045,-0.144520,0.714891,0.224471,-0.589244,-0.058981,0.738356,0.205235,-0.183882,0.690186,0.664514,-0.597334,-0.061019,-0.062381,0.844788,-0.421440,0.325320,0.054619
2026-03-27T17:57:01.956887+00:00,13.701367,1774634221956886800,-0.400038,0.289797,0.337633,0.644690,-0.143113,0.716162,0.224348,-0.594478,-0.060356,0.740334,0.198675,-0.188413,0.693661,0.676456,-0.598583,-0.062497,-0.062599,0.845970,-0.423045,0.319871,0.053903
2026-03-27T17:57:01.974522+00:00,13.719002,1774634221974521700,-0.402127,0.290013,0.341895,0.642642,-0.142057,0.718678,0.224789,-0.599242,-0.061486,0.742196,0.195717,-0.192650,0.689982,0.681134,-0.599327,-0.063338,-0.063171,0.846209,-0.426737,0.314795,0.051891
2026-03-27T17:57:01.991119+00:00,13.735599,1774634221991119300,-0.404330,0.290156,0.346195,0.640698,-0.140767,0.720543,0.225597,-0.603935,-0.062646,0.743927,0.195080,-0.196684,0.681943,0.681563,-0.600072,-0.064320,-0.064028,0.846047,-0.431067,0.309764,0.049998
2026-03-27T17:57:02.008258+00:00,13.752738,1774634222008258400,-0.406413,0.290117,0.350354,0.638229,-0.139236,0.722416,0.226570,-0.608051,-0.063748,0.745424,0.193323,-0.202753,0.678652,0.686938,-0.601043,-0.065055,-0.065650,0.845725,-0.435183,0.304737,0.048603
2026-03-27T17:57:02.025492+00:00,13.769972,1774634222025491900,-0.408653,0.290127,0.354644,0.635519,-0.137558,0.724545,0.227555,-0.612177,-0.065028,0.746874,0.192070,-0.208875,0.671686,0.689346,-0.601471,-0.065728,-0.067025,0.845833,-0.438444,0.300081,0.047144
2026-03-27T17:57:02.044918+00:00,13.789397,1774634222044917500,-0.411060,0.290246,0.359438,0.631261,-0.135796,0.728745,0.228776,-0.616660,-0.066540,0.748380,0.191319,-0.215289,0.661919,0.690952,-0.602000,-0.066280,-0.068285,0.846428,-0.440947,0.295290,0.045540
2026-03-27T17:57:02.061793+00:00,13.806273,1774634222061793100,-0.413014,0.290330,0.363393,0.627903,-0.135043,0.730916,0.228964,-0.620011,-0.067908,0.749427,0.191934,-0.219657,0.652009,0.689431,-0.602598,-0.066757,-0.068881,0.847338,-0.441694,0.291351,0.045534
2026-03-27T17:57:02.078632+00:00,13.823112,1774634222078632000,-0.415031,0.290289,0.367409,0.623380,-0.134545,0.735162,0.229557,-0.623324,-0.069351,0.750380,0.189023,-0.225907,0.652419,0.698020,-0.603022,-0.067418,-0.069473,0.847938,-0.442837,0.287470,0.045803
2026-03-27T17:57:02.095806+00:00,13.840286,1774634222095805900,-0.416881,0.290336,0.371418,0.618615,-0.133801,0.739196,0.230009,-0.626711,-0.070952,0.751385,0.186748,-0.231373,0.651917,0.703774,-0.603933,-0.068115,-0.069654,0.848879,-0.442969,0.284659,0.047374
2026-03-27T17:57:02.113011+00:00,13.857491,1774634222113011300,-0.418818,0.290299,0.375462,0.613605,-0.132837,0.743834,0.230470,-0.630000,-0.072580,0.752155,0.186356,-0.234724,0.645574,0.702800,-0.604609,-0.069029,-0.069682,0.849938,-0.442574,0.281920,0.049135
2026-03-27T17:57:02.130258+00:00,13.874738,1774634222130257800,-0.420715,0.290317,0.379445,0.608587,-0.131551,0.747951,0.230539,-0.633166,-0.074351,0.752958,0.185988,-0.237820,0.639635,0.702241,-0.605867,-0.069902,-0.069555,0.851236,-0.441694,0.278787,0.051469
2026-03-27T17:57:02.147428+00:00,13.891908,1774634222147428300,-0.422345,0.290390,0.383172,0.603920,-0.129965,0.752041,0.230240,-0.636308,-0.076246,0.753636,0.184223,-0.242276,0.638088,0.706140,-0.606819,-0.071014,-0.069110,0.852508,-0.440468,0.276165,0.054366
2026-03-27T17:57:02.164448+00:00,13.908928,1774634222164448100,-0.424132,0.290488,0.386787,0.599331,-0.128304,0.755779,0.229842,-0.639366,-0.078409,0.754427,0.182351,-0.244564,0.630153,0.703694,-0.607980,-0.072250,-0.068344,0.853953,-0.438613,0.274152,0.058045
2026-03-27T17:57:02.181491+00:00,13.925971,1774634222181491200,-0.425734,0.290476,0.390089,0.595480,-0.126610,0.758843,0.229523,-0.642498,-0.080708,0.755092,0.176722,-0.251090,0.632374,0.713247,-0.609676,-0.073385,-0.067215,0.855662,-0.435993,0.272352,0.061145
2026-03-27T17:57:02.198601+00:00,13.943081,1774634222198600700,-0.427501,0.290472,0.393266,0.591419,-0.125081,0.762353,0.229531,-0.645602,-0.083021,0.755811,0.173306,-0.255911,0.629419,0.714970,-0.611636,-0.074547,-0.065939,0.857166,-0.433727,0.270195,0.063523
2026-03-27T17:57:02.215491+00:00,13.959971,1774634222215490500,-0.429092,0.290483,0.396268,0.587549,-0.123532,0.765852,0.229555,-0.648851,-0.085150,0.756265,0.171570,-0.259907,0.626251,0.715663,-0.613206,-0.075828,-0.064966,0.858794,-0.431326,0.268100,0.066386
2026-03-27T17:57:02.238238+00:00,13.982718,1774634222238238100,-0.431348,0.290569,0.400120,0.582637,-0.121217,0.770417,0.229550,-0.653092,-0.087766,0.756759,0.169328,-0.263415,0.622114,0.715420,-0.615924,-0.077395,-0.063608,0.860698,-0.428715,0.265356,0.069933
2026-03-27T17:57:02.254105+00:00,13.998585,1774634222254104800,-0.433059,0.290648,0.402647,0.579509,-0.119585,0.772753,0.229225,-0.656011,-0.089485,0.756986,0.167908,-0.264343,0.617350,0.712883,-0.617999,-0.078498,-0.062878,0.861765,-0.427774,0.263097,0.071650
2026-03-27T17:57:02.271217+00:00,14.015697,1774634222271217100,-0.434768,0.290717,0.405274,0.575828,-0.118128,0.775928,0.228993,-0.659269,-0.091082,0.757098,0.164001,-0.268043,0.619030,0.717169,-0.620067,-0.079735,-0.062291,0.862947,-0.426536,0.260532,0.073429
2026-03-27T17:57:02.288203+00:00,14.032682,1774634222288202400,-0.436655,0.290760,0.407708,0.572728,-0.116806,0.778485,0.228748,-0.662312,-0.092556,0.757104,0.159268,-0.273654,0.624634,0.725779,-0.621988,-0.080983,-0.062002,0.863573,-0.426572,0.258146,0.075090
2026-03-27T17:57:02.304946+00:00,14.049426,1774634222304946100,-0.438445,0.290789,0.410125,0.569538,-0.115270,0.781170,0.228661,-0.665622,-0.093648,0.757080,0.158656,-0.273598,0.617256,0.718045,-0.624192,-0.082063,-0.061786,0.864016,-0.426769,0.255742,0.076454
2026-03-27T17:57:02.322113+00:00,14.066593,1774634222322113000,-0.440280,0.290849,0.412577,0.565754,-0.113911,0.784674,0.228590,-0.668740,-0.094583,0.756929,0.157439,-0.275783,0.616266,0.717604,-0.626640,-0.083143,-0.061742,0.864392,-0.427783,0.252525,0.077538
2026-03-27T17:57:02.338860+00:00,14.083340,1774634222338860400,-0.442237,0.290875,0.414751,0.563010,-0.112904,0.786256,0.228439,-0.672025,-0.095194,0.756494,0.155458,-0.279845,0.619688,0.722157,-0.628824,-0.084280,-0.061749,0.864864,-0.428545,0.249183,0.079079
2026-03-27T17:57:02.356170+00:00,14.100650,1774634222356170200,-0.444242,0.290839,0.416954,0.559604,-0.111901,0.789196,0.228266,-0.675007,-0.095765,0.756022,0.155797,-0.281844,0.618186,0.720461,-0.630974,-0.085410,-0.061793,0.865572,-0.428621,0.245771,0.081058
2026-03-27T17:57:02.372873+00:00,14.117353,1774634222372872800,-0.446177,0.290771,0.419025,0.556941,-0.110806,0.790679,0.227975,-0.678195,-0.096118,0.755470,0.155723,-0.286174,0.621486,0.724368,-0.633411,-0.086308,-0.061667,0.866319,-0.428387,0.243183,0.083098
2026-03-27T17:57:02.389989+00:00,14.134469,1774634222389988500,-0.448249,0.290644,0.420964,0.554231,-0.109579,0.792472,0.227646,-0.681130,-0.096548,0.755011,0.157859,-0.287638,0.618430,0.720432,-0.635443,-0.087292,-0.061552,0.867131,-0.427843,0.240816,0.084784
2026-03-27T17:57:02.407194+00:00,14.151674,1774634222407194400,-0.450216,0.290490,0.422986,0.551608,-0.108582,0.794562,0.227451,-0.684320,-0.096964,0.754647,0.159528,-0.289784,0.616408,0.718820,-0.637697,-0.088061,-0.061171,0.868012,-0.426938,0.238756,0.085401
2026-03-27T17:57:02.424187+00:00,14.168667,1774634222424186900,-0.452275,0.290236,0.424745,0.548839,-0.107902,0.796854,0.227648,-0.687257,-0.097661,0.754470,0.160043,-0.293113,0.619001,0.721962,-0.639458,-0.088938,-0.060946,0.868882,-0.426288,0.236769,0.085759
2026-03-27T17:57:02.442730+00:00,14.187210,1774634222442730400,-0.454483,0.289909,0.426650,0.545863,-0.107163,0.799530,0.228130,-0.690672,-0.098506,0.754412,0.161646,-0.291985,0.614346,0.716680,-0.641583,-0.089751,-0.060478,0.869681,-0.425650,0.234690,0.085908
2026-03-27T17:57:02.474968+00:00,14.219448,1774634222474968400,-0.457417,0.289517,0.429204,0.542510,-0.106077,0.801282,0.228263,-0.694977,-0.100027,0.754585,0.162679,-0.290017,0.608525,0.711458,-0.644042,-0.091017,-0.060031,0.870857,-0.425434,0.231119,0.085293
2026-03-27T17:57:02.480238+00:00,14.224718,1774634222480238000,-0.458945,0.289286,0.430448,0.540631,-0.105546,0.802572,0.228429,-0.697131,-0.100797,0.754698,0.162608,-0.290237,0.608202,0.711654,-0.645222,-0.091679,-0.059843,0.871413,-0.425322,0.229334,0.084991
2026-03-27T17:57:02.497373+00:00,14.241853,1774634222497373200,-0.461045,0.289067,0.431954,0.539211,-0.105002,0.803492,0.228412,-0.699601,-0.102991,0.754879,0.157888,-0.289325,0.611159,0.717924,-0.646710,-0.092739,-0.059639,0.871635,-0.427102,0.225654,0.082746
2026-03-27T17:57:02.514400+00:00,14.258880,1774634222514400100,-0.463034,0.288754,0.433603,0.536640,-0.105162,0.805242,0.228577,-0.702119,-0.105133,0.755213,0.156741,-0.288758,0.607442,0.715888,-0.647959,-0.093655,-0.059442,0.871750,-0.428340,0.223469,0.081022
2026-03-27T17:57:02.531413+00:00,14.275893,1774634222531412900,-0.465076,0.288312,0.435205,0.533936,-0.105616,0.807783,0.228837,-0.704410,-0.107544,0.755618,0.155706,-0.289274,0.604312,0.714927,-0.649137,-0.094463,-0.059429,0.872003,-0.429551,0.221374,0.078650
2026-03-27T17:57:02.548507+00:00,14.292987,1774634222548506600,-0.467137,0.287849,0.436760,0.531394,-0.106095,0.808451,0.228551,-0.706605,-0.110136,0.755971,0.153120,-0.293502,0.607178,0.721254,-0.650035,-0.095089,-0.059537,0.871984,-0.431168,0.219454,0.074894
2026-03-27T17:57:02.565552+00:00,14.310032,1774634222565551700,-0.469230,0.287356,0.438392,0.528801,-0.106858,0.809920,0.228536,-0.708476,-0.112830,0.756536,0.152754,-0.292201,0.598906,0.714957,-0.650958,-0.095432,-0.059743,0.871697,-0.433830,0.217211,0.069700
2026-03-27T17:57:02.582550+00:00,14.327030,1774634222582549800,-0.471322,0.286796,0.440007,0.525392,-0.107902,0.813153,0.229052,-0.710375,-0.115489,0.757015,0.149467,-0.295002,0.601115,0.721096,-0.651684,-0.095636,-0.060177,0.871071,-0.437269,0.214521,0.063685
2026-03-27T17:57:02.599533+00:00,14.344013,1774634222599533200,-0.473423,0.286243,0.441642,0.522670,-0.108633,0.814095,0.229195,-0.711888,-0.118219,0.757729,0.145681,-0.298309,0.603559,0.728657,-0.652592,-0.095698,-0.060932,0.870372,-0.441100,0.211234,0.057627
2026-03-27T17:57:02.616489+00:00,14.360969,1774634222616489300,-0.475506,0.285673,0.443360,0.519959,-0.109054,0.815001,0.229387,-0.713683,-0.120829,0.758289,0.143920,-0.298414,0.599039,0.727270,-0.653437,-0.095616,-0.061814,0.869455,-0.445087,0.207711,0.052136
2026-03-27T17:57:02.633428+00:00,14.377908,1774634222633428300,-0.477600,0.285052,0.445082,0.517138,-0.109358,0.816876,0.230237,-0.715117,-0.123288,0.759010,0.141119,-0.300572,0.600762,0.732784,-0.654265,-0.095491,-0.062740,0.868612,-0.448843,0.204782,0.047058
2026-03-27T17:57:02.650362+00:00,14.394842,1774634222650361500,-0.479662,0.284454,0.446886,0.513933,-0.109705,0.819014,0.230938,-0.716849,-0.125474,0.759559,0.138054,-0.302837,0.602732,0.739963,-0.655245,-0.095263,-0.063499,0.867955,-0.451655,0.202034,0.042149
2026-03-27T17:57:02.671264+00:00,14.415744,1774634222671263700,-0.482081,0.283741,0.448914,0.511239,-0.110027,0.820005,0.231914,-0.718371,-0.127798,0.760485,0.136420,-0.300834,0.598958,0.740138,-0.656256,-0.095015,-0.064502,0.867017,-0.455164,0.198920,0.037037
2026-03-27T17:57:02.687237+00:00,14.431717,1774634222687236500,-0.484116,0.283197,0.450790,0.509011,-0.110203,0.821527,0.232639,-0.719607,-0.129301,0.761113,0.135346,-0.300334,0.601863,0.747455,-0.657091,-0.095119,-0.064883,0.866904,-0.457286,0.195842,0.033072
2026-03-27T17:57:02.703857+00:00,14.448337,1774634222703857400,-0.486181,0.282647,0.452561,0.506964,-0.110343,0.822559,0.233355,-0.720622,-0.130790,0.761882,0.138011,-0.293291,0.588492,0.734538,-0.657877,-0.095215,-0.065329,0.866540,-0.459272,0.192808,0.029734
2026-03-27T17:57:02.720598+00:00,14.465078,1774634222720597800,-0.488150,0.282066,0.454260,0.504938,-0.110751,0.823532,0.234067,-0.721575,-0.132183,0.762469,0.136831,-0.296247,0.595436,0.746594,-0.658735,-0.095670,-0.065536,0.866160,-0.461142,0.190064,0.029817
2026-03-27T17:57:02.737659+00:00,14.482139,1774634222737659000,-0.490144,0.281452,0.456035,0.502797,-0.111249,0.824666,0.234935,-0.722234,-0.133557,0.763271,0.139764,-0.292703,0.587999,0.740400,-0.659764,-0.096675,-0.065578,0.866137,-0.462186,0.187586,0.032344
2026-03-27T17:57:02.754367+00:00,14.498847,1774634222754366700,-0.491970,0.280809,0.457697,0.501384,-0.111635,0.824983,0.235947,-0.723129,-0.134850,0.763938,0.141195,-0.293038,0.589811,0.745308,-0.660676,-0.097961,-0.065493,0.866578,-0.461624,0.185903,0.036413
2026-03-27T17:57:02.771564+00:00,14.516044,1774634222771563600,-0.493770,0.280199,0.459475,0.499999,-0.111642,0.824537,0.236765,-0.723722,-0.136243,0.765003,0.142757,-0.292525,0.590672,0.748921,-0.661595,-0.099326,-0.065367,0.867054,-0.460914,0.184763,0.040379
2026-03-27T17:57:02.788593+00:00,14.533073,1774634222788593200,-0.495404,0.279681,0.461188,0.497925,-0.111381,0.826448,0.237853,-0.724197,-0.137365,0.766079,0.143579,-0.289475,0.591582,0.752533,-0.662333,-0.100754,-0.065013,0.867503,-0.460236,0.183606,0.043553
2026-03-27T17:57:02.805849+00:00,14.550329,1774634222805849300,-0.497030,0.279225,0.462959,0.496010,-0.110771,0.827880,0.238796,-0.724663,-0.138662,0.767949,0.143008,-0.284385,0.589252,0.753660,-0.663093,-0.102024,-0.064622,0.867432,-0.460423,0.182606,0.045802
2026-03-27T17:57:02.822714+00:00,14.567194,1774634222822714200,-0.498534,0.278872,0.464644,0.494951,-0.109843,0.827408,0.238992,-0.725813,-0.140223,0.769795,0.143747,-0.275768,0.578431,0.745255,-0.663679,-0.103172,-0.064453,0.866576,-0.462339,0.182087,0.046807
2026-03-27T17:57:02.839712+00:00,14.584192,1774634222839711700,-0.499995,0.278463,0.466354,0.492946,-0.109252,0.829271,0.239849,-0.726449,-0.141198,0.771816,0.140679,-0.272105,0.583813,0.754646,-0.663968,-0.103796,-0.064610,0.864794,-0.466334,0.180999,0.045059
2026-03-27T17:57:02.856712+00:00,14.601192,1774634222856712100,-0.501401,0.278044,0.467969,0.491813,-0.108530,0.829088,0.240431,-0.726806,-0.141992,0.774222,0.140370,-0.263428,0.577205,0.748187,-0.664389,-0.104447,-0.065004,0.862648,-0.471420,0.178823,0.040384
2026-03-27T17:57:02.873828+00:00,14.618308,1774634222873828000,-0.502793,0.277557,0.469616,0.489733,-0.108213,0.830971,0.241596,-0.727183,-0.142700,0.776533,0.138372,-0.257051,0.574827,0.750530,-0.664748,-0.104742,-0.066522,0.858591,-0.480574,0.175699,0.031686
2026-03-27T17:57:02.890937+00:00,14.635417,1774634222890937400,-0.504137,0.277051,0.471171,0.488506,-0.107769,0.830899,0.242235,-0.727318,-0.143176,0.779311,0.133009,-0.254656,0.582222,0.770148,-0.665039,-0.104576,-0.068690,0.852446,-0.493741,0.170713,0.018454
2026-03-27T17:57:02.909304+00:00,14.653784,1774634222909303700,-0.505532,0.276389,0.472797,0.486192,-0.107806,0.833036,0.243703,-0.727464,-0.143364,0.782344,0.132466,-0.241617,0.570505,0.762706,-0.665421,-0.104084,-0.071718,0.843767,-0.511162,0.163420,0.000481
2026-03-27T17:57:02.926088+00:00,14.670568,1774634222926087600,-0.506786,0.275747,0.474199,0.485141,-0.108083,0.832828,0.244751,-0.727633,-0.143489,0.785384,0.127346,-0.236059,0.583447,0.782229,-0.665597,-0.103377,-0.075034,0.834275,-0.528573,0.155585,-0.017953
2026-03-27T17:57:02.943035+00:00,14.687515,1774634222943034600,-0.507998,0.275072,0.475524,0.484152,-0.108408,0.832306,0.245865,-0.727822,-0.142929,0.788408,0.126059,-0.221093,0.574470,0.772712,-0.665514,-0.102422,-0.078550,0.824361,-0.545236,0.147376,-0.037289
2026-03-27T17:57:02.959994+00:00,14.704474,1774634222959994100,-0.509102,0.274374,0.476739,0.482630,-0.108996,0.833730,0.247512,-0.728031,-0.142445,0.791823,0.123121,-0.207607,0.568149,0.768890,-0.665324,-0.101150,-0.082189,0.814498,-0.560615,0.138787,-0.055582
2026-03-27T17:57:02.977394+00:00,14.721875,1774634222977394500,-0.510226,0.273702,0.477898,0.481890,-0.109437,0.833354,0.248782,-0.728494,-0.142132,0.795495,0.115472,-0.198662,0.573014,0.783669,-0.664942,-0.099475,-0.085970,0.803546,-0.575956,0.131581,-0.074644
2026-03-27T17:57:02.994375+00:00,14.738855,1774634222994374900,-0.511195,0.273161,0.478960,0.481351,-0.110060,0.833637,0.249813,-0.728687,-0.141973,0.799251,0.105799,-0.192170,0.577284,0.808709,-0.663883,-0.097500,-0.089378,0.792908,-0.588384,0.127223,-0.095004
2026-03-27T17:57:03.011339+00:00,14.755819,1774634223011339100,-0.512129,0.272696,0.480049,0.480910,-0.110465,0.833622,0.250470,-0.728481,-0.141556,0.803190,0.103785,-0.178827,0.578509,0.820449,-0.662437,-0.095069,-0.092664,0.783665,-0.597089,0.124371,-0.116184
2026-03-27T17:57:03.028337+00:00,14.772817,1774634223028336600,-0.512960,0.272274,0.481128,0.480389,-0.110673,0.833202,0.251226,-0.727886,-0.140836,0.807173,0.106567,-0.159624,0.557019,0.793968,-0.661069,-0.092768,-0.095875,0.773223,-0.607340,0.121830,-0.136336
2026-03-27T17:57:03.045368+00:00,14.789848,1774634223045367700,-0.513597,0.271849,0.482250,0.479692,-0.110782,0.833494,0.252604,-0.727314,-0.140035,0.810734,0.104762,-0.151074,0.567557,0.811347,-0.659618,-0.090224,-0.098928,0.762944,-0.615825,0.119779,-0.156063
2026-03-27T17:57:03.062401+00:00,14.806881,1774634223062401000,-0.514182,0.271471,0.483422,0.479100,-0.110500,0.833245,0.253754,-0.726610,-0.139156,0.814350,0.106257,-0.141386,0.571435,0.815497,-0.658060,-0.087662,-0.101801,0.752916,-0.623485,0.118624,-0.174739
2026-03-27T17:57:03.079546+00:00,14.824026,1774634223079546000,-0.514625,0.271180,0.484611,0.478736,-0.110075,0.832536,0.254324,-0.725731,-0.138124,0.817894,0.109153,-0.131348,0.574585,0.815343,-0.656447,-0.084973,-0.104519,0.743406,-0.629679,0.118019,-0.191969
2026-03-27T17:57:03.096681+00:00,14.841161,1774634223096680900,-0.514977,0.270938,0.485796,0.478070,-0.109737,0.832690,0.255212,-0.724581,-0.137006,0.821134,0.111720,-0.122604,0.583563,0.817044,-0.654794,-0.082145,-0.107065,0.734849,-0.634836,0.118056,-0.207883
2026-03-27T17:57:03.113633+00:00,14.858113,1774634223113633100,-0.515241,0.270751,0.486971,0.477178,-0.109616,0.833962,0.256136,-0.723255,-0.136051,0.824513,0.115894,-0.111167,0.578425,0.801185,-0.652990,-0.079260,-0.109354,0.728525,-0.637366,0.118439,-0.221982
2026-03-27T17:57:03.132976+00:00,14.877456,1774634223132975800,-0.515434,0.270581,0.488337,0.476602,-0.109299,0.834107,0.256875,-0.721376,-0.135526,0.828571,0.116595,-0.100697,0.585010,0.806367,-0.650903,-0.075692,-0.111744,0.723207,-0.637535,0.118900,-0.236419
2026-03-27T17:57:03.149251+00:00,14.893731,1774634223149250700,-0.515489,0.270468,0.489611,0.476461,-0.108694,0.833271,0.257714,-0.719611,-0.135395,0.831906,0.115251,-0.091572,0.588435,0.814723,-0.648899,-0.072636,-0.113230,0.722479,-0.635240,0.121194,-0.244573
2026-03-27T17:57:03.166727+00:00,14.911207,1774634223166727000,-0.515410,0.270388,0.490971,0.476146,-0.107879,0.832968,0.258386,-0.717545,-0.136269,0.835721,0.112153,-0.081083,0.586275,0.818917,-0.646856,-0.069302,-0.114813,0.721140,-0.632818,0.123127,-0.252898
2026-03-27T17:57:03.183377+00:00,14.927857,1774634223183376900,-0.515438,0.270280,0.492302,0.475869,-0.106809,0.832940,0.259452,-0.715684,-0.137751,0.839203,0.109494,-0.071110,0.568983,0.811589,-0.644980,-0.066273,-0.116044,0.721039,-0.630848,0.124921,-0.257859
2026-03-27T17:57:03.200698+00:00,14.945178,1774634223200698100,-0.515267,0.270235,0.493711,0.475573,-0.105624,0.833014,0.260516,-0.713508,-0.139995,0.842929,0.103857,-0.062237,0.560475,0.817760,-0.643073,-0.063214,-0.117227,0.720924,-0.628710,0.126429,-0.262134
2026-03-27T17:57:03.217870+00:00,14.962350,1774634223217870100,-0.514913,0.270216,0.495104,0.475435,-0.104502,0.832872,0.261220,-0.711283,-0.142542,0.846192,0.099435,-0.052220,0.539511,0.805771,-0.641078,-0.060340,-0.118196,0.720858,-0.627264,0.127924,-0.265357
2026-03-27T17:57:03.234893+00:00,14.979373,1774634223234892500,-0.514473,0.270215,0.496467,0.475273,-0.103424,0.833177,0.262062,-0.708924,-0.145481,0.849333,0.091566,-0.043570,0.529402,0.810763,-0.639112,-0.057727,-0.118984,0.721210,-0.625624,0.129387,-0.267862
2026-03-27T17:57:03.252490+00:00,14.996970,1774634223252490000,-0.513936,0.270306,0.497889,0.475254,-0.102220,0.833213,0.262644,-0.706521,-0.148824,0.852001,0.083120,-0.035399,0.519208,0.820756,-0.637022,-0.055197,-0.119600,0.720996,-0.624866,0.130802,-0.269752
2026-03-27T17:57:03.269554+00:00,15.014034,1774634223269553700,-0.513308,0.270434,0.499273,0.475083,-0.101055,0.833502,0.263533,-0.704195,-0.152348,0.854396,0.075949,-0.028376,0.514991,0.842899,-0.634947,-0.052905,-0.119999,0.720647,-0.624423,0.131738,-0.270840
2026-03-27T17:57:03.286636+00:00,15.031116,1774634223286635600,-0.512617,0.270554,0.500660,0.474927,-0.099929,0.833774,0.264450,-0.701927,-0.155861,0.856322,0.071264,-0.021252,0.502296,0.851094,-0.633025,-0.050859,-0.120029,0.721054,-0.623205,0.132616,-0.271391
2026-03-27T17:57:03.303544+00:00,15.048024,1774634223303544100,-0.511882,0.270690,0.502042,0.475000,-0.098792,0.834110,0.265311,-0.699719,-0.159166,0.857666,0.070365,-0.014625,0.478097,0.837984,-0.630917,-0.048873,-0.120021,0.721317,-0.622985,0.133643,-0.271968
2026-03-27T17:57:03.320801+00:00,15.065281,1774634223320800600,-0.511202,0.270666,0.503274,0.475602,-0.097499,0.833126,0.265950,-0.697537,-0.162435,0.858869,0.069651,-0.008842,0.459891,0.834421,-0.628860,-0.046893,-0.120005,0.722351,-0.621553,0.134396,-0.271815
2026-03-27T17:57:03.337781+00:00,15.082261,1774634223337781000,-0.510367,0.270778,0.504644,0.475839,-0.096329,0.832974,0.266644,-0.695438,-0.165411,0.859396,0.069636,-0.004036,0.448631,0.842933,-0.626757,-0.044964,-0.119761,0.723065,-0.620395,0.135332,-0.271296
2026-03-27T17:57:03.356061+00:00,15.100540,1774634223356060500,-0.509191,0.271008,0.506297,0.476740,-0.095039,0.831838,0.267623,-0.693257,-0.168360,0.859556,0.062452,-0.000074,0.475892,0.922777,-0.624667,-0.043189,-0.119288,0.723974,-0.619075,0.137255,-0.271013
2026-03-27T17:57:03.373045+00:00,15.117525,1774634223373045000,-0.508268,0.271090,0.507732,0.477069,-0.093866,0.831500,0.268474,-0.691424,-0.170799,0.859903,0.062228,0.004352,0.458437,0.916760,-0.622741,-0.041584,-0.118566,0.724400,-0.618666,0.138910,-0.271429
2026-03-27T17:57:03.389862+00:00,15.134342,1774634223389862300,-0.507265,0.271158,0.509144,0.477490,-0.092552,0.830715,0.269666,-0.689655,-0.172810,0.860023,0.059908,0.009001,0.460634,0.946529,-0.620680,-0.039975,-0.117725,0.724746,-0.617402,0.140284,-0.271509
2026-03-27T17:57:03.407192+00:00,15.151672,1774634223407192100,-0.506243,0.271210,0.510640,0.477528,-0.091119,0.831150,0.271087,-0.687973,-0.174262,0.860256,0.062933,0.014340,0.445489,0.939497,-0.618804,-0.038466,-0.116877,0.724151,-0.617908,0.142322,-0.271685
2026-03-27T17:57:03.424079+00:00,15.168558,1774634223424078500,-0.505207,0.271234,0.512106,0.478395,-0.089452,0.829457,0.272212,-0.686407,-0.175279,0.860236,0.069776,0.016999,0.409035,0.879909,-0.616813,-0.036923,-0.115944,0.723462,-0.617622,0.144117,-0.272177
2026-03-27T17:57:03.441139+00:00,15.185619,1774634223441139200,-0.504103,0.271318,0.513581,0.478723,-0.087933,0.829006,0.273503,-0.684868,-0.176164,0.860413,0.070289,0.020114,0.419276,0.914386,-0.614968,-0.035426,-0.115000,0.722278,-0.618096,0.145697,-0.273702
2026-03-27T17:57:03.458169+00:00,15.202649,1774634223458169300,-0.502985,0.271318,0.515092,0.478495,-0.086612,0.829617,0.274760,-0.683263,-0.177018,0.860812,0.073478,0.022568,0.419689,0.919609,-0.612923,-0.033914,-0.113957,0.721166,-0.618417,0.147534,-0.276019
2026-03-27T17:57:03.475254+00:00,15.219734,1774634223475253700,-0.501757,0.271400,0.516586,0.478319,-0.085245,0.829808,0.275912,-0.681924,-0.177537,0.861302,0.079002,0.024547,0.405533,0.894373,-0.611063,-0.032431,-0.112957,0.719634,-0.618387,0.149920,-0.278021
2026-03-27T17:57:03.492301+00:00,15.236781,1774634223492301300,-0.500550,0.271476,0.518115,0.478725,-0.083795,0.828504,0.276507,-0.680598,-0.178144,0.861775,0.076184,0.028239,0.423608,0.940337,-0.609155,-0.030913,-0.111925,0.717711,-0.619201,0.152741,-0.280162
2026-03-27T17:57:03.509359+00:00,15.253839,1774634223509359000,-0.499216,0.271585,0.519633,0.478257,-0.082556,0.829170,0.277657,-0.679330,-0.178889,0.862394,0.075865,0.030060,0.418537,0.937102,-0.607221,-0.029352,-0.110889,0.716221,-0.619073,0.155139,-0.282109
2026-03-27T17:57:03.526632+00:00,15.271112,1774634223526631700,-0.497902,0.271691,0.521183,0.477883,-0.081395,0.829187,0.278467,-0.678194,-0.179614,0.862903,0.078652,0.030776,0.395683,0.893470,-0.605573,-0.027892,-0.109899,0.714548,-0.619497,0.157652,-0.284538
2026-03-27T17:57:03.543426+00:00,15.287906,1774634223543425600,-0.496474,0.271875,0.522710,0.477542,-0.080087,0.828814,0.279085,-0.677077,-0.180198,0.863368,0.072518,0.034140,0.414647,0.943536,-0.603731,-0.026388,-0.108839,0.713001,-0.619421,0.160118,-0.287035
2026-03-27T17:57:03.566917+00:00,15.311397,1774634223566917100,-0.494811,0.272180,0.524537,0.476402,-0.078015,0.830167,0.280382,-0.675843,-0.180904,0.863684,0.072776,0.034837,0.410019,0.940259,-0.601850,-0.024703,-0.107675,0.710608,-0.620077,0.163072,-0.290136
2026-03-27T17:57:03.580534+00:00,15.325014,1774634223580533500,-0.493485,0.272547,0.525937,0.476448,-0.076195,0.829780,0.280619,-0.674790,-0.181097,0.863733,0.076292,0.031356,0.395484,0.907525,-0.600501,-0.023379,-0.106776,0.708995,-0.620631,0.164537,-0.292223
2026-03-27T17:57:03.597731+00:00,15.342211,1774634223597730500,-0.492163,0.272980,0.527307,0.476721,-0.074556,0.829318,0.280776,-0.673565,-0.181079,0.863725,0.078684,0.028053,0.388530,0.892699,-0.598878,-0.022000,-0.105750,0.707252,-0.621343,0.166097,-0.294298
2026-03-27T17:57:03.614661+00:00,15.359141,1774634223614661300,-0.490864,0.273440,0.528598,0.476916,-0.072962,0.829108,0.280765,-0.672363,-0.181049,0.863747,0.078625,0.024477,0.401234,0.915337,-0.597583,-0.020676,-0.104802,0.705755,-0.621533,0.167600,-0.295559
2026-03-27T17:57:03.631889+00:00,15.376369,1774634223631888800,-0.489571,0.273885,0.529764,0.477185,-0.071359,0.829126,0.280956,-0.670885,-0.180466,0.863532,0.079106,0.021880,0.417467,0.944849,-0.596148,-0.019351,-0.103723,0.704277,-0.622076,0.169711,-0.296686
2026-03-27T17:57:03.649030+00:00,15.393510,1774634223649030500,-0.488367,0.274325,0.530886,0.477323,-0.069748,0.828935,0.281200,-0.669312,-0.179669,0.863349,0.085848,0.017775,0.401403,0.899392,-0.594787,-0.018015,-0.102623,0.702820,-0.623126,0.171966,-0.297563
2026-03-27T17:57:03.666205+00:00,15.410685,1774634223666204600,-0.487209,0.274708,0.531912,0.477180,-0.068513,0.830143,0.281857,-0.667582,-0.179145,0.863010,0.086120,0.015680,0.413134,0.919518,-0.594095,-0.016547,-0.101440,0.703603,-0.622045,0.174431,-0.296084
2026-03-27T17:57:03.682830+00:00,15.427310,1774634223682829900,-0.486037,0.275082,0.532866,0.477260,-0.067202,0.830480,0.282231,-0.665717,-0.178753,0.862749,0.088732,0.012819,0.409983,0.907525,-0.592998,-0.015098,-0.100148,0.704503,-0.621099,0.176673,-0.295131
2026-03-27T17:57:03.699913+00:00,15.444392,1774634223699912400,-0.484959,0.275426,0.533811,0.477308,-0.065860,0.830424,0.282487,-0.663645,-0.178457,0.862726,0.089907,0.010051,0.411342,0.905530,-0.591987,-0.013563,-0.098755,0.706252,-0.618405,0.179227,-0.293529
2026-03-27T17:57:03.717072+00:00,15.461552,1774634223717071500,-0.483825,0.275773,0.534721,0.477239,-0.064696,0.830473,0.282727,-0.661571,-0.178358,0.862750,0.090225,0.009106,0.414321,0.912111,-0.591039,-0.012088,-0.097356,0.707764,-0.616348,0.182474,-0.292206
2026-03-27T17:57:03.734256+00:00,15.478736,1774634223734256000,-0.482740,0.276083,0.535561,0.477173,-0.063846,0.830044,0.282627,-0.659440,-0.178382,0.862804,0.090269,0.008318,0.416601,0.917466,-0.590095,-0.010698,-0.095990,0.708556,-0.615216,0.185800,-0.291150
2026-03-27T17:57:03.751342+00:00,15.495822,1774634223751342000,-0.481714,0.276371,0.536391,0.476899,-0.063082,0.829726,0.282465,-0.657330,-0.178486,0.862854,0.090931,0.008294,0.413965,0.916251,-0.589389,-0.009496,-0.094722,0.708911,-0.614532,0.188883,-0.290582
2026-03-27T17:57:03.768723+00:00,15.513202,1774634223768722400,-0.480643,0.276629,0.537145,0.476200,-0.062799,0.829802,0.282191,-0.655219,-0.179033,0.862920,0.090813,0.008765,0.411033,0.916894,-0.588594,-0.008372,-0.093473,0.708965,-0.613687,0.191411,-0.290098
2026-03-27T17:57:03.785652+00:00,15.530132,1774634223785651900,-0.479635,0.276876,0.537869,0.474961,-0.062489,0.831501,0.282291,-0.653132,-0.179890,0.862854,0.089812,0.009477,0.406708,0.915796,-0.587972,-0.007455,-0.092245,0.707421,-0.614267,0.193552,-0.291107
2026-03-27T17:57:03.802869+00:00,15.547349,1774634223802868800,-0.478561,0.277200,0.538540,0.474741,-0.061944,0.830627,0.281551,-0.651033,-0.181143,0.862609,0.087986,0.010445,0.405022,0.924039,-0.587232,-0.006589,-0.091001,0.706129,-0.614541,0.195740,-0.292199
2026-03-27T17:57:03.820032+00:00,15.564512,1774634223820031900,-0.477579,0.277519,0.539122,0.474130,-0.061265,0.831396,0.281348,-0.649125,-0.182596,0.862292,0.085763,0.012090,0.409250,0.944871,-0.586626,-0.005856,-0.089638,0.703827,-0.615398,0.198196,-0.294372
2026-03-27T17:57:03.837360+00:00,15.581840,1774634223837360100,-0.476526,0.277844,0.539627,0.473416,-0.060672,0.832378,0.281475,-0.647432,-0.183710,0.861755,0.087425,0.015274,0.400939,0.936212,-0.586059,-0.005179,-0.088190,0.701014,-0.616377,0.201161,-0.296844
2026-03-27T17:57:03.854285+00:00,15.598765,1774634223854285300,-0.475618,0.278242,0.540106,0.472901,-0.060298,0.833436,0.280897,-0.646014,-0.184539,0.860854,0.092465,0.017461,0.380872,0.893780,-0.585758,-0.004489,-0.086460,0.697328,-0.617950,0.204962,-0.299031
2026-03-27T17:57:03.871400+00:00,15.615880,1774634223871399900,-0.474644,0.278692,0.540551,0.472509,-0.059851,0.834181,0.280191,-0.644628,-0.185380,0.859719,0.091608,0.019666,0.385047,0.909503,-0.585472,-0.003783,-0.084616,0.693945,-0.619680,0.208605,-0.301493
2026-03-27T17:57:03.888406+00:00,15.632886,1774634223888406200,-0.473662,0.279154,0.540969,0.472829,-0.059176,0.833154,0.279317,-0.643439,-0.186168,0.858343,0.091913,0.021005,0.384816,0.916314,-0.585305,-0.003044,-0.082524,0.691005,-0.620538,0.212489,-0.303401
2026-03-27T17:57:03.905382+00:00,15.649862,1774634223905382500,-0.472678,0.279591,0.541406,0.472276,-0.058568,0.833703,0.278811,-0.642505,-0.186906,0.856873,0.091838,0.021864,0.388854,0.931703,-0.585286,-0.002390,-0.080254,0.688070,-0.621411,0.216723,-0.304656
2026-03-27T17:57:03.922571+00:00,15.667051,1774634223922571400,-0.471686,0.280021,0.541843,0.471894,-0.058114,0.834011,0.277951,-0.641876,-0.187402,0.855295,0.097156,0.021910,0.375787,0.901692,-0.585369,-0.001628,-0.077730,0.684319,-0.623552,0.221796,-0.306150
2026-03-27T17:57:03.939422+00:00,15.683903,1774634223939422500,-0.470728,0.280414,0.542237,0.471361,-0.057866,0.834588,0.277492,-0.641519,-0.187827,0.853682,0.097247,0.023943,0.385705,0.924042,-0.585464,-0.000687,-0.074979,0.680941,-0.625046,0.226540,-0.306872
2026-03-27T17:57:03.956547+00:00,15.701027,1774634223956547000,-0.469724,0.280785,0.542628,0.470515,-0.057623,0.836512,0.277396,-0.641303,-0.188205,0.851997,0.099549,0.026539,0.386618,0.924185,-0.585930,0.000267,-0.072022,0.677186,-0.627292,0.231558,-0.307641
2026-03-27T17:57:03.973556+00:00,15.718035,1774634223973555400,-0.468881,0.281117,0.542955,0.471172,-0.056855,0.834574,0.276331,-0.641326,-0.188683,0.850400,0.102037,0.028827,0.382681,0.914202,-0.586552,0.001137,-0.068757,0.673639,-0.628743,0.236134,-0.307906
2026-03-27T17:57:03.990962+00:00,15.735442,1774634223990962200,-0.467954,0.281362,0.543266,0.470251,-0.056192,0.836684,0.276614,-0.641509,-0.189085,0.848891,0.103033,0.031254,0.379434,0.903665,-0.587309,0.002073,-0.065321,0.669541,-0.631192,0.241432,-0.307827
2026-03-27T17:57:04.009081+00:00,15.753561,1774634224009080700,-0.466991,0.281712,0.543663,0.470898,-0.055114,0.835295,0.275922,-0.641681,-0.189333,0.847616,0.100696,0.036109,0.393018,0.931517,-0.588411,0.003259,-0.061495,0.665281,-0.633973,0.247252,-0.307011
2026-03-27T17:57:04.025748+00:00,15.770228,1774634224025748100,-0.465960,0.282181,0.544240,0.470315,-0.054381,0.837271,0.276299,-0.642058,-0.189498,0.846620,0.103750,0.039902,0.389744,0.916405,-0.589755,0.004808,-0.057535,0.662555,-0.635716,0.252561,-0.304683
2026-03-27T17:57:04.042690+00:00,15.787170,1774634224042690300,-0.465162,0.282422,0.544591,0.470424,-0.053757,0.836995,0.276351,-0.642477,-0.189616,0.845776,0.104872,0.044524,0.393628,0.917197,-0.590969,0.006303,-0.053498,0.660407,-0.636909,0.258203,-0.302314
2026-03-27T17:57:04.059877+00:00,15.804357,1774634224059877300,-0.464433,0.282632,0.544911,0.471497,-0.053220,0.835239,0.276046,-0.642859,-0.189466,0.845156,0.105346,0.047472,0.396768,0.915450,-0.592250,0.007929,-0.049180,0.659042,-0.637417,0.263557,-0.298916
2026-03-27T17:57:04.076921+00:00,15.821401,1774634224076921300,-0.463770,0.282780,0.545171,0.471460,-0.053054,0.836218,0.276619,-0.643279,-0.189347,0.844752,0.106911,0.048166,0.396355,0.902362,-0.593389,0.009911,-0.044363,0.658522,-0.637922,0.269380,-0.295096
2026-03-27T17:57:04.093639+00:00,15.838119,1774634224093638800,-0.463198,0.282913,0.545383,0.472322,-0.052831,0.835610,0.276919,-0.643505,-0.188990,0.844638,0.106160,0.048900,0.407379,0.913734,-0.594410,0.012003,-0.039365,0.658139,-0.637767,0.275535,-0.290691
2026-03-27T17:57:04.110669+00:00,15.855149,1774634224110669400,-0.462687,0.283025,0.545558,0.474012,-0.052533,0.833455,0.276842,-0.643682,-0.188674,0.844694,0.107030,0.047617,0.413769,0.912335,-0.595384,0.014289,-0.033933,0.657806,-0.636890,0.282194,-0.285855
2026-03-27T17:57:04.127744+00:00,15.872224,1774634224127743800,-0.462194,0.283085,0.545697,0.474777,-0.052397,0.833527,0.277614,-0.643709,-0.188194,0.844876,0.110285,0.045199,0.409101,0.890268,-0.596069,0.016705,-0.028132,0.656310,-0.637458,0.290111,-0.281589
2026-03-27T17:57:04.144837+00:00,15.889317,1774634224144837200,-0.461734,0.283167,0.545802,0.475392,-0.052176,0.833698,0.278299,-0.643637,-0.187990,0.844952,0.108175,0.045873,0.419645,0.912610,-0.596587,0.019110,-0.021997,0.654311,-0.637457,0.298244,-0.276874
2026-03-27T17:57:04.162000+00:00,15.906480,1774634224161999800,-0.461349,0.283306,0.545864,0.477097,-0.052000,0.831601,0.278124,-0.643418,-0.187699,0.845168,0.111587,0.045040,0.404617,0.884337,-0.596824,0.021462,-0.015473,0.650794,-0.638466,0.306940,-0.272912
2026-03-27T17:57:04.179016+00:00,15.923496,1774634224179015700,-0.460981,0.283434,0.545889,0.477924,-0.052185,0.831543,0.278408,-0.642783,-0.187573,0.845406,0.110431,0.046610,0.407259,0.897013,-0.596929,0.023721,-0.008631,0.646561,-0.640450,0.316035,-0.268303
2026-03-27T17:57:04.195915+00:00,15.940394,1774634224195914400,-0.460685,0.283619,0.545925,0.479398,-0.052271,0.830556,0.278296,-0.641789,-0.186875,0.845552,0.110218,0.049902,0.404422,0.890578,-0.596853,0.025981,-0.001376,0.640420,-0.644228,0.325549,-0.261989
2026-03-27T17:57:04.217181+00:00,15.961661,1774634224217181000,-0.460302,0.283854,0.545874,0.481057,-0.052265,0.829625,0.278214,-0.640643,-0.186023,0.845800,0.109141,0.053426,0.404547,0.890127,-0.596859,0.028793,0.007650,0.633350,-0.648374,0.336909,-0.254464
2026-03-27T17:57:04.231446+00:00,15.975925,1774634224231445400,-0.460064,0.284052,0.545869,0.482218,-0.052506,0.829268,0.277993,-0.639448,-0.185033,0.845602,0.103830,0.058730,0.417408,0.913410,-0.596470,0.030363,0.014312,0.626250,-0.653864,0.344595,-0.249617
2026-03-27T17:57:04.248291+00:00,15.992771,1774634224248290500,-0.459783,0.284268,0.545867,0.484247,-0.053112,0.827845,0.277766,-0.638201,-0.183995,0.845476,0.102025,0.062281,0.415137,0.902142,-0.596046,0.031934,0.022020,0.618713,-0.658118,0.352393,-0.244603
2026-03-27T17:57:04.265389+00:00,16.009869,1774634224265388800,-0.459522,0.284447,0.545677,0.486330,-0.053979,0.826754,0.277451,-0.636960,-0.182914,0.845281,0.100388,0.065638,0.411919,0.886314,-0.595497,0.033333,0.030071,0.610037,-0.663313,0.360808,-0.240313
2026-03-27T17:57:04.282310+00:00,16.026790,1774634224282310000,-0.459262,0.284587,0.545333,0.489174,-0.055150,0.824648,0.277431,-0.635814,-0.181817,0.844828,0.094497,0.072371,0.431899,0.921299,-0.594951,0.033940,0.038113,0.599362,-0.669134,0.371145,-0.235950
2026-03-27T17:57:04.299268+00:00,16.043748,1774634224299268400,-0.458964,0.284726,0.544847,0.491998,-0.056570,0.823038,0.277493,-0.634905,-0.180733,0.844301,0.097923,0.072390,0.416134,0.878591,-0.594335,0.034537,0.046256,0.589167,-0.673747,0.380965,-0.232238
2026-03-27T17:57:04.316468+00:00,16.060949,1774634224316468600,-0.458629,0.284898,0.544235,0.495798,-0.058111,0.820196,0.277020,-0.633954,-0.179326,0.843437,0.093838,0.078514,0.439498,0.917033,-0.593787,0.034563,0.054579,0.576388,-0.679353,0.392359,-0.227375
2026-03-27T17:57:04.333778+00:00,16.078258,1774634224333778000,-0.458225,0.285138,0.543553,0.499597,-0.059878,0.818287,0.276606,-0.632813,-0.177657,0.842423,0.098305,0.078079,0.426587,0.878971,-0.593086,0.034185,0.063052,0.565564,-0.685157,0.397431,-0.229031
2026-03-27T17:57:04.350653+00:00,16.095133,1774634224350653200,-0.457689,0.285534,0.542872,0.503032,-0.061339,0.816826,0.275603,-0.631703,-0.175894,0.841538,0.095155,0.083112,0.445651,0.910253,-0.592786,0.032683,0.071194,0.556487,-0.692112,0.400098,-0.225925
2026-03-27T17:57:04.367614+00:00,16.112093,1774634224367613400,-0.457123,0.285994,0.542227,0.507142,-0.062540,0.814857,0.274492,-0.630667,-0.174129,0.840825,0.098310,0.082348,0.431513,0.874654,-0.592629,0.031312,0.079547,0.546121,-0.699548,0.403300,-0.222158
2026-03-27T17:57:04.384719+00:00,16.129199,1774634224384718800,-0.456425,0.286519,0.541574,0.511390,-0.063584,0.811301,0.273248,-0.629481,-0.172275,0.840207,0.097574,0.084811,0.434396,0.875681,-0.592540,0.029036,0.087794,0.534439,-0.709600,0.404646,-0.217718
2026-03-27T17:57:04.401737+00:00,16.146217,1774634224401736900,-0.455665,0.286957,0.540971,0.515360,-0.064797,0.808953,0.272164,-0.628384,-0.170330,0.839727,0.095851,0.088715,0.444696,0.893780,-0.592789,0.026328,0.096231,0.522404,-0.718882,0.404872,-0.213998
2026-03-27T17:57:04.418523+00:00,16.163003,1774634224418523300,-0.454867,0.287310,0.540337,0.518627,-0.066351,0.808741,0.272037,-0.627206,-0.168297,0.839365,0.097665,0.089861,0.441421,0.886261,-0.593192,0.022973,0.104581,0.509899,-0.729392,0.404985,-0.210685
2026-03-27T17:57:04.435514+00:00,16.179994,1774634224435513900,-0.454011,0.287708,0.539701,0.522903,-0.067628,0.805226,0.270891,-0.626062,-0.166154,0.839149,0.098668,0.091737,0.442767,0.890265,-0.593672,0.019133,0.113456,0.496959,-0.739603,0.404102,-0.206595
2026-03-27T17:57:04.462783+00:00,16.207263,1774634224462782700,-0.452651,0.288285,0.538649,0.529160,-0.069661,0.801745,0.269680,-0.623954,-0.162583,0.839050,0.100391,0.094491,0.441813,0.895059,-0.594706,0.011908,0.127983,0.477222,-0.756136,0.399887,-0.199715
2026-03-27T17:57:04.479812+00:00,16.224292,1774634224479812100,-0.451773,0.288593,0.537922,0.533210,-0.071046,0.798972,0.268697,-0.622309,-0.160125,0.838820,0.101647,0.096647,0.436919,0.893249,-0.595738,0.006307,0.138011,0.463396,-0.768750,0.395153,-0.194189
2026-03-27T17:57:04.496385+00:00,16.240865,1774634224496385200,-0.450917,0.288820,0.537211,0.537024,-0.072702,0.796056,0.268036,-0.620679,-0.157812,0.838989,0.103956,0.097367,0.426663,0.880912,-0.597135,0.000781,0.148015,0.449522,-0.781484,0.390396,-0.186684
2026-03-27T17:57:04.513575+00:00,16.258055,1774634224513575000,-0.450079,0.289009,0.536391,0.540400,-0.074813,0.795090,0.267360,-0.618914,-0.155373,0.839291,0.105939,0.098327,0.418344,0.873991,-0.598802,-0.005288,0.158672,0.435299,-0.793792,0.385267,-0.177423
2026-03-27T17:57:04.530621+00:00,16.275101,1774634224530621200,-0.449217,0.289198,0.535619,0.544245,-0.076727,0.791437,0.266215,-0.617054,-0.152963,0.839519,0.103547,0.103405,0.427895,0.904858,-0.600507,-0.011724,0.169834,0.420742,-0.806824,0.381087,-0.168904
2026-03-27T17:57:04.547612+00:00,16.292092,1774634224547612000,-0.448358,0.289329,0.534863,0.547490,-0.078708,0.789922,0.265512,-0.615153,-0.150514,0.839870,0.105043,0.104025,0.419735,0.898378,-0.602066,-0.018447,0.181248,0.408028,-0.816441,0.376337,-0.160954
2026-03-27T17:57:04.564611+00:00,16.309091,1774634224564610800,-0.447517,0.289479,0.534055,0.550470,-0.080571,0.787902,0.264781,-0.613168,-0.148183,0.840115,0.106545,0.106272,0.417195,0.906919,-0.603828,-0.025471,0.193373,0.397583,-0.825213,0.370886,-0.151920
2026-03-27T17:57:04.581136+00:00,16.325616,1774634224581135700,-0.446652,0.289616,0.533297,0.553431,-0.082535,0.785976,0.263897,-0.611125,-0.145868,0.840418,0.109390,0.107522,0.412247,0.910144,-0.605694,-0.032384,0.205394,0.387865,-0.833648,0.365338,-0.141787
2026-03-27T17:57:04.598259+00:00,16.342739,1774634224598259000,-0.445783,0.289830,0.532452,0.556494,-0.084352,0.783287,0.262345,-0.608944,-0.143496,0.840660,0.115445,0.105319,0.394655,0.884445,-0.607876,-0.039899,0.218560,0.379759,-0.842375,0.359435,-0.127944
2026-03-27T17:57:04.615449+00:00,16.359929,1774634224615449300,-0.444861,0.290030,0.531736,0.558789,-0.086216,0.782705,0.261149,-0.606601,-0.141133,0.840861,0.115520,0.107898,0.397405,0.902713,-0.609950,-0.047520,0.231837,0.371395,-0.849543,0.352553,-0.115291
2026-03-27T17:57:04.632511+00:00,16.376991,1774634224632511200,-0.443935,0.290203,0.531015,0.560859,-0.087832,0.781025,0.260100,-0.604194,-0.138769,0.840875,0.117137,0.106780,0.390197,0.894455,-0.611570,-0.055695,0.245730,0.364739,-0.857639,0.345058,-0.104450
2026-03-27T17:57:04.649380+00:00,16.393860,1774634224649379900,-0.443025,0.290317,0.530337,0.562653,-0.089731,0.780148,0.259163,-0.601755,-0.136554,0.840923,0.117141,0.106447,0.387550,0.899428,-0.613147,-0.063853,0.259496,0.356889,-0.866022,0.337941,-0.092628
2026-03-27T17:57:04.668640+00:00,16.413120,1774634224668640100,-0.441958,0.290435,0.529616,0.564877,-0.091887,0.778673,0.257992,-0.598805,-0.134050,0.840934,0.117916,0.105798,0.382944,0.901490,-0.614911,-0.073330,0.275384,0.348012,-0.874243,0.329497,-0.078580
2026-03-27T17:57:04.685012+00:00,16.429492,1774634224685012300,-0.441110,0.290583,0.528956,0.566994,-0.094116,0.777539,0.256538,-0.596368,-0.132027,0.840863,0.118571,0.105282,0.380393,0.911048,-0.616325,-0.081639,0.288990,0.339891,-0.880494,0.324142,-0.065425
2026-03-27T17:57:04.702631+00:00,16.447111,1774634224702631000,-0.440160,0.290717,0.528270,0.569249,-0.096283,0.775896,0.255008,-0.593507,-0.129860,0.840691,0.123016,0.104146,0.369733,0.899179,-0.617337,-0.090511,0.303072,0.334452,-0.884738,0.321637,-0.052488
2026-03-27T17:57:04.719615+00:00,16.464095,1774634224719615000,-0.439231,0.290841,0.527638,0.571516,-0.098668,0.774057,0.253552,-0.590672,-0.127612,0.840432,0.121583,0.106684,0.376567,0.928225,-0.618185,-0.099019,0.316429,0.331061,-0.888903,0.316682,-0.040355
2026-03-27T17:57:04.736596+00:00,16.481076,1774634224736596000,-0.438268,0.290998,0.527069,0.573194,-0.101166,0.772899,0.251800,-0.587885,-0.125393,0.840005,0.126079,0.103346,0.365056,0.909920,-0.618705,-0.107567,0.329255,0.332772,-0.889623,0.309207,-0.029141
2026-03-27T17:57:04.753752+00:00,16.498232,1774634224753752100,-0.437351,0.291188,0.526515,0.575009,-0.103569,0.772282,0.249918,-0.584867,-0.122928,0.839545,0.126531,0.102908,0.365481,0.921035,-0.618969,-0.115851,0.341437,0.335106,-0.891945,0.302359,-0.017442
2026-03-27T17:57:04.770801+00:00,16.515281,1774634224770800900,-0.436411,0.291410,0.526039,0.576864,-0.105747,0.771569,0.248157,-0.581769,-0.120289,0.839141,0.128725,0.100807,0.362213,0.920308,-0.619368,-0.124000,0.353088,0.337587,-0.891881,0.297460,-0.004812
2026-03-27T17:57:04.788193+00:00,16.532673,1774634224788192800,-0.435504,0.291667,0.525570,0.579592,-0.107952,0.769294,0.245720,-0.578560,-0.117510,0.838782,0.130777,0.098833,0.359456,0.921228,-0.619707,-0.131719,0.363897,0.340004,-0.892870,0.295141,0.008536
2026-03-27T17:57:04.804891+00:00,16.549371,1774634224804890600,-0.434637,0.291895,0.525222,0.581782,-0.110424,0.768339,0.243675,-0.575190,-0.114407,0.838229,0.134924,0.095116,0.355605,0.915310,-0.619781,-0.138226,0.372833,0.346073,-0.893021,0.293116,0.017779
2026-03-27T17:57:04.821958+00:00,16.566438,1774634224821958300,-0.433785,0.292131,0.524975,0.583815,-0.112763,0.767305,0.241605,-0.571621,-0.111186,0.837600,0.137884,0.092589,0.354838,0.918233,-0.619611,-0.144252,0.381190,0.352833,-0.888941,0.288140,0.025608
2026-03-27T17:57:04.838932+00:00,16.583411,1774634224838931400,-0.432956,0.292368,0.524858,0.586062,-0.114830,0.765588,0.239458,-0.567785,-0.107608,0.837119,0.140244,0.090646,0.356540,0.928951,-0.619474,-0.149736,0.388770,0.358043,-0.887498,0.283455,0.031246
2026-03-27T17:57:04.855687+00:00,16.600167,1774634224855687100,-0.432231,0.292561,0.524838,0.587853,-0.117063,0.764697,0.237493,-0.563879,-0.103952,0.836554,0.144520,0.088205,0.354801,0.931340,-0.619098,-0.154337,0.395240,0.359869,-0.888617,0.280272,0.034098
2026-03-27T17:57:04.873611+00:00,16.618091,1774634224873611400,-0.431430,0.292710,0.524882,0.589500,-0.119884,0.763761,0.235462,-0.559392,-0.099877,0.836112,0.150913,0.085235,0.347635,0.923770,-0.618353,-0.158565,0.401220,0.360338,-0.890623,0.277438,0.033761
2026-03-27T17:57:04.892497+00:00,16.636977,1774634224892496700,-0.430597,0.292805,0.525050,0.591454,-0.122920,0.762440,0.233254,-0.554479,-0.095501,0.835692,0.156440,0.082981,0.343151,0.924569,-0.617580,-0.162985,0.407522,0.361291,-0.891380,0.273780,0.033360
2026-03-27T17:57:04.909383+00:00,16.653863,1774634224909383100,-0.430010,0.292924,0.525140,0.593142,-0.125692,0.760464,0.231125,-0.549494,-0.091304,0.835330,0.160946,0.083396,0.336838,0.929027,-0.616068,-0.164051,0.410423,0.359476,-0.892274,0.269875,0.026886
2026-03-27T17:57:04.926397+00:00,16.670877,1774634224926396800,-0.429372,0.292993,0.525405,0.593846,-0.128599,0.760309,0.229360,-0.544501,-0.086998,0.835029,0.166741,0.083448,0.330472,0.928486,-0.614738,-0.165044,0.413642,0.358524,-0.894533,0.266947,0.025414
2026-03-27T17:57:04.943418+00:00,16.687898,1774634224943417900,-0.428753,0.293043,0.525859,0.594529,-0.131775,0.760157,0.227473,-0.539340,-0.082512,0.834813,0.171727,0.084909,0.326999,0.932972,-0.613684,-0.165732,0.417000,0.354718,-0.896030,0.265249,0.026191
2026-03-27T17:57:04.960221+00:00,16.704701,1774634224960220900,-0.428235,0.293040,0.526317,0.595821,-0.135326,0.758731,0.225254,-0.534365,-0.077985,0.834663,0.176821,0.085446,0.323637,0.931432,-0.612138,-0.165837,0.420200,0.349373,-0.898323,0.264074,0.027814
2026-03-27T17:57:04.977153+00:00,16.721633,1774634224977152600,-0.427619,0.292892,0.526841,0.595955,-0.139264,0.759124,0.223520,-0.529030,-0.073406,0.834849,0.182087,0.085565,0.318733,0.927574,-0.610469,-0.165945,0.423684,0.344834,-0.899835,0.260867,0.029824
2026-03-27T17:57:04.994237+00:00,16.738717,1774634224994237200,-0.427080,0.292714,0.527348,0.596847,-0.143008,0.757570,0.221337,-0.523798,-0.068741,0.834922,0.187446,0.085125,0.312367,0.921888,-0.608783,-0.166015,0.427340,0.339927,-0.902511,0.257617,0.032086
2026-03-27T17:57:05.011297+00:00,16.755777,1774634225011297000,-0.426510,0.292510,0.527907,0.597504,-0.146493,0.756931,0.219742,-0.518305,-0.064033,0.835214,0.190606,0.086155,0.310429,0.931981,-0.606706,-0.165938,0.431564,0.335143,-0.905315,0.253185,0.036154
2026-03-27T17:57:05.028168+00:00,16.772648,1774634225028168200,-0.425968,0.292336,0.528479,0.597908,-0.149804,0.756542,0.218294,-0.513059,-0.059204,0.835321,0.196375,0.086093,0.304933,0.931644,-0.604561,-0.165933,0.436066,0.329908,-0.910473,0.249159,0.041364
2026-03-27T17:57:05.045302+00:00,16.789782,1774634225045302100,-0.425403,0.292167,0.529139,0.598280,-0.153014,0.756192,0.216976,-0.507446,-0.054138,0.835367,0.202144,0.085373,0.299890,0.932481,-0.602511,-0.166015,0.441098,0.325257,-0.913232,0.244734,0.048433
2026-03-27T17:57:05.062302+00:00,16.806782,1774634225062302000,-0.424902,0.292027,0.529773,0.599208,-0.155603,0.754630,0.215756,-0.502178,-0.048971,0.835365,0.209036,0.083084,0.293626,0.925768,-0.600548,-0.166142,0.446749,0.321342,-0.912624,0.240752,0.056411
2026-03-27T17:57:05.079450+00:00,16.823930,1774634225079449700,-0.424375,0.291880,0.530520,0.599433,-0.158132,0.754392,0.214891,-0.496674,-0.043585,0.835070,0.214615,0.080769,0.291415,0.927388,-0.598572,-0.166378,0.452814,0.316266,-0.914161,0.238354,0.064587
2026-03-27T17:57:05.097310+00:00,16.841790,1774634225097310000,-0.423844,0.291781,0.531249,0.599085,-0.160305,0.754842,0.214079,-0.491249,-0.037807,0.834367,0.221260,0.079268,0.290747,0.929684,-0.596419,-0.166958,0.459852,0.310764,-0.916802,0.235863,0.073360
2026-03-27T17:57:05.116003+00:00,16.860483,1774634225116003200,-0.423366,0.291785,0.531999,0.599473,-0.162206,0.753944,0.212351,-0.485627,-0.031751,0.833510,0.229639,0.077898,0.289259,0.926442,-0.594051,-0.167834,0.467940,0.304868,-0.918391,0.233124,0.083056
2026-03-27T17:57:05.131683+00:00,16.876163,1774634225131682900,-0.422960,0.291806,0.532640,0.599419,-0.163870,0.753988,0.211066,-0.480930,-0.026646,0.832701,0.236235,0.076705,0.288250,0.925173,-0.592068,-0.168465,0.474588,0.299783,-0.919853,0.230757,0.091080
2026-03-27T17:57:05.148772+00:00,16.893252,1774634225148772300,-0.422619,0.291766,0.533186,0.598341,-0.165717,0.755769,0.209930,-0.476790,-0.021626,0.831576,0.243231,0.074298,0.285984,0.920693,-0.589511,-0.169600,0.483325,0.293145,-0.921537,0.231525,0.099204
2026-03-27T17:57:05.165947+00:00,16.910427,1774634225165947300,-0.422334,0.291697,0.533722,0.597955,-0.167450,0.755428,0.208723,-0.472683,-0.016588,0.830008,0.249680,0.072219,0.285586,0.919777,-0.586887,-0.170572,0.492077,0.286651,-0.924959,0.233337,0.108283
2026-03-27T17:57:05.183047+00:00,16.927527,1774634225183047000,-0.422120,0.291576,0.534042,0.597903,-0.169481,0.755045,0.207751,-0.469052,-0.011967,0.828555,0.255049,0.070641,0.287794,0.923376,-0.584073,-0.171702,0.501244,0.282736,-0.921734,0.233639,0.116783
2026-03-27T17:57:05.200019+00:00,16.944499,1774634225200019300,-0.421974,0.291384,0.534175,0.597881,-0.171600,0.754999,0.207018,-0.466078,-0.007814,0.826891,0.262429,0.068882,0.288582,0.917350,-0.581162,-0.172731,0.510442,0.278817,-0.922072,0.234779,0.126134
2026-03-27T17:57:05.217071+00:00,16.961551,1774634225217070900,-0.421895,0.291121,0.534179,0.598613,-0.173797,0.754436,0.206627,-0.463509,-0.004231,0.824979,0.266812,0.067578,0.292234,0.917435,-0.578143,-0.174085,0.520313,0.276737,-0.921700,0.236926,0.137012
2026-03-27T17:57:05.233990+00:00,16.978470,1774634225233990200,-0.421883,0.290818,0.534040,0.600143,-0.175914,0.752290,0.205996,-0.461702,-0.001422,0.822706,0.271983,0.065436,0.294912,0.911851,-0.575188,-0.175296,0.530092,0.275217,-0.920758,0.239749,0.148737
2026-03-27T17:57:05.251002+00:00,16.995482,1774634225251001600,-0.421863,0.290430,0.533591,0.600906,-0.178519,0.751562,0.205783,-0.460617,0.000545,0.820020,0.275395,0.062789,0.298889,0.910721,-0.572316,-0.176724,0.540061,0.275512,-0.915711,0.242521,0.160732
2026-03-27T17:57:05.268093+00:00,17.012573,1774634225268093500,-0.421855,0.289966,0.533024,0.602101,-0.181112,0.750394,0.205953,-0.460147,0.001830,0.817011,0.278862,0.059801,0.302428,0.908787,-0.569573,-0.178063,0.549790,0.275488,-0.910482,0.246286,0.172898
2026-03-27T17:57:05.284831+00:00,17.029311,1774634225284831200,-0.421830,0.289529,0.532481,0.603147,-0.183393,0.748808,0.206091,-0.460748,0.001224,0.813347,0.280659,0.055275,0.304198,0.906470,-0.567123,-0.179443,0.558977,0.274189,-0.910250,0.252057,0.185308
2026-03-27T17:57:05.303400+00:00,17.047880,1774634225303399900,-0.421801,0.289134,0.531916,0.604379,-0.185188,0.747028,0.206094,-0.461756,0.000233,0.809269,0.280497,0.049606,0.305835,0.908504,-0.564682,-0.180853,0.567953,0.273861,-0.904195,0.257026,0.195503
2026-03-27T17:57:05.323612+00:00,17.068092,1774634225323612500,-0.421724,0.288778,0.531337,0.604617,-0.186953,0.746858,0.206111,-0.464100,-0.002774,0.804332,0.279073,0.043180,0.306221,0.911863,-0.562242,-0.182539,0.576849,0.272897,-0.901092,0.261966,0.204706
2026-03-27T17:57:05.340011+00:00,17.084491,1774634225340010800,-0.421648,0.288552,0.530921,0.605283,-0.188042,0.745829,0.205653,-0.466273,-0.006094,0.800418,0.278439,0.041380,0.305521,0.911052,-0.560917,-0.183988,0.581356,0.272420,-0.903842,0.261261,0.207508
2026-03-27T17:57:05.357008+00:00,17.101488,1774634225357008500,-0.421573,0.288296,0.530454,0.606113,-0.189354,0.744964,0.205107,-0.468803,-0.010263,0.796310,0.276007,0.041718,0.303310,0.910447,-0.559770,-0.185299,0.585362,0.273484,-0.902363,0.259892,0.208652
2026-03-27T17:57:05.374182+00:00,17.118662,1774634225374182500,-0.421489,0.288043,0.529945,0.606642,-0.190657,0.744479,0.204414,-0.471321,-0.015196,0.792237,0.270481,0.042553,0.299479,0.913701,-0.558890,-0.186488,0.587987,0.274981,-0.902894,0.258460,0.208242
2026-03-27T17:57:05.391166+00:00,17.135646,1774634225391166300,-0.421430,0.287803,0.529464,0.607901,-0.191612,0.743261,0.203588,-0.474130,-0.020534,0.788190,0.263793,0.042678,0.294742,0.920556,-0.558550,-0.187350,0.588290,0.274992,-0.905592,0.257162,0.204518
2026-03-27T17:57:05.408146+00:00,17.152626,1774634225408146200,-0.421380,0.287573,0.528938,0.609227,-0.192370,0.741944,0.202936,-0.476869,-0.026019,0.784307,0.257594,0.042439,0.286929,0.920898,-0.558429,-0.188321,0.587727,0.274141,-0.906217,0.255388,0.200811
2026-03-27T17:57:05.425114+00:00,17.169594,1774634225425114400,-0.421344,0.287348,0.528423,0.610495,-0.192988,0.740648,0.202540,-0.479672,-0.031592,0.780532,0.251951,0.043021,0.279036,0.925045,-0.558830,-0.189429,0.585830,0.268042,-0.906350,0.252024,0.196502
2026-03-27T17:57:05.442404+00:00,17.186884,1774634225442403800,-0.421347,0.287093,0.527822,0.611783,-0.193517,0.739940,0.202518,-0.482333,-0.036997,0.776937,0.248374,0.045896,0.272312,0.925755,-0.559400,-0.190755,0.582448,0.255818,-0.915888,0.249921,0.194914
2026-03-27T17:57:05.459858+00:00,17.204338,1774634225459858200,-0.421402,0.286862,0.527238,0.613600,-0.193932,0.738054,0.202531,-0.484698,-0.041969,0.773684,0.245492,0.051952,0.268722,0.927934,-0.560482,-0.192134,0.577740,0.243839,-0.919759,0.244113,0.191878
2026-03-27T17:57:05.476622+00:00,17.221102,1774634225476621900,-0.421443,0.286662,0.526582,0.615105,-0.193954,0.736463,0.202935,-0.487009,-0.046609,0.770549,0.241930,0.059296,0.267670,0.932800,-0.562185,-0.193273,0.571493,0.239615,-0.923054,0.233601,0.187474
2026-03-27T17:57:05.493700+00:00,17.238180,1774634225493700400,-0.421479,0.286469,0.525928,0.616608,-0.193993,0.735456,0.203509,-0.488993,-0.050946,0.767897,0.240057,0.067145,0.264501,0.927857,-0.563850,-0.194087,0.564406,0.237338,-0.925184,0.223933,0.181129
2026-03-27T17:57:05.510728+00:00,17.255208,1774634225510727600,-0.421578,0.286340,0.525138,0.617879,-0.193993,0.734227,0.204224,-0.490934,-0.055249,0.765150,0.234096,0.076056,0.264066,0.935617,-0.565616,-0.194598,0.556470,0.235254,-0.930352,0.215898,0.173714
2026-03-27T17:57:05.529418+00:00,17.273897,1774634225529417400,-0.421634,0.286226,0.524202,0.619995,-0.194099,0.732069,0.204799,-0.492813,-0.059743,0.762333,0.229492,0.084069,0.258707,0.931971,-0.567904,-0.194520,0.546636,0.233294,-0.936890,0.210981,0.162877
2026-03-27T17:57:05.547960+00:00,17.292440,1774634225547960200,-0.421803,0.286174,0.523153,0.621688,-0.194185,0.730471,0.205290,-0.494953,-0.064330,0.759122,0.223775,0.092090,0.254601,0.933593,-0.570101,-0.194315,0.536672,0.232112,-0.940293,0.205034,0.152314
2026-03-27T17:57:05.564816+00:00,17.309296,1774634225564816300,-0.421889,0.286238,0.521997,0.623358,-0.193587,0.729396,0.204712,-0.496573,-0.067328,0.756237,0.220721,0.095145,0.248593,0.937736,-0.572285,-0.192973,0.525861,0.234262,-0.939655,0.206497,0.143919
2026-03-27T17:57:05.582008+00:00,17.326488,1774634225582007900,-0.422103,0.286307,0.520709,0.625585,-0.192408,0.727738,0.204239,-0.498681,-0.070701,0.752819,0.218684,0.099277,0.242684,0.939321,-0.574407,-0.191228,0.514805,0.236749,-0.939389,0.206758,0.136013
2026-03-27T17:57:05.598933+00:00,17.343413,1774634225598932700,-0.422317,0.286484,0.519449,0.627131,-0.191366,0.726668,0.204044,-0.500656,-0.073222,0.749170,0.219738,0.101559,0.237520,0.941198,-0.576405,-0.189052,0.503817,0.239876,-0.942268,0.208718,0.129418
2026-03-27T17:57:05.616192+00:00,17.360672,1774634225616191700,-0.422588,0.286639,0.518001,0.628710,-0.190566,0.725796,0.204083,-0.502230,-0.075334,0.745879,0.219322,0.104259,0.234676,0.944755,-0.578312,-0.186585,0.491997,0.245392,-0.938352,0.210616,0.122366
2026-03-27T17:57:05.633080+00:00,17.377560,1774634225633079500,-0.422842,0.286632,0.516501,0.629549,-0.190343,0.724964,0.204888,-0.503516,-0.077073,0.742428,0.218908,0.107118,0.234034,0.944469,-0.579935,-0.183895,0.480252,0.251155,-0.938601,0.214659,0.114973
2026-03-27T17:57:05.650092+00:00,17.394572,1774634225650092000,-0.423172,0.286612,0.514886,0.630473,-0.189626,0.723446,0.205719,-0.505098,-0.078944,0.738476,0.218423,0.110156,0.235298,0.944376,-0.581353,-0.181240,0.468540,0.259503,-0.932362,0.215817,0.106115
2026-03-27T17:57:05.667004+00:00,17.411484,1774634225667004000,-0.423498,0.286534,0.513140,0.630241,-0.189397,0.724220,0.206984,-0.506545,-0.080642,0.734679,0.219997,0.112015,0.236978,0.935558,-0.582517,-0.178553,0.456255,0.268300,-0.930440,0.216336,0.096357
2026-03-27T17:57:05.684249+00:00,17.428729,1774634225684248600,-0.423917,0.286471,0.511070,0.630567,-0.189530,0.723905,0.207761,-0.508050,-0.082464,0.730390,0.219911,0.114472,0.242390,0.934379,-0.583429,-0.175929,0.444208,0.274643,-0.933458,0.217521,0.086553
2026-03-27T17:57:05.701735+00:00,17.446215,1774634225701734800,-0.424335,0.286377,0.508704,0.630945,-0.190013,0.722992,0.208020,-0.509212,-0.084272,0.726132,0.218660,0.117235,0.250105,0.937924,-0.584068,-0.173403,0.431933,0.279738,-0.932890,0.218385,0.076227
2026-03-27T17:57:05.718817+00:00,17.463297,1774634225718817000,-0.424782,0.286198,0.506140,0.631916,-0.191032,0.721453,0.207781,-0.510557,-0.086465,0.721515,0.219680,0.117865,0.254461,0.930067,-0.584407,-0.171089,0.419874,0.284154,-0.929542,0.219643,0.065773
2026-03-27T17:57:05.738251+00:00,17.482731,1774634225738251100,-0.425211,0.285938,0.503266,0.632228,-0.192262,0.721095,0.208152,-0.511701,-0.089207,0.716421,0.219074,0.118878,0.260790,0.929097,-0.584481,-0.168659,0.407304,0.287718,-0.932118,0.221995,0.054107
2026-03-27T17:57:05.755553+00:00,17.500034,1774634225755553600,-0.425647,0.285688,0.500419,0.633163,-0.193134,0.719762,0.208735,-0.512827,-0.092329,0.711290,0.217156,0.120106,0.268073,0.935452,-0.583988,-0.166617,0.396143,0.294244,-0.928671,0.220340,0.042858
2026-03-27T17:57:05.772344+00:00,17.516824,1774634225772343900,-0.426097,0.285456,0.497487,0.633986,-0.194065,0.718650,0.209206,-0.513774,-0.095708,0.706446,0.216909,0.118790,0.272485,0.931352,-0.583239,-0.164717,0.385018,0.299676,-0.927926,0.219746,0.032420
2026-03-27T17:57:05.789152+00:00,17.533632,1774634225789151900,-0.426538,0.285214,0.494221,0.635436,-0.195178,0.716977,0.209807,-0.514973,-0.099750,0.701142,0.214840,0.116028,0.276553,0.925427,-0.582001,-0.163010,0.375137,0.302923,-0.928810,0.221067,0.023662
2026-03-27T17:57:05.806126+00:00,17.550605,1774634225806125500,-0.426982,0.284994,0.491150,0.637477,-0.195989,0.714541,0.210266,-0.515867,-0.103919,0.695992,0.208527,0.114222,0.283435,0.930466,-0.580732,-0.161546,0.364994,0.307723,-0.924567,0.221040,0.014846
2026-03-27T17:57:05.823133+00:00,17.567612,1774634225823132500,-0.427432,0.284809,0.487957,0.638667,-0.196490,0.713267,0.210943,-0.516778,-0.108483,0.690616,0.203606,0.110646,0.286301,0.925759,-0.579358,-0.160280,0.355699,0.311467,-0.925690,0.221070,0.006307
2026-03-27T17:57:05.840138+00:00,17.584618,1774634225840137900,-0.427893,0.284620,0.484772,0.640232,-0.196709,0.711809,0.211939,-0.517646,-0.113192,0.685318,0.198223,0.107045,0.289612,0.926634,-0.577817,-0.159455,0.346803,0.315497,-0.923524,0.217976,-0.001563
2026-03-27T17:57:05.857092+00:00,17.601572,1774634225857091800,-0.428324,0.284484,0.481700,0.641141,-0.197056,0.710905,0.212459,-0.518667,-0.117958,0.679957,0.193946,0.103040,0.292022,0.926442,-0.576368,-0.158791,0.338878,0.317967,-0.921616,0.215099,-0.008397
2026-03-27T17:57:05.874184+00:00,17.618664,1774634225874183600,-0.428781,0.284364,0.478420,0.642555,-0.197489,0.708969,0.212639,-0.519610,-0.122676,0.674819,0.189685,0.099608,0.293784,0.925521,-0.574903,-0.158444,0.331110,0.318503,-0.921883,0.213344,-0.013773
2026-03-27T17:57:05.891150+00:00,17.635630,1774634225891149900,-0.429233,0.284264,0.475297,0.643503,-0.198028,0.708033,0.212604,-0.520596,-0.127269,0.669682,0.183705,0.097638,0.297327,0.931063,-0.573611,-0.158238,0.324420,0.317597,-0.924926,0.212662,-0.018193
2026-03-27T17:57:05.908135+00:00,17.652615,1774634225908135300,-0.429702,0.284181,0.472034,0.644512,-0.198570,0.706973,0.212572,-0.521460,-0.131464,0.664877,0.176931,0.098675,0.301210,0.937673,-0.572351,-0.158232,0.317942,0.318501,-0.923812,0.210981,-0.021797
2026-03-27T17:57:05.925267+00:00,17.669747,1774634225925266900,-0.430190,0.284056,0.468848,0.644731,-0.199296,0.706785,0.212503,-0.522486,-0.135550,0.660086,0.173166,0.098227,0.300661,0.931027,-0.571202,-0.158322,0.312320,0.319900,-0.923387,0.208950,-0.024906
2026-03-27T17:57:05.942580+00:00,17.687060,1774634225942579900,-0.430690,0.283934,0.465573,0.645287,-0.199959,0.706116,0.212416,-0.523681,-0.139006,0.655493,0.168963,0.098797,0.301451,0.931090,-0.570043,-0.158497,0.306968,0.321291,-0.924622,0.207304,-0.027611
2026-03-27T17:57:05.959868+00:00,17.704348,1774634225959867800,-0.431156,0.283702,0.462592,0.645605,-0.201425,0.705437,0.211857,-0.525057,-0.142073,0.650980,0.165856,0.097113,0.301027,0.929192,-0.569031,-0.158786,0.302411,0.323690,-0.921814,0.205469,-0.029697
2026-03-27T17:57:05.979018+00:00,17.723498,1774634225979017700,-0.431655,0.283425,0.459117,0.646069,-0.202978,0.704694,0.211436,-0.526640,-0.145132,0.646176,0.162865,0.095483,0.301529,0.929542,-0.567888,-0.159266,0.297244,0.325423,-0.921470,0.203961,-0.032196
2026-03-27T17:57:05.996584+00:00,17.741064,1774634225996584000,-0.432117,0.283093,0.455645,0.646986,-0.204397,0.703285,0.210776,-0.528301,-0.147635,0.641493,0.160732,0.094609,0.305523,0.937298,-0.566869,-0.160261,0.294329,0.324915,-0.920869,0.203299,-0.034944
2026-03-27T17:57:06.012682+00:00,17.757162,1774634226012682200,-0.432443,0.282735,0.452791,0.647648,-0.205912,0.702859,0.210559,-0.529769,-0.149370,0.637656,0.161449,0.093840,0.309504,0.937362,-0.566019,-0.161241,0.291926,0.323764,-0.922641,0.201318,-0.036593
2026-03-27T17:57:06.029907+00:00,17.774387,1774634226029906700,-0.432644,0.282495,0.449778,0.648562,-0.207310,0.701405,0.210104,-0.531326,-0.151163,0.633593,0.162792,0.091356,0.309712,0.922837,-0.565193,-0.162213,0.289624,0.322467,-0.922859,0.199760,-0.037376
2026-03-27T17:57:06.046932+00:00,17.791412,1774634226046931700,-0.432839,0.282137,0.446679,0.649461,-0.208982,0.700506,0.209813,-0.532684,-0.152765,0.629699,0.159030,0.092289,0.319367,0.934425,-0.564475,-0.163311,0.287897,0.319547,-0.926072,0.199594,-0.037478
2026-03-27T17:57:06.064123+00:00,17.808603,1774634226064122800,-0.433220,0.281553,0.443645,0.650918,-0.210438,0.699052,0.209527,-0.534013,-0.154266,0.626003,0.159259,0.091610,0.321382,0.923375,-0.563815,-0.164351,0.286568,0.316618,-0.928084,0.199537,-0.036709
2026-03-27T17:57:06.081032+00:00,17.825512,1774634226081032300,-0.433440,0.281146,0.440688,0.652564,-0.211550,0.696770,0.209185,-0.535219,-0.155581,0.622649,0.158884,0.092633,0.328071,0.926712,-0.563183,-0.165386,0.285749,0.315885,-0.925786,0.198436,-0.035512
2026-03-27T17:57:06.098251+00:00,17.842731,1774634226098250700,-0.433579,0.280719,0.438077,0.653573,-0.212663,0.695610,0.209227,-0.536543,-0.156957,0.619487,0.162479,0.091320,0.330030,0.920608,-0.562461,-0.166169,0.285291,0.314150,-0.929777,0.198744,-0.034473
2026-03-27T17:57:06.115137+00:00,17.859617,1774634226115137400,-0.433645,0.280272,0.435493,0.654775,-0.213887,0.693902,0.209304,-0.537836,-0.158296,0.616602,0.162130,0.091516,0.337895,0.926656,-0.561713,-0.166851,0.284935,0.314436,-0.926024,0.197719,-0.032868
2026-03-27T17:57:06.132169+00:00,17.876649,1774634226132169400,-0.433617,0.279781,0.433115,0.655552,-0.215277,0.692929,0.209384,-0.538791,-0.159671,0.613945,0.162807,0.091081,0.340594,0.914873,-0.561008,-0.167473,0.284881,0.312661,-0.929952,0.198598,-0.031334
2026-03-27T17:57:06.149193+00:00,17.893673,1774634226149192600,-0.433667,0.279301,0.430864,0.656123,-0.216698,0.692033,0.209389,-0.539520,-0.161126,0.611491,0.159322,0.092840,0.348281,0.919672,-0.560221,-0.167818,0.284875,0.312855,-0.927281,0.198695,-0.029241
2026-03-27T17:57:06.166056+00:00,17.910536,1774634226166055900,-0.433544,0.278854,0.428793,0.656728,-0.218084,0.690911,0.209360,-0.540039,-0.162634,0.609162,0.155827,0.093421,0.351196,0.917027,-0.559488,-0.168040,0.284954,0.310856,-0.930339,0.200369,-0.027500
2026-03-27T17:57:06.183045+00:00,17.927525,1774634226183045100,-0.433250,0.278431,0.426873,0.656798,-0.219516,0.690841,0.209616,-0.540496,-0.164202,0.606900,0.151903,0.093100,0.351240,0.910195,-0.558723,-0.168134,0.285040,0.309977,-0.929088,0.201724,-0.026035
2026-03-27T17:57:06.201942+00:00,17.946422,1774634226201941700,-0.432821,0.278062,0.424986,0.657121,-0.220633,0.689823,0.209505,-0.540904,-0.165896,0.604520,0.146011,0.092517,0.352302,0.909179,-0.557905,-0.168034,0.285142,0.309300,-0.929345,0.203607,-0.025024
2026-03-27T17:57:06.220292+00:00,17.964772,1774634226220291900,-0.432351,0.277681,0.423104,0.657168,-0.221848,0.689393,0.209488,-0.541303,-0.167597,0.602134,0.139837,0.091928,0.353566,0.908735,-0.557115,-0.167880,0.285504,0.308739,-0.929137,0.205534,-0.024003
2026-03-27T17:57:06.236766+00:00,17.981246,1774634226236766200,-0.431656,0.277587,0.421904,0.657037,-0.222440,0.689499,0.208864,-0.540591,-0.169112,0.599782,0.131438,0.093728,0.357392,0.930072,-0.556445,-0.167530,0.285491,0.309414,-0.928295,0.207835,-0.022967
2026-03-27T17:57:06.253922+00:00,17.998402,1774634226253921900,-0.430961,0.277456,0.420567,0.656788,-0.223246,0.689157,0.208415,-0.540322,-0.170335,0.597365,0.131425,0.092127,0.351124,0.919158,-0.555968,-0.167045,0.285635,0.310383,-0.925139,0.209748,-0.021630
2026-03-27T17:57:06.270803+00:00,18.015283,1774634226270803200,-0.430098,0.277394,0.419543,0.656740,-0.223777,0.689448,0.207982,-0.539762,-0.171115,0.595003,0.130887,0.091603,0.353302,0.925838,-0.555571,-0.166100,0.285358,0.310709,-0.924210,0.212748,-0.022498
2026-03-27T17:57:06.287790+00:00,18.032270,1774634226287789700,-0.429198,0.277371,0.418536,0.656164,-0.224315,0.690026,0.207620,-0.539185,-0.171546,0.592774,0.133271,0.090012,0.349410,0.920542,-0.555074,-0.165283,0.285017,0.310349,-0.924576,0.215449,-0.023906
2026-03-27T17:57:06.304799+00:00,18.049279,1774634226304798700,-0.428143,0.277381,0.417660,0.656144,-0.224695,0.690050,0.207230,-0.538656,-0.172132,0.590426,0.136336,0.088608,0.341428,0.913922,-0.554764,-0.164498,0.284703,0.310019,-0.923755,0.217475,-0.025954
2026-03-27T17:57:06.321960+00:00,18.066440,1774634226321959600,-0.426991,0.277420,0.416871,0.656172,-0.224895,0.690040,0.206825,-0.538096,-0.172568,0.588040,0.135495,0.089969,0.338984,0.929996,-0.554415,-0.163667,0.284009,0.308167,-0.926313,0.219891,-0.028379
2026-03-27T17:57:06.339311+00:00,18.083791,1774634226339310800,-0.425745,0.277500,0.416197,0.655756,-0.224785,0.690484,0.206404,-0.537552,-0.172916,0.585708,0.136755,0.089310,0.327149,0.921370,-0.554253,-0.162881,0.283470,0.306965,-0.926660,0.220844,-0.030358
2026-03-27T17:57:06.356438+00:00,18.100918,1774634226356438300,-0.424433,0.277719,0.415649,0.655469,-0.224395,0.691325,0.206076,-0.537015,-0.173025,0.583427,0.132896,0.089575,0.320979,0.931225,-0.554106,-0.161996,0.282742,0.306422,-0.926763,0.221585,-0.032000
2026-03-27T17:57:06.373358+00:00,18.117838,1774634226373358000,-0.423082,0.278098,0.415200,0.655714,-0.223710,0.691100,0.205769,-0.536493,-0.172873,0.581520,0.131033,0.088636,0.312610,0.933338,-0.553942,-0.161017,0.281962,0.306082,-0.927184,0.222564,-0.033335
2026-03-27T17:57:06.390572+00:00,18.135052,1774634226390572000,-0.421617,0.278574,0.414860,0.655305,-0.222800,0.691685,0.205352,-0.535850,-0.172291,0.580255,0.129846,0.088491,0.307461,0.944377,-0.553840,-0.159931,0.281359,0.306777,-0.924633,0.223664,-0.034705
2026-03-27T17:57:06.407489+00:00,18.151968,1774634226407488500,-0.420247,0.279133,0.414568,0.655353,-0.221688,0.692041,0.205140,-0.535078,-0.171443,0.579696,0.132538,0.089210,0.299000,0.937303,-0.553474,-0.158695,0.280240,0.306989,-0.923500,0.225678,-0.036278
2026-03-27T17:57:06.427945+00:00,18.172425,1774634226427945500,-0.418565,0.279745,0.414383,0.654773,-0.220322,0.693418,0.205126,-0.533753,-0.169342,0.580060,0.136383,0.092080,0.293261,0.929291,-0.553229,-0.157343,0.279459,0.306358,-0.925234,0.228409,-0.038133
2026-03-27T17:57:06.443419+00:00,18.187899,1774634226443419100,-0.417170,0.280311,0.414252,0.653828,-0.218920,0.694766,0.204997,-0.532305,-0.167137,0.580841,0.137446,0.097650,0.296854,0.945144,-0.552704,-0.155997,0.278268,0.307655,-0.920344,0.229363,-0.038591
2026-03-27T17:57:06.460521+00:00,18.205002,1774634226460521500,-0.415791,0.280875,0.414197,0.652734,-0.217722,0.696366,0.204921,-0.530357,-0.163763,0.584080,0.143926,0.102524,0.299930,0.939258,-0.552244,-0.154760,0.277120,0.307166,-0.922143,0.231484,-0.038688
2026-03-27T17:57:06.477352+00:00,18.221832,1774634226477352400,-0.414358,0.281420,0.414244,0.651632,-0.216512,0.697647,0.204632,-0.528454,-0.160596,0.587636,0.150008,0.106183,0.300571,0.931858,-0.551967,-0.153615,0.276332,0.307412,-0.920038,0.232787,-0.038346
2026-03-27T17:57:06.494256+00:00,18.238736,1774634226494255800,-0.413006,0.281926,0.414242,0.649734,-0.215617,0.699889,0.204390,-0.526408,-0.157291,0.592653,0.155350,0.111587,0.305164,0.931023,-0.551508,-0.152527,0.275131,0.306226,-0.923568,0.235378,-0.038373
2026-03-27T17:57:06.511070+00:00,18.255550,1774634226511069900,-0.411620,0.282367,0.414318,0.647774,-0.214876,0.701918,0.204075,-0.524300,-0.154049,0.598385,0.161161,0.117587,0.309546,0.929449,-0.551224,-0.151460,0.274280,0.306105,-0.923180,0.237073,-0.038286
2026-03-27T17:57:06.527973+00:00,18.272454,1774634226527973500,-0.410243,0.282756,0.414403,0.645533,-0.214469,0.704155,0.203721,-0.521789,-0.150912,0.606158,0.167025,0.124766,0.314678,0.919498,-0.550872,-0.150499,0.273318,0.306632,-0.921865,0.238419,-0.038713
2026-03-27T17:57:06.545246+00:00,18.289726,1774634226545245900,-0.408946,0.283070,0.414454,0.642560,-0.214671,0.706413,0.203022,-0.518917,-0.147886,0.614399,0.170270,0.134224,0.323456,0.917739,-0.550457,-0.149774,0.272084,0.306569,-0.921936,0.239549,-0.039896
2026-03-27T17:57:06.562344+00:00,18.306824,1774634226562344300,-0.407571,0.283379,0.414548,0.639217,-0.215101,0.709625,0.202370,-0.515337,-0.145306,0.624542,0.170405,0.147855,0.335467,0.918914,-0.550038,-0.148964,0.271017,0.307466,-0.919181,0.240221,-0.040968
2026-03-27T17:57:06.579401+00:00,18.323881,1774634226579400600,-0.406335,0.283822,0.414518,0.635758,-0.215540,0.713288,0.200858,-0.511488,-0.143085,0.634944,0.172084,0.159913,0.343208,0.908372,-0.549172,-0.148252,0.269365,0.307103,-0.917942,0.240001,-0.043242
2026-03-27T17:57:06.597302+00:00,18.341782,1774634226597302200,-0.404999,0.284401,0.414454,0.632719,-0.215634,0.716499,0.198937,-0.507172,-0.141119,0.646567,0.171651,0.172729,0.354105,0.899690,-0.548750,-0.147838,0.268247,0.306004,-0.918570,0.240247,-0.045415
2026-03-27T17:57:06.613930+00:00,18.358411,1774634226613930500,-0.403833,0.285052,0.414169,0.630442,-0.215663,0.719158,0.196592,-0.502686,-0.139666,0.657910,0.168453,0.185083,0.368647,0.895005,-0.548115,-0.147637,0.266946,0.304184,-0.920987,0.240782,-0.047950
2026-03-27T17:57:06.631121+00:00,18.375601,1774634226631120600,-0.402683,0.285727,0.413864,0.628262,-0.215556,0.721868,0.194121,-0.498031,-0.138904,0.669397,0.163773,0.197227,0.383882,0.890825,-0.547546,-0.147495,0.265741,0.303682,-0.919368,0.240484,-0.050188
2026-03-27T17:57:06.652881+00:00,18.397361,1774634226652881300,-0.401143,0.286640,0.413537,0.625588,-0.215380,0.725057,0.191045,-0.491553,-0.138356,0.684570,0.157180,0.211803,0.400707,0.881537,-0.547103,-0.147428,0.264513,0.302389,-0.919574,0.240650,-0.053134
2026-03-27T17:57:06.669617+00:00,18.414097,1774634226669616800,-0.400102,0.287326,0.413371,0.623953,-0.214930,0.727337,0.189142,-0.486324,-0.139128,0.695851,0.147907,0.223834,0.409240,0.881190,-0.546810,-0.147535,0.263710,0.301292,-0.921600,0.240887,-0.055011
2026-03-27T17:57:06.686519+00:00,18.430999,1774634226686519300,-0.399025,0.288011,0.413382,0.622197,-0.214113,0.729028,0.187445,-0.481005,-0.139694,0.706487,0.137568,0.236261,0.415881,0.879985,-0.546660,-0.147743,0.263096,0.301252,-0.920782,0.240535,-0.056977
2026-03-27T17:57:06.703815+00:00,18.448295,1774634226703815300,-0.397968,0.288679,0.413499,0.619833,-0.213147,0.731929,0.186366,-0.475483,-0.141214,0.716924,0.131446,0.242555,0.408871,0.856942,-0.546414,-0.148103,0.262453,0.301669,-0.920896,0.239963,-0.059135
2026-03-27T17:57:06.720900+00:00,18.465380,1774634226720899800,-0.396984,0.289310,0.413660,0.618117,-0.211882,0.733591,0.185272,-0.470395,-0.143227,0.725923,0.121859,0.255374,0.413687,0.863767,-0.546328,-0.148548,0.262098,0.301919,-0.921249,0.239184,-0.060557
2026-03-27T17:57:06.737678+00:00,18.482158,1774634226737678000,-0.396073,0.289871,0.413916,0.616384,-0.210598,0.735573,0.184600,-0.465851,-0.145473,0.733723,0.116671,0.258579,0.407092,0.849699,-0.546198,-0.149016,0.261868,0.302035,-0.918409,0.238079,-0.060439
2026-03-27T17:57:06.754933+00:00,18.499413,1774634226754933000,-0.395182,0.290382,0.414553,0.614617,-0.209403,0.737405,0.184043,-0.461099,-0.147628,0.741461,0.106215,0.274025,0.420594,0.875550,-0.546282,-0.149519,0.261874,0.300304,-0.922556,0.238588,-0.060389
2026-03-27T17:57:06.772077+00:00,18.516557,1774634226772076600,-0.394350,0.290872,0.415219,0.612670,-0.208665,0.739929,0.183491,-0.457149,-0.149736,0.747870,0.101067,0.279719,0.419584,0.869060,-0.546268,-0.149900,0.261917,0.301135,-0.919288,0.237023,-0.059627
2026-03-27T17:57:06.788994+00:00,18.533474,1774634226788993600,-0.393584,0.291337,0.416017,0.611336,-0.207723,0.741243,0.182760,-0.453131,-0.151777,0.753707,0.097549,0.285102,0.419462,0.864518,-0.546254,-0.150205,0.262053,0.300554,-0.923516,0.237537,-0.059480
2026-03-27T17:57:06.806121+00:00,18.550601,1774634226806120700,-0.392831,0.291773,0.416849,0.609686,-0.206874,0.743571,0.182147,-0.449879,-0.153971,0.758319,0.095109,0.290103,0.420162,0.862060,-0.546260,-0.150341,0.262333,0.301183,-0.923750,0.237537,-0.058998
2026-03-27T17:57:06.822829+00:00,18.567309,1774634226822829100,-0.392151,0.292128,0.417867,0.608609,-0.205991,0.744453,0.181755,-0.446716,-0.156187,0.762556,0.092116,0.297277,0.425402,0.870548,-0.546342,-0.150414,0.262871,0.303196,-0.918857,0.236525,-0.058070
2026-03-27T17:57:06.841416+00:00,18.585896,1774634226841415900,-0.391351,0.292473,0.419014,0.606709,-0.205054,0.746375,0.181820,-0.443957,-0.158956,0.766488,0.092955,0.289552,0.410945,0.844169,-0.546322,-0.150302,0.263706,0.302674,-0.922459,0.238809,-0.056800
2026-03-27T17:57:06.862673+00:00,18.607153,1774634226862672800,-0.390532,0.292807,0.420617,0.605175,-0.203563,0.747872,0.182294,-0.441803,-0.162481,0.769929,0.088664,0.291922,0.410854,0.851718,-0.546440,-0.150193,0.264834,0.303104,-0.922076,0.240218,-0.055267
2026-03-27T17:57:06.879888+00:00,18.624368,1774634226879888500,-0.389913,0.293131,0.421898,0.604312,-0.202498,0.748731,0.182396,-0.440684,-0.165476,0.771637,0.083152,0.292883,0.407562,0.854004,-0.546532,-0.149915,0.265797,0.303598,-0.920991,0.240984,-0.053989
2026-03-27T17:57:06.896975+00:00,18.641455,1774634226896975400,-0.389284,0.293436,0.423224,0.603349,-0.201297,0.749666,0.182517,-0.439762,-0.168578,0.773194,0.075677,0.298875,0.412835,0.875223,-0.546705,-0.149547,0.266756,0.304495,-0.918248,0.241310,-0.052656
2026-03-27T17:57:06.914204+00:00,18.658684,1774634226914204000,-0.388683,0.293722,0.424680,0.601710,-0.200110,0.751317,0.182825,-0.439054,-0.171851,0.774539,0.069435,0.299867,0.411845,0.886072,-0.547003,-0.149157,0.267853,0.303932,-0.918955,0.242438,-0.051494
2026-03-27T17:57:06.931267+00:00,18.675747,1774634226931267400,-0.388126,0.293986,0.426132,0.600669,-0.198909,0.752356,0.183227,-0.438567,-0.175068,0.775228,0.064975,0.295567,0.403770,0.882085,-0.547241,-0.148744,0.268887,0.303433,-0.920502,0.243599,-0.050668
2026-03-27T17:57:06.948056+00:00,18.692536,1774634226948055500,-0.387617,0.294250,0.427568,0.599725,-0.197590,0.753298,0.183608,-0.438372,-0.178086,0.775400,0.061744,0.290715,0.396542,0.876445,-0.547575,-0.148333,0.269971,0.302997,-0.921877,0.244624,-0.049983
2026-03-27T17:57:06.965471+00:00,18.709951,1774634226965470500,-0.387133,0.294532,0.429026,0.598806,-0.196227,0.754224,0.183818,-0.438155,-0.181037,0.775443,0.059412,0.283487,0.388454,0.865245,-0.547871,-0.147869,0.271008,0.304059,-0.918080,0.244439,-0.049359
2026-03-27T17:57:06.982378+00:00,18.726858,1774634226982377600,-0.386712,0.294783,0.430439,0.597893,-0.194981,0.755136,0.184171,-0.438060,-0.183651,0.775240,0.055117,0.288117,0.399755,0.893579,-0.548147,-0.147389,0.272045,0.303605,-0.918571,0.245324,-0.049010
2026-03-27T17:57:06.999392+00:00,18.743872,1774634226999391900,-0.386338,0.295002,0.431784,0.597036,-0.194078,0.756612,0.184550,-0.437964,-0.185760,0.774869,0.057965,0.257989,0.367191,0.815881,-0.548363,-0.146881,0.273001,0.302999,-0.920463,0.246787,-0.048831
2026-03-27T17:57:07.016357+00:00,18.760838,1774634227016357500,-0.386034,0.295216,0.433104,0.596691,-0.192940,0.756948,0.184830,-0.438004,-0.187648,0.774044,0.052268,0.274149,0.398021,0.880182,-0.548479,-0.146354,0.273947,0.303911,-0.916419,0.246533,-0.048378
2026-03-27T17:57:07.033700+00:00,18.778180,1774634227033699900,-0.385892,0.295343,0.434150,0.596746,-0.191766,0.756784,0.184973,-0.438099,-0.188393,0.773350,0.056276,0.286315,0.402511,0.909905,-0.548464,-0.145803,0.274756,0.302961,-0.919698,0.248076,-0.048435
2026-03-27T17:57:07.050436+00:00,18.794916,1774634227050435700,-0.385794,0.295432,0.435338,0.597002,-0.190726,0.756391,0.185207,-0.438062,-0.189027,0.772761,0.055263,0.297011,0.416356,0.946735,-0.548517,-0.145259,0.275530,0.303752,-0.916095,0.248142,-0.048274
2026-03-27T17:57:07.074099+00:00,18.818579,1774634227074098900,-0.385629,0.295551,0.436968,0.597272,-0.189618,0.756288,0.185898,-0.438074,-0.189735,0.772065,0.057031,0.294935,0.411532,0.944182,-0.548571,-0.144527,0.276580,0.303780,-0.915756,0.249365,-0.048229
2026-03-27T17:57:07.088911+00:00,18.833391,1774634227088910900,-0.385286,0.295712,0.438056,0.596948,-0.189303,0.757107,0.187360,-0.438132,-0.190116,0.771491,0.057089,0.288095,0.407227,0.932469,-0.548504,-0.144181,0.277016,0.304065,-0.917592,0.250848,-0.047920
2026-03-27T17:57:07.104778+00:00,18.849258,1774634227104777700,-0.385153,0.295702,0.439147,0.596846,-0.188415,0.757219,0.188558,-0.438464,-0.190765,0.770918,0.062775,0.252219,0.364094,0.830946,-0.548499,-0.143808,0.277552,0.305319,-0.915877,0.250883,-0.047249
2026-03-27T17:57:07.121855+00:00,18.866335,1774634227121854600,-0.385055,0.295680,0.440319,0.596681,-0.187565,0.757345,0.189861,-0.438810,-0.191647,0.770299,0.059869,0.257102,0.376802,0.860179,-0.548536,-0.143503,0.278085,0.305628,-0.916879,0.251632,-0.046503
2026-03-27T17:57:07.138594+00:00,18.883074,1774634227138593800,-0.384943,0.295709,0.441366,0.596484,-0.186347,0.756935,0.190769,-0.439043,-0.192513,0.769726,0.057248,0.264111,0.389911,0.890122,-0.548541,-0.143336,0.278494,0.306649,-0.915184,0.251527,-0.045579
2026-03-27T17:57:07.155832+00:00,18.900312,1774634227155832400,-0.384847,0.295749,0.442450,0.596321,-0.185502,0.757132,0.191571,-0.438955,-0.193121,0.769269,0.059401,0.252189,0.371987,0.850122,-0.548492,-0.143245,0.278829,0.306610,-0.916402,0.251680,-0.045196
2026-03-27T17:57:07.174117+00:00,18.918597,1774634227174116700,-0.384711,0.295826,0.443470,0.595231,-0.184752,0.758269,0.192082,-0.439045,-0.194180,0.768352,0.053434,0.274685,0.406393,0.928128,-0.548406,-0.143207,0.279053,0.307728,-0.914219,0.251532,-0.045537
2026-03-27T17:57:07.192021+00:00,18.936501,1774634227192020700,-0.384634,0.295922,0.444427,0.594911,-0.184035,0.758025,0.192336,-0.439171,-0.194962,0.767657,0.057610,0.255869,0.379199,0.864129,-0.548401,-0.143211,0.279234,0.307444,-0.917173,0.252454,-0.046019
2026-03-27T17:57:07.208787+00:00,18.953267,1774634227208786600,-0.384564,0.296022,0.445151,0.593777,-0.183715,0.759836,0.192659,-0.439220,-0.195554,0.766996,0.060797,0.249368,0.370584,0.844406,-0.548305,-0.143269,0.279370,0.308964,-0.914596,0.251845,-0.046024
2026-03-27T17:57:07.225905+00:00,18.970385,1774634227225905200,-0.384551,0.296146,0.445814,0.593919,-0.183015,0.759058,0.192562,-0.439556,-0.196111,0.766268,0.062209,0.256797,0.383030,0.874414,-0.548276,-0.143361,0.279487,0.309169,-0.917484,0.252532,-0.046259
2026-03-27T17:57:07.243024+00:00,18.987504,1774634227243024000,-0.384531,0.296257,0.446265,0.593568,-0.182680,0.760063,0.192684,-0.439861,-0.196441,0.765633,0.066446,0.256738,0.384566,0.882310,-0.548219,-0.143532,0.279611,0.311017,-0.914996,0.251580,-0.045939
2026-03-27T17:57:07.260054+00:00,19.004534,1774634227260054300,-0.384589,0.296382,0.446578,0.594499,-0.182214,0.759124,0.192549,-0.440259,-0.196580,0.764960,0.075850,0.245454,0.367596,0.851237,-0.548255,-0.143871,0.279730,0.313057,-0.913315,0.250582,-0.045325
2026-03-27T17:57:07.277449+00:00,19.021929,1774634227277448700,-0.384669,0.296517,0.446684,0.595597,-0.181966,0.758605,0.192127,-0.440403,-0.196264,0.764416,0.077112,0.259736,0.389961,0.901970,-0.548272,-0.144301,0.279895,0.314004,-0.914886,0.249945,-0.044420
2026-03-27T17:57:07.294855+00:00,19.039335,1774634227294855100,-0.384731,0.296676,0.446710,0.597288,-0.181996,0.757220,0.191490,-0.440305,-0.195177,0.763940,0.080261,0.254455,0.385859,0.880224,-0.548241,-0.144836,0.280086,0.316585,-0.912352,0.247599,-0.042896
2026-03-27T17:57:07.311306+00:00,19.055785,1774634227311305400,-0.384926,0.296818,0.446589,0.599020,-0.182087,0.756343,0.191023,-0.440303,-0.193614,0.763466,0.081767,0.254947,0.388359,0.880968,-0.548322,-0.145365,0.280283,0.318308,-0.912922,0.246035,-0.041443
2026-03-27T17:57:07.328409+00:00,19.072889,1774634227328409000,-0.385175,0.296980,0.446466,0.601408,-0.181976,0.754506,0.190372,-0.440294,-0.191828,0.763106,0.085671,0.248920,0.379711,0.858843,-0.548357,-0.145923,0.280544,0.320239,-0.914264,0.244693,-0.039536
2026-03-27T17:57:07.345530+00:00,19.090010,1774634227345529500,-0.385479,0.297124,0.446157,0.604329,-0.181814,0.752058,0.189847,-0.440239,-0.189486,0.762890,0.087984,0.252082,0.383156,0.866047,-0.548408,-0.146490,0.280938,0.323431,-0.911988,0.242986,-0.036872
2026-03-27T17:57:07.362336+00:00,19.106816,1774634227362336200,-0.385799,0.297229,0.445790,0.607012,-0.181963,0.749783,0.189677,-0.439845,-0.186450,0.762842,0.091016,0.258994,0.390259,0.885834,-0.548434,-0.147058,0.281519,0.325976,-0.912422,0.242828,-0.033679
2026-03-27T17:57:07.379526+00:00,19.124006,1774634227379526100,-0.386208,0.297274,0.445408,0.609695,-0.182037,0.747920,0.189583,-0.439329,-0.183051,0.762827,0.096133,0.259773,0.387287,0.884130,-0.548580,-0.147663,0.282150,0.329202,-0.910864,0.242195,-0.030405
2026-03-27T17:57:07.396759+00:00,19.141238,1774634227396758400,-0.386645,0.297324,0.445043,0.612242,-0.182003,0.745900,0.189617,-0.439023,-0.179304,0.762862,0.100438,0.262201,0.387642,0.891756,-0.548665,-0.148307,0.283089,0.331476,-0.910819,0.242251,-0.026529
2026-03-27T17:57:07.414451+00:00,19.158931,1774634227414450900,-0.387057,0.297383,0.444690,0.614848,-0.181704,0.743827,0.189759,-0.438506,-0.174833,0.763131,0.105563,0.261265,0.384743,0.890538,-0.548818,-0.149063,0.284122,0.334443,-0.909121,0.242088,-0.022468
2026-03-27T17:57:07.431254+00:00,19.175734,1774634227431253800,-0.387476,0.297433,0.444400,0.616658,-0.181627,0.742526,0.189809,-0.438178,-0.169996,0.763672,0.110516,0.261958,0.385812,0.893773,-0.548980,-0.149942,0.285381,0.336021,-0.910914,0.242696,-0.018900
2026-03-27T17:57:07.448594+00:00,19.193074,1774634227448594100,-0.387895,0.297466,0.444104,0.619060,-0.181262,0.740014,0.189872,-0.437659,-0.164510,0.764322,0.117378,0.261388,0.385846,0.890431,-0.549126,-0.150964,0.286926,0.338619,-0.909458,0.242429,-0.015097
2026-03-27T17:57:07.465517+00:00,19.209997,1774634227465517000,-0.388321,0.297469,0.443856,0.620755,-0.181092,0.738225,0.189979,-0.437407,-0.158569,0.764922,0.126514,0.258217,0.386608,0.881696,-0.549450,-0.152448,0.288924,0.339995,-0.907878,0.241358,-0.011202
2026-03-27T17:57:07.482558+00:00,19.227038,1774634227482557600,-0.388670,0.297427,0.443638,0.621732,-0.181318,0.737739,0.190409,-0.437119,-0.152123,0.765574,0.135593,0.254941,0.391205,0.876173,-0.549852,-0.154100,0.291271,0.340337,-0.909746,0.240858,-0.006922
2026-03-27T17:57:07.499489+00:00,19.243968,1774634227499488400,-0.389088,0.297365,0.443384,0.623424,-0.181484,0.736076,0.190777,-0.436997,-0.145347,0.766248,0.143074,0.254568,0.403659,0.880411,-0.550369,-0.155844,0.293633,0.341327,-0.910102,0.239966,-0.002387
2026-03-27T17:57:07.518187+00:00,19.262667,1774634227518187200,-0.389458,0.297375,0.443063,0.624437,-0.181862,0.734992,0.190652,-0.436665,-0.137346,0.766976,0.153266,0.249252,0.410627,0.863945,-0.551149,-0.158311,0.297150,0.344331,-0.908558,0.237835,0.002892
2026-03-27T17:57:07.535047+00:00,19.279527,1774634227535046900,-0.389870,0.297416,0.442687,0.625610,-0.182408,0.734349,0.190076,-0.436160,-0.129517,0.767559,0.159206,0.249093,0.425204,0.860667,-0.551978,-0.160769,0.300659,0.346538,-0.908910,0.237083,0.008036
2026-03-27T17:57:07.551948+00:00,19.296428,1774634227551947800,-0.390275,0.297455,0.442267,0.626803,-0.183128,0.733050,0.189305,-0.435200,-0.121353,0.768185,0.166271,0.248231,0.439381,0.855521,-0.552825,-0.163327,0.304421,0.350277,-0.906341,0.236460,0.013623
2026-03-27T17:57:07.568956+00:00,19.313436,1774634227568956400,-0.390721,0.297460,0.441811,0.628065,-0.183999,0.732337,0.188468,-0.434325,-0.112850,0.768886,0.176586,0.245031,0.446897,0.840044,-0.553666,-0.165925,0.308393,0.353644,-0.906255,0.236008,0.019719
2026-03-27T17:57:07.585966+00:00,19.330446,1774634227585966400,-0.391226,0.297476,0.441338,0.629310,-0.184713,0.731065,0.187518,-0.432825,-0.104145,0.769678,0.186021,0.244935,0.456933,0.833688,-0.554575,-0.168630,0.312556,0.358189,-0.904419,0.235285,0.025705
2026-03-27T17:57:07.603039+00:00,19.347518,1774634227603038400,-0.391743,0.297456,0.440881,0.630566,-0.185450,0.730356,0.186829,-0.431407,-0.095406,0.770612,0.195024,0.245623,0.464730,0.827772,-0.555290,-0.171304,0.316937,0.363364,-0.901188,0.234921,0.031100
2026-03-27T17:57:07.620443+00:00,19.364922,1774634227620442500,-0.392339,0.297439,0.440416,0.631824,-0.186034,0.729084,0.185988,-0.429507,-0.086576,0.771627,0.202221,0.248294,0.472033,0.826275,-0.556068,-0.174008,0.321624,0.367837,-0.898403,0.234947,0.036462
2026-03-27T17:57:07.637438+00:00,19.381918,1774634227637438000,-0.392969,0.297403,0.439969,0.632963,-0.186777,0.727985,0.185289,-0.427460,-0.077875,0.772742,0.209215,0.250676,0.474035,0.820988,-0.556672,-0.176536,0.326493,0.370044,-0.898909,0.235325,0.042771
2026-03-27T17:57:07.654445+00:00,19.398925,1774634227654444900,-0.393650,0.297372,0.439572,0.634094,-0.187404,0.726843,0.184526,-0.425112,-0.069154,0.773755,0.216275,0.254202,0.475813,0.817381,-0.557312,-0.179042,0.331649,0.372153,-0.896218,0.234126,0.049394
2026-03-27T17:57:07.671803+00:00,19.416283,1774634227671803200,-0.394435,0.297320,0.439261,0.634280,-0.187946,0.727071,0.184034,-0.422532,-0.059991,0.774631,0.225438,0.256866,0.475404,0.809917,-0.557653,-0.181387,0.337307,0.369590,-0.896629,0.232413,0.055302
2026-03-27T17:57:07.689774+00:00,19.434254,1774634227689774000,-0.395349,0.297233,0.438946,0.634826,-0.188517,0.726498,0.183481,-0.419684,-0.050620,0.775020,0.233352,0.260825,0.478223,0.808954,-0.557982,-0.183764,0.343409,0.364051,-0.898550,0.230534,0.059965
2026-03-27T17:57:07.705947+00:00,19.450427,1774634227705947500,-0.396247,0.297109,0.438704,0.635276,-0.189287,0.726043,0.182963,-0.417086,-0.041920,0.775346,0.241267,0.263235,0.477752,0.805703,-0.557955,-0.185616,0.349238,0.356322,-0.903442,0.229174,0.063023
2026-03-27T17:57:07.723351+00:00,19.467831,1774634227723350900,-0.397258,0.296953,0.438430,0.635223,-0.190146,0.726089,0.182292,-0.414426,-0.032940,0.775417,0.250389,0.265214,0.473830,0.801816,-0.557899,-0.187179,0.355907,0.348557,-0.907938,0.228632,0.066455
2026-03-27T17:57:07.742282+00:00,19.486762,1774634227742282200,-0.398397,0.296763,0.438106,0.635297,-0.191182,0.725935,0.181561,-0.411768,-0.023181,0.774947,0.259896,0.267800,0.469667,0.800358,-0.557783,-0.188694,0.363474,0.341316,-0.910615,0.228005,0.070372
2026-03-27T17:57:07.760247+00:00,19.504727,1774634227760246900,-0.399492,0.296440,0.437818,0.635325,-0.192132,0.725457,0.181638,-0.409705,-0.014715,0.773473,0.269506,0.268139,0.463268,0.802937,-0.557648,-0.189216,0.371508,0.341597,-0.909587,0.231290,0.076121
2026-03-27T17:57:07.776175+00:00,19.520656,1774634227776175500,-0.400432,0.296079,0.437538,0.635016,-0.193129,0.725595,0.182050,-0.408282,-0.007101,0.771579,0.280059,0.266965,0.456387,0.799487,-0.557709,-0.189775,0.378656,0.340972,-0.908885,0.233410,0.080776
2026-03-27T17:57:07.793103+00:00,19.537583,1774634227793103200,-0.401435,0.295642,0.437164,0.634555,-0.194026,0.725489,0.182848,-0.407072,0.000459,0.768843,0.288577,0.266390,0.453673,0.801976,-0.558050,-0.189601,0.386470,0.348806,-0.900085,0.238993,0.086859
2026-03-27T17:57:07.809867+00:00,19.554347,1774634227809866700,-0.402439,0.295217,0.436695,0.634314,-0.195139,0.725531,0.183464,-0.406423,0.007677,0.765554,0.298464,0.262809,0.449513,0.797929,-0.558501,-0.189671,0.394331,0.349747,-0.900065,0.245632,0.093323
2026-03-27T17:57:07.826842+00:00,19.571322,1774634227826841800,-0.403355,0.294919,0.435959,0.635387,-0.195535,0.723789,0.183310,-0.406044,0.014542,0.761289,0.306569,0.260041,0.450242,0.799130,-0.559136,-0.189755,0.402413,0.351577,-0.896933,0.253998,0.100256
2026-03-27T17:57:07.844174+00:00,19.588654,1774634227844173600,-0.404244,0.294629,0.435121,0.635869,-0.196248,0.723390,0.183617,-0.406081,0.021162,0.756525,0.317392,0.255216,0.449695,0.793969,-0.559924,-0.190008,0.410468,0.354050,-0.892618,0.260947,0.106661
2026-03-27T17:57:07.860750+00:00,19.605230,1774634227860750400,-0.405052,0.294344,0.434126,0.637058,-0.196385,0.721785,0.184052,-0.406053,0.026899,0.750971,0.326954,0.251237,0.452728,0.791122,-0.560935,-0.190359,0.417954,0.354934,-0.888727,0.264663,0.112180
2026-03-27T17:57:07.877864+00:00,19.622344,1774634227877863700,-0.405819,0.294046,0.432973,0.637455,-0.196853,0.721952,0.184764,-0.406907,0.032190,0.744657,0.336185,0.246275,0.454744,0.785561,-0.561982,-0.191275,0.425256,0.353774,-0.888550,0.268152,0.118384
2026-03-27T17:57:07.894911+00:00,19.639391,1774634227894911200,-0.406522,0.293806,0.431691,0.638403,-0.197403,0.721011,0.185045,-0.408094,0.036844,0.737933,0.342713,0.242543,0.459753,0.784161,-0.563140,-0.192551,0.431739,0.350155,-0.888212,0.269079,0.124024
2026-03-27T17:57:07.911938+00:00,19.656418,1774634227911938200,-0.407148,0.293600,0.430277,0.639389,-0.197952,0.720031,0.185173,-0.409639,0.040751,0.730754,0.349671,0.237645,0.462766,0.780167,-0.564499,-0.193901,0.437007,0.340589,-0.893721,0.268236,0.128163
2026-03-27T17:57:07.929392+00:00,19.673872,1774634227929392100,-0.407763,0.293455,0.428738,0.640988,-0.198312,0.717871,0.184888,-0.411673,0.044032,0.723215,0.357457,0.231797,0.465430,0.775929,-0.566037,-0.195392,0.440964,0.331516,-0.896212,0.263144,0.130650
2026-03-27T17:57:07.949320+00:00,19.693800,1774634227949319600,-0.408369,0.293288,0.426963,0.642139,-0.198979,0.716685,0.184864,-0.414596,0.047035,0.714142,0.366331,0.224449,0.468847,0.772682,-0.567977,-0.197238,0.443951,0.318994,-0.904039,0.254750,0.132632
2026-03-27T17:57:07.966143+00:00,19.710623,1774634227966142800,-0.408777,0.293195,0.425480,0.642694,-0.199064,0.716187,0.185039,-0.417304,0.048613,0.706456,0.372790,0.216774,0.473262,0.769925,-0.569395,-0.198572,0.444431,0.312678,-0.909969,0.246549,0.131530
2026-03-27T17:57:07.983351+00:00,19.727831,1774634227983350900,-0.409235,0.293157,0.423867,0.643529,-0.198888,0.715454,0.185166,-0.420394,0.049949,0.698812,0.379068,0.208058,0.476807,0.764325,-0.570678,-0.199798,0.444140,0.304586,-0.914144,0.238826,0.129086
2026-03-27T17:57:08.000698+00:00,19.745178,1774634228000698200,-0.409699,0.293108,0.422193,0.644744,-0.198317,0.714683,0.185011,-0.423713,0.050894,0.691213,0.383031,0.200323,0.482575,0.762073,-0.571437,-0.200913,0.442356,0.289023,-0.919766,0.230687,0.122840
2026-03-27T17:57:08.017797+00:00,19.762277,1774634228017797200,-0.410139,0.293089,0.420435,0.646004,-0.198346,0.713398,0.184688,-0.427191,0.051512,0.683836,0.386935,0.193127,0.487775,0.757957,-0.571991,-0.201741,0.439167,0.275524,-0.924884,0.222168,0.117056
2026-03-27T17:57:08.034766+00:00,19.779246,1774634228034765900,-0.410559,0.293041,0.418612,0.647187,-0.198789,0.712723,0.184416,-0.430726,0.051583,0.676781,0.390218,0.187402,0.492688,0.753949,-0.572309,-0.202120,0.434838,0.262048,-0.932685,0.215875,0.111814
2026-03-27T17:57:08.051820+00:00,19.796300,1774634228051819900,-0.410934,0.292961,0.416768,0.648161,-0.199159,0.711728,0.184336,-0.434225,0.051281,0.669901,0.392513,0.183174,0.496868,0.750735,-0.572545,-0.201964,0.429223,0.249449,-0.936583,0.211446,0.105994
2026-03-27T17:57:08.068988+00:00,19.813468,1774634228068988100,-0.411305,0.292837,0.414868,0.649212,-0.199536,0.710673,0.184210,-0.437943,0.050244,0.663002,0.393392,0.179661,0.500148,0.748916,-0.572740,-0.201516,0.422594,0.237116,-0.942521,0.207972,0.100533
2026-03-27T17:57:08.086266+00:00,19.830746,1774634228086266300,-0.411667,0.292686,0.412939,0.650295,-0.199776,0.709615,0.184166,-0.441724,0.048325,0.656284,0.393239,0.175601,0.501002,0.750518,-0.572862,-0.200787,0.415365,0.225591,-0.946770,0.203536,0.094906
2026-03-27T17:57:08.103517+00:00,19.847997,1774634228103517100,-0.412030,0.292563,0.410923,0.651988,-0.199576,0.707386,0.183974,-0.445849,0.046178,0.649463,0.393894,0.169549,0.500928,0.752393,-0.572726,-0.199768,0.405775,0.223146,-0.947552,0.195088,0.088268
2026-03-27T17:57:08.120654+00:00,19.865134,1774634228120654100,-0.412390,0.292410,0.408910,0.653170,-0.199757,0.706765,0.184271,-0.449898,0.043827,0.642921,0.395078,0.162259,0.499353,0.755204,-0.572455,-0.198302,0.396551,0.220041,-0.948857,0.188836,0.081183
2026-03-27T17:57:08.137651+00:00,19.882131,1774634228137650800,-0.412683,0.292332,0.406737,0.654454,-0.199912,0.705487,0.183880,-0.453984,0.041408,0.636219,0.397108,0.154402,0.495869,0.756075,-0.571990,-0.196092,0.385023,0.215895,-0.957747,0.189147,0.072682
2026-03-27T17:57:08.154603+00:00,19.899083,1774634228154603200,-0.412972,0.292302,0.404522,0.656316,-0.200006,0.703671,0.183249,-0.457896,0.038952,0.629570,0.398905,0.146857,0.493293,0.759027,-0.571411,-0.193688,0.373561,0.215805,-0.952533,0.185580,0.061312
2026-03-27T17:57:08.174107+00:00,19.918587,1774634228174106800,-0.413272,0.292345,0.401832,0.658439,-0.200069,0.702196,0.182387,-0.462207,0.036191,0.621752,0.401721,0.137947,0.490533,0.761522,-0.570629,-0.190752,0.359262,0.215788,-0.958963,0.182048,0.047071
2026-03-27T17:57:08.190659+00:00,19.935139,1774634228190659300,-0.413525,0.292445,0.399472,0.659905,-0.199598,0.701391,0.181382,-0.465730,0.033874,0.615148,0.404461,0.130143,0.487728,0.763428,-0.569675,-0.188080,0.346251,0.213300,-0.960884,0.181516,0.033539
2026-03-27T17:57:08.207627+00:00,19.952107,1774634228207626600,-0.413786,0.292420,0.397039,0.661720,-0.198822,0.700159,0.180471,-0.469279,0.031407,0.608269,0.407228,0.122678,0.484723,0.765092,-0.568691,-0.185342,0.333173,0.212456,-0.960880,0.179602,0.018776
2026-03-27T17:57:08.224822+00:00,19.969302,1774634228224822100,-0.414010,0.292582,0.394500,0.663693,-0.198350,0.698177,0.179599,-0.472717,0.028838,0.601637,0.410200,0.116800,0.480620,0.765034,-0.567429,-0.182476,0.319055,0.213178,-0.955836,0.176782,0.002805
2026-03-27T17:57:08.242125+00:00,19.986605,1774634228242124900,-0.414210,0.292691,0.391916,0.665267,-0.198201,0.697274,0.178980,-0.476147,0.025996,0.594742,0.410998,0.111889,0.478389,0.768150,-0.565896,-0.179524,0.305230,0.212814,-0.959402,0.176087,-0.014214
2026-03-27T17:57:08.258934+00:00,20.003414,1774634228258934300,-0.414400,0.292784,0.389395,0.666992,-0.197969,0.695507,0.178571,-0.479450,0.023197,0.588200,0.411567,0.107161,0.476175,0.771192,-0.564031,-0.176557,0.291173,0.213218,-0.962903,0.175957,-0.031657
2026-03-27T17:57:08.276251+00:00,20.020732,1774634228276251500,-0.414609,0.292854,0.386765,0.668272,-0.197227,0.694772,0.178554,-0.483053,0.020023,0.581336,0.413065,0.101606,0.472314,0.771200,-0.561892,-0.173395,0.277391,0.216109,-0.961990,0.171578,-0.048870
2026-03-27T17:57:08.292954+00:00,20.037434,1774634228292954000,-0.414874,0.292907,0.384250,0.670018,-0.196409,0.693021,0.178464,-0.486526,0.016924,0.574863,0.412993,0.096267,0.469780,0.773127,-0.559677,-0.170403,0.263681,0.219800,-0.958016,0.168719,-0.065533
2026-03-27T17:57:08.310277+00:00,20.054757,1774634228310276700,-0.415175,0.292919,0.381549,0.671347,-0.195961,0.692157,0.178568,-0.490165,0.013420,0.568025,0.411305,0.090674,0.467947,0.776770,-0.557147,-0.167281,0.249989,0.221312,-0.957865,0.169719,-0.080629
2026-03-27T17:57:08.327123+00:00,20.071603,1774634228327122800,-0.415571,0.292912,0.378837,0.672800,-0.195712,0.690980,0.178379,-0.493695,0.009869,0.561451,0.408726,0.084674,0.465902,0.780754,-0.554885,-0.164025,0.237927,0.224196,-0.957666,0.174583,-0.092059
2026-03-27T17:57:08.344069+00:00,20.088549,1774634228344069200,-0.416032,0.292887,0.376044,0.674922,-0.195429,0.688356,0.178375,-0.497279,0.006097,0.554801,0.407473,0.078687,0.463394,0.783148,-0.552603,-0.160752,0.225865,0.231080,-0.948911,0.176415,-0.103622
2026-03-27T17:57:08.361169+00:00,20.105649,1774634228361168900,-0.416510,0.292741,0.373122,0.676403,-0.195517,0.687369,0.178635,-0.500889,0.002069,0.547929,0.407095,0.073050,0.460280,0.783997,-0.549800,-0.157443,0.213704,0.237727,-0.949521,0.179362,-0.115709
2026-03-27T17:57:08.378244+00:00,20.122724,1774634228378244100,-0.417069,0.292568,0.370160,0.678544,-0.195474,0.685193,0.179281,-0.504385,-0.002205,0.540990,0.404650,0.068246,0.459899,0.788777,-0.547214,-0.154272,0.202629,0.246912,-0.941463,0.180088,-0.126113
2026-03-27T17:57:08.396760+00:00,20.141240,1774634228396759600,-0.417681,0.292212,0.366889,0.680651,-0.195372,0.682482,0.179975,-0.508098,-0.007066,0.533718,0.402501,0.063108,0.457391,0.789061,-0.544051,-0.150911,0.190480,0.254923,-0.938773,0.182357,-0.137608
2026-03-27T17:57:08.413936+00:00,20.158416,1774634228413936000,-0.418337,0.291769,0.363823,0.682509,-0.195594,0.680659,0.180967,-0.511548,-0.011668,0.526689,0.398859,0.058539,0.456723,0.792995,-0.541527,-0.148342,0.180801,0.261213,-0.933437,0.183723,-0.144927
2026-03-27T17:57:08.430956+00:00,20.175436,1774634228430956200,-0.419008,0.291353,0.360733,0.684428,-0.195575,0.678624,0.181797,-0.514786,-0.016395,0.520001,0.396598,0.054047,0.454800,0.795019,-0.538743,-0.145781,0.170791,0.266274,-0.935457,0.185961,-0.153356
2026-03-27T17:57:08.448480+00:00,20.192960,1774634228448480000,-0.419763,0.290930,0.357645,0.686284,-0.195292,0.676913,0.182503,-0.518159,-0.021214,0.512929,0.393400,0.049870,0.452717,0.799067,-0.536309,-0.143879,0.162242,0.274225,-0.928367,0.185076,-0.157855
2026-03-27T17:57:08.465173+00:00,20.209653,1774634228465172800,-0.420505,0.290544,0.354625,0.688222,-0.195213,0.674543,0.182719,-0.521327,-0.026114,0.506274,0.390850,0.045673,0.449957,0.801427,-0.534235,-0.142393,0.154423,0.280399,-0.928213,0.185547,-0.163068
2026-03-27T17:57:08.482749+00:00,20.227229,1774634228482749400,-0.421086,0.290307,0.351645,0.689641,-0.195145,0.672632,0.182990,-0.524735,-0.031095,0.499108,0.387817,0.040916,0.448231,0.805269,-0.531726,-0.140846,0.146239,0.287439,-0.924386,0.185398,-0.168152
2026-03-27T17:57:08.499413+00:00,20.243893,1774634228499413400,-0.421799,0.289929,0.348701,0.690702,-0.195440,0.672008,0.183309,-0.527970,-0.035830,0.492484,0.386041,0.035595,0.446390,0.805722,-0.529327,-0.139555,0.138784,0.293746,-0.920027,0.185129,-0.172901
2026-03-27T17:57:08.516497+00:00,20.260977,1774634228516496600,-0.422707,0.289498,0.345766,0.692103,-0.194912,0.670227,0.183032,-0.531175,-0.040368,0.485660,0.383206,0.030045,0.446768,0.807575,-0.527437,-0.139069,0.132355,0.296553,-0.921424,0.185836,-0.179006
2026-03-27T17:57:08.533509+00:00,20.277990,1774634228533509500,-0.423396,0.289245,0.342883,0.693306,-0.194524,0.669109,0.182778,-0.534301,-0.044460,0.478726,0.380835,0.024635,0.448485,0.807716,-0.525142,-0.138265,0.125445,0.300975,-0.918894,0.185717,-0.184357
2026-03-27T17:57:08.550522+00:00,20.295002,1774634228550521600,-0.424041,0.289034,0.340106,0.694417,-0.194063,0.668444,0.182848,-0.537289,-0.048200,0.471902,0.379550,0.019842,0.451678,0.807610,-0.523573,-0.138874,0.120235,0.300383,-0.917263,0.182278,-0.188335
2026-03-27T17:57:08.567233+00:00,20.311713,1774634228567232600,-0.424653,0.288827,0.337423,0.695541,-0.193318,0.667310,0.182960,-0.540087,-0.051514,0.465094,0.379642,0.016398,0.455111,0.806245,-0.521830,-0.139173,0.114884,0.299317,-0.919430,0.179957,-0.193066
2026-03-27T17:57:08.584365+00:00,20.328845,1774634228584365100,-0.425243,0.288584,0.334834,0.696446,-0.192697,0.666355,0.183517,-0.542723,-0.054680,0.458316,0.380258,0.014083,0.458583,0.804149,-0.520388,-0.139741,0.109953,0.299026,-0.916446,0.176922,-0.196358
2026-03-27T17:57:08.609577+00:00,20.354057,1774634228609576600,-0.425832,0.288293,0.332182,0.697444,-0.192035,0.665305,0.184362,-0.545275,-0.057690,0.451172,0.380376,0.011788,0.462006,0.801806,-0.518826,-0.140525,0.105153,0.297698,-0.916520,0.174389,-0.200692
2026-03-27T17:57:08.620803+00:00,20.365283,1774634228620803300,-0.426381,0.288016,0.329636,0.697927,-0.191426,0.664840,0.185240,-0.547711,-0.060415,0.444009,0.380863,0.008922,0.464121,0.798616,-0.517471,-0.141410,0.100901,0.297791,-0.915678,0.172680,-0.205196
2026-03-27T17:57:08.636426+00:00,20.380906,1774634228636426100,-0.426854,0.287799,0.327397,0.698557,-0.190992,0.664230,0.185791,-0.549741,-0.062524,0.437790,0.381748,0.005989,0.465031,0.798376,-0.516327,-0.142103,0.097449,0.298849,-0.913348,0.171152,-0.207787
2026-03-27T17:57:08.653945+00:00,20.398425,1774634228653945400,-0.427316,0.287600,0.325000,0.699108,-0.190582,0.663679,0.186065,-0.551947,-0.064635,0.431223,0.384256,0.002978,0.464954,0.797573,-0.515290,-0.142832,0.094077,0.299355,-0.913076,0.170013,-0.210181
2026-03-27T17:57:08.670670+00:00,20.415150,1774634228670669800,-0.427719,0.287430,0.322720,0.699851,-0.190281,0.662451,0.186140,-0.553986,-0.066548,0.425002,0.386802,0.000510,0.464186,0.796279,-0.514429,-0.143527,0.091171,0.298614,-0.915691,0.169366,-0.212278
2026-03-27T17:57:08.687676+00:00,20.432156,1774634228687676000,-0.428051,0.287253,0.320508,0.700273,-0.190317,0.661997,0.186359,-0.555858,-0.068297,0.418969,0.386756,-0.002043,0.463904,0.796863,-0.513783,-0.144279,0.088620,0.298361,-0.916263,0.168218,-0.213358
2026-03-27T17:57:08.704912+00:00,20.449392,1774634228704912200,-0.428392,0.287091,0.318304,0.700704,-0.190137,0.661593,0.186587,-0.557538,-0.069906,0.413018,0.385627,-0.004681,0.463919,0.798055,-0.513240,-0.145021,0.086396,0.298345,-0.914309,0.166667,-0.213365
2026-03-27T17:57:08.721656+00:00,20.466136,1774634228721656100,-0.428676,0.286983,0.316232,0.700762,-0.190132,0.662029,0.186727,-0.558996,-0.071076,0.407508,0.385363,-0.007230,0.462964,0.797943,-0.512757,-0.145678,0.084351,0.298131,-0.913404,0.165522,-0.213510
2026-03-27T17:57:08.738851+00:00,20.483331,1774634228738850500,-0.428972,0.286918,0.314146,0.701334,-0.189865,0.661469,0.186680,-0.560222,-0.072245,0.402074,0.385890,-0.010312,0.462668,0.799002,-0.512506,-0.146328,0.082738,0.296618,-0.915690,0.165099,-0.214050
2026-03-27T17:57:08.756028+00:00,20.500508,1774634228756027700,-0.429227,0.286864,0.312123,0.701809,-0.189782,0.660987,0.186664,-0.561277,-0.073385,0.396941,0.388040,-0.013573,0.462181,0.798056,-0.512276,-0.146811,0.081197,0.295345,-0.917601,0.165018,-0.213955
2026-03-27T17:57:08.772967+00:00,20.517447,1774634228772967100,-0.429443,0.286866,0.310193,0.702248,-0.189755,0.660124,0.186190,-0.562289,-0.074891,0.392077,0.390468,-0.017018,0.461792,0.795693,-0.512228,-0.147255,0.080001,0.295986,-0.914652,0.164307,-0.212703
2026-03-27T17:57:08.789889+00:00,20.534369,1774634228789888900,-0.429617,0.286855,0.308353,0.702175,-0.189813,0.660624,0.185645,-0.563291,-0.076604,0.387439,0.389406,-0.020513,0.465136,0.796289,-0.512056,-0.147475,0.079017,0.295961,-0.914533,0.164607,-0.211868
2026-03-27T17:57:08.807367+00:00,20.551848,1774634228807367500,-0.429754,0.286928,0.306552,0.702298,-0.189785,0.660610,0.184879,-0.564264,-0.078855,0.382855,0.387460,-0.024239,0.468202,0.795030,-0.512080,-0.147728,0.078014,0.294696,-0.918284,0.165521,-0.212097
2026-03-27T17:57:08.827885+00:00,20.572365,1774634228827885000,-0.429859,0.286907,0.304632,0.702231,-0.189799,0.661012,0.183849,-0.565289,-0.081761,0.377876,0.384314,-0.028403,0.472323,0.794005,-0.512158,-0.147889,0.077054,0.294859,-0.916810,0.165712,-0.211118
2026-03-27T17:57:08.842299+00:00,20.586779,1774634228842298800,-0.429891,0.287064,0.303121,0.702201,-0.189794,0.661289,0.182970,-0.565889,-0.084306,0.374218,0.380636,-0.031598,0.475689,0.793596,-0.512377,-0.148048,0.076335,0.294557,-0.916277,0.166008,-0.210761
2026-03-27T17:57:08.859348+00:00,20.603828,1774634228859347900,-0.429934,0.287168,0.301541,0.702133,-0.189837,0.661733,0.182013,-0.566407,-0.087227,0.370351,0.378258,-0.035243,0.478037,0.790395,-0.512327,-0.147950,0.075492,0.292620,-0.919968,0.167160,-0.212010
2026-03-27T17:57:08.876473+00:00,20.620953,1774634228876473000,-0.429960,0.287336,0.300044,0.702364,-0.189780,0.661513,0.181101,-0.566769,-0.090237,0.366605,0.375033,-0.039170,0.482557,0.791713,-0.512562,-0.147886,0.074572,0.291501,-0.919382,0.167706,-0.213198
2026-03-27T17:57:08.893314+00:00,20.637794,1774634228893314200,-0.429977,0.287477,0.298619,0.702512,-0.189903,0.661347,0.180382,-0.567047,-0.093220,0.363243,0.373925,-0.043468,0.483783,0.789846,-0.512824,-0.147861,0.073415,0.289841,-0.919930,0.168602,-0.215107
2026-03-27T17:57:08.910547+00:00,20.655027,1774634228910547500,-0.429995,0.287585,0.297292,0.702643,-0.190130,0.661679,0.179870,-0.567175,-0.096220,0.360018,0.372474,-0.047426,0.485384,0.788463,-0.513186,-0.147880,0.072588,0.287729,-0.919751,0.169121,-0.216998
2026-03-27T17:57:08.927639+00:00,20.672119,1774634228927638600,-0.430035,0.287704,0.296063,0.702820,-0.190286,0.661459,0.179086,-0.566937,-0.098931,0.357558,0.370530,-0.050513,0.486838,0.789274,-0.513215,-0.147728,0.071391,0.286475,-0.917338,0.168794,-0.218292
2026-03-27T17:57:08.944602+00:00,20.689082,1774634228944601500,-0.430019,0.287788,0.294924,0.702968,-0.190588,0.661348,0.178479,-0.566949,-0.101588,0.355378,0.368166,-0.051999,0.487420,0.789808,-0.513312,-0.147665,0.070243,0.285000,-0.917075,0.168874,-0.220052
2026-03-27T17:57:08.961600+00:00,20.706079,1774634228961599400,-0.430034,0.287842,0.293832,0.702955,-0.191226,0.661778,0.177886,-0.566595,-0.104199,0.353567,0.363687,-0.052506,0.488259,0.793173,-0.513608,-0.147623,0.069472,0.283659,-0.918911,0.169352,-0.222181
2026-03-27T17:57:08.978341+00:00,20.722821,1774634228978341300,-0.430019,0.287892,0.292874,0.703363,-0.191785,0.660888,0.177296,-0.566176,-0.106830,0.352352,0.359012,-0.052035,0.486021,0.795269,-0.513784,-0.147570,0.068542,0.283937,-0.915122,0.169009,-0.222898
2026-03-27T17:57:08.995579+00:00,20.740058,1774634228995578500,-0.429975,0.287915,0.292118,0.703282,-0.192463,0.660947,0.176836,-0.565881,-0.109832,0.351538,0.352302,-0.051452,0.482923,0.801984,-0.514211,-0.147528,0.067926,0.283037,-0.916023,0.169459,-0.224464
2026-03-27T17:57:09.012682+00:00,20.757162,1774634229012681600,-0.429906,0.287934,0.291474,0.703176,-0.193068,0.661066,0.176458,-0.565579,-0.112845,0.351183,0.345579,-0.050345,0.475750,0.806479,-0.514645,-0.147483,0.067299,0.281879,-0.917038,0.169824,-0.225628
2026-03-27T17:57:09.029746+00:00,20.774226,1774634229029746000,-0.429813,0.287962,0.290999,0.703102,-0.193539,0.661155,0.176201,-0.565247,-0.116001,0.350988,0.333835,-0.047891,0.470514,0.815036,-0.515014,-0.147458,0.066928,0.281072,-0.916941,0.169738,-0.226012
2026-03-27T17:57:09.047198+00:00,20.791678,1774634229047198300,-0.429673,0.288003,0.290654,0.703100,-0.193747,0.661175,0.175804,-0.565084,-0.119166,0.351841,0.320414,-0.046572,0.463140,0.823196,-0.515642,-0.147441,0.066752,0.278743,-0.920437,0.170058,-0.226782
2026-03-27T17:57:09.065369+00:00,20.809849,1774634229065368900,-0.429499,0.288026,0.290421,0.702746,-0.193968,0.661528,0.175322,-0.565410,-0.122516,0.353256,0.308164,-0.046619,0.452822,0.834197,-0.516059,-0.147347,0.066671,0.277294,-0.917385,0.169379,-0.225925
2026-03-27T17:57:09.080748+00:00,20.825228,1774634229080747900,-0.429241,0.288108,0.290352,0.702721,-0.194196,0.661588,0.174829,-0.565821,-0.125841,0.355471,0.295092,-0.044693,0.441429,0.846926,-0.516671,-0.147310,0.066817,0.274246,-0.920681,0.169915,-0.226887
2026-03-27T17:57:09.097850+00:00,20.842330,1774634229097849600,-0.428935,0.288198,0.290311,0.702696,-0.194396,0.661605,0.174545,-0.566495,-0.129227,0.358253,0.280577,-0.040060,0.427188,0.858767,-0.516907,-0.147150,0.066980,0.272246,-0.920396,0.170230,-0.227344
2026-03-27T17:57:09.115093+00:00,20.859573,1774634229115092600,-0.428555,0.288346,0.290446,0.702200,-0.194444,0.662585,0.174417,-0.566936,-0.132568,0.361583,0.265581,-0.033797,0.410951,0.872046,-0.517431,-0.146926,0.067489,0.270564,-0.921721,0.171256,-0.227712
2026-03-27T17:57:09.132646+00:00,20.877126,1774634229132646000,-0.428161,0.288576,0.290679,0.702026,-0.194065,0.662408,0.174067,-0.567717,-0.136154,0.365660,0.245847,-0.026424,0.390644,0.885009,-0.517760,-0.146585,0.068237,0.271174,-0.919752,0.172037,-0.226505
2026-03-27T17:57:09.149693+00:00,20.894173,1774634229149692600,-0.427670,0.288884,0.290988,0.701635,-0.193474,0.663232,0.173760,-0.568242,-0.140177,0.369893,0.221236,-0.019131,0.369093,0.903697,-0.518289,-0.145981,0.069408,0.272119,-0.918514,0.173077,-0.224551
2026-03-27T17:57:09.166787+00:00,20.911267,1774634229166787300,-0.427138,0.289193,0.291574,0.701117,-0.193227,0.664127,0.173453,-0.568575,-0.144602,0.374513,0.196054,-0.012758,0.340550,0.917694,-0.518836,-0.145319,0.070817,0.272417,-0.917910,0.174263,-0.223013
2026-03-27T17:57:09.183869+00:00,20.928349,1774634229183869300,-0.426570,0.289517,0.292202,0.700783,-0.192796,0.664480,0.173146,-0.568519,-0.149554,0.378892,0.168217,-0.007934,0.307604,0.938706,-0.519302,-0.144572,0.072242,0.270665,-0.921621,0.176409,-0.222311
2026-03-27T17:57:09.201082+00:00,20.945562,1774634229201081800,-0.425940,0.289847,0.293028,0.700422,-0.192508,0.664857,0.172841,-0.568552,-0.155326,0.382792,0.141541,-0.004587,0.269621,0.956161,-0.519913,-0.143787,0.073988,0.270298,-0.918436,0.177721,-0.219989
2026-03-27T17:57:09.218101+00:00,20.962581,1774634229218101100,-0.425320,0.290174,0.293772,0.700034,-0.192334,0.665253,0.172583,-0.568021,-0.160313,0.386471,0.117764,-0.001616,0.227990,0.954782,-0.520403,-0.142910,0.075796,0.268263,-0.918581,0.179718,-0.218047
2026-03-27T17:57:09.234817+00:00,20.979297,1774634229234816800,-0.424647,0.290481,0.294659,0.699687,-0.192135,0.666084,0.172557,-0.566937,-0.164723,0.389774,0.097607,0.001572,0.197673,0.953157,-0.520951,-0.141955,0.077832,0.264764,-0.923100,0.182228,-0.217085
2026-03-27T17:57:09.251943+00:00,20.996423,1774634229251943300,-0.424005,0.290812,0.295407,0.699433,-0.191666,0.666833,0.172485,-0.565060,-0.167734,0.393856,0.076878,0.005546,0.181972,0.987563,-0.521261,-0.140885,0.079988,0.263069,-0.921388,0.183676,-0.214638
2026-03-27T17:57:09.269342+00:00,21.013822,1774634229269342400,-0.423306,0.291194,0.296294,0.699587,-0.191239,0.666812,0.172149,-0.563240,-0.170150,0.398578,0.063750,0.008793,0.171898,1.007587,-0.521650,-0.139635,0.082398,0.260019,-0.925293,0.186259,-0.213043
2026-03-27T17:57:09.286475+00:00,21.030955,1774634229286474800,-0.422841,0.291393,0.296723,0.699936,-0.190858,0.666758,0.171801,-0.561157,-0.170975,0.404463,0.060191,0.011902,0.165863,1.000000,-0.521756,-0.138279,0.084923,0.259953,-0.921271,0.188311,-0.209111
2026-03-27T17:57:09.304456+00:00,21.048936,1774634229304455800,-0.422162,0.291755,0.297520,0.700517,-0.190520,0.666361,0.171344,-0.558929,-0.171393,0.410986,0.055625,0.015625,0.161217,1.003650,-0.522067,-0.136771,0.087656,0.258677,-0.921700,0.191261,-0.205989
2026-03-27T17:57:09.320868+00:00,21.065348,1774634229320867700,-0.421487,0.292180,0.298152,0.701664,-0.190608,0.664572,0.170850,-0.556691,-0.170964,0.418924,0.061972,0.022614,0.167080,0.990392,-0.521958,-0.135409,0.090465,0.259039,-0.921748,0.194965,-0.202400
2026-03-27T17:57:09.337718+00:00,21.082198,1774634229337717900,-0.420930,0.292350,0.298777,0.702158,-0.191230,0.664504,0.170604,-0.554290,-0.169870,0.427556,0.066585,0.028851,0.170196,0.971137,-0.521947,-0.134218,0.093454,0.258118,-0.926903,0.198531,-0.200016
2026-03-27T17:57:09.354860+00:00,21.099340,1774634229354860400,-0.420425,0.292493,0.299260,0.703001,-0.191803,0.663173,0.170159,-0.551823,-0.168399,0.436722,0.065886,0.038172,0.189560,1.032108,-0.521883,-0.133173,0.096662,0.259102,-0.925567,0.200248,-0.195605
2026-03-27T17:57:09.371852+00:00,21.116332,1774634229371852000,-0.419873,0.292538,0.299909,0.703315,-0.192719,0.662803,0.170105,-0.549248,-0.166944,0.446971,0.074329,0.042016,0.183116,0.946942,-0.521890,-0.132494,0.100136,0.260317,-0.923327,0.201292,-0.189331
2026-03-27T17:57:09.388880+00:00,21.133360,1774634229388879700,-0.419363,0.292570,0.300464,0.703692,-0.193769,0.662513,0.170028,-0.546631,-0.165151,0.457465,0.072563,0.052162,0.202033,0.996312,-0.522072,-0.132231,0.103644,0.260283,-0.925349,0.202674,-0.182725
2026-03-27T17:57:09.405983+00:00,21.150463,1774634229405983300,-0.418820,0.292545,0.301225,0.703945,-0.194674,0.662020,0.169863,-0.543732,-0.163488,0.468942,0.078990,0.057445,0.198719,0.936890,-0.522406,-0.132172,0.107414,0.260741,-0.926353,0.203382,-0.175186
2026-03-27T17:57:09.422896+00:00,21.167376,1774634229422896100,-0.418425,0.292593,0.301854,0.703779,-0.195633,0.661826,0.169587,-0.540575,-0.161907,0.480695,0.078455,0.068431,0.212321,0.961274,-0.522807,-0.132536,0.111200,0.260652,-0.931370,0.203811,-0.167903
2026-03-27T17:57:09.439894+00:00,21.184375,1774634229439894500,-0.417924,0.292618,0.302760,0.703438,-0.196537,0.661622,0.169135,-0.537209,-0.160181,0.492579,0.076242,0.083418,0.227399,0.995161,-0.523219,-0.133025,0.115134,0.261957,-0.931103,0.203285,-0.160042
2026-03-27T17:57:09.456779+00:00,21.201259,1774634229456778700,-0.417247,0.292626,0.303942,0.702535,-0.197761,0.662588,0.168667,-0.533624,-0.158633,0.504478,0.080042,0.091504,0.223243,0.941386,-0.523605,-0.134125,0.119049,0.264138,-0.932393,0.203037,-0.152790
2026-03-27T17:57:09.473749+00:00,21.218229,1774634229473749200,-0.416754,0.292593,0.305138,0.701818,-0.198866,0.662717,0.168090,-0.529447,-0.157155,0.516947,0.076791,0.106806,0.237834,0.960117,-0.524008,-0.135372,0.122976,0.266100,-0.933639,0.202467,-0.145352
2026-03-27T17:57:09.495713+00:00,21.240193,1774634229495712800,-0.416250,0.292435,0.306913,0.698918,-0.201225,0.665508,0.167898,-0.523806,-0.155268,0.532672,0.072378,0.126671,0.259433,0.986105,-0.524529,-0.137785,0.127684,0.271112,-0.934267,0.199981,-0.135965
2026-03-27T17:57:09.512419+00:00,21.256899,1774634229512419400,-0.416017,0.292098,0.308598,0.696676,-0.203185,0.667303,0.167993,-0.519713,-0.153657,0.544200,0.070494,0.139828,0.272706,0.988439,-0.524834,-0.139877,0.131209,0.275582,-0.932368,0.196823,-0.129252
2026-03-27T17:57:09.528994+00:00,21.273474,1774634229528993600,-0.415821,0.291661,0.310241,0.693981,-0.204930,0.669180,0.168268,-0.515803,-0.152306,0.554940,0.075723,0.140504,0.261876,0.910959,-0.525008,-0.141866,0.134332,0.278409,-0.932523,0.194947,-0.124013
2026-03-27T17:57:09.546105+00:00,21.290585,1774634229546104600,-0.415671,0.291125,0.312096,0.691202,-0.207075,0.671408,0.168844,-0.511259,-0.151026,0.566402,0.072050,0.159511,0.284811,0.951276,-0.525102,-0.143899,0.137333,0.281069,-0.930036,0.193417,-0.119665
2026-03-27T17:57:09.563154+00:00,21.307634,1774634229563153900,-0.415525,0.290569,0.313952,0.688388,-0.209043,0.673678,0.169719,-0.506736,-0.149890,0.577470,0.074080,0.167741,0.287189,0.922062,-0.525100,-0.145902,0.139951,0.281020,-0.934545,0.193901,-0.117725
2026-03-27T17:57:09.580617+00:00,21.325097,1774634229580617000,-0.415401,0.290056,0.315959,0.685549,-0.210700,0.675509,0.170448,-0.502459,-0.149669,0.587112,0.072322,0.190803,0.308878,0.955201,-0.524953,-0.147910,0.142276,0.283735,-0.929800,0.193481,-0.115885
2026-03-27T17:57:09.597313+00:00,21.341793,1774634229597313000,-0.415355,0.289622,0.317901,0.682916,-0.212037,0.677648,0.171220,-0.498033,-0.149570,0.596225,0.072371,0.210417,0.320844,0.962761,-0.524832,-0.149852,0.144091,0.286522,-0.930632,0.194626,-0.115748
2026-03-27T17:57:09.614916+00:00,21.359396,1774634229614915500,-0.415324,0.289288,0.319995,0.680323,-0.213072,0.679759,0.171847,-0.493529,-0.150156,0.605153,0.072943,0.226783,0.324191,0.952104,-0.524494,-0.151808,0.145579,0.291675,-0.931314,0.195744,-0.116160
2026-03-27T17:57:09.631901+00:00,21.376381,1774634229631901000,-0.415266,0.289033,0.321910,0.678033,-0.213899,0.681608,0.172397,-0.489452,-0.150872,0.613232,0.076513,0.222787,0.301361,0.877407,-0.524135,-0.153781,0.146388,0.300028,-0.928604,0.195392,-0.116105
2026-03-27T17:57:09.648954+00:00,21.393434,1774634229648954300,-0.415217,0.288880,0.323821,0.676175,-0.214386,0.683156,0.172586,-0.485932,-0.152432,0.619769,0.067776,0.237135,0.308929,0.899527,-0.523686,-0.155847,0.146754,0.309949,-0.921468,0.193071,-0.114602
2026-03-27T17:57:09.665917+00:00,21.410397,1774634229665916700,-0.415142,0.288782,0.325699,0.674339,-0.214970,0.684980,0.172760,-0.482567,-0.154115,0.626380,0.061207,0.243779,0.308113,0.894119,-0.523195,-0.157948,0.147059,0.316957,-0.920193,0.191780,-0.113615
2026-03-27T17:57:09.682940+00:00,21.427420,1774634229682940200,-0.415068,0.288712,0.327582,0.672684,-0.215508,0.686637,0.172967,-0.479794,-0.156281,0.631227,0.051806,0.260901,0.329003,0.947018,-0.522701,-0.160109,0.147089,0.319863,-0.921384,0.190098,-0.113233
2026-03-27T17:57:09.700161+00:00,21.444641,1774634229700161300,-0.414992,0.288657,0.329483,0.671434,-0.215640,0.687373,0.173336,-0.477155,-0.158444,0.635721,0.054110,0.232496,0.294855,0.835656,-0.522106,-0.162317,0.146954,0.323121,-0.918983,0.187422,-0.113047
2026-03-27T17:57:09.724242+00:00,21.468722,1774634229724242400,-0.414865,0.288546,0.332227,0.669067,-0.216087,0.689723,0.174296,-0.473798,-0.161541,0.640889,0.049880,0.230769,0.302814,0.827804,-0.521249,-0.165344,0.146462,0.323507,-0.919012,0.183596,-0.115202
2026-03-27T17:57:09.739100+00:00,21.483580,1774634229739100100,-0.414778,0.288483,0.333948,0.667685,-0.216225,0.690856,0.174945,-0.471911,-0.163380,0.643653,0.047497,0.226925,0.306923,0.817002,-0.520652,-0.167140,0.145892,0.323747,-0.919222,0.181112,-0.116804
2026-03-27T17:57:09.756099+00:00,21.500579,1774634229756098900,-0.414714,0.288455,0.335902,0.666551,-0.215926,0.691131,0.175670,-0.469958,-0.165591,0.645593,0.040993,0.226261,0.322996,0.831648,-0.519948,-0.168859,0.144927,0.323572,-0.922478,0.178615,-0.120341
2026-03-27T17:57:09.773264+00:00,21.517744,1774634229773263700,-0.414629,0.288414,0.337836,0.664798,-0.215707,0.692937,0.176593,-0.468051,-0.167879,0.647139,0.032240,0.239604,0.359415,0.900560,-0.519410,-0.170359,0.143862,0.323321,-0.922693,0.176814,-0.123454
2026-03-27T17:57:09.790133+00:00,21.534613,1774634229790132700,-0.414535,0.288369,0.339721,0.663840,-0.215343,0.693564,0.177187,-0.466382,-0.170394,0.647539,0.030180,0.204150,0.319999,0.791942,-0.518962,-0.171567,0.142955,0.323281,-0.919818,0.175123,-0.125258
2026-03-27T17:57:09.807235+00:00,21.551714,1774634229807234500,-0.414460,0.288342,0.341577,0.662184,-0.215143,0.695729,0.178013,-0.464850,-0.172971,0.647822,0.009802,0.506123,0.826198,2.022473,-0.518450,-0.172652,0.142132,0.323530,-0.920628,0.174302,-0.127324
2026-03-27T17:57:09.824249+00:00,21.568729,1774634229824249300,-0.414415,0.288340,0.343346,0.661539,-0.214616,0.695864,0.178678,-0.463109,-0.175514,0.647849,0.000001,3916.248679,6607.063115,16070.645303,-0.518037,-0.173481,0.141465,0.324764,-0.920065,0.174544,-0.128618
2026-03-27T17:57:09.841224+00:00,21.585704,1774634229841223800,-0.414367,0.288338,0.345048,0.660468,-0.214105,0.696938,0.179346,-0.461462,-0.178023,0.647325,0.000001,2949.893475,5128.957331,12432.791293,-0.517543,-0.174238,0.140952,0.325347,-0.920822,0.176098,-0.129310
2026-03-27T17:57:09.858412+00:00,21.602892,1774634229858412000,-0.414318,0.288353,0.346697,0.659365,-0.213557,0.698058,0.180155,-0.459760,-0.180422,0.646572,0.020637,0.105338,0.187208,0.454519,-0.517357,-0.174646,0.140782,0.327475,-0.917856,0.175988,-0.130285
2026-03-27T17:57:09.875423+00:00,21.619904,1774634229875423600,-0.414322,0.288420,0.348190,0.658943,-0.212726,0.698490,0.180809,-0.457887,-0.182628,0.645513,0.000001,1652.821898,2969.205379,7242.351770,-0.516978,-0.175137,0.140664,0.328048,-0.917369,0.176202,-0.131241
2026-03-27T17:57:09.892484+00:00,21.636964,1774634229892483800,-0.414331,0.288494,0.349594,0.658568,-0.211868,0.698857,0.181549,-0.456000,-0.184569,0.644525,0.015818,0.078869,0.141366,0.346313,-0.516439,-0.175508,0.140572,0.327442,-0.919857,0.176413,-0.132934
2026-03-27T17:57:09.910494+00:00,21.654974,1774634229910493900,-0.414396,0.288536,0.350831,0.658052,-0.211434,0.699335,0.182438,-0.454000,-0.186324,0.643562,0.000001,598.773360,1064.911485,2629.470080,-0.515855,-0.175737,0.140536,0.328341,-0.917750,0.176281,-0.134535
2026-03-27T17:57:09.927664+00:00,21.672144,1774634229927664300,-0.414442,0.288533,0.351895,0.658493,-0.211078,0.698405,0.183232,-0.451979,-0.187805,0.642784,0.021295,-0.005572,-0.009674,-0.024162,-0.515337,-0.175681,0.140508,0.329924,-0.915432,0.176694,-0.136132
2026-03-27T17:57:09.945489+00:00,21.689969,1774634229945489200,-0.414605,0.288441,0.352842,0.658562,-0.210934,0.698120,0.184238,-0.450033,-0.189162,0.642090,0.021479,-0.028297,-0.047750,-0.120945,-0.514772,-0.175651,0.140619,0.330523,-0.917125,0.177917,-0.137733
2026-03-27T17:57:09.961015+00:00,21.705495,1774634229961015300,-0.414617,0.288419,0.353479,0.658462,-0.211279,0.698435,0.185574,-0.448224,-0.190182,0.641674,0.000001,-882.297754,-1432.918012,-3693.182021,-0.514373,-0.175618,0.140880,0.332853,-0.913391,0.178212,-0.138139
2026-03-27T17:57:09.978225+00:00,21.722705,1774634229978225300,-0.414615,0.288383,0.354221,0.658703,-0.211192,0.697674,0.186553,-0.446519,-0.191301,0.641180,0.000001,-1223.549247,-1931.421459,-5033.470690,-0.513962,-0.175524,0.141070,0.333191,-0.915975,0.179610,-0.139287
2026-03-27T17:57:09.995387+00:00,21.739867,1774634229995386500,-0.414699,0.288261,0.355145,0.658938,-0.211095,0.696930,0.187346,-0.445112,-0.192272,0.640868,0.020514,-0.074847,-0.115633,-0.304089,-0.513707,-0.175393,0.141298,0.333856,-0.916159,0.180370,-0.139920
2026-03-27T17:57:10.012460+00:00,21.756940,1774634230012460100,-0.414750,0.288170,0.355785,0.658675,-0.210976,0.697217,0.188269,-0.443992,-0.193518,0.640326,0.017038,-0.101526,-0.153073,-0.408436,-0.513478,-0.175404,0.141475,0.334356,-0.915293,0.180169,-0.140484
2026-03-27T17:57:10.029431+00:00,21.773911,1774634230029431100,-0.414733,0.288143,0.356437,0.658550,-0.210685,0.697382,0.188704,-0.443183,-0.194672,0.639884,0.022322,-0.095805,-0.140887,-0.382862,-0.513331,-0.175444,0.141701,0.333807,-0.916029,0.179666,-0.141269
2026-03-27T17:57:10.046661+00:00,21.791141,1774634230046661400,-0.414684,0.288162,0.356971,0.657974,-0.210409,0.697999,0.188993,-0.442582,-0.196090,0.639244,0.002408,-1.145320,-1.649452,-4.572593,-0.513225,-0.175521,0.141819,0.333598,-0.914494,0.177979,-0.141798
2026-03-27T17:57:10.063458+00:00,21.807938,1774634230063458100,-0.414628,0.288235,0.357352,0.657847,-0.209961,0.698173,0.189096,-0.442488,-0.197428,0.638637,0.024455,-0.146610,-0.207770,-0.588694,-0.513192,-0.175664,0.141902,0.332654,-0.916316,0.176627,-0.142563
2026-03-27T17:57:10.080536+00:00,21.825016,1774634230080535700,-0.414624,0.288217,0.357622,0.657694,-0.209568,0.698334,0.188895,-0.442542,-0.198826,0.637899,0.010363,-0.421455,-0.589480,-1.707137,-0.513196,-0.175925,0.141910,0.333073,-0.913625,0.174741,-0.142551
2026-03-27T17:57:10.097534+00:00,21.842014,1774634230097534000,-0.414404,0.288366,0.358093,0.657705,-0.209210,0.698392,0.188699,-0.442785,-0.200139,0.636992,0.020106,-0.261078,-0.363309,-1.075237,-0.513210,-0.176180,0.141843,0.331678,-0.916683,0.174049,-0.143521
2026-03-27T17:57:10.114842+00:00,21.859322,1774634230114841800,-0.414149,0.288585,0.358336,0.657575,-0.208865,0.698999,0.188611,-0.443622,-0.201569,0.635957,0.017780,-0.328762,-0.451945,-1.375294,-0.513247,-0.176402,0.141820,0.331103,-0.916596,0.172443,-0.143526
2026-03-27T17:57:10.131774+00:00,21.876254,1774634230131774300,-0.413890,0.288817,0.358494,0.657766,-0.208476,0.698846,0.188266,-0.444954,-0.202980,0.634635,0.018798,-0.328695,-0.450388,-1.407229,-0.513250,-0.176590,0.141871,0.329619,-0.918512,0.172515,-0.143915
2026-03-27T17:57:10.149204+00:00,21.893684,1774634230149203900,-0.413726,0.289061,0.358571,0.657530,-0.208024,0.699638,0.187994,-0.446371,-0.204394,0.633153,0.034864,-0.188134,-0.256832,-0.823036,-0.513271,-0.176727,0.141760,0.328762,-0.918917,0.171985,-0.143980
2026-03-27T17:57:10.167124+00:00,21.911604,1774634230167123600,-0.413557,0.289316,0.358604,0.657785,-0.207555,0.699418,0.187428,-0.447782,-0.205729,0.631460,0.028172,-0.242822,-0.330558,-1.086637,-0.513254,-0.176817,0.141810,0.329810,-0.915567,0.171370,-0.143056
2026-03-27T17:57:10.183272+00:00,21.927752,1774634230183272000,-0.413361,0.289513,0.358667,0.658202,-0.207140,0.699236,0.186988,-0.449246,-0.206679,0.629343,0.028043,-0.234336,-0.315805,-1.071960,-0.513238,-0.176916,0.141797,0.328899,-0.917812,0.171470,-0.143499
2026-03-27T17:57:10.200078+00:00,21.944558,1774634230200078500,-0.413282,0.289687,0.358654,0.658384,-0.206971,0.699055,0.186552,-0.450683,-0.207327,0.627110,0.038449,-0.167143,-0.227182,-0.784067,-0.513232,-0.177004,0.141761,0.328931,-0.917093,0.171471,-0.143409
2026-03-27T17:57:10.217074+00:00,21.961554,1774634230217074000,-0.413304,0.289785,0.358555,0.658605,-0.207099,0.699393,0.186454,-0.452371,-0.208074,0.624754,0.036972,-0.165789,-0.228581,-0.799005,-0.513226,-0.177079,0.141730,0.328959,-0.917238,0.171663,-0.143388
2026-03-27T17:57:10.234313+00:00,21.978793,1774634230234312700,-0.413276,0.289878,0.358508,0.659242,-0.206971,0.698202,0.186108,-0.453920,-0.208832,0.622222,0.036895,-0.155824,-0.218641,-0.769769,-0.513216,-0.177182,0.141695,0.328917,-0.918220,0.171930,-0.143712
2026-03-27T17:57:10.251422+00:00,21.995902,1774634230251421700,-0.413331,0.289914,0.358359,0.659804,-0.206906,0.697630,0.186202,-0.455263,-0.209449,0.619777,0.024661,-0.211142,-0.298550,-1.059327,-0.513180,-0.177234,0.141659,0.329018,-0.918201,0.171814,-0.143733
2026-03-27T17:57:10.268481+00:00,22.012961,1774634230268481200,-0.413376,0.289929,0.358222,0.659882,-0.206851,0.698059,0.186442,-0.456532,-0.209940,0.617600,0.031943,-0.145269,-0.207066,-0.736046,-0.513205,-0.177342,0.141638,0.328898,-0.918762,0.171927,-0.143704
2026-03-27T17:57:10.285891+00:00,22.030371,1774634230285890600,-0.413441,0.289942,0.358014,0.660377,-0.206662,0.697551,0.186808,-0.457319,-0.210220,0.615372,0.013470,-0.295421,-0.421842,-1.505869,-0.513172,-0.177376,0.141610,0.328912,-0.918775,0.172167,-0.143497
2026-03-27T17:57:10.302977+00:00,22.047457,1774634230302977000,-0.413459,0.289976,0.357852,0.661157,-0.206149,0.696762,0.186916,-0.457924,-0.210417,0.613471,0.023742,-0.141254,-0.204655,-0.723449,-0.513157,-0.177493,0.141601,0.328913,-0.918712,0.172280,-0.143160
2026-03-27T17:57:10.320213+00:00,22.064693,1774634230320213300,-0.413617,0.290025,0.357617,0.661820,-0.205569,0.696112,0.187290,-0.458661,-0.210718,0.611896,0.021799,-0.124948,-0.187043,-0.647642,-0.513136,-0.177550,0.141582,0.328863,-0.918628,0.172418,-0.142852
2026-03-27T17:57:10.337044+00:00,22.081524,1774634230337044000,-0.413824,0.290115,0.357248,0.663145,-0.204826,0.695317,0.187642,-0.459042,-0.210965,0.610571,0.017998,-0.111680,-0.175077,-0.588694,-0.513132,-0.177608,0.141573,0.328758,-0.918031,0.172655,-0.142418
2026-03-27T17:57:10.355976+00:00,22.100456,1774634230355976300,-0.414072,0.290321,0.356708,0.665275,-0.203557,0.693237,0.187984,-0.459683,-0.211148,0.609471,0.018305,-0.054032,-0.089364,-0.289880,-0.513124,-0.177653,0.141582,0.328754,-0.917229,0.172764,-0.141438
2026-03-27T17:57:10.372310+00:00,22.116790,1774634230372310000,-0.414229,0.290555,0.356120,0.667374,-0.202331,0.691485,0.188199,-0.459634,-0.210875,0.608634,0.007566,0.042436,0.072794,0.229146,-0.513093,-0.177726,0.141592,0.328050,-0.917776,0.172331,-0.140621
2026-03-27T17:57:10.389250+00:00,22.133730,1774634230389249900,-0.414463,0.290813,0.355389,0.669966,-0.201141,0.689608,0.188490,-0.459730,-0.210754,0.608018,0.000001,1796.022058,3190.889955,9760.789573,-0.513152,-0.177735,0.141596,0.326109,-0.920542,0.172266,-0.139998
2026-03-27T17:57:10.406295+00:00,22.150775,1774634230406294500,-0.414667,0.291118,0.354613,0.672806,-0.199755,0.687000,0.188438,-0.459775,-0.210627,0.607486,0.016538,0.210228,0.381426,1.146875,-0.513322,-0.177774,0.141611,0.324442,-0.918280,0.170973,-0.138039
2026-03-27T17:57:10.423022+00:00,22.167502,1774634230423021500,-0.414893,0.291418,0.353712,0.676171,-0.198628,0.683934,0.188415,-0.459604,-0.210070,0.607340,0.023069,0.222588,0.402300,1.216501,-0.513673,-0.177735,0.141623,0.319943,-0.921186,0.170155,-0.136522
2026-03-27T17:57:10.440120+00:00,22.184600,1774634230440120400,-0.415128,0.291762,0.352917,0.679623,-0.197406,0.680973,0.188118,-0.459510,-0.208858,0.607216,0.040786,0.150615,0.269732,0.812499,-0.514164,-0.177613,0.141530,0.313517,-0.923982,0.169730,-0.133416
2026-03-27T17:57:10.457166+00:00,22.201646,1774634230457165900,-0.415429,0.292071,0.352104,0.682586,-0.196271,0.678526,0.187947,-0.459530,-0.207375,0.607306,0.038940,0.181693,0.326748,0.981974,-0.514712,-0.177352,0.141548,0.305607,-0.926657,0.169392,-0.131430
2026-03-27T17:57:10.474223+00:00,22.218703,1774634230474223200,-0.415720,0.292365,0.351409,0.685487,-0.195267,0.675793,0.187729,-0.459408,-0.205429,0.607427,0.046676,0.171677,0.310354,0.928052,-0.515294,-0.177145,0.141548,0.296971,-0.932399,0.168944,-0.128800
2026-03-27T17:57:10.491102+00:00,22.235582,1774634230491102300,-0.416093,0.292552,0.350825,0.687838,-0.194272,0.673479,0.187774,-0.459527,-0.203371,0.608090,0.055324,0.163132,0.295546,0.879816,-0.516134,-0.176424,0.141089,0.291534,-0.931590,0.167975,-0.127226
2026-03-27T17:57:10.508296+00:00,22.252776,1774634230508296500,-0.416662,0.292622,0.350335,0.689531,-0.193841,0.672279,0.188149,-0.459502,-0.200686,0.609044,0.057454,0.176201,0.322953,0.953897,-0.516720,-0.175141,0.140508,0.286410,-0.932627,0.169111,-0.127088
2026-03-27T17:57:10.525402+00:00,22.269882,1774634230525402200,-0.417179,0.292679,0.350031,0.691117,-0.193321,0.670692,0.188538,-0.459983,-0.197859,0.610245,0.067079,0.166816,0.313048,0.911612,-0.517407,-0.173482,0.139821,0.281792,-0.937034,0.172912,-0.128078
2026-03-27T17:57:10.542174+00:00,22.286654,1774634230542174300,-0.417894,0.292694,0.349799,0.692665,-0.192626,0.668695,0.188825,-0.460555,-0.194394,0.611929,0.076593,0.160891,0.313200,0.893023,-0.518099,-0.171443,0.138802,0.279504,-0.937495,0.177169,-0.129193
2026-03-27T17:57:10.559144+00:00,22.303624,1774634230559143900,-0.418590,0.292692,0.349678,0.693123,-0.192058,0.668724,0.189218,-0.461406,-0.190832,0.613909,0.082237,0.164029,0.333838,0.927373,-0.518924,-0.169085,0.137697,0.279685,-0.931524,0.181148,-0.129726
2026-03-27T17:57:10.576298+00:00,22.320778,1774634230576298200,-0.419338,0.292670,0.349631,0.693562,-0.191457,0.668271,0.189607,-0.462150,-0.186764,0.616368,0.094215,0.155286,0.333261,0.895156,-0.519916,-0.166492,0.136290,0.277428,-0.935312,0.187344,-0.131640
2026-03-27T17:57:10.606154+00:00,22.350635,1774634230606154600,-0.420694,0.292505,0.349599,0.694265,-0.190750,0.667521,0.190321,-0.464040,-0.179966,0.620930,0.106341,0.154486,0.362221,0.919672,-0.522067,-0.161589,0.133520,0.275578,-0.933823,0.198025,-0.134759
2026-03-27T17:57:10.623401+00:00,22.367881,1774634230623401300,-0.421429,0.292520,0.349565,0.694620,-0.190417,0.666661,0.190997,-0.465387,-0.176072,0.623640,0.113385,0.152738,0.370900,0.908186,-0.523885,-0.158596,0.131422,0.277815,-0.927165,0.202269,-0.139211
2026-03-27T17:57:10.640363+00:00,22.384842,1774634230640362400,-0.422049,0.292364,0.349567,0.694397,-0.190228,0.666839,0.191895,-0.466655,-0.172217,0.626466,0.120187,0.149614,0.383333,0.899341,-0.525826,-0.155889,0.129452,0.277979,-0.929422,0.208095,-0.143791
2026-03-27T17:57:10.657546+00:00,22.402026,1774634230657545500,-0.422792,0.292113,0.349570,0.694180,-0.190114,0.667011,0.192719,-0.468286,-0.168597,0.629618,0.127495,0.145445,0.395399,0.888831,-0.528274,-0.153490,0.127458,0.279189,-0.924787,0.211663,-0.146158
2026-03-27T17:57:10.674445+00:00,22.418925,1774634230674444700,-0.423328,0.291862,0.349569,0.693955,-0.190331,0.667208,0.193287,-0.470040,-0.165239,0.632844,0.133986,0.142194,0.410842,0.886127,-0.531098,-0.151658,0.125713,0.277427,-0.926930,0.215632,-0.148285
2026-03-27T17:57:10.691424+00:00,22.435904,1774634230691423900,-0.423818,0.291635,0.349632,0.693753,-0.190859,0.667108,0.193520,-0.471682,-0.162349,0.636098,0.139793,0.140868,0.424984,0.881997,-0.534370,-0.150423,0.124147,0.277699,-0.922257,0.216685,-0.150007
2026-03-27T17:57:10.708308+00:00,22.452787,1774634230708307400,-0.424369,0.291408,0.349580,0.693538,-0.191356,0.666772,0.193325,-0.473352,-0.159716,0.639277,0.144785,0.139387,0.434707,0.873142,-0.537615,-0.149450,0.122677,0.276360,-0.925170,0.218943,-0.153288
2026-03-27T17:57:10.725311+00:00,22.469791,1774634230725311000,-0.424753,0.291192,0.349648,0.693052,-0.192431,0.667780,0.192863,-0.475227,-0.157475,0.642563,0.147606,0.139099,0.443833,0.867344,-0.541139,-0.149088,0.121660,0.276782,-0.925074,0.219569,-0.155704
2026-03-27T17:57:10.742424+00:00,22.486905,1774634230742424500,-0.425217,0.291025,0.349546,0.692969,-0.193232,0.667386,0.192091,-0.476908,-0.155485,0.645392,0.147085,0.141076,0.456061,0.872267,-0.545001,-0.149002,0.120808,0.279352,-0.919085,0.218592,-0.156063
2026-03-27T17:57:10.759611+00:00,22.504092,1774634230759611500,-0.425535,0.290894,0.349414,0.692938,-0.194005,0.667420,0.191444,-0.478775,-0.153733,0.648118,0.148392,0.141104,0.457511,0.862676,-0.549194,-0.149226,0.120292,0.281173,-0.920583,0.218913,-0.156532
2026-03-27T17:57:10.776514+00:00,22.520994,1774634230776514400,-0.425903,0.290827,0.349245,0.693041,-0.194340,0.667330,0.190786,-0.480552,-0.152137,0.650461,0.149835,0.141452,0.458189,0.855031,-0.553724,-0.149850,0.119976,0.283531,-0.920321,0.218281,-0.155597
2026-03-27T17:57:10.793736+00:00,22.538216,1774634230793736200,-0.426269,0.290823,0.349050,0.693280,-0.194609,0.667180,0.190166,-0.482199,-0.150647,0.652093,0.149188,0.144318,0.467515,0.869610,-0.558544,-0.151265,0.119890,0.285329,-0.922360,0.216904,-0.154256
2026-03-27T17:57:10.812591+00:00,22.557071,1774634230812590600,-0.426497,0.290880,0.348806,0.694121,-0.194358,0.666353,0.189538,-0.483992,-0.149119,0.653624,0.152377,0.143827,0.467228,0.866887,-0.563789,-0.153169,0.120020,0.288063,-0.921993,0.214116,-0.152169
2026-03-27T17:57:10.829485+00:00,22.573965,1774634230829485400,-0.426735,0.290894,0.348595,0.694789,-0.194259,0.666153,0.188838,-0.485864,-0.147807,0.654892,0.156785,0.141016,0.460797,0.854623,-0.568752,-0.155362,0.120224,0.291708,-0.920200,0.210671,-0.149161
2026-03-27T17:57:10.847162+00:00,22.591642,1774634230847161600,-0.426862,0.290920,0.348403,0.695582,-0.194207,0.665855,0.188106,-0.487537,-0.146675,0.655748,0.157986,0.141114,0.463213,0.858555,-0.573694,-0.157716,0.120875,0.295137,-0.919734,0.207443,-0.145861
2026-03-27T17:57:10.863582+00:00,22.608062,1774634230863582100,-0.427191,0.291060,0.347927,0.696488,-0.194334,0.665333,0.187254,-0.489035,-0.145773,0.656320,0.160113,0.140224,0.463065,0.854775,-0.578296,-0.160304,0.121826,0.297487,-0.919898,0.203963,-0.140770
2026-03-27T17:57:10.880681+00:00,22.625161,1774634230880680700,-0.427517,0.291281,0.347557,0.697718,-0.194134,0.663664,0.186157,-0.490556,-0.144900,0.656905,0.160909,0.140722,0.468204,0.859884,-0.582949,-0.163158,0.122878,0.297124,-0.925683,0.201398,-0.136433
2026-03-27T17:57:10.897723+00:00,22.642203,1774634230897723200,-0.427769,0.291480,0.347202,0.698496,-0.194033,0.663384,0.185326,-0.491979,-0.144240,0.657401,0.162048,0.141133,0.473513,0.863291,-0.587233,-0.166075,0.124025,0.298469,-0.923685,0.196474,-0.131108
2026-03-27T17:57:10.914738+00:00,22.659218,1774634230914738100,-0.428086,0.291698,0.346831,0.699317,-0.193805,0.663067,0.184465,-0.493288,-0.143727,0.657701,0.164923,0.139604,0.472541,0.854183,-0.591420,-0.169078,0.125355,0.298567,-0.925869,0.192166,-0.125412
2026-03-27T17:57:10.931809+00:00,22.676289,1774634230931808700,-0.428380,0.291956,0.346438,0.700587,-0.193478,0.661840,0.183442,-0.494433,-0.143417,0.657983,0.166608,0.139028,0.473660,0.848506,-0.595294,-0.172049,0.126696,0.296804,-0.929800,0.188021,-0.119231
2026-03-27T17:57:10.948910+00:00,22.693391,1774634230948910600,-0.428715,0.292209,0.346045,0.701370,-0.193211,0.661081,0.182421,-0.495437,-0.143235,0.658106,0.166485,0.139263,0.477737,0.849345,-0.599010,-0.174937,0.128082,0.294535,-0.931413,0.183991,-0.113275
2026-03-27T17:57:10.966275+00:00,22.710755,1774634230966275100,-0.429092,0.292451,0.345644,0.702142,-0.193306,0.660796,0.181170,-0.496241,-0.143172,0.658234,0.166016,0.139463,0.481654,0.851807,-0.602253,-0.177583,0.129278,0.292867,-0.933168,0.180162,-0.108490
2026-03-27T17:57:10.983152+00:00,22.727632,1774634230983151700,-0.429495,0.292691,0.345235,0.702937,-0.193368,0.660506,0.179878,-0.496898,-0.143238,0.658330,0.166020,0.138674,0.483540,0.851003,-0.605311,-0.179973,0.130422,0.293686,-0.933902,0.176533,-0.103299
2026-03-27T17:57:11.000215+00:00,22.744695,1774634231000214500,-0.429992,0.292939,0.344832,0.703507,-0.193205,0.660138,0.178537,-0.497466,-0.143311,0.658349,0.167023,0.136894,0.481520,0.845871,-0.608141,-0.181962,0.131233,0.294964,-0.933947,0.174358,-0.097186
2026-03-27T17:57:11.017406+00:00,22.761886,1774634231017405700,-0.430470,0.293166,0.344458,0.704044,-0.193376,0.659925,0.177234,-0.498045,-0.143418,0.658389,0.165964,0.136783,0.485162,0.850994,-0.610882,-0.184002,0.132121,0.294948,-0.936590,0.172485,-0.090317
2026-03-27T17:57:11.036472+00:00,22.780952,1774634231036471700,-0.431170,0.293373,0.344030,0.704580,-0.193462,0.660026,0.175975,-0.498228,-0.143471,0.658408,0.166198,0.136204,0.484484,0.850775,-0.613816,-0.186192,0.133037,0.296042,-0.937299,0.169376,-0.083055
2026-03-27T17:57:11.053336+00:00,22.797816,1774634231053335600,-0.431685,0.293506,0.343739,0.705225,-0.193433,0.659039,0.175156,-0.498293,-0.143687,0.658408,0.167424,0.135138,0.481829,0.846458,-0.615694,-0.187195,0.133076,0.297330,-0.936548,0.169573,-0.081210
2026-03-27T17:57:11.070405+00:00,22.814885,1774634231070404900,-0.432279,0.293544,0.343499,0.705894,-0.193525,0.658390,0.174206,-0.498301,-0.143914,0.658414,0.166806,0.135693,0.484998,0.853489,-0.617682,-0.188339,0.133364,0.297938,-0.934398,0.169503,-0.078394
2026-03-27T17:57:11.087337+00:00,22.831817,1774634231087337500,-0.433111,0.293625,0.343056,0.706099,-0.193730,0.658662,0.173387,-0.498303,-0.144104,0.658546,0.168070,0.134784,0.482942,0.850855,-0.619563,-0.189129,0.133506,0.298168,-0.934690,0.170461,-0.076865
2026-03-27T17:57:11.104441+00:00,22.848921,1774634231104441300,-0.433943,0.293713,0.342713,0.706603,-0.193758,0.658318,0.172607,-0.498372,-0.144341,0.658651,0.170291,0.132890,0.477138,0.841601,-0.621453,-0.189756,0.133508,0.298249,-0.937493,0.172121,-0.075633
2026-03-27T17:57:11.121793+00:00,22.866273,1774634231121792800,-0.434882,0.293826,0.342285,0.707003,-0.193785,0.658297,0.172297,-0.498442,-0.144628,0.658781,0.169518,0.133203,0.479569,0.847277,-0.623453,-0.190293,0.133472,0.299852,-0.935949,0.173049,-0.073773
2026-03-27T17:57:11.138534+00:00,22.883014,1774634231138533600,-0.435704,0.293854,0.341957,0.707700,-0.193713,0.657163,0.171740,-0.498604,-0.144920,0.658967,0.167816,0.134028,0.483573,0.855228,-0.625415,-0.190836,0.133322,0.301166,-0.935473,0.174033,-0.072042
2026-03-27T17:57:11.155573+00:00,22.900053,1774634231155573300,-0.436564,0.293813,0.341613,0.707983,-0.194137,0.656736,0.171656,-0.498892,-0.145260,0.659084,0.169189,0.132159,0.477208,0.844775,-0.627489,-0.191361,0.133088,0.304934,-0.933667,0.174082,-0.069273
2026-03-27T17:57:11.172854+00:00,22.917334,1774634231172854500,-0.437392,0.293787,0.341261,0.708036,-0.194603,0.657124,0.171458,-0.499225,-0.145620,0.659209,0.166714,0.133115,0.481657,0.853073,-0.629566,-0.192190,0.132927,0.305181,-0.933027,0.174285,-0.065734
2026-03-27T17:57:11.189883+00:00,22.934362,1774634231189882500,-0.438285,0.293808,0.340906,0.708527,-0.194679,0.656209,0.171023,-0.499650,-0.146016,0.659298,0.167663,0.131166,0.476170,0.843665,-0.631636,-0.193492,0.133068,0.302626,-0.936956,0.171775,-0.060747
2026-03-27T17:57:11.206797+00:00,22.951277,1774634231206796600,-0.439098,0.293789,0.340548,0.708769,-0.194909,0.656449,0.170554,-0.499912,-0.146284,0.659292,0.165913,0.131426,0.479079,0.848643,-0.633618,-0.195252,0.133190,0.300644,-0.937020,0.165813,-0.054766
2026-03-27T17:57:11.223799+00:00,22.968279,1774634231223799400,-0.439950,0.293745,0.340207,0.709306,-0.195144,0.655920,0.170030,-0.500380,-0.146646,0.659309,0.165511,0.130487,0.477772,0.845912,-0.635486,-0.196746,0.133410,0.300698,-0.936863,0.162858,-0.049746
2026-03-27T17:57:11.241417+00:00,22.985897,1774634231241417400,-0.440860,0.293710,0.339853,0.709898,-0.195136,0.655335,0.169609,-0.500981,-0.147213,0.659322,0.162810,0.131493,0.483702,0.856650,-0.637254,-0.198252,0.133848,0.299283,-0.937439,0.162539,-0.045072
2026-03-27T17:57:11.260283+00:00,23.004762,1774634231260282500,-0.441890,0.293681,0.339477,0.710472,-0.195205,0.654825,0.169098,-0.501486,-0.147588,0.659357,0.162114,0.130849,0.484043,0.856747,-0.639124,-0.199898,0.134501,0.296206,-0.938598,0.162493,-0.040400
2026-03-27T17:57:11.277140+00:00,23.021620,1774634231277140400,-0.442709,0.293665,0.339156,0.711107,-0.195006,0.654157,0.168840,-0.502022,-0.147903,0.659452,0.164736,0.127697,0.477918,0.844374,-0.640412,-0.200954,0.135207,0.282031,-0.947544,0.159672,-0.040542
2026-03-27T17:57:11.293955+00:00,23.038435,1774634231293955000,-0.443637,0.293643,0.338851,0.711680,-0.194708,0.653582,0.168642,-0.502507,-0.148235,0.659509,0.164743,0.126628,0.477979,0.844146,-0.641844,-0.202268,0.136123,0.277124,-0.946738,0.156717,-0.036686
2026-03-27T17:57:11.310959+00:00,23.055439,1774634231310958600,-0.444505,0.293591,0.338562,0.712229,-0.194468,0.653019,0.168551,-0.502960,-0.148619,0.659556,0.164334,0.126026,0.477807,0.843681,-0.643291,-0.203433,0.137227,0.272172,-0.946597,0.155322,-0.031715
2026-03-27T17:57:11.328127+00:00,23.072608,1774634231328127500,-0.445450,0.293477,0.338285,0.712464,-0.194417,0.653215,0.168841,-0.503360,-0.149050,0.659584,0.161968,0.126767,0.482278,0.852500,-0.644670,-0.204590,0.138647,0.265295,-0.950953,0.155825,-0.025970
2026-03-27T17:57:11.345177+00:00,23.089657,1774634231345177100,-0.446295,0.293411,0.338053,0.712916,-0.194472,0.652312,0.168696,-0.503742,-0.149518,0.659612,0.161314,0.126201,0.481148,0.851093,-0.646076,-0.205903,0.140305,0.259943,-0.951278,0.156147,-0.018469
2026-03-27T17:57:11.362336+00:00,23.106816,1774634231362335700,-0.447139,0.293300,0.337856,0.712945,-0.194495,0.652285,0.168534,-0.504116,-0.149930,0.659747,0.160467,0.125912,0.480970,0.852143,-0.647349,-0.207247,0.142141,0.252739,-0.955636,0.156168,-0.011442
2026-03-27T17:57:11.379229+00:00,23.123709,1774634231379228900,-0.448022,0.293167,0.337678,0.713322,-0.194777,0.651899,0.168433,-0.504442,-0.150340,0.659866,0.158825,0.126261,0.483620,0.857905,-0.648319,-0.208710,0.144060,0.245696,-0.959297,0.154396,-0.002847
2026-03-27T17:57:11.396450+00:00,23.140929,1774634231396449500,-0.448865,0.293025,0.337560,0.713296,-0.194932,0.651927,0.168157,-0.504828,-0.150680,0.660085,0.159531,0.124766,0.479572,0.851839,-0.649208,-0.210185,0.145945,0.239597,-0.958600,0.151367,0.006595
2026-03-27T17:57:11.414151+00:00,23.158631,1774634231414151000,-0.449731,0.292856,0.337495,0.713158,-0.195220,0.652035,0.168127,-0.505145,-0.150903,0.660311,0.158560,0.124946,0.482344,0.856843,-0.649895,-0.211396,0.147638,0.234834,-0.957386,0.148772,0.014920
2026-03-27T17:57:11.430636+00:00,23.175116,1774634231430636200,-0.450560,0.292674,0.337517,0.712567,-0.195504,0.652626,0.168250,-0.505474,-0.151024,0.660630,0.158728,0.124759,0.482275,0.856182,-0.650453,-0.212270,0.148683,0.229443,-0.963248,0.147516,0.022160
2026-03-27T17:57:11.449589+00:00,23.194070,1774634231449589500,-0.451491,0.292452,0.337591,0.712298,-0.195752,0.652863,0.168320,-0.505888,-0.151100,0.661044,0.159175,0.124878,0.482849,0.855461,-0.651066,-0.213147,0.149937,0.224753,-0.964546,0.145195,0.030325
2026-03-27T17:57:11.468300+00:00,23.212779,1774634231468299500,-0.452399,0.292177,0.337673,0.711325,-0.196101,0.653829,0.168855,-0.506391,-0.151128,0.661549,0.160758,0.124094,0.478971,0.848106,-0.651263,-0.213738,0.150094,0.222443,-0.960439,0.137434,0.042382
2026-03-27T17:57:11.486144+00:00,23.230624,1774634231486144300,-0.453327,0.291906,0.337961,0.710645,-0.196328,0.654370,0.169360,-0.506919,-0.151041,0.662082,0.160858,0.124413,0.479103,0.847974,-0.651595,-0.214457,0.150670,0.218252,-0.961628,0.131160,0.052366
2026-03-27T17:57:11.502271+00:00,23.246751,1774634231502271400,-0.454098,0.291603,0.338349,0.709721,-0.196603,0.655005,0.170104,-0.507499,-0.151086,0.662683,0.160276,0.125387,0.481158,0.850583,-0.651637,-0.215289,0.150637,0.214586,-0.968575,0.126636,0.060544
2026-03-27T17:57:11.519329+00:00,23.263809,1774634231519329000,-0.454983,0.291295,0.338754,0.709007,-0.197175,0.655695,0.170532,-0.508190,-0.150834,0.663360,0.160245,0.126312,0.483381,0.852636,-0.651452,-0.215834,0.150731,0.212621,-0.965138,0.121555,0.068893
2026-03-27T17:57:11.536275+00:00,23.280756,1774634231536275500,-0.455797,0.291054,0.339212,0.708816,-0.197327,0.654965,0.170598,-0.508927,-0.150478,0.664031,0.160345,0.127316,0.486441,0.856145,-0.651095,-0.216652,0.150545,0.210028,-0.965595,0.117272,0.078098
2026-03-27T17:57:11.553421+00:00,23.297901,1774634231553420700,-0.456676,0.290827,0.339684,0.708212,-0.197572,0.655565,0.170887,-0.509778,-0.150037,0.664759,0.162894,0.126357,0.482967,0.848161,-0.650511,-0.217406,0.150148,0.206540,-0.970691,0.113242,0.088007
2026-03-27T17:57:11.570637+00:00,23.315117,1774634231570637000,-0.457495,0.290640,0.340188,0.707628,-0.197689,0.656144,0.171301,-0.510591,-0.149529,0.665406,0.164474,0.126473,0.484026,0.847986,-0.649482,-0.218384,0.149631,0.201311,-0.969569,0.108351,0.097289
2026-03-27T17:57:11.587729+00:00,23.332209,1774634231587729300,-0.458380,0.290493,0.340697,0.707421,-0.197606,0.656342,0.171613,-0.511448,-0.149032,0.666021,0.166408,0.126119,0.484037,0.845324,-0.648068,-0.219160,0.149027,0.197464,-0.970279,0.104083,0.106617
2026-03-27T17:57:11.604642+00:00,23.349122,1774634231604641900,-0.459254,0.290356,0.341265,0.707104,-0.197190,0.656672,0.172177,-0.512306,-0.148594,0.666547,0.166477,0.126699,0.489934,0.853264,-0.646467,-0.220227,0.148361,0.193972,-0.966607,0.100130,0.115048
2026-03-27T17:57:11.621672+00:00,23.366152,1774634231621672400,-0.460190,0.290223,0.341834,0.706956,-0.196683,0.656814,0.172789,-0.513169,-0.148182,0.666994,0.169212,0.124897,0.487866,0.846772,-0.644484,-0.221183,0.147702,0.188418,-0.973635,0.097702,0.122768
2026-03-27T17:57:11.638882+00:00,23.383362,1774634231638882300,-0.461134,0.290031,0.342417,0.706526,-0.196272,0.657199,0.173805,-0.514046,-0.147921,0.667379,0.170436,0.123745,0.489621,0.848086,-0.642266,-0.222413,0.147148,0.183712,-0.970869,0.094036,0.127542
2026-03-27T17:57:11.656258+00:00,23.400738,1774634231656258300,-0.462135,0.289789,0.342972,0.706342,-0.195932,0.657319,0.175046,-0.514864,-0.147772,0.667646,0.170963,0.122839,0.493050,0.851839,-0.640139,-0.223326,0.146629,0.180293,-0.964754,0.090749,0.131703
2026-03-27T17:57:11.678320+00:00,23.422800,1774634231678320000,-0.463442,0.289377,0.343659,0.705631,-0.195532,0.658097,0.177055,-0.515850,-0.147707,0.667895,0.174131,0.119734,0.488070,0.840892,-0.637103,-0.224378,0.146120,0.173967,-0.978545,0.092263,0.137620
2026-03-27T17:57:11.696877+00:00,23.441357,1774634231696877500,-0.464573,0.289002,0.344154,0.705406,-0.195172,0.658024,0.178616,-0.516577,-0.147949,0.667962,0.174847,0.118582,0.488790,0.840539,-0.634630,-0.224759,0.146141,0.176683,-0.962558,0.091960,0.136677
2026-03-27T17:57:11.713866+00:00,23.458346,1774634231713865700,-0.465580,0.288578,0.344426,0.705477,-0.195237,0.657202,0.179959,-0.517123,-0.148147,0.667951,0.173797,0.118753,0.492802,0.846779,-0.632491,-0.224956,0.146281,0.174908,-0.966926,0.092703,0.139548
2026-03-27T17:57:11.730657+00:00,23.475137,1774634231730657200,-0.466617,0.288161,0.344704,0.705442,-0.195324,0.656837,0.181329,-0.517518,-0.148490,0.667989,0.174421,0.117533,0.490749,0.841891,-0.630478,-0.225064,0.146653,0.173835,-0.966730,0.093014,0.141727
2026-03-27T17:57:11.747578+00:00,23.492058,1774634231747578100,-0.467645,0.287705,0.344878,0.705598,-0.195462,0.656065,0.182762,-0.517808,-0.148902,0.667978,0.172612,0.118372,0.496209,0.850002,-0.628453,-0.225053,0.146977,0.174621,-0.965927,0.095636,0.142153
2026-03-27T17:57:11.767208+00:00,23.511688,1774634231767208100,-0.468638,0.287328,0.344961,0.705478,-0.195844,0.655818,0.184300,-0.518072,-0.149281,0.667969,0.174419,0.116874,0.492827,0.842178,-0.626257,-0.225235,0.147692,0.178154,-0.961974,0.097082,0.140859
2026-03-27T17:57:11.783407+00:00,23.527887,1774634231783407400,-0.469584,0.286958,0.344965,0.705186,-0.196074,0.655606,0.185164,-0.518170,-0.149512,0.667830,0.175076,0.116383,0.494264,0.842876,-0.624491,-0.225228,0.148861,0.179368,-0.973160,0.100014,0.143030
2026-03-27T17:57:11.800418+00:00,23.544898,1774634231800417800,-0.470689,0.286338,0.345034,0.705222,-0.196697,0.655079,0.186121,-0.518201,-0.149647,0.667636,0.176613,0.115531,0.494737,0.842248,-0.622811,-0.225272,0.150507,0.184933,-0.960575,0.100517,0.143600
2026-03-27T17:57:11.817621+00:00,23.562101,1774634231817620800,-0.471647,0.285865,0.345062,0.705343,-0.197221,0.654444,0.186874,-0.518186,-0.149706,0.667416,0.178171,0.114915,0.496042,0.843040,-0.621130,-0.225143,0.152224,0.183318,-0.961040,0.101462,0.146178
2026-03-27T17:57:11.834605+00:00,23.579085,1774634231834604500,-0.472534,0.285426,0.345057,0.705377,-0.197962,0.653907,0.187631,-0.518066,-0.149568,0.667221,0.181117,0.113595,0.494200,0.838118,-0.619925,-0.225097,0.154078,0.180949,-0.973325,0.103074,0.152029
2026-03-27T17:57:11.851353+00:00,23.595833,1774634231851352600,-0.473414,0.285017,0.345057,0.705055,-0.198564,0.654212,0.188282,-0.517936,-0.149243,0.666998,0.182772,0.113090,0.496350,0.840612,-0.618383,-0.225115,0.156007,0.183434,-0.964366,0.102588,0.155028
2026-03-27T17:57:11.868470+00:00,23.612951,1774634231868470600,-0.474263,0.284626,0.345050,0.705165,-0.199357,0.653609,0.188685,-0.517657,-0.148823,0.666793,0.185975,0.111544,0.494976,0.837010,-0.616901,-0.225159,0.158207,0.181520,-0.970602,0.103545,0.160996
2026-03-27T17:57:11.885680+00:00,23.630160,1774634231885679900,-0.475076,0.284244,0.345055,0.704878,-0.200274,0.653840,0.189019,-0.517307,-0.148361,0.666573,0.187230,0.111055,0.499388,0.843400,-0.615111,-0.225321,0.160702,0.182282,-0.962537,0.102333,0.165796
2026-03-27T17:57:11.903027+00:00,23.647507,1774634231903026800,-0.475799,0.283902,0.345068,0.704944,-0.200889,0.652963,0.189269,-0.516995,-0.147857,0.666450,0.191111,0.108943,0.497741,0.839048,-0.613568,-0.225420,0.163548,0.181118,-0.959583,0.101905,0.169586
2026-03-27T17:57:11.920102+00:00,23.664582,1774634231920102300,-0.476497,0.283573,0.345070,0.704799,-0.201659,0.652932,0.189615,-0.516648,-0.147422,0.666377,0.193948,0.107312,0.498426,0.838198,-0.611807,-0.225859,0.166243,0.179672,-0.959080,0.101884,0.173582
2026-03-27T17:57:11.937504+00:00,23.681984,1774634231937503600,-0.477080,0.283261,0.345030,0.704739,-0.202399,0.653198,0.190072,-0.516367,-0.146962,0.666370,0.197211,0.105084,0.496594,0.832009,-0.610551,-0.226159,0.169121,0.176440,-0.967891,0.103476,0.174446
2026-03-27T17:57:11.954685+00:00,23.699165,1774634231954685000,-0.477675,0.283056,0.345082,0.705219,-0.202569,0.652150,0.190268,-0.516016,-0.146646,0.666360,0.197641,0.104109,0.500177,0.835715,-0.609256,-0.226514,0.171788,0.176449,-0.963053,0.103619,0.172937
2026-03-27T17:57:11.971627+00:00,23.716107,1774634231971626900,-0.478180,0.282862,0.345124,0.705003,-0.202652,0.652425,0.190661,-0.515633,-0.146450,0.666388,0.197941,0.103057,0.502922,0.838088,-0.608295,-0.226625,0.174306,0.175418,-0.969034,0.105911,0.170965
2026-03-27T17:57:11.989069+00:00,23.733549,1774634231989069500,-0.478684,0.282718,0.345390,0.705322,-0.202689,0.651631,0.190969,-0.515285,-0.146252,0.666421,0.199303,0.101312,0.500775,0.833174,-0.607248,-0.226759,0.176609,0.175549,-0.971732,0.108713,0.166317
2026-03-27T17:57:12.006161+00:00,23.750641,1774634232006160900,-0.479071,0.282576,0.345789,0.704770,-0.202848,0.652629,0.191490,-0.514845,-0.146177,0.666451,0.198374,0.101042,0.503575,0.837240,-0.606426,-0.226682,0.178838,0.176148,-0.969460,0.110936,0.160008
2026-03-27T17:57:12.023306+00:00,23.767786,1774634232023306100,-0.479466,0.282514,0.346282,0.704558,-0.202490,0.652380,0.191667,-0.514408,-0.146104,0.666542,0.198297,0.100423,0.502588,0.835791,-0.605315,-0.226604,0.180772,0.177823,-0.966002,0.113031,0.152612
2026-03-27T17:57:12.040315+00:00,23.784795,1774634232040314700,-0.479836,0.282460,0.346836,0.704237,-0.202402,0.652726,0.191883,-0.513965,-0.145974,0.666544,0.198756,0.099786,0.500844,0.833080,-0.604506,-0.226447,0.182565,0.179834,-0.968835,0.115644,0.146311
2026-03-27T17:57:12.057460+00:00,23.801940,1774634232057460000,-0.480129,0.282467,0.347581,0.703434,-0.201960,0.653599,0.191908,-0.513508,-0.145734,0.666651,0.198262,0.099482,0.501688,0.835519,-0.603394,-0.226017,0.184023,0.185038,-0.964275,0.117405,0.138282
2026-03-27T17:57:12.074374+00:00,23.818854,1774634232074374100,-0.480456,0.282463,0.348343,0.702625,-0.201569,0.654947,0.192126,-0.512936,-0.145394,0.666797,0.197449,0.099270,0.505379,0.840364,-0.602504,-0.224968,0.185224,0.189088,-0.971114,0.121884,0.132189
2026-03-27T17:57:12.091411+00:00,23.835891,1774634232091410800,-0.480719,0.282458,0.349316,0.701445,-0.200980,0.656088,0.192499,-0.512379,-0.144841,0.666972,0.198843,0.097776,0.503809,0.835839,-0.601114,-0.223662,0.185914,0.195830,-0.958586,0.125244,0.124216
2026-03-27T17:57:12.108213+00:00,23.852694,1774634232108213600,-0.480987,0.282470,0.350318,0.700519,-0.200184,0.657032,0.192959,-0.511631,-0.144285,0.667140,0.198977,0.096988,0.505953,0.837083,-0.600026,-0.222024,0.186309,0.198186,-0.959072,0.130450,0.118760
2026-03-27T17:57:12.128956+00:00,23.873436,1774634232128955800,-0.481243,0.282498,0.351606,0.699302,-0.199226,0.658297,0.193662,-0.510740,-0.143576,0.667327,0.200288,0.095917,0.504595,0.833632,-0.598350,-0.220109,0.186475,0.200218,-0.964442,0.136626,0.112859
2026-03-27T17:57:12.147460+00:00,23.891940,1774634232147460300,-0.481414,0.282466,0.352993,0.697631,-0.198009,0.660814,0.194465,-0.509696,-0.142929,0.667477,0.201234,0.095566,0.504031,0.832409,-0.596725,-0.217293,0.186037,0.210396,-0.957469,0.138346,0.101803
2026-03-27T17:57:12.161955+00:00,23.906435,1774634232161955200,-0.481575,0.282564,0.354149,0.696789,-0.196899,0.661185,0.195026,-0.508753,-0.142412,0.667582,0.201135,0.095651,0.505915,0.835702,-0.595014,-0.214983,0.185769,0.218846,-0.961955,0.141474,0.093790
2026-03-27T17:57:12.178749+00:00,23.923229,1774634232178748800,-0.481704,0.282656,0.355440,0.695429,-0.195949,0.663029,0.195749,-0.507804,-0.141817,0.667686,0.202411,0.095249,0.503465,0.832578,-0.593248,-0.212037,0.185288,0.230658,-0.958785,0.143654,0.086081
2026-03-27T17:57:12.195846+00:00,23.940326,1774634232195845800,-0.481795,0.282774,0.356780,0.694028,-0.194885,0.664435,0.196363,-0.506784,-0.141201,0.667745,0.203798,0.095649,0.500087,0.830136,-0.591353,-0.209133,0.185100,0.241386,-0.952170,0.146922,0.080389
2026-03-27T17:57:12.212740+00:00,23.957220,1774634232212740300,-0.481834,0.282860,0.358107,0.692458,-0.194044,0.666551,0.197143,-0.505848,-0.140563,0.667750,0.203578,0.097805,0.501613,0.834767,-0.589757,-0.205957,0.185145,0.249383,-0.951678,0.153080,0.076853
2026-03-27T17:57:12.230142+00:00,23.974622,1774634232230142400,-0.481812,0.282971,0.359474,0.691248,-0.193185,0.667700,0.197679,-0.504889,-0.139782,0.667718,0.204871,0.099846,0.499839,0.833232,-0.588084,-0.202548,0.185279,0.255552,-0.951117,0.161821,0.074529
2026-03-27T17:57:12.247310+00:00,23.991790,1774634232247309800,-0.481762,0.283111,0.360836,0.690236,-0.192349,0.668801,0.198117,-0.504101,-0.138745,0.667655,0.205448,0.102531,0.501835,0.836640,-0.586793,-0.198701,0.185525,0.259937,-0.949910,0.171092,0.072035
2026-03-27T17:57:12.264524+00:00,24.009004,1774634232264524000,-0.481697,0.283341,0.362246,0.689116,-0.190875,0.670448,0.198613,-0.503652,-0.137308,0.667657,0.207820,0.104722,0.499369,0.834019,-0.585503,-0.194602,0.186025,0.265793,-0.942410,0.178618,0.070130
2026-03-27T17:57:12.281979+00:00,24.026459,1774634232281979000,-0.481599,0.283634,0.363642,0.688291,-0.189031,0.671522,0.199045,-0.503197,-0.135791,0.667589,0.209240,0.107992,0.498590,0.834978,-0.584626,-0.190295,0.186799,0.268867,-0.942378,0.186377,0.069167
2026-03-27T17:57:12.298618+00:00,24.043098,1774634232298617900,-0.481565,0.283981,0.365056,0.687677,-0.186769,0.672596,0.199483,-0.503069,-0.133877,0.667574,0.212215,0.113147,0.493636,0.831645,-0.584969,-0.185159,0.187796,0.271820,-0.941396,0.191425,0.070356
2026-03-27T17:57:12.315543+00:00,24.060023,1774634232315543400,-0.481349,0.284290,0.366451,0.686975,-0.185118,0.673815,0.200028,-0.503143,-0.131653,0.667640,0.214797,0.119661,0.490688,0.834409,-0.585035,-0.179885,0.188461,0.276839,-0.935564,0.199138,0.070707
2026-03-27T17:57:12.332636+00:00,24.077116,1774634232332635900,-0.481074,0.284548,0.367896,0.686248,-0.183088,0.674572,0.200709,-0.503437,-0.129114,0.667733,0.219029,0.126292,0.485574,0.836119,-0.586103,-0.173876,0.189400,0.280535,-0.936195,0.209897,0.071818
2026-03-27T17:57:12.351320+00:00,24.095800,1774634232351319600,-0.480801,0.284826,0.369465,0.685156,-0.181037,0.675987,0.201530,-0.504053,-0.126184,0.667829,0.224372,0.133678,0.479195,0.837269,-0.587218,-0.167244,0.190105,0.286062,-0.931771,0.221078,0.072734
2026-03-27T17:57:12.369376+00:00,24.113856,1774634232369376300,-0.480485,0.285026,0.370951,0.683807,-0.179455,0.677668,0.202406,-0.505176,-0.122908,0.667845,0.232431,0.140416,0.470120,0.836878,-0.589530,-0.159851,0.190496,0.294191,-0.926524,0.232000,0.070991
2026-03-27T17:57:12.385211+00:00,24.129691,1774634232385210900,-0.480144,0.285170,0.372199,0.682654,-0.178297,0.678703,0.202784,-0.506991,-0.120082,0.667536,0.238563,0.144836,0.462874,0.837467,-0.592387,-0.153111,0.191100,0.302260,-0.919536,0.242056,0.067154
2026-03-27T17:57:12.402217+00:00,24.146697,1774634232402217200,-0.479773,0.285310,0.373456,0.681566,-0.177472,0.679846,0.203230,-0.509164,-0.117142,0.667092,0.245426,0.149597,0.456757,0.839116,-0.595706,-0.145901,0.191494,0.309982,-0.914157,0.254211,0.062394
2026-03-27T17:57:12.419297+00:00,24.163777,1774634232419296500,-0.479276,0.285387,0.374633,0.680139,-0.177004,0.681720,0.203701,-0.511685,-0.114249,0.666095,0.252158,0.154589,0.454357,0.843194,-0.599699,-0.138823,0.191555,0.317956,-0.907485,0.265720,0.055853
2026-03-27T17:57:12.436359+00:00,24.180839,1774634232436358600,-0.478698,0.285449,0.375723,0.679147,-0.176495,0.682641,0.204364,-0.514667,-0.111478,0.664730,0.262407,0.157813,0.449368,0.836918,-0.604510,-0.132258,0.191391,0.323716,-0.904628,0.275533,0.048475
2026-03-27T17:57:12.454386+00:00,24.198866,1774634232454386100,-0.478005,0.285504,0.376827,0.677981,-0.176223,0.683718,0.205046,-0.518077,-0.108779,0.663169,0.271362,0.162823,0.450419,0.838233,-0.610142,-0.125674,0.191071,0.330052,-0.897774,0.283826,0.040478
2026-03-27T17:57:12.471404+00:00,24.215884,1774634232471403900,-0.477296,0.285553,0.377520,0.677292,-0.175952,0.684026,0.205462,-0.521897,-0.106728,0.661532,0.281611,0.166224,0.449137,0.831888,-0.617222,-0.120956,0.190977,0.329648,-0.896574,0.289028,0.033040
2026-03-27T17:57:12.488513+00:00,24.232993,1774634232488513500,-0.476418,0.285737,0.378371,0.676568,-0.175616,0.684680,0.205956,-0.525905,-0.105088,0.659887,0.290384,0.169485,0.449067,0.828094,-0.624419,-0.116198,0.190558,0.329948,-0.894754,0.295548,0.024766
2026-03-27T17:57:12.505521+00:00,24.250001,1774634232505520900,-0.475169,0.286182,0.379241,0.676446,-0.173975,0.685266,0.205723,-0.530392,-0.103901,0.658172,0.297219,0.173156,0.449509,0.825703,-0.632120,-0.112074,0.190368,0.329589,-0.893738,0.301676,0.015863
2026-03-27T17:57:12.522866+00:00,24.267346,1774634232522866400,-0.474096,0.286797,0.379866,0.676386,-0.172560,0.685817,0.205292,-0.535066,-0.103046,0.656596,0.303361,0.176770,0.448464,0.820676,-0.640306,-0.108086,0.190244,0.328861,-0.894047,0.307964,0.007501
2026-03-27T17:57:12.539656+00:00,24.284136,1774634232539655700,-0.473009,0.287529,0.380422,0.676593,-0.171061,0.686574,0.204303,-0.540358,-0.102339,0.654919,0.306935,0.180626,0.450479,0.820702,-0.648674,-0.104618,0.190355,0.328825,-0.891964,0.312381,0.000227
2026-03-27T17:57:12.557513+00:00,24.301993,1774634232557513500,-0.471923,0.288425,0.380915,0.677201,-0.169073,0.686488,0.202927,-0.546387,-0.101541,0.653224,0.313222,0.182028,0.451732,0.816164,-0.657861,-0.101076,0.190895,0.329903,-0.887903,0.315880,-0.006858
2026-03-27T17:57:12.575121+00:00,24.319601,1774634232575120900,-0.470926,0.289288,0.381427,0.677828,-0.167001,0.686961,0.201571,-0.553022,-0.100779,0.651408,0.321015,0.183568,0.454953,0.811283,-0.666689,-0.098328,0.191818,0.332201,-0.885458,0.320948,-0.014604
2026-03-27T17:57:12.591744+00:00,24.336224,1774634232591743700,-0.470024,0.290087,0.381890,0.678091,-0.165391,0.687714,0.200361,-0.559496,-0.099860,0.649660,0.329090,0.184834,0.458706,0.803985,-0.675840,-0.095740,0.192978,0.335212,-0.885175,0.326157,-0.020083
2026-03-27T17:57:12.608954+00:00,24.353434,1774634232608953900,-0.469190,0.290851,0.382386,0.678074,-0.163673,0.688610,0.199170,-0.566464,-0.098970,0.647744,0.336592,0.185928,0.464273,0.795579,-0.684983,-0.093520,0.194386,0.339544,-0.882202,0.330068,-0.023329
2026-03-27T17:57:12.625826+00:00,24.370306,1774634232625826200,-0.468511,0.291598,0.382915,0.678155,-0.161773,0.689064,0.198174,-0.573343,-0.098031,0.645710,0.342462,0.187149,0.472989,0.791195,-0.694645,-0.091786,0.196019,0.345100,-0.878687,0.331542,-0.024986
2026-03-27T17:57:12.642716+00:00,24.387196,1774634232642716000,-0.467985,0.292354,0.383464,0.678148,-0.159705,0.689859,0.197045,-0.580262,-0.097233,0.643586,0.348799,0.186401,0.479851,0.781598,-0.703396,-0.090864,0.197798,0.349519,-0.877254,0.329357,-0.027557
2026-03-27T17:57:12.659787+00:00,24.404267,1774634232659787100,-0.467638,0.293137,0.384006,0.677990,-0.157623,0.691053,0.195681,-0.586984,-0.096597,0.641367,0.351805,0.186776,0.488001,0.777609,-0.712572,-0.089962,0.199724,0.352332,-0.875787,0.328513,-0.031118
2026-03-27T17:57:12.676649+00:00,24.421129,1774634232676648600,-0.467626,0.293718,0.384340,0.678368,-0.155588,0.691207,0.193898,-0.593756,-0.096342,0.639145,0.355132,0.186154,0.493745,0.772509,-0.720460,-0.089478,0.201734,0.354250,-0.874554,0.328677,-0.035959
2026-03-27T17:57:12.693739+00:00,24.438219,1774634232693738700,-0.467653,0.294435,0.384844,0.678196,-0.153921,0.692419,0.192252,-0.599958,-0.096110,0.636984,0.359264,0.185251,0.498239,0.766062,-0.728581,-0.089104,0.203872,0.355966,-0.873479,0.329194,-0.041097
2026-03-27T17:57:12.710843+00:00,24.455323,1774634232710843200,-0.467725,0.295252,0.385534,0.678520,-0.152264,0.693131,0.190600,-0.606080,-0.096245,0.634649,0.362607,0.185591,0.504342,0.763120,-0.735618,-0.089149,0.205926,0.359371,-0.870819,0.328993,-0.045640
2026-03-27T17:57:12.727937+00:00,24.472417,1774634232727937500,-0.468063,0.295891,0.386064,0.679052,-0.150578,0.693044,0.188672,-0.611454,-0.096416,0.632492,0.366341,0.185984,0.508124,0.757813,-0.743093,-0.089351,0.207971,0.362863,-0.869635,0.328824,-0.050064
2026-03-27T17:57:12.744935+00:00,24.489415,1774634232744934800,-0.468577,0.296411,0.386650,0.679131,-0.148959,0.694089,0.187057,-0.616855,-0.096744,0.630438,0.369126,0.186412,0.510667,0.754424,-0.749395,-0.090149,0.209667,0.365655,-0.870215,0.327354,-0.054666
2026-03-27T17:57:12.762011+00:00,24.506491,1774634232762011500,-0.469483,0.296892,0.387295,0.679117,-0.147117,0.695028,0.185396,-0.621665,-0.097434,0.628740,0.372375,0.186276,0.511452,0.750124,-0.756179,-0.091707,0.211311,0.367816,-0.869109,0.323454,-0.059253
2026-03-27T17:57:12.781863+00:00,24.526343,1774634232781863400,-0.470769,0.297293,0.388118,0.679200,-0.145055,0.695487,0.184105,-0.627331,-0.098664,0.627058,0.374791,0.187266,0.514076,0.748063,-0.762934,-0.094280,0.212765,0.368720,-0.869883,0.317937,-0.063722
2026-03-27T17:57:12.796728+00:00,24.541208,1774634232796728200,-0.471903,0.297458,0.388868,0.679008,-0.143593,0.696222,0.183668,-0.631035,-0.099707,0.626176,0.374492,0.189137,0.516124,0.748383,-0.767837,-0.096824,0.213586,0.368384,-0.871871,0.314191,-0.066144
2026-03-27T17:57:12.813793+00:00,24.558273,1774634232813792700,-0.473203,0.297609,0.389661,0.678606,-0.142074,0.696854,0.182889,-0.635659,-0.101050,0.625355,0.374931,0.190410,0.515989,0.744586,-0.773596,-0.099813,0.214477,0.367319,-0.875665,0.310871,-0.069190
2026-03-27T17:57:12.830839+00:00,24.575319,1774634232830839400,-0.474588,0.297535,0.390411,0.678204,-0.140933,0.697482,0.182566,-0.639756,-0.102187,0.625076,0.372759,0.191058,0.519135,0.743202,-0.778235,-0.103109,0.214630,0.367447,-0.876969,0.306044,-0.073730
2026-03-27T17:57:12.847809+00:00,24.592289,1774634232847809100,-0.476280,0.297697,0.391509,0.677447,-0.139668,0.699062,0.182273,-0.644007,-0.103496,0.625096,0.369801,0.191682,0.524145,0.743652,-0.782945,-0.106500,0.214532,0.368573,-0.876108,0.299307,-0.078996
2026-03-27T17:57:12.864557+00:00,24.609037,1774634232864557100,-0.478001,0.297714,0.392450,0.676791,-0.138155,0.699916,0.181852,-0.647794,-0.104762,0.625157,0.367108,0.191231,0.528191,0.743660,-0.786740,-0.110127,0.214238,0.367881,-0.879091,0.293126,-0.085017
2026-03-27T17:57:12.881410+00:00,24.625890,1774634232881410200,-0.479686,0.297768,0.393380,0.676174,-0.136815,0.700863,0.181114,-0.651595,-0.106279,0.625798,0.365205,0.189366,0.529836,0.741789,-0.790492,-0.114086,0.213566,0.366461,-0.880642,0.286257,-0.090864
2026-03-27T17:57:12.898568+00:00,24.643048,1774634232898568100,-0.481597,0.297719,0.394328,0.675538,-0.135655,0.702206,0.180424,-0.655416,-0.108163,0.626636,0.361638,0.187193,0.533472,0.743678,-0.794082,-0.118415,0.212659,0.363983,-0.882179,0.279092,-0.097372
2026-03-27T17:57:12.916110+00:00,24.660590,1774634232916110000,-0.483380,0.297730,0.395265,0.674678,-0.134811,0.702833,0.180009,-0.658932,-0.110155,0.627493,0.359254,0.184211,0.535812,0.743220,-0.796171,-0.123263,0.211239,0.358129,-0.887450,0.272897,-0.105457
2026-03-27T17:57:12.932541+00:00,24.677021,1774634232932541100,-0.485333,0.297557,0.396207,0.673815,-0.134136,0.704179,0.179915,-0.662021,-0.112330,0.628355,0.357049,0.181670,0.538804,0.742515,-0.798266,-0.128039,0.209775,0.355108,-0.888320,0.265930,-0.115295
2026-03-27T17:57:12.949798+00:00,24.694278,1774634232949797600,-0.487199,0.297319,0.397156,0.672969,-0.133495,0.705030,0.179583,-0.664810,-0.114689,0.629135,0.355318,0.179100,0.540449,0.740870,-0.799373,-0.133094,0.208037,0.351678,-0.893188,0.257907,-0.124209
2026-03-27T17:57:12.966664+00:00,24.711144,1774634232966664200,-0.489186,0.297048,0.398063,0.672645,-0.132846,0.705352,0.179270,-0.667266,-0.117172,0.629763,0.353598,0.176720,0.542510,0.741091,-0.800512,-0.138145,0.206699,0.349952,-0.893635,0.249302,-0.131712
2026-03-27T17:57:12.989423+00:00,24.733902,1774634232989422500,-0.491308,0.296721,0.399116,0.671676,-0.132285,0.706856,0.179102,-0.669787,-0.120043,0.630341,0.353578,0.173699,0.543170,0.738498,-0.801046,-0.143540,0.204997,0.349048,-0.893801,0.242046,-0.140270
2026-03-27T17:57:13.004876+00:00,24.749356,1774634233004875700,-0.493391,0.296376,0.400168,0.671187,-0.131514,0.707320,0.179236,-0.671861,-0.122942,0.630704,0.352096,0.171913,0.548380,0.740721,-0.801232,-0.148324,0.203457,0.348859,-0.895670,0.238745,-0.148788
2026-03-27T17:57:13.021672+00:00,24.766151,1774634233021671400,-0.495073,0.296143,0.401174,0.670394,-0.130846,0.708026,0.179323,-0.673538,-0.125384,0.630976,0.351720,0.169483,0.551150,0.738812,-0.800856,-0.151197,0.201299,0.353277,-0.889754,0.236126,-0.159764
2026-03-27T17:57:13.038549+00:00,24.783029,1774634233038549400,-0.496883,0.295837,0.402164,0.669650,-0.130188,0.709349,0.179398,-0.675017,-0.127674,0.631187,0.350542,0.166978,0.555469,0.738025,-0.800014,-0.153725,0.198904,0.355275,-0.889292,0.233736,-0.172190
2026-03-27T17:57:13.055746+00:00,24.800226,1774634233055746200,-0.498488,0.295646,0.403227,0.669065,-0.129168,0.709881,0.179391,-0.676455,-0.129868,0.631419,0.350691,0.163507,0.557941,0.734308,-0.798989,-0.155719,0.196112,0.358955,-0.884125,0.230997,-0.183642
2026-03-27T17:57:13.072839+00:00,24.817319,1774634233072838700,-0.500197,0.295409,0.404291,0.668402,-0.128123,0.710699,0.179374,-0.677569,-0.131851,0.631653,0.350861,0.160786,0.561810,0.733886,-0.798030,-0.157291,0.193043,0.360382,-0.884005,0.230671,-0.195217
2026-03-27T17:57:13.089729+00:00,24.834209,1774634233089729200,-0.501383,0.295369,0.405162,0.667710,-0.126763,0.711216,0.179801,-0.678504,-0.133658,0.631960,0.353224,0.158371,0.561778,0.731844,-0.797314,-0.157905,0.189354,0.361436,-0.878765,0.231227,-0.203102
2026-03-27T17:57:13.106548+00:00,24.851028,1774634233106548100,-0.502772,0.295144,0.406193,0.666885,-0.125619,0.712049,0.180285,-0.679147,-0.135202,0.632517,0.356176,0.156853,0.559841,0.729618,-0.796661,-0.158772,0.185738,0.360083,-0.877003,0.232039,-0.211683
2026-03-27T17:57:13.123582+00:00,24.868062,1774634233123581700,-0.504010,0.294812,0.407357,0.665972,-0.124751,0.712927,0.180700,-0.679655,-0.136680,0.633329,0.358479,0.156503,0.558692,0.731207,-0.796108,-0.158844,0.181753,0.354642,-0.877347,0.231518,-0.219711
2026-03-27T17:57:13.140418+00:00,24.884898,1774634233140418400,-0.505044,0.294589,0.408234,0.665531,-0.123952,0.713371,0.181151,-0.680002,-0.137822,0.634232,0.361188,0.156393,0.556966,0.733534,-0.795329,-0.158799,0.177689,0.349630,-0.879084,0.231185,-0.229204
2026-03-27T17:57:13.157423+00:00,24.901903,1774634233157422900,-0.506013,0.294402,0.409087,0.665372,-0.123261,0.713526,0.181433,-0.680110,-0.138628,0.635182,0.362716,0.157123,0.554676,0.731685,-0.794096,-0.157963,0.173232,0.346914,-0.876193,0.230222,-0.240310
2026-03-27T17:57:13.174719+00:00,24.919199,1774634233174719000,-0.506315,0.294420,0.409841,0.664840,-0.122759,0.714072,0.181670,-0.680157,-0.139213,0.636018,0.363098,0.157666,0.552738,0.731735,-0.792386,-0.156167,0.168321,0.345456,-0.873363,0.231193,-0.253535
2026-03-27T17:57:13.191588+00:00,24.936068,1774634233191588300,-0.506618,0.294407,0.410600,0.664538,-0.121913,0.714365,0.182037,-0.680379,-0.140124,0.637150,0.362507,0.159169,0.551282,0.733883,-0.790298,-0.153936,0.163362,0.341567,-0.871801,0.233960,-0.266075
2026-03-27T17:57:13.213230+00:00,24.957710,1774634233213229900,-0.506961,0.294482,0.411490,0.663952,-0.120961,0.714957,0.182486,-0.680393,-0.140832,0.638255,0.361707,0.161561,0.549430,0.736833,-0.787456,-0.150876,0.157332,0.336348,-0.867340,0.237939,-0.279785
2026-03-27T17:57:13.228666+00:00,24.973146,1774634233228666200,-0.507243,0.294544,0.412222,0.663470,-0.120179,0.715443,0.182854,-0.680283,-0.141404,0.639128,0.361745,0.163393,0.546462,0.738615,-0.785115,-0.148378,0.152371,0.331862,-0.864379,0.241185,-0.291306
2026-03-27T17:57:13.245088+00:00,24.989568,1774634233245088000,-0.506572,0.294741,0.412618,0.663663,-0.119389,0.715276,0.183007,-0.680361,-0.141899,0.639893,0.360557,0.163421,0.543021,0.739681,-0.781710,-0.143213,0.148154,0.326814,-0.860081,0.246858,-0.298833
2026-03-27T17:57:13.262366+00:00,25.006846,1774634233262366100,-0.506021,0.295187,0.413076,0.663903,-0.118501,0.715087,0.182852,-0.680165,-0.142304,0.640678,0.358899,0.164590,0.541139,0.741670,-0.777794,-0.138516,0.143665,0.322690,-0.856014,0.254786,-0.307258
2026-03-27T17:57:13.279317+00:00,25.023797,1774634233279316700,-0.505132,0.295774,0.413438,0.664290,-0.117382,0.715286,0.182519,-0.679843,-0.142374,0.641434,0.357364,0.166291,0.541254,0.744657,-0.773437,-0.132820,0.139678,0.319264,-0.853917,0.267074,-0.314335
2026-03-27T17:57:13.296569+00:00,25.041049,1774634233296568600,-0.503976,0.296529,0.413752,0.664789,-0.115897,0.715373,0.181946,-0.678966,-0.141883,0.642075,0.357336,0.168603,0.541463,0.743678,-0.768137,-0.126554,0.136009,0.319765,-0.847605,0.281278,-0.317923
2026-03-27T17:57:13.313461+00:00,25.057941,1774634233313461200,-0.502670,0.297361,0.413999,0.665323,-0.114435,0.715393,0.181241,-0.677608,-0.141220,0.642741,0.358341,0.170720,0.541728,0.740310,-0.762203,-0.119234,0.133170,0.324031,-0.839733,0.298008,-0.317618
2026-03-27T17:57:13.330379+00:00,25.074859,1774634233330379300,-0.501215,0.298284,0.414191,0.666621,-0.112624,0.714140,0.180324,-0.675830,-0.139854,0.643362,0.357198,0.173609,0.544731,0.740029,-0.755473,-0.111790,0.130549,0.328981,-0.830984,0.316284,-0.316898
2026-03-27T17:57:13.347355+00:00,25.091835,1774634233347354600,-0.499709,0.298983,0.414216,0.667072,-0.110787,0.714721,0.180039,-0.673673,-0.138122,0.643987,0.356886,0.175824,0.546007,0.738018,-0.747887,-0.104416,0.128334,0.335203,-0.821179,0.334807,-0.315560
2026-03-27T17:57:13.364554+00:00,25.109034,1774634233364554000,-0.497963,0.299866,0.414313,0.667963,-0.108684,0.713841,0.179918,-0.671308,-0.136197,0.644669,0.356991,0.177776,0.547597,0.735253,-0.739435,-0.097082,0.126441,0.341280,-0.811588,0.353203,-0.313182
2026-03-27T17:57:13.381880+00:00,25.126359,1774634233381879500,-0.496040,0.300871,0.414546,0.668415,-0.106748,0.713549,0.179877,-0.668263,-0.133804,0.645309,0.356643,0.180325,0.549235,0.733867,-0.730847,-0.089459,0.125174,0.346094,-0.802986,0.371675,-0.309749
2026-03-27T17:57:13.398849+00:00,25.143329,1774634233398848800,-0.494138,0.301671,0.414595,0.669231,-0.105373,0.713250,0.179706,-0.664957,-0.131307,0.645878,0.356521,0.183483,0.549666,0.732140,-0.721493,-0.082487,0.123983,0.349915,-0.793523,0.390264,-0.304819
2026-03-27T17:57:13.417297+00:00,25.161777,1774634233417297300,-0.492190,0.302472,0.414591,0.669466,-0.104079,0.713023,0.179259,-0.660828,-0.128325,0.646360,0.356321,0.187257,0.550085,0.731657,-0.712248,-0.075432,0.123221,0.352861,-0.786168,0.410179,-0.301191
2026-03-27T17:57:13.436567+00:00,25.181046,1774634233436566400,-0.489888,0.303294,0.414589,0.669605,-0.102852,0.713258,0.178976,-0.655819,-0.124787,0.646714,0.357860,0.191755,0.549822,0.732315,-0.700555,-0.068084,0.122607,0.359934,-0.771915,0.429953,-0.297160
2026-03-27T17:57:13.451338+00:00,25.195818,1774634233451338300,-0.487814,0.304001,0.414423,0.669608,-0.101758,0.713458,0.178795,-0.650880,-0.121366,0.646969,0.360561,0.195336,0.548440,0.731040,-0.690259,-0.061699,0.121808,0.364993,-0.760671,0.447733,-0.293783
2026-03-27T17:57:13.468117+00:00,25.212597,1774634233468116700,-0.485561,0.304586,0.414406,0.668849,-0.101387,0.713971,0.179080,-0.645244,-0.117584,0.647092,0.368276,0.197931,0.544433,0.727124,-0.679793,-0.056146,0.121991,0.373685,-0.746634,0.464448,-0.294710
2026-03-27T17:57:13.485378+00:00,25.229858,1774634233485377700,-0.483047,0.305250,0.414179,0.667583,-0.100837,0.715730,0.179382,-0.638820,-0.113618,0.647159,0.376763,0.201890,0.541667,0.724257,-0.668957,-0.050905,0.121637,0.380197,-0.733881,0.480376,-0.295835
2026-03-27T17:57:13.502507+00:00,25.246987,1774634233502507000,-0.480381,0.306050,0.413810,0.666875,-0.100254,0.716439,0.179075,-0.632128,-0.109680,0.647216,0.386926,0.206521,0.537182,0.718855,-0.658093,-0.046981,0.121954,0.383456,-0.721001,0.493808,-0.298505
2026-03-27T17:57:13.519574+00:00,25.264054,1774634233519574200,-0.477632,0.306920,0.413347,0.666160,-0.099613,0.717268,0.178431,-0.625200,-0.105693,0.647131,0.396298,0.211601,0.532711,0.716863,-0.647381,-0.043223,0.121996,0.387082,-0.708063,0.506790,-0.301139
2026-03-27T17:57:13.536328+00:00,25.280808,1774634233536328100,-0.474642,0.307903,0.412685,0.665857,-0.098951,0.718004,0.177433,-0.617820,-0.101870,0.646930,0.404279,0.217413,0.527933,0.715708,-0.636537,-0.040387,0.122294,0.388272,-0.695985,0.522642,-0.306350
2026-03-27T17:57:13.553339+00:00,25.297819,1774634233553339000,-0.471595,0.308911,0.412012,0.665720,-0.098115,0.718127,0.176200,-0.610025,-0.098077,0.646643,0.411124,0.224243,0.521540,0.714584,-0.626689,-0.037857,0.122517,0.391875,-0.681849,0.537411,-0.309147
2026-03-27T17:57:13.570549+00:00,25.315029,1774634233570548500,-0.468247,0.309904,0.411191,0.665493,-0.097422,0.718857,0.175423,-0.602319,-0.094365,0.646232,0.418154,0.231051,0.512913,0.712764,-0.615994,-0.035146,0.122706,0.399971,-0.665061,0.548126,-0.308380
2026-03-27T17:57:13.587578+00:00,25.332058,1774634233587577800,-0.464970,0.310787,0.410426,0.665167,-0.096883,0.719133,0.174972,-0.594379,-0.090948,0.645797,0.423961,0.237808,0.505443,0.713641,-0.606500,-0.032718,0.122977,0.410841,-0.652149,0.555718,-0.307085
2026-03-27T17:57:13.604651+00:00,25.349131,1774634233604651100,-0.461433,0.311588,0.409540,0.664681,-0.096749,0.720121,0.174882,-0.586731,-0.087879,0.645287,0.431138,0.242212,0.495822,0.714965,-0.596326,-0.030698,0.123304,0.421723,-0.643513,0.560149,-0.309748
2026-03-27T17:57:13.621677+00:00,25.366157,1774634233621677000,-0.457935,0.312368,0.408731,0.664197,-0.096468,0.720588,0.174672,-0.578771,-0.085075,0.644735,0.437543,0.246814,0.486536,0.714738,-0.587170,-0.029470,0.123734,0.433686,-0.634827,0.557717,-0.313056
2026-03-27T17:57:13.638721+00:00,25.383201,1774634233638720500,-0.454168,0.313187,0.407842,0.663634,-0.096015,0.721164,0.174520,-0.570954,-0.082441,0.644036,0.441878,0.251837,0.478943,0.715117,-0.577587,-0.028472,0.124556,0.444792,-0.628267,0.554630,-0.315391
2026-03-27T17:57:13.669855+00:00,25.414335,1774634233669855100,-0.447248,0.314584,0.406315,0.662046,-0.095350,0.722727,0.174335,-0.556811,-0.078495,0.642607,0.445563,0.259402,0.469399,0.717726,-0.563572,-0.027650,0.125377,0.456105,-0.621950,0.562478,-0.300775
2026-03-27T17:57:13.689113+00:00,25.433593,1774634233689112600,-0.442665,0.315417,0.405237,0.661203,-0.095121,0.723525,0.174352,-0.547904,-0.076319,0.641646,0.447196,0.263004,0.464936,0.718296,-0.554686,-0.027459,0.125638,0.460644,-0.619042,0.567196,-0.290760
2026-03-27T17:57:13.705923+00:00,25.450402,1774634233705922500,-0.438634,0.316075,0.404281,0.660910,-0.095144,0.723869,0.174180,-0.540532,-0.074635,0.640795,0.447370,0.264971,0.463284,0.717998,-0.549289,-0.028919,0.125999,0.457927,-0.624603,0.565557,-0.284744
2026-03-27T17:57:13.723248+00:00,25.467728,1774634233723248200,-0.434533,0.316818,0.403333,0.660494,-0.094757,0.724328,0.173804,-0.533126,-0.073222,0.639896,0.447074,0.266811,0.461759,0.718584,-0.542599,-0.030196,0.126411,0.460167,-0.628239,0.563042,-0.280046
2026-03-27T17:57:13.740012+00:00,25.484492,1774634233740012300,-0.430162,0.317686,0.402296,0.660166,-0.093886,0.724679,0.173183,-0.525766,-0.072244,0.638897,0.447365,0.267133,0.459631,0.718323,-0.536256,-0.032021,0.126936,0.464410,-0.629734,0.557919,-0.275299
2026-03-27T17:57:13.757017+00:00,25.501497,1774634233757016700,-0.425940,0.318546,0.401378,0.659929,-0.092674,0.725459,0.172445,-0.518808,-0.071521,0.637918,0.446826,0.266775,0.458649,0.720810,-0.529802,-0.034044,0.127601,0.467207,-0.632538,0.554453,-0.271888
2026-03-27T17:57:13.774101+00:00,25.518582,1774634233774101600,-0.421479,0.319379,0.400390,0.659663,-0.091403,0.725696,0.171783,-0.511791,-0.070909,0.636893,0.447266,0.265380,0.456729,0.721010,-0.523406,-0.036172,0.128361,0.469486,-0.635632,0.550622,-0.268709
2026-03-27T17:57:13.791296+00:00,25.535776,1774634233791295700,-0.417113,0.320035,0.399514,0.658784,-0.090489,0.727060,0.171607,-0.504649,-0.070459,0.635812,0.446893,0.264597,0.456386,0.722360,-0.517394,-0.038870,0.129087,0.470491,-0.639279,0.548160,-0.264879
2026-03-27T17:57:13.808280+00:00,25.552760,1774634233808280200,-0.412666,0.320605,0.398544,0.658619,-0.089724,0.727221,0.171503,-0.497922,-0.070249,0.634754,0.447304,0.264155,0.456608,0.721425,-0.511441,-0.041236,0.129909,0.471801,-0.641382,0.546358,-0.261056
2026-03-27T17:57:13.825334+00:00,25.569814,1774634233825334000,-0.408404,0.321000,0.397737,0.657725,-0.089578,0.727982,0.171950,-0.491068,-0.070172,0.633622,0.446939,0.265436,0.458318,0.721320,-0.505692,-0.043978,0.130555,0.473513,-0.642452,0.544363,-0.258413
2026-03-27T17:57:13.842665+00:00,25.587145,1774634233842665300,-0.404030,0.321381,0.396926,0.657093,-0.088897,0.728684,0.172491,-0.483865,-0.070181,0.632430,0.446821,0.267290,0.459739,0.718647,-0.499893,-0.046995,0.131041,0.476222,-0.643825,0.539716,-0.259444
2026-03-27T17:57:13.859446+00:00,25.603926,1774634233859446000,-0.399729,0.321746,0.396105,0.656556,-0.088119,0.729220,0.172766,-0.477295,-0.070266,0.631334,0.446212,0.269639,0.460424,0.717745,-0.494292,-0.049856,0.131544,0.477861,-0.646355,0.533195,-0.261377
2026-03-27T17:57:13.877137+00:00,25.621617,1774634233877136800,-0.395389,0.322066,0.395339,0.655970,-0.087407,0.729270,0.173035,-0.470271,-0.070776,0.630148,0.444147,0.272435,0.460682,0.719435,-0.488667,-0.053295,0.131790,0.475809,-0.654211,0.525577,-0.265925
2026-03-27T17:57:13.897423+00:00,25.641903,1774634233897423300,-0.390992,0.322310,0.394489,0.655312,-0.087002,0.729847,0.173300,-0.463457,-0.071401,0.629025,0.442569,0.274855,0.459983,0.719942,-0.483198,-0.056585,0.132161,0.473368,-0.661452,0.516491,-0.270170
2026-03-27T17:57:13.910942+00:00,25.655422,1774634233910942100,-0.386919,0.322493,0.393778,0.654862,-0.086813,0.730385,0.173183,-0.457738,-0.072304,0.628138,0.441591,0.276966,0.457921,0.720182,-0.478440,-0.060328,0.131959,0.464773,-0.671647,0.508634,-0.273829
2026-03-27T17:57:13.927986+00:00,25.672466,1774634233927986500,-0.382661,0.322709,0.393038,0.654501,-0.086093,0.731295,0.172880,-0.451821,-0.073197,0.627263,0.440358,0.279796,0.456640,0.719853,-0.473530,-0.063752,0.131776,0.458421,-0.679131,0.501458,-0.277977
2026-03-27T17:57:13.945031+00:00,25.689511,1774634233945031300,-0.378360,0.322954,0.392324,0.654340,-0.085081,0.731637,0.172540,-0.445879,-0.074202,0.626371,0.438625,0.283388,0.456527,0.721325,-0.468588,-0.067226,0.131750,0.453921,-0.685025,0.494424,-0.282518
2026-03-27T17:57:13.962103+00:00,25.706583,1774634233962103300,-0.374176,0.323131,0.391860,0.654374,-0.083242,0.732122,0.171950,-0.440340,-0.075245,0.625679,0.437853,0.286335,0.455261,0.721175,-0.463825,-0.070502,0.131498,0.450594,-0.690857,0.487638,-0.287802
2026-03-27T17:57:13.979166+00:00,25.723646,1774634233979166200,-0.369922,0.323245,0.391364,0.654795,-0.081791,0.731699,0.171119,-0.435077,-0.076282,0.625068,0.438087,0.288136,0.453759,0.721061,-0.459330,-0.073707,0.131420,0.447507,-0.695829,0.479553,-0.292198
2026-03-27T17:57:13.996530+00:00,25.741010,1774634233996530200,-0.365760,0.323272,0.391034,0.655195,-0.080840,0.731251,0.170398,-0.430246,-0.077310,0.624641,0.439167,0.289167,0.452326,0.721340,-0.455151,-0.077104,0.131105,0.441776,-0.702953,0.471584,-0.297085
2026-03-27T17:57:14.013186+00:00,25.757666,1774634234013185700,-0.361728,0.323167,0.390787,0.654915,-0.080567,0.731991,0.170097,-0.425905,-0.078282,0.624306,0.440504,0.289335,0.450890,0.721453,-0.451440,-0.080093,0.130894,0.435684,-0.711250,0.462472,-0.301831
2026-03-27T17:57:14.031869+00:00,25.776349,1774634234031868600,-0.357397,0.323152,0.390738,0.655965,-0.081234,0.730738,0.170012,-0.421572,-0.079205,0.624097,0.441777,0.289353,0.448962,0.720466,-0.447211,-0.083465,0.130433,0.429639,-0.717073,0.453781,-0.306441
2026-03-27T17:57:14.048715+00:00,25.793195,1774634234048715000,-0.353519,0.322923,0.390736,0.656453,-0.082012,0.730238,0.170205,-0.417884,-0.080015,0.623900,0.440971,0.290837,0.448550,0.721548,-0.443401,-0.086257,0.130215,0.423401,-0.723838,0.447739,-0.311785
2026-03-27T17:57:14.065475+00:00,25.809955,1774634234065475200,-0.349645,0.322711,0.390808,0.656876,-0.082803,0.729826,0.170664,-0.414562,-0.080730,0.623812,0.440330,0.292046,0.447416,0.721857,-0.439924,-0.088529,0.129871,0.418201,-0.729047,0.440169,-0.316312
2026-03-27T17:57:14.082585+00:00,25.827065,1774634234082585200,-0.345732,0.322568,0.391226,0.657821,-0.083261,0.728830,0.171257,-0.411527,-0.081351,0.623753,0.439666,0.292753,0.445710,0.722702,-0.436358,-0.090640,0.129890,0.412039,-0.735729,0.433176,-0.320672
2026-03-27T17:57:14.101830+00:00,25.846311,1774634234101830500,-0.341486,0.322586,0.392242,0.658949,-0.082991,0.727775,0.171974,-0.408633,-0.081837,0.623938,0.438918,0.293330,0.443063,0.723660,-0.432788,-0.092309,0.129839,0.406560,-0.740936,0.426214,-0.319678
2026-03-27T17:57:14.118304+00:00,25.862784,1774634234118304000,-0.337823,0.322659,0.393300,0.659925,-0.082392,0.726820,0.172502,-0.406587,-0.082003,0.624257,0.437620,0.293579,0.441166,0.726962,-0.429615,-0.093245,0.129955,0.401704,-0.746400,0.423735,-0.316788
2026-03-27T17:57:14.135378+00:00,25.879858,1774634234135378200,-0.334182,0.322705,0.394867,0.660430,-0.080804,0.726352,0.173108,-0.404702,-0.082054,0.624663,0.437157,0.293596,0.438540,0.729194,-0.426752,-0.093492,0.130235,0.397890,-0.751223,0.422287,-0.313393
2026-03-27T17:57:14.152606+00:00,25.897086,1774634234152606400,-0.330553,0.322894,0.396513,0.661255,-0.079122,0.725556,0.173741,-0.403081,-0.081917,0.625233,0.438008,0.293110,0.435040,0.729904,-0.423765,-0.093343,0.130747,0.396019,-0.754576,0.420945,-0.311246
2026-03-27T17:57:14.169696+00:00,25.914176,1774634234169695700,-0.327090,0.323082,0.398485,0.661415,-0.076857,0.725349,0.174409,-0.401536,-0.081671,0.625778,0.438826,0.293419,0.432536,0.731408,-0.420236,-0.092735,0.131350,0.400894,-0.752527,0.418133,-0.311316
2026-03-27T17:57:14.187452+00:00,25.931932,1774634234187451900,-0.323709,0.323097,0.400435,0.661785,-0.074956,0.725421,0.174947,-0.400210,-0.081359,0.626407,0.441932,0.293147,0.429404,0.730891,-0.416456,-0.091877,0.132304,0.407325,-0.749864,0.415951,-0.313178
2026-03-27T17:57:14.204078+00:00,25.948558,1774634234204078300,-0.320438,0.323091,0.402484,0.662454,-0.073443,0.724746,0.175053,-0.399056,-0.080716,0.627044,0.444639,0.292748,0.427319,0.731215,-0.413225,-0.090796,0.133380,0.411460,-0.747892,0.414340,-0.312882
2026-03-27T17:57:14.221110+00:00,25.965590,1774634234221109900,-0.317172,0.323083,0.404502,0.663042,-0.072527,0.724164,0.175292,-0.397963,-0.079998,0.627674,0.448092,0.291918,0.425348,0.730641,-0.409793,-0.089934,0.134290,0.413209,-0.747070,0.415025,-0.311969
2026-03-27T17:57:14.238100+00:00,25.982580,1774634234238099700,-0.314176,0.323049,0.406523,0.663620,-0.072311,0.724117,0.175547,-0.397211,-0.079232,0.628369,0.452126,0.290271,0.423602,0.728985,-0.406825,-0.088883,0.135552,0.413352,-0.747552,0.418188,-0.310157
2026-03-27T17:57:14.255248+00:00,25.999728,1774634234255248000,-0.311201,0.323051,0.408500,0.664679,-0.072058,0.722524,0.175816,-0.396554,-0.078459,0.629083,0.455985,0.288229,0.422745,0.728088,-0.403384,-0.088082,0.136753,0.414530,-0.745350,0.420390,-0.309006
2026-03-27T17:57:14.272167+00:00,26.016647,1774634234272167200,-0.308481,0.323061,0.410585,0.665746,-0.071719,0.721463,0.176180,-0.396245,-0.077668,0.629916,0.459715,0.285176,0.421761,0.726678,-0.400286,-0.087200,0.138356,0.416417,-0.743377,0.420319,-0.309783
2026-03-27T17:57:14.289319+00:00,26.033799,1774634234289318700,-0.305775,0.323245,0.412724,0.666871,-0.071282,0.720373,0.176434,-0.396151,-0.076848,0.630897,0.461358,0.282175,0.421995,0.727610,-0.396835,-0.086642,0.139964,0.418165,-0.742883,0.418295,-0.311808
2026-03-27T17:57:14.306330+00:00,26.050810,1774634234306330000,-0.303184,0.323532,0.414915,0.667873,-0.070822,0.719893,0.176796,-0.395906,-0.076027,0.631876,0.461949,0.278858,0.421342,0.728262,-0.393927,-0.086156,0.141889,0.419415,-0.743156,0.414280,-0.313635
2026-03-27T17:57:14.324095+00:00,26.068574,1774634234324094400,-0.300549,0.323874,0.417235,0.668883,-0.070298,0.718939,0.177057,-0.396012,-0.075173,0.633032,0.462413,0.275535,0.420804,0.729544,-0.390961,-0.085658,0.143921,0.420609,-0.743674,0.410614,-0.315640
2026-03-27T17:57:14.351533+00:00,26.096013,1774634234351532700,-0.296575,0.324719,0.421248,0.669445,-0.069583,0.717789,0.176977,-0.395194,-0.073930,0.635151,0.459623,0.270762,0.416432,0.736798,-0.386207,-0.085967,0.147428,0.416248,-0.749256,0.406868,-0.319066
2026-03-27T17:57:14.366991+00:00,26.111471,1774634234366991300,-0.294295,0.325333,0.423462,0.669475,-0.069089,0.718245,0.176439,-0.394796,-0.073355,0.636308,0.460272,0.268379,0.413673,0.738646,-0.383298,-0.085990,0.149447,0.415518,-0.748575,0.405176,-0.319380
2026-03-27T17:57:14.383991+00:00,26.128471,1774634234383991000,-0.291970,0.325915,0.426090,0.669687,-0.068330,0.718718,0.175834,-0.394087,-0.072656,0.637797,0.462200,0.265659,0.411583,0.738703,-0.380531,-0.086192,0.151935,0.414727,-0.749515,0.403790,-0.320278
2026-03-27T17:57:14.401184+00:00,26.145664,1774634234401184100,-0.289505,0.326571,0.428674,0.669917,-0.067114,0.718664,0.174777,-0.392672,-0.072050,0.639169,0.463760,0.263876,0.411482,0.739559,-0.377390,-0.086620,0.154303,0.415936,-0.749619,0.403013,-0.320773
2026-03-27T17:57:14.418114+00:00,26.162594,1774634234418113700,-0.287373,0.327049,0.431401,0.670356,-0.065773,0.718087,0.173598,-0.391430,-0.071392,0.640728,0.466459,0.261579,0.411485,0.737858,-0.374571,-0.086887,0.156849,0.417912,-0.750063,0.401997,-0.321327
2026-03-27T17:57:14.435306+00:00,26.179786,1774634234435306200,-0.285101,0.327484,0.434007,0.670110,-0.064527,0.718970,0.172921,-0.389662,-0.071084,0.642269,0.469600,0.259602,0.412937,0.735817,-0.371351,-0.087254,0.159237,0.422562,-0.748298,0.399507,-0.321104
2026-03-27T17:57:14.452461+00:00,26.196941,1774634234452460700,-0.283307,0.327563,0.436726,0.670503,-0.063582,0.718850,0.172599,-0.388154,-0.070888,0.643931,0.472018,0.257557,0.414462,0.734435,-0.368273,-0.087571,0.161654,0.428148,-0.746048,0.396629,-0.320821
2026-03-27T17:57:14.469889+00:00,26.214369,1774634234469889200,-0.281435,0.327615,0.439425,0.670733,-0.062715,0.718654,0.172470,-0.386457,-0.070974,0.645532,0.474221,0.255158,0.415721,0.732960,-0.365271,-0.087845,0.164164,0.433253,-0.744491,0.394015,-0.320801
2026-03-27T17:57:14.486624+00:00,26.231103,1774634234486623500,-0.279758,0.327607,0.441679,0.671548,-0.063111,0.717600,0.172832,-0.384948,-0.071028,0.647048,0.475496,0.252434,0.416778,0.732415,-0.361767,-0.088270,0.165884,0.436253,-0.742167,0.394480,-0.320037
2026-03-27T17:57:14.504074+00:00,26.248554,1774634234504073600,-0.278398,0.327368,0.444196,0.671986,-0.063692,0.717155,0.173272,-0.383741,-0.071613,0.648715,0.475965,0.249360,0.417786,0.731827,-0.358261,-0.088621,0.167726,0.437986,-0.741614,0.394985,-0.320959
2026-03-27T17:57:14.529259+00:00,26.273739,1774634234529259300,-0.276970,0.326840,0.446973,0.672753,-0.064578,0.716220,0.173833,-0.382508,-0.072519,0.650574,0.475711,0.246207,0.419063,0.732329,-0.354219,-0.089025,0.169704,0.439971,-0.739969,0.394767,-0.322292
2026-03-27T17:57:14.541516+00:00,26.285995,1774634234541515500,-0.275657,0.326355,0.449525,0.673456,-0.065392,0.715360,0.174348,-0.381226,-0.073695,0.652040,0.473809,0.243535,0.419878,0.734708,-0.350505,-0.089396,0.171523,0.441791,-0.738453,0.394563,-0.323515
2026-03-27T17:57:14.559263+00:00,26.303742,1774634234559262500,-0.274480,0.325566,0.451586,0.674655,-0.067464,0.713706,0.176069,-0.380197,-0.074794,0.653672,0.472519,0.240732,0.420604,0.736046,-0.345751,-0.089699,0.172328,0.441498,-0.737030,0.389282,-0.330624
2026-03-27T17:57:14.574913+00:00,26.319393,1774634234574912900,-0.273230,0.325007,0.453613,0.675516,-0.068437,0.712704,0.177140,-0.379134,-0.075859,0.654689,0.470183,0.238312,0.419885,0.739294,-0.341588,-0.089783,0.172979,0.439807,-0.737329,0.388406,-0.335143
2026-03-27T17:57:14.591896+00:00,26.336376,1774634234591896100,-0.272011,0.324540,0.455707,0.676687,-0.068541,0.710858,0.177719,-0.378144,-0.077017,0.656000,0.469038,0.235882,0.419213,0.741557,-0.337478,-0.089752,0.173668,0.438516,-0.737384,0.388236,-0.338878
2026-03-27T17:57:14.609161+00:00,26.353641,1774634234609161300,-0.270847,0.324008,0.457832,0.677436,-0.068550,0.710319,0.178853,-0.376579,-0.078304,0.657250,0.468904,0.233813,0.418269,0.742714,-0.333273,-0.089635,0.173964,0.439346,-0.735085,0.387334,-0.340995
2026-03-27T17:57:14.626012+00:00,26.370492,1774634234626012100,-0.269750,0.323466,0.459871,0.678231,-0.068563,0.709403,0.179936,-0.375241,-0.079338,0.658232,0.469590,0.231935,0.417125,0.742566,-0.329291,-0.089358,0.174147,0.440290,-0.733767,0.386986,-0.344013
2026-03-27T17:57:14.643023+00:00,26.387503,1774634234643022800,-0.268627,0.322911,0.461903,0.678906,-0.068700,0.707873,0.181162,-0.374053,-0.080296,0.659144,0.469971,0.230594,0.416763,0.743316,-0.325475,-0.088821,0.174255,0.442273,-0.730920,0.386718,-0.347402
2026-03-27T17:57:14.660112+00:00,26.404591,1774634234660111500,-0.267621,0.322264,0.463887,0.679001,-0.069163,0.707783,0.182941,-0.372757,-0.081153,0.659891,0.470847,0.229173,0.416418,0.743081,-0.321638,-0.088098,0.174173,0.444382,-0.727746,0.387048,-0.351121
2026-03-27T17:57:14.677265+00:00,26.421745,1774634234677265300,-0.266650,0.321607,0.465809,0.679472,-0.069741,0.706509,0.184651,-0.371683,-0.081941,0.660560,0.470972,0.227774,0.416514,0.744247,-0.318127,-0.087394,0.173999,0.446597,-0.724798,0.387101,-0.354897
2026-03-27T17:57:14.694321+00:00,26.438801,1774634234694321000,-0.265483,0.321068,0.467560,0.679867,-0.070460,0.705604,0.186548,-0.370654,-0.082614,0.661097,0.470877,0.226080,0.416726,0.745129,-0.314861,-0.086538,0.173753,0.448841,-0.721496,0.386480,-0.358010
2026-03-27T17:57:14.711298+00:00,26.455778,1774634234711297600,-0.264389,0.320631,0.469256,0.679880,-0.070896,0.705116,0.188109,-0.369883,-0.083120,0.661621,0.470863,0.223685,0.416195,0.744713,-0.312002,-0.085721,0.173199,0.450797,-0.719227,0.386006,-0.361331
2026-03-27T17:57:14.728400+00:00,26.472880,1774634234728400100,-0.263034,0.320448,0.470801,0.680349,-0.070809,0.704380,0.189067,-0.369161,-0.083526,0.662066,0.470060,0.221932,0.416367,0.745918,-0.309368,-0.084738,0.172401,0.453130,-0.716756,0.385429,-0.364120
2026-03-27T17:57:14.747525+00:00,26.492005,1774634234747524900,-0.261798,0.320329,0.472339,0.680596,-0.070553,0.703915,0.190003,-0.368300,-0.083775,0.662416,0.469299,0.220866,0.416321,0.747424,-0.307097,-0.083776,0.171553,0.455027,-0.715032,0.384786,-0.366772
2026-03-27T17:57:14.764541+00:00,26.509021,1774634234764540900,-0.260035,0.320304,0.473812,0.680693,-0.068922,0.704567,0.190178,-0.367480,-0.083951,0.662774,0.470237,0.219796,0.414986,0.746839,-0.304792,-0.082546,0.170532,0.457305,-0.712746,0.384045,-0.369305
2026-03-27T17:57:14.781464+00:00,26.525944,1774634234781464200,-0.258526,0.320484,0.475031,0.681358,-0.067488,0.703903,0.190141,-0.366777,-0.084044,0.663037,0.471373,0.219292,0.413619,0.746375,-0.303066,-0.081430,0.169620,0.459962,-0.709600,0.383391,-0.370882
2026-03-27T17:57:14.798715+00:00,26.543195,1774634234798715500,-0.257043,0.320779,0.476153,0.682077,-0.065886,0.703194,0.189953,-0.366127,-0.084087,0.663212,0.471850,0.219619,0.413704,0.747682,-0.301414,-0.080234,0.168723,0.461671,-0.707573,0.383590,-0.372773
2026-03-27T17:57:14.815491+00:00,26.559971,1774634234815491100,-0.255562,0.321063,0.477145,0.682278,-0.064323,0.702996,0.189781,-0.365617,-0.084059,0.663374,0.473765,0.219664,0.412814,0.746089,-0.300018,-0.079093,0.167870,0.462912,-0.706245,0.384636,-0.374952
2026-03-27T17:57:14.832710+00:00,26.577190,1774634234832709800,-0.254153,0.321317,0.478002,0.682993,-0.062733,0.702292,0.189586,-0.365142,-0.083837,0.663473,0.475495,0.219859,0.412274,0.744814,-0.298723,-0.077889,0.167077,0.464983,-0.702868,0.384866,-0.376390
2026-03-27T17:57:14.849854+00:00,26.594334,1774634234849853500,-0.252887,0.321520,0.478704,0.683724,-0.061221,0.701568,0.189267,-0.364776,-0.083582,0.663530,0.476262,0.220375,0.412882,0.745126,-0.297666,-0.076779,0.166290,0.466764,-0.700295,0.385717,-0.378140
2026-03-27T17:57:14.866835+00:00,26.611315,1774634234866835300,-0.251549,0.321698,0.479268,0.683919,-0.059848,0.701870,0.189257,-0.364520,-0.083286,0.663525,0.477881,0.220750,0.412418,0.743951,-0.296746,-0.075685,0.165676,0.467979,-0.698549,0.386674,-0.379442
2026-03-27T17:57:14.883921+00:00,26.628401,1774634234883920900,-0.250469,0.321831,0.479621,0.684613,-0.058625,0.701678,0.189222,-0.364401,-0.083027,0.663515,0.479110,0.221139,0.412335,0.742808,-0.296072,-0.074761,0.164976,0.468872,-0.696518,0.387671,-0.380416
2026-03-27T17:57:14.901068+00:00,26.645548,1774634234901068200,-0.249313,0.321996,0.479854,0.685360,-0.057607,0.700947,0.188984,-0.364349,-0.082795,0.663467,0.479825,0.221525,0.412038,0.742252,-0.295526,-0.073901,0.164427,0.469405,-0.695362,0.388821,-0.381365
2026-03-27T17:57:14.918118+00:00,26.662598,1774634234918117700,-0.248380,0.322136,0.479820,0.686194,-0.056808,0.700641,0.188586,-0.364359,-0.082613,0.663359,0.480125,0.222192,0.412255,0.742174,-0.295262,-0.073234,0.163841,0.470449,-0.693619,0.389355,-0.381674
2026-03-27T17:57:14.935112+00:00,26.679592,1774634234935112100,-0.247357,0.322307,0.479654,0.687341,-0.056089,0.699583,0.188086,-0.364397,-0.082446,0.663120,0.480465,0.222847,0.412122,0.741338,-0.295102,-0.072642,0.163406,0.470870,-0.693296,0.390524,-0.381833
2026-03-27T17:57:14.967487+00:00,26.711967,1774634234967487000,-0.245835,0.322690,0.479037,0.689758,-0.055042,0.696971,0.187419,-0.364422,-0.082243,0.662359,0.480641,0.225080,0.411877,0.741374,-0.295340,-0.071944,0.162617,0.471790,-0.692794,0.391647,-0.380266
2026-03-27T17:57:14.984355+00:00,26.728835,1774634234984355000,-0.245164,0.322962,0.478381,0.690910,-0.054339,0.695822,0.187144,-0.364456,-0.082180,0.661860,0.481294,0.226567,0.411458,0.740830,-0.295542,-0.071672,0.162383,0.472919,-0.692688,0.392249,-0.378610
2026-03-27T17:57:15.001411+00:00,26.745891,1774634235001411400,-0.244533,0.323360,0.477740,0.691536,-0.053536,0.695692,0.187129,-0.364378,-0.082138,0.661293,0.481605,0.228128,0.411168,0.740259,-0.296124,-0.071428,0.162098,0.474558,-0.691446,0.392390,-0.376515
2026-03-27T17:57:15.018426+00:00,26.762906,1774634235018426300,-0.243972,0.323826,0.477025,0.692593,-0.052548,0.694639,0.187117,-0.364286,-0.082107,0.660568,0.481702,0.229579,0.411069,0.739560,-0.296717,-0.071180,0.161934,0.475891,-0.691661,0.392980,-0.374385
2026-03-27T17:57:15.035163+00:00,26.779643,1774634235035163000,-0.243497,0.324304,0.476293,0.693155,-0.051518,0.694089,0.186930,-0.364196,-0.082078,0.659880,0.481192,0.230501,0.411057,0.739565,-0.297404,-0.070913,0.161757,0.477000,-0.691892,0.393612,-0.372373
2026-03-27T17:57:15.052316+00:00,26.796796,1774634235052316100,-0.243081,0.324746,0.475514,0.693226,-0.050711,0.694519,0.186730,-0.364128,-0.082040,0.658974,0.480071,0.231137,0.411094,0.740221,-0.298079,-0.070604,0.161642,0.478210,-0.691811,0.394355,-0.369817
2026-03-27T17:57:15.069405+00:00,26.813885,1774634235069404900,-0.242688,0.325153,0.474770,0.693315,-0.050094,0.694458,0.186206,-0.364091,-0.081986,0.658134,0.479408,0.231193,0.410530,0.740264,-0.298645,-0.070232,0.161635,0.478490,-0.693099,0.395841,-0.367994
2026-03-27T17:57:15.086316+00:00,26.830796,1774634235086315900,-0.242411,0.325491,0.473907,0.693391,-0.049610,0.694398,0.185744,-0.364050,-0.081947,0.657084,0.478992,0.231326,0.410541,0.741139,-0.299140,-0.069882,0.161622,0.479118,-0.692600,0.397173,-0.365758
2026-03-27T17:57:15.103039+00:00,26.847519,1774634235103039300,-0.242125,0.325744,0.473182,0.693546,-0.049141,0.694250,0.185048,-0.364054,-0.081888,0.656155,0.479872,0.231241,0.410256,0.739775,-0.299534,-0.069517,0.161700,0.480294,-0.691211,0.398646,-0.363300
2026-03-27T17:57:15.120107+00:00,26.864587,1774634235120106800,-0.241938,0.325903,0.472278,0.693209,-0.048855,0.695066,0.184673,-0.364026,-0.081833,0.654995,0.480576,0.231323,0.410801,0.739398,-0.299949,-0.069165,0.161714,0.481126,-0.690731,0.400910,-0.361349
2026-03-27T17:57:15.137234+00:00,26.881714,1774634235137234400,-0.241746,0.325967,0.471498,0.693343,-0.048651,0.694913,0.184328,-0.363990,-0.081806,0.653941,0.480953,0.231435,0.412007,0.739518,-0.300336,-0.068811,0.161740,0.482880,-0.688840,0.402308,-0.358974
2026-03-27T17:57:15.154251+00:00,26.898731,1774634235154250700,-0.241556,0.326010,0.470712,0.692959,-0.048749,0.695721,0.184415,-0.363957,-0.081744,0.652762,0.481986,0.231046,0.412584,0.738090,-0.300783,-0.068530,0.161734,0.483427,-0.689001,0.404845,-0.357776
2026-03-27T17:57:15.171255+00:00,26.915735,1774634235171254900,-0.241459,0.325947,0.469787,0.692918,-0.048908,0.695244,0.184491,-0.363977,-0.081769,0.651954,0.482672,0.230314,0.413506,0.736410,-0.301241,-0.068278,0.161582,0.484719,-0.687602,0.406159,-0.356046
2026-03-27T17:57:15.188639+00:00,26.933120,1774634235188639600,-0.241342,0.325907,0.468939,0.692821,-0.049307,0.695333,0.184778,-0.363984,-0.081797,0.650769,0.482738,0.229985,0.414713,0.736141,-0.301778,-0.068024,0.161405,0.485529,-0.687436,0.407556,-0.354694
2026-03-27T17:57:15.205518+00:00,26.949998,1774634235205518100,-0.241255,0.325731,0.468026,0.692800,-0.049674,0.695277,0.184972,-0.364000,-0.081754,0.649636,0.482821,0.229490,0.415864,0.735591,-0.302300,-0.067800,0.161127,0.486469,-0.686819,0.408590,-0.353409
2026-03-27T17:57:15.222337+00:00,26.966817,1774634235222337400,-0.241062,0.325709,0.467184,0.693178,-0.049968,0.694497,0.184889,-0.363944,-0.081529,0.648572,0.482877,0.228944,0.416326,0.734474,-0.303049,-0.067584,0.160705,0.486811,-0.686878,0.408505,-0.351933
2026-03-27T17:57:15.239439+00:00,26.983919,1774634235239439100,-0.240825,0.325640,0.466442,0.693143,-0.050062,0.694532,0.184885,-0.363903,-0.081474,0.647631,0.482270,0.229373,0.417559,0.735407,-0.303781,-0.067371,0.160234,0.486325,-0.687791,0.409322,-0.350836
2026-03-27T17:57:15.256523+00:00,27.001003,1774634235256522700,-0.240545,0.325649,0.465641,0.692689,-0.049602,0.695549,0.184703,-0.363845,-0.081399,0.646693,0.482497,0.229860,0.417840,0.734627,-0.304485,-0.067178,0.159716,0.485785,-0.687812,0.410172,-0.349716
2026-03-27T17:57:15.273592+00:00,27.018072,1774634235273592300,-0.240212,0.325699,0.464983,0.692819,-0.048957,0.695476,0.184128,-0.363759,-0.081325,0.645902,0.483020,0.230647,0.417580,0.733860,-0.305184,-0.066953,0.159218,0.484506,-0.688574,0.411606,-0.349452
2026-03-27T17:57:15.290700+00:00,27.035180,1774634235290699700,-0.239905,0.325723,0.464223,0.692413,-0.048275,0.696410,0.183742,-0.363614,-0.081249,0.645116,0.483557,0.231382,0.417337,0.733094,-0.305797,-0.066713,0.158693,0.483389,-0.689056,0.413036,-0.349235
2026-03-27T17:57:15.307773+00:00,27.052253,1774634235307773200,-0.239726,0.325768,0.463812,0.692549,-0.047490,0.695796,0.182903,-0.363497,-0.081176,0.644473,0.483899,0.232457,0.417751,0.733158,-0.306441,-0.066456,0.158201,0.483029,-0.688730,0.414253,-0.348728
2026-03-27T17:57:15.324706+00:00,27.069186,1774634235324705700,-0.239269,0.325789,0.463216,0.692125,-0.046770,0.696538,0.182461,-0.363398,-0.081087,0.643915,0.484166,0.233435,0.417965,0.733111,-0.307068,-0.066214,0.157709,0.483904,-0.687385,0.414846,-0.348336
2026-03-27T17:57:15.341589+00:00,27.086069,1774634235341588700,-0.239046,0.325874,0.462553,0.691774,-0.046238,0.696895,0.181908,-0.363314,-0.080950,0.643429,0.484914,0.233933,0.417580,0.731466,-0.307663,-0.065973,0.157227,0.483970,-0.686801,0.415843,-0.348065
2026-03-27T17:57:15.359150+00:00,27.103630,1774634235359150100,-0.238863,0.325888,0.462055,0.691331,-0.045875,0.697839,0.181741,-0.363219,-0.080833,0.642981,0.484885,0.234712,0.418324,0.731291,-0.308331,-0.065774,0.156732,0.484152,-0.686341,0.416651,-0.347777
2026-03-27T17:57:15.376066+00:00,27.120546,1774634235376066500,-0.238742,0.325882,0.461404,0.690691,-0.045609,0.698529,0.181309,-0.363196,-0.080689,0.642691,0.484811,0.235379,0.418901,0.730754,-0.308974,-0.065649,0.156260,0.484262,-0.685658,0.417143,-0.347300
2026-03-27T17:57:15.393076+00:00,27.137556,1774634235393076500,-0.238664,0.325917,0.460870,0.690480,-0.045466,0.698693,0.181059,-0.363140,-0.080542,0.642428,0.484624,0.236236,0.419334,0.730043,-0.309662,-0.065608,0.155796,0.483687,-0.685841,0.417889,-0.346848
2026-03-27T17:57:15.410024+00:00,27.154504,1774634235410023800,-0.238619,0.325929,0.460206,0.690050,-0.045431,0.699130,0.180760,-0.363097,-0.080383,0.642279,0.484357,0.236985,0.419857,0.729172,-0.310422,-0.065662,0.155342,0.482116,-0.687769,0.418695,-0.346619
2026-03-27T17:57:15.429673+00:00,27.174153,1774634235429673400,-0.238619,0.325926,0.459490,0.689624,-0.045529,0.700067,0.180422,-0.363006,-0.080241,0.642146,0.484017,0.238445,0.420301,0.729147,-0.311300,-0.065755,0.154883,0.481323,-0.687918,0.418535,-0.345684
2026-03-27T17:57:15.446301+00:00,27.190780,1774634235446300300,-0.238619,0.325943,0.458797,0.689234,-0.045592,0.700463,0.180011,-0.362882,-0.080156,0.642076,0.483247,0.239879,0.420958,0.729918,-0.311961,-0.065961,0.154571,0.480135,-0.689671,0.419171,-0.345504
2026-03-27T17:57:15.463287+00:00,27.207767,1774634235463287300,-0.238703,0.325938,0.458047,0.689040,-0.045631,0.700745,0.179649,-0.362720,-0.080091,0.642052,0.483018,0.241102,0.421008,0.729639,-0.312629,-0.066286,0.154320,0.479893,-0.689577,0.418844,-0.344642
2026-03-27T17:57:15.480410+00:00,27.224890,1774634235480410000,-0.238637,0.325952,0.457439,0.689014,-0.045656,0.701139,0.179514,-0.362634,-0.080001,0.642029,0.482997,0.241964,0.420857,0.728092,-0.313140,-0.066635,0.154179,0.479684,-0.690018,0.419236,-0.343784
2026-03-27T17:57:15.497318+00:00,27.241798,1774634235497318100,-0.238760,0.325996,0.456761,0.689017,-0.045686,0.700683,0.178933,-0.362502,-0.079973,0.642007,0.482048,0.243223,0.421745,0.728724,-0.313672,-0.066988,0.154075,0.480005,-0.689580,0.419222,-0.342780
2026-03-27T17:57:15.514394+00:00,27.258874,1774634235514393900,-0.238919,0.326002,0.456060,0.689169,-0.045828,0.700494,0.178561,-0.362377,-0.079934,0.642025,0.481882,0.243824,0.421734,0.727302,-0.314057,-0.067314,0.154060,0.479800,-0.690980,0.419885,-0.342231
2026-03-27T17:57:15.531393+00:00,27.275873,1774634235531393400,-0.239121,0.325994,0.455443,0.688700,-0.046044,0.701461,0.178417,-0.362257,-0.079928,0.642010,0.481048,0.244736,0.422522,0.727772,-0.314457,-0.067612,0.154064,0.480424,-0.690584,0.419908,-0.341006
2026-03-27T17:57:15.548356+00:00,27.292836,1774634235548355800,-0.239344,0.326015,0.454785,0.688731,-0.046239,0.700931,0.178031,-0.362139,-0.079923,0.642005,0.480349,0.245212,0.422984,0.727685,-0.314747,-0.067878,0.154101,0.480985,-0.690581,0.420201,-0.339898
2026-03-27T17:57:15.565256+00:00,27.309736,1774634235565256300,-0.239603,0.326009,0.454172,0.688301,-0.046558,0.701860,0.177748,-0.362061,-0.079934,0.641996,0.479708,0.245640,0.423626,0.727875,-0.315054,-0.068121,0.154143,0.481455,-0.690616,0.420497,-0.338842
2026-03-27T17:57:15.582228+00:00,27.326708,1774634235582228200,-0.239863,0.326022,0.453552,0.688342,-0.046870,0.701315,0.177376,-0.361990,-0.079945,0.641986,0.479122,0.245897,0.424240,0.727967,-0.315291,-0.068362,0.154191,0.481857,-0.690638,0.420874,-0.337820
2026-03-27T17:57:15.599018+00:00,27.343498,1774634235599017700,-0.240143,0.325988,0.452952,0.687876,-0.047235,0.702270,0.177270,-0.361898,-0.079967,0.641956,0.478368,0.246146,0.425265,0.728276,-0.315570,-0.068601,0.154234,0.482128,-0.690588,0.421401,-0.336804
2026-03-27T17:57:15.616069+00:00,27.360549,1774634235616068600,-0.240435,0.325936,0.452363,0.687875,-0.047620,0.702261,0.177170,-0.361857,-0.080000,0.641871,0.478360,0.246118,0.425764,0.726911,-0.315783,-0.068828,0.154284,0.482409,-0.690518,0.422033,-0.335695
2026-03-27T17:57:15.637574+00:00,27.382054,1774634235637574500,-0.240788,0.325847,0.451654,0.687335,-0.048277,0.702798,0.176999,-0.361760,-0.080030,0.641684,0.477574,0.246444,0.427101,0.727578,-0.316040,-0.069103,0.154330,0.482283,-0.691087,0.423861,-0.334523
2026-03-27T17:57:15.650373+00:00,27.394853,1774634235650373500,-0.241027,0.325797,0.451203,0.687463,-0.048833,0.702672,0.176836,-0.361795,-0.080049,0.641478,0.477672,0.246395,0.427371,0.727197,-0.316313,-0.069254,0.154310,0.482111,-0.690871,0.424157,-0.333560
2026-03-27T17:57:15.667798+00:00,27.412278,1774634235667798300,-0.241319,0.325731,0.450591,0.687454,-0.049439,0.702682,0.176704,-0.361737,-0.080067,0.641222,0.477462,0.246496,0.427804,0.727532,-0.316617,-0.069452,0.154231,0.482350,-0.690152,0.423898,-0.332475
2026-03-27T17:57:15.684499+00:00,27.428979,1774634235684498900,-0.241561,0.325677,0.450094,0.687500,-0.049911,0.702636,0.176522,-0.361720,-0.080063,0.641007,0.478041,0.246054,0.427537,0.726153,-0.316931,-0.069634,0.154087,0.481657,-0.690848,0.424203,-0.332070
2026-03-27T17:57:15.701618+00:00,27.446098,1774634235701617600,-0.241794,0.325678,0.449562,0.687440,-0.050183,0.702210,0.176302,-0.361699,-0.080056,0.640718,0.477924,0.245716,0.427694,0.725916,-0.317255,-0.069799,0.153872,0.480423,-0.692007,0.424504,-0.332081
2026-03-27T17:57:15.718576+00:00,27.463056,1774634235718576400,-0.241986,0.325669,0.449151,0.686995,-0.050429,0.703163,0.176145,-0.361698,-0.080067,0.640440,0.477577,0.245795,0.428529,0.726457,-0.317586,-0.069945,0.153627,0.479387,-0.692514,0.424549,-0.331590
2026-03-27T17:57:15.735526+00:00,27.480006,1774634235735525900,-0.242204,0.325680,0.448675,0.686994,-0.050515,0.703160,0.176039,-0.361715,-0.080038,0.640128,0.477435,0.245718,0.428925,0.726691,-0.317816,-0.069943,0.153433,0.478683,-0.692645,0.424546,-0.331249
2026-03-27T17:57:15.752769+00:00,27.497249,1774634235752768600,-0.242396,0.325715,0.448314,0.686918,-0.050607,0.703261,0.175785,-0.361796,-0.079961,0.639864,0.478012,0.245284,0.428661,0.725311,-0.318107,-0.069948,0.153167,0.478236,-0.692946,0.424435,-0.331282
2026-03-27T17:57:15.769603+00:00,27.514084,1774634235769603600,-0.242614,0.325720,0.447956,0.686524,-0.050621,0.703635,0.175495,-0.361924,-0.079900,0.639603,0.477928,0.245146,0.429156,0.725469,-0.318531,-0.069995,0.152746,0.477591,-0.694446,0.424978,-0.331827
2026-03-27T17:57:15.786569+00:00,27.531049,1774634235786569400,-0.242812,0.325756,0.447664,0.686466,-0.050609,0.703727,0.175218,-0.362178,-0.079835,0.639311,0.477737,0.244776,0.429277,0.725717,-0.318931,-0.070105,0.152304,0.477868,-0.694214,0.424691,-0.332048
