timestamp,time_seconds,timestamp_ns,t_ms,t_ms_corrected_ns,gripper_side,sw,opening_mm,angle_deg
2026-03-27T16:47:07.958089+00:00,0.039808,1774630027958088817,443700,1774630027958088817,right,ON,2.1,3.4
2026-03-27T16:47:07.973288+00:00,0.055007,1774630027973287817,443716,1774630027973663232,right,ON,2.7,4.37
2026-03-27T16:47:07.989741+00:00,0.071461,1774630027989741017,443732,1774630027989767680,right,ON,3.2,5.33
2026-03-27T16:47:08.005167+00:00,0.086886,1774630028005166617,443748,1774630028005515264,right,ON,3.6,5.86
2026-03-27T16:47:08.021670+00:00,0.103390,1774630028021670417,443764,1774630028021601536,right,ON,3.6,5.86
2026-03-27T16:47:08.037201+00:00,0.118920,1774630028037200517,443780,1774630028037458176,right,ON,3.6,5.86
2026-03-27T16:47:08.053486+00:00,0.135205,1774630028053485817,443796,1774630028053470720,right,ON,3.6,5.86
2026-03-27T16:47:08.069802+00:00,0.151521,1774630028069801717,443812,1774630028069588480,right,ON,3.6,5.95
2026-03-27T16:47:08.085168+00:00,0.166888,1774630028085168017,443828,1774630028085470464,right,ON,3.7,6.04
2026-03-27T16:47:08.101918+00:00,0.183637,1774630028101917917,443844,1774630028101604352,right,ON,3.9,6.48
2026-03-27T16:47:08.118184+00:00,0.199904,1774630028118184017,443860,1774630028117777920,right,ON,4.5,7.36
2026-03-27T16:47:08.133587+00:00,0.215307,1774630028133587417,443876,1774630028133757440,right,ON,4.9,8.06
2026-03-27T16:47:08.150045+00:00,0.231764,1774630028150044817,443892,1774630028149851136,right,ON,5.1,8.41
2026-03-27T16:47:08.165549+00:00,0.247269,1774630028165549117,443908,1774630028165811712,right,ON,5.0,8.24
2026-03-27T16:47:08.181904+00:00,0.263623,1774630028181903817,443924,1774630028181855744,right,ON,5.0,8.24
2026-03-27T16:47:08.198427+00:00,0.280147,1774630028198427017,443940,1774630028197998080,right,ON,5.0,8.24
2026-03-27T16:47:08.213721+00:00,0.295440,1774630028213720917,443956,1774630028213977344,right,ON,5.1,8.32
2026-03-27T16:47:08.230090+00:00,0.311810,1774630028230090017,443972,1774630028230028032,right,ON,5.1,8.32
2026-03-27T16:47:08.246753+00:00,0.328473,1774630028246753017,443988,1774630028246187520,right,ON,5.1,8.32
2026-03-27T16:47:08.262095+00:00,0.343815,1774630028262095317,444004,1774630028262210304,right,ON,5.1,8.32
2026-03-27T16:47:08.278517+00:00,0.360236,1774630028278516617,444020,1774630028278297600,right,ON,5.1,8.32
2026-03-27T16:47:08.293879+00:00,0.375599,1774630028293879417,444036,1774630028294272256,right,ON,5.1,8.32
2026-03-27T16:47:08.310392+00:00,0.392111,1774630028310391617,444052,1774630028310326784,right,ON,5.1,8.32
2026-03-27T16:47:08.326895+00:00,0.408615,1774630028326895117,444068,1774630028326446592,right,ON,5.0,8.24
2026-03-27T16:47:08.342236+00:00,0.423955,1774630028342235917,444084,1774630028342458368,right,ON,4.9,8.06
2026-03-27T16:47:08.358691+00:00,0.440411,1774630028358691417,444100,1774630028358529792,right,ON,4.9,8.06
2026-03-27T16:47:08.374939+00:00,0.456658,1774630028374938917,444116,1774630028374624512,right,ON,4.9,8.06
2026-03-27T16:47:08.390646+00:00,0.472365,1774630028390645617,444132,1774630028390670848,right,ON,4.9,8.06
2026-03-27T16:47:08.406899+00:00,0.488619,1774630028406899117,444148,1774630028406742528,right,ON,4.9,8.06
2026-03-27T16:47:08.422712+00:00,0.504431,1774630028422711917,444164,1774630028422783744,right,ON,4.9,8.06
2026-03-27T16:47:08.438736+00:00,0.520455,1774630028438735817,444180,1774630028438822656,right,ON,4.9,8.06
2026-03-27T16:47:08.455479+00:00,0.537198,1774630028455478717,444196,1774630028454940672,right,ON,4.9,8.06
2026-03-27T16:47:08.470734+00:00,0.552453,1774630028470733517,444212,1774630028470965248,right,ON,4.9,8.06
2026-03-27T16:47:08.487149+00:00,0.568869,1774630028487149017,444228,1774630028487030784,right,ON,4.9,8.06
2026-03-27T16:47:08.503580+00:00,0.585300,1774630028503580217,444244,1774630028503134720,right,ON,4.9,8.06
2026-03-27T16:47:08.518881+00:00,0.600600,1774630028518880617,444260,1774630028519158016,right,ON,4.9,8.06
2026-03-27T16:47:08.535527+00:00,0.617247,1774630028535527517,444276,1774630028535242240,right,ON,5.0,8.15
2026-03-27T16:47:08.550868+00:00,0.632587,1774630028550867717,444292,1774630028551255296,right,ON,5.0,8.15
2026-03-27T16:47:08.567284+00:00,0.649003,1774630028567283617,444308,1774630028567305728,right,ON,5.0,8.24
2026-03-27T16:47:08.583673+00:00,0.665393,1774630028583673017,444324,1774630028583387392,right,ON,5.0,8.24
2026-03-27T16:47:08.599234+00:00,0.680953,1774630028599233817,444340,1774630028599422464,right,ON,5.1,8.32
2026-03-27T16:47:08.615575+00:00,0.697294,1774630028615574917,444356,1774630028615484160,right,ON,5.2,8.5
2026-03-27T16:47:08.632043+00:00,0.713763,1774630028632043217,444372,1774630028631581184,right,ON,5.3,8.67
2026-03-27T16:47:08.647412+00:00,0.729131,1774630028647411917,444388,1774630028647617024,right,ON,5.4,8.85
2026-03-27T16:47:08.664043+00:00,0.745763,1774630028664043317,444404,1774630028663702016,right,ON,5.5,9.03
2026-03-27T16:47:08.679383+00:00,0.761103,1774630028679383317,444420,1774630028679727104,right,ON,5.6,9.29
2026-03-27T16:47:08.695740+00:00,0.777459,1774630028695739717,444436,1774630028695778048,right,ON,5.9,9.64
2026-03-27T16:47:08.712244+00:00,0.793964,1774630028712244317,444452,1774630028711864064,right,ON,6.0,9.82
2026-03-27T16:47:08.727548+00:00,0.809267,1774630028727547617,444468,1774630028727890944,right,ON,6.2,10.17
2026-03-27T16:47:08.744128+00:00,0.825848,1774630028744128417,444484,1774630028743958784,right,ON,6.5,10.61
2026-03-27T16:47:08.760554+00:00,0.842273,1774630028760553917,444500,1774630028760053248,right,ON,6.7,11.05
2026-03-27T16:47:08.775857+00:00,0.857577,1774630028775857517,444516,1774630028776090880,right,ON,6.8,11.22
2026-03-27T16:47:08.792300+00:00,0.874019,1774630028792299817,444532,1774630028792157184,right,ON,6.9,11.4
2026-03-27T16:47:08.807648+00:00,0.889368,1774630028807648017,444548,1774630028808173312,right,ON,7.0,11.58
2026-03-27T16:47:08.824249+00:00,0.905969,1774630028824249317,444564,1774630028824229376,right,ON,7.0,11.58
2026-03-27T16:47:08.840612+00:00,0.922331,1774630028840611517,444580,1774630028840305920,right,ON,7.0,11.58
2026-03-27T16:47:08.855964+00:00,0.937683,1774630028855963917,444596,1774630028856334848,right,ON,7.1,11.66
2026-03-27T16:47:08.872425+00:00,0.954144,1774630028872424817,444612,1774630028872391680,right,ON,7.1,11.66
2026-03-27T16:47:08.888982+00:00,0.970702,1774630028888982017,444628,1774630028888480512,right,ON,7.1,11.75
2026-03-27T16:47:08.904400+00:00,0.986119,1774630028904399517,444644,1774630028904527360,right,ON,7.1,11.75
2026-03-27T16:47:08.920805+00:00,1.002525,1774630028920805217,444660,1774630028920596224,right,ON,7.3,11.93
2026-03-27T16:47:08.936253+00:00,1.017973,1774630028936253017,444676,1774630028936627456,right,ON,7.4,12.1
2026-03-27T16:47:08.952692+00:00,1.034412,1774630028952692117,444692,1774630028952679168,right,ON,7.5,12.28
2026-03-27T16:47:08.969225+00:00,1.050944,1774630028969224617,444708,1774630028968768000,right,ON,7.6,12.45
2026-03-27T16:47:08.984472+00:00,1.066192,1774630028984472217,444724,1774630028984828416,right,ON,7.7,12.72
2026-03-27T16:47:09.000947+00:00,1.082667,1774630029000947517,444740,1774630029000888832,right,ON,7.9,12.98
2026-03-27T16:47:09.017292+00:00,1.099011,1774630029017291717,444756,1774630029016979456,right,ON,7.9,13.07
2026-03-27T16:47:09.033056+00:00,1.114776,1774630029033056217,444772,1774630029033032448,right,ON,8.0,13.16
2026-03-27T16:47:09.049290+00:00,1.131010,1774630029049290417,444788,1774630029049110272,right,ON,8.0,13.16
2026-03-27T16:47:09.064665+00:00,1.146385,1774630029064665217,444804,1774630029065129472,right,ON,8.1,13.25
2026-03-27T16:47:09.081048+00:00,1.162767,1774630029081047517,444820,1774630029081176320,right,ON,8.1,13.25
2026-03-27T16:47:09.097490+00:00,1.179209,1774630029097489617,444836,1774630029097254656,right,ON,8.2,13.42
2026-03-27T16:47:09.113150+00:00,1.194870,1774630029113150417,444852,1774630029113287424,right,ON,8.3,13.6
2026-03-27T16:47:09.130935+00:00,1.212655,1774630029130935117,444868,1774630029129446400,right,ON,8.4,13.77
2026-03-27T16:47:09.145903+00:00,1.227623,1774630029145903117,444884,1774630029145543936,right,ON,8.5,13.95
2026-03-27T16:47:09.161217+00:00,1.242937,1774630029161217117,444900,1774630029161575424,right,ON,8.5,14.04
2026-03-27T16:47:09.177795+00:00,1.259514,1774630029177794817,444916,1774630029177650944,right,ON,8.5,14.04
2026-03-27T16:47:09.193259+00:00,1.274979,1774630029193259317,444932,1774630029193673216,right,ON,8.5,14.04
2026-03-27T16:47:09.209550+00:00,1.291269,1774630029209549717,444948,1774630029209719040,right,ON,8.5,14.04
2026-03-27T16:47:09.225999+00:00,1.307719,1774630029225999017,444964,1774630029225803008,right,ON,8.5,14.04
2026-03-27T16:47:09.241357+00:00,1.323077,1774630029241357217,444980,1774630029241820928,right,ON,8.5,14.04
2026-03-27T16:47:09.257895+00:00,1.339614,1774630029257894717,444996,1774630029257877760,right,ON,8.5,14.04
2026-03-27T16:47:09.274338+00:00,1.356058,1774630029274338317,445012,1774630029273976832,right,ON,8.6,14.12
2026-03-27T16:47:09.289738+00:00,1.371457,1774630029289737717,445028,1774630029290013696,right,ON,8.5,14.04
2026-03-27T16:47:09.306164+00:00,1.387883,1774630029306163717,445044,1774630029306084352,right,ON,8.6,14.12
2026-03-27T16:47:09.321495+00:00,1.403215,1774630029321495217,445060,1774630029322088960,right,ON,8.6,14.12
2026-03-27T16:47:09.338994+00:00,1.420713,1774630029338993617,445076,1774630029338196224,right,ON,8.6,14.12
2026-03-27T16:47:09.354538+00:00,1.436258,1774630029354538317,445092,1774630029354284544,right,ON,8.6,14.12
2026-03-27T16:47:09.369882+00:00,1.451601,1774630029369881617,445108,1774630029370306816,right,ON,8.5,14.04
2026-03-27T16:47:09.386263+00:00,1.467982,1774630029386262917,445124,1774630029386361344,right,ON,8.5,14.04
2026-03-27T16:47:09.402880+00:00,1.484600,1774630029402880617,445140,1774630029402456320,right,ON,8.6,14.12
2026-03-27T16:47:09.418231+00:00,1.499950,1774630029418230617,445156,1774630029418496768,right,ON,8.6,14.12
2026-03-27T16:47:09.434597+00:00,1.516317,1774630029434597017,445172,1774630029434562048,right,ON,8.5,14.04
2026-03-27T16:47:09.449991+00:00,1.531710,1774630029449990717,445188,1774630029450579456,right,ON,8.5,14.04
2026-03-27T16:47:09.466393+00:00,1.548113,1774630029466393417,445204,1774630029466617344,right,ON,8.6,14.12
2026-03-27T16:47:09.483017+00:00,1.564737,1774630029483017517,445220,1774630029482711296,right,ON,8.6,14.12
2026-03-27T16:47:09.498348+00:00,1.580068,1774630029498348217,445236,1774630029498736128,right,ON,8.5,14.04
2026-03-27T16:47:09.514949+00:00,1.596669,1774630029514949317,445252,1774630029514804992,right,ON,8.6,14.12
2026-03-27T16:47:09.531251+00:00,1.612970,1774630029531250717,445268,1774630029530900480,right,ON,8.6,14.12
2026-03-27T16:47:09.546544+00:00,1.628264,1774630029546544017,445284,1774630029546925824,right,ON,8.5,14.04
2026-03-27T16:47:09.563364+00:00,1.645083,1774630029563363717,445300,1774630029563016192,right,ON,8.5,14.04
2026-03-27T16:47:09.578714+00:00,1.660433,1774630029578713517,445316,1774630029579040512,right,ON,8.6,14.12
2026-03-27T16:47:09.595103+00:00,1.676823,1774630029595103217,445332,1774630029595096320,right,ON,8.5,14.04
2026-03-27T16:47:09.611296+00:00,1.693015,1774630029611295617,445348,1774630029611170048,right,ON,8.6,14.12
2026-03-27T16:47:09.626817+00:00,1.708537,1774630029626817217,445364,1774630029627196160,right,ON,8.5,14.04
2026-03-27T16:47:09.643249+00:00,1.724968,1774630029643248717,445380,1774630029643253760,right,ON,8.5,14.04
2026-03-27T16:47:09.659660+00:00,1.741379,1774630029659659417,445396,1774630029659345920,right,ON,8.5,14.04
2026-03-27T16:47:09.675133+00:00,1.756853,1774630029675133517,445412,1774630029675380992,right,ON,8.6,14.12
2026-03-27T16:47:09.691623+00:00,1.773342,1774630029691622717,445428,1774630029691460096,right,ON,8.5,14.04
2026-03-27T16:47:09.706991+00:00,1.788711,1774630029706991417,445444,1774630029707475200,right,ON,8.5,14.04
2026-03-27T16:47:09.723447+00:00,1.805167,1774630029723447217,445460,1774630029723523840,right,ON,8.5,14.04
2026-03-27T16:47:09.739776+00:00,1.821496,1774630029739776217,445476,1774630029739603200,right,ON,8.5,14.04
2026-03-27T16:47:09.755227+00:00,1.836947,1774630029755227017,445492,1774630029755622144,right,ON,8.5,14.04
2026-03-27T16:47:09.771864+00:00,1.853584,1774630029771864117,445508,1774630029771692544,right,ON,8.5,14.04
2026-03-27T16:47:09.790077+00:00,1.871797,1774630029790077317,445524,1774630029787906048,right,ON,8.5,14.04
2026-03-27T16:47:09.803529+00:00,1.885248,1774630029803528817,445540,1774630029803934464,right,ON,8.5,14.04
2026-03-27T16:47:09.819944+00:00,1.901663,1774630029819943617,445556,1774630029819996672,right,ON,8.5,14.04
2026-03-27T16:47:09.835327+00:00,1.917046,1774630029835326917,445572,1774630029835995392,right,ON,8.5,14.04
2026-03-27T16:47:09.851863+00:00,1.933582,1774630029851862717,445588,1774630029852040704,right,ON,8.5,14.04
2026-03-27T16:47:09.868324+00:00,1.950043,1774630029868323917,445604,1774630029868119808,right,ON,8.5,14.04
2026-03-27T16:47:09.883649+00:00,1.965368,1774630029883648917,445620,1774630029884132352,right,ON,8.5,14.04
2026-03-27T16:47:09.900036+00:00,1.981756,1774630029900036017,445636,1774630029900177664,right,ON,8.6,14.12
2026-03-27T16:47:09.916656+00:00,1.998375,1774630029916655817,445652,1774630029916273152,right,ON,8.5,14.04
2026-03-27T16:47:09.931938+00:00,2.013657,1774630029931937817,445668,1774630029932300800,right,ON,8.5,14.04
2026-03-27T16:47:09.948364+00:00,2.030083,1774630029948363517,445684,1774630029948362240,right,ON,8.5,14.04
2026-03-27T16:47:09.963799+00:00,2.045519,1774630029963799017,445700,1774630029964367104,right,ON,8.5,14.04
2026-03-27T16:47:09.980263+00:00,2.061983,1774630029980263317,445716,1774630029980408832,right,ON,8.5,14.04
2026-03-27T16:47:09.997427+00:00,2.079146,1774630029997426917,445732,1774630029996532992,right,ON,8.5,14.04
2026-03-27T16:47:10.013619+00:00,2.095339,1774630030013619017,445748,1774630030012639232,right,ON,8.5,14.04
2026-03-27T16:47:10.028513+00:00,2.110233,1774630030028513317,445764,1774630030028685568,right,ON,8.5,14.04
2026-03-27T16:47:10.045017+00:00,2.126736,1774630030045016517,445780,1774630030044768000,right,ON,8.5,14.04
2026-03-27T16:47:10.060472+00:00,2.142192,1774630030060472217,445796,1774630030060804608,right,ON,8.5,14.04
2026-03-27T16:47:10.076839+00:00,2.158559,1774630030076839217,445812,1774630030076866048,right,ON,8.5,14.04
2026-03-27T16:47:10.092329+00:00,2.174049,1774630030092329117,445828,1774630030092871680,right,ON,8.5,14.04
2026-03-27T16:47:10.108706+00:00,2.190426,1774630030108706417,445844,1774630030108907008,right,ON,8.5,14.04
2026-03-27T16:47:10.125229+00:00,2.206948,1774630030125228617,445860,1774630030124982528,right,ON,8.5,14.04
2026-03-27T16:47:10.140596+00:00,2.222315,1774630030140595917,445876,1774630030141003520,right,ON,8.5,14.04
2026-03-27T16:47:10.156969+00:00,2.238689,1774630030156969217,445892,1774630030157098496,right,ON,8.5,14.04
2026-03-27T16:47:10.173502+00:00,2.255222,1774630030173502017,445908,1774630030173190400,right,ON,8.5,14.04
2026-03-27T16:47:10.188793+00:00,2.270512,1774630030188792717,445924,1774630030189212416,right,ON,8.6,14.12
2026-03-27T16:47:10.205810+00:00,2.287530,1774630030205810117,445940,1774630030205309696,right,ON,8.6,14.12
2026-03-27T16:47:10.221809+00:00,2.303528,1774630030221808817,445956,1774630030221384192,right,ON,8.6,14.12
2026-03-27T16:47:10.237262+00:00,2.318982,1774630030237262217,445972,1774630030237427968,right,ON,8.6,14.12
2026-03-27T16:47:10.253572+00:00,2.335292,1774630030253572417,445988,1774630030253499136,right,ON,8.6,14.12
2026-03-27T16:47:10.269252+00:00,2.350971,1774630030269251717,446004,1774630030269525504,right,ON,8.6,14.12
2026-03-27T16:47:10.285501+00:00,2.367221,1774630030285501417,446020,1774630030285578496,right,ON,8.6,14.21
2026-03-27T16:47:10.301847+00:00,2.383567,1774630030301847017,446036,1774630030301661184,right,ON,8.6,14.21
2026-03-27T16:47:10.317565+00:00,2.399284,1774630030317564917,446052,1774630030317702912,right,ON,8.6,14.21
2026-03-27T16:47:10.333680+00:00,2.415399,1774630030333679517,446068,1774630030333759232,right,ON,8.6,14.21
2026-03-27T16:47:10.349243+00:00,2.430962,1774630030349242617,446084,1774630030349763072,right,ON,8.7,14.3
2026-03-27T16:47:10.365604+00:00,2.447324,1774630030365604117,446100,1774630030365830144,right,ON,8.8,14.48
2026-03-27T16:47:10.381975+00:00,2.463694,1774630030381974717,446116,1774630030381902080,right,ON,8.8,14.48
2026-03-27T16:47:10.397416+00:00,2.479135,1774630030397415617,446132,1774630030397914624,right,ON,8.9,14.56
2026-03-27T16:47:10.413985+00:00,2.495705,1774630030413985117,446148,1774630030413968384,right,ON,8.9,14.65
2026-03-27T16:47:10.431064+00:00,2.512784,1774630030431064317,446164,1774630030430102016,right,ON,8.9,14.65
2026-03-27T16:47:10.445868+00:00,2.527587,1774630030445867517,446180,1774630030446136576,right,ON,8.9,14.65
2026-03-27T16:47:10.462471+00:00,2.544190,1774630030462470817,446196,1774630030462213632,right,ON,9.0,14.74
2026-03-27T16:47:10.477558+00:00,2.559277,1774630030477557917,446212,1774630030478210560,right,ON,9.1,14.92
2026-03-27T16:47:10.494307+00:00,2.576026,1774630030494306617,446228,1774630030494260992,right,ON,9.1,14.92
2026-03-27T16:47:10.510519+00:00,2.592238,1774630030510518717,446244,1774630030510338048,right,ON,9.1,15.0
2026-03-27T16:47:10.525925+00:00,2.607645,1774630030525925217,446260,1774630030526352896,right,ON,9.2,15.09
2026-03-27T16:47:10.542294+00:00,2.624013,1774630030542293417,446276,1774630030542403584,right,ON,9.2,15.18
2026-03-27T16:47:10.558884+00:00,2.640603,1774630030558883717,446292,1774630030558495488,right,ON,9.2,15.18
2026-03-27T16:47:10.574268+00:00,2.655988,1774630030574268517,446308,1774630030574522112,right,ON,9.3,15.27
2026-03-27T16:47:10.590693+00:00,2.672413,1774630030590693417,446324,1774630030590594816,right,ON,9.4,15.44
2026-03-27T16:47:10.605973+00:00,2.687693,1774630030605973217,446340,1774630030606598656,right,ON,9.5,15.62
2026-03-27T16:47:10.622729+00:00,2.704449,1774630030622729317,446356,1774630030622656000,right,ON,9.6,15.79
2026-03-27T16:47:10.638936+00:00,2.720656,1774630030638936217,446372,1774630030638726912,right,ON,9.8,16.15
2026-03-27T16:47:10.654501+00:00,2.736221,1774630030654501412,446388,1774630030654750720,right,ON,10.0,16.41
2026-03-27T16:47:10.670984+00:00,2.752703,1774630030670983917,446404,1774630030670812672,right,ON,10.2,16.76
2026-03-27T16:47:10.688375+00:00,2.770094,1774630030688374417,446420,1774630030686966528,right,ON,10.5,17.2
2026-03-27T16:47:10.702735+00:00,2.784455,1774630030702735417,446436,1774630030702997248,right,ON,10.9,17.73
2026-03-27T16:47:10.719141+00:00,2.800861,1774630030719141117,446452,1774630030719063040,right,ON,11.4,18.52
2026-03-27T16:47:10.734623+00:00,2.816343,1774630030734623017,446468,1774630030735072256,right,ON,12.0,19.4
2026-03-27T16:47:10.751163+00:00,2.832883,1774630030751163317,446484,1774630030751123456,right,ON,12.7,20.45
2026-03-27T16:47:10.767397+00:00,2.849117,1774630030767397417,446500,1774630030767193856,right,ON,13.5,21.68
2026-03-27T16:47:10.782805+00:00,2.864525,1774630030782805117,446516,1774630030783205376,right,ON,14.4,23.0
2026-03-27T16:47:10.799374+00:00,2.881093,1774630030799373517,446532,1774630030799266816,right,ON,15.4,24.5
2026-03-27T16:47:10.815759+00:00,2.897479,1774630030815759217,446548,1774630030815415552,right,ON,16.3,25.9
2026-03-27T16:47:10.831259+00:00,2.912978,1774630030831258517,446564,1774630030831452160,right,ON,17.3,27.48
2026-03-27T16:47:10.847631+00:00,2.929350,1774630030847630917,446580,1774630030847518720,right,ON,18.6,29.33
2026-03-27T16:47:10.863079+00:00,2.944798,1774630030863078817,446596,1774630030863527168,right,ON,19.8,31.17
2026-03-27T16:47:10.879511+00:00,2.961230,1774630030879510417,446612,1774630030879572992,right,ON,21.4,33.37
2026-03-27T16:47:10.896939+00:00,2.978658,1774630030896938717,446628,1774630030895715328,right,ON,22.8,35.39
2026-03-27T16:47:10.911278+00:00,2.992998,1774630030911278517,446644,1774630030911728640,right,ON,24.0,37.06
2026-03-27T16:47:10.927938+00:00,3.009658,1774630030927938017,446660,1774630030927789056,right,ON,25.2,38.73
2026-03-27T16:47:10.944242+00:00,3.025961,1774630030944241617,446676,1774630030943881472,right,ON,26.4,40.32
2026-03-27T16:47:10.959609+00:00,3.041328,1774630030959608517,446692,1774630030959908096,right,ON,27.6,41.99
2026-03-27T16:47:10.976164+00:00,3.057883,1774630030976163517,446708,1774630030975976192,right,ON,28.9,43.74
2026-03-27T16:47:10.991590+00:00,3.073309,1774630030991589917,446724,1774630030991986432,right,ON,30.1,45.41
2026-03-27T16:47:11.007970+00:00,3.089690,1774630031007970317,446740,1774630031008028928,right,ON,31.7,47.43
2026-03-27T16:47:11.024366+00:00,3.106085,1774630031024365817,446756,1774630031024126208,right,ON,33.1,49.1
2026-03-27T16:47:11.039713+00:00,3.121432,1774630031039712917,446772,1774630031040185856,right,ON,34.3,50.6
2026-03-27T16:47:11.056338+00:00,3.138057,1774630031056337917,446788,1774630031056246016,right,ON,35.6,52.27
2026-03-27T16:47:11.072727+00:00,3.154446,1774630031072726817,446804,1774630031072339968,right,ON,36.9,53.94
2026-03-27T16:47:11.088122+00:00,3.169842,1774630031088122117,446820,1774630031088374528,right,ON,38.0,55.26
2026-03-27T16:47:11.104497+00:00,3.186216,1774630031104496717,446836,1774630031104438528,right,ON,38.9,56.4
2026-03-27T16:47:11.120510+00:00,3.202229,1774630031120509917,446852,1774630031120481792,right,ON,39.5,57.1
2026-03-27T16:47:11.136472+00:00,3.218191,1774630031136471717,446868,1774630031136528640,right,ON,40.0,57.81
2026-03-27T16:47:11.152821+00:00,3.234540,1774630031152820617,446884,1774630031152607744,right,ON,40.5,58.33
2026-03-27T16:47:11.168214+00:00,3.249933,1774630031168213917,446900,1774630031168624640,right,ON,40.7,58.68
2026-03-27T16:47:11.184611+00:00,3.266331,1774630031184611317,446916,1774630031184672512,right,ON,41.0,59.04
2026-03-27T16:47:11.201237+00:00,3.282957,1774630031201237117,446932,1774630031200770048,right,ON,41.3,59.39
2026-03-27T16:47:11.216594+00:00,3.298313,1774630031216593917,446948,1774630031216800512,right,ON,41.4,59.48
2026-03-27T16:47:11.233013+00:00,3.314733,1774630031233013017,446964,1774630031232882944,right,ON,41.5,59.56
2026-03-27T16:47:11.248306+00:00,3.330026,1774630031248306217,446980,1774630031248917504,right,ON,41.7,59.83
2026-03-27T16:47:11.264942+00:00,3.346662,1774630031264942417,446996,1774630031264969984,right,ON,41.8,59.92
2026-03-27T16:47:11.281409+00:00,3.363128,1774630031281408717,447012,1774630031281055744,right,ON,41.8,60.0
2026-03-27T16:47:11.297624+00:00,3.379344,1774630031297624417,447028,1774630031297138944,right,ON,41.8,60.0
2026-03-27T16:47:11.313114+00:00,3.394834,1774630031313114317,447044,1774630031313192448,right,ON,41.8,59.92
2026-03-27T16:47:11.329587+00:00,3.411307,1774630031329587017,447060,1774630031329280512,right,ON,41.8,59.92
2026-03-27T16:47:11.345110+00:00,3.426830,1774630031345110017,447076,1774630031345325312,right,ON,41.6,59.74
2026-03-27T16:47:11.361671+00:00,3.443391,1774630031361671117,447092,1774630031361402624,right,ON,41.0,59.04
2026-03-27T16:47:11.376873+00:00,3.458593,1774630031376873017,447108,1774630031377412096,right,ON,40.2,57.98
2026-03-27T16:47:11.393288+00:00,3.475008,1774630031393288517,447124,1774630031393452800,right,ON,39.0,56.58
2026-03-27T16:47:11.409688+00:00,3.491408,1774630031409688117,447140,1774630031409524224,right,ON,38.1,55.34
2026-03-27T16:47:11.425239+00:00,3.506958,1774630031425238517,447156,1774630031425545216,right,ON,37.1,54.2
2026-03-27T16:47:11.441616+00:00,3.523336,1774630031441616017,447172,1774630031441601536,right,ON,35.4,52.09
2026-03-27T16:47:11.458063+00:00,3.539783,1774630031458063417,447188,1774630031457713920,right,ON,33.2,49.28
2026-03-27T16:47:11.473412+00:00,3.555131,1774630031473411617,447204,1774630031473744640,right,ON,30.9,46.47
2026-03-27T16:47:11.489852+00:00,3.571572,1774630031489852517,447220,1774630031489816064,right,ON,28.0,42.51
2026-03-27T16:47:11.505368+00:00,3.587088,1774630031505368517,447236,1774630031505824256,right,ON,24.0,36.98
2026-03-27T16:47:11.521948+00:00,3.603667,1774630031521947917,447252,1774630031521886208,right,ON,18.6,29.42
2026-03-27T16:47:11.538225+00:00,3.619945,1774630031538225517,447268,1774630031537966080,right,ON,13.2,21.24
2026-03-27T16:47:11.553530+00:00,3.635250,1774630031553530117,447284,1774630031553979904,right,ON,8.6,14.21
2026-03-27T16:47:11.569932+00:00,3.651651,1774630031569931717,447300,1774630031570024448,right,ON,6.2,10.17
2026-03-27T16:47:11.586353+00:00,3.668073,1774630031586353517,447316,1774630031586107648,right,ON,5.0,8.24
2026-03-27T16:47:11.601940+00:00,3.683659,1774630031601939717,447332,1774630031602141696,right,ON,4.4,7.18
2026-03-27T16:47:11.618306+00:00,3.700026,1774630031618306417,447348,1774630031618206208,right,ON,4.0,6.65
2026-03-27T16:47:11.633694+00:00,3.715413,1774630031633693717,447364,1774630031634205184,right,ON,3.8,6.21
2026-03-27T16:47:11.650081+00:00,3.731801,1774630031650081117,447380,1774630031650246400,right,ON,3.5,5.77
2026-03-27T16:47:11.666697+00:00,3.748416,1774630031666696617,447396,1774630031666326784,right,ON,3.3,5.42
2026-03-27T16:47:11.682065+00:00,3.763785,1774630031682065017,447412,1774630031682349568,right,ON,3.1,5.16
2026-03-27T16:47:11.698471+00:00,3.780190,1774630031698470817,447428,1774630031698407168,right,ON,3.0,4.98
2026-03-27T16:47:11.714813+00:00,3.796532,1774630031714812817,447444,1774630031714523648,right,ON,2.9,4.81
2026-03-27T16:47:11.730194+00:00,3.811913,1774630031730193717,447460,1774630031730547968,right,ON,2.9,4.81
2026-03-27T16:47:11.746841+00:00,3.828560,1774630031746840717,447476,1774630031746619392,right,ON,2.8,4.63
2026-03-27T16:47:11.762245+00:00,3.843965,1774630031762245417,447492,1774630031762632960,right,ON,2.8,4.54
2026-03-27T16:47:11.778611+00:00,3.860331,1774630031778611317,447508,1774630031778680576,right,ON,2.7,4.46
2026-03-27T16:47:11.795007+00:00,3.876727,1774630031795007117,447524,1774630031794754560,right,ON,2.7,4.46
2026-03-27T16:47:11.810538+00:00,3.892257,1774630031810537417,447540,1774630031810776320,right,ON,2.7,4.46
2026-03-27T16:47:11.826960+00:00,3.908680,1774630031826960417,447556,1774630031826835968,right,ON,2.7,4.37
2026-03-27T16:47:11.843362+00:00,3.925082,1774630031843362117,447572,1774630031842927616,right,ON,2.6,4.28
2026-03-27T16:47:11.858742+00:00,3.940462,1774630031858742017,447588,1774630031858959872,right,ON,2.6,4.28
2026-03-27T16:47:11.875325+00:00,3.957044,1774630031875324717,447604,1774630031875034880,right,ON,2.5,4.19
2026-03-27T16:47:11.890757+00:00,3.972477,1774630031890757317,447620,1774630031891052544,right,ON,2.5,4.19
2026-03-27T16:47:11.907095+00:00,3.988815,1774630031907095317,447636,1774630031907098880,right,ON,2.5,4.1
2026-03-27T16:47:11.923493+00:00,4.005212,1774630031923492617,447652,1774630031923208960,right,ON,2.5,4.1
2026-03-27T16:47:11.938849+00:00,4.020569,1774630031938849417,447668,1774630031939224064,right,ON,2.4,4.02
2026-03-27T16:47:11.955468+00:00,4.037188,1774630031955468217,447684,1774630031955292672,right,ON,2.4,4.02
2026-03-27T16:47:11.972615+00:00,4.054335,1774630031972615017,447700,1774630031971435520,right,ON,2.4,4.02
2026-03-27T16:47:11.987202+00:00,4.068922,1774630031987202317,447716,1774630031987466240,right,ON,2.4,4.02
2026-03-27T16:47:12.003611+00:00,4.085331,1774630032003611317,447732,1774630032003533824,right,ON,2.4,4.02
2026-03-27T16:47:12.019216+00:00,4.100935,1774630032019215717,447748,1774630032019554560,right,ON,2.4,4.02
2026-03-27T16:47:12.035614+00:00,4.117333,1774630032035613317,447764,1774630032035606016,right,ON,2.4,4.02
2026-03-27T16:47:12.051942+00:00,4.133662,1774630032051942317,447780,1774630032051684864,right,ON,2.4,4.02
2026-03-27T16:47:12.067336+00:00,4.149056,1774630032067336017,447796,1774630032067700992,right,ON,2.4,4.02
2026-03-27T16:47:12.083715+00:00,4.165434,1774630032083714717,447812,1774630032083754496,right,ON,2.4,3.93
2026-03-27T16:47:12.100360+00:00,4.182079,1774630032100359717,447828,1774630032099854848,right,ON,2.4,3.93
2026-03-27T16:47:12.115676+00:00,4.197396,1774630032115676117,447844,1774630032115889152,right,ON,2.4,4.02
2026-03-27T16:47:12.132110+00:00,4.213830,1774630032132110217,447860,1774630032131956992,right,ON,2.4,3.93
2026-03-27T16:47:12.147451+00:00,4.229171,1774630032147451517,447876,1774630032147979520,right,ON,2.4,4.02
2026-03-27T16:47:12.164080+00:00,4.245800,1774630032164080317,447892,1774630032164034816,right,ON,2.4,4.02
2026-03-27T16:47:12.180466+00:00,4.262186,1774630032180466417,447908,1774630032180119552,right,ON,2.4,3.93
2026-03-27T16:47:12.196668+00:00,4.278388,1774630032196668417,447924,1774630032196192256,right,ON,2.4,3.93
2026-03-27T16:47:12.212304+00:00,4.294023,1774630032212303517,447940,1774630032212248832,right,ON,2.4,3.93
2026-03-27T16:47:12.228670+00:00,4.310390,1774630032228670117,447956,1774630032228342016,right,ON,2.4,4.02
2026-03-27T16:47:12.244201+00:00,4.325920,1774630032244200617,447972,1774630032244381440,right,ON,2.4,3.93
2026-03-27T16:47:12.260600+00:00,4.342320,1774630032260600317,447988,1774630032260453120,right,ON,2.4,4.02
2026-03-27T16:47:12.275979+00:00,4.357698,1774630032275978517,448004,1774630032276459520,right,ON,2.4,4.02
2026-03-27T16:47:12.292532+00:00,4.374251,1774630032292531917,448020,1774630032292514560,right,ON,2.4,4.02
2026-03-27T16:47:12.308877+00:00,4.390597,1774630032308877617,448036,1774630032308599808,right,ON,2.4,3.93
2026-03-27T16:47:12.324353+00:00,4.406072,1774630032324352617,448052,1774630032324655104,right,ON,2.4,3.93
2026-03-27T16:47:12.340828+00:00,4.422547,1774630032340827617,448068,1774630032340719104,right,ON,2.4,4.02
2026-03-27T16:47:12.357517+00:00,4.439237,1774630032357517217,448084,1774630032356834816,right,ON,2.4,3.93
2026-03-27T16:47:12.372674+00:00,4.454394,1774630032372674017,448100,1774630032372878592,right,ON,2.4,3.93
2026-03-27T16:47:12.388950+00:00,4.470670,1774630032388950117,448116,1774630032388951552,right,ON,2.4,4.02
2026-03-27T16:47:12.405350+00:00,4.487070,1774630032405350017,448132,1774630032405019136,right,ON,2.4,3.93
2026-03-27T16:47:12.420979+00:00,4.502699,1774630032420979217,448148,1774630032421070592,right,ON,2.4,4.02
2026-03-27T16:47:12.437365+00:00,4.519084,1774630032437364817,448164,1774630032437153024,right,ON,2.4,4.02
2026-03-27T16:47:12.452689+00:00,4.534409,1774630032452689517,448180,1774630032453174784,right,ON,2.4,3.93
2026-03-27T16:47:12.469225+00:00,4.550944,1774630032469224917,448196,1774630032469235712,right,ON,2.4,4.02
2026-03-27T16:47:12.485687+00:00,4.567407,1774630032485687417,448212,1774630032485334016,right,ON,2.4,4.02
2026-03-27T16:47:12.501214+00:00,4.582934,1774630032501214217,448228,1774630032501377536,right,ON,2.4,3.93
2026-03-27T16:47:12.517406+00:00,4.599126,1774630032517406117,448244,1774630032517441536,right,ON,2.4,4.02
2026-03-27T16:47:12.532892+00:00,4.614612,1774630032532892017,448260,1774630032533453568,right,ON,2.4,4.02
2026-03-27T16:47:12.549222+00:00,4.630942,1774630032549222317,448276,1774630032549498624,right,ON,2.4,3.93
2026-03-27T16:47:12.565875+00:00,4.647594,1774630032565874617,448292,1774630032565587712,right,ON,2.4,4.02
2026-03-27T16:47:12.581159+00:00,4.662879,1774630032581159217,448308,1774630032581606144,right,ON,2.4,4.02
2026-03-27T16:47:12.597684+00:00,4.679404,1774630032597684517,448324,1774630032597663744,right,ON,2.4,3.93
2026-03-27T16:47:12.614018+00:00,4.695738,1774630032614018117,448340,1774630032613749760,right,ON,2.4,4.02
2026-03-27T16:47:12.629412+00:00,4.711131,1774630032629411917,448356,1774630032629780480,right,ON,2.4,4.02
2026-03-27T16:47:12.645848+00:00,4.727567,1774630032645847917,448372,1774630032645844224,right,ON,2.5,4.1
2026-03-27T16:47:12.661573+00:00,4.743293,1774630032661573017,448388,1774630032661866752,right,ON,2.4,4.02
2026-03-27T16:47:12.677726+00:00,4.759445,1774630032677725817,448404,1774630032677905664,right,ON,2.5,4.1
2026-03-27T16:47:12.694147+00:00,4.775866,1774630032694146817,448420,1774630032693983488,right,ON,2.5,4.1
2026-03-27T16:47:12.709585+00:00,4.791304,1774630032709584517,448436,1774630032710002944,right,ON,2.5,4.1
2026-03-27T16:47:12.725914+00:00,4.807633,1774630032725913917,448452,1774630032726049792,right,ON,2.5,4.1
2026-03-27T16:47:12.742636+00:00,4.824356,1774630032742636417,448468,1774630032742146560,right,ON,2.5,4.19
2026-03-27T16:47:12.757883+00:00,4.839603,1774630032757883417,448484,1774630032758172416,right,ON,2.5,4.19
2026-03-27T16:47:12.774380+00:00,4.856100,1774630032774380117,448500,1774630032774243584,right,ON,2.5,4.1
2026-03-27T16:47:12.789912+00:00,4.871632,1774630032789912417,448516,1774630032790262272,right,ON,2.5,4.19
2026-03-27T16:47:12.806343+00:00,4.888063,1774630032806343517,448532,1774630032806313728,right,ON,2.5,4.19
2026-03-27T16:47:12.822640+00:00,4.904359,1774630032822639917,448548,1774630032822390016,right,ON,2.5,4.19
2026-03-27T16:47:12.838313+00:00,4.920032,1774630032838312917,448564,1774630032838426624,right,ON,2.5,4.19
2026-03-27T16:47:12.854459+00:00,4.936179,1774630032854459517,448580,1774630032854479872,right,ON,2.6,4.28
2026-03-27T16:47:12.871083+00:00,4.952803,1774630032871083417,448596,1774630032870578688,right,ON,2.6,4.28
2026-03-27T16:47:12.886352+00:00,4.968071,1774630032886351617,448612,1774630032886608128,right,ON,2.6,4.28
2026-03-27T16:47:12.902857+00:00,4.984576,1774630032902856817,448628,1774630032902681344,right,ON,2.6,4.28
2026-03-27T16:47:12.918322+00:00,5.000042,1774630032918322017,448644,1774630032918699008,right,ON,2.6,4.28
2026-03-27T16:47:12.934660+00:00,5.016380,1774630032934660117,448660,1774630032934743040,right,ON,2.6,4.28
2026-03-27T16:47:12.951150+00:00,5.032869,1774630032951149817,448676,1774630032950824192,right,ON,2.6,4.28
2026-03-27T16:47:12.966604+00:00,5.048324,1774630032966604517,448692,1774630032966846464,right,ON,2.6,4.28
2026-03-27T16:47:12.982930+00:00,5.064649,1774630032982929917,448708,1774630032982902528,right,ON,2.6,4.28
2026-03-27T16:47:12.999486+00:00,5.081205,1774630032999485817,448724,1774630032999023360,right,ON,2.7,4.37
2026-03-27T16:47:13.014747+00:00,5.096467,1774630033014747117,448740,1774630033015051008,right,ON,2.7,4.37
2026-03-27T16:47:13.031375+00:00,5.113094,1774630033031374617,448756,1774630033031124480,right,ON,2.7,4.37
2026-03-27T16:47:13.046721+00:00,5.128440,1774630033046720517,448772,1774630033047140352,right,ON,2.7,4.37
2026-03-27T16:47:13.063179+00:00,5.144899,1774630033063179017,448788,1774630033063191552,right,ON,2.7,4.37
2026-03-27T16:47:13.079541+00:00,5.161261,1774630033079541417,448804,1774630033079269888,right,ON,2.7,4.37
2026-03-27T16:47:13.095091+00:00,5.176811,1774630033095091117,448820,1774630033095296768,right,ON,2.7,4.37
2026-03-27T16:47:13.111677+00:00,5.193396,1774630033111676717,448836,1774630033111365632,right,ON,2.7,4.37
2026-03-27T16:47:13.127959+00:00,5.209678,1774630033127958717,448852,1774630033127466240,right,ON,2.7,4.46
2026-03-27T16:47:13.143369+00:00,5.225088,1774630033143368817,448868,1774630033143504384,right,ON,2.7,4.46
2026-03-27T16:47:13.159610+00:00,5.241330,1774630033159610117,448884,1774630033159565312,right,ON,2.7,4.46
2026-03-27T16:47:13.175272+00:00,5.256991,1774630033175271617,448900,1774630033175580160,right,ON,2.7,4.46
2026-03-27T16:47:13.191556+00:00,5.273275,1774630033191555817,448916,1774630033191626240,right,ON,2.7,4.46
2026-03-27T16:47:13.208045+00:00,5.289764,1774630033208044617,448932,1774630033207709440,right,ON,2.7,4.46
2026-03-27T16:47:13.223367+00:00,5.305086,1774630033223366817,448948,1774630033223752448,right,ON,2.7,4.46
2026-03-27T16:47:13.239839+00:00,5.321559,1774630033239839217,448964,1774630033239808768,right,ON,2.8,4.54
2026-03-27T16:47:13.256373+00:00,5.338093,1774630033256373117,448980,1774630033255904256,right,ON,2.7,4.46
2026-03-27T16:47:13.271874+00:00,5.353594,1774630033271874017,448996,1774630033271949056,right,ON,2.7,4.46
2026-03-27T16:47:13.288172+00:00,5.369891,1774630033288171817,449012,1774630033288019456,right,ON,2.7,4.46
2026-03-27T16:47:13.303613+00:00,5.385333,1774630033303613217,449028,1774630033304030976,right,ON,2.7,4.46
2026-03-27T16:47:13.320171+00:00,5.401890,1774630033320170717,449044,1774630033320088576,right,ON,2.7,4.46
2026-03-27T16:47:13.336618+00:00,5.418337,1774630033336617617,449060,1774630033336178944,right,ON,2.8,4.54
2026-03-27T16:47:13.352080+00:00,5.433800,1774630033352080017,449076,1774630033352215040,right,ON,2.8,4.54
2026-03-27T16:47:13.368322+00:00,5.450041,1774630033368321717,449092,1774630033368275200,right,ON,2.8,4.54
2026-03-27T16:47:13.384689+00:00,5.466408,1774630033384688817,449108,1774630033384374272,right,ON,2.8,4.54
2026-03-27T16:47:13.400371+00:00,5.482091,1774630033400371017,449124,1774630033400422912,right,ON,2.8,4.54
2026-03-27T16:47:13.416678+00:00,5.498397,1774630033416677617,449140,1774630033416493824,right,ON,2.8,4.54
2026-03-27T16:47:13.432340+00:00,5.514059,1774630033432339917,449156,1774630033432550912,right,ON,2.8,4.54
2026-03-27T16:47:13.448443+00:00,5.530163,1774630033448443217,449172,1774630033448598528,right,ON,2.8,4.54
2026-03-27T16:47:13.465024+00:00,5.546744,1774630033465024017,449188,1774630033464688640,right,ON,2.8,4.54
2026-03-27T16:47:13.480478+00:00,5.562198,1774630033480478217,449204,1774630033480719104,right,ON,2.8,4.54
2026-03-27T16:47:13.496849+00:00,5.578569,1774630033496849217,449220,1774630033496783360,right,ON,2.8,4.54
2026-03-27T16:47:13.513188+00:00,5.594908,1774630033513188117,449236,1774630033512877824,right,ON,2.8,4.63
2026-03-27T16:47:13.528772+00:00,5.610492,1774630033528772117,449252,1774630033528926976,right,ON,2.8,4.54
2026-03-27T16:47:13.545203+00:00,5.626922,1774630033545202717,449268,1774630033545003008,right,ON,2.8,4.54
2026-03-27T16:47:13.560567+00:00,5.642287,1774630033560567017,449284,1774630033561019136,right,ON,2.8,4.63
2026-03-27T16:47:13.576946+00:00,5.658665,1774630033576945717,449300,1774630033577062912,right,ON,2.8,4.63
2026-03-27T16:47:13.593316+00:00,5.675036,1774630033593316117,449316,1774630033593144576,right,ON,2.8,4.63
2026-03-27T16:47:13.608906+00:00,5.690625,1774630033608905817,449332,1774630033609173760,right,ON,2.8,4.63
2026-03-27T16:47:13.625507+00:00,5.707227,1774630033625507317,449348,1774630033625250816,right,ON,2.8,4.63
2026-03-27T16:47:13.642152+00:00,5.723871,1774630033642151817,449364,1774630033641371904,right,ON,2.8,4.63
2026-03-27T16:47:13.657187+00:00,5.738907,1774630033657187317,449380,1774630033657409536,right,ON,2.8,4.63
2026-03-27T16:47:13.673728+00:00,5.755448,1774630033673728317,449396,1774630033673488384,right,ON,2.8,4.63
2026-03-27T16:47:13.689103+00:00,5.770823,1774630033689103217,449412,1774630033689514496,right,ON,2.8,4.63
2026-03-27T16:47:13.705432+00:00,5.787152,1774630033705432017,449428,1774630033705560576,right,ON,2.8,4.63
2026-03-27T16:47:13.721919+00:00,5.803639,1774630033721919117,449444,1774630033721644288,right,ON,2.8,4.63
2026-03-27T16:47:13.738721+00:00,5.820441,1774630033738721117,449460,1774630033737753856,right,ON,2.8,4.63
2026-03-27T16:47:13.754153+00:00,5.835873,1774630033754153517,449476,1774630033753831680,right,ON,2.8,4.63
2026-03-27T16:47:13.770333+00:00,5.852052,1774630033770332917,449492,1774630033769936896,right,ON,2.8,4.63
2026-03-27T16:47:13.785523+00:00,5.867243,1774630033785523417,449508,1774630033785963776,right,ON,2.8,4.63
2026-03-27T16:47:13.802062+00:00,5.883782,1774630033802062117,449524,1774630033802033920,right,ON,2.8,4.63
2026-03-27T16:47:13.817506+00:00,5.899226,1774630033817506017,449540,1774630033818050048,right,ON,2.8,4.63
2026-03-27T16:47:13.833944+00:00,5.915664,1774630033833944117,449556,1774630033834101504,right,ON,2.8,4.63
2026-03-27T16:47:13.850437+00:00,5.932156,1774630033850436717,449572,1774630033850187008,right,ON,2.8,4.63
2026-03-27T16:47:13.865656+00:00,5.947375,1774630033865655717,449588,1774630033866208768,right,ON,2.8,4.63
2026-03-27T16:47:13.882206+00:00,5.963926,1774630033882206517,449604,1774630033882264320,right,ON,2.8,4.63
2026-03-27T16:47:13.898637+00:00,5.980356,1774630033898636617,449620,1774630033898360064,right,ON,2.8,4.63
2026-03-27T16:47:13.914365+00:00,5.996084,1774630033914364617,449636,1774630033914411264,right,ON,2.8,4.63
2026-03-27T16:47:13.930435+00:00,6.012155,1774630033930435317,449652,1774630033930476544,right,ON,2.9,4.72
2026-03-27T16:47:13.946663+00:00,6.028382,1774630033946662917,449668,1774630033946534144,right,ON,2.8,4.63
2026-03-27T16:47:13.962469+00:00,6.044188,1774630033962468917,449684,1774630033962584320,right,ON,2.8,4.63
2026-03-27T16:47:13.978812+00:00,6.060531,1774630033978811417,449700,1774630033978664960,right,ON,2.8,4.63
2026-03-27T16:47:13.994209+00:00,6.075928,1774630033994208917,449716,1774630033994686464,right,ON,2.8,4.63
2026-03-27T16:47:14.010610+00:00,6.092330,1774630034010610017,449732,1774630034010737408,right,ON,2.8,4.63
2026-03-27T16:47:14.026954+00:00,6.108674,1774630034026954117,449748,1774630034026821632,right,ON,2.8,4.63
2026-03-27T16:47:14.042545+00:00,6.124264,1774630034042544717,449764,1774630034042852608,right,ON,2.8,4.63
2026-03-27T16:47:14.058918+00:00,6.140637,1774630034058917517,449780,1774630034058920704,right,ON,2.8,4.63
2026-03-27T16:47:14.074343+00:00,6.156062,1774630034074342617,449796,1774630034074927872,right,ON,2.8,4.63
2026-03-27T16:47:14.090719+00:00,6.172439,1774630034090719017,449812,1774630034090967296,right,ON,2.8,4.63
2026-03-27T16:47:14.107270+00:00,6.188989,1774630034107269817,449828,1774630034107046656,right,ON,2.8,4.63
2026-03-27T16:47:14.122686+00:00,6.204406,1774630034122686017,449844,1774630034123070464,right,ON,2.8,4.63
2026-03-27T16:47:14.139023+00:00,6.220742,1774630034139022817,449860,1774630034139128576,right,ON,2.8,4.63
2026-03-27T16:47:14.155423+00:00,6.237143,1774630034155423117,449876,1774630034155214592,right,ON,2.8,4.63
2026-03-27T16:47:14.173024+00:00,6.254744,1774630034173024117,449892,1774630034171375104,right,ON,2.8,4.63
2026-03-27T16:47:14.187765+00:00,6.269484,1774630034187764717,449908,1774630034187458304,right,ON,2.8,4.63
2026-03-27T16:47:14.202836+00:00,6.284556,1774630034202836017,449924,1774630034203468032,right,ON,2.8,4.63
2026-03-27T16:47:14.219221+00:00,6.300941,1774630034219221317,449940,1774630034219504896,right,ON,2.8,4.63
2026-03-27T16:47:14.235617+00:00,6.317337,1774630034235617317,449956,1774630034235576320,right,ON,2.8,4.63
2026-03-27T16:47:14.251179+00:00,6.332899,1774630034251179017,449972,1774630034251594240,right,ON,2.8,4.63
2026-03-27T16:47:14.267582+00:00,6.349302,1774630034267582317,449988,1774630034267646208,right,ON,2.8,4.63
2026-03-27T16:47:14.283887+00:00,6.365606,1774630034283886617,450004,1774630034283728128,right,ON,2.8,4.63
2026-03-27T16:47:14.299316+00:00,6.381036,1774630034299316217,450020,1774630034299754496,right,ON,2.8,4.63
2026-03-27T16:47:14.316047+00:00,6.397766,1774630034316046917,450036,1774630034315829760,right,ON,2.9,4.72
2026-03-27T16:47:14.331279+00:00,6.412999,1774630034331279217,450052,1774630034331835392,right,ON,2.8,4.63
2026-03-27T16:47:14.347857+00:00,6.429577,1774630034347857217,450068,1774630034347888128,right,ON,2.8,4.63
2026-03-27T16:47:14.364040+00:00,6.445760,1774630034364040517,450084,1774630034363960832,right,ON,2.8,4.63
2026-03-27T16:47:14.380923+00:00,6.462642,1774630034380922617,450100,1774630034380065536,right,ON,2.9,4.72
2026-03-27T16:47:14.395973+00:00,6.477693,1774630034395973417,450116,1774630034396112896,right,ON,2.9,4.72
2026-03-27T16:47:14.412418+00:00,6.494137,1774630034412417917,450132,1774630034412193536,right,ON,2.9,4.72
2026-03-27T16:47:14.427765+00:00,6.509484,1774630034427764917,450148,1774630034428219136,right,ON,2.8,4.63
2026-03-27T16:47:14.444154+00:00,6.525874,1774630034444154217,450164,1774630034444273408,right,ON,2.9,4.72
2026-03-27T16:47:14.459726+00:00,6.541445,1774630034459725717,450180,1774630034460285440,right,ON,2.8,4.63
2026-03-27T16:47:14.476184+00:00,6.557903,1774630034476183517,450196,1774630034476324096,right,ON,2.8,4.63
2026-03-27T16:47:14.492570+00:00,6.574289,1774630034492569517,450212,1774630034492399104,right,ON,2.8,4.63
2026-03-27T16:47:14.507917+00:00,6.589636,1774630034507916717,450228,1774630034508411904,right,ON,2.9,4.72
2026-03-27T16:47:14.524465+00:00,6.606185,1774630034524465217,450244,1774630034524464896,right,ON,2.9,4.72
2026-03-27T16:47:14.540970+00:00,6.622690,1774630034540970317,450260,1774630034540553984,right,ON,2.9,4.72
2026-03-27T16:47:14.556610+00:00,6.638329,1774630034556609417,450276,1774630034556602880,right,ON,2.9,4.72
2026-03-27T16:47:14.572643+00:00,6.654363,1774630034572643217,450292,1774630034572661504,right,ON,2.9,4.72
2026-03-27T16:47:14.588255+00:00,6.669975,1774630034588255317,450308,1774630034588671744,right,ON,2.9,4.72
2026-03-27T16:47:14.605309+00:00,6.687028,1774630034605308617,450324,1774630034604752896,right,ON,2.9,4.72
2026-03-27T16:47:14.621643+00:00,6.703363,1774630034621643217,450340,1774630034620859392,right,ON,2.9,4.72
2026-03-27T16:47:14.636434+00:00,6.718154,1774630034636434317,450356,1774630034636873472,right,ON,2.9,4.72
2026-03-27T16:47:14.652733+00:00,6.734453,1774630034652733417,450372,1774630034652919296,right,ON,2.9,4.72
2026-03-27T16:47:14.669372+00:00,6.751091,1774630034669371717,450388,1774630034669019648,right,ON,2.9,4.72
2026-03-27T16:47:14.684826+00:00,6.766545,1774630034684825917,450404,1774630034685051648,right,ON,2.9,4.72
2026-03-27T16:47:14.701149+00:00,6.782868,1774630034701148517,450420,1774630034701115136,right,ON,2.9,4.72
2026-03-27T16:47:14.716488+00:00,6.798208,1774630034716488017,450436,1774630034717114112,right,ON,2.9,4.72
2026-03-27T16:47:14.732921+00:00,6.814640,1774630034732920917,450452,1774630034733144832,right,ON,2.9,4.72
2026-03-27T16:47:14.749501+00:00,6.831220,1774630034749500417,450468,1774630034749220608,right,ON,2.9,4.72
2026-03-27T16:47:14.764947+00:00,6.846667,1774630034764947117,450484,1774630034765283072,right,ON,2.9,4.72
2026-03-27T16:47:14.781256+00:00,6.862975,1774630034781255717,450500,1774630034781343232,right,ON,2.9,4.72
2026-03-27T16:47:14.797718+00:00,6.879437,1774630034797717917,450516,1774630034797432832,right,ON,2.9,4.72
2026-03-27T16:47:14.814166+00:00,6.895885,1774630034814165617,450532,1774630034813519360,right,ON,2.9,4.72
2026-03-27T16:47:14.832562+00:00,6.914282,1774630034832562417,450548,1774630034829762560,right,ON,2.9,4.72
2026-03-27T16:47:14.845274+00:00,6.926994,1774630034845274017,450564,1774630034845777920,right,ON,2.9,4.72
2026-03-27T16:47:14.861557+00:00,6.943277,1774630034861557217,450580,1774630034861819136,right,ON,2.9,4.72
2026-03-27T16:47:14.877792+00:00,6.959512,1774630034877792017,450596,1774630034877884928,right,ON,2.9,4.72
2026-03-27T16:47:14.893415+00:00,6.975134,1774630034893414917,450612,1774630034893898240,right,ON,2.9,4.72
2026-03-27T16:47:14.909740+00:00,6.991459,1774630034909739817,450628,1774630034909943296,right,ON,2.9,4.72
2026-03-27T16:47:14.926209+00:00,7.007929,1774630034926209417,450644,1774630034926025472,right,ON,2.9,4.72
2026-03-27T16:47:14.941564+00:00,7.023284,1774630034941564117,450660,1774630034942054400,right,ON,2.9,4.81
2026-03-27T16:47:14.958338+00:00,7.040057,1774630034958337417,450676,1774630034958128128,right,ON,2.9,4.72
2026-03-27T16:47:14.973541+00:00,7.055260,1774630034973540517,450692,1774630034974154752,right,ON,2.9,4.72
2026-03-27T16:47:14.990012+00:00,7.071732,1774630034990012317,450708,1774630034990200064,right,ON,2.9,4.72
2026-03-27T16:47:15.006682+00:00,7.088401,1774630035006681917,450724,1774630035006291968,right,ON,2.9,4.72
2026-03-27T16:47:15.022003+00:00,7.103723,1774630035022003017,450740,1774630035022317568,right,ON,2.9,4.72
2026-03-27T16:47:15.038432+00:00,7.120151,1774630035038431917,450756,1774630035038376960,right,ON,2.9,4.72
2026-03-27T16:47:15.054682+00:00,7.136402,1774630035054682317,450772,1774630035054456320,right,ON,2.9,4.72
2026-03-27T16:47:15.073341+00:00,7.155061,1774630035073341217,450788,1774630035070680320,right,ON,2.9,4.72
2026-03-27T16:47:15.086460+00:00,7.168180,1774630035086460417,450804,1774630035086729984,right,ON,2.9,4.72
2026-03-27T16:47:15.101988+00:00,7.183708,1774630035101988417,450820,1774630035102727680,right,ON,2.8,4.63
2026-03-27T16:47:15.118411+00:00,7.200130,1774630035118410617,450836,1774630035118757888,right,ON,2.9,4.72
2026-03-27T16:47:15.134748+00:00,7.216468,1774630035134748517,450852,1774630035134820352,right,ON,2.9,4.72
2026-03-27T16:47:15.150197+00:00,7.231917,1774630035150197117,450868,1774630035150826240,right,ON,2.9,4.72
2026-03-27T16:47:15.166622+00:00,7.248342,1774630035166622017,450884,1774630035166863616,right,ON,2.9,4.72
2026-03-27T16:47:15.183155+00:00,7.264874,1774630035183154917,450900,1774630035182940160,right,ON,2.9,4.72
2026-03-27T16:47:15.198577+00:00,7.280297,1774630035198577417,450916,1774630035199026688,right,ON,2.9,4.72
2026-03-27T16:47:15.214993+00:00,7.296713,1774630035214993417,450932,1774630035215096832,right,ON,2.9,4.72
2026-03-27T16:47:15.230361+00:00,7.312081,1774630035230361017,450948,1774630035231094784,right,ON,2.9,4.72
2026-03-27T16:47:15.246753+00:00,7.328472,1774630035246752617,450964,1774630035247123456,right,ON,2.9,4.72
2026-03-27T16:47:15.265847+00:00,7.347567,1774630035265847317,450980,1774630035263348480,right,ON,2.9,4.72
2026-03-27T16:47:15.278724+00:00,7.360443,1774630035278723917,450996,1774630035279360000,right,ON,2.9,4.72
2026-03-27T16:47:15.297426+00:00,7.379145,1774630035297425817,451012,1774630035295544320,right,ON,2.9,4.72
2026-03-27T16:47:15.311570+00:00,7.393290,1774630035311570417,451028,1774630035311616000,right,ON,2.9,4.72
2026-03-27T16:47:15.327128+00:00,7.408847,1774630035327127917,451044,1774630035327637760,right,ON,2.9,4.72
2026-03-27T16:47:15.343394+00:00,7.425113,1774630035343393917,451060,1774630035343693056,right,ON,2.9,4.72
2026-03-27T16:47:15.359042+00:00,7.440762,1774630035359042417,451076,1774630035359697920,right,ON,2.9,4.72
2026-03-27T16:47:15.375224+00:00,7.456944,1774630035375224317,451092,1774630035375726848,right,ON,2.9,4.72
2026-03-27T16:47:15.391601+00:00,7.473321,1774630035391601217,451108,1774630035391779584,right,ON,2.9,4.72
2026-03-27T16:47:15.407174+00:00,7.488894,1774630035407174117,451124,1774630035407828480,right,ON,2.9,4.72
2026-03-27T16:47:15.423666+00:00,7.505385,1774630035423665817,451140,1774630035423874304,right,ON,2.9,4.72
2026-03-27T16:47:15.440036+00:00,7.521756,1774630035440036417,451156,1774630035439951872,right,ON,2.9,4.72
2026-03-27T16:47:15.455390+00:00,7.537110,1774630035455390417,451172,1774630035455963904,right,ON,2.9,4.72
2026-03-27T16:47:15.472009+00:00,7.553728,1774630035472008617,451188,1774630035472020992,right,ON,2.9,4.72
2026-03-27T16:47:15.487342+00:00,7.569062,1774630035487342017,451204,1774630035488018176,right,ON,2.9,4.72
2026-03-27T16:47:15.504632+00:00,7.586351,1774630035504631817,451220,1774630035504103424,right,ON,2.9,4.72
2026-03-27T16:47:15.520167+00:00,7.601887,1774630035520167217,451236,1774630035520165632,right,ON,2.9,4.72
2026-03-27T16:47:15.535484+00:00,7.617203,1774630035535483617,451252,1774630035536160512,right,ON,2.9,4.72
2026-03-27T16:47:15.552141+00:00,7.633861,1774630035552141017,451268,1774630035552207872,right,ON,2.9,4.72
2026-03-27T16:47:15.568540+00:00,7.650260,1774630035568540217,451284,1774630035568290048,right,ON,2.9,4.72
2026-03-27T16:47:15.584048+00:00,7.665767,1774630035584047917,451300,1774630035584325632,right,ON,2.9,4.72
2026-03-27T16:47:15.600336+00:00,7.682056,1774630035600336217,451316,1774630035600374528,right,ON,2.9,4.72
2026-03-27T16:47:15.615634+00:00,7.697354,1774630035615634117,451332,1774630035616363776,right,ON,2.9,4.72
2026-03-27T16:47:15.632261+00:00,7.713981,1774630035632261117,451348,1774630035632418816,right,ON,2.9,4.81
2026-03-27T16:47:15.648679+00:00,7.730398,1774630035648678917,451364,1774630035648505856,right,ON,2.9,4.72
2026-03-27T16:47:15.664097+00:00,7.745817,1774630035664097217,451380,1774630035664515072,right,ON,2.9,4.81
2026-03-27T16:47:15.680481+00:00,7.762201,1774630035680481617,451396,1774630035680551936,right,ON,2.9,4.81
2026-03-27T16:47:15.698296+00:00,7.780015,1774630035698295717,451412,1774630035696713984,right,ON,2.9,4.81
2026-03-27T16:47:15.712488+00:00,7.794207,1774630035712487617,451428,1774630035712741632,right,ON,2.9,4.72
2026-03-27T16:47:15.729327+00:00,7.811047,1774630035729327117,451444,1774630035728825344,right,ON,2.9,4.81
2026-03-27T16:47:15.744197+00:00,7.825916,1774630035744196817,451460,1774630035744813056,right,ON,2.9,4.81
2026-03-27T16:47:15.760547+00:00,7.842267,1774630035760547217,451476,1774630035760830720,right,ON,2.9,4.81
2026-03-27T16:47:15.777171+00:00,7.858891,1774630035777171517,451492,1774630035776899328,right,ON,2.9,4.81
2026-03-27T16:47:15.792515+00:00,7.874234,1774630035792514517,451508,1774630035792904960,right,ON,2.9,4.81
2026-03-27T16:47:15.809005+00:00,7.890725,1774630035809005417,451524,1774630035808945408,right,ON,2.9,4.81
2026-03-27T16:47:15.825336+00:00,7.907055,1774630035825335817,451540,1774630035825014784,right,ON,2.9,4.81
2026-03-27T16:47:15.840896+00:00,7.922615,1774630035840895917,451556,1774630035841066240,right,ON,3.0,4.9
2026-03-27T16:47:15.857257+00:00,7.938977,1774630035857257217,451572,1774630035857210880,right,ON,2.9,4.81
2026-03-27T16:47:15.872679+00:00,7.954399,1774630035872679217,451588,1774630035873216256,right,ON,2.9,4.81
2026-03-27T16:47:15.889135+00:00,7.970855,1774630035889135017,451604,1774630035889253376,right,ON,2.9,4.81
2026-03-27T16:47:15.905929+00:00,7.987649,1774630035905929317,451620,1774630035905341184,right,ON,3.0,4.9
2026-03-27T16:47:15.921060+00:00,8.002779,1774630035921059517,451636,1774630035921358080,right,ON,3.0,4.9
2026-03-27T16:47:15.937364+00:00,8.019083,1774630035937363617,451652,1774630035937398528,right,ON,3.0,4.9
2026-03-27T16:47:15.953879+00:00,8.035599,1774630035953879117,451668,1774630035953479936,right,ON,3.0,4.9
2026-03-27T16:47:15.969230+00:00,8.050950,1774630035969230317,451684,1774630035969496320,right,ON,3.0,4.9
2026-03-27T16:47:15.985659+00:00,8.067378,1774630035985658517,451700,1774630035985557504,right,ON,3.0,4.9
2026-03-27T16:47:16.001222+00:00,8.082942,1774630036001222017,451716,1774630036001562624,right,ON,3.0,4.9
2026-03-27T16:47:16.017579+00:00,8.099299,1774630036017579317,451732,1774630036017598464,right,ON,3.0,4.9
2026-03-27T16:47:16.034029+00:00,8.115749,1774630036034029517,451748,1774630036033678080,right,ON,3.0,4.9
2026-03-27T16:47:16.049394+00:00,8.131114,1774630036049394017,451764,1774630036049692928,right,ON,3.0,4.9
2026-03-27T16:47:16.065965+00:00,8.147684,1774630036065964917,451780,1774630036065750784,right,ON,3.0,4.9
2026-03-27T16:47:16.082363+00:00,8.164083,1774630036082363417,451796,1774630036081835776,right,ON,3.0,4.9
2026-03-27T16:47:16.097718+00:00,8.179437,1774630036097717617,451812,1774630036097959168,right,ON,3.0,4.9
2026-03-27T16:47:16.114144+00:00,8.195863,1774630036114143617,451828,1774630036114018048,right,ON,3.0,4.9
2026-03-27T16:47:16.133596+00:00,8.215315,1774630036133595717,451844,1774630036130267392,right,ON,3.0,4.9
2026-03-27T16:47:16.146197+00:00,8.227917,1774630036146197217,451860,1774630036146311936,right,ON,3.0,4.9
2026-03-27T16:47:16.162519+00:00,8.244239,1774630036162519417,451876,1774630036162380800,right,ON,3.0,4.9
2026-03-27T16:47:16.177894+00:00,8.259614,1774630036177894017,451892,1774630036178389248,right,ON,3.0,4.9
2026-03-27T16:47:16.194263+00:00,8.275982,1774630036194262517,451908,1774630036194427904,right,ON,3.0,4.9
2026-03-27T16:47:16.210873+00:00,8.292593,1774630036210873117,451924,1774630036210515200,right,ON,3.0,4.9
2026-03-27T16:47:16.226223+00:00,8.307942,1774630036226222517,451940,1774630036226539264,right,ON,3.0,4.9
2026-03-27T16:47:16.242676+00:00,8.324396,1774630036242676217,451956,1774630036242599168,right,ON,2.9,4.81
2026-03-27T16:47:16.258019+00:00,8.339739,1774630036258019117,451972,1774630036258593280,right,ON,2.9,4.81
2026-03-27T16:47:16.274425+00:00,8.356144,1774630036274424717,451988,1774630036274619648,right,ON,2.9,4.81
2026-03-27T16:47:16.291317+00:00,8.373036,1774630036291316717,452004,1774630036290791680,right,ON,3.0,4.9
2026-03-27T16:47:16.306446+00:00,8.388166,1774630036306446017,452020,1774630036306810880,right,ON,3.0,4.9
2026-03-27T16:47:16.322818+00:00,8.404538,1774630036322818017,452036,1774630036322931712,right,ON,3.0,4.9
2026-03-27T16:47:16.340329+00:00,8.422048,1774630036340328717,452052,1774630036339084800,right,ON,3.0,4.9
2026-03-27T16:47:16.354557+00:00,8.436276,1774630036354556617,452068,1774630036355109120,right,ON,3.0,4.9
2026-03-27T16:47:16.371365+00:00,8.453085,1774630036371365217,452084,1774630036371186176,right,ON,2.9,4.81
2026-03-27T16:47:16.386581+00:00,8.468301,1774630036386581017,452100,1774630036387198720,right,ON,3.0,4.9
2026-03-27T16:47:16.402961+00:00,8.484681,1774630036402961317,452116,1774630036403235072,right,ON,3.0,4.9
2026-03-27T16:47:16.419311+00:00,8.501030,1774630036419310617,452132,1774630036419299072,right,ON,3.0,4.9
2026-03-27T16:47:16.434918+00:00,8.516638,1774630036434918317,452148,1774630036435320320,right,ON,2.9,4.81
2026-03-27T16:47:16.451414+00:00,8.533133,1774630036451413917,452164,1774630036451381760,right,ON,2.9,4.81
2026-03-27T16:47:16.467768+00:00,8.549488,1774630036467768117,452180,1774630036467471104,right,ON,3.0,4.9
2026-03-27T16:47:16.483130+00:00,8.564849,1774630036483129617,452196,1774630036483495936,right,ON,3.0,4.9
2026-03-27T16:47:16.499660+00:00,8.581380,1774630036499660217,452212,1774630036499567104,right,ON,3.0,4.9
2026-03-27T16:47:16.515026+00:00,8.596745,1774630036515025717,452228,1774630036515573248,right,ON,3.0,4.9
2026-03-27T16:47:16.531432+00:00,8.613152,1774630036531432217,452244,1774630036531639296,right,ON,3.0,4.9
2026-03-27T16:47:16.547889+00:00,8.629609,1774630036547889017,452260,1774630036547714816,right,ON,2.9,4.81
2026-03-27T16:47:16.563208+00:00,8.644928,1774630036563208017,452276,1774630036563721984,right,ON,3.0,4.9
2026-03-27T16:47:16.580676+00:00,8.662395,1774630036580675517,452292,1774630036579833856,right,ON,3.0,4.9
2026-03-27T16:47:16.596194+00:00,8.677914,1774630036596194317,452308,1774630036595922176,right,ON,3.0,4.9
2026-03-27T16:47:16.611650+00:00,8.693369,1774630036611649517,452324,1774630036611956736,right,ON,3.0,4.9
2026-03-27T16:47:16.628202+00:00,8.709921,1774630036628201817,452340,1774630036628028928,right,ON,2.9,4.81
2026-03-27T16:47:16.643339+00:00,8.725058,1774630036643338717,452356,1774630036644020736,right,ON,3.0,4.9
2026-03-27T16:47:16.659704+00:00,8.741424,1774630036659704317,452372,1774630036660049152,right,ON,2.9,4.81
2026-03-27T16:47:16.677056+00:00,8.758776,1774630036677056317,452388,1774630036676168192,right,ON,2.9,4.81
2026-03-27T16:47:16.691705+00:00,8.773425,1774630036691705117,452404,1774630036692179968,right,ON,2.9,4.81
2026-03-27T16:47:16.708124+00:00,8.789843,1774630036708123917,452420,1774630036708224768,right,ON,2.9,4.81
2026-03-27T16:47:16.724500+00:00,8.806219,1774630036724499817,452436,1774630036724343552,right,ON,2.9,4.81
2026-03-27T16:47:16.740158+00:00,8.821877,1774630036740157717,452452,1774630036740381696,right,ON,2.9,4.81
2026-03-27T16:47:16.756447+00:00,8.838167,1774630036756447317,452468,1774630036756458496,right,ON,2.9,4.81
2026-03-27T16:47:16.771908+00:00,8.853628,1774630036771908317,452484,1774630036772462848,right,ON,3.0,4.9
2026-03-27T16:47:16.788249+00:00,8.869968,1774630036788248517,452500,1774630036788493056,right,ON,2.9,4.81
2026-03-27T16:47:16.804978+00:00,8.886698,1774630036804978417,452516,1774630036804582400,right,ON,2.9,4.81
2026-03-27T16:47:16.820217+00:00,8.901937,1774630036820217417,452532,1774630036820599040,right,ON,2.9,4.81
2026-03-27T16:47:16.836674+00:00,8.918394,1774630036836674217,452548,1774630036836653824,right,ON,2.9,4.81
2026-03-27T16:47:16.853141+00:00,8.934861,1774630036853141117,452564,1774630036852742144,right,ON,2.9,4.81
2026-03-27T16:47:16.868432+00:00,8.950151,1774630036868431917,452580,1774630036868767744,right,ON,2.9,4.81
2026-03-27T16:47:16.884897+00:00,8.966617,1774630036884897517,452596,1774630036884827904,right,ON,2.9,4.81
2026-03-27T16:47:16.900373+00:00,8.982092,1774630036900372917,452612,1774630036900833024,right,ON,3.0,4.9
2026-03-27T16:47:16.916731+00:00,8.998451,1774630036916731017,452628,1774630036916868608,right,ON,2.9,4.81
2026-03-27T16:47:16.933187+00:00,9.014906,1774630036933186517,452644,1774630036932951808,right,ON,2.9,4.81
2026-03-27T16:47:16.948545+00:00,9.030264,1774630036948544917,452660,1774630036948964096,right,ON,3.0,4.9
2026-03-27T16:47:16.965111+00:00,9.046830,1774630036965110617,452676,1774630036965015040,right,ON,3.0,4.9
2026-03-27T16:47:16.981529+00:00,9.063249,1774630036981529217,452692,1774630036981102592,right,ON,3.0,4.98
2026-03-27T16:47:16.996926+00:00,9.078646,1774630036996926217,452708,1774630036997127680,right,ON,3.1,5.16
2026-03-27T16:47:17.013645+00:00,9.095364,1774630037013644717,452724,1774630037013204480,right,ON,3.3,5.42
2026-03-27T16:47:17.028676+00:00,9.110396,1774630037028676417,452740,1774630037029202944,right,ON,3.5,5.69
2026-03-27T16:47:17.045326+00:00,9.127046,1774630037045326217,452756,1774630037045247232,right,ON,3.8,6.21
2026-03-27T16:47:17.061845+00:00,9.143565,1774630037061845117,452772,1774630037061331712,right,ON,4.2,6.92
2026-03-27T16:47:17.077059+00:00,9.158778,1774630037077058817,452788,1774630037077342976,right,ON,5.1,8.32
2026-03-27T16:47:17.093510+00:00,9.175229,1774630037093509717,452804,1774630037093394432,right,ON,6.3,10.34
2026-03-27T16:47:17.109782+00:00,9.191501,1774630037109781517,452820,1774630037109469696,right,ON,7.7,12.72
2026-03-27T16:47:17.125389+00:00,9.207108,1774630037125388817,452836,1774630037125496064,right,ON,9.3,15.35
2026-03-27T16:47:17.141750+00:00,9.223470,1774630037141750217,452852,1774630037141552128,right,ON,11.3,18.43
2026-03-27T16:47:17.157080+00:00,9.238800,1774630037157080317,452868,1774630037157670400,right,ON,13.2,21.33
2026-03-27T16:47:17.173564+00:00,9.255284,1774630037173564317,452884,1774630037173712384,right,ON,15.3,24.41
2026-03-27T16:47:17.190087+00:00,9.271807,1774630037190087517,452900,1774630037189792000,right,ON,17.6,27.92
2026-03-27T16:47:17.205539+00:00,9.287258,1774630037205538517,452916,1774630037205812992,right,ON,19.0,30.03
2026-03-27T16:47:17.222093+00:00,9.303812,1774630037222092617,452932,1774630037221874176,right,ON,20.5,32.14
2026-03-27T16:47:17.238382+00:00,9.320101,1774630037238381517,452948,1774630037237966592,right,ON,21.9,34.08
2026-03-27T16:47:17.253888+00:00,9.335607,1774630037253887917,452964,1774630037254003456,right,ON,22.7,35.22
2026-03-27T16:47:17.270357+00:00,9.352076,1774630037270356617,452980,1774630037270077696,right,ON,23.0,35.66
2026-03-27T16:47:17.285605+00:00,9.367325,1774630037285605317,452996,1774630037286080512,right,ON,23.2,35.92
2026-03-27T16:47:17.302029+00:00,9.383748,1774630037302028717,453012,1774630037302116352,right,ON,23.4,36.18
2026-03-27T16:47:17.318675+00:00,9.400394,1774630037318674817,453028,1774630037318214656,right,ON,23.5,36.27
2026-03-27T16:47:17.334040+00:00,9.415760,1774630037334040017,453044,1774630037334241792,right,ON,23.4,36.18
2026-03-27T16:47:17.350410+00:00,9.432130,1774630037350410217,453060,1774630037350298112,right,ON,23.5,36.27
2026-03-27T16:47:17.366803+00:00,9.448523,1774630037366803417,453076,1774630037366420736,right,ON,23.5,36.27
2026-03-27T16:47:17.382510+00:00,9.464230,1774630037382510017,453092,1774630037382466048,right,ON,23.5,36.27
2026-03-27T16:47:17.398789+00:00,9.480508,1774630037398788617,453108,1774630037398548224,right,ON,23.5,36.27
2026-03-27T16:47:17.414286+00:00,9.496005,1774630037414285717,453124,1774630037414570240,right,ON,23.5,36.27
2026-03-27T16:47:17.430477+00:00,9.512197,1774630037430477117,453140,1774630037430610432,right,ON,23.5,36.27
2026-03-27T16:47:17.448402+00:00,9.530122,1774630037448402117,453156,1774630037446774016,right,ON,23.4,36.18
2026-03-27T16:47:17.462543+00:00,9.544262,1774630037462542617,453172,1774630037462804480,right,ON,23.5,36.27
2026-03-27T16:47:17.478993+00:00,9.560713,1774630037478993117,453188,1774630037478872576,right,ON,23.5,36.27
2026-03-27T16:47:17.495257+00:00,9.576977,1774630037495257117,453204,1774630037494962944,right,ON,23.5,36.27
2026-03-27T16:47:17.510955+00:00,9.592675,1774630037510955317,453220,1774630037511009792,right,ON,23.5,36.27
2026-03-27T16:47:17.527109+00:00,9.608828,1774630037527108617,453236,1774630037527076864,right,ON,23.5,36.27
2026-03-27T16:47:17.542692+00:00,9.624412,1774630037542692217,453252,1774630037543094016,right,ON,23.5,36.27
2026-03-27T16:47:17.558975+00:00,9.640695,1774630037558975217,453268,1774630037559135488,right,ON,23.5,36.27
2026-03-27T16:47:17.575503+00:00,9.657223,1774630037575503417,453284,1774630037575218688,right,ON,23.6,36.45
2026-03-27T16:47:17.590872+00:00,9.672591,1774630037590871517,453300,1774630037591236864,right,ON,23.7,36.54
2026-03-27T16:47:17.607361+00:00,9.689081,1774630037607361217,453316,1774630037607325440,right,ON,23.8,36.8
2026-03-27T16:47:17.623629+00:00,9.705349,1774630037623629217,453332,1774630037623411456,right,ON,24.1,37.15
2026-03-27T16:47:17.639269+00:00,9.720989,1774630037639269317,453348,1774630037639453440,right,ON,24.1,37.15
2026-03-27T16:47:17.655588+00:00,9.737307,1774630037655587617,453364,1774630037655526912,right,ON,24.1,37.15
2026-03-27T16:47:17.671203+00:00,9.752923,1774630037671203417,453380,1774630037671545088,right,ON,24.2,37.24
2026-03-27T16:47:17.687420+00:00,9.769140,1774630037687420317,453396,1774630037687582464,right,ON,24.2,37.24
2026-03-27T16:47:17.703937+00:00,9.785656,1774630037703936817,453412,1774630037703688192,right,ON,24.2,37.24
2026-03-27T16:47:17.719407+00:00,9.801127,1774630037719407217,453428,1774630037719715072,right,ON,24.2,37.33
2026-03-27T16:47:17.735669+00:00,9.817389,1774630037735669317,453444,1774630037735765760,right,ON,24.3,37.42
2026-03-27T16:47:17.752126+00:00,9.833845,1774630037752125817,453460,1774630037751851008,right,ON,24.4,37.59
2026-03-27T16:47:17.768273+00:00,9.849993,1774630037768273117,453476,1774630037767929344,right,ON,24.5,37.77
2026-03-27T16:47:17.784093+00:00,9.865813,1774630037784093317,453492,1774630037784000000,right,ON,24.7,37.94
2026-03-27T16:47:17.799517+00:00,9.881237,1774630037799517517,453508,1774630037800013056,right,ON,24.9,38.29
2026-03-27T16:47:17.815878+00:00,9.897598,1774630037815878117,453524,1774630037816053760,right,ON,25.2,38.65
2026-03-27T16:47:17.832362+00:00,9.914082,1774630037832362317,453540,1774630037832141312,right,ON,25.6,39.17
2026-03-27T16:47:17.847836+00:00,9.929556,1774630037847836117,453556,1774630037848168448,right,ON,26.0,39.79
2026-03-27T16:47:17.864140+00:00,9.945860,1774630037864140217,453572,1774630037864222976,right,ON,26.5,40.4
2026-03-27T16:47:17.880577+00:00,9.962296,1774630037880576817,453588,1774630037880313856,right,ON,26.9,41.02
2026-03-27T16:47:17.896088+00:00,9.977808,1774630037896088317,453604,1774630037896347904,right,ON,27.3,41.55
2026-03-27T16:47:17.912557+00:00,9.994276,1774630037912556717,453620,1774630037912419840,right,ON,27.7,42.16
2026-03-27T16:47:17.927889+00:00,10.009608,1774630037927888717,453636,1774630037928429056,right,ON,28.1,42.69
2026-03-27T16:47:17.944297+00:00,10.026016,1774630037944296717,453652,1774630037944469504,right,ON,28.6,43.3
2026-03-27T16:47:17.960796+00:00,10.042515,1774630037960795717,453668,1774630037960549376,right,ON,29.0,43.92
2026-03-27T16:47:17.976177+00:00,10.057897,1774630037976177517,453684,1774630037976566016,right,ON,29.5,44.53
2026-03-27T16:47:17.992590+00:00,10.074310,1774630037992590017,453700,1774630037992620800,right,ON,29.9,45.15
2026-03-27T16:47:18.009180+00:00,10.090900,1774630038009180417,453716,1774630038008719360,right,ON,30.4,45.76
2026-03-27T16:47:18.024524+00:00,10.106244,1774630038024524217,453732,1774630038024753920,right,ON,30.9,46.47
2026-03-27T16:47:18.041223+00:00,10.122942,1774630038041222817,453748,1774630038040848128,right,ON,31.4,47.08
2026-03-27T16:47:18.056312+00:00,10.138032,1774630038056312217,453764,1774630038056851712,right,ON,31.8,47.52
2026-03-27T16:47:18.072685+00:00,10.154405,1774630038072685417,453780,1774630038072892672,right,ON,31.9,47.7
2026-03-27T16:47:18.089408+00:00,10.171128,1774630038089408217,453796,1774630038088989696,right,ON,32.0,47.79
2026-03-27T16:47:18.104634+00:00,10.186354,1774630038104634317,453812,1774630038105009408,right,ON,32.2,48.05
2026-03-27T16:47:18.121099+00:00,10.202818,1774630038121098717,453828,1774630038121066496,right,ON,32.4,48.31
2026-03-27T16:47:18.137733+00:00,10.219453,1774630038137733417,453844,1774630038137165568,right,ON,32.6,48.58
2026-03-27T16:47:18.153134+00:00,10.234853,1774630038153133817,453860,1774630038153210112,right,ON,32.7,48.67
2026-03-27T16:47:18.169517+00:00,10.251236,1774630038169516517,453876,1774630038169283840,right,ON,32.8,48.75
2026-03-27T16:47:18.184802+00:00,10.266521,1774630038184801417,453892,1774630038185287936,right,ON,32.8,48.75
2026-03-27T16:47:18.201246+00:00,10.282965,1774630038201245617,453908,1774630038201328384,right,ON,32.8,48.75
2026-03-27T16:47:18.218021+00:00,10.299740,1774630038218020717,453924,1774630038217427456,right,ON,32.8,48.75
2026-03-27T16:47:18.233147+00:00,10.314867,1774630038233147217,453940,1774630038233450240,right,ON,32.8,48.84
2026-03-27T16:47:18.249756+00:00,10.331476,1774630038249756417,453956,1774630038249522432,right,ON,32.8,48.75
2026-03-27T16:47:18.266263+00:00,10.347982,1774630038266262917,453972,1774630038265629440,right,ON,32.8,48.75
2026-03-27T16:47:18.281530+00:00,10.363250,1774630038281530117,453988,1774630038281670400,right,ON,32.8,48.75
2026-03-27T16:47:18.298201+00:00,10.379921,1774630038298201117,454004,1774630038297761792,right,ON,32.8,48.75
2026-03-27T16:47:18.313368+00:00,10.395087,1774630038313367917,454020,1774630038313773312,right,ON,32.8,48.75
2026-03-27T16:47:18.329770+00:00,10.411490,1774630038329770017,454036,1774630038329817344,right,ON,32.8,48.75
2026-03-27T16:47:18.350871+00:00,10.432591,1774630038350871117,454052,1774630038346187520,right,ON,32.8,48.75
2026-03-27T16:47:18.363717+00:00,10.445437,1774630038363717417,454068,1774630038362333440,right,ON,32.8,48.75
2026-03-27T16:47:18.378297+00:00,10.460016,1774630038378296717,454084,1774630038378395904,right,ON,32.7,48.67
2026-03-27T16:47:18.394534+00:00,10.476254,1774630038394534317,454100,1774630038394479616,right,ON,32.6,48.58
2026-03-27T16:47:18.409787+00:00,10.491506,1774630038409786817,454116,1774630038410503168,right,ON,32.6,48.58
2026-03-27T16:47:18.426431+00:00,10.508150,1774630038426430717,454132,1774630038426570240,right,ON,32.6,48.58
2026-03-27T16:47:18.441776+00:00,10.523496,1774630038441776217,454148,1774630038442575872,right,ON,32.7,48.67
2026-03-27T16:47:18.458190+00:00,10.539910,1774630038458190317,454164,1774630038458608384,right,ON,32.7,48.67
2026-03-27T16:47:18.474583+00:00,10.556303,1774630038474583317,454180,1774630038474719232,right,ON,32.7,48.67
2026-03-27T16:47:18.490175+00:00,10.571894,1774630038490174617,454196,1774630038490744064,right,ON,32.7,48.67
2026-03-27T16:47:18.506493+00:00,10.588213,1774630038506493517,454212,1774630038506797056,right,ON,32.7,48.67
2026-03-27T16:47:18.522919+00:00,10.604639,1774630038522919317,454228,1774630038522879232,right,ON,32.7,48.67
2026-03-27T16:47:18.538310+00:00,10.620029,1774630038538309917,454244,1774630038538909440,right,ON,32.7,48.67
2026-03-27T16:47:18.557768+00:00,10.639488,1774630038557768117,454260,1774630038555150848,right,ON,32.7,48.67
2026-03-27T16:47:18.570232+00:00,10.651952,1774630038570232417,454276,1774630038571153920,right,ON,32.6,48.58
2026-03-27T16:47:18.586643+00:00,10.668363,1774630038586643217,454292,1774630038587185664,right,ON,32.7,48.67
2026-03-27T16:47:18.603096+00:00,10.684816,1774630038603096217,454308,1774630038603256320,right,ON,32.7,48.67
2026-03-27T16:47:18.618607+00:00,10.700327,1774630038618607417,454324,1774630038619272192,right,ON,32.6,48.58
2026-03-27T16:47:18.634935+00:00,10.716655,1774630038634935317,454340,1774630038635318016,right,ON,32.6,48.58
2026-03-27T16:47:18.651326+00:00,10.733046,1774630038651326317,454356,1774630038651390976,right,ON,32.6,48.58
2026-03-27T16:47:18.666815+00:00,10.748534,1774630038666814717,454372,1774630038667416064,right,ON,32.6,48.58
2026-03-27T16:47:18.683334+00:00,10.765053,1774630038683333917,454388,1774630038683477504,right,ON,32.6,48.49
2026-03-27T16:47:18.698696+00:00,10.780416,1774630038698696117,454404,1774630038699482880,right,ON,32.5,48.4
2026-03-27T16:47:18.715329+00:00,10.797049,1774630038715329217,454420,1774630038715528448,right,ON,32.4,48.23
2026-03-27T16:47:18.731452+00:00,10.813172,1774630038731452517,454436,1774630038731592192,right,ON,31.9,47.7
2026-03-27T16:47:18.747145+00:00,10.828864,1774630038747144817,454452,1774630038747615488,right,ON,31.1,46.64
2026-03-27T16:47:18.763400+00:00,10.845119,1774630038763399917,454468,1774630038763656960,right,ON,29.7,44.89
2026-03-27T16:47:18.781658+00:00,10.863378,1774630038781658417,454484,1774630038779845632,right,ON,28.2,42.78
2026-03-27T16:47:18.795366+00:00,10.877086,1774630038795366117,454500,1774630038795890688,right,ON,26.3,40.23
2026-03-27T16:47:18.811630+00:00,10.893349,1774630038811629617,454516,1774630038811941632,right,ON,24.0,36.98
2026-03-27T16:47:18.827176+00:00,10.908896,1774630038827176417,454532,1774630038827942144,right,ON,20.6,32.32
2026-03-27T16:47:18.843505+00:00,10.925225,1774630038843505017,454548,1774630038843968512,right,ON,16.2,25.81
2026-03-27T16:47:18.859973+00:00,10.941692,1774630038859972617,454564,1774630038860033536,right,ON,12.7,20.45
2026-03-27T16:47:18.875407+00:00,10.957126,1774630038875406617,454580,1774630038876041984,right,ON,10.7,17.55
2026-03-27T16:47:18.891891+00:00,10.973610,1774630038891890617,454596,1774630038892084480,right,ON,9.3,15.35
2026-03-27T16:47:18.908283+00:00,10.990003,1774630038908283417,454612,1774630038908159232,right,ON,8.1,13.33
2026-03-27T16:47:18.923699+00:00,11.005418,1774630038923698817,454628,1774630038924177920,right,ON,7.5,12.28
2026-03-27T16:47:18.940144+00:00,11.021863,1774630038940143517,454644,1774630038940232704,right,ON,7.0,11.49
2026-03-27T16:47:18.955498+00:00,11.037218,1774630038955498017,454660,1774630038956222464,right,ON,6.8,11.14
2026-03-27T16:47:18.972183+00:00,11.053902,1774630038972182817,454676,1774630038972261376,right,ON,6.6,10.87
2026-03-27T16:47:18.989656+00:00,11.071376,1774630038989656217,454692,1774630038988400128,right,ON,6.4,10.52
2026-03-27T16:47:19.003761+00:00,11.085481,1774630039003761417,454708,1774630039004397056,right,ON,6.3,10.43
2026-03-27T16:47:19.020241+00:00,11.101960,1774630039020240717,454724,1774630039020430848,right,ON,6.2,10.26
2026-03-27T16:47:19.036777+00:00,11.118497,1774630039036777317,454740,1774630039036510720,right,ON,6.2,10.17
2026-03-27T16:47:19.052174+00:00,11.133894,1774630039052174417,454756,1774630039052528128,right,ON,6.2,10.17
2026-03-27T16:47:19.068535+00:00,11.150254,1774630039068534917,454772,1774630039068583936,right,ON,6.1,10.08
2026-03-27T16:47:19.083904+00:00,11.165623,1774630039083903717,454788,1774630039084567808,right,ON,6.1,10.08
2026-03-27T16:47:19.100553+00:00,11.182272,1774630039100552417,454804,1774630039100598272,right,ON,6.1,9.99
2026-03-27T16:47:19.117209+00:00,11.198929,1774630039117209017,454820,1774630039116685568,right,ON,6.1,9.99
2026-03-27T16:47:19.132401+00:00,11.214120,1774630039132400817,454836,1774630039132693760,right,ON,6.0,9.91
2026-03-27T16:47:19.148652+00:00,11.230371,1774630039148651717,454852,1774630039148726272,right,ON,6.0,9.91
2026-03-27T16:47:19.165289+00:00,11.247009,1774630039165289317,454868,1774630039164812800,right,ON,6.0,9.91
2026-03-27T16:47:19.181154+00:00,11.262873,1774630039181153717,454884,1774630039180866816,right,ON,6.0,9.82
2026-03-27T16:47:19.197069+00:00,11.278789,1774630039197069017,454900,1774630039196922112,right,ON,6.0,9.82
2026-03-27T16:47:19.213504+00:00,11.295224,1774630039213504017,454916,1774630039212976384,right,ON,6.0,9.82
2026-03-27T16:47:19.233092+00:00,11.314811,1774630039233091817,454932,1774630039229256704,right,ON,6.0,9.82
2026-03-27T16:47:19.245391+00:00,11.327111,1774630039245391417,454948,1774630039245324032,right,ON,6.0,9.82
2026-03-27T16:47:19.261059+00:00,11.342778,1774630039261058517,454964,1774630039261338880,right,ON,6.0,9.82
2026-03-27T16:47:19.277160+00:00,11.358880,1774630039277160317,454980,1774630039277373696,right,ON,6.0,9.82
2026-03-27T16:47:19.293518+00:00,11.375237,1774630039293517717,454996,1774630039293440768,right,ON,6.0,9.82
2026-03-27T16:47:19.309499+00:00,11.391219,1774630039309499017,455012,1774630039309479168,right,ON,6.0,9.82
2026-03-27T16:47:19.325488+00:00,11.407208,1774630039325488417,455028,1774630039325532160,right,ON,6.0,9.82
2026-03-27T16:47:19.341032+00:00,11.422752,1774630039341032217,455044,1774630039341526784,right,ON,6.0,9.82
2026-03-27T16:47:19.357355+00:00,11.439075,1774630039357355017,455060,1774630039357548288,right,ON,6.0,9.82
2026-03-27T16:47:19.373879+00:00,11.455598,1774630039373878717,455076,1774630039373755904,right,ON,6.0,9.82
2026-03-27T16:47:19.389304+00:00,11.471024,1774630039389304117,455092,1774630039389831680,right,ON,6.0,9.82
2026-03-27T16:47:19.405836+00:00,11.487555,1774630039405835517,455108,1774630039405892864,right,ON,6.0,9.82
2026-03-27T16:47:19.422366+00:00,11.504086,1774630039422366317,455124,1774630039421988608,right,ON,6.0,9.82
2026-03-27T16:47:19.440347+00:00,11.522066,1774630039440346617,455140,1774630039438176512,right,ON,6.0,9.82
2026-03-27T16:47:19.454093+00:00,11.535812,1774630039454092617,455156,1774630039454237696,right,ON,6.0,9.82
2026-03-27T16:47:19.469442+00:00,11.551161,1774630039469441617,455172,1774630039470233344,right,ON,6.0,9.82
2026-03-27T16:47:19.485798+00:00,11.567517,1774630039485797917,455188,1774630039486258176,right,ON,6.0,9.82
2026-03-27T16:47:19.502325+00:00,11.584045,1774630039502325017,455204,1774630039502322432,right,ON,6.0,9.82
2026-03-27T16:47:19.517704+00:00,11.599424,1774630039517704317,455220,1774630039518330368,right,ON,6.0,9.82
2026-03-27T16:47:19.534184+00:00,11.615903,1774630039534183917,455236,1774630039534372864,right,ON,6.0,9.82
2026-03-27T16:47:19.550495+00:00,11.632214,1774630039550494717,455252,1774630039550441984,right,ON,6.0,9.82
2026-03-27T16:47:19.565985+00:00,11.647705,1774630039565985617,455268,1774630039566456064,right,ON,6.0,9.82
2026-03-27T16:47:19.582331+00:00,11.664050,1774630039582330617,455284,1774630039582593792,right,ON,6.0,9.82
2026-03-27T16:47:19.597826+00:00,11.679545,1774630039597825517,455300,1774630039598589440,right,ON,6.0,9.82
2026-03-27T16:47:19.614301+00:00,11.696021,1774630039614301517,455316,1774630039614621952,right,ON,6.0,9.82
2026-03-27T16:47:19.630737+00:00,11.712456,1774630039630736717,455332,1774630039630689792,right,ON,6.0,9.82
2026-03-27T16:47:19.647458+00:00,11.729178,1774630039647458117,455348,1774630039646781184,right,ON,6.0,9.82
2026-03-27T16:47:19.662857+00:00,11.744577,1774630039662857317,455364,1774630039662839040,right,ON,6.0,9.82
2026-03-27T16:47:19.681021+00:00,11.762741,1774630039681021217,455380,1774630039679035648,right,ON,6.0,9.82
2026-03-27T16:47:19.694396+00:00,11.776115,1774630039694395717,455396,1774630039695047680,right,ON,6.0,9.82
2026-03-27T16:47:19.710901+00:00,11.792620,1774630039710900817,455412,1774630039711101952,right,ON,6.0,9.82
2026-03-27T16:47:19.726166+00:00,11.807886,1774630039726166217,455428,1774630039727085824,right,ON,6.0,9.82
2026-03-27T16:47:19.742615+00:00,11.824335,1774630039742615617,455444,1774630039743111936,right,ON,6.0,9.82
2026-03-27T16:47:19.759027+00:00,11.840747,1774630039759027517,455460,1774630039759162624,right,ON,6.0,9.82
2026-03-27T16:47:19.774571+00:00,11.856290,1774630039774570817,455476,1774630039775170560,right,ON,6.0,9.82
2026-03-27T16:47:19.791050+00:00,11.872770,1774630039791050017,455492,1774630039791210752,right,ON,6.0,9.82
2026-03-27T16:47:19.807453+00:00,11.889172,1774630039807452817,455508,1774630039807341056,right,ON,6.0,9.82
2026-03-27T16:47:19.822711+00:00,11.904431,1774630039822711417,455524,1774630039823351552,right,ON,6.0,9.82
2026-03-27T16:47:19.839381+00:00,11.921101,1774630039839381517,455540,1774630039839406592,right,ON,6.0,9.82
2026-03-27T16:47:19.854646+00:00,11.936366,1774630039854646317,455556,1774630039855396864,right,ON,6.0,9.82
2026-03-27T16:47:19.873910+00:00,11.955630,1774630039873910017,455572,1774630039871591936,right,ON,6.0,9.82
2026-03-27T16:47:19.887559+00:00,11.969279,1774630039887559517,455588,1774630039887648768,right,ON,6.0,9.82
2026-03-27T16:47:19.905232+00:00,11.986952,1774630039905232317,455604,1774630039903784960,right,ON,6.0,9.91
2026-03-27T16:47:19.919439+00:00,12.001159,1774630039919439017,455620,1774630039919818240,right,ON,6.0,9.82
2026-03-27T16:47:19.935874+00:00,12.017593,1774630039935873817,455636,1774630039935885568,right,ON,6.0,9.91
2026-03-27T16:47:19.951219+00:00,12.032939,1774630039951219017,455652,1774630039951889152,right,ON,6.0,9.91
2026-03-27T16:47:19.967901+00:00,12.049620,1774630039967900717,455668,1774630039967943168,right,ON,6.0,9.91
2026-03-27T16:47:19.983196+00:00,12.064915,1774630039983195617,455684,1774630039983928576,right,ON,6.0,9.91
2026-03-27T16:47:19.999578+00:00,12.081298,1774630039999578017,455700,1774630039999953408,right,ON,6.0,9.82
2026-03-27T16:47:20.015937+00:00,12.097657,1774630040015937217,455716,1774630040016041472,right,ON,6.0,9.91
2026-03-27T16:47:20.031341+00:00,12.113060,1774630040031340717,455732,1774630040032030208,right,ON,6.0,9.91
2026-03-27T16:47:20.047962+00:00,12.129682,1774630040047962117,455748,1774630040048067072,right,ON,6.0,9.82
2026-03-27T16:47:20.064365+00:00,12.146085,1774630040064365317,455764,1774630040064139776,right,ON,6.0,9.91
2026-03-27T16:47:20.081702+00:00,12.163422,1774630040081702417,455780,1774630040080270592,right,ON,6.0,9.91
2026-03-27T16:47:20.096152+00:00,12.177872,1774630040096152017,455796,1774630040096309504,right,ON,6.0,9.91
2026-03-27T16:47:20.114058+00:00,12.195778,1774630040114058417,455812,1774630040112440064,right,ON,6.0,9.91
2026-03-27T16:47:20.128194+00:00,12.209914,1774630040128194017,455828,1774630040128467968,right,ON,6.0,9.91
2026-03-27T16:47:20.144451+00:00,12.226170,1774630040144450717,455844,1774630040144527104,right,ON,6.0,9.91
2026-03-27T16:47:20.159808+00:00,12.241527,1774630040159807817,455860,1774630040160516864,right,ON,6.1,9.99
2026-03-27T16:47:20.176595+00:00,12.258315,1774630040176595117,455876,1774630040176557568,right,ON,6.1,9.99
2026-03-27T16:47:20.192847+00:00,12.274566,1774630040192846617,455892,1774630040192628224,right,ON,6.0,9.91
2026-03-27T16:47:20.208189+00:00,12.289909,1774630040208189517,455908,1774630040208648960,right,ON,6.1,9.99
2026-03-27T16:47:20.224575+00:00,12.306294,1774630040224574417,455924,1774630040224686336,right,ON,6.1,9.99
2026-03-27T16:47:20.240108+00:00,12.321828,1774630040240108217,455940,1774630040240703744,right,ON,6.1,9.99
2026-03-27T16:47:20.256497+00:00,12.338217,1774630040256497517,455956,1774630040256853248,right,ON,6.1,9.99
2026-03-27T16:47:20.272989+00:00,12.354708,1774630040272988817,455972,1774630040272918272,right,ON,6.1,9.99
2026-03-27T16:47:20.288277+00:00,12.369997,1774630040288277617,455988,1774630040288923904,right,ON,6.0,9.91
2026-03-27T16:47:20.305643+00:00,12.387362,1774630040305642917,456004,1774630040305011968,right,ON,6.1,9.99
2026-03-27T16:47:20.321365+00:00,12.403085,1774630040321365017,456020,1774630040321087232,right,ON,6.0,9.91
2026-03-27T16:47:20.336993+00:00,12.418713,1774630040336993617,456036,1774630040337133824,right,ON,6.1,9.99
2026-03-27T16:47:20.353100+00:00,12.434820,1774630040353100317,456052,1774630040353181440,right,ON,6.1,9.99
2026-03-27T16:47:20.368632+00:00,12.450352,1774630040368632117,456068,1774630040369181184,right,ON,6.1,9.99
2026-03-27T16:47:20.384975+00:00,12.466695,1774630040384975017,456084,1774630040385207040,right,ON,6.1,9.99
2026-03-27T16:47:20.401402+00:00,12.483122,1774630040401402117,456100,1774630040401269504,right,ON,6.0,9.91
2026-03-27T16:47:20.416778+00:00,12.498498,1774630040416778217,456116,1774630040417271296,right,ON,6.1,9.99
2026-03-27T16:47:20.433355+00:00,12.515075,1774630040433355117,456132,1774630040433319680,right,ON,6.1,9.99
2026-03-27T16:47:20.449701+00:00,12.531420,1774630040449700517,456148,1774630040449400832,right,ON,6.0,9.91
2026-03-27T16:47:20.465130+00:00,12.546849,1774630040465129717,456164,1774630040465504000,right,ON,6.0,9.91
2026-03-27T16:47:20.481564+00:00,12.563283,1774630040481563917,456180,1774630040481562112,right,ON,6.0,9.91
2026-03-27T16:47:20.496917+00:00,12.578637,1774630040496917317,456196,1774630040497555712,right,ON,6.0,9.91
2026-03-27T16:47:20.514256+00:00,12.595976,1774630040514256317,456212,1774630040513636864,right,ON,6.1,9.99
2026-03-27T16:47:20.529916+00:00,12.611636,1774630040529916017,456228,1774630040529707264,right,ON,6.1,9.99
2026-03-27T16:47:20.545244+00:00,12.626963,1774630040545243317,456244,1774630040545712384,right,ON,6.0,9.91
2026-03-27T16:47:20.561819+00:00,12.643539,1774630040561819317,456260,1774630040561762304,right,ON,6.1,9.99
2026-03-27T16:47:20.578487+00:00,12.660206,1774630040578486817,456276,1774630040577857536,right,ON,6.1,9.99
2026-03-27T16:47:20.593664+00:00,12.675383,1774630040593663917,456292,1774630040593880832,right,ON,6.0,9.91
2026-03-27T16:47:20.610027+00:00,12.691747,1774630040610027017,456308,1774630040609931776,right,ON,6.1,9.99
2026-03-27T16:47:20.625406+00:00,12.707126,1774630040625406117,456324,1774630040625923584,right,ON,6.1,9.99
2026-03-27T16:47:20.641960+00:00,12.723679,1774630040641959917,456340,1774630040641958912,right,ON,6.1,9.99
2026-03-27T16:47:20.658361+00:00,12.740081,1774630040658361217,456356,1774630040658027008,right,ON,6.1,9.99
2026-03-27T16:47:20.673735+00:00,12.755455,1774630040673735217,456372,1774630040674074368,right,ON,6.1,9.99
2026-03-27T16:47:20.690149+00:00,12.771869,1774630040690149417,456388,1774630040690125056,right,ON,6.0,9.91
2026-03-27T16:47:20.706690+00:00,12.788409,1774630040706689617,456404,1774630040706271488,right,ON,6.0,9.91
2026-03-27T16:47:20.722038+00:00,12.803757,1774630040722037917,456420,1774630040722293504,right,ON,6.1,9.99
2026-03-27T16:47:20.740435+00:00,12.822155,1774630040740435317,456436,1774630040738472704,right,ON,6.1,9.99
2026-03-27T16:47:20.753917+00:00,12.835636,1774630040753916517,456452,1774630040754467072,right,ON,6.0,9.91
2026-03-27T16:47:20.770400+00:00,12.852119,1774630040770399917,456468,1774630040770499584,right,ON,6.1,9.99
2026-03-27T16:47:20.786799+00:00,12.868519,1774630040786799117,456484,1774630040786563840,right,ON,6.1,9.99
2026-03-27T16:47:20.802132+00:00,12.883852,1774630040802132517,456500,1774630040802567680,right,ON,6.1,9.99
2026-03-27T16:47:20.818631+00:00,12.900350,1774630040818630917,456516,1774630040818611968,right,ON,6.1,9.99
2026-03-27T16:47:20.835113+00:00,12.916833,1774630040835113017,456532,1774630040834692608,right,ON,6.1,9.99
2026-03-27T16:47:20.850538+00:00,12.932257,1774630040850537917,456548,1774630040850710272,right,ON,6.1,9.99
2026-03-27T16:47:20.866937+00:00,12.948657,1774630040866937117,456564,1774630040866767360,right,ON,6.1,9.99
2026-03-27T16:47:20.882314+00:00,12.964033,1774630040882313917,456580,1774630040882758656,right,ON,6.0,9.91
2026-03-27T16:47:20.899036+00:00,12.980756,1774630040899036517,456596,1774630040898890240,right,ON,6.1,9.99
2026-03-27T16:47:20.915316+00:00,12.997036,1774630040915316117,456612,1774630040914964480,right,ON,6.1,9.99
2026-03-27T16:47:20.930601+00:00,13.012321,1774630040930601017,456628,1774630040931041536,right,ON,6.0,9.91
2026-03-27T16:47:20.948714+00:00,13.030433,1774630040948713417,456644,1774630040947189504,right,ON,6.0,9.91
2026-03-27T16:47:20.963470+00:00,13.045190,1774630040963470117,456660,1774630040963267584,right,ON,6.0,9.91
2026-03-27T16:47:20.978995+00:00,13.060715,1774630040978995117,456676,1774630040979291136,right,ON,6.0,9.82
2026-03-27T16:47:20.995384+00:00,13.077103,1774630040995383817,456692,1774630040995354112,right,ON,6.0,9.82
2026-03-27T16:47:21.010786+00:00,13.092505,1774630041010785617,456708,1774630041011353600,right,ON,6.0,9.82
2026-03-27T16:47:21.027144+00:00,13.108863,1774630041027143617,456724,1774630041027381760,right,ON,5.9,9.73
2026-03-27T16:47:21.043745+00:00,13.125464,1774630041043744717,456740,1774630041043452672,right,ON,5.9,9.64
2026-03-27T16:47:21.059119+00:00,13.140838,1774630041059118517,456756,1774630041059461120,right,ON,5.9,9.64
2026-03-27T16:47:21.075556+00:00,13.157275,1774630041075555817,456772,1774630041075510272,right,ON,5.9,9.64
2026-03-27T16:47:21.091953+00:00,13.173672,1774630041091952717,456788,1774630041091591168,right,ON,5.9,9.64
2026-03-27T16:47:21.107455+00:00,13.189175,1774630041107455117,456804,1774630041107678208,right,ON,5.8,9.55
2026-03-27T16:47:21.123886+00:00,13.205606,1774630041123886417,456820,1774630041123740672,right,ON,5.8,9.55
2026-03-27T16:47:21.139279+00:00,13.220998,1774630041139278517,456836,1774630041139820032,right,ON,5.8,9.55
2026-03-27T16:47:21.155693+00:00,13.237413,1774630041155693117,456852,1774630041155865088,right,ON,5.8,9.55
2026-03-27T16:47:21.172055+00:00,13.253775,1774630041172055317,456868,1774630041171934720,right,ON,5.8,9.55
2026-03-27T16:47:21.188540+00:00,13.270259,1774630041188539517,456884,1774630041188008960,right,ON,5.8,9.55
2026-03-27T16:47:21.204170+00:00,13.285890,1774630041204170417,456900,1774630041204078336,right,ON,5.8,9.55
2026-03-27T16:47:21.220438+00:00,13.302157,1774630041220437717,456916,1774630041220166656,right,ON,5.8,9.55
2026-03-27T16:47:21.235814+00:00,13.317533,1774630041235813517,456932,1774630041236191488,right,ON,5.8,9.47
2026-03-27T16:47:21.252294+00:00,13.334013,1774630041252293917,456948,1774630041252252160,right,ON,5.8,9.55
2026-03-27T16:47:21.267703+00:00,13.349423,1774630041267703317,456964,1774630041268256768,right,ON,5.8,9.55
2026-03-27T16:47:21.284526+00:00,13.366245,1774630041284525517,456980,1774630041284318720,right,ON,5.8,9.55
2026-03-27T16:47:21.300584+00:00,13.382304,1774630041300584117,456996,1774630041300393728,right,ON,5.8,9.55
2026-03-27T16:47:21.315946+00:00,13.397666,1774630041315946317,457012,1774630041316402432,right,ON,5.8,9.55
2026-03-27T16:47:21.332490+00:00,13.414210,1774630041332490417,457028,1774630041332481792,right,ON,5.8,9.55
2026-03-27T16:47:21.349037+00:00,13.430757,1774630041349037417,457044,1774630041348581632,right,ON,5.8,9.47
2026-03-27T16:47:21.364309+00:00,13.446029,1774630041364309317,457060,1774630041364620032,right,ON,5.8,9.55
2026-03-27T16:47:21.380676+00:00,13.462395,1774630041380675717,457076,1774630041380679424,right,ON,5.8,9.55
2026-03-27T16:47:21.396239+00:00,13.477959,1774630041396239117,457092,1774630041396692736,right,ON,5.8,9.55
2026-03-27T16:47:21.413910+00:00,13.495630,1774630041413910117,457108,1774630041412813056,right,ON,5.8,9.47
2026-03-27T16:47:21.429073+00:00,13.510793,1774630041429073317,457124,1774630041428888832,right,ON,5.8,9.55
2026-03-27T16:47:21.444455+00:00,13.526175,1774630041444455417,457140,1774630041444901888,right,ON,5.8,9.47
2026-03-27T16:47:21.460995+00:00,13.542715,1774630041460995017,457156,1774630041460961024,right,ON,5.8,9.47
2026-03-27T16:47:21.477353+00:00,13.559073,1774630041477353217,457172,1774630041477047040,right,ON,5.8,9.55
2026-03-27T16:47:21.492755+00:00,13.574474,1774630041492754917,457188,1774630041493073664,right,ON,5.8,9.55
2026-03-27T16:47:21.509143+00:00,13.590862,1774630041509142917,457204,1774630041509132288,right,ON,5.8,9.55
2026-03-27T16:47:21.530379+00:00,13.612098,1774630041530378717,457220,1774630041525485312,right,ON,5.8,9.55
2026-03-27T16:47:21.541079+00:00,13.622799,1774630041541079317,457236,1774630041541542656,right,ON,5.8,9.47
2026-03-27T16:47:21.557485+00:00,13.639204,1774630041557484417,457252,1774630041557610496,right,ON,5.8,9.47
2026-03-27T16:47:21.572871+00:00,13.654591,1774630041572871517,457268,1774630041573614592,right,ON,5.8,9.55
2026-03-27T16:47:21.589336+00:00,13.671056,1774630041589336217,457284,1774630041589659648,right,ON,5.8,9.55
2026-03-27T16:47:21.605850+00:00,13.687569,1774630041605849717,457300,1774630041605752064,right,ON,5.8,9.47
2026-03-27T16:47:21.621495+00:00,13.703214,1774630041621494417,457316,1774630041621792000,right,ON,5.8,9.47
2026-03-27T16:47:21.637621+00:00,13.719341,1774630041637621617,457332,1774630041637845760,right,ON,5.8,9.55
2026-03-27T16:47:21.653102+00:00,13.734821,1774630041653101517,457348,1774630041653842944,right,ON,5.8,9.47
2026-03-27T16:47:21.669595+00:00,13.751314,1774630041669594817,457364,1774630041669882368,right,ON,5.8,9.55
2026-03-27T16:47:21.685998+00:00,13.767718,1774630041685998417,457380,1774630041685953536,right,ON,5.8,9.55
2026-03-27T16:47:21.701315+00:00,13.783035,1774630041701315117,457396,1774630041701958400,right,ON,5.8,9.47
2026-03-27T16:47:21.717760+00:00,13.799480,1774630041717760217,457412,1774630041717998080,right,ON,5.8,9.47
2026-03-27T16:47:21.734321+00:00,13.816041,1774630041734321017,457428,1774630041734084096,right,ON,5.8,9.47
2026-03-27T16:47:21.749729+00:00,13.831448,1774630041749728917,457444,1774630041750107648,right,ON,5.8,9.55
2026-03-27T16:47:21.766121+00:00,13.847841,1774630041766121017,457460,1774630041766225152,right,ON,5.8,9.47
2026-03-27T16:47:21.781476+00:00,13.863196,1774630041781476017,457476,1774630041782222336,right,ON,5.8,9.47
2026-03-27T16:47:21.798066+00:00,13.879786,1774630041798066017,457492,1774630041798265088,right,ON,5.8,9.47
2026-03-27T16:47:21.814460+00:00,13.896179,1774630041814459817,457508,1774630041814339328,right,ON,5.8,9.47
2026-03-27T16:47:21.829815+00:00,13.911534,1774630041829814817,457524,1774630041830347776,right,ON,5.8,9.47
2026-03-27T16:47:21.846340+00:00,13.928059,1774630041846339517,457540,1774630041846398720,right,ON,5.8,9.47
2026-03-27T16:47:21.862655+00:00,13.944375,1774630041862655117,457556,1774630041862478848,right,ON,5.8,9.47
2026-03-27T16:47:21.878280+00:00,13.959999,1774630041878279817,457572,1774630041878512640,right,ON,5.8,9.55
2026-03-27T16:47:21.894533+00:00,13.976253,1774630041894533217,457588,1774630041894569216,right,ON,5.8,9.47
2026-03-27T16:47:21.909868+00:00,13.991588,1774630041909868417,457604,1774630041910560512,right,ON,5.8,9.47
2026-03-27T16:47:21.926357+00:00,14.008077,1774630041926357017,457620,1774630041926599168,right,ON,5.8,9.47
2026-03-27T16:47:21.942695+00:00,14.024415,1774630041942695417,457636,1774630041942662144,right,ON,5.8,9.47
2026-03-27T16:47:21.958417+00:00,14.040136,1774630041958416817,457652,1774630041958681088,right,ON,5.8,9.47
2026-03-27T16:47:21.974715+00:00,14.056435,1774630041974715517,457668,1774630041974778624,right,ON,5.8,9.47
2026-03-27T16:47:21.991150+00:00,14.072869,1774630041991149817,457684,1774630041990861312,right,ON,5.8,9.47
2026-03-27T16:47:22.006434+00:00,14.088153,1774630042006433817,457700,1774630042006879744,right,ON,5.8,9.47
2026-03-27T16:47:22.023093+00:00,14.104813,1774630042023093617,457716,1774630042022945792,right,ON,5.8,9.47
2026-03-27T16:47:22.038398+00:00,14.120117,1774630042038397617,457732,1774630042038945280,right,ON,5.8,9.55
2026-03-27T16:47:22.054903+00:00,14.136622,1774630042054902917,457748,1774630042054981632,right,ON,5.8,9.47
2026-03-27T16:47:22.071207+00:00,14.152927,1774630042071207017,457764,1774630042071049984,right,ON,5.8,9.47
2026-03-27T16:47:22.086861+00:00,14.168580,1774630042086860517,457780,1774630042087072512,right,ON,5.8,9.55
2026-03-27T16:47:22.103109+00:00,14.184829,1774630042103109317,457796,1774630042103118336,right,ON,5.8,9.55
2026-03-27T16:47:22.119627+00:00,14.201347,1774630042119627217,457812,1774630042119203584,right,ON,5.9,9.64
2026-03-27T16:47:22.134945+00:00,14.216665,1774630042134945017,457828,1774630042135225600,right,ON,5.9,9.64
2026-03-27T16:47:22.151445+00:00,14.233164,1774630042151444817,457844,1774630042151287296,right,ON,5.9,9.73
2026-03-27T16:47:22.166933+00:00,14.248652,1774630042166932517,457860,1774630042167292928,right,ON,6.0,9.82
2026-03-27T16:47:22.183389+00:00,14.265109,1774630042183389317,457876,1774630042183334656,right,ON,6.0,9.91
2026-03-27T16:47:22.199667+00:00,14.281386,1774630042199666917,457892,1774630042199398912,right,ON,6.1,9.99
2026-03-27T16:47:22.215205+00:00,14.296924,1774630042215204917,457908,1774630042215445248,right,ON,6.3,10.34
2026-03-27T16:47:22.231442+00:00,14.313161,1774630042231441817,457924,1774630042231490560,right,ON,6.6,10.78
2026-03-27T16:47:22.248130+00:00,14.329850,1774630042248130417,457940,1774630042247581696,right,ON,7.0,11.58
2026-03-27T16:47:22.263442+00:00,14.345162,1774630042263442117,457956,1774630042263605504,right,ON,7.7,12.72
2026-03-27T16:47:22.280389+00:00,14.362108,1774630042280388817,457972,1774630042279697152,right,ON,8.7,14.39
2026-03-27T16:47:22.295281+00:00,14.377000,1774630042295280817,457988,1774630042295696896,right,ON,9.9,16.32
2026-03-27T16:47:22.311937+00:00,14.393656,1774630042311936417,458004,1774630042311757056,right,ON,11.4,18.52
2026-03-27T16:47:22.328381+00:00,14.410100,1774630042328380917,458020,1774630042327841280,right,ON,12.8,20.63
2026-03-27T16:47:22.343640+00:00,14.425359,1774630042343639917,458036,1774630042343855104,right,ON,14.1,22.65
2026-03-27T16:47:22.360113+00:00,14.441832,1774630042360112917,458052,1774630042359909120,right,ON,15.5,24.76
2026-03-27T16:47:22.376564+00:00,14.458283,1774630042376563617,458068,1774630042376002560,right,ON,16.8,26.6
2026-03-27T16:47:22.392028+00:00,14.473748,1774630042392028417,458084,1774630042392035840,right,ON,17.9,28.27
2026-03-27T16:47:22.408288+00:00,14.490007,1774630042408287417,458100,1774630042408090624,right,ON,18.6,29.33
2026-03-27T16:47:22.423722+00:00,14.505442,1774630042423722317,458116,1774630042424092160,right,ON,18.7,29.5
2026-03-27T16:47:22.440081+00:00,14.521800,1774630042440080917,458132,1774630042440163072,right,ON,18.7,29.59
2026-03-27T16:47:22.456697+00:00,14.538417,1774630042456697217,458148,1774630042456241920,right,ON,18.8,29.68
2026-03-27T16:47:22.472023+00:00,14.553743,1774630042472023317,458164,1774630042472255488,right,ON,19.0,29.94
2026-03-27T16:47:22.488554+00:00,14.570274,1774630042488554017,458180,1774630042488312832,right,ON,19.4,30.56
2026-03-27T16:47:22.504978+00:00,14.586697,1774630042504977617,458196,1774630042504402176,right,ON,20.0,31.44
2026-03-27T16:47:22.520510+00:00,14.602230,1774630042520510017,458212,1774630042520439296,right,ON,20.3,31.97
2026-03-27T16:47:22.536766+00:00,14.618486,1774630042536766317,458228,1774630042536498432,right,ON,20.7,32.41
2026-03-27T16:47:22.552236+00:00,14.633956,1774630042552236317,458244,1774630042552683776,right,ON,21.0,32.84
2026-03-27T16:47:22.568548+00:00,14.650267,1774630042568547817,458260,1774630042568725760,right,ON,21.2,33.11
2026-03-27T16:47:22.585224+00:00,14.666943,1774630042585223817,458276,1774630042584816128,right,ON,21.2,33.2
2026-03-27T16:47:22.600503+00:00,14.682222,1774630042600502717,458292,1774630042600838400,right,ON,21.3,33.28
2026-03-27T16:47:22.617002+00:00,14.698722,1774630042617002117,458308,1774630042616900352,right,ON,21.5,33.55
2026-03-27T16:47:22.633410+00:00,14.715130,1774630042633410117,458324,1774630042632998144,right,ON,21.6,33.72
2026-03-27T16:47:22.649054+00:00,14.730774,1774630042649054117,458340,1774630042649057536,right,ON,21.7,33.9
2026-03-27T16:47:22.665354+00:00,14.747074,1774630042665354517,458356,1774630042665134592,right,ON,21.9,34.08
2026-03-27T16:47:22.680703+00:00,14.762422,1774630042680702817,458372,1774630042681149952,right,ON,21.9,34.08
2026-03-27T16:47:22.697130+00:00,14.778849,1774630042697129617,458388,1774630042697201408,right,ON,21.9,34.16
2026-03-27T16:47:22.713688+00:00,14.795408,1774630042713688317,458404,1774630042713294848,right,ON,21.9,34.16
2026-03-27T16:47:22.729109+00:00,14.810828,1774630042729108617,458420,1774630042729326080,right,ON,21.9,34.16
2026-03-27T16:47:22.745652+00:00,14.827371,1774630042745651717,458436,1774630042745398784,right,ON,22.1,34.43
2026-03-27T16:47:22.761854+00:00,14.843574,1774630042761854517,458452,1774630042761496064,right,ON,22.3,34.69
2026-03-27T16:47:22.777442+00:00,14.859162,1774630042777442417,458468,1774630042777544192,right,ON,22.4,34.87
2026-03-27T16:47:22.793741+00:00,14.875460,1774630042793740717,458484,1774630042793617920,right,ON,22.6,35.04
2026-03-27T16:47:22.809159+00:00,14.890878,1774630042809158617,458500,1774630042809630208,right,ON,22.7,35.22
2026-03-27T16:47:22.825632+00:00,14.907351,1774630042825631917,458516,1774630042825684992,right,ON,23.0,35.57
2026-03-27T16:47:22.842133+00:00,14.923853,1774630042842133017,458532,1774630042841777152,right,ON,23.3,36.01
2026-03-27T16:47:22.857554+00:00,14.939273,1774630042857553917,458548,1774630042857808896,right,ON,23.5,36.36
2026-03-27T16:47:22.873915+00:00,14.955635,1774630042873915517,458564,1774630042873873408,right,ON,23.6,36.45
2026-03-27T16:47:22.890374+00:00,14.972093,1774630042890373817,458580,1774630042889970688,right,ON,23.7,36.54
2026-03-27T16:47:22.905859+00:00,14.987579,1774630042905859517,458596,1774630042906019328,right,ON,23.8,36.71
2026-03-27T16:47:22.922286+00:00,15.004006,1774630042922286217,458612,1774630042922097152,right,ON,24.2,37.24
2026-03-27T16:47:22.937641+00:00,15.019360,1774630042937640917,458628,1774630042938109184,right,ON,24.7,37.94
2026-03-27T16:47:22.954799+00:00,15.036519,1774630042954799317,458644,1774630042954201600,right,ON,25.2,38.73
2026-03-27T16:47:22.970473+00:00,15.052192,1774630042970472817,458660,1774630042970278656,right,ON,25.6,39.17
2026-03-27T16:47:22.986006+00:00,15.067726,1774630042986006317,458676,1774630042986312448,right,ON,25.6,39.26
2026-03-27T16:47:23.002399+00:00,15.084118,1774630043002398717,458692,1774630043002374912,right,ON,25.6,39.26
2026-03-27T16:47:23.018785+00:00,15.100505,1774630043018785517,458708,1774630043018469120,right,ON,25.6,39.26
2026-03-27T16:47:23.034199+00:00,15.115918,1774630043034198717,458724,1774630043034499840,right,ON,25.4,39.0
2026-03-27T16:47:23.050767+00:00,15.132486,1774630043050766717,458740,1774630043050580480,right,ON,25.1,38.47
2026-03-27T16:47:23.066133+00:00,15.147853,1774630043066133317,458756,1774630043066595328,right,ON,24.4,37.59
2026-03-27T16:47:23.082502+00:00,15.164221,1774630043082501617,458772,1774630043082642944,right,ON,23.3,36.1
2026-03-27T16:47:23.098990+00:00,15.180709,1774630043098989717,458788,1774630043098724864,right,ON,21.9,34.08
2026-03-27T16:47:23.114683+00:00,15.196403,1774630043114683317,458804,1774630043114771968,right,ON,20.2,31.7
2026-03-27T16:47:23.130743+00:00,15.212463,1774630043130743017,458820,1774630043130824704,right,ON,18.3,28.89
2026-03-27T16:47:23.147320+00:00,15.229039,1774630043147319617,458836,1774630043146923520,right,ON,15.9,25.29
2026-03-27T16:47:23.162836+00:00,15.244555,1774630043162835917,458852,1774630043162966272,right,ON,12.7,20.54
2026-03-27T16:47:23.179345+00:00,15.261065,1774630043179345417,458868,1774630043179050240,right,ON,9.3,15.27
2026-03-27T16:47:23.194514+00:00,15.276233,1774630043194513717,458884,1774630043195061760,right,ON,6.6,10.78
2026-03-27T16:47:23.210877+00:00,15.292597,1774630043210877417,458900,1774630043211104512,right,ON,4.7,7.8
2026-03-27T16:47:23.227442+00:00,15.309161,1774630043227441917,458916,1774630043227185152,right,ON,4.2,6.83
2026-03-27T16:47:23.242862+00:00,15.324581,1774630043242861617,458932,1774630043243211008,right,ON,3.8,6.3
2026-03-27T16:47:23.259248+00:00,15.340968,1774630043259248017,458948,1774630043259261952,right,ON,3.5,5.69
2026-03-27T16:47:23.275650+00:00,15.357369,1774630043275649617,458964,1774630043275354112,right,ON,3.3,5.42
2026-03-27T16:47:23.291066+00:00,15.372786,1774630043291066017,458980,1774630043291383552,right,ON,3.1,5.07
2026-03-27T16:47:23.307594+00:00,15.389313,1774630043307593617,458996,1774630043307469824,right,ON,3.0,4.98
2026-03-27T16:47:23.323003+00:00,15.404722,1774630043323002617,459012,1774630043323480832,right,ON,2.9,4.81
2026-03-27T16:47:23.339376+00:00,15.421096,1774630043339376317,459028,1774630043339529472,right,ON,2.9,4.81
2026-03-27T16:47:23.355825+00:00,15.437545,1774630043355825317,459044,1774630043355614464,right,ON,2.9,4.72
2026-03-27T16:47:23.371202+00:00,15.452921,1774630043371201617,459060,1774630043371633408,right,ON,2.8,4.63
2026-03-27T16:47:23.389041+00:00,15.470761,1774630043389041017,459076,1774630043387774464,right,ON,2.8,4.54
2026-03-27T16:47:23.405889+00:00,15.487608,1774630043405888517,459092,1774630043403974144,right,ON,2.7,4.46
2026-03-27T16:47:23.419627+00:00,15.501347,1774630043419627217,459108,1774630043420011264,right,ON,2.7,4.46
2026-03-27T16:47:23.435964+00:00,15.517683,1774630043435963917,459124,1774630043436071680,right,ON,2.7,4.46
2026-03-27T16:47:23.451368+00:00,15.533087,1774630043451367917,459140,1774630043452072960,right,ON,2.7,4.46
2026-03-27T16:47:23.467946+00:00,15.549665,1774630043467945817,459156,1774630043468115712,right,ON,2.7,4.46
2026-03-27T16:47:23.484343+00:00,15.566062,1774630043484342617,459172,1774630043484195840,right,ON,2.7,4.46
2026-03-27T16:47:23.499705+00:00,15.581425,1774630043499705017,459188,1774630043500210944,right,ON,2.7,4.46
2026-03-27T16:47:23.516155+00:00,15.597875,1774630043516155317,459204,1774630043516264960,right,ON,2.7,4.46
2026-03-27T16:47:23.532715+00:00,15.614434,1774630043532714817,459220,1774630043532360960,right,ON,2.7,4.37
2026-03-27T16:47:23.548101+00:00,15.629821,1774630043548101117,459236,1774630043548399616,right,ON,2.7,4.46
2026-03-27T16:47:23.564468+00:00,15.646188,1774630043564468317,459252,1774630043564463616,right,ON,2.7,4.46
2026-03-27T16:47:23.579911+00:00,15.661631,1774630043579911417,459268,1774630043580471552,right,ON,2.7,4.46
2026-03-27T16:47:23.597098+00:00,15.678818,1774630043597098217,459284,1774630043596556544,right,ON,2.7,4.46
2026-03-27T16:47:23.613577+00:00,15.695297,1774630043613577217,459300,1774630043612685312,right,ON,2.7,4.46
2026-03-27T16:47:23.628229+00:00,15.709949,1774630043628229417,459316,1774630043628702976,right,ON,2.8,4.54
2026-03-27T16:47:23.644572+00:00,15.726292,1774630043644572217,459332,1774630043644751360,right,ON,2.8,4.54
2026-03-27T16:47:23.661049+00:00,15.742769,1774630043661049017,459348,1774630043660837120,right,ON,2.8,4.54
2026-03-27T16:47:23.676547+00:00,15.758266,1774630043676546917,459364,1774630043676875520,right,ON,2.8,4.54
2026-03-27T16:47:23.693020+00:00,15.774740,1774630043693020517,459380,1774630043692946944,right,ON,2.8,4.63
2026-03-27T16:47:23.708313+00:00,15.790032,1774630043708312717,459396,1774630043708950016,right,ON,2.8,4.63
2026-03-27T16:47:23.724735+00:00,15.806455,1774630043724735117,459412,1774630043724986624,right,ON,2.9,4.72
2026-03-27T16:47:23.741173+00:00,15.822892,1774630043741172717,459428,1774630043741062656,right,ON,2.9,4.81
2026-03-27T16:47:23.756733+00:00,15.838453,1774630043756733317,459444,1774630043757088256,right,ON,3.0,4.98
2026-03-27T16:47:23.773090+00:00,15.854809,1774630043773089917,459460,1774630043773147392,right,ON,3.1,5.16
2026-03-27T16:47:23.789465+00:00,15.871185,1774630043789465117,459476,1774630043789230848,right,ON,3.3,5.42
2026-03-27T16:47:23.804914+00:00,15.886634,1774630043804914317,459492,1774630043805262848,right,ON,3.5,5.77
2026-03-27T16:47:23.821455+00:00,15.903175,1774630043821455217,459508,1774630043821332224,right,ON,3.8,6.3
2026-03-27T16:47:23.837509+00:00,15.919229,1774630043837509217,459524,1774630043837381120,right,ON,4.3,7.0
2026-03-27T16:47:23.853260+00:00,15.934979,1774630043853259917,459540,1774630043853423104,right,ON,4.7,7.71
2026-03-27T16:47:23.869626+00:00,15.951345,1774630043869625517,459556,1774630043869498112,right,ON,5.2,8.59
2026-03-27T16:47:23.885086+00:00,15.966806,1774630043885086317,459572,1774630043885517056,right,ON,5.7,9.38
2026-03-27T16:47:23.901596+00:00,15.983315,1774630043901595917,459588,1774630043901573376,right,ON,6.7,11.05
2026-03-27T16:47:23.918006+00:00,15.999726,1774630043918006417,459604,1774630043917663744,right,ON,8.1,13.33
2026-03-27T16:47:23.933353+00:00,16.015073,1774630043933353217,459620,1774630043933692928,right,ON,9.5,15.62
2026-03-27T16:47:23.949741+00:00,16.031461,1774630043949741017,459636,1774630043949754112,right,ON,10.9,17.82
2026-03-27T16:47:23.965321+00:00,16.047041,1774630043965321217,459652,1774630043965764352,right,ON,12.0,19.4
2026-03-27T16:47:23.981726+00:00,16.063446,1774630043981726417,459668,1774630043981830144,right,ON,12.8,20.72
2026-03-27T16:47:23.998107+00:00,16.079826,1774630043998106817,459684,1774630043997904896,right,ON,13.5,21.68
2026-03-27T16:47:24.013571+00:00,16.095291,1774630044013571017,459700,1774630044013927168,right,ON,13.9,22.3
2026-03-27T16:47:24.030066+00:00,16.111786,1774630044030066417,459716,1774630044029986816,right,ON,14.4,23.0
2026-03-27T16:47:24.046396+00:00,16.128116,1774630044046396217,459732,1774630044046073344,right,ON,15.1,24.06
2026-03-27T16:47:24.061854+00:00,16.143573,1774630044061853817,459748,1774630044062103040,right,ON,15.8,25.2
2026-03-27T16:47:24.078392+00:00,16.160112,1774630044078392117,459764,1774630044078178304,right,ON,16.5,26.25
2026-03-27T16:47:24.093631+00:00,16.175350,1774630044093630617,459780,1774630044094182144,right,ON,17.2,27.22
2026-03-27T16:47:24.110265+00:00,16.191985,1774630044110265617,459796,1774630044110231040,right,ON,17.3,27.48
2026-03-27T16:47:24.126595+00:00,16.208315,1774630044126595617,459812,1774630044126309888,right,ON,17.5,27.75
2026-03-27T16:47:24.142094+00:00,16.223813,1774630044142093817,459828,1774630044142343424,right,ON,18.1,28.63
2026-03-27T16:47:24.158370+00:00,16.240090,1774630044158370017,459844,1774630044158390528,right,ON,18.9,29.77
2026-03-27T16:47:24.174834+00:00,16.256554,1774630044174834117,459860,1774630044174479104,right,ON,19.8,31.17
2026-03-27T16:47:24.190270+00:00,16.271989,1774630044190269817,459876,1774630044190512896,right,ON,20.7,32.49
2026-03-27T16:47:24.206688+00:00,16.288407,1774630044206687917,459892,1774630044206583040,right,ON,21.4,33.37
2026-03-27T16:47:24.222472+00:00,16.304192,1774630044222472217,459908,1774630044222609408,right,ON,21.6,33.72
2026-03-27T16:47:24.238511+00:00,16.320231,1774630044238511317,459924,1774630044238643712,right,ON,21.9,34.16
2026-03-27T16:47:24.255112+00:00,16.336832,1774630044255112517,459940,1774630044254727168,right,ON,22.4,34.78
2026-03-27T16:47:24.270485+00:00,16.352204,1774630044270484717,459956,1774630044270749184,right,ON,23.0,35.57
2026-03-27T16:47:24.288223+00:00,16.369943,1774630044288223017,459972,1774630044286883584,right,ON,23.4,36.18
2026-03-27T16:47:24.303353+00:00,16.385073,1774630044303353017,459988,1774630044302970624,right,ON,23.7,36.62
2026-03-27T16:47:24.319205+00:00,16.400924,1774630044319204617,460004,1774630044319024896,right,ON,24.0,37.06
2026-03-27T16:47:24.335259+00:00,16.416978,1774630044335258917,460020,1774630044335092992,right,ON,24.4,37.59
2026-03-27T16:47:24.350621+00:00,16.432341,1774630044350621317,460036,1774630044351098368,right,ON,24.9,38.29
2026-03-27T16:47:24.367065+00:00,16.448785,1774630044367065317,460052,1774630044367137536,right,ON,25.4,38.91
2026-03-27T16:47:24.383479+00:00,16.465199,1774630044383479317,460068,1774630044383210240,right,ON,25.8,39.52
2026-03-27T16:47:24.399043+00:00,16.480763,1774630044399043117,460084,1774630044399231744,right,ON,26.3,40.14
2026-03-27T16:47:24.415436+00:00,16.497156,1774630044415436117,460100,1774630044415329536,right,ON,26.7,40.75
2026-03-27T16:47:24.431838+00:00,16.513558,1774630044431838117,460116,1774630044431474688,right,ON,26.9,41.02
2026-03-27T16:47:24.447210+00:00,16.528929,1774630044447209617,460132,1774630044447507968,right,ON,26.8,40.93
2026-03-27T16:47:24.463529+00:00,16.545249,1774630044463529017,460148,1774630044463566080,right,ON,26.8,40.93
2026-03-27T16:47:24.479157+00:00,16.560877,1774630044479157017,460164,1774630044479577600,right,ON,26.8,40.93
2026-03-27T16:47:24.495587+00:00,16.577306,1774630044495586817,460180,1774630044495628032,right,ON,26.8,40.93
2026-03-27T16:47:24.512987+00:00,16.594706,1774630044512986817,460196,1774630044511771392,right,ON,26.8,40.93
2026-03-27T16:47:24.527291+00:00,16.609011,1774630044527291517,460212,1774630044527784192,right,ON,26.7,40.75
2026-03-27T16:47:24.543727+00:00,16.625447,1774630044543727017,460228,1774630044543832576,right,ON,26.3,40.23
2026-03-27T16:47:24.560237+00:00,16.641956,1774630044560236917,460244,1774630044559924480,right,ON,25.6,39.26
2026-03-27T16:47:24.575732+00:00,16.657451,1774630044575731517,460260,1774630044575961344,right,ON,24.8,38.12
2026-03-27T16:47:24.592077+00:00,16.673797,1774630044592077317,460276,1774630044592025600,right,ON,23.9,36.89
2026-03-27T16:47:24.607433+00:00,16.689152,1774630044607432917,460292,1774630044608027648,right,ON,23.1,35.75
2026-03-27T16:47:24.624005+00:00,16.705725,1774630044624005417,460308,1774630044624096768,right,ON,22.0,34.25
2026-03-27T16:47:24.640394+00:00,16.722114,1774630044640394017,460324,1774630044640200448,right,ON,20.2,31.7
2026-03-27T16:47:24.655859+00:00,16.737578,1774630044655858417,460340,1774630044656225280,right,ON,18.3,28.89
2026-03-27T16:47:24.672242+00:00,16.753961,1774630044672241717,460356,1774630044672279040,right,ON,15.9,25.29
2026-03-27T16:47:24.690014+00:00,16.771734,1774630044690014217,460372,1774630044688450304,right,ON,13.7,21.95
2026-03-27T16:47:24.704069+00:00,16.785788,1774630044704068617,460388,1774630044704480256,right,ON,12.1,19.57
2026-03-27T16:47:24.720876+00:00,16.802596,1774630044720876217,460404,1774630044720569344,right,ON,10.2,16.67
2026-03-27T16:47:24.735997+00:00,16.817717,1774630044735997517,460420,1774630044736577024,right,ON,7.8,12.81
2026-03-27T16:47:24.752384+00:00,16.834104,1774630044752384617,460436,1774630044752615936,right,ON,5.2,8.59
2026-03-27T16:47:24.768714+00:00,16.850434,1774630044768714117,460452,1774630044768683520,right,ON,3.8,6.3
2026-03-27T16:47:24.784141+00:00,16.865861,1774630044784141017,460468,1774630044784697088,right,ON,3.1,5.07
2026-03-27T16:47:24.800757+00:00,16.882477,1774630044800757417,460484,1774630044800754944,right,ON,2.1,3.49
2026-03-27T16:47:24.817363+00:00,16.899082,1774630044817362717,460500,1774630044816856064,right,ON,1.9,3.14
2026-03-27T16:47:24.832456+00:00,16.914175,1774630044832455717,460516,1774630044832878592,right,ON,1.7,2.79
2026-03-27T16:47:24.848958+00:00,16.930678,1774630044848958317,460532,1774630044848943872,right,ON,1.5,2.52
2026-03-27T16:47:24.864436+00:00,16.946156,1774630044864436217,460548,1774630044864974336,right,ON,1.4,2.35
2026-03-27T16:47:24.880915+00:00,16.962635,1774630044880915517,460564,1774630044881021440,right,ON,1.3,2.17
2026-03-27T16:47:24.897259+00:00,16.978979,1774630044897259017,460580,1774630044897095680,right,ON,1.3,2.08
2026-03-27T16:47:24.913626+00:00,16.995345,1774630044913625617,460596,1774630044913170688,right,ON,1.2,2.0
2026-03-27T16:47:24.929228+00:00,17.010948,1774630044929228017,460612,1774630044929230592,right,ON,1.2,2.0
2026-03-27T16:47:24.945621+00:00,17.027341,1774630044945621617,460628,1774630044945321984,right,ON,1.2,1.91
2026-03-27T16:47:24.961092+00:00,17.042811,1774630044961091617,460644,1774630044961355264,right,ON,1.2,1.91
2026-03-27T16:47:24.977370+00:00,17.059089,1774630044977369917,460660,1774630044977412608,right,ON,1.1,1.82
2026-03-27T16:47:24.992857+00:00,17.074577,1774630044992857217,460676,1774630044993420032,right,ON,1.1,1.82
2026-03-27T16:47:25.009222+00:00,17.090942,1774630045009222117,460692,1774630045009457408,right,ON,1.1,1.82
2026-03-27T16:47:25.025676+00:00,17.107396,1774630045025676117,460708,1774630045025529344,right,ON,1.1,1.73
2026-03-27T16:47:25.040997+00:00,17.122717,1774630045040997217,460724,1774630045041538048,right,ON,1.1,1.82
2026-03-27T16:47:25.057513+00:00,17.139232,1774630045057512517,460740,1774630045057588480,right,ON,1.1,1.82
2026-03-27T16:47:25.074001+00:00,17.155721,1774630045074001217,460756,1774630045073674240,right,ON,1.1,1.82
2026-03-27T16:47:25.089778+00:00,17.171498,1774630045089778017,460772,1774630045089724160,right,ON,1.1,1.73
2026-03-27T16:47:25.105819+00:00,17.187538,1774630045105818817,460788,1774630045105788160,right,ON,1.1,1.82
2026-03-27T16:47:25.121563+00:00,17.203282,1774630045121562517,460804,1774630045121807104,right,ON,1.1,1.82
2026-03-27T16:47:25.137840+00:00,17.219560,1774630045137840117,460820,1774630045137857536,right,ON,1.1,1.82
2026-03-27T16:47:25.154222+00:00,17.235942,1774630045154222517,460836,1774630045153936384,right,ON,1.1,1.82
2026-03-27T16:47:25.169563+00:00,17.251283,1774630045169563017,460852,1774630045169954304,right,ON,1.1,1.82
2026-03-27T16:47:25.186126+00:00,17.267845,1774630045186125817,460868,1774630045186009856,right,ON,1.1,1.82
2026-03-27T16:47:25.202588+00:00,17.284307,1774630045202587717,460884,1774630045202102784,right,ON,1.1,1.82
2026-03-27T16:47:25.217995+00:00,17.299714,1774630045217994917,460900,1774630045218136576,right,ON,1.1,1.82
2026-03-27T16:47:25.234324+00:00,17.316044,1774630045234324317,460916,1774630045234198016,right,ON,1.1,1.82
2026-03-27T16:47:25.249733+00:00,17.331452,1774630045249732917,460932,1774630045250211584,right,ON,1.1,1.73
2026-03-27T16:47:25.266304+00:00,17.348024,1774630045266304217,460948,1774630045266256384,right,ON,1.1,1.82
2026-03-27T16:47:25.282706+00:00,17.364425,1774630045282705717,460964,1774630045282339072,right,ON,1.1,1.82
2026-03-27T16:47:25.298118+00:00,17.379838,1774630045298118317,460980,1774630045298361088,right,ON,1.1,1.82
2026-03-27T16:47:25.314481+00:00,17.396200,1774630045314480617,460996,1774630045314454528,right,ON,1.1,1.82
2026-03-27T16:47:25.330859+00:00,17.412579,1774630045330859417,461012,1774630045330540288,right,ON,1.1,1.82
2026-03-27T16:47:25.346626+00:00,17.428346,1774630045346626117,461028,1774630045346602240,right,ON,1.1,1.82
2026-03-27T16:47:25.363181+00:00,17.444901,1774630045363181217,461044,1774630045362694912,right,ON,1.1,1.82
2026-03-27T16:47:25.378223+00:00,17.459943,1774630045378223417,461060,1774630045378703360,right,ON,1.1,1.82
2026-03-27T16:47:25.394590+00:00,17.476309,1774630045394589617,461076,1774630045394743040,right,ON,1.1,1.82
2026-03-27T16:47:25.411201+00:00,17.492920,1774630045411200417,461092,1774630045410827776,right,ON,1.1,1.82
2026-03-27T16:47:25.426557+00:00,17.508276,1774630045426556617,461108,1774630045426854144,right,ON,1.1,1.82
2026-03-27T16:47:25.442892+00:00,17.524612,1774630045442892017,461124,1774630045442908416,right,ON,1.1,1.82
2026-03-27T16:47:25.459358+00:00,17.541077,1774630045459357517,461140,1774630045458998528,right,ON,1.1,1.82
2026-03-27T16:47:25.474901+00:00,17.556620,1774630045474900817,461156,1774630045475035904,right,ON,1.1,1.82
2026-03-27T16:47:25.491312+00:00,17.573031,1774630045491311617,461172,1774630045491103232,right,ON,1.2,1.91
2026-03-27T16:47:25.506734+00:00,17.588453,1774630045506733917,461188,1774630045507118080,right,ON,1.1,1.82
2026-03-27T16:47:25.523063+00:00,17.604783,1774630045523063117,461204,1774630045523161600,right,ON,1.2,1.91
2026-03-27T16:47:25.539601+00:00,17.621320,1774630045539600917,461220,1774630045539276288,right,ON,1.2,1.91
2026-03-27T16:47:25.556312+00:00,17.638031,1774630045556311617,461236,1774630045555377920,right,ON,1.2,1.91
2026-03-27T16:47:25.571375+00:00,17.653094,1774630045571374617,461252,1774630045571428352,right,ON,1.2,1.91
2026-03-27T16:47:25.587877+00:00,17.669597,1774630045587877117,461268,1774630045587520512,right,ON,1.2,2.0
2026-03-27T16:47:25.603296+00:00,17.685015,1774630045603295417,461284,1774630045603555840,right,ON,1.2,1.91
2026-03-27T16:47:25.619719+00:00,17.701438,1774630045619718917,461300,1774630045619622912,right,ON,1.2,2.0
2026-03-27T16:47:25.635084+00:00,17.716803,1774630045635083917,461316,1774630045635625728,right,ON,1.2,2.0
2026-03-27T16:47:25.651512+00:00,17.733232,1774630045651512017,461332,1774630045651667200,right,ON,1.3,2.08
2026-03-27T16:47:25.668037+00:00,17.749756,1774630045668036917,461348,1774630045667748096,right,ON,1.3,2.08
2026-03-27T16:47:25.683454+00:00,17.765173,1774630045683453817,461364,1774630045683771136,right,ON,1.3,2.17
2026-03-27T16:47:25.699833+00:00,17.781553,1774630045699833017,461380,1774630045699824128,right,ON,1.3,2.17
2026-03-27T16:47:25.716312+00:00,17.798031,1774630045716311817,461396,1774630045715956736,right,ON,1.4,2.26
2026-03-27T16:47:25.731612+00:00,17.813332,1774630045731612217,461412,1774630045731982592,right,ON,1.5,2.43
2026-03-27T16:47:25.748207+00:00,17.829927,1774630045748207217,461428,1774630045748064512,right,ON,1.5,2.52
2026-03-27T16:47:25.763604+00:00,17.845324,1774630045763604517,461444,1774630045764077568,right,ON,1.7,2.79
2026-03-27T16:47:25.780047+00:00,17.861767,1774630045780047317,461460,1774630045780124928,right,ON,1.9,3.14
2026-03-27T16:47:25.798305+00:00,17.880024,1774630045798304717,461476,1774630045796314624,right,ON,2.5,4.1
2026-03-27T16:47:25.811952+00:00,17.893671,1774630045811951617,461492,1774630045812334848,right,ON,3.2,5.33
2026-03-27T16:47:25.828370+00:00,17.910090,1774630045828370217,461508,1774630045828394240,right,ON,4.2,6.83
2026-03-27T16:47:25.844872+00:00,17.926591,1774630045844871917,461524,1774630045844498176,right,ON,5.5,9.03
2026-03-27T16:47:25.860171+00:00,17.941891,1774630045860171117,461540,1774630045860525824,right,ON,7.1,11.75
2026-03-27T16:47:25.876554+00:00,17.958273,1774630045876553417,461556,1774630045876587264,right,ON,8.7,14.39
2026-03-27T16:47:25.892106+00:00,17.973826,1774630045892106217,461572,1774630045892599552,right,ON,9.9,16.32
2026-03-27T16:47:25.908457+00:00,17.990177,1774630045908457217,461588,1774630045908643328,right,ON,11.1,18.17
2026-03-27T16:47:25.925227+00:00,18.006947,1774630045925227417,461604,1774630045924739840,right,ON,12.4,20.1
2026-03-27T16:47:25.940303+00:00,18.022022,1774630045940302717,461620,1774630045940785408,right,ON,13.5,21.77
2026-03-27T16:47:25.956942+00:00,18.038662,1774630045956942117,461636,1774630045956853504,right,ON,14.9,23.79
2026-03-27T16:47:25.973224+00:00,18.054944,1774630045973224117,461652,1774630045972946176,right,ON,16.3,25.9
2026-03-27T16:47:25.988682+00:00,18.070401,1774630045988681717,461668,1774630045988983808,right,ON,17.0,27.04
2026-03-27T16:47:26.005037+00:00,18.086756,1774630046005036517,461684,1774630046005046784,right,ON,17.8,28.19
2026-03-27T16:47:26.020422+00:00,18.102141,1774630046020421817,461700,1774630046021050624,right,ON,18.3,28.89
2026-03-27T16:47:26.037044+00:00,18.118763,1774630046037043817,461716,1774630046037098752,right,ON,18.6,29.42
2026-03-27T16:47:26.053391+00:00,18.135110,1774630046053390717,461732,1774630046053176832,right,ON,19.0,30.03
2026-03-27T16:47:26.068827+00:00,18.150546,1774630046068826817,461748,1774630046069193984,right,ON,19.8,31.26
2026-03-27T16:47:26.085215+00:00,18.166934,1774630046085214817,461764,1774630046085245184,right,ON,20.8,32.58
2026-03-27T16:47:26.101714+00:00,18.183434,1774630046101714217,461780,1774630046101337088,right,ON,21.4,33.46
2026-03-27T16:47:26.117136+00:00,18.198856,1774630046117136017,461796,1774630046117381376,right,ON,21.7,33.9
2026-03-27T16:47:26.133508+00:00,18.215227,1774630046133507917,461812,1774630046133444608,right,ON,21.9,34.08
2026-03-27T16:47:26.148974+00:00,18.230694,1774630046148974017,461828,1774630046149461760,right,ON,22.1,34.34
2026-03-27T16:47:26.165486+00:00,18.247205,1774630046165485917,461844,1774630046165514240,right,ON,22.7,35.22
2026-03-27T16:47:26.181878+00:00,18.263597,1774630046181877917,461860,1774630046181597440,right,ON,23.3,36.01
2026-03-27T16:47:26.197445+00:00,18.279164,1774630046197444617,461876,1774630046197627904,right,ON,23.7,36.54
2026-03-27T16:47:26.213685+00:00,18.295405,1774630046213685217,461892,1774630046213684992,right,ON,23.8,36.8
2026-03-27T16:47:26.230414+00:00,18.312134,1774630046230414317,461908,1774630046229796352,right,ON,24.1,37.15
2026-03-27T16:47:26.245641+00:00,18.327361,1774630046245641417,461924,1774630046245836032,right,ON,24.4,37.59
2026-03-27T16:47:26.262070+00:00,18.343790,1774630046262070017,461940,1774630046261907200,right,ON,24.8,38.12
2026-03-27T16:47:26.277417+00:00,18.359137,1774630046277417317,461956,1774630046277914624,right,ON,25.3,38.82
2026-03-27T16:47:26.293815+00:00,18.375535,1774630046293815017,461972,1774630046293958912,right,ON,25.9,39.61
2026-03-27T16:47:26.310219+00:00,18.391939,1774630046310219117,461988,1774630046310035200,right,ON,26.6,40.67
2026-03-27T16:47:26.325810+00:00,18.407529,1774630046325809717,462004,1774630046326063104,right,ON,27.4,41.72
2026-03-27T16:47:26.342305+00:00,18.424024,1774630046342304717,462020,1774630046342127360,right,ON,28.1,42.69
2026-03-27T16:47:26.358576+00:00,18.440296,1774630046358576417,462036,1774630046358214400,right,ON,28.5,43.22
2026-03-27T16:47:26.374053+00:00,18.455773,1774630046374053217,462052,1774630046374256896,right,ON,28.8,43.57
2026-03-27T16:47:26.390387+00:00,18.472107,1774630046390387117,462068,1774630046390331904,right,ON,29.1,44.09
2026-03-27T16:47:26.405930+00:00,18.487649,1774630046405929817,462084,1774630046406344960,right,ON,29.5,44.62
2026-03-27T16:47:26.422325+00:00,18.504045,1774630046422325017,462100,1774630046422387968,right,ON,30.0,45.24
2026-03-27T16:47:26.438735+00:00,18.520454,1774630046438734617,462116,1774630046438469632,right,ON,30.2,45.59
2026-03-27T16:47:26.454221+00:00,18.535940,1774630046454220517,462132,1774630046454494720,right,ON,30.5,45.85
2026-03-27T16:47:26.470679+00:00,18.552399,1774630046470679317,462148,1774630046470552832,right,ON,30.5,45.85
2026-03-27T16:47:26.487345+00:00,18.569064,1774630046487344917,462164,1774630046486660864,right,ON,30.5,45.85
2026-03-27T16:47:26.502465+00:00,18.584184,1774630046502464717,462180,1774630046502695424,right,ON,30.5,45.85
2026-03-27T16:47:26.518860+00:00,18.600579,1774630046518859417,462196,1774630046518761216,right,ON,30.5,45.85
2026-03-27T16:47:26.534325+00:00,18.616044,1774630046534324817,462212,1774630046534771712,right,ON,30.3,45.68
2026-03-27T16:47:26.550730+00:00,18.632450,1774630046550730417,462228,1774630046550811904,right,ON,29.6,44.71
2026-03-27T16:47:26.567265+00:00,18.648984,1774630046567264617,462244,1774630046566896128,right,ON,28.2,42.86
2026-03-27T16:47:26.582510+00:00,18.664230,1774630046582510317,462260,1774630046582951168,right,ON,26.6,40.67
2026-03-27T16:47:26.599080+00:00,18.680800,1774630046599080217,462276,1774630046599008768,right,ON,24.2,37.33
2026-03-27T16:47:26.615333+00:00,18.697052,1774630046615332917,462292,1774630046615091968,right,ON,21.0,32.84
2026-03-27T16:47:26.631090+00:00,18.712810,1774630046631090317,462308,1774630046631137280,right,ON,18.1,28.63
2026-03-27T16:47:26.647274+00:00,18.728993,1774630046647273917,462324,1774630046647201536,right,ON,14.5,23.18
2026-03-27T16:47:26.662722+00:00,18.744441,1774630046662721717,462340,1774630046663207168,right,ON,9.8,16.15
2026-03-27T16:47:26.679196+00:00,18.760916,1774630046679196417,462356,1774630046679249664,right,ON,5.4,8.94
2026-03-27T16:47:26.695616+00:00,18.777335,1774630046695615517,462372,1774630046695329024,right,ON,4.3,7.0
2026-03-27T16:47:26.711006+00:00,18.792726,1774630046711006217,462388,1774630046711347968,right,ON,3.7,6.13
2026-03-27T16:47:26.727532+00:00,18.809251,1774630046727531817,462404,1774630046727405568,right,ON,3.4,5.51
2026-03-27T16:47:26.743918+00:00,18.825637,1774630046743917717,462420,1774630046743496192,right,ON,3.1,5.07
2026-03-27T16:47:26.759306+00:00,18.841026,1774630046759306617,462436,1774630046759522560,right,ON,2.9,4.81
2026-03-27T16:47:26.775757+00:00,18.857476,1774630046775756617,462452,1774630046775589888,right,ON,2.8,4.63
2026-03-27T16:47:26.791313+00:00,18.873033,1774630046791313417,462468,1774630046791606016,right,ON,2.7,4.46
2026-03-27T16:47:26.807610+00:00,18.889330,1774630046807610017,462484,1774630046807649024,right,ON,2.6,4.28
2026-03-27T16:47:26.824086+00:00,18.905805,1774630046824085717,462500,1774630046823785984,right,ON,2.4,4.02
2026-03-27T16:47:26.839367+00:00,18.921086,1774630046839366617,462516,1774630046839803136,right,ON,2.4,3.93
2026-03-27T16:47:26.855921+00:00,18.937641,1774630046855921217,462532,1774630046855862528,right,ON,2.3,3.84
2026-03-27T16:47:26.872418+00:00,18.954138,1774630046872418117,462548,1774630046871962368,right,ON,2.3,3.84
2026-03-27T16:47:26.887870+00:00,18.969590,1774630046887870017,462564,1774630046888002304,right,ON,2.3,3.75
2026-03-27T16:47:26.904176+00:00,18.985895,1774630046904175617,462580,1774630046904067072,right,ON,2.3,3.84
2026-03-27T16:47:26.919534+00:00,19.001253,1774630046919533717,462596,1774630046920073472,right,ON,2.3,3.84
2026-03-27T16:47:26.936014+00:00,19.017734,1774630046936014017,462612,1774630046936115456,right,ON,2.3,3.84
2026-03-27T16:47:26.952512+00:00,19.034232,1774630046952512217,462628,1774630046952206592,right,ON,2.3,3.84
2026-03-27T16:47:26.967999+00:00,19.049719,1774630046967999017,462644,1774630046968232704,right,ON,2.4,3.93
2026-03-27T16:47:26.984335+00:00,19.066054,1774630046984334917,462660,1774630046984294400,right,ON,2.4,4.02
2026-03-27T16:47:27.000734+00:00,19.082454,1774630047000734117,462676,1774630047000384000,right,ON,2.5,4.19
2026-03-27T16:47:27.016281+00:00,19.098001,1774630047016281417,462692,1774630047016423936,right,ON,2.8,4.63
2026-03-27T16:47:27.033054+00:00,19.114773,1774630047033053917,462708,1774630047032517120,right,ON,3.2,5.33
2026-03-27T16:47:27.048063+00:00,19.129783,1774630047048063317,462724,1774630047048524544,right,ON,3.7,6.13
2026-03-27T16:47:27.064550+00:00,19.146269,1774630047064549717,462740,1774630047064576000,right,ON,4.0,6.65
2026-03-27T16:47:27.080998+00:00,19.162718,1774630047080998317,462756,1774630047080660992,right,ON,4.0,6.65
2026-03-27T16:47:27.096490+00:00,19.178209,1774630047096489817,462772,1774630047096691456,right,ON,3.9,6.48
2026-03-27T16:47:27.112890+00:00,19.194610,1774630047112890417,462788,1774630047112753664,right,ON,3.6,5.95
2026-03-27T16:47:27.129301+00:00,19.211021,1774630047129301017,462804,1774630047128851456,right,ON,2.7,4.37
2026-03-27T16:47:27.144919+00:00,19.226639,1774630047144919117,462820,1774630047144902144,right,ON,1.3,2.17
2026-03-27T16:47:27.161018+00:00,19.242738,1774630047161018217,462836,1774630047160965376,right,ON,0.9,1.47
2026-03-27T16:47:27.176582+00:00,19.258302,1774630047176582117,462852,1774630047176979968,right,ON,0.8,1.38
2026-03-27T16:47:27.193099+00:00,19.274818,1774630047193098517,462868,1774630047193037312,right,ON,0.9,1.47
2026-03-27T16:47:27.209488+00:00,19.291207,1774630047209487517,462884,1774630047209124864,right,ON,0.8,1.38
2026-03-27T16:47:27.224837+00:00,19.306557,1774630047224837317,462900,1774630047225154304,right,ON,0.9,1.47
2026-03-27T16:47:27.241360+00:00,19.323079,1774630047241359717,462916,1774630047241218304,right,ON,0.8,1.38
2026-03-27T16:47:27.257770+00:00,19.339489,1774630047257769817,462932,1774630047257324800,right,ON,1.1,1.73
2026-03-27T16:47:27.273070+00:00,19.354790,1774630047273070417,462948,1774630047273359616,right,ON,1.6,2.7
2026-03-27T16:47:27.289476+00:00,19.371196,1774630047289476417,462964,1774630047289427456,right,ON,2.8,4.54
2026-03-27T16:47:27.305086+00:00,19.386805,1774630047305085717,462980,1774630047305446400,right,ON,4.3,7.09
2026-03-27T16:47:27.321491+00:00,19.403210,1774630047321490717,462996,1774630047321497088,right,ON,6.5,10.61
2026-03-27T16:47:27.338683+00:00,19.420403,1774630047338683017,463012,1774630047337627904,right,ON,8.9,14.56
2026-03-27T16:47:27.353275+00:00,19.434994,1774630047353274617,463028,1774630047353653760,right,ON,11.4,18.61
2026-03-27T16:47:27.369672+00:00,19.451391,1774630047369671817,463044,1774630047369713920,right,ON,14.1,22.56
2026-03-27T16:47:27.386238+00:00,19.467957,1774630047386237717,463060,1774630047385812480,right,ON,16.1,25.55
2026-03-27T16:47:27.401655+00:00,19.483375,1774630047401655617,463076,1774630047401853952,right,ON,17.6,27.92
2026-03-27T16:47:27.418108+00:00,19.499827,1774630047418107817,463092,1774630047417927936,right,ON,18.6,29.42
2026-03-27T16:47:27.433581+00:00,19.515300,1774630047433580617,463108,1774630047433950464,right,ON,19.8,31.26
2026-03-27T16:47:27.450082+00:00,19.531801,1774630047450081917,463124,1774630047450010368,right,ON,22.1,34.43
2026-03-27T16:47:27.466383+00:00,19.548102,1774630047466382617,463140,1774630047466096128,right,ON,24.2,37.33
2026-03-27T16:47:27.481804+00:00,19.563524,1774630047481804117,463156,1774630047482125312,right,ON,25.6,39.17
2026-03-27T16:47:27.498302+00:00,19.580021,1774630047498301517,463172,1774630047498193920,right,ON,26.2,40.05
2026-03-27T16:47:27.514711+00:00,19.596430,1774630047514710817,463188,1774630047514303232,right,ON,26.4,40.32
2026-03-27T16:47:27.530139+00:00,19.611859,1774630047530139117,463204,1774630047530345216,right,ON,26.5,40.49
2026-03-27T16:47:27.546496+00:00,19.628215,1774630047546495717,463220,1774630047546415872,right,ON,26.6,40.58
2026-03-27T16:47:27.562661+00:00,19.644380,1774630047562660517,463236,1774630047562475008,right,ON,26.6,40.58
2026-03-27T16:47:27.578536+00:00,19.660255,1774630047578535717,463252,1774630047578532608,right,ON,26.6,40.58
2026-03-27T16:47:27.594879+00:00,19.676598,1774630047594878917,463268,1774630047594622464,right,ON,26.6,40.58
2026-03-27T16:47:27.610218+00:00,19.691938,1774630047610218317,463284,1774630047610643200,right,ON,26.3,40.23
2026-03-27T16:47:27.626810+00:00,19.708529,1774630047626809717,463300,1774630047626712576,right,ON,24.8,38.12
2026-03-27T16:47:27.643186+00:00,19.724905,1774630047643185817,463316,1774630047642807296,right,ON,23.0,35.57
2026-03-27T16:47:27.658549+00:00,19.740269,1774630047658549017,463332,1774630047658850048,right,ON,21.4,33.46
2026-03-27T16:47:27.674963+00:00,19.756682,1774630047674962317,463348,1774630047674918912,right,ON,19.4,30.65
2026-03-27T16:47:27.690261+00:00,19.771981,1774630047690261017,463364,1774630047690922240,right,ON,17.2,27.31
2026-03-27T16:47:27.706938+00:00,19.788657,1774630047706937717,463380,1774630047706976512,right,ON,14.1,22.65
2026-03-27T16:47:27.723297+00:00,19.805017,1774630047723297217,463396,1774630047723060736,right,ON,10.9,17.73
2026-03-27T16:47:27.738671+00:00,19.820390,1774630047738670817,463412,1774630047739081984,right,ON,8.9,14.65
2026-03-27T16:47:27.755109+00:00,19.836828,1774630047755108617,463428,1774630047755141632,right,ON,7.6,12.54
2026-03-27T16:47:27.772758+00:00,19.854478,1774630047772758017,463444,1774630047771308288,right,ON,6.8,11.14
2026-03-27T16:47:27.787181+00:00,19.868901,1774630047787181017,463460,1774630047787352832,right,ON,6.2,10.26
2026-03-27T16:47:27.803478+00:00,19.885198,1774630047803478417,463476,1774630047803424256,right,ON,5.6,9.29
2026-03-27T16:47:27.818834+00:00,19.900553,1774630047818833717,463492,1774630047819436800,right,ON,5.3,8.67
2026-03-27T16:47:27.835210+00:00,19.916930,1774630047835210117,463508,1774630047835476480,right,ON,5.1,8.32
2026-03-27T16:47:27.851780+00:00,19.933500,1774630047851780417,463524,1774630047851560960,right,ON,4.8,7.97
2026-03-27T16:47:27.867319+00:00,19.949039,1774630047867319017,463540,1774630047867589120,right,ON,4.7,7.8
2026-03-27T16:47:27.883549+00:00,19.965268,1774630047883548617,463556,1774630047883643136,right,ON,4.6,7.53
2026-03-27T16:47:27.900040+00:00,19.981759,1774630047900039917,463572,1774630047899737344,right,ON,4.5,7.36
2026-03-27T16:47:27.915517+00:00,19.997237,1774630047915517317,463588,1774630047915777280,right,ON,4.4,7.27
2026-03-27T16:47:27.931916+00:00,20.013636,1774630047931916317,463604,1774630047931846144,right,ON,4.4,7.18
2026-03-27T16:47:27.947301+00:00,20.029020,1774630047947300717,463620,1774630047947851776,right,ON,4.3,7.09
2026-03-27T16:47:27.963702+00:00,20.045422,1774630047963702517,463636,1774630047963891456,right,ON,4.3,7.0
2026-03-27T16:47:27.980133+00:00,20.061852,1774630047980132917,463652,1774630047979967488,right,ON,4.2,6.92
2026-03-27T16:47:27.996500+00:00,20.078220,1774630047996500017,463668,1774630047996045056,right,ON,4.2,6.83
2026-03-27T16:47:28.013543+00:00,20.095262,1774630048013542717,463684,1774630048012190208,right,ON,4.2,6.83
2026-03-27T16:47:28.028488+00:00,20.110207,1774630048028487717,463700,1774630048028275712,right,ON,4.1,6.74
2026-03-27T16:47:28.043837+00:00,20.125556,1774630048043836817,463716,1774630048044302080,right,ON,4.1,6.74
2026-03-27T16:47:28.060240+00:00,20.141960,1774630048060240117,463732,1774630048060371968,right,ON,4.0,6.65
2026-03-27T16:47:28.075920+00:00,20.157640,1774630048075920317,463748,1774630048076386816,right,ON,4.0,6.65
2026-03-27T16:47:28.092197+00:00,20.173916,1774630048092196517,463764,1774630048092428288,right,ON,4.0,6.57
2026-03-27T16:47:28.108614+00:00,20.190334,1774630048108614317,463780,1774630048108503808,right,ON,4.0,6.57
2026-03-27T16:47:28.124042+00:00,20.205761,1774630048124041817,463796,1774630048124523520,right,ON,4.0,6.57
2026-03-27T16:47:28.140389+00:00,20.222108,1774630048140388717,463812,1774630048140571648,right,ON,4.0,6.57
2026-03-27T16:47:28.157176+00:00,20.238896,1774630048157176517,463828,1774630048156675584,right,ON,4.0,6.57
2026-03-27T16:47:28.172370+00:00,20.254090,1774630048172370517,463844,1774630048172712960,right,ON,3.9,6.48
2026-03-27T16:47:28.188908+00:00,20.270628,1774630048188908017,463860,1774630048188781312,right,ON,3.9,6.48
2026-03-27T16:47:28.204923+00:00,20.286642,1774630048204922617,463876,1774630048204831232,right,ON,3.9,6.48
2026-03-27T16:47:28.221665+00:00,20.303385,1774630048221665217,463892,1774630048220936448,right,ON,3.9,6.48
2026-03-27T16:47:28.237153+00:00,20.318872,1774630048237152917,463908,1774630048237015808,right,ON,3.9,6.48
2026-03-27T16:47:28.252519+00:00,20.334238,1774630048252518817,463924,1774630048253030656,right,ON,3.9,6.39
2026-03-27T16:47:28.268988+00:00,20.350708,1774630048268988417,463940,1774630048269085440,right,ON,3.9,6.48
2026-03-27T16:47:28.285307+00:00,20.367026,1774630048285306517,463956,1774630048285167360,right,ON,3.9,6.39
2026-03-27T16:47:28.300709+00:00,20.382429,1774630048300709317,463972,1774630048301185536,right,ON,3.9,6.39
2026-03-27T16:47:28.317319+00:00,20.399038,1774630048317318717,463988,1774630048317248768,right,ON,3.9,6.39
2026-03-27T16:47:28.332654+00:00,20.414374,1774630048332654017,464004,1774630048333253376,right,ON,3.9,6.48
2026-03-27T16:47:28.349230+00:00,20.430950,1774630048349230117,464020,1774630048349300736,right,ON,3.9,6.39
2026-03-27T16:47:28.365704+00:00,20.447424,1774630048365704217,464036,1774630048365409024,right,ON,3.9,6.39
2026-03-27T16:47:28.381022+00:00,20.462741,1774630048381021917,464052,1774630048381427200,right,ON,3.9,6.39
2026-03-27T16:47:28.397432+00:00,20.479151,1774630048397431917,464068,1774630048397477120,right,ON,3.9,6.39
2026-03-27T16:47:28.413912+00:00,20.495632,1774630048413912017,464084,1774630048413569024,right,ON,3.8,6.3
2026-03-27T16:47:28.429502+00:00,20.511221,1774630048429501517,464100,1774630048429612288,right,ON,3.8,6.3
2026-03-27T16:47:28.446028+00:00,20.527747,1774630048446027817,464116,1774630048445696000,right,ON,3.8,6.3
2026-03-27T16:47:28.461007+00:00,20.542726,1774630048461006517,464132,1774630048461695488,right,ON,3.8,6.3
2026-03-27T16:47:28.477608+00:00,20.559327,1774630048477607817,464148,1774630048477742336,right,ON,3.8,6.3
2026-03-27T16:47:28.494025+00:00,20.575744,1774630048494024517,464164,1774630048493818880,right,ON,3.8,6.3
2026-03-27T16:47:28.509434+00:00,20.591154,1774630048509434317,464180,1774630048509836288,right,ON,3.8,6.3
2026-03-27T16:47:28.525844+00:00,20.607564,1774630048525844117,464196,1774630048525888768,right,ON,3.8,6.3
2026-03-27T16:47:28.542207+00:00,20.623926,1774630048542206517,464212,1774630048541971200,right,ON,3.8,6.21
2026-03-27T16:47:28.557769+00:00,20.639489,1774630048557769117,464228,1774630048558004224,right,ON,3.8,6.3
2026-03-27T16:47:28.574168+00:00,20.655888,1774630048574168217,464244,1774630048574067200,right,ON,3.8,6.21
2026-03-27T16:47:28.589549+00:00,20.671269,1774630048589549417,464260,1774630048590092288,right,ON,3.8,6.21
2026-03-27T16:47:28.605910+00:00,20.687629,1774630048605909817,464276,1774630048606131456,right,ON,3.8,6.21
2026-03-27T16:47:28.622387+00:00,20.704106,1774630048622386617,464292,1774630048622205184,right,ON,3.7,6.13
2026-03-27T16:47:28.637896+00:00,20.719615,1774630048637895817,464308,1774630048638223616,right,ON,3.8,6.21
2026-03-27T16:47:28.655401+00:00,20.737121,1774630048655401217,464324,1774630048654347264,right,ON,3.7,6.13
2026-03-27T16:47:28.670740+00:00,20.752460,1774630048670740117,464340,1774630048670435328,right,ON,3.7,6.13
2026-03-27T16:47:28.686140+00:00,20.767859,1774630048686139917,464356,1774630048686462208,right,ON,3.7,6.04
2026-03-27T16:47:28.702676+00:00,20.784396,1774630048702676017,464372,1774630048702529024,right,ON,3.7,6.13
2026-03-27T16:47:28.718056+00:00,20.799776,1774630048718056217,464388,1774630048718530816,right,ON,3.7,6.13
2026-03-27T16:47:28.734434+00:00,20.816154,1774630048734434017,464404,1774630048734571520,right,ON,3.7,6.13
2026-03-27T16:47:28.750853+00:00,20.832573,1774630048750853317,464420,1774630048750643968,right,ON,3.7,6.04
2026-03-27T16:47:28.766235+00:00,20.847955,1774630048766235017,464436,1774630048766653952,right,ON,3.7,6.13
2026-03-27T16:47:28.782807+00:00,20.864526,1774630048782806717,464452,1774630048782707456,right,ON,3.7,6.04
2026-03-27T16:47:28.799203+00:00,20.880922,1774630048799202917,464468,1774630048798831360,right,ON,3.7,6.04
2026-03-27T16:47:28.814588+00:00,20.896307,1774630048814587717,464484,1774630048814864896,right,ON,3.7,6.04
2026-03-27T16:47:28.831036+00:00,20.912755,1774630048831035917,464500,1774630048830929920,right,ON,3.7,6.04
2026-03-27T16:47:28.846528+00:00,20.928248,1774630048846528017,464516,1774630048846938880,right,ON,3.7,6.04
2026-03-27T16:47:28.862870+00:00,20.944589,1774630048862869817,464532,1774630048862974976,right,ON,3.7,6.04
2026-03-27T16:47:28.879314+00:00,20.961034,1774630048879314517,464548,1774630048879051008,right,ON,3.7,6.04
2026-03-27T16:47:28.896035+00:00,20.977755,1774630048896035317,464564,1774630048895151616,right,ON,3.7,6.13
2026-03-27T16:47:28.911369+00:00,20.993089,1774630048911369117,464580,1774630048911211520,right,ON,3.7,6.04
2026-03-27T16:47:28.927688+00:00,21.009407,1774630048927687817,464596,1774630048927301120,right,ON,3.7,6.13
2026-03-27T16:47:28.942989+00:00,21.024708,1774630048942988417,464612,1774630048943325952,right,ON,3.7,6.04
2026-03-27T16:47:28.959433+00:00,21.041153,1774630048959433017,464628,1774630048959385600,right,ON,3.7,6.04
2026-03-27T16:47:28.975121+00:00,21.056840,1774630048975120917,464644,1774630048975402240,right,ON,3.7,6.04
2026-03-27T16:47:28.991382+00:00,21.073101,1774630048991381917,464660,1774630048991441408,right,ON,3.7,6.04
2026-03-27T16:47:29.007669+00:00,21.089389,1774630049007669117,464676,1774630049007506432,right,ON,3.7,6.13
2026-03-27T16:47:29.023209+00:00,21.104928,1774630049023208817,464692,1774630049023549696,right,ON,3.7,6.04
2026-03-27T16:47:29.039681+00:00,21.121401,1774630049039681217,464708,1774630049039650560,right,ON,3.7,6.13
2026-03-27T16:47:29.056119+00:00,21.137839,1774630049056119117,464724,1774630049055742208,right,ON,3.7,6.04
2026-03-27T16:47:29.071474+00:00,21.153194,1774630049071474117,464740,1774630049071768576,right,ON,3.7,6.04
2026-03-27T16:47:29.087931+00:00,21.169650,1774630049087930717,464756,1774630049087830528,right,ON,3.7,6.04
2026-03-27T16:47:29.103462+00:00,21.185182,1774630049103462517,464772,1774630049103848448,right,ON,3.7,6.04
2026-03-27T16:47:29.120435+00:00,21.202155,1774630049120435217,464788,1774630049119929088,right,ON,3.7,6.13
2026-03-27T16:47:29.136229+00:00,21.217948,1774630049136228917,464804,1774630049136004096,right,ON,3.7,6.13
2026-03-27T16:47:29.151613+00:00,21.233333,1774630049151613417,464820,1774630049152018432,right,ON,3.7,6.04
2026-03-27T16:47:29.168105+00:00,21.249825,1774630049168105417,464836,1774630049168068864,right,ON,3.7,6.04
2026-03-27T16:47:29.184576+00:00,21.266295,1774630049184575617,464852,1774630049184166912,right,ON,3.7,6.04
2026-03-27T16:47:29.200035+00:00,21.281755,1774630049200035017,464868,1774630049200201984,right,ON,3.7,6.04
2026-03-27T16:47:29.216276+00:00,21.297996,1774630049216276117,464884,1774630049216263168,right,ON,3.7,6.04
2026-03-27T16:47:29.231862+00:00,21.313582,1774630049231862217,464900,1774630049232294912,right,ON,3.7,6.13
2026-03-27T16:47:29.248242+00:00,21.329961,1774630049248241917,464916,1774630049248368640,right,ON,3.7,6.04
2026-03-27T16:47:29.264998+00:00,21.346718,1774630049264998517,464932,1774630049264468992,right,ON,3.7,6.13
2026-03-27T16:47:29.280083+00:00,21.361802,1774630049280082617,464948,1774630049280487680,right,ON,3.7,6.13
2026-03-27T16:47:29.298015+00:00,21.379734,1774630049298014717,464964,1774630049296634368,right,ON,3.7,6.04
2026-03-27T16:47:29.313082+00:00,21.394802,1774630049313082417,464980,1774630049312726528,right,ON,3.7,6.13
2026-03-27T16:47:29.329008+00:00,21.410728,1774630049329008017,464996,1774630049328790016,right,ON,3.7,6.04
2026-03-27T16:47:29.344824+00:00,21.426544,1774630049344824317,465012,1774630049344855296,right,ON,3.7,6.13
2026-03-27T16:47:29.360224+00:00,21.441943,1774630049360223517,465028,1774630049360857856,right,ON,3.7,6.04
2026-03-27T16:47:29.376761+00:00,21.458481,1774630049376761217,465044,1774630049376906240,right,ON,3.7,6.04
2026-03-27T16:47:29.393166+00:00,21.474886,1774630049393166217,465060,1774630049392988928,right,ON,3.7,6.04
2026-03-27T16:47:29.408455+00:00,21.490175,1774630049408455217,465076,1774630049409001984,right,ON,3.7,6.04
2026-03-27T16:47:29.425109+00:00,21.506828,1774630049425108917,465092,1774630049425062912,right,ON,3.7,6.13
2026-03-27T16:47:29.441423+00:00,21.523142,1774630049441422817,465108,1774630049441152512,right,ON,3.7,6.13
2026-03-27T16:47:29.456898+00:00,21.538617,1774630049456897817,465124,1774630049457192448,right,ON,3.7,6.04
2026-03-27T16:47:29.473186+00:00,21.554906,1774630049473186117,465140,1774630049473261312,right,ON,3.7,6.13
2026-03-27T16:47:29.488804+00:00,21.570523,1774630049488803717,465156,1774630049489270528,right,ON,3.7,6.04
2026-03-27T16:47:29.505168+00:00,21.586888,1774630049505168117,465172,1774630049505315072,right,ON,3.7,6.13
2026-03-27T16:47:29.522803+00:00,21.604523,1774630049522803217,465188,1774630049521467648,right,ON,3.7,6.13
2026-03-27T16:47:29.537031+00:00,21.618751,1774630049537031217,465204,1774630049537486336,right,ON,3.7,6.13
2026-03-27T16:47:29.553483+00:00,21.635203,1774630049553483617,465220,1774630049553540352,right,ON,3.8,6.21
2026-03-27T16:47:29.569973+00:00,21.651693,1774630049569973517,465236,1774630049569630720,right,ON,3.8,6.21
2026-03-27T16:47:29.585359+00:00,21.667078,1774630049585358917,465252,1774630049585664000,right,ON,3.8,6.3
2026-03-27T16:47:29.601650+00:00,21.683369,1774630049601649617,465268,1774630049601722368,right,ON,3.8,6.3
2026-03-27T16:47:29.617000+00:00,21.698720,1774630049617000217,465284,1774630049617716992,right,ON,3.9,6.39
2026-03-27T16:47:29.633635+00:00,21.715354,1774630049633634617,465300,1774630049633756672,right,ON,3.9,6.48
2026-03-27T16:47:29.649966+00:00,21.731685,1774630049649965717,465316,1774630049649825792,right,ON,4.1,6.74
2026-03-27T16:47:29.665436+00:00,21.747156,1774630049665436217,465332,1774630049665842176,right,ON,4.3,7.09
2026-03-27T16:47:29.681808+00:00,21.763528,1774630049681808117,465348,1774630049681923328,right,ON,4.5,7.36
2026-03-27T16:47:29.698412+00:00,21.780131,1774630049698411917,465364,1774630049698017024,right,ON,4.7,7.71
2026-03-27T16:47:29.713693+00:00,21.795413,1774630049713693517,465380,1774630049714042880,right,ON,5.1,8.32
2026-03-27T16:47:29.730313+00:00,21.812033,1774630049730313017,465396,1774630049730118400,right,ON,5.9,9.64
2026-03-27T16:47:29.745551+00:00,21.827271,1774630049745551417,465412,1774630049746122496,right,ON,6.5,10.7
2026-03-27T16:47:29.762168+00:00,21.843887,1774630049762167817,465428,1774630049762171136,right,ON,7.2,11.84
2026-03-27T16:47:29.778490+00:00,21.860209,1774630049778489517,465444,1774630049778247424,right,ON,7.2,11.84
2026-03-27T16:47:29.793845+00:00,21.875565,1774630049793845317,465460,1774630049794259456,right,ON,7.2,11.84
2026-03-27T16:47:29.810193+00:00,21.891913,1774630049810193417,465476,1774630049810305280,right,ON,7.3,11.93
2026-03-27T16:47:29.826846+00:00,21.908566,1774630049826846117,465492,1774630049826398464,right,ON,7.5,12.37
2026-03-27T16:47:29.842157+00:00,21.923877,1774630049842157117,465508,1774630049842425344,right,ON,8.1,13.25
2026-03-27T16:47:29.858662+00:00,21.940381,1774630049858661617,465524,1774630049858491904,right,ON,8.6,14.12
2026-03-27T16:47:29.873906+00:00,21.955626,1774630049873906017,465540,1774630049874491136,right,ON,8.9,14.65
2026-03-27T16:47:29.890578+00:00,21.972298,1774630049890578117,465556,1774630049890537216,right,ON,9.5,15.62
2026-03-27T16:47:29.906976+00:00,21.988695,1774630049906975617,465572,1774630049906616064,right,ON,10.3,16.94
2026-03-27T16:47:29.922328+00:00,22.004047,1774630049922327517,465588,1774630049922672896,right,ON,11.2,18.25
2026-03-27T16:47:29.938899+00:00,22.020619,1774630049938899017,465604,1774630049938740224,right,ON,11.8,19.22
2026-03-27T16:47:29.956254+00:00,22.037973,1774630049956253917,465620,1774630049954895104,right,ON,12.6,20.36
2026-03-27T16:47:29.970708+00:00,22.052428,1774630049970708017,465636,1774630049970927104,right,ON,13.4,21.59
2026-03-27T16:47:29.987098+00:00,22.068817,1774630049987097517,465652,1774630049986991360,right,ON,14.1,22.56
2026-03-27T16:47:30.002644+00:00,22.084363,1774630050002643817,465668,1774630050003013120,right,ON,14.5,23.18
2026-03-27T16:47:30.019066+00:00,22.100786,1774630050019066017,465684,1774630050019063552,right,ON,14.9,23.79
2026-03-27T16:47:30.035386+00:00,22.117105,1774630050035385717,465700,1774630050035137280,right,ON,15.4,24.5
2026-03-27T16:47:30.050731+00:00,22.132450,1774630050050730917,465716,1774630050051151360,right,ON,15.6,24.93
2026-03-27T16:47:30.067536+00:00,22.149255,1774630050067535617,465732,1774630050067224064,right,ON,16.1,25.55
2026-03-27T16:47:30.083802+00:00,22.165522,1774630050083802417,465748,1774630050083321344,right,ON,16.5,26.17
2026-03-27T16:47:30.099137+00:00,22.180857,1774630050099137317,465764,1774630050099352320,right,ON,16.9,26.87
2026-03-27T16:47:30.115642+00:00,22.197362,1774630050115642117,465780,1774630050115423232,right,ON,17.3,27.48
2026-03-27T16:47:30.131120+00:00,22.212839,1774630050131119517,465796,1774630050131442432,right,ON,17.7,28.01
2026-03-27T16:47:30.147390+00:00,22.229110,1774630050147390117,465812,1774630050147503104,right,ON,17.9,28.27
2026-03-27T16:47:30.164546+00:00,22.246266,1774630050164546417,465828,1774630050163623680,right,ON,18.0,28.54
2026-03-27T16:47:30.179473+00:00,22.261192,1774630050179472617,465844,1774630050179653376,right,ON,18.3,28.98
2026-03-27T16:47:30.195811+00:00,22.277531,1774630050195811117,465860,1774630050195713536,right,ON,18.6,29.33
2026-03-27T16:47:30.212158+00:00,22.293878,1774630050212158017,465876,1774630050211803904,right,ON,18.9,29.77
2026-03-27T16:47:30.227541+00:00,22.309260,1774630050227540917,465892,1774630050227834880,right,ON,19.3,30.38
2026-03-27T16:47:30.244084+00:00,22.325803,1774630050244083817,465908,1774630050243901184,right,ON,19.8,31.26
2026-03-27T16:47:30.259499+00:00,22.341218,1774630050259498717,465924,1774630050259913472,right,ON,20.3,31.97
2026-03-27T16:47:30.275867+00:00,22.357587,1774630050275867317,465940,1774630050275954944,right,ON,20.9,32.67
2026-03-27T16:47:30.292455+00:00,22.374174,1774630050292454917,465956,1774630050292050688,right,ON,21.0,32.93
2026-03-27T16:47:30.307868+00:00,22.389588,1774630050307868317,465972,1774630050308077056,right,ON,21.2,33.2
2026-03-27T16:47:30.324370+00:00,22.406090,1774630050324370117,465988,1774630050324188672,right,ON,22.1,34.34
2026-03-27T16:47:30.340781+00:00,22.422501,1774630050340781017,466004,1774630050340293376,right,ON,22.8,35.31
2026-03-27T16:47:30.356116+00:00,22.437835,1774630050356115717,466020,1774630050356349440,right,ON,23.2,35.92
2026-03-27T16:47:30.372637+00:00,22.454356,1774630050372636917,466036,1774630050372427008,right,ON,23.7,36.54
2026-03-27T16:47:30.387995+00:00,22.469715,1774630050387995117,466052,1774630050388441600,right,ON,24.0,37.06
2026-03-27T16:47:30.405869+00:00,22.487589,1774630050405869317,466068,1774630050404581632,right,ON,24.5,37.68
2026-03-27T16:47:30.420878+00:00,22.502598,1774630050420878017,466084,1774630050420666368,right,ON,24.9,38.21
2026-03-27T16:47:30.436292+00:00,22.518012,1774630050436292017,466100,1774630050436687872,right,ON,25.1,38.56
2026-03-27T16:47:30.452839+00:00,22.534559,1774630050452839517,466116,1774630050452757504,right,ON,25.5,39.08
2026-03-27T16:47:30.469273+00:00,22.550993,1774630050469273117,466132,1774630050468858368,right,ON,25.9,39.7
2026-03-27T16:47:30.484521+00:00,22.566240,1774630050484520817,466148,1774630050484891136,right,ON,26.3,40.23
2026-03-27T16:47:30.501209+00:00,22.582929,1774630050501209217,466164,1774630050500969728,right,ON,26.6,40.67
2026-03-27T16:47:30.516430+00:00,22.598150,1774630050516430317,466180,1774630050516983040,right,ON,27.0,41.11
2026-03-27T16:47:30.532942+00:00,22.614661,1774630050532941517,466196,1774630050533033728,right,ON,27.4,41.72
2026-03-27T16:47:30.549229+00:00,22.630948,1774630050549228717,466212,1774630050549147648,right,ON,27.9,42.34
2026-03-27T16:47:30.564760+00:00,22.646480,1774630050564760217,466228,1774630050565174016,right,ON,28.2,42.86
2026-03-27T16:47:30.581246+00:00,22.662966,1774630050581246217,466244,1774630050581238784,right,ON,28.6,43.39
2026-03-27T16:47:30.597620+00:00,22.679340,1774630050597620517,466260,1774630050597336320,right,ON,29.0,43.92
2026-03-27T16:47:30.612956+00:00,22.694675,1774630050612955817,466276,1774630050613369088,right,ON,29.1,44.09
2026-03-27T16:47:30.629787+00:00,22.711507,1774630050629787417,466292,1774630050629456128,right,ON,29.4,44.45
2026-03-27T16:47:30.644976+00:00,22.726695,1774630050644975717,466308,1774630050645467392,right,ON,29.8,45.06
2026-03-27T16:47:30.661417+00:00,22.743137,1774630050661417317,466324,1774630050661520128,right,ON,30.5,45.85
2026-03-27T16:47:30.677668+00:00,22.759388,1774630050677668317,466340,1774630050677592576,right,ON,31.2,46.73
2026-03-27T16:47:30.693127+00:00,22.774846,1774630050693126917,466356,1774630050693610240,right,ON,31.6,47.26
2026-03-27T16:47:30.709654+00:00,22.791373,1774630050709653517,466372,1774630050709666560,right,ON,31.9,47.61
2026-03-27T16:47:30.726027+00:00,22.807746,1774630050726026617,466388,1774630050725758464,right,ON,32.3,48.14
2026-03-27T16:47:30.741383+00:00,22.823102,1774630050741382617,466404,1774630050741783808,right,ON,32.7,48.67
2026-03-27T16:47:30.757770+00:00,22.839489,1774630050757769817,466420,1774630050757846784,right,ON,33.3,49.37
2026-03-27T16:47:30.773314+00:00,22.855033,1774630050773313417,466436,1774630050773853184,right,ON,33.9,50.16
2026-03-27T16:47:30.789667+00:00,22.871386,1774630050789666717,466452,1774630050789894912,right,ON,34.5,50.95
2026-03-27T16:47:30.806100+00:00,22.887819,1774630050806099617,466468,1774630050805967872,right,ON,35.2,51.74
2026-03-27T16:47:30.821580+00:00,22.903300,1774630050821580317,466484,1774630050821984000,right,ON,35.7,52.36
2026-03-27T16:47:30.837998+00:00,22.919717,1774630050837997617,466500,1774630050838031104,right,ON,36.2,52.97
2026-03-27T16:47:30.854476+00:00,22.936196,1774630050854476417,466516,1774630050854122240,right,ON,36.7,53.67
2026-03-27T16:47:30.869793+00:00,22.951513,1774630050869793317,466532,1774630050870145024,right,ON,37.1,54.11
2026-03-27T16:47:30.886321+00:00,22.968041,1774630050886321417,466548,1774630050886210560,right,ON,37.2,54.29
2026-03-27T16:47:30.901796+00:00,22.983515,1774630050901795717,466564,1774630050902215168,right,ON,37.5,54.64
2026-03-27T16:47:30.918119+00:00,22.999838,1774630050918118617,466580,1774630050918254848,right,ON,37.9,55.17
2026-03-27T16:47:30.934661+00:00,23.016381,1774630050934661017,466596,1774630050934334720,right,ON,38.1,55.34
2026-03-27T16:47:30.950026+00:00,23.031746,1774630050950026317,466612,1774630050950350336,right,ON,38.3,55.61
2026-03-27T16:47:30.966471+00:00,23.048191,1774630050966471217,466628,1774630050966405888,right,ON,38.7,56.14
2026-03-27T16:47:30.982807+00:00,23.064527,1774630050982807117,466644,1774630050982519040,right,ON,38.9,56.4
2026-03-27T16:47:30.998244+00:00,23.079964,1774630050998244017,466660,1774630050998545920,right,ON,39.2,56.84
2026-03-27T16:47:31.014774+00:00,23.096494,1774630051014774317,466676,1774630051014611712,right,ON,39.8,57.54
2026-03-27T16:47:31.030230+00:00,23.111950,1774630051030230317,466692,1774630051030625536,right,ON,40.3,58.16
2026-03-27T16:47:31.046520+00:00,23.128240,1774630051046520317,466708,1774630051046664448,right,ON,40.6,58.51
2026-03-27T16:47:31.063138+00:00,23.144857,1774630051063137917,466724,1774630051062746624,right,ON,40.8,58.77
2026-03-27T16:47:31.078521+00:00,23.160240,1774630051078520517,466740,1774630051078765056,right,ON,41.1,59.12
2026-03-27T16:47:31.094881+00:00,23.176601,1774630051094881117,466756,1774630051094824960,right,ON,41.4,59.48
2026-03-27T16:47:31.111411+00:00,23.193131,1774630051111411017,466772,1774630051110920960,right,ON,41.8,59.92
2026-03-27T16:47:31.126787+00:00,23.208506,1774630051126786817,466788,1774630051126952704,right,ON,42.1,60.35
2026-03-27T16:47:31.143469+00:00,23.225188,1774630051143468917,466804,1774630051143036928,right,ON,42.4,60.71
2026-03-27T16:47:31.158590+00:00,23.240310,1774630051158590317,466820,1774630051159045376,right,ON,42.8,61.15
2026-03-27T16:47:31.174995+00:00,23.256715,1774630051174995017,466836,1774630051175081728,right,ON,43.1,61.5
2026-03-27T16:47:31.191503+00:00,23.273223,1774630051191503017,466852,1774630051191180544,right,ON,43.3,61.85
2026-03-27T16:47:31.207013+00:00,23.288733,1774630051207013017,466868,1774630051207211264,right,ON,43.6,62.11
2026-03-27T16:47:31.223315+00:00,23.305035,1774630051223315417,466884,1774630051223266304,right,ON,44.0,62.64
2026-03-27T16:47:31.239902+00:00,23.321622,1774630051239902317,466900,1774630051239362816,right,ON,44.4,63.08
2026-03-27T16:47:31.255249+00:00,23.336968,1774630051255248817,466916,1774630051255394304,right,ON,44.5,63.25
2026-03-27T16:47:31.271656+00:00,23.353375,1774630051271655817,466932,1774630051271462912,right,ON,44.6,63.43
2026-03-27T16:47:31.287054+00:00,23.368773,1774630051287053617,466948,1774630051287471104,right,ON,44.6,63.43
2026-03-27T16:47:31.303628+00:00,23.385347,1774630051303627917,466964,1774630051303520512,right,ON,44.6,63.43
2026-03-27T16:47:31.319951+00:00,23.401670,1774630051319950517,466980,1774630051319602688,right,ON,44.6,63.43
2026-03-27T16:47:31.335353+00:00,23.417072,1774630051335352717,466996,1774630051335624960,right,ON,44.8,63.61
2026-03-27T16:47:31.351682+00:00,23.433402,1774630051351682417,467012,1774630051351678208,right,ON,44.9,63.78
2026-03-27T16:47:31.368296+00:00,23.450016,1774630051368296217,467028,1774630051367776768,right,ON,44.9,63.69
2026-03-27T16:47:31.383593+00:00,23.465312,1774630051383592817,467044,1774630051383806720,right,ON,44.8,63.61
2026-03-27T16:47:31.400020+00:00,23.481740,1774630051400020017,467060,1774630051399873792,right,ON,44.5,63.25
2026-03-27T16:47:31.415605+00:00,23.497324,1774630051415604517,467076,1774630051415890688,right,ON,43.6,62.11
2026-03-27T16:47:31.431987+00:00,23.513706,1774630051431986617,467092,1774630051431984384,right,ON,42.2,60.44
2026-03-27T16:47:31.448335+00:00,23.530054,1774630051448334817,467108,1774630051448065280,right,ON,40.2,57.98
2026-03-27T16:47:31.463757+00:00,23.545477,1774630051463757217,467124,1774630051464087296,right,ON,38.1,55.34
2026-03-27T16:47:31.480288+00:00,23.562008,1774630051480288317,467140,1774630051480154112,right,ON,35.4,52.09
2026-03-27T16:47:31.496705+00:00,23.578424,1774630051496704917,467156,1774630051496254720,right,ON,32.5,48.4
2026-03-27T16:47:31.512130+00:00,23.593850,1774630051512130217,467172,1774630051512292352,right,ON,28.2,42.86
2026-03-27T16:47:31.528527+00:00,23.610247,1774630051528527017,467188,1774630051528369920,right,ON,22.6,35.04
2026-03-27T16:47:31.544058+00:00,23.625777,1774630051544057517,467204,1774630051544390144,right,ON,18.0,28.54
2026-03-27T16:47:31.560411+00:00,23.642131,1774630051560411517,467220,1774630051560442368,right,ON,15.7,25.02
2026-03-27T16:47:31.576957+00:00,23.658676,1774630051576956617,467236,1774630051576531968,right,ON,13.3,21.42
2026-03-27T16:47:31.592330+00:00,23.674050,1774630051592330117,467252,1774630051592563200,right,ON,12.1,19.66
2026-03-27T16:47:31.608822+00:00,23.690542,1774630051608822317,467268,1774630051608634624,right,ON,11.3,18.43
2026-03-27T16:47:31.625114+00:00,23.706833,1774630051625113817,467284,1774630051624730624,right,ON,10.8,17.64
2026-03-27T16:47:31.640574+00:00,23.722294,1774630051640574417,467300,1774630051640767488,right,ON,10.6,17.29
2026-03-27T16:47:31.656913+00:00,23.738632,1774630051656912617,467316,1774630051656845824,right,ON,10.3,16.85
2026-03-27T16:47:31.672466+00:00,23.754185,1774630051672465617,467332,1774630051672867072,right,ON,10.0,16.5
2026-03-27T16:47:31.689048+00:00,23.770767,1774630051689047517,467348,1774630051688932864,right,ON,9.9,16.32
2026-03-27T16:47:31.706536+00:00,23.788256,1774630051706536017,467364,1774630051705091840,right,ON,9.7,15.97
2026-03-27T16:47:31.720652+00:00,23.802372,1774630051720652117,467380,1774630051721111808,right,ON,9.6,15.79
2026-03-27T16:47:31.737125+00:00,23.818845,1774630051737125117,467396,1774630051737172224,right,ON,9.5,15.62
2026-03-27T16:47:31.753758+00:00,23.835477,1774630051753757617,467412,1774630051753277952,right,ON,9.5,15.62
2026-03-27T16:47:31.768974+00:00,23.850694,1774630051768974017,467428,1774630051769309952,right,ON,9.4,15.53
2026-03-27T16:47:31.785414+00:00,23.867133,1774630051785413817,467444,1774630051785376256,right,ON,9.4,15.53
2026-03-27T16:47:31.800750+00:00,23.882469,1774630051800749617,467460,1774630051801382144,right,ON,9.4,15.44
2026-03-27T16:47:31.817302+00:00,23.899022,1774630051817302617,467476,1774630051817427968,right,ON,9.4,15.44
2026-03-27T16:47:31.833729+00:00,23.915449,1774630051833729117,467492,1774630051833508096,right,ON,9.3,15.35
2026-03-27T16:47:31.849169+00:00,23.930889,1774630051849169117,467508,1774630051849532416,right,ON,9.3,15.35
2026-03-27T16:47:31.865547+00:00,23.947267,1774630051865547017,467524,1774630051865588224,right,ON,9.3,15.35
2026-03-27T16:47:31.882181+00:00,23.963901,1774630051882181217,467540,1774630051881691904,right,ON,9.3,15.35
2026-03-27T16:47:31.897401+00:00,23.979121,1774630051897401117,467556,1774630051897721600,right,ON,9.3,15.35
2026-03-27T16:47:31.913819+00:00,23.995539,1774630051913819417,467572,1774630051913788160,right,ON,9.3,15.27
2026-03-27T16:47:31.929373+00:00,24.011093,1774630051929373017,467588,1774630051929806080,right,ON,9.3,15.27
2026-03-27T16:47:31.949557+00:00,24.031277,1774630051949557117,467604,1774630051946084096,right,ON,9.3,15.27
2026-03-27T16:47:31.962709+00:00,24.044428,1774630051962708617,467620,1774630051962194432,right,ON,9.3,15.27
2026-03-27T16:47:31.977573+00:00,24.059292,1774630051977572817,467636,1774630051978210048,right,ON,9.3,15.27
2026-03-27T16:47:31.994008+00:00,24.075727,1774630051994007717,467652,1774630051994260736,right,ON,9.2,15.18
2026-03-27T16:47:32.010478+00:00,24.092197,1774630052010477717,467668,1774630052010345728,right,ON,9.3,15.27
2026-03-27T16:47:32.025998+00:00,24.107717,1774630052025997517,467684,1774630052026378496,right,ON,9.3,15.27
2026-03-27T16:47:32.042305+00:00,24.124025,1774630052042305517,467700,1774630052042440960,right,ON,9.2,15.18
2026-03-27T16:47:32.057805+00:00,24.139525,1774630052057805317,467716,1774630052058451200,right,ON,9.3,15.27
2026-03-27T16:47:32.074204+00:00,24.155924,1774630052074204517,467732,1774630052074489344,right,ON,9.3,15.27
2026-03-27T16:47:32.090948+00:00,24.172668,1774630052090948417,467748,1774630052090587136,right,ON,9.2,15.18
2026-03-27T16:47:32.106055+00:00,24.187775,1774630052106055117,467764,1774630052106605312,right,ON,9.2,15.18
2026-03-27T16:47:32.122375+00:00,24.204095,1774630052122375017,467780,1774630052122649344,right,ON,9.3,15.27
2026-03-27T16:47:32.138950+00:00,24.220669,1774630052138949817,467796,1774630052138740224,right,ON,9.3,15.27
2026-03-27T16:47:32.154398+00:00,24.236117,1774630052154397617,467812,1774630052154772480,right,ON,9.3,15.27
2026-03-27T16:47:32.172887+00:00,24.254607,1774630052172887217,467828,1774630052170972928,right,ON,9.3,15.27
2026-03-27T16:47:32.186125+00:00,24.267844,1774630052186124517,467844,1774630052186969600,right,ON,9.3,15.27
2026-03-27T16:47:32.202771+00:00,24.284490,1774630052202770717,467860,1774630052203013120,right,ON,9.3,15.27
2026-03-27T16:47:32.219200+00:00,24.300920,1774630052219200217,467876,1774630052219093248,right,ON,9.3,15.27
2026-03-27T16:47:32.234525+00:00,24.316245,1774630052234525017,467892,1774630052235111680,right,ON,9.3,15.27
2026-03-27T16:47:32.250961+00:00,24.332680,1774630052250960617,467908,1774630052251160832,right,ON,9.3,15.27
2026-03-27T16:47:32.267428+00:00,24.349148,1774630052267428117,467924,1774630052267251968,right,ON,9.3,15.27
2026-03-27T16:47:32.282874+00:00,24.364594,1774630052282874017,467940,1774630052283283456,right,ON,9.3,15.27
2026-03-27T16:47:32.299167+00:00,24.380887,1774630052299167317,467956,1774630052299340288,right,ON,9.3,15.27
2026-03-27T16:47:32.314599+00:00,24.396319,1774630052314599117,467972,1774630052315338752,right,ON,9.3,15.27
2026-03-27T16:47:32.331267+00:00,24.412986,1774630052331266817,467988,1774630052331390720,right,ON,9.3,15.27
2026-03-27T16:47:32.347666+00:00,24.429385,1774630052347665617,468004,1774630052347472128,right,ON,9.3,15.27
2026-03-27T16:47:32.363176+00:00,24.444896,1774630052363176317,468020,1774630052363499008,right,ON,9.3,15.27
2026-03-27T16:47:32.381891+00:00,24.463611,1774630052381891017,468036,1774630052379696896,right,ON,9.3,15.27
2026-03-27T16:47:32.398718+00:00,24.480438,1774630052398718517,468052,1774630052395955456,right,ON,9.3,15.27
2026-03-27T16:47:32.411538+00:00,24.493258,1774630052411538417,468068,1774630052411988736,right,ON,9.3,15.27
2026-03-27T16:47:32.427732+00:00,24.509452,1774630052427732517,468084,1774630052428041216,right,ON,9.3,15.27
2026-03-27T16:47:32.443121+00:00,24.524840,1774630052443120817,468100,1774630052444038400,right,ON,9.3,15.27
2026-03-27T16:47:32.459686+00:00,24.541405,1774630052459685617,468116,1774630052460076800,right,ON,9.3,15.27
2026-03-27T16:47:32.476440+00:00,24.558160,1774630052476440217,468132,1774630052476166656,right,ON,9.3,15.27
2026-03-27T16:47:32.491384+00:00,24.573104,1774630052491384017,468148,1774630052492167936,right,ON,9.3,15.27
2026-03-27T16:47:32.507803+00:00,24.589522,1774630052507802617,468164,1774630052508206592,right,ON,9.3,15.27
2026-03-27T16:47:32.524369+00:00,24.606089,1774630052524369417,468180,1774630052524287488,right,ON,9.3,15.27
2026-03-27T16:47:32.539749+00:00,24.621468,1774630052539748517,468196,1774630052540307456,right,ON,9.3,15.27
2026-03-27T16:47:32.556132+00:00,24.637851,1774630052556131817,468212,1774630052556357888,right,ON,9.3,15.27
2026-03-27T16:47:32.571715+00:00,24.653435,1774630052571715117,468228,1774630052572362752,right,ON,9.3,15.27
2026-03-27T16:47:32.588097+00:00,24.669816,1774630052588096917,468244,1774630052588397056,right,ON,9.3,15.27
2026-03-27T16:47:32.605584+00:00,24.687303,1774630052605583917,468260,1774630052604533760,right,ON,9.3,15.35
2026-03-27T16:47:32.619888+00:00,24.701608,1774630052619888417,468276,1774630052620540416,right,ON,9.3,15.27
2026-03-27T16:47:32.636434+00:00,24.718154,1774630052636434017,468292,1774630052636591104,right,ON,9.3,15.27
2026-03-27T16:47:32.652813+00:00,24.734532,1774630052652812717,468308,1774630052652668672,right,ON,9.3,15.35
2026-03-27T16:47:32.668184+00:00,24.749903,1774630052668183517,468324,1774630052668685568,right,ON,9.3,15.35
2026-03-27T16:47:32.684563+00:00,24.766283,1774630052684563017,468340,1774630052684730880,right,ON,9.3,15.35
2026-03-27T16:47:32.700090+00:00,24.781810,1774630052700090117,468356,1774630052700728320,right,ON,9.3,15.35
2026-03-27T16:47:32.716526+00:00,24.798246,1774630052716526317,468372,1774630052716764928,right,ON,9.3,15.27
2026-03-27T16:47:32.733011+00:00,24.814731,1774630052733011017,468388,1774630052732872960,right,ON,9.3,15.35
2026-03-27T16:47:32.748294+00:00,24.830014,1774630052748294217,468404,1774630052748875008,right,ON,9.3,15.35
2026-03-27T16:47:32.764941+00:00,24.846661,1774630052764941417,468420,1774630052764925696,right,ON,9.3,15.35
2026-03-27T16:47:32.781239+00:00,24.862958,1774630052781238517,468436,1774630052781009152,right,ON,9.3,15.35
2026-03-27T16:47:32.796638+00:00,24.878357,1774630052796637917,468452,1774630052797026048,right,ON,9.3,15.35
2026-03-27T16:47:32.813892+00:00,24.895611,1774630052813891817,468468,1774630052813128192,right,ON,9.3,15.27
2026-03-27T16:47:32.830010+00:00,24.911729,1774630052830009917,468484,1774630052829210112,right,ON,9.3,15.35
2026-03-27T16:47:32.844973+00:00,24.926692,1774630052844972917,468500,1774630052845238528,right,ON,9.4,15.44
2026-03-27T16:47:32.861468+00:00,24.943187,1774630052861467617,468516,1774630052861305344,right,ON,9.4,15.44
2026-03-27T16:47:32.876921+00:00,24.958641,1774630052876921017,468532,1774630052877315840,right,ON,9.4,15.44
2026-03-27T16:47:32.893268+00:00,24.974987,1774630052893267917,468548,1774630052893353728,right,ON,9.4,15.53
2026-03-27T16:47:32.909664+00:00,24.991383,1774630052909663917,468564,1774630052909430528,right,ON,9.5,15.62
2026-03-27T16:47:32.925011+00:00,25.006731,1774630052925011417,468580,1774630052925437696,right,ON,9.5,15.62
2026-03-27T16:47:32.941565+00:00,25.023284,1774630052941564717,468596,1774630052941486848,right,ON,9.6,15.71
2026-03-27T16:47:32.956960+00:00,25.038680,1774630052956960117,468612,1774630052957479424,right,ON,9.6,15.79
2026-03-27T16:47:32.973354+00:00,25.055073,1774630052973353717,468628,1774630052973622272,right,ON,9.8,16.06
2026-03-27T16:47:32.989928+00:00,25.071647,1774630052989927312,468644,1774630052989710848,right,ON,10.0,16.41
2026-03-27T16:47:33.005228+00:00,25.086948,1774630053005228317,468660,1774630053005716736,right,ON,10.2,16.76
2026-03-27T16:47:33.022353+00:00,25.104072,1774630053022352617,468676,1774630053021799680,right,ON,10.6,17.29
2026-03-27T16:47:33.038282+00:00,25.120002,1774630053038282017,468692,1774630053037886464,right,ON,10.9,17.73
2026-03-27T16:47:33.054011+00:00,25.135731,1774630053054011117,468708,1774630053053936384,right,ON,11.0,17.99
2026-03-27T16:47:33.070142+00:00,25.151861,1774630053070141617,468724,1774630053069998080,right,ON,11.4,18.61
2026-03-27T16:47:33.085485+00:00,25.167205,1774630053085485017,468740,1774630053085998336,right,ON,11.8,19.13
2026-03-27T16:47:33.102077+00:00,25.183796,1774630053102076717,468756,1774630053102042112,right,ON,11.9,19.31
2026-03-27T16:47:33.118465+00:00,25.200184,1774630053118464817,468772,1774630053118127360,right,ON,12.0,19.49
2026-03-27T16:47:33.133716+00:00,25.215436,1774630053133716317,468788,1774630053134133760,right,ON,12.7,20.45
2026-03-27T16:47:33.150350+00:00,25.232070,1774630053150350317,468804,1774630053150183680,right,ON,14.8,23.62
2026-03-27T16:47:33.166745+00:00,25.248465,1774630053166745117,468820,1774630053166269952,right,ON,16.5,26.17
2026-03-27T16:47:33.182148+00:00,25.263868,1774630053182148217,468836,1774630053182297088,right,ON,17.5,27.75
2026-03-27T16:47:33.198436+00:00,25.280156,1774630053198436217,468852,1774630053198413824,right,ON,18.1,28.63
2026-03-27T16:47:33.213991+00:00,25.295710,1774630053213990617,468868,1774630053214415104,right,ON,18.4,29.15
2026-03-27T16:47:33.230611+00:00,25.312330,1774630053230610717,468884,1774630053230468864,right,ON,18.6,29.42
2026-03-27T16:47:33.246886+00:00,25.328606,1774630053246886217,468900,1774630053246547200,right,ON,18.7,29.5
2026-03-27T16:47:33.264790+00:00,25.346509,1774630053264789417,468916,1774630053262715392,right,ON,18.6,29.33
2026-03-27T16:47:33.278790+00:00,25.360509,1774630053278789717,468932,1774630053278766080,right,ON,18.2,28.8
2026-03-27T16:47:33.295187+00:00,25.376907,1774630053295187517,468948,1774630053294850304,right,ON,18.0,28.54
2026-03-27T16:47:33.310429+00:00,25.392149,1774630053310429217,468964,1774630053310865152,right,ON,17.9,28.36
2026-03-27T16:47:33.327023+00:00,25.408743,1774630053327023217,468980,1774630053326920448,right,ON,17.8,28.19
2026-03-27T16:47:33.342291+00:00,25.424010,1774630053342290617,468996,1774630053342907648,right,ON,17.7,28.1
2026-03-27T16:47:33.358769+00:00,25.440488,1774630053358768817,469012,1774630053358939648,right,ON,17.7,28.1
2026-03-27T16:47:33.375239+00:00,25.456959,1774630053375239017,469028,1774630053375007744,right,ON,17.6,27.92
2026-03-27T16:47:33.390650+00:00,25.472370,1774630053390650117,469044,1774630053391019520,right,ON,17.5,27.75
2026-03-27T16:47:33.407047+00:00,25.488767,1774630053407047217,469060,1774630053407135232,right,ON,17.5,27.66
2026-03-27T16:47:33.423440+00:00,25.505159,1774630053423439717,469076,1774630053423299328,right,ON,17.4,27.57
2026-03-27T16:47:33.438971+00:00,25.520691,1774630053438971117,469092,1774630053439334144,right,ON,17.3,27.4
2026-03-27T16:47:33.455343+00:00,25.537062,1774630053455342917,469108,1774630053455393024,right,ON,17.2,27.22
2026-03-27T16:47:33.470667+00:00,25.552387,1774630053470667317,469124,1774630053471386112,right,ON,17.0,27.04
2026-03-27T16:47:33.487103+00:00,25.568823,1774630053487103317,469140,1774630053487418624,right,ON,16.9,26.87
2026-03-27T16:47:33.504691+00:00,25.586410,1774630053504690717,469156,1774630053503566336,right,ON,16.9,26.87
2026-03-27T16:47:33.519210+00:00,25.600929,1774630053519209817,469172,1774630053519584768,right,ON,16.8,26.69
2026-03-27T16:47:33.535491+00:00,25.617211,1774630053535491217,469188,1774630053535627776,right,ON,16.8,26.6
2026-03-27T16:47:33.552035+00:00,25.633755,1774630053552035117,469204,1774630053551716608,right,ON,16.6,26.34
2026-03-27T16:47:33.567389+00:00,25.649109,1774630053567389117,469220,1774630053567740928,right,ON,16.5,26.17
2026-03-27T16:47:33.583767+00:00,25.665487,1774630053583767217,469236,1774630053583795456,right,ON,16.3,25.9
2026-03-27T16:47:33.599172+00:00,25.680891,1774630053599171617,469252,1774630053599795200,right,ON,16.1,25.64
2026-03-27T16:47:33.615691+00:00,25.697410,1774630053615690717,469268,1774630053615833344,right,ON,16.0,25.46
2026-03-27T16:47:33.632118+00:00,25.713838,1774630053632118317,469284,1774630053631939328,right,ON,15.8,25.11
2026-03-27T16:47:33.647454+00:00,25.729174,1774630053647454117,469300,1774630053647947776,right,ON,15.6,24.85
2026-03-27T16:47:33.663970+00:00,25.745690,1774630053663970617,469316,1774630053664000000,right,ON,15.4,24.58
2026-03-27T16:47:33.680403+00:00,25.762122,1774630053680402717,469332,1774630053680084992,right,ON,15.4,24.5
2026-03-27T16:47:33.695785+00:00,25.777504,1774630053695784817,469348,1774630053696107520,right,ON,15.3,24.41
2026-03-27T16:47:33.712219+00:00,25.793938,1774630053712218917,469364,1774630053712163328,right,ON,15.3,24.41
2026-03-27T16:47:33.728604+00:00,25.810324,1774630053728604117,469380,1774630053728222464,right,ON,15.2,24.23
2026-03-27T16:47:33.744095+00:00,25.825814,1774630053744094917,469396,1774630053744257536,right,ON,15.0,23.97
2026-03-27T16:47:33.760465+00:00,25.842185,1774630053760465217,469412,1774630053760325376,right,ON,14.9,23.79
2026-03-27T16:47:33.775929+00:00,25.857649,1774630053775929417,469428,1774630053776333312,right,ON,14.8,23.7
2026-03-27T16:47:33.792425+00:00,25.874145,1774630053792425217,469444,1774630053792386304,right,ON,14.8,23.62
2026-03-27T16:47:33.808889+00:00,25.890609,1774630053808889217,469460,1774630053808471808,right,ON,14.7,23.53
2026-03-27T16:47:33.824232+00:00,25.905951,1774630053824231917,469476,1774630053824493312,right,ON,14.6,23.44
2026-03-27T16:47:33.840561+00:00,25.922281,1774630053840561217,469492,1774630053840568832,right,ON,14.5,23.26
2026-03-27T16:47:33.856170+00:00,25.937890,1774630053856170217,469508,1774630053856620288,right,ON,14.4,23.0
2026-03-27T16:47:33.872581+00:00,25.954301,1774630053872581417,469524,1774630053872661504,right,ON,14.2,22.83
2026-03-27T16:47:33.889229+00:00,25.970948,1774630053889228617,469540,1774630053888752384,right,ON,14.2,22.74
2026-03-27T16:47:33.905883+00:00,25.987602,1774630053905882917,469556,1774630053904860672,right,ON,14.1,22.65
2026-03-27T16:47:33.920961+00:00,26.002680,1774630053920960717,469572,1774630053920916224,right,ON,14.1,22.65
2026-03-27T16:47:33.937220+00:00,26.018940,1774630053937220017,469588,1774630053936994816,right,ON,14.1,22.65
2026-03-27T16:47:33.952581+00:00,26.034300,1774630053952580517,469604,1774630053953008640,right,ON,14.1,22.65
2026-03-27T16:47:33.969145+00:00,26.050865,1774630053969145017,469620,1774630053969069312,right,ON,14.1,22.56
2026-03-27T16:47:33.984588+00:00,26.066308,1774630053984588217,469636,1774630053985071872,right,ON,14.1,22.56
2026-03-27T16:47:34.000942+00:00,26.082661,1774630054000941717,469652,1774630054001103360,right,ON,14.1,22.56
2026-03-27T16:47:34.017289+00:00,26.099009,1774630054017289517,469668,1774630054017168384,right,ON,14.1,22.56
2026-03-27T16:47:34.032948+00:00,26.114668,1774630054032948017,469684,1774630054033186048,right,ON,14.1,22.56
2026-03-27T16:47:34.049258+00:00,26.130978,1774630054049258217,469700,1774630054049252352,right,ON,14.1,22.56
2026-03-27T16:47:34.065732+00:00,26.147452,1774630054065732117,469716,1774630054065341184,right,ON,14.0,22.47
2026-03-27T16:47:34.081043+00:00,26.162762,1774630054081042717,469732,1774630054081374720,right,ON,14.0,22.47
2026-03-27T16:47:34.097659+00:00,26.179379,1774630054097659117,469748,1774630054097445376,right,ON,14.1,22.56
2026-03-27T16:47:34.113057+00:00,26.194777,1774630054113057117,469764,1774630054113453568,right,ON,14.1,22.56
2026-03-27T16:47:34.130250+00:00,26.211970,1774630054130250417,469780,1774630054129548032,right,ON,14.0,22.47
2026-03-27T16:47:34.145997+00:00,26.227716,1774630054145996817,469796,1774630054145633280,right,ON,14.1,22.56
2026-03-27T16:47:34.161410+00:00,26.243130,1774630054161410117,469812,1774630054161654272,right,ON,14.1,22.56
2026-03-27T16:47:34.177685+00:00,26.259405,1774630054177685117,469828,1774630054177706240,right,ON,14.1,22.56
2026-03-27T16:47:34.194058+00:00,26.275777,1774630054194057717,469844,1774630054193788672,right,ON,14.1,22.56
2026-03-27T16:47:34.209662+00:00,26.291382,1774630054209662317,469860,1774630054209823488,right,ON,14.1,22.56
2026-03-27T16:47:34.226002+00:00,26.307722,1774630054226002217,469876,1774630054225883136,right,ON,14.1,22.56
2026-03-27T16:47:34.241587+00:00,26.323307,1774630054241587117,469892,1774630054241898240,right,ON,14.1,22.56
2026-03-27T16:47:34.257803+00:00,26.339523,1774630054257803317,469908,1774630054257940736,right,ON,14.1,22.56
2026-03-27T16:47:34.274433+00:00,26.356153,1774630054274433017,469924,1774630054274025728,right,ON,14.1,22.56
2026-03-27T16:47:34.289783+00:00,26.371502,1774630054289782717,469940,1774630054290125056,right,ON,14.1,22.56
2026-03-27T16:47:34.306201+00:00,26.387921,1774630054306201017,469956,1774630054306186496,right,ON,14.1,22.56
2026-03-27T16:47:34.322616+00:00,26.404336,1774630054322616217,469972,1774630054322280448,right,ON,14.1,22.56
2026-03-27T16:47:34.341703+00:00,26.423422,1774630054341702817,469988,1774630054338534400,right,ON,14.0,22.47
2026-03-27T16:47:34.354546+00:00,26.436266,1774630054354546217,470004,1774630054354603776,right,ON,13.8,22.21
2026-03-27T16:47:34.370526+00:00,26.452245,1774630054370525617,470020,1774630054370643712,right,ON,13.5,21.68
2026-03-27T16:47:34.386351+00:00,26.468070,1774630054386350717,470036,1774630054386681856,right,ON,13.1,21.07
2026-03-27T16:47:34.403018+00:00,26.484737,1774630054403017717,470052,1774630054402770432,right,ON,12.7,20.45
2026-03-27T16:47:34.418225+00:00,26.499944,1774630054418224817,470068,1774630054418786304,right,ON,12.3,19.92
2026-03-27T16:47:34.434592+00:00,26.516312,1774630054434592517,470084,1774630054434832128,right,ON,11.8,19.22
2026-03-27T16:47:34.451020+00:00,26.532740,1774630054451020617,470100,1774630054450911488,right,ON,11.5,18.69
2026-03-27T16:47:34.466532+00:00,26.548252,1774630054466532317,470116,1774630054466940928,right,ON,11.1,18.17
2026-03-27T16:47:34.482916+00:00,26.564635,1774630054482915617,470132,1774630054483000320,right,ON,10.8,17.64
2026-03-27T16:47:34.498337+00:00,26.580057,1774630054498337017,470148,1774630054498998272,right,ON,10.4,17.11
2026-03-27T16:47:34.514668+00:00,26.596387,1774630054514667817,470164,1774630054515024640,right,ON,10.2,16.67
2026-03-27T16:47:34.531334+00:00,26.613054,1774630054531334017,470180,1774630054531136000,right,ON,9.7,15.97
2026-03-27T16:47:34.546661+00:00,26.628381,1774630054546661117,470196,1774630054547156480,right,ON,9.4,15.44
2026-03-27T16:47:34.565568+00:00,26.647288,1774630054565568217,470212,1774630054563357952,right,ON,9.0,14.74
2026-03-27T16:47:34.579561+00:00,26.661281,1774630054579561217,470228,1774630054579445504,right,ON,8.5,14.04
2026-03-27T16:47:34.595033+00:00,26.676753,1774630054595033417,470244,1774630054595475200,right,ON,8.1,13.25
2026-03-27T16:47:34.611413+00:00,26.693133,1774630054611413117,470260,1774630054611534592,right,ON,7.5,12.28
2026-03-27T16:47:34.626826+00:00,26.708545,1774630054626825817,470276,1774630054627534592,right,ON,7.0,11.49
2026-03-27T16:47:34.643309+00:00,26.725028,1774630054643308717,470292,1774630054643574784,right,ON,6.5,10.61
2026-03-27T16:47:34.659683+00:00,26.741403,1774630054659683217,470308,1774630054659646208,right,ON,5.9,9.73
2026-03-27T16:47:34.675116+00:00,26.756836,1774630054675116317,470324,1774630054675656960,right,ON,5.4,8.94
2026-03-27T16:47:34.691430+00:00,26.773150,1774630054691430517,470340,1774630054691697664,right,ON,4.7,7.8
2026-03-27T16:47:34.708066+00:00,26.789786,1774630054708066617,470356,1774630054707785728,right,ON,3.9,6.48
2026-03-27T16:47:34.723389+00:00,26.805109,1774630054723389017,470372,1774630054723808000,right,ON,3.2,5.33
2026-03-27T16:47:34.739809+00:00,26.821529,1774630054739809217,470388,1774630054739864320,right,ON,2.4,4.02
2026-03-27T16:47:34.755321+00:00,26.837040,1774630054755320817,470404,1774630054755897600,right,ON,1.6,2.61
2026-03-27T16:47:34.772809+00:00,26.854529,1774630054772809017,470420,1774630054772001792,right,ON,0.8,1.38
2026-03-27T16:47:34.788290+00:00,26.870009,1774630054788289717,470436,1774630054788079104,right,ON,0.8,1.38
2026-03-27T16:47:34.803747+00:00,26.885466,1774630054803746717,470452,1774630054804101120,right,ON,0.8,1.38
2026-03-27T16:47:34.819937+00:00,26.901656,1774630054819936817,470468,1774630054820144896,right,ON,0.8,1.38
2026-03-27T16:47:34.836578+00:00,26.918298,1774630054836578017,470484,1774630054836236800,right,ON,0.9,1.47
2026-03-27T16:47:34.852175+00:00,26.933894,1774630054852174917,470500,1774630054852278528,right,ON,0.8,1.38
2026-03-27T16:47:34.868593+00:00,26.950312,1774630054868592917,470516,1774630054868350208,right,ON,0.8,1.38
2026-03-27T16:47:34.883601+00:00,26.965320,1774630054883600617,470532,1774630054884343296,right,ON,0.8,1.38
2026-03-27T16:47:34.900640+00:00,26.982359,1774630054900639917,470548,1774630054900407808,right,ON,0.8,1.38
2026-03-27T16:47:34.916884+00:00,26.998603,1774630054916883717,470564,1774630054916501760,right,ON,0.8,1.38
2026-03-27T16:47:34.932419+00:00,27.014138,1774630054932418617,470580,1774630054932582400,right,ON,0.8,1.38
2026-03-27T16:47:34.948423+00:00,27.030143,1774630054948423317,470596,1774630054948630784,right,ON,0.8,1.38
2026-03-27T16:47:34.965190+00:00,27.046910,1774630054965190517,470612,1774630054964729088,right,ON,0.8,1.38
2026-03-27T16:47:34.980487+00:00,27.062207,1774630054980487217,470628,1774630054980758784,right,ON,0.8,1.38
2026-03-27T16:47:34.996921+00:00,27.078641,1774630054996921117,470644,1774630054996826880,right,ON,0.8,1.38
2026-03-27T16:47:35.013604+00:00,27.095324,1774630055013604417,470660,1774630055012913920,right,ON,0.8,1.38
2026-03-27T16:47:35.028751+00:00,27.110471,1774630055028751117,470676,1774630055028952576,right,ON,0.8,1.38
2026-03-27T16:47:35.045105+00:00,27.126825,1774630055045105517,470692,1774630055045018368,right,ON,0.8,1.38
2026-03-27T16:47:35.060679+00:00,27.142398,1774630055060678817,470708,1774630055061041920,right,ON,0.8,1.38
2026-03-27T16:47:35.077191+00:00,27.158911,1774630055077191317,470724,1774630055077101056,right,ON,0.8,1.38
2026-03-27T16:47:35.093575+00:00,27.175295,1774630055093575317,470740,1774630055093192704,right,ON,0.8,1.38
2026-03-27T16:47:35.108967+00:00,27.190686,1774630055108966617,470756,1774630055109220096,right,ON,0.8,1.38
2026-03-27T16:47:35.125255+00:00,27.206975,1774630055125255317,470772,1774630055125278720,right,ON,0.8,1.38
2026-03-27T16:47:35.140546+00:00,27.222265,1774630055140545517,470788,1774630055141270272,right,ON,0.8,1.38
2026-03-27T16:47:35.157417+00:00,27.239137,1774630055157417217,470804,1774630055157347072,right,ON,0.8,1.38
2026-03-27T16:47:35.173591+00:00,27.255310,1774630055173590917,470820,1774630055173422080,right,ON,0.8,1.38
2026-03-27T16:47:35.188978+00:00,27.270698,1774630055188978117,470836,1774630055189435904,right,ON,0.8,1.38
2026-03-27T16:47:35.205323+00:00,27.287042,1774630055205322917,470852,1774630055205474560,right,ON,0.9,1.47
2026-03-27T16:47:35.221864+00:00,27.303584,1774630055221864017,470868,1774630055221552384,right,ON,0.8,1.38
2026-03-27T16:47:35.237872+00:00,27.319591,1774630055237871817,470884,1774630055237613056,right,ON,0.9,1.47
2026-03-27T16:47:35.253766+00:00,27.335486,1774630055253766417,470900,1774630055253671936,right,ON,1.0,1.64
2026-03-27T16:47:35.269115+00:00,27.350835,1774630055269115017,470916,1774630055269672192,right,ON,1.1,1.73
2026-03-27T16:47:35.285528+00:00,27.367248,1774630055285528217,470932,1774630055285699840,right,ON,1.1,1.73
2026-03-27T16:47:35.301968+00:00,27.383687,1774630055301967617,470948,1774630055301768448,right,ON,1.1,1.73
2026-03-27T16:47:35.317290+00:00,27.399009,1774630055317289617,470964,1774630055317770240,right,ON,1.1,1.73
2026-03-27T16:47:35.333782+00:00,27.415502,1774630055333782617,470980,1774630055333809920,right,ON,1.1,1.73
2026-03-27T16:47:35.350337+00:00,27.432057,1774630055350337117,470996,1774630055349891584,right,ON,1.1,1.73
2026-03-27T16:47:35.365651+00:00,27.447370,1774630055365650917,471012,1774630055366022144,right,ON,1.1,1.73
2026-03-27T16:47:35.382061+00:00,27.463781,1774630055382061317,471028,1774630055382079488,right,ON,1.1,1.73
2026-03-27T16:47:35.397456+00:00,27.479175,1774630055397455617,471044,1774630055398093824,right,ON,1.1,1.82
2026-03-27T16:47:35.414029+00:00,27.495748,1774630055414028917,471060,1774630055414133760,right,ON,1.2,1.91
2026-03-27T16:47:35.430408+00:00,27.512128,1774630055430408317,471076,1774630055430212352,right,ON,1.2,2.0
2026-03-27T16:47:35.445870+00:00,27.527590,1774630055445870317,471092,1774630055446228224,right,ON,1.2,1.91
2026-03-27T16:47:35.462192+00:00,27.543912,1774630055462192117,471108,1774630055462269952,right,ON,1.2,2.0
2026-03-27T16:47:35.478866+00:00,27.560585,1774630055478865617,471124,1774630055478361344,right,ON,1.2,2.0
2026-03-27T16:47:35.494185+00:00,27.575905,1774630055494185417,471140,1774630055494390272,right,ON,1.2,1.91
2026-03-27T16:47:35.510548+00:00,27.592268,1774630055510548217,471156,1774630055510447872,right,ON,1.2,2.0
2026-03-27T16:47:35.525914+00:00,27.607634,1774630055525914417,471172,1774630055526443520,right,ON,1.2,2.0
2026-03-27T16:47:35.542502+00:00,27.624221,1774630055542501617,471188,1774630055542480384,right,ON,1.2,1.91
2026-03-27T16:47:35.558879+00:00,27.640599,1774630055558879117,471204,1774630055558555392,right,ON,1.2,2.0
2026-03-27T16:47:35.574306+00:00,27.656025,1774630055574305817,471220,1774630055574569472,right,ON,1.2,1.91
2026-03-27T16:47:35.590663+00:00,27.672383,1774630055590663317,471236,1774630055590690816,right,ON,1.2,2.0
2026-03-27T16:47:35.607256+00:00,27.688976,1774630055607256417,471252,1774630055606784000,right,ON,1.2,2.0
2026-03-27T16:47:35.622585+00:00,27.704305,1774630055622585217,471268,1774630055622814208,right,ON,1.2,2.0
2026-03-27T16:47:35.639009+00:00,27.720728,1774630055639008817,471284,1774630055638877440,right,ON,1.2,1.91
2026-03-27T16:47:35.654373+00:00,27.736092,1774630055654372517,471300,1774630055654878208,right,ON,1.1,1.82
2026-03-27T16:47:35.671017+00:00,27.752736,1774630055671016617,471316,1774630055670928128,right,ON,1.1,1.73
2026-03-27T16:47:35.687385+00:00,27.769104,1774630055687384517,471332,1774630055687006976,right,ON,1.1,1.82
2026-03-27T16:47:35.702776+00:00,27.784496,1774630055702776217,471348,1774630055703025408,right,ON,1.1,1.73
2026-03-27T16:47:35.719229+00:00,27.800948,1774630055719228317,471364,1774630055719076096,right,ON,1.1,1.73
2026-03-27T16:47:35.735677+00:00,27.817397,1774630055735677117,471380,1774630055735168768,right,ON,1.1,1.73
2026-03-27T16:47:35.751126+00:00,27.832846,1774630055751126017,471396,1774630055751201280,right,ON,1.0,1.64
2026-03-27T16:47:35.767458+00:00,27.849177,1774630055767457717,471412,1774630055767261696,right,ON,1.0,1.64
2026-03-27T16:47:35.783070+00:00,27.864790,1774630055783070017,471428,1774630055783278080,right,ON,1.2,2.0
2026-03-27T16:47:35.799438+00:00,27.881158,1774630055799438317,471444,1774630055799358208,right,ON,1.9,3.14
2026-03-27T16:47:35.815852+00:00,27.897572,1774630055815852117,471460,1774630055815443200,right,ON,2.9,4.81
2026-03-27T16:47:35.831195+00:00,27.912914,1774630055831194817,471476,1774630055831465984,right,ON,4.3,7.09
2026-03-27T16:47:35.847651+00:00,27.929370,1774630055847650917,471492,1774630055847517696,right,ON,6.1,9.99
2026-03-27T16:47:35.864023+00:00,27.945743,1774630055864023017,471508,1774630055863606784,right,ON,7.6,12.45
2026-03-27T16:47:35.879984+00:00,27.961703,1774630055879983517,471524,1774630055879675904,right,ON,8.0,13.16
2026-03-27T16:47:35.895996+00:00,27.977715,1774630055895995817,471540,1774630055895753472,right,ON,8.0,13.16
2026-03-27T16:47:35.911497+00:00,27.993217,1774630055911497017,471556,1774630055911764736,right,ON,7.9,13.07
2026-03-27T16:47:35.927938+00:00,28.009657,1774630055927937817,471572,1774630055927829504,right,ON,7.7,12.72
2026-03-27T16:47:35.944347+00:00,28.026066,1774630055944346817,471588,1774630055943922176,right,ON,7.3,12.01
2026-03-27T16:47:35.959702+00:00,28.041421,1774630055959701717,471604,1774630055959955968,right,ON,6.5,10.61
2026-03-27T16:47:35.976420+00:00,28.058140,1774630055976420417,471620,1774630055976028928,right,ON,5.4,8.85
2026-03-27T16:47:35.992519+00:00,28.074239,1774630055992519217,471636,1774630055992126208,right,OFF,4.7,7.8
