timestamp,time_seconds,timestamp_ns,tracker_head_x,tracker_head_y,tracker_head_z,tracker_head_qw,tracker_head_qx,tracker_head_qy,tracker_head_qz,tracker_left_x,tracker_left_y,tracker_left_z,tracker_left_qw,tracker_left_qx,tracker_left_qy,tracker_left_qz,tracker_right_x,tracker_right_y,tracker_right_z,tracker_right_qw,tracker_right_qx,tracker_right_qy,tracker_right_qz
2026-04-21T02:52:33.699569+00:00,-0.059250,1776739953699569200,0.105418,0.530436,-0.026977,0.236883,0.044501,0.871048,0.428167,0.412863,0.007557,-0.043952,-0.027664,0.609374,0.764160,0.208986,-0.038388,0.003705,0.018570,-0.071114,0.684210,-0.626154,-0.366527
2026-04-21T02:52:33.717507+00:00,-0.041313,1776739953717506500,0.106422,0.530575,-0.026989,0.237067,0.045790,0.871087,0.427980,0.413214,0.007368,-0.043968,-0.027559,0.609752,0.764216,0.208367,-0.036460,0.004898,0.019335,-0.080296,0.683324,-0.629986,-0.360320
2026-04-21T02:52:33.735521+00:00,-0.023299,1776739953735520400,0.107484,0.530711,-0.026830,0.237200,0.047024,0.870595,0.427961,0.413451,0.007202,-0.043911,-0.027414,0.610301,0.764197,0.208140,-0.034624,0.006064,0.020255,-0.088863,0.680492,-0.634060,-0.355856
2026-04-21T02:52:33.753833+00:00,-0.004987,1776739953753832700,0.108541,0.530865,-0.026661,0.237199,0.048117,0.870629,0.427832,0.413742,0.007118,-0.043705,-0.027218,0.610372,0.763653,0.208148,-0.032902,0.007190,0.021398,-0.093976,0.678505,-0.636988,-0.353097
2026-04-21T02:52:33.770131+00:00,0.011312,1776739953770131200,0.109625,0.530998,-0.026471,0.236833,0.049137,0.871136,0.427664,0.413839,0.006998,-0.043462,-0.026945,0.610362,0.763664,0.208127,-0.031516,0.008042,0.022572,-0.095134,0.677740,-0.637858,-0.352906
2026-04-21T02:52:33.787085+00:00,0.028266,1776739953787085400,0.110629,0.531188,-0.026256,0.236468,0.050121,0.871084,0.427507,0.413976,0.006890,-0.043203,-0.026709,0.610064,0.763999,0.208240,-0.030228,0.008753,0.023955,-0.093816,0.678116,-0.637138,-0.354728
2026-04-21T02:52:33.804128+00:00,0.045309,1776739953804128500,0.111596,0.531366,-0.026013,0.236328,0.050879,0.871096,0.426997,0.414118,0.006813,-0.042932,-0.026497,0.609359,0.764662,0.208252,-0.029035,0.009476,0.025486,-0.090677,0.678568,-0.635478,-0.357437
2026-04-21T02:52:33.821487+00:00,0.062668,1776739953821487100,0.112546,0.531531,-0.025779,0.236477,0.051442,0.871596,0.426464,0.414177,0.006774,-0.042646,-0.026177,0.609029,0.764540,0.208218,-0.027952,0.010210,0.026843,-0.088710,0.679524,-0.634320,-0.357864
2026-04-21T02:52:33.838237+00:00,0.079418,1776739953838237000,0.113365,0.531700,-0.025550,0.236895,0.052000,0.871585,0.425965,0.414299,0.006685,-0.042362,-0.025797,0.608614,0.764856,0.208317,-0.026916,0.011254,0.027709,-0.088020,0.680648,-0.634269,-0.355512
2026-04-21T02:52:33.855333+00:00,0.096514,1776739953855333400,0.114100,0.531829,-0.025323,0.237585,0.052587,0.871550,0.425742,0.414279,0.006555,-0.042040,-0.025379,0.608518,0.765547,0.208545,-0.025989,0.012325,0.028509,-0.087336,0.681643,-0.635259,-0.352526
2026-04-21T02:52:33.872258+00:00,0.113438,1776739953872257700,0.114787,0.531916,-0.025072,0.238387,0.053256,0.871019,0.425784,0.414372,0.006419,-0.041747,-0.025072,0.608062,0.765844,0.208825,-0.025022,0.013546,0.029197,-0.085847,0.681867,-0.636275,-0.350466
2026-04-21T02:52:33.889359+00:00,0.130540,1776739953889358900,0.115477,0.531957,-0.024759,0.239124,0.053949,0.871021,0.425770,0.414340,0.006287,-0.041454,-0.024968,0.607473,0.766077,0.208967,-0.024262,0.014594,0.030112,-0.081989,0.682846,-0.636010,-0.350192
2026-04-21T02:52:33.907776+00:00,0.148956,1776739953907775800,0.116293,0.531973,-0.024304,0.239543,0.054876,0.871026,0.425772,0.414396,0.006119,-0.041194,-0.024780,0.606997,0.766416,0.209129,-0.023594,0.015872,0.031029,-0.076977,0.683581,-0.635145,-0.351325
2026-04-21T02:52:33.923463+00:00,0.164644,1776739953923462900,0.116958,0.531999,-0.023846,0.239625,0.055828,0.870607,0.425785,0.414365,0.005969,-0.040976,-0.024556,0.606458,0.766593,0.209346,-0.023107,0.016833,0.031737,-0.073202,0.683276,-0.636332,-0.350863
2026-04-21T02:52:33.940488+00:00,0.181668,1776739953940487700,0.117711,0.531992,-0.023253,0.239501,0.056746,0.870605,0.425781,0.414336,0.005790,-0.040760,-0.024417,0.605769,0.766892,0.209569,-0.022671,0.018251,0.032111,-0.071459,0.681912,-0.638609,-0.348846
2026-04-21T02:52:33.960603+00:00,0.201783,1776739953960602800,0.118515,0.531923,-0.022538,0.239408,0.057702,0.870568,0.425833,0.414308,0.005573,-0.040545,-0.024308,0.605300,0.767688,0.209926,-0.022343,0.019862,0.032373,-0.071345,0.679762,-0.643409,-0.345097
2026-04-21T02:52:33.976019+00:00,0.217199,1776739953976018700,0.119204,0.531910,-0.021871,0.239060,0.058460,0.870558,0.426142,0.414217,0.005396,-0.040343,-0.024270,0.604382,0.767953,0.210440,-0.022024,0.021449,0.032522,-0.071204,0.676973,-0.648516,-0.340776
2026-04-21T02:52:33.993076+00:00,0.234257,1776739953993076200,0.119872,0.531803,-0.021159,0.238623,0.059034,0.870047,0.426960,0.414068,0.005216,-0.040156,-0.024514,0.603653,0.768465,0.210878,-0.022110,0.023191,0.032446,-0.068241,0.674519,-0.654091,-0.336209
2026-04-21T02:52:34.010103+00:00,0.251284,1776739954010103000,0.120514,0.531518,-0.020404,0.238034,0.059546,0.870032,0.427775,0.413996,0.005065,-0.039965,-0.024788,0.602560,0.769130,0.211200,-0.023028,0.024886,0.031956,-0.062579,0.672776,-0.658574,-0.332259
2026-04-21T02:52:34.027126+00:00,0.268306,1776739954027125800,0.121057,0.531214,-0.019633,0.237322,0.060043,0.869637,0.428443,0.413863,0.004974,-0.039826,-0.024921,0.601437,0.769708,0.211158,-0.024392,0.026226,0.031288,-0.054980,0.670928,-0.662311,-0.329309
2026-04-21T02:52:34.044258+00:00,0.285439,1776739954044258300,0.121525,0.530901,-0.018869,0.237067,0.060383,0.869502,0.429009,0.413839,0.004854,-0.039658,-0.024849,0.600677,0.770360,0.210952,-0.026132,0.027727,0.030488,-0.046064,0.668184,-0.665835,-0.329271
2026-04-21T02:52:34.061197+00:00,0.302377,1776739954061196600,0.121744,0.530675,-0.018233,0.237612,0.060451,0.869116,0.429215,0.413736,0.004741,-0.039514,-0.024791,0.600509,0.771065,0.210784,-0.028215,0.029019,0.029763,0.036498,-0.664071,0.669061,0.331415
2026-04-21T02:52:34.078264+00:00,0.319445,1776739954078264000,0.121913,0.530425,-0.017583,0.238435,0.060398,0.869078,0.429485,0.413669,0.004677,-0.039352,-0.024690,0.599501,0.771586,0.210511,-0.030635,0.030278,0.028651,0.026664,-0.659832,0.672250,0.334586
2026-04-21T02:52:34.095316+00:00,0.336497,1776739954095316600,0.121986,0.530153,-0.016920,0.239336,0.060598,0.868502,0.430116,0.413549,0.004588,-0.039165,-0.024469,0.599242,0.772349,0.210268,-0.033257,0.031091,0.027429,0.017047,-0.657285,0.674693,0.336037
2026-04-21T02:52:34.112295+00:00,0.353476,1776739954112295300,0.122025,0.529859,-0.016297,0.240172,0.060714,0.867522,0.431115,0.413482,0.004541,-0.038896,-0.024235,0.598719,0.772386,0.209988,-0.035902,0.031734,0.025930,0.012332,-0.656687,0.678026,0.330196
2026-04-21T02:52:34.129371+00:00,0.370552,1776739954129371100,0.122057,0.529588,-0.015551,0.240779,0.060647,0.867064,0.431548,0.413369,0.004424,-0.038605,-0.024074,0.598188,0.772919,0.209945,-0.038229,0.032562,0.024514,0.014889,-0.657782,0.681046,0.321790
2026-04-21T02:52:34.146430+00:00,0.387611,1776739954146430300,0.122139,0.529351,-0.014713,0.241051,0.060804,0.867135,0.431934,0.413285,0.004258,-0.038224,-0.024003,0.597667,0.773433,0.210315,-0.040507,0.033518,0.023154,0.020463,-0.657599,0.684566,0.314725
2026-04-21T02:52:34.163375+00:00,0.404556,1776739954163375300,0.122218,0.529152,-0.013767,0.240858,0.061175,0.867197,0.431905,0.413114,0.004065,-0.037778,-0.023981,0.597331,0.773424,0.210905,-0.042713,0.034444,0.021784,0.027215,-0.655949,0.687496,0.309849
2026-04-21T02:52:34.180394+00:00,0.421575,1776739954180394300,0.122363,0.528887,-0.012716,0.240110,0.061248,0.867196,0.432069,0.413066,0.003840,-0.037265,-0.024201,0.596753,0.773470,0.211729,-0.044769,0.035146,0.020530,0.029190,-0.655631,0.689729,0.305902
2026-04-21T02:52:34.201121+00:00,0.442302,1776739954201120900,0.122619,0.528354,-0.011466,0.238397,0.061031,0.867135,0.433349,0.412947,0.003516,-0.036601,-0.024637,0.596629,0.773404,0.212654,-0.047008,0.035517,0.019483,0.025022,-0.656833,0.690961,0.301737
2026-04-21T02:52:34.217496+00:00,0.458677,1776739954217495900,0.123086,0.527692,-0.010292,0.235199,0.060344,0.867260,0.434822,0.412821,0.003355,-0.036190,-0.024758,0.596592,0.773110,0.213276,-0.048624,0.035726,0.018844,0.020315,-0.656968,0.691076,0.300232
2026-04-21T02:52:34.234445+00:00,0.475626,1776739954234445400,0.123916,0.526917,-0.008867,0.230208,0.060101,0.867387,0.436514,0.412748,0.003068,-0.035593,-0.024607,0.596669,0.772968,0.213828,-0.049964,0.035798,0.018264,0.017295,-0.656156,0.692490,0.299805
2026-04-21T02:52:34.251731+00:00,0.492912,1776739954251731400,0.125087,0.526005,-0.007364,0.223695,0.059655,0.868661,0.438491,0.412460,0.002566,-0.034784,-0.024475,0.597170,0.772577,0.214549,-0.051088,0.035967,0.017654,0.016508,-0.654286,0.693964,0.299870
2026-04-21T02:52:34.268911+00:00,0.510092,1776739954268911200,0.126387,0.525231,-0.005695,0.217247,0.058941,0.869231,0.439786,0.412229,0.002164,-0.033963,-0.024596,0.596783,0.772511,0.215607,-0.052015,0.036153,0.017022,0.016659,-0.651714,0.695580,0.301026
2026-04-21T02:52:34.285947+00:00,0.527128,1776739954285947100,0.127788,0.524476,-0.003984,0.210827,0.058533,0.870725,0.440485,0.412020,0.001907,-0.033115,-0.024797,0.596825,0.771968,0.216904,-0.052769,0.036320,0.016356,0.015910,-0.649588,0.697167,0.303072
2026-04-21T02:52:34.303128+00:00,0.544309,1776739954303128300,0.129439,0.523717,-0.002087,0.203763,0.058396,0.871800,0.441282,0.411730,0.001698,-0.032309,-0.024825,0.596353,0.772431,0.218290,-0.053409,0.036354,0.015651,0.013958,-0.646442,0.699248,0.305200
2026-04-21T02:52:34.320036+00:00,0.561216,1776739954320035700,0.131259,0.522810,-0.000150,0.195789,0.059097,0.873289,0.442454,0.411473,0.001624,-0.031526,-0.024677,0.595345,0.772415,0.219530,-0.053964,0.036432,0.014926,0.011704,-0.644015,0.700881,0.306388
2026-04-21T02:52:34.337215+00:00,0.578396,1776739954337215500,0.133342,0.521687,0.001913,0.187144,0.060305,0.874244,0.444203,0.411054,0.001610,-0.030855,-0.024331,0.594806,0.772422,0.220496,-0.054390,0.036443,0.014021,0.009032,-0.641746,0.702561,0.306827
2026-04-21T02:52:34.354166+00:00,0.595347,1776739954354165900,0.135338,0.520489,0.003899,0.178830,0.061306,0.874702,0.446325,0.410731,0.001643,-0.030318,-0.023648,0.594269,0.772931,0.221168,-0.054627,0.036439,0.013195,0.006364,-0.640093,0.704168,0.307156
2026-04-21T02:52:34.371121+00:00,0.612301,1776739954371120600,0.137400,0.519195,0.005910,0.171226,0.062014,0.875172,0.448371,0.410316,0.001925,-0.029943,-0.022268,0.593280,0.773425,0.221549,-0.054771,0.036313,0.012320,0.004061,-0.638516,0.705739,0.306915
2026-04-21T02:52:34.388178+00:00,0.629359,1776739954388177900,0.139450,0.517799,0.007885,0.163419,0.062759,0.875495,0.450480,0.409934,0.002312,-0.029660,-0.020344,0.592595,0.774151,0.221819,-0.054806,0.036087,0.011557,0.002696,-0.637034,0.707207,0.306705
2026-04-21T02:52:34.405218+00:00,0.646398,1776739954405217500,0.141641,0.516290,0.009911,0.155039,0.063758,0.875489,0.452870,0.409531,0.002794,-0.029545,-0.018430,0.592075,0.774646,0.221784,-0.054774,0.035808,0.010839,0.002413,-0.635436,0.708794,0.306214
2026-04-21T02:52:34.424927+00:00,0.666107,1776739954424926600,0.143917,0.514597,0.011947,0.145822,0.064980,0.875362,0.456168,0.409126,0.003312,-0.029577,-0.016760,0.591092,0.775588,0.221474,-0.054579,0.035363,0.010197,0.002802,-0.634194,0.710042,0.306015
2026-04-21T02:52:34.439921+00:00,0.681102,1776739954439920900,0.145994,0.512900,0.013717,0.138157,0.065421,0.874892,0.459287,0.408650,0.003744,-0.029528,-0.015625,0.590503,0.776224,0.221223,-0.054389,0.034813,0.009829,0.003090,-0.633574,0.710071,0.306681
2026-04-21T02:52:34.456910+00:00,0.698091,1776739954456910300,0.148097,0.511141,0.015561,0.130894,0.065724,0.874378,0.462073,0.408263,0.004122,-0.029720,-0.014818,0.589477,0.776773,0.221152,-0.054136,0.033997,0.009610,0.003450,-0.634470,0.708404,0.309135
2026-04-21T02:52:34.473987+00:00,0.715168,1776739954473987000,0.150242,0.509462,0.017355,0.123889,0.066477,0.874357,0.464841,0.407872,0.004381,-0.030001,-0.014542,0.588919,0.777313,0.221529,-0.053883,0.033020,0.009562,0.004047,-0.635117,0.706218,0.312778
2026-04-21T02:52:34.491198+00:00,0.732379,1776739954491198100,0.152316,0.507871,0.019014,0.116766,0.067846,0.873574,0.467362,0.407512,0.004568,-0.030287,-0.014642,0.588237,0.777621,0.222007,-0.053574,0.032065,0.009884,0.005161,-0.635674,0.704015,0.316635
2026-04-21T02:52:34.508107+00:00,0.749288,1776739954508107500,0.154369,0.506360,0.020669,0.110343,0.069024,0.873013,0.469855,0.407259,0.004676,-0.030629,-0.015216,0.587292,0.778069,0.222323,-0.053207,0.031040,0.010329,0.006787,-0.635697,0.702420,0.319812
2026-04-21T02:52:34.525139+00:00,0.766319,1776739954525138600,0.156243,0.504963,0.022126,0.104671,0.069867,0.872526,0.472290,0.406983,0.004760,-0.031064,-0.016139,0.586256,0.778576,0.222536,-0.052789,0.030072,0.010871,0.008210,-0.636192,0.700929,0.323034
2026-04-21T02:52:34.542163+00:00,0.783344,1776739954542163000,0.158070,0.503773,0.023651,0.099750,0.070512,0.872024,0.473832,0.406790,0.004818,-0.031613,-0.017186,0.585631,0.779149,0.222476,-0.052382,0.029029,0.011468,0.009401,-0.636196,0.698864,0.326201
2026-04-21T02:52:34.559227+00:00,0.800408,1776739954559226900,0.159802,0.502709,0.025035,0.095050,0.071266,0.871519,0.475370,0.406624,0.004842,-0.032239,-0.018403,0.585015,0.779734,0.222228,-0.051917,0.028037,0.012214,0.010783,-0.636721,0.697253,0.329367
2026-04-21T02:52:34.576711+00:00,0.817891,1776739954576710800,0.161751,0.501657,0.026494,0.090170,0.072180,0.871330,0.476875,0.406524,0.004843,-0.032930,-0.019690,0.584948,0.779791,0.221951,-0.051349,0.026933,0.013222,0.012776,-0.636701,0.695135,0.332917
2026-04-21T02:52:34.593330+00:00,0.834510,1776739954593329800,0.163676,0.500588,0.027733,0.085145,0.073462,0.870952,0.478277,0.406480,0.004826,-0.033603,-0.020760,0.585383,0.779835,0.221811,-0.050674,0.025884,0.014504,0.015110,-0.636657,0.693677,0.337127
2026-04-21T02:52:34.610354+00:00,0.851535,1776739954610354200,0.165780,0.499595,0.029040,0.080065,0.074709,0.870410,0.479860,0.406458,0.004823,-0.034320,-0.021575,0.585894,0.779331,0.221803,-0.049876,0.024654,0.016033,0.017631,-0.635614,0.691911,0.342358
2026-04-21T02:52:34.633207+00:00,0.874388,1776739954633207100,0.168585,0.498287,0.030615,0.073681,0.076440,0.869728,0.481842,0.406543,0.004787,-0.035310,-0.022937,0.587256,0.778060,0.221645,-0.048606,0.022943,0.018615,0.022133,-0.633852,0.689623,0.349820
2026-04-21T02:52:34.648647+00:00,0.889827,1776739954648646700,0.170708,0.497451,0.031741,0.069343,0.077730,0.869511,0.482773,0.406684,0.004739,-0.036080,-0.024694,0.588222,0.777451,0.221258,-0.047444,0.021492,0.020911,0.026114,-0.630993,0.688929,0.355648
2026-04-21T02:52:34.665624+00:00,0.906805,1776739954665624200,0.172975,0.496595,0.032832,0.064800,0.079139,0.869029,0.483740,0.406888,0.004728,-0.036910,-0.026613,0.589711,0.776457,0.220645,-0.046082,0.019769,0.023678,0.030314,-0.626709,0.689385,0.362080
2026-04-21T02:52:34.682733+00:00,0.923913,1776739954682732800,0.175393,0.495807,0.033928,0.060149,0.080700,0.869014,0.484743,0.407200,0.004713,-0.037806,-0.028092,0.590704,0.775742,0.219913,-0.044500,0.017438,0.027327,0.035723,-0.621527,0.689109,0.370378
2026-04-21T02:52:34.700216+00:00,0.941397,1776739954700216000,0.177838,0.495049,0.034934,0.055413,0.082278,0.868652,0.485597,0.407526,0.004733,-0.038760,-0.028754,0.591872,0.775101,0.219060,-0.042723,0.014663,0.031881,0.044392,-0.616091,0.688257,0.379907
2026-04-21T02:52:34.717127+00:00,0.958308,1776739954717127400,0.180250,0.494362,0.035820,0.051049,0.083634,0.868146,0.486374,0.407934,0.004779,-0.039737,-0.029084,0.593047,0.774443,0.217913,-0.040857,0.011462,0.036875,0.053676,-0.611695,0.686657,0.389221
2026-04-21T02:52:34.734169+00:00,0.975350,1776739954734169700,0.182722,0.493735,0.036675,0.046912,0.084880,0.868136,0.486889,0.408313,0.004824,-0.040749,-0.029537,0.593719,0.774814,0.216617,-0.039009,0.007800,0.042247,0.064719,-0.607718,0.685641,0.395077
2026-04-21T02:52:34.751200+00:00,0.992381,1776739954751200100,0.185246,0.493197,0.037396,0.042845,0.086351,0.867649,0.487369,0.408743,0.004946,-0.041791,-0.030278,0.593318,0.774786,0.215141,-0.036858,0.003490,0.047908,0.079973,-0.604041,0.684582,0.399858
2026-04-21T02:52:34.768226+00:00,1.009407,1776739954768226300,0.187822,0.492725,0.038104,0.038825,0.087946,0.867656,0.487592,0.409148,0.004997,-0.042789,-0.031325,0.593329,0.775306,0.214016,-0.034656,-0.001106,0.053641,0.098534,-0.599551,0.682978,0.405058
2026-04-21T02:52:34.785267+00:00,1.026448,1776739954785266900,0.190429,0.492318,0.038704,0.034953,0.089656,0.867637,0.487609,0.409694,0.005007,-0.043757,-0.032601,0.592595,0.776068,0.213234,-0.032256,-0.006434,0.059701,0.116047,-0.593287,0.680611,0.413349
2026-04-21T02:52:34.803898+00:00,1.045079,1776739954803898400,0.193271,0.491938,0.039173,0.030904,0.091490,0.867581,0.487925,0.410202,0.005042,-0.044723,-0.034275,0.592063,0.776618,0.212774,-0.029834,-0.012457,0.066189,0.131402,-0.585101,0.677345,0.426082
2026-04-21T02:52:34.819840+00:00,1.061021,1776739954819840600,0.195783,0.491620,0.039543,0.027317,0.093211,0.867078,0.488415,0.410844,0.005050,-0.045614,-0.035842,0.591466,0.777184,0.212292,-0.027615,-0.018278,0.072185,0.143929,-0.576460,0.674409,0.438373
2026-04-21T02:52:34.836917+00:00,1.078097,1776739954836916800,0.198456,0.491314,0.039788,0.023943,0.094731,0.867178,0.488530,0.411493,0.005021,-0.046507,-0.037358,0.591331,0.777286,0.211667,-0.025397,-0.024404,0.078115,0.156651,-0.568351,0.671333,0.449315
2026-04-21T02:52:34.857108+00:00,1.098289,1776739954857108000,0.201470,0.491046,0.040135,0.020311,0.096433,0.867176,0.488426,0.412493,0.004755,-0.047593,-0.039135,0.591312,0.777367,0.210983,-0.022675,-0.032212,0.085387,0.168176,-0.560244,0.666339,0.462456
2026-04-21T02:52:34.873996+00:00,1.115177,1776739954873996500,0.204034,0.490919,0.040454,0.017629,0.098060,0.867240,0.487854,0.413313,0.004441,-0.048432,-0.040550,0.591509,0.777576,0.210419,-0.020511,-0.038794,0.091382,0.175053,-0.554498,0.660611,0.474457
2026-04-21T02:52:34.890962+00:00,1.132143,1776739954890962500,0.206638,0.490791,0.040727,0.014709,0.099790,0.867191,0.487318,0.414286,0.004085,-0.049246,-0.041847,0.591910,0.777176,0.210205,-0.018259,-0.045269,0.097255,0.181450,-0.549968,0.655628,0.484230
2026-04-21T02:52:34.908015+00:00,1.149195,1776739954908014500,0.209204,0.490547,0.040995,0.011667,0.101549,0.867190,0.487303,0.415352,0.003753,-0.050039,-0.043215,0.592897,0.776168,0.210287,-0.015867,-0.051420,0.102804,0.187190,-0.545330,0.652692,0.491036
2026-04-21T02:52:34.924832+00:00,1.166012,1776739954924831700,0.211773,0.490313,0.041230,0.008642,0.103098,0.866686,0.487560,0.416422,0.003458,-0.050835,-0.044606,0.593397,0.775639,0.210037,-0.013360,-0.057303,0.107991,0.191147,-0.540316,0.651019,0.497716
2026-04-21T02:52:34.941981+00:00,1.183162,1776739954941981200,0.214277,0.490002,0.041405,0.005700,0.104461,0.866675,0.487808,0.417560,0.003183,-0.051724,-0.045962,0.594445,0.775084,0.209449,-0.010562,-0.063542,0.113578,0.196792,-0.532574,0.650030,0.505096
2026-04-21T02:52:34.959007+00:00,1.200188,1776739954959007300,0.216787,0.489786,0.041550,0.002958,0.105613,0.866679,0.487788,0.418678,0.002937,-0.052635,-0.047228,0.595026,0.774529,0.208804,-0.007481,-0.070079,0.119522,0.205397,-0.522867,0.648255,0.514086
2026-04-21T02:52:34.976061+00:00,1.217242,1776739954976061500,0.219147,0.489560,0.041680,0.000418,0.106713,0.866684,0.487763,0.419742,0.002677,-0.053508,-0.048444,0.596082,0.773995,0.207993,-0.004385,-0.076556,0.125595,0.213053,-0.513921,0.645565,0.523293
2026-04-21T02:52:34.993237+00:00,1.234418,1776739954993237400,0.221641,0.489416,0.041790,-0.002002,0.107790,0.866184,0.487512,0.420889,0.002454,-0.054411,-0.049809,0.596638,0.773466,0.207447,-0.001533,-0.082761,0.131131,0.218586,-0.507678,0.643408,0.529823
2026-04-21T02:52:35.011679+00:00,1.252860,1776739955011679100,0.224155,0.489224,0.041913,-0.004519,0.109196,0.866197,0.487428,0.421989,0.002203,-0.055314,-0.051503,0.597043,0.773512,0.206935,0.001308,-0.088672,0.136450,0.224410,-0.501349,0.642225,0.534329
2026-04-21T02:52:35.027713+00:00,1.268894,1776739955027713000,0.226557,0.489091,0.042000,-0.006816,0.110546,0.866197,0.487176,0.422959,0.002024,-0.056139,-0.053001,0.597075,0.773483,0.206461,0.003703,-0.093675,0.140806,0.230331,-0.496172,0.641429,0.537585
2026-04-21T02:52:35.044755+00:00,1.285935,1776739955044754700,0.229046,0.488936,0.042067,-0.009265,0.112033,0.866206,0.487060,0.424017,0.001875,-0.057032,-0.054564,0.597565,0.772997,0.205807,0.006213,-0.098711,0.145506,0.236653,-0.489683,0.639923,0.542702
2026-04-21T02:52:35.064837+00:00,1.306018,1776739955064837100,0.231873,0.488731,0.042128,-0.012246,0.113659,0.866023,0.487122,0.425293,0.001741,-0.058085,-0.056342,0.597740,0.772907,0.204983,0.008990,-0.104085,0.150640,0.244649,-0.481671,0.638092,0.548772
2026-04-21T02:52:35.080771+00:00,1.321952,1776739955080771300,0.234126,0.488593,0.042195,-0.014879,0.114845,0.865646,0.487093,0.426232,0.001611,-0.058860,-0.057776,0.598094,0.772973,0.204358,0.011092,-0.107742,0.154441,0.250914,-0.475633,0.638275,0.551206
2026-04-21T02:52:35.097978+00:00,1.339159,1776739955097978100,0.236722,0.488449,0.042281,-0.017836,0.116071,0.865247,0.487085,0.427250,0.001581,-0.059798,-0.059322,0.598119,0.772954,0.203464,0.013087,-0.110816,0.157873,0.255716,-0.470037,0.639266,0.552396
2026-04-21T02:52:35.114961+00:00,1.356142,1776739955114961200,0.239143,0.488368,0.042426,-0.020643,0.117151,0.865211,0.486947,0.428271,0.001511,-0.060805,-0.060682,0.598473,0.772933,0.202274,0.014909,-0.113244,0.160934,0.259181,-0.465027,0.640085,0.553674
2026-04-21T02:52:35.132151+00:00,1.373332,1776739955132151400,0.241778,0.488236,0.042592,-0.023302,0.118301,0.865233,0.486569,0.429311,0.001541,-0.061948,-0.062079,0.598994,0.772915,0.200755,0.016622,-0.115597,0.163856,0.262803,-0.460449,0.639846,0.556103
2026-04-21T02:52:35.149236+00:00,1.390416,1776739955149235700,0.244287,0.488176,0.042767,-0.025906,0.119688,0.865223,0.486307,0.430262,0.001683,-0.063115,-0.063427,0.599170,0.772958,0.198974,0.018216,-0.117665,0.166628,0.266780,-0.455906,0.638463,0.560019
2026-04-21T02:52:35.165930+00:00,1.407110,1776739955165929700,0.246768,0.488114,0.042930,-0.028385,0.121166,0.865222,0.486039,0.431139,0.001823,-0.064280,-0.064863,0.599481,0.772970,0.197375,0.019565,-0.119541,0.169131,0.270670,-0.451767,0.636354,0.563213
2026-04-21T02:52:35.182730+00:00,1.423910,1776739955182729700,0.249279,0.488113,0.043098,-0.030847,0.122652,0.864742,0.485748,0.432145,0.001929,-0.065429,-0.066416,0.600005,0.772975,0.196004,0.020913,-0.120905,0.171310,0.274392,-0.447597,0.635165,0.566405
2026-04-21T02:52:35.199597+00:00,1.440778,1776739955199597300,0.251737,0.488098,0.043277,-0.033347,0.124206,0.864741,0.485227,0.433052,0.002024,-0.066544,-0.068009,0.600050,0.772475,0.194915,0.022216,-0.121921,0.173075,0.277215,-0.442917,0.635768,0.568429
2026-04-21T02:52:35.216641+00:00,1.457822,1776739955216641200,0.254146,0.488090,0.043523,-0.035960,0.125853,0.864728,0.484710,0.434048,0.002026,-0.067629,-0.069868,0.600570,0.772465,0.193854,0.023494,-0.122615,0.174632,0.280057,-0.437559,0.636817,0.569977
2026-04-21T02:52:35.233938+00:00,1.475119,1776739955233938000,0.256772,0.488080,0.043686,-0.038729,0.127514,0.864721,0.484201,0.434962,0.002021,-0.068733,-0.071988,0.600579,0.772462,0.192845,0.024689,-0.123428,0.176016,0.282234,-0.432292,0.637242,0.572214
2026-04-21T02:52:35.250734+00:00,1.491914,1776739955250733700,0.259137,0.488075,0.043930,-0.041328,0.129285,0.864728,0.483624,0.435932,0.001930,-0.069743,-0.074199,0.600582,0.772464,0.191926,0.025780,-0.124291,0.177031,0.283523,-0.427205,0.637000,0.575680
2026-04-21T02:52:35.267708+00:00,1.508889,1776739955267708400,0.261651,0.488048,0.044115,-0.043846,0.130932,0.864747,0.482928,0.436852,0.001633,-0.070710,-0.076370,0.600994,0.772544,0.191222,0.026784,-0.125689,0.178095,0.285588,-0.422893,0.637073,0.577901
2026-04-21T02:52:35.288556+00:00,1.529737,1776739955288556000,0.264420,0.488032,0.044392,-0.046886,0.133120,0.864654,0.482308,0.438037,0.001105,-0.071779,-0.079001,0.601143,0.772392,0.190351,0.027710,-0.125367,0.178591,0.284663,-0.419997,0.640516,0.576661
2026-04-21T02:52:35.303721+00:00,1.544902,1776739955303720900,0.266824,0.488009,0.044531,-0.049626,0.135093,0.864177,0.482132,0.438919,0.000624,-0.072594,-0.081147,0.601482,0.772055,0.189840,0.028542,-0.125723,0.179331,0.286489,-0.415159,0.642607,0.577031
2026-04-21T02:52:35.320938+00:00,1.562119,1776739955320937900,0.269291,0.487987,0.044639,-0.052834,0.137073,0.863639,0.481894,0.439952,0.000065,-0.073422,-0.083433,0.601485,0.771553,0.189190,0.029243,-0.125343,0.179788,0.286115,-0.409631,0.645852,0.577100
2026-04-21T02:52:35.337902+00:00,1.579083,1776739955337902300,0.271738,0.487963,0.044588,-0.056142,0.138933,0.863639,0.481851,0.440897,-0.000532,-0.074203,-0.085546,0.602002,0.771040,0.188519,0.029695,-0.125306,0.180376,0.284324,-0.406365,0.647298,0.578721
2026-04-21T02:52:35.354954+00:00,1.596135,1776739955354954300,0.274354,0.487764,0.044723,-0.059427,0.140559,0.863288,0.481226,0.441938,-0.001164,-0.074924,-0.087534,0.603080,0.770388,0.187903,0.029839,-0.125171,0.180612,0.283043,-0.405019,0.648200,0.579526
2026-04-21T02:52:35.371771+00:00,1.612952,1776739955371771000,0.276719,0.487721,0.044800,-0.062518,0.141976,0.863281,0.480708,0.442895,-0.001798,-0.075569,-0.089366,0.604030,0.769425,0.187339,0.029282,-0.124985,0.181020,0.280106,-0.405601,0.646644,0.582035
2026-04-21T02:52:35.388760+00:00,1.629941,1776739955388760400,0.279230,0.487743,0.044828,-0.065584,0.143430,0.863288,0.479660,0.443954,-0.002460,-0.076152,-0.091166,0.605094,0.768870,0.186656,0.027990,-0.125243,0.181149,0.275626,-0.410161,0.642953,0.585437
2026-04-21T02:52:35.405958+00:00,1.647138,1776739955405957800,0.281667,0.487880,0.044833,-0.068609,0.145240,0.863349,0.478541,0.444943,-0.003049,-0.076639,-0.092933,0.605685,0.767816,0.185951,0.026399,-0.125773,0.181268,0.275538,-0.415008,0.639824,0.585010
2026-04-21T02:52:35.422674+00:00,1.663855,1776739955422674100,0.284140,0.487969,0.044823,-0.071431,0.146951,0.863303,0.477374,0.445980,-0.003631,-0.077061,-0.094564,0.606735,0.767268,0.185423,0.024676,-0.126330,0.181280,0.277620,-0.419521,0.636986,0.583852
2026-04-21T02:52:35.440509+00:00,1.681690,1776739955440509300,0.286660,0.488223,0.044856,-0.074404,0.148530,0.863816,0.475958,0.447004,-0.004118,-0.077494,-0.096350,0.607319,0.766216,0.185021,0.022517,-0.125219,0.181027,0.276360,-0.427778,0.634745,0.581255
2026-04-21T02:52:35.457282+00:00,1.698463,1776739955457282300,0.289186,0.488438,0.044892,-0.077441,0.149987,0.863808,0.474740,0.448036,-0.004490,-0.077838,-0.097991,0.607878,0.766152,0.184507,0.020147,-0.122466,0.180465,0.271391,-0.440020,0.633691,0.575540
2026-04-21T02:52:35.474288+00:00,1.715468,1776739955474287500,0.291672,0.488633,0.044951,-0.080731,0.151595,0.863781,0.473707,0.448975,-0.004673,-0.078203,-0.099639,0.607909,0.765630,0.183993,0.017552,-0.117582,0.179525,0.263995,-0.456799,0.634029,0.565484
2026-04-21T02:52:35.497105+00:00,1.738285,1776739955497104600,0.295110,0.488878,0.045172,-0.085478,0.153955,0.863794,0.471930,0.450258,-0.004739,-0.078834,-0.101731,0.607886,0.765650,0.183030,0.014168,-0.107911,0.178073,0.250340,-0.484425,0.635423,0.546744
2026-04-21T02:52:35.513324+00:00,1.754505,1776739955513324000,0.297529,0.488981,0.045363,-0.088807,0.155734,0.863811,0.470621,0.451067,-0.004814,-0.079419,-0.103088,0.607932,0.766077,0.181825,0.012216,-0.099565,0.177146,0.238508,-0.504637,0.637198,0.531380
2026-04-21T02:52:35.530432+00:00,1.771613,1776739955530431900,0.299977,0.489019,0.045564,-0.091971,0.157434,0.863784,0.469558,0.451901,-0.004831,-0.080180,-0.104481,0.607504,0.766463,0.180505,0.011218,-0.089260,0.176856,0.225492,-0.524642,0.639717,0.514308
2026-04-21T02:52:35.547523+00:00,1.788703,1776739955547522700,0.302170,0.489025,0.045854,-0.095005,0.159482,0.863648,0.468631,0.452727,-0.004725,-0.081033,-0.106120,0.607407,0.766564,0.178916,0.010828,-0.078510,0.176970,0.210301,-0.542652,0.642978,0.497563
2026-04-21T02:52:35.564674+00:00,1.805855,1776739955564674300,0.304403,0.489032,0.045991,-0.097882,0.161368,0.863259,0.468229,0.453521,-0.004664,-0.081947,-0.107985,0.607788,0.766675,0.177383,0.011508,-0.067400,0.178163,0.192516,-0.558486,0.646069,0.483170
2026-04-21T02:52:35.581819+00:00,1.823000,1776739955581819100,0.306224,0.489031,0.046191,-0.100410,0.163030,0.862761,0.467700,0.454275,-0.004606,-0.082860,-0.109756,0.608167,0.766288,0.176071,0.013484,-0.056490,0.180505,0.172908,-0.571204,0.649536,0.470833
2026-04-21T02:52:35.598554+00:00,1.839735,1776739955598554400,0.308042,0.488967,0.046244,-0.102772,0.164194,0.862769,0.466975,0.455003,-0.004635,-0.083776,-0.111503,0.608622,0.765842,0.174850,0.016502,-0.046024,0.183899,0.154781,-0.580322,0.653651,0.460534
2026-04-21T02:52:35.615581+00:00,1.856761,1776739955615580600,0.309558,0.488910,0.046285,-0.105119,0.165205,0.862625,0.466749,0.455720,-0.004946,-0.084671,-0.113164,0.609614,0.764860,0.173885,0.020389,-0.035745,0.188053,0.138815,-0.585424,0.658150,0.452301
2026-04-21T02:52:35.632613+00:00,1.873794,1776739955632613300,0.310965,0.488800,0.046223,-0.107295,0.165652,0.862232,0.466517,0.456418,-0.005433,-0.085531,-0.114828,0.610666,0.763824,0.173189,0.025566,-0.026408,0.193654,0.125442,-0.586569,0.662601,0.448154
2026-04-21T02:52:35.649877+00:00,1.891057,1776739955649876800,0.312106,0.488764,0.046126,-0.109255,0.165996,0.861745,0.466506,0.456995,-0.006009,-0.086413,-0.116318,0.612233,0.762756,0.172524,0.031575,-0.018159,0.200223,0.112640,-0.584661,0.666419,0.449156
2026-04-21T02:52:35.667759+00:00,1.908940,1776739955667759400,0.313291,0.488656,0.045920,-0.111002,0.166259,0.861746,0.466226,0.457581,-0.006647,-0.087253,-0.117558,0.613286,0.761715,0.171873,0.038579,-0.011133,0.208280,0.102334,-0.580609,0.667802,0.454679
2026-04-21T02:52:35.684252+00:00,1.925432,1776739955684251700,0.314174,0.488641,0.045583,-0.112432,0.166690,0.861741,0.465975,0.458069,-0.007294,-0.088035,-0.118527,0.614411,0.761045,0.171255,0.045437,-0.005718,0.216017,0.096269,-0.575484,0.668202,0.461344
2026-04-21T02:52:35.701217+00:00,1.942398,1776739955701217200,0.315100,0.488599,0.044979,-0.113609,0.166887,0.861320,0.466054,0.458486,-0.007933,-0.088728,-0.119433,0.615035,0.760463,0.171027,0.052875,-0.001557,0.224083,0.091386,-0.569710,0.668981,0.468729
2026-04-21T02:52:35.718319+00:00,1.959500,1776739955718319100,0.315879,0.488618,0.044387,-0.114578,0.167004,0.861332,0.465774,0.458856,-0.008540,-0.089326,-0.120434,0.615628,0.759892,0.171128,0.060486,0.001432,0.232277,0.085735,-0.563676,0.668102,0.478410
2026-04-21T02:52:35.736805+00:00,1.977986,1776739955736804900,0.316722,0.488735,0.043652,-0.115664,0.167182,0.861394,0.465248,0.459190,-0.009113,-0.089902,-0.121689,0.615782,0.759169,0.171162,0.069137,0.001794,0.241850,0.080152,-0.554893,0.663657,0.495617
2026-04-21T02:52:35.753801+00:00,1.994981,1776739955753800800,0.317517,0.488723,0.042912,-0.116884,0.167485,0.861863,0.464604,0.459409,-0.009589,-0.090506,-0.122829,0.616199,0.758812,0.171154,0.077306,0.001288,0.250709,0.076931,-0.545531,0.659150,0.511676
2026-04-21T02:52:35.770638+00:00,2.011819,1776739955770638300,0.318385,0.488809,0.041984,-0.118045,0.167947,0.861812,0.464142,0.459613,-0.010029,-0.091096,-0.123812,0.616518,0.758948,0.170970,0.085289,-0.001059,0.258884,0.077935,-0.535074,0.656176,0.526083
2026-04-21T02:52:35.787645+00:00,2.028825,1776739955787644700,0.319166,0.489066,0.041157,-0.119105,0.168302,0.861855,0.463344,0.459771,-0.010354,-0.091638,-0.124490,0.616419,0.758492,0.170478,0.093264,-0.004439,0.266607,0.082760,-0.523420,0.655001,0.538625
2026-04-21T02:52:35.804817+00:00,2.045998,1776739955804817100,0.320198,0.489283,0.040194,-0.120211,0.168964,0.861821,0.462624,0.459852,-0.010663,-0.092260,-0.124888,0.617400,0.758009,0.169888,0.101117,-0.009111,0.274143,0.088697,-0.509374,0.654080,0.552121
2026-04-21T02:52:35.821863+00:00,2.063043,1776739955821862600,0.321275,0.489557,0.039289,-0.121599,0.169629,0.862323,0.461817,0.459928,-0.010902,-0.092788,-0.125200,0.617959,0.757493,0.169337,0.108744,-0.014741,0.281481,0.093972,-0.494386,0.651529,0.567377
2026-04-21T02:52:35.838779+00:00,2.079960,1776739955838779200,0.322345,0.489863,0.038429,-0.123248,0.170533,0.862329,0.460777,0.459987,-0.011073,-0.093271,-0.125225,0.618534,0.756948,0.169379,0.115729,-0.021190,0.288017,0.099456,-0.480162,0.649403,0.581601
2026-04-21T02:52:35.855559+00:00,2.096740,1776739955855559500,0.323407,0.490224,0.037597,-0.125093,0.171303,0.862321,0.459762,0.460008,-0.011170,-0.093692,-0.125346,0.619090,0.756404,0.169503,0.122031,-0.027823,0.294187,0.106781,-0.467558,0.647392,0.592345
2026-04-21T02:52:35.873095+00:00,2.114275,1776739955873094700,0.324751,0.490499,0.036708,-0.127378,0.171980,0.862313,0.458699,0.460022,-0.011230,-0.094142,-0.125481,0.619133,0.756361,0.169774,0.127733,-0.035068,0.299621,0.117256,-0.455493,0.646471,0.600682
2026-04-21T02:52:35.890207+00:00,2.131388,1776739955890206900,0.325982,0.490844,0.035889,-0.129837,0.172752,0.862316,0.457623,0.460020,-0.011259,-0.094572,-0.125492,0.619137,0.756355,0.170023,0.132923,-0.042281,0.304627,0.127715,-0.443976,0.644873,0.609259
2026-04-21T02:52:35.907225+00:00,2.148406,1776739955907225300,0.327302,0.491161,0.035112,-0.132532,0.173518,0.862323,0.456542,0.459966,-0.011247,-0.095063,-0.125348,0.619040,0.756013,0.170506,0.137552,-0.049485,0.309055,0.136338,-0.433322,0.641450,0.618246
2026-04-21T02:52:35.924297+00:00,2.165477,1776739955924296800,0.328551,0.491496,0.034411,-0.135394,0.173991,0.862329,0.455498,0.459797,-0.011323,-0.095375,-0.125217,0.619555,0.756004,0.171314,0.141719,-0.056566,0.313223,0.143376,-0.424450,0.637026,0.627479
2026-04-21T02:52:35.941299+00:00,2.182480,1776739955941299300,0.329813,0.491754,0.033797,-0.137946,0.174614,0.862304,0.454495,0.459538,-0.011427,-0.095659,-0.124943,0.619596,0.755494,0.172589,0.145301,-0.063247,0.316754,0.150425,-0.417669,0.633166,0.634163
2026-04-21T02:52:35.961259+00:00,2.202440,1776739955961259100,0.331037,0.492079,0.033174,-0.140930,0.175210,0.862284,0.453363,0.459212,-0.011628,-0.095820,-0.124511,0.619648,0.755262,0.174199,0.148872,-0.070244,0.320308,0.159040,-0.410543,0.630083,0.639742
2026-04-21T02:52:35.978371+00:00,2.219551,1776739955978370700,0.332210,0.492274,0.032668,-0.143341,0.175721,0.862288,0.452523,0.458844,-0.011810,-0.096023,-0.124106,0.619819,0.754893,0.175576,0.151681,-0.075732,0.322806,0.165914,-0.404178,0.628629,0.643735
2026-04-21T02:52:35.995979+00:00,2.237159,1776739955995978700,0.333311,0.492437,0.032200,-0.145861,0.176010,0.862310,0.451699,0.458447,-0.012070,-0.096128,-0.123838,0.619412,0.754819,0.177264,0.154086,-0.080575,0.325138,0.171976,-0.397844,0.627557,0.646878
2026-04-21T02:52:36.012560+00:00,2.253740,1776739956012559500,0.334113,0.492590,0.031922,-0.148359,0.176273,0.862302,0.451162,0.457966,-0.012370,-0.096209,-0.123743,0.618448,0.754810,0.178878,0.156204,-0.085051,0.326980,0.177838,-0.392148,0.627079,0.649055
2026-04-21T02:52:36.029623+00:00,2.270804,1776739956029623100,0.334938,0.492702,0.031690,-0.150641,0.176316,0.862203,0.450695,0.457492,-0.012713,-0.096134,-0.123726,0.617874,0.755335,0.180456,0.157949,-0.089128,0.328756,0.183397,-0.387322,0.626097,0.651651
2026-04-21T02:52:36.046744+00:00,2.287925,1776739956046744100,0.335455,0.492786,0.031535,-0.152651,0.176237,0.861787,0.450404,0.456947,-0.013048,-0.095923,-0.123489,0.617299,0.755378,0.182160,0.159457,-0.092962,0.330157,0.188844,-0.383055,0.624511,0.654298
2026-04-21T02:52:36.063660+00:00,2.304841,1776739956063660300,0.336033,0.492834,0.031491,-0.154437,0.175820,0.861780,0.450167,0.456407,-0.013359,-0.095594,-0.123190,0.617232,0.754916,0.183864,0.160463,-0.096366,0.331330,0.193032,-0.379733,0.622374,0.656252
2026-04-21T02:52:36.080711+00:00,2.321892,1776739956080711300,0.336266,0.492873,0.031476,-0.156101,0.175413,0.861264,0.450207,0.455846,-0.013706,-0.095158,-0.122751,0.616710,0.754945,0.185701,0.161287,-0.099163,0.332344,0.196169,-0.377387,0.621900,0.657187
2026-04-21T02:52:36.097890+00:00,2.339071,1776739956097889900,0.336526,0.492869,0.031521,-0.157650,0.174968,0.861230,0.450270,0.455297,-0.014034,-0.094588,-0.122305,0.616693,0.754440,0.187547,0.161985,-0.101492,0.333252,0.199036,-0.375002,0.622785,0.657195
2026-04-21T02:52:36.115446+00:00,2.356627,1776739956115446400,0.336576,0.492859,0.031760,-0.159094,0.174213,0.860711,0.450836,0.454694,-0.014423,-0.093908,-0.121763,0.617188,0.753904,0.189705,0.162781,-0.103792,0.334017,0.202460,-0.371301,0.623213,0.657848
2026-04-21T02:52:36.132375+00:00,2.373556,1776739956132375400,0.336559,0.492779,0.032074,-0.160418,0.173194,0.860714,0.451142,0.454152,-0.014740,-0.093105,-0.121275,0.617156,0.753602,0.191648,0.163323,-0.106007,0.334650,0.206165,-0.367137,0.623218,0.659322
2026-04-21T02:52:36.149321+00:00,2.390502,1776739956149321200,0.336512,0.492671,0.032496,-0.161488,0.171984,0.860321,0.451731,0.453535,-0.015029,-0.092269,-0.120840,0.617162,0.753067,0.193491,0.163625,-0.108113,0.335227,0.209305,-0.363812,0.622178,0.660965
2026-04-21T02:52:36.168678+00:00,2.409859,1776739956168678400,0.336030,0.492493,0.033017,-0.162618,0.170428,0.860135,0.452455,0.452843,-0.015292,-0.091082,-0.119920,0.617214,0.752313,0.195638,0.163691,-0.110206,0.335779,0.212015,-0.361416,0.621043,0.662171
2026-04-21T02:52:36.185405+00:00,2.426586,1776739956185405500,0.335364,0.492303,0.033596,-0.163376,0.168726,0.859751,0.453451,0.452188,-0.015529,-0.089978,-0.118735,0.617195,0.751979,0.197546,0.163749,-0.111653,0.335776,0.214617,-0.360141,0.620673,0.662488
2026-04-21T02:52:36.202517+00:00,2.443698,1776739956202516900,0.334656,0.492099,0.034175,-0.164228,0.166975,0.859239,0.454487,0.451562,-0.015759,-0.088786,-0.117410,0.617349,0.751950,0.199326,0.163784,-0.112871,0.336434,0.216760,-0.361017,0.615475,0.666130
2026-04-21T02:52:36.219572+00:00,2.460752,1776739956219571800,0.333716,0.491780,0.034918,-0.164807,0.165086,0.859218,0.455820,0.450899,-0.015902,-0.087441,-0.116137,0.616887,0.751895,0.201115,0.163425,-0.113730,0.336977,0.217572,-0.362273,0.611881,0.668616
2026-04-21T02:52:36.236553+00:00,2.477734,1776739956236553200,0.332765,0.491462,0.035644,-0.165298,0.163154,0.858388,0.457065,0.450345,-0.015957,-0.086218,-0.114882,0.616389,0.751893,0.202732,0.163051,-0.114003,0.337410,0.217758,-0.363531,0.609449,0.669989
2026-04-21T02:52:36.253627+00:00,2.494808,1776739956253627000,0.331535,0.491079,0.036505,-0.165813,0.161176,0.858354,0.458391,0.449682,-0.015983,-0.084676,-0.113459,0.615811,0.752446,0.204251,0.162521,-0.113981,0.337778,0.217571,-0.365364,0.609337,0.669029
2026-04-21T02:52:36.270701+00:00,2.511882,1776739956270701200,0.330342,0.490698,0.037230,-0.166178,0.158908,0.857837,0.459731,0.448867,-0.016033,-0.082991,-0.111846,0.615773,0.752471,0.206036,0.161918,-0.113423,0.338011,0.216519,-0.367118,0.610756,0.667566
2026-04-21T02:52:36.287745+00:00,2.528925,1776739956287744800,0.328769,0.490359,0.038211,-0.166262,0.156238,0.857348,0.461286,0.448048,-0.016131,-0.081197,-0.110028,0.615751,0.751978,0.208018,0.161167,-0.112178,0.338174,0.214160,-0.368439,0.612632,0.665793
2026-04-21T02:52:36.304689+00:00,2.545870,1776739956304689500,0.327237,0.490063,0.039115,-0.166105,0.153296,0.857363,0.462816,0.447337,-0.016176,-0.079352,-0.108126,0.615249,0.751987,0.209991,0.160274,-0.110720,0.338002,0.211598,-0.370770,0.614153,0.664013
2026-04-21T02:52:36.321830+00:00,2.563011,1776739956321829900,0.325318,0.489870,0.040263,-0.165953,0.150257,0.856901,0.464067,0.446606,-0.016207,-0.077394,-0.106148,0.615235,0.751986,0.211945,0.158995,-0.108896,0.337716,0.209474,-0.373766,0.614053,0.662803
2026-04-21T02:52:36.339810+00:00,2.580990,1776739956339809800,0.323366,0.489765,0.041317,-0.165622,0.146963,0.856930,0.465372,0.445839,-0.016201,-0.075179,-0.104087,0.615235,0.751455,0.214530,0.157413,-0.106494,0.336939,0.207142,-0.378606,0.615230,0.659698
2026-04-21T02:52:36.355853+00:00,2.597034,1776739956355853000,0.321254,0.489702,0.042484,-0.165146,0.143844,0.856935,0.466334,0.445123,-0.016222,-0.073078,-0.102072,0.615209,0.750739,0.217210,0.155765,-0.103539,0.335903,0.204048,-0.383376,0.617725,0.655890
2026-04-21T02:52:36.372846+00:00,2.614026,1776739956372845800,0.318946,0.489743,0.043695,-0.164487,0.140719,0.856946,0.467366,0.444360,-0.016209,-0.070712,-0.100110,0.615212,0.750199,0.219968,0.153852,-0.099725,0.334321,0.197599,-0.387949,0.619392,0.653165
2026-04-21T02:52:36.392751+00:00,2.633931,1776739956392750700,0.316039,0.489809,0.045234,-0.163597,0.137018,0.857590,0.468340,0.443460,-0.016150,-0.067833,-0.097827,0.615750,0.749860,0.222814,0.151173,-0.094135,0.331906,0.186940,-0.395717,0.621772,0.649075
2026-04-21T02:52:36.407707+00:00,2.648888,1776739956407707000,0.313671,0.489881,0.046353,-0.162631,0.133931,0.857996,0.468869,0.442730,-0.016098,-0.065382,-0.095964,0.615712,0.749399,0.225000,0.148789,-0.089091,0.329364,0.176384,-0.403930,0.624046,0.645290
2026-04-21T02:52:36.424796+00:00,2.665977,1776739956424796000,0.310785,0.490037,0.047831,-0.161590,0.130532,0.858057,0.469326,0.441913,-0.016032,-0.062489,-0.093937,0.615292,0.749056,0.227661,0.145435,-0.082384,0.325564,0.162097,-0.414489,0.626163,0.640164
2026-04-21T02:52:36.441845+00:00,2.683026,1776739956441845500,0.307951,0.490279,0.049258,-0.160706,0.127145,0.859090,0.469529,0.441018,-0.015968,-0.059258,-0.092297,0.614833,0.748537,0.230421,0.141690,-0.075130,0.321009,0.146926,-0.425827,0.628806,0.633841
2026-04-21T02:52:36.458952+00:00,2.700133,1776739956458952400,0.304974,0.490647,0.050755,-0.159956,0.123721,0.859345,0.469718,0.440109,-0.015905,-0.055757,-0.091392,0.613863,0.748543,0.233085,0.137240,-0.066997,0.315399,0.131954,-0.438098,0.632340,0.625294
2026-04-21T02:52:36.475832+00:00,2.717012,1776739956475831700,0.301852,0.490917,0.052356,-0.159056,0.120418,0.859864,0.469971,0.439195,-0.015993,-0.051754,-0.090865,0.612754,0.748532,0.236445,0.132306,-0.058575,0.308829,0.116541,-0.450904,0.636862,0.614681
2026-04-21T02:52:36.492894+00:00,2.734075,1776739956492894000,0.298636,0.491117,0.053936,-0.158268,0.117145,0.860374,0.470494,0.438284,-0.015951,-0.047431,-0.090521,0.611244,0.748202,0.240827,0.126680,-0.049731,0.301278,0.099815,-0.464810,0.640230,0.603612
2026-04-21T02:52:36.509952+00:00,2.751132,1776739956509951600,0.295263,0.491299,0.055579,-0.157473,0.113865,0.860392,0.471023,0.437373,-0.016397,-0.042657,-0.090865,0.610555,0.747968,0.244995,0.120515,-0.040894,0.292928,0.082168,-0.479268,0.642472,0.592037
2026-04-21T02:52:36.526948+00:00,2.768129,1776739956526947900,0.291849,0.491414,0.057260,-0.156538,0.110383,0.860906,0.471546,0.436520,-0.017189,-0.037316,-0.092283,0.609966,0.746607,0.249912,0.113930,-0.032274,0.284021,0.064272,-0.493750,0.644052,0.580975
2026-04-21T02:52:36.544698+00:00,2.785879,1776739956544698000,0.288162,0.491528,0.059024,-0.155608,0.106768,0.860928,0.472086,0.435683,-0.018268,-0.031257,-0.094728,0.609383,0.744120,0.256375,0.106884,-0.023664,0.274384,0.046894,-0.508019,0.645596,0.568688
2026-04-21T02:52:36.561075+00:00,2.802256,1776739956561075000,0.284635,0.491591,0.060662,-0.154856,0.103603,0.861384,0.472563,0.434967,-0.019448,-0.025108,-0.097669,0.609363,0.741112,0.263714,0.099951,-0.015813,0.264951,0.032172,-0.519872,0.647268,0.556608
2026-04-21T02:52:36.578153+00:00,2.819334,1776739956578153000,0.280947,0.491705,0.062313,-0.154344,0.100528,0.861321,0.473308,0.434257,-0.020747,-0.018595,-0.100655,0.609665,0.737888,0.271399,0.092737,-0.008441,0.254873,0.020213,-0.530690,0.649359,0.544036
2026-04-21T02:52:36.600999+00:00,2.842180,1776739956600999000,0.275925,0.491648,0.064512,-0.153860,0.096580,0.861350,0.474156,0.433248,-0.023272,-0.009424,-0.106475,0.609963,0.733228,0.281274,0.083326,0.000399,0.241507,0.009571,-0.544021,0.651723,0.528677
2026-04-21T02:52:36.617418+00:00,2.858598,1776739956617417600,0.272053,0.491538,0.066070,-0.152925,0.093131,0.861336,0.475145,0.432463,-0.025513,-0.002342,-0.113274,0.610782,0.728601,0.289326,0.076614,0.005975,0.231972,0.004412,-0.551049,0.652447,0.520561
2026-04-21T02:52:36.634128+00:00,2.875309,1776739956634128200,0.268153,0.491419,0.067497,-0.151973,0.089672,0.861350,0.475906,0.431640,-0.028175,0.005188,-0.122452,0.611311,0.723001,0.298273,0.070043,0.011166,0.222548,-0.000084,-0.557044,0.653403,0.512950
2026-04-21T02:52:36.651209+00:00,2.892389,1776739956651208600,0.264010,0.491295,0.069098,-0.151033,0.086360,0.861812,0.476784,0.430775,-0.031128,0.013135,-0.133868,0.611324,0.716173,0.308568,0.063490,0.015883,0.213021,-0.003635,-0.561925,0.655011,0.505436
2026-04-21T02:52:36.668244+00:00,2.909425,1776739956668243900,0.259987,0.491204,0.070569,-0.150248,0.083417,0.861820,0.477309,0.429931,-0.034597,0.021378,-0.146124,0.611442,0.709071,0.320207,0.057141,0.020030,0.203662,-0.006014,-0.566447,0.656028,0.498917
2026-04-21T02:52:36.685360+00:00,2.926541,1776739956685360200,0.255763,0.491136,0.072157,-0.149459,0.080470,0.861826,0.477838,0.429049,-0.038788,0.029864,-0.158344,0.610803,0.700177,0.333063,0.051031,0.023615,0.194547,-0.007582,-0.571626,0.655853,0.493055
2026-04-21T02:52:36.702389+00:00,2.943570,1776739956702389400,0.251691,0.491006,0.073522,-0.148676,0.077662,0.861828,0.478366,0.428228,-0.043541,0.038501,-0.169750,0.610551,0.690806,0.347856,0.045170,0.026542,0.185804,-0.009173,-0.576409,0.654853,0.488487
2026-04-21T02:52:36.719414+00:00,2.960595,1776739956719413900,0.247491,0.490886,0.074966,-0.147895,0.074890,0.861822,0.479143,0.427534,-0.048723,0.047271,-0.180489,0.609724,0.680504,0.363840,0.039858,0.028689,0.177815,-0.010833,-0.581134,0.653295,0.485046
2026-04-21T02:52:36.736441+00:00,2.977622,1776739956736441300,0.243453,0.490751,0.076204,-0.147329,0.072449,0.861811,0.479626,0.427108,-0.054302,0.055945,-0.188260,0.607488,0.670772,0.381277,0.034646,0.030611,0.170031,-0.012074,-0.584379,0.652466,0.482094
2026-04-21T02:52:36.753482+00:00,2.994663,1776739956753482200,0.239311,0.490625,0.077564,-0.146839,0.070195,0.861811,0.480128,0.426684,-0.060021,0.064511,-0.197853,0.603985,0.661154,0.397915,0.029767,0.031929,0.162535,-0.012235,-0.586784,0.652331,0.479527
2026-04-21T02:52:36.771643+00:00,3.012824,1776739956771643000,0.235237,0.490457,0.078725,-0.146439,0.067948,0.861776,0.480720,0.426087,-0.065923,0.073051,-0.210055,0.599302,0.652709,0.413269,0.025121,0.032758,0.155438,-0.011299,-0.588577,0.652275,0.477493
2026-04-21T02:52:36.788020+00:00,3.029201,1776739956788020100,0.231179,0.490328,0.079936,-0.145878,0.065629,0.861817,0.481441,0.425378,-0.071709,0.080680,-0.220521,0.595045,0.644301,0.426874,0.020880,0.033236,0.148934,-0.009276,-0.589704,0.652707,0.475434
2026-04-21T02:52:36.805169+00:00,3.046350,1776739956805169000,0.227267,0.490220,0.080925,-0.145094,0.063328,0.861818,0.482209,0.424622,-0.077317,0.088211,-0.228556,0.590352,0.636476,0.440699,0.016830,0.033450,0.142653,-0.006672,-0.590290,0.653724,0.473799
2026-04-21T02:52:36.825478+00:00,3.066659,1776739956825478100,0.222423,0.490267,0.082291,-0.144137,0.060561,0.861912,0.482430,0.423739,-0.083643,0.096605,-0.237054,0.583982,0.628627,0.455950,0.012457,0.033366,0.136073,-0.003849,-0.590859,0.654400,0.471980
2026-04-21T02:52:36.842274+00:00,3.083454,1776739956842273800,0.218684,0.490250,0.083226,-0.143501,0.058401,0.862255,0.482221,0.422963,-0.088729,0.103146,-0.246638,0.577277,0.623540,0.466060,0.008929,0.033353,0.130905,-0.001584,-0.590933,0.655028,0.471145
2026-04-21T02:52:36.859159+00:00,3.100340,1776739956859159000,0.214948,0.490344,0.084216,-0.142726,0.056200,0.862774,0.481708,0.422067,-0.093215,0.108982,-0.258984,0.568311,0.620856,0.473868,0.005530,0.032840,0.126147,0.001583,-0.590012,0.655949,0.470427
2026-04-21T02:52:36.876027+00:00,3.117207,1776739956876026500,0.211196,0.490554,0.085244,-0.141923,0.054004,0.863540,0.481224,0.421117,-0.097283,0.114505,-0.269627,0.558767,0.619246,0.481406,0.002498,0.032390,0.121994,0.005723,-0.589484,0.657434,0.469236
2026-04-21T02:52:36.893139+00:00,3.134319,1776739956893138700,0.207503,0.490776,0.086123,-0.140903,0.051982,0.863804,0.480939,0.420124,-0.101206,0.119766,-0.277285,0.549392,0.618033,0.489419,-0.000590,0.031695,0.117882,0.010345,-0.588942,0.659432,0.467538
2026-04-21T02:52:36.910223+00:00,3.151404,1776739956910223200,0.203896,0.490991,0.086980,-0.139837,0.050110,0.864327,0.480673,0.419148,-0.104447,0.124570,-0.283389,0.541609,0.616842,0.495908,-0.003573,0.030640,0.114136,0.014558,-0.588372,0.660588,0.465917
2026-04-21T02:52:36.927285+00:00,3.168466,1776739956927285100,0.200357,0.491280,0.087885,-0.138623,0.048171,0.864872,0.480372,0.418199,-0.107358,0.128787,-0.289681,0.534421,0.616633,0.500262,-0.006482,0.029434,0.110760,0.017778,-0.588877,0.661128,0.464593
2026-04-21T02:52:36.944160+00:00,3.185341,1776739956944160100,0.197104,0.491512,0.088572,-0.137273,0.046352,0.865361,0.479878,0.417259,-0.109848,0.132701,-0.296760,0.527542,0.616621,0.503418,-0.009169,0.028040,0.107913,0.020124,-0.589842,0.659892,0.464732
2026-04-21T02:52:36.961144+00:00,3.202325,1776739956961144000,0.193914,0.491784,0.089343,-0.136008,0.044813,0.865858,0.479384,0.416191,-0.112131,0.136254,-0.303720,0.519217,0.617552,0.506879,-0.011759,0.026368,0.105498,0.022028,-0.591374,0.658260,0.465625
2026-04-21T02:52:36.979588+00:00,3.220769,1776739956979588300,0.190709,0.492017,0.090041,-0.134934,0.043444,0.866390,0.479097,0.414975,-0.114378,0.139904,-0.310826,0.510276,0.618115,0.510654,-0.014391,0.024496,0.103123,0.024509,-0.592646,0.656834,0.466126
2026-04-21T02:52:36.996336+00:00,3.237516,1776739956996335600,0.187975,0.492217,0.090665,-0.133894,0.042371,0.866707,0.478752,0.413900,-0.116263,0.143104,-0.315330,0.502825,0.618149,0.514982,-0.016697,0.022809,0.101061,0.027529,-0.592783,0.656668,0.465696
2026-04-21T02:52:37.013191+00:00,3.254372,1776739957013191200,0.185313,0.492439,0.091351,-0.132862,0.041372,0.867225,0.478230,0.412857,-0.118001,0.146044,-0.320158,0.495854,0.618559,0.519211,-0.018732,0.021241,0.099151,0.031079,-0.592823,0.657163,0.464894
2026-04-21T02:52:37.032526+00:00,3.273707,1776739957032526600,0.182652,0.492719,0.092083,-0.131828,0.040381,0.867508,0.477424,0.411871,-0.119404,0.148860,-0.324791,0.489347,0.618183,0.522505,-0.020811,0.019610,0.097439,0.034937,-0.591826,0.657699,0.464597
2026-04-21T02:52:37.047776+00:00,3.288957,1776739957047776400,0.180486,0.492794,0.092552,-0.131209,0.039560,0.868251,0.477193,0.410940,-0.120542,0.151360,-0.329290,0.483737,0.618629,0.524438,-0.022645,0.018212,0.095940,0.038385,-0.591411,0.657840,0.464879
2026-04-21T02:52:37.064800+00:00,3.305981,1776739957064800300,0.178314,0.493000,0.093177,-0.130728,0.038678,0.868256,0.476697,0.409937,-0.121517,0.153669,-0.332622,0.478854,0.618247,0.526962,-0.024463,0.016816,0.094762,0.040943,-0.591210,0.657506,0.465137
2026-04-21T02:52:37.081879+00:00,3.323060,1776739957081879300,0.176399,0.493099,0.093605,-0.130377,0.037866,0.868775,0.476151,0.408919,-0.122596,0.155838,-0.335223,0.474740,0.617625,0.529990,-0.026206,0.015540,0.093620,0.043188,-0.591609,0.656546,0.465699
2026-04-21T02:52:37.098969+00:00,3.340150,1776739957098969300,0.174581,0.493224,0.094006,-0.130137,0.037015,0.869129,0.475846,0.407956,-0.123522,0.157977,-0.337918,0.470640,0.615607,0.534024,-0.027940,0.014275,0.092664,0.045321,-0.592477,0.655538,0.466123
2026-04-21T02:52:37.115944+00:00,3.357125,1776739957115944400,0.172826,0.493366,0.094489,-0.129746,0.036103,0.869640,0.475327,0.406852,-0.124582,0.160009,-0.340272,0.466402,0.613945,0.538229,-0.029594,0.013186,0.091575,0.047243,-0.593472,0.654993,0.465672
2026-04-21T02:52:37.133142+00:00,3.374323,1776739957133142000,0.171122,0.493541,0.094901,-0.129245,0.035140,0.869645,0.474835,0.405706,-0.125994,0.162122,-0.341795,0.462394,0.611812,0.543136,-0.031290,0.012207,0.090690,0.048829,-0.595049,0.653453,0.465129
2026-04-21T02:52:37.150197+00:00,3.391377,1776739957150196400,0.169541,0.493672,0.095363,-0.128604,0.034307,0.870155,0.474562,0.404739,-0.125989,0.163684,-0.341415,0.459040,0.614107,0.543936,-0.032840,0.011427,0.089752,0.049978,-0.596137,0.652393,0.464849
2026-04-21T02:52:37.167331+00:00,3.408512,1776739957167330900,0.168049,0.493789,0.095768,-0.128209,0.033590,0.870662,0.474050,0.403783,-0.125544,0.165311,-0.341176,0.456725,0.615673,0.544346,-0.034309,0.010762,0.089091,0.051037,-0.597701,0.651324,0.464842
2026-04-21T02:52:37.184211+00:00,3.425392,1776739957184210900,0.166640,0.493892,0.096152,-0.127684,0.032886,0.870665,0.473813,0.402831,-0.125286,0.166970,-0.340917,0.453872,0.615044,0.547040,-0.035678,0.010239,0.088354,0.052253,-0.598745,0.650235,0.464924
2026-04-21T02:52:37.201357+00:00,3.442537,1776739957201356800,0.165325,0.493953,0.096529,-0.127187,0.032267,0.871145,0.473585,0.401962,-0.125331,0.168535,-0.340538,0.451059,0.613769,0.551476,-0.036977,0.009821,0.087881,0.053548,-0.599753,0.649618,0.464563
2026-04-21T02:52:37.218432+00:00,3.459613,1776739957218432400,0.164081,0.494014,0.096843,-0.126801,0.031834,0.871140,0.473599,0.401028,-0.125221,0.169900,-0.340803,0.447564,0.614322,0.553343,-0.038243,0.009467,0.087220,0.054711,-0.600786,0.649054,0.463854
2026-04-21T02:52:37.235422+00:00,3.476602,1776739957235421800,0.162829,0.494078,0.097117,-0.126356,0.031414,0.871089,0.473392,0.400107,-0.125252,0.171116,-0.339982,0.444244,0.613298,0.557887,-0.039502,0.009151,0.086682,0.055938,-0.601811,0.648478,0.462943
2026-04-21T02:52:37.252431+00:00,3.493612,1776739957252431400,0.161552,0.494166,0.097451,-0.125530,0.030776,0.871231,0.473033,0.398962,-0.125234,0.172020,-0.338311,0.440929,0.613050,0.561343,-0.040681,0.008880,0.086163,0.057260,-0.602879,0.648444,0.461637
2026-04-21T02:52:37.270843+00:00,3.512023,1776739957270842800,0.160084,0.494266,0.097772,-0.124133,0.029860,0.871811,0.472742,0.397840,-0.125171,0.172813,-0.336035,0.437652,0.613150,0.565424,-0.041880,0.008555,0.085731,0.058428,-0.603404,0.648376,0.460476
2026-04-21T02:52:37.287551+00:00,3.528732,1776739957287551400,0.158604,0.494414,0.097959,-0.122078,0.028908,0.872196,0.472563,0.396767,-0.125339,0.173485,-0.332961,0.435089,0.611969,0.569977,-0.042984,0.008202,0.085248,0.059171,-0.604533,0.647428,0.459950
2026-04-21T02:52:37.304430+00:00,3.545611,1776739957304430300,0.157149,0.494558,0.098201,-0.119827,0.028006,0.873199,0.472035,0.395761,-0.125443,0.173952,-0.331831,0.431484,0.614696,0.570920,-0.043935,0.007781,0.085072,0.060128,-0.605536,0.646440,0.459731
2026-04-21T02:52:37.321503+00:00,3.562683,1776739957321502600,0.155523,0.494790,0.098357,-0.117476,0.027112,0.873795,0.471190,0.394885,-0.125154,0.174099,-0.331542,0.428507,0.617441,0.570354,-0.044908,0.007231,0.084976,0.061692,-0.606680,0.645763,0.459772
2026-04-21T02:52:37.338496+00:00,3.579677,1776739957338496200,0.153757,0.495296,0.098618,-0.114900,0.026068,0.874309,0.470426,0.394203,-0.124713,0.174160,-0.331771,0.426352,0.619074,0.569844,-0.046138,0.006478,0.084594,0.063453,-0.607268,0.644651,0.459570
2026-04-21T02:52:37.356101+00:00,3.597282,1776739957356101100,0.151998,0.495638,0.098957,-0.112188,0.024874,0.874999,0.469972,0.393621,-0.123966,0.174348,-0.331632,0.425350,0.620235,0.569603,-0.047116,0.005921,0.084337,0.065028,-0.607814,0.644601,0.459289
2026-04-21T02:52:37.372442+00:00,3.613623,1776739957372442300,0.150378,0.495918,0.099229,-0.109742,0.023745,0.875992,0.469224,0.393307,-0.122216,0.174277,-0.330132,0.427906,0.620975,0.567699,-0.048068,0.005495,0.084046,0.066292,-0.608761,0.644149,0.458792
2026-04-21T02:52:37.389511+00:00,3.630692,1776739957389511500,0.148663,0.496196,0.099649,-0.107246,0.022478,0.876527,0.468693,0.393455,-0.119337,0.173789,-0.326508,0.435416,0.621250,0.563894,-0.049053,0.005124,0.083670,0.067546,-0.609304,0.643607,0.458538
2026-04-21T02:52:37.406689+00:00,3.647870,1776739957406689300,0.146832,0.496528,0.100085,-0.104460,0.021008,0.877080,0.467893,0.394102,-0.114549,0.173377,-0.318135,0.449361,0.620773,0.557708,-0.050064,0.004898,0.083177,0.068810,-0.609846,0.643071,0.458031
2026-04-21T02:52:37.423590+00:00,3.664770,1776739957423589800,0.145044,0.496797,0.100751,-0.101500,0.019362,0.878111,0.467107,0.394760,-0.108318,0.172838,-0.305377,0.469002,0.620168,0.549551,-0.051051,0.004782,0.082525,0.069986,-0.610370,0.643075,0.456988
2026-04-21T02:52:37.440618+00:00,3.681798,1776739957440617400,0.143181,0.497046,0.101438,-0.098308,0.017426,0.879126,0.466358,0.395522,-0.099895,0.171982,-0.289191,0.492773,0.620051,0.537533,-0.052047,0.004717,0.081641,0.071129,-0.611098,0.643405,0.455681
2026-04-21T02:52:37.457780+00:00,3.698961,1776739957457780300,0.141239,0.497253,0.102265,-0.094903,0.015285,0.879645,0.465869,0.396072,-0.090210,0.171292,-0.270153,0.518969,0.620928,0.521528,-0.053044,0.004730,0.080682,0.072444,-0.611584,0.644012,0.454040
2026-04-21T02:52:37.474630+00:00,3.715810,1776739957474629800,0.139222,0.497412,0.102996,-0.091434,0.013163,0.880139,0.465406,0.396088,-0.079162,0.170666,-0.248015,0.546139,0.622477,0.502860,-0.054095,0.004746,0.079539,0.073708,-0.612042,0.643631,0.452937
2026-04-21T02:52:37.494545+00:00,3.735725,1776739957494544700,0.136971,0.497504,0.104010,-0.087353,0.010579,0.880733,0.465109,0.395658,-0.066027,0.170473,-0.218019,0.576547,0.624855,0.479368,-0.055300,0.004533,0.078092,0.075212,-0.613291,0.643345,0.451677
2026-04-21T02:52:37.511512+00:00,3.752693,1776739957511512000,0.135020,0.497530,0.104682,-0.083886,0.008270,0.881420,0.464831,0.394738,-0.054677,0.171174,-0.190176,0.599988,0.626693,0.459787,-0.056351,0.004117,0.076729,0.076707,-0.615219,0.642589,0.450692
2026-04-21T02:52:37.528453+00:00,3.769633,1776739957528452600,0.133217,0.497533,0.105452,-0.080626,0.006143,0.881400,0.464891,0.392635,-0.044529,0.172690,-0.164459,0.618708,0.627818,0.442845,-0.057390,0.003302,0.075323,0.078349,-0.616815,0.640997,0.450185
2026-04-21T02:52:37.545460+00:00,3.786641,1776739957545459900,0.131496,0.497467,0.105984,-0.077643,0.004344,0.881850,0.465219,0.389467,-0.035126,0.176181,-0.143594,0.632612,0.627989,0.430186,-0.058419,0.002123,0.073974,0.080123,-0.618804,0.638243,0.450462
2026-04-21T02:52:37.562522+00:00,3.803703,1776739957562521900,0.129924,0.497285,0.106516,-0.074938,0.002970,0.881843,0.465769,0.385657,-0.027163,0.181103,-0.127102,0.641482,0.627024,0.423318,-0.059366,0.000619,0.072758,0.081981,-0.621826,0.635214,0.450951
2026-04-21T02:52:37.579590+00:00,3.820771,1776739957579590300,0.128434,0.497085,0.106898,-0.072320,0.001831,0.881836,0.466299,0.380674,-0.021253,0.188694,-0.116175,0.644194,0.624102,0.426397,-0.060278,-0.001219,0.071480,0.083836,-0.624323,0.631351,0.452044
2026-04-21T02:52:37.596581+00:00,3.837762,1776739957596581000,0.127070,0.496907,0.107243,-0.069777,0.000891,0.881839,0.466808,0.374840,-0.016981,0.198082,-0.109681,0.642542,0.618485,0.438223,-0.061026,-0.003211,0.070379,-0.085777,0.627507,-0.627164,-0.453540
2026-04-21T02:52:37.613716+00:00,3.854897,1776739957613716500,0.125769,0.496807,0.107476,-0.067365,0.000233,0.881842,0.466824,0.368214,-0.014340,0.208384,-0.106073,0.637756,0.613124,0.454121,-0.061611,-0.005326,0.069339,-0.087828,0.629695,-0.622906,-0.455631
2026-04-21T02:52:37.630702+00:00,3.871883,1776739957630701900,0.124637,0.496714,0.107648,-0.065274,0.000053,0.881840,0.467081,0.360893,-0.013385,0.218971,-0.105098,0.629530,0.609698,0.469812,-0.062006,-0.007397,0.068382,-0.089934,0.631807,-0.619199,-0.457730
2026-04-21T02:52:37.648817+00:00,3.889998,1776739957648817000,0.123557,0.496637,0.107686,-0.063592,0.000277,0.881836,0.467345,0.352617,-0.013094,0.229679,-0.105908,0.618344,0.609230,0.484700,-0.062289,-0.009492,0.067464,-0.092083,0.633390,-0.615038,-0.460081
2026-04-21T02:52:37.665323+00:00,3.906504,1776739957665323000,0.122638,0.496599,0.107702,-0.062300,0.000585,0.881864,0.467536,0.344408,-0.013962,0.239660,-0.107335,0.606009,0.611323,0.497988,-0.062448,-0.011346,0.066697,-0.093806,0.635262,-0.611604,-0.462241
2026-04-21T02:52:37.682293+00:00,3.923474,1776739957682293400,0.121650,0.496602,0.107717,-0.060896,0.000909,0.881934,0.467162,0.335739,-0.015565,0.249483,-0.109501,0.591013,0.615099,0.509932,-0.062480,-0.013089,0.066060,-0.095117,0.636391,-0.608387,-0.464820
2026-04-21T02:52:37.703997+00:00,3.945177,1776739957703996800,0.120476,0.496629,0.107651,-0.059044,0.001263,0.882521,0.466790,0.324958,-0.018407,0.260694,-0.113584,0.568751,0.623627,0.523829,-0.062390,-0.014952,0.065410,-0.096069,0.637696,-0.604003,-0.468018
2026-04-21T02:52:37.719438+00:00,3.960619,1776739957719438400,0.119449,0.496725,0.107472,-0.057425,0.001583,0.882879,0.466221,0.316328,-0.020994,0.269279,-0.118064,0.550318,0.631247,0.533701,-0.062081,-0.016182,0.064964,-0.096395,0.638380,-0.601626,-0.470474
2026-04-21T02:52:37.736490+00:00,3.977670,1776739957736489600,0.118348,0.496943,0.107346,-0.055679,0.001874,0.882893,0.465721,0.307734,-0.024219,0.277610,-0.123506,0.531655,0.638354,0.542765,-0.061668,-0.017075,0.064458,-0.096060,0.638999,-0.599315,-0.472437
2026-04-21T02:52:37.753469+00:00,3.994650,1776739957753468900,0.117250,0.497159,0.107173,-0.053841,0.002040,0.883389,0.465479,0.299313,-0.027994,0.285515,-0.129204,0.514573,0.643632,0.551626,-0.061136,-0.017685,0.063999,-0.095318,0.639543,-0.597659,-0.474075
2026-04-21T02:52:37.770527+00:00,4.011708,1776739957770526900,0.116229,0.497342,0.107069,-0.051758,0.002037,0.883905,0.465204,0.291231,-0.032229,0.293103,-0.134941,0.499119,0.646117,0.561524,-0.060592,-0.018193,0.063507,-0.094445,0.639596,-0.596095,-0.475857
2026-04-21T02:52:37.787571+00:00,4.028751,1776739957787570600,0.114996,0.497548,0.106982,-0.049293,0.002054,0.883971,0.464619,0.283821,-0.037143,0.300057,-0.139615,0.485959,0.646982,0.570982,-0.059929,-0.018578,0.063187,-0.093678,0.640126,-0.594590,-0.477583
2026-04-21T02:52:37.804786+00:00,4.045966,1776739957804785800,0.113546,0.498010,0.106532,-0.046560,0.002371,0.884792,0.464078,0.276648,-0.042131,0.306599,-0.143558,0.472956,0.646927,0.580823,-0.059313,-0.018950,0.062825,-0.093294,0.640154,-0.592950,-0.479489
2026-04-21T02:52:37.821620+00:00,4.062801,1776739957821620000,0.112251,0.498363,0.106251,-0.043917,0.002987,0.884813,0.463561,0.270171,-0.046993,0.312178,-0.148610,0.460366,0.646996,0.589399,-0.058602,-0.019261,0.062564,-0.093239,0.639673,-0.591897,-0.481049
2026-04-21T02:52:37.838662+00:00,4.079843,1776739957838662000,0.110977,0.498675,0.105903,-0.041354,0.003664,0.885323,0.463042,0.263953,-0.051808,0.317409,-0.155037,0.447023,0.647673,0.597691,-0.057952,-0.019550,0.062262,-0.093619,0.639655,-0.590843,-0.482631
2026-04-21T02:52:37.855936+00:00,4.097116,1776739957855935500,0.109732,0.498983,0.105608,-0.038778,0.004126,0.885835,0.462524,0.258160,-0.056600,0.322058,-0.162239,0.433314,0.648698,0.604322,-0.057226,-0.019824,0.062040,-0.094075,0.639366,-0.589771,-0.484596
2026-04-21T02:52:37.873229+00:00,4.114409,1776739957873228600,0.108424,0.499298,0.105271,-0.036205,0.004234,0.885829,0.462049,0.252656,-0.061171,0.326343,-0.168551,0.420124,0.649786,0.610786,-0.056588,-0.019993,0.061690,-0.094343,0.638825,-0.589073,-0.486126
2026-04-21T02:52:37.890156+00:00,4.131336,1776739957890155400,0.107187,0.499564,0.104900,-0.033650,0.004122,0.886342,0.461765,0.247702,-0.065530,0.330069,-0.173462,0.408191,0.651282,0.615766,-0.055908,-0.020067,0.061311,-0.094345,0.638270,-0.588393,-0.487411
2026-04-21T02:52:37.907208+00:00,4.148389,1776739957907208100,0.105955,0.499812,0.104453,-0.031165,0.004013,0.886699,0.461209,0.243188,-0.069805,0.333124,-0.177666,0.397115,0.651728,0.621195,-0.055377,-0.020069,0.060667,-0.094218,0.637734,-0.588321,-0.487561
2026-04-21T02:52:37.926348+00:00,4.167528,1776739957926347800,0.104709,0.500140,0.104065,-0.028479,0.003994,0.886925,0.460629,0.238781,-0.074554,0.336175,-0.182419,0.385925,0.650592,0.628116,-0.054706,-0.019924,0.059899,-0.094055,0.637696,-0.588863,-0.487553
2026-04-21T02:52:37.943295+00:00,4.184475,1776739957943294700,0.103670,0.500388,0.103608,-0.026514,0.004111,0.887270,0.460106,0.235365,-0.078635,0.338456,-0.186251,0.377789,0.648856,0.633738,-0.054259,-0.019756,0.059107,-0.094114,0.637694,-0.588870,-0.487547
2026-04-21T02:52:37.960267+00:00,4.201448,1776739957960267200,0.102822,0.500643,0.103228,-0.024723,0.004274,0.887775,0.459586,0.232635,-0.082187,0.339989,-0.188903,0.371993,0.646741,0.638504,-0.053804,-0.019658,0.058435,-0.094653,0.638144,-0.588294,-0.487932
2026-04-21T02:52:37.977252+00:00,4.218433,1776739957977251900,0.102001,0.500844,0.102780,-0.023058,0.004234,0.888275,0.459080,0.230012,-0.085440,0.341556,-0.190984,0.367675,0.646014,0.641125,-0.053419,-0.019686,0.057806,-0.095777,0.638123,-0.587221,-0.488806
2026-04-21T02:52:37.994351+00:00,4.235531,1776739957994350700,0.101349,0.501070,0.102389,-0.021444,0.003997,0.888266,0.458856,0.228105,-0.088168,0.342399,-0.192660,0.363943,0.645998,0.642993,-0.053083,-0.019783,0.057061,-0.097025,0.638093,-0.586138,-0.489445
2026-04-21T02:52:38.011318+00:00,4.252499,1776739958011317900,0.100816,0.501186,0.101913,-0.020107,0.003842,0.888670,0.458499,0.226203,-0.090738,0.343319,-0.194857,0.359997,0.645347,0.644478,-0.052729,-0.020015,0.056313,-0.098316,0.638544,-0.585615,-0.489534
2026-04-21T02:52:38.028359+00:00,4.269539,1776739958028358800,0.100548,0.501334,0.101509,-0.019048,0.003950,0.888673,0.458495,0.224814,-0.093241,0.343831,-0.197278,0.355791,0.644852,0.647003,-0.052428,-0.020246,0.055457,-0.099566,0.639054,-0.585055,-0.489317
2026-04-21T02:52:38.045439+00:00,4.286619,1776739958045438700,0.100417,0.501438,0.101081,-0.018357,0.004262,0.888674,0.458492,0.223452,-0.095606,0.344495,-0.198826,0.352384,0.643803,0.649256,-0.052130,-0.020393,0.054601,-0.100360,0.640079,-0.584509,-0.488810
2026-04-21T02:52:38.062550+00:00,4.303730,1776739958062549400,0.100421,0.501567,0.100719,-0.017857,0.004647,0.888684,0.458231,0.222642,-0.097649,0.344752,-0.198996,0.350103,0.643204,0.651016,-0.051745,-0.020568,0.053840,-0.100746,0.640499,-0.583996,-0.488487
2026-04-21T02:52:38.080648+00:00,4.321829,1776739958080648200,0.100590,0.501679,0.100329,-0.017477,0.005100,0.888698,0.457959,0.221875,-0.099396,0.344946,-0.197582,0.349757,0.642619,0.652260,-0.051334,-0.020576,0.053121,-0.101398,0.640642,-0.583994,-0.487987
2026-04-21T02:52:38.097133+00:00,4.338314,1776739958097132900,0.101228,0.501776,0.100010,-0.017253,0.005600,0.888692,0.457969,0.221600,-0.100427,0.345022,-0.195177,0.350777,0.642592,0.652384,-0.050831,-0.020638,0.052636,-0.102050,0.640621,-0.584383,-0.487469
2026-04-21T02:52:38.114157+00:00,4.355337,1776739958114156800,0.102117,0.501819,0.099689,-0.017345,0.006258,0.888656,0.457789,0.221249,-0.101193,0.344716,-0.193023,0.352913,0.642723,0.652139,-0.050265,-0.020644,0.052301,-0.102751,0.640605,-0.584434,-0.487178
2026-04-21T02:52:38.134229+00:00,4.375410,1776739958134229000,0.103586,0.501752,0.099366,-0.017762,0.007155,0.888540,0.458247,0.221715,-0.101085,0.343728,-0.190819,0.355922,0.642049,0.651749,-0.049535,-0.020666,0.052216,-0.103675,0.641105,-0.584480,-0.486578
2026-04-21T02:52:38.150708+00:00,4.391889,1776739958150708200,0.105062,0.501721,0.099084,-0.018648,0.008126,0.888092,0.459152,0.222404,-0.100695,0.342759,-0.188152,0.359115,0.641974,0.650795,-0.048790,-0.020725,0.052226,-0.104230,0.641094,-0.584017,-0.486807
2026-04-21T02:52:38.167617+00:00,4.408798,1776739958167617200,0.106966,0.501380,0.098858,-0.019969,0.009405,0.887519,0.460525,0.223642,-0.099215,0.341368,-0.184223,0.363260,0.642737,0.648622,-0.047922,-0.020870,0.052715,-0.104491,0.641773,-0.583406,-0.487002
2026-04-21T02:52:38.184489+00:00,4.425669,1776739958184488700,0.109106,0.500738,0.098635,-0.021883,0.011058,0.886425,0.462196,0.225128,-0.096676,0.339466,-0.178676,0.368757,0.644191,0.645671,-0.046822,-0.021135,0.053704,-0.104459,0.642313,-0.582330,-0.487034
2026-04-21T02:52:38.201697+00:00,4.442878,1776739958201697000,0.111815,0.499818,0.098461,-0.024365,0.013049,0.885275,0.464450,0.227281,-0.093245,0.336898,-0.171259,0.375544,0.646293,0.641997,-0.045549,-0.021440,0.054932,-0.104190,0.642910,-0.581329,-0.487169
2026-04-21T02:52:38.218555+00:00,4.459735,1776739958218554800,0.114721,0.498649,0.098252,-0.027340,0.015216,0.883542,0.467601,0.229739,-0.089162,0.333848,-0.163167,0.383295,0.648497,0.637328,-0.043939,-0.021924,0.056550,-0.104016,0.643587,-0.580800,-0.487740
2026-04-21T02:52:38.235659+00:00,4.476839,1776739958235658800,0.118101,0.497244,0.098113,-0.030791,0.017785,0.881292,0.471268,0.232950,-0.084040,0.330068,-0.154849,0.392290,0.650366,0.632003,-0.041979,-0.022597,0.058657,-0.104646,0.643238,-0.579846,-0.489032
2026-04-21T02:52:38.252640+00:00,4.493821,1776739958252640500,0.121713,0.495918,0.098110,-0.034515,0.020524,0.879258,0.474835,0.236819,-0.078256,0.325762,-0.145876,0.402557,0.652366,0.625331,-0.039531,-0.023640,0.061404,-0.106307,0.642292,-0.578423,-0.491642
2026-04-21T02:52:38.269633+00:00,4.510814,1776739958269633200,0.125586,0.494750,0.098253,-0.038213,0.023182,0.877828,0.477206,0.241383,-0.071631,0.320588,-0.135714,0.415021,0.654543,0.616914,-0.036683,-0.025085,0.064748,-0.108688,0.640728,-0.575906,-0.496222
2026-04-21T02:52:38.286674+00:00,4.527855,1776739958286674400,0.129704,0.493763,0.098465,-0.041729,0.025684,0.876306,0.478988,0.246690,-0.064397,0.314366,-0.124604,0.429574,0.656859,0.607141,-0.033350,-0.026906,0.068678,-0.110030,0.639214,-0.571981,-0.501656
2026-04-21T02:52:38.304625+00:00,4.545805,1776739958304624600,0.134204,0.492817,0.098691,-0.045180,0.028364,0.875203,0.480630,0.252905,-0.056761,0.307197,-0.112099,0.446173,0.657619,0.596255,-0.029319,-0.029164,0.073128,-0.110117,0.638341,-0.568045,-0.507844
2026-04-21T02:52:38.321287+00:00,4.562467,1776739958321286700,0.138460,0.492063,0.098808,-0.047998,0.031128,0.874155,0.482198,0.259433,-0.049399,0.299616,-0.099997,0.462769,0.658621,0.585134,-0.024860,-0.031628,0.077754,-0.112551,0.636632,-0.565160,-0.512086
2026-04-21T02:52:38.338222+00:00,4.579402,1776739958338221500,0.142918,0.491416,0.098943,-0.050353,0.034029,0.873201,0.483596,0.266409,-0.041593,0.290810,-0.087509,0.480288,0.659130,0.572192,-0.019734,-0.034353,0.082715,-0.116687,0.633838,-0.563405,-0.517126
2026-04-21T02:52:38.361513+00:00,4.602694,1776739958361513500,0.149088,0.490859,0.099048,-0.053395,0.038178,0.872546,0.484408,0.276626,-0.030856,0.277100,-0.070066,0.504058,0.660548,0.552399,-0.011696,-0.038919,0.090162,-0.121677,0.627877,-0.559649,-0.527068
2026-04-21T02:52:38.378436+00:00,4.619617,1776739958378435900,0.153752,0.490585,0.099099,-0.055729,0.041341,0.871870,0.484770,0.284351,-0.023646,0.266641,-0.056991,0.521007,0.661300,0.536647,-0.005289,-0.043011,0.096092,-0.123977,0.622025,-0.555675,-0.537478
2026-04-21T02:52:38.395979+00:00,4.637160,1776739958395979500,0.158743,0.490276,0.099083,-0.058151,0.044616,0.871081,0.485364,0.292686,-0.016671,0.254672,-0.043085,0.538189,0.661539,0.519927,0.002026,-0.047573,0.102513,-0.126945,0.614792,-0.552172,-0.548822
2026-04-21T02:52:38.412572+00:00,4.653753,1776739958412572000,0.163402,0.489974,0.099048,-0.060297,0.047527,0.870566,0.485881,0.300596,-0.010302,0.242434,-0.030388,0.554358,0.661585,0.503987,0.009129,-0.051976,0.108455,-0.130343,0.605718,-0.549994,-0.560107
2026-04-21T02:52:38.429500+00:00,4.670681,1776739958429499900,0.168333,0.489590,0.098987,-0.062233,0.050273,0.870035,0.486659,0.308673,-0.004826,0.229873,-0.018529,0.569452,0.661626,0.487188,0.016652,-0.056515,0.114500,-0.133005,0.596278,-0.548909,-0.570170
2026-04-21T02:52:38.446631+00:00,4.687811,1776739958446630700,0.173240,0.489296,0.098915,-0.064013,0.052939,0.869558,0.487118,0.316648,0.000369,0.216466,-0.007884,0.584118,0.661618,0.470145,0.024296,-0.061124,0.120319,-0.136050,0.586872,-0.548524,-0.579912
2026-04-21T02:52:38.463385+00:00,4.704565,1776739958463384800,0.178220,0.488981,0.098818,-0.065816,0.055809,0.869010,0.487638,0.324147,0.004361,0.203757,0.001298,0.596680,0.661594,0.453877,0.031587,-0.065641,0.125757,0.140016,-0.578257,0.548140,0.587930
2026-04-21T02:52:38.480488+00:00,4.721669,1776739958480488200,0.183101,0.488778,0.098700,-0.067840,0.059183,0.868000,0.487910,0.331555,0.007999,0.190308,0.008941,0.608273,0.661639,0.438026,0.038991,-0.070178,0.131174,0.143627,-0.570817,0.547589,0.594944
2026-04-21T02:52:38.497504+00:00,4.738684,1776739958497503500,0.188215,0.488495,0.098542,-0.069918,0.062609,0.867458,0.488443,0.338415,0.010633,0.177810,0.015123,0.617803,0.662071,0.423443,0.046009,-0.074726,0.136197,0.146682,-0.563914,0.546942,0.601533
2026-04-21T02:52:38.515239+00:00,4.756420,1776739958515239000,0.193436,0.488011,0.098333,-0.071783,0.065847,0.866948,0.488917,0.345395,0.012803,0.164533,0.020897,0.626600,0.662603,0.409692,0.053071,-0.079337,0.141298,0.150612,-0.556421,0.546596,0.607313
2026-04-21T02:52:38.531636+00:00,4.772817,1776739958531636500,0.198235,0.487648,0.098044,-0.073218,0.068318,0.866705,0.489013,0.351537,0.014061,0.152995,0.026101,0.633327,0.663426,0.397892,0.059331,-0.083420,0.145839,0.155026,-0.549014,0.548762,0.611083
2026-04-21T02:52:38.548624+00:00,4.789805,1776739958548624200,0.203021,0.487421,0.097652,-0.074788,0.070991,0.866195,0.489012,0.357456,0.014866,0.141273,0.028050,0.639060,0.664840,0.385490,0.065554,-0.087481,0.150303,0.159953,-0.540178,0.551390,0.615223
2026-04-21T02:52:38.568801+00:00,4.809982,1776739958568801100,0.208742,0.487137,0.097229,-0.076884,0.074239,0.865915,0.489018,0.363733,0.015034,0.128780,0.027975,0.645014,0.667036,0.372033,0.072644,-0.092011,0.155487,0.165094,-0.529970,0.554572,0.619912
2026-04-21T02:52:38.584913+00:00,4.826094,1776739958584913000,0.213183,0.486912,0.096750,-0.078466,0.076819,0.865093,0.489314,0.368724,0.015117,0.118633,0.026721,0.649398,0.668271,0.361830,0.078219,-0.095628,0.159652,0.169245,-0.521622,0.557274,0.623586
2026-04-21T02:52:38.602034+00:00,4.843215,1776739958602034300,0.217834,0.486680,0.096297,-0.079649,0.079019,0.864586,0.489347,0.373476,0.014388,0.108969,0.024823,0.652992,0.669809,0.352617,0.083384,-0.099207,0.163484,0.173777,-0.513132,0.560708,0.626069
2026-04-21T02:52:38.618968+00:00,4.860149,1776739958618968400,0.222150,0.486455,0.095728,-0.080544,0.080672,0.864283,0.489495,0.377877,0.013400,0.100018,0.022885,0.656375,0.670798,0.344464,0.088198,-0.102541,0.166967,0.178726,-0.504811,0.565415,0.627336
2026-04-21T02:52:38.636026+00:00,4.877206,1776739958636025600,0.226563,0.486267,0.095175,-0.081654,0.082347,0.864247,0.489501,0.382028,0.012156,0.091327,0.020467,0.658888,0.672032,0.337073,0.092604,-0.105966,0.170288,0.184020,-0.496668,0.568470,0.629796
2026-04-21T02:52:38.653127+00:00,4.894308,1776739958653127300,0.230909,0.486112,0.094519,-0.083148,0.084464,0.863754,0.489496,0.385782,0.010744,0.083042,0.016711,0.660814,0.674122,0.329652,0.096707,-0.109395,0.173389,0.189089,-0.489551,0.570179,0.632511
2026-04-21T02:52:38.670257+00:00,4.911438,1776739958670257200,0.235252,0.486003,0.093874,-0.084718,0.086825,0.863742,0.489225,0.389213,0.009193,0.075316,0.012269,0.661558,0.677241,0.322218,0.100295,-0.112677,0.176098,0.193985,-0.483191,0.571214,0.634689
2026-04-21T02:52:38.687262+00:00,4.928443,1776739958687262200,0.239355,0.485923,0.093148,-0.086047,0.089019,0.863750,0.488936,0.392318,0.007497,0.068001,0.007787,0.661645,0.679807,0.315810,0.103553,-0.115699,0.178521,0.199767,-0.476331,0.573831,0.635767
2026-04-21T02:52:38.704515+00:00,4.945696,1776739958704515100,0.243379,0.485918,0.092490,-0.087196,0.091095,0.863281,0.488379,0.395175,0.005612,0.061336,0.003179,0.662077,0.682338,0.310734,0.106848,-0.118458,0.180844,0.206416,-0.466869,0.578306,0.636181
2026-04-21T02:52:38.721508+00:00,4.962689,1776739958721508400,0.247260,0.485893,0.091777,-0.088250,0.092985,0.863277,0.487858,0.397880,0.003765,0.055148,-0.001622,0.662059,0.683966,0.306524,0.109968,-0.120724,0.182846,0.212399,-0.457273,0.583855,0.636213
2026-04-21T02:52:38.739476+00:00,4.980657,1776739958739476600,0.251197,0.485905,0.091127,-0.089608,0.095168,0.863280,0.487023,0.400458,0.001865,0.049223,-0.006711,0.663060,0.685031,0.301881,0.112720,-0.122833,0.184639,0.217967,-0.448608,0.588301,0.636650
2026-04-21T02:52:38.755618+00:00,4.996799,1776739958755618000,0.254778,0.485917,0.090555,-0.090812,0.097034,0.863768,0.486334,0.402790,0.000150,0.044031,-0.011313,0.664233,0.685970,0.297701,0.114937,-0.124484,0.186166,0.220509,-0.444565,0.588436,0.637971
2026-04-21T02:52:38.772583+00:00,5.013764,1776739958772583300,0.258251,0.486042,0.090010,-0.091912,0.098723,0.863781,0.485303,0.405105,-0.001459,0.039044,-0.015973,0.665641,0.685708,0.293192,0.116479,-0.125876,0.187458,0.220712,-0.446943,0.585103,0.639695
2026-04-21T02:52:38.789631+00:00,5.030812,1776739958789631100,0.261666,0.486117,0.089448,-0.092745,0.100359,0.863781,0.484540,0.407351,-0.003096,0.034513,-0.020407,0.668203,0.685282,0.288884,0.118097,-0.126783,0.188702,0.226102,-0.444920,0.584894,0.639148
2026-04-21T02:52:38.808341+00:00,5.049522,1776739958808341200,0.265070,0.486112,0.088854,-0.093465,0.102113,0.863761,0.484036,0.409644,-0.004712,0.030143,-0.024797,0.670469,0.684389,0.284469,0.120266,-0.127396,0.190033,0.229723,-0.439879,0.586567,0.639690
2026-04-21T02:52:38.823793+00:00,5.064974,1776739958823793300,0.267918,0.486069,0.088269,-0.094143,0.103911,0.863700,0.484142,0.411567,-0.006078,0.026724,-0.028131,0.672472,0.683719,0.281193,0.122375,-0.127865,0.191009,0.230945,-0.434151,0.590218,0.640200
2026-04-21T02:52:38.840913+00:00,5.082094,1776739958840913400,0.270823,0.486018,0.087663,-0.094969,0.105932,0.863161,0.484427,0.413505,-0.007462,0.023584,-0.031068,0.674151,0.683653,0.278372,0.124578,-0.127935,0.191819,0.232089,-0.427613,0.594650,0.640028
2026-04-21T02:52:38.857968+00:00,5.099149,1776739958857968400,0.273657,0.485996,0.087068,-0.095943,0.107641,0.862834,0.484618,0.415322,-0.008713,0.021013,-0.033560,0.675236,0.683133,0.276702,0.126854,-0.127876,0.192541,0.233408,-0.420976,0.598610,0.640314
2026-04-21T02:52:38.875023+00:00,5.116203,1776739958875022700,0.276344,0.485916,0.086478,-0.096866,0.109212,0.862800,0.484397,0.417023,-0.009835,0.018980,-0.035954,0.675782,0.682617,0.275389,0.129014,-0.127973,0.193147,0.233993,-0.414543,0.601239,0.641804
2026-04-21T02:52:38.892181+00:00,5.133362,1776739958892181600,0.278896,0.485887,0.085866,-0.097726,0.110735,0.862794,0.483880,0.418636,-0.010941,0.017252,-0.038338,0.676232,0.682614,0.274402,0.131315,-0.128206,0.193648,0.234753,-0.407247,0.605105,0.642327
2026-04-21T02:52:38.909094+00:00,5.150274,1776739958909093600,0.281255,0.485955,0.085252,-0.098415,0.112198,0.862845,0.483283,0.420151,-0.011952,0.016090,-0.040505,0.676253,0.682643,0.274018,0.133478,-0.128513,0.193896,0.233404,-0.399962,0.610640,0.641942
2026-04-21T02:52:38.926198+00:00,5.167379,1776739958926198600,0.283558,0.486032,0.084651,-0.099156,0.113945,0.862804,0.482571,0.421600,-0.012830,0.015219,-0.042634,0.676229,0.682642,0.273567,0.135594,-0.127880,0.194132,0.231785,-0.392411,0.617775,0.640620
2026-04-21T02:52:38.944727+00:00,5.185908,1776739958944727000,0.285838,0.486263,0.083969,-0.099854,0.115862,0.862819,0.481729,0.422982,-0.013724,0.014754,-0.044706,0.676816,0.682589,0.273021,0.137693,-0.127253,0.194322,0.230386,-0.383052,0.624594,0.640052
2026-04-21T02:52:38.960068+00:00,5.201249,1776739958960068300,0.287657,0.486499,0.083414,-0.100425,0.117457,0.862823,0.481007,0.424166,-0.014366,0.014471,-0.045961,0.677165,0.682191,0.272544,0.139379,-0.126805,0.194451,0.229507,-0.375734,0.630658,0.639492
2026-04-21T02:52:38.977108+00:00,5.218289,1776739958977108600,0.289492,0.486766,0.082740,-0.100848,0.119115,0.863340,0.480204,0.425327,-0.014997,0.014408,-0.046812,0.677176,0.681692,0.272278,0.140445,-0.126166,0.194464,0.227718,-0.369103,0.635739,0.638176
2026-04-21T02:52:38.994253+00:00,5.235434,1776739958994252900,0.291267,0.487168,0.082085,-0.101185,0.120644,0.863389,0.479371,0.426506,-0.015553,0.014468,-0.047449,0.677705,0.681656,0.271525,0.141173,-0.125964,0.194590,0.224880,-0.364485,0.637995,0.639961
2026-04-21T02:52:39.011247+00:00,5.252427,1776739959011246600,0.292810,0.487617,0.081454,-0.101330,0.121937,0.863983,0.478206,0.427519,-0.015982,0.014696,-0.048086,0.678471,0.681156,0.270643,0.141431,-0.125938,0.194688,0.222039,-0.361728,0.636911,0.643641
2026-04-21T02:52:39.028303+00:00,5.269484,1776739959028302900,0.294325,0.488217,0.080961,-0.101501,0.123290,0.864257,0.476564,0.428514,-0.016298,0.015074,-0.048416,0.678999,0.681125,0.269360,0.141445,-0.125982,0.194660,0.220950,-0.361152,0.635949,0.645224
2026-04-21T02:52:39.045052+00:00,5.286233,1776739959045052000,0.295666,0.488724,0.080453,-0.101771,0.124583,0.865052,0.475064,0.429231,-0.016525,0.015711,-0.048191,0.679232,0.681163,0.267961,0.140988,-0.125877,0.194569,0.219443,-0.361057,0.634532,0.647034
2026-04-21T02:52:39.062101+00:00,5.303282,1776739959062101100,0.297005,0.489225,0.080046,-0.102019,0.125600,0.865274,0.474013,0.430003,-0.016729,0.016283,-0.047948,0.679616,0.681590,0.266907,0.140590,-0.125200,0.194442,0.214586,-0.361131,0.632940,0.650400
2026-04-21T02:52:39.079157+00:00,5.320337,1776739959079156700,0.298236,0.489644,0.079673,-0.102276,0.126518,0.865784,0.473220,0.430502,-0.016821,0.017098,-0.047814,0.680152,0.681594,0.266046,0.139692,-0.122389,0.193590,0.208978,-0.363377,0.633493,0.650385
2026-04-21T02:52:39.096287+00:00,5.337467,1776739959096286800,0.299373,0.490091,0.079396,-0.102434,0.127534,0.866015,0.472146,0.431026,-0.016877,0.017837,-0.047717,0.680191,0.682055,0.265285,0.138345,-0.117907,0.192410,0.202349,-0.368083,0.635440,0.647830
2026-04-21T02:52:39.113188+00:00,5.354369,1776739959113188300,0.300449,0.490544,0.079211,-0.102817,0.128663,0.866879,0.470740,0.431342,-0.016843,0.018650,-0.047634,0.679726,0.682040,0.264531,0.136968,-0.111711,0.191447,0.192094,-0.376185,0.635862,0.646040
2026-04-21T02:52:39.130309+00:00,5.371490,1776739959130309100,0.301568,0.491014,0.079163,-0.103179,0.130010,0.867152,0.469343,0.431665,-0.016696,0.019268,-0.047414,0.679643,0.682906,0.263545,0.135187,-0.103953,0.190795,0.180111,-0.388046,0.635279,0.642614
2026-04-21T02:52:39.147390+00:00,5.388571,1776739959147390000,0.302556,0.491383,0.079107,-0.103579,0.131380,0.867840,0.468224,0.431807,-0.016445,0.019898,-0.047003,0.678734,0.684365,0.262174,0.133066,-0.094639,0.190222,0.168727,-0.402395,0.635672,0.637301
2026-04-21T02:52:39.164536+00:00,5.405717,1776739959164535900,0.303598,0.491773,0.079115,-0.104158,0.132895,0.867684,0.467239,0.431911,-0.016181,0.020321,-0.046565,0.677807,0.685861,0.261271,0.130597,-0.084493,0.189838,0.157105,-0.418134,0.635646,0.629608
2026-04-21T02:52:39.181993+00:00,5.423174,1776739959181993300,0.304553,0.492092,0.079109,-0.104855,0.134517,0.868178,0.466236,0.431694,-0.015982,0.020774,-0.046576,0.676472,0.687435,0.260593,0.128072,-0.073697,0.190127,0.144566,-0.434363,0.637047,0.620648
2026-04-21T02:52:39.198689+00:00,5.439870,1776739959198689100,0.305277,0.492395,0.079104,-0.105620,0.136037,0.868204,0.465381,0.431579,-0.015775,0.021038,-0.047051,0.675148,0.689060,0.259940,0.125710,-0.063413,0.191365,0.132654,-0.448644,0.638576,0.610776
2026-04-21T02:52:39.215925+00:00,5.457105,1776739959215924500,0.305974,0.492653,0.079092,-0.106593,0.137538,0.868193,0.464400,0.431165,-0.015660,0.021227,-0.047504,0.673550,0.690188,0.259145,0.123424,-0.053134,0.193802,0.123306,-0.461605,0.640996,0.600579
2026-04-21T02:52:39.233819+00:00,5.474999,1776739959233818600,0.306546,0.492833,0.079040,-0.107711,0.139124,0.868667,0.463623,0.430703,-0.015670,0.021300,-0.047915,0.672488,0.691743,0.258635,0.121720,-0.044007,0.198240,0.117156,-0.471282,0.643915,0.591503
2026-04-21T02:52:39.250898+00:00,5.492079,1776739959250898300,0.306903,0.493026,0.078946,-0.108897,0.140332,0.868646,0.462912,0.430123,-0.015579,0.021401,-0.048401,0.671627,0.692532,0.257916,0.120531,-0.035978,0.203744,0.112200,-0.478285,0.646057,0.584258
2026-04-21T02:52:39.267746+00:00,5.508926,1776739959267745800,0.307161,0.493216,0.078836,-0.109849,0.140983,0.868164,0.462409,0.429464,-0.015950,0.021140,-0.049033,0.671434,0.693239,0.257093,0.120040,-0.029510,0.210597,0.108542,-0.482005,0.647306,0.580502
2026-04-21T02:52:39.284800+00:00,5.525980,1776739959284799400,0.307316,0.493393,0.078584,-0.110702,0.141373,0.868655,0.462137,0.428686,-0.016566,0.020810,-0.049642,0.671319,0.693427,0.256613,0.119903,-0.024225,0.218813,0.106703,-0.483330,0.647468,0.579126
2026-04-21T02:52:39.301869+00:00,5.543050,1776739959301868900,0.307318,0.493669,0.078226,-0.111614,0.141487,0.868670,0.461609,0.427893,-0.017283,0.020398,-0.049941,0.671740,0.693079,0.256638,0.120139,-0.020672,0.227797,0.105980,-0.483422,0.647908,0.579124
2026-04-21T02:52:39.318875+00:00,5.560056,1776739959318875300,0.307279,0.493860,0.077961,-0.112430,0.141434,0.868693,0.461088,0.426989,-0.018221,0.020143,-0.050066,0.672245,0.692602,0.257303,0.121001,-0.018150,0.237394,0.105836,-0.482652,0.649438,0.578110
2026-04-21T02:52:39.335938+00:00,5.577119,1776739959335938200,0.307119,0.494183,0.077442,-0.112890,0.141005,0.869217,0.460559,0.426060,-0.019232,0.019899,-0.050385,0.672318,0.692020,0.258350,0.122042,-0.017121,0.246968,0.106044,-0.480719,0.652738,0.575951
2026-04-21T02:52:39.353065+00:00,5.594246,1776739959353065100,0.306472,0.494814,0.076724,-0.113084,0.140446,0.869274,0.459997,0.424978,-0.020281,0.019716,-0.051009,0.672364,0.691451,0.259170,0.123842,-0.017154,0.257180,0.107897,-0.475754,0.655839,0.575747
2026-04-21T02:52:39.370040+00:00,5.611221,1776739959370039900,0.305772,0.495338,0.076043,-0.113068,0.139946,0.869846,0.459126,0.423852,-0.021348,0.019561,-0.051630,0.672355,0.691092,0.260030,0.126159,-0.019998,0.268003,0.112573,-0.467972,0.656791,0.580669
2026-04-21T02:52:39.387100+00:00,5.628281,1776739959387100400,0.305108,0.495889,0.075414,-0.112868,0.139567,0.870553,0.458092,0.422646,-0.022419,0.019303,-0.051974,0.672085,0.690585,0.261288,0.128796,-0.024623,0.279339,0.120071,-0.458477,0.654348,0.589257
2026-04-21T02:52:39.404396+00:00,5.645577,1776739959404395900,0.304331,0.496460,0.074720,-0.112706,0.138958,0.871468,0.456927,0.421405,-0.023546,0.019220,-0.052306,0.671663,0.690522,0.263013,0.131513,-0.030848,0.290249,0.129091,-0.449513,0.649833,0.598853
2026-04-21T02:52:39.421220+00:00,5.662400,1776739959421219600,0.303697,0.496979,0.074185,-0.112805,0.138394,0.872110,0.455742,0.420114,-0.024771,0.019456,-0.052839,0.671258,0.690458,0.265189,0.134141,-0.037766,0.300519,0.138658,-0.441804,0.645080,0.607917
2026-04-21T02:52:39.438384+00:00,5.679565,1776739959438384500,0.303009,0.497484,0.073578,-0.113156,0.137881,0.872623,0.454715,0.418837,-0.026001,0.019891,-0.053796,0.670263,0.689968,0.267961,0.136722,-0.045282,0.309642,0.147931,-0.433934,0.640798,0.615884
2026-04-21T02:52:39.455260+00:00,5.696440,1776739959455259600,0.302510,0.497854,0.073118,-0.113771,0.137361,0.873114,0.453970,0.417486,-0.027367,0.020512,-0.055320,0.668737,0.690007,0.271192,0.139326,-0.052874,0.317943,0.156271,-0.426185,0.636976,0.623300
2026-04-21T02:52:39.472283+00:00,5.713464,1776739959472283000,0.301931,0.498121,0.072624,-0.114530,0.137025,0.873078,0.453518,0.416140,-0.028824,0.021381,-0.057238,0.667264,0.689594,0.275196,0.141843,-0.060584,0.325042,0.163117,-0.417851,0.633129,0.630758
2026-04-21T02:52:39.489377+00:00,5.730558,1776739959489377000,0.301508,0.498203,0.072249,-0.115590,0.137089,0.872995,0.453376,0.414741,-0.030523,0.022510,-0.059557,0.666162,0.688662,0.280514,0.144254,-0.068166,0.331174,0.170170,-0.408616,0.630553,0.637944
2026-04-21T02:52:39.506362+00:00,5.747542,1776739959506361800,0.301110,0.498150,0.071874,-0.116936,0.137139,0.872859,0.453820,0.413414,-0.032386,0.023918,-0.062598,0.665080,0.686622,0.287300,0.146322,-0.075146,0.336104,0.178575,-0.399620,0.628079,0.643042
2026-04-21T02:52:39.523394+00:00,5.764575,1776739959523393900,0.300814,0.498094,0.071636,-0.118626,0.137448,0.872082,0.454819,0.412052,-0.034397,0.025556,-0.066266,0.664183,0.684056,0.294477,0.148226,-0.081474,0.340145,0.186854,-0.391217,0.627159,0.647315
2026-04-21T02:52:39.540406+00:00,5.781586,1776739959540405400,0.300441,0.497750,0.071431,-0.120388,0.137453,0.871062,0.455603,0.410671,-0.036449,0.027171,-0.070422,0.664126,0.681238,0.300864,0.149814,-0.086758,0.343095,0.192328,-0.385456,0.625771,0.650396
2026-04-21T02:52:39.557169+00:00,5.798349,1776739959557168800,0.300146,0.497364,0.071323,-0.122115,0.137430,0.870568,0.456333,0.409261,-0.038431,0.028624,-0.074628,0.663754,0.678455,0.305753,0.150888,-0.091329,0.345260,0.195562,-0.382520,0.624308,0.652554
2026-04-21T02:52:39.574230+00:00,5.815411,1776739959574230100,0.299708,0.497046,0.071266,-0.123736,0.137029,0.870556,0.456583,0.407794,-0.040494,0.030090,-0.078702,0.663272,0.676865,0.310103,0.151706,-0.095331,0.346775,0.198570,-0.381382,0.621712,0.654690
2026-04-21T02:52:39.591223+00:00,5.832404,1776739959591223000,0.299337,0.496869,0.071217,-0.125256,0.136649,0.870046,0.456874,0.406225,-0.042539,0.031705,-0.082293,0.662698,0.674360,0.315477,0.152261,-0.099091,0.347934,0.202535,-0.380423,0.618950,0.656707
2026-04-21T02:52:39.608102+00:00,5.849283,1776739959608102200,0.298612,0.496523,0.071154,-0.126668,0.136255,0.869510,0.457685,0.404723,-0.044519,0.033479,-0.085149,0.662193,0.671849,0.320768,0.152557,-0.102386,0.348713,0.207436,-0.378347,0.617143,0.657747
2026-04-21T02:52:39.625151+00:00,5.866331,1776739959625150600,0.297595,0.495912,0.071301,-0.128064,0.135816,0.869004,0.458212,0.403109,-0.046507,0.035197,-0.087411,0.661708,0.669667,0.325351,0.152832,-0.105422,0.349314,0.211800,-0.376228,0.616130,0.658836
2026-04-21T02:52:39.642215+00:00,5.883396,1776739959642215000,0.296514,0.495551,0.071467,-0.128992,0.134966,0.868534,0.458957,0.401548,-0.048397,0.036893,-0.089744,0.661096,0.668028,0.329669,0.152984,-0.107660,0.349662,0.214724,-0.374938,0.616462,0.658132
2026-04-21T02:52:39.659239+00:00,5.900420,1776739959659239200,0.295289,0.495172,0.071720,-0.129632,0.134081,0.868535,0.459512,0.399866,-0.050139,0.038380,-0.092434,0.660000,0.667417,0.332758,0.153008,-0.109302,0.349864,0.216209,-0.375745,0.617513,0.656261
2026-04-21T02:52:39.676282+00:00,5.917463,1776739959676282000,0.293790,0.494805,0.071981,-0.129635,0.132906,0.868157,0.460472,0.398138,-0.051732,0.039813,-0.094717,0.659352,0.666111,0.335351,0.152791,-0.110460,0.349969,0.216781,-0.377677,0.617791,0.654480
2026-04-21T02:52:39.693420+00:00,5.934600,1776739959693419700,0.292144,0.494482,0.072336,-0.129488,0.131740,0.867644,0.461276,0.396403,-0.053344,0.041330,-0.096028,0.658751,0.664685,0.338573,0.152103,-0.111345,0.349759,0.216445,-0.380518,0.616505,0.654174
2026-04-21T02:52:39.710422+00:00,5.951602,1776739959710421700,0.290352,0.494101,0.072658,-0.129053,0.130869,0.867459,0.462308,0.394707,-0.054957,0.042975,-0.096767,0.658710,0.663173,0.341929,0.151498,-0.111774,0.349440,0.215075,-0.383428,0.613901,0.655671
2026-04-21T02:52:39.727338+00:00,5.968519,1776739959727338200,0.288483,0.493748,0.073013,-0.128836,0.130075,0.867104,0.463360,0.392954,-0.056510,0.044654,-0.097496,0.658759,0.661027,0.345867,0.150537,-0.111809,0.348872,0.211553,-0.386590,0.610764,0.657755
2026-04-21T02:52:39.744412+00:00,5.985593,1776739959744411900,0.286408,0.493446,0.073349,-0.128428,0.129115,0.866602,0.464402,0.391194,-0.057919,0.046331,-0.098382,0.658037,0.659671,0.349536,0.149539,-0.111326,0.348065,0.207583,-0.390556,0.609358,0.658172
2026-04-21T02:52:39.761500+00:00,6.002680,1776739959761499700,0.284252,0.493120,0.073761,-0.128040,0.127916,0.866621,0.465375,0.389342,-0.059192,0.047938,-0.099580,0.657347,0.658293,0.352677,0.148324,-0.109723,0.346995,0.203824,-0.394004,0.610188,0.656536
2026-04-21T02:52:39.778482+00:00,6.019663,1776739959778482500,0.281909,0.492877,0.074139,-0.127632,0.126480,0.865999,0.466414,0.387475,-0.060393,0.049587,-0.100729,0.656301,0.657742,0.355579,0.146723,-0.107275,0.345491,0.199383,-0.396965,0.612179,0.654036
2026-04-21T02:52:39.795510+00:00,6.036691,1776739959795510300,0.279475,0.492608,0.074629,-0.127327,0.125061,0.865737,0.467240,0.385550,-0.061556,0.051285,-0.101458,0.655240,0.657215,0.358477,0.144848,-0.103971,0.343618,0.193107,-0.401093,0.614393,0.651402
2026-04-21T02:52:39.812554+00:00,6.053735,1776739959812554100,0.276846,0.492296,0.075042,-0.127192,0.123432,0.865713,0.468537,0.383624,-0.062750,0.053101,-0.102331,0.653587,0.656964,0.362147,0.142416,-0.099934,0.341208,0.185266,-0.406890,0.615977,0.648556
2026-04-21T02:52:39.829638+00:00,6.070819,1776739959829637900,0.274100,0.492041,0.075582,-0.126917,0.121578,0.865211,0.469584,0.381620,-0.063867,0.055170,-0.103922,0.651571,0.656192,0.366514,0.139305,-0.095028,0.338122,0.176165,-0.414856,0.617109,0.644926
2026-04-21T02:52:39.846635+00:00,6.087815,1776739959846634700,0.271087,0.491897,0.076121,-0.126384,0.119395,0.865241,0.470559,0.379596,-0.064979,0.057347,-0.106450,0.648812,0.655714,0.371138,0.135497,-0.089446,0.334131,0.165128,-0.424755,0.617662,0.640747
2026-04-21T02:52:39.863662+00:00,6.104843,1776739959863662400,0.267944,0.491871,0.076747,-0.125829,0.116999,0.865276,0.471048,0.377524,-0.066125,0.059628,-0.109812,0.645272,0.656107,0.375430,0.131094,-0.083205,0.329145,0.151810,-0.436091,0.618211,0.635969
2026-04-21T02:52:39.880690+00:00,6.121871,1776739959880690000,0.264551,0.491929,0.077373,-0.125036,0.114437,0.865295,0.471315,0.375384,-0.067380,0.062025,-0.113921,0.641722,0.657054,0.379479,0.126453,-0.076358,0.323504,0.137484,-0.448074,0.619897,0.629372
2026-04-21T02:52:39.897831+00:00,6.139011,1776739959897830800,0.261078,0.491991,0.078020,-0.124391,0.111906,0.865810,0.471795,0.373238,-0.068787,0.064624,-0.119198,0.636954,0.657681,0.383553,0.121209,-0.069031,0.316642,0.123099,-0.459896,0.622941,0.620642
2026-04-21T02:52:39.914740+00:00,6.155920,1776739959914739800,0.257469,0.492024,0.078675,-0.123748,0.109381,0.866190,0.471925,0.371040,-0.070367,0.067458,-0.125552,0.632512,0.658030,0.388328,0.115417,-0.061568,0.308817,0.108762,-0.471332,0.625905,0.611447
2026-04-21T02:52:39.931962+00:00,6.173143,1776739959931962000,0.253651,0.492286,0.079291,-0.123153,0.106676,0.866713,0.471675,0.368871,-0.072443,0.070713,-0.133096,0.628103,0.657769,0.394016,0.109338,-0.054241,0.300294,0.093477,-0.482426,0.628086,0.603084
2026-04-21T02:52:39.948874+00:00,6.190054,1776739959948873600,0.249821,0.492613,0.079900,-0.122670,0.103865,0.867198,0.471680,0.366780,-0.074806,0.074077,-0.142125,0.624312,0.656002,0.399263,0.102878,-0.047284,0.291116,0.078779,-0.493842,0.630106,0.594232
2026-04-21T02:52:39.965948+00:00,6.207129,1776739959965947900,0.245800,0.492930,0.080410,-0.122426,0.100946,0.867219,0.471717,0.364676,-0.077620,0.077609,-0.152663,0.620711,0.654118,0.404628,0.096313,-0.040854,0.281641,0.065331,-0.504500,0.631258,0.585204
2026-04-21T02:52:39.983001+00:00,6.224182,1776739959983001300,0.241765,0.493196,0.080843,-0.122685,0.098354,0.867190,0.472230,0.362644,-0.080695,0.081309,-0.163005,0.617457,0.651870,0.409431,0.089320,-0.035026,0.271676,0.053716,-0.514558,0.632321,0.576735
2026-04-21T02:52:40.000031+00:00,6.241212,1776739960000031200,0.237681,0.493450,0.081204,-0.123246,0.095962,0.867184,0.472492,0.360659,-0.083939,0.084968,-0.173343,0.613656,0.649706,0.414318,0.082439,-0.030043,0.261768,0.044083,-0.524184,0.632082,0.568821
2026-04-21T02:52:40.017193+00:00,6.258374,1776739960017193100,0.233453,0.493690,0.081478,-0.123699,0.093490,0.867212,0.472733,0.358661,-0.087358,0.088760,-0.183095,0.608047,0.648066,0.419757,0.075294,-0.026002,0.251623,0.037463,-0.533228,0.631199,0.561849
2026-04-21T02:52:40.034161+00:00,6.275342,1776739960034160900,0.229274,0.493942,0.081765,-0.123722,0.090905,0.867761,0.472927,0.356641,-0.090924,0.092733,-0.192088,0.602190,0.647537,0.426355,0.068563,-0.022978,0.241884,0.033446,-0.540504,0.630239,0.556173
2026-04-21T02:52:40.051626+00:00,6.292807,1776739960051626000,0.224815,0.494275,0.081996,-0.123711,0.088286,0.867811,0.472867,0.354649,-0.094461,0.096877,-0.200708,0.595222,0.646649,0.433457,0.061547,-0.020611,0.231898,0.031672,-0.546675,0.629180,0.551141
2026-04-21T02:52:40.068574+00:00,6.309755,1776739960068574100,0.220588,0.494643,0.082225,-0.123980,0.085961,0.868360,0.472479,0.352736,-0.097873,0.101192,-0.207168,0.587334,0.645445,0.441515,0.055120,-0.019064,0.222578,0.031238,-0.552527,0.628125,0.547354
2026-04-21T02:52:40.085845+00:00,6.327026,1776739960085845000,0.216275,0.495124,0.082409,-0.124588,0.083782,0.868716,0.471834,0.350881,-0.101262,0.105502,-0.214101,0.579774,0.645017,0.449387,0.048488,-0.018020,0.213176,0.031609,-0.557595,0.626191,0.544226
2026-04-21T02:52:40.102832+00:00,6.344012,1776739960102831600,0.212002,0.495633,0.082549,-0.125083,0.081685,0.869228,0.471080,0.349088,-0.104328,0.109606,-0.221124,0.573170,0.644230,0.455822,0.042363,-0.017522,0.204422,0.032294,-0.562336,0.624118,0.542054
2026-04-21T02:52:40.119896+00:00,6.361077,1776739960119896200,0.207650,0.496137,0.082649,-0.125232,0.079410,0.869758,0.470570,0.347440,-0.107152,0.113493,-0.227537,0.566661,0.643719,0.461573,0.036214,-0.017322,0.195819,0.032987,-0.566599,0.620958,0.540479
2026-04-21T02:52:40.136891+00:00,6.378072,1776739960136890900,0.203217,0.496658,0.082720,-0.124893,0.076967,0.870301,0.470033,0.345882,-0.109808,0.117162,-0.233894,0.560783,0.642748,0.466363,0.030562,-0.017075,0.187800,0.033636,-0.571367,0.617629,0.539491
2026-04-21T02:52:40.153954+00:00,6.395135,1776739960153953900,0.198743,0.497197,0.082774,-0.124434,0.074439,0.870822,0.469492,0.344418,-0.112452,0.120700,-0.239758,0.555966,0.641218,0.471362,0.024940,-0.017522,0.179932,0.034675,-0.575155,0.615394,0.537980
2026-04-21T02:52:40.170974+00:00,6.412155,1776739960170974100,0.194311,0.497676,0.082814,-0.124055,0.071971,0.871320,0.468763,0.342997,-0.115162,0.124217,-0.245047,0.551564,0.639646,0.475979,0.019668,-0.018419,0.172618,0.036464,-0.578019,0.613184,0.536855
2026-04-21T02:52:40.188000+00:00,6.429181,1776739960188000300,0.189925,0.498048,0.082789,-0.123601,0.069478,0.872068,0.468506,0.341798,-0.118004,0.127473,-0.250212,0.547315,0.637704,0.480856,0.014666,-0.019366,0.165719,0.038856,-0.580249,0.612032,0.536270
2026-04-21T02:52:40.205039+00:00,6.446220,1776739960205039200,0.185423,0.498378,0.082533,-0.122810,0.066932,0.872083,0.468761,0.340642,-0.120786,0.130702,-0.255160,0.542998,0.635550,0.486231,0.010002,-0.020589,0.159415,0.042066,-0.581877,0.610890,0.535300
2026-04-21T02:52:40.222092+00:00,6.463273,1776739960222092000,0.180975,0.498635,0.082248,-0.121601,0.064374,0.872600,0.468761,0.339684,-0.123321,0.133706,-0.259667,0.539005,0.633274,0.491034,0.005442,-0.021975,0.153341,0.045952,-0.582894,0.610800,0.533405
2026-04-21T02:52:40.239107+00:00,6.480288,1776739960239107100,0.176555,0.498910,0.081893,-0.120205,0.061777,0.873140,0.468711,0.338845,-0.125662,0.136441,-0.260648,0.537257,0.630554,0.495849,0.001234,-0.023426,0.147615,0.049856,-0.584018,0.611530,0.531335
2026-04-21T02:52:40.256152+00:00,6.497333,1776739960256151900,0.172270,0.499211,0.081464,-0.118709,0.059505,0.873661,0.468437,0.338034,-0.127668,0.138876,-0.264946,0.534854,0.628272,0.499094,-0.002724,-0.025202,0.142321,0.053148,-0.585001,0.613375,0.528150
2026-04-21T02:52:40.273559+00:00,6.514739,1776739960273558600,0.168034,0.499563,0.080967,-0.117442,0.057485,0.873685,0.468167,0.337075,-0.129405,0.141021,-0.269365,0.531191,0.626599,0.502529,-0.006442,-0.027143,0.137433,0.056245,-0.585505,0.614964,0.525029
2026-04-21T02:52:40.290315+00:00,6.531496,1776739960290315300,0.164108,0.499935,0.080433,-0.116291,0.055628,0.874234,0.467830,0.336036,-0.130904,0.142917,-0.272331,0.527085,0.625534,0.506122,-0.009827,-0.029337,0.133211,0.059473,-0.585908,0.616192,0.523118
2026-04-21T02:52:40.307150+00:00,6.548331,1776739960307150200,0.160378,0.500193,0.080119,-0.115078,0.053720,0.874981,0.466821,0.334781,-0.132811,0.144730,-0.275150,0.522160,0.625490,0.510267,-0.012871,-0.031783,0.129830,0.063466,-0.585961,0.615576,0.522986
2026-04-21T02:52:40.324246+00:00,6.565427,1776739960324245900,0.156659,0.500767,0.079489,-0.113762,0.051824,0.875970,0.465679,0.333566,-0.131861,0.145582,-0.271978,0.518634,0.631149,0.508551,-0.015777,-0.034458,0.126947,0.068109,-0.585853,0.614221,0.524084
2026-04-21T02:52:40.341369+00:00,6.582550,1776739960341369200,0.153098,0.501369,0.078741,-0.112609,0.050271,0.877046,0.464474,0.332149,-0.130956,0.146866,-0.273291,0.512864,0.634943,0.509102,-0.018442,-0.036940,0.124689,0.072613,-0.586802,0.611129,0.526209
2026-04-21T02:52:40.358367+00:00,6.599547,1776739960358366600,0.149740,0.501808,0.078059,-0.111788,0.048831,0.877512,0.463529,0.330743,-0.130489,0.148289,-0.276107,0.504784,0.636899,0.512780,-0.021067,-0.039249,0.122638,0.076344,-0.588336,0.607973,0.527329
2026-04-21T02:52:40.375397+00:00,6.616578,1776739960375396900,0.146581,0.502180,0.077352,-0.111255,0.047390,0.878007,0.462790,0.329224,-0.130428,0.149732,-0.279535,0.496783,0.639293,0.516416,-0.023678,-0.041133,0.120611,0.079028,-0.590317,0.605481,0.527348
2026-04-21T02:52:40.392456+00:00,6.633637,1776739960392455900,0.143596,0.502513,0.076571,-0.111037,0.045784,0.878529,0.462244,0.327759,-0.129479,0.150827,-0.281522,0.489108,0.642620,0.517890,-0.026100,-0.042514,0.118681,0.080365,-0.593154,0.603876,0.526232
2026-04-21T02:52:40.409524+00:00,6.650705,1776739960409524300,0.140762,0.502855,0.075804,-0.110934,0.044030,0.879065,0.461676,0.326436,-0.128892,0.152216,-0.282665,0.482518,0.644110,0.522354,-0.028391,-0.043222,0.116847,0.080784,-0.596102,0.603407,0.524080
2026-04-21T02:52:40.426552+00:00,6.667732,1776739960426551800,0.138048,0.503209,0.075057,-0.110877,0.042261,0.879594,0.460869,0.325272,-0.128578,0.153755,-0.283511,0.477126,0.642735,0.528179,-0.030599,-0.043694,0.115148,0.080775,-0.598371,0.602387,0.521953
2026-04-21T02:52:40.444072+00:00,6.685252,1776739960444071400,0.135331,0.503606,0.074279,-0.110715,0.040561,0.879892,0.459947,0.324194,-0.128120,0.155200,-0.284794,0.471964,0.642251,0.532334,-0.032569,-0.043929,0.113936,0.080679,-0.601203,0.601222,0.520191
2026-04-21T02:52:40.461198+00:00,6.702379,1776739960461198400,0.132675,0.503978,0.073465,-0.110439,0.038982,0.880423,0.459150,0.323225,-0.127773,0.156486,-0.286356,0.466140,0.642432,0.537122,-0.034278,-0.044086,0.113067,-0.080736,0.603300,-0.600204,-0.519661
2026-04-21T02:52:40.478505+00:00,6.719686,1776739960478505000,0.130162,0.504338,0.072649,-0.109809,0.037282,0.881447,0.458357,0.322165,-0.127475,0.157897,-0.286349,0.461152,0.641274,0.541935,-0.035976,-0.044038,0.112368,-0.080755,0.604922,-0.599135,-0.518117
2026-04-21T02:52:40.495263+00:00,6.736444,1776739960495263100,0.127624,0.504700,0.071818,-0.108991,0.035493,0.881958,0.457363,0.321174,-0.127325,0.159107,-0.285092,0.456469,0.640681,0.547226,-0.037490,-0.044060,0.111763,-0.080478,0.606359,-0.599001,-0.516894
2026-04-21T02:52:40.512362+00:00,6.753542,1776739960512361700,0.125171,0.505020,0.070935,-0.108061,0.033777,0.882464,0.456864,0.320105,-0.127197,0.160161,-0.283927,0.451447,0.640465,0.552665,-0.038741,-0.043663,0.111426,-0.080007,0.607499,-0.599424,-0.515313
2026-04-21T02:52:40.529431+00:00,6.770612,1776739960529430900,0.122696,0.505312,0.070064,-0.107137,0.032084,0.882945,0.456389,0.318830,-0.127078,0.160958,-0.283679,0.445995,0.642841,0.554113,-0.040021,-0.043121,0.111168,-0.079417,0.608103,-0.599911,-0.513722
2026-04-21T02:52:40.546416+00:00,6.787597,1776739960546416100,0.120346,0.505671,0.069178,-0.106134,0.030283,0.883052,0.455741,0.317488,-0.126705,0.161588,-0.284112,0.440783,0.645828,0.555125,-0.041177,-0.042533,0.111036,-0.078873,0.609052,-0.600208,-0.511897
2026-04-21T02:52:40.564053+00:00,6.805234,1776739960564053100,0.117966,0.506070,0.068282,-0.104948,0.028474,0.884107,0.454632,0.316045,-0.126128,0.162147,-0.285462,0.435346,0.648024,0.555703,-0.042340,-0.041895,0.110880,-0.078303,0.610189,-0.600946,-0.510581
2026-04-21T02:52:40.580926+00:00,6.822107,1776739960580926100,0.115744,0.506554,0.067453,-0.103755,0.026897,0.884809,0.453548,0.314640,-0.125538,0.162613,-0.287358,0.429390,0.650054,0.557484,-0.043398,-0.041274,0.110774,-0.077737,0.610715,-0.601467,-0.509036
2026-04-21T02:52:40.598035+00:00,6.839216,1776739960598035200,0.113435,0.507130,0.066735,-0.102355,0.025331,0.885859,0.451971,0.313115,-0.124572,0.162968,-0.288606,0.422785,0.652147,0.559113,-0.044463,-0.040630,0.110626,-0.077018,0.611745,-0.602010,-0.507450
2026-04-21T02:52:40.615048+00:00,6.856228,1776739960615047700,0.111217,0.507704,0.066032,-0.100625,0.023656,0.886909,0.450643,0.311758,-0.123209,0.163144,-0.287754,0.417355,0.655013,0.560459,-0.045669,-0.039952,0.110309,-0.076341,0.612383,-0.602769,-0.505653
2026-04-21T02:52:40.632082+00:00,6.873262,1776739960632081400,0.108949,0.508308,0.065485,-0.098691,0.021918,0.887960,0.449069,0.310684,-0.120789,0.163095,-0.284796,0.415110,0.657640,0.560411,-0.046883,-0.039273,0.109844,-0.075853,0.613470,-0.603196,-0.504140
2026-04-21T02:52:40.649121+00:00,6.890302,1776739960649121300,0.106747,0.508861,0.064992,-0.096699,0.020222,0.888990,0.447533,0.309855,-0.117387,0.162390,-0.280030,0.416766,0.660403,0.558217,-0.048054,-0.038620,0.109259,-0.075465,0.614315,-0.604063,-0.502306
2026-04-21T02:52:40.666120+00:00,6.907300,1776739960666119700,0.104475,0.509419,0.064582,-0.094482,0.018426,0.889518,0.446275,0.309291,-0.112132,0.161389,-0.271244,0.424962,0.662872,0.553838,-0.049388,-0.037966,0.108486,-0.075062,0.614562,-0.604403,-0.500814
2026-04-21T02:52:40.683223+00:00,6.924403,1776739960683222700,0.102304,0.509882,0.064268,-0.092123,0.016450,0.890533,0.445023,0.309594,-0.105403,0.160257,-0.259072,0.437957,0.663948,0.547722,-0.050616,-0.037420,0.107619,-0.074978,0.615567,-0.604902,-0.500047
2026-04-21T02:52:40.700261+00:00,6.941442,1776739960700261400,0.100109,0.510378,0.064098,-0.089624,0.014333,0.891592,0.443616,0.310188,-0.097240,0.159173,-0.245132,0.455146,0.664942,0.538765,-0.051971,-0.036874,0.106485,-0.075204,0.616085,-0.605386,-0.498556
2026-04-21T02:52:40.717328+00:00,6.958509,1776739960717328000,0.098027,0.510835,0.063928,-0.087038,0.012062,0.892690,0.442223,0.311124,-0.088075,0.158174,-0.228989,0.474421,0.666292,0.527820,-0.053454,-0.036305,0.105048,-0.075478,0.617023,-0.605673,-0.496648
2026-04-21T02:52:40.734336+00:00,6.975517,1776739960734336200,0.095899,0.511319,0.063808,-0.084317,0.009727,0.893663,0.441015,0.311936,-0.078139,0.157752,-0.210363,0.494253,0.668437,0.514422,-0.054927,-0.035806,0.103452,-0.075677,0.618094,-0.606425,-0.494499
2026-04-21T02:52:40.751327+00:00,6.992508,1776739960751326900,0.093904,0.511712,0.063645,-0.081436,0.007352,0.894182,0.440010,0.312794,-0.067989,0.157825,-0.189600,0.512354,0.671910,0.499899,-0.056446,-0.035396,0.101731,-0.075798,0.619521,-0.606579,-0.492793
2026-04-21T02:52:40.769452+00:00,7.010633,1776739960769452200,0.091863,0.512036,0.063438,-0.078474,0.005067,0.895197,0.439001,0.313268,-0.057517,0.158712,-0.168788,0.528441,0.677422,0.483480,-0.058080,-0.035200,0.099916,-0.076142,0.620489,-0.606235,-0.491431
2026-04-21T02:52:40.785512+00:00,7.026692,1776739960785511600,0.090062,0.512303,0.063159,-0.075504,0.003065,0.895695,0.438513,0.313597,-0.047872,0.159881,-0.152887,0.540416,0.683468,0.466553,-0.059611,-0.035096,0.098243,-0.076823,0.621991,-0.605376,-0.490273
2026-04-21T02:52:40.802547+00:00,7.043728,1776739960802547400,0.088342,0.512463,0.062957,-0.072496,0.001252,0.896219,0.437730,0.313520,-0.038751,0.162778,-0.140910,0.550044,0.688355,0.450840,-0.061195,-0.035266,0.096562,-0.077813,0.623569,-0.604335,-0.489488
2026-04-21T02:52:40.819599+00:00,7.060779,1776739960819598700,0.086720,0.512700,0.062564,-0.069448,-0.000413,0.896745,0.437183,0.313411,-0.030685,0.166901,-0.131965,0.558251,0.691555,0.438730,-0.062765,-0.035741,0.094950,-0.079216,0.625147,-0.603267,-0.488717
2026-04-21T02:52:40.836616+00:00,7.077797,1776739960836615900,0.084957,0.513222,0.061882,-0.066490,-0.001872,0.897491,0.436486,0.313045,-0.024264,0.173142,-0.125054,0.564611,0.691042,0.433453,-0.064335,-0.036335,0.093364,-0.080786,0.627216,-0.602223,-0.487904
2026-04-21T02:52:40.853731+00:00,7.094911,1776739960853730500,0.083488,0.513514,0.061362,-0.063549,-0.003111,0.898010,0.435717,0.312103,-0.019345,0.181040,-0.120097,0.570212,0.686542,0.434654,-0.065962,-0.037011,0.091828,-0.082361,0.628703,-0.600762,-0.487132
2026-04-21T02:52:40.870769+00:00,7.111950,1776739960870769000,0.081971,0.513883,0.060826,-0.060720,-0.004185,0.898021,0.435227,0.310749,-0.016038,0.190011,-0.116628,0.575135,0.680234,0.439397,-0.067589,-0.037686,0.090392,-0.083748,0.630793,-0.598691,-0.486351
2026-04-21T02:52:40.887684+00:00,7.128864,1776739960887683700,0.080664,0.514141,0.060150,-0.057918,-0.005154,0.898518,0.434985,0.309147,-0.013977,0.199663,-0.114377,0.577855,0.673587,0.446215,-0.069159,-0.038345,0.088998,-0.085298,0.632529,-0.597383,-0.485849
2026-04-21T02:52:40.904743+00:00,7.145924,1776739960904743000,0.079287,0.514449,0.059443,-0.055145,-0.006044,0.899015,0.434472,0.306964,-0.013306,0.209884,-0.114219,0.578426,0.666936,0.455376,-0.070739,-0.038897,0.087668,-0.086737,0.634058,-0.595813,-0.485141
2026-04-21T02:52:40.921816+00:00,7.162996,1776739960921815600,0.078064,0.514784,0.058623,-0.052554,-0.006756,0.899073,0.434136,0.304224,-0.013746,0.220631,-0.116689,0.575647,0.662380,0.465201,-0.072315,-0.039329,0.086361,-0.088127,0.636020,-0.593805,-0.484463
2026-04-21T02:52:40.938774+00:00,7.179955,1776739960938774000,0.076880,0.515174,0.057783,-0.050311,-0.007246,0.899866,0.433407,0.300904,-0.015446,0.231309,-0.120518,0.569012,0.660654,0.474421,-0.073858,-0.039628,0.085069,-0.089375,0.638090,-0.592206,-0.483474
2026-04-21T02:52:40.955887+00:00,7.197068,1776739960955886900,0.075787,0.515580,0.056856,-0.048222,-0.007677,0.900133,0.432728,0.297236,-0.018084,0.241915,-0.125232,0.559986,0.660760,0.483974,-0.075347,-0.039792,0.083763,-0.090394,0.640230,-0.591064,-0.482193
2026-04-21T02:52:40.972910+00:00,7.214091,1776739960972910400,0.074618,0.516095,0.055988,-0.046190,-0.008138,0.900717,0.431561,0.292926,-0.021897,0.252395,-0.132271,0.547923,0.661668,0.494689,-0.076785,-0.039808,0.082430,-0.091274,0.642349,-0.589957,-0.480654
2026-04-21T02:52:40.990068+00:00,7.231248,1776739960990067800,0.073463,0.516646,0.055132,-0.043854,-0.008837,0.901465,0.430245,0.288448,-0.026290,0.262676,-0.140840,0.534503,0.661552,0.506563,-0.078120,-0.039899,0.081104,-0.092018,0.644203,-0.589049,-0.479246
2026-04-21T02:52:41.007013+00:00,7.248194,1776739961007013100,0.072308,0.517202,0.054322,-0.041246,-0.009482,0.902490,0.428693,0.283745,-0.031516,0.272423,-0.149957,0.520935,0.659818,0.519945,-0.079368,-0.039451,0.079736,-0.093052,0.645961,-0.588383,-0.477098
2026-04-21T02:52:41.024114+00:00,7.265294,1776739961024113700,0.071131,0.517730,0.053523,-0.038467,-0.010034,0.903001,0.427439,0.278888,-0.037335,0.281642,-0.159230,0.507088,0.657357,0.534470,-0.080472,-0.038906,0.078380,-0.094180,0.647042,-0.588449,-0.475190
2026-04-21T02:52:41.041085+00:00,7.282265,1776739961041084600,0.069955,0.518211,0.052730,-0.035632,-0.010395,0.903480,0.426739,0.273931,-0.043366,0.290142,-0.168337,0.492664,0.654483,0.548053,-0.081453,-0.038253,0.077044,-0.095283,0.648159,-0.588486,-0.473952
2026-04-21T02:52:41.058010+00:00,7.299190,1776739961058009500,0.068847,0.518608,0.051905,-0.032818,-0.010518,0.903961,0.426027,0.269195,-0.049409,0.297810,-0.176978,0.477386,0.652827,0.560769,-0.082303,-0.037541,0.075816,-0.096373,0.649209,-0.588014,-0.473079
2026-04-21T02:52:41.075194+00:00,7.316375,1776739961075194200,0.067639,0.519068,0.051115,-0.029809,-0.010847,0.904776,0.425308,0.264535,-0.055475,0.304363,-0.186719,0.461505,0.651861,0.571723,-0.083066,-0.036832,0.074518,-0.097204,0.649706,-0.587584,-0.472486
2026-04-21T02:52:41.092152+00:00,7.333333,1776739961092151900,0.066368,0.519590,0.050329,-0.026384,-0.011548,0.905265,0.424088,0.260030,-0.061433,0.310407,-0.196108,0.445570,0.650938,0.582647,-0.083719,-0.036134,0.073271,-0.097655,0.650732,-0.586603,-0.472408
2026-04-21T02:52:41.109199+00:00,7.350379,1776739961109198600,0.065118,0.520116,0.049539,-0.022530,-0.012313,0.905836,0.422958,0.255891,-0.066960,0.315417,-0.204065,0.431544,0.649415,0.591853,-0.084347,-0.035463,0.071957,-0.097978,0.651282,-0.585523,-0.472447
2026-04-21T02:52:41.126209+00:00,7.367390,1776739961126209500,0.063842,0.520631,0.048767,-0.018589,-0.012914,0.906314,0.421756,0.251984,-0.072253,0.319657,-0.209930,0.420203,0.648083,0.599375,-0.084862,-0.034732,0.070600,-0.098472,0.652285,-0.585139,-0.471799
2026-04-21T02:52:41.143244+00:00,7.384425,1776739961143244200,0.062695,0.521058,0.047956,-0.014722,-0.013341,0.906815,0.421001,0.248584,-0.077200,0.322906,-0.212585,0.411722,0.646425,0.605890,-0.085398,-0.034028,0.069058,-0.099245,0.653069,-0.584827,-0.470609
2026-04-21T02:52:41.160308+00:00,7.401488,1776739961160307700,0.061689,0.521406,0.047147,-0.011007,-0.013686,0.907310,0.420253,0.245429,-0.081825,0.325699,-0.214227,0.404403,0.644763,0.612411,-0.085819,-0.033380,0.067509,-0.099649,0.654952,-0.584142,-0.469313
2026-04-21T02:52:41.177304+00:00,7.418484,1776739961177303700,0.060599,0.521804,0.046403,-0.007240,-0.014237,0.907318,0.419739,0.242556,-0.085824,0.328034,-0.215974,0.397767,0.643572,0.616890,-0.086243,-0.032949,0.066046,-0.099456,0.656940,-0.582385,-0.468502
2026-04-21T02:52:41.194363+00:00,7.435543,1776739961194362600,0.059734,0.522042,0.045640,-0.003247,-0.015078,0.907801,0.419250,0.240173,-0.089255,0.329599,-0.218791,0.391497,0.644204,0.619560,-0.086531,-0.032693,0.064795,-0.098745,0.659569,-0.579767,-0.468717
2026-04-21T02:52:41.211833+00:00,7.453014,1776739961211833200,0.058860,0.522279,0.044949,0.000791,-0.016022,0.907713,0.418705,0.238188,-0.091746,0.330454,-0.222392,0.385112,0.645845,0.620676,-0.086812,-0.032545,0.063567,-0.098137,0.661641,-0.577116,-0.468582
2026-04-21T02:52:41.228439+00:00,7.469620,1776739961228439400,0.058262,0.522380,0.044248,0.004539,-0.016771,0.908204,0.418697,0.236467,-0.093708,0.331118,-0.225314,0.379673,0.647190,0.621626,-0.086935,-0.032359,0.062386,-0.097769,0.663310,-0.575361,-0.468190
2026-04-21T02:52:41.245451+00:00,7.486631,1776739961245450800,0.057872,0.522474,0.043585,0.007809,-0.017342,0.908200,0.418700,0.235231,-0.095016,0.331439,-0.226309,0.376020,0.647507,0.623081,-0.086912,-0.032003,0.061203,-0.098014,0.665074,-0.574482,-0.467038
2026-04-21T02:52:41.262563+00:00,7.503743,1776739961262562500,0.057695,0.522556,0.042950,0.010526,-0.017703,0.907707,0.418706,0.234347,-0.095781,0.331560,-0.225403,0.375187,0.647602,0.623816,-0.087082,-0.031579,0.060020,-0.098231,0.666337,-0.574174,-0.465552
2026-04-21T02:52:41.279584+00:00,7.520765,1776739961279584500,0.057718,0.522597,0.042365,0.012599,-0.017825,0.907707,0.418704,0.233896,-0.096038,0.331301,-0.222737,0.376619,0.647093,0.624491,-0.086793,-0.031152,0.059112,-0.096695,0.667359,-0.573355,-0.464980
2026-04-21T02:52:41.296633+00:00,7.537814,1776739961296632900,0.057940,0.522614,0.041951,0.014136,-0.017867,0.907710,0.418699,0.233687,-0.095318,0.330493,-0.219550,0.379415,0.646447,0.624194,-0.086273,-0.030735,0.058425,-0.094008,0.668970,-0.572376,-0.465284
2026-04-21T02:52:41.313675+00:00,7.554856,1776739961313675200,0.058623,0.522597,0.041593,0.015246,-0.017794,0.907709,0.418701,0.233860,-0.093559,0.329214,-0.216746,0.382595,0.647354,0.622736,-0.085721,-0.030357,0.057888,-0.091178,0.669675,-0.570532,-0.466290
2026-04-21T02:52:41.330734+00:00,7.571914,1776739961330733700,0.059866,0.522615,0.041059,0.015785,-0.017409,0.907719,0.418691,0.234437,-0.091011,0.327743,-0.214188,0.385229,0.649076,0.619690,-0.084995,-0.029773,0.057438,-0.089858,0.670731,-0.570301,-0.465805
2026-04-21T02:52:41.347784+00:00,7.588964,1776739961347783700,0.061396,0.522630,0.040671,0.015812,-0.016675,0.907717,0.418941,0.235583,-0.087210,0.325527,-0.210368,0.387745,0.652911,0.616124,-0.084214,-0.028995,0.057066,-0.089173,0.671589,-0.570327,-0.464814
2026-04-21T02:52:41.364780+00:00,7.605961,1776739961364780400,0.063163,0.522631,0.040365,0.015215,-0.015478,0.907708,0.419208,0.236982,-0.082813,0.323053,-0.206011,0.390489,0.656954,0.611029,-0.083286,-0.028104,0.056835,-0.088715,0.672637,-0.571130,-0.461953
2026-04-21T02:52:41.381891+00:00,7.623072,1776739961381891500,0.065409,0.522664,0.040067,0.014002,-0.013764,0.907713,0.419451,0.239008,-0.077547,0.319831,-0.200948,0.394199,0.661868,0.605293,-0.082297,-0.027132,0.056683,-0.089633,0.673994,-0.572359,-0.458295
2026-04-21T02:52:41.399700+00:00,7.640881,1776739961399699900,0.068074,0.522816,0.039810,0.012252,-0.011581,0.907774,0.419385,0.241645,-0.071553,0.315842,-0.194844,0.399656,0.666133,0.598999,-0.081062,-0.026281,0.056955,-0.092800,0.675357,-0.573260,-0.454442
2026-04-21T02:52:41.415828+00:00,7.657008,1776739961415827400,0.070736,0.523097,0.039651,0.009887,-0.008920,0.907784,0.418824,0.244781,-0.065443,0.311418,-0.187073,0.407963,0.668919,0.592642,-0.079934,-0.025617,0.057107,-0.096022,0.676419,-0.572979,-0.452573
2026-04-21T02:52:41.433004+00:00,7.674185,1776739961433004000,0.073851,0.523427,0.039492,0.007100,-0.006080,0.908294,0.418290,0.248607,-0.058538,0.305979,-0.177664,0.417780,0.671094,0.585920,-0.078589,-0.025148,0.057934,-0.096753,0.677478,-0.571133,-0.453293
2026-04-21T02:52:41.450015+00:00,7.691195,1776739961450014600,0.077183,0.523760,0.039358,0.004085,-0.003215,0.908303,0.417775,0.252905,-0.051391,0.299962,-0.167629,0.428899,0.673064,0.578753,-0.077014,-0.024720,0.058771,-0.096100,0.678241,-0.570559,-0.453369
2026-04-21T02:52:41.467009+00:00,7.708190,1776739961467009300,0.080664,0.524077,0.039222,0.000843,-0.000391,0.908758,0.417586,0.257750,-0.043676,0.292469,-0.157337,0.440585,0.675813,0.569703,-0.075119,-0.024131,0.059535,-0.095651,0.677512,-0.571736,-0.452406
2026-04-21T02:52:41.484047+00:00,7.725228,1776739961484047300,0.084282,0.524423,0.039077,-0.002597,0.002422,0.908689,0.416997,0.262850,-0.035981,0.284505,-0.147218,0.452762,0.678283,0.559951,-0.073050,-0.023368,0.060249,-0.095628,0.676265,-0.574602,-0.451267
2026-04-21T02:52:41.501087+00:00,7.742268,1776739961501087000,0.087999,0.524789,0.038950,-0.006157,0.005159,0.909187,0.416727,0.268314,-0.028108,0.275245,-0.137285,0.464666,0.680059,0.549959,-0.070913,-0.022360,0.060866,-0.096652,0.674951,-0.577616,-0.448710
2026-04-21T02:52:41.518090+00:00,7.759270,1776739961518089700,0.091879,0.525102,0.038899,-0.009706,0.007834,0.909200,0.416201,0.274062,-0.020692,0.265475,-0.127702,0.476760,0.681661,0.540146,-0.068637,-0.021142,0.061296,-0.097936,0.673896,-0.582250,-0.444606
2026-04-21T02:52:41.535086+00:00,7.776267,1776739961535085900,0.095727,0.525493,0.038946,-0.013281,0.010457,0.909214,0.415665,0.279963,-0.013234,0.254676,-0.118409,0.488596,0.683615,0.529451,-0.066348,-0.019723,0.061525,-0.099445,0.672348,-0.586491,-0.439873
2026-04-21T02:52:41.552163+00:00,7.793343,1776739961552162600,0.099836,0.525735,0.039039,-0.017003,0.013285,0.909701,0.415150,0.285977,-0.006158,0.243324,-0.109415,0.500517,0.685538,0.516788,-0.064101,-0.018186,0.061668,-0.100189,0.671941,-0.590628,-0.435333
2026-04-21T02:52:41.569221+00:00,7.810402,1776739961569221100,0.103845,0.526024,0.039138,-0.020900,0.016240,0.909699,0.414631,0.292097,0.000703,0.230867,-0.100085,0.512894,0.688340,0.503161,-0.061927,-0.016723,0.061680,-0.100203,0.671725,-0.593962,-0.431440
2026-04-21T02:52:41.587449+00:00,7.828629,1776739961587448800,0.108231,0.526183,0.039276,-0.024967,0.019232,0.909677,0.414136,0.298534,0.007130,0.217602,-0.090026,0.525310,0.690750,0.488711,-0.059649,-0.015251,0.061742,-0.099897,0.672033,-0.596108,-0.427918
2026-04-21T02:52:41.604612+00:00,7.845793,1776739961604612200,0.112435,0.526312,0.039375,-0.028870,0.022042,0.909597,0.414013,0.304808,0.012898,0.203702,-0.080493,0.537224,0.693179,0.473756,-0.057437,-0.013807,0.061826,-0.099608,0.673211,-0.597044,-0.424697
2026-04-21T02:52:41.621412+00:00,7.862592,1776739961621411600,0.116549,0.526338,0.039447,-0.032429,0.024586,0.909138,0.414351,0.310735,0.017432,0.190322,-0.072102,0.548720,0.695369,0.458894,-0.055319,-0.012416,0.062035,-0.099415,0.674147,-0.598250,-0.421636
2026-04-21T02:52:41.638465+00:00,7.879646,1776739961638464900,0.120595,0.526295,0.039474,-0.035991,0.027235,0.908610,0.414890,0.316593,0.021391,0.176350,-0.063716,0.559811,0.696264,0.445139,-0.053157,-0.011014,0.062219,-0.099151,0.674666,-0.599473,-0.419108
2026-04-21T02:52:41.655231+00:00,7.896412,1776739961655230900,0.124706,0.526238,0.039515,-0.039539,0.030010,0.908099,0.415388,0.322170,0.024233,0.163053,-0.055815,0.570337,0.695839,0.432594,-0.050985,-0.009636,0.062444,-0.098105,0.673646,-0.601637,-0.417511
2026-04-21T02:52:41.672214+00:00,7.913394,1776739961672213600,0.128791,0.526127,0.039565,-0.043246,0.032847,0.908100,0.415613,0.327578,0.026615,0.149336,-0.047780,0.580971,0.695793,0.419504,-0.048687,-0.008106,0.062767,-0.096171,0.671979,-0.604884,-0.416283
2026-04-21T02:52:41.689316+00:00,7.930497,1776739961689316100,0.132983,0.525888,0.039609,-0.046971,0.035586,0.907576,0.416128,0.332747,0.028217,0.136026,-0.039907,0.590562,0.696276,0.406346,-0.046372,-0.006472,0.063065,-0.092968,0.668946,-0.609073,-0.415690
2026-04-21T02:52:41.706422+00:00,7.947603,1776739961706422300,0.136984,0.525726,0.039635,-0.050648,0.038207,0.906790,0.416455,0.337462,0.029129,0.122756,-0.032111,0.597309,0.698093,0.393687,-0.044054,-0.004788,0.063298,-0.088584,0.665893,-0.613577,-0.415523
2026-04-21T02:52:41.723587+00:00,7.964767,1776739961723586800,0.141067,0.525329,0.039614,-0.054201,0.040706,0.906266,0.416976,0.341584,0.029538,0.110268,-0.027368,0.602752,0.701110,0.380068,-0.041875,-0.003120,0.063410,-0.082009,0.662764,-0.617349,-0.415622
2026-04-21T02:52:41.740639+00:00,7.981819,1776739961740638700,0.144978,0.525060,0.039532,-0.057538,0.043195,0.905733,0.417758,0.345305,0.029728,0.098312,-0.025729,0.606259,0.704736,0.367514,-0.039755,-0.001430,0.063352,-0.073473,0.659628,-0.621580,-0.416559
2026-04-21T02:52:41.757732+00:00,7.998912,1776739961757731700,0.148870,0.524566,0.039400,-0.060700,0.045707,0.905195,0.418549,0.348502,0.029556,0.086888,-0.025587,0.609076,0.708396,0.355692,-0.037843,0.000285,0.063241,-0.064749,0.656425,-0.624838,-0.418116
2026-04-21T02:52:41.774674+00:00,8.015854,1776739961774673800,0.152549,0.524243,0.039231,-0.063751,0.048197,0.904169,0.419336,0.351378,0.028855,0.076399,-0.025418,0.609546,0.711899,0.347448,-0.036013,0.002034,0.063159,-0.058675,0.652866,-0.627517,-0.419993
2026-04-21T02:52:41.792118+00:00,8.033298,1776739961792117400,0.156331,0.523754,0.039035,-0.066804,0.050855,0.903629,0.420106,0.353725,0.027979,0.066789,-0.026055,0.608704,0.715624,0.341491,-0.034185,0.003832,0.063083,-0.056352,0.649836,-0.630427,-0.420835
2026-04-21T02:52:41.809299+00:00,8.050479,1776739961809298400,0.159865,0.523439,0.038709,-0.069685,0.053440,0.903111,0.420838,0.355730,0.027058,0.057852,-0.028222,0.606689,0.719809,0.336637,-0.032403,0.005412,0.063000,-0.055758,0.647647,-0.632632,-0.420826
2026-04-21T02:52:41.826419+00:00,8.067600,1776739961826419500,0.163287,0.523111,0.038311,-0.072436,0.055911,0.902124,0.421300,0.357104,0.026136,0.049730,-0.031741,0.604246,0.723791,0.332097,-0.030650,0.006958,0.062920,-0.054516,0.645954,-0.634751,-0.421142
2026-04-21T02:52:41.843270+00:00,8.084451,1776739961843270500,0.166540,0.522843,0.037811,-0.074862,0.058179,0.901889,0.421604,0.358243,0.025225,0.042142,-0.035562,0.601073,0.727834,0.328590,-0.029043,0.008463,0.062818,-0.051875,0.643982,-0.636536,-0.420898
2026-04-21T02:52:41.860425+00:00,8.101605,1776739961860424500,0.169615,0.522485,0.037277,-0.077227,0.060350,0.901362,0.422124,0.359063,0.024211,0.035214,-0.039246,0.597754,0.731331,0.326058,-0.027493,0.010028,0.062660,-0.047616,0.642309,-0.639669,-0.419500
2026-04-21T02:52:41.877516+00:00,8.118696,1776739961877515800,0.172507,0.522136,0.036694,-0.079381,0.062343,0.900834,0.422653,0.359652,0.023178,0.029019,-0.042035,0.595326,0.733810,0.324747,-0.025998,0.011587,0.062488,0.044569,-0.641191,0.642828,0.417222
2026-04-21T02:52:41.894545+00:00,8.135726,1776739961894545000,0.175215,0.521750,0.036083,-0.081248,0.064150,0.900321,0.423158,0.360039,0.022301,0.023555,-0.044486,0.593487,0.735535,0.323834,-0.024601,0.013053,0.062276,0.043014,-0.640145,0.645482,0.414333
2026-04-21T02:52:41.911381+00:00,8.152562,1776739961911381200,0.177680,0.521437,0.035450,-0.082965,0.065744,0.899824,0.423394,0.360313,0.021377,0.018530,-0.046205,0.593183,0.736536,0.322376,-0.023306,0.014422,0.062078,0.041459,-0.639583,0.648137,0.411195
2026-04-21T02:52:41.928714+00:00,8.169895,1776739961928714300,0.180068,0.521055,0.034818,-0.084606,0.067304,0.899300,0.423674,0.360542,0.020565,0.013880,-0.046967,0.593621,0.736772,0.320170,-0.022054,0.015608,0.062012,0.040199,-0.639584,0.650044,0.408552
2026-04-21T02:52:41.945421+00:00,8.186602,1776739961945421000,0.182161,0.520671,0.034115,-0.086060,0.068589,0.898761,0.424257,0.360737,0.019731,0.009873,-0.046942,0.594593,0.737315,0.317847,-0.021053,0.016619,0.061997,0.038527,-0.639885,0.650739,0.407063
2026-04-21T02:52:41.962531+00:00,8.203712,1776739961962531300,0.184151,0.520166,0.033418,-0.087458,0.069598,0.898179,0.425176,0.360941,0.019028,0.006220,-0.046392,0.595821,0.737138,0.315754,-0.020093,0.017565,0.062048,0.036904,-0.640905,0.651200,0.405114
2026-04-21T02:52:41.979505+00:00,8.220686,1776739961979505100,0.185972,0.519621,0.032662,-0.088681,0.070270,0.897644,0.426257,0.361129,0.018399,0.003354,-0.045560,0.597812,0.736236,0.314064,-0.019296,0.018426,0.062090,0.035744,-0.641414,0.652116,0.402504
