timestamp,time_seconds,timestamp_ns,tracker_head_x,tracker_head_y,tracker_head_z,tracker_head_qw,tracker_head_qx,tracker_head_qy,tracker_head_qz,tracker_left_x,tracker_left_y,tracker_left_z,tracker_left_qw,tracker_left_qx,tracker_left_qy,tracker_left_qz,tracker_right_x,tracker_right_y,tracker_right_z,tracker_right_qw,tracker_right_qx,tracker_right_qy,tracker_right_qz
2026-03-27T18:20:16.239687+00:00,0.025336,1774635616239686800,-0.651587,0.365783,0.380009,0.672517,-0.245399,0.682236,0.149063,-0.657821,-0.203661,0.642830,0.392935,0.302750,0.446680,0.745335,-0.692468,-0.172669,0.261444,0.429703,-0.734099,0.442665,-0.283068
2026-03-27T18:20:16.256646+00:00,0.042296,1774635616256646000,-0.651609,0.365658,0.379873,0.672949,-0.245690,0.681169,0.148909,-0.657918,-0.203394,0.642668,0.394141,0.302181,0.446295,0.745050,-0.692435,-0.172407,0.261281,0.426716,-0.735161,0.445623,-0.281561
2026-03-27T18:20:16.273702+00:00,0.059351,1774635616273701600,-0.651624,0.365264,0.379322,0.673158,-0.246977,0.680586,0.149471,-0.658237,-0.202851,0.641929,0.396721,0.299883,0.445097,0.745701,-0.692439,-0.171684,0.260472,0.417622,-0.739692,0.450382,-0.275166
2026-03-27T18:20:16.291171+00:00,0.076820,1774635616291170800,-0.651633,0.365163,0.379107,0.673174,-0.247106,0.681137,0.149565,-0.692471,-0.171437,0.260075,0.412909,-0.742416,0.454525,-0.272020,-0.658385,-0.202646,0.641704,0.397541,0.298858,0.444294,0.745430
2026-03-27T18:20:16.307837+00:00,0.093486,1774635616307836700,-0.651681,0.365024,0.378630,0.673976,-0.247505,0.679873,0.148939,-0.692718,-0.170547,0.259055,0.409517,-0.744524,0.458230,-0.258207,-0.658567,-0.202018,0.640934,0.399744,0.296648,0.443903,0.745562
2026-03-27T18:20:16.336244+00:00,0.121894,1774635616336244300,-0.651741,0.364820,0.378221,0.674248,-0.248191,0.679453,0.149059,-0.692661,-0.170349,0.258830,0.409807,-0.745710,0.459288,-0.255513,-0.658594,-0.201734,0.640722,0.400875,0.296460,0.444066,0.745000
2026-03-27T18:20:16.352409+00:00,0.138058,1774635616352408800,-0.651983,0.364198,0.376976,0.676197,-0.249943,0.676583,0.149796,-0.692380,-0.170597,0.257929,0.414861,-0.742262,0.465539,-0.242471,-0.658705,-0.200375,0.639695,0.406017,0.296421,0.443997,0.742214
2026-03-27T18:20:16.369489+00:00,0.155138,1774635616369488800,-0.652050,0.364043,0.376732,0.676255,-0.250235,0.676469,0.150188,-0.692287,-0.170802,0.257620,0.414885,-0.742283,0.468113,-0.239497,-0.658774,-0.200155,0.639482,0.407150,0.296713,0.443691,0.741166
2026-03-27T18:20:16.386584+00:00,0.172233,1774635616386583800,-0.652197,0.363835,0.376247,0.677365,-0.251279,0.674577,0.150651,-0.692099,-0.171758,0.256144,0.410797,-0.743183,0.474659,-0.227241,-0.658906,-0.199798,0.639041,0.409179,0.296039,0.442615,0.740660
2026-03-27T18:20:16.403684+00:00,0.189334,1774635616403684000,-0.652347,0.363697,0.375767,0.678081,-0.251605,0.673912,0.150931,-0.692165,-0.172293,0.255584,0.407746,-0.746740,0.476577,-0.223916,-0.659274,-0.199511,0.638721,0.411045,0.294774,0.441481,0.740369
2026-03-27T18:20:16.420605+00:00,0.206254,1774635616420604700,-0.652518,0.363734,0.375123,0.679443,-0.251511,0.672424,0.150710,-0.694162,-0.174872,0.254345,0.387713,-0.763904,0.467419,-0.215033,-0.659916,-0.199193,0.638092,0.411527,0.291627,0.440192,0.741595
2026-03-27T18:20:16.437661+00:00,0.223310,1774635616437660600,-0.652687,0.363798,0.374783,0.680024,-0.251220,0.672258,0.150159,-0.695538,-0.175906,0.254010,0.375591,-0.775860,0.464144,-0.208354,-0.660072,-0.199135,0.637738,0.410631,0.291519,0.440721,0.744618
2026-03-27T18:20:16.454708+00:00,0.240357,1774635616454707600,-0.652868,0.363810,0.374457,0.680331,-0.250971,0.672229,0.149645,-0.695421,-0.176453,0.253469,0.373002,-0.779377,0.457013,-0.206898,-0.660169,-0.198919,0.637607,0.410939,0.290498,0.440176,0.744269
2026-03-27T18:20:16.471708+00:00,0.257358,1774635616471708300,-0.653155,0.363703,0.374234,0.681079,-0.250838,0.671054,0.149661,-0.693894,-0.176807,0.252806,0.372895,-0.783937,0.449165,-0.208958,-0.660117,-0.198747,0.637496,0.411330,0.290109,0.440140,0.743869
2026-03-27T18:20:16.488669+00:00,0.274319,1774635616488669300,-0.653434,0.363444,0.374037,0.680886,-0.251498,0.670949,0.150383,-0.692292,-0.177098,0.251915,0.372381,-0.782332,0.449537,-0.214819,-0.659914,-0.198329,0.637388,0.412145,0.290578,0.441147,0.742467
2026-03-27T18:20:16.505929+00:00,0.291579,1774635616505929100,-0.653769,0.363096,0.373881,0.680581,-0.252256,0.670963,0.151054,-0.691133,-0.177406,0.251282,0.372400,-0.782671,0.449313,-0.218833,-0.659598,-0.197935,0.637326,0.414515,0.290779,0.440920,0.739793
2026-03-27T18:20:16.523016+00:00,0.308666,1774635616523016100,-0.654100,0.362759,0.373676,0.680319,-0.253208,0.670881,0.151628,-0.690939,-0.177809,0.250854,0.369368,-0.781055,0.451153,-0.223396,-0.659400,-0.197763,0.637271,0.415543,0.292507,0.441896,0.740726
2026-03-27T18:20:16.545070+00:00,0.330719,1774635616545069700,-0.654426,0.362531,0.373477,0.680123,-0.253801,0.670529,0.151774,-0.691018,-0.177845,0.250709,0.368635,-0.780864,0.450484,-0.224703,-0.659381,-0.197755,0.637293,0.416579,0.292374,0.441267,0.740110
2026-03-27T18:20:16.561914+00:00,0.347564,1774635616561914100,-0.655079,0.362281,0.372874,0.680185,-0.255468,0.669862,0.152062,-0.692749,-0.177605,0.250377,0.368201,-0.780689,0.454688,-0.220213,-0.659613,-0.198097,0.637453,0.417452,0.290165,0.439683,0.739175
2026-03-27T18:20:16.579075+00:00,0.364725,1774635616579075400,-0.655359,0.362267,0.372559,0.680221,-0.255662,0.670026,0.151937,-0.692704,-0.177402,0.250059,0.370544,-0.779292,0.453405,-0.217742,-0.659655,-0.198239,0.637524,0.415100,0.289885,0.441384,0.741075
2026-03-27T18:20:16.595987+00:00,0.381637,1774635616595987000,-0.655647,0.362196,0.372174,0.680939,-0.256087,0.669350,0.152093,-0.692203,-0.176720,0.249394,0.373882,-0.778012,0.455064,-0.216432,-0.659573,-0.198285,0.637740,0.413224,0.290635,0.442140,0.740915
2026-03-27T18:20:16.612973+00:00,0.398623,1774635616612973300,-0.655950,0.362084,0.371874,0.681565,-0.255935,0.668333,0.152138,-0.691406,-0.176041,0.248701,0.375437,-0.774293,0.459985,-0.219883,-0.659335,-0.198261,0.637904,0.411860,0.292328,0.442878,0.740807
2026-03-27T18:20:16.630141+00:00,0.415791,1774635616630141300,-0.656200,0.361852,0.371525,0.682035,-0.256360,0.667824,0.152797,-0.690783,-0.175406,0.248020,0.377822,-0.769266,0.463280,-0.225741,-0.659178,-0.198177,0.638145,0.410904,0.294221,0.442506,0.740614
2026-03-27T18:20:16.647131+00:00,0.432781,1774635616647130900,-0.656452,0.361622,0.371258,0.682417,-0.256256,0.667533,0.153314,-0.690537,-0.174908,0.247456,0.380197,-0.767038,0.464703,-0.231689,-0.659079,-0.198089,0.638369,0.409822,0.296434,0.441792,0.741758
2026-03-27T18:20:16.664233+00:00,0.449882,1774635616664232600,-0.656624,0.361469,0.370947,0.682690,-0.256741,0.666746,0.153329,-0.690575,-0.174515,0.246962,0.381501,-0.764488,0.463858,-0.235262,-0.659074,-0.197946,0.638505,0.410381,0.297872,0.440516,0.741669
2026-03-27T18:20:16.681395+00:00,0.467045,1774635616681394900,-0.656808,0.361331,0.370689,0.682913,-0.257051,0.666572,0.153356,-0.690722,-0.174302,0.246526,0.378943,-0.764853,0.465443,-0.235947,-0.659060,-0.197919,0.638533,0.411516,0.298305,0.440009,0.741205
2026-03-27T18:20:16.698336+00:00,0.483985,1774635616698335700,-0.656913,0.361223,0.370387,0.683180,-0.257716,0.665849,0.152826,-0.690844,-0.174158,0.246339,0.376529,-0.764068,0.468574,-0.235522,-0.659180,-0.197903,0.638637,0.413356,0.297173,0.440066,0.739114
2026-03-27T18:20:16.715652+00:00,0.501302,1774635616715652000,-0.656983,0.361113,0.370106,0.683343,-0.258455,0.665559,0.152621,-0.690125,-0.173573,0.246120,0.379991,-0.758405,0.472716,-0.238715,-0.659270,-0.198000,0.638608,0.412730,0.296258,0.442311,0.739437
2026-03-27T18:20:16.732700+00:00,0.518350,1774635616732700000,-0.657024,0.361019,0.369760,0.683778,-0.259098,0.664698,0.152491,-0.688522,-0.172416,0.245825,0.388527,-0.750686,0.470498,-0.248826,-0.659653,-0.198448,0.638598,0.411137,0.293433,0.444628,0.740002
2026-03-27T18:20:16.749714+00:00,0.535363,1774635616749713800,-0.656991,0.361053,0.369677,0.683221,-0.259211,0.665437,0.152510,-0.687513,-0.171835,0.245875,0.389646,-0.748727,0.470884,-0.253464,-0.659762,-0.198744,0.638626,0.408640,0.293579,0.443887,0.741146
2026-03-27T18:20:16.766886+00:00,0.552536,1774635616766886500,-0.656919,0.361133,0.369603,0.683416,-0.258201,0.665753,0.152492,-0.687298,-0.171410,0.246015,0.385987,-0.749347,0.475435,-0.253419,-0.659786,-0.198844,0.638662,0.408029,0.293514,0.443339,0.741400
2026-03-27T18:20:16.785511+00:00,0.571161,1774635616785511300,-0.656919,0.361133,0.369603,0.683416,-0.258201,0.665753,0.152492,-0.687298,-0.171410,0.246015,0.385987,-0.749347,0.475435,-0.253419,-0.659786,-0.198844,0.638662,0.408029,0.293514,0.443339,0.741400
2026-03-27T18:20:16.802028+00:00,0.587677,1774635616802027800,-0.656671,0.361221,0.369543,0.683335,-0.257162,0.665685,0.152941,-0.687592,-0.170708,0.246624,0.376011,-0.751196,0.486644,-0.240829,-0.659473,-0.199235,0.638694,0.405791,0.296297,0.441367,0.742640
2026-03-27T18:20:16.818967+00:00,0.604616,1774635616818966800,-0.656618,0.361199,0.369485,0.683379,-0.257027,0.665666,0.153194,-0.687260,-0.170510,0.247142,0.374862,-0.748329,0.490389,-0.236997,-0.659286,-0.199351,0.638611,0.406856,0.297476,0.441694,0.742742
2026-03-27T18:20:16.836031+00:00,0.621681,1774635616836031100,-0.656514,0.361194,0.369352,0.683272,-0.257251,0.665681,0.153227,-0.687004,-0.170411,0.247421,0.374594,-0.748008,0.492703,-0.235707,-0.659244,-0.199384,0.638546,0.407783,0.298074,0.442102,0.742235
2026-03-27T18:20:16.853126+00:00,0.638776,1774635616853126100,-0.656453,0.361218,0.369211,0.683141,-0.257397,0.666396,0.153084,-0.686134,-0.170012,0.248128,0.377547,-0.744378,0.496294,-0.235440,-0.659254,-0.199343,0.638282,0.409469,0.296276,0.442978,0.739551
2026-03-27T18:20:16.870199+00:00,0.655849,1774635616870199400,-0.656415,0.361318,0.368999,0.683236,-0.257396,0.666473,0.152323,-0.685859,-0.169973,0.248245,0.380797,-0.741092,0.495164,-0.241386,-0.659334,-0.199293,0.638183,0.409007,0.296282,0.443760,0.740545
2026-03-27T18:20:16.887512+00:00,0.673162,1774635616887512000,-0.656353,0.361495,0.368458,0.684223,-0.256390,0.665362,0.151404,-0.685653,-0.170494,0.248890,0.379938,-0.743689,0.494963,-0.239848,-0.659485,-0.198884,0.637992,0.409642,0.293572,0.442865,0.740895
2026-03-27T18:20:16.904221+00:00,0.689871,1774635616904220900,-0.656353,0.361495,0.368458,0.684223,-0.256390,0.665362,0.151404,-0.685653,-0.170494,0.248890,0.379938,-0.743689,0.494963,-0.239848,-0.659485,-0.198884,0.637992,0.409642,0.293572,0.442865,0.740895
2026-03-27T18:20:16.921216+00:00,0.706866,1774635616921216200,-0.656302,0.361215,0.367878,0.684364,-0.257534,0.665310,0.151138,-0.686189,-0.171562,0.249318,0.374819,-0.750557,0.488562,-0.238818,-0.659351,-0.198337,0.637900,0.412144,0.292734,0.440499,0.740914
2026-03-27T18:20:16.938244+00:00,0.723893,1774635616938243600,-0.656302,0.361215,0.367878,0.684364,-0.257534,0.665310,0.151138,-0.686189,-0.171562,0.249318,0.374819,-0.750557,0.488562,-0.238818,-0.659351,-0.198337,0.637900,0.412144,0.292734,0.440499,0.740914
2026-03-27T18:20:16.955103+00:00,0.740753,1774635616955103000,-0.656271,0.360692,0.367157,0.684930,-0.259271,0.663589,0.150790,-0.686522,-0.172138,0.249225,0.375732,-0.754215,0.480668,-0.238210,-0.658969,-0.197793,0.637783,0.414437,0.292870,0.441533,0.739476
2026-03-27T18:20:16.972168+00:00,0.757818,1774635616972168000,-0.656251,0.360383,0.366835,0.684908,-0.260500,0.663836,0.150990,-0.686601,-0.172217,0.249097,0.376778,-0.755593,0.479342,-0.238381,-0.658822,-0.197694,0.637803,0.415146,0.293442,0.442814,0.740040
2026-03-27T18:20:16.989185+00:00,0.774835,1774635616989185100,-0.656234,0.360252,0.366679,0.685327,-0.260864,0.662763,0.151075,-0.686718,-0.172352,0.248962,0.377541,-0.754784,0.480070,-0.238576,-0.658810,-0.197515,0.637774,0.416545,0.292859,0.442185,0.738998
2026-03-27T18:20:17.008609+00:00,0.794259,1774635617008609000,-0.656234,0.360252,0.366679,0.685327,-0.260864,0.662763,0.151075,-0.686718,-0.172352,0.248962,0.377541,-0.754784,0.480070,-0.238576,-0.658810,-0.197515,0.637774,0.416545,0.292859,0.442185,0.738998
2026-03-27T18:20:17.025430+00:00,0.811080,1774635617025430200,-0.656168,0.359676,0.366252,0.685215,-0.262297,0.662672,0.151321,-0.687134,-0.172747,0.248478,0.381205,-0.753282,0.479904,-0.237634,-0.658832,-0.197505,0.637738,0.416506,0.291063,0.440750,0.739232
2026-03-27T18:20:17.042356+00:00,0.828006,1774635617042356200,-0.656065,0.359359,0.365932,0.685793,-0.262699,0.661625,0.151585,-0.687348,-0.172864,0.248097,0.381950,-0.755042,0.478471,-0.237913,-0.658785,-0.197510,0.637832,0.414101,0.290755,0.440880,0.740293
2026-03-27T18:20:17.059407+00:00,0.845057,1774635617059406900,-0.656040,0.359304,0.365850,0.686384,-0.262396,0.660739,0.151367,-0.687389,-0.173092,0.247644,0.381065,-0.755082,0.476671,-0.237945,-0.658526,-0.197374,0.637978,0.414405,0.291703,0.440777,0.739346
2026-03-27T18:20:17.076641+00:00,0.862290,1774635617076640700,-0.655732,0.359352,0.365641,0.687133,-0.262227,0.660265,0.152039,-0.687080,-0.173127,0.246636,0.378292,-0.756973,0.472376,-0.241926,-0.657890,-0.197139,0.638137,0.415620,0.295568,0.440622,0.738770
2026-03-27T18:20:17.093522+00:00,0.879172,1774635617093522300,-0.655611,0.359432,0.365614,0.687010,-0.261933,0.660484,0.152284,-0.686743,-0.172961,0.246085,0.378126,-0.759431,0.470451,-0.246281,-0.657826,-0.197048,0.638260,0.415871,0.295058,0.440304,0.737800
2026-03-27T18:20:17.110574+00:00,0.896224,1774635617110574200,-0.655406,0.359681,0.365585,0.687531,-0.261240,0.659888,0.151806,-0.686682,-0.172788,0.245700,0.379107,-0.758426,0.467648,-0.249414,-0.657852,-0.196972,0.638302,0.414704,0.294706,0.440911,0.739352
2026-03-27T18:20:17.127559+00:00,0.913209,1774635617127559500,-0.655157,0.359894,0.365581,0.687289,-0.261068,0.660885,0.151322,-0.686700,-0.172622,0.245224,0.379782,-0.758644,0.465987,-0.251413,-0.657892,-0.196912,0.638375,0.413776,0.294286,0.441214,0.739858
2026-03-27T18:20:17.144329+00:00,0.929979,1774635617144329000,-0.654935,0.360081,0.365607,0.687499,-0.260935,0.660266,0.150778,-0.686652,-0.172667,0.244880,0.380894,-0.757622,0.464353,-0.251838,-0.657885,-0.196733,0.638472,0.412294,0.294360,0.441275,0.740425
2026-03-27T18:20:17.161307+00:00,0.946957,1774635617161307400,-0.654690,0.360183,0.365634,0.687370,-0.261135,0.660869,0.150725,-0.686584,-0.172680,0.244294,0.383651,-0.758081,0.461555,-0.253794,-0.657667,-0.196481,0.638631,0.411041,0.295092,0.440849,0.741423
2026-03-27T18:20:17.178408+00:00,0.964058,1774635617178408000,-0.654411,0.360260,0.365677,0.687196,-0.261546,0.660872,0.150653,-0.686547,-0.172661,0.243599,0.387567,-0.758789,0.458265,-0.256324,-0.657335,-0.196209,0.638732,0.411247,0.296607,0.440849,0.740511
2026-03-27T18:20:17.195426+00:00,0.981076,1774635617195426200,-0.654122,0.360332,0.365735,0.686980,-0.261781,0.660997,0.151016,-0.686607,-0.172777,0.242885,0.393280,-0.756355,0.453728,-0.259185,-0.657113,-0.195958,0.638781,0.411679,0.297602,0.440990,0.740072
2026-03-27T18:20:17.216687+00:00,1.002337,1774635617216686900,-0.653849,0.360453,0.365793,0.687465,-0.261739,0.659884,0.151360,-0.686722,-0.172725,0.242043,0.397553,-0.755927,0.448099,-0.263843,-0.656970,-0.195717,0.638789,0.412114,0.297526,0.440917,0.740188
2026-03-27T18:20:17.232706+00:00,1.018356,1774635617232706200,-0.653329,0.360838,0.365966,0.687338,-0.261168,0.660696,0.151994,-0.686680,-0.173057,0.240362,0.400205,-0.759054,0.434552,-0.271562,-0.656769,-0.195170,0.638603,0.411404,0.296819,0.440939,0.740430
2026-03-27T18:20:17.249752+00:00,1.035402,1774635617249752100,-0.653141,0.361010,0.366074,0.687008,-0.260866,0.661027,0.152836,-0.686676,-0.173512,0.239451,0.396600,-0.764495,0.427767,-0.273924,-0.656627,-0.194733,0.638410,0.410935,0.296363,0.440899,0.740708
2026-03-27T18:20:17.266805+00:00,1.052455,1774635617266805500,-0.653034,0.361169,0.366199,0.686774,-0.260792,0.661190,0.153441,-0.686697,-0.173886,0.238529,0.390406,-0.769913,0.423441,-0.273178,-0.656323,-0.194220,0.638233,0.411233,0.296575,0.440451,0.740057
2026-03-27T18:20:17.283760+00:00,1.069409,1774635617283759600,-0.653021,0.361293,0.366306,0.686925,-0.260239,0.660585,0.153896,-0.686561,-0.174206,0.237728,0.382725,-0.773384,0.422782,-0.273266,-0.655862,-0.193666,0.637961,0.411877,0.298101,0.440310,0.739650
2026-03-27T18:20:17.300834+00:00,1.086484,1774635617300834100,-0.652985,0.361299,0.366371,0.686224,-0.260457,0.661687,0.154409,-0.685993,-0.174512,0.237136,0.376724,-0.776282,0.425144,-0.274456,-0.655338,-0.193098,0.637707,0.412710,0.299237,0.440044,0.739840
2026-03-27T18:20:17.317859+00:00,1.103508,1774635617317858800,-0.653021,0.361255,0.366506,0.685691,-0.260785,0.662059,0.155039,-0.685472,-0.174622,0.236734,0.374844,-0.776427,0.428309,-0.274825,-0.654746,-0.192483,0.637429,0.413438,0.299184,0.439449,0.739576
2026-03-27T18:20:17.334914+00:00,1.120564,1774635617334914300,-0.653075,0.361030,0.366710,0.685292,-0.261045,0.661638,0.156261,-0.684721,-0.174419,0.236514,0.378370,-0.773150,0.428002,-0.275716,-0.654416,-0.192147,0.637296,0.413246,0.299322,0.439487,0.740036
2026-03-27T18:20:17.352068+00:00,1.137718,1774635617352068000,-0.653145,0.360633,0.366999,0.684470,-0.261518,0.662052,0.157986,-0.683883,-0.174066,0.236481,0.383514,-0.771546,0.426989,-0.276709,-0.653222,-0.191096,0.636851,0.413229,0.299489,0.438722,0.738968
2026-03-27T18:20:17.369079+00:00,1.154729,1774635617369078900,-0.653193,0.360239,0.367342,0.683620,-0.261645,0.662198,0.159242,-0.683159,-0.173712,0.236572,0.387701,-0.769739,0.427574,-0.276249,-0.652751,-0.190759,0.636723,0.413292,0.299797,0.438596,0.738883
2026-03-27T18:20:17.386018+00:00,1.171668,1774635617386018100,-0.653138,0.359480,0.368046,0.681534,-0.262827,0.663381,0.161616,-0.681996,-0.173191,0.236899,0.391163,-0.765878,0.430773,-0.270958,-0.650374,-0.189364,0.636337,0.415050,0.302277,0.437902,0.738457
2026-03-27T18:20:17.402887+00:00,1.188536,1774635617402886700,-0.653059,0.359037,0.368388,0.680289,-0.263543,0.664439,0.162679,-0.681425,-0.173043,0.237121,0.390983,-0.765717,0.436022,-0.269057,-0.648992,-0.188765,0.636234,0.417058,0.304162,0.437143,0.735994
2026-03-27T18:20:17.419891+00:00,1.205541,1774635617419891100,-0.652953,0.358500,0.368732,0.679019,-0.263726,0.665190,0.163711,-0.680755,-0.172830,0.237345,0.393220,-0.761184,0.440273,-0.266000,-0.647499,-0.188264,0.636090,0.418121,0.305663,0.437415,0.734960
2026-03-27T18:20:17.439853+00:00,1.225502,1774635617439852800,-0.652953,0.358500,0.368732,0.679019,-0.263726,0.665190,0.163711,-0.680755,-0.172830,0.237345,0.393220,-0.761184,0.440273,-0.266000,-0.647499,-0.188264,0.636090,0.418121,0.305663,0.437415,0.734960
2026-03-27T18:20:17.456690+00:00,1.242340,1774635617456690100,-0.652632,0.357260,0.369387,0.676986,-0.265089,0.666296,0.166483,-0.679841,-0.172085,0.237823,0.399147,-0.756470,0.446472,-0.262811,-0.644818,-0.187711,0.635941,0.419352,0.305734,0.436310,0.735430
2026-03-27T18:20:17.473585+00:00,1.259235,1774635617473584900,-0.652452,0.356738,0.369613,0.677005,-0.265349,0.665652,0.167907,-0.679780,-0.171958,0.237909,0.399883,-0.755822,0.447521,-0.261905,-0.643512,-0.187574,0.635857,0.420814,0.304996,0.435825,0.734413
2026-03-27T18:20:17.490689+00:00,1.276338,1774635617490688800,-0.652229,0.356431,0.369863,0.676333,-0.265231,0.665990,0.169208,-0.679839,-0.171722,0.238110,0.400323,-0.754874,0.448989,-0.260314,-0.642147,-0.187409,0.635650,0.422826,0.304700,0.437688,0.733493
2026-03-27T18:20:17.507779+00:00,1.293429,1774635617507778900,-0.651988,0.356217,0.370060,0.675974,-0.265527,0.666359,0.170374,-0.679987,-0.171623,0.238242,0.399209,-0.756607,0.448703,-0.258578,-0.640769,-0.187387,0.635526,0.425473,0.303216,0.438851,0.730399
2026-03-27T18:20:17.524785+00:00,1.310434,1774635617524784700,-0.651696,0.356145,0.370297,0.676032,-0.264520,0.665698,0.171644,-0.680262,-0.171604,0.238311,0.396906,-0.759040,0.447462,-0.257637,-0.639494,-0.187532,0.635267,0.426376,0.302912,0.441226,0.730166
2026-03-27T18:20:17.541762+00:00,1.327411,1774635617541761500,-0.651176,0.356127,0.370732,0.675814,-0.263652,0.666382,0.173648,-0.680650,-0.171529,0.238161,0.392245,-0.763007,0.444000,-0.255915,-0.637067,-0.188317,0.634985,0.425921,0.300744,0.444067,0.728210
2026-03-27T18:20:17.558778+00:00,1.344428,1774635617558778000,-0.650919,0.356244,0.371039,0.675539,-0.263357,0.666314,0.174273,-0.680665,-0.171347,0.238067,0.390409,-0.764797,0.443626,-0.256080,-0.635886,-0.188848,0.634926,0.423882,0.301377,0.445071,0.729766
2026-03-27T18:20:17.575969+00:00,1.361619,1774635617575969100,-0.650774,0.356300,0.371236,0.674939,-0.262751,0.666996,0.174981,-0.680593,-0.171015,0.237938,0.389857,-0.764959,0.443006,-0.255871,-0.634753,-0.189355,0.634949,0.421632,0.301903,0.444760,0.730361
2026-03-27T18:20:17.601606+00:00,1.387256,1774635617601606400,-0.650518,0.356499,0.371746,0.674218,-0.262408,0.667298,0.176263,-0.680456,-0.170669,0.237796,0.389402,-0.764924,0.443300,-0.255929,-0.634221,-0.189542,0.634991,0.420823,0.302268,0.443483,0.729864
2026-03-27T18:20:17.618352+00:00,1.404001,1774635617618351700,-0.650086,0.357080,0.372817,0.672716,-0.260437,0.669197,0.178878,-0.680012,-0.169715,0.237356,0.389770,-0.765315,0.444825,-0.256295,-0.631764,-0.189824,0.635155,0.415132,0.308054,0.443435,0.731370
2026-03-27T18:20:17.649818+00:00,1.435468,1774635617649818300,-0.650086,0.357080,0.372817,0.672716,-0.260437,0.669197,0.178878,-0.680012,-0.169715,0.237356,0.389770,-0.765315,0.444825,-0.256295,-0.631764,-0.189824,0.635155,0.415132,0.308054,0.443435,0.731370
2026-03-27T18:20:17.666536+00:00,1.452186,1774635617666536200,-0.649771,0.358108,0.374763,0.669738,-0.256700,0.672253,0.182753,-0.679821,-0.168599,0.236837,0.391895,-0.761271,0.449878,-0.254734,-0.627969,-0.189319,0.635714,0.408313,0.317745,0.443379,0.731447
2026-03-27T18:20:17.683452+00:00,1.469101,1774635617683451700,-0.649766,0.358580,0.375589,0.668118,-0.255862,0.674417,0.184236,-0.680034,-0.168118,0.236538,0.393791,-0.760381,0.449445,-0.252224,-0.626732,-0.188726,0.635918,0.406240,0.320805,0.443943,0.731088
2026-03-27T18:20:17.700622+00:00,1.486271,1774635617700621500,-0.649752,0.358989,0.376266,0.667116,-0.254416,0.675077,0.185388,-0.680175,-0.167665,0.236196,0.394445,-0.761496,0.450613,-0.251511,-0.625558,-0.188008,0.636185,0.405349,0.324179,0.444084,0.730518
2026-03-27T18:20:17.717520+00:00,1.503170,1774635617717519900,-0.649793,0.359419,0.377071,0.665477,-0.253284,0.676729,0.186688,-0.680353,-0.167063,0.235794,0.395819,-0.760904,0.448715,-0.252629,-0.624507,-0.187320,0.636521,0.405812,0.325810,0.444028,0.728562
2026-03-27T18:20:17.734622+00:00,1.520272,1774635617734622100,-0.649862,0.359735,0.377732,0.663946,-0.252407,0.678240,0.187884,-0.680670,-0.166586,0.235456,0.394057,-0.761934,0.447480,-0.253860,-0.623498,-0.186399,0.636951,0.406811,0.326948,0.444314,0.727060
2026-03-27T18:20:17.751641+00:00,1.537291,1774635617751641200,-0.649977,0.359982,0.378543,0.661997,-0.251597,0.679981,0.189507,-0.681026,-0.166059,0.235050,0.390312,-0.763562,0.448331,-0.255662,-0.622504,-0.185310,0.637358,0.408317,0.327918,0.445238,0.725683
2026-03-27T18:20:17.768592+00:00,1.554242,1774635617768592000,-0.650111,0.360088,0.379233,0.660167,-0.251463,0.681416,0.191164,-0.681445,-0.165397,0.234716,0.387942,-0.763899,0.447334,-0.254446,-0.621504,-0.184194,0.637797,0.409471,0.328873,0.447629,0.725205
2026-03-27T18:20:17.785854+00:00,1.571503,1774635617785853700,-0.650180,0.360151,0.379600,0.658945,-0.251057,0.682492,0.192173,-0.681831,-0.164703,0.234492,0.387396,-0.764494,0.447116,-0.255760,-0.620530,-0.183137,0.638228,0.410371,0.329164,0.449552,0.723176
2026-03-27T18:20:17.802840+00:00,1.588490,1774635617802840400,-0.650326,0.360575,0.380331,0.657082,-0.251104,0.683293,0.194182,-0.682148,-0.164217,0.234398,0.387400,-0.763053,0.446848,-0.257967,-0.620086,-0.182607,0.638478,0.410466,0.329059,0.449937,0.721155
2026-03-27T18:20:17.819683+00:00,1.605333,1774635617819683400,-0.650262,0.363369,0.381504,0.654653,-0.249092,0.687625,0.193289,-0.683729,-0.163267,0.234083,0.381480,-0.768020,0.444575,-0.261943,-0.618029,-0.180245,0.639577,0.401254,0.333166,0.450657,0.723690
2026-03-27T18:20:17.836743+00:00,1.622393,1774635617836743300,-0.650026,0.365443,0.382155,0.653947,-0.245409,0.690114,0.190757,-0.684598,-0.162605,0.233726,0.373819,-0.770938,0.439938,-0.265231,-0.616629,-0.178734,0.640172,0.394133,0.339222,0.448996,0.726935
2026-03-27T18:20:17.853730+00:00,1.639379,1774635617853729800,-0.649776,0.367287,0.382927,0.653236,-0.241094,0.692390,0.188362,-0.685417,-0.161557,0.233181,0.361677,-0.777823,0.438992,-0.266964,-0.615158,-0.177288,0.640709,0.388730,0.345679,0.444794,0.727890
2026-03-27T18:20:17.873143+00:00,1.658793,1774635617873143200,-0.649776,0.367287,0.382927,0.653236,-0.241094,0.692390,0.188362,-0.685417,-0.161557,0.233181,0.361677,-0.777823,0.438992,-0.266964,-0.615158,-0.177288,0.640709,0.388730,0.345679,0.444794,0.727890
2026-03-27T18:20:17.889536+00:00,1.675186,1774635617889535900,-0.649517,0.369346,0.384402,0.650377,-0.237323,0.697212,0.185841,-0.686219,-0.158619,0.232749,0.349150,-0.779717,0.444102,-0.272488,-0.612155,-0.174510,0.641325,0.381798,0.362715,0.434580,0.732074
2026-03-27T18:20:17.906527+00:00,1.692177,1774635617906527200,-0.649635,0.369621,0.384978,0.649405,-0.238583,0.697525,0.186118,-0.686335,-0.157786,0.232795,0.349809,-0.777279,0.445467,-0.273719,-0.610885,-0.173156,0.641267,0.380503,0.368919,0.431511,0.731560
2026-03-27T18:20:17.923572+00:00,1.709222,1774635617923572000,-0.649750,0.369575,0.385576,0.648018,-0.240971,0.697852,0.187528,-0.687192,-0.155429,0.233335,0.356469,-0.772457,0.450637,-0.272983,-0.610097,-0.171775,0.641150,0.382668,0.371890,0.426373,0.729889
2026-03-27T18:20:17.941160+00:00,1.726810,1774635617941160300,-0.649823,0.369701,0.386163,0.647968,-0.242223,0.697198,0.187883,-0.687713,-0.154742,0.233628,0.359306,-0.771454,0.452262,-0.271253,-0.609766,-0.170131,0.641049,0.385969,0.371509,0.426408,0.729540
2026-03-27T18:20:17.957670+00:00,1.743320,1774635617957670100,-0.649932,0.370851,0.387781,0.648024,-0.240541,0.697395,0.188232,-0.690523,-0.152492,0.234780,0.370707,-0.767014,0.453447,-0.260440,-0.610192,-0.166949,0.640646,0.394593,0.369337,0.427730,0.726056
2026-03-27T18:20:17.974878+00:00,1.760528,1774635617974877900,-0.650080,0.371558,0.388824,0.647702,-0.239345,0.697818,0.188659,-0.691968,-0.151330,0.235134,0.373620,-0.767727,0.453151,-0.256401,-0.611035,-0.165147,0.640688,0.399082,0.365967,0.428127,0.722440
2026-03-27T18:20:17.992034+00:00,1.777684,1774635617992034300,-0.650157,0.371914,0.389362,0.647511,-0.239077,0.698514,0.189125,-0.692897,-0.150204,0.235278,0.374505,-0.769004,0.452257,-0.255313,-0.611982,-0.163245,0.640896,0.401636,0.365367,0.427336,0.722741
2026-03-27T18:20:18.008927+00:00,1.794577,1774635618008927300,-0.650295,0.372626,0.390442,0.647480,-0.238123,0.699085,0.189987,-0.693552,-0.149002,0.235339,0.374810,-0.768428,0.451431,-0.255280,-0.613443,-0.161242,0.641383,0.404388,0.363155,0.427486,0.723304
2026-03-27T18:20:18.025837+00:00,1.811487,1774635618025837400,-0.650416,0.373429,0.391535,0.648004,-0.237348,0.698497,0.190691,-0.693856,-0.147868,0.235377,0.373645,-0.769147,0.451674,-0.256781,-0.614243,-0.160276,0.641658,0.406261,0.362383,0.426426,0.722680
2026-03-27T18:20:18.042976+00:00,1.828626,1774635618042976000,-0.650434,0.374266,0.392595,0.648663,-0.236482,0.697862,0.191228,-0.693932,-0.146696,0.235366,0.371646,-0.768815,0.452949,-0.258677,-0.615430,-0.158273,0.642441,0.409961,0.362749,0.427192,0.720483
2026-03-27T18:20:18.060112+00:00,1.845762,1774635618060112400,-0.650378,0.375188,0.393671,0.649264,-0.235156,0.697500,0.191534,-0.693807,-0.145476,0.235362,0.370419,-0.767305,0.453248,-0.260621,-0.616985,-0.156376,0.643192,0.415383,0.360969,0.427463,0.718391
2026-03-27T18:20:18.081249+00:00,1.866898,1774635618081248400,-0.650378,0.375188,0.393671,0.649264,-0.235156,0.697500,0.191534,-0.693324,-0.142773,0.235669,0.370218,-0.765953,0.454971,-0.264311,-0.616985,-0.156376,0.643192,0.415383,0.360969,0.427463,0.718391
2026-03-27T18:20:18.097679+00:00,1.883329,1774635618097679200,-0.650190,0.377784,0.396413,0.653379,-0.233037,0.694723,0.188823,-0.692994,-0.141423,0.235945,0.372116,-0.764473,0.455369,-0.266094,-0.624183,-0.151359,0.645873,0.425973,0.357056,0.426116,0.713901
2026-03-27T18:20:18.114668+00:00,1.900318,1774635618114668100,-0.650195,0.378551,0.397253,0.655156,-0.233110,0.693717,0.186965,-0.692739,-0.140824,0.236127,0.373946,-0.762468,0.455207,-0.266987,-0.626703,-0.150024,0.646696,0.427776,0.357813,0.424409,0.713437
2026-03-27T18:20:18.131937+00:00,1.917587,1774635618131936900,-0.650268,0.379331,0.398135,0.657458,-0.232936,0.692383,0.184455,-0.692367,-0.139811,0.236552,0.376713,-0.759304,0.455770,-0.267659,-0.629121,-0.148747,0.647470,0.428656,0.359661,0.422561,0.713025
2026-03-27T18:20:18.149162+00:00,1.934811,1774635618149161500,-0.650481,0.379991,0.399109,0.659776,-0.232778,0.690946,0.181900,-0.692072,-0.139004,0.237095,0.379042,-0.758144,0.458457,-0.267673,-0.631330,-0.147691,0.648088,0.430425,0.360593,0.420562,0.711935
2026-03-27T18:20:18.166581+00:00,1.952231,1774635618166581100,-0.650878,0.380450,0.400197,0.662542,-0.232757,0.688813,0.179657,-0.691735,-0.138386,0.237719,0.382190,-0.755400,0.459768,-0.266664,-0.633641,-0.146872,0.648727,0.433411,0.361344,0.418228,0.712573
2026-03-27T18:20:18.183319+00:00,1.968969,1774635618183319200,-0.651347,0.380550,0.401377,0.664886,-0.233620,0.687252,0.178012,-0.691263,-0.138023,0.238375,0.385482,-0.752622,0.460667,-0.266951,-0.635994,-0.146361,0.649209,0.438490,0.360457,0.414613,0.711370
2026-03-27T18:20:18.200283+00:00,1.985933,1774635618200283400,-0.651872,0.380259,0.402758,0.667702,-0.234943,0.683658,0.177549,-0.690668,-0.137959,0.238964,0.388634,-0.750347,0.460756,-0.268458,-0.638371,-0.145985,0.649639,0.442381,0.358132,0.411613,0.710806
2026-03-27T18:20:18.217405+00:00,2.003055,1774635618217405000,-0.652416,0.379769,0.404376,0.669991,-0.236240,0.680516,0.177745,-0.690090,-0.137990,0.239705,0.392876,-0.749771,0.458747,-0.270517,-0.640588,-0.145661,0.650060,0.444614,0.354916,0.410237,0.711837
2026-03-27T18:20:18.234402+00:00,2.020052,1774635618234401900,-0.652711,0.379523,0.405251,0.670952,-0.237208,0.679589,0.178229,-0.689341,-0.138191,0.240528,0.396542,-0.748479,0.456968,-0.273244,-0.642658,-0.145480,0.650401,0.445693,0.351843,0.408624,0.714576
2026-03-27T18:20:18.251302+00:00,2.036951,1774635618251301700,-0.654287,0.378789,0.409167,0.675991,-0.240779,0.672677,0.180455,-0.687608,-0.138932,0.242049,0.400875,-0.748688,0.449812,-0.278923,-0.644963,-0.145308,0.650983,0.448855,0.346330,0.406069,0.715974
2026-03-27T18:20:18.268359+00:00,2.054009,1774635618268359000,-0.655205,0.378801,0.411401,0.679080,-0.241511,0.668611,0.181401,-0.686602,-0.139186,0.242820,0.405080,-0.749108,0.443257,-0.282197,-0.646092,-0.145195,0.651545,0.450960,0.344176,0.404722,0.716960
2026-03-27T18:20:18.285901+00:00,2.071551,1774635618285901400,-0.656101,0.378887,0.413906,0.681368,-0.241665,0.666787,0.182329,-0.685524,-0.139410,0.243506,0.408320,-0.749329,0.435212,-0.285489,-0.646895,-0.145101,0.652277,0.452557,0.342720,0.403006,0.718179
2026-03-27T18:20:18.302652+00:00,2.088302,1774635618302651900,-0.656874,0.378803,0.416781,0.683606,-0.240898,0.664091,0.183566,-0.684328,-0.139847,0.244118,0.404735,-0.754542,0.428527,-0.290411,-0.647457,-0.144897,0.653307,0.453635,0.341047,0.400669,0.719641
2026-03-27T18:20:18.320637+00:00,2.106287,1774635618320637300,-0.656874,0.378803,0.416781,0.683606,-0.240898,0.664091,0.183566,-0.684328,-0.139847,0.244118,0.404735,-0.754542,0.428527,-0.290411,-0.647457,-0.144897,0.653307,0.453635,0.341047,0.400669,0.719641
2026-03-27T18:20:18.337694+00:00,2.123343,1774635618337693600,-0.658389,0.378154,0.423270,0.685946,-0.239683,0.660580,0.188816,-0.681510,-0.139908,0.245538,0.396706,-0.761961,0.416329,-0.301171,-0.648001,-0.144386,0.656207,0.452670,0.338910,0.393757,0.724756
2026-03-27T18:20:18.354788+00:00,2.140438,1774635618354788100,-0.659694,0.377522,0.428250,0.685860,-0.240947,0.658667,0.194554,-0.679828,-0.139401,0.246588,0.397488,-0.761643,0.410658,-0.306326,-0.647715,-0.143925,0.658648,0.454764,0.334799,0.389886,0.727643
2026-03-27T18:20:18.371657+00:00,2.157307,1774635618371656900,-0.660128,0.377378,0.429859,0.685793,-0.241772,0.657685,0.196325,-0.679057,-0.139160,0.247132,0.397635,-0.761625,0.410049,-0.308731,-0.647562,-0.143780,0.659606,0.456491,0.332677,0.388952,0.727754
2026-03-27T18:20:18.388712+00:00,2.174362,1774635618388712400,-0.660733,0.377045,0.432893,0.686139,-0.244157,0.655852,0.199105,-0.676660,-0.138168,0.249495,0.402445,-0.757327,0.408258,-0.311665,-0.646862,-0.143617,0.661455,0.459788,0.327473,0.388694,0.729108
2026-03-27T18:20:18.405796+00:00,2.191446,1774635618405796100,-0.661051,0.376665,0.435784,0.686926,-0.247241,0.653274,0.200711,-0.676103,-0.137754,0.250408,0.405588,-0.756511,0.407438,-0.311590,-0.646223,-0.142995,0.663731,0.462151,0.321330,0.390162,0.728968
2026-03-27T18:20:18.422827+00:00,2.208476,1774635618422826600,-0.661100,0.375904,0.441620,0.688507,-0.251270,0.648884,0.204552,-0.674620,-0.135891,0.254458,0.418943,-0.753522,0.400797,-0.307612,-0.644025,-0.141244,0.669017,0.462046,0.314336,0.395819,0.728442
2026-03-27T18:20:18.439805+00:00,2.225455,1774635618439805100,-0.660849,0.375600,0.444710,0.688858,-0.251669,0.647946,0.205999,-0.673960,-0.135034,0.256278,0.421378,-0.754912,0.399401,-0.305962,-0.642547,-0.140464,0.671857,0.460271,0.314878,0.395697,0.729807
2026-03-27T18:20:18.456803+00:00,2.242453,1774635618456803100,-0.660699,0.375537,0.446203,0.689167,-0.251355,0.647473,0.206832,-0.672878,-0.134252,0.258016,0.422251,-0.753960,0.398655,-0.304912,-0.641293,-0.139918,0.674750,0.460266,0.315439,0.391771,0.730509
2026-03-27T18:20:18.473813+00:00,2.259462,1774635618473812600,-0.660305,0.375801,0.450683,0.690267,-0.249423,0.647335,0.206745,-0.671288,-0.133633,0.259616,0.420744,-0.754132,0.400299,-0.307100,-0.639988,-0.139528,0.677792,0.461714,0.316587,0.386858,0.731718
2026-03-27T18:20:18.490758+00:00,2.276407,1774635618490757600,-0.660142,0.375862,0.452051,0.690868,-0.249146,0.646703,0.206381,-0.669236,-0.133111,0.261218,0.421615,-0.751332,0.400650,-0.310695,-0.639237,-0.139499,0.679289,0.462952,0.316988,0.384679,0.732164
2026-03-27T18:20:18.507911+00:00,2.293561,1774635618507911000,-0.659726,0.375766,0.454713,0.692015,-0.249714,0.645500,0.205718,-0.667367,-0.132646,0.262730,0.423782,-0.749784,0.401043,-0.313582,-0.637201,-0.139687,0.683670,0.465081,0.315678,0.382431,0.732867
2026-03-27T18:20:18.524934+00:00,2.310584,1774635618524934000,-0.659205,0.375410,0.457242,0.692998,-0.250909,0.644050,0.205524,-0.665439,-0.132165,0.264481,0.428185,-0.745328,0.401598,-0.314984,-0.636676,-0.139782,0.685102,0.465140,0.314921,0.383055,0.734047
2026-03-27T18:20:18.544345+00:00,2.329994,1774635618544344800,-0.659205,0.375410,0.457242,0.692998,-0.250909,0.644050,0.205524,-0.665439,-0.132165,0.264481,0.428185,-0.745328,0.401598,-0.314984,-0.636676,-0.139782,0.685102,0.465140,0.314921,0.383055,0.734047
2026-03-27T18:20:18.561036+00:00,2.346685,1774635618561035800,-0.658029,0.374216,0.462336,0.694715,-0.255042,0.639993,0.206232,-0.662657,-0.131568,0.267820,0.432538,-0.742300,0.402409,-0.316485,-0.634459,-0.140863,0.692062,0.466620,0.305440,0.385580,0.734387
2026-03-27T18:20:18.578051+00:00,2.363700,1774635618578050800,-0.656264,0.372991,0.467598,0.695428,-0.259347,0.637516,0.207683,-0.660779,-0.131470,0.270423,0.436521,-0.741304,0.400396,-0.316978,-0.633414,-0.141438,0.696450,0.465720,0.298512,0.387570,0.737121
2026-03-27T18:20:18.595152+00:00,2.380802,1774635618595152300,-0.655372,0.372859,0.470352,0.696089,-0.261058,0.635349,0.207438,-0.659501,-0.131457,0.272103,0.440071,-0.739951,0.395897,-0.317527,-0.632572,-0.141703,0.699528,0.464896,0.294919,0.388565,0.738665
2026-03-27T18:20:18.612293+00:00,2.397943,1774635618612293000,-0.654165,0.372573,0.472832,0.696048,-0.263257,0.635571,0.206768,-0.657750,-0.131457,0.274038,0.440978,-0.739139,0.395378,-0.318868,-0.631757,-0.141744,0.702671,0.463528,0.292925,0.388520,0.740307
2026-03-27T18:20:18.629345+00:00,2.414995,1774635618629345100,-0.652897,0.372641,0.475316,0.696635,-0.265443,0.634273,0.205362,-0.657293,-0.131457,0.274735,0.441338,-0.738155,0.395156,-0.321058,-0.630765,-0.141676,0.706012,0.462943,0.291639,0.387392,0.741219
2026-03-27T18:20:18.646405+00:00,2.432054,1774635618646404700,-0.651624,0.372836,0.477549,0.697614,-0.267597,0.632511,0.203830,-0.655875,-0.131832,0.276269,0.441898,-0.738237,0.392504,-0.324390,-0.629813,-0.141523,0.709223,0.461465,0.292325,0.386735,0.743750
2026-03-27T18:20:18.663587+00:00,2.449236,1774635618663586500,-0.650229,0.373235,0.479953,0.699279,-0.268471,0.630990,0.202031,-0.654505,-0.132368,0.277697,0.442323,-0.737437,0.389846,-0.328361,-0.628959,-0.141321,0.712271,0.461087,0.293035,0.384960,0.744116
2026-03-27T18:20:18.680552+00:00,2.466201,1774635618680551400,-0.649017,0.373820,0.482237,0.700854,-0.267609,0.630133,0.200504,-0.653477,-0.132806,0.279032,0.442490,-0.737765,0.385863,-0.331162,-0.628169,-0.141105,0.715542,0.460927,0.292895,0.383911,0.744322
2026-03-27T18:20:18.697592+00:00,2.483242,1774635618697592500,-0.647404,0.374584,0.485806,0.703417,-0.264396,0.629014,0.198885,-0.652159,-0.133223,0.280945,0.444009,-0.740880,0.375001,-0.335519,-0.627247,-0.140846,0.719715,0.460786,0.292866,0.383712,0.745381
2026-03-27T18:20:18.714645+00:00,2.500294,1774635618714644700,-0.646931,0.374651,0.486950,0.704096,-0.263628,0.628762,0.198400,-0.651620,-0.133188,0.281554,0.443382,-0.742219,0.372115,-0.336958,-0.627038,-0.140788,0.721052,0.461377,0.293214,0.382529,0.743730
2026-03-27T18:20:18.731763+00:00,2.517412,1774635618731762600,-0.646096,0.374358,0.489186,0.705200,-0.262545,0.628066,0.198124,-0.650306,-0.132905,0.282783,0.443867,-0.743895,0.367383,-0.340883,-0.626637,-0.140771,0.723592,0.461589,0.293178,0.382198,0.744987
2026-03-27T18:20:18.753320+00:00,2.538970,1774635618753320100,-0.645346,0.373553,0.491106,0.706682,-0.262615,0.626299,0.198041,-0.648788,-0.132459,0.283858,0.444182,-0.742193,0.366543,-0.343882,-0.626404,-0.140904,0.725893,0.462745,0.292916,0.379802,0.744914
2026-03-27T18:20:18.770237+00:00,2.555887,1774635618770237400,-0.644059,0.370988,0.494458,0.709912,-0.264426,0.621410,0.198563,-0.643665,-0.131326,0.286876,0.446530,-0.733978,0.369452,-0.354825,-0.626029,-0.141514,0.729601,0.464792,0.292886,0.377618,0.745739
2026-03-27T18:20:18.787287+00:00,2.572937,1774635618787287300,-0.643491,0.369117,0.495934,0.710976,-0.266270,0.619422,0.199421,-0.642621,-0.131116,0.287461,0.446484,-0.732519,0.372051,-0.355945,-0.625993,-0.142048,0.730926,0.465465,0.291557,0.377440,0.746372
2026-03-27T18:20:18.804399+00:00,2.590049,1774635618804399100,-0.643222,0.368023,0.496605,0.711508,-0.266758,0.618555,0.200054,-0.640773,-0.130789,0.288649,0.449710,-0.726351,0.375147,-0.358824,-0.625993,-0.142048,0.730926,0.465465,0.291557,0.377440,0.746372
2026-03-27T18:20:18.821749+00:00,2.607399,1774635618821749100,-0.642761,0.365699,0.497832,0.712729,-0.269065,0.615629,0.201628,-0.639543,-0.130781,0.289655,0.452210,-0.723160,0.377721,-0.359513,-0.626507,-0.144180,0.732845,0.466883,0.286017,0.374729,0.748648
2026-03-27T18:20:18.838418+00:00,2.624067,1774635618838417800,-0.642280,0.363244,0.498908,0.713441,-0.272558,0.612211,0.203847,-0.638881,-0.131095,0.290505,0.454003,-0.722598,0.379223,-0.359267,-0.626701,-0.144924,0.733185,0.466442,0.284048,0.374222,0.750291
2026-03-27T18:20:18.855483+00:00,2.641133,1774635618855483200,-0.640785,0.359431,0.500139,0.714539,-0.280606,0.605641,0.209326,-0.638648,-0.131598,0.291054,0.457003,-0.721821,0.377890,-0.356402,-0.627039,-0.147471,0.733986,0.462969,0.279105,0.374009,0.754203
2026-03-27T18:20:18.872490+00:00,2.658140,1774635618872490500,-0.640127,0.358374,0.500514,0.715161,-0.282962,0.602992,0.211268,-0.638876,-0.132162,0.291505,0.459242,-0.722092,0.376815,-0.354363,-0.627018,-0.148265,0.734289,0.461101,0.277923,0.373653,0.754901
2026-03-27T18:20:18.889574+00:00,2.675224,1774635618889574200,-0.637388,0.357222,0.502119,0.716976,-0.284012,0.600043,0.212587,-0.639633,-0.132733,0.291614,0.463649,-0.723396,0.374057,-0.350488,-0.626215,-0.151208,0.735002,0.454870,0.277755,0.373162,0.758514
2026-03-27T18:20:18.906549+00:00,2.692199,1774635618906549100,-0.637388,0.357222,0.502119,0.716976,-0.284012,0.600043,0.212587,-0.639633,-0.132733,0.291614,0.463649,-0.723396,0.374057,-0.350488,-0.626215,-0.151208,0.735002,0.454870,0.277755,0.373162,0.758514
2026-03-27T18:20:18.923618+00:00,2.709268,1774635618923618400,-0.635314,0.359918,0.503652,0.718366,-0.277218,0.603034,0.209573,-0.641096,-0.132561,0.291017,0.463029,-0.728454,0.368485,-0.346892,-0.625553,-0.153856,0.734772,0.455893,0.277994,0.369207,0.760360
2026-03-27T18:20:18.940768+00:00,2.726417,1774635618940767800,-0.634528,0.361429,0.504198,0.718956,-0.274030,0.603473,0.208263,-0.641490,-0.131819,0.290344,0.461665,-0.730103,0.365155,-0.348372,-0.625629,-0.154927,0.734251,0.456710,0.276112,0.366956,0.761802
2026-03-27T18:20:18.957717+00:00,2.743367,1774635618957717200,-0.633663,0.362916,0.504695,0.718254,-0.271891,0.605922,0.208101,-0.641567,-0.131563,0.290158,0.461015,-0.729776,0.364311,-0.349084,-0.625982,-0.155642,0.733372,0.456260,0.272821,0.366957,0.764322
2026-03-27T18:20:18.976681+00:00,2.762331,1774635618976680900,-0.633663,0.362916,0.504695,0.718254,-0.271891,0.605922,0.208101,-0.641567,-0.131563,0.290158,0.461015,-0.729776,0.364311,-0.349084,-0.625982,-0.155642,0.733372,0.456260,0.272821,0.366957,0.764322
2026-03-27T18:20:18.993200+00:00,2.778850,1774635618993200100,-0.632662,0.364576,0.505247,0.717332,-0.268904,0.608273,0.209019,-0.642026,-0.130674,0.289445,0.456509,-0.730759,0.365278,-0.351186,-0.626833,-0.155526,0.731166,0.453731,0.265803,0.369062,0.766314
2026-03-27T18:20:19.010241+00:00,2.795891,1774635619010241400,-0.631720,0.366286,0.505746,0.716008,-0.265316,0.610619,0.209840,-0.642751,-0.130562,0.289109,0.454709,-0.732920,0.364447,-0.350510,-0.626983,-0.154738,0.730062,0.450947,0.265140,0.370679,0.767568
2026-03-27T18:20:19.027323+00:00,2.812973,1774635619027323200,-0.631440,0.366865,0.505880,0.715667,-0.263394,0.611451,0.210326,-0.644014,-0.130472,0.288901,0.453991,-0.736430,0.362791,-0.347202,-0.626942,-0.153676,0.729154,0.448679,0.267457,0.370879,0.766864
2026-03-27T18:20:19.044057+00:00,2.829706,1774635619044056600,-0.630901,0.368062,0.506163,0.714329,-0.260188,0.614066,0.211132,-0.645521,-0.130543,0.289035,0.454040,-0.737960,0.363523,-0.342955,-0.626779,-0.153132,0.728632,0.446975,0.270526,0.371265,0.768602
2026-03-27T18:20:19.061415+00:00,2.847064,1774635619061414700,-0.629821,0.370630,0.506592,0.710724,-0.252568,0.621141,0.211481,-0.649724,-0.131802,0.289155,0.452548,-0.740202,0.371218,-0.331614,-0.625293,-0.150583,0.725590,0.446462,0.289678,0.365108,0.763604
2026-03-27T18:20:19.078154+00:00,2.863804,1774635619078154100,-0.629821,0.370630,0.506592,0.710724,-0.252568,0.621141,0.211481,-0.652150,-0.132749,0.289096,0.450887,-0.742097,0.372903,-0.325739,-0.624869,-0.150052,0.724149,0.447942,0.296971,0.363708,0.760996
2026-03-27T18:20:19.095129+00:00,2.880779,1774635619095129300,-0.628558,0.373116,0.506514,0.707302,-0.243865,0.629696,0.208791,-0.654842,-0.133706,0.288967,0.450060,-0.745176,0.372742,-0.320146,-0.624604,-0.149906,0.723260,0.448307,0.300487,0.363054,0.760333
2026-03-27T18:20:19.112256+00:00,2.897905,1774635619112255800,-0.627834,0.374848,0.506083,0.704796,-0.236234,0.636340,0.206059,-0.657576,-0.134822,0.288768,0.449586,-0.748215,0.373879,-0.315074,-0.624240,-0.149703,0.720532,0.448490,0.308292,0.360307,0.758016
2026-03-27T18:20:19.129239+00:00,2.914888,1774635619129238500,-0.627583,0.375491,0.505878,0.704002,-0.232986,0.638639,0.205406,-0.660360,-0.136144,0.288543,0.449214,-0.749169,0.375658,-0.309997,-0.624217,-0.149671,0.719500,0.448567,0.310362,0.359477,0.756149
2026-03-27T18:20:19.146329+00:00,2.931978,1774635619146328800,-0.627732,0.376364,0.505394,0.702320,-0.228998,0.641595,0.205723,-0.663151,-0.137308,0.288145,0.449046,-0.749704,0.376317,-0.305707,-0.624038,-0.149804,0.717438,0.449334,0.315998,0.360052,0.754609
2026-03-27T18:20:19.163334+00:00,2.948984,1774635619163334000,-0.628399,0.377716,0.504779,0.699374,-0.225706,0.645199,0.208611,-0.666016,-0.138210,0.287701,0.447190,-0.753446,0.378819,-0.300153,-0.623869,-0.150123,0.715108,0.452462,0.321642,0.361420,0.749400
2026-03-27T18:20:19.184364+00:00,2.970013,1774635619184363500,-0.628399,0.377716,0.504779,0.699374,-0.225706,0.645199,0.208611,-0.666016,-0.138210,0.287701,0.447190,-0.753446,0.378819,-0.300153,-0.623869,-0.150123,0.715108,0.452462,0.321642,0.361420,0.749400
2026-03-27T18:20:19.201025+00:00,2.986675,1774635619201024900,-0.629311,0.379230,0.503453,0.692673,-0.221919,0.650306,0.218879,-0.671860,-0.138947,0.287041,0.444851,-0.758364,0.376789,-0.292811,-0.624311,-0.151095,0.710301,0.458351,0.330828,0.367004,0.739915
2026-03-27T18:20:19.217977+00:00,3.003627,1774635619217977400,-0.629485,0.381822,0.501055,0.688944,-0.213251,0.655965,0.222886,-0.678274,-0.137647,0.285750,0.433249,-0.772667,0.368953,-0.280371,-0.626925,-0.151283,0.704883,0.457121,0.332227,0.373492,0.735296
2026-03-27T18:20:19.234888+00:00,3.020538,1774635619234888100,-0.629522,0.382994,0.499284,0.687860,-0.209942,0.657456,0.223666,-0.680360,-0.136095,0.285041,0.428589,-0.776345,0.369104,-0.277600,-0.628857,-0.150597,0.702135,0.451136,0.332195,0.377229,0.737448
2026-03-27T18:20:19.251824+00:00,3.037474,1774635619251824300,-0.629518,0.383791,0.497290,0.686683,-0.208155,0.659153,0.224612,-0.682287,-0.134230,0.283880,0.423760,-0.777308,0.373205,-0.274597,-0.630624,-0.149430,0.699793,0.443546,0.333475,0.379069,0.739701
2026-03-27T18:20:19.268969+00:00,3.054618,1774635619268968600,-0.629323,0.384455,0.494723,0.685473,-0.206693,0.660888,0.225056,-0.682786,-0.133428,0.283447,0.421068,-0.778876,0.376930,-0.274959,-0.632271,-0.148164,0.697375,0.435989,0.339334,0.378761,0.742847
2026-03-27T18:20:19.286009+00:00,3.071658,1774635619286008500,-0.629136,0.384899,0.491870,0.685483,-0.206462,0.661087,0.223938,-0.683948,-0.130783,0.282367,0.418785,-0.773686,0.389693,-0.274713,-0.633271,-0.146832,0.695171,0.433258,0.347607,0.374865,0.742080
2026-03-27T18:20:19.303044+00:00,3.088694,1774635619303044300,-0.628999,0.385381,0.488876,0.686194,-0.205822,0.661524,0.222114,-0.684597,-0.129846,0.281862,0.419580,-0.771060,0.394395,-0.272305,-0.634270,-0.145601,0.692850,0.433856,0.356626,0.370343,0.740278
2026-03-27T18:20:19.320029+00:00,3.105679,1774635619320028900,-0.629002,0.385795,0.485689,0.687462,-0.205366,0.660964,0.219647,-0.686246,-0.128161,0.280668,0.421045,-0.768819,0.401925,-0.266533,-0.634799,-0.144536,0.690518,0.437827,0.364156,0.365786,0.736299
2026-03-27T18:20:19.337061+00:00,3.122711,1774635619337061500,-0.629088,0.386238,0.482595,0.688242,-0.204592,0.660909,0.217217,-0.687870,-0.127062,0.279265,0.422755,-0.767579,0.408171,-0.259304,-0.636136,-0.143479,0.687503,0.442834,0.368170,0.363095,0.732451
2026-03-27T18:20:19.354048+00:00,3.139698,1774635619354048200,-0.629329,0.386483,0.479458,0.688841,-0.203840,0.661254,0.215857,-0.689494,-0.126122,0.277396,0.425127,-0.765231,0.413166,-0.253223,-0.637547,-0.142662,0.684532,0.448246,0.368382,0.361901,0.728369
2026-03-27T18:20:19.371140+00:00,3.156790,1774635619371140100,-0.629602,0.386538,0.476514,0.689510,-0.203426,0.661257,0.215095,-0.690815,-0.125703,0.275255,0.426503,-0.761737,0.417635,-0.248817,-0.639614,-0.141930,0.681085,0.452196,0.365582,0.363691,0.728265
2026-03-27T18:20:19.388189+00:00,3.173838,1774635619388188800,-0.629979,0.386370,0.473588,0.689928,-0.203660,0.660528,0.215406,-0.692440,-0.125613,0.269860,0.427952,-0.757930,0.423600,-0.251844,-0.641444,-0.141235,0.677947,0.456223,0.359806,0.366373,0.726645
2026-03-27T18:20:19.408961+00:00,3.194610,1774635619408960700,-0.630218,0.386131,0.470834,0.689918,-0.204573,0.659541,0.216058,-0.692440,-0.125613,0.269860,0.427952,-0.757930,0.423600,-0.251844,-0.643253,-0.140587,0.674547,0.458166,0.354817,0.370707,0.726159
2026-03-27T18:20:19.425905+00:00,3.211554,1774635619425904600,-0.630467,0.385776,0.465469,0.689729,-0.208108,0.659059,0.216576,-0.693725,-0.125999,0.263920,0.437420,-0.753760,0.417699,-0.258669,-0.645318,-0.139496,0.668812,0.460039,0.348056,0.373804,0.725122
2026-03-27T18:20:19.442805+00:00,3.228455,1774635619442805200,-0.630500,0.385812,0.464235,0.689837,-0.208509,0.658846,0.216230,-0.694618,-0.126778,0.260668,0.437302,-0.754091,0.413323,-0.261854,-0.645377,-0.139089,0.666396,0.458323,0.347468,0.373514,0.726738
2026-03-27T18:20:19.459848+00:00,3.245497,1774635619459847600,-0.630440,0.386166,0.461074,0.689540,-0.208727,0.659568,0.214353,-0.695627,-0.127837,0.257513,0.432988,-0.758287,0.409202,-0.265604,-0.644989,-0.138606,0.664110,0.455222,0.348944,0.371419,0.729398
2026-03-27T18:20:19.476880+00:00,3.262530,1774635619476880100,-0.630334,0.386362,0.460131,0.689133,-0.208352,0.660328,0.213195,-0.696874,-0.129019,0.254713,0.429390,-0.761871,0.404084,-0.268445,-0.644497,-0.138330,0.663037,0.453128,0.350493,0.369875,0.730734
2026-03-27T18:20:19.493858+00:00,3.279507,1774635619493857600,-0.630061,0.387123,0.457672,0.689026,-0.206677,0.662243,0.209370,-0.698128,-0.130236,0.252070,0.424663,-0.764783,0.399566,-0.270152,-0.642059,-0.137843,0.660283,0.450628,0.357241,0.363887,0.733117
2026-03-27T18:20:19.511077+00:00,3.296726,1774635619511076700,-0.629975,0.387395,0.456974,0.688598,-0.206240,0.663554,0.207928,-0.699518,-0.131501,0.249819,0.422001,-0.766873,0.397432,-0.271169,-0.641152,-0.137761,0.659315,0.451716,0.359016,0.362522,0.732205
2026-03-27T18:20:19.528082+00:00,3.313732,1774635619528082100,-0.629825,0.387717,0.455829,0.688435,-0.204982,0.664086,0.206128,-0.700834,-0.132889,0.248008,0.421430,-0.768608,0.397270,-0.272378,-0.638622,-0.137909,0.656391,0.460659,0.360370,0.361393,0.726655
2026-03-27T18:20:19.545144+00:00,3.330794,1774635619545144000,-0.629681,0.387889,0.455176,0.687245,-0.204258,0.665971,0.206400,-0.702285,-0.134412,0.246529,0.423470,-0.767167,0.397115,-0.272251,-0.637881,-0.138103,0.655179,0.464971,0.359815,0.362910,0.723251
2026-03-27T18:20:19.562150+00:00,3.347800,1774635619562149900,-0.629161,0.387545,0.455357,0.682888,-0.198676,0.670237,0.210643,-0.705253,-0.136612,0.245108,0.429497,-0.767410,0.393892,-0.267086,-0.635335,-0.139665,0.650640,0.483308,0.343894,0.377006,0.711995
2026-03-27T18:20:19.579292+00:00,3.364941,1774635619579291600,-0.628970,0.387546,0.455816,0.680018,-0.195601,0.673105,0.214167,-0.708536,-0.138734,0.244419,0.431763,-0.769738,0.392087,-0.262273,-0.634665,-0.140825,0.648653,0.490156,0.333028,0.384323,0.708558
2026-03-27T18:20:19.596295+00:00,3.381945,1774635619596295200,-0.628868,0.388010,0.456261,0.677814,-0.193068,0.675208,0.217397,-0.709781,-0.139298,0.244275,0.432629,-0.769430,0.389758,-0.259922,-0.633890,-0.142134,0.646643,0.493611,0.325744,0.391073,0.705031
2026-03-27T18:20:19.616060+00:00,3.401709,1774635619616059800,-0.628868,0.388010,0.456261,0.677814,-0.193068,0.675208,0.217397,-0.709781,-0.139298,0.244275,0.432629,-0.769430,0.389758,-0.259922,-0.633890,-0.142134,0.646643,0.493611,0.325744,0.391073,0.705031
2026-03-27T18:20:19.633070+00:00,3.418719,1774635619633069800,-0.628626,0.390425,0.456823,0.673930,-0.189024,0.678800,0.222082,-0.714790,-0.139945,0.244052,0.429054,-0.778598,0.382863,-0.253123,-0.632615,-0.144919,0.643644,0.494850,0.316869,0.395923,0.705282
2026-03-27T18:20:19.649927+00:00,3.435577,1774635619649926900,-0.628477,0.392129,0.457046,0.672130,-0.186448,0.680743,0.223382,-0.716831,-0.139241,0.244177,0.426528,-0.780372,0.382687,-0.250387,-0.632545,-0.146459,0.642754,0.492250,0.314037,0.394147,0.709497
2026-03-27T18:20:19.667727+00:00,3.453377,1774635619667727400,-0.628310,0.393998,0.457206,0.670559,-0.183310,0.683638,0.222763,-0.718638,-0.137908,0.244422,0.423517,-0.782671,0.385441,-0.247915,-0.632792,-0.147200,0.642194,0.485018,0.311255,0.393372,0.715509
2026-03-27T18:20:19.684029+00:00,3.469678,1774635619684028600,-0.628238,0.396441,0.457049,0.668802,-0.179492,0.687164,0.219799,-0.720945,-0.134252,0.244974,0.422942,-0.776989,0.393694,-0.246696,-0.633136,-0.146806,0.642053,0.470007,0.310031,0.394518,0.725960
2026-03-27T18:20:19.701094+00:00,3.486744,1774635619701093900,-0.628304,0.397411,0.456723,0.668551,-0.178063,0.688465,0.217267,-0.721782,-0.132827,0.245144,0.421694,-0.774727,0.399843,-0.247397,-0.633009,-0.145968,0.642419,0.462801,0.311397,0.393308,0.730943
2026-03-27T18:20:19.718000+00:00,3.503650,1774635619718000100,-0.628568,0.397794,0.456198,0.668225,-0.177352,0.689822,0.214004,-0.722444,-0.131748,0.245233,0.422872,-0.771703,0.404104,-0.247199,-0.632541,-0.145307,0.643152,0.459821,0.315676,0.389345,0.732965
2026-03-27T18:20:19.735252+00:00,3.520902,1774635619735252200,-0.628918,0.397440,0.455667,0.667691,-0.178367,0.691218,0.211532,-0.722954,-0.130987,0.245402,0.426248,-0.768039,0.408126,-0.247002,-0.631736,-0.144686,0.643935,0.458827,0.319945,0.386210,0.733664
2026-03-27T18:20:19.752237+00:00,3.537886,1774635619752236600,-0.629462,0.396399,0.455087,0.667130,-0.180480,0.691453,0.210157,-0.723395,-0.130849,0.245674,0.430225,-0.764522,0.411650,-0.246594,-0.630702,-0.144250,0.644653,0.459386,0.325009,0.384951,0.731971
2026-03-27T18:20:19.769297+00:00,3.554947,1774635619769297200,-0.630064,0.394745,0.454556,0.666429,-0.184041,0.691275,0.210284,-0.723686,-0.131037,0.245841,0.430888,-0.764080,0.413119,-0.245954,-0.629528,-0.144149,0.645286,0.461839,0.328801,0.385198,0.728530
2026-03-27T18:20:19.786359+00:00,3.572009,1774635619786359300,-0.630833,0.392720,0.454104,0.665505,-0.188512,0.690279,0.211942,-0.724295,-0.131909,0.246120,0.431694,-0.762493,0.414052,-0.244629,-0.628976,-0.144248,0.645645,0.463446,0.329992,0.385295,0.726558
2026-03-27T18:20:19.803331+00:00,3.588981,1774635619803331300,-0.631697,0.390790,0.453800,0.664212,-0.193497,0.689722,0.213890,-0.724859,-0.133324,0.246436,0.430010,-0.764231,0.414284,-0.244146,-0.627863,-0.144654,0.646470,0.466114,0.329673,0.387089,0.723832
2026-03-27T18:20:19.820612+00:00,3.606262,1774635619820612100,-0.632595,0.388864,0.453641,0.663801,-0.197600,0.688265,0.215851,-0.725188,-0.134791,0.246776,0.428263,-0.766772,0.412809,-0.243704,-0.627350,-0.145118,0.646963,0.466543,0.327267,0.389314,0.724145
2026-03-27T18:20:19.837575+00:00,3.623224,1774635619837574800,-0.634049,0.385898,0.453910,0.663190,-0.203966,0.685494,0.220133,-0.725131,-0.137522,0.247781,0.430446,-0.769051,0.403549,-0.243844,-0.626006,-0.145573,0.648069,0.464565,0.321689,0.395025,0.723958
2026-03-27T18:20:19.857166+00:00,3.642816,1774635619857166400,-0.634049,0.385898,0.453910,0.663190,-0.203966,0.685494,0.220133,-0.725131,-0.137522,0.247781,0.430446,-0.769051,0.403549,-0.243844,-0.626006,-0.145573,0.648069,0.464565,0.321689,0.395025,0.723958
2026-03-27T18:20:19.874252+00:00,3.659901,1774635619874251700,-0.634884,0.384365,0.455152,0.661925,-0.207039,0.684657,0.225083,-0.724014,-0.140522,0.249292,0.427382,-0.773830,0.396477,-0.245807,-0.622955,-0.145497,0.650028,0.463582,0.322756,0.400022,0.721438
2026-03-27T18:20:19.890933+00:00,3.676583,1774635619890932900,-0.635010,0.384341,0.455574,0.662148,-0.206799,0.683685,0.225686,-0.723536,-0.141733,0.250342,0.423852,-0.777377,0.395157,-0.244570,-0.620917,-0.145730,0.651612,0.462845,0.326174,0.400765,0.719839
2026-03-27T18:20:19.907936+00:00,3.693585,1774635619907935800,-0.635073,0.384596,0.456521,0.661761,-0.205146,0.684599,0.226879,-0.722527,-0.142723,0.251742,0.419777,-0.781212,0.393198,-0.245034,-0.619812,-0.145817,0.652427,0.461394,0.328333,0.401559,0.720236
2026-03-27T18:20:19.924996+00:00,3.710645,1774635619924995600,-0.635146,0.385158,0.457607,0.661284,-0.202600,0.685778,0.227622,-0.721255,-0.143439,0.253251,0.417448,-0.782242,0.392992,-0.245975,-0.616749,-0.146238,0.654988,0.458958,0.335511,0.402542,0.718209
2026-03-27T18:20:19.942135+00:00,3.727784,1774635619942134600,-0.635104,0.385819,0.458988,0.660657,-0.199873,0.687160,0.227486,-0.719956,-0.143853,0.254927,0.417890,-0.780850,0.393371,-0.246084,-0.615762,-0.146432,0.655935,0.458594,0.337736,0.402335,0.716744
2026-03-27T18:20:19.959145+00:00,3.744795,1774635619959145200,-0.635175,0.386310,0.460531,0.659307,-0.197697,0.688684,0.228008,-0.718618,-0.143802,0.256636,0.420059,-0.780190,0.394403,-0.245764,-0.614148,-0.146898,0.657597,0.457432,0.341010,0.402804,0.715158
2026-03-27T18:20:19.976863+00:00,3.762512,1774635619976862800,-0.635217,0.386568,0.462000,0.657898,-0.196305,0.690493,0.228549,-0.717237,-0.143595,0.258509,0.424099,-0.777339,0.396906,-0.244158,-0.612719,-0.147496,0.659532,0.455546,0.343962,0.404128,0.714482
2026-03-27T18:20:19.993166+00:00,3.778816,1774635619993166300,-0.635443,0.386337,0.464774,0.654444,-0.195676,0.693499,0.229470,-0.715581,-0.143712,0.261159,0.428226,-0.772917,0.402883,-0.239020,-0.611226,-0.148755,0.663084,0.451177,0.345811,0.405859,0.714822
2026-03-27T18:20:20.010299+00:00,3.795948,1774635620010298600,-0.635648,0.385938,0.466023,0.652858,-0.196036,0.694908,0.230124,-0.714335,-0.144558,0.263295,0.429755,-0.772318,0.405817,-0.234617,-0.610786,-0.149617,0.664858,0.448060,0.346048,0.408213,0.714908
2026-03-27T18:20:20.027236+00:00,3.812885,1774635620027235600,-0.635773,0.385545,0.466932,0.652132,-0.196544,0.694424,0.230188,-0.714030,-0.144940,0.263806,0.430436,-0.771224,0.405453,-0.233324,-0.610388,-0.150411,0.666520,0.443537,0.347444,0.411595,0.717266
2026-03-27T18:20:20.044317+00:00,3.829966,1774635620044316500,-0.635857,0.385056,0.467888,0.650974,-0.197354,0.695227,0.231356,-0.713512,-0.145850,0.264765,0.430320,-0.773841,0.404167,-0.231835,-0.610275,-0.151150,0.667955,0.440571,0.348154,0.412994,0.716433
2026-03-27T18:20:20.061288+00:00,3.846937,1774635620061287700,-0.636106,0.384278,0.468858,0.649857,-0.198321,0.695861,0.233233,-0.712817,-0.146704,0.265464,0.432430,-0.772893,0.400406,-0.231573,-0.610031,-0.151879,0.669239,0.438018,0.350072,0.413451,0.716932
2026-03-27T18:20:20.080540+00:00,3.866190,1774635620080540000,-0.636106,0.384278,0.468858,0.649857,-0.198321,0.695861,0.233233,-0.712817,-0.146704,0.265464,0.432430,-0.772893,0.400406,-0.231573,-0.610031,-0.151879,0.669239,0.438018,0.350072,0.413451,0.716932
2026-03-27T18:20:20.096948+00:00,3.882598,1774635620096948600,-0.636567,0.383128,0.470390,0.649252,-0.199091,0.695084,0.235897,-0.711233,-0.148126,0.266038,0.432023,-0.775175,0.397765,-0.234925,-0.609562,-0.153386,0.671454,0.431569,0.354370,0.413843,0.718379
2026-03-27T18:20:20.113987+00:00,3.899637,1774635620113987000,-0.636636,0.382783,0.470914,0.649382,-0.199253,0.694421,0.237354,-0.710792,-0.148559,0.265887,0.431647,-0.775562,0.396969,-0.236274,-0.609449,-0.154005,0.672236,0.427998,0.357410,0.412727,0.720417
2026-03-27T18:20:20.131134+00:00,3.916784,1774635620131134200,-0.636687,0.382657,0.471157,0.649812,-0.199330,0.694035,0.238027,-0.710203,-0.149070,0.265780,0.431700,-0.775001,0.396204,-0.237095,-0.609420,-0.154440,0.672915,0.424786,0.359747,0.411476,0.722109
2026-03-27T18:20:20.148185+00:00,3.933834,1774635620148184600,-0.636514,0.382508,0.471990,0.651216,-0.198319,0.692118,0.240154,-0.709185,-0.149974,0.265267,0.434218,-0.774436,0.392066,-0.238758,-0.609608,-0.154365,0.673433,0.419817,0.362274,0.409249,0.723199
2026-03-27T18:20:20.165012+00:00,3.950661,1774635620165011600,-0.636309,0.382563,0.472330,0.651793,-0.197357,0.692077,0.240809,-0.708933,-0.150382,0.264730,0.436025,-0.773695,0.390378,-0.240902,-0.609599,-0.154227,0.673561,0.418858,0.364001,0.408506,0.724880
2026-03-27T18:20:20.182107+00:00,3.967757,1774635620182106900,-0.636056,0.382635,0.472710,0.652517,-0.196486,0.690579,0.241187,-0.708923,-0.150837,0.264137,0.437710,-0.773783,0.387268,-0.242203,-0.609547,-0.154159,0.673607,0.419484,0.363924,0.407624,0.723992
2026-03-27T18:20:20.199269+00:00,3.984919,1774635620199269400,-0.635777,0.382704,0.473018,0.652609,-0.196320,0.690786,0.241339,-0.709220,-0.151416,0.263476,0.438777,-0.774589,0.383916,-0.242356,-0.609395,-0.153799,0.673533,0.420452,0.365272,0.407969,0.724924
2026-03-27T18:20:20.216030+00:00,4.001679,1774635620216029600,-0.635519,0.382785,0.473194,0.653427,-0.196357,0.690376,0.240859,-0.709331,-0.151717,0.263193,0.438396,-0.774856,0.383151,-0.242904,-0.609300,-0.153143,0.673298,0.423836,0.364800,0.407425,0.722265
2026-03-27T18:20:20.233070+00:00,4.018720,1774635620233070200,-0.635255,0.382877,0.473331,0.653651,-0.196599,0.690550,0.240063,-0.709693,-0.152544,0.262587,0.434534,-0.777548,0.382032,-0.244584,-0.609178,-0.152534,0.673040,0.427408,0.364333,0.407525,0.720469
2026-03-27T18:20:20.249935+00:00,4.035584,1774635620249934700,-0.635033,0.382989,0.473461,0.654442,-0.197390,0.689432,0.238912,-0.710181,-0.153394,0.262126,0.430523,-0.778357,0.382382,-0.246797,-0.609159,-0.152082,0.672728,0.432386,0.362397,0.407460,0.717986
2026-03-27T18:20:20.266970+00:00,4.052620,1774635620266969900,-0.634759,0.383076,0.473609,0.655244,-0.197941,0.688768,0.238233,-0.710507,-0.154198,0.261693,0.425903,-0.782116,0.380403,-0.248888,-0.609227,-0.151762,0.672402,0.435287,0.361102,0.408579,0.717073
2026-03-27T18:20:20.290799+00:00,4.076448,1774635620290798600,-0.634368,0.383161,0.473827,0.655609,-0.198253,0.689125,0.237849,-0.711062,-0.155023,0.261264,0.422474,-0.783446,0.381091,-0.249375,-0.609309,-0.151516,0.672169,0.437262,0.358914,0.409517,0.716831
2026-03-27T18:20:20.307177+00:00,4.092827,1774635620307176900,-0.633661,0.383335,0.474562,0.656421,-0.197093,0.687986,0.238031,-0.712370,-0.156479,0.260829,0.424230,-0.785480,0.374855,-0.249497,-0.609547,-0.151351,0.671792,0.439376,0.355334,0.408226,0.717949
2026-03-27T18:20:20.324284+00:00,4.109934,1774635620324284200,-0.633493,0.383403,0.474811,0.656117,-0.196918,0.688289,0.238134,-0.713343,-0.156789,0.260992,0.427743,-0.786881,0.369046,-0.245776,-0.609676,-0.151523,0.671671,0.440938,0.353044,0.406572,0.717378
2026-03-27T18:20:20.341446+00:00,4.127096,1774635620341446100,-0.633159,0.383489,0.475240,0.655866,-0.196299,0.689194,0.238389,-0.714288,-0.156807,0.261273,0.433013,-0.785418,0.366657,-0.243165,-0.609662,-0.151699,0.671532,0.440823,0.352504,0.406699,0.718580
2026-03-27T18:20:20.358232+00:00,4.143882,1774635620358232000,-0.632932,0.383580,0.475595,0.656225,-0.195617,0.688419,0.238067,-0.714912,-0.156739,0.261593,0.434579,-0.785486,0.368415,-0.241866,-0.609559,-0.151616,0.671440,0.441309,0.352203,0.406107,0.718561
2026-03-27T18:20:20.375322+00:00,4.160971,1774635620375321600,-0.632805,0.383591,0.475758,0.656434,-0.195924,0.688674,0.238139,-0.715428,-0.156697,0.261856,0.434755,-0.785292,0.370306,-0.241566,-0.609514,-0.151686,0.671409,0.441558,0.352337,0.406229,0.718997
2026-03-27T18:20:20.392170+00:00,4.177820,1774635620392170500,-0.632692,0.383539,0.476007,0.656374,-0.195817,0.688574,0.238416,-0.715705,-0.156623,0.262070,0.436267,-0.783225,0.370982,-0.241989,-0.609440,-0.151893,0.671429,0.442436,0.351540,0.405293,0.719300
2026-03-27T18:20:20.409277+00:00,4.194927,1774635620409277400,-0.632090,0.383672,0.476717,0.656712,-0.195417,0.688310,0.238380,-0.716103,-0.156340,0.262381,0.439034,-0.781213,0.372053,-0.243026,-0.609405,-0.152056,0.671532,0.442860,0.350605,0.404707,0.719155
2026-03-27T18:20:20.426352+00:00,4.212002,1774635620426352100,-0.631880,0.383732,0.476962,0.656751,-0.195229,0.688280,0.238248,-0.716232,-0.156181,0.262409,0.439813,-0.779569,0.372483,-0.243287,-0.609370,-0.152138,0.671612,0.442753,0.350491,0.405057,0.719362
2026-03-27T18:20:20.443286+00:00,4.228936,1774635620443286200,-0.631742,0.383740,0.477158,0.656660,-0.195024,0.688294,0.238359,-0.716241,-0.156189,0.262317,0.437579,-0.781266,0.373104,-0.245849,-0.609317,-0.152190,0.671769,0.442421,0.350401,0.405395,0.719094
2026-03-27T18:20:20.460269+00:00,4.245918,1774635620460268700,-0.631644,0.383795,0.477300,0.656662,-0.195700,0.688633,0.238594,-0.716216,-0.156275,0.262241,0.436824,-0.780097,0.372168,-0.246514,-0.609244,-0.152196,0.671966,0.441842,0.350733,0.404565,0.718814
2026-03-27T18:20:20.477105+00:00,4.262755,1774635620477104900,-0.631521,0.383940,0.477405,0.657315,-0.195277,0.687608,0.238272,-0.716137,-0.156446,0.262055,0.434292,-0.781799,0.370658,-0.249342,-0.609153,-0.152230,0.672191,0.440532,0.352122,0.404675,0.720399
2026-03-27T18:20:20.494164+00:00,4.279813,1774635620494163700,-0.631473,0.384107,0.477499,0.657744,-0.194956,0.687360,0.237772,-0.716020,-0.156691,0.261963,0.432114,-0.784304,0.369071,-0.251280,-0.609136,-0.152267,0.672438,0.440574,0.353583,0.402931,0.720609
2026-03-27T18:20:20.512915+00:00,4.298564,1774635620512914700,-0.631473,0.384107,0.477499,0.657744,-0.194956,0.687360,0.237772,-0.716020,-0.156691,0.261963,0.432114,-0.784304,0.369071,-0.251280,-0.609136,-0.152267,0.672438,0.440574,0.353583,0.402931,0.720609
2026-03-27T18:20:20.530111+00:00,4.315761,1774635620530111200,-0.631296,0.384182,0.477707,0.657787,-0.194566,0.687844,0.237785,-0.715970,-0.157190,0.262117,0.433356,-0.784625,0.366968,-0.251979,-0.609238,-0.151976,0.672671,0.442501,0.350144,0.404711,0.718483
2026-03-27T18:20:20.546978+00:00,4.332628,1774635620546978300,-0.631242,0.384129,0.477766,0.658008,-0.194657,0.686886,0.237888,-0.715967,-0.157427,0.262353,0.437030,-0.782808,0.365968,-0.250893,-0.609393,-0.151369,0.672333,0.445646,0.345555,0.409293,0.716981
2026-03-27T18:20:20.564007+00:00,4.349657,1774635620564007100,-0.631276,0.383983,0.477778,0.657807,-0.195296,0.687222,0.238713,-0.716029,-0.157731,0.262690,0.439892,-0.782462,0.365674,-0.249665,-0.609461,-0.150607,0.671792,0.450981,0.339835,0.414287,0.713892
2026-03-27T18:20:20.580903+00:00,4.366553,1774635620580903000,-0.631242,0.383912,0.477712,0.657858,-0.195664,0.687186,0.238534,-0.716606,-0.158749,0.263599,0.444062,-0.781089,0.364177,-0.247513,-0.609199,-0.149103,0.670497,0.464885,0.330202,0.420173,0.705819
2026-03-27T18:20:20.597896+00:00,4.383545,1774635620597895600,-0.631211,0.384060,0.477495,0.658980,-0.195296,0.686013,0.237408,-0.716993,-0.159456,0.264120,0.446873,-0.780071,0.361027,-0.246394,-0.608921,-0.148505,0.669575,0.471167,0.327382,0.421283,0.701721
2026-03-27T18:20:20.615166+00:00,4.400816,1774635620615166400,-0.631202,0.384165,0.477212,0.659932,-0.195429,0.685840,0.236754,-0.717440,-0.160156,0.264579,0.448373,-0.781641,0.358594,-0.245870,-0.608740,-0.148349,0.669058,0.472875,0.327264,0.421801,0.701825
2026-03-27T18:20:20.632089+00:00,4.417739,1774635620632089000,-0.631214,0.384144,0.476938,0.661098,-0.195598,0.684520,0.236942,-0.718101,-0.161083,0.265049,0.449300,-0.782895,0.354994,-0.245701,-0.608551,-0.148222,0.668159,0.476810,0.325757,0.421001,0.698825
2026-03-27T18:20:20.649104+00:00,4.434753,1774635620649103600,-0.631268,0.384088,0.476767,0.662137,-0.195659,0.683352,0.237132,-0.718997,-0.162057,0.265455,0.450261,-0.783190,0.351244,-0.244166,-0.608598,-0.148235,0.667176,0.478123,0.324916,0.419578,0.700045
2026-03-27T18:20:20.666167+00:00,4.451817,1774635620666167600,-0.631351,0.384009,0.476722,0.662598,-0.195403,0.682733,0.237609,-0.719934,-0.163049,0.265913,0.451925,-0.784463,0.349135,-0.243281,-0.608873,-0.148307,0.666329,0.478868,0.323194,0.417329,0.701456
2026-03-27T18:20:20.683092+00:00,4.468742,1774635620683092200,-0.631394,0.383926,0.476743,0.662691,-0.195473,0.682509,0.238022,-0.720708,-0.164077,0.266281,0.455447,-0.783033,0.346271,-0.242671,-0.609396,-0.148341,0.665088,0.477710,0.320099,0.414301,0.705666
2026-03-27T18:20:20.699985+00:00,4.485635,1774635620699985100,-0.631394,0.383926,0.476743,0.662691,-0.195473,0.682509,0.238022,-0.720708,-0.164077,0.266281,0.455447,-0.783033,0.346271,-0.242671,-0.609396,-0.148341,0.665088,0.477710,0.320099,0.414301,0.705666
2026-03-27T18:20:20.721878+00:00,4.507527,1774635620721877700,-0.631497,0.383740,0.476810,0.662574,-0.196650,0.682882,0.238100,-0.721964,-0.165607,0.266440,0.458107,-0.783817,0.343981,-0.242192,-0.609797,-0.148264,0.663990,0.476982,0.317385,0.412434,0.708853
2026-03-27T18:20:20.738683+00:00,4.524333,1774635620738683400,-0.631523,0.383713,0.477119,0.662395,-0.196350,0.682590,0.238240,-0.724631,-0.168246,0.265895,0.458745,-0.785410,0.336691,-0.242557,-0.610193,-0.147905,0.662831,0.479040,0.314679,0.411475,0.709387
2026-03-27T18:20:20.755796+00:00,4.541445,1774635620755795600,-0.631509,0.383676,0.477368,0.661408,-0.196034,0.683502,0.238913,-0.725419,-0.168958,0.265551,0.460387,-0.785265,0.334003,-0.244031,-0.610313,-0.147721,0.662558,0.480677,0.313985,0.410636,0.708212
2026-03-27T18:20:20.772789+00:00,4.558439,1774635620772789600,-0.631463,0.383649,0.477521,0.660471,-0.196449,0.684228,0.239244,-0.725896,-0.169303,0.265302,0.462743,-0.784562,0.332127,-0.245112,-0.610462,-0.147598,0.662400,0.482084,0.314156,0.409991,0.707632
2026-03-27T18:20:20.789846+00:00,4.575496,1774635620789846500,-0.631455,0.383669,0.477532,0.660224,-0.197018,0.684481,0.239020,-0.727239,-0.170203,0.264565,0.466328,-0.783895,0.325359,-0.247748,-0.610605,-0.147427,0.662470,0.482290,0.314596,0.409861,0.707837
2026-03-27T18:20:20.806871+00:00,4.592521,1774635620806870900,-0.631440,0.383789,0.477521,0.660253,-0.196948,0.684678,0.238564,-0.727807,-0.170580,0.264330,0.465247,-0.786267,0.323427,-0.248791,-0.610763,-0.147307,0.662616,0.482057,0.315243,0.409572,0.708109
2026-03-27T18:20:20.823921+00:00,4.609570,1774635620823920700,-0.631458,0.384010,0.477554,0.660359,-0.196542,0.684395,0.237797,-0.729128,-0.171219,0.263873,0.462095,-0.789017,0.319778,-0.249658,-0.610901,-0.147208,0.662919,0.481483,0.316127,0.409544,0.708262
2026-03-27T18:20:20.841043+00:00,4.626692,1774635620841042700,-0.631486,0.384161,0.477590,0.660494,-0.196058,0.684490,0.237390,-0.730390,-0.171665,0.263490,0.460514,-0.790474,0.316491,-0.250385,-0.611021,-0.147181,0.663337,0.481415,0.316623,0.409481,0.706575
2026-03-27T18:20:20.858098+00:00,4.643747,1774635620858097700,-0.631533,0.384216,0.477547,0.660761,-0.196094,0.684162,0.237405,-0.731401,-0.171662,0.263157,0.461735,-0.789907,0.315248,-0.252664,-0.611191,-0.147280,0.663796,0.480486,0.317488,0.409929,0.706815
2026-03-27T18:20:20.875166+00:00,4.660816,1774635620875166100,-0.631574,0.384209,0.477503,0.660980,-0.196093,0.683906,0.237536,-0.732271,-0.171424,0.262810,0.466955,-0.785753,0.314946,-0.253527,-0.611361,-0.147338,0.664245,0.479436,0.318596,0.409789,0.707185
2026-03-27T18:20:20.892169+00:00,4.677818,1774635620892168500,-0.631704,0.384195,0.477308,0.661575,-0.196313,0.683089,0.238050,-0.734435,-0.171049,0.262504,0.477915,-0.777988,0.319258,-0.254108,-0.611648,-0.147550,0.664882,0.478240,0.319629,0.410302,0.707228
2026-03-27T18:20:20.909273+00:00,4.694923,1774635620909273100,-0.631798,0.384225,0.477192,0.661996,-0.196540,0.683309,0.237803,-0.735994,-0.171424,0.262546,0.483071,-0.774421,0.320139,-0.251385,-0.611837,-0.147747,0.665247,0.477009,0.320299,0.410833,0.707819
2026-03-27T18:20:20.926194+00:00,4.711843,1774635620926193600,-0.631936,0.384257,0.477075,0.663068,-0.196650,0.681735,0.237578,-0.737878,-0.172286,0.262633,0.484403,-0.776196,0.317808,-0.248532,-0.611998,-0.147912,0.665718,0.475640,0.320553,0.410809,0.707887
2026-03-27T18:20:20.944444+00:00,4.730094,1774635620944444400,-0.631936,0.384257,0.477075,0.663068,-0.196650,0.681735,0.237578,-0.737878,-0.172286,0.262633,0.484403,-0.776196,0.317808,-0.248532,-0.611998,-0.147912,0.665718,0.475640,0.320553,0.410809,0.707887
2026-03-27T18:20:20.961512+00:00,4.747161,1774635620961511700,-0.632161,0.384267,0.477146,0.663653,-0.197429,0.680917,0.237562,-0.741936,-0.175018,0.262573,0.476167,-0.788815,0.304471,-0.243741,-0.612210,-0.148104,0.666985,0.472677,0.322752,0.412351,0.708442
2026-03-27T18:20:20.978694+00:00,4.764343,1774635620978693700,-0.632230,0.384314,0.477335,0.663239,-0.197345,0.681812,0.237924,-0.742733,-0.175775,0.262631,0.472679,-0.792125,0.300472,-0.243907,-0.612202,-0.148104,0.667248,0.472294,0.323347,0.412134,0.707792
2026-03-27T18:20:20.995823+00:00,4.781473,1774635620995823400,-0.632263,0.384460,0.477589,0.663025,-0.197375,0.681470,0.237972,-0.745058,-0.178083,0.263038,0.462131,-0.800804,0.292404,-0.246577,-0.612118,-0.148094,0.667736,0.471321,0.325232,0.412568,0.707828
2026-03-27T18:20:21.012712+00:00,4.798362,1774635621012712500,-0.632211,0.384660,0.477819,0.662704,-0.197318,0.681906,0.237795,-0.745782,-0.178749,0.263273,0.460688,-0.801390,0.290285,-0.247053,-0.611997,-0.147941,0.668258,0.470458,0.327301,0.412420,0.707471
2026-03-27T18:20:21.029722+00:00,4.815372,1774635621029722400,-0.632143,0.384962,0.477995,0.662863,-0.196939,0.682067,0.237046,-0.747559,-0.180030,0.264206,0.464441,-0.799917,0.286870,-0.246578,-0.612103,-0.147516,0.669446,0.469371,0.329007,0.412303,0.707436
2026-03-27T18:20:21.046852+00:00,4.832502,1774635621046852000,-0.632002,0.385301,0.478228,0.662778,-0.197069,0.682886,0.236533,-0.748174,-0.180361,0.264555,0.466814,-0.799931,0.286336,-0.245871,-0.612152,-0.147317,0.669785,0.469173,0.329585,0.412580,0.707349
2026-03-27T18:20:21.063804+00:00,4.849454,1774635621063804200,-0.631774,0.386196,0.479179,0.662839,-0.195954,0.683543,0.234466,-0.750783,-0.181960,0.266127,0.477810,-0.794388,0.284151,-0.242723,-0.612251,-0.146485,0.671228,0.470506,0.331107,0.412030,0.706860
2026-03-27T18:20:21.080849+00:00,4.866499,1774635621080849200,-0.631688,0.386607,0.479898,0.662029,-0.195279,0.685047,0.233856,-0.752948,-0.183830,0.267152,0.477728,-0.796976,0.281136,-0.241320,-0.612177,-0.146105,0.671993,0.472201,0.331442,0.412466,0.704787
2026-03-27T18:20:21.097831+00:00,4.883481,1774635621097831100,-0.631635,0.386930,0.480668,0.661616,-0.194687,0.685551,0.233147,-0.753617,-0.184513,0.267462,0.476354,-0.797434,0.279755,-0.241020,-0.612078,-0.145707,0.672710,0.473885,0.332003,0.413307,0.702378
2026-03-27T18:20:21.114908+00:00,4.900558,1774635621114907900,-0.631600,0.387176,0.481496,0.661007,-0.194444,0.686220,0.232261,-0.754600,-0.185864,0.268016,0.470737,-0.801055,0.277263,-0.243625,-0.612013,-0.145466,0.673459,0.474643,0.333274,0.415048,0.701739
2026-03-27T18:20:21.131922+00:00,4.917572,1774635621131922500,-0.631564,0.387250,0.481941,0.660155,-0.194135,0.687540,0.232312,-0.755111,-0.186700,0.268499,0.468471,-0.803699,0.274108,-0.247142,-0.612168,-0.145341,0.674325,0.475133,0.333249,0.415079,0.700753
2026-03-27T18:20:21.153527+00:00,4.939176,1774635621153526800,-0.631564,0.387250,0.481941,0.660155,-0.194135,0.687540,0.232312,-0.755111,-0.186700,0.268499,0.468471,-0.803699,0.274108,-0.247142,-0.612168,-0.145341,0.674325,0.475133,0.333249,0.415079,0.700753
2026-03-27T18:20:21.170162+00:00,4.955812,1774635621170162000,-0.631482,0.387260,0.484009,0.658334,-0.193574,0.688947,0.232240,-0.756118,-0.187809,0.269433,0.467116,-0.804292,0.266046,-0.252166,-0.612526,-0.145233,0.676089,0.473613,0.332328,0.414440,0.702920
2026-03-27T18:20:21.187126+00:00,4.972776,1774635621187126000,-0.631433,0.386957,0.486262,0.656037,-0.193900,0.690931,0.233411,-0.757604,-0.188745,0.270454,0.459330,-0.808865,0.263411,-0.255699,-0.612438,-0.145126,0.677529,0.472380,0.332424,0.414628,0.703191
2026-03-27T18:20:21.204391+00:00,4.990041,1774635621204391300,-0.631401,0.386876,0.487431,0.654787,-0.194047,0.692477,0.234067,-0.757876,-0.189210,0.270854,0.457779,-0.809998,0.260494,-0.258305,-0.612186,-0.145032,0.678462,0.471506,0.332945,0.415612,0.703280
2026-03-27T18:20:21.221161+00:00,5.006811,1774635621221161600,-0.631391,0.386920,0.488560,0.654544,-0.193302,0.692256,0.234128,-0.758462,-0.189969,0.271304,0.456407,-0.811649,0.258091,-0.259725,-0.611834,-0.144904,0.679541,0.471584,0.333721,0.416163,0.701554
2026-03-27T18:20:21.238018+00:00,5.023668,1774635621238018000,-0.631309,0.386994,0.489615,0.653663,-0.192949,0.693763,0.234155,-0.758909,-0.190565,0.271533,0.456393,-0.812303,0.256467,-0.258641,-0.611403,-0.144832,0.680626,0.471444,0.335757,0.416944,0.701453
2026-03-27T18:20:21.254990+00:00,5.040640,1774635621254990200,-0.631203,0.387031,0.490583,0.653639,-0.192816,0.693108,0.234249,-0.760678,-0.192958,0.272123,0.447675,-0.819680,0.253731,-0.251931,-0.610959,-0.144878,0.681754,0.471751,0.337168,0.416991,0.700544
2026-03-27T18:20:21.272151+00:00,5.057801,1774635621272151100,-0.631102,0.387087,0.491513,0.653789,-0.193061,0.692897,0.234239,-0.761475,-0.194012,0.272384,0.443061,-0.823929,0.252915,-0.248921,-0.610642,-0.145049,0.682935,0.471855,0.338036,0.416267,0.699920
2026-03-27T18:20:21.289189+00:00,5.074839,1774635621289189200,-0.630969,0.387282,0.492442,0.654128,-0.193060,0.692706,0.233819,-0.763457,-0.196252,0.272899,0.435479,-0.831063,0.250061,-0.241718,-0.610499,-0.145387,0.684136,0.471536,0.337907,0.416420,0.700118
2026-03-27T18:20:21.306194+00:00,5.091843,1774635621306193800,-0.630857,0.387560,0.493410,0.654312,-0.192623,0.693426,0.233157,-0.765279,-0.197930,0.273236,0.432406,-0.835258,0.247878,-0.233892,-0.610557,-0.145781,0.685405,0.471029,0.335817,0.415943,0.700780
2026-03-27T18:20:21.323210+00:00,5.108860,1774635621323210200,-0.630712,0.387866,0.494384,0.654972,-0.191788,0.692621,0.231954,-0.766187,-0.198905,0.273851,0.440670,-0.832264,0.240982,-0.234936,-0.610538,-0.146084,0.686585,0.468386,0.334601,0.416788,0.704179
2026-03-27T18:20:21.340098+00:00,5.125747,1774635621340097800,-0.630533,0.388021,0.495364,0.655160,-0.191686,0.692988,0.231749,-0.766485,-0.199502,0.274157,0.447109,-0.829929,0.235811,-0.235337,-0.610609,-0.146290,0.687847,0.467868,0.332719,0.415122,0.706554
2026-03-27T18:20:21.356911+00:00,5.142561,1774635621356910900,-0.630066,0.388162,0.497440,0.655641,-0.192070,0.692653,0.231948,-0.767765,-0.201008,0.275428,0.448526,-0.829278,0.233991,-0.236341,-0.609958,-0.146349,0.690124,0.465945,0.333400,0.416846,0.706236
2026-03-27T18:20:21.373871+00:00,5.159520,1774635621373870600,-0.630011,0.388147,0.497808,0.655925,-0.191795,0.692322,0.232067,-0.768922,-0.201813,0.276132,0.443042,-0.833358,0.235532,-0.232655,-0.609456,-0.146143,0.691340,0.466912,0.333087,0.417757,0.703968
2026-03-27T18:20:21.392308+00:00,5.177957,1774635621392307700,-0.630011,0.388147,0.497808,0.655925,-0.191795,0.692322,0.232067,-0.768922,-0.201813,0.276132,0.443042,-0.833358,0.235532,-0.232655,-0.609456,-0.146143,0.691340,0.466912,0.333087,0.417757,0.703968
2026-03-27T18:20:21.409059+00:00,5.194708,1774635621409058800,-0.629373,0.388303,0.500993,0.656147,-0.190412,0.692166,0.232180,-0.771450,-0.202959,0.277396,0.430994,-0.839296,0.245013,-0.224346,-0.608502,-0.145853,0.693960,0.470183,0.334760,0.418814,0.700112
2026-03-27T18:20:21.426067+00:00,5.211716,1774635621426066700,-0.629074,0.388429,0.502410,0.655808,-0.189741,0.692431,0.232496,-0.771873,-0.202702,0.277907,0.434770,-0.836867,0.241901,-0.229170,-0.608309,-0.145796,0.695295,0.470718,0.335365,0.419034,0.700829
2026-03-27T18:20:21.443180+00:00,5.228829,1774635621443179500,-0.628802,0.388578,0.503192,0.655700,-0.189343,0.692610,0.232457,-0.772230,-0.202527,0.278409,0.437099,-0.834559,0.238057,-0.233028,-0.608285,-0.145746,0.696030,0.471264,0.335271,0.418142,0.700239
2026-03-27T18:20:21.460532+00:00,5.246182,1774635621460532300,-0.628348,0.388800,0.504760,0.654776,-0.188836,0.694110,0.232529,-0.772497,-0.202464,0.279224,0.439810,-0.834331,0.235592,-0.236570,-0.608373,-0.145613,0.698209,0.471110,0.335313,0.417479,0.700558
2026-03-27T18:20:21.477383+00:00,5.263033,1774635621477383200,-0.627962,0.388841,0.506169,0.654459,-0.188290,0.694350,0.232612,-0.773241,-0.202756,0.280267,0.440593,-0.834676,0.232875,-0.236566,-0.608412,-0.145556,0.698947,0.470768,0.335198,0.417579,0.700783
2026-03-27T18:20:21.494475+00:00,5.280124,1774635621494474700,-0.627428,0.388856,0.507489,0.653983,-0.188390,0.694613,0.232787,-0.773985,-0.203302,0.281377,0.439140,-0.835770,0.232897,-0.235441,-0.608521,-0.145372,0.701144,0.469717,0.335809,0.418595,0.701511
2026-03-27T18:20:21.511477+00:00,5.297127,1774635621511476900,-0.626910,0.388913,0.508700,0.653610,-0.188499,0.695601,0.232476,-0.774340,-0.203597,0.281968,0.439025,-0.834675,0.234089,-0.233310,-0.608566,-0.145253,0.701885,0.470463,0.335549,0.418029,0.699751
2026-03-27T18:20:21.528429+00:00,5.314079,1774635621528429000,-0.625693,0.389201,0.510841,0.653961,-0.188082,0.695548,0.230930,-0.775392,-0.204485,0.284425,0.441399,-0.832541,0.243543,-0.229836,-0.608709,-0.144821,0.704716,0.470740,0.338280,0.418356,0.698592
2026-03-27T18:20:21.545532+00:00,5.331181,1774635621545531700,-0.625693,0.389201,0.510841,0.653961,-0.188082,0.695548,0.230930,-0.775392,-0.204485,0.284425,0.441399,-0.832541,0.243543,-0.229836,-0.608709,-0.144821,0.704716,0.470740,0.338280,0.418356,0.698592
2026-03-27T18:20:21.562661+00:00,5.348310,1774635621562660500,-0.624496,0.389474,0.512715,0.654587,-0.187632,0.695700,0.229832,-0.776754,-0.205464,0.286168,0.451274,-0.829163,0.242880,-0.226687,-0.609183,-0.144738,0.707293,0.472003,0.339503,0.416144,0.699038
2026-03-27T18:20:21.579805+00:00,5.365454,1774635621579804600,-0.623874,0.389681,0.513529,0.655572,-0.187762,0.694938,0.228292,-0.777027,-0.205950,0.286575,0.454435,-0.826557,0.240474,-0.225795,-0.609503,-0.144699,0.708447,0.471526,0.339756,0.416357,0.699996
2026-03-27T18:20:21.596827+00:00,5.382477,1774635621596827100,-0.623297,0.389805,0.514284,0.656507,-0.187593,0.694093,0.227392,-0.776875,-0.206329,0.286783,0.451395,-0.826820,0.245196,-0.226256,-0.609785,-0.144552,0.709562,0.471584,0.339155,0.416189,0.699116
2026-03-27T18:20:21.616049+00:00,5.401699,1774635621616049100,-0.623297,0.389805,0.514284,0.656507,-0.187593,0.694093,0.227392,-0.776875,-0.206329,0.286783,0.451395,-0.826820,0.245196,-0.226256,-0.609785,-0.144552,0.709562,0.471584,0.339155,0.416189,0.699116
2026-03-27T18:20:21.632049+00:00,5.417698,1774635621632048800,-0.622449,0.389804,0.515434,0.657672,-0.187579,0.693419,0.226541,-0.776654,-0.206653,0.287566,0.442853,-0.828828,0.258148,-0.224728,-0.609924,-0.144470,0.710934,0.470628,0.339693,0.416360,0.699711
2026-03-27T18:20:21.648957+00:00,5.434607,1774635621648957200,-0.621636,0.389640,0.516560,0.658571,-0.187710,0.692570,0.227081,-0.776442,-0.206276,0.288140,0.443853,-0.825641,0.266762,-0.223515,-0.610082,-0.144406,0.712069,0.471296,0.339315,0.414850,0.700083
2026-03-27T18:20:21.666358+00:00,5.452007,1774635621666357500,-0.621386,0.389583,0.516930,0.658793,-0.187898,0.692289,0.226979,-0.776206,-0.205697,0.288547,0.450683,-0.819735,0.273037,-0.222141,-0.610132,-0.144400,0.712414,0.471582,0.339185,0.414584,0.700685
2026-03-27T18:20:21.683055+00:00,5.468705,1774635621683055000,-0.620368,0.389522,0.518168,0.660358,-0.189277,0.690977,0.226182,-0.775642,-0.205469,0.289455,0.450223,-0.820530,0.271675,-0.221489,-0.610530,-0.144246,0.713599,0.473440,0.337299,0.411785,0.702306
2026-03-27T18:20:21.700250+00:00,5.485899,1774635621700249700,-0.619874,0.389630,0.518806,0.661696,-0.189694,0.689631,0.225418,-0.774866,-0.205093,0.289439,0.438615,-0.827555,0.271388,-0.223971,-0.610833,-0.144128,0.714170,0.474656,0.335872,0.410930,0.701834
2026-03-27T18:20:21.717141+00:00,5.502791,1774635621717141600,-0.619314,0.389852,0.519540,0.662344,-0.189338,0.689098,0.225006,-0.773524,-0.203879,0.289373,0.431832,-0.829790,0.270163,-0.230953,-0.611094,-0.143904,0.714656,0.474717,0.334763,0.411139,0.703112
2026-03-27T18:20:21.734126+00:00,5.519776,1774635621734125900,-0.618796,0.390216,0.520423,0.662860,-0.188772,0.689428,0.224180,-0.771757,-0.202150,0.289435,0.428068,-0.827926,0.274388,-0.239492,-0.611365,-0.143538,0.715200,0.475582,0.333188,0.410860,0.702372
2026-03-27T18:20:21.751433+00:00,5.537083,1774635621751433300,-0.618263,0.390686,0.521334,0.663242,-0.187608,0.689492,0.222974,-0.769645,-0.199976,0.290136,0.428316,-0.823936,0.277098,-0.245942,-0.611549,-0.143159,0.715712,0.476520,0.332452,0.410480,0.703312
2026-03-27T18:20:21.768245+00:00,5.553895,1774635621768245600,-0.617777,0.391139,0.522215,0.663854,-0.187292,0.689111,0.221427,-0.767698,-0.198025,0.291291,0.418156,-0.822957,0.288561,-0.250910,-0.611768,-0.142693,0.716431,0.479248,0.331053,0.409584,0.702151
2026-03-27T18:20:21.785271+00:00,5.570921,1774635621785271200,-0.617304,0.391436,0.522979,0.664296,-0.187355,0.689130,0.220625,-0.766663,-0.196238,0.292897,0.402811,-0.825943,0.300974,-0.256932,-0.611942,-0.142149,0.717198,0.481677,0.330130,0.409016,0.701330
2026-03-27T18:20:21.802328+00:00,5.587978,1774635621802328300,-0.616989,0.391642,0.523674,0.665408,-0.187190,0.688498,0.220077,-0.765880,-0.194473,0.294900,0.386037,-0.829813,0.313471,-0.256857,-0.612102,-0.141529,0.718048,0.482891,0.330230,0.409704,0.700674
2026-03-27T18:20:21.824731+00:00,5.610381,1774635621824731500,-0.616721,0.391876,0.524399,0.666373,-0.186915,0.687520,0.219302,-0.765387,-0.192419,0.297210,0.381696,-0.830911,0.318025,-0.253449,-0.612247,-0.140923,0.719039,0.484229,0.330606,0.409324,0.698752
2026-03-27T18:20:21.841084+00:00,5.626734,1774635621841083900,-0.616327,0.391964,0.526075,0.667197,-0.186016,0.687461,0.219284,-0.765243,-0.189011,0.301348,0.380808,-0.832346,0.314654,-0.246630,-0.612657,-0.139944,0.721411,0.487359,0.331771,0.408766,0.696441
2026-03-27T18:20:21.858141+00:00,5.643791,1774635621858140900,-0.616240,0.391813,0.526783,0.667664,-0.185903,0.686706,0.219504,-0.765021,-0.186861,0.304294,0.372746,-0.837355,0.317477,-0.247366,-0.612818,-0.139532,0.722890,0.487444,0.332843,0.408930,0.696063
2026-03-27T18:20:21.874917+00:00,5.660567,1774635621874917100,-0.616149,0.391536,0.527499,0.668245,-0.186549,0.685546,0.220028,-0.764605,-0.184605,0.307563,0.362605,-0.837583,0.320578,-0.249880,-0.612878,-0.139117,0.724444,0.486692,0.335604,0.409174,0.695626
2026-03-27T18:20:21.891878+00:00,5.677528,1774635621891877900,-0.616117,0.391392,0.527779,0.668225,-0.187021,0.685825,0.220494,-0.764448,-0.182216,0.311106,0.349586,-0.840510,0.327599,-0.251879,-0.612924,-0.138697,0.726187,0.486013,0.338937,0.408583,0.693972
2026-03-27T18:20:21.908841+00:00,5.694490,1774635621908840600,-0.616000,0.391126,0.528713,0.669270,-0.187735,0.683875,0.220807,-0.764645,-0.179424,0.315755,0.335595,-0.844188,0.336976,-0.249858,-0.612974,-0.138225,0.728063,0.484405,0.342956,0.407907,0.694086
2026-03-27T18:20:21.925776+00:00,5.711426,1774635621925776200,-0.615905,0.391108,0.529260,0.669736,-0.187365,0.683407,0.220951,-0.765399,-0.176357,0.321384,0.325787,-0.847631,0.345995,-0.243491,-0.613089,-0.137577,0.730051,0.482872,0.346752,0.406403,0.693920
2026-03-27T18:20:21.942708+00:00,5.728357,1774635621942707600,-0.615822,0.391101,0.529844,0.670257,-0.187172,0.683559,0.220816,-0.765668,-0.174609,0.324430,0.323519,-0.843978,0.350090,-0.238542,-0.613156,-0.136770,0.732036,0.481398,0.349944,0.405142,0.694251
2026-03-27T18:20:21.959632+00:00,5.745282,1774635621959632400,-0.615768,0.391082,0.530361,0.670491,-0.187532,0.683244,0.220574,-0.765716,-0.168803,0.334336,0.318663,-0.843975,0.367268,-0.228681,-0.613117,-0.135655,0.734247,0.479166,0.353635,0.404020,0.693952
2026-03-27T18:20:21.976466+00:00,5.762115,1774635621976465600,-0.615745,0.391068,0.530620,0.670462,-0.187655,0.683251,0.220383,-0.765538,-0.165186,0.340889,0.317427,-0.840058,0.375116,-0.221831,-0.612945,-0.134366,0.736492,0.477310,0.358284,0.404261,0.692988
2026-03-27T18:20:21.993402+00:00,5.779052,1774635621993401900,-0.615675,0.391044,0.531060,0.670905,-0.188092,0.682745,0.220161,-0.765521,-0.161507,0.348321,0.311857,-0.843121,0.384397,-0.216290,-0.612671,-0.133005,0.738799,0.476150,0.362403,0.404215,0.691249
2026-03-27T18:20:22.010841+00:00,5.796491,1774635622010841100,-0.615593,0.391009,0.531545,0.671284,-0.188527,0.682267,0.220049,-0.765755,-0.158040,0.356303,0.303114,-0.843511,0.392636,-0.208096,-0.612499,-0.132497,0.739920,0.475579,0.364486,0.404682,0.691288
2026-03-27T18:20:22.027797+00:00,5.813446,1774635622027796600,-0.615303,0.390881,0.532635,0.671341,-0.189614,0.681950,0.220195,-0.766721,-0.151300,0.374259,0.277893,-0.848941,0.413946,-0.187650,-0.611543,-0.129746,0.744960,0.475256,0.372737,0.404086,0.686762
2026-03-27T18:20:22.048995+00:00,5.834645,1774635622048995600,-0.615303,0.390881,0.532635,0.671341,-0.189614,0.681950,0.220195,-0.766721,-0.151300,0.374259,0.277893,-0.848941,0.413946,-0.187650,-0.611543,-0.129746,0.744960,0.475256,0.372737,0.404086,0.686762
2026-03-27T18:20:22.066101+00:00,5.851751,1774635622066101100,-0.614927,0.390745,0.533787,0.670767,-0.190155,0.682464,0.220211,-0.767016,-0.145375,0.393952,0.265346,-0.848212,0.428608,-0.161125,-0.609639,-0.127239,0.750199,0.474697,0.381825,0.405747,0.680965
2026-03-27T18:20:22.082906+00:00,5.868555,1774635622082905800,-0.614705,0.390758,0.534335,0.670445,-0.190454,0.682909,0.219658,-0.766566,-0.142536,0.404599,0.264834,-0.847480,0.432846,-0.147344,-0.608556,-0.126149,0.752785,0.473658,0.386475,0.406879,0.678840
2026-03-27T18:20:22.099843+00:00,5.885493,1774635622099843200,-0.614522,0.390841,0.534859,0.671090,-0.190441,0.682020,0.218558,-0.766286,-0.141305,0.410046,0.265050,-0.847516,0.433952,-0.140036,-0.607377,-0.125092,0.755624,0.473369,0.391270,0.406584,0.675092
2026-03-27T18:20:22.116906+00:00,5.902556,1774635622116906500,-0.614292,0.390933,0.535474,0.670842,-0.190655,0.682881,0.218231,-0.765685,-0.139209,0.421131,0.263042,-0.850257,0.438695,-0.124704,-0.606113,-0.124088,0.758489,0.470934,0.397803,0.407720,0.674783
2026-03-27T18:20:22.134046+00:00,5.919696,1774635622134046300,-0.614100,0.391041,0.536168,0.670855,-0.190235,0.683102,0.217544,-0.765240,-0.137861,0.432472,0.258408,-0.849569,0.442830,-0.106327,-0.604813,-0.123156,0.761446,0.469187,0.402741,0.407610,0.672338
2026-03-27T18:20:22.150994+00:00,5.936644,1774635622150994100,-0.613915,0.391040,0.536951,0.670516,-0.190162,0.683385,0.217594,-0.764926,-0.136891,0.443870,0.256002,-0.849248,0.447952,-0.085200,-0.603480,-0.122322,0.764361,0.467177,0.407946,0.408425,0.670393
2026-03-27T18:20:22.168023+00:00,5.953672,1774635622168022400,-0.613629,0.390896,0.538939,0.669380,-0.190236,0.684238,0.218006,-0.762265,-0.135808,0.464638,0.248742,-0.852339,0.460829,-0.053470,-0.600801,-0.120963,0.769992,0.463632,0.416349,0.410148,0.665382
2026-03-27T18:20:22.185183+00:00,5.970833,1774635622185183300,-0.613518,0.390881,0.540160,0.667784,-0.190013,0.685847,0.218052,-0.760521,-0.135965,0.475110,0.241872,-0.852325,0.462774,-0.037877,-0.599430,-0.120450,0.772868,0.461485,0.421226,0.411507,0.663594
2026-03-27T18:20:22.202157+00:00,5.987806,1774635622202156800,-0.613494,0.390871,0.541488,0.666077,-0.189610,0.687548,0.218152,-0.758762,-0.136673,0.485475,0.234707,-0.854658,0.462639,-0.022677,-0.598250,-0.120044,0.775723,0.458628,0.424498,0.412747,0.662240
2026-03-27T18:20:22.219288+00:00,6.004938,1774635622219288100,-0.613533,0.390791,0.542850,0.664429,-0.189766,0.689135,0.217923,-0.756907,-0.137156,0.495216,0.225737,-0.856350,0.466241,-0.006519,-0.597149,-0.119589,0.778557,0.455585,0.427186,0.413968,0.661507
2026-03-27T18:20:22.235984+00:00,6.021633,1774635622235983800,-0.613575,0.390701,0.543563,0.663380,-0.190292,0.690023,0.217893,-0.754555,-0.137570,0.504456,0.214787,-0.856862,0.471649,0.007437,-0.595970,-0.119010,0.781392,0.452544,0.428837,0.414906,0.661831
2026-03-27T18:20:22.256705+00:00,6.042354,1774635622256704800,-0.613575,0.390701,0.543563,0.663380,-0.190292,0.690023,0.217893,-0.754555,-0.137570,0.504456,0.214787,-0.856862,0.471649,0.007437,-0.595970,-0.119010,0.781392,0.452544,0.428837,0.414906,0.661831
2026-03-27T18:20:22.273216+00:00,6.058866,1774635622273216200,-0.613898,0.390087,0.546659,0.659017,-0.191371,0.693501,0.219630,-0.748726,-0.138059,0.524507,0.196377,-0.847170,0.481674,0.041927,-0.593916,-0.118115,0.785464,0.449637,0.432608,0.416870,0.661633
2026-03-27T18:20:22.290061+00:00,6.075711,1774635622290061400,-0.614252,0.389389,0.550176,0.654219,-0.190711,0.697298,0.222140,-0.742682,-0.140135,0.544924,0.186903,-0.848162,0.491095,0.083742,-0.590096,-0.116716,0.791172,0.447512,0.440295,0.420555,0.655565
2026-03-27T18:20:22.307317+00:00,6.092967,1774635622307317400,-0.614421,0.388974,0.551928,0.652116,-0.190702,0.698444,0.223712,-0.739410,-0.142023,0.555755,0.185736,-0.846253,0.491221,0.108953,-0.587955,-0.116181,0.793997,0.446613,0.444414,0.422528,0.651253
2026-03-27T18:20:22.324348+00:00,6.109998,1774635622324347900,-0.614662,0.388543,0.553648,0.650000,-0.190882,0.700352,0.224985,-0.737502,-0.143081,0.561107,0.186125,-0.841782,0.489612,0.119658,-0.585803,-0.115720,0.796962,0.445288,0.448163,0.424731,0.647996
2026-03-27T18:20:22.341345+00:00,6.126995,1774635622341345100,-0.614925,0.388175,0.555394,0.647849,-0.191230,0.701708,0.226123,-0.733336,-0.145398,0.571798,0.183083,-0.838248,0.488975,0.141869,-0.583581,-0.115186,0.800057,0.443056,0.452084,0.426907,0.646043
2026-03-27T18:20:22.358262+00:00,6.143911,1774635622358261600,-0.615183,0.387830,0.557175,0.645508,-0.191186,0.703989,0.227400,-0.728406,-0.148610,0.582136,0.179608,-0.840232,0.492022,0.165069,-0.581298,-0.115171,0.803120,0.440288,0.456135,0.429536,0.642767
2026-03-27T18:20:22.375355+00:00,6.161004,1774635622375354500,-0.615467,0.387514,0.558927,0.643473,-0.190879,0.705462,0.228418,-0.723922,-0.152271,0.591612,0.176747,-0.838489,0.491134,0.186872,-0.578986,-0.115310,0.806122,0.436823,0.460211,0.432383,0.639861
2026-03-27T18:20:22.392218+00:00,6.177867,1774635622392217700,-0.615592,0.387383,0.560577,0.641340,-0.190506,0.707049,0.229584,-0.719420,-0.156452,0.601090,0.174662,-0.829032,0.484034,0.209385,-0.576877,-0.115624,0.809005,0.433362,0.463998,0.435124,0.638726
2026-03-27T18:20:22.409365+00:00,6.195015,1774635622409365300,-0.615778,0.387287,0.561441,0.640788,-0.190405,0.707098,0.229718,-0.714814,-0.161254,0.610022,0.173050,-0.825191,0.478972,0.230760,-0.574660,-0.116175,0.812065,0.430957,0.467866,0.437169,0.636013
2026-03-27T18:20:22.426345+00:00,6.211995,1774635622426345300,-0.616319,0.386891,0.563281,0.638736,-0.190172,0.708570,0.230896,-0.709897,-0.166712,0.617733,0.173511,-0.821149,0.470087,0.245812,-0.572369,-0.116973,0.815016,0.428741,0.470986,0.440016,0.632531
2026-03-27T18:20:22.443537+00:00,6.229187,1774635622443536900,-0.616945,0.386534,0.565170,0.636737,-0.189718,0.710603,0.232079,-0.705459,-0.172609,0.625246,0.169769,-0.827088,0.459268,0.264123,-0.568271,-0.119033,0.820683,0.423915,0.476061,0.447994,0.627073
2026-03-27T18:20:22.460499+00:00,6.246149,1774635622460499100,-0.618307,0.385715,0.569097,0.632390,-0.188625,0.713031,0.234932,-0.699504,-0.184566,0.636950,0.173740,-0.838168,0.423325,0.302980,-0.567309,-0.119675,0.822101,0.422210,0.476102,0.450550,0.625897
2026-03-27T18:20:22.480060+00:00,6.265710,1774635622480060100,-0.618307,0.385715,0.569097,0.632390,-0.188625,0.713031,0.234932,-0.699504,-0.184566,0.636950,0.173740,-0.838168,0.423325,0.302980,-0.567309,-0.119675,0.822101,0.422210,0.476102,0.450550,0.625897
2026-03-27T18:20:22.497020+00:00,6.282670,1774635622497020100,-0.620051,0.384451,0.573291,0.627268,-0.189516,0.716934,0.238385,-0.697087,-0.189560,0.641854,0.200056,-0.839293,0.397812,0.315887,-0.564204,-0.122952,0.827348,0.412529,0.478110,0.459243,0.625195
2026-03-27T18:20:22.513989+00:00,6.299639,1774635622513989400,-0.621085,0.383732,0.575535,0.624931,-0.190148,0.718234,0.240745,-0.696378,-0.189374,0.641399,0.210775,-0.840240,0.394237,0.317809,-0.562929,-0.124919,0.830022,0.406293,0.477820,0.461447,0.626404
2026-03-27T18:20:22.530852+00:00,6.316502,1774635622530852100,-0.622152,0.383040,0.577957,0.622436,-0.190200,0.719283,0.243070,-0.696730,-0.188255,0.638992,0.209358,-0.836661,0.396226,0.332385,-0.561529,-0.126945,0.832579,0.398468,0.479200,0.464065,0.629616
2026-03-27T18:20:22.547811+00:00,6.333460,1774635622547810500,-0.623272,0.382262,0.580597,0.619563,-0.190334,0.721218,0.245849,-0.697045,-0.187616,0.637113,0.204015,-0.828943,0.397855,0.336199,-0.560112,-0.128925,0.834841,0.391237,0.481983,0.465000,0.630879
2026-03-27T18:20:22.565047+00:00,6.350696,1774635622565046600,-0.624384,0.381508,0.583362,0.616684,-0.190284,0.722599,0.248615,-0.697392,-0.185817,0.629065,0.162615,-0.839024,0.406414,0.328726,-0.558743,-0.131113,0.836920,0.383850,0.484608,0.465572,0.631029
2026-03-27T18:20:22.582153+00:00,6.367802,1774635622582152700,-0.625467,0.380763,0.586273,0.613511,-0.189924,0.724243,0.251760,-0.697299,-0.183716,0.624756,0.159003,-0.842662,0.412803,0.313246,-0.557772,-0.133296,0.838697,0.376051,0.487311,0.467151,0.633718
2026-03-27T18:20:22.598899+00:00,6.384548,1774635622598898600,-0.627372,0.379380,0.592489,0.606385,-0.187387,0.728212,0.257539,-0.700804,-0.176057,0.608538,0.127412,-0.856327,0.420272,0.268310,-0.557593,-0.137922,0.841772,0.363341,0.486605,0.468705,0.642783
2026-03-27T18:20:22.615940+00:00,6.401589,1774635622615939600,-0.628154,0.378703,0.595599,0.601847,-0.186093,0.731424,0.260706,-0.703285,-0.173106,0.599945,0.126217,-0.862856,0.417030,0.245022,-0.558474,-0.140323,0.843202,0.356587,0.482978,0.469605,0.648430
2026-03-27T18:20:22.633135+00:00,6.418785,1774635622633135400,-0.628963,0.377852,0.598527,0.597505,-0.185368,0.734284,0.263852,-0.706083,-0.171135,0.592212,0.127423,-0.865369,0.412110,0.226876,-0.559735,-0.142357,0.844461,0.348855,0.479253,0.470732,0.655278
2026-03-27T18:20:22.650299+00:00,6.435949,1774635622650299500,-0.629652,0.376999,0.601120,0.594035,-0.185205,0.735945,0.266350,-0.709437,-0.169386,0.583253,0.135245,-0.872102,0.409426,0.210180,-0.561139,-0.144519,0.845489,0.341739,0.474548,0.468325,0.660585
2026-03-27T18:20:22.667274+00:00,6.452924,1774635622667274400,-0.630298,0.376020,0.603430,0.590282,-0.186108,0.738309,0.269047,-0.713024,-0.167842,0.574359,0.143779,-0.871915,0.402988,0.194857,-0.563142,-0.146831,0.846568,0.336844,0.469587,0.459792,0.672361
2026-03-27T18:20:22.688916+00:00,6.474565,1774635622688915800,-0.630298,0.376020,0.603430,0.590282,-0.186108,0.738309,0.269047,-0.713024,-0.167842,0.574359,0.143779,-0.871915,0.402988,0.194857,-0.563142,-0.146831,0.846568,0.336844,0.469587,0.459792,0.672361
2026-03-27T18:20:22.704850+00:00,6.490500,1774635622704849900,-0.631461,0.374114,0.607111,0.586111,-0.187140,0.739304,0.273772,-0.719087,-0.164695,0.554919,0.160063,-0.881184,0.401192,0.165041,-0.567210,-0.150778,0.848012,0.330788,0.462970,0.440672,0.696428
2026-03-27T18:20:22.721951+00:00,6.507601,1774635622721951500,-0.631979,0.373239,0.608686,0.584426,-0.187331,0.739511,0.276216,-0.721344,-0.162546,0.544282,0.163051,-0.893689,0.408731,0.148613,-0.572905,-0.154019,0.848569,0.319608,0.451080,0.433114,0.710582
2026-03-27T18:20:22.739052+00:00,6.524702,1774635622739052400,-0.632725,0.372108,0.610550,0.582719,-0.187403,0.739803,0.279304,-0.723903,-0.158958,0.522306,0.174960,-0.884748,0.406024,0.111261,-0.578818,-0.156139,0.848219,0.305357,0.438967,0.441781,0.721729
2026-03-27T18:20:22.755710+00:00,6.541359,1774635622755709800,-0.633226,0.371560,0.611549,0.582536,-0.187491,0.739140,0.280280,-0.724557,-0.157445,0.511657,0.177064,-0.890349,0.408680,0.098629,-0.582812,-0.157661,0.847587,0.298860,0.430790,0.446511,0.722304
2026-03-27T18:20:22.772699+00:00,6.558348,1774635622772698700,-0.633674,0.371047,0.612405,0.581910,-0.187421,0.739429,0.281858,-0.724993,-0.156105,0.501630,0.181709,-0.895067,0.413146,0.087121,-0.587603,-0.159150,0.846721,0.293903,0.424611,0.452676,0.727757
2026-03-27T18:20:22.789632+00:00,6.575282,1774635622789632300,-0.634093,0.370508,0.613198,0.581806,-0.187287,0.739179,0.282935,-0.725329,-0.154999,0.491326,0.193074,-0.885598,0.410367,0.075213,-0.592992,-0.161083,0.846041,0.295128,0.413363,0.452527,0.731394
2026-03-27T18:20:22.806758+00:00,6.592408,1774635622806758500,-0.634420,0.369867,0.613931,0.581009,-0.187692,0.739155,0.284526,-0.725387,-0.154217,0.480376,0.204506,-0.887190,0.410268,0.064518,-0.599594,-0.163608,0.845269,0.294405,0.400127,0.449714,0.742846
2026-03-27T18:20:22.823727+00:00,6.609376,1774635622823726700,-0.634690,0.369217,0.614566,0.579816,-0.188204,0.738711,0.286138,-0.725046,-0.153857,0.470074,0.219669,-0.885614,0.405875,0.052866,-0.606674,-0.165724,0.844438,0.290145,0.382999,0.448387,0.755330
2026-03-27T18:20:22.841013+00:00,6.626663,1774635622841013300,-0.634941,0.368653,0.615045,0.578721,-0.188733,0.738877,0.287510,-0.724635,-0.153738,0.459333,0.229839,-0.889576,0.402045,0.043681,-0.613849,-0.167302,0.843771,0.288497,0.366518,0.449813,0.763552
2026-03-27T18:20:22.857776+00:00,6.643426,1774635622857776500,-0.635245,0.368171,0.615244,0.578446,-0.189111,0.739435,0.288495,-0.723975,-0.153936,0.449494,0.237151,-0.886331,0.395414,0.033778,-0.620545,-0.169028,0.842622,0.283912,0.353182,0.453008,0.766526
2026-03-27T18:20:22.874596+00:00,6.660246,1774635622874596000,-0.635624,0.367749,0.615100,0.579279,-0.189238,0.737680,0.288772,-0.723617,-0.154098,0.444866,0.238729,-0.888622,0.393632,0.028939,-0.626947,-0.171026,0.841447,0.275629,0.343277,0.454974,0.773943
2026-03-27T18:20:22.892042+00:00,6.677692,1774635622892042500,-0.636044,0.367187,0.614735,0.579598,-0.190474,0.737928,0.290322,-0.722647,-0.154876,0.435069,0.241737,-0.892348,0.388212,0.016844,-0.633189,-0.172442,0.839966,0.264198,0.334463,0.453097,0.781885
2026-03-27T18:20:22.908812+00:00,6.694462,1774635622908812200,-0.636451,0.366731,0.614146,0.581241,-0.191854,0.735540,0.291226,-0.721292,-0.156117,0.424960,0.243563,-0.893196,0.379264,0.004892,-0.639982,-0.174480,0.838281,0.258287,0.325302,0.441947,0.794652
2026-03-27T18:20:22.929116+00:00,6.714766,1774635622929116500,-0.636797,0.366546,0.613502,0.582503,-0.193003,0.733877,0.290752,-0.719921,-0.157682,0.415619,0.245480,-0.895942,0.368219,-0.005838,-0.646990,-0.176543,0.836968,0.259778,0.308487,0.427123,0.808263
2026-03-27T18:20:22.945966+00:00,6.731616,1774635622945966300,-0.637282,0.366728,0.611918,0.585206,-0.192623,0.732210,0.289473,-0.716889,-0.159982,0.397624,0.255583,-0.898237,0.349345,-0.026972,-0.664595,-0.181475,0.834444,0.253033,0.264162,0.401980,0.840305
2026-03-27T18:20:22.962848+00:00,6.748498,1774635622962848100,-0.637442,0.366622,0.610980,0.586569,-0.192989,0.731264,0.289760,-0.714867,-0.160827,0.388695,0.261388,-0.901997,0.344186,-0.037786,-0.672312,-0.185032,0.832073,0.233179,0.243490,0.404917,0.850461
2026-03-27T18:20:22.979868+00:00,6.765518,1774635622979868200,-0.637515,0.366523,0.610487,0.587587,-0.192941,0.729732,0.290003,-0.712819,-0.161634,0.379974,0.267596,-0.900796,0.338940,-0.047947,-0.675867,-0.187316,0.830844,0.223031,0.233928,0.410614,0.852352
2026-03-27T18:20:22.996955+00:00,6.782604,1774635622996954800,-0.637663,0.366278,0.609497,0.588725,-0.193788,0.728739,0.290977,-0.710727,-0.162309,0.372063,0.274395,-0.898521,0.334848,-0.057252,-0.684954,-0.194904,0.828079,0.191316,0.214074,0.439201,0.851507
2026-03-27T18:20:23.014055+00:00,6.799705,1774635623014055400,-0.637742,0.366103,0.608361,0.590038,-0.194279,0.727641,0.291159,-0.708685,-0.162854,0.365053,0.277189,-0.900566,0.332283,-0.065201,-0.687233,-0.197805,0.827265,0.183513,0.212433,0.449445,0.850880
2026-03-27T18:20:23.030990+00:00,6.816640,1774635623030990300,-0.637743,0.365959,0.607230,0.590421,-0.193961,0.726724,0.291930,-0.706662,-0.163203,0.358490,0.278781,-0.900263,0.329869,-0.072715,-0.690509,-0.202758,0.826156,0.171936,0.202680,0.460240,0.843930
2026-03-27T18:20:23.048143+00:00,6.833792,1774635623048142500,-0.637772,0.365929,0.606113,0.590486,-0.193838,0.726561,0.292727,-0.704600,-0.163640,0.352164,0.280475,-0.899348,0.327599,-0.079658,-0.693017,-0.207478,0.825053,0.165409,0.203464,0.475196,0.848769
2026-03-27T18:20:23.065061+00:00,6.850711,1774635623065061500,-0.638263,0.366281,0.603102,0.591870,-0.193371,0.726488,0.292071,-0.700454,-0.163979,0.340462,0.291851,-0.894690,0.321505,-0.092629,-0.696946,-0.214271,0.824051,0.156434,0.202934,0.472060,0.853590
2026-03-27T18:20:23.082226+00:00,6.867875,1774635623082225700,-0.638263,0.366281,0.603102,0.591870,-0.193371,0.726488,0.292071,-0.700454,-0.163979,0.340462,0.291851,-0.894690,0.321505,-0.092629,-0.696946,-0.214271,0.824051,0.156434,0.202934,0.472060,0.853590
2026-03-27T18:20:23.099243+00:00,6.884892,1774635623099242800,-0.639234,0.366465,0.599172,0.596977,-0.194783,0.722323,0.290203,-0.696381,-0.164126,0.330364,0.302464,-0.894379,0.312765,-0.106976,-0.700631,-0.218057,0.823813,0.158584,0.192750,0.461879,0.841378
2026-03-27T18:20:23.116894+00:00,6.902543,1774635623116893500,-0.640013,0.366161,0.596846,0.599552,-0.196488,0.719533,0.289846,-0.694382,-0.164044,0.325836,0.304962,-0.893705,0.307216,-0.113179,-0.702693,-0.219331,0.824050,0.159018,0.177495,0.489654,0.835631
2026-03-27T18:20:23.133930+00:00,6.919580,1774635623133930600,-0.640833,0.365555,0.594328,0.601947,-0.198507,0.716506,0.290950,-0.693359,-0.163962,0.323732,0.304497,-0.894892,0.305366,-0.116398,-0.703506,-0.219546,0.824472,0.158362,0.170847,0.500313,0.828407
2026-03-27T18:20:23.152579+00:00,6.938229,1774635623152579200,-0.640833,0.365555,0.594328,0.601947,-0.198507,0.716506,0.290950,-0.693359,-0.163962,0.323732,0.304497,-0.894892,0.305366,-0.116398,-0.703506,-0.219546,0.824472,0.158362,0.170847,0.500313,0.828407
2026-03-27T18:20:23.168974+00:00,6.954624,1774635623168974100,-0.643015,0.364414,0.587942,0.608427,-0.203992,0.709484,0.290915,-0.688955,-0.163268,0.316116,0.303959,-0.893704,0.299132,-0.132310,-0.705663,-0.219853,0.827460,0.146895,0.158146,0.547017,0.810564
2026-03-27T18:20:23.185983+00:00,6.971632,1774635623185982600,-0.643485,0.364326,0.586646,0.609765,-0.205440,0.708346,0.290003,-0.686430,-0.162728,0.312725,0.303715,-0.895670,0.298736,-0.142077,-0.705993,-0.220326,0.828114,0.146817,0.156683,0.550610,0.812124
2026-03-27T18:20:23.202979+00:00,6.988628,1774635623202978500,-0.644376,0.364101,0.583913,0.612635,-0.207168,0.705970,0.288547,-0.684229,-0.162265,0.309875,0.302330,-0.893336,0.299593,-0.150548,-0.707746,-0.222027,0.829338,0.145862,0.147492,0.547967,0.806755
2026-03-27T18:20:23.220127+00:00,7.005776,1774635623220126800,-0.645165,0.363797,0.581203,0.615449,-0.210577,0.703597,0.287248,-0.682044,-0.162084,0.307560,0.299576,-0.893151,0.302322,-0.157766,-0.709727,-0.225382,0.830274,0.141507,0.135530,0.542988,0.812163
2026-03-27T18:20:23.237122+00:00,7.022771,1774635623237121800,-0.645849,0.363400,0.578651,0.617967,-0.213146,0.700307,0.285900,-0.679920,-0.161958,0.305365,0.299986,-0.888997,0.301061,-0.162738,-0.711896,-0.228880,0.831602,0.128993,0.128250,0.538731,0.826439
2026-03-27T18:20:23.254187+00:00,7.039837,1774635623254187100,-0.646601,0.363035,0.575483,0.619824,-0.216526,0.698738,0.284837,-0.676615,-0.162340,0.302567,0.299064,-0.891759,0.300381,-0.168560,-0.711831,-0.233494,0.835258,0.114516,0.139252,0.503851,0.834001
2026-03-27T18:20:23.271157+00:00,7.056806,1774635623271156400,-0.647010,0.362982,0.573665,0.620528,-0.217798,0.698093,0.284119,-0.675428,-0.162722,0.301780,0.300090,-0.891758,0.298702,-0.169322,-0.711450,-0.233979,0.835996,0.109830,0.146272,0.505985,0.853144
2026-03-27T18:20:23.288241+00:00,7.073891,1774635623288241500,-0.647590,0.363078,0.571046,0.622512,-0.218563,0.696030,0.281856,-0.674446,-0.163136,0.301093,0.302216,-0.891647,0.297560,-0.170103,-0.710957,-0.234806,0.837122,0.108369,0.156554,0.497731,0.876128
2026-03-27T18:20:23.305239+00:00,7.090889,1774635623305238900,-0.647722,0.363069,0.570171,0.622780,-0.219242,0.696464,0.281695,-0.673327,-0.163655,0.300499,0.306328,-0.887320,0.295363,-0.171061,-0.711233,-0.234946,0.837085,0.115802,0.150869,0.477074,0.849474
2026-03-27T18:20:23.322359+00:00,7.108008,1774635623322358600,-0.647917,0.363004,0.568370,0.624116,-0.220346,0.695107,0.280634,-0.672394,-0.164398,0.300050,0.307315,-0.887628,0.294680,-0.174062,-0.712518,-0.234381,0.836649,0.128413,0.144547,0.473723,0.846190
2026-03-27T18:20:23.339399+00:00,7.125049,1774635623339398900,-0.647958,0.362862,0.566904,0.624700,-0.221760,0.694121,0.280501,-0.671477,-0.165540,0.299779,0.306359,-0.888856,0.293093,-0.177367,-0.712903,-0.234049,0.836391,0.131760,0.144330,0.483967,0.861276
2026-03-27T18:20:23.360967+00:00,7.146617,1774635623360967500,-0.647958,0.362862,0.566904,0.624700,-0.221760,0.694121,0.280501,-0.671477,-0.165540,0.299779,0.306359,-0.888856,0.293093,-0.177367,-0.712903,-0.234049,0.836391,0.131760,0.144330,0.483967,0.861276
2026-03-27T18:20:23.376645+00:00,7.162295,1774635623376645100,-0.647589,0.362985,0.564048,0.625694,-0.223590,0.692831,0.280060,-0.670671,-0.168412,0.300035,0.298341,-0.891267,0.288079,-0.180658,-0.713966,-0.232977,0.835412,0.144596,0.131607,0.489777,0.848197
2026-03-27T18:20:23.393649+00:00,7.179299,1774635623393649400,-0.647462,0.363581,0.561031,0.627816,-0.224633,0.691649,0.277017,-0.670938,-0.171204,0.301372,0.287848,-0.895018,0.281200,-0.178644,-0.713632,-0.232900,0.836024,0.141876,0.134046,0.477502,0.847139
2026-03-27T18:20:23.411642+00:00,7.197292,1774635623411642400,-0.647382,0.364048,0.559619,0.629458,-0.224568,0.690796,0.275096,-0.671104,-0.172111,0.302106,0.284508,-0.902630,0.279550,-0.178320,-0.713439,-0.232932,0.837052,0.130406,0.141246,0.473908,0.864176
2026-03-27T18:20:23.428393+00:00,7.214042,1774635623428392800,-0.647277,0.364529,0.558127,0.631283,-0.224203,0.690218,0.273077,-0.671314,-0.172707,0.302808,0.282887,-0.902701,0.277412,-0.176315,-0.713325,-0.233516,0.838364,0.123666,0.143469,0.451574,0.869082
2026-03-27T18:20:23.445320+00:00,7.230969,1774635623445319700,-0.647157,0.364762,0.556818,0.632637,-0.224115,0.689516,0.272314,-0.671558,-0.172979,0.303440,0.282483,-0.902507,0.274871,-0.174080,-0.712975,-0.234637,0.839351,0.114634,0.148659,0.432496,0.889168
2026-03-27T18:20:23.462288+00:00,7.247938,1774635623462288000,-0.647080,0.364934,0.555662,0.633839,-0.224551,0.688571,0.271722,-0.671641,-0.172704,0.303872,0.283223,-0.901608,0.273972,-0.173596,-0.712251,-0.235664,0.839762,0.104844,0.154412,0.414460,0.898671
2026-03-27T18:20:23.479397+00:00,7.265046,1774635623479396800,-0.646986,0.365057,0.554679,0.634588,-0.225062,0.687365,0.271503,-0.671563,-0.172491,0.304034,0.282832,-0.901986,0.275006,-0.174368,-0.711709,-0.236812,0.839095,0.097825,0.156320,0.406061,0.898283
2026-03-27T18:20:23.496383+00:00,7.282033,1774635623496383400,-0.646856,0.365181,0.553952,0.634945,-0.225127,0.686896,0.271089,-0.671527,-0.172025,0.304309,0.279830,-0.903753,0.278007,-0.176014,-0.711210,-0.237090,0.837715,0.095797,0.155870,0.413500,0.903598
2026-03-27T18:20:23.513536+00:00,7.299186,1774635623513536600,-0.646679,0.365298,0.553505,0.634446,-0.224603,0.687896,0.271000,-0.671715,-0.171603,0.304543,0.276751,-0.903101,0.279636,-0.175875,-0.711398,-0.237187,0.835900,0.102706,0.150027,0.416884,0.892594
2026-03-27T18:20:23.530535+00:00,7.316185,1774635623530535500,-0.646482,0.365371,0.553307,0.633337,-0.224147,0.689318,0.271066,-0.672203,-0.171225,0.304707,0.274439,-0.900743,0.279612,-0.174578,-0.711732,-0.236887,0.834178,0.115740,0.143955,0.422773,0.878760
2026-03-27T18:20:23.547689+00:00,7.333339,1774635623547688900,-0.646366,0.365372,0.553231,0.632490,-0.223883,0.690025,0.271245,-0.672719,-0.170916,0.304810,0.271348,-0.905501,0.281262,-0.174559,-0.712337,-0.237083,0.832034,0.127852,0.138334,0.434376,0.881180
2026-03-27T18:20:23.564624+00:00,7.350273,1774635623564623800,-0.645848,0.365004,0.552661,0.630979,-0.223908,0.690683,0.271861,-0.673807,-0.170524,0.304813,0.272046,-0.902215,0.280738,-0.173340,-0.713558,-0.238798,0.828466,0.137120,0.122710,0.459921,0.866750
2026-03-27T18:20:23.584182+00:00,7.369831,1774635623584181600,-0.645848,0.365004,0.552661,0.630979,-0.223908,0.690683,0.271861,-0.673807,-0.170524,0.304813,0.272046,-0.902215,0.280738,-0.173340,-0.713558,-0.238798,0.828466,0.137120,0.122710,0.459921,0.866750
2026-03-27T18:20:23.600698+00:00,7.386347,1774635623600697800,-0.645252,0.364482,0.552147,0.629896,-0.224145,0.691803,0.272767,-0.674917,-0.170241,0.304570,0.270550,-0.904598,0.281832,-0.173927,-0.715349,-0.242897,0.829071,0.137971,0.116974,0.465951,0.858838
2026-03-27T18:20:23.618078+00:00,7.403728,1774635623618078500,-0.645095,0.364343,0.552039,0.629911,-0.224299,0.691687,0.273052,-0.675927,-0.170128,0.304556,0.269108,-0.906875,0.283701,-0.172304,-0.715938,-0.245410,0.831026,0.130242,0.122840,0.464415,0.876738
2026-03-27T18:20:23.634805+00:00,7.420454,1774635623634804700,-0.644711,0.364119,0.551843,0.629080,-0.224739,0.691939,0.274117,-0.677038,-0.170006,0.304550,0.269873,-0.902822,0.282728,-0.169256,-0.715943,-0.246301,0.832109,0.126008,0.125323,0.452771,0.863399
2026-03-27T18:20:23.651636+00:00,7.437286,1774635623651636200,-0.644380,0.364083,0.551712,0.628116,-0.225154,0.692037,0.274700,-0.678077,-0.169905,0.304563,0.268177,-0.905993,0.284719,-0.167087,-0.715255,-0.247647,0.834725,0.108526,0.138391,0.434833,0.866711
2026-03-27T18:20:23.668646+00:00,7.454296,1774635623668645900,-0.644084,0.364230,0.551456,0.627896,-0.224889,0.692482,0.274823,-0.679275,-0.169843,0.304540,0.267434,-0.907661,0.284697,-0.165048,-0.714602,-0.248009,0.836862,0.091500,0.154674,0.430802,0.899550
2026-03-27T18:20:23.685718+00:00,7.471367,1774635623685717800,-0.643852,0.364571,0.551072,0.627914,-0.224757,0.693111,0.273626,-0.679737,-0.169789,0.304450,0.268150,-0.904939,0.283477,-0.163887,-0.713997,-0.248533,0.838336,0.079464,0.163870,0.423005,0.908323
2026-03-27T18:20:23.702631+00:00,7.488281,1774635623702631500,-0.643573,0.364962,0.550548,0.628785,-0.224687,0.692687,0.272754,-0.680613,-0.169530,0.303982,0.266206,-0.908677,0.283201,-0.163827,-0.713373,-0.249646,0.838236,0.074052,0.166784,0.413776,0.909549
2026-03-27T18:20:23.719579+00:00,7.505229,1774635623719579500,-0.643331,0.365257,0.550157,0.629288,-0.224123,0.692512,0.272283,-0.680823,-0.169442,0.303755,0.266196,-0.906918,0.282698,-0.164195,-0.713152,-0.249947,0.837747,0.077463,0.159224,0.395464,0.871983
2026-03-27T18:20:23.736509+00:00,7.522159,1774635623736509000,-0.642882,0.365740,0.549655,0.628597,-0.222184,0.694098,0.272491,-0.681207,-0.169111,0.302584,0.264213,-0.904528,0.283019,-0.166869,-0.713324,-0.251078,0.834237,0.080975,0.152300,0.404761,0.919955
2026-03-27T18:20:23.753593+00:00,7.539243,1774635623753593400,-0.642758,0.366124,0.549362,0.628761,-0.220999,0.693899,0.271395,-0.681343,-0.169078,0.301832,0.261696,-0.907069,0.284110,-0.169505,-0.713976,-0.251373,0.831896,0.091995,0.132466,0.379898,0.884881
2026-03-27T18:20:23.770599+00:00,7.556249,1774635623770599500,-0.642694,0.366349,0.549045,0.628710,-0.220638,0.694767,0.270279,-0.681249,-0.169254,0.301013,0.261684,-0.904985,0.284068,-0.171828,-0.714202,-0.251390,0.829185,0.096367,0.126278,0.389224,0.926082
2026-03-27T18:20:23.792816+00:00,7.578466,1774635623792816000,-0.642694,0.366349,0.549045,0.628710,-0.220638,0.694767,0.270279,-0.681249,-0.169254,0.301013,0.261684,-0.904985,0.284068,-0.171828,-0.714202,-0.251390,0.829185,0.096367,0.126278,0.389224,0.926082
2026-03-27T18:20:23.809236+00:00,7.594886,1774635623809236300,-0.642615,0.366155,0.548537,0.628482,-0.221381,0.695003,0.270139,-0.681717,-0.170508,0.299596,0.259178,-0.906660,0.280051,-0.174368,-0.713723,-0.250383,0.825429,0.104566,0.116537,0.393623,0.922676
2026-03-27T18:20:23.826226+00:00,7.611876,1774635623826226000,-0.642570,0.365681,0.548205,0.627853,-0.222779,0.695182,0.271384,-0.682311,-0.171361,0.299079,0.257091,-0.909728,0.277290,-0.174337,-0.713321,-0.249564,0.821897,0.109004,0.107407,0.393359,0.911260
2026-03-27T18:20:23.843376+00:00,7.629026,1774635623843375900,-0.642547,0.365507,0.548146,0.627278,-0.223011,0.694727,0.271724,-0.682846,-0.172363,0.298698,0.255564,-0.911465,0.273404,-0.173098,-0.712789,-0.248879,0.820244,0.112481,0.105195,0.392477,0.915584
2026-03-27T18:20:23.861093+00:00,7.646743,1774635623861093300,-0.642563,0.365343,0.548178,0.625129,-0.222645,0.696431,0.273171,-0.684167,-0.173876,0.297986,0.254604,-0.910590,0.268399,-0.168563,-0.711995,-0.247702,0.818818,0.116112,0.106468,0.382367,0.909977
2026-03-27T18:20:23.877302+00:00,7.662952,1774635623877302000,-0.642635,0.365284,0.548122,0.624361,-0.222108,0.696630,0.273325,-0.684628,-0.174140,0.297626,0.253317,-0.913255,0.269623,-0.168490,-0.711269,-0.247068,0.819339,0.116130,0.112526,0.378439,0.898312
2026-03-27T18:20:23.894379+00:00,7.680028,1774635623894378800,-0.642682,0.365202,0.547951,0.623690,-0.222322,0.697533,0.272563,-0.684693,-0.174098,0.297147,0.254423,-0.910859,0.270192,-0.168540,-0.710748,-0.246811,0.819931,0.112336,0.117615,0.379904,0.902762
2026-03-27T18:20:23.911358+00:00,7.697008,1774635623911358400,-0.642734,0.365052,0.547594,0.623095,-0.223472,0.697840,0.272771,-0.684674,-0.173898,0.296576,0.255307,-0.911637,0.271009,-0.169878,-0.708957,-0.246498,0.822133,0.098609,0.132046,0.369283,0.925954
2026-03-27T18:20:23.928438+00:00,7.714088,1774635623928438400,-0.642870,0.364857,0.547159,0.622902,-0.224270,0.697843,0.272903,-0.684521,-0.173622,0.296012,0.255589,-0.912875,0.271947,-0.171173,-0.708111,-0.246679,0.822936,0.095290,0.137079,0.356966,0.928230
2026-03-27T18:20:23.945576+00:00,7.731226,1774635623945576200,-0.643022,0.364732,0.546687,0.622698,-0.225326,0.697777,0.273336,-0.684438,-0.173389,0.295406,0.256180,-0.910436,0.271146,-0.171604,-0.706662,-0.246844,0.824385,0.091150,0.141498,0.321730,0.903641
2026-03-27T18:20:23.962816+00:00,7.748466,1774635623962816400,-0.643162,0.364728,0.546117,0.623054,-0.225184,0.697069,0.273385,-0.684325,-0.173325,0.294830,0.256094,-0.908435,0.269526,-0.172013,-0.705376,-0.247253,0.825252,0.081994,0.158297,0.314377,0.965429
2026-03-27T18:20:23.979865+00:00,7.765515,1774635623979865400,-0.643310,0.364847,0.545531,0.624048,-0.225049,0.696576,0.272961,-0.684241,-0.173382,0.294254,0.253683,-0.912459,0.270341,-0.173579,-0.704138,-0.248058,0.825930,0.083522,0.163730,0.280934,0.956684
2026-03-27T18:20:23.996494+00:00,7.782143,1774635623996493800,-0.643352,0.364992,0.544997,0.624093,-0.224692,0.696957,0.272537,-0.684088,-0.173489,0.293678,0.253203,-0.910102,0.269045,-0.173959,-0.703104,-0.249766,0.825820,0.079468,0.164769,0.263816,0.969765
2026-03-27T18:20:24.016265+00:00,7.801915,1774635624016265400,-0.643326,0.364970,0.544557,0.624149,-0.224808,0.697007,0.272342,-0.684018,-0.173499,0.293395,0.251848,-0.916432,0.271011,-0.175487,-0.702295,-0.252748,0.825045,0.068034,0.154867,0.257092,0.978641
2026-03-27T18:20:24.032616+00:00,7.818266,1774635624032616400,-0.643206,0.364633,0.543788,0.623878,-0.225948,0.696691,0.273301,-0.683726,-0.173475,0.292437,0.256283,-0.913103,0.272725,-0.175702,-0.701115,-0.257833,0.822969,0.043863,0.115542,0.259039,0.900391
2026-03-27T18:20:24.050173+00:00,7.835823,1774635624050173000,-0.643126,0.364555,0.543560,0.623656,-0.225814,0.696230,0.273837,-0.683898,-0.173643,0.292228,0.258707,-0.907688,0.272426,-0.173386,-0.699968,-0.257711,0.823539,0.034936,0.099920,0.280209,0.820573
2026-03-27T18:20:24.066789+00:00,7.852439,1774635624066789500,-0.643010,0.364538,0.543447,0.622181,-0.225483,0.697810,0.273798,-0.684134,-0.173912,0.292340,0.258160,-0.910550,0.273779,-0.172470,-0.699359,-0.257783,0.824509,0.037710,0.114821,0.378162,0.997844
2026-03-27T18:20:24.083617+00:00,7.869267,1774635624083617600,-0.642984,0.364511,0.543350,0.621777,-0.225267,0.698357,0.274045,-0.684356,-0.174233,0.292287,0.257596,-0.912348,0.274379,-0.171677,-0.698894,-0.256203,0.825987,0.052454,0.094757,0.361723,0.851522
2026-03-27T18:20:24.100604+00:00,7.886253,1774635624100603800,-0.643005,0.364487,0.543075,0.621088,-0.225242,0.698404,0.273739,-0.684646,-0.174809,0.292066,0.257465,-0.913158,0.273256,-0.171050,-0.697988,-0.253984,0.827708,0.065758,0.103775,0.390843,0.873222
2026-03-27T18:20:24.117657+00:00,7.903307,1774635624117657400,-0.643176,0.364413,0.542577,0.620730,-0.225908,0.698926,0.273037,-0.685005,-0.175173,0.291926,0.258004,-0.912625,0.271055,-0.169309,-0.697588,-0.252106,0.828658,0.067052,0.110991,0.399174,0.878056
2026-03-27T18:20:24.134767+00:00,7.920417,1774635624134766900,-0.643544,0.364355,0.541866,0.620567,-0.226849,0.699850,0.272571,-0.685170,-0.175234,0.291763,0.257847,-0.911001,0.269717,-0.167959,-0.695595,-0.248464,0.830526,0.083958,0.144939,0.395786,0.902904
2026-03-27T18:20:24.152081+00:00,7.937731,1774635624152081000,-0.644119,0.364328,0.540966,0.621671,-0.227863,0.698542,0.270875,-0.685229,-0.175057,0.291537,0.255715,-0.915715,0.271224,-0.168109,-0.693075,-0.243805,0.831957,0.098040,0.177616,0.373902,0.910769
2026-03-27T18:20:24.169019+00:00,7.954669,1774635624169019400,-0.644815,0.364139,0.539886,0.623460,-0.229204,0.697038,0.269211,-0.684966,-0.174611,0.291167,0.256481,-0.913036,0.270741,-0.167766,-0.690966,-0.237471,0.835170,0.114067,0.203142,0.351979,0.898246
2026-03-27T18:20:24.186111+00:00,7.971761,1774635624186111300,-0.646098,0.363011,0.537448,0.628565,-0.233855,0.691042,0.268942,-0.683614,-0.173278,0.289876,0.258549,-0.909959,0.271049,-0.171742,-0.690478,-0.233243,0.838983,0.109740,0.213933,0.363952,0.900583
2026-03-27T18:20:24.203109+00:00,7.988759,1774635624203109200,-0.646549,0.362209,0.536625,0.630535,-0.235320,0.688259,0.270830,-0.682829,-0.172790,0.289174,0.258051,-0.911113,0.272764,-0.175511,-0.690703,-0.231096,0.842192,0.100669,0.214182,0.379461,0.885410
2026-03-27T18:20:24.225416+00:00,8.011065,1774635624225415600,-0.646549,0.362209,0.536625,0.630535,-0.235320,0.688259,0.270830,-0.682829,-0.172790,0.289174,0.258051,-0.911113,0.272764,-0.175511,-0.690703,-0.231096,0.842192,0.100669,0.214182,0.379461,0.885410
2026-03-27T18:20:24.241784+00:00,8.027434,1774635624241784000,-0.646900,0.360918,0.536325,0.630047,-0.235800,0.686398,0.275491,-0.681449,-0.172399,0.288202,0.256333,-0.911798,0.276376,-0.179785,-0.692524,-0.228754,0.847542,0.098478,0.212906,0.411807,0.867840
2026-03-27T18:20:24.258728+00:00,8.044377,1774635624258727700,-0.646888,0.360586,0.536707,0.628718,-0.235203,0.687210,0.276622,-0.681236,-0.172516,0.288039,0.258443,-0.906590,0.274509,-0.179317,-0.694870,-0.229583,0.848904,0.103692,0.211331,0.427225,0.887715
2026-03-27T18:20:24.275746+00:00,8.061395,1774635624275745600,-0.646697,0.360389,0.537214,0.626541,-0.234289,0.688932,0.277900,-0.680950,-0.173038,0.287870,0.258826,-0.911798,0.275004,-0.180029,-0.697403,-0.231868,0.849653,0.108453,0.200318,0.431094,0.889700
2026-03-27T18:20:24.292884+00:00,8.078533,1774635624292883800,-0.646438,0.360240,0.537796,0.624099,-0.233845,0.691630,0.278658,-0.681004,-0.173857,0.287889,0.260125,-0.908614,0.272666,-0.178191,-0.700020,-0.235554,0.849953,0.108262,0.183078,0.427129,0.869353
2026-03-27T18:20:24.309949+00:00,8.095599,1774635624309949000,-0.645731,0.360262,0.538824,0.619687,-0.232473,0.695516,0.279298,-0.681677,-0.175647,0.288477,0.256095,-0.912153,0.272924,-0.173890,-0.704177,-0.244260,0.849686,0.089227,0.171009,0.439818,0.872281
2026-03-27T18:20:24.326906+00:00,8.112556,1774635624326906200,-0.645592,0.360311,0.538971,0.619319,-0.232237,0.696073,0.279311,-0.682119,-0.176497,0.288799,0.256435,-0.908996,0.271480,-0.171179,-0.704903,-0.248398,0.848565,0.081890,0.177527,0.442008,0.886039
2026-03-27T18:20:24.343844+00:00,8.129494,1774635624343844400,-0.645229,0.360488,0.539099,0.617804,-0.231246,0.697747,0.278938,-0.682437,-0.177304,0.289064,0.257264,-0.914092,0.271856,-0.170161,-0.705974,-0.252082,0.846219,0.079290,0.183730,0.434220,0.907658
2026-03-27T18:20:24.360827+00:00,8.146477,1774635624360827400,-0.645179,0.360539,0.539029,0.617515,-0.230995,0.698369,0.278657,-0.682787,-0.177988,0.289313,0.259297,-0.910640,0.268476,-0.167752,-0.707918,-0.255025,0.843487,0.084172,0.176068,0.400287,0.884416
2026-03-27T18:20:24.377942+00:00,8.163592,1774635624377942200,-0.645137,0.360641,0.538714,0.617788,-0.230867,0.697770,0.278322,-0.683120,-0.178351,0.289589,0.257947,-0.914855,0.268075,-0.166422,-0.709780,-0.256311,0.841019,0.083821,0.183445,0.405140,0.927124
2026-03-27T18:20:24.394984+00:00,8.180634,1774635624394984200,-0.645198,0.360649,0.538294,0.618001,-0.231296,0.698338,0.278314,-0.683270,-0.178255,0.289823,0.256013,-0.916474,0.268422,-0.164996,-0.710845,-0.256514,0.839674,0.090938,0.176959,0.384291,0.888187
2026-03-27T18:20:24.411957+00:00,8.197607,1774635624411957200,-0.645311,0.360640,0.537769,0.619120,-0.231499,0.696751,0.278267,-0.683304,-0.177781,0.289946,0.256000,-0.911118,0.267551,-0.163005,-0.712740,-0.256291,0.837291,0.095412,0.180736,0.389207,0.900113
2026-03-27T18:20:24.428920+00:00,8.214569,1774635624428919600,-0.645497,0.360560,0.537238,0.620065,-0.232125,0.696540,0.278124,-0.683279,-0.176955,0.289883,0.254756,-0.912112,0.269796,-0.163252,-0.715346,-0.256063,0.835076,0.104331,0.176275,0.381723,0.888309
2026-03-27T18:20:24.445938+00:00,8.231588,1774635624445937900,-0.645689,0.360411,0.536499,0.622010,-0.232395,0.694051,0.278214,-0.682976,-0.175966,0.289640,0.253762,-0.914959,0.273885,-0.165303,-0.718298,-0.256110,0.833031,0.108823,0.177754,0.385273,0.910413
2026-03-27T18:20:24.464944+00:00,8.250594,1774635624464944400,-0.645964,0.359836,0.534952,0.624598,-0.233530,0.690924,0.279740,-0.682976,-0.175966,0.289640,0.253762,-0.914959,0.273885,-0.165303,-0.721066,-0.256487,0.831420,0.112785,0.170604,0.375439,0.888085
2026-03-27T18:20:24.481285+00:00,8.266934,1774635624481284500,-0.645996,0.359731,0.534370,0.626004,-0.233823,0.689077,0.279519,-0.682117,-0.174688,0.288502,0.257932,-0.912800,0.277897,-0.170872,-0.725473,-0.259768,0.829239,0.106541,0.171736,0.374580,0.893766
2026-03-27T18:20:24.498027+00:00,8.283677,1774635624498027200,-0.645886,0.359784,0.534076,0.626130,-0.234072,0.689756,0.279540,-0.682030,-0.174910,0.288098,0.257491,-0.910576,0.276138,-0.172537,-0.727242,-0.262197,0.828140,0.095401,0.176128,0.380012,0.921257
2026-03-27T18:20:24.515025+00:00,8.300675,1774635624515025400,-0.645758,0.359935,0.534045,0.625582,-0.233934,0.690579,0.279360,-0.682152,-0.175400,0.287700,0.257046,-0.907546,0.272133,-0.172999,-0.728427,-0.264533,0.826557,0.086368,0.173171,0.363716,0.908382
2026-03-27T18:20:24.532458+00:00,8.318108,1774635624532458200,-0.645592,0.360164,0.534163,0.624814,-0.232992,0.691062,0.278947,-0.682308,-0.175876,0.287302,0.255499,-0.908559,0.269296,-0.173755,-0.729422,-0.266932,0.824705,0.082343,0.168189,0.344725,0.892929
2026-03-27T18:20:24.549048+00:00,8.334698,1774635624549048000,-0.645505,0.360356,0.534279,0.624095,-0.232101,0.692027,0.278746,-0.682429,-0.176226,0.287011,0.251923,-0.913873,0.269488,-0.174904,-0.729761,-0.268983,0.822222,0.075312,0.163625,0.335426,0.884366
2026-03-27T18:20:24.566005+00:00,8.351654,1774635624566004400,-0.645480,0.360508,0.534292,0.623596,-0.231773,0.693204,0.278768,-0.682528,-0.176383,0.286731,0.250654,-0.911308,0.268422,-0.175163,-0.729379,-0.270197,0.820444,0.069753,0.165335,0.343619,0.908049
2026-03-27T18:20:24.583030+00:00,8.368679,1774635624583029700,-0.645446,0.360652,0.534213,0.623281,-0.231847,0.692948,0.278170,-0.682476,-0.176266,0.286413,0.249567,-0.914725,0.270253,-0.176140,-0.728530,-0.270405,0.818935,0.069372,0.162377,0.340204,0.894010
2026-03-27T18:20:24.600040+00:00,8.385690,1774635624600040000,-0.645397,0.360711,0.534018,0.623100,-0.231470,0.693200,0.278100,-0.682323,-0.176048,0.286142,0.251044,-0.912754,0.270853,-0.176029,-0.727297,-0.269948,0.817376,0.071903,0.162989,0.342997,0.887815
2026-03-27T18:20:24.617049+00:00,8.402699,1774635624617049100,-0.645384,0.360714,0.533932,0.623103,-0.231554,0.693179,0.278075,-0.682159,-0.175779,0.285891,0.252507,-0.911549,0.271749,-0.175483,-0.725888,-0.268784,0.815709,0.077510,0.168947,0.358042,0.909131
2026-03-27T18:20:24.634091+00:00,8.419741,1774635624634091000,-0.645329,0.360691,0.533651,0.621992,-0.231696,0.694624,0.278601,-0.681989,-0.175524,0.285640,0.253360,-0.911877,0.273239,-0.175520,-0.724571,-0.266151,0.814979,0.087508,0.172680,0.363265,0.916878
2026-03-27T18:20:24.651069+00:00,8.436719,1774635624651069400,-0.645626,0.360792,0.532458,0.623251,-0.231076,0.693167,0.277335,-0.681341,-0.175167,0.284854,0.254895,-0.909867,0.273515,-0.176846,-0.722778,-0.260286,0.816351,0.098515,0.165086,0.378248,0.879273
2026-03-27T18:20:24.668105+00:00,8.453755,1774635624668104900,-0.645864,0.360986,0.531086,0.625014,-0.232174,0.691624,0.275930,-0.680876,-0.175042,0.284347,0.253706,-0.912327,0.274358,-0.178746,-0.721851,-0.256936,0.818206,0.102781,0.169145,0.397329,0.900391
2026-03-27T18:20:24.689828+00:00,8.475477,1774635624689827600,-0.645864,0.360986,0.531086,0.625014,-0.232174,0.691624,0.275930,-0.680876,-0.175042,0.284347,0.253706,-0.912327,0.274358,-0.178746,-0.721851,-0.256936,0.818206,0.102781,0.169145,0.397329,0.900391
2026-03-27T18:20:24.706219+00:00,8.491869,1774635624706219200,-0.646506,0.360779,0.528006,0.630242,-0.235025,0.687506,0.274633,-0.680159,-0.174758,0.283349,0.254155,-0.908909,0.273244,-0.180377,-0.719787,-0.254807,0.818731,0.084185,0.155412,0.394631,0.871464
2026-03-27T18:20:24.723275+00:00,8.508925,1774635624723275400,-0.646728,0.360575,0.526704,0.632538,-0.236109,0.684825,0.274635,-0.679701,-0.174596,0.282581,0.254576,-0.911602,0.273803,-0.182356,-0.718183,-0.253533,0.818882,0.078266,0.156760,0.396873,0.867086
2026-03-27T18:20:24.740902+00:00,8.526551,1774635624740901800,-0.646894,0.360381,0.525403,0.634951,-0.236620,0.681531,0.274904,-0.678986,-0.174552,0.281118,0.257003,-0.909604,0.273517,-0.184398,-0.717305,-0.252242,0.818826,0.076914,0.165048,0.415243,0.910151
2026-03-27T18:20:24.758342+00:00,8.543992,1774635624758341900,-0.647024,0.360229,0.524232,0.636467,-0.237560,0.680247,0.275493,-0.678447,-0.174691,0.279944,0.259338,-0.907679,0.273300,-0.186497,-0.717258,-0.252338,0.818861,0.083656,0.151640,0.392217,0.903106
2026-03-27T18:20:24.775267+00:00,8.560916,1774635624775266500,-0.647322,0.360271,0.522076,0.640672,-0.237344,0.676480,0.275007,-0.677850,-0.175532,0.278153,0.260617,-0.909165,0.273007,-0.190718,-0.716006,-0.252644,0.817311,0.090848,0.151748,0.402765,0.918791
2026-03-27T18:20:24.792149+00:00,8.577799,1774635624792149100,-0.647454,0.360278,0.521108,0.642374,-0.237666,0.674821,0.274392,-0.677845,-0.176369,0.277008,0.260680,-0.909048,0.271657,-0.192251,-0.714973,-0.253472,0.816889,0.089833,0.153750,0.399521,0.930613
2026-03-27T18:20:24.809240+00:00,8.594889,1774635624809239800,-0.647521,0.360157,0.520414,0.642915,-0.238613,0.674807,0.273931,-0.678144,-0.177410,0.275819,0.261333,-0.906804,0.268716,-0.191459,-0.714125,-0.253899,0.816395,0.097024,0.150249,0.375910,0.907221
2026-03-27T18:20:24.826394+00:00,8.612043,1774635624826393600,-0.647557,0.359937,0.519700,0.643641,-0.239740,0.673802,0.273602,-0.678832,-0.178706,0.274552,0.260695,-0.910772,0.266955,-0.191345,-0.713702,-0.252905,0.815898,0.100545,0.153003,0.370504,0.927715
2026-03-27T18:20:24.843296+00:00,8.628946,1774635624843295900,-0.647667,0.359768,0.519141,0.644441,-0.240183,0.672306,0.273318,-0.679784,-0.179860,0.273152,0.261361,-0.911974,0.265737,-0.189227,-0.712607,-0.249326,0.816272,0.107691,0.159193,0.375481,0.919933
2026-03-27T18:20:24.860385+00:00,8.646035,1774635624860385600,-0.647871,0.359750,0.518742,0.644615,-0.240107,0.672046,0.273649,-0.680771,-0.180585,0.271359,0.265203,-0.910786,0.263348,-0.187391,-0.710857,-0.244197,0.817219,0.112635,0.171988,0.384483,0.918090
2026-03-27T18:20:24.877283+00:00,8.662932,1774635624877282600,-0.648008,0.359762,0.518488,0.644617,-0.239957,0.672704,0.273611,-0.681447,-0.180851,0.269155,0.271543,-0.904452,0.261001,-0.187158,-0.709352,-0.238977,0.818785,0.127764,0.177037,0.373134,0.888472
2026-03-27T18:20:24.895858+00:00,8.681508,1774635624895858200,-0.648008,0.359762,0.518488,0.644617,-0.239957,0.672704,0.273611,-0.681447,-0.180851,0.269155,0.271543,-0.904452,0.261001,-0.187158,-0.709352,-0.238977,0.818785,0.127764,0.177037,0.373134,0.888472
2026-03-27T18:20:24.912859+00:00,8.698509,1774635624912858900,-0.648615,0.359895,0.517524,0.646496,-0.239829,0.671116,0.273199,-0.683021,-0.180274,0.264208,0.276710,-0.904929,0.262089,-0.191874,-0.707475,-0.231202,0.821824,0.138989,0.190241,0.362921,0.893000
2026-03-27T18:20:24.929996+00:00,8.715646,1774635624929996400,-0.648984,0.359947,0.517005,0.647737,-0.239725,0.669892,0.273131,-0.683973,-0.179611,0.261308,0.277069,-0.904100,0.264236,-0.194849,-0.704650,-0.223895,0.827346,0.141453,0.210573,0.351356,0.907123
2026-03-27T18:20:24.947267+00:00,8.732916,1774635624947266800,-0.649519,0.359940,0.516132,0.649628,-0.239594,0.667908,0.273392,-0.686026,-0.178110,0.254999,0.280109,-0.901794,0.268168,-0.201425,-0.700519,-0.216173,0.834997,0.140698,0.233022,0.334360,0.893194
2026-03-27T18:20:24.963878+00:00,8.749528,1774635624963878300,-0.649706,0.359911,0.515844,0.650365,-0.239242,0.666989,0.274192,-0.687061,-0.177619,0.251321,0.284438,-0.900036,0.268744,-0.205490,-0.697475,-0.211266,0.840836,0.136098,0.248186,0.322352,0.894345
2026-03-27T18:20:24.981121+00:00,8.766770,1774635624981120700,-0.649861,0.359896,0.515600,0.650984,-0.238931,0.666288,0.274708,-0.688188,-0.177362,0.247384,0.291483,-0.894787,0.265530,-0.208579,-0.694543,-0.206276,0.846671,0.133070,0.264848,0.314906,0.894022
2026-03-27T18:20:24.998166+00:00,8.783816,1774635624998165900,-0.650005,0.359938,0.515389,0.651689,-0.238324,0.665562,0.275056,-0.689432,-0.177299,0.243359,0.296364,-0.891894,0.263006,-0.212232,-0.691840,-0.201284,0.852505,0.133059,0.279076,0.308921,0.899760
2026-03-27T18:20:25.014970+00:00,8.800620,1774635625014970100,-0.650112,0.359995,0.515195,0.652360,-0.237671,0.664503,0.275112,-0.690886,-0.177481,0.239317,0.300236,-0.889855,0.260890,-0.215390,-0.689112,-0.195472,0.858188,0.136613,0.290111,0.309373,0.895377
2026-03-27T18:20:25.031933+00:00,8.817583,1774635625031933100,-0.650228,0.360022,0.515015,0.652707,-0.237552,0.664664,0.275687,-0.692599,-0.177800,0.235322,0.302535,-0.892549,0.260046,-0.218798,-0.686864,-0.190008,0.863169,0.144389,0.295863,0.309966,0.890035
2026-03-27T18:20:25.048954+00:00,8.834604,1774635625048954400,-0.650311,0.360177,0.514921,0.653182,-0.237048,0.663837,0.275530,-0.694368,-0.178131,0.231587,0.308083,-0.888913,0.257588,-0.219796,-0.684765,-0.184279,0.867967,0.150928,0.300176,0.316728,0.888857
2026-03-27T18:20:25.066011+00:00,8.851661,1774635625066011300,-0.650337,0.360388,0.514957,0.653259,-0.236286,0.664615,0.275343,-0.695293,-0.178242,0.229579,0.310930,-0.889836,0.256523,-0.220733,-0.682567,-0.178620,0.872563,0.158084,0.302881,0.327480,0.886964
2026-03-27T18:20:25.083204+00:00,8.868854,1774635625083204000,-0.650262,0.360631,0.515113,0.652943,-0.234927,0.665173,0.275624,-0.697107,-0.178390,0.225721,0.317618,-0.888123,0.254385,-0.222323,-0.679844,-0.172862,0.877259,0.162861,0.304663,0.341690,0.876669
2026-03-27T18:20:25.100342+00:00,8.885992,1774635625100342300,-0.650196,0.360907,0.515415,0.651842,-0.234190,0.666944,0.275708,-0.699086,-0.178408,0.221842,0.325102,-0.882009,0.253377,-0.223215,-0.676571,-0.167758,0.881646,0.167442,0.308892,0.353714,0.870624
2026-03-27T18:20:25.120956+00:00,8.906605,1774635625120955800,-0.650124,0.361235,0.515740,0.651048,-0.232953,0.667958,0.275468,-0.700988,-0.178303,0.218088,0.331116,-0.881789,0.255117,-0.225377,-0.673575,-0.163498,0.886127,0.170591,0.308767,0.359582,0.860058
2026-03-27T18:20:25.137374+00:00,8.923024,1774635625137374500,-0.650065,0.361906,0.516255,0.648988,-0.231513,0.670827,0.275099,-0.705099,-0.177851,0.210949,0.351815,-0.872485,0.251904,-0.224264,-0.667873,-0.157042,0.894158,0.173104,0.311623,0.385715,0.856560
2026-03-27T18:20:25.154501+00:00,8.940151,1774635625154501300,-0.650104,0.362300,0.516450,0.648076,-0.230851,0.671865,0.274263,-0.707309,-0.177518,0.207410,0.358467,-0.869274,0.250578,-0.224091,-0.664681,-0.155234,0.897846,0.175357,0.316651,0.392916,0.852050
2026-03-27T18:20:25.171547+00:00,8.957196,1774635625171546700,-0.650128,0.362462,0.516523,0.647913,-0.230316,0.672125,0.274026,-0.709253,-0.177038,0.204001,0.363473,-0.869102,0.250102,-0.227883,-0.662901,-0.154765,0.899913,0.177228,0.318296,0.392313,0.842903
2026-03-27T18:20:25.188488+00:00,8.974138,1774635625188487900,-0.650125,0.362700,0.516608,0.646584,-0.229648,0.673890,0.274223,-0.711172,-0.176593,0.200730,0.367926,-0.865974,0.250103,-0.231013,-0.659574,-0.154798,0.904176,0.174950,0.325189,0.397101,0.841070
2026-03-27T18:20:25.205458+00:00,8.991108,1774635625205458000,-0.650160,0.362888,0.516683,0.645876,-0.229064,0.674622,0.273565,-0.712983,-0.176225,0.197829,0.372029,-0.862819,0.250634,-0.233389,-0.654355,-0.156093,0.911024,0.163521,0.339764,0.409167,0.831685
2026-03-27T18:20:25.222394+00:00,9.008043,1774635625222393500,-0.650160,0.363029,0.516708,0.644800,-0.228925,0.675977,0.273529,-0.715074,-0.175981,0.195039,0.378463,-0.859506,0.252197,-0.235505,-0.652765,-0.156895,0.913130,0.159181,0.346467,0.414760,0.833346
2026-03-27T18:20:25.239347+00:00,9.024997,1774635625239347000,-0.650135,0.363140,0.516655,0.644615,-0.228600,0.676144,0.273155,-0.717396,-0.176106,0.192658,0.386489,-0.855017,0.253940,-0.235129,-0.646604,-0.162095,0.921938,0.141649,0.364906,0.428003,0.815558
2026-03-27T18:20:25.256328+00:00,9.041978,1774635625256327900,-0.650031,0.363192,0.516540,0.643896,-0.228692,0.677266,0.272816,-0.718685,-0.176291,0.191655,0.390816,-0.853041,0.255133,-0.233810,-0.646604,-0.162095,0.921938,0.141649,0.364906,0.428003,0.815558
2026-03-27T18:20:25.273237+00:00,9.058887,1774635625273237200,-0.649814,0.363377,0.516137,0.643292,-0.228575,0.677989,0.272811,-0.724849,-0.177390,0.188578,0.404384,-0.848436,0.259024,-0.225269,-0.642271,-0.167662,0.927294,0.137285,0.376700,0.446061,0.804134
2026-03-27T18:20:25.290290+00:00,9.075940,1774635625290290000,-0.649814,0.363377,0.516137,0.643292,-0.228575,0.677989,0.272811,-0.724849,-0.177390,0.188578,0.404384,-0.848436,0.259024,-0.225269,-0.642271,-0.167662,0.927294,0.137285,0.376700,0.446061,0.804134
2026-03-27T18:20:25.307311+00:00,9.092960,1774635625307310800,-0.649631,0.363943,0.515627,0.644430,-0.227566,0.677340,0.271153,-0.730328,-0.178250,0.186673,0.416744,-0.838898,0.273310,-0.221441,-0.641442,-0.173991,0.928521,0.136214,0.368665,0.455131,0.805150
2026-03-27T18:20:25.328548+00:00,9.114197,1774635625328547800,-0.649631,0.363943,0.515627,0.644430,-0.227566,0.677340,0.271153,-0.730328,-0.178250,0.186673,0.416744,-0.838898,0.273310,-0.221441,-0.641442,-0.173991,0.928521,0.136214,0.368665,0.455131,0.805150
2026-03-27T18:20:25.345314+00:00,9.130964,1774635625345314300,-0.648949,0.364725,0.514974,0.646516,-0.226320,0.676577,0.270356,-0.738569,-0.180882,0.185734,0.447626,-0.818440,0.296549,-0.203152,-0.643103,-0.185689,0.924910,0.095635,0.345165,0.452032,0.834279
2026-03-27T18:20:25.362267+00:00,9.147916,1774635625362266600,-0.648727,0.364920,0.514915,0.646749,-0.225443,0.676357,0.270453,-0.740680,-0.181898,0.185497,0.455710,-0.817161,0.295335,-0.196896,-0.642674,-0.187434,0.923383,0.088989,0.344810,0.453814,0.834864
2026-03-27T18:20:25.379504+00:00,9.165154,1774635625379504100,-0.648510,0.365161,0.514919,0.646797,-0.224655,0.676292,0.270531,-0.744104,-0.183738,0.185190,0.467202,-0.814995,0.284233,-0.190815,-0.640761,-0.190269,0.920002,0.085169,0.332162,0.439411,0.804883
2026-03-27T18:20:25.396505+00:00,9.182155,1774635625396505200,-0.648068,0.366209,0.515460,0.645696,-0.219345,0.679352,0.270825,-0.750962,-0.188871,0.183937,0.457943,-0.828581,0.265107,-0.185194,-0.635393,-0.190670,0.915759,0.090072,0.354138,0.461833,0.822486
2026-03-27T18:20:25.413791+00:00,9.199440,1774635625413790700,-0.647945,0.366893,0.515530,0.644633,-0.217178,0.681923,0.270495,-0.753357,-0.191170,0.182950,0.445918,-0.834244,0.263139,-0.189858,-0.628832,-0.187954,0.913499,0.111896,0.361601,0.460787,0.793877
2026-03-27T18:20:25.430568+00:00,9.216218,1774635625430568400,-0.647937,0.367449,0.515322,0.644713,-0.216701,0.681708,0.269048,-0.754524,-0.192360,0.182221,0.437811,-0.838013,0.256754,-0.199482,-0.627726,-0.187632,0.912950,0.119664,0.365724,0.456948,0.801790
2026-03-27T18:20:25.447726+00:00,9.233376,1774635625447726300,-0.647870,0.367950,0.514845,0.644926,-0.217064,0.681669,0.268445,-0.755499,-0.192407,0.182344,0.428709,-0.841867,0.253292,-0.205054,-0.625569,-0.186525,0.911659,0.122784,0.373134,0.453780,0.810122
2026-03-27T18:20:25.464629+00:00,9.250278,1774635625464628700,-0.647995,0.368250,0.514450,0.645206,-0.217449,0.681591,0.267704,-0.756274,-0.190962,0.183442,0.419561,-0.843746,0.259648,-0.206085,-0.623126,-0.185586,0.911188,0.116533,0.367646,0.446987,0.793777
2026-03-27T18:20:25.481457+00:00,9.267107,1774635625481457100,-0.648152,0.368650,0.514194,0.645136,-0.217803,0.682125,0.266560,-0.756151,-0.187272,0.186152,0.422671,-0.839478,0.275040,-0.203509,-0.620431,-0.184622,0.910860,0.111694,0.380231,0.444776,0.808438
2026-03-27T18:20:25.498719+00:00,9.284369,1774635625498719000,-0.648354,0.369095,0.514004,0.645277,-0.217518,0.682691,0.265341,-0.755890,-0.181628,0.190119,0.441348,-0.824728,0.296694,-0.192545,-0.616857,-0.183097,0.910614,0.110437,0.389560,0.437632,0.798123
2026-03-27T18:20:25.515257+00:00,9.300906,1774635625515256800,-0.648528,0.369496,0.513938,0.645281,-0.216987,0.683092,0.264875,-0.756124,-0.175920,0.194998,0.458102,-0.808695,0.325054,-0.172204,-0.613259,-0.181163,0.910516,0.112511,0.397695,0.430806,0.782940
2026-03-27T18:20:25.532263+00:00,9.317913,1774635625532263100,-0.648651,0.369731,0.514075,0.644525,-0.215733,0.683599,0.265116,-0.756697,-0.169948,0.201222,0.478575,-0.788790,0.355180,-0.148443,-0.609867,-0.179268,0.910167,0.115952,0.418816,0.440659,0.796838
2026-03-27T18:20:25.552880+00:00,9.338530,1774635625552880400,-0.648758,0.369861,0.514397,0.643637,-0.214907,0.684684,0.265501,-0.756923,-0.167257,0.204519,0.488769,-0.778778,0.370862,-0.135118,-0.607261,-0.177419,0.909941,0.123313,0.425239,0.439949,0.791767
2026-03-27T18:20:25.569702+00:00,9.355351,1774635625569701800,-0.648804,0.369893,0.515131,0.641680,-0.213005,0.686977,0.267091,-0.758488,-0.159388,0.221349,0.523764,-0.733985,0.425913,-0.077347,-0.603875,-0.175278,0.909087,0.130401,0.420036,0.432583,0.771755
2026-03-27T18:20:25.586123+00:00,9.371773,1774635625586123600,-0.648704,0.369818,0.515499,0.640674,-0.211542,0.687609,0.268147,-0.759040,-0.158967,0.224318,0.526842,-0.727266,0.433356,-0.067857,-0.602839,-0.174910,0.908190,0.129640,0.419358,0.434091,0.774937
2026-03-27T18:20:25.603159+00:00,9.388809,1774635625603159100,-0.648613,0.369744,0.515895,0.639181,-0.210512,0.688747,0.269162,-0.760064,-0.159023,0.229923,0.525422,-0.725373,0.443136,-0.051962,-0.602317,-0.174882,0.907131,0.128488,0.422616,0.438290,0.788844
2026-03-27T18:20:25.620306+00:00,9.405955,1774635625620305800,-0.648535,0.369682,0.516321,0.638018,-0.209399,0.690307,0.270063,-0.761587,-0.159746,0.234925,0.524984,-0.717570,0.456422,-0.037551,-0.601839,-0.175089,0.905775,0.131281,0.413506,0.429275,0.778857
2026-03-27T18:20:25.637215+00:00,9.422865,1774635625637215100,-0.648431,0.369584,0.516778,0.637222,-0.208210,0.691054,0.270641,-0.763487,-0.161253,0.239490,0.520029,-0.713375,0.468889,-0.023284,-0.601515,-0.175475,0.904242,0.129772,0.416760,0.433162,0.791079
2026-03-27T18:20:25.654222+00:00,9.439871,1774635625654221700,-0.648360,0.369495,0.516989,0.636650,-0.207762,0.691531,0.270664,-0.765977,-0.162807,0.243462,0.517727,-0.707769,0.480400,-0.007275,-0.601479,-0.175648,0.903552,0.128275,0.419288,0.436046,0.798724
2026-03-27T18:20:25.671236+00:00,9.456885,1774635625671235700,-0.648125,0.369098,0.517366,0.635209,-0.207426,0.692441,0.271858,-0.769083,-0.164487,0.246810,0.519497,-0.695410,0.496464,0.002515,-0.601561,-0.176127,0.901026,0.130808,0.408892,0.427393,0.786645
2026-03-27T18:20:25.688347+00:00,9.473996,1774635625688346600,-0.648020,0.368903,0.517438,0.634607,-0.207961,0.693135,0.272850,-0.771935,-0.165919,0.249695,0.531791,-0.681467,0.502606,0.010134,-0.601768,-0.176161,0.900198,0.131191,0.408376,0.428408,0.788682
2026-03-27T18:20:25.705313+00:00,9.490963,1774635625705313100,-0.647526,0.368564,0.517582,0.633920,-0.207979,0.692069,0.274527,-0.779991,-0.171476,0.254910,0.540154,-0.671708,0.506481,0.040037,-0.603034,-0.176093,0.897117,0.135986,0.397855,0.430277,0.786656
2026-03-27T18:20:25.722497+00:00,9.508146,1774635625722496600,-0.647526,0.368564,0.517582,0.633920,-0.207979,0.692069,0.274527,-0.779991,-0.171476,0.254910,0.540154,-0.671708,0.506481,0.040037,-0.603034,-0.176093,0.897117,0.135986,0.397855,0.430277,0.786656
2026-03-27T18:20:25.739755+00:00,9.525405,1774635625739755000,-0.647085,0.368988,0.517695,0.633463,-0.206434,0.693105,0.275088,-0.787205,-0.175828,0.258197,0.538300,-0.675517,0.500458,0.062324,-0.604464,-0.175629,0.894463,0.135561,0.392725,0.440431,0.795171
2026-03-27T18:20:25.759892+00:00,9.545541,1774635625759891700,-0.647085,0.368988,0.517695,0.633463,-0.206434,0.693105,0.275088,-0.787205,-0.175828,0.258197,0.538300,-0.675517,0.500458,0.062324,-0.604464,-0.175629,0.894463,0.135561,0.392725,0.440431,0.795171
2026-03-27T18:20:25.776796+00:00,9.562446,1774635625776796000,-0.646547,0.369586,0.518013,0.632549,-0.204706,0.694035,0.274788,-0.794636,-0.182731,0.261855,0.540676,-0.674959,0.496629,0.075817,-0.605520,-0.174981,0.891751,0.137944,0.387127,0.438494,0.790954
2026-03-27T18:20:25.793774+00:00,9.579424,1774635625793774200,-0.646184,0.369807,0.518180,0.631541,-0.204421,0.695751,0.274638,-0.795999,-0.184047,0.262673,0.543232,-0.672549,0.496012,0.080353,-0.605623,-0.174496,0.890279,0.139142,0.388631,0.437753,0.792521
2026-03-27T18:20:25.810990+00:00,9.596639,1774635625810989500,-0.645869,0.370078,0.518374,0.631198,-0.204105,0.696320,0.274182,-0.798283,-0.186609,0.264231,0.550271,-0.667730,0.494414,0.087420,-0.605630,-0.173975,0.888879,0.140198,0.393418,0.439832,0.798614
2026-03-27T18:20:25.827976+00:00,9.613626,1774635625827975900,-0.645580,0.370413,0.518685,0.630754,-0.203109,0.696963,0.273767,-0.801634,-0.190029,0.266460,0.557982,-0.661531,0.491767,0.098556,-0.605733,-0.173576,0.887561,0.143963,0.390845,0.432897,0.788874
2026-03-27T18:20:25.845059+00:00,9.630709,1774635625845059300,-0.645211,0.371168,0.519710,0.628920,-0.200448,0.699441,0.272427,-0.804307,-0.192152,0.268371,0.569758,-0.655283,0.485772,0.103456,-0.606056,-0.173141,0.885152,0.144601,0.398109,0.432944,0.797759
2026-03-27T18:20:25.861987+00:00,9.647637,1774635625861987200,-0.645180,0.371255,0.520014,0.628183,-0.199959,0.700758,0.272583,-0.805019,-0.192562,0.268974,0.571275,-0.650613,0.490462,0.099010,-0.606104,-0.173183,0.884589,0.144727,0.398209,0.431461,0.797154
2026-03-27T18:20:25.879023+00:00,9.664672,1774635625879022600,-0.645108,0.371267,0.520619,0.626728,-0.199070,0.702028,0.272670,-0.805275,-0.193245,0.268806,0.563816,-0.651113,0.499772,0.094939,-0.606385,-0.173668,0.882998,0.145289,0.400747,0.428589,0.800657
2026-03-27T18:20:25.896009+00:00,9.681658,1774635625896008800,-0.644974,0.371089,0.521223,0.624710,-0.198772,0.704198,0.273371,-0.805811,-0.194766,0.268822,0.556204,-0.652413,0.505971,0.092692,-0.606499,-0.173935,0.882470,0.146776,0.395542,0.422469,0.791904
2026-03-27T18:20:25.913089+00:00,9.698739,1774635625913089100,-0.644754,0.370809,0.521765,0.623295,-0.198240,0.705030,0.274227,-0.807343,-0.197205,0.269431,0.550313,-0.657482,0.504560,0.098493,-0.606897,-0.174390,0.881551,0.145458,0.392508,0.420634,0.792223
2026-03-27T18:20:25.930169+00:00,9.715819,1774635625930169400,-0.644427,0.370380,0.522153,0.622063,-0.198675,0.705534,0.275475,-0.809688,-0.199475,0.270688,0.543599,-0.666075,0.498459,0.111280,-0.607215,-0.174659,0.880551,0.142849,0.395074,0.425430,0.801777
2026-03-27T18:20:25.947155+00:00,9.732804,1774635625947154500,-0.644089,0.369982,0.522344,0.620965,-0.199366,0.706089,0.276636,-0.812483,-0.201092,0.271796,0.532074,-0.679357,0.488099,0.128998,-0.607350,-0.174684,0.879629,0.143306,0.395194,0.427343,0.801268
2026-03-27T18:20:25.964223+00:00,9.749873,1774635625964223500,-0.643793,0.369809,0.522407,0.620555,-0.200080,0.706388,0.276792,-0.814179,-0.201657,0.272721,0.517710,-0.695131,0.478897,0.139587,-0.607349,-0.174688,0.878657,0.144097,0.398453,0.432181,0.805814
2026-03-27T18:20:25.981216+00:00,9.766866,1774635625981216200,-0.643519,0.369811,0.522416,0.620770,-0.199916,0.705790,0.276888,-0.814759,-0.200353,0.273179,0.509558,-0.701277,0.476514,0.141909,-0.607471,-0.174699,0.878002,0.146859,0.396592,0.430650,0.800180
2026-03-27T18:20:26.000244+00:00,9.785893,1774635626000243800,-0.643255,0.370001,0.522380,0.620910,-0.200118,0.705373,0.276192,-0.814255,-0.198868,0.273170,0.508494,-0.702267,0.478775,0.139324,-0.607746,-0.174757,0.877302,0.148448,0.394807,0.428394,0.796518
2026-03-27T18:20:26.017351+00:00,9.803001,1774635626017351000,-0.642759,0.370595,0.522000,0.622517,-0.200004,0.704868,0.274490,-0.811421,-0.193022,0.270661,0.508399,-0.701298,0.486591,0.116832,-0.608976,-0.175341,0.876302,0.148459,0.394224,0.424998,0.798671
2026-03-27T18:20:26.034407+00:00,9.820057,1774635626034407500,-0.642441,0.370940,0.521737,0.623798,-0.199694,0.704652,0.273666,-0.810729,-0.191653,0.269014,0.497850,-0.712287,0.482182,0.113790,-0.609784,-0.175840,0.875800,0.148166,0.392059,0.421300,0.799112
2026-03-27T18:20:26.051368+00:00,9.837017,1774635626051367400,-0.642101,0.371280,0.521541,0.625151,-0.199110,0.703613,0.273147,-0.810004,-0.189643,0.267282,0.512902,-0.704597,0.481212,0.099554,-0.610479,-0.176251,0.875287,0.145135,0.396839,0.426009,0.811992
2026-03-27T18:20:26.068450+00:00,9.854100,1774635626068450000,-0.641802,0.371644,0.521408,0.626462,-0.198568,0.703249,0.272546,-0.810644,-0.189101,0.266758,0.527148,-0.700623,0.472193,0.093383,-0.611179,-0.176538,0.874933,0.147041,0.392544,0.422404,0.805007
2026-03-27T18:20:26.085557+00:00,9.871207,1774635626085557100,-0.641617,0.371944,0.521339,0.627681,-0.197862,0.701726,0.271716,-0.811315,-0.190252,0.265516,0.521014,-0.710733,0.463298,0.100415,-0.611860,-0.176790,0.874726,0.148955,0.390943,0.421558,0.802501
2026-03-27T18:20:26.102479+00:00,9.888129,1774635626102479400,-0.641196,0.372658,0.521214,0.629953,-0.196694,0.701145,0.270427,-0.811129,-0.190987,0.264660,0.516336,-0.715345,0.458310,0.104455,-0.612509,-0.176991,0.874413,0.148942,0.394194,0.425468,0.807524
2026-03-27T18:20:26.119373+00:00,9.905023,1774635626119373100,-0.641108,0.372864,0.521172,0.631208,-0.195753,0.700020,0.270240,-0.810229,-0.191066,0.263607,0.513621,-0.716162,0.460341,0.107193,-0.612821,-0.177101,0.874331,0.151176,0.391929,0.422386,0.800901
2026-03-27T18:20:26.136652+00:00,9.922301,1774635626136651600,-0.640898,0.373134,0.521185,0.632412,-0.195071,0.698772,0.270034,-0.809268,-0.190956,0.263307,0.505156,-0.718354,0.463205,0.115965,-0.613333,-0.176686,0.873909,0.158125,0.395558,0.416234,0.796542
2026-03-27T18:20:26.153686+00:00,9.939336,1774635626153686000,-0.640762,0.373282,0.521209,0.633727,-0.194488,0.697783,0.270023,-0.807270,-0.188885,0.263428,0.506005,-0.714518,0.468222,0.117376,-0.613279,-0.176231,0.873775,0.162867,0.399424,0.412910,0.796184
2026-03-27T18:20:26.170723+00:00,9.956373,1774635626170722900,-0.641128,0.373479,0.521456,0.635244,-0.193904,0.696951,0.269731,-0.801145,-0.178324,0.263598,0.507054,-0.704267,0.486177,0.103602,-0.612562,-0.173682,0.872983,0.183421,0.418938,0.399874,0.789594
2026-03-27T18:20:26.187793+00:00,9.973443,1774635626187793000,-0.641692,0.373381,0.521717,0.635564,-0.193569,0.697130,0.269362,-0.798191,-0.171348,0.263557,0.497278,-0.707184,0.493950,0.093478,-0.613018,-0.172410,0.872748,0.189495,0.425282,0.395179,0.790611
2026-03-27T18:20:26.204749+00:00,9.990399,1774635626204749000,-0.642272,0.373275,0.522089,0.635377,-0.193485,0.697436,0.269685,-0.796662,-0.167473,0.263500,0.492447,-0.708255,0.497207,0.087199,-0.614186,-0.171212,0.872822,0.192787,0.424157,0.391433,0.790329
2026-03-27T18:20:26.223994+00:00,10.009643,1774635626223993500,-0.642272,0.373275,0.522089,0.635377,-0.193485,0.697436,0.269685,-0.796662,-0.167473,0.263500,0.492447,-0.708255,0.497207,0.087199,-0.614186,-0.171212,0.872822,0.192787,0.424157,0.391433,0.790329
2026-03-27T18:20:26.240878+00:00,10.026528,1774635626240878200,-0.643020,0.372671,0.522693,0.634419,-0.194418,0.697006,0.271308,-0.788577,-0.144258,0.262339,0.458710,-0.716026,0.523289,0.046203,-0.616484,-0.169456,0.873200,0.191400,0.420478,0.395850,0.797096
2026-03-27T18:20:26.257850+00:00,10.043499,1774635626257849600,-0.643736,0.371767,0.523436,0.632822,-0.196135,0.696994,0.274000,-0.786767,-0.139599,0.262127,0.449791,-0.717038,0.531972,0.037419,-0.618406,-0.167470,0.873663,0.189028,0.414606,0.406322,0.797384
2026-03-27T18:20:26.275004+00:00,10.060654,1774635626275004400,-0.644042,0.371519,0.523669,0.632438,-0.196545,0.697210,0.274535,-0.782216,-0.128219,0.262123,0.426976,-0.713226,0.553968,0.019550,-0.619252,-0.166087,0.873902,0.192447,0.408613,0.411158,0.788139
2026-03-27T18:20:26.291626+00:00,10.077276,1774635626291626200,-0.645482,0.370819,0.524395,0.631856,-0.197312,0.696766,0.276788,-0.772118,-0.103275,0.263544,0.397411,-0.690793,0.604591,-0.008265,-0.620189,-0.164626,0.874261,0.197877,0.410042,0.420729,0.787072
2026-03-27T18:20:26.308813+00:00,10.094462,1774635626308812600,-0.646239,0.370507,0.524748,0.631643,-0.197349,0.696399,0.277664,-0.767601,-0.090947,0.265159,0.417867,-0.663952,0.619283,-0.019421,-0.620808,-0.163802,0.874471,0.206164,0.410943,0.421873,0.784157
2026-03-27T18:20:26.325855+00:00,10.111505,1774635626325855000,-0.646980,0.370170,0.525013,0.631056,-0.196760,0.697122,0.278459,-0.764855,-0.080369,0.267009,0.444821,-0.642258,0.624664,-0.025235,-0.621072,-0.162982,0.874401,0.219132,0.413835,0.419951,0.778606
2026-03-27T18:20:26.342818+00:00,10.128468,1774635626342818600,-0.647606,0.369838,0.525087,0.630884,-0.197276,0.696719,0.278906,-0.763484,-0.070423,0.268694,0.452762,-0.632482,0.628578,-0.028493,-0.621112,-0.162356,0.874183,0.232309,0.416883,0.416768,0.771327
2026-03-27T18:20:26.359941+00:00,10.145591,1774635626359941200,-0.648141,0.369560,0.524915,0.631498,-0.198457,0.695531,0.279151,-0.761883,-0.062155,0.269389,0.435927,-0.634722,0.635927,-0.038262,-0.621202,-0.161737,0.873926,0.237698,0.419846,0.415931,0.768866
2026-03-27T18:20:26.376890+00:00,10.162539,1774635626376889500,-0.648630,0.369437,0.524538,0.632840,-0.199815,0.693702,0.278979,-0.760197,-0.054453,0.269275,0.407594,-0.644510,0.643305,-0.055776,-0.621654,-0.161325,0.873826,0.238939,0.420244,0.414171,0.767757
2026-03-27T18:20:26.394040+00:00,10.179690,1774635626394039900,-0.649120,0.369520,0.524092,0.634174,-0.200571,0.692777,0.278776,-0.758741,-0.047590,0.269311,0.384666,-0.655540,0.646477,-0.076375,-0.622504,-0.161089,0.873913,0.237869,0.421339,0.413129,0.772864
2026-03-27T18:20:26.410909+00:00,10.196559,1774635626410909100,-0.649371,0.369555,0.523935,0.634531,-0.200640,0.692658,0.278826,-0.757956,-0.044225,0.269399,0.373748,-0.659853,0.646523,-0.088336,-0.623443,-0.160923,0.873948,0.238322,0.419959,0.409189,0.774306
2026-03-27T18:20:26.433617+00:00,10.219266,1774635626433616800,-0.650306,0.369562,0.523780,0.636220,-0.200354,0.690903,0.278568,-0.756946,-0.038335,0.270031,0.354272,-0.666968,0.649308,-0.110033,-0.624283,-0.160615,0.873971,0.240432,0.418333,0.405679,0.772813
2026-03-27T18:20:26.450121+00:00,10.235771,1774635626450121500,-0.651061,0.369569,0.523730,0.637465,-0.200058,0.690009,0.279256,-0.756905,-0.029857,0.275443,0.339310,-0.666361,0.651043,-0.129716,-0.624744,-0.159506,0.873862,0.241128,0.420666,0.409523,0.771719
2026-03-27T18:20:26.466794+00:00,10.252444,1774635626466793900,-0.651438,0.369584,0.523861,0.637598,-0.199922,0.690115,0.279119,-0.757273,-0.026417,0.279735,0.335179,-0.665204,0.654993,-0.133655,-0.624453,-0.158786,0.873772,0.239824,0.422961,0.413701,0.770700
2026-03-27T18:20:26.483815+00:00,10.269465,1774635626483814900,-0.651898,0.369629,0.524150,0.637481,-0.199824,0.690324,0.278919,-0.759566,-0.022441,0.285452,0.337777,-0.667491,0.651831,-0.124175,-0.624045,-0.158075,0.873847,0.238599,0.423760,0.417210,0.766339
2026-03-27T18:20:26.500807+00:00,10.286456,1774635626500806800,-0.652131,0.369637,0.524359,0.637399,-0.199208,0.690006,0.278562,-0.765430,-0.015754,0.293983,0.350866,-0.670242,0.647041,-0.093215,-0.623277,-0.157615,0.873942,0.238096,0.426548,0.418423,0.763959
2026-03-27T18:20:26.517915+00:00,10.303564,1774635626517914500,-0.652528,0.369479,0.524883,0.635920,-0.199442,0.691868,0.279278,-0.766468,-0.008300,0.301470,0.365426,-0.649091,0.662775,-0.082997,-0.622666,-0.157452,0.873999,0.237824,0.430487,0.417740,0.766848
2026-03-27T18:20:26.534875+00:00,10.320525,1774635626534875400,-0.652902,0.369213,0.525508,0.634170,-0.198817,0.692820,0.279937,-0.765625,-0.000884,0.308630,0.371420,-0.621508,0.683156,-0.082607,-0.622357,-0.157406,0.874081,0.239461,0.429218,0.411474,0.765399
2026-03-27T18:20:26.551988+00:00,10.337637,1774635626551987700,-0.653218,0.368794,0.526139,0.632303,-0.199428,0.694046,0.281053,-0.765489,0.005469,0.315514,0.364440,-0.603379,0.704679,-0.081811,-0.622207,-0.157528,0.874119,0.238001,0.431861,0.411729,0.771190
2026-03-27T18:20:26.569227+00:00,10.354877,1774635626569227500,-0.653423,0.368356,0.526703,0.630010,-0.201024,0.695757,0.281989,-0.770369,0.011757,0.328951,0.341976,-0.592849,0.728705,-0.071943,-0.621670,-0.157652,0.874124,0.238904,0.432255,0.408887,0.770737
2026-03-27T18:20:26.585927+00:00,10.371576,1774635626585926600,-0.653533,0.368107,0.527161,0.628790,-0.201107,0.695754,0.282315,-0.770369,0.011757,0.328951,0.341976,-0.592849,0.728705,-0.071943,-0.620683,-0.157867,0.873967,0.242749,0.431529,0.407643,0.764677
2026-03-27T18:20:26.602928+00:00,10.388578,1774635626602928100,-0.653404,0.368057,0.527846,0.625697,-0.201015,0.698807,0.282155,-0.783623,0.012335,0.341762,0.334677,-0.606097,0.720935,-0.059001,-0.618707,-0.159192,0.873857,0.242025,0.432283,0.414479,0.763979
2026-03-27T18:20:26.619950+00:00,10.405600,1774635626619950200,-0.653253,0.368182,0.527878,0.625351,-0.201047,0.698961,0.281500,-0.790571,0.012067,0.346749,0.338296,-0.609121,0.714029,-0.062319,-0.618031,-0.160136,0.874039,0.238853,0.428861,0.416104,0.760546
2026-03-27T18:20:26.637066+00:00,10.422716,1774635626637065900,-0.653050,0.368362,0.527754,0.625194,-0.201669,0.700205,0.280498,-0.796720,0.010771,0.350739,0.338946,-0.604220,0.719082,-0.071133,-0.617457,-0.161274,0.874199,0.232802,0.428374,0.419789,0.763845
2026-03-27T18:20:26.656511+00:00,10.442160,1774635626656510600,-0.653050,0.368362,0.527754,0.625194,-0.201669,0.700205,0.280498,-0.796720,0.010771,0.350739,0.338946,-0.604220,0.719082,-0.071133,-0.617457,-0.161274,0.874199,0.232802,0.428374,0.419789,0.763845
2026-03-27T18:20:26.673091+00:00,10.458741,1774635626673091200,-0.652480,0.368917,0.527267,0.626908,-0.203003,0.698665,0.278499,-0.811467,0.006595,0.358008,0.342490,-0.587808,0.727321,-0.076478,-0.616300,-0.163858,0.874500,0.223554,0.426939,0.419612,0.769123
2026-03-27T18:20:26.690103+00:00,10.475753,1774635626690103100,-0.652070,0.369598,0.527367,0.627447,-0.202055,0.699435,0.277575,-0.820917,0.004355,0.361330,0.348035,-0.584534,0.729278,-0.072979,-0.614341,-0.165476,0.874346,0.221012,0.432236,0.417043,0.769720
2026-03-27T18:20:26.707484+00:00,10.493134,1774635626707484000,-0.651988,0.369876,0.527531,0.627564,-0.201067,0.698994,0.277053,-0.831085,0.002131,0.364646,0.356337,-0.585977,0.726172,-0.070342,-0.613597,-0.165964,0.874299,0.221484,0.433483,0.414591,0.767854
2026-03-27T18:20:26.724347+00:00,10.509996,1774635626724346800,-0.651966,0.370370,0.528006,0.626880,-0.199734,0.700795,0.276018,-0.836667,0.000853,0.366123,0.359012,-0.587741,0.723177,-0.068064,-0.612372,-0.166870,0.874259,0.220336,0.435924,0.409962,0.766177
2026-03-27T18:20:26.741445+00:00,10.527095,1774635626741445300,-0.651891,0.370939,0.529112,0.623835,-0.198339,0.704411,0.274805,-0.855541,-0.004849,0.371156,0.360286,-0.596632,0.715101,-0.049838,-0.611300,-0.167794,0.874207,0.215658,0.441444,0.409461,0.773443
2026-03-27T18:20:26.758391+00:00,10.544041,1774635626758390900,-0.651891,0.370939,0.529112,0.623835,-0.198339,0.704411,0.274805,-0.863009,-0.007417,0.372813,0.361760,-0.602737,0.710957,-0.041309,-0.609770,-0.169746,0.874088,0.209790,0.440628,0.403697,0.775017
2026-03-27T18:20:26.775379+00:00,10.561029,1774635626775379300,-0.651352,0.370201,0.529842,0.621317,-0.201030,0.704804,0.276566,-0.892446,-0.021291,0.377496,0.387294,-0.617297,0.684826,-0.024560,-0.609222,-0.170909,0.873904,0.207300,0.440065,0.402788,0.778140
2026-03-27T18:20:26.792466+00:00,10.578115,1774635626792465700,-0.650950,0.369774,0.529964,0.621205,-0.203188,0.703980,0.277969,-0.906017,-0.030606,0.377691,0.402674,-0.620185,0.672011,-0.027132,-0.608586,-0.172032,0.873594,0.206830,0.438868,0.403268,0.778917
2026-03-27T18:20:26.809680+00:00,10.595329,1774635626809679800,-0.650592,0.369561,0.530085,0.621891,-0.205191,0.702970,0.278291,-0.919468,-0.040975,0.377272,0.414357,-0.629402,0.654644,-0.026972,-0.607771,-0.172821,0.873135,0.207761,0.437393,0.403906,0.773904
2026-03-27T18:20:26.826625+00:00,10.612275,1774635626826625100,-0.650336,0.369574,0.530483,0.622616,-0.205205,0.701851,0.278830,-0.935457,-0.053300,0.376667,0.424097,-0.651571,0.628144,-0.017483,-0.606897,-0.173515,0.872572,0.208136,0.440066,0.408574,0.775517
2026-03-27T18:20:26.843683+00:00,10.629333,1774635626843683200,-0.650250,0.369668,0.530829,0.622733,-0.204369,0.702109,0.279195,-0.952101,-0.065655,0.375772,0.429776,-0.684457,0.588961,-0.002854,-0.606252,-0.174286,0.872130,0.210754,0.438923,0.408406,0.772559
2026-03-27T18:20:26.864507+00:00,10.650156,1774635626864506700,-0.650250,0.369668,0.530829,0.622733,-0.204369,0.702109,0.279195,-0.952101,-0.065655,0.375772,0.429776,-0.684457,0.588961,-0.002854,-0.606252,-0.174286,0.872130,0.210754,0.438923,0.408406,0.772559
2026-03-27T18:20:26.880888+00:00,10.666537,1774635626880887600,-0.650291,0.369835,0.532917,0.621324,-0.198024,0.704907,0.280184,-0.978074,-0.088196,0.370849,0.434467,-0.744884,0.506336,0.005682,-0.605654,-0.175793,0.871305,0.211530,0.438787,0.408749,0.773055
2026-03-27T18:20:26.897812+00:00,10.683461,1774635626897811800,-0.650470,0.369360,0.533846,0.620557,-0.197121,0.704456,0.281991,-0.986454,-0.098236,0.367751,0.438057,-0.762995,0.477928,0.004469,-0.605483,-0.177122,0.870725,0.209257,0.439287,0.410468,0.775378
2026-03-27T18:20:26.914891+00:00,10.700541,1774635626914891200,-0.650486,0.368234,0.535854,0.618377,-0.198559,0.703848,0.287683,-0.995205,-0.114937,0.361117,0.470545,-0.754305,0.458152,-0.004164,-0.605116,-0.179486,0.869529,0.203200,0.434443,0.407360,0.770585
2026-03-27T18:20:26.931788+00:00,10.717438,1774635626931788300,-0.650413,0.368060,0.537016,0.617549,-0.197783,0.703708,0.290522,-0.998226,-0.122793,0.356943,0.484870,-0.747186,0.455484,-0.001578,-0.604529,-0.180404,0.868751,0.199930,0.437623,0.408084,0.773674
2026-03-27T18:20:26.948584+00:00,10.734233,1774635626948583700,-0.650416,0.368276,0.538569,0.616282,-0.195104,0.704978,0.291626,-1.001781,-0.131200,0.351664,0.504550,-0.745714,0.435697,0.006911,-0.603836,-0.181275,0.868022,0.197701,0.440282,0.407182,0.776369
2026-03-27T18:20:26.965725+00:00,10.751375,1774635626965725400,-0.650402,0.368728,0.540350,0.613844,-0.191726,0.707606,0.292546,-1.005343,-0.137533,0.346004,0.530227,-0.747970,0.399190,0.013992,-0.603094,-0.181947,0.867440,0.196105,0.442155,0.404439,0.779172
2026-03-27T18:20:26.982603+00:00,10.768252,1774635626982602500,-0.650448,0.369149,0.542108,0.611176,-0.189273,0.711059,0.292437,-1.006982,-0.139845,0.342774,0.541219,-0.748221,0.382606,0.014744,-0.602175,-0.182433,0.866941,0.195016,0.441711,0.400177,0.776797
2026-03-27T18:20:26.999614+00:00,10.785263,1774635626999613400,-0.650546,0.369361,0.543601,0.609402,-0.188877,0.712672,0.291443,-1.009330,-0.142977,0.335956,0.544677,-0.757713,0.360230,0.010532,-0.600851,-0.182830,0.866471,0.193554,0.442905,0.398353,0.775847
2026-03-27T18:20:27.016600+00:00,10.802249,1774635627016599500,-0.650736,0.369464,0.544664,0.608412,-0.189583,0.713137,0.290367,-1.008888,-0.144517,0.327829,0.530222,-0.769866,0.355501,-0.003185,-0.599333,-0.183192,0.866017,0.191967,0.445775,0.398862,0.777308
2026-03-27T18:20:27.033793+00:00,10.819443,1774635627033793500,-0.651094,0.369740,0.544999,0.607864,-0.192091,0.714833,0.288364,-1.006081,-0.144763,0.317884,0.504487,-0.785141,0.358408,-0.017133,-0.597581,-0.183560,0.865626,0.191858,0.449279,0.400114,0.778687
2026-03-27T18:20:27.050771+00:00,10.836420,1774635627050770800,-0.651758,0.370343,0.544595,0.609798,-0.194712,0.714214,0.284000,-1.001730,-0.143902,0.307798,0.478050,-0.799058,0.361652,-0.032905,-0.595931,-0.184075,0.865345,0.192646,0.451342,0.400133,0.778060
2026-03-27T18:20:27.068095+00:00,10.853745,1774635627068095500,-0.652693,0.371119,0.543813,0.613368,-0.196120,0.712430,0.278530,-0.997344,-0.141867,0.296905,0.459236,-0.809862,0.360028,-0.058957,-0.594432,-0.184985,0.865256,0.193860,0.452326,0.397962,0.778296
2026-03-27T18:20:27.089771+00:00,10.875421,1774635627089771200,-0.653685,0.371581,0.543171,0.615529,-0.195875,0.711715,0.276020,-0.993062,-0.138722,0.286482,0.455240,-0.813978,0.351622,-0.081894,-0.593451,-0.186291,0.865469,0.193835,0.448631,0.390591,0.778319
2026-03-27T18:20:27.106356+00:00,10.892006,1774635627106356400,-0.655591,0.371066,0.542236,0.618173,-0.195481,0.709017,0.277065,-0.987177,-0.131685,0.265572,0.470711,-0.810995,0.326336,-0.118749,-0.591610,-0.189051,0.866272,0.188846,0.443021,0.378895,0.791844
2026-03-27T18:20:27.123405+00:00,10.909055,1774635627123404900,-0.655957,0.370733,0.541871,0.619110,-0.195981,0.708208,0.277771,-0.983278,-0.127109,0.255211,0.471876,-0.810140,0.321279,-0.134870,-0.590769,-0.189407,0.866369,0.187257,0.441533,0.377901,0.791929
2026-03-27T18:20:27.140464+00:00,10.926114,1774635627140464200,-0.656545,0.369965,0.541012,0.621951,-0.196802,0.704632,0.279011,-0.978042,-0.122990,0.245873,0.461989,-0.811545,0.324504,-0.149651,-0.588471,-0.189598,0.866403,0.186435,0.439517,0.380045,0.785146
2026-03-27T18:20:27.157492+00:00,10.943142,1774635627157492300,-0.656901,0.369073,0.540202,0.624883,-0.198346,0.701179,0.281253,-0.971826,-0.118335,0.235754,0.448498,-0.812202,0.334165,-0.164211,-0.585943,-0.189400,0.866272,0.186235,0.444182,0.388006,0.783760
2026-03-27T18:20:27.174484+00:00,10.960133,1774635627174483500,-0.657125,0.368343,0.539713,0.626850,-0.198739,0.697500,0.283866,-0.964274,-0.114145,0.226292,0.432796,-0.811745,0.346714,-0.181656,-0.583624,-0.189354,0.866315,0.188959,0.445740,0.392526,0.778079
2026-03-27T18:20:27.191535+00:00,10.977184,1774635627191534800,-0.657263,0.367745,0.539433,0.627567,-0.198458,0.695985,0.286999,-0.956778,-0.110998,0.217633,0.416520,-0.813385,0.356397,-0.195746,-0.582201,-0.189837,0.866599,0.188648,0.449788,0.397963,0.783993
2026-03-27T18:20:27.208562+00:00,10.994212,1774635627208562500,-0.657483,0.367400,0.539301,0.627627,-0.195188,0.695726,0.289517,-0.941824,-0.108334,0.203352,0.400474,-0.813699,0.367249,-0.203820,-0.581768,-0.191899,0.867606,0.186663,0.441056,0.393423,0.782771
2026-03-27T18:20:27.225509+00:00,11.011159,1774635627225509000,-0.657507,0.367521,0.539093,0.628031,-0.194237,0.695200,0.289369,-0.933672,-0.108749,0.197602,0.399670,-0.810755,0.373818,-0.204240,-0.582198,-0.193059,0.868038,0.184277,0.436732,0.391198,0.782957
2026-03-27T18:20:27.242486+00:00,11.028135,1774635627242485800,-0.657497,0.367791,0.538745,0.628642,-0.193838,0.695769,0.289079,-0.929401,-0.109405,0.195056,0.402994,-0.809004,0.373625,-0.203393,-0.582639,-0.193887,0.868510,0.180088,0.435722,0.392133,0.787537
2026-03-27T18:20:27.259559+00:00,11.045209,1774635627259559000,-0.657395,0.368230,0.538343,0.629793,-0.193081,0.695271,0.288234,-0.922109,-0.112203,0.191146,0.403000,-0.811823,0.374488,-0.194601,-0.582946,-0.194254,0.868875,0.178092,0.436578,0.392951,0.789289
2026-03-27T18:20:27.276554+00:00,11.062204,1774635627276554200,-0.657256,0.368782,0.537951,0.631346,-0.191353,0.694654,0.286952,-0.914603,-0.116954,0.188628,0.399464,-0.818707,0.372252,-0.183413,-0.583145,-0.194058,0.869068,0.179633,0.437093,0.392752,0.785133
2026-03-27T18:20:27.297663+00:00,11.083313,1774635627297662900,-0.657256,0.368782,0.537951,0.631346,-0.191353,0.694654,0.286952,-0.914603,-0.116954,0.188628,0.399464,-0.818707,0.372252,-0.183413,-0.583145,-0.194058,0.869068,0.179633,0.437093,0.392752,0.785133
2026-03-27T18:20:27.314190+00:00,11.099839,1774635627314189800,-0.657061,0.369368,0.537322,0.632503,-0.189397,0.694688,0.285851,-0.900514,-0.128880,0.187571,0.396778,-0.831882,0.359899,-0.150396,-0.584466,-0.193074,0.869112,0.186605,0.440639,0.394276,0.784772
2026-03-27T18:20:27.331230+00:00,11.116879,1774635627331229800,-0.656899,0.369528,0.536399,0.633560,-0.188300,0.693501,0.285525,-0.889912,-0.139958,0.190132,0.404224,-0.836653,0.349528,-0.114564,-0.585873,-0.192620,0.868983,0.189207,0.441271,0.394467,0.786794
2026-03-27T18:20:27.348115+00:00,11.133764,1774635627348114800,-0.656614,0.369600,0.534808,0.635248,-0.190002,0.691585,0.285818,-0.878107,-0.150995,0.194999,0.422220,-0.833637,0.344414,-0.079876,-0.589429,-0.191800,0.868477,0.189666,0.436318,0.393307,0.787537
2026-03-27T18:20:27.365082+00:00,11.150732,1774635627365082000,-0.656418,0.369835,0.533407,0.637023,-0.191363,0.690315,0.284847,-0.870064,-0.158141,0.198897,0.431732,-0.831255,0.344934,-0.059008,-0.591839,-0.191400,0.868036,0.188446,0.435733,0.394621,0.791973
2026-03-27T18:20:27.382203+00:00,11.167852,1774635627382202500,-0.656131,0.370207,0.531930,0.639289,-0.192082,0.688371,0.283313,-0.860896,-0.165714,0.203790,0.440901,-0.826358,0.346848,-0.042191,-0.593028,-0.191095,0.867758,0.189915,0.431566,0.391438,0.785667
2026-03-27T18:20:27.399166+00:00,11.184816,1774635627399166400,-0.655747,0.370507,0.530316,0.641562,-0.193096,0.686839,0.281870,-0.850955,-0.173892,0.208827,0.445501,-0.822903,0.351146,-0.029920,-0.595258,-0.190417,0.867079,0.190804,0.432405,0.395097,0.787254
2026-03-27T18:20:27.416219+00:00,11.201869,1774635627416219200,-0.655133,0.370908,0.528545,0.644259,-0.193776,0.684359,0.280381,-0.842671,-0.181633,0.213617,0.445786,-0.820929,0.358093,-0.016288,-0.597381,-0.189655,0.866222,0.193728,0.430504,0.394899,0.784118
2026-03-27T18:20:27.433235+00:00,11.218885,1774635627433235300,-0.654355,0.371612,0.526726,0.646858,-0.194093,0.683517,0.277889,-0.835322,-0.188283,0.218090,0.447752,-0.818479,0.361886,-0.003011,-0.599542,-0.188849,0.865005,0.195034,0.430847,0.396227,0.790642
2026-03-27T18:20:27.450119+00:00,11.235769,1774635627450118900,-0.653574,0.372400,0.525243,0.649705,-0.193312,0.681240,0.275844,-0.828275,-0.194739,0.222086,0.451136,-0.814896,0.366135,0.005956,-0.601944,-0.188041,0.863742,0.198181,0.426761,0.393575,0.795155
2026-03-27T18:20:27.467095+00:00,11.252745,1774635627467094900,-0.652351,0.373556,0.523520,0.652273,-0.191565,0.680404,0.273960,-0.821732,-0.200998,0.225405,0.454246,-0.807723,0.374138,0.004477,-0.604221,-0.187122,0.862599,0.201364,0.419776,0.390894,0.799478
2026-03-27T18:20:27.484339+00:00,11.269989,1774635627484339500,-0.651283,0.374457,0.522392,0.653656,-0.189260,0.680144,0.272640,-0.817194,-0.206878,0.228123,0.457245,-0.804722,0.379498,0.001705,-0.606212,-0.185787,0.861649,0.207602,0.407564,0.387566,0.794199
2026-03-27T18:20:27.501213+00:00,11.286863,1774635627501212900,-0.650059,0.375395,0.521238,0.655354,-0.186547,0.679471,0.271085,-0.814013,-0.212844,0.229745,0.464891,-0.802433,0.374544,-0.008582,-0.607744,-0.183897,0.860493,0.210486,0.403088,0.395641,0.802811
2026-03-27T18:20:27.518244+00:00,11.303893,1774635627518243800,-0.648779,0.376141,0.520046,0.655624,-0.185008,0.680985,0.269292,-0.811964,-0.218511,0.230788,0.475189,-0.801183,0.361237,-0.024703,-0.608857,-0.181569,0.859411,0.217017,0.393056,0.399715,0.796806
2026-03-27T18:20:27.536742+00:00,11.322392,1774635627536742500,-0.647680,0.376573,0.518829,0.656010,-0.185042,0.680783,0.267402,-0.811668,-0.222011,0.231216,0.475366,-0.804876,0.352112,-0.031294,-0.609561,-0.179446,0.858646,0.221002,0.387406,0.406545,0.795484
2026-03-27T18:20:27.553317+00:00,11.338966,1774635627553316500,-0.645605,0.377226,0.516103,0.655198,-0.187949,0.682962,0.263052,-0.814565,-0.234586,0.231879,0.456357,-0.830583,0.315752,-0.055984,-0.610409,-0.176296,0.858008,0.223570,0.383595,0.417196,0.797332
2026-03-27T18:20:27.570323+00:00,11.355973,1774635627570323400,-0.644730,0.377478,0.514728,0.655340,-0.189439,0.682863,0.260929,-0.815213,-0.236098,0.231801,0.455197,-0.831674,0.309018,-0.062861,-0.610805,-0.175294,0.858029,0.223827,0.382302,0.416383,0.796530
2026-03-27T18:20:27.587378+00:00,11.373027,1774635627587377700,-0.643764,0.378004,0.513141,0.655558,-0.190605,0.683145,0.257935,-0.816080,-0.237630,0.231706,0.453213,-0.834331,0.304607,-0.079790,-0.611172,-0.174486,0.858222,0.224424,0.380956,0.411360,0.793667
2026-03-27T18:20:27.604399+00:00,11.390049,1774635627604399100,-0.642781,0.378768,0.511605,0.656458,-0.191271,0.683576,0.254928,-0.816234,-0.237877,0.231925,0.450022,-0.831774,0.310696,-0.097990,-0.611247,-0.173702,0.858454,0.224245,0.382756,0.407003,0.794504
2026-03-27T18:20:27.621456+00:00,11.407105,1774635627621455800,-0.642285,0.379176,0.510949,0.656288,-0.191341,0.684473,0.253736,-0.816427,-0.237492,0.232545,0.445693,-0.828730,0.320409,-0.113673,-0.611163,-0.172869,0.858668,0.224736,0.386308,0.402391,0.795555
2026-03-27T18:20:27.638449+00:00,11.424099,1774635627638449100,-0.640578,0.380381,0.508568,0.658628,-0.191572,0.683974,0.249291,-0.817284,-0.236364,0.233693,0.445299,-0.824639,0.326933,-0.123163,-0.610944,-0.171883,0.858910,0.225488,0.389612,0.398697,0.795547
2026-03-27T18:20:27.655620+00:00,11.441270,1774635627655620400,-0.639966,0.380778,0.507700,0.660131,-0.191799,0.682506,0.247311,-0.818327,-0.234738,0.235390,0.445832,-0.821881,0.332141,-0.130230,-0.610810,-0.171318,0.859016,0.224686,0.393924,0.400492,0.800407
2026-03-27T18:20:27.672677+00:00,11.458327,1774635627672677100,-0.638439,0.381861,0.505697,0.661944,-0.192390,0.682232,0.243581,-0.819474,-0.232906,0.237322,0.446039,-0.818768,0.336293,-0.132975,-0.610255,-0.169612,0.859330,0.227434,0.398639,0.399097,0.796970
2026-03-27T18:20:27.689686+00:00,11.475336,1774635627689686300,-0.637950,0.382262,0.505147,0.662293,-0.191975,0.682458,0.242473,-0.820695,-0.231419,0.239576,0.448078,-0.815251,0.339601,-0.134194,-0.610084,-0.169064,0.859433,0.228194,0.400578,0.399961,0.796713
2026-03-27T18:20:27.706742+00:00,11.492392,1774635627706742000,-0.636076,0.383644,0.503464,0.663312,-0.190579,0.682795,0.238370,-0.823360,-0.229640,0.244432,0.452522,-0.810572,0.347208,-0.133454,-0.609758,-0.167769,0.859692,0.229766,0.403483,0.401373,0.794758
2026-03-27T18:20:27.723909+00:00,11.509558,1774635627723908500,-0.635201,0.384094,0.502799,0.663278,-0.190383,0.684191,0.236749,-0.825123,-0.229928,0.246980,0.452201,-0.809567,0.352007,-0.129460,-0.609825,-0.167668,0.859757,0.230670,0.400886,0.399202,0.789288
2026-03-27T18:20:27.740670+00:00,11.526320,1774635627740670200,-0.634276,0.384578,0.502168,0.663826,-0.190138,0.684488,0.235219,-0.826944,-0.231095,0.249797,0.448840,-0.810430,0.356551,-0.120132,-0.609830,-0.167901,0.859683,0.228589,0.402539,0.401259,0.794568
2026-03-27T18:20:27.760938+00:00,11.546588,1774635627760938400,-0.634276,0.384578,0.502168,0.663826,-0.190138,0.684488,0.235219,-0.826944,-0.231095,0.249797,0.448840,-0.810430,0.356551,-0.120132,-0.609830,-0.167901,0.859683,0.228589,0.402539,0.401259,0.794568
2026-03-27T18:20:27.777913+00:00,11.563563,1774635627777913400,-0.631996,0.385789,0.501139,0.666028,-0.187774,0.683713,0.230909,-0.830905,-0.232227,0.255650,0.447922,-0.816200,0.351727,-0.101562,-0.609067,-0.168984,0.859199,0.227387,0.402995,0.398619,0.790596
2026-03-27T18:20:27.795010+00:00,11.580659,1774635627795009500,-0.631595,0.386036,0.501123,0.666042,-0.187359,0.684083,0.230323,-0.831800,-0.232320,0.258369,0.448534,-0.817136,0.349645,-0.096106,-0.608751,-0.169594,0.858837,0.226225,0.405612,0.396282,0.793675
2026-03-27T18:20:27.812113+00:00,11.597762,1774635627812112700,-0.630855,0.386514,0.501191,0.665345,-0.186190,0.685634,0.229469,-0.832206,-0.232575,0.260800,0.446555,-0.817891,0.350890,-0.090040,-0.608617,-0.169905,0.858593,0.226530,0.405861,0.394397,0.794396
2026-03-27T18:20:27.829095+00:00,11.614744,1774635627829094600,-0.630221,0.386967,0.501422,0.664982,-0.184519,0.686388,0.228505,-0.832816,-0.232653,0.262876,0.443110,-0.819425,0.353968,-0.080043,-0.608230,-0.170271,0.857703,0.227942,0.404544,0.388419,0.792200
2026-03-27T18:20:27.846198+00:00,11.631848,1774635627846198000,-0.629574,0.387284,0.501700,0.664171,-0.183606,0.687946,0.227699,-0.833047,-0.232450,0.263515,0.444497,-0.818564,0.354616,-0.075066,-0.607978,-0.170220,0.857282,0.227103,0.405652,0.389852,0.795642
2026-03-27T18:20:27.863161+00:00,11.648811,1774635627863161000,-0.628363,0.387710,0.502539,0.662249,-0.182868,0.690375,0.227042,-0.833006,-0.230675,0.261930,0.438257,-0.816956,0.369172,-0.070252,-0.606721,-0.169527,0.855797,0.228776,0.405053,0.396996,0.792991
2026-03-27T18:20:27.880171+00:00,11.665820,1774635627880170800,-0.627847,0.387920,0.503205,0.661077,-0.181849,0.691521,0.227622,-0.832946,-0.230174,0.259236,0.428107,-0.820256,0.371631,-0.074596,-0.606012,-0.169101,0.855174,0.230724,0.402526,0.398964,0.788027
2026-03-27T18:20:27.897199+00:00,11.682849,1774635627897199000,-0.627411,0.388306,0.504045,0.659452,-0.180182,0.693540,0.227592,-0.833032,-0.229948,0.255803,0.413877,-0.830507,0.363570,-0.080091,-0.605361,-0.168737,0.854628,0.231653,0.401411,0.401013,0.787632
2026-03-27T18:20:27.914234+00:00,11.699884,1774635627914233900,-0.627054,0.388716,0.504920,0.657534,-0.178249,0.695923,0.227507,-0.832944,-0.229747,0.253168,0.400930,-0.841677,0.350406,-0.088131,-0.604868,-0.168564,0.854299,0.231968,0.400605,0.401084,0.788889
2026-03-27T18:20:27.931401+00:00,11.717050,1774635627931400700,-0.626784,0.389127,0.505778,0.655269,-0.176611,0.698644,0.226938,-0.833042,-0.228833,0.250543,0.386796,-0.852763,0.340614,-0.097329,-0.604380,-0.168483,0.854175,0.230395,0.400803,0.400238,0.791493
2026-03-27T18:20:27.948379+00:00,11.734029,1774635627948379000,-0.626663,0.389383,0.506715,0.653054,-0.175558,0.701148,0.226571,-0.832929,-0.226236,0.248467,0.384114,-0.853150,0.337195,-0.105527,-0.603684,-0.168349,0.854181,0.228395,0.402908,0.399557,0.794221
2026-03-27T18:20:27.968796+00:00,11.754446,1774635627968795900,-0.626663,0.389383,0.506715,0.653054,-0.175558,0.701148,0.226571,-0.832929,-0.226236,0.248467,0.384114,-0.853150,0.337195,-0.105527,-0.603684,-0.168349,0.854181,0.228395,0.402908,0.399557,0.794221
2026-03-27T18:20:27.984383+00:00,11.770033,1774635627984383000,-0.626776,0.389663,0.508005,0.650433,-0.175160,0.703905,0.225349,-0.829910,-0.214800,0.245010,0.399526,-0.841177,0.346870,-0.108545,-0.602140,-0.167653,0.854371,0.228933,0.407127,0.397856,0.792775
2026-03-27T18:20:28.001489+00:00,11.787138,1774635628001488700,-0.626997,0.389748,0.508832,0.649195,-0.174890,0.705375,0.225026,-0.828188,-0.207598,0.243854,0.399171,-0.834092,0.365372,-0.102721,-0.600504,-0.166629,0.854678,0.233767,0.409556,0.396042,0.785043
2026-03-27T18:20:28.018590+00:00,11.804240,1774635628018590100,-0.627873,0.389568,0.510616,0.645663,-0.173766,0.708543,0.225962,-0.824390,-0.191984,0.241636,0.395704,-0.822116,0.396673,-0.093424,-0.599525,-0.165817,0.855249,0.236720,0.411369,0.397611,0.784706
2026-03-27T18:20:28.035455+00:00,11.821105,1774635628035455100,-0.628460,0.389224,0.511413,0.644115,-0.173755,0.709292,0.227470,-0.821730,-0.183402,0.240106,0.392373,-0.819438,0.408347,-0.093678,-0.599197,-0.165548,0.855791,0.238423,0.409547,0.398706,0.781997
2026-03-27T18:20:28.052394+00:00,11.838043,1774635628052393800,-0.629106,0.388756,0.512154,0.642789,-0.174016,0.710344,0.229484,-0.818588,-0.174584,0.238458,0.386656,-0.816444,0.420284,-0.094611,-0.599020,-0.165467,0.856304,0.236382,0.410663,0.404003,0.785845
2026-03-27T18:20:28.069041+00:00,11.854691,1774635628069041400,-0.629769,0.388279,0.512822,0.641780,-0.174286,0.710147,0.231335,-0.815120,-0.165806,0.236365,0.377964,-0.813355,0.430939,-0.098107,-0.598779,-0.165437,0.856861,0.234583,0.408586,0.406883,0.782378
2026-03-27T18:20:28.086093+00:00,11.871743,1774635628086093400,-0.630723,0.387849,0.513386,0.641280,-0.173758,0.709689,0.233036,-0.813343,-0.161585,0.235127,0.370396,-0.813796,0.435177,-0.100094,-0.598394,-0.165510,0.857392,0.233348,0.407867,0.408695,0.778150
2026-03-27T18:20:28.103098+00:00,11.888747,1774635628103097500,-0.631796,0.387565,0.513901,0.640767,-0.172965,0.709888,0.235556,-0.810474,-0.153701,0.232773,0.354898,-0.820143,0.439864,-0.101162,-0.597884,-0.165841,0.857999,0.229937,0.413396,0.413315,0.784531
2026-03-27T18:20:28.120186+00:00,11.905836,1774635628120186100,-0.632897,0.387478,0.514356,0.640835,-0.170943,0.709526,0.237069,-0.806747,-0.144824,0.229696,0.344231,-0.822026,0.444005,-0.106553,-0.597548,-0.166282,0.858649,0.230575,0.413577,0.409276,0.780421
2026-03-27T18:20:28.137240+00:00,11.922890,1774635628137240300,-0.634096,0.387484,0.514830,0.640982,-0.169077,0.709718,0.238370,-0.802187,-0.135645,0.226148,0.340275,-0.816205,0.448984,-0.116849,-0.597366,-0.166908,0.859280,0.230849,0.414260,0.405266,0.779154
2026-03-27T18:20:28.154428+00:00,11.940078,1774635628154428500,-0.635192,0.387552,0.515240,0.640183,-0.167057,0.710949,0.239145,-0.797984,-0.126573,0.222167,0.338410,-0.812579,0.457966,-0.128547,-0.597346,-0.167475,0.859853,0.229286,0.413768,0.402925,0.779461
2026-03-27T18:20:28.171372+00:00,11.957022,1774635628171372400,-0.636351,0.387602,0.515536,0.639983,-0.165683,0.711679,0.238706,-0.794648,-0.118760,0.218118,0.338887,-0.806926,0.462655,-0.135006,-0.597166,-0.167828,0.860259,0.225127,0.415574,0.403618,0.782379
2026-03-27T18:20:28.194049+00:00,11.979699,1774635628194049400,-0.636936,0.387641,0.515633,0.640084,-0.165235,0.711166,0.238258,-0.793310,-0.112718,0.214308,0.336423,-0.809966,0.464240,-0.134395,-0.596692,-0.168097,0.860414,0.221833,0.418265,0.405615,0.783748
2026-03-27T18:20:28.210702+00:00,11.996352,1774635628210702100,-0.639872,0.388016,0.515850,0.639021,-0.164783,0.713787,0.235358,-0.793020,-0.099745,0.203181,0.337278,-0.816865,0.455424,-0.121791,-0.595432,-0.168618,0.860551,0.220626,0.422450,0.404342,0.777107
2026-03-27T18:20:28.227568+00:00,12.013217,1774635628227567600,-0.640898,0.388128,0.515786,0.639657,-0.164521,0.713488,0.234156,-0.792884,-0.095105,0.198070,0.339671,-0.814897,0.453582,-0.121167,-0.594929,-0.169033,0.860606,0.220282,0.424751,0.404186,0.777920
2026-03-27T18:20:28.244548+00:00,12.030197,1774635628244547600,-0.641346,0.388012,0.515734,0.639576,-0.164590,0.713458,0.234067,-0.792913,-0.092686,0.195307,0.339876,-0.812821,0.454192,-0.121590,-0.594768,-0.169258,0.860610,0.220114,0.425986,0.403765,0.779223
2026-03-27T18:20:28.261636+00:00,12.047285,1774635628261635800,-0.642170,0.387412,0.515651,0.640245,-0.164578,0.712499,0.234360,-0.792763,-0.088286,0.189651,0.340221,-0.810629,0.459823,-0.124700,-0.594632,-0.169764,0.860621,0.219875,0.426301,0.403715,0.780072
2026-03-27T18:20:28.278572+00:00,12.064222,1774635628278572100,-0.642872,0.386495,0.515680,0.639175,-0.164604,0.712578,0.236885,-0.792250,-0.084636,0.183699,0.340790,-0.806507,0.466677,-0.132279,-0.594665,-0.170336,0.860644,0.219274,0.424336,0.403546,0.778005
2026-03-27T18:20:28.295805+00:00,12.081455,1774635628295805500,-0.643454,0.385400,0.515550,0.637996,-0.166349,0.712417,0.240019,-0.791148,-0.083185,0.176713,0.333894,-0.801538,0.470822,-0.146574,-0.594786,-0.170990,0.860689,0.215819,0.424926,0.406997,0.781696
2026-03-27T18:20:28.312773+00:00,12.098423,1774635628312773200,-0.644607,0.384003,0.514659,0.638382,-0.169639,0.710372,0.243991,-0.792596,-0.086434,0.160781,0.296890,-0.820227,0.452857,-0.178076,-0.595537,-0.172315,0.860796,0.208945,0.423644,0.409233,0.784863
2026-03-27T18:20:28.329859+00:00,12.115509,1774635628329859000,-0.645185,0.384088,0.514122,0.640042,-0.169628,0.708889,0.243468,-0.794769,-0.089590,0.153658,0.278948,-0.834369,0.437512,-0.186450,-0.596194,-0.172836,0.860876,0.208438,0.420095,0.405014,0.781362
2026-03-27T18:20:28.347014+00:00,12.132664,1774635628347014200,-0.645758,0.384416,0.513644,0.641913,-0.168489,0.707647,0.242046,-0.796190,-0.091448,0.150024,0.270577,-0.841675,0.427323,-0.188226,-0.596818,-0.173047,0.860899,0.207366,0.420750,0.403948,0.784996
2026-03-27T18:20:28.363911+00:00,12.149560,1774635628363910800,-0.646287,0.384632,0.513209,0.643313,-0.168069,0.706924,0.241170,-0.806363,-0.092396,0.141730,0.278771,-0.868013,0.378325,-0.151193,-0.597395,-0.172980,0.860958,0.208640,0.418671,0.401993,0.783690
2026-03-27T18:20:28.380994+00:00,12.166644,1774635628380994300,-0.646847,0.384622,0.512694,0.644518,-0.167614,0.706077,0.240775,-0.808271,-0.091310,0.138937,0.292357,-0.871118,0.371106,-0.144890,-0.598161,-0.172622,0.861049,0.208384,0.419138,0.403876,0.788913
2026-03-27T18:20:28.400686+00:00,12.186336,1774635628400686100,-0.646847,0.384622,0.512694,0.644518,-0.167614,0.706077,0.240775,-0.808271,-0.091310,0.138937,0.292357,-0.871118,0.371106,-0.144890,-0.598161,-0.172622,0.861049,0.208384,0.419138,0.403876,0.788913
2026-03-27T18:20:28.417743+00:00,12.203393,1774635628417743200,-0.647465,0.384368,0.512147,0.646031,-0.167781,0.703742,0.241581,-0.808954,-0.083182,0.127875,0.364651,-0.835057,0.386501,-0.148026,-0.599805,-0.171472,0.861288,0.211700,0.414875,0.408110,0.789188
2026-03-27T18:20:28.434721+00:00,12.220370,1774635628434720500,-0.648322,0.383335,0.511253,0.646192,-0.169581,0.703174,0.244275,-0.810677,-0.078344,0.119135,0.393544,-0.801990,0.425369,-0.145344,-0.600917,-0.170453,0.861432,0.215832,0.409024,0.411069,0.781782
2026-03-27T18:20:28.451762+00:00,12.237412,1774635628451762300,-0.648731,0.382954,0.510773,0.646918,-0.169928,0.701737,0.245171,-0.814692,-0.080015,0.115551,0.386913,-0.807730,0.426249,-0.130790,-0.601520,-0.169996,0.861490,0.216848,0.408440,0.414190,0.781209
2026-03-27T18:20:28.468765+00:00,12.254415,1774635628468765100,-0.649239,0.382822,0.510099,0.648069,-0.169740,0.700347,0.245186,-0.819756,-0.083188,0.111777,0.376920,-0.820978,0.413158,-0.115428,-0.602217,-0.169650,0.861609,0.217248,0.410109,0.416519,0.784680
2026-03-27T18:20:28.485953+00:00,12.271603,1774635628485953300,-0.649597,0.383033,0.509695,0.648605,-0.169099,0.701016,0.244516,-0.824260,-0.086651,0.108378,0.369321,-0.832858,0.399173,-0.105425,-0.602898,-0.169323,0.861766,0.218110,0.409145,0.414264,0.781451
2026-03-27T18:20:28.502859+00:00,12.288508,1774635628502858800,-0.649961,0.383196,0.509405,0.648510,-0.168425,0.701423,0.244238,-0.828674,-0.090967,0.105275,0.363667,-0.843402,0.384436,-0.097200,-0.603384,-0.169069,0.861842,0.217721,0.409801,0.412718,0.781396
2026-03-27T18:20:28.520295+00:00,12.305945,1774635628520295300,-0.650217,0.383102,0.509145,0.647758,-0.168507,0.701986,0.244734,-0.833596,-0.095148,0.102416,0.360414,-0.850106,0.370923,-0.088802,-0.603786,-0.168794,0.861921,0.215456,0.412283,0.413012,0.783807
2026-03-27T18:20:28.536912+00:00,12.322562,1774635628536911900,-0.650498,0.382866,0.508896,0.646508,-0.169010,0.702214,0.245599,-0.839079,-0.099018,0.100137,0.363025,-0.855657,0.361844,-0.079191,-0.604085,-0.168436,0.861955,0.213851,0.414854,0.412134,0.786031
2026-03-27T18:20:28.554218+00:00,12.339868,1774635628554217900,-0.650817,0.382653,0.508513,0.644660,-0.170069,0.703687,0.246137,-0.841634,-0.100653,0.098979,0.368716,-0.853264,0.358981,-0.076629,-0.604331,-0.167988,0.862038,0.213207,0.415611,0.409809,0.785639
2026-03-27T18:20:28.571135+00:00,12.356784,1774635628571134400,-0.651202,0.382748,0.507867,0.643816,-0.171162,0.704200,0.245059,-0.848717,-0.104759,0.095678,0.388760,-0.841906,0.364545,-0.077308,-0.604613,-0.167347,0.862108,0.213267,0.415129,0.406671,0.782744
2026-03-27T18:20:28.588307+00:00,12.373957,1774635628588307500,-0.651435,0.382904,0.506875,0.643990,-0.172257,0.704690,0.242772,-0.851292,-0.106551,0.094557,0.393027,-0.839942,0.368597,-0.077846,-0.604803,-0.166777,0.862105,0.213497,0.416191,0.406439,0.783571
2026-03-27T18:20:28.605332+00:00,12.390982,1774635628605332100,-0.651525,0.383165,0.504469,0.644082,-0.176086,0.704523,0.240888,-0.864213,-0.117161,0.090591,0.395305,-0.843732,0.357711,-0.069126,-0.605487,-0.165580,0.862200,0.214500,0.416410,0.408782,0.786873
2026-03-27T18:20:28.625008+00:00,12.410658,1774635628625008200,-0.651525,0.383165,0.504469,0.644082,-0.176086,0.704523,0.240888,-0.864213,-0.117161,0.090591,0.395305,-0.843732,0.357711,-0.069126,-0.605487,-0.165580,0.862200,0.214500,0.416410,0.408782,0.786873
2026-03-27T18:20:28.641742+00:00,12.427392,1774635628641742400,-0.651509,0.384036,0.502707,0.644626,-0.176368,0.704484,0.239693,-0.880948,-0.129298,0.088160,0.386459,-0.865113,0.320786,-0.035634,-0.606168,-0.163958,0.862624,0.211477,0.412304,0.413628,0.785936
2026-03-27T18:20:28.658670+00:00,12.444320,1774635628658670000,-0.651545,0.384810,0.501538,0.644853,-0.175359,0.705061,0.237742,-0.887602,-0.132699,0.087202,0.397003,-0.864165,0.306324,-0.024406,-0.606196,-0.163436,0.862724,0.211222,0.411613,0.414320,0.784551
2026-03-27T18:20:28.675625+00:00,12.461274,1774635628675624800,-0.651743,0.385629,0.500395,0.645206,-0.173881,0.705477,0.235962,-0.894168,-0.135351,0.086109,0.408546,-0.861940,0.298431,-0.013963,-0.606170,-0.162459,0.862882,0.210974,0.413395,0.416723,0.785718
2026-03-27T18:20:28.692958+00:00,12.478608,1774635628692958200,-0.652159,0.386337,0.499272,0.645006,-0.173307,0.706492,0.234837,-0.900902,-0.138268,0.085341,0.415067,-0.861916,0.292962,0.000517,-0.606116,-0.161494,0.863078,0.213038,0.412497,0.415046,0.780125
2026-03-27T18:20:28.710190+00:00,12.495839,1774635628710189600,-0.653197,0.387031,0.497604,0.644592,-0.172260,0.707804,0.232613,-0.908385,-0.141277,0.084700,0.422268,-0.860240,0.281994,0.014598,-0.605959,-0.160192,0.863283,0.213388,0.414795,0.416712,0.780457
2026-03-27T18:20:28.727029+00:00,12.512678,1774635628727028700,-0.653624,0.387112,0.497011,0.644862,-0.172064,0.707555,0.231760,-0.915393,-0.142196,0.084209,0.437735,-0.854737,0.279026,0.021084,-0.605969,-0.159789,0.863346,0.214363,0.413930,0.415019,0.776735
2026-03-27T18:20:28.744023+00:00,12.529672,1774635628744022500,-0.655720,0.386556,0.494829,0.643668,-0.173811,0.708243,0.231429,-0.923654,-0.140123,0.083696,0.472488,-0.828000,0.301722,0.024304,-0.605838,-0.158378,0.863439,0.213610,0.417819,0.419247,0.782676
2026-03-27T18:20:28.760920+00:00,12.546569,1774635628760919700,-0.657015,0.385924,0.493967,0.642302,-0.175002,0.709292,0.232422,-0.929038,-0.139119,0.084127,0.484555,-0.814589,0.318512,0.032212,-0.605790,-0.157589,0.863485,0.216384,0.413578,0.416487,0.774159
2026-03-27T18:20:28.778011+00:00,12.563661,1774635628778010900,-0.658427,0.385125,0.493209,0.640568,-0.175380,0.710186,0.234240,-0.935346,-0.140303,0.084551,0.487527,-0.809365,0.321930,0.047263,-0.605666,-0.156787,0.863474,0.215704,0.413212,0.419881,0.774682
2026-03-27T18:20:28.794947+00:00,12.580596,1774635628794946700,-0.660027,0.384223,0.492491,0.638708,-0.176251,0.710981,0.236701,-0.942031,-0.143768,0.084379,0.483535,-0.815948,0.311657,0.066722,-0.605620,-0.156379,0.863457,0.213978,0.414822,0.423352,0.778493
2026-03-27T18:20:28.811975+00:00,12.597625,1774635628811975100,-0.661743,0.383277,0.491702,0.636344,-0.178344,0.711587,0.239124,-0.948482,-0.147680,0.083641,0.482517,-0.821889,0.292125,0.084369,-0.605486,-0.155079,0.863471,0.211299,0.411084,0.425803,0.776417
2026-03-27T18:20:28.832826+00:00,12.618475,1774635628832825800,-0.661743,0.383277,0.491702,0.636344,-0.178344,0.711587,0.239124,-0.948482,-0.147680,0.083641,0.482517,-0.821889,0.292125,0.084369,-0.605486,-0.155079,0.863471,0.211299,0.411084,0.425803,0.776417
2026-03-27T18:20:28.849059+00:00,12.634708,1774635628849058600,-0.664710,0.381793,0.490123,0.633317,-0.182618,0.713030,0.240998,-0.958861,-0.151708,0.081586,0.511055,-0.813812,0.257766,0.106125,-0.605270,-0.153599,0.863459,0.210359,0.409085,0.426427,0.776751
2026-03-27T18:20:28.866132+00:00,12.651781,1774635628866131800,-0.666566,0.381302,0.488953,0.632511,-0.184664,0.712875,0.240263,-0.966224,-0.151263,0.081251,0.565718,-0.775592,0.241664,0.141781,-0.604500,-0.151934,0.863376,0.210781,0.410070,0.430274,0.779851
2026-03-27T18:20:28.883227+00:00,12.668877,1774635628883227100,-0.670703,0.380529,0.486484,0.631549,-0.187618,0.713624,0.238389,-0.969870,-0.150275,0.082063,0.586039,-0.754894,0.245747,0.163070,-0.603285,-0.149443,0.863495,0.213573,0.405387,0.431401,0.770998
2026-03-27T18:20:28.900400+00:00,12.686049,1774635628900399500,-0.672998,0.379873,0.485230,0.631094,-0.190632,0.713092,0.238908,-0.973284,-0.149414,0.083236,0.598442,-0.737796,0.254249,0.182306,-0.602304,-0.147901,0.863598,0.214291,0.405829,0.437522,0.771837
2026-03-27T18:20:28.917273+00:00,12.702923,1774635628917273400,-0.674961,0.379128,0.484145,0.631568,-0.192633,0.712278,0.238514,-0.976396,-0.149002,0.084057,0.607311,-0.725787,0.259431,0.193777,-0.601033,-0.146499,0.863746,0.216257,0.404844,0.442261,0.768623
2026-03-27T18:20:28.934230+00:00,12.719880,1774635628934229900,-0.677019,0.378307,0.483159,0.631551,-0.194229,0.711813,0.238763,-0.977702,-0.148270,0.084107,0.614026,-0.718816,0.260918,0.195391,-0.599805,-0.145444,0.863851,0.216127,0.405424,0.449208,0.768874
2026-03-27T18:20:28.951212+00:00,12.736862,1774635628951212300,-0.679079,0.377486,0.482392,0.631442,-0.195878,0.711272,0.239720,-0.979882,-0.146939,0.083652,0.631051,-0.705168,0.261180,0.192283,-0.598472,-0.144754,0.864023,0.217241,0.404380,0.453362,0.765584
2026-03-27T18:20:28.968266+00:00,12.753915,1774635628968265700,-0.681108,0.376750,0.481862,0.631624,-0.196746,0.710276,0.239391,-0.982912,-0.144383,0.083139,0.662184,-0.678283,0.259540,0.184747,-0.597421,-0.144542,0.864163,0.215877,0.404468,0.459736,0.766375
2026-03-27T18:20:28.985284+00:00,12.770934,1774635628985284300,-0.682730,0.375970,0.481581,0.630799,-0.197753,0.710565,0.240029,-0.983779,-0.143868,0.083208,0.669880,-0.670671,0.260519,0.183907,-0.596584,-0.144821,0.864339,0.215681,0.399559,0.459635,0.759541
2026-03-27T18:20:29.002337+00:00,12.787987,1774635629002337100,-0.684371,0.374980,0.481447,0.629633,-0.198696,0.710963,0.241288,-0.985905,-0.143377,0.083495,0.677556,-0.659485,0.266805,0.185468,-0.596013,-0.145549,0.864500,0.212360,0.398509,0.462360,0.762775
2026-03-27T18:20:29.019300+00:00,12.804949,1774635629019299700,-0.685632,0.373843,0.481347,0.628778,-0.200299,0.710824,0.242999,-0.988281,-0.143125,0.083806,0.675108,-0.659163,0.275541,0.184565,-0.595562,-0.146658,0.864624,0.209484,0.397912,0.463069,0.764883
2026-03-27T18:20:29.036146+00:00,12.821795,1774635629036145800,-0.687041,0.372463,0.481347,0.627558,-0.202384,0.710012,0.246097,-0.990051,-0.142638,0.083740,0.672872,-0.659691,0.284997,0.175874,-0.595202,-0.147842,0.864647,0.206499,0.397910,0.463712,0.766529
2026-03-27T18:20:29.053029+00:00,12.838679,1774635629053029100,-0.689029,0.371067,0.481469,0.625882,-0.203366,0.710493,0.248764,-0.992348,-0.140617,0.081999,0.685204,-0.649235,0.295603,0.147099,-0.595052,-0.150572,0.864569,0.202787,0.396061,0.460867,0.764305
2026-03-27T18:20:29.072372+00:00,12.858022,1774635629072372600,-0.689029,0.371067,0.481469,0.625882,-0.203366,0.710493,0.248764,-0.992348,-0.140617,0.081999,0.685204,-0.649235,0.295603,0.147099,-0.595052,-0.150572,0.864569,0.202787,0.396061,0.460867,0.764305
2026-03-27T18:20:29.089257+00:00,12.874907,1774635629089257400,-0.689930,0.370820,0.481574,0.625532,-0.203176,0.711003,0.248672,-0.994600,-0.140290,0.081756,0.704926,-0.639240,0.282689,0.120488,-0.596366,-0.153412,0.864649,0.194639,0.396305,0.461124,0.771771
2026-03-27T18:20:29.106234+00:00,12.891883,1774635629106233600,-0.690325,0.370577,0.481649,0.625645,-0.203654,0.710730,0.249180,-0.995159,-0.140281,0.082438,0.709807,-0.637187,0.279074,0.113063,-0.597282,-0.154675,0.864624,0.191958,0.395705,0.460174,0.772948
2026-03-27T18:20:29.123257+00:00,12.908907,1774635629123257000,-0.690762,0.370337,0.481802,0.625268,-0.204675,0.710462,0.250319,-0.995489,-0.140912,0.083758,0.707478,-0.639060,0.280185,0.112179,-0.597840,-0.155008,0.864618,0.192209,0.393585,0.457671,0.769156
2026-03-27T18:20:29.140533+00:00,12.926183,1774635629140533300,-0.691213,0.370512,0.482084,0.625213,-0.204038,0.710916,0.249806,-0.995368,-0.141063,0.085234,0.707872,-0.637100,0.284235,0.111567,-0.598771,-0.155741,0.864526,0.189400,0.396290,0.461683,0.776682
2026-03-27T18:20:29.157081+00:00,12.942731,1774635629157081400,-0.691637,0.370826,0.482500,0.625278,-0.202177,0.711591,0.248680,-0.995238,-0.140956,0.086642,0.713163,-0.630465,0.285712,0.112067,-0.600066,-0.156420,0.864583,0.188977,0.394740,0.461001,0.774996
2026-03-27T18:20:29.173930+00:00,12.959580,1774635629173930300,-0.692068,0.370879,0.482933,0.624938,-0.201732,0.712380,0.248512,-0.994934,-0.140626,0.087971,0.714832,-0.628228,0.285318,0.113764,-0.601548,-0.156679,0.864642,0.188842,0.394230,0.460812,0.775094
2026-03-27T18:20:29.190945+00:00,12.976595,1774635629190945300,-0.692477,0.370749,0.483286,0.624753,-0.202803,0.711877,0.248121,-0.994103,-0.139303,0.088861,0.720687,-0.622795,0.284460,0.108077,-0.603083,-0.156787,0.864633,0.188854,0.395984,0.461698,0.777694
2026-03-27T18:20:29.207840+00:00,12.993490,1774635629207840000,-0.693368,0.370813,0.483965,0.624357,-0.204116,0.712325,0.246353,-0.991896,-0.135116,0.089277,0.726078,-0.620339,0.282733,0.087641,-0.606319,-0.156645,0.864783,0.191329,0.395737,0.457330,0.773616
2026-03-27T18:20:29.224850+00:00,13.010500,1774635629224850200,-0.693848,0.370975,0.484527,0.624638,-0.203633,0.712559,0.245643,-0.989996,-0.131891,0.088901,0.719351,-0.629571,0.284878,0.070941,-0.608022,-0.156554,0.864967,0.192103,0.394579,0.453810,0.768274
2026-03-27T18:20:29.242519+00:00,13.028169,1774635629242519000,-0.694347,0.370822,0.485325,0.623953,-0.204198,0.712838,0.246493,-0.987480,-0.127625,0.088321,0.708520,-0.641594,0.289723,0.050063,-0.609756,-0.156615,0.865225,0.190815,0.399544,0.457544,0.775893
2026-03-27T18:20:29.259125+00:00,13.044774,1774635629259124800,-0.694832,0.370595,0.486315,0.623328,-0.204134,0.713128,0.247601,-0.984962,-0.123210,0.087127,0.695823,-0.653866,0.295699,0.028129,-0.611542,-0.156577,0.865488,0.192408,0.397699,0.454077,0.771767
2026-03-27T18:20:29.276502+00:00,13.062152,1774635629276502000,-0.695339,0.370598,0.487499,0.622786,-0.203370,0.713274,0.247735,-0.983165,-0.119259,0.085645,0.676541,-0.669765,0.305088,0.011275,-0.613608,-0.156854,0.865864,0.194161,0.397546,0.453205,0.770687
2026-03-27T18:20:29.296512+00:00,13.082162,1774635629296512000,-0.695339,0.370598,0.487499,0.622786,-0.203370,0.713274,0.247735,-0.983165,-0.119259,0.085645,0.676541,-0.669765,0.305088,0.011275,-0.613608,-0.156854,0.865864,0.194161,0.397546,0.453205,0.770687
2026-03-27T18:20:29.313733+00:00,13.099382,1774635629313732500,-0.695920,0.370560,0.489377,0.621069,-0.201223,0.716157,0.248051,-0.978431,-0.110866,0.084425,0.661675,-0.677533,0.320838,-0.019584,-0.617222,-0.157790,0.866847,0.193701,0.395655,0.452866,0.772592
2026-03-27T18:20:29.330574+00:00,13.116224,1774635629330573900,-0.696435,0.369426,0.491877,0.619608,-0.203219,0.715758,0.250001,-0.972299,-0.100887,0.082562,0.662383,-0.669739,0.334286,-0.039846,-0.622467,-0.159245,0.868237,0.186479,0.393562,0.456887,0.778736
2026-03-27T18:20:29.347429+00:00,13.133079,1774635629347429100,-0.696476,0.368915,0.493991,0.616418,-0.205386,0.717268,0.251167,-0.969235,-0.096984,0.081662,0.662434,-0.668663,0.335363,-0.048358,-0.625322,-0.160165,0.869040,0.186264,0.390533,0.455450,0.777586
2026-03-27T18:20:29.364460+00:00,13.150109,1774635629364459600,-0.696281,0.368751,0.497177,0.609834,-0.205547,0.722555,0.252017,-0.966055,-0.093868,0.080773,0.659663,-0.670795,0.333916,-0.057058,-0.628108,-0.161108,0.869805,0.187799,0.388954,0.454758,0.776603
2026-03-27T18:20:29.381646+00:00,13.167296,1774635629381646200,-0.695928,0.368821,0.501113,0.600595,-0.204670,0.730701,0.251971,-0.962874,-0.091737,0.080024,0.651120,-0.679455,0.332657,-0.063519,-0.631300,-0.162335,0.870692,0.188792,0.387451,0.456577,0.776748
2026-03-27T18:20:29.399141+00:00,13.184791,1774635629399140900,-0.695499,0.368857,0.505064,0.592349,-0.204201,0.737977,0.251118,-0.959593,-0.090013,0.079563,0.639276,-0.691059,0.330987,-0.070066,-0.634943,-0.164042,0.871772,0.187459,0.383847,0.460687,0.778215
2026-03-27T18:20:29.416249+00:00,13.201899,1774635629416249200,-0.695082,0.368623,0.508769,0.584886,-0.205603,0.743381,0.250427,-0.955769,-0.088766,0.079381,0.626984,-0.701093,0.330824,-0.077354,-0.639170,-0.166242,0.873164,0.182159,0.375957,0.470214,0.778836
2026-03-27T18:20:29.433199+00:00,13.218848,1774635629433198800,-0.694745,0.367982,0.512340,0.578090,-0.208534,0.747640,0.250715,-0.953534,-0.088325,0.079353,0.619697,-0.706793,0.331582,-0.081622,-0.643853,-0.168371,0.874971,0.170521,0.361304,0.482679,0.769814
2026-03-27T18:20:29.450316+00:00,13.235966,1774635629450315900,-0.694650,0.367134,0.515970,0.571518,-0.211114,0.751855,0.251071,-0.948926,-0.087781,0.079277,0.607514,-0.715291,0.332595,-0.088631,-0.648652,-0.170316,0.877135,0.149417,0.350880,0.502709,0.769706
2026-03-27T18:20:29.467214+00:00,13.252864,1774635629467214200,-0.694165,0.366729,0.519458,0.564569,-0.212724,0.756630,0.250394,-0.943996,-0.087205,0.079709,0.598126,-0.722476,0.333901,-0.095521,-0.652965,-0.172242,0.879165,0.137403,0.345403,0.509968,0.771082
2026-03-27T18:20:29.484428+00:00,13.270077,1774635629484427700,-0.693746,0.366522,0.522668,0.559105,-0.213580,0.760885,0.250702,-0.938317,-0.086782,0.080467,0.590662,-0.726834,0.335243,-0.103184,-0.657131,-0.174295,0.881109,0.135259,0.345666,0.503871,0.770382
2026-03-27T18:20:29.504490+00:00,13.290140,1774635629504490200,-0.693432,0.366468,0.525573,0.555618,-0.212636,0.763617,0.250588,-0.932587,-0.086584,0.081563,0.581864,-0.732056,0.337065,-0.106477,-0.661019,-0.176068,0.882738,0.139279,0.356344,0.497938,0.782695
2026-03-27T18:20:29.521400+00:00,13.307049,1774635629521399800,-0.693273,0.366292,0.530294,0.555109,-0.209543,0.764077,0.251206,-0.921619,-0.086084,0.084203,0.568341,-0.740948,0.340697,-0.107941,-0.668183,-0.178104,0.885663,0.152968,0.367146,0.479860,0.778639
2026-03-27T18:20:29.538378+00:00,13.324028,1774635629538378100,-0.693201,0.366107,0.531286,0.555102,-0.209510,0.764538,0.252081,-0.915379,-0.085864,0.085519,0.564054,-0.743293,0.344022,-0.110066,-0.671918,-0.178643,0.887041,0.156298,0.369448,0.481668,0.771459
2026-03-27T18:20:29.555396+00:00,13.341046,1774635629555396100,-0.692992,0.365659,0.533330,0.554169,-0.210792,0.764440,0.253719,-0.908957,-0.085691,0.086783,0.563737,-0.742599,0.344070,-0.114419,-0.676093,-0.179717,0.888477,0.157147,0.373120,0.490776,0.772391
2026-03-27T18:20:29.572390+00:00,13.358040,1774635629572390300,-0.692689,0.365179,0.535535,0.551617,-0.211735,0.765431,0.255221,-0.902520,-0.085835,0.088006,0.563128,-0.741727,0.344415,-0.119707,-0.680726,-0.181664,0.890084,0.159315,0.368264,0.493096,0.766979
2026-03-27T18:20:29.589639+00:00,13.375288,1774635629589638600,-0.692356,0.364796,0.537716,0.549192,-0.211307,0.766739,0.257493,-0.896400,-0.086545,0.089150,0.559214,-0.744456,0.342889,-0.121698,-0.683485,-0.183032,0.891013,0.158926,0.367047,0.497173,0.769762
2026-03-27T18:20:29.606573+00:00,13.392223,1774635629606573300,-0.692138,0.364888,0.539513,0.549327,-0.209086,0.766010,0.258456,-0.890595,-0.087577,0.090085,0.552905,-0.751794,0.338583,-0.122278,-0.692008,-0.187566,0.894262,0.155141,0.354886,0.499128,0.769283
2026-03-27T18:20:29.623618+00:00,13.409268,1774635629623618300,-0.691922,0.365341,0.540888,0.551059,-0.207461,0.766026,0.257319,-0.884387,-0.088876,0.090910,0.547247,-0.758076,0.333176,-0.124292,-0.694471,-0.189072,0.895346,0.150710,0.355032,0.504246,0.775400
2026-03-27T18:20:29.640711+00:00,13.426361,1774635629640711100,-0.691623,0.365880,0.542531,0.554488,-0.206227,0.764432,0.255791,-0.878381,-0.089668,0.091556,0.541868,-0.763103,0.330202,-0.128285,-0.701224,-0.193160,0.898412,0.134972,0.355826,0.505047,0.787092
2026-03-27T18:20:29.657764+00:00,13.443414,1774635629657764400,-0.691623,0.365924,0.543157,0.555122,-0.206170,0.764153,0.255705,-0.871419,-0.090406,0.092427,0.537420,-0.764726,0.329948,-0.134457,-0.703217,-0.194399,0.899318,0.134112,0.349905,0.489148,0.772858
2026-03-27T18:20:29.674778+00:00,13.460427,1774635629674777800,-0.691097,0.365794,0.545805,0.556087,-0.205024,0.763044,0.257243,-0.857316,-0.092237,0.093935,0.528424,-0.768472,0.330908,-0.145670,-0.710079,-0.198318,0.902204,0.132296,0.366566,0.478155,0.804457
2026-03-27T18:20:29.691902+00:00,13.477552,1774635629691902200,-0.690930,0.365618,0.546888,0.557582,-0.204315,0.761918,0.258112,-0.850785,-0.093357,0.094505,0.523962,-0.770195,0.330604,-0.150217,-0.713106,-0.199559,0.903206,0.133159,0.365382,0.469385,0.792981
2026-03-27T18:20:29.708902+00:00,13.494552,1774635629708902000,-0.690904,0.365533,0.547883,0.559358,-0.204577,0.760389,0.258460,-0.847479,-0.094193,0.094561,0.521629,-0.771153,0.330634,-0.152468,-0.716298,-0.200956,0.904412,0.137374,0.362380,0.465293,0.782065
2026-03-27T18:20:29.727718+00:00,13.513368,1774635629727718300,-0.690904,0.365533,0.547883,0.559358,-0.204577,0.760389,0.258460,-0.847479,-0.094193,0.094561,0.521629,-0.771153,0.330634,-0.152468,-0.716298,-0.200956,0.904412,0.137374,0.362380,0.465293,0.782065
2026-03-27T18:20:29.744751+00:00,13.530401,1774635629744751300,-0.690864,0.365507,0.548832,0.560688,-0.204451,0.759356,0.258921,-0.834811,-0.096365,0.095264,0.521827,-0.772232,0.326666,-0.160974,-0.721032,-0.203796,0.906095,0.140558,0.369177,0.483458,0.793251
2026-03-27T18:20:29.761667+00:00,13.547317,1774635629761667100,-0.690532,0.365849,0.550447,0.564538,-0.201851,0.756598,0.258939,-0.827941,-0.097320,0.095644,0.526721,-0.767549,0.324611,-0.167241,-0.725950,-0.207632,0.907794,0.143510,0.360385,0.487272,0.781093
2026-03-27T18:20:29.778815+00:00,13.564464,1774635629778814400,-0.690307,0.366307,0.551290,0.566913,-0.200838,0.756233,0.258688,-0.815858,-0.099691,0.095811,0.532931,-0.759028,0.327498,-0.177987,-0.730754,-0.212280,0.909076,0.139097,0.353450,0.485654,0.783346
2026-03-27T18:20:29.795857+00:00,13.581507,1774635629795857200,-0.690196,0.366842,0.551773,0.568902,-0.199739,0.754773,0.256849,-0.810207,-0.101201,0.095455,0.535309,-0.757674,0.326976,-0.181868,-0.736517,-0.217648,0.910976,0.135437,0.344332,0.485453,0.786438
2026-03-27T18:20:29.812916+00:00,13.598566,1774635629812916000,-0.690023,0.367395,0.552091,0.570470,-0.199560,0.754257,0.254966,-0.805014,-0.103202,0.094811,0.537156,-0.756600,0.324363,-0.182751,-0.738369,-0.219364,0.911653,0.133826,0.340577,0.486945,0.785706
2026-03-27T18:20:29.829931+00:00,13.615581,1774635629829931300,-0.689709,0.367736,0.552225,0.572626,-0.198974,0.754003,0.253009,-0.800200,-0.105254,0.093988,0.537994,-0.756611,0.321201,-0.185105,-0.741889,-0.222722,0.912825,0.129305,0.339454,0.499349,0.794523
2026-03-27T18:20:29.846980+00:00,13.632629,1774635629846979500,-0.689380,0.367905,0.552192,0.574855,-0.199665,0.753014,0.251524,-0.795582,-0.107528,0.092956,0.537080,-0.758728,0.317219,-0.189306,-0.744677,-0.226071,0.913896,0.127747,0.331142,0.500657,0.783381
2026-03-27T18:20:29.863851+00:00,13.649501,1774635629863851300,-0.689073,0.367881,0.552110,0.577126,-0.201211,0.750519,0.251375,-0.791331,-0.109984,0.091890,0.535685,-0.760871,0.311413,-0.194169,-0.747015,-0.229285,0.914375,0.121169,0.330166,0.506566,0.789911
2026-03-27T18:20:29.880787+00:00,13.666436,1774635629880786700,-0.688730,0.367903,0.552144,0.578584,-0.202454,0.748729,0.252121,-0.786982,-0.112970,0.090795,0.531636,-0.764781,0.305238,-0.200554,-0.748840,-0.232253,0.914656,0.113566,0.330750,0.504698,0.798644
2026-03-27T18:20:29.897959+00:00,13.683608,1774635629897958800,-0.688473,0.368390,0.552308,0.580314,-0.201442,0.748070,0.250696,-0.783324,-0.116059,0.089519,0.527025,-0.769241,0.297207,-0.203973,-0.750810,-0.235390,0.914567,0.110302,0.329865,0.491224,0.801721
2026-03-27T18:20:29.914939+00:00,13.700589,1774635629914939300,-0.688222,0.368990,0.552491,0.581804,-0.200449,0.747729,0.248186,-0.780015,-0.118934,0.088199,0.522172,-0.776005,0.288551,-0.206243,-0.752226,-0.237943,0.914013,0.111221,0.328385,0.479478,0.803481
2026-03-27T18:20:29.936816+00:00,13.722465,1774635629936815800,-0.688052,0.369325,0.552588,0.583249,-0.200725,0.747313,0.246992,-0.778288,-0.120243,0.087644,0.520616,-0.778176,0.283078,-0.207166,-0.753781,-0.240002,0.912896,0.108616,0.324115,0.474723,0.805967
2026-03-27T18:20:29.953093+00:00,13.738742,1774635629953092600,-0.688026,0.369802,0.552583,0.585871,-0.203703,0.745676,0.243896,-0.770975,-0.124231,0.085731,0.516721,-0.783151,0.271406,-0.214055,-0.758577,-0.243416,0.908881,0.095668,0.304647,0.467351,0.835290
2026-03-27T18:20:29.970085+00:00,13.755734,1774635629970084600,-0.688080,0.370054,0.552554,0.587894,-0.204066,0.744108,0.242869,-0.766975,-0.125918,0.084967,0.515682,-0.783886,0.268960,-0.218616,-0.760651,-0.243900,0.906358,0.097190,0.287384,0.458031,0.828899
2026-03-27T18:20:29.987212+00:00,13.772861,1774635629987211800,-0.688200,0.370217,0.552599,0.589792,-0.204817,0.742498,0.241916,-0.763222,-0.127239,0.084503,0.515808,-0.784423,0.266249,-0.221365,-0.762584,-0.243225,0.902977,0.106973,0.272922,0.463197,0.829834
2026-03-27T18:20:30.003851+00:00,13.789501,1774635630003851100,-0.688343,0.370166,0.552591,0.591956,-0.204825,0.740554,0.242214,-0.759372,-0.128516,0.084248,0.516711,-0.783398,0.262894,-0.224300,-0.763076,-0.241086,0.899220,0.115114,0.267237,0.484917,0.831996
2026-03-27T18:20:30.020884+00:00,13.806533,1774635630020883700,-0.688438,0.370033,0.552512,0.593081,-0.204892,0.739860,0.242573,-0.755428,-0.129782,0.084378,0.516962,-0.783585,0.261659,-0.227535,-0.763519,-0.238330,0.895686,0.129932,0.257808,0.508485,0.826694
2026-03-27T18:20:30.038002+00:00,13.823651,1774635630038001700,-0.688675,0.369081,0.552276,0.597022,-0.205968,0.735954,0.244907,-0.751922,-0.130963,0.084587,0.517365,-0.783207,0.259513,-0.228774,-0.763406,-0.235033,0.893094,0.143742,0.245557,0.533172,0.800122
2026-03-27T18:20:30.055199+00:00,13.840848,1774635630055198700,-0.688718,0.368651,0.552248,0.598046,-0.207459,0.734034,0.246126,-0.748283,-0.132116,0.085157,0.518162,-0.782383,0.257324,-0.229993,-0.763524,-0.233987,0.892278,0.150320,0.238643,0.542304,0.787870
2026-03-27T18:20:30.071922+00:00,13.857572,1774635630071922100,-0.688824,0.367345,0.552427,0.600523,-0.210897,0.730544,0.248564,-0.741883,-0.134339,0.086577,0.517031,-0.784367,0.253681,-0.231460,-0.764961,-0.233314,0.890764,0.167740,0.226096,0.556110,0.779419
2026-03-27T18:20:30.088912+00:00,13.874562,1774635630088911900,-0.688824,0.367345,0.552427,0.600523,-0.210897,0.730544,0.248564,-0.741883,-0.134339,0.086577,0.517031,-0.784367,0.253681,-0.231460,-0.764961,-0.233314,0.890764,0.167740,0.226096,0.556110,0.779419
2026-03-27T18:20:30.105938+00:00,13.891588,1774635630105938100,-0.688763,0.366319,0.552986,0.602854,-0.213401,0.727502,0.249848,-0.737855,-0.136110,0.087745,0.517121,-0.785045,0.251041,-0.232175,-0.762740,-0.232505,0.892961,0.171722,0.250144,0.539726,0.782621
2026-03-27T18:20:30.122971+00:00,13.908621,1774635630122971300,-0.688597,0.365985,0.553491,0.603698,-0.213681,0.725964,0.250326,-0.734113,-0.138445,0.089386,0.516111,-0.786767,0.246892,-0.233066,-0.761221,-0.232196,0.896006,0.159264,0.264168,0.541727,0.790371
2026-03-27T18:20:30.140021+00:00,13.925670,1774635630140020700,-0.688335,0.365673,0.554050,0.603949,-0.214019,0.725518,0.251382,-0.733086,-0.139394,0.089865,0.514518,-0.787890,0.246372,-0.233331,-0.761098,-0.234401,0.898626,0.143060,0.265752,0.528330,0.787409
2026-03-27T18:20:30.160053+00:00,13.945703,1774635630160053100,-0.688335,0.365673,0.554050,0.603949,-0.214019,0.725518,0.251382,-0.733086,-0.139394,0.089865,0.514518,-0.787890,0.246372,-0.233331,-0.761098,-0.234401,0.898626,0.143060,0.265752,0.528330,0.787409
2026-03-27T18:20:30.176637+00:00,13.962287,1774635630176637200,-0.687659,0.365311,0.555555,0.603961,-0.215974,0.725388,0.249805,-0.728904,-0.145421,0.093451,0.509846,-0.793616,0.239178,-0.231827,-0.758933,-0.238976,0.904752,0.120863,0.287408,0.515573,0.821458
2026-03-27T18:20:30.193755+00:00,13.979404,1774635630193754500,-0.687512,0.365427,0.555877,0.603711,-0.216060,0.726085,0.248397,-0.728528,-0.146652,0.094377,0.510268,-0.793779,0.238070,-0.229942,-0.758814,-0.240282,0.905972,0.120882,0.282303,0.502394,0.810573
2026-03-27T18:20:30.210694+00:00,13.996343,1774635630210693800,-0.687111,0.365531,0.556687,0.601798,-0.216835,0.728339,0.245750,-0.728486,-0.149562,0.096651,0.509036,-0.797519,0.235656,-0.221316,-0.759297,-0.242572,0.907456,0.117588,0.280905,0.497242,0.830705
2026-03-27T18:20:30.227750+00:00,14.013400,1774635630227750300,-0.686709,0.364786,0.557777,0.598960,-0.219054,0.729122,0.246581,-0.729131,-0.152179,0.099017,0.505813,-0.803316,0.234668,-0.208550,-0.759971,-0.244448,0.907966,0.119764,0.275011,0.487250,0.839796
2026-03-27T18:20:30.244776+00:00,14.030426,1774635630244776200,-0.686576,0.363934,0.558091,0.598062,-0.221619,0.729106,0.247996,-0.729466,-0.155672,0.104440,0.511021,-0.805785,0.233002,-0.187428,-0.761307,-0.245913,0.907062,0.126429,0.254790,0.478280,0.834346
2026-03-27T18:20:30.261870+00:00,14.047520,1774635630261870000,-0.686452,0.363376,0.558194,0.598071,-0.223210,0.728350,0.248768,-0.728889,-0.156573,0.107232,0.519121,-0.801776,0.233436,-0.182142,-0.762452,-0.245628,0.906127,0.138412,0.245716,0.476282,0.836922
2026-03-27T18:20:30.278885+00:00,14.064535,1774635630278885000,-0.686455,0.363030,0.558155,0.599728,-0.223197,0.726628,0.249383,-0.728377,-0.157362,0.110237,0.526533,-0.798094,0.234887,-0.177215,-0.763053,-0.245016,0.905588,0.144694,0.242354,0.478883,0.837602
2026-03-27T18:20:30.295989+00:00,14.081638,1774635630295988800,-0.686426,0.363071,0.558042,0.602210,-0.221435,0.725344,0.249607,-0.728102,-0.158157,0.113038,0.530851,-0.795715,0.236898,-0.172962,-0.764321,-0.241545,0.903895,0.158578,0.235415,0.487865,0.819052
2026-03-27T18:20:30.313020+00:00,14.098670,1774635630313019900,-0.686382,0.362932,0.557811,0.604947,-0.220035,0.723696,0.249519,-0.728098,-0.159009,0.115674,0.532055,-0.793845,0.238676,-0.168394,-0.764399,-0.239984,0.903299,0.162556,0.236625,0.497020,0.819446
2026-03-27T18:20:30.330029+00:00,14.115679,1774635630330029600,-0.686414,0.362604,0.557664,0.606535,-0.221040,0.721607,0.250925,-0.728121,-0.159773,0.118064,0.530935,-0.794850,0.240709,-0.165784,-0.764609,-0.237031,0.902601,0.168389,0.237704,0.509841,0.816763
2026-03-27T18:20:30.347273+00:00,14.132922,1774635630347272800,-0.686418,0.362376,0.557621,0.607747,-0.221768,0.720137,0.252080,-0.728200,-0.160346,0.120097,0.528655,-0.796245,0.242543,-0.164458,-0.765104,-0.234413,0.902074,0.173152,0.235829,0.511075,0.808494
2026-03-27T18:20:30.368679+00:00,14.154329,1774635630368678900,-0.686383,0.362467,0.557677,0.608589,-0.221386,0.719578,0.252524,-0.728198,-0.160594,0.121116,0.526576,-0.798454,0.243205,-0.164248,-0.765601,-0.232385,0.901984,0.177570,0.234954,0.511326,0.805275
2026-03-27T18:20:30.384873+00:00,14.170523,1774635630384873400,-0.686010,0.362605,0.557970,0.610442,-0.219483,0.718652,0.251928,-0.728354,-0.161429,0.124540,0.521190,-0.801897,0.242889,-0.165014,-0.765663,-0.229974,0.903713,0.175303,0.242573,0.508968,0.805423
2026-03-27T18:20:30.401852+00:00,14.187502,1774635630401852300,-0.685772,0.362276,0.558184,0.610708,-0.219400,0.717801,0.253823,-0.728627,-0.161680,0.125949,0.519333,-0.802235,0.242188,-0.166120,-0.765050,-0.228838,0.905175,0.172614,0.250122,0.506089,0.807836
2026-03-27T18:20:30.418967+00:00,14.204617,1774635630418967200,-0.685517,0.362147,0.558447,0.610962,-0.219221,0.716779,0.254357,-0.728925,-0.161834,0.127126,0.516399,-0.804569,0.242507,-0.167627,-0.763838,-0.226858,0.906481,0.173020,0.260404,0.500988,0.800631
2026-03-27T18:20:30.435930+00:00,14.221580,1774635630435929900,-0.685151,0.362198,0.558816,0.610589,-0.218516,0.717309,0.254630,-0.729215,-0.162002,0.128147,0.513212,-0.806528,0.242823,-0.168653,-0.762879,-0.224603,0.908133,0.177444,0.272126,0.500647,0.806148
2026-03-27T18:20:30.453008+00:00,14.238657,1774635630453007600,-0.684976,0.362278,0.559011,0.610560,-0.218516,0.717283,0.254810,-0.729588,-0.162189,0.129136,0.510055,-0.807795,0.243026,-0.170235,-0.762329,-0.223146,0.908893,0.181031,0.276982,0.499689,0.803757
2026-03-27T18:20:30.469988+00:00,14.255637,1774635630469987700,-0.684565,0.362674,0.559558,0.610358,-0.216549,0.717987,0.255138,-0.730124,-0.162292,0.130109,0.507073,-0.809181,0.243891,-0.170575,-0.760399,-0.219126,0.910874,0.196873,0.281614,0.490293,0.794712
2026-03-27T18:20:30.487186+00:00,14.272835,1774635630487185800,-0.684478,0.362918,0.559719,0.610827,-0.215721,0.717789,0.254565,-0.730606,-0.162159,0.130999,0.504859,-0.809213,0.245775,-0.170483,-0.759883,-0.217696,0.911259,0.198886,0.289267,0.496959,0.796873
2026-03-27T18:20:30.504225+00:00,14.289875,1774635630504225300,-0.684204,0.363406,0.559949,0.610960,-0.213691,0.718496,0.253667,-0.730933,-0.162006,0.131892,0.504783,-0.808191,0.247731,-0.170013,-0.759137,-0.214571,0.912817,0.205591,0.290412,0.497800,0.792973
2026-03-27T18:20:30.521289+00:00,14.306938,1774635630521288700,-0.684067,0.364090,0.560177,0.611913,-0.210151,0.719430,0.252237,-0.731345,-0.161929,0.132805,0.506565,-0.808305,0.248333,-0.170136,-0.758952,-0.213850,0.913355,0.205991,0.290104,0.497944,0.791088
2026-03-27T18:20:30.538356+00:00,14.324005,1774635630538355800,-0.683487,0.365357,0.560302,0.613948,-0.204096,0.720506,0.250090,-0.732541,-0.162128,0.134806,0.509850,-0.806569,0.244423,-0.168735,-0.758928,-0.213134,0.916698,0.199183,0.289006,0.491789,0.799889
2026-03-27T18:20:30.555299+00:00,14.340948,1774635630555298500,-0.683174,0.365640,0.560105,0.614667,-0.202755,0.719951,0.249931,-0.733451,-0.162451,0.135976,0.506493,-0.809405,0.244270,-0.166062,-0.758803,-0.213384,0.918844,0.192345,0.287470,0.484693,0.797391
2026-03-27T18:20:30.572778+00:00,14.358428,1774635630572778500,-0.682830,0.365891,0.559521,0.615959,-0.201678,0.719059,0.249714,-0.734111,-0.162616,0.137111,0.501919,-0.813156,0.244808,-0.162522,-0.758301,-0.213864,0.921400,0.183116,0.290085,0.479987,0.801386
2026-03-27T18:20:30.589477+00:00,14.375126,1774635630589476600,-0.682526,0.366093,0.558468,0.618425,-0.201182,0.717697,0.249423,-0.734320,-0.162595,0.137722,0.500578,-0.814406,0.244925,-0.161346,-0.757688,-0.214294,0.924422,0.174468,0.295917,0.479060,0.813237
2026-03-27T18:20:30.607790+00:00,14.393440,1774635630607790000,-0.682526,0.366093,0.558468,0.618425,-0.201182,0.717697,0.249423,-0.734320,-0.162595,0.137722,0.500578,-0.814406,0.244925,-0.161346,-0.757688,-0.214294,0.924422,0.174468,0.295917,0.479060,0.813237
2026-03-27T18:20:30.624702+00:00,14.410352,1774635630624702400,-0.682094,0.365859,0.554906,0.628514,-0.201513,0.707999,0.250172,-0.735098,-0.161922,0.141638,0.499617,-0.814816,0.251925,-0.155981,-0.755311,-0.213092,0.932856,0.164574,0.304796,0.477709,0.799781
2026-03-27T18:20:30.641757+00:00,14.427407,1774635630641757300,-0.681902,0.365502,0.552403,0.634134,-0.202725,0.702767,0.251228,-0.735072,-0.161740,0.142366,0.500582,-0.812973,0.254301,-0.154434,-0.754624,-0.212860,0.934641,0.164611,0.308506,0.479847,0.798626
2026-03-27T18:20:30.658889+00:00,14.444539,1774635630658889200,-0.681791,0.365379,0.551015,0.637634,-0.203141,0.698847,0.252196,-0.735006,-0.161524,0.143732,0.501763,-0.811323,0.258860,-0.150572,-0.753450,-0.212725,0.938064,0.163308,0.314170,0.482417,0.795006
2026-03-27T18:20:30.675775+00:00,14.461425,1774635630675774900,-0.681237,0.365490,0.546985,0.647021,-0.203251,0.690206,0.253032,-0.734938,-0.161701,0.145197,0.504788,-0.809551,0.263691,-0.146175,-0.751580,-0.213660,0.944161,0.155548,0.321346,0.492966,0.793052
2026-03-27T18:20:30.692833+00:00,14.478483,1774635630692832900,-0.680870,0.365691,0.544472,0.653848,-0.202378,0.684026,0.253097,-0.734818,-0.161944,0.145593,0.506416,-0.807426,0.264288,-0.144722,-0.751580,-0.213660,0.944161,0.155548,0.321346,0.492966,0.793052
2026-03-27T18:20:30.710304+00:00,14.495954,1774635630710304400,-0.680044,0.366299,0.541147,0.662067,-0.200991,0.676656,0.251570,-0.734547,-0.164629,0.146466,0.508233,-0.808229,0.263169,-0.143003,-0.751015,-0.216812,0.947287,0.146870,0.315713,0.499159,0.791203
2026-03-27T18:20:30.727134+00:00,14.512783,1774635630727133600,-0.680044,0.366299,0.541147,0.662067,-0.200991,0.676656,0.251570,-0.734547,-0.164629,0.146466,0.508233,-0.808229,0.263169,-0.143003,-0.751015,-0.216812,0.947287,0.146870,0.315713,0.499159,0.791203
2026-03-27T18:20:30.744267+00:00,14.529917,1774635630744267600,-0.679122,0.366928,0.538384,0.667673,-0.200724,0.671634,0.250736,-0.734735,-0.168736,0.146569,0.503284,-0.813170,0.255184,-0.142838,-0.751864,-0.218905,0.946870,0.141832,0.303506,0.503253,0.790136
2026-03-27T18:20:30.761114+00:00,14.546764,1774635630761113900,-0.678014,0.367330,0.536110,0.673026,-0.199812,0.666678,0.249207,-0.735128,-0.173972,0.146857,0.494843,-0.820546,0.246090,-0.143059,-0.753053,-0.222628,0.945242,0.129198,0.291708,0.510002,0.802386
2026-03-27T18:20:30.778066+00:00,14.563716,1774635630778066300,-0.677536,0.367167,0.534908,0.674727,-0.200791,0.664210,0.250944,-0.735630,-0.178344,0.147464,0.486672,-0.827272,0.240014,-0.142640,-0.752669,-0.224534,0.943130,0.123143,0.289917,0.512352,0.804672
2026-03-27T18:20:30.794883+00:00,14.580533,1774635630794882900,-0.677048,0.367372,0.533817,0.676897,-0.199939,0.662554,0.250809,-0.736333,-0.183058,0.148419,0.477621,-0.835454,0.231901,-0.138772,-0.750543,-0.224534,0.941215,0.113038,0.299332,0.525836,0.799290
2026-03-27T18:20:30.811880+00:00,14.597530,1774635630811880100,-0.676567,0.367711,0.532739,0.678945,-0.198084,0.661627,0.249603,-0.736803,-0.185372,0.149034,0.473244,-0.840461,0.228263,-0.135416,-0.747424,-0.223010,0.939075,0.107750,0.307177,0.536394,0.783157
2026-03-27T18:20:30.832981+00:00,14.618630,1774635630832980800,-0.676198,0.367699,0.531689,0.680595,-0.198287,0.659475,0.249932,-0.737567,-0.190171,0.150799,0.466143,-0.847277,0.220253,-0.127639,-0.745391,-0.221781,0.937731,0.107315,0.313008,0.546838,0.791365
2026-03-27T18:20:30.849493+00:00,14.635142,1774635630849492400,-0.675668,0.367191,0.529614,0.682793,-0.201824,0.656154,0.250467,-0.739151,-0.198942,0.155502,0.462312,-0.855179,0.207543,-0.105031,-0.741917,-0.219293,0.935133,0.124455,0.301391,0.523568,0.792189
2026-03-27T18:20:30.866473+00:00,14.652122,1774635630866472800,-0.675498,0.367123,0.528750,0.683585,-0.203048,0.655131,0.250197,-0.739904,-0.202675,0.157807,0.461766,-0.858088,0.201919,-0.095751,-0.738680,-0.217421,0.933631,0.141484,0.295317,0.509783,0.782926
2026-03-27T18:20:30.883616+00:00,14.669266,1774635630883615900,-0.675368,0.367333,0.528086,0.684376,-0.203356,0.654778,0.248780,-0.739761,-0.206064,0.160176,0.462510,-0.859794,0.195771,-0.093572,-0.734633,-0.214929,0.931785,0.150539,0.302506,0.515960,0.787051
2026-03-27T18:20:30.900607+00:00,14.686256,1774635630900606700,-0.675351,0.367418,0.527766,0.685396,-0.202589,0.653648,0.248226,-0.739138,-0.209361,0.162523,0.459211,-0.861664,0.192229,-0.095247,-0.730584,-0.212542,0.930175,0.157665,0.308245,0.516566,0.785017
2026-03-27T18:20:30.917602+00:00,14.703252,1774635630917602000,-0.675090,0.367217,0.527096,0.685323,-0.203315,0.653646,0.249107,-0.738495,-0.212223,0.165195,0.454581,-0.864504,0.189726,-0.097121,-0.726522,-0.210717,0.928614,0.165558,0.309875,0.507950,0.778233
2026-03-27T18:20:30.934636+00:00,14.720285,1774635630934635400,-0.675003,0.367036,0.526938,0.685549,-0.203465,0.652753,0.249237,-0.738179,-0.214764,0.167765,0.448381,-0.868947,0.189238,-0.096491,-0.722645,-0.209493,0.927255,0.167645,0.315357,0.505686,0.785585
2026-03-27T18:20:30.951686+00:00,14.737335,1774635630951685700,-0.674804,0.366660,0.526696,0.684570,-0.204709,0.653423,0.251054,-0.737933,-0.217359,0.170632,0.440007,-0.873016,0.191692,-0.093187,-0.718793,-0.208641,0.926024,0.169705,0.316680,0.499324,0.783716
2026-03-27T18:20:30.968703+00:00,14.754352,1774635630968702400,-0.674547,0.366441,0.526626,0.684141,-0.205139,0.653011,0.252307,-0.738193,-0.219557,0.173383,0.438453,-0.872322,0.194244,-0.087528,-0.716689,-0.208267,0.925431,0.169580,0.318485,0.498332,0.785159
2026-03-27T18:20:30.985860+00:00,14.771509,1774635630985859800,-0.674233,0.366406,0.526625,0.683642,-0.204461,0.653504,0.252022,-0.738552,-0.221319,0.175927,0.442679,-0.871250,0.198599,-0.084466,-0.712380,-0.207486,0.924312,0.168478,0.321646,0.497047,0.786920
2026-03-27T18:20:31.002800+00:00,14.788450,1774635631002800200,-0.673530,0.366238,0.526802,0.681931,-0.204791,0.654873,0.252358,-0.739714,-0.224584,0.180036,0.456263,-0.862558,0.201934,-0.079641,-0.703355,-0.205532,0.922614,0.167884,0.323102,0.493447,0.777928
2026-03-27T18:20:31.019636+00:00,14.805286,1774635631019636400,-0.673220,0.366088,0.527046,0.680400,-0.205389,0.657070,0.252324,-0.740610,-0.226488,0.182328,0.457082,-0.862850,0.199723,-0.077565,-0.698644,-0.204348,0.922063,0.163573,0.331022,0.502404,0.788143
2026-03-27T18:20:31.040576+00:00,14.826225,1774635631040575600,-0.673220,0.366088,0.527046,0.680400,-0.205389,0.657070,0.252324,-0.740610,-0.226488,0.182328,0.457082,-0.862850,0.199723,-0.077565,-0.698644,-0.204348,0.922063,0.163573,0.331022,0.502404,0.788143
2026-03-27T18:20:31.057190+00:00,14.842839,1774635631057189700,-0.672575,0.365744,0.527715,0.677152,-0.205200,0.659725,0.253502,-0.742654,-0.230581,0.187578,0.446725,-0.870607,0.193460,-0.070367,-0.689220,-0.202101,0.921282,0.162772,0.338506,0.500369,0.777796
2026-03-27T18:20:31.074260+00:00,14.859909,1774635631074259800,-0.672152,0.365419,0.528043,0.675359,-0.204707,0.661417,0.254916,-0.743453,-0.231839,0.190111,0.442794,-0.873214,0.193637,-0.068456,-0.684438,-0.201388,0.920950,0.163468,0.341618,0.494099,0.772913
2026-03-27T18:20:31.091086+00:00,14.876736,1774635631091085900,-0.671928,0.365275,0.528198,0.674700,-0.204772,0.661299,0.255648,-0.743852,-0.232305,0.191551,0.441538,-0.872702,0.193937,-0.067483,-0.680052,-0.201118,0.920692,0.161222,0.350266,0.495414,0.782755
2026-03-27T18:20:31.107992+00:00,14.893641,1774635631107991700,-0.671251,0.365026,0.528493,0.673062,-0.205105,0.662918,0.256401,-0.744859,-0.232982,0.195535,0.443000,-0.871698,0.196487,-0.064497,-0.676020,-0.201152,0.920677,0.160535,0.350254,0.484921,0.778983
2026-03-27T18:20:31.124936+00:00,14.910586,1774635631124936400,-0.670660,0.365042,0.528705,0.672579,-0.203711,0.663632,0.255913,-0.745148,-0.233025,0.197005,0.443904,-0.870793,0.197454,-0.063573,-0.672036,-0.201247,0.920694,0.157207,0.353256,0.480335,0.780884
2026-03-27T18:20:31.142000+00:00,14.927650,1774635631142000500,-0.669451,0.365076,0.529129,0.670384,-0.203254,0.666022,0.256777,-0.745551,-0.232156,0.202140,0.455727,-0.863510,0.204685,-0.061992,-0.664145,-0.201010,0.920800,0.147212,0.364811,0.479270,0.789954
2026-03-27T18:20:31.159070+00:00,14.944719,1774635631159069500,-0.669108,0.364989,0.529238,0.669801,-0.202862,0.666826,0.256368,-0.746079,-0.231940,0.204354,0.459565,-0.861635,0.208378,-0.056949,-0.659997,-0.200646,0.920798,0.145217,0.368514,0.475736,0.783180
2026-03-27T18:20:31.175860+00:00,14.961510,1774635631175860400,-0.668505,0.364694,0.529464,0.668047,-0.204080,0.667832,0.257780,-0.746729,-0.231997,0.206798,0.462979,-0.858909,0.212017,-0.050209,-0.656140,-0.200232,0.920710,0.145554,0.375663,0.476910,0.785896
2026-03-27T18:20:31.192791+00:00,14.978441,1774635631192791000,-0.667793,0.364482,0.529805,0.667287,-0.204356,0.667872,0.258536,-0.747093,-0.231892,0.208672,0.466175,-0.857142,0.216591,-0.043063,-0.652540,-0.199828,0.920647,0.148764,0.377456,0.472209,0.777635
2026-03-27T18:20:31.209800+00:00,14.995449,1774635631209799800,-0.667106,0.364464,0.530168,0.666276,-0.203865,0.669087,0.258947,-0.747352,-0.231441,0.209859,0.472632,-0.853268,0.217052,-0.039692,-0.649346,-0.199616,0.920683,0.151086,0.381967,0.472556,0.778664
2026-03-27T18:20:31.226729+00:00,15.012378,1774635631226728800,-0.666354,0.364609,0.530600,0.665953,-0.202137,0.669381,0.259134,-0.747675,-0.230429,0.210369,0.477068,-0.851748,0.214111,-0.038319,-0.647864,-0.199534,0.920734,0.151315,0.382531,0.471338,0.775991
2026-03-27T18:20:31.243805+00:00,15.029455,1774635631243805500,-0.665647,0.364846,0.531093,0.665182,-0.201190,0.670588,0.259065,-0.747957,-0.228849,0.210224,0.472021,-0.854114,0.214040,-0.041102,-0.644921,-0.199386,0.920895,0.148500,0.387932,0.474449,0.780174
2026-03-27T18:20:31.264833+00:00,15.050482,1774635631264832700,-0.665647,0.364846,0.531093,0.665182,-0.201190,0.670588,0.259065,-0.747957,-0.228849,0.210224,0.472021,-0.854114,0.214040,-0.041102,-0.644921,-0.199386,0.920895,0.148500,0.387932,0.474449,0.780174
2026-03-27T18:20:31.281156+00:00,15.066805,1774635631281155700,-0.663803,0.365477,0.533056,0.661538,-0.198626,0.675205,0.259732,-0.746844,-0.222706,0.211271,0.416639,-0.877507,0.229463,-0.057727,-0.637996,-0.198183,0.921812,0.140203,0.395571,0.477399,0.784722
2026-03-27T18:20:31.298137+00:00,15.083787,1774635631298137100,-0.663364,0.365632,0.533842,0.660125,-0.197414,0.676842,0.259704,-0.746395,-0.221026,0.211929,0.412777,-0.879588,0.230378,-0.059377,-0.635890,-0.196998,0.922032,0.144456,0.388550,0.467947,0.769155
2026-03-27T18:20:31.315313+00:00,15.100963,1774635631315313300,-0.662909,0.365640,0.534641,0.658645,-0.195912,0.677865,0.259896,-0.745473,-0.217108,0.213312,0.411368,-0.878654,0.230787,-0.064039,-0.633796,-0.195516,0.922151,0.146393,0.392715,0.471836,0.771630
2026-03-27T18:20:31.332273+00:00,15.117923,1774635631332273500,-0.662592,0.365587,0.535405,0.656743,-0.195551,0.680041,0.260869,-0.744315,-0.212778,0.214951,0.407008,-0.878904,0.235668,-0.069415,-0.631636,-0.193981,0.922371,0.149286,0.396289,0.475622,0.769917
2026-03-27T18:20:31.349245+00:00,15.134895,1774635631349245200,-0.662219,0.365512,0.536112,0.655013,-0.194679,0.681616,0.261402,-0.743920,-0.208218,0.217439,0.395010,-0.881346,0.248136,-0.068882,-0.629657,-0.192510,0.922612,0.151717,0.396245,0.474956,0.761479
2026-03-27T18:20:31.366441+00:00,15.152091,1774635631366441300,-0.661888,0.365355,0.536804,0.653260,-0.194616,0.683461,0.262663,-0.743525,-0.203993,0.220583,0.383781,-0.887286,0.252615,-0.063445,-0.627495,-0.191086,0.922885,0.150777,0.402837,0.481317,0.765448
2026-03-27T18:20:31.383313+00:00,15.168963,1774635631383313400,-0.661627,0.365142,0.537493,0.651773,-0.193750,0.684225,0.263452,-0.743391,-0.199909,0.224391,0.370720,-0.892007,0.252392,-0.055460,-0.625380,-0.189741,0.923113,0.148503,0.409067,0.485129,0.770351
2026-03-27T18:20:31.400456+00:00,15.186106,1774635631400456100,-0.661556,0.365033,0.537835,0.650620,-0.193443,0.685164,0.264124,-0.742787,-0.195869,0.228388,0.354779,-0.898110,0.250858,-0.050879,-0.623532,-0.188579,0.923456,0.149691,0.406143,0.475364,0.758937
2026-03-27T18:20:31.417820+00:00,15.203470,1774635631417820400,-0.661434,0.364839,0.538700,0.648034,-0.192200,0.687556,0.265683,-0.742011,-0.190875,0.232913,0.338740,-0.904831,0.247050,-0.051428,-0.621739,-0.187499,0.923721,0.147127,0.415354,0.476821,0.769927
2026-03-27T18:20:31.434602+00:00,15.220251,1774635631434601400,-0.661433,0.364734,0.539263,0.645606,-0.191115,0.689150,0.267347,-0.739345,-0.180202,0.244209,0.304388,-0.921729,0.239240,-0.064763,-0.618961,-0.185446,0.923772,0.148474,0.417127,0.465164,0.761954
2026-03-27T18:20:31.451701+00:00,15.237350,1774635631451700700,-0.661482,0.364679,0.539281,0.644234,-0.190105,0.690609,0.268076,-0.738399,-0.175123,0.250984,0.286841,-0.925861,0.236399,-0.071972,-0.617155,-0.183773,0.923604,0.148888,0.424776,0.466356,0.768432
2026-03-27T18:20:31.472019+00:00,15.257668,1774635631472018700,-0.661482,0.364679,0.539281,0.644234,-0.190105,0.690609,0.268076,-0.738399,-0.175123,0.250984,0.286841,-0.925861,0.236399,-0.071972,-0.617155,-0.183773,0.923604,0.148888,0.424776,0.466356,0.768432
2026-03-27T18:20:31.487838+00:00,15.273487,1774635631487837800,-0.661309,0.364432,0.539227,0.642670,-0.190203,0.691196,0.269963,-0.736675,-0.167397,0.267751,0.240219,-0.940437,0.233523,-0.081036,-0.613691,-0.180239,0.922983,0.153109,0.426906,0.460737,0.757307
2026-03-27T18:20:31.504772+00:00,15.290421,1774635631504771800,-0.661223,0.364179,0.538836,0.642604,-0.190147,0.691441,0.270236,-0.736352,-0.163974,0.278365,0.215222,-0.944935,0.235595,-0.082552,-0.612197,-0.178683,0.922581,0.154467,0.428164,0.459827,0.754515
2026-03-27T18:20:31.521945+00:00,15.307595,1774635631521945100,-0.661138,0.363972,0.538361,0.642263,-0.190985,0.690976,0.270818,-0.736432,-0.160702,0.290129,0.194273,-0.951289,0.243636,-0.078847,-0.611025,-0.177237,0.922235,0.154946,0.431346,0.462023,0.757455
2026-03-27T18:20:31.538911+00:00,15.324560,1774635631538910700,-0.660994,0.363731,0.537785,0.642337,-0.191491,0.690409,0.271072,-0.737037,-0.157919,0.302037,0.183645,-0.953068,0.249918,-0.071799,-0.610015,-0.175921,0.921976,0.154939,0.432108,0.462650,0.756896
2026-03-27T18:20:31.556032+00:00,15.341682,1774635631556032300,-0.660812,0.363412,0.537111,0.642412,-0.192974,0.690097,0.271301,-0.737180,-0.156118,0.308443,0.196551,-0.945323,0.249065,-0.065644,-0.609192,-0.174945,0.921622,0.154673,0.433080,0.462926,0.756614
2026-03-27T18:20:31.573319+00:00,15.358969,1774635631573319100,-0.660556,0.363066,0.536393,0.642344,-0.194589,0.689441,0.271704,-0.738695,-0.154886,0.322210,0.193593,-0.944312,0.262178,-0.044009,-0.608496,-0.174236,0.921230,0.154445,0.431603,0.461826,0.752991
2026-03-27T18:20:31.590092+00:00,15.375742,1774635631590092100,-0.660080,0.362655,0.534759,0.643408,-0.197527,0.688623,0.271261,-0.740114,-0.152023,0.349222,0.194540,-0.937936,0.280952,-0.023361,-0.607461,-0.173144,0.920328,0.153462,0.435649,0.465652,0.756173
2026-03-27T18:20:31.607007+00:00,15.392656,1774635631607006400,-0.659859,0.362683,0.533942,0.644904,-0.197254,0.686849,0.269971,-0.740737,-0.152125,0.362024,0.194164,-0.934656,0.281152,-0.019068,-0.607086,-0.172751,0.919842,0.156567,0.436083,0.462789,0.753169
2026-03-27T18:20:31.624068+00:00,15.409718,1774635631624068000,-0.659516,0.362654,0.533284,0.645318,-0.196623,0.687133,0.269430,-0.741163,-0.153519,0.374067,0.185036,-0.944805,0.275959,-0.017663,-0.606954,-0.172602,0.919342,0.160018,0.434822,0.458837,0.749325
2026-03-27T18:20:31.641381+00:00,15.427031,1774635631641381100,-0.659516,0.362654,0.533284,0.645318,-0.196623,0.687133,0.269430,-0.741425,-0.155806,0.386391,0.178828,-0.944252,0.260862,-0.014106,-0.607212,-0.172878,0.918848,0.160952,0.434987,0.458988,0.752873
2026-03-27T18:20:31.658191+00:00,15.443841,1774635631658191300,-0.659020,0.362219,0.532759,0.643964,-0.197947,0.687544,0.271267,-0.741998,-0.159136,0.398419,0.162020,-0.955100,0.251144,-0.005263,-0.607706,-0.173217,0.918534,0.158496,0.436145,0.462964,0.761017
2026-03-27T18:20:31.675112+00:00,15.460762,1774635631675112200,-0.658682,0.361998,0.532655,0.642474,-0.198063,0.688779,0.272303,-0.742918,-0.162516,0.409629,0.134302,-0.952131,0.243157,0.011578,-0.607862,-0.173382,0.918385,0.158375,0.433306,0.462392,0.759168
2026-03-27T18:20:31.697030+00:00,15.482680,1774635631697029900,-0.658682,0.361998,0.532655,0.642474,-0.198063,0.688779,0.272303,-0.742918,-0.162516,0.409629,0.134302,-0.952131,0.243157,0.011578,-0.607862,-0.173382,0.918385,0.158375,0.433306,0.462392,0.759168
2026-03-27T18:20:31.713953+00:00,15.499602,1774635631713952400,-0.657756,0.361752,0.532761,0.637608,-0.200117,0.692868,0.271096,-0.746099,-0.169242,0.431935,0.097471,-0.977355,0.254914,0.058846,-0.608364,-0.174515,0.917783,0.151743,0.424593,0.471731,0.762811
2026-03-27T18:20:31.730892+00:00,15.516542,1774635631730891900,-0.657557,0.361751,0.532913,0.636445,-0.200711,0.693713,0.270173,-0.746967,-0.169923,0.432680,0.109396,-0.968849,0.250623,0.067467,-0.608079,-0.174741,0.917864,0.150257,0.418755,0.468809,0.757844
2026-03-27T18:20:31.747864+00:00,15.533513,1774635631747863600,-0.657341,0.361752,0.533170,0.635235,-0.201524,0.695214,0.269470,-0.745527,-0.169360,0.429674,0.134595,-0.953021,0.245245,0.057325,-0.607167,-0.174668,0.917777,0.150099,0.418206,0.466788,0.756194
2026-03-27T18:20:31.764971+00:00,15.550620,1774635631764970400,-0.657246,0.361698,0.533462,0.634741,-0.201627,0.695407,0.268773,-0.744408,-0.168808,0.426676,0.146320,-0.961836,0.249981,0.049226,-0.605991,-0.174429,0.917758,0.150836,0.420903,0.466795,0.759621
2026-03-27T18:20:31.781910+00:00,15.567560,1774635631781910000,-0.657217,0.361489,0.533832,0.633902,-0.202178,0.696036,0.269525,-0.742902,-0.167297,0.419101,0.165994,-0.946167,0.260196,0.031566,-0.604820,-0.174101,0.917888,0.151408,0.424476,0.467051,0.764408
2026-03-27T18:20:31.799082+00:00,15.584731,1774635631799081400,-0.657339,0.361195,0.534273,0.633479,-0.202759,0.696145,0.270115,-0.742665,-0.166037,0.410802,0.176735,-0.940328,0.270052,0.018696,-0.603338,-0.173598,0.918052,0.150996,0.428216,0.468569,0.767981
2026-03-27T18:20:31.816719+00:00,15.602368,1774635631816718700,-0.657478,0.361007,0.534767,0.632800,-0.202891,0.696062,0.271147,-0.743094,-0.165369,0.400518,0.184065,-0.947387,0.280353,0.006351,-0.601589,-0.173093,0.918180,0.152008,0.426822,0.466989,0.762060
2026-03-27T18:20:31.833300+00:00,15.618950,1774635631833300300,-0.657654,0.360965,0.535364,0.632613,-0.202158,0.696039,0.271525,-0.743523,-0.165486,0.389154,0.197134,-0.936326,0.282522,-0.006282,-0.599738,-0.172802,0.918239,0.151025,0.430013,0.470967,0.763889
2026-03-27T18:20:31.850358+00:00,15.636008,1774635631850358000,-0.657806,0.360767,0.536125,0.632237,-0.201256,0.696504,0.272164,-0.744017,-0.166017,0.375627,0.215924,-0.932155,0.283730,-0.020648,-0.597835,-0.172753,0.918222,0.151790,0.427337,0.468156,0.756269
2026-03-27T18:20:31.867413+00:00,15.653062,1774635631867412600,-0.657922,0.360167,0.537604,0.631144,-0.199742,0.697616,0.274007,-0.744002,-0.168552,0.344238,0.270367,-0.917486,0.286871,-0.058539,-0.593952,-0.173538,0.917802,0.152903,0.426955,0.466518,0.751454
2026-03-27T18:20:31.884380+00:00,15.670030,1774635631884380400,-0.657870,0.359545,0.538717,0.629900,-0.198897,0.698407,0.276454,-0.744097,-0.170373,0.329148,0.300891,-0.904238,0.287304,-0.072268,-0.593019,-0.173799,0.917649,0.151742,0.431075,0.470292,0.758110
2026-03-27T18:20:31.904983+00:00,15.690633,1774635631904983100,-0.657870,0.359545,0.538717,0.629900,-0.198897,0.698407,0.276454,-0.744097,-0.170373,0.329148,0.300891,-0.904238,0.287304,-0.072268,-0.593019,-0.173799,0.917649,0.151742,0.431075,0.470292,0.758110
2026-03-27T18:20:31.922019+00:00,15.707669,1774635631922019300,-0.657591,0.357594,0.541358,0.627214,-0.198238,0.698333,0.283441,-0.743922,-0.176271,0.290665,0.395074,-0.869154,0.281688,-0.088316,-0.588874,-0.175352,0.917002,0.153365,0.428373,0.472714,0.756163
2026-03-27T18:20:31.939020+00:00,15.724669,1774635631939019800,-0.657533,0.357296,0.541833,0.627025,-0.197948,0.697902,0.284403,-0.743817,-0.177789,0.283635,0.409762,-0.863455,0.281333,-0.089614,-0.588123,-0.175693,0.916864,0.151871,0.429785,0.476411,0.759773
2026-03-27T18:20:31.956283+00:00,15.741932,1774635631956282500,-0.657441,0.357061,0.542626,0.626805,-0.196939,0.697287,0.285674,-0.742940,-0.181445,0.270374,0.433292,-0.853176,0.277566,-0.093379,-0.586642,-0.176579,0.916588,0.150056,0.427262,0.478966,0.758163
2026-03-27T18:20:31.973132+00:00,15.758782,1774635631973132100,-0.657253,0.356866,0.543942,0.625629,-0.194983,0.698636,0.287314,-0.741583,-0.185615,0.258758,0.452692,-0.844000,0.270715,-0.098565,-0.584410,-0.178152,0.916199,0.148325,0.421564,0.476258,0.749182
2026-03-27T18:20:31.990269+00:00,15.775919,1774635631990269000,-0.657198,0.356608,0.544438,0.625078,-0.194561,0.699294,0.288091,-0.740384,-0.190690,0.247291,0.468333,-0.837373,0.262991,-0.103343,-0.583606,-0.178729,0.916037,0.146642,0.422861,0.477715,0.751953
2026-03-27T18:20:32.007287+00:00,15.792937,1774635632007287200,-0.657016,0.356044,0.545588,0.623924,-0.193182,0.699716,0.289752,-0.738746,-0.198892,0.232142,0.488946,-0.827961,0.252900,-0.107852,-0.580444,-0.180939,0.915343,0.141942,0.429751,0.477698,0.758052
2026-03-27T18:20:32.024347+00:00,15.809996,1774635632024346800,-0.656918,0.355794,0.545773,0.624107,-0.192451,0.699219,0.290599,-0.737528,-0.207461,0.220481,0.499167,-0.826058,0.237505,-0.113584,-0.578977,-0.182203,0.914951,0.141206,0.430052,0.472016,0.756596
2026-03-27T18:20:32.041378+00:00,15.827027,1774635632041377700,-0.656863,0.355649,0.545779,0.623822,-0.192441,0.699292,0.290926,-0.737248,-0.210715,0.217089,0.498555,-0.828062,0.229197,-0.114187,-0.577629,-0.183322,0.914561,0.140168,0.427779,0.463551,0.749145
2026-03-27T18:20:32.058632+00:00,15.844281,1774635632058631600,-0.656888,0.355531,0.545564,0.624200,-0.192290,0.699229,0.290848,-0.737125,-0.216794,0.211523,0.495088,-0.835188,0.206922,-0.116377,-0.576403,-0.184300,0.914099,0.137356,0.432192,0.464792,0.755434
2026-03-27T18:20:32.075421+00:00,15.861071,1774635632075421400,-0.656904,0.355172,0.545182,0.624230,-0.192234,0.698599,0.291675,-0.737500,-0.222668,0.207283,0.483762,-0.846079,0.191631,-0.117437,-0.575337,-0.184932,0.913554,0.134572,0.439467,0.469475,0.764337
2026-03-27T18:20:32.092442+00:00,15.878092,1774635632092441900,-0.656921,0.355023,0.544833,0.624093,-0.192507,0.698084,0.292002,-0.737791,-0.227804,0.204077,0.465953,-0.857292,0.183695,-0.117440,-0.574538,-0.185504,0.913006,0.136042,0.437637,0.467399,0.759178
2026-03-27T18:20:32.109205+00:00,15.894854,1774635632109204400,-0.657035,0.354710,0.544083,0.623106,-0.193839,0.699472,0.292994,-0.737667,-0.231231,0.201943,0.455847,-0.862468,0.180308,-0.123246,-0.574120,-0.185828,0.912572,0.136250,0.435677,0.467213,0.756647
2026-03-27T18:20:32.126158+00:00,15.911808,1774635632126158200,-0.657176,0.354399,0.543305,0.623530,-0.195242,0.698639,0.292635,-0.737105,-0.233174,0.200577,0.455337,-0.861927,0.180506,-0.132869,-0.574007,-0.186228,0.912188,0.135989,0.433470,0.468037,0.755030
2026-03-27T18:20:32.144487+00:00,15.930137,1774635632144487500,-0.657176,0.354399,0.543305,0.623530,-0.195242,0.698639,0.292635,-0.737105,-0.233174,0.200577,0.455337,-0.861927,0.180506,-0.132869,-0.574007,-0.186228,0.912188,0.135989,0.433470,0.468037,0.755030
2026-03-27T18:20:32.160355+00:00,15.946004,1774635632160354800,-0.657391,0.354341,0.541281,0.625416,-0.196476,0.696628,0.291005,-0.737508,-0.236567,0.201756,0.455600,-0.860553,0.182234,-0.135932,-0.574662,-0.187213,0.911597,0.133144,0.430544,0.474177,0.763408
2026-03-27T18:20:32.177398+00:00,15.963048,1774635632177398100,-0.657517,0.354474,0.539980,0.626817,-0.197302,0.695683,0.289886,-0.739505,-0.238258,0.204057,0.450300,-0.865465,0.180391,-0.129370,-0.575251,-0.187612,0.911343,0.133098,0.421768,0.469892,0.754793
2026-03-27T18:20:32.194499+00:00,15.980149,1774635632194499200,-0.657627,0.354928,0.537180,0.627691,-0.197902,0.695585,0.288264,-0.742623,-0.239582,0.209408,0.455459,-0.861622,0.186835,-0.117395,-0.576211,-0.187987,0.910573,0.126619,0.425221,0.481087,0.771586
2026-03-27T18:20:32.211417+00:00,15.997067,1774635632211417000,-0.657618,0.354999,0.536393,0.627686,-0.198307,0.695639,0.287745,-0.743839,-0.239327,0.211873,0.466174,-0.855264,0.191554,-0.116632,-0.576381,-0.187893,0.910401,0.127304,0.420190,0.475962,0.763281
2026-03-27T18:20:32.228252+00:00,16.013902,1774635632228252100,-0.657652,0.355090,0.533533,0.629875,-0.200579,0.693710,0.285868,-0.744540,-0.238693,0.214477,0.474219,-0.849146,0.194508,-0.120773,-0.576599,-0.187527,0.909801,0.127730,0.418653,0.472911,0.759191
2026-03-27T18:20:32.245304+00:00,16.030953,1774635632245303800,-0.657753,0.355134,0.531495,0.631848,-0.202014,0.692606,0.284504,-0.745168,-0.238725,0.217276,0.470801,-0.850668,0.196115,-0.126213,-0.576757,-0.186959,0.909016,0.130577,0.418858,0.470248,0.755865
2026-03-27T18:20:32.262397+00:00,16.048047,1774635632262396900,-0.657875,0.355222,0.529462,0.633840,-0.203010,0.690218,0.283223,-0.745695,-0.238732,0.218832,0.464941,-0.853495,0.196955,-0.129125,-0.577057,-0.186367,0.908115,0.131734,0.425989,0.474393,0.765564
2026-03-27T18:20:32.279423+00:00,16.065073,1774635632279423400,-0.658002,0.355291,0.527575,0.634892,-0.203464,0.689839,0.282561,-0.747017,-0.239593,0.222192,0.450399,-0.860047,0.196977,-0.129717,-0.577724,-0.185862,0.907337,0.134404,0.423742,0.470671,0.762155
2026-03-27T18:20:32.296492+00:00,16.082141,1774635632296491500,-0.658088,0.355409,0.525642,0.636481,-0.204072,0.688319,0.281588,-0.748589,-0.240533,0.225979,0.437083,-0.867686,0.197229,-0.125573,-0.578543,-0.185430,0.906591,0.134741,0.420920,0.469444,0.761980
2026-03-27T18:20:32.313492+00:00,16.099141,1774635632313491600,-0.658113,0.355447,0.523636,0.638317,-0.204723,0.687193,0.280662,-0.750236,-0.241363,0.230105,0.432593,-0.871786,0.197501,-0.120043,-0.579564,-0.185043,0.905907,0.134417,0.417130,0.469292,0.761475
2026-03-27T18:20:32.330787+00:00,16.116436,1774635632330786700,-0.658179,0.355396,0.521578,0.639897,-0.206899,0.684909,0.280421,-0.751640,-0.241936,0.233832,0.437269,-0.869648,0.200100,-0.113649,-0.580620,-0.184677,0.905226,0.133777,0.416460,0.471959,0.764680
2026-03-27T18:20:32.347762+00:00,16.133412,1774635632347762500,-0.658049,0.355490,0.519558,0.641725,-0.207199,0.684121,0.279173,-0.753757,-0.242130,0.239949,0.468681,-0.853445,0.203634,-0.099221,-0.581674,-0.183939,0.904424,0.135100,0.414134,0.473096,0.764149
2026-03-27T18:20:32.368304+00:00,16.153954,1774635632368304000,-0.658022,0.355815,0.517620,0.644072,-0.207851,0.681534,0.277433,-0.753757,-0.242130,0.239949,0.468681,-0.853445,0.203634,-0.099221,-0.582560,-0.182948,0.903452,0.137558,0.412947,0.474919,0.763670
2026-03-27T18:20:32.385232+00:00,16.170881,1774635632385231600,-0.658241,0.356472,0.514240,0.647862,-0.208124,0.679501,0.274603,-0.755631,-0.244759,0.245877,0.473614,-0.853569,0.202238,-0.084239,-0.584252,-0.180986,0.901489,0.144289,0.410611,0.475230,0.758565
2026-03-27T18:20:32.402177+00:00,16.187826,1774635632402176500,-0.658317,0.356691,0.513545,0.648233,-0.208024,0.679034,0.274401,-0.756294,-0.246934,0.249214,0.468492,-0.856631,0.198778,-0.076311,-0.585086,-0.180169,0.900554,0.144733,0.412267,0.478392,0.763142
2026-03-27T18:20:32.418976+00:00,16.204625,1774635632418975800,-0.658392,0.357041,0.512260,0.649176,-0.207031,0.678930,0.273644,-0.754924,-0.245193,0.250303,0.431486,-0.870428,0.215656,-0.094250,-0.585501,-0.179828,0.900060,0.144929,0.411849,0.477884,0.763396
2026-03-27T18:20:32.435919+00:00,16.221569,1774635632435918900,-0.658454,0.357382,0.511104,0.649515,-0.207314,0.679006,0.272796,-0.754874,-0.245459,0.252116,0.441272,-0.867597,0.211423,-0.095170,-0.586630,-0.178940,0.898636,0.146121,0.410557,0.475512,0.761918
2026-03-27T18:20:32.453029+00:00,16.238679,1774635632453029000,-0.658515,0.357560,0.510126,0.649831,-0.207171,0.678961,0.272522,-0.755446,-0.247060,0.254196,0.437177,-0.871107,0.204791,-0.090303,-0.586929,-0.178593,0.898179,0.147718,0.407769,0.472139,0.757308
2026-03-27T18:20:32.470044+00:00,16.255693,1774635632470043800,-0.658513,0.357561,0.509421,0.649693,-0.207616,0.678623,0.272391,-0.757037,-0.250211,0.256826,0.431483,-0.875373,0.198354,-0.078346,-0.587639,-0.177811,0.896601,0.147540,0.414397,0.478473,0.767858
2026-03-27T18:20:32.487069+00:00,16.272718,1774635632487068700,-0.658470,0.357771,0.508717,0.649378,-0.207637,0.678798,0.271828,-0.759180,-0.255253,0.260176,0.416190,-0.887879,0.189518,-0.053755,-0.587769,-0.177589,0.896027,0.147858,0.416819,0.480678,0.770114
2026-03-27T18:20:32.504169+00:00,16.289819,1774635632504169000,-0.658326,0.358271,0.507949,0.649130,-0.207220,0.679684,0.271128,-0.762067,-0.262032,0.264117,0.394496,-0.900777,0.178397,-0.019278,-0.587996,-0.177331,0.894847,0.151355,0.412594,0.475334,0.757741
2026-03-27T18:20:32.521104+00:00,16.306753,1774635632521103700,-0.657805,0.359355,0.507546,0.647283,-0.205699,0.682493,0.269318,-0.764523,-0.270784,0.267635,0.361906,-0.918710,0.158856,0.011042,-0.588387,-0.177838,0.892927,0.151824,0.413832,0.479366,0.756565
2026-03-27T18:20:32.538149+00:00,16.323799,1774635632538149200,-0.657660,0.359985,0.507855,0.644839,-0.204066,0.685755,0.268687,-0.763949,-0.274342,0.266530,0.336350,-0.930507,0.143487,-0.001715,-0.588903,-0.178019,0.891773,0.148870,0.417391,0.485684,0.762895
2026-03-27T18:20:32.555197+00:00,16.340847,1774635632555197000,-0.657650,0.360461,0.508332,0.641535,-0.202202,0.690320,0.268259,-0.762615,-0.272787,0.265122,0.338893,-0.930026,0.139775,-0.016572,-0.589374,-0.178353,0.890858,0.147235,0.415488,0.484444,0.761144
2026-03-27T18:20:32.577075+00:00,16.362724,1774635632577074800,-0.657650,0.360461,0.508332,0.641535,-0.202202,0.690320,0.268259,-0.762615,-0.272787,0.265122,0.338893,-0.930026,0.139775,-0.016572,-0.589374,-0.178353,0.890858,0.147235,0.415488,0.484444,0.761144
2026-03-27T18:20:32.593814+00:00,16.379464,1774635632593813900,-0.657867,0.360540,0.508846,0.636569,-0.201900,0.694783,0.268432,-0.755425,-0.259793,0.256914,0.337198,-0.923516,0.182085,-0.064974,-0.590247,-0.178739,0.889816,0.144279,0.410841,0.477506,0.759080
2026-03-27T18:20:32.610790+00:00,16.396440,1774635632610789900,-0.658267,0.360272,0.508931,0.632827,-0.202737,0.696918,0.268190,-0.754526,-0.251385,0.252913,0.335736,-0.915328,0.212045,-0.064129,-0.590942,-0.178553,0.888773,0.142207,0.410822,0.473174,0.767235
2026-03-27T18:20:32.627901+00:00,16.413551,1774635632627900900,-0.658659,0.360093,0.508921,0.630574,-0.203295,0.699251,0.268237,-0.754429,-0.248845,0.251308,0.336921,-0.913215,0.216519,-0.060250,-0.591138,-0.177916,0.888060,0.142833,0.413017,0.473898,0.773182
2026-03-27T18:20:32.644951+00:00,16.430601,1774635632644951400,-0.659521,0.359749,0.508293,0.627159,-0.203590,0.702879,0.268439,-0.751207,-0.239793,0.241940,0.346272,-0.910099,0.221309,-0.062040,-0.590397,-0.175716,0.886422,0.151095,0.412727,0.479176,0.765745
2026-03-27T18:20:32.661960+00:00,16.447609,1774635632661959800,-0.659521,0.359749,0.508293,0.627159,-0.203590,0.702879,0.268439,-0.751207,-0.239793,0.241940,0.346272,-0.910099,0.221309,-0.062040,-0.590397,-0.175716,0.886422,0.151095,0.412727,0.479176,0.765745
2026-03-27T18:20:32.678972+00:00,16.464622,1774635632678972500,-0.660577,0.359788,0.507262,0.626664,-0.203460,0.702791,0.267876,-0.747288,-0.234093,0.229757,0.340073,-0.912478,0.209362,-0.077735,-0.589624,-0.174183,0.885287,0.155851,0.411088,0.487898,0.757364
2026-03-27T18:20:32.696179+00:00,16.481829,1774635632696179400,-0.661209,0.359636,0.506469,0.626709,-0.203752,0.702773,0.267726,-0.745327,-0.231650,0.222954,0.330853,-0.917192,0.204339,-0.086849,-0.589576,-0.174248,0.884909,0.156254,0.410981,0.490645,0.758559
2026-03-27T18:20:32.713197+00:00,16.498847,1774635632713197000,-0.661841,0.359389,0.505617,0.626986,-0.204031,0.702240,0.268239,-0.743144,-0.228460,0.215560,0.323286,-0.920453,0.203599,-0.099512,-0.589596,-0.174423,0.884835,0.155944,0.409487,0.490019,0.757357
2026-03-27T18:20:32.730406+00:00,16.516056,1774635632730405900,-0.662460,0.359073,0.504783,0.626822,-0.204381,0.702073,0.269158,-0.741096,-0.224892,0.207774,0.323240,-0.918431,0.204104,-0.109027,-0.589679,-0.175018,0.884617,0.155567,0.404232,0.485238,0.750234
2026-03-27T18:20:32.747390+00:00,16.533040,1774635632747390200,-0.662460,0.359073,0.504783,0.626822,-0.204381,0.702073,0.269158,-0.741096,-0.224892,0.207774,0.323240,-0.918431,0.204104,-0.109027,-0.589679,-0.175018,0.884617,0.155567,0.404232,0.485238,0.750234
2026-03-27T18:20:32.764632+00:00,16.550282,1774635632764632700,-0.663848,0.358365,0.503366,0.626379,-0.204336,0.701366,0.271559,-0.737584,-0.216791,0.190950,0.340845,-0.911278,0.203981,-0.121359,-0.589711,-0.176851,0.884100,0.149182,0.404752,0.486344,0.755947
2026-03-27T18:20:32.781399+00:00,16.567048,1774635632781398800,-0.664634,0.358021,0.502788,0.625960,-0.204852,0.701802,0.271721,-0.736038,-0.212896,0.182970,0.350112,-0.905451,0.205252,-0.125881,-0.589613,-0.178085,0.883721,0.146800,0.402510,0.483186,0.755036
2026-03-27T18:20:32.801300+00:00,16.586949,1774635632801299400,-0.665334,0.357575,0.502304,0.624992,-0.205469,0.702532,0.272314,-0.734325,-0.208566,0.174685,0.359444,-0.899768,0.208923,-0.130595,-0.589528,-0.178458,0.883550,0.145052,0.406313,0.487905,0.763353
2026-03-27T18:20:32.818231+00:00,16.603880,1774635632818230600,-0.666723,0.356213,0.501756,0.621762,-0.208244,0.703316,0.274623,-0.732193,-0.200544,0.158865,0.375675,-0.889964,0.217430,-0.129992,-0.588641,-0.179785,0.883026,0.142619,0.401374,0.489776,0.757510
2026-03-27T18:20:32.835073+00:00,16.620723,1774635632835073100,-0.667343,0.355670,0.501632,0.619641,-0.209002,0.704121,0.275154,-0.731904,-0.198782,0.155036,0.378403,-0.890112,0.218744,-0.128570,-0.587810,-0.180199,0.882707,0.139910,0.401272,0.494029,0.757302
2026-03-27T18:20:32.852286+00:00,16.637935,1774635632852285700,-0.668037,0.355311,0.501614,0.617193,-0.209930,0.706571,0.275607,-0.731137,-0.195450,0.147569,0.386444,-0.886297,0.219576,-0.127626,-0.586587,-0.180412,0.882343,0.139062,0.398033,0.494331,0.748759
2026-03-27T18:20:32.869287+00:00,16.654937,1774635632869287200,-0.668707,0.355200,0.501622,0.614981,-0.210228,0.708466,0.275639,-0.730437,-0.191879,0.138753,0.393411,-0.883818,0.220005,-0.132117,-0.584949,-0.180451,0.881964,0.137793,0.403332,0.502939,0.754591
2026-03-27T18:20:32.886261+00:00,16.671910,1774635632886260800,-0.669320,0.355128,0.501652,0.612686,-0.210031,0.710777,0.275006,-0.729910,-0.188478,0.129025,0.399111,-0.879958,0.218673,-0.138909,-0.583180,-0.180409,0.881647,0.140852,0.402363,0.502173,0.748184
2026-03-27T18:20:32.903365+00:00,16.689014,1774635632903364500,-0.669616,0.355086,0.501638,0.611796,-0.210264,0.711318,0.274116,-0.729750,-0.185461,0.118869,0.402667,-0.876687,0.216088,-0.146651,-0.581499,-0.180460,0.881431,0.141726,0.407320,0.508925,0.753074
2026-03-27T18:20:32.920362+00:00,16.706012,1774635632920362400,-0.670368,0.354619,0.501674,0.608138,-0.210822,0.714583,0.273829,-0.729624,-0.182581,0.108036,0.406369,-0.875914,0.212404,-0.155373,-0.579945,-0.180686,0.881458,0.143712,0.406816,0.511355,0.749848
2026-03-27T18:20:32.937437+00:00,16.723087,1774635632937437100,-0.670600,0.354345,0.501678,0.606933,-0.211697,0.715511,0.273986,-0.729590,-0.179807,0.097278,0.412829,-0.871573,0.208179,-0.162544,-0.579290,-0.180927,0.881535,0.145668,0.402110,0.506490,0.739557
2026-03-27T18:20:32.954449+00:00,16.740099,1774635632954449500,-0.671400,0.352945,0.501637,0.601630,-0.215104,0.718465,0.275389,-0.729804,-0.174370,0.076825,0.431187,-0.861466,0.200708,-0.172502,-0.577760,-0.182972,0.882318,0.142021,0.401000,0.511433,0.745769
2026-03-27T18:20:32.971580+00:00,16.757230,1774635632971580200,-0.671400,0.352945,0.501637,0.601630,-0.215104,0.718465,0.275389,-0.729804,-0.174370,0.076825,0.431187,-0.861466,0.200708,-0.172502,-0.577760,-0.182972,0.882318,0.142021,0.401000,0.511433,0.745769
2026-03-27T18:20:32.988630+00:00,16.774279,1774635632988629700,-0.671916,0.351921,0.502175,0.595740,-0.219063,0.721945,0.276177,-0.729657,-0.168666,0.055874,0.454141,-0.848023,0.198155,-0.187875,-0.577628,-0.186739,0.883464,0.132241,0.398464,0.514550,0.763645
2026-03-27T18:20:33.009770+00:00,16.795420,1774635633009770000,-0.671916,0.351921,0.502175,0.595740,-0.219063,0.721945,0.276177,-0.729657,-0.168666,0.055874,0.454141,-0.848023,0.198155,-0.187875,-0.577628,-0.186739,0.883464,0.132241,0.398464,0.514550,0.763645
2026-03-27T18:20:33.026590+00:00,16.812239,1774635633026589600,-0.672016,0.350519,0.504030,0.585233,-0.222878,0.728191,0.278598,-0.729282,-0.165513,0.041283,0.465405,-0.839531,0.197637,-0.200936,-0.577095,-0.189604,0.883971,0.122546,0.391823,0.513465,0.762504
2026-03-27T18:20:33.043214+00:00,16.828863,1774635633043213500,-0.672123,0.349887,0.504618,0.582433,-0.224103,0.728866,0.279514,-0.729237,-0.163878,0.027193,0.469734,-0.835982,0.190036,-0.210787,-0.576132,-0.190791,0.884022,0.124559,0.391085,0.513712,0.754907
2026-03-27T18:20:33.060370+00:00,16.846020,1774635633060370200,-0.672289,0.349683,0.505062,0.581089,-0.224679,0.729544,0.280409,-0.729242,-0.163180,0.018187,0.469912,-0.835297,0.183980,-0.217576,-0.575862,-0.191132,0.884086,0.125155,0.390271,0.513424,0.751650
2026-03-27T18:20:33.077267+00:00,16.862917,1774635633077267100,-0.672386,0.349823,0.506550,0.578327,-0.222236,0.732698,0.280504,-0.728618,-0.162149,0.009472,0.473128,-0.832360,0.181618,-0.226940,-0.575404,-0.192716,0.884351,0.123974,0.396471,0.523762,0.762477
2026-03-27T18:20:33.094365+00:00,16.880014,1774635633094364700,-0.672085,0.350165,0.508799,0.572752,-0.217627,0.737788,0.281822,-0.728281,-0.161589,0.005782,0.476481,-0.828097,0.181130,-0.230571,-0.575372,-0.193392,0.884521,0.126826,0.388893,0.515004,0.748428
2026-03-27T18:20:33.111315+00:00,16.896965,1774635633111315300,-0.670873,0.350165,0.514825,0.555117,-0.210688,0.752012,0.286658,-0.726601,-0.159947,-0.010205,0.493634,-0.815134,0.178934,-0.245677,-0.575227,-0.197279,0.885303,0.127130,0.380241,0.516418,0.735441
2026-03-27T18:20:33.128499+00:00,16.914149,1774635633128499000,-0.670360,0.350037,0.517133,0.548237,-0.210889,0.757194,0.287270,-0.725217,-0.160520,-0.021574,0.503420,-0.807427,0.168241,-0.256792,-0.575131,-0.200017,0.885846,0.117988,0.382724,0.528433,0.747469
2026-03-27T18:20:33.145529+00:00,16.931179,1774635633145529300,-0.669956,0.349990,0.518853,0.543601,-0.211065,0.760424,0.285932,-0.724946,-0.161241,-0.025271,0.503526,-0.807711,0.164326,-0.260437,-0.575243,-0.202599,0.886516,0.107122,0.375604,0.523967,0.741862
2026-03-27T18:20:33.162685+00:00,16.948335,1774635633162685400,-0.669529,0.349954,0.520205,0.539342,-0.212758,0.763900,0.285121,-0.724583,-0.163725,-0.032303,0.501923,-0.807601,0.154711,-0.266282,-0.575242,-0.204627,0.887133,0.097424,0.378277,0.526247,0.752848
2026-03-27T18:20:33.179972+00:00,16.965622,1774635633179972200,-0.669162,0.349761,0.521245,0.535636,-0.214147,0.765787,0.284977,-0.724934,-0.167107,-0.038594,0.499528,-0.810740,0.146601,-0.267635,-0.575168,-0.205550,0.887413,0.094920,0.382436,0.528152,0.761652
2026-03-27T18:20:33.196736+00:00,16.982386,1774635633196736100,-0.668838,0.349277,0.522480,0.531966,-0.214391,0.767653,0.285515,-0.724943,-0.171249,-0.045150,0.499047,-0.812048,0.137783,-0.267770,-0.574462,-0.207550,0.887935,0.098801,0.382802,0.513666,0.755157
2026-03-27T18:20:33.213734+00:00,16.999383,1774635633213733600,-0.668512,0.349000,0.523404,0.529099,-0.214583,0.769810,0.286254,-0.723915,-0.175272,-0.051843,0.501568,-0.810918,0.129616,-0.271060,-0.573623,-0.208371,0.888074,0.103689,0.381957,0.505012,0.746203
2026-03-27T18:20:33.232423+00:00,17.018072,1774635633232422800,-0.668512,0.349000,0.523404,0.529099,-0.214583,0.769810,0.286254,-0.723915,-0.175272,-0.051843,0.501568,-0.810918,0.129616,-0.271060,-0.573623,-0.208371,0.888074,0.103689,0.381957,0.505012,0.746203
2026-03-27T18:20:33.249484+00:00,17.035134,1774635633249484000,-0.667824,0.349078,0.525541,0.523918,-0.214983,0.772492,0.285717,-0.718725,-0.182380,-0.063565,0.504714,-0.806363,0.097821,-0.290750,-0.572854,-0.209616,0.888444,0.099728,0.385944,0.514366,0.757985
2026-03-27T18:20:33.266469+00:00,17.052119,1774635633266468900,-0.667612,0.349261,0.526359,0.521414,-0.214631,0.774624,0.285795,-0.716149,-0.185450,-0.068449,0.500086,-0.807327,0.084730,-0.302420,-0.572953,-0.210275,0.888734,0.096525,0.385752,0.523217,0.766509
2026-03-27T18:20:33.283270+00:00,17.068920,1774635633283270200,-0.666562,0.350353,0.530216,0.510232,-0.209456,0.784807,0.284401,-0.714267,-0.191827,-0.074649,0.485308,-0.813419,0.087714,-0.308374,-0.572897,-0.211288,0.889143,0.095560,0.371576,0.520917,0.751734
2026-03-27T18:20:33.300454+00:00,17.086104,1774635633300454300,-0.666109,0.350644,0.532010,0.506014,-0.208710,0.788143,0.283406,-0.715160,-0.195638,-0.075278,0.483421,-0.818039,0.091105,-0.297818,-0.572577,-0.212294,0.889363,0.097266,0.361694,0.515233,0.737823
2026-03-27T18:20:33.317515+00:00,17.103165,1774635633317515200,-0.665789,0.350621,0.533263,0.502686,-0.208741,0.789521,0.283017,-0.717012,-0.199473,-0.074306,0.481185,-0.823294,0.094542,-0.283337,-0.572141,-0.213273,0.889486,0.091166,0.368083,0.529045,0.756533
2026-03-27T18:20:33.334498+00:00,17.120147,1774635633334497700,-0.665564,0.350402,0.534532,0.500342,-0.208949,0.790101,0.282982,-0.718140,-0.202390,-0.071929,0.487921,-0.823785,0.095570,-0.273896,-0.571804,-0.214244,0.889659,0.087162,0.362806,0.520625,0.747463
2026-03-27T18:20:33.351372+00:00,17.137022,1774635633351372400,-0.665367,0.350187,0.535602,0.497162,-0.209216,0.792038,0.284531,-0.718833,-0.204048,-0.069027,0.504318,-0.815810,0.095966,-0.266417,-0.571416,-0.214996,0.889699,0.084557,0.369459,0.524797,0.762055
2026-03-27T18:20:33.368309+00:00,17.153959,1774635633368309200,-0.665171,0.350072,0.536692,0.494253,-0.208633,0.794160,0.284594,-0.719242,-0.205390,-0.065998,0.519824,-0.807336,0.095559,-0.263416,-0.570901,-0.215485,0.889587,0.085282,0.376118,0.528278,0.771555
2026-03-27T18:20:33.385488+00:00,17.171138,1774635633385488200,-0.665046,0.349870,0.537500,0.491715,-0.207314,0.795418,0.284847,-0.720045,-0.207550,-0.063147,0.525866,-0.803861,0.095483,-0.261612,-0.570461,-0.215884,0.889404,0.089512,0.369144,0.513186,0.751336
2026-03-27T18:20:33.402366+00:00,17.188016,1774635633402365900,-0.665128,0.349347,0.537801,0.490494,-0.207747,0.796301,0.284791,-0.720852,-0.210574,-0.060337,0.527142,-0.803093,0.092671,-0.261156,-0.570466,-0.216560,0.889417,0.090791,0.372763,0.513532,0.755230
2026-03-27T18:20:33.419452+00:00,17.205102,1774635633419452100,-0.665332,0.348441,0.537699,0.489962,-0.210434,0.795635,0.286538,-0.721090,-0.212153,-0.059123,0.526737,-0.803755,0.090466,-0.261157,-0.571000,-0.217661,0.889631,0.095011,0.366575,0.500109,0.741700
2026-03-27T18:20:33.440924+00:00,17.226573,1774635633440923800,-0.665597,0.347091,0.537315,0.490249,-0.214290,0.793988,0.288927,-0.721504,-0.216088,-0.056698,0.528211,-0.803697,0.078078,-0.260845,-0.571807,-0.219125,0.889937,0.092789,0.379866,0.516867,0.770166
2026-03-27T18:20:33.457768+00:00,17.243418,1774635633457768500,-0.666149,0.345048,0.536598,0.491492,-0.220640,0.789057,0.292138,-0.721810,-0.223160,-0.052161,0.524354,-0.807964,0.038126,-0.265974,-0.573618,-0.222374,0.890723,0.086073,0.382084,0.519484,0.778071
2026-03-27T18:20:33.474674+00:00,17.260324,1774635633474674000,-0.666392,0.344927,0.536541,0.491050,-0.221194,0.789933,0.292446,-0.721561,-0.224287,-0.050303,0.524717,-0.804748,0.024240,-0.273694,-0.574687,-0.224186,0.891254,0.081412,0.381412,0.511702,0.777460
2026-03-27T18:20:33.491678+00:00,17.277327,1774635633491677700,-0.666642,0.345274,0.536597,0.490960,-0.220262,0.791569,0.290988,-0.720954,-0.224187,-0.048232,0.522260,-0.803518,0.024821,-0.283415,-0.575731,-0.225465,0.891545,0.079094,0.379518,0.503975,0.772692
2026-03-27T18:20:33.508964+00:00,17.294614,1774635633508964000,-0.666844,0.345488,0.536606,0.491797,-0.219223,0.791058,0.289968,-0.720489,-0.223105,-0.046563,0.517846,-0.804524,0.035963,-0.291261,-0.577069,-0.226525,0.891752,0.079979,0.373815,0.492653,0.762849
2026-03-27T18:20:33.526036+00:00,17.311686,1774635633526035900,-0.666980,0.345722,0.536724,0.491628,-0.218733,0.791727,0.289617,-0.719702,-0.221443,-0.044752,0.513902,-0.802855,0.049367,-0.297735,-0.578622,-0.227372,0.891734,0.081792,0.372321,0.491022,0.766137
2026-03-27T18:20:33.542999+00:00,17.328648,1774635633542998600,-0.667078,0.345604,0.536905,0.491710,-0.218603,0.790752,0.290205,-0.718802,-0.219094,-0.043076,0.512376,-0.800096,0.063853,-0.304936,-0.580323,-0.228186,0.891400,0.082987,0.366627,0.486532,0.764971
2026-03-27T18:20:33.560077+00:00,17.345727,1774635633560077300,-0.667030,0.345374,0.537149,0.490806,-0.219349,0.791267,0.291632,-0.718071,-0.217062,-0.041910,0.512041,-0.797781,0.070413,-0.311091,-0.581350,-0.228644,0.891157,0.083324,0.357488,0.475483,0.753371
2026-03-27T18:20:33.577153+00:00,17.362803,1774635633577153500,-0.666877,0.345337,0.537539,0.490542,-0.219598,0.790556,0.292348,-0.716449,-0.213970,-0.040337,0.511171,-0.794547,0.072672,-0.319517,-0.585965,-0.230710,0.890170,0.074669,0.347480,0.483651,0.780237
2026-03-27T18:20:33.594163+00:00,17.379812,1774635633594162600,-0.666742,0.345397,0.537608,0.490294,-0.219493,0.791731,0.292851,-0.715929,-0.213215,-0.039688,0.508895,-0.795846,0.070705,-0.320338,-0.587980,-0.231322,0.889467,0.068454,0.355091,0.512143,0.816895
2026-03-27T18:20:33.611036+00:00,17.396686,1774635633611036300,-0.666658,0.345381,0.537568,0.491120,-0.219126,0.790784,0.293513,-0.715789,-0.212941,-0.039333,0.506948,-0.796742,0.069594,-0.320418,-0.590041,-0.232004,0.888863,0.070552,0.329355,0.490789,0.777163
2026-03-27T18:20:33.628225+00:00,17.413875,1774635633628225000,-0.666617,0.345374,0.537486,0.492121,-0.219765,0.789905,0.293761,-0.715340,-0.212483,-0.038348,0.502817,-0.799704,0.069782,-0.321022,-0.591980,-0.232764,0.888174,0.071885,0.331311,0.503098,0.798035
2026-03-27T18:20:33.645100+00:00,17.430749,1774635633645099800,-0.666468,0.345537,0.537431,0.493024,-0.219682,0.788448,0.294198,-0.714952,-0.211708,-0.037510,0.498858,-0.802701,0.070739,-0.320366,-0.593575,-0.233424,0.887300,0.074954,0.334040,0.513241,0.815489
2026-03-27T18:20:33.662235+00:00,17.447885,1774635633662235000,-0.666194,0.345760,0.537704,0.492735,-0.218199,0.789103,0.295538,-0.714464,-0.210896,-0.036468,0.495024,-0.805876,0.072873,-0.318934,-0.594960,-0.234165,0.886583,0.079716,0.331345,0.511663,0.812025
2026-03-27T18:20:33.679966+00:00,17.465615,1774635633679965700,-0.666194,0.345760,0.537704,0.492735,-0.218199,0.789103,0.295538,-0.714464,-0.210896,-0.036468,0.495024,-0.805876,0.072873,-0.318934,-0.594960,-0.234165,0.886583,0.079716,0.331345,0.511663,0.812025
2026-03-27T18:20:33.696722+00:00,17.482372,1774635633696722100,-0.665892,0.346340,0.538113,0.494699,-0.213682,0.788139,0.298150,-0.713069,-0.208393,-0.033903,0.492167,-0.806124,0.081370,-0.317777,-0.597101,-0.236770,0.885869,0.086172,0.325078,0.505439,0.799055
2026-03-27T18:20:33.713707+00:00,17.499357,1774635633713707600,-0.665860,0.346389,0.538000,0.495467,-0.212663,0.787786,0.298450,-0.712156,-0.206737,-0.032685,0.493068,-0.804855,0.084612,-0.317254,-0.597939,-0.238888,0.885702,0.083216,0.322780,0.507366,0.799145
2026-03-27T18:20:33.730877+00:00,17.516526,1774635633730876600,-0.665978,0.346394,0.537844,0.497570,-0.211963,0.786419,0.299376,-0.711165,-0.205073,-0.031458,0.494515,-0.803981,0.086703,-0.317647,-0.598440,-0.241302,0.885639,0.074365,0.322386,0.507780,0.803060
2026-03-27T18:20:33.748162+00:00,17.533812,1774635633748162000,-0.665919,0.346888,0.537783,0.499670,-0.213629,0.785360,0.296750,-0.708965,-0.201575,-0.028652,0.498879,-0.800679,0.090951,-0.317580,-0.598683,-0.244890,0.885000,0.057766,0.330796,0.505230,0.824373
2026-03-27T18:20:33.765274+00:00,17.550924,1774635633765274100,-0.665879,0.347060,0.537757,0.500087,-0.214938,0.785166,0.295123,-0.708183,-0.200297,-0.027393,0.498436,-0.802005,0.093185,-0.317352,-0.598283,-0.245110,0.884690,0.058477,0.322625,0.477729,0.799273
2026-03-27T18:20:33.782246+00:00,17.567896,1774635633782246100,-0.665919,0.347035,0.537709,0.501034,-0.216714,0.783927,0.294837,-0.707417,-0.199131,-0.026263,0.497430,-0.802321,0.094306,-0.315920,-0.596781,-0.242420,0.884373,0.064009,0.326905,0.463583,0.790262
2026-03-27T18:20:33.799026+00:00,17.584676,1774635633799025900,-0.666066,0.347078,0.537574,0.502312,-0.217813,0.782955,0.294765,-0.706652,-0.197925,-0.025230,0.495806,-0.802969,0.095553,-0.315610,-0.596016,-0.239133,0.883671,0.065594,0.342292,0.476450,0.814472
2026-03-27T18:20:33.816298+00:00,17.601948,1774635633816298000,-0.666319,0.347356,0.537431,0.504554,-0.218331,0.782132,0.293828,-0.705686,-0.196753,-0.024375,0.493961,-0.804736,0.095386,-0.316382,-0.595606,-0.237144,0.883247,0.066375,0.336642,0.474496,0.796996
2026-03-27T18:20:33.833379+00:00,17.619029,1774635633833379200,-0.666526,0.347673,0.537217,0.507372,-0.217111,0.779954,0.292720,-0.704774,-0.195677,-0.023611,0.492810,-0.804451,0.095794,-0.317199,-0.594240,-0.233168,0.882738,0.063909,0.347144,0.514022,0.811702
2026-03-27T18:20:33.850721+00:00,17.636371,1774635633850721400,-0.666700,0.347765,0.537039,0.509714,-0.217176,0.779141,0.292564,-0.703640,-0.194443,-0.022975,0.492458,-0.803929,0.095673,-0.318088,-0.593360,-0.230285,0.882212,0.071751,0.334992,0.517903,0.787779
2026-03-27T18:20:33.867647+00:00,17.653297,1774635633867647500,-0.666706,0.347613,0.536824,0.511686,-0.218158,0.777396,0.292552,-0.702666,-0.193259,-0.022428,0.491567,-0.804893,0.097104,-0.318648,-0.593252,-0.228652,0.881849,0.081636,0.333491,0.530382,0.798109
2026-03-27T18:20:33.884817+00:00,17.670466,1774635633884816800,-0.666596,0.347382,0.536732,0.512728,-0.219239,0.776067,0.293000,-0.701548,-0.191935,-0.022036,0.492369,-0.803381,0.099051,-0.319653,-0.593186,-0.228030,0.881869,0.091308,0.313542,0.514207,0.775207
2026-03-27T18:20:33.904512+00:00,17.690162,1774635633904512100,-0.666411,0.347244,0.536836,0.513070,-0.220385,0.775608,0.293529,-0.700918,-0.191268,-0.021861,0.492244,-0.802936,0.100229,-0.320768,-0.593014,-0.227748,0.881917,0.089915,0.309950,0.517551,0.785279
2026-03-27T18:20:33.921473+00:00,17.707122,1774635633921472600,-0.665894,0.347299,0.537230,0.513141,-0.220954,0.776402,0.293093,-0.698516,-0.188972,-0.021501,0.492018,-0.801056,0.106079,-0.325527,-0.592097,-0.227575,0.882586,0.096524,0.303774,0.504122,0.803136
2026-03-27T18:20:33.938523+00:00,17.724173,1774635633938523100,-0.665780,0.347294,0.537349,0.514608,-0.221202,0.774644,0.292539,-0.697476,-0.188153,-0.021431,0.493510,-0.798920,0.107714,-0.327715,-0.590696,-0.226096,0.883281,0.103555,0.296419,0.481830,0.784992
2026-03-27T18:20:33.955486+00:00,17.741135,1774635633955485800,-0.665660,0.347361,0.537436,0.515330,-0.221430,0.774708,0.292111,-0.696425,-0.187513,-0.021596,0.495658,-0.796695,0.107021,-0.328604,-0.588537,-0.223380,0.884137,0.100795,0.321214,0.505555,0.815085
2026-03-27T18:20:33.972438+00:00,17.758088,1774635633972438100,-0.665646,0.347481,0.537544,0.516563,-0.221535,0.774361,0.291960,-0.695599,-0.187380,-0.021931,0.497641,-0.795258,0.105892,-0.328472,-0.585545,-0.220522,0.885551,0.100875,0.326713,0.497470,0.807745
2026-03-27T18:20:33.989513+00:00,17.775162,1774635633989512700,-0.665505,0.347339,0.537525,0.518428,-0.220872,0.772290,0.292031,-0.694755,-0.187432,-0.022564,0.497203,-0.796351,0.103140,-0.328513,-0.582763,-0.217972,0.887230,0.104189,0.334010,0.491197,0.801408
2026-03-27T18:20:34.006389+00:00,17.792038,1774635634006388800,-0.665516,0.347242,0.537489,0.519672,-0.221143,0.770768,0.292693,-0.693722,-0.187703,-0.023219,0.495449,-0.797514,0.098991,-0.330160,-0.580589,-0.215974,0.889329,0.100849,0.341418,0.486847,0.810735
2026-03-27T18:20:34.023422+00:00,17.809071,1774635634023421800,-0.665530,0.347016,0.537363,0.521697,-0.221861,0.769130,0.293951,-0.692371,-0.187636,-0.023873,0.493616,-0.797620,0.095591,-0.332495,-0.578185,-0.213560,0.891973,0.101577,0.339831,0.477340,0.809628
2026-03-27T18:20:34.040529+00:00,17.826179,1774635634040529300,-0.665568,0.346910,0.537178,0.523926,-0.222241,0.767475,0.294482,-0.690830,-0.187299,-0.024322,0.491828,-0.797852,0.094694,-0.336348,-0.575131,-0.210261,0.894918,0.098001,0.347254,0.487437,0.821553
2026-03-27T18:20:34.057492+00:00,17.843141,1774635634057491400,-0.665664,0.347093,0.537137,0.524885,-0.222106,0.766916,0.295681,-0.689350,-0.186654,-0.024680,0.490614,-0.797074,0.094139,-0.338817,-0.571618,-0.207048,0.897740,0.099628,0.344804,0.484317,0.801889
2026-03-27T18:20:34.074634+00:00,17.860283,1774635634074633800,-0.665742,0.347405,0.537017,0.526277,-0.221487,0.766807,0.295470,-0.687857,-0.185770,-0.024838,0.489159,-0.797174,0.094547,-0.341873,-0.568016,-0.204581,0.900177,0.104676,0.350946,0.489702,0.799812
2026-03-27T18:20:34.091640+00:00,17.877289,1774635634091639800,-0.665964,0.348009,0.536516,0.531044,-0.219717,0.763441,0.293552,-0.684716,-0.183347,-0.024814,0.489945,-0.794240,0.100434,-0.346770,-0.563602,-0.204330,0.903251,0.116856,0.346148,0.482058,0.790259
2026-03-27T18:20:34.113765+00:00,17.899415,1774635634113765300,-0.665964,0.348009,0.536516,0.531044,-0.219717,0.763441,0.293552,-0.684716,-0.183347,-0.024814,0.489945,-0.794240,0.100434,-0.346770,-0.563602,-0.204330,0.903251,0.116856,0.346148,0.482058,0.790259
2026-03-27T18:20:34.130900+00:00,17.916550,1774635634130900600,-0.665918,0.348196,0.535932,0.533716,-0.220315,0.762267,0.293275,-0.682478,-0.181613,-0.025173,0.495251,-0.788952,0.103777,-0.346801,-0.563168,-0.209688,0.903208,0.103558,0.331376,0.475628,0.799621
2026-03-27T18:20:34.147805+00:00,17.933455,1774635634147805400,-0.665778,0.348157,0.535464,0.534869,-0.221000,0.761316,0.292672,-0.681565,-0.181408,-0.025270,0.498340,-0.787333,0.102952,-0.348323,-0.563755,-0.212929,0.902169,0.095716,0.327231,0.479138,0.811742
2026-03-27T18:20:34.164897+00:00,17.950546,1774635634164896700,-0.665542,0.347984,0.534976,0.536107,-0.221800,0.760039,0.292924,-0.680799,-0.181260,-0.025432,0.499291,-0.786561,0.102078,-0.349333,-0.564236,-0.214405,0.901495,0.091430,0.328799,0.485895,0.824985
2026-03-27T18:20:34.181824+00:00,17.967474,1774635634181824100,-0.665285,0.347712,0.534586,0.536833,-0.222853,0.758995,0.294159,-0.680009,-0.181263,-0.025929,0.498563,-0.785305,0.102647,-0.350698,-0.565628,-0.217598,0.899921,0.091334,0.316914,0.473362,0.808791
2026-03-27T18:20:34.198938+00:00,17.984588,1774635634198938100,-0.664902,0.347665,0.534057,0.538731,-0.223034,0.756805,0.294585,-0.679510,-0.181323,-0.026417,0.496534,-0.785680,0.103355,-0.353344,-0.567444,-0.221262,0.899119,0.091824,0.309826,0.468478,0.805880
2026-03-27T18:20:34.215974+00:00,18.001623,1774635634215973600,-0.664098,0.347838,0.533336,0.539720,-0.222952,0.756422,0.295120,-0.678266,-0.181088,-0.027365,0.496793,-0.783853,0.104032,-0.358830,-0.568270,-0.224329,0.897654,0.085753,0.319841,0.486613,0.810854
2026-03-27T18:20:34.232943+00:00,18.018593,1774635634232942900,-0.663324,0.348134,0.532798,0.540396,-0.222467,0.756246,0.295793,-0.678266,-0.181088,-0.027365,0.496793,-0.783853,0.104032,-0.358830,-0.568576,-0.225451,0.897499,0.090076,0.313072,0.474238,0.790827
2026-03-27T18:20:34.249855+00:00,18.035504,1774635634249854800,-0.662024,0.349357,0.531254,0.543476,-0.221295,0.754320,0.295024,-0.677150,-0.180007,-0.028481,0.498877,-0.780076,0.100331,-0.363548,-0.568609,-0.228139,0.898151,0.075485,0.347709,0.504621,0.835192
2026-03-27T18:20:34.266937+00:00,18.052587,1774635634266937600,-0.661760,0.350373,0.530133,0.546161,-0.220192,0.753326,0.293544,-0.676463,-0.179088,-0.028751,0.499254,-0.779079,0.100334,-0.366993,-0.567838,-0.229024,0.900239,0.065524,0.343696,0.471002,0.788534
2026-03-27T18:20:34.283875+00:00,18.069525,1774635634283875700,-0.661753,0.351596,0.528751,0.550462,-0.218982,0.752155,0.290825,-0.675871,-0.178041,-0.028971,0.498915,-0.777567,0.101839,-0.368411,-0.567599,-0.229214,0.900977,0.057702,0.363797,0.487134,0.822010
2026-03-27T18:20:34.301010+00:00,18.086660,1774635634301010400,-0.661907,0.352716,0.527052,0.555859,-0.218112,0.748537,0.287207,-0.675047,-0.176625,-0.029051,0.497568,-0.777759,0.103612,-0.370611,-0.566604,-0.228126,0.904307,0.046462,0.370225,0.457523,0.786300
2026-03-27T18:20:34.317872+00:00,18.103522,1774635634317872400,-0.662172,0.353564,0.525153,0.561184,-0.218559,0.744982,0.284627,-0.674544,-0.175673,-0.029077,0.497309,-0.777360,0.104713,-0.372080,-0.565918,-0.226990,0.905749,0.045927,0.359076,0.431246,0.742019
2026-03-27T18:20:34.336396+00:00,18.122046,1774635634336396200,-0.662172,0.353564,0.525153,0.561184,-0.218559,0.744982,0.284627,-0.674544,-0.175673,-0.029077,0.497309,-0.777360,0.104713,-0.372080,-0.565918,-0.226990,0.905749,0.045927,0.359076,0.431246,0.742019
2026-03-27T18:20:34.352948+00:00,18.138598,1774635634352948000,-0.663178,0.355180,0.519676,0.575703,-0.220487,0.736251,0.280911,-0.670762,-0.168346,-0.028811,0.507876,-0.765254,0.115574,-0.379300,-0.562263,-0.219430,0.913285,0.040731,0.472216,0.488150,0.847998
2026-03-27T18:20:34.369826+00:00,18.155476,1774635634369826300,-0.663357,0.355529,0.518528,0.579453,-0.220428,0.733220,0.280008,-0.669311,-0.165004,-0.028548,0.512282,-0.759897,0.123036,-0.382235,-0.561855,-0.217519,0.914602,0.046899,0.472701,0.477326,0.832072
2026-03-27T18:20:34.386861+00:00,18.172511,1774635634386861300,-0.663639,0.356334,0.516380,0.586486,-0.219385,0.728027,0.278363,-0.668645,-0.163218,-0.028369,0.513967,-0.757475,0.127304,-0.383056,-0.561526,-0.212700,0.916906,0.066311,0.454320,0.442571,0.771167
2026-03-27T18:20:34.404013+00:00,18.189663,1774635634404013400,-0.663742,0.357287,0.514564,0.592169,-0.218114,0.724096,0.276486,-0.667528,-0.159557,-0.028086,0.516094,-0.751950,0.136503,-0.385244,-0.562178,-0.207259,0.918918,0.088751,0.465784,0.442556,0.764301
2026-03-27T18:20:34.421088+00:00,18.206738,1774635634421087900,-0.663695,0.358185,0.513039,0.596339,-0.217014,0.721936,0.275092,-0.664915,-0.151143,-0.026976,0.520568,-0.740444,0.157756,-0.394787,-0.563577,-0.201516,0.920669,0.110147,0.465183,0.439672,0.743226
2026-03-27T18:20:34.438095+00:00,18.223745,1774635634438094900,-0.663588,0.359002,0.511824,0.599215,-0.216573,0.720743,0.273184,-0.664915,-0.151143,-0.026976,0.520568,-0.740444,0.157756,-0.394787,-0.566015,-0.194354,0.922104,0.128320,0.471934,0.452365,0.735270
2026-03-27T18:20:34.454949+00:00,18.240599,1774635634454949400,-0.663280,0.360170,0.509587,0.603904,-0.217124,0.717484,0.269993,-0.662527,-0.141264,-0.024603,0.526949,-0.722809,0.186682,-0.406109,-0.573020,-0.181063,0.923104,0.168166,0.467717,0.471316,0.717229
2026-03-27T18:20:34.471719+00:00,18.257369,1774635634471719100,-0.663180,0.360620,0.508200,0.606501,-0.218178,0.715424,0.268693,-0.662016,-0.136063,-0.022929,0.529849,-0.714573,0.205012,-0.409550,-0.578288,-0.174915,0.922866,0.188998,0.462978,0.482259,0.718255
2026-03-27T18:20:34.488723+00:00,18.274372,1774635634488722700,-0.663104,0.361015,0.506793,0.609323,-0.219005,0.713792,0.267493,-0.662373,-0.131029,-0.021163,0.533940,-0.705418,0.221737,-0.410553,-0.584327,-0.169486,0.922111,0.207179,0.453072,0.491883,0.720146
2026-03-27T18:20:34.505873+00:00,18.291523,1774635634505873400,-0.662974,0.361513,0.504878,0.614202,-0.218397,0.709758,0.265862,-0.663391,-0.126416,-0.019177,0.539234,-0.697226,0.236240,-0.409591,-0.590913,-0.164143,0.921233,0.221434,0.438977,0.501117,0.718710
2026-03-27T18:20:34.522881+00:00,18.308531,1774635634522881100,-0.662955,0.361725,0.503950,0.616243,-0.217923,0.708242,0.265574,-0.665222,-0.122540,-0.017021,0.543291,-0.690804,0.251108,-0.407344,-0.597381,-0.159117,0.919897,0.234510,0.423995,0.509330,0.711416
2026-03-27T18:20:34.544954+00:00,18.330603,1774635634544953500,-0.662955,0.361725,0.503950,0.616243,-0.217923,0.708242,0.265574,-0.665222,-0.122540,-0.017021,0.543291,-0.690804,0.251108,-0.407344,-0.597381,-0.159117,0.919897,0.234510,0.423995,0.509330,0.711416
2026-03-27T18:20:34.561066+00:00,18.346715,1774635634561065800,-0.663023,0.362378,0.498138,0.630652,-0.217645,0.696525,0.264369,-0.671029,-0.117308,-0.013221,0.552473,-0.680120,0.272794,-0.396714,-0.609365,-0.150559,0.916698,0.253414,0.401254,0.521340,0.707685
2026-03-27T18:20:34.578016+00:00,18.363666,1774635634578016300,-0.662961,0.362689,0.492034,0.644292,-0.220262,0.683983,0.262541,-0.680521,-0.113327,-0.009810,0.560525,-0.682327,0.275242,-0.378932,-0.617998,-0.144903,0.913611,0.268239,0.389743,0.525141,0.707647
2026-03-27T18:20:34.595144+00:00,18.380794,1774635634595143900,-0.662798,0.363069,0.489456,0.649832,-0.220985,0.678467,0.260669,-0.685501,-0.112030,-0.007802,0.563828,-0.682102,0.277936,-0.373585,-0.623139,-0.141876,0.911219,0.276968,0.385038,0.526659,0.708725
2026-03-27T18:20:34.612063+00:00,18.397712,1774635634612062800,-0.662508,0.363647,0.486788,0.654769,-0.221255,0.675253,0.257583,-0.691220,-0.111460,-0.005695,0.563560,-0.683269,0.285911,-0.365557,-0.627983,-0.139305,0.908870,0.285716,0.380496,0.524318,0.705781
2026-03-27T18:20:34.629188+00:00,18.414837,1774635634629187500,-0.662231,0.364185,0.484655,0.658155,-0.220927,0.672769,0.255627,-0.697835,-0.111712,-0.003758,0.559394,-0.689043,0.292025,-0.357187,-0.632322,-0.137503,0.906412,0.290926,0.378825,0.525081,0.707814
2026-03-27T18:20:34.646216+00:00,18.431866,1774635634646215900,-0.661944,0.364549,0.482696,0.660741,-0.221111,0.670623,0.254542,-0.704761,-0.112382,-0.001900,0.553345,-0.697173,0.291855,-0.349898,-0.636386,-0.136153,0.904175,0.296627,0.374861,0.520565,0.704987
2026-03-27T18:20:34.663510+00:00,18.449159,1774635634663509500,-0.661794,0.364886,0.480861,0.662779,-0.221848,0.668953,0.253441,-0.708427,-0.112722,-0.001082,0.550085,-0.702317,0.290047,-0.347218,-0.640422,-0.135187,0.901574,0.299119,0.373180,0.520036,0.709081
2026-03-27T18:20:34.680410+00:00,18.466059,1774635634680409600,-0.661681,0.365301,0.478998,0.665228,-0.222676,0.667014,0.252139,-0.715476,-0.113730,0.000323,0.542696,-0.712016,0.284812,-0.341238,-0.644401,-0.134321,0.898933,0.302270,0.369794,0.516417,0.710433
2026-03-27T18:20:34.697495+00:00,18.483144,1774635634697494600,-0.661649,0.365814,0.477133,0.667989,-0.222655,0.664712,0.250257,-0.722154,-0.115162,0.001460,0.531928,-0.723156,0.282864,-0.339490,-0.647829,-0.133785,0.896070,0.304209,0.367508,0.514166,0.713747
2026-03-27T18:20:34.714497+00:00,18.500147,1774635634714497300,-0.661639,0.366278,0.475357,0.670115,-0.222927,0.662807,0.248637,-0.729443,-0.117052,0.002790,0.521808,-0.731598,0.277231,-0.339253,-0.650914,-0.133207,0.893118,0.306761,0.364536,0.509728,0.713573
2026-03-27T18:20:34.731741+00:00,18.517390,1774635634731740800,-0.661681,0.366475,0.474506,0.671054,-0.222818,0.662196,0.248368,-0.737075,-0.119463,0.004028,0.512079,-0.740903,0.273486,-0.336650,-0.653179,-0.132926,0.889912,0.308593,0.363510,0.509438,0.715895
2026-03-27T18:20:34.748738+00:00,18.534388,1774635634748737900,-0.662019,0.367208,0.471141,0.674021,-0.221935,0.659921,0.247060,-0.755110,-0.125655,0.005910,0.496801,-0.762427,0.259611,-0.321677,-0.657294,-0.133482,0.883953,0.308377,0.361228,0.503999,0.721679
2026-03-27T18:20:34.769391+00:00,18.555040,1774635634769390800,-0.662019,0.367208,0.471141,0.674021,-0.221935,0.659921,0.247060,-0.755110,-0.125655,0.005910,0.496801,-0.762427,0.259611,-0.321677,-0.657294,-0.133482,0.883953,0.308377,0.361228,0.503999,0.721679
2026-03-27T18:20:34.785852+00:00,18.571501,1774635634785851600,-0.662725,0.367630,0.467452,0.679242,-0.221240,0.655375,0.245287,-0.773752,-0.135232,0.006767,0.494227,-0.782769,0.231703,-0.299561,-0.659990,-0.135275,0.879624,0.306971,0.359327,0.497920,0.726900
2026-03-27T18:20:34.802849+00:00,18.588498,1774635634802848500,-0.663107,0.367538,0.465548,0.681400,-0.221503,0.653016,0.245379,-0.783632,-0.141863,0.006090,0.488712,-0.795028,0.213647,-0.287994,-0.661160,-0.136853,0.877054,0.306884,0.359612,0.491398,0.731484
2026-03-27T18:20:34.819901+00:00,18.605550,1774635634819900600,-0.663577,0.367323,0.463836,0.683472,-0.222080,0.650669,0.245981,-0.792326,-0.149060,0.004755,0.476124,-0.808745,0.198084,-0.284560,-0.662066,-0.139211,0.873305,0.305288,0.362537,0.482309,0.737091
2026-03-27T18:20:34.836925+00:00,18.622575,1774635634836925300,-0.664118,0.367201,0.462186,0.685440,-0.222025,0.648237,0.246440,-0.799332,-0.156137,0.003300,0.468712,-0.814042,0.180276,-0.289111,-0.662220,-0.139644,0.872003,0.304540,0.362996,0.482847,0.736929
2026-03-27T18:20:34.853781+00:00,18.639430,1774635634853780600,-0.664736,0.367259,0.460752,0.687276,-0.221693,0.646170,0.246600,-0.804478,-0.162106,0.002574,0.469718,-0.814904,0.164552,-0.296198,-0.662734,-0.140652,0.868273,0.304112,0.361662,0.487360,0.736184
2026-03-27T18:20:34.870587+00:00,18.656236,1774635634870586500,-0.665583,0.367431,0.459386,0.688463,-0.221055,0.645454,0.246933,-0.809753,-0.168667,0.002300,0.473650,-0.814201,0.152087,-0.300655,-0.662833,-0.141077,0.867085,0.305014,0.358521,0.487698,0.733740
2026-03-27T18:20:34.887691+00:00,18.673340,1774635634887690400,-0.666669,0.367705,0.458201,0.690092,-0.219580,0.643509,0.246851,-0.815655,-0.175129,0.002120,0.475373,-0.814891,0.142632,-0.297827,-0.663413,-0.142955,0.864140,0.301594,0.353643,0.492659,0.738080
2026-03-27T18:20:34.904729+00:00,18.690379,1774635634904729100,-0.667957,0.367939,0.456983,0.690836,-0.219067,0.643230,0.246944,-0.822141,-0.181772,0.001938,0.469310,-0.821708,0.136411,-0.295624,-0.663394,-0.143678,0.863429,0.300021,0.352476,0.492910,0.738489
2026-03-27T18:20:34.921759+00:00,18.707409,1774635634921759100,-0.670890,0.367983,0.454840,0.692030,-0.217969,0.642086,0.248445,-0.832858,-0.193477,0.002614,0.462334,-0.828098,0.128674,-0.290899,-0.661993,-0.146395,0.860244,0.292143,0.352818,0.492103,0.740563
2026-03-27T18:20:34.938794+00:00,18.724444,1774635634938794300,-0.672622,0.367918,0.453948,0.691953,-0.217924,0.641902,0.249164,-0.837839,-0.198197,0.003279,0.470233,-0.827894,0.119120,-0.284151,-0.660029,-0.147789,0.858036,0.288483,0.355262,0.490774,0.742232
2026-03-27T18:20:34.955837+00:00,18.741487,1774635634955837100,-0.674515,0.367930,0.453021,0.692055,-0.217742,0.641236,0.249301,-0.841190,-0.203495,0.004107,0.475771,-0.824616,0.113158,-0.286338,-0.659213,-0.148165,0.857345,0.287868,0.355631,0.490379,0.742644
2026-03-27T18:20:34.976156+00:00,18.761806,1774635634976155900,-0.674515,0.367930,0.453021,0.692055,-0.217742,0.641236,0.249301,-0.841190,-0.203495,0.004107,0.475771,-0.824616,0.113158,-0.286338,-0.659213,-0.148165,0.857345,0.287868,0.355631,0.490379,0.742644
2026-03-27T18:20:34.993210+00:00,18.778860,1774635634993210000,-0.677331,0.367679,0.451826,0.691333,-0.217180,0.641937,0.250147,-0.847164,-0.210863,0.004555,0.480672,-0.824635,0.095795,-0.280270,-0.655887,-0.148990,0.855273,0.287761,0.357802,0.489128,0.741571
2026-03-27T18:20:35.010386+00:00,18.796036,1774635635010386500,-0.680383,0.367233,0.450697,0.690084,-0.216928,0.642776,0.251886,-0.852504,-0.217343,0.005146,0.472869,-0.829600,0.087169,-0.282803,-0.654263,-0.149231,0.854406,0.286773,0.357911,0.489518,0.740939
2026-03-27T18:20:35.027374+00:00,18.813024,1774635635027374300,-0.682486,0.366946,0.449922,0.688896,-0.216966,0.643731,0.252963,-0.853869,-0.218992,0.005391,0.468897,-0.832173,0.088138,-0.285033,-0.652070,-0.149352,0.853655,0.284098,0.358767,0.493012,0.742717
2026-03-27T18:20:35.044356+00:00,18.830006,1774635635044356200,-0.684643,0.366521,0.449157,0.687980,-0.216950,0.644383,0.254334,-0.857466,-0.223545,0.006079,0.460425,-0.832750,0.089868,-0.292684,-0.649610,-0.149504,0.852939,0.283275,0.357616,0.495588,0.738240
2026-03-27T18:20:35.061482+00:00,18.847132,1774635635061482000,-0.688740,0.365376,0.447537,0.686027,-0.216998,0.645367,0.256854,-0.860511,-0.228032,0.005539,0.456568,-0.832879,0.077801,-0.300415,-0.645071,-0.149980,0.852068,0.277889,0.356973,0.503133,0.735389
2026-03-27T18:20:35.078340+00:00,18.863990,1774635635078340000,-0.689692,0.364951,0.447234,0.685488,-0.217188,0.645567,0.258051,-0.862315,-0.231151,0.004460,0.452166,-0.834441,0.066306,-0.306680,-0.643152,-0.150465,0.851905,0.274285,0.357055,0.506181,0.737045
2026-03-27T18:20:35.095520+00:00,18.881170,1774635635095519900,-0.692538,0.363661,0.445986,0.684627,-0.218121,0.644023,0.262418,-0.863268,-0.233185,0.003423,0.451118,-0.832525,0.058974,-0.314759,-0.641197,-0.150699,0.852244,0.271818,0.355916,0.505373,0.734378
2026-03-27T18:20:35.112518+00:00,18.898168,1774635635112518200,-0.694221,0.362962,0.445405,0.683501,-0.218501,0.644150,0.264992,-0.863935,-0.234775,0.002707,0.449846,-0.830200,0.059394,-0.323026,-0.638968,-0.151202,0.852269,0.268770,0.358548,0.507105,0.736030
2026-03-27T18:20:35.129734+00:00,18.915383,1774635635129733600,-0.695801,0.362427,0.444983,0.681878,-0.217707,0.645338,0.267100,-0.864747,-0.236463,0.002146,0.448473,-0.829166,0.059171,-0.326926,-0.636524,-0.151791,0.852410,0.265406,0.360630,0.507426,0.736202
2026-03-27T18:20:35.146563+00:00,18.932212,1774635635146562700,-0.696546,0.362172,0.444884,0.681085,-0.217349,0.645741,0.267807,-0.865512,-0.237899,0.001610,0.448811,-0.829005,0.050928,-0.330074,-0.634145,-0.152264,0.852594,0.263539,0.362393,0.505770,0.733116
2026-03-27T18:20:35.163732+00:00,18.949382,1774635635163732200,-0.698101,0.361683,0.444572,0.679874,-0.217170,0.646695,0.269073,-0.866218,-0.239377,0.001435,0.446013,-0.828005,0.046189,-0.333361,-0.632970,-0.152349,0.852760,0.261438,0.364335,0.506385,0.733932
2026-03-27T18:20:35.180871+00:00,18.966521,1774635635180870900,-0.700409,0.361101,0.444260,0.677140,-0.217094,0.649610,0.269769,-0.866793,-0.240516,0.001832,0.437022,-0.831246,0.047276,-0.338428,-0.629483,-0.152397,0.853120,0.254757,0.370338,0.509855,0.736198
2026-03-27T18:20:35.197754+00:00,18.983403,1774635635197753500,-0.701201,0.361009,0.444184,0.676643,-0.216607,0.649876,0.269747,-0.867710,-0.241863,0.002696,0.425313,-0.836567,0.050607,-0.340649,-0.628211,-0.152373,0.853223,0.254265,0.371095,0.508714,0.733220
2026-03-27T18:20:35.215996+00:00,19.001646,1774635635215996100,-0.701201,0.361009,0.444184,0.676643,-0.216607,0.649876,0.269747,-0.867710,-0.241863,0.002696,0.425313,-0.836567,0.050607,-0.340649,-0.628211,-0.152373,0.853223,0.254265,0.371095,0.508714,0.733220
2026-03-27T18:20:35.232882+00:00,19.018531,1774635635232881800,-0.705413,0.360516,0.444457,0.671033,-0.217281,0.655611,0.269129,-0.871568,-0.245402,0.006392,0.419409,-0.846693,0.044670,-0.325374,-0.620639,-0.151860,0.854040,0.250750,0.384660,0.508858,0.729068
2026-03-27T18:20:35.249888+00:00,19.035538,1774635635249887900,-0.706764,0.359934,0.444385,0.669517,-0.218020,0.657014,0.269465,-0.872454,-0.245637,0.007500,0.431344,-0.843994,0.043847,-0.317377,-0.618199,-0.151880,0.854151,0.249287,0.389850,0.509871,0.727625
2026-03-27T18:20:35.266967+00:00,19.052616,1774635635266966800,-0.707944,0.359396,0.444455,0.667505,-0.218617,0.658944,0.270101,-0.873148,-0.246054,0.008503,0.443047,-0.839691,0.044165,-0.310116,-0.615914,-0.151995,0.854299,0.247143,0.393747,0.508583,0.724926
2026-03-27T18:20:35.284257+00:00,19.069906,1774635635284256700,-0.708990,0.358793,0.444519,0.666252,-0.219083,0.659404,0.271086,-0.873593,-0.246978,0.009241,0.448077,-0.839181,0.044999,-0.307118,-0.613881,-0.152575,0.854490,0.244045,0.397595,0.507683,0.723498
2026-03-27T18:20:35.301130+00:00,19.086779,1774635635301129500,-0.709988,0.358146,0.444588,0.665050,-0.219356,0.659723,0.272564,-0.873677,-0.247558,0.009537,0.449078,-0.838174,0.044899,-0.306923,-0.612316,-0.153356,0.854642,0.240469,0.399859,0.505162,0.722086
2026-03-27T18:20:35.317974+00:00,19.103624,1774635635317974300,-0.710915,0.357558,0.444700,0.663905,-0.219082,0.660040,0.274346,-0.873210,-0.248836,0.009940,0.450305,-0.837311,0.044184,-0.306829,-0.611014,-0.154350,0.854700,0.234668,0.404486,0.506446,0.726648
2026-03-27T18:20:35.335142+00:00,19.120792,1774635635335142000,-0.711766,0.357134,0.444889,0.662814,-0.218476,0.660569,0.275929,-0.872718,-0.250101,0.009985,0.452082,-0.837731,0.039226,-0.306348,-0.609971,-0.155287,0.854730,0.230340,0.407498,0.506994,0.729271
2026-03-27T18:20:35.352051+00:00,19.137700,1774635635352050400,-0.712423,0.356818,0.445171,0.661031,-0.217816,0.662320,0.277987,-0.871588,-0.251301,0.009914,0.455424,-0.835679,0.031668,-0.303908,-0.608910,-0.156182,0.854708,0.229013,0.407910,0.503630,0.727080
2026-03-27T18:20:35.368881+00:00,19.154531,1774635635368881500,-0.713100,0.356601,0.445524,0.659023,-0.217323,0.663801,0.279448,-0.869978,-0.252602,0.009881,0.454052,-0.836503,0.025229,-0.306170,-0.608124,-0.156737,0.854557,0.227666,0.408307,0.502173,0.724640
2026-03-27T18:20:35.385857+00:00,19.171507,1774635635385857200,-0.713673,0.356457,0.445768,0.657493,-0.217203,0.664874,0.280455,-0.868041,-0.253843,0.010056,0.449440,-0.837437,0.022532,-0.312291,-0.607291,-0.157263,0.854362,0.225450,0.410688,0.503661,0.726047
2026-03-27T18:20:35.402790+00:00,19.188440,1774635635402790000,-0.713950,0.356446,0.445834,0.657040,-0.216969,0.665004,0.280346,-0.866286,-0.255351,0.010343,0.440564,-0.838415,0.024287,-0.321109,-0.606681,-0.157608,0.854117,0.223216,0.410467,0.503066,0.723872
2026-03-27T18:20:35.419771+00:00,19.205420,1774635635419770600,-0.714919,0.356682,0.445846,0.655123,-0.216341,0.667549,0.279960,-0.861799,-0.255744,0.009399,0.428961,-0.834468,0.030877,-0.344455,-0.605557,-0.158098,0.853250,0.220102,0.412731,0.501866,0.723500
2026-03-27T18:20:35.440608+00:00,19.226258,1774635635440608200,-0.714919,0.356682,0.445846,0.655123,-0.216341,0.667549,0.279960,-0.861799,-0.255744,0.009399,0.428961,-0.834468,0.030877,-0.344455,-0.605557,-0.158098,0.853250,0.220102,0.412731,0.501866,0.723500
2026-03-27T18:20:35.457105+00:00,19.242754,1774635635457104700,-0.715790,0.356590,0.445672,0.653880,-0.215393,0.669407,0.280139,-0.860986,-0.257719,0.007486,0.421305,-0.837102,0.031154,-0.346693,-0.604530,-0.158605,0.851767,0.221912,0.417405,0.500986,0.724314
2026-03-27T18:20:35.474139+00:00,19.259789,1774635635474139400,-0.716081,0.356212,0.445357,0.652791,-0.215964,0.669550,0.280887,-0.860667,-0.258553,0.006605,0.417948,-0.839736,0.028981,-0.346911,-0.604309,-0.159024,0.850895,0.221970,0.420147,0.502080,0.727180
2026-03-27T18:20:35.491271+00:00,19.276920,1774635635491270700,-0.716124,0.356104,0.444872,0.652777,-0.216725,0.668848,0.280997,-0.860020,-0.258998,0.006067,0.414054,-0.841443,0.024313,-0.349433,-0.604357,-0.159294,0.850434,0.223289,0.417129,0.498272,0.722101
2026-03-27T18:20:35.508295+00:00,19.293944,1774635635508294700,-0.716548,0.355978,0.443998,0.652980,-0.217969,0.668969,0.280535,-0.859266,-0.259239,0.005755,0.411582,-0.839126,0.019743,-0.352289,-0.604893,-0.159908,0.849254,0.219610,0.417633,0.501119,0.726814
2026-03-27T18:20:35.525288+00:00,19.310938,1774635635525288300,-0.716673,0.355957,0.443638,0.653053,-0.218369,0.669124,0.280031,-0.858861,-0.259299,0.005630,0.411817,-0.839253,0.015625,-0.353537,-0.605198,-0.160116,0.848831,0.219473,0.415175,0.499413,0.724451
2026-03-27T18:20:35.542287+00:00,19.327937,1774635635542287100,-0.716874,0.355983,0.442738,0.653553,-0.219029,0.668848,0.279608,-0.859021,-0.259304,0.005603,0.411646,-0.840997,0.012188,-0.352947,-0.605930,-0.160489,0.848055,0.218438,0.413752,0.500056,0.725801
2026-03-27T18:20:35.559391+00:00,19.345040,1774635635559390600,-0.717115,0.356030,0.441761,0.654784,-0.219143,0.667457,0.278679,-0.859254,-0.259097,0.005386,0.410994,-0.840093,0.012351,-0.351627,-0.606783,-0.160940,0.847146,0.218293,0.411539,0.498389,0.727229
2026-03-27T18:20:35.576548+00:00,19.362198,1774635635576548400,-0.717579,0.356026,0.439843,0.656574,-0.220913,0.665858,0.277327,-0.858954,-0.258660,0.005701,0.400782,-0.845689,0.015969,-0.354584,-0.608168,-0.161236,0.845310,0.219008,0.410396,0.499217,0.730133
2026-03-27T18:20:35.593573+00:00,19.379222,1774635635593572800,-0.717813,0.356004,0.438973,0.657123,-0.221869,0.665281,0.276830,-0.858614,-0.258056,0.006583,0.395915,-0.845057,0.021594,-0.357845,-0.608846,-0.161139,0.844456,0.221191,0.408604,0.498205,0.728566
2026-03-27T18:20:35.610558+00:00,19.396207,1774635635610557800,-0.717813,0.356004,0.438973,0.657123,-0.221869,0.665281,0.276830,-0.858614,-0.258056,0.006583,0.395915,-0.845057,0.021594,-0.357845,-0.608846,-0.161139,0.844456,0.221191,0.408604,0.498205,0.728566
2026-03-27T18:20:35.627671+00:00,19.413321,1774635635627671200,-0.718109,0.355850,0.437345,0.658545,-0.222960,0.663797,0.276482,-0.858502,-0.257308,0.008084,0.389501,-0.849237,0.027839,-0.358763,-0.610711,-0.160827,0.842748,0.223573,0.406147,0.498653,0.730689
2026-03-27T18:20:35.648945+00:00,19.434594,1774635635648944600,-0.718109,0.355850,0.437345,0.658545,-0.222960,0.663797,0.276482,-0.858502,-0.257308,0.008084,0.389501,-0.849237,0.027839,-0.358763,-0.610711,-0.160827,0.842748,0.223573,0.406147,0.498653,0.730689
2026-03-27T18:20:35.665833+00:00,19.451483,1774635635665833300,-0.718238,0.355737,0.435881,0.660067,-0.224015,0.661722,0.275922,-0.858075,-0.256917,0.011015,0.380202,-0.851842,0.034311,-0.358522,-0.612498,-0.160122,0.840953,0.224933,0.406856,0.501441,0.735036
2026-03-27T18:20:35.682721+00:00,19.468370,1774635635682720700,-0.718207,0.355744,0.435185,0.660640,-0.224281,0.661125,0.275937,-0.858065,-0.256992,0.013624,0.376828,-0.854571,0.037763,-0.355098,-0.613446,-0.159863,0.840171,0.227841,0.404005,0.497301,0.730041
2026-03-27T18:20:35.699877+00:00,19.485527,1774635635699877200,-0.718136,0.355857,0.434530,0.661766,-0.224094,0.659721,0.275605,-0.858334,-0.257211,0.014525,0.375791,-0.857111,0.037746,-0.352990,-0.614372,-0.159911,0.839470,0.227690,0.404850,0.498851,0.733409
2026-03-27T18:20:35.716892+00:00,19.502541,1774635635716891700,-0.717837,0.356093,0.433285,0.663238,-0.224273,0.659187,0.274488,-0.859880,-0.258850,0.017137,0.382458,-0.858867,0.031900,-0.340736,-0.615267,-0.160190,0.839052,0.227595,0.404606,0.499032,0.735394
2026-03-27T18:20:35.733870+00:00,19.519519,1774635635733869500,-0.717544,0.356044,0.432640,0.663844,-0.224716,0.658646,0.274020,-0.859880,-0.258850,0.017137,0.382458,-0.858867,0.031900,-0.340736,-0.617722,-0.161242,0.837869,0.226834,0.401788,0.497129,0.737802
2026-03-27T18:20:35.750938+00:00,19.536587,1774635635750937500,-0.717226,0.355916,0.431967,0.664219,-0.225609,0.657960,0.273962,-0.860932,-0.260618,0.018327,0.393376,-0.856690,0.029467,-0.335342,-0.618997,-0.162032,0.837484,0.226941,0.397989,0.493527,0.735891
2026-03-27T18:20:35.768038+00:00,19.553688,1774635635768037900,-0.716862,0.355847,0.431335,0.664397,-0.226703,0.657469,0.273997,-0.861036,-0.261109,0.018108,0.400774,-0.851723,0.029330,-0.334478,-0.620326,-0.162937,0.837249,0.225359,0.396379,0.493289,0.739315
2026-03-27T18:20:35.785071+00:00,19.570720,1774635635785070600,-0.716476,0.355885,0.430716,0.664952,-0.227735,0.656348,0.273318,-0.860494,-0.261037,0.017167,0.408994,-0.847954,0.030284,-0.339232,-0.621556,-0.163618,0.837016,0.222547,0.395323,0.494342,0.744926
2026-03-27T18:20:35.802141+00:00,19.587791,1774635635802141400,-0.716031,0.356087,0.430138,0.665510,-0.228703,0.655831,0.272410,-0.858869,-0.260302,0.015631,0.420412,-0.838780,0.027685,-0.345792,-0.622655,-0.164035,0.836900,0.221331,0.391165,0.492217,0.742386
2026-03-27T18:20:35.819214+00:00,19.604863,1774635635819213500,-0.715535,0.356463,0.429400,0.666781,-0.229513,0.655456,0.271155,-0.856958,-0.259871,0.014294,0.429568,-0.831056,0.022596,-0.354452,-0.623287,-0.164071,0.836641,0.220245,0.391377,0.492787,0.745157
2026-03-27T18:20:35.836286+00:00,19.621936,1774635635836285900,-0.715334,0.356705,0.429119,0.667569,-0.229182,0.654521,0.270222,-0.855120,-0.259916,0.013482,0.435303,-0.824906,0.014750,-0.360222,-0.623603,-0.163649,0.836323,0.219999,0.393707,0.493739,0.749029
2026-03-27T18:20:35.853312+00:00,19.638962,1774635635853312300,-0.714874,0.357269,0.428544,0.669007,-0.228979,0.654362,0.268301,-0.853191,-0.260421,0.013030,0.433337,-0.821431,0.009819,-0.367988,-0.623563,-0.162806,0.835937,0.222799,0.393877,0.491855,0.747052
2026-03-27T18:20:35.871984+00:00,19.657633,1774635635871983500,-0.714874,0.357269,0.428544,0.669007,-0.228979,0.654362,0.268301,-0.853191,-0.260421,0.013030,0.433337,-0.821431,0.009819,-0.367988,-0.623563,-0.162806,0.835937,0.222799,0.393877,0.491855,0.747052
2026-03-27T18:20:35.888678+00:00,19.674328,1774635635888678100,-0.714237,0.358302,0.427808,0.670746,-0.227892,0.653933,0.265935,-0.849836,-0.261810,0.013335,0.418376,-0.823208,0.011641,-0.385489,-0.623077,-0.161165,0.835362,0.228182,0.396323,0.491419,0.746351
2026-03-27T18:20:35.905740+00:00,19.691390,1774635635905740400,-0.713996,0.358738,0.427521,0.671743,-0.227772,0.653558,0.264862,-0.848731,-0.263049,0.013959,0.412323,-0.823521,0.010033,-0.391631,-0.622295,-0.159742,0.835003,0.234714,0.394592,0.489264,0.739641
2026-03-27T18:20:35.922705+00:00,19.708355,1774635635922705500,-0.713560,0.359055,0.426991,0.673114,-0.227591,0.651873,0.263909,-0.849199,-0.267929,0.016066,0.402274,-0.827449,-0.001317,-0.391316,-0.621592,-0.158813,0.834748,0.236692,0.394738,0.492987,0.739534
2026-03-27T18:20:35.939728+00:00,19.725378,1774635635939728000,-0.713316,0.358837,0.426725,0.673333,-0.228501,0.651578,0.264040,-0.850626,-0.270303,0.016902,0.393826,-0.833238,-0.006401,-0.389530,-0.621237,-0.158730,0.834786,0.237846,0.392187,0.493669,0.737169
2026-03-27T18:20:35.956802+00:00,19.742452,1774635635956801900,-0.713105,0.358504,0.426377,0.673703,-0.230065,0.650474,0.263853,-0.851055,-0.270801,0.017657,0.384492,-0.833248,-0.001590,-0.396973,-0.621024,-0.159108,0.834876,0.237938,0.390275,0.494784,0.736659
2026-03-27T18:20:35.973938+00:00,19.759587,1774635635973937400,-0.712894,0.358254,0.426089,0.674197,-0.231297,0.649457,0.263969,-0.851307,-0.269844,0.018170,0.382695,-0.829959,0.002059,-0.403791,-0.620810,-0.159902,0.835100,0.236885,0.388620,0.496061,0.738285
2026-03-27T18:20:35.990925+00:00,19.776575,1774635635990925300,-0.712720,0.358118,0.425783,0.674828,-0.231625,0.649197,0.264146,-0.852437,-0.269449,0.019012,0.383742,-0.831350,0.002298,-0.403049,-0.620613,-0.160962,0.835314,0.235137,0.387255,0.496721,0.739699
2026-03-27T18:20:36.008043+00:00,19.793692,1774635636008042600,-0.712573,0.358129,0.425686,0.675836,-0.231429,0.647859,0.263542,-0.853658,-0.269494,0.020209,0.384666,-0.832395,0.007257,-0.400720,-0.620394,-0.162129,0.835629,0.233056,0.385720,0.495774,0.739763
2026-03-27T18:20:36.025065+00:00,19.810715,1774635636025065500,-0.712444,0.358016,0.425678,0.676035,-0.231335,0.647992,0.264398,-0.854565,-0.269219,0.021463,0.390633,-0.831717,0.008964,-0.397323,-0.620175,-0.163068,0.835910,0.229133,0.386298,0.496532,0.744053
2026-03-27T18:20:36.042201+00:00,19.827851,1774635636042201300,-0.712312,0.357864,0.425803,0.675781,-0.231071,0.647957,0.265368,-0.855043,-0.269235,0.022063,0.394591,-0.829262,0.008967,-0.394198,-0.619807,-0.164009,0.836161,0.227067,0.385116,0.493494,0.743341
2026-03-27T18:20:36.059148+00:00,19.844797,1774635636059147400,-0.712177,0.357671,0.425922,0.675494,-0.231287,0.647959,0.266204,-0.856237,-0.269363,0.022650,0.396604,-0.831134,0.009509,-0.392129,-0.619264,-0.164740,0.836246,0.224404,0.388062,0.493494,0.747988
2026-03-27T18:20:36.080103+00:00,19.865752,1774635636080102600,-0.712033,0.357546,0.426096,0.675210,-0.231176,0.647637,0.266801,-0.857052,-0.269466,0.023134,0.395530,-0.829210,0.011376,-0.393020,-0.618546,-0.165076,0.836314,0.224643,0.386931,0.488953,0.744064
2026-03-27T18:20:36.096938+00:00,19.882588,1774635636096938200,-0.711879,0.357650,0.426472,0.674395,-0.231486,0.647940,0.267444,-0.858598,-0.269748,0.023716,0.392100,-0.828606,0.014442,-0.399948,-0.616705,-0.165001,0.836364,0.224722,0.392831,0.487335,0.746874
2026-03-27T18:20:36.113879+00:00,19.899528,1774635636113878700,-0.711802,0.357816,0.426574,0.674081,-0.231859,0.648562,0.266656,-0.859703,-0.270235,0.023708,0.390211,-0.828593,0.014251,-0.398943,-0.615710,-0.164644,0.836371,0.224686,0.395355,0.488747,0.747395
2026-03-27T18:20:36.130893+00:00,19.916542,1774635636130892700,-0.711757,0.357975,0.426693,0.673734,-0.232190,0.649357,0.265559,-0.860155,-0.270446,0.023606,0.388565,-0.829360,0.009305,-0.399101,-0.614702,-0.164196,0.836431,0.225196,0.395784,0.488935,0.743547
2026-03-27T18:20:36.148101+00:00,19.933751,1774635636148101100,-0.711736,0.358000,0.426795,0.673337,-0.232577,0.649757,0.265378,-0.859788,-0.270067,0.023387,0.386453,-0.828633,0.004086,-0.403991,-0.613734,-0.163869,0.836566,0.224740,0.398294,0.491448,0.745217
2026-03-27T18:20:36.165093+00:00,19.950743,1774635636165093000,-0.711729,0.357932,0.427043,0.672726,-0.233187,0.650325,0.264962,-0.858696,-0.269171,0.023465,0.380530,-0.828313,0.001204,-0.412898,-0.613300,-0.163748,0.836710,0.226508,0.395183,0.487278,0.738681
2026-03-27T18:20:36.182112+00:00,19.967761,1774635636182111600,-0.711787,0.357876,0.427345,0.671780,-0.233949,0.650478,0.264897,-0.857312,-0.267687,0.023903,0.373967,-0.826204,-0.003919,-0.422913,-0.612266,-0.163511,0.837276,0.225874,0.397172,0.486831,0.742012
2026-03-27T18:20:36.199000+00:00,19.984650,1774635636199000000,-0.711855,0.357840,0.427698,0.670495,-0.234549,0.652210,0.265213,-0.856815,-0.266276,0.023817,0.368552,-0.823161,0.006813,-0.430687,-0.611851,-0.163402,0.837497,0.225793,0.397424,0.485798,0.741985
2026-03-27T18:20:36.216105+00:00,20.001755,1774635636216105300,-0.711919,0.357964,0.428149,0.669337,-0.234629,0.653554,0.264804,-0.856554,-0.264526,0.024452,0.367023,-0.822873,0.013259,-0.436077,-0.610522,-0.163206,0.838234,0.224121,0.400310,0.487487,0.743842
2026-03-27T18:20:36.233106+00:00,20.018755,1774635636233105600,-0.712096,0.358339,0.429020,0.668324,-0.233457,0.655008,0.263401,-0.857461,-0.261468,0.025062,0.377343,-0.815132,0.027419,-0.435790,-0.609053,-0.163324,0.839074,0.221625,0.401860,0.489534,0.745192
2026-03-27T18:20:36.250060+00:00,20.035709,1774635636250059600,-0.712165,0.358404,0.429386,0.667803,-0.233032,0.655669,0.263235,-0.858579,-0.261664,0.025712,0.377201,-0.818321,0.029975,-0.433435,-0.608013,-0.163476,0.839586,0.219884,0.403070,0.490280,0.745512
2026-03-27T18:20:36.267240+00:00,20.052889,1774635636267239800,-0.712209,0.358260,0.429710,0.666968,-0.232668,0.656913,0.263727,-0.860304,-0.263270,0.026572,0.373668,-0.823254,0.030426,-0.428162,-0.606861,-0.163676,0.840008,0.219671,0.402193,0.488886,0.740702
2026-03-27T18:20:36.284241+00:00,20.069891,1774635636284241500,-0.712210,0.357967,0.429951,0.666816,-0.232697,0.656694,0.264288,-0.862350,-0.265395,0.027297,0.369464,-0.827214,0.028576,-0.421004,-0.605584,-0.163937,0.840261,0.218659,0.406068,0.491548,0.743152
2026-03-27T18:20:36.304207+00:00,20.089857,1774635636304206900,-0.712210,0.357967,0.429951,0.666816,-0.232697,0.656694,0.264288,-0.862350,-0.265395,0.027297,0.369464,-0.827214,0.028576,-0.421004,-0.605584,-0.163937,0.840261,0.218659,0.406068,0.491548,0.743152
2026-03-27T18:20:36.321232+00:00,20.106882,1774635636321232200,-0.712088,0.357220,0.430041,0.666656,-0.233310,0.655745,0.266729,-0.864541,-0.268184,0.028504,0.370158,-0.831660,0.021220,-0.411888,-0.603569,-0.165120,0.840778,0.217954,0.407690,0.489786,0.741035
2026-03-27T18:20:36.338236+00:00,20.123885,1774635636338235600,-0.712028,0.357034,0.430023,0.667354,-0.233583,0.654778,0.267555,-0.865488,-0.270157,0.029495,0.376849,-0.831431,0.015424,-0.405099,-0.603180,-0.165979,0.840967,0.216522,0.406496,0.487389,0.739322
2026-03-27T18:20:36.355169+00:00,20.140819,1774635636355169300,-0.711930,0.356960,0.430131,0.667375,-0.232993,0.654296,0.268275,-0.866378,-0.272385,0.030461,0.381189,-0.834412,0.010604,-0.400296,-0.602912,-0.166900,0.841142,0.214264,0.405415,0.486676,0.740596
2026-03-27T18:20:36.371953+00:00,20.157603,1774635636371952900,-0.711853,0.356934,0.430297,0.667042,-0.232796,0.654717,0.268850,-0.867028,-0.274545,0.030974,0.383356,-0.835670,0.006907,-0.396159,-0.602714,-0.167772,0.841340,0.210515,0.405793,0.487787,0.744809
2026-03-27T18:20:36.388928+00:00,20.174578,1774635636388928300,-0.711741,0.356982,0.430624,0.665728,-0.233108,0.656188,0.268829,-0.866835,-0.277647,0.031839,0.387035,-0.833369,0.002437,-0.395803,-0.601805,-0.168791,0.841414,0.209552,0.405184,0.485884,0.742587
2026-03-27T18:20:36.406190+00:00,20.191840,1774635636406190300,-0.711752,0.357217,0.431009,0.665430,-0.232422,0.656518,0.268307,-0.865937,-0.278504,0.032300,0.387464,-0.829493,0.001316,-0.401267,-0.601125,-0.169037,0.841582,0.209663,0.406035,0.485733,0.741012
2026-03-27T18:20:36.423115+00:00,20.208764,1774635636423114800,-0.711753,0.357282,0.431165,0.664920,-0.232590,0.657566,0.268363,-0.865172,-0.278923,0.032403,0.382064,-0.828701,0.003571,-0.407565,-0.600819,-0.168999,0.841511,0.208373,0.408687,0.487704,0.744829
2026-03-27T18:20:36.440213+00:00,20.225863,1774635636440213600,-0.711772,0.357390,0.431482,0.664613,-0.231862,0.657611,0.268282,-0.864760,-0.278465,0.032416,0.372934,-0.829650,0.010778,-0.416900,-0.600412,-0.168861,0.841397,0.207582,0.410729,0.488836,0.745792
2026-03-27T18:20:36.457298+00:00,20.242947,1774635636457297700,-0.711780,0.357464,0.431835,0.663814,-0.231302,0.658417,0.268916,-0.864407,-0.276787,0.032425,0.377716,-0.825225,0.010726,-0.418789,-0.599969,-0.168657,0.841255,0.206770,0.411811,0.488580,0.745486
2026-03-27T18:20:36.474271+00:00,20.259920,1774635636474270400,-0.711747,0.357628,0.432176,0.662767,-0.230733,0.659648,0.268984,-0.864609,-0.275439,0.032520,0.383238,-0.825153,0.010678,-0.416547,-0.599551,-0.168397,0.841078,0.206872,0.413016,0.488144,0.744971
2026-03-27T18:20:36.491289+00:00,20.276938,1774635636491288600,-0.711707,0.357808,0.432378,0.662270,-0.230183,0.660428,0.268340,-0.864957,-0.273940,0.032895,0.390901,-0.823441,0.013440,-0.410839,-0.599105,-0.168222,0.840898,0.208149,0.412051,0.485866,0.740816
2026-03-27T18:20:36.513051+00:00,20.298700,1774635636513050700,-0.711630,0.357879,0.432495,0.661093,-0.230348,0.662081,0.268274,-0.865645,-0.273232,0.033163,0.397007,-0.825373,0.021868,-0.401313,-0.598839,-0.168092,0.840706,0.207483,0.414774,0.486803,0.743361
2026-03-27T18:20:36.529946+00:00,20.315596,1774635636529946400,-0.711508,0.358005,0.432757,0.660556,-0.230647,0.662171,0.267121,-0.867065,-0.273159,0.032539,0.397774,-0.826854,0.044841,-0.392960,-0.598846,-0.168215,0.840492,0.208927,0.413123,0.484341,0.740292
2026-03-27T18:20:36.546892+00:00,20.332542,1774635636546892200,-0.711426,0.358042,0.432613,0.660306,-0.231264,0.662945,0.266830,-0.867222,-0.272789,0.032137,0.398864,-0.828320,0.044287,-0.389109,-0.599049,-0.168422,0.840460,0.208598,0.412275,0.486207,0.741075
2026-03-27T18:20:36.563867+00:00,20.349517,1774635636563867300,-0.711413,0.358011,0.432364,0.660386,-0.231420,0.662795,0.266546,-0.866523,-0.271247,0.031195,0.404166,-0.827874,0.051857,-0.384633,-0.599372,-0.168604,0.840487,0.207841,0.411046,0.487664,0.741705
2026-03-27T18:20:36.580757+00:00,20.366406,1774635636580756800,-0.711509,0.358037,0.432281,0.660793,-0.231602,0.662410,0.266020,-0.864632,-0.268550,0.030051,0.419317,-0.819229,0.051677,-0.390188,-0.599853,-0.168744,0.840529,0.206740,0.411762,0.489775,0.745286
2026-03-27T18:20:36.597853+00:00,20.383503,1774635636597853500,-0.711584,0.358195,0.432352,0.660458,-0.231439,0.662710,0.266242,-0.862874,-0.265791,0.028472,0.425589,-0.813695,0.056273,-0.390208,-0.600381,-0.168801,0.840643,0.207752,0.408853,0.487398,0.743609
2026-03-27T18:20:36.614965+00:00,20.400615,1774635636614965300,-0.711732,0.358293,0.432391,0.660296,-0.231268,0.663463,0.266167,-0.861620,-0.263346,0.027039,0.425566,-0.813072,0.063576,-0.392634,-0.600893,-0.168636,0.840765,0.208304,0.406461,0.485366,0.741606
2026-03-27T18:20:36.631878+00:00,20.417528,1774635636631878500,-0.711908,0.358388,0.432444,0.660540,-0.230736,0.662734,0.265814,-0.860555,-0.260572,0.024972,0.424204,-0.813653,0.071352,-0.392339,-0.601134,-0.168183,0.840782,0.208078,0.406912,0.487230,0.743507
2026-03-27T18:20:36.649061+00:00,20.434710,1774635636649060700,-0.712070,0.358381,0.432523,0.659953,-0.230768,0.663823,0.266097,-0.859535,-0.257974,0.022555,0.423261,-0.813409,0.079385,-0.391389,-0.601236,-0.167500,0.840754,0.210236,0.406372,0.487721,0.740523
2026-03-27T18:20:36.665879+00:00,20.451529,1774635636665879200,-0.712211,0.358313,0.432643,0.659578,-0.230496,0.663948,0.266499,-0.857992,-0.254844,0.019524,0.424576,-0.812710,0.086556,-0.392014,-0.601330,-0.166877,0.840729,0.211598,0.410068,0.492307,0.744154
2026-03-27T18:20:36.682899+00:00,20.468548,1774635636682898400,-0.712379,0.358192,0.432749,0.659158,-0.230296,0.664176,0.267323,-0.855466,-0.251722,0.016411,0.426810,-0.807194,0.088995,-0.395821,-0.601491,-0.166164,0.840821,0.214836,0.408680,0.491450,0.739075
2026-03-27T18:20:36.700094+00:00,20.485744,1774635636700094400,-0.712627,0.358109,0.432892,0.658531,-0.230004,0.664675,0.267607,-0.852928,-0.248897,0.012519,0.423319,-0.806121,0.091787,-0.402188,-0.601761,-0.165415,0.841034,0.216348,0.407218,0.490969,0.733868
2026-03-27T18:20:36.717204+00:00,20.502854,1774635636717204000,-0.713267,0.358016,0.433059,0.657070,-0.229561,0.666116,0.268053,-0.847656,-0.243189,0.003942,0.415330,-0.803318,0.099204,-0.414994,-0.602517,-0.164416,0.841614,0.216293,0.408880,0.492460,0.733108
2026-03-27T18:20:36.734167+00:00,20.519817,1774635636734167000,-0.713618,0.357911,0.433055,0.656821,-0.229831,0.666181,0.268451,-0.845005,-0.240093,-0.001065,0.409804,-0.799838,0.106125,-0.423338,-0.602990,-0.164296,0.841934,0.215825,0.408607,0.491342,0.732900
2026-03-27T18:20:36.752169+00:00,20.537819,1774635636752169400,-0.713618,0.357911,0.433055,0.656821,-0.229831,0.666181,0.268451,-0.845005,-0.240093,-0.001065,0.409804,-0.799838,0.106125,-0.423338,-0.602990,-0.164296,0.841934,0.215825,0.408607,0.491342,0.732900
2026-03-27T18:20:36.768489+00:00,20.554139,1774635636768489400,-0.713914,0.357790,0.433024,0.656058,-0.230108,0.666806,0.268723,-0.841296,-0.235023,-0.009018,0.405681,-0.796309,0.116450,-0.434878,-0.604090,-0.164242,0.842515,0.214152,0.410315,0.491900,0.737143
2026-03-27T18:20:36.785459+00:00,20.571108,1774635636785458600,-0.714374,0.357664,0.432884,0.655451,-0.230457,0.666628,0.269095,-0.837862,-0.229707,-0.016839,0.415426,-0.786456,0.121936,-0.438865,-0.604845,-0.164120,0.842959,0.213162,0.411320,0.493550,0.739916
2026-03-27T18:20:36.802566+00:00,20.588216,1774635636802566500,-0.714625,0.357563,0.432688,0.655127,-0.229973,0.666964,0.269803,-0.835637,-0.226174,-0.022440,0.427079,-0.781134,0.120040,-0.438849,-0.605964,-0.163786,0.843418,0.214956,0.408923,0.492514,0.736078
2026-03-27T18:20:36.819572+00:00,20.605222,1774635636819572500,-0.714955,0.357326,0.432255,0.655096,-0.229493,0.666808,0.271196,-0.833549,-0.222912,-0.028090,0.436585,-0.775754,0.120028,-0.439662,-0.606889,-0.163599,0.843681,0.214165,0.409429,0.495269,0.739025
2026-03-27T18:20:36.836639+00:00,20.622289,1774635636836639600,-0.715077,0.357229,0.432068,0.655332,-0.229541,0.666477,0.271583,-0.831962,-0.220180,-0.033260,0.440917,-0.771327,0.123767,-0.441024,-0.607421,-0.163466,0.843862,0.215150,0.405851,0.492330,0.733866
2026-03-27T18:20:36.853694+00:00,20.639344,1774635636853694500,-0.715317,0.357108,0.431716,0.655647,-0.229646,0.665454,0.272315,-0.831115,-0.217711,-0.037661,0.444013,-0.769461,0.127095,-0.443378,-0.608931,-0.162982,0.844207,0.212420,0.405183,0.495107,0.736892
2026-03-27T18:20:36.870779+00:00,20.656429,1774635636870779400,-0.715567,0.357149,0.431322,0.655925,-0.229457,0.665318,0.272643,-0.830473,-0.215075,-0.041790,0.451523,-0.763393,0.130453,-0.441212,-0.609434,-0.162748,0.844286,0.212619,0.403727,0.494095,0.735296
2026-03-27T18:20:36.887857+00:00,20.673506,1774635636887856600,-0.716185,0.357486,0.430323,0.655943,-0.228762,0.665760,0.271232,-0.830518,-0.211774,-0.047453,0.460881,-0.760586,0.135063,-0.436270,-0.611201,-0.161268,0.844328,0.215259,0.404759,0.493425,0.735551
2026-03-27T18:20:36.904822+00:00,20.690472,1774635636904822200,-0.716590,0.357507,0.429715,0.655579,-0.229367,0.666870,0.270323,-0.833710,-0.210368,-0.051330,0.469170,-0.766523,0.133481,-0.418284,-0.611925,-0.160306,0.844151,0.217736,0.406218,0.494453,0.736122
2026-03-27T18:20:36.921862+00:00,20.707511,1774635636921861800,-0.717066,0.357419,0.429109,0.655552,-0.229836,0.666820,0.270114,-0.835019,-0.209799,-0.052374,0.472007,-0.767663,0.132382,-0.412648,-0.612834,-0.159259,0.843922,0.219767,0.406590,0.495543,0.736130
2026-03-27T18:20:36.938920+00:00,20.724569,1774635636938919800,-0.717581,0.357259,0.428592,0.655133,-0.230745,0.666957,0.269829,-0.836699,-0.208330,-0.053810,0.478721,-0.767098,0.134248,-0.405481,-0.613971,-0.158376,0.843767,0.221335,0.404961,0.497472,0.735023
2026-03-27T18:20:36.955733+00:00,20.741383,1774635636955733000,-0.718065,0.357073,0.428168,0.654059,-0.231291,0.667894,0.269955,-0.837912,-0.206994,-0.054666,0.482936,-0.764637,0.138546,-0.402460,-0.615244,-0.157714,0.843679,0.222248,0.401812,0.498321,0.733113
2026-03-27T18:20:36.975896+00:00,20.761546,1774635636975896300,-0.718065,0.357073,0.428168,0.654059,-0.231291,0.667894,0.269955,-0.837912,-0.206994,-0.054666,0.482936,-0.764637,0.138546,-0.402460,-0.615244,-0.157714,0.843679,0.222248,0.401812,0.498321,0.733113
2026-03-27T18:20:36.992787+00:00,20.778437,1774635636992787000,-0.719556,0.356587,0.427495,0.651281,-0.232391,0.669803,0.270128,-0.842956,-0.205214,-0.055799,0.484606,-0.766829,0.145138,-0.393804,-0.618925,-0.156617,0.843602,0.220588,0.396230,0.502761,0.735852
2026-03-27T18:20:37.009847+00:00,20.795497,1774635637009846900,-0.719852,0.356459,0.427430,0.650242,-0.232549,0.670811,0.270166,-0.844329,-0.205131,-0.055755,0.484993,-0.769040,0.145648,-0.390703,-0.619565,-0.156411,0.843550,0.220757,0.395254,0.502732,0.736356
2026-03-27T18:20:37.026901+00:00,20.812550,1774635637026900800,-0.720201,0.356303,0.427378,0.649774,-0.232758,0.671202,0.270284,-0.847402,-0.205176,-0.055653,0.486616,-0.771016,0.144522,-0.383235,-0.620868,-0.155899,0.843401,0.222152,0.394303,0.502097,0.736350
2026-03-27T18:20:37.043877+00:00,20.829526,1774635637043876600,-0.721530,0.355646,0.427525,0.645519,-0.233653,0.674406,0.271405,-0.853455,-0.205595,-0.053963,0.485320,-0.777906,0.147348,-0.372919,-0.623374,-0.154417,0.842953,0.224926,0.393292,0.503847,0.735438
2026-03-27T18:20:37.060994+00:00,20.846643,1774635637060993700,-0.722157,0.355334,0.427672,0.643540,-0.234201,0.676238,0.271947,-0.856450,-0.205180,-0.052854,0.486614,-0.777038,0.150637,-0.369156,-0.624663,-0.153578,0.842813,0.226754,0.391625,0.504911,0.733206
2026-03-27T18:20:37.077885+00:00,20.863535,1774635637077885500,-0.722838,0.355063,0.427863,0.641455,-0.233761,0.677618,0.272897,-0.859318,-0.203937,-0.052190,0.489739,-0.776317,0.152458,-0.365446,-0.626243,-0.152577,0.842784,0.227988,0.389154,0.505632,0.733025
2026-03-27T18:20:37.095107+00:00,20.880757,1774635637095107300,-0.723490,0.354900,0.428129,0.639139,-0.233802,0.680119,0.272893,-0.862172,-0.201990,-0.051579,0.493486,-0.774535,0.157049,-0.363131,-0.627090,-0.152000,0.842817,0.227947,0.388152,0.506971,0.734189
2026-03-27T18:20:37.112215+00:00,20.897864,1774635637112214600,-0.724247,0.354780,0.428320,0.637629,-0.233969,0.681245,0.272577,-0.864882,-0.199761,-0.050820,0.496985,-0.772544,0.163704,-0.360721,-0.629666,-0.150105,0.843077,0.229063,0.384447,0.510777,0.733763
2026-03-27T18:20:37.129240+00:00,20.914890,1774635637129240100,-0.725028,0.354583,0.428587,0.635432,-0.234041,0.683345,0.273115,-0.868255,-0.197515,-0.050320,0.498911,-0.770767,0.170764,-0.357595,-0.630504,-0.149395,0.843190,0.230000,0.382893,0.511522,0.733037
2026-03-27T18:20:37.146289+00:00,20.931939,1774635637146288900,-0.725784,0.354411,0.428969,0.632951,-0.234444,0.685094,0.273350,-0.871590,-0.195597,-0.049932,0.500578,-0.769806,0.175339,-0.355012,-0.632129,-0.147984,0.843491,0.232052,0.380274,0.513045,0.730979
2026-03-27T18:20:37.163270+00:00,20.948920,1774635637163270100,-0.726553,0.354271,0.429480,0.629996,-0.234895,0.687298,0.273628,-0.874709,-0.193865,-0.050087,0.501820,-0.769582,0.177017,-0.351928,-0.633667,-0.146499,0.843813,0.233588,0.378683,0.515053,0.729034
2026-03-27T18:20:37.183789+00:00,20.969438,1774635637183788800,-0.726553,0.354271,0.429480,0.629996,-0.234895,0.687298,0.273628,-0.874709,-0.193865,-0.050087,0.501820,-0.769582,0.177017,-0.351928,-0.633667,-0.146499,0.843813,0.233588,0.378683,0.515053,0.729034
2026-03-27T18:20:37.200502+00:00,20.986152,1774635637200502100,-0.728799,0.354127,0.431374,0.622341,-0.234887,0.695007,0.272328,-0.878158,-0.187218,-0.052726,0.509787,-0.756957,0.180960,-0.365517,-0.637528,-0.141872,0.845011,0.243017,0.377315,0.521949,0.721881
2026-03-27T18:20:37.217582+00:00,21.003232,1774635637217582000,-0.729684,0.353826,0.432404,0.619410,-0.235504,0.696802,0.272793,-0.878190,-0.185542,-0.054561,0.507290,-0.754413,0.180382,-0.374822,-0.638820,-0.140447,0.845658,0.245910,0.376656,0.523753,0.718733
2026-03-27T18:20:37.234592+00:00,21.020242,1774635637234592200,-0.730531,0.353488,0.433429,0.616652,-0.236355,0.699152,0.273804,-0.877747,-0.184840,-0.055702,0.505770,-0.752917,0.179542,-0.380619,-0.640219,-0.139310,0.846502,0.246985,0.377091,0.526131,0.716805
2026-03-27T18:20:37.251628+00:00,21.037278,1774635637251628100,-0.731339,0.353342,0.434400,0.614688,-0.237011,0.700378,0.273691,-0.876764,-0.184337,-0.058192,0.501440,-0.750366,0.175639,-0.391933,-0.641688,-0.138668,0.847512,0.245833,0.378641,0.530852,0.719718
2026-03-27T18:20:37.268441+00:00,21.054091,1774635637268440900,-0.732233,0.353257,0.435510,0.613078,-0.237363,0.701858,0.273176,-0.875441,-0.185069,-0.061395,0.496598,-0.750025,0.166370,-0.403375,-0.643293,-0.138409,0.848721,0.246430,0.376825,0.529134,0.716599
2026-03-27T18:20:37.285348+00:00,21.070998,1774635637285347900,-0.732947,0.353185,0.436647,0.611444,-0.237307,0.703760,0.273132,-0.873917,-0.186825,-0.064666,0.492656,-0.750009,0.154249,-0.413268,-0.644826,-0.138488,0.850001,0.244214,0.378330,0.533733,0.719478
2026-03-27T18:20:37.302433+00:00,21.088082,1774635637302432800,-0.733668,0.353012,0.438146,0.609959,-0.237454,0.704693,0.273205,-0.871492,-0.189528,-0.068541,0.492240,-0.748131,0.139288,-0.423232,-0.646188,-0.138806,0.851252,0.245152,0.377921,0.533327,0.714221
2026-03-27T18:20:37.319434+00:00,21.105084,1774635637319433900,-0.734148,0.352738,0.439727,0.607414,-0.237512,0.706959,0.274640,-0.869406,-0.193062,-0.072660,0.495526,-0.744469,0.123402,-0.429392,-0.647545,-0.139494,0.852619,0.245889,0.377775,0.535131,0.711707
2026-03-27T18:20:37.336457+00:00,21.122107,1774635637336457100,-0.734313,0.352633,0.440565,0.606235,-0.237477,0.707407,0.274881,-0.868778,-0.198281,-0.076755,0.494957,-0.747752,0.110515,-0.429217,-0.649146,-0.140548,0.854172,0.245578,0.378241,0.538244,0.711035
2026-03-27T18:20:37.353479+00:00,21.139129,1774635637353479200,-0.734719,0.352441,0.443108,0.603708,-0.237293,0.709386,0.276048,-0.868306,-0.203588,-0.080464,0.501996,-0.748416,0.095625,-0.422568,-0.650964,-0.142138,0.855680,0.243131,0.377302,0.540384,0.710101
2026-03-27T18:20:37.370654+00:00,21.156304,1774635637370654100,-0.734823,0.352420,0.443923,0.603443,-0.236795,0.709250,0.276186,-0.862861,-0.205142,-0.085057,0.541419,-0.719198,0.072955,-0.429516,-0.653237,-0.144092,0.857530,0.238457,0.376575,0.542855,0.712868
2026-03-27T18:20:37.387640+00:00,21.173289,1774635637387639800,-0.735223,0.352360,0.447172,0.601277,-0.236644,0.711358,0.276815,-0.859166,-0.215457,-0.093808,0.544212,-0.718942,0.065175,-0.428259,-0.657919,-0.148587,0.861232,0.228860,0.376394,0.545807,0.717924
2026-03-27T18:20:37.408056+00:00,21.193706,1774635637408056000,-0.735223,0.352360,0.447172,0.601277,-0.236644,0.711358,0.276815,-0.859166,-0.215457,-0.093808,0.544212,-0.718942,0.065175,-0.428259,-0.657919,-0.148587,0.861232,0.228860,0.376394,0.545807,0.717924
2026-03-27T18:20:37.424777+00:00,21.210427,1774635637424777100,-0.736041,0.352599,0.451988,0.597043,-0.235861,0.715681,0.276811,-0.862000,-0.230100,-0.098540,0.511920,-0.758075,0.042201,-0.401512,-0.662860,-0.154288,0.864691,0.226421,0.375825,0.545147,0.716046
2026-03-27T18:20:37.441795+00:00,21.227445,1774635637441795100,-0.736280,0.352705,0.453049,0.596250,-0.235375,0.716149,0.276358,-0.864011,-0.236053,-0.099486,0.482616,-0.785130,0.025175,-0.386764,-0.665908,-0.157149,0.866572,0.221215,0.374633,0.546781,0.714798
2026-03-27T18:20:37.458841+00:00,21.244491,1774635637458841100,-0.736764,0.352889,0.455180,0.593666,-0.235381,0.718852,0.275697,-0.863777,-0.238426,-0.098697,0.457090,-0.801533,0.020247,-0.383857,-0.667664,-0.158651,0.867544,0.218870,0.372429,0.545738,0.715054
2026-03-27T18:20:37.475853+00:00,21.261502,1774635637475852700,-0.737429,0.353108,0.457838,0.590200,-0.235935,0.721582,0.274290,-0.860707,-0.234937,-0.095907,0.454337,-0.800588,0.028721,-0.388801,-0.671402,-0.161431,0.869649,0.213051,0.371341,0.548103,0.724072
2026-03-27T18:20:37.492913+00:00,21.278563,1774635637492913300,-0.738373,0.353156,0.462154,0.583852,-0.237803,0.726695,0.272903,-0.856035,-0.227270,-0.091556,0.470497,-0.786602,0.049578,-0.397058,-0.678096,-0.165123,0.873266,0.210395,0.362007,0.538567,0.725064
2026-03-27T18:20:37.509902+00:00,21.295552,1774635637509902600,-0.738696,0.353070,0.463800,0.581336,-0.237940,0.728964,0.272633,-0.852212,-0.218766,-0.087410,0.489244,-0.770419,0.076475,-0.401211,-0.680058,-0.166178,0.874436,0.209296,0.360831,0.538338,0.726241
2026-03-27T18:20:37.526962+00:00,21.312611,1774635637526961600,-0.739229,0.352815,0.467377,0.574897,-0.238559,0.733814,0.272666,-0.849519,-0.211196,-0.083825,0.501512,-0.759268,0.101049,-0.402647,-0.685459,-0.168984,0.877823,0.203654,0.360951,0.547389,0.724706
2026-03-27T18:20:37.543998+00:00,21.329648,1774635637543998000,-0.739627,0.352419,0.471002,0.568414,-0.238818,0.737940,0.273186,-0.848336,-0.205592,-0.080966,0.505235,-0.755984,0.119106,-0.398814,-0.687380,-0.169989,0.879075,0.200717,0.359925,0.550291,0.723616
2026-03-27T18:20:37.560730+00:00,21.346379,1774635637560729500,-0.740375,0.351485,0.477306,0.560230,-0.240787,0.744351,0.274018,-0.847113,-0.200136,-0.075796,0.494202,-0.768404,0.131428,-0.385664,-0.695912,-0.174495,0.885066,0.193143,0.357771,0.556850,0.730636
2026-03-27T18:20:37.577658+00:00,21.363307,1774635637577657500,-0.740697,0.351029,0.479899,0.558790,-0.241628,0.744125,0.273760,-0.845410,-0.198377,-0.073203,0.492412,-0.771241,0.128051,-0.380794,-0.700125,-0.176995,0.888131,0.197453,0.356393,0.549491,0.728057
2026-03-27T18:20:37.594865+00:00,21.380515,1774635637594865200,-0.740953,0.350534,0.482408,0.556877,-0.242379,0.744887,0.274492,-0.844154,-0.197412,-0.071788,0.491669,-0.773644,0.126803,-0.380428,-0.703634,-0.179749,0.891080,0.195019,0.359122,0.550326,0.730855
2026-03-27T18:20:37.617888+00:00,21.403537,1774635637617887700,-0.740953,0.350534,0.482408,0.556877,-0.242379,0.744887,0.274492,-0.844154,-0.197412,-0.071788,0.491669,-0.773644,0.126803,-0.380428,-0.703634,-0.179749,0.891080,0.195019,0.359122,0.550326,0.730855
2026-03-27T18:20:37.633630+00:00,21.419279,1774635637633629800,-0.741331,0.349541,0.486999,0.554139,-0.244677,0.746157,0.277079,-0.838396,-0.193510,-0.066002,0.493168,-0.774177,0.130814,-0.374672,-0.711884,-0.187120,0.897698,0.181251,0.357056,0.547139,0.729389
2026-03-27T18:20:37.650427+00:00,21.436077,1774635637650427000,-0.741550,0.349208,0.488945,0.554805,-0.245874,0.745036,0.277675,-0.835594,-0.191419,-0.063336,0.492122,-0.775694,0.135318,-0.372170,-0.716650,-0.191659,0.901156,0.166119,0.355022,0.550541,0.734862
2026-03-27T18:20:37.667809+00:00,21.453459,1774635637667808900,-0.741703,0.348979,0.490856,0.555803,-0.246425,0.743623,0.278041,-0.832645,-0.189157,-0.060765,0.490575,-0.776500,0.139466,-0.370371,-0.721664,-0.196367,0.904696,0.150881,0.351110,0.549296,0.742251
2026-03-27T18:20:37.684786+00:00,21.470436,1774635637684786100,-0.741815,0.348776,0.493925,0.556696,-0.246484,0.741862,0.279366,-0.826114,-0.184387,-0.055694,0.489744,-0.774742,0.148468,-0.372550,-0.728448,-0.205054,0.910237,0.141230,0.351401,0.541733,0.743310
2026-03-27T18:20:37.701968+00:00,21.487618,1774635637701968500,-0.741942,0.348848,0.496065,0.556852,-0.246386,0.741990,0.279851,-0.822430,-0.182262,-0.052994,0.487289,-0.775446,0.154062,-0.372045,-0.731284,-0.209402,0.912623,0.142317,0.352133,0.536338,0.745726
2026-03-27T18:20:37.718970+00:00,21.504619,1774635637718969600,-0.742039,0.349067,0.498266,0.557001,-0.246780,0.741960,0.279267,-0.818772,-0.180258,-0.050183,0.485268,-0.775535,0.156188,-0.373361,-0.732686,-0.211549,0.913673,0.138153,0.357639,0.543517,0.757597
2026-03-27T18:20:37.736118+00:00,21.521768,1774635637736118400,-0.742070,0.349376,0.500292,0.557771,-0.247012,0.741623,0.278417,-0.815278,-0.178469,-0.047724,0.481949,-0.777750,0.156564,-0.374017,-0.737635,-0.217656,0.916295,0.131593,0.351032,0.539435,0.752164
2026-03-27T18:20:37.753093+00:00,21.538742,1774635637753092700,-0.742220,0.349647,0.502259,0.559529,-0.246570,0.740432,0.277537,-0.812009,-0.176848,-0.045411,0.479063,-0.778654,0.156925,-0.373930,-0.739487,-0.219523,0.917174,0.129683,0.345104,0.535485,0.746172
2026-03-27T18:20:37.770160+00:00,21.555810,1774635637770160000,-0.742601,0.349548,0.504215,0.561401,-0.246434,0.739310,0.277349,-0.808611,-0.175560,-0.043085,0.474330,-0.781457,0.157379,-0.375124,-0.742979,-0.223275,0.918605,0.121704,0.342640,0.543147,0.756980
2026-03-27T18:20:37.787195+00:00,21.572845,1774635637787195100,-0.742837,0.349422,0.506172,0.562942,-0.246212,0.738205,0.277839,-0.805177,-0.174400,-0.040758,0.469438,-0.783401,0.156996,-0.375772,-0.746139,-0.227024,0.919920,0.114944,0.340844,0.537564,0.763422
2026-03-27T18:20:37.804269+00:00,21.589919,1774635637804269300,-0.743164,0.349292,0.508118,0.564654,-0.245961,0.736536,0.278813,-0.801586,-0.173466,-0.038500,0.464849,-0.786007,0.157077,-0.377161,-0.748740,-0.230491,0.920854,0.107191,0.346818,0.529919,0.777311
2026-03-27T18:20:37.821262+00:00,21.606911,1774635637821261600,-0.743548,0.349274,0.510044,0.566370,-0.246023,0.735075,0.279219,-0.797962,-0.172258,-0.036424,0.461976,-0.787860,0.157173,-0.377933,-0.751381,-0.234012,0.921527,0.106278,0.348663,0.504477,0.777609
2026-03-27T18:20:37.840590+00:00,21.626239,1774635637840589600,-0.743974,0.349286,0.511931,0.567828,-0.245475,0.734628,0.279854,-0.795954,-0.171539,-0.035361,0.462332,-0.786769,0.155890,-0.378221,-0.753890,-0.237005,0.921881,0.107958,0.346855,0.477715,0.773108
2026-03-27T18:20:37.857261+00:00,21.642911,1774635637857261300,-0.744995,0.348956,0.515127,0.573983,-0.244628,0.729364,0.280069,-0.789196,-0.169202,-0.031949,0.462666,-0.786312,0.155746,-0.377201,-0.758063,-0.239981,0.920854,0.110992,0.363912,0.475015,0.802028
2026-03-27T18:20:37.874201+00:00,21.659850,1774635637874200800,-0.745629,0.348483,0.516358,0.578013,-0.245245,0.725846,0.280855,-0.785898,-0.168287,-0.030342,0.463471,-0.786994,0.154633,-0.378074,-0.760451,-0.240642,0.920112,0.116331,0.364810,0.474341,0.808078
2026-03-27T18:20:37.891186+00:00,21.676835,1774635637891185600,-0.746255,0.347807,0.517443,0.581765,-0.246378,0.722383,0.282428,-0.782944,-0.167786,-0.028940,0.464117,-0.786935,0.150889,-0.377221,-0.763464,-0.241244,0.919650,0.120854,0.360140,0.466918,0.810032
2026-03-27T18:20:37.908140+00:00,21.693790,1774635637908140400,-0.746573,0.347432,0.517959,0.583721,-0.246572,0.720279,0.282953,-0.780601,-0.167590,-0.028027,0.462945,-0.789296,0.151248,-0.374529,-0.766820,-0.241633,0.918918,0.130990,0.347110,0.446539,0.806356
2026-03-27T18:20:37.925247+00:00,21.710897,1774635637925247600,-0.747167,0.346700,0.519117,0.587354,-0.247101,0.716158,0.284103,-0.778284,-0.167349,-0.027163,0.463209,-0.790919,0.149806,-0.371651,-0.769755,-0.241620,0.918109,0.136968,0.344945,0.441195,0.810064
2026-03-27T18:20:37.942242+00:00,21.727892,1774635637942241900,-0.747767,0.346102,0.520268,0.589913,-0.247975,0.713865,0.285600,-0.775738,-0.166874,-0.026525,0.467143,-0.789140,0.148055,-0.369486,-0.772222,-0.241059,0.917115,0.139551,0.345383,0.446337,0.811619
2026-03-27T18:20:37.959343+00:00,21.744993,1774635637959343200,-0.748264,0.345711,0.521458,0.592870,-0.248126,0.710795,0.286758,-0.773203,-0.166422,-0.026041,0.472085,-0.786768,0.146212,-0.368484,-0.774569,-0.240358,0.916325,0.137686,0.348398,0.458162,0.819151
2026-03-27T18:20:37.976426+00:00,21.762076,1774635637976426100,-0.748670,0.345431,0.522680,0.595626,-0.247371,0.708254,0.287398,-0.770312,-0.165905,-0.025727,0.478180,-0.783362,0.143604,-0.368793,-0.776178,-0.239729,0.916113,0.136819,0.341501,0.456241,0.814358
2026-03-27T18:20:37.993475+00:00,21.779124,1774635637993474700,-0.749044,0.345261,0.523979,0.597897,-0.247300,0.705899,0.287856,-0.767706,-0.165511,-0.025478,0.483243,-0.779731,0.143394,-0.370181,-0.777409,-0.239122,0.916420,0.140277,0.337639,0.447084,0.808265
2026-03-27T18:20:38.010485+00:00,21.796135,1774635638010485000,-0.749391,0.345135,0.525246,0.600010,-0.247149,0.704196,0.288930,-0.762732,-0.165763,-0.025692,0.485789,-0.776383,0.140623,-0.374486,-0.777551,-0.238550,0.916993,0.138882,0.340885,0.446487,0.818308
2026-03-27T18:20:38.027502+00:00,21.813152,1774635638027502000,-0.750049,0.345107,0.527671,0.602851,-0.246972,0.701037,0.290521,-0.760576,-0.166287,-0.026170,0.483564,-0.778657,0.136822,-0.376810,-0.775656,-0.231962,0.919462,0.152717,0.354016,0.404880,0.826639
2026-03-27T18:20:38.047957+00:00,21.833607,1774635638047957100,-0.750049,0.345107,0.527671,0.602851,-0.246972,0.701037,0.290521,-0.760576,-0.166287,-0.026170,0.483564,-0.778657,0.136822,-0.376810,-0.775656,-0.231962,0.919462,0.152717,0.354016,0.404880,0.826639
2026-03-27T18:20:38.064606+00:00,21.850256,1774635638064605900,-0.751284,0.345712,0.529593,0.606355,-0.245989,0.698969,0.289841,-0.755957,-0.166905,-0.026718,0.481180,-0.778054,0.127786,-0.382193,-0.769269,-0.215319,0.925367,0.173975,0.398174,0.407286,0.811053
2026-03-27T18:20:38.081615+00:00,21.867265,1774635638081615100,-0.752183,0.346086,0.530188,0.609068,-0.244868,0.697102,0.288321,-0.753751,-0.166994,-0.026719,0.480247,-0.777507,0.125138,-0.385353,-0.765756,-0.207287,0.929328,0.192209,0.408090,0.399213,0.792875
2026-03-27T18:20:38.098690+00:00,21.884340,1774635638098690000,-0.753178,0.346237,0.530512,0.612206,-0.244907,0.694943,0.287349,-0.751565,-0.167149,-0.026643,0.477903,-0.779009,0.123476,-0.387924,-0.761792,-0.201390,0.933690,0.209689,0.423059,0.392402,0.785346
2026-03-27T18:20:38.115768+00:00,21.901418,1774635638115768100,-0.754106,0.346090,0.530679,0.615407,-0.245122,0.691636,0.286538,-0.749437,-0.167061,-0.026474,0.477582,-0.778083,0.121360,-0.390263,-0.757881,-0.198236,0.938348,0.214276,0.437585,0.385266,0.785896
2026-03-27T18:20:38.132918+00:00,21.918568,1774635638132917900,-0.754948,0.345709,0.530788,0.618279,-0.246503,0.689372,0.286835,-0.747261,-0.166896,-0.026064,0.479547,-0.775851,0.122387,-0.392031,-0.754633,-0.197942,0.942884,0.204551,0.448830,0.380113,0.781616
2026-03-27T18:20:38.149878+00:00,21.935528,1774635638149877900,-0.755627,0.345269,0.530877,0.621253,-0.247166,0.685653,0.287587,-0.745534,-0.166837,-0.025577,0.483030,-0.772315,0.123375,-0.392215,-0.751609,-0.199643,0.947221,0.190168,0.457819,0.380423,0.779546
2026-03-27T18:20:38.166901+00:00,21.952551,1774635638166901000,-0.756157,0.344680,0.531030,0.623162,-0.247689,0.683626,0.289011,-0.744451,-0.167300,-0.025289,0.486134,-0.771569,0.123286,-0.390027,-0.748412,-0.203406,0.952360,0.172036,0.465868,0.377960,0.771934
2026-03-27T18:20:38.183962+00:00,21.969612,1774635638183962000,-0.757007,0.343064,0.530482,0.628928,-0.251262,0.675320,0.291163,-0.743860,-0.168719,-0.025127,0.490459,-0.772914,0.119204,-0.383934,-0.747591,-0.217434,0.959011,0.142175,0.468904,0.357742,0.780598
2026-03-27T18:20:38.200962+00:00,21.986612,1774635638200962300,-0.757235,0.342070,0.530166,0.630354,-0.253696,0.672729,0.293024,-0.743828,-0.170453,-0.025043,0.497601,-0.771310,0.114372,-0.378880,-0.748639,-0.225497,0.959954,0.123132,0.471945,0.360751,0.796310
2026-03-27T18:20:38.218128+00:00,22.003778,1774635638218128400,-0.757370,0.341243,0.530281,0.630429,-0.254442,0.671331,0.295110,-0.743975,-0.171172,-0.025020,0.499146,-0.772309,0.112968,-0.377482,-0.749409,-0.232211,0.960397,0.106601,0.458703,0.371618,0.786332
2026-03-27T18:20:38.235035+00:00,22.020685,1774635638235035200,-0.757378,0.340765,0.530622,0.629089,-0.254230,0.671781,0.297270,-0.744677,-0.172652,-0.024968,0.503707,-0.770375,0.110502,-0.373887,-0.750596,-0.237323,0.959883,0.092046,0.451999,0.403235,0.799844
2026-03-27T18:20:38.251933+00:00,22.037583,1774635638251932900,-0.757405,0.340652,0.530787,0.628481,-0.253249,0.672365,0.297966,-0.745735,-0.174031,-0.024892,0.506766,-0.770573,0.109071,-0.370744,-0.753123,-0.242163,0.958591,0.085553,0.435673,0.440804,0.814006
2026-03-27T18:20:38.269031+00:00,22.054681,1774635638269030900,-0.757432,0.340869,0.530619,0.628801,-0.252586,0.672118,0.298483,-0.747251,-0.175366,-0.024705,0.508861,-0.770964,0.107777,-0.367151,-0.756465,-0.246635,0.957528,0.084544,0.389126,0.438461,0.780589
2026-03-27T18:20:38.288387+00:00,22.074037,1774635638288387400,-0.757432,0.340869,0.530619,0.628801,-0.252586,0.672118,0.298483,-0.747251,-0.175366,-0.024705,0.508861,-0.770964,0.107777,-0.367151,-0.756465,-0.246635,0.957528,0.084544,0.389126,0.438461,0.780589
2026-03-27T18:20:38.305506+00:00,22.091155,1774635638305505700,-0.757842,0.341567,0.530063,0.630246,-0.249461,0.671706,0.299054,-0.750025,-0.177415,-0.024022,0.507010,-0.772244,0.106843,-0.366562,-0.760333,-0.252593,0.955275,0.075166,0.387042,0.468714,0.834141
2026-03-27T18:20:38.322553+00:00,22.108202,1774635638322552600,-0.758348,0.342164,0.529756,0.630929,-0.247565,0.671787,0.297839,-0.751140,-0.178044,-0.023584,0.503987,-0.773358,0.107533,-0.368961,-0.758679,-0.256701,0.951369,0.069069,0.409695,0.444037,0.838714
2026-03-27T18:20:38.339592+00:00,22.125242,1774635638339591900,-0.759931,0.342648,0.528761,0.630937,-0.247006,0.674079,0.295431,-0.754491,-0.178621,-0.022632,0.497866,-0.776182,0.108809,-0.370707,-0.756736,-0.255686,0.951143,0.079687,0.412223,0.399887,0.792654
2026-03-27T18:20:38.356613+00:00,22.142262,1774635638356612500,-0.760910,0.342401,0.527882,0.632581,-0.248528,0.671511,0.293997,-0.756327,-0.178209,-0.022099,0.498069,-0.775987,0.109057,-0.370812,-0.755273,-0.253171,0.951601,0.081526,0.425673,0.384258,0.782530
2026-03-27T18:20:38.373736+00:00,22.159386,1774635638373736100,-0.761811,0.341913,0.526726,0.634163,-0.250742,0.669737,0.294349,-0.758092,-0.177214,-0.021394,0.500424,-0.774087,0.110808,-0.371019,-0.754701,-0.249723,0.952267,0.082326,0.438078,0.386307,0.785406
2026-03-27T18:20:38.390699+00:00,22.176349,1774635638390699000,-0.762830,0.341408,0.525354,0.637090,-0.251507,0.666173,0.295421,-0.759964,-0.175908,-0.020695,0.503852,-0.771661,0.115956,-0.371188,-0.754340,-0.247984,0.952382,0.080571,0.461723,0.406525,0.820999
2026-03-27T18:20:38.407721+00:00,22.193371,1774635638407720900,-0.763841,0.340970,0.524086,0.639484,-0.250992,0.662721,0.297272,-0.761997,-0.174739,-0.020100,0.505754,-0.770027,0.122006,-0.370759,-0.753655,-0.243993,0.952994,0.087054,0.454459,0.407984,0.795843
2026-03-27T18:20:38.424935+00:00,22.210585,1774635638424935500,-0.764847,0.340471,0.522982,0.640973,-0.249819,0.660935,0.299581,-0.764515,-0.173670,-0.019707,0.509136,-0.767312,0.127171,-0.368091,-0.752733,-0.239983,0.953873,0.092595,0.459381,0.424944,0.794311
2026-03-27T18:20:38.441907+00:00,22.227557,1774635638441906900,-0.765795,0.339947,0.521983,0.641693,-0.248330,0.659837,0.302166,-0.767421,-0.172766,-0.019290,0.512661,-0.765664,0.131196,-0.364878,-0.752163,-0.235539,0.954687,0.102606,0.442562,0.427059,0.763966
2026-03-27T18:20:38.458780+00:00,22.244430,1774635638458780000,-0.766772,0.339516,0.520908,0.642769,-0.247148,0.658076,0.303983,-0.770641,-0.171973,-0.019140,0.516163,-0.764891,0.135351,-0.359899,-0.751224,-0.231129,0.955328,0.111111,0.448910,0.454418,0.771828
2026-03-27T18:20:38.475709+00:00,22.261358,1774635638475708600,-0.767732,0.339198,0.519712,0.643586,-0.246467,0.656659,0.305475,-0.774282,-0.171181,-0.019023,0.519098,-0.763914,0.140625,-0.355292,-0.749924,-0.226734,0.955851,0.124809,0.446856,0.468556,0.756363
2026-03-27T18:20:38.492881+00:00,22.278530,1774635638492880600,-0.768737,0.338910,0.518217,0.644790,-0.245814,0.655468,0.306609,-0.777691,-0.170275,-0.019005,0.521642,-0.763747,0.146303,-0.351595,-0.747172,-0.221077,0.956836,0.140055,0.457877,0.478135,0.737042
2026-03-27T18:20:38.512815+00:00,22.298465,1774635638512815000,-0.769596,0.338764,0.516662,0.646653,-0.245563,0.653202,0.307386,-0.781366,-0.169219,-0.018810,0.526107,-0.761440,0.152128,-0.347944,-0.745406,-0.216064,0.957787,0.153067,0.461127,0.479355,0.725224
2026-03-27T18:20:38.530102+00:00,22.315751,1774635638530101500,-0.772111,0.338196,0.512247,0.652176,-0.243841,0.648167,0.308957,-0.787322,-0.167536,-0.018653,0.531797,-0.758021,0.160133,-0.342091,-0.745570,-0.207315,0.958244,0.182630,0.460983,0.476955,0.723756
2026-03-27T18:20:38.546799+00:00,22.332448,1774635638546798800,-0.773443,0.337868,0.509717,0.655710,-0.242849,0.644419,0.309223,-0.791688,-0.165988,-0.018099,0.536276,-0.755140,0.166718,-0.337882,-0.747138,-0.202856,0.957587,0.199283,0.455058,0.476420,0.721782
2026-03-27T18:20:38.563873+00:00,22.349523,1774635638563873300,-0.774775,0.337613,0.507253,0.659132,-0.242183,0.641143,0.309772,-0.796125,-0.164293,-0.017374,0.540343,-0.752535,0.175237,-0.332737,-0.749070,-0.198281,0.956411,0.215358,0.446994,0.483410,0.721365
2026-03-27T18:20:38.580775+00:00,22.366425,1774635638580775100,-0.775986,0.337407,0.505079,0.661812,-0.241438,0.637918,0.310208,-0.801445,-0.162439,-0.016333,0.544490,-0.749156,0.189143,-0.324944,-0.751308,-0.193090,0.954642,0.233981,0.432805,0.494978,0.716301
2026-03-27T18:20:38.597925+00:00,22.383575,1774635638597924900,-0.777459,0.336798,0.502717,0.663400,-0.241659,0.635867,0.311440,-0.807122,-0.160378,-0.015065,0.549964,-0.745419,0.205412,-0.315342,-0.753579,-0.187516,0.952175,0.252999,0.415515,0.513090,0.707901
2026-03-27T18:20:38.614962+00:00,22.400612,1774635638614962300,-0.778101,0.336513,0.501751,0.664094,-0.241415,0.635100,0.311776,-0.813193,-0.158216,-0.013433,0.557337,-0.740501,0.222553,-0.303118,-0.756311,-0.181743,0.949093,0.271550,0.396761,0.532096,0.696553
2026-03-27T18:20:38.631945+00:00,22.417594,1774635638631944800,-0.779391,0.335994,0.499599,0.665409,-0.241754,0.633012,0.312433,-0.819346,-0.155977,-0.011531,0.566796,-0.733754,0.234464,-0.292461,-0.759302,-0.176405,0.945699,0.287274,0.379381,0.549042,0.688324
2026-03-27T18:20:38.649075+00:00,22.434724,1774635638649074700,-0.780694,0.335542,0.497495,0.666442,-0.242391,0.631962,0.312588,-0.825223,-0.154180,-0.009381,0.574602,-0.728388,0.244875,-0.281249,-0.762444,-0.172146,0.942547,0.301452,0.361563,0.560165,0.681977
2026-03-27T18:20:38.666085+00:00,22.451735,1774635638666085400,-0.782835,0.334910,0.494336,0.668633,-0.242599,0.629674,0.311925,-0.831269,-0.152610,-0.006785,0.584552,-0.723269,0.251713,-0.269667,-0.766250,-0.168295,0.938927,0.314966,0.344548,0.566713,0.678303
2026-03-27T18:20:38.683262+00:00,22.468912,1774635638683262000,-0.783573,0.334687,0.493228,0.669002,-0.242358,0.629393,0.312435,-0.837729,-0.151671,-0.004525,0.591634,-0.718626,0.261339,-0.256224,-0.769607,-0.165233,0.935836,0.329690,0.327776,0.572668,0.673895
2026-03-27T18:20:38.700253+00:00,22.485903,1774635638700253300,-0.786316,0.333785,0.489532,0.670132,-0.241349,0.627851,0.313332,-0.851095,-0.151382,-0.000616,0.601513,-0.712777,0.275351,-0.233850,-0.775351,-0.160461,0.928574,0.336319,0.310161,0.584991,0.670778
2026-03-27T18:20:38.720259+00:00,22.505909,1774635638720259100,-0.786316,0.333785,0.489532,0.670132,-0.241349,0.627851,0.313332,-0.851095,-0.151382,-0.000616,0.601513,-0.712777,0.275351,-0.233850,-0.775351,-0.160461,0.928574,0.336319,0.310161,0.584991,0.670778
2026-03-27T18:20:38.737321+00:00,22.522970,1774635638737320600,-0.789637,0.331966,0.485276,0.669340,-0.242711,0.626332,0.316666,-0.867649,-0.152733,0.002569,0.621886,-0.702458,0.279378,-0.206203,-0.781676,-0.158821,0.923145,0.348413,0.285676,0.579896,0.678218
2026-03-27T18:20:38.754428+00:00,22.540077,1774635638754427800,-0.789637,0.331966,0.485276,0.669340,-0.242711,0.626332,0.316666,-0.867649,-0.152733,0.002569,0.621886,-0.702458,0.279378,-0.206203,-0.781676,-0.158821,0.923145,0.348413,0.285676,0.579896,0.678218
2026-03-27T18:20:38.771436+00:00,22.557086,1774635638771436500,-0.792325,0.330489,0.482134,0.667481,-0.243997,0.627366,0.318424,-0.881743,-0.156269,0.002304,0.627012,-0.704502,0.277038,-0.183992,-0.785899,-0.157603,0.919168,0.343779,0.279057,0.581372,0.681581
2026-03-27T18:20:38.788506+00:00,22.574155,1774635638788505700,-0.793747,0.329807,0.480492,0.666278,-0.244172,0.628200,0.318974,-0.885240,-0.157677,0.001838,0.626934,-0.706061,0.276165,-0.179133,-0.787466,-0.157829,0.918106,0.342913,0.278636,0.579468,0.685004
2026-03-27T18:20:38.805544+00:00,22.591193,1774635638805543600,-0.794587,0.329475,0.479583,0.665744,-0.244629,0.628428,0.318795,-0.891761,-0.160510,0.000721,0.627483,-0.709871,0.268544,-0.173131,-0.788265,-0.157976,0.917789,0.341785,0.278718,0.578221,0.686253
2026-03-27T18:20:38.822567+00:00,22.608216,1774635638822566300,-0.795996,0.328864,0.477956,0.664171,-0.245560,0.630008,0.319505,-0.897401,-0.163114,-0.000722,0.628766,-0.713085,0.259093,-0.169511,-0.790158,-0.158092,0.917226,0.334166,0.281418,0.581068,0.689253
2026-03-27T18:20:38.839593+00:00,22.625242,1774635638839592700,-0.798803,0.327962,0.475155,0.660886,-0.246524,0.632697,0.319499,-0.908328,-0.169231,-0.004023,0.628792,-0.720617,0.237879,-0.169690,-0.791022,-0.158111,0.916873,0.324487,0.287197,0.588342,0.684461
2026-03-27T18:20:38.856600+00:00,22.642249,1774635638856599700,-0.800352,0.327358,0.473899,0.658986,-0.247567,0.634316,0.319199,-0.910619,-0.170503,-0.004864,0.627621,-0.722210,0.234807,-0.171023,-0.791391,-0.158778,0.916804,0.320043,0.290698,0.588642,0.682885
2026-03-27T18:20:38.873419+00:00,22.659069,1774635638873419000,-0.802148,0.326596,0.472809,0.656343,-0.248860,0.637048,0.318881,-0.916335,-0.173485,-0.007154,0.624536,-0.724871,0.230944,-0.176856,-0.792062,-0.159555,0.917027,0.317348,0.294054,0.583654,0.688130
2026-03-27T18:20:38.890381+00:00,22.676030,1774635638890380700,-0.803856,0.326037,0.472026,0.653084,-0.249491,0.640302,0.318040,-0.918022,-0.174182,-0.007698,0.623360,-0.725430,0.230204,-0.179695,-0.792492,-0.160732,0.917158,0.315311,0.297803,0.578168,0.692551
2026-03-27T18:20:38.907450+00:00,22.693099,1774635638907449800,-0.805739,0.325481,0.471734,0.649929,-0.250001,0.643391,0.317010,-0.921175,-0.175306,-0.008514,0.619136,-0.727169,0.231345,-0.184997,-0.793252,-0.161656,0.917186,0.313983,0.299516,0.572110,0.692114
2026-03-27T18:20:38.924477+00:00,22.710126,1774635638924476700,-0.807654,0.324776,0.472349,0.644726,-0.249685,0.648973,0.316937,-0.923869,-0.175694,-0.008625,0.614803,-0.729653,0.231411,-0.189435,-0.794142,-0.162607,0.916866,0.310346,0.300019,0.573040,0.696557
2026-03-27T18:20:38.943569+00:00,22.729219,1774635638943568900,-0.807654,0.324776,0.472349,0.644726,-0.249685,0.648973,0.316937,-0.923869,-0.175694,-0.008625,0.614803,-0.729653,0.231411,-0.189435,-0.794142,-0.162607,0.916866,0.310346,0.300019,0.573040,0.696557
2026-03-27T18:20:38.960347+00:00,22.745997,1774635638960346900,-0.810644,0.323506,0.475836,0.630598,-0.246968,0.663945,0.317877,-0.927668,-0.175133,-0.007114,0.602188,-0.738078,0.233522,-0.195809,-0.798962,-0.163520,0.916075,0.318833,0.284298,0.577255,0.698464
2026-03-27T18:20:38.977087+00:00,22.762736,1774635638977086700,-0.812578,0.322417,0.479013,0.619460,-0.245685,0.675124,0.317307,-0.928404,-0.174597,-0.005737,0.596648,-0.740426,0.237264,-0.198195,-0.803577,-0.163421,0.915900,0.333914,0.268029,0.579439,0.696485
2026-03-27T18:20:38.993893+00:00,22.779543,1774635638993893500,-0.814404,0.321048,0.482039,0.610258,-0.246514,0.682971,0.315499,-0.928476,-0.173895,-0.003721,0.591342,-0.742154,0.243403,-0.198161,-0.810631,-0.162895,0.916153,0.354362,0.239880,0.578537,0.694502
2026-03-27T18:20:39.010867+00:00,22.796517,1774635639010867500,-0.815924,0.319379,0.485058,0.602511,-0.249483,0.689779,0.315149,-0.928121,-0.173346,-0.001590,0.586719,-0.744075,0.250795,-0.199113,-0.818485,-0.161779,0.915929,0.369949,0.205829,0.581987,0.693508
2026-03-27T18:20:39.027901+00:00,22.813551,1774635639027901500,-0.818623,0.315243,0.492920,0.584980,-0.254035,0.701276,0.320092,-0.927688,-0.172757,0.003368,0.581702,-0.745239,0.263145,-0.192272,-0.829419,-0.158222,0.913847,0.374510,0.153527,0.604126,0.685356
2026-03-27T18:20:39.044964+00:00,22.830614,1774635639044964300,-0.819648,0.313685,0.496915,0.577343,-0.253817,0.705848,0.322276,-0.927758,-0.172993,0.005569,0.580425,-0.746963,0.267190,-0.184918,-0.838364,-0.154747,0.910435,0.371820,0.117951,0.626581,0.674164
2026-03-27T18:20:39.061941+00:00,22.847591,1774635639061940900,-0.820373,0.312328,0.500655,0.570274,-0.253506,0.710772,0.323656,-0.928150,-0.173489,0.007764,0.580598,-0.748069,0.268656,-0.173929,-0.841036,-0.153968,0.909231,0.371587,0.110099,0.631728,0.671347
2026-03-27T18:20:39.079146+00:00,22.864796,1774635639079145900,-0.820892,0.311082,0.504028,0.563957,-0.253451,0.715661,0.324877,-0.928392,-0.174228,0.009539,0.581812,-0.750439,0.268715,-0.161862,-0.848789,-0.153558,0.906143,0.377185,0.089686,0.628723,0.673177
2026-03-27T18:20:39.096151+00:00,22.881801,1774635639096150900,-0.821258,0.309996,0.506893,0.558516,-0.253773,0.719214,0.326127,-0.928510,-0.174460,0.011247,0.585593,-0.749840,0.268034,-0.150140,-0.851539,-0.153832,0.905114,0.379224,0.082634,0.626189,0.676891
2026-03-27T18:20:39.113181+00:00,22.898830,1774635639113180700,-0.821576,0.308923,0.509294,0.554496,-0.255073,0.721804,0.326393,-0.927743,-0.174459,0.012905,0.591032,-0.747795,0.268359,-0.140651,-0.857119,-0.155051,0.903126,0.382704,0.068099,0.616939,0.684017
2026-03-27T18:20:39.130216+00:00,22.915865,1774635639130215800,-0.821772,0.307848,0.511455,0.551602,-0.256407,0.723502,0.326598,-0.926773,-0.174288,0.014314,0.595246,-0.745544,0.269522,-0.133249,-0.862568,-0.157023,0.900801,0.383570,0.053193,0.606260,0.693257
2026-03-27T18:20:39.151825+00:00,22.937475,1774635639151825000,-0.821932,0.306848,0.513647,0.548362,-0.255989,0.724948,0.326798,-0.925299,-0.174071,0.015613,0.597921,-0.743594,0.270538,-0.128736,-0.868106,-0.158968,0.898022,0.380272,0.034666,0.597042,0.704377
2026-03-27T18:20:39.168832+00:00,22.954481,1774635639168831400,-0.822144,0.304664,0.516962,0.543791,-0.258223,0.727871,0.328410,-0.922742,-0.173769,0.017176,0.598936,-0.743083,0.272117,-0.125356,-0.877210,-0.161587,0.891469,0.371614,0.001308,0.604017,0.706582
2026-03-27T18:20:39.185847+00:00,22.971496,1774635639185846500,-0.822258,0.303652,0.517984,0.544117,-0.260431,0.726695,0.328160,-0.921379,-0.173604,0.017900,0.598723,-0.743447,0.271547,-0.123902,-0.881009,-0.163535,0.888082,0.368456,-0.013651,0.605505,0.706099
2026-03-27T18:20:39.203059+00:00,22.988709,1774635639203059100,-0.822345,0.302729,0.519140,0.544346,-0.261937,0.725400,0.328473,-0.920043,-0.173357,0.018625,0.597885,-0.744662,0.270003,-0.122116,-0.884846,-0.165802,0.884484,0.367512,-0.032699,0.602129,0.707935
2026-03-27T18:20:39.220089+00:00,23.005739,1774635639220089200,-0.822156,0.301897,0.520590,0.542482,-0.263708,0.726410,0.330068,-0.917473,-0.172810,0.019611,0.594771,-0.747690,0.268919,-0.121399,-0.888631,-0.168432,0.880544,0.368679,-0.054691,0.596475,0.710287
2026-03-27T18:20:39.237100+00:00,23.022750,1774635639237100300,-0.821937,0.301103,0.522021,0.541166,-0.264567,0.726114,0.330876,-0.916538,-0.172539,0.019899,0.593185,-0.749455,0.268949,-0.121026,-0.891655,-0.170474,0.876239,0.369734,-0.075812,0.594009,0.713117
2026-03-27T18:20:39.254150+00:00,23.039800,1774635639254150300,-0.821590,0.300324,0.523164,0.540015,-0.265967,0.725668,0.332545,-0.914597,-0.171801,0.020458,0.591244,-0.751218,0.268653,-0.121708,-0.893831,-0.172148,0.872118,0.375693,-0.093821,0.586553,0.710533
2026-03-27T18:20:39.271315+00:00,23.056964,1774635639271314800,-0.821446,0.299962,0.523625,0.540011,-0.266873,0.725194,0.333434,-0.912574,-0.170901,0.020931,0.590246,-0.751060,0.267770,-0.122029,-0.895566,-0.173847,0.868644,0.380517,-0.113302,0.577972,0.713652
2026-03-27T18:20:39.288316+00:00,23.073966,1774635639288316500,-0.821162,0.299071,0.524905,0.541196,-0.267869,0.723260,0.334976,-0.910640,-0.170019,0.021346,0.589073,-0.752609,0.267059,-0.122661,-0.897178,-0.175390,0.865213,0.382273,-0.131799,0.575306,0.709879
2026-03-27T18:20:39.305435+00:00,23.091084,1774635639305434600,-0.821018,0.298847,0.525331,0.540990,-0.267978,0.723329,0.335809,-0.908669,-0.169028,0.021896,0.588154,-0.753631,0.266058,-0.121777,-0.899037,-0.176653,0.862324,0.378998,-0.149337,0.582749,0.702837
2026-03-27T18:20:39.322394+00:00,23.108044,1774635639322394300,-0.820377,0.298665,0.526648,0.542875,-0.266275,0.722013,0.336662,-0.905012,-0.166752,0.023130,0.584682,-0.757026,0.265582,-0.119224,-0.901952,-0.178940,0.858499,0.375620,-0.176846,0.593598,0.689561
2026-03-27T18:20:39.339450+00:00,23.125100,1774635639339450100,-0.820167,0.298407,0.527223,0.544799,-0.265591,0.720812,0.336943,-0.905012,-0.166752,0.023130,0.584682,-0.757026,0.265582,-0.119224,-0.901952,-0.178940,0.858499,0.375620,-0.176846,0.593598,0.689561
2026-03-27T18:20:39.356447+00:00,23.142097,1774635639356447300,-0.819894,0.298174,0.527587,0.546861,-0.265930,0.718058,0.337043,-0.901102,-0.164130,0.024710,0.582729,-0.758312,0.268267,-0.115679,-0.906224,-0.183542,0.856053,0.370400,-0.204073,0.596830,0.681764
2026-03-27T18:20:39.375920+00:00,23.161570,1774635639375920200,-0.819894,0.298174,0.527587,0.546861,-0.265930,0.718058,0.337043,-0.901102,-0.164130,0.024710,0.582729,-0.758312,0.268267,-0.115679,-0.906224,-0.183542,0.856053,0.370400,-0.204073,0.596830,0.681764
2026-03-27T18:20:39.392541+00:00,23.178191,1774635639392541500,-0.818928,0.297632,0.527925,0.551971,-0.268750,0.713014,0.337390,-0.896681,-0.161198,0.026406,0.584302,-0.757459,0.269752,-0.114412,-0.910534,-0.187827,0.855209,0.368620,-0.209641,0.610880,0.668944
2026-03-27T18:20:39.409752+00:00,23.195402,1774635639409752300,-0.818565,0.297513,0.527925,0.552710,-0.270103,0.712205,0.337675,-0.894534,-0.159730,0.027124,0.584898,-0.755856,0.270466,-0.115134,-0.911216,-0.188630,0.855347,0.370015,-0.210204,0.610436,0.670184
2026-03-27T18:20:39.426735+00:00,23.212385,1774635639426735000,-0.817765,0.297315,0.527915,0.554675,-0.272037,0.710395,0.338004,-0.892422,-0.158268,0.027852,0.585161,-0.755587,0.270714,-0.116908,-0.912941,-0.190470,0.855691,0.373387,-0.206647,0.604064,0.671604
2026-03-27T18:20:39.443851+00:00,23.229501,1774635639443851300,-0.816731,0.297284,0.528030,0.556571,-0.272734,0.708094,0.338558,-0.890085,-0.156753,0.028696,0.585188,-0.754888,0.271527,-0.119722,-0.915279,-0.192692,0.856190,0.372283,-0.206482,0.598893,0.676186
2026-03-27T18:20:39.460675+00:00,23.246324,1774635639460674700,-0.815652,0.297478,0.528256,0.558131,-0.272741,0.706117,0.339130,-0.888109,-0.155606,0.029435,0.584142,-0.754752,0.272114,-0.121952,-0.918154,-0.194728,0.856375,0.368283,-0.213824,0.600170,0.678501
2026-03-27T18:20:39.477848+00:00,23.263498,1774635639477848100,-0.814618,0.297977,0.528435,0.559420,-0.272389,0.705698,0.339475,-0.887108,-0.155081,0.029817,0.583390,-0.754703,0.271902,-0.123163,-0.920740,-0.196078,0.856585,0.367296,-0.220159,0.605664,0.672245
2026-03-27T18:20:39.494833+00:00,23.280483,1774635639494833300,-0.812734,0.299617,0.528219,0.566220,-0.271233,0.701951,0.335693,-0.883521,-0.153427,0.031416,0.580125,-0.758831,0.268893,-0.126946,-0.925019,-0.198626,0.856934,0.365080,-0.223953,0.613776,0.664534
2026-03-27T18:20:39.511875+00:00,23.297524,1774635639511874600,-0.811732,0.300277,0.527818,0.569904,-0.271094,0.699923,0.333997,-0.881821,-0.152451,0.032423,0.579097,-0.759546,0.266994,-0.128948,-0.926816,-0.200456,0.857122,0.362236,-0.223060,0.605419,0.672951
2026-03-27T18:20:39.528931+00:00,23.314581,1774635639528931400,-0.810658,0.300943,0.527469,0.573293,-0.271296,0.697480,0.332864,-0.879933,-0.151478,0.033563,0.578799,-0.759800,0.266690,-0.130535,-0.928036,-0.202412,0.857091,0.358721,-0.222204,0.598224,0.681942
2026-03-27T18:20:39.545924+00:00,23.331574,1774635639545923900,-0.809484,0.301602,0.526970,0.576467,-0.271385,0.695613,0.332639,-0.877960,-0.150209,0.035039,0.578821,-0.759500,0.267824,-0.132328,-0.928742,-0.204573,0.856405,0.355763,-0.221975,0.596717,0.683661
2026-03-27T18:20:39.562963+00:00,23.348613,1774635639562963500,-0.808910,0.301951,0.526668,0.578513,-0.271237,0.693515,0.332251,-0.876054,-0.148798,0.036857,0.580798,-0.757159,0.268594,-0.132207,-0.929161,-0.207478,0.855570,0.353109,-0.225068,0.596395,0.685490
2026-03-27T18:20:39.583742+00:00,23.369392,1774635639583742300,-0.808910,0.301951,0.526668,0.578513,-0.271237,0.693515,0.332251,-0.876054,-0.148798,0.036857,0.580798,-0.757159,0.268594,-0.132207,-0.929161,-0.207478,0.855570,0.353109,-0.225068,0.596395,0.685490
2026-03-27T18:20:39.600709+00:00,23.386359,1774635639600709100,-0.806704,0.303096,0.524657,0.589272,-0.271836,0.684928,0.330849,-0.872500,-0.146033,0.041416,0.584325,-0.753138,0.274687,-0.127484,-0.928560,-0.211835,0.853743,0.361396,-0.234826,0.587660,0.682641
2026-03-27T18:20:39.617788+00:00,23.403437,1774635639617787600,-0.805648,0.303478,0.522954,0.596524,-0.272189,0.678952,0.330337,-0.870903,-0.144977,0.043727,0.586411,-0.751188,0.278637,-0.122964,-0.927389,-0.202795,0.857004,0.382617,-0.224453,0.571465,0.691586
2026-03-27T18:20:39.635091+00:00,23.420740,1774635639635090700,-0.803649,0.303874,0.518704,0.611870,-0.272985,0.664897,0.330495,-0.867845,-0.143719,0.048518,0.604331,-0.740709,0.272205,-0.112405,-0.927225,-0.201041,0.856580,0.399631,-0.248155,0.570394,0.671572
2026-03-27T18:20:39.652052+00:00,23.437702,1774635639652052200,-0.802534,0.303999,0.516857,0.618678,-0.273447,0.658722,0.330167,-0.867064,-0.143783,0.050642,0.610821,-0.737927,0.266685,-0.106243,-0.925916,-0.201711,0.856410,0.392324,-0.242373,0.574445,0.676975
2026-03-27T18:20:39.669108+00:00,23.454758,1774635639669107900,-0.801158,0.304616,0.515478,0.623365,-0.273729,0.655226,0.328722,-0.866405,-0.144221,0.052650,0.612600,-0.738601,0.264053,-0.101691,-0.925957,-0.201970,0.856593,0.388499,-0.238943,0.574947,0.677806
2026-03-27T18:20:39.686071+00:00,23.471721,1774635639686071400,-0.799429,0.305419,0.514311,0.626606,-0.273734,0.652762,0.326177,-0.865761,-0.144782,0.054461,0.610267,-0.740518,0.263432,-0.099806,-0.926346,-0.202499,0.856903,0.376410,-0.234919,0.578314,0.684010
2026-03-27T18:20:39.703223+00:00,23.488873,1774635639703223600,-0.797720,0.305833,0.513718,0.628662,-0.275650,0.650798,0.324966,-0.865373,-0.145138,0.055359,0.607643,-0.742387,0.263796,-0.099780,-0.926959,-0.202975,0.857384,0.366340,-0.233977,0.577651,0.690666
2026-03-27T18:20:39.720186+00:00,23.505836,1774635639720186300,-0.795771,0.306204,0.513178,0.630209,-0.277301,0.648587,0.324747,-0.864552,-0.145832,0.056915,0.601995,-0.746770,0.263691,-0.101511,-0.927597,-0.205184,0.857470,0.352457,-0.242019,0.565041,0.707100
2026-03-27T18:20:39.737297+00:00,23.522947,1774635639737296900,-0.793763,0.306864,0.512931,0.632086,-0.277921,0.646770,0.324395,-0.863646,-0.146323,0.058435,0.597569,-0.750228,0.262974,-0.105292,-0.927369,-0.207595,0.857243,0.341379,-0.244679,0.551013,0.719238
2026-03-27T18:20:39.754395+00:00,23.540045,1774635639754395000,-0.791626,0.307855,0.512768,0.634215,-0.276926,0.644985,0.323293,-0.862761,-0.146709,0.059767,0.596248,-0.751563,0.260689,-0.109363,-0.926008,-0.209731,0.856284,0.338650,-0.252671,0.542962,0.727638
2026-03-27T18:20:39.771435+00:00,23.557084,1774635639771434500,-0.789526,0.309080,0.512957,0.635467,-0.275615,0.645654,0.321666,-0.861791,-0.146911,0.061083,0.596576,-0.750968,0.258568,-0.113630,-0.923659,-0.206123,0.856561,0.358912,-0.231837,0.567963,0.705278
2026-03-27T18:20:39.788596+00:00,23.574246,1774635639788596000,-0.787383,0.310164,0.513317,0.636453,-0.273974,0.645917,0.320028,-0.860916,-0.147304,0.062331,0.596519,-0.751140,0.256963,-0.118301,-0.922600,-0.203280,0.856706,0.367858,-0.224784,0.575718,0.694158
2026-03-27T18:20:39.805728+00:00,23.591377,1774635639805727700,-0.782879,0.312604,0.513575,0.637148,-0.273103,0.646658,0.318280,-0.859880,-0.148474,0.064933,0.592923,-0.754041,0.251129,-0.125797,-0.920927,-0.203201,0.854945,0.359784,-0.238197,0.568280,0.699455
2026-03-27T18:20:39.824304+00:00,23.609954,1774635639824304000,-0.782879,0.312604,0.513575,0.637148,-0.273103,0.646658,0.318280,-0.859880,-0.148474,0.064933,0.592923,-0.754041,0.251129,-0.125797,-0.920927,-0.203201,0.854945,0.359784,-0.238197,0.568280,0.699455
2026-03-27T18:20:39.840876+00:00,23.626526,1774635639840875900,-0.778401,0.315202,0.513067,0.641026,-0.271812,0.644335,0.315225,-0.859170,-0.150676,0.067396,0.582960,-0.762794,0.246034,-0.133536,-0.917674,-0.197130,0.851839,0.364918,-0.229331,0.587290,0.682844
2026-03-27T18:20:39.858149+00:00,23.643798,1774635639858148500,-0.776232,0.316571,0.512505,0.643533,-0.270312,0.643712,0.314364,-0.858677,-0.151795,0.068552,0.581515,-0.764863,0.241190,-0.136843,-0.915405,-0.193066,0.851050,0.365388,-0.220478,0.595630,0.679219
2026-03-27T18:20:39.874934+00:00,23.660584,1774635639874933900,-0.774109,0.317908,0.511629,0.647201,-0.268241,0.640936,0.313183,-0.858268,-0.153150,0.069704,0.582197,-0.766597,0.233525,-0.140200,-0.912260,-0.188588,0.850667,0.363673,-0.206543,0.611348,0.672463
2026-03-27T18:20:39.891693+00:00,23.677343,1774635639891693000,-0.773105,0.318548,0.511069,0.649716,-0.266937,0.639134,0.312793,-0.857829,-0.154834,0.070775,0.586611,-0.765724,0.221975,-0.140213,-0.909472,-0.184351,0.850379,0.365461,-0.197498,0.608557,0.676887
2026-03-27T18:20:39.908700+00:00,23.694350,1774635639908700200,-0.771136,0.319717,0.509772,0.654274,-0.264815,0.635849,0.311897,-0.857616,-0.156960,0.071734,0.596127,-0.764445,0.204964,-0.137588,-0.906203,-0.179626,0.849605,0.364948,-0.188658,0.607974,0.679882
2026-03-27T18:20:39.925617+00:00,23.711266,1774635639925616300,-0.769149,0.320602,0.508291,0.658932,-0.263454,0.632653,0.310902,-0.858205,-0.159241,0.072360,0.602712,-0.764344,0.185533,-0.132880,-0.902026,-0.173945,0.848855,0.372493,-0.175270,0.617600,0.668227
2026-03-27T18:20:39.942764+00:00,23.728413,1774635639942763700,-0.767054,0.321462,0.506884,0.663327,-0.262802,0.628300,0.309497,-0.858851,-0.161588,0.073018,0.603133,-0.768624,0.168606,-0.131885,-0.897201,-0.167652,0.847644,0.379627,-0.170320,0.620363,0.664918
2026-03-27T18:20:39.959802+00:00,23.745451,1774635639959801500,-0.764864,0.322207,0.505498,0.667279,-0.262753,0.624421,0.309158,-0.859012,-0.163690,0.073724,0.600622,-0.772261,0.156979,-0.134312,-0.891508,-0.160391,0.846291,0.390673,-0.158117,0.624510,0.657891
2026-03-27T18:20:39.976845+00:00,23.762495,1774635639976844900,-0.760255,0.323992,0.503329,0.673822,-0.262411,0.618182,0.308120,-0.859041,-0.165478,0.074642,0.593036,-0.778817,0.150978,-0.139955,-0.888520,-0.156579,0.845675,0.396590,-0.151760,0.624834,0.654173
2026-03-27T18:20:39.993833+00:00,23.779482,1774635639993832600,-0.757937,0.325004,0.502497,0.677072,-0.261921,0.615036,0.307239,-0.859092,-0.167801,0.076957,0.578255,-0.787834,0.144661,-0.152158,-0.875821,-0.142077,0.843831,0.413524,-0.127614,0.626670,0.648720
2026-03-27T18:20:40.010725+00:00,23.796375,1774635640010725400,-0.755550,0.326055,0.501884,0.679078,-0.261338,0.613991,0.306480,-0.858998,-0.168544,0.078429,0.572091,-0.791869,0.143324,-0.159162,-0.869415,-0.135583,0.843351,0.417897,-0.116382,0.623329,0.650583
2026-03-27T18:20:40.027856+00:00,23.813505,1774635640027855600,-0.753214,0.327319,0.501521,0.681410,-0.260200,0.612108,0.304750,-0.859295,-0.168978,0.080178,0.566282,-0.794280,0.144365,-0.165932,-0.863296,-0.129944,0.842941,0.420452,-0.106300,0.622450,0.651549
2026-03-27T18:20:40.048009+00:00,23.833659,1774635640048008900,-0.753214,0.327319,0.501521,0.681410,-0.260200,0.612108,0.304750,-0.859295,-0.168978,0.080178,0.566282,-0.794280,0.144365,-0.165932,-0.863296,-0.129944,0.842941,0.420452,-0.106300,0.622450,0.651549
2026-03-27T18:20:40.065101+00:00,23.850751,1774635640065101200,-0.748494,0.330268,0.500806,0.685377,-0.257219,0.611325,0.301150,-0.860303,-0.170013,0.084217,0.555890,-0.798325,0.149314,-0.176751,-0.849345,-0.118401,0.841217,0.429362,-0.088243,0.624997,0.645542
2026-03-27T18:20:40.082198+00:00,23.867848,1774635640082198100,-0.745915,0.331750,0.500355,0.688188,-0.256018,0.609925,0.298491,-0.860651,-0.170489,0.085371,0.553795,-0.799538,0.149558,-0.178646,-0.841378,-0.113167,0.839448,0.435469,-0.078717,0.625506,0.641855
2026-03-27T18:20:40.099093+00:00,23.884743,1774635640099093600,-0.743585,0.332882,0.500108,0.689965,-0.255308,0.608505,0.297386,-0.861490,-0.171746,0.087335,0.548312,-0.802396,0.147542,-0.181809,-0.833232,-0.108339,0.837060,0.441524,-0.071458,0.626432,0.638857
2026-03-27T18:20:40.116161+00:00,23.901810,1774635640116160800,-0.740885,0.334017,0.500068,0.691175,-0.254542,0.607974,0.296461,-0.862471,-0.173696,0.089414,0.538961,-0.809554,0.142844,-0.186154,-0.825129,-0.103938,0.834635,0.448485,-0.064002,0.627462,0.633815
2026-03-27T18:20:40.133205+00:00,23.918855,1774635640133205600,-0.735891,0.336227,0.500398,0.692906,-0.252585,0.607878,0.294249,-0.863219,-0.175719,0.091336,0.529385,-0.814910,0.137272,-0.191788,-0.809829,-0.097184,0.829915,0.459798,-0.053693,0.630230,0.622703
2026-03-27T18:20:40.150327+00:00,23.935977,1774635640150327200,-0.733000,0.337458,0.500697,0.693495,-0.251183,0.608162,0.293379,-0.863984,-0.180017,0.095739,0.509607,-0.824182,0.128887,-0.210511,-0.801932,-0.094630,0.827758,0.462302,-0.046193,0.632304,0.620827
2026-03-27T18:20:40.167327+00:00,23.952976,1774635640167326800,-0.730429,0.338588,0.501085,0.693686,-0.250398,0.608328,0.292962,-0.864523,-0.182592,0.097955,0.496968,-0.829561,0.126283,-0.219396,-0.794073,-0.092376,0.826043,0.464998,-0.036454,0.632085,0.618569
2026-03-27T18:20:40.184429+00:00,23.970079,1774635640184429200,-0.727499,0.339955,0.501624,0.694051,-0.248835,0.609316,0.291469,-0.865316,-0.186180,0.100035,0.479750,-0.838547,0.121199,-0.227649,-0.786284,-0.090599,0.824360,0.465994,-0.026076,0.632271,0.618032
2026-03-27T18:20:40.201336+00:00,23.986986,1774635640201336400,-0.726302,0.340583,0.501848,0.694408,-0.248300,0.609567,0.290921,-0.865795,-0.188267,0.100985,0.470633,-0.843107,0.116895,-0.231930,-0.778920,-0.089385,0.822924,0.466158,-0.017198,0.629339,0.622166
2026-03-27T18:20:40.218580+00:00,24.004230,1774635640218580300,-0.723573,0.342033,0.502398,0.695071,-0.246378,0.609963,0.289255,-0.867173,-0.194319,0.103702,0.448667,-0.853834,0.100072,-0.242829,-0.771525,-0.088266,0.821625,0.467170,-0.008625,0.625325,0.625849
2026-03-27T18:20:40.235595+00:00,24.021245,1774635640235595300,-0.720929,0.343708,0.502906,0.695772,-0.244003,0.611407,0.287548,-0.867752,-0.197726,0.105939,0.437588,-0.857676,0.091880,-0.252896,-0.763696,-0.087316,0.820604,0.470930,0.002466,0.621947,0.626482
2026-03-27T18:20:40.256709+00:00,24.042359,1774635640256709100,-0.720929,0.343708,0.502906,0.695772,-0.244003,0.611407,0.287548,-0.867752,-0.197726,0.105939,0.437588,-0.857676,0.091880,-0.252896,-0.763696,-0.087316,0.820604,0.470930,0.002466,0.621947,0.626482
2026-03-27T18:20:40.273793+00:00,24.059442,1774635640273792500,-0.716119,0.347537,0.504204,0.697829,-0.238828,0.612517,0.283865,-0.867908,-0.206294,0.113612,0.399778,-0.868675,0.075096,-0.282976,-0.748667,-0.087157,0.817722,0.477683,0.020506,0.615659,0.627005
2026-03-27T18:20:40.290825+00:00,24.076475,1774635640290825400,-0.711555,0.350832,0.505671,0.700525,-0.234104,0.613042,0.280849,-0.867937,-0.209178,0.116463,0.385771,-0.872657,0.070852,-0.291272,-0.737199,-0.087624,0.815344,0.481160,0.028877,0.612675,0.625534
2026-03-27T18:20:40.307875+00:00,24.093525,1774635640307875100,-0.709296,0.352198,0.506719,0.701316,-0.232139,0.613010,0.279747,-0.868203,-0.212073,0.119043,0.373327,-0.876538,0.064503,-0.298457,-0.729850,-0.087897,0.813765,0.480126,0.033902,0.614984,0.624793
2026-03-27T18:20:40.324534+00:00,24.110184,1774635640324534200,-0.707320,0.353349,0.507813,0.701592,-0.230415,0.613830,0.278984,-0.868439,-0.214857,0.121267,0.363989,-0.877948,0.057696,-0.304099,-0.722635,-0.088112,0.812058,0.480183,0.037986,0.616849,0.623458
2026-03-27T18:20:40.341684+00:00,24.127333,1774635640341683700,-0.705541,0.354364,0.508847,0.702585,-0.228969,0.613563,0.277958,-0.868554,-0.217571,0.123543,0.354444,-0.881216,0.051037,-0.310982,-0.715731,-0.088691,0.810362,0.482160,0.041050,0.617371,0.621082
2026-03-27T18:20:40.358721+00:00,24.144371,1774635640358721100,-0.703548,0.355303,0.510079,0.703796,-0.227190,0.613620,0.277090,-0.868512,-0.220482,0.125741,0.344599,-0.881294,0.045830,-0.317820,-0.709277,-0.089333,0.808927,0.486215,0.041970,0.616150,0.618171
2026-03-27T18:20:40.375854+00:00,24.161504,1774635640375854700,-0.701791,0.356021,0.511425,0.704608,-0.225033,0.613414,0.276875,-0.868552,-0.223551,0.127638,0.332988,-0.885967,0.038593,-0.324994,-0.702660,-0.090256,0.807793,0.489586,0.044276,0.616511,0.616478
2026-03-27T18:20:40.392915+00:00,24.178564,1774635640392914800,-0.700076,0.356465,0.512980,0.704062,-0.223269,0.614394,0.277273,-0.868475,-0.224831,0.128520,0.330573,-0.885350,0.034490,-0.327435,-0.696135,-0.091210,0.807003,0.491087,0.047886,0.614825,0.615226
2026-03-27T18:20:40.409968+00:00,24.195618,1774635640409968500,-0.698470,0.356673,0.514640,0.703800,-0.222034,0.614702,0.278673,-0.868295,-0.226901,0.130130,0.328799,-0.883698,0.027501,-0.331924,-0.690405,-0.092139,0.806233,0.489657,0.053143,0.614364,0.615449
2026-03-27T18:20:40.427141+00:00,24.212790,1774635640427140700,-0.697018,0.356530,0.516217,0.702723,-0.221840,0.615596,0.280069,-0.868496,-0.228746,0.131499,0.330165,-0.881044,0.024365,-0.334077,-0.684788,-0.093001,0.805295,0.487666,0.056818,0.613495,0.618687
2026-03-27T18:20:40.444077+00:00,24.229727,1774635640444077600,-0.695572,0.356553,0.518099,0.701729,-0.221410,0.615575,0.281706,-0.869076,-0.230366,0.132647,0.332647,-0.882838,0.023261,-0.336004,-0.679740,-0.093842,0.804523,0.489117,0.058197,0.611133,0.620350
2026-03-27T18:20:40.461296+00:00,24.246945,1774635640461295800,-0.692835,0.357532,0.522580,0.699125,-0.216637,0.619299,0.283967,-0.870223,-0.233423,0.133714,0.342610,-0.875778,0.018501,-0.335894,-0.670105,-0.095474,0.802195,0.500922,0.052638,0.608988,0.612906
2026-03-27T18:20:40.480884+00:00,24.266534,1774635640480884100,-0.692835,0.357532,0.522580,0.699125,-0.216637,0.619299,0.283967,-0.870223,-0.233423,0.133714,0.342610,-0.875778,0.018501,-0.335894,-0.670105,-0.095474,0.802195,0.500922,0.052638,0.608988,0.612906
2026-03-27T18:20:40.497106+00:00,24.282756,1774635640497106100,-0.690955,0.358806,0.525887,0.697619,-0.212273,0.622829,0.283325,-0.869591,-0.234978,0.133946,0.353058,-0.870396,0.012207,-0.343621,-0.661840,-0.097324,0.800685,0.503693,0.049840,0.618468,0.600875
2026-03-27T18:20:40.513925+00:00,24.299574,1774635640513924500,-0.689817,0.359517,0.527954,0.696911,-0.210345,0.624025,0.283478,-0.869112,-0.235563,0.133872,0.355086,-0.866969,0.010675,-0.349900,-0.658597,-0.098549,0.800511,0.500281,0.050483,0.619069,0.602994
2026-03-27T18:20:40.531126+00:00,24.316776,1774635640531126100,-0.688763,0.360013,0.530041,0.695479,-0.208659,0.626321,0.284028,-0.868865,-0.236408,0.133792,0.354748,-0.863963,0.009695,-0.354951,-0.655971,-0.099982,0.800871,0.496519,0.053420,0.615051,0.609654
2026-03-27T18:20:40.548019+00:00,24.333669,1774635640548019400,-0.687713,0.360694,0.532220,0.694202,-0.206354,0.628234,0.284248,-0.868723,-0.237787,0.133679,0.353536,-0.862471,0.007805,-0.359501,-0.653715,-0.101364,0.801392,0.495486,0.053738,0.606947,0.620016
2026-03-27T18:20:40.564968+00:00,24.350618,1774635640564968200,-0.686660,0.361567,0.534581,0.691723,-0.204214,0.631796,0.284345,-0.868591,-0.239027,0.133364,0.355575,-0.862030,0.004502,-0.362565,-0.651267,-0.102607,0.802052,0.495808,0.056012,0.600615,0.625133
2026-03-27T18:20:40.581935+00:00,24.367585,1774635640581935100,-0.685834,0.362188,0.536675,0.690013,-0.202116,0.634082,0.284444,-0.868381,-0.239942,0.132679,0.364962,-0.855842,0.001450,-0.361338,-0.650195,-0.103076,0.802296,0.495736,0.057708,0.599118,0.625171
2026-03-27T18:20:40.598808+00:00,24.384458,1774635640598808400,-0.685168,0.362679,0.538552,0.688135,-0.200592,0.636910,0.284499,-0.868109,-0.241332,0.131860,0.375508,-0.852681,-0.003018,-0.360188,-0.647677,-0.104006,0.802727,0.493408,0.063926,0.600875,0.624331
2026-03-27T18:20:40.615954+00:00,24.401603,1774635640615953700,-0.684495,0.363027,0.540134,0.687008,-0.199887,0.638372,0.283725,-0.867990,-0.243039,0.130788,0.383404,-0.851308,-0.008129,-0.359055,-0.645551,-0.104885,0.803284,0.488195,0.071849,0.604163,0.624819
2026-03-27T18:20:40.632924+00:00,24.418573,1774635640632923600,-0.683390,0.363300,0.542701,0.685655,-0.198430,0.640449,0.284032,-0.867574,-0.247081,0.129259,0.395848,-0.845847,-0.016834,-0.358173,-0.642938,-0.107022,0.804702,0.481285,0.084473,0.599353,0.633877
2026-03-27T18:20:40.650038+00:00,24.435688,1774635640650038600,-0.683106,0.363283,0.543711,0.685125,-0.197847,0.641193,0.283924,-0.867544,-0.249149,0.128618,0.400911,-0.843793,-0.020032,-0.356401,-0.642310,-0.108215,0.805458,0.480724,0.087524,0.590733,0.640589
2026-03-27T18:20:40.667085+00:00,24.452735,1774635640667085000,-0.682690,0.363316,0.544712,0.684937,-0.196816,0.641737,0.283770,-0.867390,-0.251167,0.127917,0.405279,-0.841216,-0.024389,-0.354540,-0.642033,-0.109135,0.806024,0.479964,0.087705,0.585422,0.647447
2026-03-27T18:20:40.688508+00:00,24.474157,1774635640688507700,-0.682690,0.363316,0.544712,0.684937,-0.196816,0.641737,0.283770,-0.867390,-0.251167,0.127917,0.405279,-0.841216,-0.024389,-0.354540,-0.642033,-0.109135,0.806024,0.479964,0.087705,0.585422,0.647447
2026-03-27T18:20:40.705393+00:00,24.491042,1774635640705392600,-0.682092,0.363323,0.547107,0.683565,-0.195928,0.642374,0.285444,-0.866298,-0.254814,0.126754,0.411452,-0.838851,-0.037194,-0.355259,-0.640372,-0.109536,0.805823,0.481807,0.091445,0.590856,0.640089
2026-03-27T18:20:40.722371+00:00,24.508021,1774635640722371400,-0.682036,0.363203,0.548330,0.682443,-0.195403,0.643675,0.286186,-0.865683,-0.256332,0.126679,0.407385,-0.838779,-0.041484,-0.359265,-0.639355,-0.109678,0.805587,0.483054,0.093752,0.596162,0.633944
2026-03-27T18:20:40.739451+00:00,24.525101,1774635640739451500,-0.682000,0.363129,0.549465,0.681585,-0.194387,0.644398,0.286590,-0.865356,-0.257049,0.126747,0.402054,-0.838915,-0.042244,-0.362603,-0.639049,-0.109916,0.805703,0.482239,0.093685,0.597364,0.633288
2026-03-27T18:20:40.756836+00:00,24.542485,1774635640756835600,-0.682082,0.363081,0.550521,0.681128,-0.193680,0.644689,0.287079,-0.864467,-0.258779,0.127516,0.377467,-0.843688,-0.037300,-0.378859,-0.639451,-0.110171,0.805945,0.480555,0.091389,0.593462,0.638264
2026-03-27T18:20:40.773598+00:00,24.559248,1774635640773598000,-0.682226,0.362986,0.551450,0.680704,-0.193564,0.645230,0.287986,-0.864068,-0.259431,0.128056,0.361803,-0.847415,-0.034138,-0.389522,-0.639902,-0.110178,0.806134,0.478078,0.088626,0.590033,0.645710
2026-03-27T18:20:40.790877+00:00,24.576526,1774635640790876700,-0.682522,0.362810,0.552816,0.679128,-0.192322,0.646159,0.290055,-0.863885,-0.259114,0.128118,0.361442,-0.844624,-0.039719,-0.392081,-0.638342,-0.108304,0.805926,0.481776,0.089876,0.590518,0.642113
2026-03-27T18:20:40.807643+00:00,24.593293,1774635640807643300,-0.682522,0.362810,0.552816,0.679128,-0.192322,0.646159,0.290055,-0.863885,-0.259114,0.128118,0.361442,-0.844624,-0.039719,-0.392081,-0.636369,-0.106847,0.805473,0.487674,0.093955,0.594088,0.631772
2026-03-27T18:20:40.824618+00:00,24.610267,1774635640824617800,-0.683076,0.362620,0.554335,0.676284,-0.190601,0.649193,0.292344,-0.864702,-0.258757,0.127790,0.363964,-0.844871,-0.044341,-0.392449,-0.634427,-0.105887,0.805079,0.493271,0.096672,0.598171,0.625078
2026-03-27T18:20:40.841719+00:00,24.627369,1774635640841719100,-0.683298,0.362507,0.554350,0.676608,-0.190318,0.648462,0.292252,-0.865825,-0.258765,0.127721,0.363912,-0.841709,-0.043168,-0.393331,-0.633442,-0.105331,0.805033,0.498616,0.096098,0.597662,0.619926
2026-03-27T18:20:40.858715+00:00,24.644365,1774635640858715500,-0.683354,0.362441,0.554238,0.676692,-0.190604,0.648184,0.292413,-0.866265,-0.258657,0.127638,0.364377,-0.842569,-0.042373,-0.394700,-0.633506,-0.105468,0.805171,0.499797,0.092625,0.596539,0.621609
2026-03-27T18:20:40.875819+00:00,24.661469,1774635640875819000,-0.683486,0.362231,0.553841,0.677457,-0.191270,0.647125,0.292670,-0.867211,-0.258448,0.127425,0.363652,-0.842189,-0.039887,-0.396535,-0.634388,-0.106024,0.805393,0.498503,0.086710,0.592871,0.626670
2026-03-27T18:20:40.892835+00:00,24.678484,1774635640892834600,-0.683650,0.362050,0.553323,0.678658,-0.192016,0.645674,0.292979,-0.868172,-0.258530,0.127215,0.362162,-0.841819,-0.038782,-0.398714,-0.634857,-0.106358,0.805472,0.497587,0.084059,0.591409,0.628700
2026-03-27T18:20:40.912431+00:00,24.698080,1774635640912430700,-0.683650,0.362050,0.553323,0.678658,-0.192016,0.645674,0.292979,-0.868172,-0.258530,0.127215,0.362162,-0.841819,-0.038782,-0.398714,-0.634857,-0.106358,0.805472,0.497587,0.084059,0.591409,0.628700
2026-03-27T18:20:40.928941+00:00,24.714590,1774635640928940700,-0.684014,0.361685,0.552226,0.679150,-0.193975,0.644406,0.293524,-0.869765,-0.259048,0.126625,0.356939,-0.841069,-0.044241,-0.401870,-0.635482,-0.107978,0.805481,0.495541,0.077363,0.591474,0.631687
2026-03-27T18:20:40.945960+00:00,24.731609,1774635640945959600,-0.684014,0.361685,0.552226,0.679150,-0.193975,0.644406,0.293524,-0.870198,-0.258722,0.125637,0.355553,-0.840295,-0.047565,-0.408559,-0.635257,-0.108057,0.805456,0.496180,0.077106,0.591209,0.630362
2026-03-27T18:20:40.962966+00:00,24.748616,1774635640962966500,-0.684354,0.361518,0.551810,0.678768,-0.195393,0.644349,0.293187,-0.870229,-0.258428,0.125000,0.356531,-0.840257,-0.048970,-0.410096,-0.633756,-0.107921,0.805409,0.497961,0.078876,0.591003,0.629625
2026-03-27T18:20:40.980125+00:00,24.765775,1774635640980124900,-0.684535,0.361609,0.551630,0.678169,-0.195936,0.644572,0.292869,-0.870131,-0.258338,0.124137,0.357768,-0.836863,-0.049605,-0.411645,-0.633301,-0.107786,0.805593,0.498514,0.079202,0.589289,0.630793
2026-03-27T18:20:40.997200+00:00,24.782849,1774635640997199500,-0.684729,0.361877,0.551298,0.678562,-0.196682,0.644637,0.291598,-0.869698,-0.258626,0.123214,0.358048,-0.834875,-0.051862,-0.414054,-0.633082,-0.107669,0.805851,0.497597,0.078535,0.587425,0.632978
2026-03-27T18:20:41.014271+00:00,24.799921,1774635641014270900,-0.684823,0.362054,0.551071,0.679082,-0.196402,0.644442,0.291102,-0.869328,-0.259270,0.122255,0.358584,-0.832708,-0.054482,-0.415321,-0.632709,-0.107575,0.806096,0.495616,0.079939,0.588790,0.633594
2026-03-27T18:20:41.031258+00:00,24.816907,1774635641031257600,-0.685140,0.362594,0.550373,0.681167,-0.196061,0.643330,0.288634,-0.869233,-0.260500,0.121218,0.357166,-0.835685,-0.059703,-0.416147,-0.632188,-0.107523,0.806357,0.494980,0.081621,0.589600,0.633076
2026-03-27T18:20:41.048262+00:00,24.833912,1774635641048262300,-0.685314,0.362623,0.549836,0.682016,-0.196301,0.643026,0.288090,-0.869297,-0.261248,0.120688,0.356855,-0.835298,-0.061901,-0.414416,-0.631557,-0.107445,0.806610,0.495336,0.083742,0.588901,0.633339
2026-03-27T18:20:41.065441+00:00,24.851091,1774635641065441100,-0.685474,0.362434,0.549290,0.682903,-0.196672,0.641832,0.288091,-0.869291,-0.262249,0.119649,0.356845,-0.836036,-0.065560,-0.412717,-0.631094,-0.107452,0.806863,0.496738,0.084409,0.586518,0.633723
2026-03-27T18:20:41.082486+00:00,24.868135,1774635641082485800,-0.685627,0.362190,0.548761,0.683524,-0.197488,0.640615,0.288749,-0.869297,-0.262810,0.118970,0.359834,-0.835125,-0.063222,-0.410899,-0.631074,-0.107679,0.807086,0.496827,0.083152,0.584349,0.636619
2026-03-27T18:20:41.099477+00:00,24.885127,1774635641099477300,-0.685790,0.362033,0.548194,0.684287,-0.197872,0.639589,0.289028,-0.869498,-0.262985,0.118377,0.365070,-0.834093,-0.060775,-0.407804,-0.631310,-0.107690,0.807067,0.496408,0.081146,0.582170,0.639376
2026-03-27T18:20:41.119943+00:00,24.905592,1774635641119942800,-0.685993,0.361959,0.547700,0.684815,-0.198525,0.638888,0.288956,-0.869983,-0.263420,0.117787,0.368660,-0.833943,-0.059264,-0.403449,-0.631223,-0.107552,0.806892,0.497927,0.079361,0.580240,0.639473
2026-03-27T18:20:41.136599+00:00,24.922248,1774635641136598600,-0.686457,0.361804,0.546863,0.685905,-0.198562,0.637747,0.289212,-0.870755,-0.265190,0.117410,0.370308,-0.837921,-0.059228,-0.396199,-0.630181,-0.107288,0.805993,0.502298,0.077561,0.584656,0.632084
2026-03-27T18:20:41.153654+00:00,24.939304,1774635641153653900,-0.686666,0.361679,0.546492,0.686402,-0.198724,0.636623,0.289446,-0.870959,-0.265560,0.117348,0.370771,-0.837889,-0.059475,-0.394138,-0.629933,-0.107389,0.805652,0.502661,0.076010,0.587072,0.630335
2026-03-27T18:20:41.170779+00:00,24.956428,1774635641170778800,-0.686763,0.361574,0.546375,0.686054,-0.199171,0.637337,0.289780,-0.871341,-0.266818,0.117266,0.368804,-0.840225,-0.061956,-0.390939,-0.630036,-0.107522,0.805600,0.501804,0.073980,0.586926,0.632133
2026-03-27T18:20:41.187795+00:00,24.973444,1774635641187794700,-0.687022,0.361349,0.546122,0.685732,-0.199547,0.636869,0.290832,-0.871728,-0.268105,0.117131,0.362196,-0.845879,-0.061754,-0.389344,-0.630217,-0.107551,0.805555,0.503019,0.072365,0.583781,0.632845
2026-03-27T18:20:41.204814+00:00,24.990463,1774635641204813700,-0.687095,0.361311,0.546094,0.685227,-0.199458,0.637306,0.291220,-0.872136,-0.269499,0.117262,0.357184,-0.847613,-0.059317,-0.385474,-0.630089,-0.107423,0.805446,0.503694,0.071371,0.582883,0.632678
2026-03-27T18:20:41.221821+00:00,25.007471,1774635641221821200,-0.687230,0.361244,0.546101,0.684807,-0.199129,0.637459,0.291254,-0.872633,-0.270630,0.117228,0.353207,-0.852930,-0.058614,-0.381776,-0.629678,-0.107235,0.805263,0.504726,0.072121,0.584920,0.631283
2026-03-27T18:20:41.238875+00:00,25.024524,1774635641238874600,-0.687261,0.361116,0.546154,0.683755,-0.198692,0.638659,0.291765,-0.872815,-0.271556,0.117136,0.351605,-0.855732,-0.060139,-0.377900,-0.629285,-0.107077,0.805142,0.505416,0.072591,0.586896,0.628299
2026-03-27T18:20:41.256096+00:00,25.041745,1774635641256095800,-0.687263,0.360921,0.546224,0.682673,-0.198730,0.639711,0.292339,-0.872489,-0.271932,0.116820,0.351600,-0.853778,-0.060762,-0.377858,-0.629197,-0.107008,0.805153,0.505911,0.072539,0.588419,0.627042
2026-03-27T18:20:41.273223+00:00,25.058872,1774635641273222600,-0.687223,0.360700,0.546131,0.682020,-0.199510,0.639810,0.292178,-0.871737,-0.271775,0.116252,0.356350,-0.848504,-0.054436,-0.384162,-0.629298,-0.107092,0.805393,0.505139,0.072803,0.589190,0.627778
2026-03-27T18:20:41.290223+00:00,25.075873,1774635641290223200,-0.687027,0.360237,0.545917,0.680896,-0.201335,0.640175,0.292750,-0.871980,-0.270319,0.115003,0.358719,-0.849031,-0.043402,-0.383349,-0.630134,-0.107364,0.805961,0.503143,0.071198,0.586420,0.631587
2026-03-27T18:20:41.307230+00:00,25.092879,1774635641307229400,-0.686721,0.360089,0.545857,0.680206,-0.201807,0.640931,0.292578,-0.872538,-0.269575,0.114710,0.358293,-0.851409,-0.044635,-0.378870,-0.630441,-0.107454,0.806333,0.501898,0.071484,0.585836,0.632943
2026-03-27T18:20:41.324482+00:00,25.110132,1774635641324482600,-0.686038,0.360020,0.545751,0.679261,-0.201560,0.641933,0.293616,-0.872227,-0.268076,0.114475,0.354231,-0.854208,-0.038411,-0.380182,-0.630120,-0.107082,0.806978,0.502243,0.075081,0.585669,0.631315
2026-03-27T18:20:41.341491+00:00,25.127140,1774635641341490800,-0.685799,0.360034,0.545741,0.679038,-0.201009,0.642246,0.293924,-0.871357,-0.266066,0.114041,0.351529,-0.855819,-0.034552,-0.382476,-0.630086,-0.106875,0.807295,0.502859,0.076229,0.586016,0.630429
2026-03-27T18:20:41.359901+00:00,25.145550,1774635641359900600,-0.685799,0.360034,0.545741,0.679038,-0.201009,0.642246,0.293924,-0.871357,-0.266066,0.114041,0.351529,-0.855819,-0.034552,-0.382476,-0.630086,-0.106875,0.807295,0.502859,0.076229,0.586016,0.630429
2026-03-27T18:20:41.376867+00:00,25.162517,1774635641376867200,-0.684066,0.360572,0.545050,0.677763,-0.201318,0.643544,0.293478,-0.869833,-0.261555,0.112881,0.347895,-0.853980,-0.025731,-0.383249,-0.631310,-0.105814,0.809382,0.503925,0.075250,0.584560,0.631075
2026-03-27T18:20:41.393939+00:00,25.179588,1774635641393938600,-0.683541,0.360761,0.544755,0.678102,-0.201583,0.643396,0.292935,-0.869144,-0.259065,0.112054,0.343545,-0.856837,-0.019112,-0.384337,-0.631726,-0.105575,0.809848,0.503194,0.074387,0.584440,0.631870
2026-03-27T18:20:41.410976+00:00,25.196626,1774635641410976500,-0.682394,0.361205,0.544106,0.678437,-0.201637,0.643443,0.292039,-0.868600,-0.257710,0.111601,0.342634,-0.857324,-0.017140,-0.384123,-0.632732,-0.104758,0.811072,0.501364,0.073248,0.585415,0.633936
2026-03-27T18:20:41.427994+00:00,25.213644,1774635641427994200,-0.681107,0.361793,0.543302,0.679624,-0.201818,0.642696,0.290702,-0.867336,-0.255006,0.110424,0.341063,-0.859110,-0.013683,-0.383413,-0.633399,-0.103655,0.812162,0.502244,0.073784,0.585004,0.632148
2026-03-27T18:20:41.445043+00:00,25.230693,1774635641445043000,-0.679669,0.362538,0.542354,0.680941,-0.202162,0.641982,0.288479,-0.865868,-0.252560,0.109296,0.337590,-0.860500,-0.008652,-0.383863,-0.633756,-0.102385,0.813180,0.504291,0.075310,0.585541,0.629841
2026-03-27T18:20:41.462023+00:00,25.247673,1774635641462023000,-0.676331,0.364513,0.540169,0.684189,-0.202394,0.640399,0.284037,-0.862369,-0.247853,0.106752,0.333166,-0.862753,-0.001691,-0.383051,-0.634515,-0.099852,0.815057,0.509189,0.078611,0.586765,0.625312
2026-03-27T18:20:41.478852+00:00,25.264501,1774635641478851600,-0.674508,0.365626,0.539188,0.685465,-0.201945,0.640264,0.281589,-0.859868,-0.245194,0.105297,0.332875,-0.863455,-0.001273,-0.383297,-0.635433,-0.098716,0.816244,0.510961,0.078656,0.586158,0.624055
2026-03-27T18:20:41.495807+00:00,25.281456,1774635641495806800,-0.673600,0.366193,0.538711,0.686249,-0.201745,0.640306,0.280304,-0.857169,-0.242543,0.103896,0.329513,-0.860967,0.003103,-0.385136,-0.636523,-0.097910,0.817292,0.512145,0.077575,0.584815,0.624061
2026-03-27T18:20:41.513106+00:00,25.298755,1774635641513105700,-0.671757,0.367251,0.537831,0.687700,-0.201482,0.639630,0.278478,-0.854370,-0.239901,0.102822,0.323918,-0.863193,0.009522,-0.389581,-0.637658,-0.097227,0.818334,0.512858,0.075802,0.583871,0.624157
2026-03-27T18:20:41.529843+00:00,25.315493,1774635641529843100,-0.669931,0.368223,0.536911,0.689051,-0.201287,0.639201,0.277242,-0.851104,-0.236501,0.101736,0.319077,-0.861920,0.019076,-0.394380,-0.638587,-0.096629,0.819234,0.512645,0.074318,0.584503,0.624726
2026-03-27T18:20:41.546995+00:00,25.332645,1774635641546995500,-0.668139,0.369222,0.536001,0.691368,-0.200771,0.637527,0.275336,-0.847866,-0.233497,0.100924,0.314131,-0.862346,0.026872,-0.398380,-0.639123,-0.095877,0.820152,0.513484,0.073170,0.585598,0.623871
2026-03-27T18:20:41.564032+00:00,25.349682,1774635641564032000,-0.666277,0.370185,0.535181,0.693623,-0.199706,0.635383,0.273553,-0.844160,-0.230059,0.100179,0.310730,-0.863098,0.033972,-0.401460,-0.639119,-0.095136,0.820878,0.515593,0.072005,0.585481,0.621946
2026-03-27T18:20:41.583905+00:00,25.369555,1774635641583905400,-0.666277,0.370185,0.535181,0.693623,-0.199706,0.635383,0.273553,-0.844160,-0.230059,0.100179,0.310730,-0.863098,0.033972,-0.401460,-0.639119,-0.095136,0.820878,0.515593,0.072005,0.585481,0.621946
2026-03-27T18:20:41.600964+00:00,25.386614,1774635641600963900,-0.663102,0.371273,0.533948,0.695644,-0.199014,0.634372,0.271955,-0.835452,-0.223610,0.098359,0.308508,-0.861542,0.044348,-0.403064,-0.638791,-0.093938,0.821885,0.518739,0.070247,0.585863,0.619247
2026-03-27T18:20:41.617987+00:00,25.403637,1774635641617987100,-0.660444,0.371631,0.532824,0.697035,-0.201184,0.632895,0.270305,-0.826396,-0.218300,0.096148,0.300657,-0.859793,0.055588,-0.406086,-0.637780,-0.092411,0.823536,0.523364,0.065796,0.585868,0.615147
2026-03-27T18:20:41.635074+00:00,25.420724,1774635641635074300,-0.659283,0.371889,0.532145,0.697972,-0.202631,0.632315,0.268715,-0.821410,-0.215847,0.094905,0.295989,-0.862802,0.062006,-0.407888,-0.637218,-0.092101,0.824456,0.524723,0.063463,0.585376,0.614975
2026-03-27T18:20:41.652049+00:00,25.437698,1774635641652048700,-0.658004,0.372222,0.531408,0.700129,-0.204198,0.630670,0.266098,-0.815938,-0.213363,0.093571,0.294328,-0.859243,0.066682,-0.407476,-0.636385,-0.092088,0.825602,0.525577,0.061389,0.584983,0.615063
2026-03-27T18:20:41.669322+00:00,25.454972,1774635641669322300,-0.656896,0.372395,0.531006,0.701554,-0.205089,0.629070,0.264478,-0.809981,-0.211106,0.092449,0.290307,-0.862815,0.073882,-0.411775,-0.635290,-0.092326,0.826752,0.527277,0.059940,0.582398,0.615227
2026-03-27T18:20:41.686268+00:00,25.471918,1774635641686268400,-0.655988,0.372309,0.530921,0.702416,-0.205746,0.628261,0.264077,-0.804193,-0.209063,0.091355,0.287896,-0.862120,0.080134,-0.413954,-0.633896,-0.092627,0.827852,0.528968,0.057246,0.580152,0.615405
2026-03-27T18:20:41.703333+00:00,25.488982,1774635641703332600,-0.655249,0.372004,0.531074,0.702600,-0.206247,0.627394,0.264589,-0.800993,-0.208001,0.090807,0.287473,-0.861438,0.083042,-0.414530,-0.631835,-0.093141,0.828844,0.530410,0.054334,0.579071,0.616962
2026-03-27T18:20:41.720515+00:00,25.506165,1774635641720515700,-0.654768,0.371605,0.531321,0.702085,-0.207296,0.627831,0.265256,-0.794435,-0.206060,0.089744,0.288255,-0.857440,0.089952,-0.414136,-0.629578,-0.093887,0.829807,0.532892,0.051415,0.577461,0.616684
2026-03-27T18:20:41.737501+00:00,25.523151,1774635641737501000,-0.654505,0.371155,0.531513,0.702185,-0.207348,0.626787,0.266061,-0.788026,-0.204427,0.088429,0.289072,-0.859895,0.095436,-0.414333,-0.627177,-0.094896,0.830633,0.534779,0.048621,0.575257,0.616433
2026-03-27T18:20:41.754569+00:00,25.540219,1774635641754569100,-0.654333,0.370772,0.531633,0.702153,-0.207438,0.626624,0.266460,-0.781505,-0.203086,0.086933,0.293397,-0.857409,0.098048,-0.410265,-0.624687,-0.096285,0.831473,0.536114,0.045161,0.572446,0.618422
2026-03-27T18:20:41.771643+00:00,25.557292,1774635641771642600,-0.654147,0.369937,0.531466,0.702915,-0.208585,0.625338,0.266909,-0.774666,-0.201567,0.085348,0.297774,-0.856037,0.102229,-0.408600,-0.623448,-0.097050,0.831876,0.537056,0.042990,0.569969,0.619557
2026-03-27T18:20:41.792438+00:00,25.578087,1774635641792437600,-0.654147,0.369937,0.531466,0.702915,-0.208585,0.625338,0.266909,-0.767683,-0.200378,0.084023,0.300657,-0.854031,0.109618,-0.410030,-0.619761,-0.099727,0.832706,0.537889,0.034260,0.564160,0.626821
2026-03-27T18:20:41.809273+00:00,25.594923,1774635641809273400,-0.653650,0.368159,0.530527,0.704643,-0.213324,0.620490,0.269506,-0.753451,-0.199633,0.081001,0.303738,-0.851141,0.124603,-0.410915,-0.613750,-0.103332,0.832642,0.542171,0.021749,0.556193,0.629327
2026-03-27T18:20:41.826299+00:00,25.611949,1774635641826298900,-0.653577,0.367743,0.529957,0.706279,-0.214077,0.618810,0.269764,-0.746702,-0.200145,0.079237,0.304849,-0.850249,0.127955,-0.409498,-0.610603,-0.105160,0.832219,0.544720,0.014635,0.556040,0.628796
2026-03-27T18:20:41.843112+00:00,25.628762,1774635641843112000,-0.653527,0.367585,0.529663,0.707014,-0.214282,0.618145,0.269712,-0.739891,-0.201190,0.077457,0.308039,-0.848282,0.130267,-0.406004,-0.610603,-0.105160,0.832219,0.544720,0.014635,0.556040,0.628796
2026-03-27T18:20:41.860100+00:00,25.645750,1774635641860099900,-0.653483,0.367040,0.528697,0.710212,-0.215654,0.613934,0.269030,-0.733623,-0.202306,0.075745,0.311567,-0.850143,0.132364,-0.403988,-0.603831,-0.109681,0.830663,0.549250,0.002685,0.555768,0.623556
2026-03-27T18:20:41.877135+00:00,25.662785,1774635641877135300,-0.653456,0.366789,0.528386,0.711391,-0.216320,0.612093,0.268986,-0.726512,-0.203865,0.074029,0.316798,-0.847486,0.131313,-0.402285,-0.602232,-0.111207,0.830271,0.549756,-0.000110,0.554730,0.623646
2026-03-27T18:20:41.894140+00:00,25.679790,1774635641894140300,-0.653296,0.365970,0.527650,0.713275,-0.218329,0.608625,0.269852,-0.719543,-0.205619,0.072608,0.318758,-0.849656,0.129989,-0.403993,-0.597970,-0.116098,0.829157,0.544318,-0.005405,0.552947,0.630241
2026-03-27T18:20:41.911275+00:00,25.696925,1774635641911275000,-0.653263,0.365734,0.527464,0.713712,-0.218810,0.608069,0.270231,-0.712742,-0.207300,0.071367,0.322097,-0.847741,0.129363,-0.402983,-0.596585,-0.117765,0.828762,0.541997,-0.007208,0.552338,0.633667
2026-03-27T18:20:41.928203+00:00,25.713853,1774635641928203100,-0.653589,0.365298,0.526789,0.715443,-0.219280,0.605898,0.269186,-0.699946,-0.210290,0.069139,0.339123,-0.842949,0.124732,-0.398216,-0.591726,-0.123210,0.826808,0.539855,-0.021499,0.546348,0.639722
2026-03-27T18:20:41.945234+00:00,25.730884,1774635641945233900,-0.653816,0.364892,0.526310,0.716319,-0.220738,0.604676,0.268328,-0.694013,-0.212154,0.068095,0.348990,-0.843563,0.120685,-0.394100,-0.588965,-0.125470,0.825646,0.540902,-0.028844,0.547095,0.638123
2026-03-27T18:20:41.962348+00:00,25.747998,1774635641962348000,-0.654137,0.364233,0.525679,0.717332,-0.222578,0.603399,0.267990,-0.691425,-0.212910,0.067533,0.355886,-0.839684,0.118356,-0.389124,-0.585859,-0.127699,0.824395,0.542783,-0.033512,0.548573,0.635198
2026-03-27T18:20:41.979340+00:00,25.764989,1774635641979339600,-0.654498,0.363402,0.525203,0.718017,-0.224842,0.601691,0.268231,-0.686331,-0.214846,0.066624,0.366073,-0.840488,0.115258,-0.383309,-0.583000,-0.130043,0.823307,0.544228,-0.037007,0.548741,0.633777
2026-03-27T18:20:41.996321+00:00,25.781971,1774635641996321300,-0.654879,0.362589,0.524817,0.718308,-0.226671,0.600301,0.269353,-0.681532,-0.216958,0.065854,0.374797,-0.839675,0.111062,-0.378102,-0.580491,-0.132506,0.822269,0.543770,-0.041061,0.548198,0.634653
2026-03-27T18:20:42.016793+00:00,25.802442,1774635642016792800,-0.654879,0.362589,0.524817,0.718308,-0.226671,0.600301,0.269353,-0.681532,-0.216958,0.065854,0.374797,-0.839675,0.111062,-0.378102,-0.580491,-0.132506,0.822269,0.543770,-0.041061,0.548198,0.634653
2026-03-27T18:20:42.032946+00:00,25.818596,1774635642032946500,-0.655611,0.361107,0.524234,0.719596,-0.228497,0.597157,0.270886,-0.672978,-0.222232,0.064852,0.387314,-0.837763,0.101076,-0.368024,-0.576597,-0.136774,0.820757,0.541252,-0.050474,0.549853,0.634371
2026-03-27T18:20:42.050220+00:00,25.835870,1774635642050220300,-0.655804,0.360656,0.524140,0.720056,-0.228783,0.596082,0.271643,-0.668765,-0.225255,0.064700,0.390304,-0.839292,0.096744,-0.367336,-0.574813,-0.139159,0.820205,0.538313,-0.053580,0.551121,0.636112
2026-03-27T18:20:42.067158+00:00,25.852807,1774635642067157400,-0.656271,0.359620,0.524112,0.720200,-0.229472,0.594868,0.273972,-0.660769,-0.232503,0.065342,0.394764,-0.838055,0.085467,-0.366788,-0.573132,-0.141500,0.819895,0.536654,-0.054586,0.550038,0.636902
2026-03-27T18:20:42.084305+00:00,25.869955,1774635642084304900,-0.657209,0.357479,0.524676,0.718543,-0.230260,0.593401,0.280519,-0.657564,-0.236559,0.065435,0.395517,-0.839345,0.080075,-0.366884,-0.570378,-0.147739,0.819658,0.528655,-0.056375,0.550655,0.644536
2026-03-27T18:20:42.101269+00:00,25.886919,1774635642101269000,-0.657544,0.356620,0.525090,0.716967,-0.229859,0.594238,0.283024,-0.654713,-0.240353,0.065561,0.394859,-0.839211,0.076634,-0.367892,-0.569290,-0.151356,0.819672,0.522586,-0.056360,0.550863,0.648201
2026-03-27T18:20:42.118187+00:00,25.903837,1774635642118187600,-0.657808,0.356046,0.525401,0.715740,-0.229541,0.595002,0.284620,-0.652081,-0.244370,0.065598,0.395364,-0.838815,0.074170,-0.368340,-0.568137,-0.155099,0.819741,0.514892,-0.055266,0.552088,0.653589
2026-03-27T18:20:42.135181+00:00,25.920830,1774635642135180700,-0.657959,0.355699,0.525521,0.714524,-0.229592,0.596462,0.285325,-0.649557,-0.248212,0.065300,0.399798,-0.837312,0.071682,-0.366239,-0.567415,-0.156918,0.819693,0.511553,-0.054190,0.552311,0.656963
2026-03-27T18:20:42.152067+00:00,25.937717,1774635642152067000,-0.658032,0.355432,0.525422,0.713591,-0.230431,0.597072,0.285287,-0.647487,-0.251804,0.064891,0.406050,-0.836522,0.068092,-0.363757,-0.565978,-0.160283,0.819547,0.508253,-0.053209,0.550938,0.659991
2026-03-27T18:20:42.169327+00:00,25.954977,1774635642169327400,-0.658093,0.355211,0.525198,0.713240,-0.231493,0.596789,0.285116,-0.645259,-0.255329,0.064489,0.410860,-0.833844,0.063121,-0.363099,-0.564335,-0.163210,0.819191,0.507279,-0.052851,0.549736,0.660945
2026-03-27T18:20:42.186247+00:00,25.971897,1774635642186247000,-0.658127,0.355027,0.524968,0.712467,-0.232445,0.597463,0.285072,-0.643201,-0.258453,0.064396,0.409672,-0.834535,0.057930,-0.367312,-0.562689,-0.165870,0.818523,0.507173,-0.054647,0.550449,0.660713
2026-03-27T18:20:42.203138+00:00,25.988787,1774635642203137800,-0.658172,0.354958,0.524745,0.711770,-0.233063,0.598144,0.284865,-0.640877,-0.261573,0.064513,0.403398,-0.833240,0.052361,-0.374244,-0.560970,-0.168280,0.817668,0.507023,-0.056648,0.553252,0.658553
2026-03-27T18:20:42.224653+00:00,26.010303,1774635642224653500,-0.658143,0.354938,0.524445,0.711205,-0.233334,0.598805,0.284748,-0.639147,-0.264329,0.064831,0.392544,-0.834827,0.048306,-0.382939,-0.559528,-0.170525,0.816762,0.505575,-0.058568,0.557089,0.656071
2026-03-27T18:20:42.241641+00:00,26.027291,1774635642241641100,-0.658217,0.355004,0.523488,0.710476,-0.233724,0.599976,0.283873,-0.636725,-0.267244,0.065319,0.379425,-0.835348,0.042545,-0.395693,-0.557210,-0.174292,0.814861,0.499936,-0.060891,0.565234,0.653815
2026-03-27T18:20:42.258465+00:00,26.044114,1774635642258464600,-0.658167,0.354941,0.522854,0.709847,-0.234481,0.600631,0.283873,-0.636318,-0.267578,0.065377,0.378392,-0.835515,0.041967,-0.397192,-0.556209,-0.175844,0.814059,0.496997,-0.061493,0.566296,0.654822
2026-03-27T18:20:42.275465+00:00,26.061115,1774635642275465500,-0.658120,0.354899,0.522123,0.710078,-0.235114,0.600040,0.283544,-0.635720,-0.267583,0.065585,0.379071,-0.832921,0.042301,-0.399399,-0.555354,-0.177295,0.813265,0.493943,-0.063466,0.566875,0.656255
2026-03-27T18:20:42.292472+00:00,26.078121,1774635642292471600,-0.658030,0.354851,0.521376,0.710008,-0.235459,0.599691,0.283595,-0.635450,-0.266785,0.065973,0.378775,-0.831539,0.044658,-0.402165,-0.554295,-0.178229,0.812473,0.490627,-0.064797,0.570450,0.656684
2026-03-27T18:20:42.309451+00:00,26.095101,1774635642309450900,-0.658080,0.354815,0.520682,0.709939,-0.236270,0.599677,0.283617,-0.634996,-0.265095,0.066383,0.379427,-0.830883,0.048618,-0.404661,-0.552990,-0.178502,0.811652,0.490262,-0.065431,0.571934,0.654322
2026-03-27T18:20:42.326482+00:00,26.112132,1774635642326482200,-0.658144,0.354712,0.520023,0.709004,-0.237280,0.600394,0.284138,-0.635085,-0.262555,0.066940,0.385106,-0.827580,0.053587,-0.405361,-0.551512,-0.178158,0.811001,0.493552,-0.065015,0.574106,0.650483
2026-03-27T18:20:42.343557+00:00,26.129207,1774635642343557400,-0.658219,0.354556,0.519338,0.708890,-0.238008,0.600072,0.284024,-0.635443,-0.260063,0.067513,0.391887,-0.823622,0.059434,-0.402536,-0.549702,-0.177529,0.810424,0.497332,-0.064446,0.576290,0.646010
2026-03-27T18:20:42.360742+00:00,26.146392,1774635642360742500,-0.658334,0.354336,0.518635,0.708629,-0.238801,0.600372,0.283874,-0.636575,-0.258141,0.067861,0.397294,-0.824151,0.065273,-0.397878,-0.547738,-0.176621,0.810134,0.501873,-0.062395,0.579241,0.639732
2026-03-27T18:20:42.377795+00:00,26.163445,1774635642377795200,-0.658499,0.354067,0.518070,0.708141,-0.239573,0.600215,0.284302,-0.637756,-0.256517,0.067809,0.405496,-0.825162,0.067816,-0.389867,-0.546043,-0.176012,0.810102,0.503726,-0.058052,0.584031,0.634503
2026-03-27T18:20:42.394893+00:00,26.180543,1774635642394893200,-0.658640,0.353674,0.517527,0.707353,-0.240283,0.600434,0.284832,-0.639016,-0.254865,0.067520,0.416793,-0.821282,0.068643,-0.380046,-0.545011,-0.175687,0.810485,0.501898,-0.052703,0.586309,0.633231
2026-03-27T18:20:42.411840+00:00,26.197490,1774635642411840500,-0.658813,0.352874,0.517016,0.706011,-0.242012,0.601311,0.285818,-0.639924,-0.251569,0.066865,0.425813,-0.819080,0.075330,-0.377756,-0.543661,-0.175784,0.811740,0.492759,-0.044921,0.587544,0.639964
2026-03-27T18:20:42.428948+00:00,26.214598,1774635642428948300,-0.658974,0.352463,0.516889,0.704768,-0.242328,0.601359,0.287027,-0.639480,-0.250208,0.066895,0.422561,-0.816952,0.080926,-0.384066,-0.542400,-0.175388,0.812056,0.488881,-0.040343,0.589158,0.641584
2026-03-27T18:20:42.448390+00:00,26.234040,1774635642448390400,-0.658974,0.352463,0.516889,0.704768,-0.242328,0.601359,0.287027,-0.639480,-0.250208,0.066895,0.422561,-0.816952,0.080926,-0.384066,-0.542400,-0.175388,0.812056,0.488881,-0.040343,0.589158,0.641584
2026-03-27T18:20:42.465354+00:00,26.251004,1774635642465354500,-0.659481,0.351829,0.516817,0.700887,-0.242617,0.604819,0.289663,-0.638000,-0.247591,0.066251,0.414310,-0.814061,0.082671,-0.398232,-0.540221,-0.174128,0.811897,0.490663,-0.031115,0.593546,0.636757
2026-03-27T18:20:42.482305+00:00,26.267954,1774635642482304700,-0.659764,0.351746,0.516593,0.699202,-0.243267,0.606925,0.289591,-0.637412,-0.245997,0.065638,0.411906,-0.813054,0.082741,-0.401394,-0.538744,-0.173610,0.811392,0.491211,-0.026986,0.594828,0.634667
2026-03-27T18:20:42.499319+00:00,26.284968,1774635642499318700,-0.660084,0.351794,0.516303,0.698442,-0.243809,0.607826,0.288684,-0.636661,-0.244173,0.065040,0.410939,-0.813811,0.083766,-0.402907,-0.537464,-0.173471,0.810668,0.489833,-0.023922,0.597338,0.634311
2026-03-27T18:20:42.516084+00:00,26.301734,1774635642516084000,-0.660274,0.351803,0.516027,0.697169,-0.244435,0.609304,0.288548,-0.635334,-0.242126,0.064510,0.415631,-0.809600,0.084890,-0.404938,-0.536245,-0.173371,0.809643,0.487660,-0.021275,0.601034,0.632077
2026-03-27T18:20:42.533135+00:00,26.318785,1774635642533135200,-0.660464,0.351867,0.515791,0.696124,-0.244681,0.610118,0.288214,-0.633447,-0.240689,0.064167,0.419534,-0.806488,0.085844,-0.409099,-0.535088,-0.173572,0.808462,0.485297,-0.020560,0.604776,0.630803
2026-03-27T18:20:42.550189+00:00,26.335839,1774635642550189000,-0.660526,0.352167,0.515741,0.694854,-0.244602,0.611599,0.288551,-0.632314,-0.240303,0.064040,0.419699,-0.804992,0.084859,-0.411407,-0.534055,-0.174122,0.807130,0.483472,-0.021017,0.608560,0.629079
2026-03-27T18:20:42.567292+00:00,26.352941,1774635642567291800,-0.660826,0.352612,0.514594,0.693836,-0.244138,0.613440,0.287721,-0.629476,-0.242744,0.062466,0.419276,-0.807272,0.078494,-0.407754,-0.532667,-0.176949,0.804730,0.478917,-0.024862,0.612201,0.628479
2026-03-27T18:20:42.584247+00:00,26.369897,1774635642584247000,-0.660814,0.352779,0.513845,0.693614,-0.244698,0.613638,0.287246,-0.627620,-0.244087,0.061631,0.424784,-0.805708,0.074029,-0.404479,-0.531998,-0.178914,0.803737,0.474497,-0.025959,0.615761,0.629230
2026-03-27T18:20:42.601498+00:00,26.387148,1774635642601498100,-0.660932,0.352974,0.513121,0.694485,-0.244890,0.612913,0.286430,-0.624951,-0.245216,0.060942,0.436375,-0.801908,0.073538,-0.402648,-0.531110,-0.181014,0.802908,0.472757,-0.022585,0.616888,0.628846
2026-03-27T18:20:42.618380+00:00,26.404030,1774635642618380100,-0.660910,0.353067,0.512403,0.695189,-0.244422,0.612378,0.286064,-0.623251,-0.247052,0.059887,0.447626,-0.798069,0.072930,-0.395933,-0.530395,-0.183212,0.802323,0.468732,-0.017483,0.618384,0.630860
2026-03-27T18:20:42.635445+00:00,26.421095,1774635642635445100,-0.660826,0.352994,0.511823,0.695581,-0.244190,0.611923,0.286236,-0.622107,-0.249411,0.058575,0.454143,-0.799609,0.068357,-0.387283,-0.530274,-0.184900,0.801875,0.462318,-0.013801,0.619617,0.633515
2026-03-27T18:20:42.656578+00:00,26.442228,1774635642656577900,-0.660826,0.352994,0.511823,0.695581,-0.244190,0.611923,0.286236,-0.622107,-0.249411,0.058575,0.454143,-0.799609,0.068357,-0.387283,-0.530274,-0.184900,0.801875,0.462318,-0.013801,0.619617,0.633515
2026-03-27T18:20:42.673577+00:00,26.459226,1774635642673576700,-0.660975,0.352898,0.510986,0.696240,-0.243692,0.611080,0.286549,-0.618768,-0.253442,0.055551,0.457130,-0.798189,0.059890,-0.385142,-0.529780,-0.186181,0.801509,0.454168,-0.004620,0.624590,0.636253
2026-03-27T18:20:42.690687+00:00,26.476336,1774635642690686700,-0.661589,0.352780,0.509885,0.697045,-0.242400,0.610537,0.286738,-0.616337,-0.258061,0.051759,0.437430,-0.804790,0.049674,-0.396128,-0.529370,-0.186501,0.801505,0.454138,0.000932,0.624249,0.634404
2026-03-27T18:20:42.707611+00:00,26.493261,1774635642707610900,-0.661976,0.352622,0.509396,0.696616,-0.241853,0.611516,0.287040,-0.615612,-0.260022,0.049993,0.426072,-0.808855,0.045040,-0.401167,-0.529819,-0.187264,0.801734,0.449931,0.007195,0.622781,0.640079
2026-03-27T18:20:42.724624+00:00,26.510274,1774635642724624500,-0.662382,0.352373,0.508810,0.696272,-0.241548,0.611562,0.288072,-0.615038,-0.261523,0.048814,0.415514,-0.811412,0.040257,-0.407240,-0.530243,-0.187643,0.801949,0.448260,0.007234,0.621727,0.642429
2026-03-27T18:20:42.741788+00:00,26.527438,1774635642741788500,-0.662827,0.352000,0.508180,0.696126,-0.241866,0.611185,0.288847,-0.615358,-0.262732,0.048273,0.406639,-0.814354,0.039060,-0.410391,-0.531737,-0.188297,0.802423,0.441123,0.006316,0.620233,0.649372
2026-03-27T18:20:42.758895+00:00,26.544545,1774635642758895200,-0.663108,0.351554,0.507372,0.695843,-0.241930,0.610747,0.290696,-0.616951,-0.264023,0.048574,0.398128,-0.821975,0.037492,-0.406303,-0.531999,-0.188444,0.802617,0.439998,0.006184,0.619324,0.650642
2026-03-27T18:20:42.776250+00:00,26.561899,1774635642776249700,-0.663136,0.351059,0.506351,0.695451,-0.241989,0.609879,0.292558,-0.618437,-0.264147,0.049471,0.402025,-0.826269,0.033029,-0.394633,-0.532044,-0.188593,0.803031,0.437572,0.005888,0.619761,0.653172
2026-03-27T18:20:42.793014+00:00,26.578663,1774635642793013600,-0.663088,0.350751,0.504805,0.695966,-0.242898,0.608049,0.294327,-0.619435,-0.263131,0.050398,0.414988,-0.824042,0.028389,-0.382444,-0.531521,-0.188487,0.803463,0.438288,0.005860,0.618875,0.651678
2026-03-27T18:20:42.810138+00:00,26.595788,1774635642810137900,-0.663000,0.350954,0.502420,0.699195,-0.242803,0.603659,0.295595,-0.620116,-0.261917,0.051230,0.424604,-0.821836,0.029537,-0.376462,-0.530757,-0.188212,0.803770,0.439655,0.007193,0.618789,0.650474
2026-03-27T18:20:42.827284+00:00,26.612934,1774635642827284000,-0.662829,0.351455,0.499161,0.706062,-0.241796,0.595999,0.295808,-0.620781,-0.260549,0.051703,0.427414,-0.823164,0.036764,-0.374080,-0.529964,-0.188070,0.803938,0.440325,0.009088,0.620522,0.650073
2026-03-27T18:20:42.844150+00:00,26.629800,1774635642844149900,-0.662647,0.352022,0.495727,0.713499,-0.240837,0.587981,0.295024,-0.620980,-0.258824,0.051921,0.430532,-0.820298,0.043928,-0.372987,-0.529169,-0.187743,0.803796,0.443280,0.006231,0.619932,0.647172
2026-03-27T18:20:42.860958+00:00,26.646607,1774635642860957600,-0.662596,0.352413,0.492697,0.719259,-0.239440,0.581710,0.294592,-0.621061,-0.257951,0.051751,0.431694,-0.820389,0.046775,-0.372790,-0.527895,-0.187366,0.803434,0.448022,0.000273,0.621788,0.642662
2026-03-27T18:20:42.878034+00:00,26.663684,1774635642878034200,-0.662766,0.352685,0.490125,0.723238,-0.238268,0.577318,0.294627,-0.621395,-0.256529,0.051082,0.432241,-0.820125,0.049413,-0.373507,-0.526704,-0.186897,0.802810,0.452383,-0.006072,0.624841,0.637836
2026-03-27T18:20:42.895730+00:00,26.681380,1774635642895730200,-0.663057,0.353002,0.487936,0.726617,-0.237223,0.573658,0.294318,-0.621985,-0.255442,0.050427,0.429916,-0.819790,0.050221,-0.374505,-0.525599,-0.186382,0.802299,0.453679,-0.008572,0.625084,0.634743
2026-03-27T18:20:42.912573+00:00,26.698223,1774635642912572900,-0.663215,0.353626,0.484338,0.729619,-0.236345,0.570870,0.292432,-0.622803,-0.253381,0.050111,0.421043,-0.824683,0.050965,-0.376385,-0.523046,-0.185708,0.801388,0.453391,-0.007040,0.624008,0.636616
2026-03-27T18:20:42.929565+00:00,26.715214,1774635642929564800,-0.663289,0.354007,0.482893,0.730333,-0.237329,0.570734,0.290778,-0.623042,-0.252236,0.049925,0.421137,-0.824307,0.051382,-0.375196,-0.521425,-0.185343,0.800862,0.454090,-0.006917,0.624985,0.635273
2026-03-27T18:20:42.946729+00:00,26.732379,1774635642946729300,-0.663476,0.354423,0.481759,0.730788,-0.237565,0.570953,0.289368,-0.623363,-0.251493,0.049795,0.421341,-0.823945,0.052269,-0.373846,-0.519962,-0.185400,0.800415,0.454458,-0.006267,0.626853,0.632518
2026-03-27T18:20:42.963797+00:00,26.749446,1774635642963796700,-0.663636,0.354803,0.480885,0.730150,-0.236977,0.572547,0.288415,-0.623715,-0.250876,0.049652,0.420448,-0.825556,0.053114,-0.373054,-0.518836,-0.185905,0.800124,0.451840,-0.006838,0.626857,0.635015
2026-03-27T18:20:42.980808+00:00,26.766458,1774635642980807900,-0.663822,0.355112,0.480202,0.729689,-0.236914,0.573826,0.286881,-0.623906,-0.250099,0.049714,0.423116,-0.824561,0.056297,-0.370250,-0.517932,-0.186744,0.800118,0.450355,-0.007246,0.625236,0.636946
2026-03-27T18:20:42.997811+00:00,26.783461,1774635642997811300,-0.664041,0.355333,0.479371,0.728724,-0.237353,0.575143,0.285924,-0.624443,-0.249582,0.049529,0.425893,-0.825437,0.057881,-0.366112,-0.517284,-0.187783,0.800197,0.448714,-0.008759,0.626157,0.638400
2026-03-27T18:20:43.014924+00:00,26.800574,1774635643014924000,-0.664127,0.355373,0.478935,0.728397,-0.237612,0.575590,0.285640,-0.625015,-0.249521,0.049548,0.427912,-0.826225,0.057301,-0.360044,-0.516841,-0.188675,0.800288,0.447548,-0.011027,0.627757,0.636952
2026-03-27T18:20:43.031918+00:00,26.817568,1774635643031917900,-0.664452,0.355423,0.477620,0.727096,-0.239642,0.577044,0.284542,-0.625514,-0.249546,0.049491,0.428011,-0.828807,0.056396,-0.355841,-0.516310,-0.189551,0.800457,0.448080,-0.011237,0.631864,0.633023
2026-03-27T18:20:43.048985+00:00,26.834635,1774635643048985300,-0.664618,0.355417,0.477096,0.726431,-0.240600,0.577570,0.284324,-0.625898,-0.249568,0.049514,0.426437,-0.830946,0.057045,-0.354373,-0.515861,-0.190758,0.800896,0.450439,-0.008638,0.633754,0.628716
2026-03-27T18:20:43.066053+00:00,26.851702,1774635643066052800,-0.665425,0.355662,0.475277,0.726434,-0.240846,0.579075,0.281277,-0.626813,-0.249738,0.048728,0.422742,-0.833686,0.061557,-0.351715,-0.516823,-0.193186,0.801652,0.448257,-0.002331,0.632489,0.632193
2026-03-27T18:20:43.083083+00:00,26.868733,1774635643083083300,-0.665425,0.355662,0.475277,0.726434,-0.240846,0.579075,0.281277,-0.626813,-0.249738,0.048728,0.422742,-0.833686,0.061557,-0.351715,-0.516823,-0.193186,0.801652,0.448257,-0.002331,0.632489,0.632193
2026-03-27T18:20:43.100121+00:00,26.885770,1774635643100120600,-0.665630,0.355133,0.473757,0.726741,-0.242561,0.577752,0.281769,-0.626316,-0.249364,0.047726,0.427525,-0.831534,0.055569,-0.349023,-0.519926,-0.193299,0.802013,0.435506,0.001920,0.629737,0.641867
2026-03-27T18:20:43.120329+00:00,26.905979,1774635643120329100,-0.665630,0.355133,0.473757,0.726741,-0.242561,0.577752,0.281769,-0.626316,-0.249364,0.047726,0.427525,-0.831534,0.055569,-0.349023,-0.519926,-0.193299,0.802013,0.435506,0.001920,0.629737,0.641867
2026-03-27T18:20:43.137228+00:00,26.922877,1774635643137227500,-0.666447,0.354837,0.472844,0.725518,-0.240740,0.577241,0.286922,-0.625226,-0.249032,0.049135,0.421449,-0.830737,0.056403,-0.360320,-0.522215,-0.191323,0.801223,0.428539,0.007169,0.634411,0.644532
2026-03-27T18:20:43.154239+00:00,26.939889,1774635643154239200,-0.666638,0.354932,0.472651,0.725385,-0.240075,0.577651,0.287208,-0.624803,-0.249129,0.050506,0.420307,-0.829689,0.056417,-0.362605,-0.522551,-0.191064,0.800942,0.429019,0.006953,0.634201,0.642847
2026-03-27T18:20:43.171293+00:00,26.956943,1774635643171292900,-0.667061,0.355194,0.472240,0.725582,-0.238950,0.578117,0.286835,-0.624515,-0.249167,0.051282,0.420979,-0.828752,0.055218,-0.362625,-0.523094,-0.190853,0.800472,0.431771,0.004176,0.636337,0.638707
2026-03-27T18:20:43.188384+00:00,26.974033,1774635643188383600,-0.667328,0.355259,0.471837,0.725097,-0.238364,0.578872,0.287062,-0.623391,-0.248958,0.053961,0.422584,-0.828979,0.050759,-0.360052,-0.523430,-0.191067,0.800305,0.434226,0.000880,0.638827,0.635836
2026-03-27T18:20:43.205415+00:00,26.991064,1774635643205414600,-0.667484,0.355154,0.471552,0.724359,-0.239105,0.579478,0.286904,-0.622978,-0.248763,0.054759,0.421979,-0.831306,0.049723,-0.359117,-0.523817,-0.191444,0.800485,0.435863,-0.002558,0.638975,0.633072
2026-03-27T18:20:43.222395+00:00,27.008045,1774635643222395300,-0.667675,0.355167,0.471393,0.721738,-0.239692,0.582094,0.287711,-0.621302,-0.247251,0.057216,0.418935,-0.834978,0.052851,-0.354859,-0.523781,-0.191975,0.801331,0.438867,-0.007194,0.639736,0.630803
2026-03-27T18:20:43.239444+00:00,27.025094,1774635643239444500,-0.667952,0.355418,0.471487,0.720889,-0.239014,0.583579,0.287392,-0.620026,-0.246120,0.058215,0.420103,-0.834033,0.054892,-0.355899,-0.523434,-0.192078,0.802002,0.439704,-0.005915,0.639958,0.631426
2026-03-27T18:20:43.256542+00:00,27.042192,1774635643256541900,-0.667952,0.355418,0.471487,0.720889,-0.239014,0.583579,0.287392,-0.617673,-0.244283,0.058978,0.429473,-0.826667,0.055486,-0.357136,-0.523434,-0.192078,0.802002,0.439704,-0.005915,0.639958,0.631426
2026-03-27T18:20:43.273574+00:00,27.059224,1774635643273573900,-0.668394,0.355630,0.471760,0.718964,-0.237361,0.586844,0.286924,-0.616840,-0.243896,0.058977,0.431984,-0.826720,0.055242,-0.356848,-0.523427,-0.192669,0.803330,0.435474,-0.001991,0.636477,0.635107
2026-03-27T18:20:43.290585+00:00,27.076235,1774635643290585400,-0.668487,0.355595,0.471718,0.717731,-0.237378,0.588084,0.287045,-0.615399,-0.243431,0.058586,0.438634,-0.823619,0.052248,-0.354251,-0.523363,-0.192979,0.804059,0.432210,0.001124,0.637349,0.639208
2026-03-27T18:20:43.307666+00:00,27.093316,1774635643307666000,-0.668570,0.355568,0.471613,0.717313,-0.237771,0.588850,0.287030,-0.613800,-0.243234,0.057880,0.444320,-0.820672,0.049866,-0.354702,-0.523359,-0.193251,0.804621,0.431527,0.003833,0.634845,0.639227
2026-03-27T18:20:43.328599+00:00,27.114249,1774635643328599200,-0.668570,0.355568,0.471613,0.717313,-0.237771,0.588850,0.287030,-0.613800,-0.243234,0.057880,0.444320,-0.820672,0.049866,-0.354702,-0.523359,-0.193251,0.804621,0.431527,0.003833,0.634845,0.639227
2026-03-27T18:20:43.345839+00:00,27.131489,1774635643345839000,-0.668743,0.355416,0.470910,0.717008,-0.238593,0.589382,0.285966,-0.612593,-0.246111,0.054632,0.437217,-0.823000,0.050331,-0.360440,-0.523998,-0.194317,0.805121,0.425119,0.010915,0.634736,0.645485
2026-03-27T18:20:43.362742+00:00,27.148392,1774635643362742500,-0.668575,0.354786,0.469965,0.716867,-0.239236,0.589501,0.285815,-0.613685,-0.250932,0.049696,0.420899,-0.830285,0.044298,-0.362107,-0.525284,-0.194912,0.804762,0.417803,0.010750,0.634390,0.651259
2026-03-27T18:20:43.379868+00:00,27.165518,1774635643379868100,-0.668366,0.354310,0.469383,0.716248,-0.240700,0.589276,0.286481,-0.613205,-0.251872,0.046967,0.418232,-0.829710,0.039357,-0.366661,-0.525799,-0.194649,0.804138,0.415912,0.010314,0.634194,0.650378
2026-03-27T18:20:43.396589+00:00,27.182239,1774635643396589000,-0.668087,0.353921,0.468693,0.715742,-0.242444,0.588439,0.287120,-0.612438,-0.252141,0.044311,0.411560,-0.829837,0.035756,-0.374013,-0.525830,-0.193875,0.803319,0.415574,0.009481,0.637271,0.649910
2026-03-27T18:20:43.413660+00:00,27.199309,1774635643413659700,-0.667832,0.353740,0.467842,0.715172,-0.244021,0.588486,0.287613,-0.611654,-0.251650,0.041864,0.404198,-0.830725,0.032083,-0.380740,-0.525607,-0.192697,0.802411,0.419156,0.006827,0.637871,0.644789
2026-03-27T18:20:43.430710+00:00,27.216359,1774635643430709600,-0.667727,0.353973,0.466930,0.715912,-0.244886,0.587645,0.286175,-0.610177,-0.249190,0.039137,0.405617,-0.827418,0.023964,-0.389666,-0.525243,-0.191611,0.801703,0.422955,0.003035,0.639426,0.640802
2026-03-27T18:20:43.447777+00:00,27.233427,1774635643447777300,-0.667742,0.354537,0.466092,0.716026,-0.244469,0.589057,0.284547,-0.607985,-0.245116,0.036192,0.412605,-0.817659,0.024375,-0.401091,-0.524715,-0.190590,0.801054,0.425897,-0.002029,0.642224,0.638212
2026-03-27T18:20:43.464731+00:00,27.250381,1774635643464730900,-0.667843,0.355262,0.465400,0.716399,-0.242842,0.589251,0.283490,-0.606137,-0.240209,0.032512,0.420784,-0.807811,0.036530,-0.413050,-0.523928,-0.189446,0.800595,0.430160,-0.005163,0.642482,0.634257
2026-03-27T18:20:43.481809+00:00,27.267459,1774635643481809500,-0.668011,0.355881,0.464692,0.716164,-0.241681,0.590825,0.282292,-0.604694,-0.234286,0.027974,0.427992,-0.795208,0.054167,-0.423992,-0.523286,-0.188194,0.800221,0.432801,-0.007354,0.643992,0.631554
2026-03-27T18:20:43.498844+00:00,27.284493,1774635643498843600,-0.668078,0.356232,0.463912,0.716048,-0.241200,0.591337,0.281240,-0.605178,-0.228716,0.022508,0.432725,-0.790098,0.071463,-0.429299,-0.522745,-0.186995,0.799949,0.433971,-0.008680,0.643550,0.629742
2026-03-27T18:20:43.515851+00:00,27.301501,1774635643515851100,-0.668080,0.356509,0.462956,0.716000,-0.241267,0.591922,0.280339,-0.605691,-0.225952,0.019566,0.436757,-0.786159,0.077585,-0.429060,-0.522279,-0.185944,0.799902,0.432145,-0.009347,0.644665,0.629861
2026-03-27T18:20:43.533024+00:00,27.318674,1774635643533024300,-0.668082,0.356812,0.461873,0.716405,-0.241103,0.592219,0.278985,-0.607240,-0.220253,0.013414,0.446081,-0.780427,0.088660,-0.429386,-0.520851,-0.182905,0.800188,0.425937,-0.007646,0.645784,0.633754
2026-03-27T18:20:43.552381+00:00,27.338031,1774635643552381200,-0.668117,0.356982,0.460697,0.716830,-0.241081,0.592308,0.277995,-0.609154,-0.214806,0.006833,0.453849,-0.773928,0.098567,-0.431056,-0.520851,-0.182905,0.800188,0.425937,-0.007646,0.645784,0.633754
2026-03-27T18:20:43.569427+00:00,27.355076,1774635643569426500,-0.668118,0.356546,0.458113,0.716602,-0.241733,0.591873,0.278649,-0.614542,-0.206184,-0.007817,0.468797,-0.763930,0.111006,-0.430746,-0.517626,-0.178942,0.802364,0.418991,-0.003287,0.647544,0.638187
2026-03-27T18:20:43.586445+00:00,27.372095,1774635643586445300,-0.668078,0.356186,0.456565,0.716374,-0.243112,0.591768,0.278973,-0.618731,-0.202804,-0.016019,0.480890,-0.756856,0.108591,-0.429380,-0.515152,-0.177032,0.804285,0.420723,0.001033,0.642843,0.638750
2026-03-27T18:20:43.603472+00:00,27.389122,1774635643603472000,-0.668053,0.356056,0.455677,0.716629,-0.243926,0.591165,0.278753,-0.623753,-0.200268,-0.024368,0.490317,-0.753430,0.102663,-0.424373,-0.512518,-0.175829,0.806638,0.418371,0.002693,0.635270,0.649245
2026-03-27T18:20:43.620678+00:00,27.406328,1774635643620678100,-0.667978,0.355837,0.453674,0.717607,-0.245212,0.589714,0.278016,-0.629521,-0.198518,-0.032778,0.494040,-0.754652,0.100963,-0.418985,-0.509552,-0.173969,0.809791,0.409246,0.009854,0.640473,0.650661
2026-03-27T18:20:43.637644+00:00,27.423294,1774635643637644400,-0.667843,0.355683,0.451494,0.718496,-0.246861,0.587831,0.277542,-0.635191,-0.197308,-0.040139,0.491714,-0.757759,0.102600,-0.415780,-0.506152,-0.171973,0.812581,0.404520,0.019666,0.640164,0.652978
2026-03-27T18:20:43.654760+00:00,27.440410,1774635643654760300,-0.667734,0.355691,0.449136,0.719702,-0.248566,0.586108,0.276889,-0.641745,-0.196534,-0.047353,0.484584,-0.764351,0.108774,-0.409283,-0.502012,-0.169452,0.815641,0.397661,0.031317,0.643677,0.652732
2026-03-27T18:20:43.671809+00:00,27.457459,1774635643671809100,-0.667472,0.356067,0.445387,0.722127,-0.250490,0.583546,0.275070,-0.648234,-0.195987,-0.053966,0.481315,-0.768331,0.114085,-0.405668,-0.498029,-0.167138,0.818927,0.388250,0.042014,0.643439,0.658676
2026-03-27T18:20:43.689035+00:00,27.474685,1774635643689035600,-0.667357,0.356317,0.444122,0.723367,-0.250766,0.582089,0.273631,-0.654907,-0.195648,-0.060130,0.485729,-0.768937,0.113925,-0.398239,-0.494430,-0.165274,0.822562,0.380129,0.052629,0.637578,0.669636
2026-03-27T18:20:43.706121+00:00,27.491770,1774635643706120700,-0.666981,0.356978,0.440599,0.726847,-0.251108,0.579074,0.270985,-0.661572,-0.195008,-0.066128,0.491894,-0.772560,0.106620,-0.387923,-0.490475,-0.163078,0.826410,0.368838,0.066550,0.634220,0.676492
2026-03-27T18:20:43.723070+00:00,27.508720,1774635643723070400,-0.666938,0.357165,0.439565,0.728070,-0.250963,0.578071,0.270034,-0.667139,-0.192903,-0.070616,0.503986,-0.768619,0.105356,-0.379273,-0.486223,-0.160411,0.830168,0.364424,0.087327,0.633080,0.677247
2026-03-27T18:20:43.740281+00:00,27.525931,1774635643740280900,-0.666990,0.357852,0.436485,0.729804,-0.248818,0.576950,0.268607,-0.679085,-0.187933,-0.075234,0.525755,-0.752540,0.145666,-0.367790,-0.478664,-0.154823,0.838886,0.363520,0.116894,0.619596,0.684914
2026-03-27T18:20:43.759210+00:00,27.544859,1774635643759209800,-0.666990,0.357852,0.436485,0.729804,-0.248818,0.576950,0.268607,-0.679085,-0.187933,-0.075234,0.525755,-0.752540,0.145666,-0.367790,-0.478664,-0.154823,0.838886,0.363520,0.116894,0.619596,0.684914
2026-03-27T18:20:43.776234+00:00,27.561883,1774635643776233800,-0.667495,0.357822,0.434702,0.727761,-0.247370,0.580565,0.269034,-0.694999,-0.187359,-0.078331,0.544708,-0.750380,0.181973,-0.327454,-0.474392,-0.149959,0.847053,0.356297,0.148681,0.616736,0.688093
2026-03-27T18:20:43.793383+00:00,27.579032,1774635643793382800,-0.667836,0.357475,0.433826,0.726424,-0.247818,0.581849,0.269254,-0.703125,-0.189148,-0.079738,0.555115,-0.755448,0.169983,-0.303381,-0.473850,-0.148308,0.851136,0.353082,0.161967,0.615111,0.684072
2026-03-27T18:20:43.810490+00:00,27.596140,1774635643810490200,-0.668200,0.357157,0.432966,0.724956,-0.247838,0.583415,0.269359,-0.711520,-0.192285,-0.081212,0.563564,-0.761489,0.154027,-0.281297,-0.473889,-0.147814,0.853088,0.348676,0.169539,0.619329,0.685848
2026-03-27T18:20:43.827410+00:00,27.613059,1774635643827409600,-0.668553,0.356856,0.432144,0.722801,-0.248137,0.585573,0.269503,-0.719304,-0.196394,-0.082466,0.561606,-0.771202,0.140427,-0.265502,-0.475697,-0.147455,0.858838,0.338831,0.189346,0.623732,0.680305
2026-03-27T18:20:43.844565+00:00,27.630215,1774635643844565400,-0.668884,0.356368,0.431405,0.720494,-0.249053,0.588511,0.270255,-0.722750,-0.198562,-0.082901,0.558255,-0.775769,0.137496,-0.260954,-0.476597,-0.147713,0.860483,0.336030,0.194336,0.624400,0.678950
2026-03-27T18:20:43.861585+00:00,27.647235,1774635643861585000,-0.669203,0.355848,0.430689,0.718818,-0.250145,0.589357,0.270626,-0.731021,-0.204741,-0.083343,0.542179,-0.788561,0.145233,-0.252188,-0.479391,-0.148493,0.864174,0.326800,0.203083,0.626966,0.678411
2026-03-27T18:20:43.878663+00:00,27.664312,1774635643878662700,-0.669466,0.355286,0.430099,0.716548,-0.250978,0.590982,0.272167,-0.733560,-0.207291,-0.083513,0.535137,-0.793711,0.148704,-0.249644,-0.483034,-0.149163,0.867746,0.316733,0.209134,0.628950,0.679634
2026-03-27T18:20:43.895640+00:00,27.681289,1774635643895639800,-0.669800,0.354084,0.429638,0.710934,-0.250338,0.596377,0.275747,-0.742809,-0.217259,-0.084928,0.507988,-0.816596,0.142169,-0.234143,-0.490299,-0.149938,0.874616,0.305384,0.223148,0.624270,0.682500
2026-03-27T18:20:43.912696+00:00,27.698345,1774635643912695700,-0.669897,0.353624,0.429404,0.708516,-0.250147,0.598607,0.277436,-0.746104,-0.219669,-0.085310,0.514261,-0.814397,0.132818,-0.235795,-0.494149,-0.149531,0.877602,0.299862,0.233046,0.624128,0.685443
2026-03-27T18:20:43.929709+00:00,27.715359,1774635643929709200,-0.670026,0.353360,0.429110,0.706173,-0.250274,0.601336,0.278586,-0.748394,-0.220525,-0.085241,0.525083,-0.806873,0.133391,-0.233845,-0.497957,-0.148692,0.880206,0.298973,0.242824,0.619648,0.685607
2026-03-27T18:20:43.946712+00:00,27.732361,1774635643946711500,-0.670255,0.353378,0.429040,0.704210,-0.249778,0.603266,0.278738,-0.752015,-0.221255,-0.084411,0.534755,-0.800768,0.148800,-0.227191,-0.501378,-0.147699,0.882304,0.303670,0.251594,0.613775,0.682337
2026-03-27T18:20:43.963732+00:00,27.749382,1774635643963732300,-0.670365,0.353425,0.429142,0.702699,-0.249261,0.605118,0.279054,-0.753709,-0.221809,-0.084128,0.535451,-0.800578,0.152320,-0.221961,-0.504923,-0.146682,0.884281,0.308826,0.260758,0.611746,0.678237
2026-03-27T18:20:43.984014+00:00,27.769664,1774635643984014400,-0.670365,0.353425,0.429142,0.702699,-0.249261,0.605118,0.279054,-0.753709,-0.221809,-0.084128,0.535451,-0.800578,0.152320,-0.221961,-0.504923,-0.146682,0.884281,0.308826,0.260758,0.611746,0.678237
2026-03-27T18:20:44.000835+00:00,27.786485,1774635644000835000,-0.671254,0.353884,0.431567,0.693032,-0.248339,0.617311,0.277283,-0.761301,-0.225327,-0.083942,0.537593,-0.807136,0.151923,-0.192498,-0.513748,-0.145986,0.888305,0.310061,0.271125,0.607613,0.675526
2026-03-27T18:20:44.018244+00:00,27.803894,1774635644018244200,-0.671881,0.354029,0.434745,0.682618,-0.248530,0.629464,0.275782,-0.764355,-0.226981,-0.084190,0.536089,-0.811213,0.146176,-0.181038,-0.519013,-0.146283,0.890422,0.307953,0.273389,0.603699,0.679625
2026-03-27T18:20:44.035098+00:00,27.820747,1774635644035097600,-0.673146,0.353389,0.444770,0.648208,-0.249453,0.665175,0.274523,-0.767450,-0.229960,-0.083935,0.528865,-0.816626,0.141266,-0.179087,-0.529692,-0.147719,0.894223,0.301113,0.276045,0.603337,0.687300
2026-03-27T18:20:44.052107+00:00,27.837756,1774635644052106800,-0.673361,0.352789,0.450540,0.628229,-0.251273,0.682900,0.274502,-0.768172,-0.231458,-0.083330,0.517572,-0.823895,0.142588,-0.183064,-0.535675,-0.148762,0.896222,0.295384,0.273049,0.603044,0.685912
2026-03-27T18:20:44.069182+00:00,27.854832,1774635644069182500,-0.673542,0.351951,0.456198,0.607967,-0.254587,0.700586,0.274101,-0.768577,-0.233409,-0.082360,0.497915,-0.834761,0.144956,-0.185016,-0.538646,-0.149177,0.897173,0.290696,0.271850,0.604885,0.688069
2026-03-27T18:20:44.086351+00:00,27.872001,1774635644086350900,-0.673704,0.351064,0.461438,0.589772,-0.257939,0.714808,0.272807,-0.768902,-0.235608,-0.080642,0.475981,-0.846373,0.148217,-0.183820,-0.544027,-0.149570,0.898927,0.284461,0.272320,0.608460,0.689213
2026-03-27T18:20:44.103454+00:00,27.889104,1774635644103454200,-0.673580,0.350971,0.465756,0.574402,-0.260005,0.726880,0.270750,-0.769358,-0.237556,-0.078600,0.459069,-0.857810,0.149579,-0.179533,-0.548532,-0.150218,0.900485,0.284747,0.276391,0.607282,0.685913
2026-03-27T18:20:44.120426+00:00,27.906075,1774635644120425700,-0.673365,0.351538,0.468972,0.564141,-0.260449,0.736315,0.266512,-0.770291,-0.239712,-0.075864,0.442518,-0.867288,0.150108,-0.167433,-0.552967,-0.151685,0.902504,0.287167,0.280270,0.601436,0.686340
2026-03-27T18:20:44.137367+00:00,27.923016,1774635644137366700,-0.673030,0.352156,0.471058,0.558128,-0.261116,0.742872,0.263097,-0.770763,-0.240315,-0.072070,0.455928,-0.863249,0.142716,-0.158047,-0.557992,-0.154064,0.904923,0.281557,0.284306,0.596328,0.696811
2026-03-27T18:20:44.154422+00:00,27.940072,1774635644154422300,-0.672712,0.352595,0.472708,0.553946,-0.261737,0.746202,0.260921,-0.770744,-0.241169,-0.068102,0.466757,-0.861379,0.141463,-0.141096,-0.563514,-0.156813,0.907563,0.271751,0.283123,0.587173,0.704545
2026-03-27T18:20:44.171450+00:00,27.957100,1774635644171450400,-0.672354,0.352728,0.474556,0.548715,-0.261210,0.749610,0.261727,-0.770495,-0.241605,-0.064079,0.481215,-0.856802,0.139985,-0.124873,-0.569473,-0.159636,0.910264,0.254246,0.281082,0.584369,0.717871
2026-03-27T18:20:44.192104+00:00,27.977753,1774635644192103600,-0.671913,0.352762,0.476259,0.541913,-0.260092,0.753798,0.263553,-0.770644,-0.242252,-0.062060,0.483824,-0.855422,0.141196,-0.115864,-0.574727,-0.161592,0.912531,0.239410,0.278320,0.582049,0.724176
2026-03-27T18:20:44.209132+00:00,27.994782,1774635644209132200,-0.672072,0.352616,0.477937,0.536641,-0.259882,0.757865,0.264143,-0.768035,-0.237947,-0.057506,0.461365,-0.862328,0.169345,-0.122100,-0.580969,-0.164662,0.915197,0.237789,0.286485,0.582956,0.720255
2026-03-27T18:20:44.226074+00:00,28.011723,1774635644226073800,-0.672301,0.352205,0.478016,0.536376,-0.261062,0.758407,0.264488,-0.770281,-0.241002,-0.055667,0.462507,-0.864701,0.163288,-0.103214,-0.583753,-0.167653,0.916737,0.241573,0.290717,0.576910,0.721942
2026-03-27T18:20:44.243128+00:00,28.028778,1774635644243128400,-0.672583,0.351602,0.478117,0.536982,-0.262195,0.756848,0.265089,-0.771820,-0.242033,-0.053491,0.453470,-0.871654,0.163793,-0.097361,-0.587457,-0.171895,0.918842,0.236312,0.292296,0.568043,0.731055
2026-03-27T18:20:44.259904+00:00,28.045554,1774635644259904200,-0.672486,0.350839,0.478577,0.534953,-0.264098,0.757046,0.266133,-0.772073,-0.242260,-0.051208,0.450801,-0.872517,0.164837,-0.093527,-0.592054,-0.177228,0.921235,0.217556,0.290906,0.551907,0.744598
2026-03-27T18:20:44.276951+00:00,28.062600,1774635644276950800,-0.672213,0.349959,0.479304,0.531210,-0.265745,0.758079,0.268638,-0.772431,-0.243046,-0.048760,0.450803,-0.872739,0.165646,-0.086189,-0.596816,-0.182693,0.923287,0.195540,0.291554,0.534299,0.774720
2026-03-27T18:20:44.293885+00:00,28.079534,1774635644293884800,-0.672063,0.349381,0.479907,0.528510,-0.266934,0.758756,0.271790,-0.773059,-0.243011,-0.046473,0.448165,-0.873489,0.167601,-0.081308,-0.600387,-0.187374,0.923966,0.182324,0.288924,0.512392,0.788184
2026-03-27T18:20:44.311073+00:00,28.096723,1774635644311073200,-0.672045,0.349212,0.480011,0.527520,-0.266767,0.759669,0.273207,-0.774080,-0.243310,-0.044452,0.445333,-0.875945,0.166618,-0.072679,-0.602710,-0.191145,0.923272,0.170157,0.286113,0.507098,0.794517
2026-03-27T18:20:44.328145+00:00,28.113794,1774635644328144800,-0.672329,0.349228,0.479790,0.527652,-0.267540,0.758749,0.273255,-0.775473,-0.244215,-0.042422,0.444755,-0.878313,0.161013,-0.059706,-0.605068,-0.194101,0.922305,0.155513,0.280090,0.515315,0.801645
2026-03-27T18:20:44.345212+00:00,28.130861,1774635644345211500,-0.672844,0.349416,0.479231,0.530097,-0.267118,0.756938,0.271559,-0.776350,-0.243885,-0.041013,0.447812,-0.878213,0.161822,-0.054706,-0.606634,-0.197762,0.920998,0.141057,0.268430,0.509167,0.788185
2026-03-27T18:20:44.362404+00:00,28.148053,1774635644362403500,-0.673484,0.349512,0.478503,0.531808,-0.267653,0.757207,0.270562,-0.776339,-0.241348,-0.040498,0.457222,-0.871614,0.166447,-0.060191,-0.609259,-0.206076,0.919676,0.123879,0.255123,0.494339,0.820829
2026-03-27T18:20:44.379210+00:00,28.164859,1774635644379209700,-0.674663,0.349125,0.476865,0.536018,-0.266706,0.753467,0.272041,-0.776376,-0.240402,-0.040900,0.460762,-0.869504,0.166182,-0.062413,-0.609361,-0.209506,0.918198,0.124415,0.248603,0.485818,0.817216
2026-03-27T18:20:44.396245+00:00,28.181895,1774635644396245400,-0.675297,0.348800,0.475773,0.538603,-0.266949,0.751047,0.273096,-0.776505,-0.239844,-0.041512,0.453194,-0.873301,0.170250,-0.064341,-0.609412,-0.212499,0.916438,0.128111,0.243864,0.482760,0.819050
2026-03-27T18:20:44.413554+00:00,28.199204,1774635644413554000,-0.676213,0.348497,0.474268,0.543158,-0.266942,0.747068,0.274089,-0.776211,-0.239073,-0.042518,0.450016,-0.874420,0.171673,-0.066327,-0.609687,-0.214058,0.915644,0.126407,0.246420,0.494212,0.839617
2026-03-27T18:20:44.432168+00:00,28.217818,1774635644432168400,-0.676213,0.348497,0.474268,0.543158,-0.266942,0.747068,0.274089,-0.776211,-0.239073,-0.042518,0.450016,-0.874420,0.171673,-0.066327,-0.609687,-0.214058,0.915644,0.126407,0.246420,0.494212,0.839617
2026-03-27T18:20:44.449070+00:00,28.234720,1774635644449069900,-0.678308,0.348420,0.471243,0.552885,-0.266650,0.740423,0.272359,-0.774225,-0.237986,-0.044674,0.453235,-0.871399,0.173855,-0.073632,-0.611881,-0.219929,0.913294,0.124674,0.224260,0.489765,0.840400
2026-03-27T18:20:44.465942+00:00,28.251592,1774635644465942300,-0.679330,0.348410,0.470026,0.556049,-0.266707,0.739635,0.270742,-0.773080,-0.237956,-0.045930,0.455846,-0.870745,0.171500,-0.078553,-0.613930,-0.223108,0.911930,0.121736,0.212629,0.487314,0.835327
2026-03-27T18:20:44.483142+00:00,28.268792,1774635644483142300,-0.680111,0.348014,0.468947,0.558917,-0.267498,0.737300,0.270171,-0.772771,-0.238241,-0.046492,0.453259,-0.872202,0.169559,-0.077707,-0.616489,-0.226904,0.910981,0.111372,0.203479,0.492146,0.850175
2026-03-27T18:20:44.500319+00:00,28.285969,1774635644500319200,-0.680757,0.347212,0.468140,0.561028,-0.269478,0.734615,0.270943,-0.772084,-0.238837,-0.047725,0.451386,-0.872870,0.165164,-0.080594,-0.619673,-0.231238,0.909965,0.096352,0.191577,0.483528,0.839447
2026-03-27T18:20:44.517346+00:00,28.302996,1774635644517346300,-0.681589,0.345192,0.466786,0.564846,-0.274040,0.727853,0.275883,-0.771500,-0.237385,-0.049950,0.456257,-0.870500,0.164088,-0.085815,-0.622671,-0.236282,0.910858,0.065395,0.186955,0.484875,0.843646
2026-03-27T18:20:44.534369+00:00,28.320019,1774635644534369200,-0.681795,0.344926,0.466623,0.565667,-0.274448,0.726783,0.276728,-0.771138,-0.236137,-0.050105,0.456200,-0.868639,0.171673,-0.088717,-0.623429,-0.237327,0.910525,0.074273,0.198213,0.461702,0.865995
2026-03-27T18:20:44.551122+00:00,28.336772,1774635644551122200,-0.682421,0.344458,0.466275,0.566874,-0.273893,0.725715,0.278395,-0.770308,-0.234666,-0.049689,0.454629,-0.866841,0.182695,-0.089485,-0.621586,-0.234570,0.910583,0.080641,0.216279,0.471839,0.866764
2026-03-27T18:20:44.568001+00:00,28.353650,1774635644568000500,-0.682893,0.344512,0.466525,0.567293,-0.272463,0.725147,0.278712,-0.769271,-0.232227,-0.049576,0.456651,-0.864843,0.192235,-0.091046,-0.618635,-0.229250,0.911749,0.090756,0.227625,0.488085,0.844007
2026-03-27T18:20:44.585063+00:00,28.370713,1774635644585063400,-0.683293,0.344733,0.466867,0.566837,-0.271139,0.725869,0.279103,-0.768306,-0.229876,-0.050419,0.458937,-0.860678,0.197618,-0.094320,-0.617432,-0.227206,0.912429,0.094936,0.235154,0.493040,0.848053
2026-03-27T18:20:44.602240+00:00,28.387890,1774635644602240200,-0.683781,0.344976,0.467290,0.566398,-0.270314,0.727219,0.279587,-0.767270,-0.227362,-0.052577,0.462238,-0.859036,0.195265,-0.101621,-0.615032,-0.222966,0.914148,0.113806,0.241913,0.467929,0.840429
2026-03-27T18:20:44.619187+00:00,28.404836,1774635644619186600,-0.684326,0.345129,0.467584,0.566373,-0.269516,0.727284,0.279982,-0.766023,-0.224856,-0.056086,0.463125,-0.858542,0.186489,-0.114742,-0.612191,-0.217830,0.916440,0.127038,0.256534,0.461462,0.837728
2026-03-27T18:20:44.636359+00:00,28.422008,1774635644636358600,-0.685102,0.345310,0.467722,0.566186,-0.268343,0.726782,0.280487,-0.764477,-0.223128,-0.060159,0.452870,-0.864955,0.175994,-0.132519,-0.608444,-0.212627,0.919109,0.126878,0.270182,0.456980,0.824396
2026-03-27T18:20:44.656608+00:00,28.442258,1774635644656608100,-0.685983,0.345345,0.467628,0.566119,-0.268245,0.727748,0.280187,-0.762710,-0.221699,-0.063792,0.432860,-0.873321,0.167392,-0.151172,-0.604476,-0.209151,0.921632,0.128399,0.287258,0.443953,0.826843
2026-03-27T18:20:44.673796+00:00,28.459445,1774635644673795800,-0.687814,0.344783,0.466631,0.567453,-0.271419,0.726006,0.278740,-0.759437,-0.217715,-0.067852,0.412908,-0.878110,0.165330,-0.175241,-0.596177,-0.204369,0.924792,0.121378,0.322060,0.428514,0.849246
2026-03-27T18:20:44.690623+00:00,28.476273,1774635644690623100,-0.688578,0.344175,0.465911,0.569182,-0.274871,0.723253,0.278758,-0.757419,-0.214256,-0.069324,0.409821,-0.878587,0.167352,-0.184411,-0.591370,-0.202450,0.925572,0.118952,0.328575,0.415991,0.845007
2026-03-27T18:20:44.707767+00:00,28.493417,1774635644707766900,-0.689127,0.343679,0.465324,0.570103,-0.277224,0.720916,0.279824,-0.756389,-0.211545,-0.069593,0.409133,-0.877334,0.170186,-0.180982,-0.586188,-0.200775,0.925388,0.119902,0.329628,0.403319,0.834166
2026-03-27T18:20:44.724937+00:00,28.510587,1774635644724936900,-0.689612,0.343635,0.465027,0.571019,-0.277882,0.719218,0.280343,-0.756039,-0.209963,-0.069151,0.407733,-0.880336,0.174632,-0.170762,-0.580554,-0.199476,0.924254,0.118774,0.339065,0.415270,0.840115
2026-03-27T18:20:44.741848+00:00,28.527498,1774635644741848100,-0.690062,0.344123,0.464969,0.571186,-0.277572,0.719899,0.279877,-0.755191,-0.208783,-0.068355,0.413411,-0.878581,0.179331,-0.163332,-0.574495,-0.199543,0.922391,0.118437,0.346132,0.423699,0.840033
2026-03-27T18:20:44.758829+00:00,28.544478,1774635644758828600,-0.690467,0.344889,0.465001,0.571216,-0.275991,0.721184,0.278984,-0.753205,-0.208260,-0.067372,0.424880,-0.871959,0.183107,-0.158208,-0.568064,-0.201148,0.920753,0.119944,0.351078,0.425360,0.832750
2026-03-27T18:20:44.776248+00:00,28.561897,1774635644776247700,-0.690867,0.345608,0.465109,0.571805,-0.274074,0.722033,0.276884,-0.751184,-0.208635,-0.067134,0.437165,-0.867174,0.183006,-0.156403,-0.560465,-0.202725,0.920274,0.114702,0.364116,0.443275,0.831200
2026-03-27T18:20:44.793723+00:00,28.579373,1774635644793723200,-0.691009,0.345829,0.465117,0.572377,-0.273365,0.721901,0.276182,-0.748232,-0.209293,-0.068005,0.456502,-0.856149,0.181954,-0.158407,-0.553534,-0.205923,0.921116,0.117337,0.355650,0.436725,0.797469
2026-03-27T18:20:44.810320+00:00,28.595969,1774635644810319700,-0.691469,0.345738,0.465133,0.573164,-0.272910,0.721358,0.275409,-0.742856,-0.216365,-0.074958,0.470154,-0.853107,0.159754,-0.163666,-0.541371,-0.218028,0.924691,0.086701,0.367863,0.447057,0.818188
2026-03-27T18:20:44.827334+00:00,28.612984,1774635644827334400,-0.691791,0.345313,0.465086,0.574080,-0.273980,0.719527,0.276180,-0.740426,-0.221015,-0.079095,0.471196,-0.853708,0.146583,-0.167611,-0.535751,-0.226235,0.926240,0.068842,0.370454,0.437235,0.814476
2026-03-27T18:20:44.844418+00:00,28.630067,1774635644844417800,-0.692188,0.344884,0.465063,0.574714,-0.275256,0.718999,0.276963,-0.737930,-0.226869,-0.082722,0.467217,-0.856313,0.134256,-0.174472,-0.531098,-0.235580,0.926354,0.056383,0.364398,0.409168,0.794729
2026-03-27T18:20:44.864747+00:00,28.650396,1774635644864746800,-0.692188,0.344884,0.465063,0.574714,-0.275256,0.718999,0.276963,-0.737930,-0.226869,-0.082722,0.467217,-0.856313,0.134256,-0.174472,-0.531098,-0.235580,0.926354,0.056383,0.364398,0.409168,0.794729
2026-03-27T18:20:44.881590+00:00,28.667240,1774635644881590100,-0.692933,0.344374,0.465391,0.576831,-0.275375,0.717488,0.275775,-0.733743,-0.242103,-0.085693,0.444940,-0.869445,0.106632,-0.185567,-0.527111,-0.253704,0.920083,0.024848,0.338846,0.362186,0.748221
2026-03-27T18:20:44.898640+00:00,28.684290,1774635644898640500,-0.693140,0.343798,0.465852,0.577172,-0.275191,0.717564,0.277032,-0.732469,-0.249203,-0.084559,0.428773,-0.877835,0.095284,-0.190185,-0.526601,-0.258722,0.916219,0.026270,0.273667,0.292351,0.602252
2026-03-27T18:20:44.915703+00:00,28.701353,1774635644915703300,-0.693167,0.342955,0.466442,0.577739,-0.274873,0.716033,0.279081,-0.731263,-0.251367,-0.081987,0.443391,-0.871863,0.090295,-0.189204,-0.526456,-0.260114,0.914327,0.028375,0.275229,0.294462,0.602959
2026-03-27T18:20:44.932759+00:00,28.718408,1774635644932758800,-0.693028,0.341972,0.467071,0.577235,-0.275711,0.715141,0.282504,-0.730989,-0.251219,-0.078405,0.465185,-0.861974,0.093139,-0.180640,-0.526352,-0.260279,0.909335,0.029043,0.408838,0.441266,0.872414
2026-03-27T18:20:44.949740+00:00,28.735390,1774635644949740300,-0.693063,0.341447,0.468041,0.576867,-0.275715,0.713701,0.285810,-0.731828,-0.250702,-0.075037,0.481872,-0.853976,0.097296,-0.168890,-0.526914,-0.259694,0.908517,0.034663,0.395617,0.425300,0.838165
2026-03-27T18:20:44.966686+00:00,28.752336,1774635644966686200,-0.693152,0.341513,0.469218,0.575944,-0.274593,0.714489,0.287179,-0.733095,-0.249923,-0.072839,0.490236,-0.850340,0.102012,-0.160803,-0.528464,-0.257852,0.908121,0.047143,0.393203,0.413980,0.818215
2026-03-27T18:20:44.983912+00:00,28.769562,1774635644983912400,-0.693229,0.341937,0.470530,0.575275,-0.272328,0.715628,0.287309,-0.734530,-0.248949,-0.071110,0.491915,-0.849493,0.107728,-0.156822,-0.530437,-0.255270,0.908675,0.061831,0.376358,0.388233,0.770505
2026-03-27T18:20:45.000979+00:00,28.786629,1774635645000979300,-0.693201,0.342796,0.473138,0.573285,-0.268826,0.718764,0.287798,-0.737274,-0.246624,-0.069529,0.483735,-0.853447,0.104469,-0.160561,-0.535901,-0.249831,0.910642,0.069673,0.403397,0.412910,0.818777
2026-03-27T18:20:45.018019+00:00,28.803669,1774635645018019200,-0.693201,0.342796,0.473138,0.573285,-0.268826,0.718764,0.287798,-0.737274,-0.246624,-0.069529,0.483735,-0.853447,0.104469,-0.160561,-0.535901,-0.249831,0.910642,0.069673,0.403397,0.412910,0.818777
2026-03-27T18:20:45.035240+00:00,28.820890,1774635645035239900,-0.692512,0.343318,0.475602,0.570851,-0.265812,0.721189,0.290007,-0.739581,-0.245363,-0.071733,0.458849,-0.867886,0.084101,-0.167646,-0.540964,-0.244976,0.913096,0.057975,0.401593,0.437536,0.851400
2026-03-27T18:20:45.052137+00:00,28.837787,1774635645052137600,-0.692110,0.343695,0.476655,0.569319,-0.264386,0.721972,0.290474,-0.741584,-0.240358,-0.075484,0.448046,-0.872918,0.085237,-0.170524,-0.541950,-0.243374,0.915783,0.052036,0.382751,0.418581,0.824737
2026-03-27T18:20:45.069343+00:00,28.854993,1774635645069342900,-0.691882,0.344200,0.477399,0.568111,-0.263141,0.723448,0.290414,-0.741932,-0.238709,-0.076082,0.447123,-0.873962,0.090470,-0.169276,-0.541545,-0.241194,0.919107,0.048713,0.372692,0.405234,0.793129
2026-03-27T18:20:45.088138+00:00,28.873788,1774635645088138100,-0.691882,0.344200,0.477399,0.568111,-0.263141,0.723448,0.290414,-0.741932,-0.238709,-0.076082,0.447123,-0.873962,0.090470,-0.169276,-0.541545,-0.241194,0.919107,0.048713,0.372692,0.405234,0.793129
2026-03-27T18:20:45.104855+00:00,28.890504,1774635645104854400,-0.692113,0.345402,0.477825,0.568331,-0.261332,0.724724,0.287744,-0.744310,-0.227901,-0.080595,0.455338,-0.865834,0.120875,-0.169026,-0.539091,-0.236962,0.928446,0.051813,0.406778,0.419951,0.807538
2026-03-27T18:20:45.121875+00:00,28.907524,1774635645121874700,-0.692458,0.345606,0.477610,0.569921,-0.260979,0.724646,0.285779,-0.744570,-0.225833,-0.082235,0.458118,-0.863242,0.127214,-0.172411,-0.538462,-0.235686,0.933307,0.055449,0.404763,0.406688,0.778789
2026-03-27T18:20:45.139076+00:00,28.924726,1774635645139076100,-0.692839,0.345421,0.477325,0.571697,-0.262038,0.722948,0.284183,-0.744293,-0.222102,-0.086345,0.465450,-0.855892,0.131603,-0.183673,-0.538854,-0.234858,0.938382,0.057506,0.433867,0.422276,0.812621
2026-03-27T18:20:45.155860+00:00,28.941510,1774635645155860500,-0.693183,0.344690,0.477111,0.572749,-0.263062,0.722470,0.285452,-0.744015,-0.220163,-0.090557,0.465420,-0.852967,0.130379,-0.198152,-0.540077,-0.235337,0.942905,0.062507,0.432129,0.398891,0.785234
2026-03-27T18:20:45.172885+00:00,28.958535,1774635645172885300,-0.693466,0.343536,0.477098,0.574083,-0.264423,0.719755,0.287374,-0.745465,-0.221275,-0.098863,0.442129,-0.860851,0.112388,-0.227530,-0.546172,-0.239862,0.950374,0.057831,0.435199,0.352284,0.768154
2026-03-27T18:20:45.189949+00:00,28.975598,1774635645189948700,-0.693557,0.342803,0.477292,0.575080,-0.263826,0.718316,0.289538,-0.747255,-0.222448,-0.102183,0.435199,-0.861658,0.099931,-0.237173,-0.550894,-0.242350,0.952015,0.048343,0.478590,0.370021,0.842910
2026-03-27T18:20:45.206933+00:00,28.992582,1774635645206932800,-0.693576,0.342567,0.477435,0.575355,-0.263534,0.717835,0.290431,-0.749129,-0.222867,-0.103522,0.433114,-0.861059,0.095227,-0.248824,-0.556706,-0.244988,0.952367,0.045783,0.428477,0.325383,0.764965
2026-03-27T18:20:45.224068+00:00,29.009718,1774635645224067900,-0.693454,0.341605,0.477937,0.575542,-0.263682,0.716580,0.293563,-0.751109,-0.222653,-0.103000,0.436148,-0.856392,0.101955,-0.254890,-0.564018,-0.248460,0.951375,0.040292,0.435201,0.328604,0.809026
2026-03-27T18:20:45.241087+00:00,29.026737,1774635645241087400,-0.693375,0.341260,0.478150,0.575581,-0.263814,0.715420,0.294744,-0.754193,-0.222602,-0.101296,0.435309,-0.856397,0.112516,-0.250804,-0.572227,-0.252284,0.949256,0.032876,0.408906,0.316218,0.801486
2026-03-27T18:20:45.258077+00:00,29.043727,1774635645258077300,-0.693075,0.340706,0.478676,0.574435,-0.264438,0.715870,0.297254,-0.758807,-0.223064,-0.098505,0.432262,-0.860277,0.124858,-0.240291,-0.581256,-0.256227,0.946967,0.013518,0.527723,0.434399,1.121169
2026-03-27T18:20:45.275076+00:00,29.060726,1774635645275076400,-0.692686,0.340558,0.479346,0.573355,-0.264047,0.716445,0.297846,-0.763771,-0.223524,-0.095167,0.435756,-0.861776,0.129489,-0.225750,-0.585541,-0.257935,0.945424,0.008073,0.498570,0.432059,1.109979
2026-03-27T18:20:45.295761+00:00,29.081411,1774635645295761500,-0.692686,0.340558,0.479346,0.573355,-0.264047,0.716445,0.297846,-0.763771,-0.223524,-0.095167,0.435756,-0.861776,0.129489,-0.225750,-0.585541,-0.257935,0.945424,0.008073,0.498570,0.432059,1.109979
2026-03-27T18:20:45.312850+00:00,29.098499,1774635645312849300,-0.691965,0.340655,0.480488,0.569866,-0.263916,0.718561,0.299192,-0.773423,-0.224817,-0.088498,0.454886,-0.859082,0.131172,-0.195904,-0.602889,-0.263154,0.936096,0.000001,518.888235,595.822930,1428.101212
2026-03-27T18:20:45.329805+00:00,29.115454,1774635645329804800,-0.691977,0.341743,0.480684,0.568018,-0.263674,0.720970,0.296713,-0.781530,-0.226021,-0.081701,0.474809,-0.851925,0.133605,-0.173267,-0.609137,-0.263843,0.930692,0.000001,1766.189933,2342.835069,5264.148116
2026-03-27T18:20:45.346934+00:00,29.132584,1774635645346934000,-0.692177,0.342383,0.480472,0.567786,-0.263495,0.722580,0.293897,-0.784393,-0.227421,-0.078729,0.480686,-0.850114,0.132213,-0.168753,-0.610288,-0.262950,0.928943,0.010810,0.030141,0.043860,0.091798
2026-03-27T18:20:45.363844+00:00,29.149494,1774635645363844100,-0.692513,0.342670,0.479956,0.568721,-0.263386,0.722681,0.291473,-0.786952,-0.229524,-0.076611,0.479053,-0.852293,0.127967,-0.165345,-0.610401,-0.261965,0.927797,0.020974,0.094115,0.138632,0.280422
2026-03-27T18:20:45.380930+00:00,29.166580,1774635645380930200,-0.692823,0.342404,0.479181,0.569796,-0.264454,0.722481,0.290384,-0.789214,-0.231752,-0.075339,0.476756,-0.854935,0.121048,-0.162262,-0.607464,-0.258760,0.928034,0.023768,0.313870,0.420306,0.846858
2026-03-27T18:20:45.397877+00:00,29.183527,1774635645397877300,-0.693188,0.341804,0.478285,0.572068,-0.266508,0.719625,0.290554,-0.790727,-0.233500,-0.074626,0.475168,-0.856915,0.116399,-0.161757,-0.603655,-0.255336,0.930288,0.024957,0.372739,0.451033,0.927282
2026-03-27T18:20:45.415093+00:00,29.200743,1774635645415093100,-0.693613,0.341084,0.477368,0.575228,-0.268842,0.715538,0.291639,-0.791336,-0.234524,-0.073917,0.474735,-0.855554,0.116673,-0.167503,-0.601843,-0.254743,0.933229,0.022999,0.141334,0.170428,0.352635
2026-03-27T18:20:45.432061+00:00,29.217711,1774635645432061300,-0.694042,0.340610,0.476385,0.578616,-0.270552,0.711791,0.292857,-0.791271,-0.235317,-0.073454,0.472346,-0.855852,0.120219,-0.175196,-0.602338,-0.255987,0.933809,0.000001,-168.219209,-197.604299,-432.066619
2026-03-27T18:20:45.449152+00:00,29.234801,1774635645449151800,-0.694484,0.340526,0.475641,0.581110,-0.270867,0.709820,0.292754,-0.791064,-0.236022,-0.073294,0.471909,-0.854151,0.121066,-0.179569,-0.601163,-0.256094,0.933574,0.015274,-0.211129,-0.244254,-0.550915
2026-03-27T18:20:45.466151+00:00,29.251801,1774635645466151300,-0.694964,0.340473,0.475334,0.583334,-0.270021,0.708265,0.292771,-0.790959,-0.236699,-0.073428,0.471043,-0.855441,0.118078,-0.180541,-0.598732,-0.255058,0.932813,0.000001,-1754.954457,-1953.884959,-4532.616585
2026-03-27T18:20:45.483276+00:00,29.268926,1774635645483276100,-0.695444,0.340332,0.475324,0.584753,-0.268777,0.706865,0.293539,-0.790641,-0.236988,-0.073768,0.473910,-0.853504,0.115395,-0.180373,-0.595642,-0.252725,0.932463,0.015787,0.022878,0.025063,0.057826
2026-03-27T18:20:45.500269+00:00,29.285919,1774635645500269000,-0.695770,0.340033,0.475646,0.584426,-0.268081,0.706821,0.294944,-0.789722,-0.237158,-0.073748,0.478207,-0.852812,0.115055,-0.178253,-0.593169,-0.249807,0.932347,0.017131,0.269955,0.295559,0.678147
2026-03-27T18:20:45.520101+00:00,29.305750,1774635645520100700,-0.696058,0.339731,0.476171,0.583774,-0.267203,0.707145,0.296322,-0.789147,-0.237453,-0.073753,0.480265,-0.851791,0.114956,-0.176336,-0.590855,-0.245412,0.932166,0.016501,0.518138,0.594219,1.301920
2026-03-27T18:20:45.536831+00:00,29.322481,1774635645536830900,-0.696567,0.339329,0.477499,0.581304,-0.266165,0.709231,0.297301,-0.787511,-0.238898,-0.073991,0.496159,-0.848156,0.105562,-0.156580,-0.586393,-0.236817,0.930283,0.052774,0.332703,0.416560,0.849872
2026-03-27T18:20:45.554121+00:00,29.339770,1774635645554120800,-0.696898,0.339150,0.478063,0.580069,-0.266617,0.709374,0.297621,-0.786686,-0.240389,-0.074491,0.501311,-0.848019,0.096393,-0.144857,-0.584100,-0.233746,0.929219,0.060367,0.317256,0.406471,0.826344
2026-03-27T18:20:45.570984+00:00,29.356633,1774635645570983800,-0.697240,0.338906,0.478548,0.578779,-0.267635,0.710329,0.297413,-0.785921,-0.243560,-0.075582,0.485665,-0.857310,0.095532,-0.143324,-0.580118,-0.230302,0.928523,0.065971,0.343779,0.434701,0.891505
2026-03-27T18:20:45.588298+00:00,29.373948,1774635645588298300,-0.697580,0.338683,0.479111,0.577344,-0.268858,0.711375,0.298004,-0.785556,-0.244196,-0.076021,0.485361,-0.855596,0.095759,-0.147740,-0.574431,-0.226433,0.928417,0.059802,0.353465,0.428739,0.876333
2026-03-27T18:20:45.605209+00:00,29.390858,1774635645605208800,-0.697992,0.338534,0.479653,0.576251,-0.269296,0.711565,0.298291,-0.784088,-0.244690,-0.076896,0.487233,-0.853057,0.096412,-0.159337,-0.567097,-0.223355,0.928522,0.055199,0.375993,0.431785,0.876422
2026-03-27T18:20:45.622202+00:00,29.407851,1774635645622201800,-0.698527,0.338435,0.480121,0.574329,-0.269742,0.713244,0.299452,-0.782083,-0.244641,-0.078000,0.485563,-0.853064,0.097248,-0.164612,-0.558869,-0.221718,0.928284,0.052283,0.412866,0.436864,0.901135
2026-03-27T18:20:45.639495+00:00,29.425144,1774635645639494600,-0.699177,0.338471,0.480343,0.573800,-0.269164,0.713030,0.299091,-0.780237,-0.244228,-0.078803,0.485765,-0.853021,0.096922,-0.167574,-0.552025,-0.221854,0.927505,0.058113,0.390437,0.385557,0.808443
2026-03-27T18:20:45.656480+00:00,29.442130,1774635645656480300,-0.699545,0.338509,0.480360,0.573957,-0.269225,0.713179,0.298380,-0.779523,-0.243727,-0.078796,0.483905,-0.853517,0.097559,-0.167635,-0.546005,-0.223782,0.926464,0.048768,0.440764,0.421463,0.894177
2026-03-27T18:20:45.673639+00:00,29.459289,1774635645673638900,-0.700513,0.338561,0.479967,0.574639,-0.270348,0.712902,0.296623,-0.779715,-0.242973,-0.077756,0.486182,-0.852340,0.098792,-0.169316,-0.540932,-0.226739,0.925324,0.049413,0.376582,0.360391,0.760028
2026-03-27T18:20:45.690710+00:00,29.476360,1774635645690710000,-0.700840,0.338491,0.479754,0.575398,-0.271031,0.712199,0.296222,-0.779758,-0.241534,-0.075481,0.488875,-0.849746,0.106856,-0.167141,-0.536141,-0.229708,0.924240,0.045403,0.362519,0.354715,0.733850
2026-03-27T18:20:45.707741+00:00,29.493390,1774635645707740800,-0.701788,0.338074,0.479374,0.576274,-0.271943,0.710500,0.297144,-0.778242,-0.235495,-0.070188,0.516171,-0.830328,0.135498,-0.161739,-0.527938,-0.234255,0.922070,0.035996,0.425561,0.453606,0.864329
2026-03-27T18:20:45.728035+00:00,29.513685,1774635645728035000,-0.701788,0.338074,0.479374,0.576274,-0.271943,0.710500,0.297144,-0.778242,-0.235495,-0.070188,0.516171,-0.830328,0.135498,-0.161739,-0.527938,-0.234255,0.922070,0.035996,0.425561,0.453606,0.864329
2026-03-27T18:20:45.744792+00:00,29.530442,1774635645744792700,-0.702691,0.337926,0.479715,0.574658,-0.270816,0.712600,0.298597,-0.775498,-0.231252,-0.066688,0.529286,-0.817762,0.139791,-0.177197,-0.523017,-0.240173,0.919879,0.033252,0.432988,0.472889,0.888454
2026-03-27T18:20:45.761847+00:00,29.547497,1774635645761847500,-0.703189,0.337828,0.479877,0.574878,-0.270158,0.712129,0.297986,-0.773389,-0.230850,-0.065759,0.522133,-0.820429,0.137353,-0.186379,-0.520649,-0.244081,0.918787,0.039906,0.352884,0.365384,0.709599
2026-03-27T18:20:45.778983+00:00,29.564633,1774635645778982900,-0.703611,0.337592,0.480129,0.574561,-0.270006,0.712404,0.298572,-0.770806,-0.230418,-0.066276,0.517510,-0.821584,0.135360,-0.196368,-0.519522,-0.245970,0.918375,0.026607,0.488830,0.489820,0.968610
2026-03-27T18:20:45.795962+00:00,29.581612,1774635645795962300,-0.703956,0.337182,0.480495,0.573400,-0.270483,0.713656,0.299798,-0.767996,-0.230485,-0.067859,0.509449,-0.824790,0.130136,-0.208747,-0.517675,-0.253267,0.918214,0.021972,0.302400,0.266639,0.582634
2026-03-27T18:20:45.813231+00:00,29.598881,1774635645813231300,-0.704165,0.336851,0.480777,0.573115,-0.271556,0.712988,0.299996,-0.764775,-0.230525,-0.069998,0.500001,-0.827583,0.125307,-0.223096,-0.517385,-0.255496,0.918507,0.000001,3391.742706,2867.460251,6498.396397
2026-03-27T18:20:45.830253+00:00,29.615903,1774635645830253300,-0.704233,0.336589,0.481080,0.573529,-0.272379,0.711732,0.300474,-0.761093,-0.230243,-0.072493,0.488727,-0.830693,0.124150,-0.236419,-0.516671,-0.258244,0.919241,0.000001,-2489.224076,-1993.402839,-4726.149142
2026-03-27T18:20:45.847476+00:00,29.633126,1774635645847476000,-0.704290,0.336549,0.481577,0.573814,-0.271770,0.710762,0.301851,-0.759504,-0.229888,-0.073791,0.482840,-0.832789,0.124295,-0.241143,-0.516278,-0.257802,0.919464,0.013251,-0.324665,-0.257803,-0.609024
2026-03-27T18:20:45.864275+00:00,29.649924,1774635645864274800,-0.704198,0.337011,0.483308,0.570387,-0.267174,0.714805,0.305384,-0.753780,-0.227056,-0.077873,0.473064,-0.834150,0.128745,-0.253608,-0.520047,-0.252617,0.917427,0.018951,0.134567,0.112811,0.254191
2026-03-27T18:20:45.881441+00:00,29.667091,1774635645881441400,-0.704150,0.337343,0.484043,0.569435,-0.264331,0.715195,0.305560,-0.750454,-0.223510,-0.079465,0.476232,-0.827716,0.142786,-0.259255,-0.520047,-0.252617,0.917427,0.018951,0.134567,0.112811,0.254191
2026-03-27T18:20:45.898381+00:00,29.684031,1774635645898381400,-0.704126,0.337507,0.484406,0.568375,-0.263246,0.717361,0.305948,-0.749689,-0.222726,-0.079430,0.475618,-0.828197,0.148294,-0.259885,-0.526912,-0.245492,0.915936,0.027062,0.348364,0.327031,0.688980
2026-03-27T18:20:45.915495+00:00,29.701144,1774635645915494800,-0.704118,0.337560,0.484446,0.568372,-0.263240,0.717565,0.305616,-0.748928,-0.222767,-0.078959,0.474075,-0.828565,0.152805,-0.253992,-0.529873,-0.242338,0.916049,0.033115,0.338614,0.336451,0.681755
2026-03-27T18:20:45.932277+00:00,29.717926,1774635645932276700,-0.703933,0.337487,0.484264,0.568124,-0.263833,0.717665,0.305476,-0.749091,-0.223847,-0.079068,0.474533,-0.832661,0.147688,-0.244783,-0.532515,-0.239509,0.916974,0.036205,0.351581,0.362524,0.713444
2026-03-27T18:20:45.949280+00:00,29.734930,1774635645949280000,-0.703747,0.337445,0.483942,0.568014,-0.264471,0.717770,0.304975,-0.748392,-0.224416,-0.079524,0.475982,-0.832882,0.145467,-0.240071,-0.535070,-0.238030,0.918312,0.026722,0.494777,0.514363,1.011900
2026-03-27T18:20:45.967386+00:00,29.753036,1774635645967386200,-0.703747,0.337445,0.483942,0.568014,-0.264471,0.717770,0.304975,-0.748392,-0.224416,-0.079524,0.475982,-0.832882,0.145467,-0.240071,-0.535070,-0.238030,0.918312,0.026722,0.494777,0.514363,1.011900
2026-03-27T18:20:45.984574+00:00,29.770223,1774635645984573800,-0.703656,0.337538,0.483325,0.568180,-0.264883,0.717086,0.304606,-0.746462,-0.224270,-0.081922,0.465134,-0.838592,0.143792,-0.245153,-0.538135,-0.237062,0.919868,0.034311,0.348483,0.357546,0.713503
2026-03-27T18:20:46.001718+00:00,29.787368,1774635646001717900,-0.703754,0.337583,0.482722,0.569410,-0.265312,0.716199,0.303578,-0.745583,-0.222605,-0.081789,0.460646,-0.836596,0.149993,-0.253690,-0.541302,-0.236473,0.920191,0.026903,0.375407,0.369773,0.762862
2026-03-27T18:20:46.018641+00:00,29.804290,1774635646018640700,-0.703879,0.337511,0.482058,0.571014,-0.265777,0.715037,0.302899,-0.744760,-0.219737,-0.081059,0.455485,-0.834368,0.165363,-0.262960,-0.543013,-0.235273,0.920197,0.022031,0.450356,0.436156,0.910459
2026-03-27T18:20:46.035643+00:00,29.821292,1774635646035642700,-0.704285,0.337144,0.480573,0.575137,-0.264781,0.711152,0.304218,-0.742661,-0.213175,-0.079010,0.446711,-0.824677,0.204646,-0.277969,-0.545285,-0.232675,0.920804,0.019786,0.558380,0.540832,1.126009
2026-03-27T18:20:46.052765+00:00,29.838414,1774635646052764700,-0.704573,0.336754,0.479570,0.576700,-0.264592,0.709569,0.306562,-0.741670,-0.210945,-0.078502,0.447943,-0.823728,0.204636,-0.282991,-0.546256,-0.230067,0.921479,0.026657,0.452265,0.444473,0.913087
2026-03-27T18:20:46.069673+00:00,29.855323,1774635646069673200,-0.705056,0.336578,0.478435,0.578944,-0.264979,0.707363,0.307160,-0.740231,-0.208067,-0.077395,0.449314,-0.819818,0.203632,-0.291464,-0.547448,-0.226943,0.921263,0.034835,0.408755,0.400662,0.819880
2026-03-27T18:20:46.086863+00:00,29.872513,1774635646086862900,-0.705678,0.336574,0.477163,0.581482,-0.265896,0.705253,0.306502,-0.738075,-0.203659,-0.075512,0.445408,-0.814269,0.216403,-0.303090,-0.548653,-0.223272,0.920237,0.046023,0.381454,0.368919,0.756939
2026-03-27T18:20:46.103887+00:00,29.889537,1774635646103886900,-0.706428,0.336556,0.475871,0.584798,-0.266673,0.702434,0.305187,-0.735677,-0.198361,-0.073529,0.442074,-0.807053,0.233305,-0.313873,-0.549836,-0.218955,0.919206,0.052758,0.405508,0.388589,0.795326
2026-03-27T18:20:46.120891+00:00,29.906541,1774635646120891000,-0.707179,0.336457,0.474718,0.586958,-0.267890,0.701074,0.304448,-0.733562,-0.193441,-0.071887,0.438651,-0.803097,0.243013,-0.322516,-0.551301,-0.214610,0.918600,0.057365,0.435468,0.416963,0.850941
2026-03-27T18:20:46.137930+00:00,29.923580,1774635646137929900,-0.707942,0.336312,0.473942,0.588917,-0.268194,0.699510,0.304480,-0.732401,-0.189897,-0.071144,0.435695,-0.802374,0.243949,-0.326680,-0.552976,-0.210463,0.918668,0.066718,0.416516,0.402395,0.815022
2026-03-27T18:20:46.155156+00:00,29.940806,1774635646155156300,-0.708598,0.336114,0.473529,0.589809,-0.267355,0.698646,0.304712,-0.731809,-0.188065,-0.071350,0.431363,-0.804399,0.242010,-0.327351,-0.554463,-0.206692,0.918759,0.074290,0.406270,0.396964,0.795925
2026-03-27T18:20:46.172028+00:00,29.957678,1774635646172028100,-0.709050,0.335845,0.473208,0.590114,-0.266958,0.698001,0.305217,-0.731829,-0.187605,-0.072924,0.426816,-0.809820,0.232986,-0.326065,-0.555957,-0.203907,0.919110,0.078154,0.404507,0.400980,0.795401
2026-03-27T18:20:46.192824+00:00,29.978474,1774635646192824000,-0.709326,0.335373,0.472787,0.590087,-0.267329,0.698203,0.305945,-0.731668,-0.187775,-0.073851,0.425121,-0.813485,0.229237,-0.325961,-0.557675,-0.202138,0.919579,0.077200,0.421802,0.424908,0.838507
2026-03-27T18:20:46.209879+00:00,29.995529,1774635646209879000,-0.709308,0.334170,0.471435,0.591909,-0.271241,0.694035,0.306596,-0.730355,-0.190444,-0.078004,0.434974,-0.814570,0.212171,-0.320428,-0.562420,-0.204407,0.920351,0.081839,0.386913,0.410165,0.805631
2026-03-27T18:20:46.226877+00:00,30.012527,1774635646226877200,-0.708834,0.333567,0.470601,0.593293,-0.274285,0.691751,0.306985,-0.728731,-0.192968,-0.079479,0.451908,-0.806941,0.212443,-0.315599,-0.564682,-0.208819,0.920359,0.087043,0.373459,0.405070,0.801681
2026-03-27T18:20:46.243935+00:00,30.029585,1774635646243935000,-0.708213,0.333243,0.469783,0.595075,-0.277203,0.688747,0.307376,-0.727478,-0.197838,-0.080916,0.476659,-0.797707,0.206710,-0.304768,-0.565351,-0.215394,0.919817,0.080544,0.382249,0.427460,0.842858
2026-03-27T18:20:46.260940+00:00,30.046590,1774635646260940100,-0.707400,0.333338,0.469069,0.596447,-0.278714,0.687454,0.308114,-0.727808,-0.205271,-0.082076,0.506844,-0.793006,0.186709,-0.281858,-0.565356,-0.222923,0.919816,0.064976,0.361693,0.419634,0.819322
2026-03-27T18:20:46.278006+00:00,30.063656,1774635646278006200,-0.706995,0.333638,0.468813,0.597296,-0.278436,0.686386,0.307952,-0.730073,-0.216083,-0.083090,0.527857,-0.795460,0.159629,-0.249187,-0.564854,-0.231896,0.920568,0.040201,0.354616,0.427909,0.823426
2026-03-27T18:20:46.294995+00:00,30.080645,1774635646294995100,-0.706284,0.334674,0.468407,0.598952,-0.276342,0.686697,0.307001,-0.732885,-0.229216,-0.084995,0.525880,-0.811129,0.127905,-0.220044,-0.563276,-0.240085,0.921092,0.019341,0.438354,0.547125,1.024873
2026-03-27T18:20:46.312031+00:00,30.097680,1774635646312030600,-0.705564,0.336095,0.468046,0.601419,-0.273243,0.686820,0.303723,-0.734022,-0.243461,-0.086931,0.512233,-0.829172,0.098934,-0.203050,-0.561317,-0.247248,0.921562,0.000001,6245.851517,7903.367281,14509.230852
2026-03-27T18:20:46.329227+00:00,30.114877,1774635646329227500,-0.704917,0.337375,0.467697,0.604132,-0.270786,0.686954,0.300452,-0.732548,-0.254892,-0.088212,0.498436,-0.840366,0.076820,-0.201180,-0.559717,-0.253930,0.921904,0.000001,5145.117640,6462.827325,11880.435050
2026-03-27T18:20:46.346241+00:00,30.131890,1774635646346240500,-0.704367,0.338422,0.467422,0.606457,-0.268329,0.686171,0.298395,-0.729718,-0.262016,-0.089213,0.492451,-0.843247,0.058445,-0.204300,-0.557823,-0.259058,0.921935,0.000001,3316.491842,4002.422094,7473.424077
2026-03-27T18:20:46.363148+00:00,30.148798,1774635646363148300,-0.704090,0.339456,0.467508,0.608782,-0.267932,0.685314,0.296955,-0.723437,-0.264350,-0.088388,0.483627,-0.844536,0.051204,-0.224557,-0.556031,-0.262135,0.921752,0.000001,4318.863153,4773.050547,9268.857539
2026-03-27T18:20:46.380151+00:00,30.165801,1774635646380151400,-0.704483,0.339745,0.467922,0.610112,-0.266507,0.684852,0.296592,-0.719882,-0.260564,-0.087994,0.468089,-0.844899,0.067374,-0.252788,-0.554107,-0.261475,0.921919,0.012730,0.539227,0.509020,1.068788
2026-03-27T18:20:46.399842+00:00,30.185491,1774635646399841700,-0.704483,0.339745,0.467922,0.610112,-0.266507,0.684852,0.296592,-0.719882,-0.260564,-0.087994,0.468089,-0.844899,0.067374,-0.252788,-0.554107,-0.261475,0.921919,0.012730,0.539227,0.509020,1.068788
2026-03-27T18:20:46.416700+00:00,30.202350,1774635646416700400,-0.705262,0.339443,0.469883,0.607838,-0.263878,0.686814,0.299265,-0.715615,-0.250097,-0.090074,0.422970,-0.848533,0.097290,-0.306716,-0.554910,-0.256651,0.921614,0.024762,0.253699,0.237318,0.502660
2026-03-27T18:20:46.433875+00:00,30.219524,1774635646433874800,-0.705408,0.338905,0.470963,0.604821,-0.263139,0.687711,0.302580,-0.716413,-0.245111,-0.090451,0.428977,-0.846546,0.099574,-0.300919,-0.556181,-0.251761,0.921101,0.000001,6854.578853,6731.212139,13816.699386
2026-03-27T18:20:46.450762+00:00,30.236411,1774635646450761800,-0.705451,0.338467,0.471817,0.601228,-0.263141,0.690406,0.305675,-0.717608,-0.240624,-0.089412,0.442070,-0.842034,0.109611,-0.289517,-0.557657,-0.246024,0.920010,0.021817,0.501547,0.522147,1.027483
2026-03-27T18:20:46.467564+00:00,30.253213,1774635646467563500,-0.705471,0.338350,0.472302,0.599923,-0.262261,0.690874,0.306379,-0.719551,-0.236911,-0.087949,0.458368,-0.836199,0.121293,-0.275353,-0.559220,-0.241251,0.919068,0.038203,0.408701,0.453997,0.854862
2026-03-27T18:20:46.484668+00:00,30.270318,1774635646484668400,-0.705501,0.338327,0.472259,0.599641,-0.262587,0.691605,0.305345,-0.721154,-0.233965,-0.086592,0.471331,-0.832179,0.130953,-0.263036,-0.560767,-0.236937,0.918321,0.051809,0.378451,0.444909,0.810564
2026-03-27T18:20:46.501616+00:00,30.287266,1774635646501616000,-0.705536,0.338196,0.471759,0.600298,-0.263686,0.690927,0.304996,-0.722459,-0.232500,-0.086158,0.479856,-0.828276,0.134226,-0.253385,-0.562005,-0.233611,0.918740,0.060426,0.360340,0.443990,0.788031
2026-03-27T18:20:46.518754+00:00,30.304404,1774635646518754100,-0.705640,0.337960,0.470945,0.601734,-0.264622,0.689486,0.304664,-0.723568,-0.232364,-0.086559,0.482102,-0.829769,0.133282,-0.245536,-0.563532,-0.231291,0.919878,0.061986,0.381842,0.484799,0.853999
2026-03-27T18:20:46.535688+00:00,30.321338,1774635646535688500,-0.705674,0.337242,0.468477,0.606233,-0.266456,0.684858,0.304753,-0.724608,-0.233236,-0.088382,0.480044,-0.833725,0.127326,-0.239369,-0.566362,-0.229659,0.923377,0.067964,0.333731,0.436185,0.778407
2026-03-27T18:20:46.552916+00:00,30.338565,1774635646552915800,-0.705723,0.336917,0.466580,0.610834,-0.267154,0.680178,0.305722,-0.725289,-0.233940,-0.089754,0.475139,-0.838301,0.124656,-0.239918,-0.567361,-0.229599,0.925032,0.060688,0.342005,0.443747,0.806364
2026-03-27T18:20:46.569736+00:00,30.355386,1774635646569736100,-0.705820,0.336618,0.463868,0.617842,-0.267073,0.672605,0.307137,-0.725727,-0.234240,-0.091309,0.472458,-0.837846,0.122914,-0.241847,-0.568021,-0.229217,0.926487,0.056159,0.359747,0.455157,0.842123
2026-03-27T18:20:46.586813+00:00,30.372463,1774635646586813000,-0.705997,0.336415,0.460386,0.627006,-0.264961,0.663458,0.310445,-0.726238,-0.234316,-0.092982,0.468603,-0.840480,0.120711,-0.246277,-0.568764,-0.228963,0.927231,0.055728,0.370672,0.457025,0.859913
2026-03-27T18:20:46.603950+00:00,30.389600,1774635646603950100,-0.706113,0.336344,0.458336,0.633013,-0.263901,0.657333,0.312206,-0.726781,-0.234421,-0.094532,0.464283,-0.842561,0.116540,-0.246514,-0.569584,-0.228874,0.927785,0.056297,0.360879,0.438534,0.836008
2026-03-27T18:20:46.624152+00:00,30.409802,1774635646624151900,-0.706113,0.336344,0.458336,0.633013,-0.263901,0.657333,0.312206,-0.726781,-0.234421,-0.094532,0.464283,-0.842561,0.116540,-0.246514,-0.569584,-0.228874,0.927785,0.056297,0.360879,0.438534,0.836008
2026-03-27T18:20:46.641056+00:00,30.426706,1774635646641056000,-0.706551,0.336539,0.449460,0.658257,-0.257471,0.632530,0.317388,-0.726751,-0.232305,-0.098265,0.468912,-0.838059,0.105487,-0.256119,-0.570404,-0.226569,0.928261,0.055538,0.353020,0.434928,0.809849
2026-03-27T18:20:46.658037+00:00,30.443687,1774635646658037000,-0.706718,0.337022,0.445060,0.670564,-0.252486,0.620174,0.319024,-0.725931,-0.229662,-0.101117,0.472351,-0.834442,0.103444,-0.265498,-0.570938,-0.224363,0.928052,0.059938,0.376044,0.472127,0.856679
2026-03-27T18:20:46.674925+00:00,30.460575,1774635646674925400,-0.706649,0.338008,0.437105,0.689342,-0.244799,0.601048,0.321379,-0.724169,-0.223652,-0.108494,0.473438,-0.825769,0.107554,-0.285356,-0.571377,-0.224144,0.928734,0.065179,0.341637,0.434455,0.783141
2026-03-27T18:20:46.692083+00:00,30.477733,1774635646692083000,-0.706398,0.338351,0.433894,0.695016,-0.242598,0.594852,0.323029,-0.723408,-0.221117,-0.112927,0.469842,-0.824131,0.109997,-0.295364,-0.571412,-0.224170,0.929153,0.062007,0.355681,0.454510,0.817226
2026-03-27T18:20:46.709121+00:00,30.494770,1774635646709120400,-0.706108,0.338720,0.431180,0.699274,-0.241471,0.589970,0.323629,-0.722655,-0.219218,-0.117617,0.461923,-0.826495,0.110339,-0.303859,-0.571191,-0.224496,0.929980,0.058510,0.371049,0.474454,0.848181
2026-03-27T18:20:46.726280+00:00,30.511929,1774635646726279800,-0.705828,0.339142,0.428960,0.702938,-0.241023,0.585929,0.322645,-0.721716,-0.217369,-0.122109,0.459231,-0.823747,0.108627,-0.311533,-0.570658,-0.225459,0.930446,0.062177,0.345187,0.437106,0.781687
2026-03-27T18:20:46.743320+00:00,30.528970,1774635646743320100,-0.705475,0.339427,0.427371,0.704084,-0.241773,0.585480,0.321812,-0.720731,-0.215709,-0.126221,0.457119,-0.822246,0.107876,-0.319149,-0.569928,-0.227141,0.930784,0.054457,0.373920,0.467358,0.837865
2026-03-27T18:20:46.760461+00:00,30.546111,1774635646760460900,-0.705123,0.339558,0.426486,0.703785,-0.242591,0.585832,0.320486,-0.719415,-0.213707,-0.129758,0.457635,-0.820045,0.105709,-0.326708,-0.569068,-0.229272,0.930957,0.051715,0.344281,0.423882,0.762917
2026-03-27T18:20:46.777432+00:00,30.563081,1774635646777431800,-0.704777,0.339482,0.426128,0.701581,-0.244253,0.588326,0.319931,-0.717802,-0.211304,-0.133060,0.456545,-0.816946,0.108132,-0.336263,-0.568017,-0.231401,0.930882,0.041800,0.346203,0.417440,0.756237
2026-03-27T18:20:46.794564+00:00,30.580214,1774635646794564000,-0.704455,0.339473,0.425985,0.699110,-0.245751,0.590846,0.318750,-0.716944,-0.209593,-0.134903,0.453909,-0.815244,0.111469,-0.341271,-0.566889,-0.233578,0.930890,0.033403,0.350018,0.411915,0.755621
2026-03-27T18:20:46.811596+00:00,30.597246,1774635646811595900,-0.704229,0.339548,0.425823,0.696842,-0.247397,0.593751,0.317446,-0.715100,-0.203472,-0.140558,0.460193,-0.807748,0.118113,-0.346380,-0.566061,-0.235051,0.931143,0.026509,0.399171,0.462597,0.857669
2026-03-27T18:20:46.831992+00:00,30.617642,1774635646831992200,-0.704129,0.339706,0.425523,0.695007,-0.248748,0.596256,0.315877,-0.714910,-0.201685,-0.142188,0.459385,-0.808508,0.122974,-0.345563,-0.566183,-0.236240,0.931182,0.029819,0.357162,0.413141,0.775622
2026-03-27T18:20:46.848545+00:00,30.634195,1774635646848545100,-0.704117,0.339636,0.424868,0.691218,-0.252609,0.600938,0.311945,-0.715424,-0.195302,-0.146542,0.460573,-0.811347,0.138674,-0.330714,-0.567545,-0.235304,0.930633,0.032016,0.423996,0.511957,0.948017
2026-03-27T18:20:46.865365+00:00,30.651015,1774635646865365000,-0.704152,0.339568,0.424631,0.690785,-0.253757,0.601435,0.310934,-0.715989,-0.192190,-0.148160,0.465257,-0.812187,0.142564,-0.319568,-0.567884,-0.233927,0.930018,0.041066,0.383732,0.472038,0.859625
2026-03-27T18:20:46.882541+00:00,30.668190,1774635646882540700,-0.704093,0.339475,0.424110,0.689582,-0.255314,0.602630,0.309675,-0.716370,-0.189780,-0.149516,0.468967,-0.814061,0.144991,-0.310929,-0.568426,-0.233014,0.929355,0.042070,0.398791,0.497509,0.898515
2026-03-27T18:20:46.899317+00:00,30.684966,1774635646899316600,-0.703989,0.339508,0.423340,0.689812,-0.255669,0.602943,0.309014,-0.716703,-0.188466,-0.149807,0.468380,-0.816568,0.147941,-0.302163,-0.568864,-0.232271,0.929020,0.044682,0.376249,0.475882,0.851188
2026-03-27T18:20:46.916379+00:00,30.702029,1774635646916378900,-0.703807,0.339645,0.422285,0.691208,-0.255172,0.601301,0.309338,-0.717169,-0.188356,-0.149839,0.462425,-0.822336,0.151231,-0.296014,-0.569535,-0.231965,0.928880,0.048748,0.346411,0.443408,0.789569
2026-03-27T18:20:46.933682+00:00,30.719331,1774635646933681800,-0.703519,0.339714,0.421108,0.693369,-0.254203,0.598787,0.309949,-0.717632,-0.189297,-0.149222,0.456056,-0.827725,0.149274,-0.288980,-0.570214,-0.231986,0.929050,0.045354,0.368637,0.474707,0.844664
2026-03-27T18:20:46.950277+00:00,30.735926,1774635646950276700,-0.703182,0.339674,0.419978,0.695208,-0.253611,0.596380,0.310933,-0.718320,-0.191329,-0.148259,0.447536,-0.835832,0.146642,-0.281935,-0.570423,-0.231965,0.929175,0.049794,0.332135,0.427320,0.759843
2026-03-27T18:20:46.967515+00:00,30.753164,1774635646967514500,-0.702870,0.339610,0.418975,0.696145,-0.252794,0.594816,0.311595,-0.719477,-0.194888,-0.146656,0.437443,-0.844342,0.141785,-0.271883,-0.570655,-0.232109,0.929150,0.044013,0.366420,0.466661,0.833810
2026-03-27T18:20:46.984563+00:00,30.770213,1774635646984562900,-0.702431,0.339508,0.418089,0.696349,-0.253016,0.594716,0.312451,-0.721431,-0.198873,-0.145119,0.430144,-0.854622,0.136186,-0.256855,-0.570762,-0.232320,0.929090,0.041540,0.377949,0.476011,0.856005
2026-03-27T18:20:47.001532+00:00,30.787182,1774635647001532000,-0.701662,0.339799,0.416260,0.697608,-0.252069,0.593454,0.312487,-0.724948,-0.206326,-0.140705,0.434411,-0.864770,0.116128,-0.225951,-0.571082,-0.232266,0.929188,0.038902,0.382263,0.483228,0.869547
2026-03-27T18:20:47.018614+00:00,30.804264,1774635647018614300,-0.701371,0.340014,0.415536,0.697622,-0.251424,0.593964,0.311958,-0.727015,-0.210457,-0.138345,0.440404,-0.866714,0.108329,-0.207921,-0.571528,-0.231567,0.929391,0.044415,0.351110,0.454001,0.807871
2026-03-27T18:20:47.035591+00:00,30.821240,1774635647035590700,-0.701107,0.340052,0.414822,0.697785,-0.251229,0.593951,0.311724,-0.728031,-0.212248,-0.137268,0.444667,-0.866305,0.105134,-0.198749,-0.571750,-0.231335,0.929405,0.044716,0.358235,0.466846,0.827750
2026-03-27T18:20:47.056329+00:00,30.841979,1774635647056329500,-0.701107,0.340052,0.414822,0.697785,-0.251229,0.593951,0.311724,-0.728031,-0.212248,-0.137268,0.444667,-0.866305,0.105134,-0.198749,-0.571750,-0.231335,0.929405,0.044716,0.358235,0.466846,0.827750
2026-03-27T18:20:47.072934+00:00,30.858583,1774635647072933800,-0.700210,0.340080,0.412403,0.699365,-0.252864,0.592141,0.310277,-0.730914,-0.219204,-0.131696,0.457427,-0.866442,0.106019,-0.168074,-0.572579,-0.231049,0.929292,0.046980,0.367331,0.487330,0.859702
2026-03-27T18:20:47.089861+00:00,30.875510,1774635647089860800,-0.699881,0.340065,0.411436,0.699610,-0.253973,0.591801,0.309580,-0.731737,-0.222820,-0.129209,0.464820,-0.864616,0.102305,-0.159083,-0.572790,-0.231456,0.929356,0.045605,0.374626,0.495870,0.878142
2026-03-27T18:20:47.106783+00:00,30.892433,1774635647106783200,-0.699533,0.339978,0.410567,0.699174,-0.254714,0.592041,0.309361,-0.732873,-0.227009,-0.127203,0.469476,-0.866029,0.093126,-0.149208,-0.572792,-0.231835,0.929817,0.046708,0.342558,0.452057,0.805195
2026-03-27T18:20:47.124058+00:00,30.909708,1774635647124058000,-0.699244,0.339882,0.410005,0.697967,-0.254835,0.593590,0.308970,-0.733659,-0.230982,-0.125342,0.472035,-0.865397,0.085934,-0.142045,-0.572448,-0.231974,0.930121,0.050892,0.311021,0.407555,0.727166
2026-03-27T18:20:47.141176+00:00,30.926826,1774635647141176300,-0.698757,0.339938,0.409021,0.697331,-0.255213,0.593721,0.308754,-0.733864,-0.238204,-0.121316,0.459528,-0.873236,0.082743,-0.137992,-0.571562,-0.232231,0.929901,0.047832,0.327463,0.423024,0.760335
2026-03-27T18:20:47.158287+00:00,30.943937,1774635647158287000,-0.698516,0.340209,0.408288,0.697042,-0.255631,0.594703,0.308114,-0.733855,-0.240558,-0.119573,0.456358,-0.874194,0.085038,-0.138370,-0.571054,-0.232619,0.929855,0.040152,0.377530,0.485388,0.876847
2026-03-27T18:20:47.175231+00:00,30.960881,1774635647175231500,-0.698224,0.340606,0.407477,0.697602,-0.255852,0.595235,0.306706,-0.733766,-0.242026,-0.117766,0.457343,-0.874038,0.087892,-0.138858,-0.570531,-0.233426,0.929915,0.036151,0.394456,0.503017,0.913455
2026-03-27T18:20:47.192287+00:00,30.977936,1774635647192286600,-0.698025,0.340932,0.406862,0.698061,-0.255653,0.595411,0.305175,-0.733722,-0.243008,-0.115878,0.458561,-0.873451,0.093982,-0.139645,-0.569871,-0.234847,0.930307,0.034895,0.338781,0.427101,0.790622
2026-03-27T18:20:47.209016+00:00,30.994665,1774635647209015800,-0.697873,0.341223,0.406334,0.698081,-0.255239,0.595968,0.303603,-0.733671,-0.243971,-0.113899,0.459657,-0.870739,0.100463,-0.138152,-0.568787,-0.234806,0.931218,0.025007,0.345515,0.433620,0.804203
2026-03-27T18:20:47.226171+00:00,31.011820,1774635647226170700,-0.697781,0.341387,0.405970,0.697272,-0.255045,0.597411,0.303229,-0.733949,-0.245319,-0.112057,0.459387,-0.872376,0.103527,-0.134677,-0.567297,-0.234321,0.931100,0.032343,0.330058,0.406550,0.754137
2026-03-27T18:20:47.243179+00:00,31.028828,1774635647243178700,-0.697696,0.341468,0.405479,0.697373,-0.254646,0.597373,0.302622,-0.734383,-0.247126,-0.110409,0.460224,-0.872594,0.102953,-0.128895,-0.566915,-0.234274,0.930702,0.032839,0.405971,0.493206,0.924467
2026-03-27T18:20:47.265137+00:00,31.050787,1774635647265137400,-0.697696,0.341468,0.405479,0.697373,-0.254646,0.597373,0.302622,-0.734383,-0.247126,-0.110409,0.460224,-0.872594,0.102953,-0.128895,-0.566915,-0.234274,0.930702,0.032839,0.405971,0.493206,0.924467
2026-03-27T18:20:47.281743+00:00,31.067392,1774635647281742700,-0.697128,0.340547,0.403776,0.697020,-0.256364,0.596634,0.303861,-0.734474,-0.249083,-0.107444,0.445710,-0.874482,0.129883,-0.138298,-0.564167,-0.231842,0.926725,0.047421,0.381358,0.476442,0.872823
2026-03-27T18:20:47.298691+00:00,31.084341,1774635647298691000,-0.696997,0.340024,0.403302,0.696003,-0.257547,0.596576,0.305517,-0.734367,-0.246024,-0.106857,0.440829,-0.876409,0.124323,-0.153868,-0.563092,-0.230681,0.925858,0.049508,0.343903,0.441036,0.796489
2026-03-27T18:20:47.315782+00:00,31.101432,1774635647315782400,-0.696888,0.339696,0.402925,0.695249,-0.258615,0.596334,0.306049,-0.734337,-0.245456,-0.107694,0.440683,-0.875575,0.121164,-0.159050,-0.561837,-0.229434,0.925285,0.051208,0.326938,0.425777,0.770083
2026-03-27T18:20:47.332822+00:00,31.118472,1774635647332822000,-0.696675,0.339435,0.402537,0.694852,-0.259853,0.596522,0.305971,-0.734871,-0.245137,-0.108586,0.445600,-0.875009,0.110442,-0.156386,-0.559841,-0.228058,0.924776,0.044547,0.337874,0.443903,0.805506
2026-03-27T18:20:47.349837+00:00,31.135487,1774635647349836900,-0.696312,0.339253,0.402157,0.694023,-0.261228,0.597152,0.306202,-0.735348,-0.244310,-0.109322,0.448069,-0.873365,0.106635,-0.154471,-0.556892,-0.226523,0.924415,0.038509,0.331040,0.436723,0.802106
2026-03-27T18:20:47.366930+00:00,31.152580,1774635647366930200,-0.695922,0.339366,0.401826,0.693671,-0.261999,0.597075,0.305960,-0.735265,-0.243959,-0.109437,0.449900,-0.872960,0.105634,-0.153046,-0.553105,-0.224700,0.923981,0.036397,0.307762,0.403258,0.764689
2026-03-27T18:20:47.383960+00:00,31.169609,1774635647383959500,-0.695651,0.339779,0.401551,0.693454,-0.262013,0.597921,0.305453,-0.734793,-0.243580,-0.108878,0.449843,-0.874530,0.106855,-0.149203,-0.548112,-0.222251,0.922790,0.035547,0.339941,0.434536,0.849569
2026-03-27T18:20:47.400964+00:00,31.186614,1774635647400964000,-0.695431,0.340477,0.401189,0.693707,-0.261246,0.598293,0.303786,-0.734769,-0.243603,-0.107742,0.449737,-0.874659,0.109022,-0.141182,-0.541564,-0.219359,0.920877,0.045164,0.307536,0.387881,0.760584
2026-03-27T18:20:47.418080+00:00,31.203730,1774635647418079900,-0.695286,0.341215,0.400618,0.693841,-0.260648,0.599751,0.302107,-0.734969,-0.243748,-0.106299,0.450440,-0.876133,0.110319,-0.131130,-0.534964,-0.217291,0.918637,0.050687,0.344438,0.423758,0.836544
2026-03-27T18:20:47.434981+00:00,31.220631,1774635647434981100,-0.695315,0.341875,0.399942,0.694840,-0.260110,0.599965,0.299094,-0.734884,-0.243941,-0.104343,0.449182,-0.877695,0.112358,-0.119431,-0.529466,-0.216372,0.916635,0.059646,0.339371,0.412143,0.810116
2026-03-27T18:20:47.452144+00:00,31.237794,1774635647452144000,-0.695463,0.342207,0.399084,0.696657,-0.259941,0.599550,0.295985,-0.734833,-0.244693,-0.102032,0.451311,-0.879481,0.112571,-0.104638,-0.525173,-0.217623,0.914752,0.062088,0.358237,0.436175,0.873985
2026-03-27T18:20:47.468961+00:00,31.254610,1774635647468960600,-0.695207,0.342265,0.397644,0.697882,-0.261946,0.599036,0.292954,-0.734181,-0.245297,-0.097499,0.446533,-0.881389,0.120876,-0.091536,-0.520519,-0.220023,0.912893,0.058082,0.337566,0.458084,0.891993
2026-03-27T18:20:47.485920+00:00,31.271570,1774635647485920500,-0.695022,0.341695,0.397016,0.698763,-0.263896,0.597126,0.291875,-0.733717,-0.245728,-0.095737,0.444565,-0.882919,0.121126,-0.087205,-0.518707,-0.220790,0.912753,0.059845,0.289396,0.427324,0.804019
2026-03-27T18:20:47.504148+00:00,31.289797,1774635647504147400,-0.695022,0.341695,0.397016,0.698763,-0.263896,0.597126,0.291875,-0.733717,-0.245728,-0.095737,0.444565,-0.882919,0.121126,-0.087205,-0.518707,-0.220790,0.912753,0.059845,0.289396,0.427324,0.804019
2026-03-27T18:20:47.521042+00:00,31.306692,1774635647521042300,-0.694800,0.339694,0.397017,0.696946,-0.267488,0.596181,0.295986,-0.732982,-0.247112,-0.093069,0.437641,-0.888125,0.118387,-0.082155,-0.516275,-0.222932,0.912753,0.059469,0.296463,0.477790,0.868015
2026-03-27T18:20:47.538068+00:00,31.323718,1774635647538067900,-0.694874,0.339438,0.397351,0.696435,-0.267617,0.596360,0.296910,-0.732868,-0.247793,-0.092141,0.439404,-0.886545,0.116230,-0.079596,-0.515876,-0.224555,0.912819,0.065016,0.286734,0.461307,0.830929
2026-03-27T18:20:47.555083+00:00,31.340733,1774635647555083300,-0.695096,0.338962,0.397935,0.696003,-0.266382,0.596367,0.298432,-0.732931,-0.248443,-0.091386,0.443029,-0.885793,0.113814,-0.077886,-0.516012,-0.225641,0.912876,0.065009,0.297599,0.473095,0.850017
2026-03-27T18:20:47.572083+00:00,31.357733,1774635647572083100,-0.695130,0.338148,0.398420,0.694778,-0.265309,0.597273,0.299930,-0.733599,-0.249832,-0.089929,0.443649,-0.885810,0.110540,-0.069842,-0.517548,-0.230031,0.912774,0.074059,0.298162,0.437932,0.799846
2026-03-27T18:20:47.589337+00:00,31.374987,1774635647589336900,-0.694973,0.337248,0.399010,0.693725,-0.265508,0.597940,0.301352,-0.734158,-0.251074,-0.087945,0.439318,-0.888883,0.112493,-0.062310,-0.518453,-0.232034,0.912450,0.071794,0.314672,0.445246,0.827063
2026-03-27T18:20:47.610001+00:00,31.395651,1774635647610001200,-0.693742,0.335231,0.400700,0.690652,-0.268076,0.598415,0.306045,-0.734853,-0.255660,-0.082201,0.433512,-0.894068,0.109524,-0.032057,-0.524623,-0.241574,0.910404,0.056575,0.321692,0.389596,0.819471
2026-03-27T18:20:47.626835+00:00,31.412485,1774635647626835000,-0.693742,0.335231,0.400700,0.690652,-0.268076,0.598415,0.306045,-0.734853,-0.255660,-0.082201,0.433512,-0.894068,0.109524,-0.032057,-0.524623,-0.241574,0.910404,0.056575,0.321692,0.389596,0.819471
2026-03-27T18:20:47.643517+00:00,31.429166,1774635647643516700,-0.692318,0.334949,0.403856,0.685236,-0.266498,0.602102,0.312345,-0.735253,-0.253209,-0.081776,0.442427,-0.887048,0.121956,-0.043936,-0.532104,-0.249142,0.906523,0.044633,0.309030,0.336603,0.801448
2026-03-27T18:20:47.660782+00:00,31.446431,1774635647660781600,-0.691612,0.335805,0.405605,0.683240,-0.262745,0.605136,0.312790,-0.735868,-0.247965,-0.085370,0.447808,-0.881324,0.129736,-0.067930,-0.537327,-0.253084,0.901874,0.034940,0.291793,0.324466,0.792642
2026-03-27T18:20:47.677748+00:00,31.463398,1774635647677748000,-0.690928,0.336919,0.407153,0.681627,-0.259725,0.608593,0.312282,-0.737807,-0.245807,-0.087661,0.444092,-0.884295,0.126963,-0.066649,-0.539223,-0.254456,0.900266,0.030234,0.281426,0.320190,0.792012
2026-03-27T18:20:47.694812+00:00,31.480461,1774635647694811700,-0.690297,0.338026,0.408435,0.679827,-0.257165,0.611923,0.311723,-0.739235,-0.243629,-0.089182,0.454104,-0.881140,0.121507,-0.063953,-0.544182,-0.257266,0.895641,0.000001,3552.287817,4699.237645,11390.004307
2026-03-27T18:20:47.711848+00:00,31.497498,1774635647711848300,-0.689872,0.339016,0.409421,0.678205,-0.254968,0.615403,0.310477,-0.739727,-0.242651,-0.089701,0.454292,-0.881141,0.121006,-0.064186,-0.545438,-0.257370,0.894428,0.000001,2754.390240,3892.779350,9172.033519
2026-03-27T18:20:47.729173+00:00,31.514822,1774635647729172800,-0.689872,0.339016,0.409421,0.678205,-0.254968,0.615403,0.310477,-0.739727,-0.242651,-0.089701,0.454292,-0.881141,0.121006,-0.064186,-0.545438,-0.257370,0.894428,0.000001,2754.390240,3892.779350,9172.033519
2026-03-27T18:20:47.746132+00:00,31.531782,1774635647746132400,-0.688987,0.340686,0.409531,0.676093,-0.254221,0.620698,0.305108,-0.740068,-0.233868,-0.092155,0.451932,-0.877367,0.133360,-0.083327,-0.547400,-0.251318,0.890646,0.030861,0.193362,0.357284,0.712583
2026-03-27T18:20:47.763225+00:00,31.548875,1774635647763225200,-0.688858,0.340766,0.409111,0.676393,-0.255126,0.620689,0.303934,-0.740068,-0.233868,-0.092155,0.451932,-0.877367,0.133360,-0.083327,-0.546668,-0.248207,0.891171,0.039479,0.237777,0.437017,0.852541
2026-03-27T18:20:47.780379+00:00,31.566028,1774635647780378800,-0.688726,0.340818,0.408045,0.677879,-0.257117,0.619224,0.301436,-0.739725,-0.229795,-0.093654,0.447961,-0.878690,0.139867,-0.092671,-0.545440,-0.243695,0.892360,0.060619,0.251391,0.449405,0.860744
2026-03-27T18:20:47.797337+00:00,31.582987,1774635647797336900,-0.688665,0.340016,0.405818,0.680615,-0.261018,0.615547,0.299714,-0.740336,-0.222602,-0.097750,0.427728,-0.887348,0.143997,-0.100925,-0.542583,-0.233454,0.898288,0.096522,0.268984,0.435261,0.852841
2026-03-27T18:20:47.814516+00:00,31.600166,1774635647814516100,-0.688668,0.339320,0.404917,0.682229,-0.262906,0.612490,0.300290,-0.741113,-0.219259,-0.099871,0.418836,-0.891612,0.143226,-0.101112,-0.542138,-0.229661,0.901524,0.103320,0.275417,0.425121,0.842259
2026-03-27T18:20:47.831491+00:00,31.617141,1774635647831491600,-0.688739,0.338722,0.404133,0.683394,-0.264323,0.609931,0.301522,-0.741842,-0.215443,-0.101480,0.415659,-0.891537,0.144647,-0.099813,-0.542449,-0.228257,0.904117,0.083514,0.277512,0.412302,0.851170
2026-03-27T18:20:47.848609+00:00,31.634259,1774635647848609500,-0.688773,0.338504,0.403715,0.684261,-0.264942,0.608542,0.302424,-0.742936,-0.212119,-0.102224,0.411077,-0.894665,0.145769,-0.095413,-0.542904,-0.227499,0.906116,0.068756,0.279384,0.401599,0.859952
2026-03-27T18:20:47.865781+00:00,31.651430,1774635647865780500,-0.688789,0.338238,0.403022,0.685289,-0.264900,0.607057,0.303718,-0.744462,-0.209355,-0.102129,0.411408,-0.895886,0.144358,-0.088956,-0.543245,-0.226340,0.906751,0.064998,0.275490,0.389758,0.848143
2026-03-27T18:20:47.882744+00:00,31.668394,1774635647882744200,-0.688793,0.338083,0.402586,0.686275,-0.264580,0.605440,0.304488,-0.746096,-0.207020,-0.101274,0.414477,-0.894317,0.144359,-0.082568,-0.543580,-0.225756,0.906613,0.068307,0.268346,0.378477,0.828248
2026-03-27T18:20:47.899789+00:00,31.685439,1774635647899789000,-0.688648,0.337872,0.402340,0.686576,-0.264186,0.604835,0.305128,-0.747624,-0.205621,-0.100250,0.416239,-0.894287,0.145024,-0.077256,-0.544881,-0.224729,0.905837,0.069805,0.277673,0.397386,0.872188
2026-03-27T18:20:47.916798+00:00,31.702448,1774635647916798000,-0.688356,0.337695,0.402262,0.685723,-0.264237,0.605346,0.305640,-0.749388,-0.204836,-0.099567,0.418850,-0.892450,0.145518,-0.071877,-0.546358,-0.223321,0.904550,0.073004,0.280263,0.422035,0.899334
2026-03-27T18:20:47.936491+00:00,31.722141,1774635647936491100,-0.687976,0.337509,0.402244,0.684746,-0.264762,0.606360,0.306011,-0.750979,-0.204474,-0.099322,0.422464,-0.891964,0.144830,-0.069858,-0.547940,-0.222297,0.902836,0.082116,0.259439,0.420258,0.862887
2026-03-27T18:20:47.953371+00:00,31.739021,1774635647953371500,-0.686967,0.337425,0.401990,0.682738,-0.267269,0.607850,0.305533,-0.753712,-0.205025,-0.099312,0.430377,-0.888936,0.142112,-0.064096,-0.550731,-0.221666,0.900319,0.085960,0.244014,0.457425,0.887282
2026-03-27T18:20:47.970402+00:00,31.756051,1774635647970401500,-0.686545,0.337765,0.401700,0.683236,-0.267371,0.607124,0.304133,-0.754777,-0.205434,-0.098986,0.435878,-0.886006,0.142815,-0.062327,-0.551397,-0.222302,0.899329,0.089788,0.228762,0.441637,0.848745
2026-03-27T18:20:47.987185+00:00,31.772835,1774635647987185400,-0.686176,0.338283,0.401314,0.684053,-0.267506,0.607142,0.302346,-0.755164,-0.205652,-0.098765,0.437420,-0.886153,0.144614,-0.062091,-0.551262,-0.223958,0.898579,0.084897,0.234643,0.450324,0.868292
2026-03-27T18:20:48.004241+00:00,31.789891,1774635648004241400,-0.685830,0.338824,0.400898,0.684771,-0.266815,0.607334,0.301152,-0.755621,-0.206505,-0.098148,0.440753,-0.883838,0.145235,-0.063237,-0.550494,-0.225794,0.898181,0.082568,0.234924,0.438109,0.852624
2026-03-27T18:20:48.021254+00:00,31.806904,1774635648021254000,-0.685433,0.339198,0.400570,0.685733,-0.266046,0.607440,0.299847,-0.755856,-0.207812,-0.097613,0.440946,-0.882876,0.145455,-0.063980,-0.548986,-0.227636,0.898080,0.075256,0.248402,0.447412,0.881074
2026-03-27T18:20:48.038278+00:00,31.823928,1774635648038278200,-0.685012,0.339419,0.400331,0.685972,-0.265993,0.607050,0.299825,-0.755835,-0.209335,-0.097338,0.443824,-0.880810,0.145381,-0.064059,-0.547361,-0.229431,0.898627,0.073758,0.239853,0.420845,0.836413
2026-03-27T18:20:48.055320+00:00,31.840970,1774635648055320000,-0.684637,0.339646,0.400126,0.686368,-0.265924,0.606930,0.299921,-0.755761,-0.211299,-0.096866,0.445378,-0.881517,0.145217,-0.062134,-0.545878,-0.231494,0.899155,0.063785,0.263803,0.452051,0.905956
2026-03-27T18:20:48.072358+00:00,31.858008,1774635648072358100,-0.684263,0.339943,0.399938,0.686845,-0.264985,0.606577,0.300238,-0.755477,-0.213775,-0.096123,0.448394,-0.880021,0.144038,-0.058152,-0.544636,-0.233382,0.899536,0.064321,0.258063,0.435098,0.873334
2026-03-27T18:20:48.089575+00:00,31.875224,1774635648089574700,-0.683911,0.340297,0.399880,0.687346,-0.264176,0.606475,0.299460,-0.754866,-0.216822,-0.095707,0.452186,-0.878717,0.140597,-0.054158,-0.543251,-0.235020,0.899594,0.062568,0.265139,0.443772,0.888481
2026-03-27T18:20:48.106442+00:00,31.892092,1774635648106442100,-0.683548,0.340573,0.399867,0.687426,-0.263742,0.606944,0.299443,-0.754021,-0.220510,-0.095628,0.457131,-0.877271,0.133069,-0.050583,-0.542335,-0.235986,0.899268,0.067911,0.245424,0.411882,0.821412
2026-03-27T18:20:48.123499+00:00,31.909149,1774635648123499000,-0.683282,0.340906,0.399951,0.687625,-0.263466,0.607288,0.299261,-0.752900,-0.224159,-0.095195,0.464407,-0.874833,0.126173,-0.046430,-0.541902,-0.235862,0.898665,0.064950,0.264059,0.446958,0.883826
2026-03-27T18:20:48.140595+00:00,31.926245,1774635648140595200,-0.683122,0.341321,0.400186,0.688006,-0.262415,0.607216,0.298666,-0.751931,-0.227186,-0.094319,0.470121,-0.873468,0.120413,-0.041761,-0.541854,-0.234786,0.898025,0.071805,0.258344,0.437599,0.861116
2026-03-27T18:20:48.160036+00:00,31.945685,1774635648160035500,-0.683005,0.341656,0.400498,0.688193,-0.261552,0.607882,0.298131,-0.751166,-0.229411,-0.093556,0.476926,-0.869971,0.117877,-0.036037,-0.542011,-0.233282,0.897709,0.075448,0.263041,0.441113,0.869285
2026-03-27T18:20:48.176730+00:00,31.962379,1774635648176729700,-0.683128,0.341859,0.401832,0.687688,-0.259773,0.608726,0.298598,-0.748783,-0.231176,-0.094232,0.474227,-0.872218,0.115347,-0.044726,-0.542956,-0.230073,0.897607,0.076352,0.266719,0.443186,0.873840
2026-03-27T18:20:48.193772+00:00,31.979422,1774635648193772200,-0.683321,0.341758,0.402954,0.685788,-0.258420,0.610362,0.300316,-0.747885,-0.229887,-0.095750,0.470586,-0.872689,0.117102,-0.058764,-0.543879,-0.228368,0.897332,0.077390,0.260912,0.437845,0.863822
2026-03-27T18:20:48.210789+00:00,31.996439,1774635648210788900,-0.683420,0.341635,0.403683,0.684346,-0.257379,0.612183,0.301427,-0.747804,-0.226510,-0.096841,0.467314,-0.872727,0.126228,-0.071436,-0.544988,-0.225993,0.896689,0.077518,0.263669,0.450353,0.886892
2026-03-27T18:20:48.227850+00:00,32.013500,1774635648227850400,-0.683642,0.341418,0.405341,0.680382,-0.255793,0.616010,0.303485,-0.748620,-0.221805,-0.097232,0.468687,-0.868975,0.138839,-0.077351,-0.546025,-0.222919,0.895907,0.085304,0.246589,0.432623,0.844222
2026-03-27T18:20:48.244847+00:00,32.030497,1774635648244847200,-0.683988,0.341132,0.407477,0.674187,-0.253824,0.622644,0.305663,-0.750085,-0.216305,-0.096970,0.472583,-0.863620,0.152703,-0.079547,-0.547366,-0.219689,0.894552,0.086716,0.252597,0.452882,0.877889
2026-03-27T18:20:48.261925+00:00,32.047574,1774635648261924600,-0.684078,0.341052,0.407958,0.672895,-0.253616,0.623914,0.305744,-0.751799,-0.210714,-0.096493,0.473569,-0.860998,0.165116,-0.079589,-0.548918,-0.216396,0.893097,0.093547,0.242714,0.449826,0.863945
2026-03-27T18:20:48.278955+00:00,32.064605,1774635648278955600,-0.684151,0.340840,0.408620,0.668750,-0.255185,0.628304,0.304552,-0.753204,-0.205344,-0.096079,0.474447,-0.859417,0.177478,-0.079482,-0.550482,-0.213454,0.891773,0.099947,0.234143,0.446850,0.850761
2026-03-27T18:20:48.296009+00:00,32.081658,1774635648296008800,-0.684174,0.340791,0.408600,0.667702,-0.256278,0.629284,0.303950,-0.754411,-0.201546,-0.095832,0.475264,-0.857111,0.182664,-0.079443,-0.551299,-0.212007,0.891106,0.100220,0.236572,0.459838,0.870556
2026-03-27T18:20:48.312913+00:00,32.098563,1774635648312912900,-0.684198,0.340729,0.408235,0.666607,-0.258157,0.630086,0.302649,-0.755975,-0.198954,-0.096001,0.474119,-0.857366,0.181644,-0.077407,-0.553609,-0.207956,0.889489,0.107050,0.227539,0.463461,0.860429
2026-03-27T18:20:48.329856+00:00,32.115506,1774635648329856300,-0.684179,0.340742,0.407540,0.666238,-0.260702,0.630762,0.300721,-0.757641,-0.196654,-0.096430,0.475677,-0.857767,0.181876,-0.074718,-0.554251,-0.206802,0.889065,0.109615,0.224998,0.463806,0.856174
2026-03-27T18:20:48.346891+00:00,32.132541,1774635648346891000,-0.684105,0.341004,0.405675,0.668902,-0.262507,0.628294,0.297673,-0.759812,-0.192074,-0.098490,0.486953,-0.850338,0.185716,-0.077987,-0.557413,-0.204668,0.886238,0.117545,0.221867,0.461058,0.858106
2026-03-27T18:20:48.367876+00:00,32.153525,1774635648367875800,-0.684105,0.341004,0.405675,0.668902,-0.262507,0.628294,0.297673,-0.759812,-0.192074,-0.098490,0.486953,-0.850338,0.185716,-0.077987,-0.557413,-0.204668,0.886238,0.117545,0.221867,0.461058,0.858106
2026-03-27T18:20:48.384547+00:00,32.170197,1774635648384546900,-0.684041,0.341317,0.404378,0.671674,-0.262684,0.626313,0.296033,-0.761384,-0.189167,-0.103656,0.494767,-0.844178,0.184512,-0.087375,-0.562055,-0.206309,0.879862,0.120939,0.213560,0.444181,0.853243
2026-03-27T18:20:48.401572+00:00,32.187221,1774635648401571600,-0.684018,0.341297,0.404094,0.672055,-0.262369,0.626094,0.296520,-0.761825,-0.188279,-0.107255,0.496518,-0.843433,0.181960,-0.094873,-0.564055,-0.207526,0.876825,0.118084,0.213571,0.444757,0.865144
2026-03-27T18:20:48.418640+00:00,32.204289,1774635648418639600,-0.683984,0.341219,0.404051,0.671922,-0.261680,0.626149,0.297273,-0.761742,-0.187975,-0.109193,0.496713,-0.843077,0.180402,-0.099893,-0.565060,-0.208140,0.875232,0.118003,0.212476,0.442367,0.865893
2026-03-27T18:20:48.435617+00:00,32.221267,1774635648435617600,-0.683923,0.341127,0.404248,0.670792,-0.261449,0.627020,0.298063,-0.761293,-0.187314,-0.114997,0.497869,-0.841105,0.175077,-0.115422,-0.567814,-0.209667,0.869889,0.117277,0.213041,0.442528,0.877734
2026-03-27T18:20:48.452698+00:00,32.238348,1774635648452697900,-0.683901,0.340981,0.404625,0.670117,-0.261266,0.627489,0.298454,-0.761019,-0.187368,-0.116943,0.496820,-0.842452,0.173031,-0.120452,-0.568684,-0.209980,0.867956,0.118967,0.211297,0.439650,0.873231
2026-03-27T18:20:48.469712+00:00,32.255362,1774635648469712300,-0.683750,0.340941,0.405389,0.667970,-0.261528,0.629299,0.299038,-0.759347,-0.189571,-0.124834,0.491968,-0.844831,0.157661,-0.135240,-0.571151,-0.211107,0.860316,0.122778,0.205194,0.445263,0.876525
2026-03-27T18:20:48.486851+00:00,32.272500,1774635648486850800,-0.683599,0.341051,0.405760,0.666832,-0.262083,0.630443,0.298860,-0.757932,-0.191593,-0.128505,0.490088,-0.847881,0.149061,-0.141164,-0.571721,-0.211750,0.856467,0.125258,0.198812,0.448664,0.870531
2026-03-27T18:20:48.504031+00:00,32.289681,1774635648504031100,-0.683448,0.341200,0.406232,0.665256,-0.262394,0.631880,0.298888,-0.756080,-0.193544,-0.131292,0.494117,-0.845230,0.144126,-0.145404,-0.572150,-0.212376,0.852791,0.129199,0.189394,0.451210,0.860936
2026-03-27T18:20:48.520941+00:00,32.306590,1774635648520940500,-0.683405,0.341408,0.406713,0.664371,-0.263112,0.632907,0.298233,-0.753711,-0.196035,-0.132812,0.501139,-0.840651,0.141431,-0.147295,-0.572301,-0.213498,0.848947,0.133081,0.181704,0.456972,0.862663
2026-03-27T18:20:48.538363+00:00,32.324012,1774635648538362600,-0.683391,0.341547,0.407056,0.663709,-0.263251,0.633797,0.297883,-0.751613,-0.199569,-0.133774,0.508550,-0.837993,0.135714,-0.144691,-0.571847,-0.214827,0.845721,0.138389,0.173198,0.457257,0.850205
2026-03-27T18:20:48.555029+00:00,32.340679,1774635648555029300,-0.683423,0.341867,0.407979,0.662496,-0.262888,0.635608,0.296844,-0.749817,-0.204898,-0.134546,0.516380,-0.836670,0.125408,-0.134462,-0.570782,-0.216660,0.843536,0.139786,0.171268,0.466137,0.855060
2026-03-27T18:20:48.572053+00:00,32.357703,1774635648572052900,-0.683551,0.342090,0.409034,0.661179,-0.262234,0.637631,0.295225,-0.748563,-0.211339,-0.135390,0.521547,-0.837445,0.110632,-0.117645,-0.569129,-0.219078,0.842784,0.140347,0.169205,0.466584,0.845604
2026-03-27T18:20:48.591838+00:00,32.377487,1774635648591837600,-0.683551,0.342090,0.409034,0.661179,-0.262234,0.637631,0.295225,-0.748563,-0.211339,-0.135390,0.521547,-0.837445,0.110632,-0.117645,-0.569129,-0.219078,0.842784,0.140347,0.169205,0.466584,0.845604
2026-03-27T18:20:48.608598+00:00,32.394248,1774635648608598200,-0.683813,0.341947,0.412099,0.656148,-0.261419,0.643898,0.295041,-0.745805,-0.226339,-0.137293,0.512305,-0.849364,0.078642,-0.095354,-0.565915,-0.223061,0.843854,0.133672,0.176339,0.483596,0.855736
2026-03-27T18:20:48.625613+00:00,32.411263,1774635648625613600,-0.683864,0.341613,0.414337,0.652072,-0.260299,0.647505,0.295968,-0.743751,-0.231534,-0.136455,0.506410,-0.854075,0.078265,-0.095363,-0.562181,-0.227833,0.846597,0.128257,0.183296,0.478844,0.844085
2026-03-27T18:20:48.642498+00:00,32.428148,1774635648642498400,-0.683897,0.340936,0.418690,0.643500,-0.259377,0.654426,0.299869,-0.739028,-0.236577,-0.133791,0.499253,-0.853797,0.096660,-0.108630,-0.557236,-0.232180,0.850480,0.118618,0.202282,0.476289,0.858392
2026-03-27T18:20:48.659688+00:00,32.445338,1774635648659688200,-0.683991,0.340790,0.420366,0.640028,-0.259692,0.657878,0.301192,-0.736659,-0.237220,-0.133429,0.496696,-0.852674,0.107016,-0.116392,-0.551549,-0.235429,0.853999,0.112319,0.223360,0.458727,0.861583
2026-03-27T18:20:48.676731+00:00,32.462381,1774635648676731000,-0.684222,0.340782,0.422090,0.637412,-0.259487,0.659666,0.301723,-0.734092,-0.238065,-0.134590,0.491939,-0.855438,0.106747,-0.127398,-0.548226,-0.237247,0.855851,0.108459,0.236086,0.442008,0.862517
2026-03-27T18:20:48.693754+00:00,32.479404,1774635648693753900,-0.684448,0.340829,0.423482,0.634708,-0.258804,0.662450,0.302229,-0.732164,-0.239016,-0.136360,0.485929,-0.856452,0.098842,-0.139972,-0.546695,-0.237916,0.856752,0.105661,0.241764,0.433685,0.863407
2026-03-27T18:20:48.710961+00:00,32.496611,1774635648710961000,-0.684775,0.341095,0.424924,0.632308,-0.257559,0.664982,0.301574,-0.730090,-0.239462,-0.137820,0.480295,-0.858408,0.092063,-0.156311,-0.544122,-0.238943,0.857803,0.097217,0.253005,0.428351,0.875053
2026-03-27T18:20:48.727863+00:00,32.513513,1774635648727863000,-0.684967,0.341314,0.425941,0.630082,-0.257453,0.668031,0.301314,-0.728314,-0.239910,-0.138708,0.474664,-0.858715,0.089007,-0.170625,-0.542191,-0.240094,0.858132,0.096080,0.248874,0.409198,0.860179
2026-03-27T18:20:48.744817+00:00,32.530466,1774635648744816800,-0.685100,0.341419,0.426640,0.628885,-0.258247,0.669050,0.300664,-0.726855,-0.240740,-0.138820,0.468286,-0.859604,0.088098,-0.180884,-0.540290,-0.239918,0.857453,0.087940,0.245860,0.403998,0.849980
2026-03-27T18:20:48.761872+00:00,32.547521,1774635648761871600,-0.685134,0.341473,0.427054,0.628462,-0.259773,0.669314,0.300150,-0.726061,-0.241746,-0.138676,0.464345,-0.861619,0.087549,-0.186754,-0.538214,-0.239793,0.856017,0.085224,0.256789,0.420146,0.882805
2026-03-27T18:20:48.779118+00:00,32.564768,1774635648779118000,-0.685070,0.341550,0.427287,0.628055,-0.260680,0.669789,0.299330,-0.725021,-0.242229,-0.139474,0.467933,-0.859738,0.085989,-0.190340,-0.536315,-0.239704,0.854655,0.087505,0.251467,0.415638,0.862842
2026-03-27T18:20:48.801315+00:00,32.586965,1774635648801314900,-0.684960,0.341604,0.427463,0.628471,-0.261897,0.668644,0.298457,-0.723641,-0.241912,-0.141169,0.477965,-0.853458,0.083128,-0.193727,-0.534414,-0.240500,0.853587,0.083500,0.259965,0.428787,0.887551
2026-03-27T18:20:48.818059+00:00,32.603709,1774635648818059100,-0.684485,0.341893,0.428038,0.628428,-0.262274,0.669092,0.297753,-0.718960,-0.241558,-0.145660,0.494081,-0.840916,0.070857,-0.211823,-0.529946,-0.243787,0.853523,0.062885,0.269750,0.420667,0.887286
2026-03-27T18:20:48.835047+00:00,32.620696,1774635648835046600,-0.684259,0.342184,0.428478,0.628372,-0.262139,0.669368,0.297464,-0.715959,-0.241455,-0.149186,0.495259,-0.835474,0.063506,-0.229039,-0.525564,-0.243222,0.856280,0.052689,0.286238,0.442454,0.907283
2026-03-27T18:20:48.852097+00:00,32.637746,1774635648852096400,-0.684150,0.342541,0.428912,0.628226,-0.261735,0.669872,0.297097,-0.714648,-0.241645,-0.151078,0.491232,-0.836265,0.060736,-0.237586,-0.524099,-0.242278,0.857633,0.053810,0.279150,0.433764,0.872568
2026-03-27T18:20:48.869240+00:00,32.654890,1774635648869240000,-0.684177,0.342926,0.429280,0.629138,-0.261666,0.669391,0.296014,-0.711996,-0.241820,-0.154564,0.482510,-0.835980,0.057117,-0.254987,-0.521467,-0.239657,0.860734,0.055727,0.277403,0.440795,0.850171
2026-03-27T18:20:48.886193+00:00,32.671843,1774635648886193200,-0.684263,0.343338,0.429628,0.629781,-0.262194,0.669896,0.293988,-0.708867,-0.241202,-0.158003,0.477961,-0.832638,0.051069,-0.273354,-0.518945,-0.237231,0.863967,0.058251,0.285495,0.458387,0.853170
2026-03-27T18:20:48.903157+00:00,32.688806,1774635648903156500,-0.684406,0.343652,0.430127,0.630873,-0.262202,0.669219,0.292134,-0.705476,-0.239995,-0.161055,0.475402,-0.830664,0.046996,-0.288799,-0.516667,-0.234985,0.866881,0.064747,0.296100,0.465972,0.853437
2026-03-27T18:20:48.920164+00:00,32.705814,1774635648920163900,-0.684534,0.343697,0.430905,0.631534,-0.262286,0.668500,0.291485,-0.702343,-0.238619,-0.163395,0.474146,-0.826308,0.043293,-0.299373,-0.514830,-0.232911,0.869538,0.074351,0.294147,0.445819,0.814365
2026-03-27T18:20:48.937200+00:00,32.722849,1774635648937199600,-0.684545,0.343588,0.431427,0.630816,-0.262192,0.669544,0.292039,-0.700277,-0.237410,-0.164767,0.471358,-0.825917,0.043339,-0.305746,-0.513643,-0.231284,0.871900,0.078303,0.312463,0.448669,0.832727
2026-03-27T18:20:48.954260+00:00,32.739910,1774635648954260100,-0.684467,0.343162,0.432683,0.629599,-0.262434,0.670610,0.293279,-0.698734,-0.236049,-0.165691,0.468885,-0.825984,0.044626,-0.307651,-0.513390,-0.230840,0.873635,0.079135,0.324780,0.440853,0.847246
2026-03-27T18:20:48.971476+00:00,32.757125,1774635648971475700,-0.683945,0.342151,0.435674,0.625827,-0.263380,0.671982,0.295902,-0.696106,-0.231498,-0.165386,0.474610,-0.820884,0.057841,-0.311660,-0.513755,-0.230310,0.875809,0.070505,0.331515,0.426310,0.848868
2026-03-27T18:20:48.988822+00:00,32.774472,1774635648988822200,-0.683634,0.341815,0.437427,0.623499,-0.264573,0.673542,0.296648,-0.695109,-0.228353,-0.165277,0.482100,-0.815007,0.064450,-0.315665,-0.513763,-0.229760,0.876337,0.067638,0.330375,0.427173,0.845499
2026-03-27T18:20:49.005785+00:00,32.791434,1774635649005784600,-0.683263,0.341571,0.439370,0.620070,-0.264972,0.675657,0.297969,-0.694063,-0.224711,-0.165371,0.493979,-0.805546,0.071288,-0.317664,-0.513865,-0.228259,0.877104,0.069541,0.338426,0.438177,0.854125
2026-03-27T18:20:49.022946+00:00,32.808595,1774635649022945600,-0.682865,0.341313,0.441414,0.616747,-0.265196,0.678145,0.299054,-0.692726,-0.221293,-0.165651,0.504161,-0.798113,0.075387,-0.321587,-0.512646,-0.224981,0.878917,0.072546,0.337361,0.446721,0.814795
2026-03-27T18:20:49.040065+00:00,32.825715,1774635649040065400,-0.682865,0.341313,0.441414,0.616747,-0.265196,0.678145,0.299054,-0.692726,-0.221293,-0.165651,0.504161,-0.798113,0.075387,-0.321587,-0.512646,-0.224981,0.878917,0.072546,0.337361,0.446721,0.814795
2026-03-27T18:20:49.057184+00:00,32.842833,1774635649057183600,-0.681985,0.341414,0.445310,0.611568,-0.262176,0.682957,0.300603,-0.689200,-0.215519,-0.165722,0.509696,-0.788323,0.083806,-0.334948,-0.513954,-0.222500,0.882008,0.085763,0.341379,0.453539,0.791555
2026-03-27T18:20:49.073862+00:00,32.859512,1774635649073862500,-0.681437,0.341717,0.447040,0.609250,-0.261451,0.685828,0.300832,-0.687328,-0.213675,-0.165692,0.504463,-0.787496,0.086184,-0.343300,-0.517181,-0.223043,0.883564,0.083444,0.350228,0.459349,0.809939
2026-03-27T18:20:49.091011+00:00,32.876661,1774635649091011400,-0.680920,0.342057,0.448652,0.608174,-0.260325,0.686885,0.300371,-0.686472,-0.212801,-0.165780,0.500108,-0.787544,0.087703,-0.347698,-0.518221,-0.223275,0.883965,0.085108,0.345820,0.451077,0.798185
2026-03-27T18:20:49.108032+00:00,32.893682,1774635649108032000,-0.680324,0.342368,0.450224,0.606661,-0.259729,0.688846,0.300210,-0.684507,-0.211351,-0.165743,0.492268,-0.788123,0.089060,-0.357819,-0.519954,-0.223529,0.884480,0.084304,0.358878,0.457822,0.815616
2026-03-27T18:20:49.125068+00:00,32.910718,1774635649125068500,-0.679742,0.342729,0.451837,0.605197,-0.259061,0.690752,0.299524,-0.682297,-0.210113,-0.165434,0.481478,-0.789907,0.089594,-0.370018,-0.521501,-0.223900,0.885092,0.086686,0.358299,0.445441,0.797044
2026-03-27T18:20:49.142067+00:00,32.927717,1774635649142067200,-0.678397,0.343151,0.454963,0.601720,-0.257526,0.694505,0.299087,-0.678328,-0.208524,-0.164161,0.457944,-0.793313,0.092969,-0.391379,-0.526156,-0.225515,0.885766,0.085416,0.373703,0.433013,0.806935
2026-03-27T18:20:49.158908+00:00,32.944558,1774635649158907900,-0.677655,0.343347,0.456258,0.600678,-0.257510,0.695515,0.298940,-0.676746,-0.207860,-0.163053,0.447575,-0.794686,0.097110,-0.399985,-0.529085,-0.225954,0.885933,0.090455,0.381811,0.427616,0.813887
2026-03-27T18:20:49.175922+00:00,32.961572,1774635649175921900,-0.676940,0.343638,0.457487,0.600469,-0.257322,0.696028,0.298611,-0.675485,-0.207274,-0.161502,0.440320,-0.793654,0.100337,-0.405798,-0.532221,-0.225996,0.885928,0.096753,0.392349,0.429704,0.826698
2026-03-27T18:20:49.192980+00:00,32.978630,1774635649192979900,-0.676215,0.344035,0.458856,0.600332,-0.256129,0.695871,0.298216,-0.674630,-0.206646,-0.159823,0.433739,-0.794468,0.103261,-0.410796,-0.535589,-0.226127,0.885908,0.104223,0.392716,0.426924,0.821396
2026-03-27T18:20:49.210031+00:00,32.995681,1774635649210031300,-0.675828,0.344243,0.459625,0.599541,-0.255882,0.697324,0.298051,-0.674186,-0.206042,-0.158141,0.429569,-0.796626,0.108456,-0.412717,-0.539402,-0.226854,0.886163,0.106110,0.386386,0.424433,0.813762
2026-03-27T18:20:49.227147+00:00,33.012796,1774635649227146800,-0.674961,0.344591,0.461133,0.598302,-0.254473,0.699384,0.298293,-0.673972,-0.205336,-0.156402,0.429756,-0.795876,0.111445,-0.412002,-0.543525,-0.228153,0.886819,0.100789,0.376581,0.422974,0.810097
2026-03-27T18:20:49.244462+00:00,33.030112,1774635649244462200,-0.673997,0.344922,0.462675,0.597545,-0.253332,0.699625,0.297797,-0.674226,-0.204606,-0.154816,0.433702,-0.794971,0.111230,-0.408760,-0.547259,-0.229749,0.887657,0.092887,0.367054,0.423474,0.809974
2026-03-27T18:20:49.264500+00:00,33.050149,1774635649264499800,-0.673997,0.344922,0.462675,0.597545,-0.253332,0.699625,0.297797,-0.674226,-0.204606,-0.154816,0.433702,-0.794971,0.111230,-0.408760,-0.547259,-0.229749,0.887657,0.092887,0.367054,0.423474,0.809974
2026-03-27T18:20:49.281317+00:00,33.066966,1774635649281316600,-0.672036,0.345493,0.465397,0.594434,-0.252191,0.702715,0.299183,-0.675840,-0.203195,-0.152020,0.440839,-0.796929,0.109731,-0.397696,-0.551938,-0.233327,0.888672,0.075944,0.370462,0.448380,0.845161
2026-03-27T18:20:49.298314+00:00,33.083963,1774635649298313600,-0.671079,0.345771,0.466573,0.593025,-0.251400,0.703982,0.299353,-0.676921,-0.202559,-0.150409,0.443859,-0.798546,0.110645,-0.390672,-0.556166,-0.239874,0.889988,0.061949,0.361463,0.446163,0.853235
2026-03-27T18:20:49.315347+00:00,33.100997,1774635649315347300,-0.669452,0.346362,0.468265,0.591259,-0.249230,0.705890,0.299388,-0.678628,-0.200923,-0.147498,0.451716,-0.798840,0.112629,-0.380231,-0.559933,-0.250734,0.891160,0.047242,0.341823,0.397948,0.824160
2026-03-27T18:20:49.332442+00:00,33.118091,1774635649332441500,-0.668791,0.346725,0.468677,0.591200,-0.249251,0.706183,0.298704,-0.678995,-0.200069,-0.145977,0.454078,-0.798713,0.115084,-0.377945,-0.560541,-0.253855,0.891220,0.039798,0.354955,0.401196,0.856502
2026-03-27T18:20:49.349474+00:00,33.135124,1774635649349474300,-0.668187,0.347190,0.468750,0.591254,-0.249743,0.707284,0.297107,-0.679199,-0.199108,-0.144265,0.455954,-0.797902,0.117621,-0.376002,-0.561592,-0.258658,0.890779,0.028841,0.400349,0.422956,0.964916
2026-03-27T18:20:49.366563+00:00,33.152212,1774635649366562800,-0.667762,0.347726,0.468431,0.593119,-0.250456,0.706748,0.294820,-0.679054,-0.198378,-0.142641,0.457371,-0.797144,0.119621,-0.375883,-0.562564,-0.262798,0.889930,0.019478,0.442305,0.436088,1.065182
2026-03-27T18:20:49.383857+00:00,33.169506,1774635649383856800,-0.667474,0.348213,0.467823,0.596043,-0.250979,0.704599,0.292181,-0.678811,-0.198191,-0.140976,0.457008,-0.795920,0.120903,-0.377147,-0.563667,-0.265448,0.888566,0.009625,0.873944,0.801598,2.085143
2026-03-27T18:20:49.400801+00:00,33.186451,1774635649400801100,-0.667274,0.348445,0.467121,0.599106,-0.251790,0.702300,0.291200,-0.678572,-0.198326,-0.139469,0.453688,-0.797437,0.121389,-0.379042,-0.565136,-0.266789,0.886995,0.033168,0.354215,0.305536,0.835549
2026-03-27T18:20:49.418013+00:00,33.203662,1774635649418012700,-0.667159,0.348518,0.466449,0.601666,-0.252700,0.700081,0.290478,-0.678339,-0.199045,-0.138303,0.449224,-0.798827,0.120615,-0.380989,-0.567436,-0.267025,0.885425,0.043218,0.357031,0.304320,0.838819
2026-03-27T18:20:49.435045+00:00,33.220695,1774635649435045000,-0.667116,0.348517,0.465807,0.604852,-0.253269,0.697395,0.289530,-0.678182,-0.199472,-0.137559,0.446775,-0.799369,0.119793,-0.381317,-0.570363,-0.266965,0.884562,0.045245,0.393291,0.346536,0.941234
2026-03-27T18:20:49.452065+00:00,33.237715,1774635649452065200,-0.667003,0.348488,0.465350,0.607820,-0.253908,0.694772,0.289276,-0.677935,-0.200268,-0.136106,0.442746,-0.801334,0.117673,-0.382666,-0.573965,-0.267130,0.884192,0.052587,0.378293,0.349542,0.927014
2026-03-27T18:20:49.472639+00:00,33.258289,1774635649472639200,-0.666757,0.348459,0.465191,0.610074,-0.254324,0.692798,0.289136,-0.677770,-0.200972,-0.134637,0.438721,-0.804503,0.116240,-0.382827,-0.578206,-0.267886,0.883718,0.054381,0.364865,0.353032,0.926847
2026-03-27T18:20:49.489737+00:00,33.275387,1774635649489736900,-0.666018,0.348533,0.465816,0.613028,-0.253291,0.689576,0.290120,-0.677415,-0.202279,-0.132012,0.435208,-0.807514,0.112064,-0.381532,-0.587377,-0.270198,0.883088,0.058158,0.314823,0.319203,0.860179
2026-03-27T18:20:49.506600+00:00,33.292249,1774635649506599800,-0.665609,0.348748,0.466433,0.613341,-0.251765,0.689860,0.290873,-0.677060,-0.202738,-0.130738,0.435271,-0.807539,0.110691,-0.381606,-0.591389,-0.270280,0.882659,0.068565,0.299876,0.308247,0.841012
2026-03-27T18:20:49.523742+00:00,33.309391,1774635649523741700,-0.665178,0.349076,0.467131,0.613497,-0.250550,0.690321,0.291333,-0.676669,-0.203311,-0.129517,0.434021,-0.808380,0.111331,-0.381943,-0.594602,-0.269313,0.882384,0.072555,0.302731,0.322468,0.850112
2026-03-27T18:20:49.540677+00:00,33.326327,1774635649540677200,-0.664784,0.349442,0.467789,0.614623,-0.249274,0.689224,0.291060,-0.676176,-0.203907,-0.128206,0.432477,-0.807643,0.111731,-0.382900,-0.596958,-0.267972,0.882790,0.069276,0.316220,0.351886,0.886496
2026-03-27T18:20:49.557807+00:00,33.343457,1774635649557807000,-0.664590,0.349630,0.468121,0.615231,-0.248429,0.688807,0.290902,-0.675864,-0.204517,-0.127104,0.429875,-0.809766,0.111371,-0.383707,-0.598914,-0.266775,0.883940,0.073135,0.302062,0.347779,0.848308
2026-03-27T18:20:49.574946+00:00,33.360595,1774635649574945700,-0.664017,0.350166,0.469079,0.616271,-0.247472,0.688739,0.291124,-0.675625,-0.205191,-0.126112,0.427157,-0.811692,0.110459,-0.384045,-0.600436,-0.265292,0.885683,0.075548,0.311623,0.366418,0.873745
2026-03-27T18:20:49.591918+00:00,33.377568,1774635649591918000,-0.663916,0.350365,0.469405,0.616623,-0.246821,0.688298,0.291063,-0.675470,-0.205902,-0.125281,0.425288,-0.813394,0.108425,-0.382934,-0.601995,-0.263850,0.887257,0.087428,0.309662,0.359603,0.873105
2026-03-27T18:20:49.608954+00:00,33.394604,1774635649608954100,-0.663642,0.351359,0.470335,0.617627,-0.245388,0.688073,0.289801,-0.675409,-0.206374,-0.124509,0.425831,-0.813929,0.107766,-0.379971,-0.603166,-0.261880,0.888690,0.100291,0.321404,0.361404,0.889108
2026-03-27T18:20:49.625929+00:00,33.411579,1774635649625929100,-0.663642,0.351359,0.470335,0.617627,-0.245388,0.688073,0.289801,-0.675122,-0.206486,-0.123905,0.427719,-0.813929,0.105920,-0.378183,-0.603748,-0.260745,0.889424,0.105175,0.325159,0.359452,0.890466
2026-03-27T18:20:49.642735+00:00,33.428385,1774635649642735300,-0.663684,0.352392,0.470602,0.620331,-0.245333,0.686865,0.287146,-0.674539,-0.206226,-0.122962,0.431293,-0.814120,0.105270,-0.375388,-0.604946,-0.255741,0.891965,0.112420,0.324553,0.355640,0.874194
2026-03-27T18:20:49.659792+00:00,33.445441,1774635649659791800,-0.663764,0.352836,0.470601,0.621846,-0.245584,0.685911,0.286111,-0.674405,-0.205916,-0.122790,0.433810,-0.813994,0.104047,-0.372514,-0.606492,-0.251817,0.892968,0.113294,0.314601,0.361857,0.865977
2026-03-27T18:20:49.676789+00:00,33.462438,1774635649676788800,-0.663965,0.353119,0.470563,0.623552,-0.246130,0.685207,0.285061,-0.673793,-0.205384,-0.122684,0.437713,-0.813433,0.102645,-0.371413,-0.607193,-0.250569,0.893290,0.111709,0.314607,0.369505,0.880303
2026-03-27T18:20:49.695983+00:00,33.481633,1774635649695983000,-0.663965,0.353119,0.470563,0.623552,-0.246130,0.685207,0.285061,-0.673793,-0.205384,-0.122684,0.437713,-0.813433,0.102645,-0.371413,-0.607193,-0.250569,0.893290,0.111709,0.314607,0.369505,0.880303
2026-03-27T18:20:49.713137+00:00,33.498786,1774635649713136800,-0.664651,0.353394,0.470629,0.626734,-0.246273,0.682344,0.284396,-0.672469,-0.203778,-0.123189,0.443735,-0.807726,0.104835,-0.372560,-0.608938,-0.243772,0.894289,0.125808,0.292002,0.379239,0.878581
2026-03-27T18:20:49.730099+00:00,33.515748,1774635649730098600,-0.664846,0.353376,0.470676,0.627060,-0.245800,0.681873,0.284492,-0.671763,-0.202974,-0.123593,0.443658,-0.806071,0.107305,-0.374780,-0.609145,-0.241206,0.894586,0.134936,0.279860,0.374054,0.858935
2026-03-27T18:20:49.747077+00:00,33.532726,1774635649747076700,-0.665253,0.353214,0.470783,0.627315,-0.246333,0.682135,0.285024,-0.671413,-0.202541,-0.123884,0.442769,-0.807070,0.108729,-0.376897,-0.609232,-0.240021,0.894846,0.136083,0.279078,0.377242,0.863468
2026-03-27T18:20:49.764419+00:00,33.550069,1774635649764418900,-0.665670,0.352993,0.470812,0.627867,-0.247166,0.680975,0.285140,-0.670640,-0.201713,-0.124716,0.442929,-0.804092,0.109501,-0.379229,-0.608907,-0.237959,0.895044,0.137168,0.279188,0.384471,0.871602
2026-03-27T18:20:49.781428+00:00,33.567078,1774635649781427900,-0.666052,0.352679,0.470734,0.627963,-0.248069,0.680821,0.285608,-0.669565,-0.200990,-0.126087,0.440617,-0.803374,0.107328,-0.383349,-0.608815,-0.236452,0.895538,0.139379,0.275592,0.383175,0.866118
2026-03-27T18:20:49.798353+00:00,33.584003,1774635649798353100,-0.666600,0.352378,0.470554,0.628978,-0.249194,0.678807,0.285180,-0.669091,-0.200720,-0.126551,0.439231,-0.804998,0.105888,-0.386019,-0.608442,-0.235113,0.896253,0.139918,0.277859,0.384294,0.873372
2026-03-27T18:20:49.815471+00:00,33.601120,1774635649815470700,-0.667685,0.351763,0.469832,0.630945,-0.251705,0.676185,0.285165,-0.667320,-0.199811,-0.128060,0.436288,-0.801653,0.103258,-0.393717,-0.608528,-0.233105,0.898857,0.141754,0.281390,0.376500,0.874801
2026-03-27T18:20:49.832515+00:00,33.618165,1774635649832515300,-0.668302,0.351489,0.469440,0.632709,-0.252777,0.674226,0.284931,-0.666555,-0.199335,-0.128697,0.433895,-0.801757,0.103645,-0.397982,-0.609018,-0.232107,0.900371,0.143305,0.284736,0.375525,0.874053
2026-03-27T18:20:49.849503+00:00,33.635152,1774635649849502800,-0.668634,0.351360,0.469256,0.633338,-0.253511,0.673382,0.285218,-0.665922,-0.198839,-0.129461,0.430556,-0.802472,0.105036,-0.401990,-0.609676,-0.230991,0.901675,0.144015,0.288879,0.376985,0.877457
2026-03-27T18:20:49.866668+00:00,33.652318,1774635649866668500,-0.669580,0.350952,0.468807,0.636099,-0.254096,0.669686,0.286041,-0.665506,-0.198557,-0.130198,0.428245,-0.800849,0.105219,-0.403463,-0.610691,-0.229529,0.903063,0.146637,0.289618,0.378640,0.869679
2026-03-27T18:20:49.883681+00:00,33.669330,1774635649883680500,-0.669889,0.350758,0.468712,0.636398,-0.254235,0.669216,0.287212,-0.665182,-0.198343,-0.131030,0.427269,-0.800744,0.103621,-0.405262,-0.612050,-0.227971,0.904426,0.150702,0.289984,0.380917,0.859019
2026-03-27T18:20:49.904668+00:00,33.690318,1774635649904667900,-0.669889,0.350758,0.468712,0.636398,-0.254235,0.669216,0.287212,-0.665182,-0.198343,-0.131030,0.427269,-0.800744,0.103621,-0.405262,-0.612050,-0.227971,0.904426,0.150702,0.289984,0.380917,0.859019
2026-03-27T18:20:49.920780+00:00,33.706429,1774635649920779800,-0.671013,0.350006,0.468408,0.638383,-0.252763,0.666581,0.289963,-0.665017,-0.197440,-0.132533,0.428850,-0.800719,0.100387,-0.407412,-0.615247,-0.225272,0.907687,0.154445,0.298531,0.391477,0.851026
2026-03-27T18:20:49.937755+00:00,33.723405,1774635649937755100,-0.671897,0.349169,0.468389,0.639646,-0.252270,0.664330,0.292980,-0.665306,-0.196578,-0.133739,0.432685,-0.798048,0.101283,-0.407833,-0.617799,-0.223648,0.910005,0.155651,0.308070,0.397828,0.853104
2026-03-27T18:20:49.955112+00:00,33.740761,1774635649955111800,-0.672436,0.348641,0.468235,0.639528,-0.252555,0.664159,0.294582,-0.665656,-0.196474,-0.134240,0.433236,-0.797012,0.101158,-0.406951,-0.620523,-0.223217,0.912418,0.155535,0.312027,0.390920,0.851083
2026-03-27T18:20:49.971984+00:00,33.757634,1774635649971984000,-0.672764,0.348475,0.468254,0.639429,-0.252100,0.663961,0.295325,-0.666195,-0.196586,-0.134604,0.432190,-0.798125,0.100974,-0.406697,-0.621633,-0.223233,0.913259,0.154170,0.313842,0.390393,0.858862
2026-03-27T18:20:49.989029+00:00,33.774679,1774635649989028900,-0.673080,0.348439,0.468264,0.640051,-0.251799,0.662578,0.295103,-0.666632,-0.196655,-0.134879,0.431595,-0.799283,0.099825,-0.406957,-0.623642,-0.222998,0.914797,0.154578,0.311543,0.384719,0.858560
2026-03-27T18:20:50.006003+00:00,33.791653,1774635650006003300,-0.673307,0.348415,0.468268,0.639913,-0.252248,0.663324,0.296121,-0.666994,-0.196735,-0.134936,0.431382,-0.798652,0.098664,-0.407134,-0.625639,-0.221698,0.916288,0.157693,0.305667,0.385551,0.856892
2026-03-27T18:20:50.023219+00:00,33.808869,1774635650023219300,-0.673690,0.348585,0.468293,0.639990,-0.251617,0.663012,0.296570,-0.667275,-0.196490,-0.134876,0.430684,-0.799041,0.098188,-0.408663,-0.627100,-0.219218,0.917202,0.162013,0.301723,0.400136,0.859981
2026-03-27T18:20:50.040170+00:00,33.825820,1774635650040170400,-0.674136,0.348804,0.468245,0.640524,-0.250488,0.662501,0.296604,-0.667603,-0.196247,-0.134558,0.431370,-0.797693,0.098569,-0.408927,-0.628517,-0.216655,0.917657,0.169793,0.293450,0.411194,0.849674
2026-03-27T18:20:50.057190+00:00,33.842839,1774635650057189800,-0.674511,0.348928,0.467993,0.641042,-0.250013,0.662475,0.296270,-0.668119,-0.195896,-0.134152,0.430988,-0.799145,0.099897,-0.409083,-0.629830,-0.214724,0.918130,0.176072,0.287135,0.420604,0.841453
2026-03-27T18:20:50.074216+00:00,33.859866,1774635650074216100,-0.674810,0.348883,0.467525,0.642084,-0.250306,0.661488,0.296303,-0.668966,-0.195805,-0.133598,0.431543,-0.798377,0.101242,-0.406472,-0.631050,-0.213844,0.918559,0.178946,0.280294,0.428294,0.838209
2026-03-27T18:20:50.091320+00:00,33.876969,1774635650091319500,-0.675011,0.348722,0.466898,0.643899,-0.251207,0.658741,0.296791,-0.670077,-0.195835,-0.132946,0.431365,-0.799709,0.102672,-0.402798,-0.632364,-0.213662,0.918528,0.177902,0.271126,0.440368,0.839318
2026-03-27T18:20:50.108400+00:00,33.894050,1774635650108400000,-0.675084,0.348600,0.466244,0.645579,-0.251083,0.656902,0.297890,-0.671389,-0.196182,-0.132199,0.430913,-0.802935,0.104117,-0.398969,-0.633848,-0.214534,0.918130,0.178250,0.255430,0.448941,0.829310
2026-03-27T18:20:50.128158+00:00,33.913808,1774635650128158300,-0.675085,0.348675,0.465082,0.648256,-0.249361,0.654196,0.299751,-0.672117,-0.196445,-0.131840,0.430742,-0.804877,0.104367,-0.396480,-0.635404,-0.217107,0.917718,0.175089,0.243474,0.459919,0.838048
2026-03-27T18:20:50.144932+00:00,33.930581,1774635650144931600,-0.675231,0.349355,0.460476,0.661235,-0.244322,0.641679,0.301919,-0.674824,-0.197374,-0.130403,0.436566,-0.806938,0.103877,-0.384596,-0.635631,-0.224608,0.918744,0.159991,0.228033,0.474717,0.837063
2026-03-27T18:20:50.162011+00:00,33.947661,1774635650162010900,-0.675379,0.349540,0.457839,0.667700,-0.241415,0.635958,0.303199,-0.675981,-0.197734,-0.129526,0.443763,-0.805759,0.103373,-0.377558,-0.633567,-0.227121,0.920839,0.149727,0.234411,0.488829,0.839841
2026-03-27T18:20:50.179056+00:00,33.964706,1774635650179056300,-0.675557,0.349665,0.455363,0.672660,-0.238596,0.631019,0.304533,-0.677175,-0.198348,-0.128623,0.449758,-0.805105,0.102726,-0.370960,-0.631510,-0.230096,0.923037,0.143821,0.239197,0.488935,0.834234
2026-03-27T18:20:50.196091+00:00,33.981741,1774635650196091500,-0.675709,0.349724,0.452742,0.677329,-0.237494,0.626076,0.305000,-0.678364,-0.199326,-0.127783,0.451657,-0.808509,0.101634,-0.364803,-0.630076,-0.232828,0.924498,0.142523,0.239515,0.477887,0.826106
2026-03-27T18:20:50.213058+00:00,33.998708,1774635650213058400,-0.675863,0.349703,0.450053,0.682720,-0.238029,0.620212,0.304464,-0.679639,-0.200583,-0.127102,0.453376,-0.809639,0.098720,-0.357724,-0.628438,-0.234912,0.925696,0.137355,0.243936,0.473817,0.830969
2026-03-27T18:20:50.230254+00:00,34.015904,1774635650230254300,-0.675980,0.349679,0.447069,0.689260,-0.239349,0.612209,0.303953,-0.680841,-0.202139,-0.126457,0.453411,-0.813737,0.094532,-0.351542,-0.626319,-0.236168,0.926841,0.130122,0.249655,0.467678,0.833314
2026-03-27T18:20:50.247243+00:00,34.032893,1774635650247243400,-0.676043,0.349666,0.444704,0.693632,-0.239879,0.607025,0.304410,-0.682000,-0.203890,-0.125828,0.452670,-0.816896,0.088708,-0.345987,-0.623076,-0.236348,0.928270,0.120037,0.260176,0.472333,0.840836
2026-03-27T18:20:50.264359+00:00,34.050008,1774635650264358800,-0.676097,0.349712,0.443778,0.695640,-0.240017,0.604910,0.304265,-0.683101,-0.205235,-0.125253,0.451410,-0.820576,0.082920,-0.342303,-0.619910,-0.236464,0.929799,0.111301,0.265459,0.466526,0.835535
2026-03-27T18:20:50.281339+00:00,34.066989,1774635650281339500,-0.676242,0.350074,0.441619,0.698495,-0.238804,0.601603,0.305166,-0.684024,-0.206125,-0.124733,0.450639,-0.823211,0.079395,-0.337409,-0.616416,-0.235929,0.930857,0.104972,0.274617,0.464571,0.842638
2026-03-27T18:20:50.298413+00:00,34.084062,1774635650298412700,-0.676310,0.350177,0.441232,0.699086,-0.238523,0.601218,0.305075,-0.684528,-0.206311,-0.124080,0.450767,-0.824705,0.081699,-0.333426,-0.612953,-0.234661,0.931546,0.106419,0.287110,0.462675,0.848561
2026-03-27T18:20:50.315515+00:00,34.101164,1774635650315514800,-0.676609,0.350484,0.440020,0.700303,-0.237759,0.600380,0.303986,-0.685092,-0.206107,-0.123620,0.451952,-0.824165,0.086371,-0.329583,-0.608636,-0.232422,0.932321,0.115553,0.296411,0.451089,0.832508
2026-03-27T18:20:50.336839+00:00,34.122489,1774635650336839200,-0.676764,0.350747,0.439405,0.699907,-0.237475,0.601478,0.303337,-0.685770,-0.205497,-0.123430,0.454404,-0.823505,0.092464,-0.325657,-0.603753,-0.229633,0.933233,0.121191,0.309900,0.454300,0.822503
2026-03-27T18:20:50.354086+00:00,34.139736,1774635650354086400,-0.676988,0.351114,0.438072,0.699826,-0.237267,0.602408,0.301852,-0.687076,-0.204744,-0.123621,0.462863,-0.820705,0.102387,-0.320049,-0.595367,-0.225003,0.936998,0.123190,0.323255,0.467819,0.805266
2026-03-27T18:20:50.371035+00:00,34.156684,1774635650371034700,-0.677017,0.351096,0.437751,0.699512,-0.237756,0.602650,0.301871,-0.688114,-0.205179,-0.124117,0.466839,-0.818897,0.103826,-0.316057,-0.592697,-0.223527,0.938787,0.121212,0.330736,0.472794,0.821835
2026-03-27T18:20:50.388269+00:00,34.173919,1774635650388268900,-0.677114,0.350871,0.437247,0.698804,-0.238893,0.603020,0.301818,-0.689249,-0.206093,-0.124606,0.469430,-0.819551,0.104337,-0.311353,-0.591364,-0.222656,0.939665,0.123291,0.326422,0.465158,0.808714
2026-03-27T18:20:50.405215+00:00,34.190864,1774635650405214500,-0.677183,0.350527,0.436865,0.697209,-0.239915,0.604407,0.302203,-0.690418,-0.207350,-0.125130,0.472894,-0.820347,0.101763,-0.307341,-0.586467,-0.219167,0.942118,0.121501,0.343029,0.477217,0.818604
2026-03-27T18:20:50.422305+00:00,34.207954,1774635650422304600,-0.677238,0.350299,0.436596,0.695505,-0.240686,0.606244,0.301826,-0.691550,-0.209081,-0.125632,0.475308,-0.819725,0.095955,-0.304613,-0.585221,-0.218256,0.942824,0.124750,0.336945,0.465099,0.798124
2026-03-27T18:20:50.439449+00:00,34.225098,1774635650439448500,-0.677313,0.350086,0.436332,0.694227,-0.241078,0.607923,0.301437,-0.694492,-0.212377,-0.127258,0.471557,-0.824266,0.081135,-0.302591,-0.581534,-0.215488,0.944685,0.126806,0.346565,0.462437,0.800493
2026-03-27T18:20:50.456394+00:00,34.242044,1774635650456394100,-0.677395,0.349940,0.436014,0.692798,-0.242045,0.609394,0.300930,-0.694492,-0.212377,-0.127258,0.471557,-0.824266,0.081135,-0.302591,-0.580233,-0.214429,0.945183,0.126293,0.352555,0.466928,0.805965
2026-03-27T18:20:50.473349+00:00,34.258998,1774635650473348600,-0.677612,0.349540,0.435167,0.690835,-0.242311,0.610767,0.301486,-0.697435,-0.213413,-0.128952,0.470028,-0.823752,0.078280,-0.309475,-0.575090,-0.211077,0.946212,0.129051,0.363930,0.465115,0.796541
2026-03-27T18:20:50.490488+00:00,34.276138,1774635650490488100,-0.677612,0.349540,0.435167,0.690835,-0.242311,0.610767,0.301486,-0.698951,-0.213168,-0.129926,0.469007,-0.821299,0.081821,-0.314912,-0.573034,-0.210107,0.946322,0.128007,0.369013,0.461467,0.793093
2026-03-27T18:20:50.507500+00:00,34.293150,1774635650507500000,-0.677769,0.348961,0.434337,0.688002,-0.242201,0.613383,0.302872,-0.699843,-0.213132,-0.130353,0.468190,-0.820710,0.084995,-0.316806,-0.571555,-0.209376,0.946366,0.127792,0.372478,0.455726,0.793650
2026-03-27T18:20:50.524515+00:00,34.310164,1774635650524514500,-0.677760,0.348717,0.433884,0.686707,-0.242595,0.614085,0.303058,-0.701589,-0.212983,-0.131301,0.468061,-0.818447,0.089971,-0.319050,-0.570589,-0.208994,0.946007,0.127885,0.375013,0.450966,0.796655
2026-03-27T18:20:50.541590+00:00,34.327240,1774635650541590100,-0.677742,0.348491,0.433293,0.685219,-0.243149,0.616070,0.303131,-0.704342,-0.212868,-0.132567,0.476413,-0.814811,0.094721,-0.318640,-0.569846,-0.208689,0.945307,0.127484,0.373517,0.444714,0.794743
2026-03-27T18:20:50.558582+00:00,34.344231,1774635650558581500,-0.677753,0.348401,0.432720,0.683737,-0.243438,0.617725,0.303090,-0.705230,-0.212908,-0.133010,0.481601,-0.812338,0.095424,-0.316735,-0.569270,-0.208205,0.944277,0.127542,0.374810,0.444895,0.798090
2026-03-27T18:20:50.575948+00:00,34.361598,1774635650575948000,-0.677753,0.348401,0.432720,0.683737,-0.243438,0.617725,0.303090,-0.705230,-0.212908,-0.133010,0.481601,-0.812338,0.095424,-0.316735,-0.569270,-0.208205,0.944277,0.127542,0.374810,0.444895,0.798090
2026-03-27T18:20:50.592478+00:00,34.378127,1774635650592477700,-0.677868,0.348442,0.431224,0.683203,-0.245052,0.618760,0.300849,-0.709594,-0.214773,-0.134611,0.497884,-0.806258,0.091147,-0.307292,-0.568720,-0.207411,0.942331,0.124815,0.377726,0.454813,0.811036
2026-03-27T18:20:50.609420+00:00,34.395069,1774635650609419700,-0.677862,0.348332,0.430490,0.682673,-0.245171,0.619359,0.300507,-0.712780,-0.216603,-0.136218,0.508741,-0.803783,0.086113,-0.295143,-0.568277,-0.205360,0.939997,0.124383,0.369665,0.461245,0.807497
2026-03-27T18:20:50.626549+00:00,34.412198,1774635650626548600,-0.677882,0.348196,0.430180,0.682675,-0.245524,0.619209,0.300749,-0.713540,-0.216724,-0.136910,0.516427,-0.801735,0.082437,-0.291078,-0.568188,-0.204899,0.939447,0.127018,0.363221,0.457074,0.796143
2026-03-27T18:20:50.643590+00:00,34.429240,1774635650643590200,-0.678058,0.347569,0.429272,0.680728,-0.245995,0.620135,0.303149,-0.716045,-0.217539,-0.138987,0.538946,-0.789097,0.087171,-0.281613,-0.567587,-0.203320,0.936297,0.130904,0.363145,0.466600,0.803161
2026-03-27T18:20:50.660619+00:00,34.446268,1774635650660618800,-0.678228,0.347479,0.428906,0.680163,-0.245169,0.620446,0.303555,-0.717481,-0.218539,-0.139393,0.539051,-0.790441,0.094124,-0.276549,-0.567381,-0.203048,0.934696,0.131914,0.363290,0.466613,0.806520
2026-03-27T18:20:50.677541+00:00,34.463191,1774635650677540900,-0.678449,0.347501,0.428580,0.679905,-0.244177,0.621280,0.303498,-0.719054,-0.220488,-0.139374,0.535289,-0.794575,0.099758,-0.270201,-0.567330,-0.202994,0.934099,0.133870,0.356096,0.457488,0.792392
2026-03-27T18:20:50.694380+00:00,34.480029,1774635650694379500,-0.678723,0.347456,0.428416,0.678793,-0.243350,0.622616,0.303550,-0.720739,-0.223133,-0.139325,0.530160,-0.800619,0.101727,-0.261626,-0.567079,-0.202877,0.932611,0.132452,0.357424,0.459321,0.799606
2026-03-27T18:20:50.711403+00:00,34.497052,1774635650711402700,-0.678979,0.347223,0.428293,0.677988,-0.243539,0.623320,0.303915,-0.722470,-0.225933,-0.138859,0.523153,-0.807110,0.101751,-0.252889,-0.566753,-0.202753,0.931359,0.131907,0.356656,0.457768,0.799136
2026-03-27T18:20:50.728558+00:00,34.514208,1774635650728558300,-0.679103,0.346923,0.428467,0.676420,-0.243497,0.624503,0.304942,-0.723974,-0.229133,-0.137982,0.513572,-0.815904,0.101953,-0.242799,-0.566210,-0.202596,0.929811,0.129735,0.362688,0.463504,0.811272
2026-03-27T18:20:50.745749+00:00,34.531399,1774635650745749100,-0.679275,0.346600,0.428567,0.674915,-0.243770,0.625675,0.305708,-0.725147,-0.232108,-0.136604,0.506737,-0.824732,0.096069,-0.234423,-0.565464,-0.202516,0.928368,0.131670,0.360737,0.457416,0.803090
2026-03-27T18:20:50.762614+00:00,34.548264,1774635650762614100,-0.679686,0.346151,0.428594,0.673882,-0.243910,0.626008,0.306357,-0.726297,-0.234435,-0.135171,0.502340,-0.829835,0.090880,-0.225344,-0.564704,-0.202454,0.926843,0.133178,0.360610,0.453117,0.799206
2026-03-27T18:20:50.779937+00:00,34.565586,1774635650779936500,-0.680085,0.345795,0.428728,0.672351,-0.243276,0.627561,0.307401,-0.727220,-0.236169,-0.133476,0.497214,-0.835889,0.089422,-0.217687,-0.564039,-0.202523,0.925538,0.134353,0.359425,0.448186,0.794798
2026-03-27T18:20:50.800781+00:00,34.586430,1774635650800780500,-0.680475,0.345567,0.428997,0.671024,-0.242528,0.628944,0.308314,-0.728198,-0.237956,-0.131416,0.488184,-0.842059,0.091957,-0.209712,-0.563328,-0.202544,0.924228,0.132562,0.364233,0.451667,0.804083
2026-03-27T18:20:50.817317+00:00,34.602967,1774635650817317200,-0.680997,0.345093,0.429434,0.668845,-0.241714,0.631070,0.309860,-0.729522,-0.239784,-0.128842,0.475592,-0.850282,0.096286,-0.200499,-0.562185,-0.202626,0.922307,0.130607,0.370562,0.457053,0.815304
2026-03-27T18:20:50.834375+00:00,34.620025,1774635650834375500,-0.681185,0.344897,0.429603,0.668255,-0.241438,0.631077,0.310095,-0.730967,-0.241728,-0.125913,0.464437,-0.859356,0.098775,-0.188729,-0.561544,-0.202726,0.921117,0.131226,0.367663,0.453007,0.808740
2026-03-27T18:20:50.851394+00:00,34.637044,1774635650851394000,-0.681631,0.344097,0.430092,0.665294,-0.241264,0.633448,0.312903,-0.733314,-0.244986,-0.120695,0.446343,-0.873829,0.101066,-0.166501,-0.560362,-0.202818,0.919335,0.131854,0.364805,0.449171,0.799501
2026-03-27T18:20:50.868439+00:00,34.654089,1774635650868439200,-0.681746,0.343818,0.430119,0.664922,-0.240814,0.633409,0.313680,-0.734626,-0.247618,-0.116568,0.437658,-0.880137,0.100052,-0.149968,-0.559525,-0.202972,0.917958,0.132907,0.365257,0.448658,0.796420
2026-03-27T18:20:50.885587+00:00,34.671237,1774635650885587300,-0.681756,0.343525,0.430082,0.664352,-0.241055,0.633805,0.314406,-0.735615,-0.249079,-0.112816,0.442371,-0.880630,0.098079,-0.133815,-0.558809,-0.203376,0.916800,0.131914,0.370138,0.451967,0.804489
2026-03-27T18:20:50.902572+00:00,34.688222,1774635650902572300,-0.681747,0.343212,0.430013,0.663880,-0.241379,0.634080,0.315113,-0.735729,-0.248923,-0.109267,0.460615,-0.872773,0.099661,-0.123750,-0.558329,-0.203938,0.915588,0.132076,0.369682,0.448280,0.803331
2026-03-27T18:20:50.919570+00:00,34.705219,1774635650919569600,-0.681591,0.342953,0.429952,0.664110,-0.241566,0.633237,0.315584,-0.733925,-0.244214,-0.108034,0.446143,-0.874352,0.127609,-0.145604,-0.557993,-0.204601,0.914608,0.132705,0.366285,0.441690,0.797801
2026-03-27T18:20:50.936448+00:00,34.722098,1774635650936448200,-0.681341,0.342783,0.429940,0.664231,-0.241313,0.633262,0.316313,-0.734003,-0.243950,-0.106363,0.460079,-0.868978,0.117928,-0.135934,-0.557821,-0.205348,0.913555,0.130635,0.368470,0.441930,0.803377
2026-03-27T18:20:50.954053+00:00,34.739702,1774635650954052700,-0.681170,0.342732,0.429979,0.664337,-0.241142,0.632751,0.316427,-0.735435,-0.244288,-0.104680,0.463336,-0.870451,0.114781,-0.123691,-0.557630,-0.206230,0.912659,0.129393,0.365377,0.437318,0.798965
2026-03-27T18:20:50.971019+00:00,34.756668,1774635650971018600,-0.680822,0.342664,0.430137,0.664826,-0.240730,0.631971,0.316767,-0.736476,-0.244827,-0.102605,0.467426,-0.871838,0.100752,-0.105110,-0.557523,-0.206958,0.911690,0.127722,0.365823,0.438270,0.802192
2026-03-27T18:20:50.987999+00:00,34.773648,1774635650987998700,-0.680057,0.342661,0.430950,0.664621,-0.239555,0.632066,0.317702,-0.737668,-0.245118,-0.097609,0.453536,-0.882721,0.098986,-0.071053,-0.557327,-0.207672,0.910199,0.126132,0.368719,0.444226,0.812490
2026-03-27T18:20:51.008898+00:00,34.794547,1774635651008897800,-0.680057,0.342661,0.430950,0.664621,-0.239555,0.632066,0.317702,-0.737668,-0.245118,-0.097609,0.453536,-0.882721,0.098986,-0.071053,-0.557327,-0.207672,0.910199,0.126132,0.368719,0.444226,0.812490
2026-03-27T18:20:51.025716+00:00,34.811365,1774635651025715600,-0.679370,0.342712,0.432580,0.662696,-0.238204,0.634338,0.319083,-0.735554,-0.237355,-0.096223,0.471907,-0.870111,0.102706,-0.099423,-0.556985,-0.207841,0.909249,0.126929,0.366039,0.441879,0.803262
2026-03-27T18:20:51.042742+00:00,34.828392,1774635651042742000,-0.678989,0.342817,0.433643,0.660989,-0.237706,0.636248,0.319587,-0.734092,-0.231287,-0.096745,0.470570,-0.867262,0.107615,-0.120061,-0.556962,-0.207848,0.908976,0.123991,0.374289,0.449059,0.820335
2026-03-27T18:20:51.059766+00:00,34.845416,1774635651059766000,-0.678609,0.343012,0.434650,0.659949,-0.237281,0.637269,0.318906,-0.733651,-0.226590,-0.096281,0.453838,-0.874355,0.115992,-0.129969,-0.557050,-0.207814,0.908812,0.125750,0.367662,0.439008,0.806389
2026-03-27T18:20:51.076932+00:00,34.862582,1774635651076931900,-0.678262,0.343184,0.435558,0.659216,-0.237409,0.638879,0.318262,-0.733660,-0.221786,-0.095082,0.441697,-0.879657,0.122712,-0.133481,-0.557147,-0.207556,0.908680,0.125455,0.368395,0.437116,0.807593
2026-03-27T18:20:51.093862+00:00,34.879511,1774635651093861800,-0.677916,0.343279,0.436439,0.658695,-0.237180,0.639633,0.317838,-0.733584,-0.216529,-0.093305,0.429951,-0.883620,0.132246,-0.133511,-0.557133,-0.207271,0.908543,0.123053,0.374533,0.443071,0.820688
2026-03-27T18:20:51.110965+00:00,34.896615,1774635651110965100,-0.677626,0.343302,0.437368,0.658277,-0.237047,0.640056,0.317657,-0.732935,-0.210737,-0.091580,0.427515,-0.883050,0.139347,-0.136261,-0.557285,-0.206556,0.908320,0.128169,0.366658,0.431468,0.800920
2026-03-27T18:20:51.127983+00:00,34.913632,1774635651127982800,-0.677276,0.343190,0.438302,0.657747,-0.236179,0.640580,0.318198,-0.732045,-0.204571,-0.089489,0.422399,-0.884055,0.145354,-0.139500,-0.557457,-0.205681,0.907959,0.130187,0.371361,0.434449,0.809778
2026-03-27T18:20:51.144805+00:00,34.930455,1774635651144805400,-0.676475,0.342579,0.439954,0.657090,-0.236105,0.640303,0.319982,-0.730103,-0.192485,-0.084413,0.406027,-0.888122,0.155499,-0.144640,-0.558143,-0.204083,0.907121,0.135425,0.368925,0.429200,0.805254
2026-03-27T18:20:51.161986+00:00,34.947636,1774635651161985900,-0.676036,0.342148,0.440674,0.656932,-0.236691,0.639786,0.321260,-0.728858,-0.186448,-0.081511,0.396741,-0.891716,0.160073,-0.148243,-0.558538,-0.203023,0.906581,0.134486,0.372116,0.432235,0.813374
2026-03-27T18:20:51.179085+00:00,34.964735,1774635651179084900,-0.675586,0.341778,0.441330,0.656727,-0.237017,0.639553,0.322376,-0.727739,-0.180846,-0.078601,0.388148,-0.894904,0.161565,-0.151976,-0.558962,-0.201924,0.905999,0.133806,0.373191,0.432273,0.817261
2026-03-27T18:20:51.196048+00:00,34.981697,1774635651196047500,-0.675199,0.341553,0.441878,0.657322,-0.237070,0.638249,0.323027,-0.726476,-0.175336,-0.075139,0.378904,-0.897172,0.156443,-0.157430,-0.559578,-0.200744,0.905386,0.133484,0.373802,0.431421,0.819734
2026-03-27T18:20:51.213522+00:00,34.999172,1774635651213522300,-0.674757,0.341416,0.442398,0.657972,-0.236712,0.637736,0.323812,-0.725922,-0.172685,-0.073213,0.371835,-0.901108,0.155155,-0.158777,-0.560442,-0.199286,0.904727,0.134204,0.372455,0.427628,0.816311
2026-03-27T18:20:51.232346+00:00,35.017995,1774635651232345800,-0.674757,0.341416,0.442398,0.657972,-0.236712,0.637736,0.323812,-0.725922,-0.172685,-0.073213,0.371835,-0.901108,0.155155,-0.158777,-0.560442,-0.199286,0.904727,0.134204,0.372455,0.427628,0.816311
2026-03-27T18:20:51.249230+00:00,35.034880,1774635651249230100,-0.673739,0.341296,0.443298,0.660849,-0.236247,0.634030,0.324206,-0.723719,-0.162110,-0.064225,0.347777,-0.909360,0.152303,-0.167347,-0.562116,-0.195042,0.903141,0.143872,0.370619,0.419564,0.802468
2026-03-27T18:20:51.266282+00:00,35.051932,1774635651266282100,-0.673089,0.341230,0.443852,0.661764,-0.235938,0.633046,0.325235,-0.722124,-0.154783,-0.056390,0.329172,-0.917057,0.154549,-0.170929,-0.562915,-0.192444,0.902186,0.148836,0.377197,0.422034,0.807465
2026-03-27T18:20:51.283370+00:00,35.069020,1774635651283370400,-0.672447,0.341202,0.444481,0.662452,-0.235536,0.631776,0.325877,-0.721485,-0.152464,-0.053430,0.323892,-0.917387,0.155434,-0.172280,-0.564019,-0.189219,0.901284,0.155613,0.383824,0.423569,0.811193
2026-03-27T18:20:51.300366+00:00,35.086015,1774635651300365700,-0.671656,0.341166,0.445240,0.662873,-0.235364,0.631399,0.326732,-0.720745,-0.148039,-0.047128,0.311213,-0.920702,0.160166,-0.170997,-0.565057,-0.185553,0.900364,0.169030,0.385049,0.422187,0.802028
2026-03-27T18:20:51.317457+00:00,35.103107,1774635651317456900,-0.670082,0.341375,0.447042,0.664145,-0.234681,0.630122,0.327079,-0.719893,-0.139961,-0.033056,0.294619,-0.927941,0.165027,-0.164445,-0.567742,-0.178380,0.898861,0.189592,0.388198,0.425535,0.790326
2026-03-27T18:20:51.334363+00:00,35.120013,1774635651334362900,-0.669233,0.341505,0.448171,0.664678,-0.233724,0.629535,0.326946,-0.719704,-0.136286,-0.025576,0.291008,-0.927332,0.167334,-0.157373,-0.569330,-0.175271,0.898208,0.194967,0.391459,0.429964,0.791651
2026-03-27T18:20:51.351434+00:00,35.137084,1774635651351434000,-0.668816,0.341531,0.448713,0.664152,-0.233672,0.630412,0.327502,-0.719389,-0.132664,-0.018632,0.290474,-0.931477,0.168630,-0.152869,-0.571163,-0.172962,0.897666,0.199934,0.391766,0.430422,0.790394
2026-03-27T18:20:51.368463+00:00,35.154113,1774635651368462900,-0.667283,0.341632,0.450601,0.663346,-0.232459,0.630971,0.328088,-0.719513,-0.129047,-0.011186,0.291045,-0.932024,0.175033,-0.145633,-0.573453,-0.171115,0.897175,0.203305,0.390816,0.426583,0.790548
2026-03-27T18:20:51.385428+00:00,35.171078,1774635651385428000,-0.666809,0.341622,0.451068,0.663384,-0.232356,0.630842,0.328474,-0.719035,-0.125892,-0.003952,0.290030,-0.931826,0.180328,-0.140844,-0.575962,-0.169840,0.896709,0.205487,0.389534,0.420491,0.790913
2026-03-27T18:20:51.402600+00:00,35.188250,1774635651402600000,-0.665686,0.341626,0.452121,0.662973,-0.232541,0.631190,0.328789,-0.718472,-0.123295,0.003062,0.288536,-0.928949,0.181647,-0.137831,-0.577218,-0.169279,0.896457,0.206488,0.389078,0.417306,0.792495
2026-03-27T18:20:51.419745+00:00,35.205395,1774635651419745500,-0.664750,0.341779,0.452924,0.663010,-0.233225,0.630859,0.329260,-0.717831,-0.121322,0.009607,0.284891,-0.928829,0.179763,-0.137980,-0.579829,-0.168248,0.895956,0.209959,0.387296,0.409363,0.793722
2026-03-27T18:20:51.440885+00:00,35.226535,1774635651440885200,-0.664750,0.341779,0.452924,0.663010,-0.233225,0.630859,0.329260,-0.717831,-0.121322,0.009607,0.284891,-0.928829,0.179763,-0.137980,-0.579829,-0.168248,0.895956,0.209959,0.387296,0.409363,0.793722
2026-03-27T18:20:51.457411+00:00,35.243061,1774635651457411100,-0.663116,0.342799,0.454816,0.665306,-0.231018,0.629600,0.327634,-0.716934,-0.119318,0.021938,0.271553,-0.935239,0.171172,-0.141953,-0.585405,-0.165430,0.894468,0.212574,0.384333,0.404580,0.802707
2026-03-27T18:20:51.474205+00:00,35.259855,1774635651474205400,-0.661402,0.343879,0.457117,0.665213,-0.227110,0.631510,0.327229,-0.717009,-0.118466,0.034652,0.253825,-0.943464,0.163100,-0.144173,-0.587970,-0.163580,0.893631,0.217157,0.379061,0.404421,0.799793
2026-03-27T18:20:51.491302+00:00,35.276952,1774635651491302100,-0.660448,0.344093,0.458104,0.664878,-0.226960,0.632068,0.327531,-0.717221,-0.117777,0.040752,0.248980,-0.943610,0.164048,-0.142833,-0.589720,-0.162672,0.893042,0.217609,0.375541,0.406220,0.800693
2026-03-27T18:20:51.508417+00:00,35.294067,1774635651508417400,-0.659458,0.344299,0.458860,0.664514,-0.227749,0.632074,0.327057,-0.717713,-0.116830,0.047236,0.244281,-0.943622,0.169501,-0.140058,-0.591496,-0.162182,0.892629,0.217428,0.370976,0.405532,0.801676
2026-03-27T18:20:51.525267+00:00,35.310916,1774635651525266800,-0.658627,0.344639,0.459383,0.665104,-0.228374,0.631549,0.325801,-0.717936,-0.116095,0.053698,0.239929,-0.947965,0.172145,-0.140326,-0.593176,-0.162151,0.892112,0.216859,0.369133,0.405375,0.807072
2026-03-27T18:20:51.542251+00:00,35.327901,1774635651542251200,-0.657860,0.345070,0.459743,0.665422,-0.228979,0.632152,0.324220,-0.718268,-0.115819,0.059953,0.235854,-0.946597,0.175187,-0.139161,-0.594552,-0.162131,0.891538,0.218541,0.367054,0.402175,0.808283
2026-03-27T18:20:51.559250+00:00,35.344900,1774635651559250400,-0.657196,0.345514,0.459927,0.666914,-0.229232,0.631536,0.322591,-0.718200,-0.115980,0.063072,0.234950,-0.942506,0.173908,-0.138883,-0.595731,-0.162129,0.890948,0.222136,0.364757,0.398251,0.806732
2026-03-27T18:20:51.576252+00:00,35.361902,1774635651576252200,-0.656584,0.345888,0.460073,0.668701,-0.229386,0.629990,0.321144,-0.718309,-0.116615,0.069382,0.231204,-0.944286,0.171631,-0.137176,-0.596601,-0.162065,0.890416,0.224487,0.364262,0.397303,0.808483
2026-03-27T18:20:51.593128+00:00,35.378778,1774635651593128200,-0.655932,0.346071,0.460289,0.669533,-0.229995,0.629319,0.320622,-0.718471,-0.117832,0.074990,0.227200,-0.947331,0.168647,-0.135171,-0.597382,-0.162064,0.889914,0.225731,0.361872,0.396242,0.807773
2026-03-27T18:20:51.610308+00:00,35.395958,1774635651610308300,-0.655463,0.345887,0.460308,0.670663,-0.230761,0.628038,0.320620,-0.718491,-0.119528,0.080964,0.222369,-0.956077,0.164864,-0.133696,-0.597935,-0.162152,0.889384,0.225990,0.360496,0.397410,0.808775
2026-03-27T18:20:51.627414+00:00,35.413063,1774635651627413800,-0.654781,0.345859,0.460593,0.671544,-0.231116,0.626568,0.320967,-0.718303,-0.121478,0.086658,0.221219,-0.954773,0.157875,-0.132398,-0.598440,-0.162707,0.888816,0.226023,0.359394,0.398113,0.811787
2026-03-27T18:20:51.644399+00:00,35.430048,1774635651644398800,-0.653928,0.346061,0.461156,0.672168,-0.231818,0.626134,0.320919,-0.718347,-0.124156,0.098192,0.222523,-0.956782,0.156013,-0.129665,-0.599060,-0.163621,0.888423,0.224360,0.356900,0.397694,0.815385
2026-03-27T18:20:51.664517+00:00,35.450167,1774635651664517500,-0.653331,0.346322,0.461645,0.673257,-0.232077,0.624628,0.320207,-0.718347,-0.124156,0.098192,0.222523,-0.956782,0.156013,-0.129665,-0.599528,-0.164379,0.888080,0.222075,0.353725,0.397249,0.816730
2026-03-27T18:20:51.681489+00:00,35.467139,1774635651681489000,-0.652408,0.347119,0.462995,0.674882,-0.231019,0.624353,0.318195,-0.718746,-0.127280,0.109291,0.227361,-0.949760,0.157836,-0.121791,-0.599025,-0.165401,0.887065,0.225807,0.353491,0.396806,0.814919
2026-03-27T18:20:51.698543+00:00,35.484193,1774635651698543300,-0.652205,0.347300,0.463434,0.675328,-0.230639,0.624118,0.317768,-0.719034,-0.129501,0.114908,0.226810,-0.954020,0.158213,-0.117506,-0.598640,-0.166068,0.886612,0.226043,0.354969,0.397037,0.818269
2026-03-27T18:20:51.715568+00:00,35.501217,1774635651715567800,-0.651786,0.347496,0.464393,0.675534,-0.229784,0.624516,0.317783,-0.719048,-0.131866,0.120216,0.231234,-0.949954,0.156084,-0.113930,-0.598522,-0.167018,0.886363,0.226560,0.352309,0.393004,0.816262
2026-03-27T18:20:51.732653+00:00,35.518303,1774635651732652900,-0.651375,0.347506,0.465433,0.674886,-0.229201,0.625283,0.318505,-0.718744,-0.133850,0.125248,0.237974,-0.949407,0.154309,-0.115215,-0.598406,-0.167503,0.886242,0.225234,0.352604,0.392948,0.818336
2026-03-27T18:20:51.749591+00:00,35.535241,1774635651749591300,-0.651075,0.347449,0.466514,0.674842,-0.229144,0.625105,0.318673,-0.718008,-0.135566,0.129867,0.243394,-0.953867,0.153861,-0.121161,-0.597759,-0.168855,0.885817,0.224475,0.352723,0.392111,0.816990
2026-03-27T18:20:51.766840+00:00,35.552490,1774635651766840500,-0.650853,0.347401,0.467627,0.674252,-0.229048,0.625986,0.318994,-0.717136,-0.137369,0.135145,0.250077,-0.947904,0.150370,-0.127464,-0.597542,-0.169230,0.885710,0.224031,0.352908,0.392549,0.818102
2026-03-27T18:20:51.783845+00:00,35.569495,1774635651783844900,-0.650716,0.347329,0.469346,0.673834,-0.228974,0.625714,0.318806,-0.716691,-0.139536,0.141453,0.249610,-0.945270,0.146501,-0.128427,-0.596837,-0.170452,0.885539,0.221970,0.353645,0.395565,0.821190
2026-03-27T18:20:51.801080+00:00,35.586730,1774635651801080700,-0.650675,0.347274,0.469942,0.673368,-0.228647,0.626202,0.318960,-0.717015,-0.142351,0.148755,0.233403,-0.956050,0.148127,-0.123545,-0.596685,-0.170862,0.885583,0.222223,0.351667,0.394754,0.818263
2026-03-27T18:20:51.817893+00:00,35.603542,1774635651817892500,-0.650552,0.346871,0.472103,0.671365,-0.228450,0.628094,0.320547,-0.718373,-0.147321,0.163231,0.226549,-0.957976,0.148020,-0.096451,-0.595985,-0.172548,0.885693,0.221335,0.349547,0.392630,0.817506
2026-03-27T18:20:51.834675+00:00,35.620324,1774635651834674700,-0.650552,0.346871,0.472103,0.671365,-0.228450,0.628094,0.320547,-0.718373,-0.147321,0.163231,0.226549,-0.957976,0.148020,-0.096451,-0.595985,-0.172548,0.885693,0.221335,0.349547,0.392630,0.817506
2026-03-27T18:20:51.851746+00:00,35.637396,1774635651851746400,-0.650445,0.346425,0.473543,0.671055,-0.230064,0.627638,0.321041,-0.719013,-0.152532,0.176948,0.227598,-0.963258,0.137112,-0.075580,-0.595007,-0.174640,0.885756,0.218108,0.354281,0.391210,0.824933
2026-03-27T18:20:51.872250+00:00,35.657900,1774635651872250100,-0.650445,0.346425,0.473543,0.671055,-0.230064,0.627638,0.321041,-0.719013,-0.152532,0.176948,0.227598,-0.963258,0.137112,-0.075580,-0.595007,-0.174640,0.885756,0.218108,0.354281,0.391210,0.824933
2026-03-27T18:20:51.889461+00:00,35.675111,1774635651889461300,-0.650473,0.346178,0.475393,0.670814,-0.230354,0.627166,0.321626,-0.718384,-0.158796,0.188433,0.218927,-0.970734,0.117447,-0.068853,-0.594135,-0.178667,0.885992,0.212281,0.353126,0.383628,0.829622
2026-03-27T18:20:51.906350+00:00,35.692000,1774635651906350200,-0.650452,0.346041,0.475748,0.670415,-0.230143,0.627453,0.322347,-0.717716,-0.160971,0.193389,0.216769,-0.967746,0.107699,-0.065785,-0.594015,-0.179403,0.886120,0.210805,0.351049,0.382096,0.828871
2026-03-27T18:20:51.923369+00:00,35.709019,1774635651923369500,-0.650431,0.345784,0.476414,0.670124,-0.230790,0.626874,0.322772,-0.717286,-0.161461,0.195267,0.215778,-0.973013,0.105553,-0.066321,-0.593831,-0.179960,0.886257,0.209468,0.349109,0.380773,0.827170
2026-03-27T18:20:51.940485+00:00,35.726135,1774635651940485400,-0.650438,0.345521,0.476931,0.670505,-0.231728,0.626394,0.322752,-0.716307,-0.161760,0.198870,0.213457,-0.972713,0.110106,-0.067452,-0.592555,-0.180759,0.886506,0.206266,0.350534,0.384781,0.830239
2026-03-27T18:20:51.957443+00:00,35.743093,1774635651957443400,-0.650472,0.345349,0.477498,0.670617,-0.232176,0.626349,0.323091,-0.715653,-0.161431,0.201378,0.210511,-0.968576,0.119957,-0.068154,-0.591445,-0.180935,0.886644,0.206984,0.351913,0.386451,0.830263
2026-03-27T18:20:51.974434+00:00,35.760084,1774635651974434400,-0.650770,0.345262,0.479186,0.670485,-0.231606,0.625729,0.323598,-0.714194,-0.158965,0.201855,0.226088,-0.962011,0.128264,-0.069451,-0.589573,-0.181137,0.887493,0.207166,0.350383,0.384752,0.823122
2026-03-27T18:20:51.991560+00:00,35.777210,1774635651991559900,-0.651024,0.345217,0.480271,0.670016,-0.230729,0.626473,0.324050,-0.713690,-0.157334,0.200438,0.233889,-0.962374,0.131361,-0.071955,-0.588590,-0.181096,0.888088,0.206026,0.351058,0.386769,0.824879
2026-03-27T18:20:52.008571+00:00,35.794221,1774635652008570900,-0.651226,0.345058,0.481456,0.668721,-0.230126,0.628169,0.325227,-0.713213,-0.155530,0.198657,0.235426,-0.960957,0.133781,-0.077218,-0.587364,-0.180865,0.888823,0.205187,0.352202,0.389778,0.822452
2026-03-27T18:20:52.025743+00:00,35.811393,1774635652025743200,-0.651407,0.344800,0.482682,0.667637,-0.229987,0.628707,0.325757,-0.712902,-0.154021,0.197057,0.230477,-0.960316,0.129243,-0.080155,-0.585938,-0.180334,0.889713,0.202342,0.354039,0.396788,0.823138
2026-03-27T18:20:52.042613+00:00,35.828262,1774635652042612600,-0.651484,0.344648,0.483286,0.666949,-0.229708,0.628735,0.326359,-0.712895,-0.152712,0.194961,0.218132,-0.960214,0.128156,-0.085939,-0.584397,-0.179783,0.890632,0.198377,0.356747,0.404329,0.824631
2026-03-27T18:20:52.059693+00:00,35.845343,1774635652059693100,-0.651711,0.344330,0.484474,0.665413,-0.229634,0.630157,0.327217,-0.712411,-0.150796,0.190956,0.220371,-0.966124,0.128569,-0.097977,-0.583208,-0.179362,0.891673,0.197287,0.355111,0.403651,0.817474
2026-03-27T18:20:52.076723+00:00,35.862373,1774635652076723400,-0.651956,0.344030,0.485515,0.664096,-0.229849,0.631268,0.328325,-0.711469,-0.148488,0.187422,0.210880,-0.964916,0.129047,-0.109611,-0.582147,-0.179429,0.892538,0.196266,0.358369,0.402526,0.820811
2026-03-27T18:20:52.093759+00:00,35.879409,1774635652093759300,-0.652185,0.343780,0.486428,0.663299,-0.229657,0.631544,0.328706,-0.711543,-0.146513,0.184222,0.205442,-0.962634,0.135775,-0.115858,-0.581233,-0.179722,0.893483,0.197456,0.360312,0.396595,0.821573
2026-03-27T18:20:52.112350+00:00,35.898000,1774635652112350200,-0.652185,0.343780,0.486428,0.663299,-0.229657,0.631544,0.328706,-0.711543,-0.146513,0.184222,0.205442,-0.962634,0.135775,-0.115858,-0.581233,-0.179722,0.893483,0.197456,0.360312,0.396595,0.821573
2026-03-27T18:20:52.129357+00:00,35.915006,1774635652129356800,-0.652626,0.343194,0.488353,0.661641,-0.230727,0.632147,0.331231,-0.712714,-0.142864,0.169225,0.232708,-0.955973,0.142003,-0.123414,-0.578545,-0.180243,0.894904,0.201113,0.369063,0.387587,0.820083
2026-03-27T18:20:52.146377+00:00,35.932026,1774635652146376700,-0.652750,0.343202,0.488788,0.661641,-0.230254,0.631998,0.331448,-0.712673,-0.143031,0.163091,0.247397,-0.948107,0.142113,-0.130600,-0.577752,-0.180482,0.895320,0.199698,0.370958,0.387102,0.817964
2026-03-27T18:20:52.163433+00:00,35.949083,1774635652163432900,-0.652850,0.343260,0.489118,0.662255,-0.229963,0.631197,0.331315,-0.712600,-0.143924,0.156567,0.257842,-0.948442,0.143594,-0.138561,-0.577154,-0.180831,0.895577,0.195615,0.374815,0.390306,0.824587
2026-03-27T18:20:52.180439+00:00,35.966088,1774635652180438600,-0.652914,0.343311,0.489359,0.663081,-0.229845,0.630632,0.331330,-0.712726,-0.145805,0.150102,0.268540,-0.939729,0.141245,-0.142911,-0.576829,-0.181123,0.895780,0.194852,0.372095,0.388314,0.819056
2026-03-27T18:20:52.197572+00:00,35.983221,1774635652197571700,-0.652947,0.343404,0.489635,0.663984,-0.229584,0.629553,0.331128,-0.712470,-0.147998,0.143599,0.277175,-0.939064,0.137939,-0.148810,-0.576588,-0.181352,0.895751,0.193784,0.374374,0.389839,0.822879
2026-03-27T18:20:52.214577+00:00,36.000227,1774635652214577300,-0.652956,0.343477,0.489990,0.664284,-0.228589,0.629438,0.331832,-0.711962,-0.150459,0.137028,0.288537,-0.933962,0.134764,-0.154160,-0.576276,-0.181464,0.895583,0.195368,0.372170,0.387257,0.818628
2026-03-27T18:20:52.231706+00:00,36.017356,1774635652231706000,-0.652969,0.343562,0.490506,0.664384,-0.227642,0.629398,0.332452,-0.711688,-0.151478,0.134173,0.293327,-0.933316,0.133602,-0.156772,-0.576009,-0.181270,0.895151,0.195967,0.373931,0.387519,0.818976
2026-03-27T18:20:52.248730+00:00,36.034379,1774635652248729800,-0.652999,0.343652,0.491130,0.664413,-0.226828,0.629478,0.333156,-0.710889,-0.154090,0.127940,0.307061,-0.930977,0.132395,-0.160228,-0.575677,-0.180991,0.894533,0.199348,0.373405,0.385949,0.814231
2026-03-27T18:20:52.265795+00:00,36.051445,1774635652265795600,-0.653041,0.343801,0.491844,0.663883,-0.225602,0.629674,0.333628,-0.710300,-0.156976,0.121637,0.326652,-0.921587,0.129016,-0.159481,-0.575455,-0.180640,0.893731,0.198506,0.378140,0.390255,0.821474
2026-03-27T18:20:52.282989+00:00,36.068639,1774635652282989300,-0.653145,0.343980,0.492643,0.663397,-0.224452,0.630561,0.333884,-0.709543,-0.159873,0.115350,0.345121,-0.914793,0.127256,-0.161217,-0.575271,-0.180411,0.892981,0.199307,0.378270,0.390529,0.820600
2026-03-27T18:20:52.299905+00:00,36.085555,1774635652299904900,-0.653260,0.344069,0.493481,0.662377,-0.223243,0.632357,0.334478,-0.708508,-0.162806,0.109040,0.363183,-0.907577,0.129008,-0.166401,-0.575223,-0.180193,0.892140,0.198613,0.378765,0.390534,0.820887
2026-03-27T18:20:52.316861+00:00,36.102511,1774635652316860900,-0.653362,0.344153,0.494709,0.660991,-0.221806,0.634099,0.334481,-0.706795,-0.168366,0.098289,0.403681,-0.887919,0.134164,-0.168682,-0.575401,-0.180265,0.889801,0.198886,0.377459,0.385599,0.821040
2026-03-27T18:20:52.337090+00:00,36.122740,1774635652337090300,-0.653362,0.344153,0.494709,0.660991,-0.221806,0.634099,0.334481,-0.706795,-0.168366,0.098289,0.403681,-0.887919,0.134164,-0.168682,-0.575401,-0.180265,0.889801,0.198886,0.377459,0.385599,0.821040
2026-03-27T18:20:52.354020+00:00,36.139670,1774635652354020000,-0.653569,0.344148,0.496353,0.657741,-0.219034,0.637891,0.335974,-0.705673,-0.177324,0.088477,0.450095,-0.869540,0.131701,-0.152299,-0.575844,-0.180223,0.886965,0.199046,0.377326,0.380388,0.823699
2026-03-27T18:20:52.371013+00:00,36.156663,1774635652371013300,-0.653708,0.344150,0.496699,0.657212,-0.218122,0.638403,0.336144,-0.705459,-0.179485,0.086694,0.457216,-0.867009,0.130928,-0.150516,-0.575861,-0.179837,0.885358,0.200351,0.376409,0.378254,0.819081
2026-03-27T18:20:52.388312+00:00,36.173962,1774635652388312300,-0.653771,0.344147,0.496802,0.656876,-0.217578,0.638748,0.336339,-0.704497,-0.183777,0.083600,0.472185,-0.859613,0.127272,-0.147934,-0.575868,-0.179500,0.884523,0.200258,0.379062,0.382027,0.825676
2026-03-27T18:20:52.405145+00:00,36.190794,1774635652405144800,-0.653986,0.344141,0.496819,0.655896,-0.217027,0.639573,0.336831,-0.703635,-0.187728,0.081134,0.484645,-0.854428,0.121811,-0.144654,-0.575736,-0.178002,0.881774,0.205623,0.376419,0.381017,0.813990
2026-03-27T18:20:52.422223+00:00,36.207872,1774635652422222700,-0.654084,0.344150,0.496754,0.655543,-0.217261,0.639856,0.336781,-0.702403,-0.191360,0.079520,0.495100,-0.849485,0.112863,-0.143132,-0.575738,-0.177451,0.880652,0.204026,0.378603,0.382430,0.816602
2026-03-27T18:20:52.439198+00:00,36.224847,1774635652439197500,-0.654339,0.344189,0.496554,0.654804,-0.217316,0.641139,0.336715,-0.701480,-0.194627,0.079190,0.497164,-0.848680,0.110866,-0.143555,-0.576741,-0.175926,0.877401,0.211804,0.374910,0.379363,0.816273
2026-03-27T18:20:52.456191+00:00,36.241840,1774635652456190600,-0.654593,0.344281,0.496372,0.654412,-0.216792,0.641327,0.335931,-0.701245,-0.197939,0.079737,0.489236,-0.852501,0.117580,-0.142680,-0.577033,-0.175423,0.876135,0.212679,0.374263,0.378437,0.818204
2026-03-27T18:20:52.473174+00:00,36.258824,1774635652473174300,-0.654859,0.344212,0.496200,0.653114,-0.216705,0.643216,0.335667,-0.701051,-0.200593,0.080263,0.485305,-0.854125,0.116937,-0.143440,-0.577637,-0.174197,0.873617,0.213881,0.372200,0.377711,0.823386
2026-03-27T18:20:52.490070+00:00,36.275720,1774635652490070100,-0.655702,0.343857,0.495897,0.649843,-0.216390,0.646005,0.336288,-0.700528,-0.205038,0.081693,0.477142,-0.860100,0.111812,-0.146342,-0.578107,-0.169845,0.867783,0.220390,0.367769,0.380366,0.819997
2026-03-27T18:20:52.507202+00:00,36.292851,1774635652507201800,-0.656164,0.343743,0.495652,0.648164,-0.216230,0.647427,0.336726,-0.700866,-0.206797,0.082058,0.475293,-0.859543,0.116076,-0.148248,-0.578107,-0.166050,0.862875,0.234742,0.365627,0.386798,0.816204
2026-03-27T18:20:52.524205+00:00,36.309855,1774635652524205400,-0.656611,0.343585,0.495188,0.646876,-0.216698,0.649048,0.336797,-0.701257,-0.207640,0.082202,0.474940,-0.858826,0.119317,-0.149237,-0.578342,-0.164910,0.861226,0.240115,0.362798,0.388574,0.814047
2026-03-27T18:20:52.544049+00:00,36.329699,1774635652544049200,-0.656611,0.343585,0.495188,0.646876,-0.216698,0.649048,0.336797,-0.701257,-0.207640,0.082202,0.474940,-0.858826,0.119317,-0.149237,-0.578342,-0.164910,0.861226,0.240115,0.362798,0.388574,0.814047
2026-03-27T18:20:52.560852+00:00,36.346501,1774635652560851500,-0.657541,0.343300,0.493403,0.646051,-0.217063,0.649832,0.336889,-0.703968,-0.212559,0.082319,0.472047,-0.858506,0.125937,-0.152411,-0.580781,-0.162592,0.852994,0.249291,0.342714,0.399159,0.815325
2026-03-27T18:20:52.577882+00:00,36.363532,1774635652577882200,-0.657710,0.343339,0.492862,0.646837,-0.216430,0.648719,0.336510,-0.704563,-0.213549,0.081971,0.472732,-0.857909,0.127019,-0.153276,-0.581401,-0.162732,0.851400,0.248655,0.337792,0.399337,0.813740
2026-03-27T18:20:52.594983+00:00,36.380633,1774635652594982900,-0.658132,0.343373,0.491552,0.647611,-0.215835,0.648883,0.336156,-0.705509,-0.215658,0.081331,0.470524,-0.858731,0.125234,-0.156579,-0.582623,-0.163382,0.848359,0.245118,0.329823,0.400206,0.815831
2026-03-27T18:20:52.612024+00:00,36.397674,1774635652612023900,-0.658515,0.343282,0.490183,0.647875,-0.215828,0.648276,0.336932,-0.707213,-0.218078,0.080533,0.465837,-0.861575,0.121886,-0.160255,-0.583445,-0.164143,0.845501,0.240069,0.327218,0.402266,0.823586
2026-03-27T18:20:52.629041+00:00,36.414690,1774635652629040700,-0.658923,0.343103,0.488737,0.648222,-0.216310,0.647469,0.337291,-0.708935,-0.220831,0.079892,0.457036,-0.866010,0.117987,-0.163302,-0.583927,-0.164925,0.842538,0.238327,0.324844,0.398620,0.822121
2026-03-27T18:20:52.645995+00:00,36.431645,1774635652645994900,-0.659322,0.342866,0.486410,0.648152,-0.218064,0.647149,0.337348,-0.712962,-0.225304,0.078985,0.444988,-0.872795,0.117176,-0.166018,-0.584012,-0.166364,0.836967,0.237938,0.330909,0.387587,0.829218
2026-03-27T18:20:52.663294+00:00,36.448944,1774635652663294100,-0.659582,0.342945,0.484877,0.648820,-0.219276,0.646673,0.336296,-0.714754,-0.226813,0.078671,0.445934,-0.872521,0.115108,-0.166002,-0.583972,-0.167021,0.834317,0.239912,0.332015,0.378070,0.827215
2026-03-27T18:20:52.680181+00:00,36.465830,1774635652680180800,-0.659825,0.343169,0.483539,0.648879,-0.219639,0.647054,0.335200,-0.716757,-0.227783,0.078629,0.449266,-0.870002,0.114064,-0.164173,-0.584367,-0.167563,0.831886,0.239177,0.332340,0.371971,0.831506
2026-03-27T18:20:52.697237+00:00,36.482886,1774635652697236700,-0.660128,0.343463,0.482402,0.648643,-0.219549,0.647762,0.334229,-0.719181,-0.228777,0.079176,0.449164,-0.870363,0.117414,-0.159710,-0.585059,-0.168001,0.829870,0.237118,0.331372,0.368657,0.838724
2026-03-27T18:20:52.714342+00:00,36.499991,1774635652714341700,-0.660407,0.343800,0.481394,0.647504,-0.219773,0.649333,0.333230,-0.721735,-0.229661,0.080202,0.446633,-0.873249,0.121779,-0.153877,-0.585479,-0.168260,0.828792,0.236206,0.329734,0.367156,0.840743
2026-03-27T18:20:52.731658+00:00,36.517308,1774635652731658300,-0.660692,0.344001,0.480501,0.647426,-0.219740,0.649725,0.332064,-0.724055,-0.230700,0.081360,0.443930,-0.874058,0.124722,-0.149113,-0.586101,-0.168605,0.826911,0.235530,0.324684,0.366136,0.839956
2026-03-27T18:20:52.748417+00:00,36.534067,1774635652748417200,-0.660975,0.344183,0.479507,0.647102,-0.219975,0.650348,0.330510,-0.726668,-0.231868,0.082475,0.441000,-0.875628,0.132975,-0.142882,-0.586108,-0.168414,0.824944,0.235867,0.322333,0.369579,0.834890
2026-03-27T18:20:52.767789+00:00,36.553439,1774635652767789300,-0.660975,0.344183,0.479507,0.647102,-0.219975,0.650348,0.330510,-0.726668,-0.231868,0.082475,0.441000,-0.875628,0.132975,-0.142882,-0.586108,-0.168414,0.824944,0.235867,0.322333,0.369579,0.834890
2026-03-27T18:20:52.784742+00:00,36.570392,1774635652784742100,-0.661409,0.344202,0.477821,0.644912,-0.220219,0.653168,0.330700,-0.730168,-0.233929,0.084812,0.443554,-0.876312,0.132620,-0.137633,-0.584993,-0.167887,0.821314,0.238752,0.323801,0.380022,0.828685
2026-03-27T18:20:52.801887+00:00,36.587537,1774635652801887000,-0.661649,0.344182,0.477045,0.644246,-0.220070,0.653716,0.330207,-0.732015,-0.235340,0.085935,0.444700,-0.876238,0.134019,-0.133464,-0.584991,-0.168278,0.819068,0.238932,0.323038,0.381874,0.833295
2026-03-27T18:20:52.818844+00:00,36.604494,1774635652818844200,-0.662041,0.343913,0.475100,0.642975,-0.219477,0.654539,0.330885,-0.735977,-0.239179,0.088012,0.448652,-0.875657,0.137775,-0.119307,-0.585636,-0.169037,0.817138,0.237842,0.318370,0.378899,0.833756
2026-03-27T18:20:52.835688+00:00,36.621338,1774635652835687900,-0.662288,0.343699,0.473907,0.643189,-0.219858,0.654021,0.331018,-0.736703,-0.240018,0.088225,0.451405,-0.874401,0.137294,-0.116141,-0.585880,-0.169530,0.815924,0.234681,0.318168,0.380694,0.840078
2026-03-27T18:20:52.852726+00:00,36.638376,1774635652852726600,-0.662566,0.343559,0.472899,0.643059,-0.220239,0.654392,0.331299,-0.738324,-0.242631,0.088648,0.459478,-0.870608,0.131218,-0.112839,-0.585957,-0.169853,0.814765,0.234458,0.315687,0.378282,0.836002
2026-03-27T18:20:52.869812+00:00,36.655462,1774635652869812300,-0.662881,0.343534,0.471964,0.642437,-0.220513,0.654960,0.331447,-0.738676,-0.243475,0.088711,0.459669,-0.871233,0.130383,-0.112039,-0.585778,-0.169811,0.813807,0.232130,0.317895,0.380363,0.841161
2026-03-27T18:20:52.887041+00:00,36.672691,1774635652887040900,-0.663166,0.343573,0.471253,0.641223,-0.220178,0.656412,0.331164,-0.739524,-0.245688,0.089189,0.458129,-0.872974,0.128398,-0.109844,-0.585602,-0.169676,0.812836,0.232453,0.317859,0.379142,0.839198
2026-03-27T18:20:52.903849+00:00,36.689499,1774635652903849100,-0.663420,0.343545,0.470602,0.639756,-0.220153,0.657793,0.331064,-0.740285,-0.248227,0.089743,0.452150,-0.876210,0.126670,-0.105297,-0.585572,-0.169607,0.811753,0.232294,0.320324,0.379058,0.840121
2026-03-27T18:20:52.920783+00:00,36.706433,1774635652920783400,-0.663525,0.343511,0.470322,0.638632,-0.220412,0.658839,0.331004,-0.740736,-0.250751,0.090958,0.445095,-0.880610,0.123836,-0.101809,-0.585346,-0.169259,0.810897,0.234164,0.319231,0.374744,0.833072
2026-03-27T18:20:52.937703+00:00,36.723353,1774635652937702900,-0.663771,0.343410,0.469702,0.636795,-0.220960,0.660476,0.330724,-0.740873,-0.251296,0.091521,0.401250,-0.899769,0.133561,-0.106855,-0.585196,-0.168771,0.810086,0.233155,0.322008,0.376437,0.836853
2026-03-27T18:20:52.954998+00:00,36.740648,1774635652954998100,-0.664112,0.343269,0.468908,0.635061,-0.221834,0.662072,0.330581,-0.741997,-0.253769,0.093941,0.392919,-0.907150,0.129651,-0.092270,-0.585094,-0.168230,0.809445,0.233483,0.322399,0.377055,0.834856
2026-03-27T18:20:52.976752+00:00,36.762402,1774635652976752500,-0.664473,0.343105,0.468124,0.633704,-0.222286,0.663430,0.330103,-0.742954,-0.255750,0.096465,0.378986,-0.914400,0.126829,-0.073887,-0.585042,-0.167746,0.808799,0.233454,0.322963,0.377998,0.833029
2026-03-27T18:20:52.993432+00:00,36.779081,1774635652993431800,-0.665223,0.342538,0.466367,0.631126,-0.222908,0.665010,0.330425,-0.740038,-0.248101,0.094039,0.424052,-0.890826,0.144985,-0.084940,-0.585076,-0.166664,0.807586,0.231391,0.328014,0.381425,0.836233
2026-03-27T18:20:53.010313+00:00,36.795962,1774635653010312500,-0.665692,0.342263,0.465370,0.630333,-0.223146,0.665812,0.330259,-0.739890,-0.244421,0.092137,0.424588,-0.886562,0.159538,-0.088395,-0.585308,-0.166224,0.807043,0.232077,0.328276,0.379811,0.833802
2026-03-27T18:20:53.027323+00:00,36.812973,1774635653027323300,-0.666206,0.342079,0.464217,0.629579,-0.223554,0.666470,0.330445,-0.741243,-0.242907,0.091809,0.410562,-0.891802,0.173009,-0.083831,-0.585497,-0.166027,0.806769,0.231763,0.328619,0.379565,0.834935
2026-03-27T18:20:53.044484+00:00,36.830134,1774635653044484200,-0.666806,0.341868,0.462921,0.629427,-0.223729,0.666784,0.330347,-0.742436,-0.242238,0.092121,0.388245,-0.899801,0.182058,-0.078191,-0.585970,-0.165642,0.806328,0.232169,0.326787,0.376883,0.830300
2026-03-27T18:20:53.061407+00:00,36.847056,1774635653061406700,-0.667316,0.341579,0.461498,0.629319,-0.224547,0.666803,0.330458,-0.742489,-0.241226,0.091744,0.379758,-0.900382,0.189328,-0.079519,-0.586427,-0.165240,0.805854,0.231029,0.327137,0.377800,0.832183
2026-03-27T18:20:53.078368+00:00,36.864018,1774635653078368300,-0.667764,0.341164,0.459974,0.629653,-0.225220,0.665751,0.330128,-0.742245,-0.240432,0.089762,0.387090,-0.900697,0.180376,-0.079020,-0.586796,-0.164675,0.805326,0.230210,0.327255,0.379114,0.832716
2026-03-27T18:20:53.095499+00:00,36.881148,1774635653095498700,-0.668177,0.340622,0.458457,0.629713,-0.226745,0.665039,0.330975,-0.740558,-0.240566,0.081460,0.373890,-0.908562,0.162654,-0.086505,-0.588130,-0.163291,0.804218,0.229420,0.326849,0.381673,0.835673
2026-03-27T18:20:53.112490+00:00,36.898140,1774635653112490400,-0.668853,0.339675,0.455636,0.629619,-0.228805,0.663338,0.332430,-0.739735,-0.240432,0.075432,0.358713,-0.916468,0.158515,-0.095487,-0.589154,-0.162475,0.803596,0.230341,0.325766,0.381886,0.836499
2026-03-27T18:20:53.129325+00:00,36.914975,1774635653129325100,-0.669195,0.339409,0.454287,0.630350,-0.230030,0.663011,0.331974,-0.738607,-0.239772,0.068215,0.345054,-0.917829,0.153537,-0.109370,-0.590270,-0.161568,0.802854,0.232387,0.324253,0.382654,0.836984
2026-03-27T18:20:53.146332+00:00,36.931982,1774635653146331900,-0.669459,0.339280,0.453100,0.630727,-0.230935,0.662443,0.331237,-0.737993,-0.239261,0.064342,0.337641,-0.922560,0.152600,-0.117805,-0.591443,-0.160736,0.802131,0.233974,0.322045,0.383152,0.837501
2026-03-27T18:20:53.163375+00:00,36.949025,1774635653163374900,-0.669644,0.339065,0.452197,0.630645,-0.231584,0.662751,0.331081,-0.736326,-0.238188,0.056279,0.329540,-0.923684,0.147549,-0.132355,-0.592818,-0.159832,0.801310,0.234795,0.319018,0.383665,0.837516
2026-03-27T18:20:53.180487+00:00,36.966137,1774635653180486900,-0.669659,0.338838,0.451611,0.629619,-0.232015,0.663841,0.331315,-0.734741,-0.237424,0.048151,0.324477,-0.926431,0.138525,-0.141905,-0.594168,-0.158837,0.800496,0.235931,0.315249,0.383921,0.836531
2026-03-27T18:20:53.201017+00:00,36.986666,1774635653201016600,-0.669659,0.338838,0.451611,0.629619,-0.232015,0.663841,0.331315,-0.734741,-0.237424,0.048151,0.324477,-0.926431,0.138525,-0.141905,-0.594168,-0.158837,0.800496,0.235931,0.315249,0.383921,0.836531
2026-03-27T18:20:53.217882+00:00,37.003532,1774635653217881900,-0.669570,0.338515,0.451237,0.626684,-0.232084,0.665572,0.331799,-0.732999,-0.240985,0.043923,0.271748,-0.944863,0.120715,-0.137053,-0.596479,-0.156461,0.798616,0.238833,0.312661,0.386607,0.838388
2026-03-27T18:20:53.234905+00:00,37.020555,1774635653234905700,-0.669526,0.338477,0.451198,0.625644,-0.232340,0.666589,0.331877,-0.730487,-0.238410,0.043146,0.277843,-0.940610,0.120646,-0.139201,-0.597547,-0.155182,0.797591,0.241893,0.311535,0.386850,0.837250
2026-03-27T18:20:53.251898+00:00,37.037547,1774635653251897600,-0.669449,0.338740,0.450902,0.623981,-0.233791,0.669525,0.329423,-0.725904,-0.227155,0.038584,0.332035,-0.923890,0.131712,-0.140947,-0.599665,-0.152981,0.795587,0.247412,0.307574,0.383613,0.832983
2026-03-27T18:20:53.269047+00:00,37.054697,1774635653269047400,-0.669452,0.338836,0.450942,0.623528,-0.234025,0.669732,0.328081,-0.724324,-0.221556,0.035486,0.350671,-0.915046,0.137782,-0.141392,-0.600738,-0.152087,0.794498,0.249548,0.306065,0.383079,0.833361
2026-03-27T18:20:53.286218+00:00,37.071868,1774635653286218600,-0.669412,0.338736,0.451046,0.621953,-0.234433,0.671627,0.328327,-0.722712,-0.215462,0.030844,0.365002,-0.906807,0.146627,-0.144749,-0.601241,-0.151649,0.793927,0.250471,0.304978,0.382572,0.832748
2026-03-27T18:20:53.303148+00:00,37.088798,1774635653303148200,-0.669339,0.338494,0.451152,0.620777,-0.234781,0.671971,0.328509,-0.721206,-0.209860,0.025293,0.374852,-0.900861,0.154609,-0.149840,-0.602083,-0.150964,0.792783,0.252808,0.302290,0.382727,0.831652
2026-03-27T18:20:53.320259+00:00,37.105909,1774635653320259300,-0.669124,0.338290,0.451252,0.619533,-0.235963,0.672761,0.328751,-0.719440,-0.205145,0.019546,0.382532,-0.896767,0.156288,-0.156990,-0.602772,-0.150426,0.791550,0.254207,0.299682,0.385414,0.831868
2026-03-27T18:20:53.337166+00:00,37.122816,1774635653337166100,-0.668887,0.338043,0.451061,0.619443,-0.236814,0.672161,0.328842,-0.717358,-0.201487,0.013943,0.387175,-0.894434,0.150007,-0.166955,-0.603204,-0.150005,0.790324,0.254856,0.296138,0.389697,0.832048
2026-03-27T18:20:53.354272+00:00,37.139922,1774635653354271900,-0.668782,0.337718,0.450534,0.619753,-0.237876,0.671412,0.328081,-0.715192,-0.198938,0.009560,0.387759,-0.892890,0.139496,-0.177156,-0.603346,-0.149730,0.789106,0.254835,0.294524,0.393318,0.832714
2026-03-27T18:20:53.371160+00:00,37.156810,1774635653371160400,-0.668663,0.337644,0.450162,0.620774,-0.238657,0.670624,0.327754,-0.713052,-0.196561,0.005912,0.382447,-0.896616,0.130163,-0.187342,-0.603437,-0.149760,0.787677,0.256061,0.292914,0.393699,0.830868
2026-03-27T18:20:53.388417+00:00,37.174067,1774635653388417600,-0.668551,0.337714,0.449775,0.622434,-0.239167,0.669489,0.327001,-0.711161,-0.194032,0.003692,0.377722,-0.897227,0.121967,-0.196119,-0.603554,-0.150077,0.786540,0.257079,0.292286,0.391378,0.833359
2026-03-27T18:20:53.408343+00:00,37.193993,1774635653408343400,-0.668436,0.337818,0.449487,0.623963,-0.239018,0.668526,0.326474,-0.709270,-0.190795,0.002812,0.372662,-0.897310,0.115883,-0.203288,-0.603771,-0.150832,0.785421,0.257975,0.291959,0.387880,0.834095
2026-03-27T18:20:53.425377+00:00,37.211027,1774635653425377400,-0.668126,0.337931,0.449045,0.626631,-0.238155,0.666055,0.326753,-0.707847,-0.184701,0.004363,0.365810,-0.901448,0.117859,-0.205948,-0.604702,-0.152984,0.783647,0.255265,0.289948,0.381791,0.838147
2026-03-27T18:20:53.442323+00:00,37.227973,1774635653442323200,-0.667851,0.337892,0.448897,0.627771,-0.237813,0.664716,0.327335,-0.707708,-0.179937,0.007572,0.366559,-0.899495,0.123424,-0.200544,-0.605251,-0.154089,0.782892,0.252414,0.288864,0.381469,0.842241
2026-03-27T18:20:53.459360+00:00,37.245010,1774635653459360100,-0.667510,0.337829,0.448841,0.628884,-0.238329,0.663730,0.328285,-0.708021,-0.175452,0.012169,0.366937,-0.899581,0.127347,-0.193536,-0.606275,-0.155209,0.782204,0.251943,0.285915,0.379299,0.845538
2026-03-27T18:20:53.476500+00:00,37.262150,1774635653476500000,-0.667124,0.337846,0.448809,0.630142,-0.237583,0.661876,0.329050,-0.708584,-0.171652,0.018383,0.361061,-0.904258,0.126362,-0.188365,-0.607190,-0.156113,0.781652,0.250691,0.281477,0.378426,0.844357
2026-03-27T18:20:53.493349+00:00,37.278999,1774635653493348900,-0.666768,0.337945,0.448924,0.631724,-0.237048,0.660462,0.329197,-0.709368,-0.168588,0.025539,0.345734,-0.912904,0.129141,-0.181607,-0.608047,-0.156725,0.781051,0.250117,0.278292,0.379109,0.843556
2026-03-27T18:20:53.510296+00:00,37.295946,1774635653510296100,-0.666387,0.338075,0.449115,0.632611,-0.236211,0.659970,0.329228,-0.710000,-0.165524,0.032575,0.324522,-0.918101,0.136460,-0.180195,-0.608882,-0.157082,0.780514,0.250683,0.276399,0.380117,0.842924
2026-03-27T18:20:53.527318+00:00,37.312967,1774635653527317700,-0.666049,0.338119,0.449297,0.634467,-0.235461,0.658344,0.329515,-0.709745,-0.162610,0.038496,0.302681,-0.925338,0.144524,-0.185872,-0.609758,-0.157304,0.780042,0.251781,0.275839,0.381945,0.844831
2026-03-27T18:20:53.544288+00:00,37.329938,1774635653544288100,-0.665839,0.338081,0.449392,0.635197,-0.235227,0.657337,0.330079,-0.709762,-0.159806,0.045355,0.283813,-0.930216,0.149371,-0.184086,-0.610619,-0.157416,0.779680,0.254011,0.274401,0.381804,0.842126
2026-03-27T18:20:53.561308+00:00,37.346957,1774635653561307800,-0.665445,0.337817,0.449608,0.637097,-0.234201,0.655158,0.331356,-0.710094,-0.157760,0.052496,0.274593,-0.935574,0.142441,-0.180002,-0.611283,-0.157285,0.779410,0.255151,0.273888,0.384386,0.841592
2026-03-27T18:20:53.578463+00:00,37.364113,1774635653578463000,-0.664909,0.337418,0.449855,0.638128,-0.233661,0.653350,0.333508,-0.709756,-0.156045,0.059456,0.272841,-0.938879,0.125625,-0.180213,-0.611684,-0.156727,0.779154,0.256593,0.273521,0.389702,0.838655
2026-03-27T18:20:53.595434+00:00,37.381084,1774635653595434300,-0.663749,0.336938,0.450309,0.641254,-0.233647,0.648531,0.336917,-0.709646,-0.152459,0.071611,0.267814,-0.935624,0.121537,-0.184506,-0.612025,-0.154227,0.778551,0.263080,0.271166,0.411342,0.831951
2026-03-27T18:20:53.612324+00:00,37.397973,1774635653612323700,-0.663222,0.337192,0.450756,0.642828,-0.233266,0.647651,0.336849,-0.709176,-0.150464,0.077838,0.263189,-0.937459,0.120807,-0.188839,-0.612374,-0.152946,0.778194,0.268896,0.267046,0.416929,0.826107
2026-03-27T18:20:53.629319+00:00,37.414969,1774635653629319400,-0.662769,0.337699,0.451368,0.645158,-0.232538,0.645810,0.335276,-0.709301,-0.148766,0.083783,0.256609,-0.936954,0.124883,-0.188881,-0.612720,-0.152354,0.778051,0.271471,0.265347,0.417995,0.825148
2026-03-27T18:20:53.648253+00:00,37.433902,1774635653648252700,-0.662769,0.337699,0.451368,0.645158,-0.232538,0.645810,0.335276,-0.709301,-0.148766,0.083783,0.256609,-0.936954,0.124883,-0.188881,-0.612720,-0.152354,0.778051,0.271471,0.265347,0.417995,0.825148
2026-03-27T18:20:53.665260+00:00,37.450910,1774635653665260100,-0.661856,0.338378,0.453482,0.646327,-0.231730,0.645815,0.333704,-0.709312,-0.145800,0.094954,0.241864,-0.945758,0.130973,-0.187769,-0.614347,-0.151311,0.777649,0.277131,0.258494,0.414573,0.829092
2026-03-27T18:20:53.682262+00:00,37.467912,1774635653682262500,-0.661288,0.338528,0.454737,0.646669,-0.231815,0.645741,0.332712,-0.709555,-0.144307,0.100028,0.238402,-0.940388,0.129763,-0.184478,-0.615051,-0.151250,0.777657,0.278496,0.254514,0.408698,0.828289
2026-03-27T18:20:53.699338+00:00,37.484988,1774635653699338100,-0.660705,0.338643,0.456232,0.647190,-0.232713,0.645579,0.332190,-0.709577,-0.142906,0.104520,0.232837,-0.945507,0.131080,-0.185438,-0.615561,-0.151294,0.777784,0.277033,0.253723,0.405800,0.834076
2026-03-27T18:20:53.716430+00:00,37.502080,1774635653716430400,-0.660062,0.338757,0.458035,0.646299,-0.232539,0.646337,0.332436,-0.709612,-0.141631,0.109106,0.226033,-0.951727,0.132744,-0.186932,-0.615617,-0.151329,0.778237,0.278537,0.253157,0.400553,0.833518
2026-03-27T18:20:53.733460+00:00,37.519109,1774635653733459700,-0.659420,0.338889,0.460198,0.645275,-0.231946,0.647554,0.333191,-0.709544,-0.140681,0.113601,0.221067,-0.949398,0.134806,-0.187229,-0.615481,-0.151355,0.778430,0.277892,0.253595,0.400833,0.836996
2026-03-27T18:20:53.750362+00:00,37.536011,1774635653750361600,-0.658123,0.339392,0.464889,0.643052,-0.228194,0.650321,0.334529,-0.709527,-0.139771,0.120629,0.215124,-0.947228,0.139062,-0.184406,-0.615235,-0.151482,0.779596,0.280587,0.251833,0.401324,0.836452
2026-03-27T18:20:53.767549+00:00,37.553199,1774635653767549200,-0.657467,0.339595,0.467133,0.642625,-0.226414,0.650883,0.334746,-0.709678,-0.139586,0.125249,0.209921,-0.951821,0.138958,-0.180245,-0.615210,-0.151761,0.780352,0.281730,0.250165,0.403681,0.835676
2026-03-27T18:20:53.784617+00:00,37.570267,1774635653784617000,-0.656805,0.339720,0.469321,0.641862,-0.225044,0.651756,0.334954,-0.709862,-0.139495,0.130020,0.206711,-0.952419,0.136867,-0.174925,-0.615228,-0.152127,0.781137,0.281097,0.248254,0.406373,0.835917
2026-03-27T18:20:53.801748+00:00,37.587397,1774635653801747700,-0.656116,0.339677,0.471485,0.640768,-0.224255,0.653069,0.336229,-0.709763,-0.139747,0.134639,0.204849,-0.951866,0.133928,-0.170650,-0.615157,-0.152562,0.782178,0.280432,0.245647,0.408025,0.831196
2026-03-27T18:20:53.819083+00:00,37.604732,1774635653819082700,-0.655376,0.339548,0.473549,0.639894,-0.223542,0.653557,0.336950,-0.709448,-0.140070,0.138906,0.203198,-0.951822,0.130823,-0.169659,-0.614783,-0.153054,0.783209,0.279306,0.246498,0.411011,0.832985
2026-03-27T18:20:53.835655+00:00,37.621305,1774635653835655200,-0.654644,0.339386,0.475573,0.639689,-0.222931,0.653348,0.338010,-0.708816,-0.140509,0.142628,0.201401,-0.956306,0.127291,-0.173259,-0.614289,-0.153541,0.784468,0.279919,0.247993,0.409815,0.830270
2026-03-27T18:20:53.852784+00:00,37.638433,1774635653852783600,-0.654271,0.339344,0.476588,0.639167,-0.222651,0.653728,0.338339,-0.707776,-0.140804,0.146395,0.201948,-0.952344,0.122746,-0.178206,-0.613703,-0.154088,0.785701,0.278213,0.251402,0.409039,0.833628
2026-03-27T18:20:53.872261+00:00,37.657910,1774635653872260800,-0.654271,0.339344,0.476588,0.639167,-0.222651,0.653728,0.338339,-0.707776,-0.140804,0.146395,0.201948,-0.952344,0.122746,-0.178206,-0.613703,-0.154088,0.785701,0.278213,0.251402,0.409039,0.833628
2026-03-27T18:20:53.888997+00:00,37.674647,1774635653888997400,-0.652909,0.339379,0.480634,0.638866,-0.220608,0.654138,0.339686,-0.706224,-0.141827,0.153843,0.195009,-0.960086,0.119819,-0.189007,-0.612879,-0.155432,0.788296,0.275784,0.257254,0.401605,0.835753
2026-03-27T18:20:53.906003+00:00,37.691653,1774635653906002900,-0.651942,0.339530,0.483777,0.638658,-0.218262,0.654553,0.340458,-0.705920,-0.142092,0.157902,0.193203,-0.957003,0.121094,-0.190105,-0.612149,-0.156143,0.789531,0.276402,0.260026,0.397199,0.832774
2026-03-27T18:20:53.923083+00:00,37.708732,1774635653923082700,-0.651569,0.339542,0.484886,0.637832,-0.217591,0.655366,0.341133,-0.705942,-0.142105,0.162076,0.191823,-0.955577,0.123332,-0.190520,-0.611040,-0.156756,0.790701,0.274976,0.264392,0.395667,0.834878
2026-03-27T18:20:53.940022+00:00,37.725672,1774635653940021900,-0.650007,0.339631,0.489457,0.635562,-0.214175,0.657223,0.343672,-0.705462,-0.142130,0.170343,0.195995,-0.951328,0.124153,-0.192138,-0.609032,-0.158032,0.792946,0.272225,0.270616,0.393763,0.838148
2026-03-27T18:20:53.957175+00:00,37.742824,1774635653957174700,-0.649162,0.339868,0.491778,0.634075,-0.212581,0.658728,0.344821,-0.705115,-0.142342,0.174888,0.198794,-0.949355,0.123340,-0.193095,-0.608507,-0.158373,0.793572,0.271691,0.270792,0.392047,0.835513
2026-03-27T18:20:53.974168+00:00,37.759818,1774635653974168100,-0.648306,0.340250,0.494040,0.632514,-0.210957,0.660649,0.344880,-0.704999,-0.142691,0.179753,0.199336,-0.949080,0.122999,-0.192402,-0.607214,-0.159217,0.794987,0.268384,0.273604,0.393130,0.838643
2026-03-27T18:20:53.991211+00:00,37.776861,1774635653991211600,-0.647485,0.340683,0.496195,0.631388,-0.209803,0.662816,0.344735,-0.705398,-0.143145,0.185024,0.198570,-0.948490,0.124670,-0.188617,-0.606109,-0.159809,0.796195,0.267680,0.274226,0.392110,0.835935
2026-03-27T18:20:54.008384+00:00,37.794034,1774635654008384000,-0.646706,0.341172,0.498314,0.630604,-0.208645,0.664125,0.343525,-0.706555,-0.143746,0.190145,0.195838,-0.956583,0.129011,-0.183735,-0.604897,-0.160399,0.797494,0.266677,0.275631,0.391750,0.834292
2026-03-27T18:20:54.025370+00:00,37.811020,1774635654025370300,-0.645892,0.341573,0.500423,0.629383,-0.207234,0.665783,0.342958,-0.707761,-0.144522,0.195569,0.193325,-0.961962,0.130802,-0.177071,-0.603526,-0.161008,0.798730,0.264238,0.278425,0.394039,0.836839
2026-03-27T18:20:54.042447+00:00,37.828096,1774635654042446600,-0.645120,0.341876,0.502646,0.627587,-0.206077,0.668236,0.342550,-0.708184,-0.144995,0.198215,0.194270,-0.956329,0.130419,-0.172835,-0.602281,-0.161684,0.800011,0.263142,0.280237,0.394377,0.837475
2026-03-27T18:20:54.059428+00:00,37.845078,1774635654059428400,-0.644336,0.342096,0.504891,0.625354,-0.205671,0.670775,0.342697,-0.709056,-0.146091,0.203274,0.194077,-0.955393,0.126115,-0.168241,-0.601230,-0.162512,0.801269,0.261966,0.280357,0.392162,0.836793
2026-03-27T18:20:54.080205+00:00,37.865854,1774635654080204800,-0.643559,0.342226,0.507082,0.623613,-0.204867,0.672321,0.342341,-0.709924,-0.147369,0.208258,0.191634,-0.962929,0.120730,-0.165538,-0.600347,-0.163347,0.802651,0.260975,0.278471,0.388807,0.835695
2026-03-27T18:20:54.097391+00:00,37.883040,1774635654097390700,-0.641913,0.342216,0.511200,0.620277,-0.204743,0.675571,0.342171,-0.712279,-0.149176,0.217809,0.187956,-0.956401,0.119868,-0.154739,-0.598319,-0.164408,0.805273,0.257864,0.277187,0.388902,0.837886
2026-03-27T18:20:54.114342+00:00,37.899992,1774635654114342500,-0.641114,0.342241,0.513217,0.618461,-0.204811,0.677155,0.341796,-0.713557,-0.149669,0.222691,0.186207,-0.958670,0.125038,-0.151305,-0.597139,-0.164405,0.806490,0.258209,0.276759,0.390449,0.837656
2026-03-27T18:20:54.131428+00:00,37.917077,1774635654131427600,-0.640474,0.342376,0.514820,0.617712,-0.205071,0.678654,0.341276,-0.714956,-0.150082,0.227526,0.185733,-0.962990,0.129813,-0.146134,-0.596017,-0.164235,0.807706,0.261167,0.276213,0.392443,0.835053
2026-03-27T18:20:54.148430+00:00,37.934080,1774635654148430100,-0.639808,0.342650,0.516541,0.617430,-0.204670,0.679099,0.340447,-0.716456,-0.150480,0.232343,0.189731,-0.957319,0.132031,-0.138391,-0.595008,-0.164108,0.809005,0.263541,0.275071,0.394876,0.835168
2026-03-27T18:20:54.165368+00:00,37.951017,1774635654165367600,-0.639272,0.342852,0.518051,0.617973,-0.204033,0.678805,0.339765,-0.717760,-0.150992,0.236925,0.192299,-0.967207,0.132855,-0.132670,-0.593941,-0.164340,0.810503,0.263625,0.273368,0.398455,0.836005
2026-03-27T18:20:54.182351+00:00,37.968001,1774635654182351300,-0.638647,0.342963,0.519845,0.617293,-0.203127,0.679865,0.340215,-0.718674,-0.151521,0.241855,0.198024,-0.964701,0.129858,-0.126942,-0.592887,-0.164608,0.812187,0.262579,0.270369,0.401044,0.833529
2026-03-27T18:20:54.199455+00:00,37.985104,1774635654199454800,-0.638076,0.342989,0.521517,0.616765,-0.201903,0.680111,0.341046,-0.719307,-0.152040,0.246978,0.201577,-0.965597,0.129922,-0.124693,-0.591790,-0.164730,0.813782,0.259577,0.269911,0.405162,0.836242
2026-03-27T18:20:54.216390+00:00,38.002039,1774635654216389700,-0.637452,0.342977,0.523330,0.616005,-0.200418,0.680509,0.342023,-0.719937,-0.152683,0.252325,0.204389,-0.957481,0.130418,-0.120779,-0.590603,-0.164813,0.815316,0.260093,0.269703,0.405184,0.833011
2026-03-27T18:20:54.233680+00:00,38.019330,1774635654233680000,-0.637118,0.342988,0.524387,0.615609,-0.199793,0.680859,0.342171,-0.720648,-0.153520,0.257912,0.202573,-0.962491,0.132704,-0.116342,-0.589180,-0.164926,0.816930,0.260251,0.271678,0.405330,0.831915
2026-03-27T18:20:54.250685+00:00,38.036335,1774635654250685400,-0.636142,0.343122,0.527909,0.615180,-0.198117,0.680995,0.343164,-0.721652,-0.155368,0.269084,0.197353,-0.966008,0.132885,-0.106981,-0.586996,-0.165164,0.819485,0.258680,0.276722,0.403055,0.832179
2026-03-27T18:20:54.267762+00:00,38.053412,1774635654267762500,-0.635696,0.343210,0.529711,0.614396,-0.197268,0.682346,0.343663,-0.721932,-0.156377,0.274772,0.194909,-0.965421,0.135919,-0.103630,-0.584625,-0.165510,0.822111,0.258353,0.283409,0.400687,0.832203
2026-03-27T18:20:54.284819+00:00,38.070468,1774635654284818700,-0.635238,0.343298,0.531608,0.613877,-0.196379,0.682876,0.343758,-0.722248,-0.157617,0.280452,0.193164,-0.964848,0.138130,-0.099949,-0.583856,-0.165675,0.822955,0.257840,0.286002,0.400637,0.833822
2026-03-27T18:20:54.304284+00:00,38.089934,1774635654304284500,-0.635238,0.343298,0.531608,0.613877,-0.196379,0.682876,0.343758,-0.722248,-0.157617,0.280452,0.193164,-0.964848,0.138130,-0.099949,-0.583856,-0.165675,0.822955,0.257840,0.286002,0.400637,0.833822
2026-03-27T18:20:54.320927+00:00,38.106576,1774635654320926700,-0.634210,0.343427,0.535571,0.610991,-0.194425,0.685528,0.344461,-0.723644,-0.161015,0.292523,0.194249,-0.966030,0.138504,-0.086562,-0.580743,-0.167275,0.827040,0.254168,0.292942,0.397477,0.833451
2026-03-27T18:20:54.337936+00:00,38.123586,1774635654337936500,-0.633678,0.343457,0.537508,0.609563,-0.193345,0.687317,0.345801,-0.724439,-0.162851,0.298451,0.194483,-0.965540,0.137906,-0.080241,-0.579726,-0.168295,0.828635,0.251242,0.295070,0.396855,0.835722
2026-03-27T18:20:54.354769+00:00,38.140419,1774635654354769200,-0.633186,0.343533,0.539428,0.608957,-0.192112,0.687211,0.346327,-0.724712,-0.163946,0.301649,0.191151,-0.971456,0.137508,-0.078313,-0.579288,-0.168831,0.829426,0.251947,0.293853,0.393491,0.829506
2026-03-27T18:20:54.371906+00:00,38.157556,1774635654371906200,-0.632765,0.343577,0.541238,0.608246,-0.191165,0.688124,0.346194,-0.724906,-0.166052,0.307881,0.189917,-0.966735,0.132651,-0.075049,-0.578378,-0.170134,0.830862,0.249183,0.295722,0.393741,0.830287
2026-03-27T18:20:54.388996+00:00,38.174646,1774635654388996400,-0.632298,0.343537,0.543342,0.607015,-0.189640,0.689317,0.346918,-0.724171,-0.168986,0.317652,0.184732,-0.965416,0.127272,-0.074394,-0.577696,-0.171802,0.832151,0.244089,0.298399,0.395939,0.837128
2026-03-27T18:20:54.405975+00:00,38.191625,1774635654405975300,-0.631864,0.343399,0.545390,0.605475,-0.188127,0.690507,0.347763,-0.723991,-0.169915,0.321184,0.179345,-0.967395,0.126243,-0.074840,-0.577312,-0.173512,0.833381,0.239624,0.296125,0.394862,0.834591
2026-03-27T18:20:54.423001+00:00,38.208651,1774635654423001100,-0.631062,0.343037,0.549222,0.600792,-0.185852,0.694372,0.350731,-0.723743,-0.172690,0.334567,0.161155,-0.973936,0.118469,-0.063571,-0.576455,-0.175447,0.834909,0.232135,0.293238,0.401774,0.833209
2026-03-27T18:20:54.440090+00:00,38.225739,1774635654440089500,-0.630817,0.342997,0.550842,0.599621,-0.185008,0.694917,0.350773,-0.723921,-0.173662,0.341356,0.151024,-0.973220,0.119166,-0.055546,-0.575976,-0.175785,0.835217,0.231643,0.293577,0.405075,0.836648
2026-03-27T18:20:54.457060+00:00,38.242710,1774635654457060300,-0.630654,0.342962,0.552434,0.598891,-0.185049,0.695708,0.351178,-0.723732,-0.174271,0.347584,0.142219,-0.970026,0.124345,-0.052328,-0.575362,-0.175929,0.835339,0.235784,0.293964,0.403078,0.834505
2026-03-27T18:20:54.474177+00:00,38.259827,1774635654474177200,-0.630529,0.342917,0.553802,0.598265,-0.184924,0.695907,0.350857,-0.723430,-0.175068,0.352924,0.135297,-0.981375,0.129913,-0.050053,-0.574749,-0.176109,0.835308,0.239718,0.297233,0.402023,0.837237
2026-03-27T18:20:54.491139+00:00,38.276788,1774635654491138800,-0.630460,0.342835,0.554422,0.597929,-0.184939,0.696218,0.350977,-0.722984,-0.176357,0.358152,0.129077,-0.969010,0.128559,-0.046909,-0.574353,-0.176529,0.835292,0.241729,0.296452,0.397023,0.831904
2026-03-27T18:20:54.512316+00:00,38.297966,1774635654512316400,-0.630460,0.342835,0.554422,0.597929,-0.184939,0.696218,0.350977,-0.722984,-0.176357,0.358152,0.129077,-0.969010,0.128559,-0.046909,-0.574353,-0.176529,0.835292,0.241729,0.296452,0.397023,0.831904
2026-03-27T18:20:54.528852+00:00,38.314501,1774635654528851700,-0.630257,0.342399,0.556704,0.596423,-0.185701,0.697195,0.352755,-0.721898,-0.180145,0.368454,0.083845,-0.960861,0.108905,-0.046937,-0.574243,-0.177577,0.835106,0.237791,0.298298,0.397464,0.839668
2026-03-27T18:20:54.545970+00:00,38.331620,1774635654545970400,-0.630063,0.341899,0.558863,0.595531,-0.185214,0.696562,0.354685,-0.718764,-0.182924,0.373405,0.082555,-0.959889,0.080104,-0.057418,-0.575004,-0.179896,0.834140,0.233358,0.290907,0.393817,0.838736
2026-03-27T18:20:54.562861+00:00,38.348511,1774635654562860900,-0.630063,0.341899,0.558863,0.595531,-0.185214,0.696562,0.354685,-0.718764,-0.182924,0.373405,0.082555,-0.959889,0.080104,-0.057418,-0.575004,-0.179896,0.834140,0.233358,0.290907,0.393817,0.838736
2026-03-27T18:20:54.579885+00:00,38.365535,1774635654579885200,-0.630023,0.341960,0.560911,0.595615,-0.183922,0.696782,0.355124,-0.717018,-0.184579,0.376090,0.074465,-0.959623,0.076607,-0.067210,-0.575044,-0.180527,0.832698,0.239224,0.289627,0.394728,0.835547
2026-03-27T18:20:54.597007+00:00,38.382657,1774635654597007000,-0.630025,0.341951,0.561917,0.595388,-0.183134,0.697377,0.355840,-0.716414,-0.184861,0.376937,0.067621,-1.027777,0.083701,-0.071949,-0.575116,-0.180674,0.831903,0.240309,0.288664,0.395904,0.834214
2026-03-27T18:20:54.614007+00:00,38.399657,1774635654614006900,-0.630112,0.341949,0.562978,0.595766,-0.181952,0.696563,0.356325,-0.716060,-0.184988,0.377273,0.064134,-1.046525,0.087566,-0.070008,-0.575266,-0.180765,0.831479,0.238409,0.290080,0.399996,0.840859
2026-03-27T18:20:54.631019+00:00,38.416669,1774635654631019100,-0.630310,0.341996,0.563961,0.595349,-0.180929,0.697049,0.357020,-0.715493,-0.184955,0.376814,0.066730,-0.985042,0.086247,-0.065897,-0.575973,-0.181041,0.829992,0.239611,0.286883,0.400984,0.840456
2026-03-27T18:20:54.648085+00:00,38.433734,1774635654648084800,-0.630577,0.342074,0.565095,0.595394,-0.180020,0.696580,0.357136,-0.714311,-0.184909,0.375401,0.070102,-0.982523,0.089716,-0.066871,-0.576254,-0.181216,0.829358,0.240862,0.285080,0.399601,0.839144
2026-03-27T18:20:54.665126+00:00,38.450775,1774635654665125700,-0.630731,0.342030,0.566405,0.594907,-0.179392,0.697236,0.357865,-0.712822,-0.185022,0.373146,0.076559,-1.010247,0.092154,-0.070113,-0.576833,-0.181705,0.827979,0.242007,0.282015,0.397213,0.837718
2026-03-27T18:20:54.682141+00:00,38.467791,1774635654682141000,-0.630985,0.342085,0.567555,0.594975,-0.178278,0.697508,0.357976,-0.712010,-0.185635,0.370386,0.082635,-0.984471,0.090600,-0.069617,-0.577381,-0.182313,0.826564,0.241141,0.280525,0.395318,0.839691
2026-03-27T18:20:54.699229+00:00,38.484879,1774635654699229500,-0.631125,0.342008,0.568711,0.593705,-0.176684,0.698931,0.358440,-0.711314,-0.186589,0.367192,0.085101,-0.974148,0.090845,-0.071584,-0.578021,-0.183060,0.824994,0.240584,0.279016,0.391873,0.839323
2026-03-27T18:20:54.716229+00:00,38.501879,1774635654716229500,-0.631239,0.341751,0.569855,0.592160,-0.175738,0.700015,0.359698,-0.710391,-0.187863,0.363490,0.089448,-0.977298,0.091336,-0.075107,-0.578656,-0.183856,0.823293,0.239436,0.280311,0.390069,0.844869
2026-03-27T18:20:54.736001+00:00,38.521651,1774635654736001600,-0.631377,0.341410,0.570805,0.591110,-0.175334,0.699138,0.360424,-0.709477,-0.189406,0.359737,0.093603,-0.990243,0.091842,-0.079759,-0.579350,-0.184573,0.821247,0.239244,0.280720,0.386362,0.847615
2026-03-27T18:20:54.752817+00:00,38.538467,1774635654752816900,-0.631945,0.340786,0.572038,0.589211,-0.175705,0.699807,0.362513,-0.707946,-0.193222,0.349063,0.106882,-0.993862,0.089363,-0.092781,-0.580663,-0.185749,0.816548,0.243079,0.282749,0.379173,0.849250
2026-03-27T18:20:54.769928+00:00,38.555577,1774635654769927800,-0.632326,0.340535,0.572325,0.588607,-0.176156,0.700472,0.363276,-0.707593,-0.194427,0.346145,0.111862,-0.969983,0.086006,-0.093672,-0.581765,-0.186687,0.813813,0.244394,0.281900,0.376003,0.851866
2026-03-27T18:20:54.786970+00:00,38.572620,1774635654786969900,-0.632730,0.340371,0.572397,0.587841,-0.176559,0.700648,0.363771,-0.706779,-0.197054,0.340107,0.117810,-0.969515,0.083529,-0.098852,-0.583680,-0.187857,0.811087,0.246180,0.275428,0.369787,0.851528
2026-03-27T18:20:54.804014+00:00,38.589664,1774635654804014000,-0.633281,0.340355,0.572240,0.588369,-0.176744,0.699955,0.363804,-0.706465,-0.199778,0.334068,0.123993,-0.970137,0.085104,-0.102419,-0.585910,-0.188816,0.808419,0.245844,0.267494,0.367720,0.853880
2026-03-27T18:20:54.821089+00:00,38.606739,1774635654821089000,-0.633881,0.340556,0.571866,0.589045,-0.176462,0.700130,0.363469,-0.705994,-0.203416,0.323203,0.139285,-0.972610,0.078576,-0.111190,-0.587926,-0.189442,0.805744,0.244331,0.261448,0.371426,0.857816
2026-03-27T18:20:54.838165+00:00,38.623814,1774635654838164800,-0.634570,0.340913,0.571280,0.590646,-0.176604,0.699581,0.362081,-0.706023,-0.204608,0.319113,0.146006,-0.969176,0.078625,-0.114079,-0.589520,-0.189743,0.803099,0.244800,0.257396,0.375270,0.857659
2026-03-27T18:20:54.855185+00:00,38.640835,1774635654855185200,-0.635222,0.341227,0.570526,0.592329,-0.176603,0.698759,0.361250,-0.705761,-0.207241,0.305504,0.172627,-0.976116,0.087201,-0.131236,-0.590797,-0.189984,0.800687,0.246602,0.254980,0.377935,0.857120
2026-03-27T18:20:54.872242+00:00,38.657892,1774635654872242200,-0.635849,0.341418,0.569686,0.594335,-0.176892,0.696480,0.360363,-0.705760,-0.207827,0.300589,0.185890,-0.969479,0.091303,-0.136170,-0.592076,-0.190263,0.798209,0.248352,0.253062,0.378542,0.856839
2026-03-27T18:20:54.889320+00:00,38.674970,1774635654889320500,-0.636474,0.341432,0.568780,0.596215,-0.177525,0.695074,0.360308,-0.706052,-0.208657,0.291264,0.210856,-0.965608,0.103313,-0.144338,-0.593508,-0.190602,0.796013,0.250492,0.249247,0.375425,0.854209
2026-03-27T18:20:54.906297+00:00,38.691947,1774635654906297200,-0.637126,0.341460,0.567879,0.597699,-0.178107,0.693685,0.360090,-0.706259,-0.209133,0.281400,0.240205,-0.948177,0.115098,-0.149230,-0.595144,-0.191098,0.793930,0.249643,0.247391,0.371742,0.856397
2026-03-27T18:20:54.923369+00:00,38.709019,1774635654923369000,-0.637827,0.341555,0.566878,0.599137,-0.179347,0.692984,0.359292,-0.706464,-0.209675,0.271326,0.268509,-0.943451,0.123529,-0.155221,-0.596604,-0.191520,0.792071,0.248647,0.248117,0.368810,0.862915
2026-03-27T18:20:54.944256+00:00,38.729905,1774635654944255700,-0.638181,0.341614,0.566298,0.600320,-0.179427,0.692028,0.358646,-0.706314,-0.210105,0.261483,0.291755,-0.934774,0.128826,-0.162313,-0.597788,-0.191830,0.790403,0.250025,0.247472,0.362072,0.860430
2026-03-27T18:20:54.960931+00:00,38.746581,1774635654960931000,-0.639849,0.341975,0.563273,0.603796,-0.180638,0.689477,0.356921,-0.705572,-0.211103,0.242290,0.333495,-0.914017,0.143523,-0.179780,-0.600208,-0.192333,0.787059,0.249883,0.250931,0.356913,0.866127
2026-03-27T18:20:54.978080+00:00,38.763730,1774635654978080200,-0.640474,0.342088,0.562015,0.605223,-0.180699,0.688541,0.356703,-0.704389,-0.211840,0.234027,0.350347,-0.905408,0.143307,-0.188899,-0.601523,-0.192430,0.785541,0.250067,0.250982,0.355005,0.866109
2026-03-27T18:20:54.995018+00:00,38.780668,1774635654995018600,-0.640699,0.342183,0.561328,0.605702,-0.180843,0.687916,0.356480,-0.703088,-0.212435,0.225720,0.365674,-0.898733,0.142271,-0.198418,-0.602255,-0.192492,0.784789,0.250559,0.249438,0.353548,0.864848
2026-03-27T18:20:55.011974+00:00,38.797624,1774635655011974500,-0.641437,0.342512,0.559289,0.606628,-0.181073,0.687604,0.355832,-0.701369,-0.213532,0.218555,0.375202,-0.891971,0.138019,-0.207745,-0.604620,-0.192597,0.782646,0.250026,0.245404,0.354662,0.870192
2026-03-27T18:20:55.029147+00:00,38.814797,1774635655029146900,-0.641667,0.342647,0.558540,0.607230,-0.181311,0.687107,0.355111,-0.700503,-0.214425,0.212199,0.383614,-0.887579,0.139524,-0.215622,-0.605502,-0.192618,0.781955,0.250754,0.243036,0.354502,0.869139
2026-03-27T18:20:55.046125+00:00,38.831775,1774635655046125100,-0.642117,0.342859,0.556888,0.607894,-0.182447,0.687016,0.354243,-0.699518,-0.216106,0.207206,0.393231,-0.881275,0.141739,-0.218026,-0.608057,-0.192581,0.779988,0.250002,0.236500,0.357884,0.870244
2026-03-27T18:20:55.063215+00:00,38.848865,1774635655063215200,-0.642542,0.343059,0.555031,0.609459,-0.183685,0.685424,0.352747,-0.699016,-0.218019,0.203316,0.401427,-0.878343,0.137032,-0.218531,-0.608797,-0.192539,0.779422,0.250083,0.234847,0.358676,0.870356
2026-03-27T18:20:55.080228+00:00,38.865877,1774635655080227700,-0.643319,0.343433,0.550881,0.612855,-0.186938,0.683473,0.349813,-0.699783,-0.223669,0.197353,0.408172,-0.881052,0.118552,-0.207291,-0.611816,-0.192095,0.776813,0.251387,0.230212,0.359002,0.870177
2026-03-27T18:20:55.097247+00:00,38.882897,1774635655097247100,-0.643670,0.343677,0.548753,0.614606,-0.187999,0.682158,0.348849,-0.700473,-0.226676,0.195361,0.403184,-0.884358,0.114282,-0.202595,-0.613158,-0.191516,0.775449,0.252321,0.229599,0.357387,0.868886
2026-03-27T18:20:55.114409+00:00,38.900059,1774635655114409200,-0.644139,0.344003,0.546746,0.616285,-0.188956,0.681332,0.347219,-0.700587,-0.228032,0.194841,0.399807,-0.885844,0.114618,-0.202209,-0.614449,-0.190849,0.774033,0.255564,0.228744,0.353766,0.866000
2026-03-27T18:20:55.131396+00:00,38.917045,1774635655131395800,-0.644490,0.344418,0.544717,0.617817,-0.189593,0.679845,0.345826,-0.701056,-0.230435,0.193839,0.394672,-0.888627,0.117187,-0.202091,-0.615928,-0.190271,0.772381,0.257269,0.228497,0.353332,0.872588
2026-03-27T18:20:55.148409+00:00,38.934058,1774635655148408500,-0.644823,0.344860,0.542722,0.619150,-0.190741,0.679124,0.344407,-0.701398,-0.232654,0.193472,0.393457,-0.888639,0.118448,-0.201227,-0.617629,-0.189758,0.770727,0.261029,0.224748,0.348654,0.870649
2026-03-27T18:20:55.165432+00:00,38.951081,1774635655165431700,-0.645068,0.345283,0.540760,0.620431,-0.191604,0.678539,0.342681,-0.701649,-0.235091,0.193804,0.390412,-0.890716,0.117865,-0.200638,-0.619466,-0.189158,0.769163,0.261840,0.220048,0.348730,0.875181
2026-03-27T18:20:55.183917+00:00,38.969566,1774635655183916600,-0.645068,0.345283,0.540760,0.620431,-0.191604,0.678539,0.342681,-0.701649,-0.235091,0.193804,0.390412,-0.890716,0.117865,-0.200638,-0.619466,-0.189158,0.769163,0.261840,0.220048,0.348730,0.875181
2026-03-27T18:20:55.200364+00:00,38.986013,1774635655200363400,-0.645524,0.345905,0.537049,0.621523,-0.194295,0.678087,0.340009,-0.702947,-0.241368,0.196984,0.381392,-0.897536,0.121156,-0.189122,-0.623093,-0.187070,0.766429,0.264338,0.206511,0.356105,0.868946
2026-03-27T18:20:55.217243+00:00,39.002892,1774635655217242600,-0.645780,0.346229,0.535272,0.622011,-0.195496,0.678103,0.338630,-0.704058,-0.245083,0.199414,0.374435,-0.902671,0.109349,-0.175916,-0.624392,-0.185765,0.765206,0.265769,0.204222,0.362248,0.869924
2026-03-27T18:20:55.234300+00:00,39.019949,1774635655234299700,-0.646093,0.346762,0.532727,0.622814,-0.197027,0.677776,0.336275,-0.707338,-0.252739,0.204011,0.355196,-0.918249,0.094174,-0.151979,-0.625845,-0.183684,0.763568,0.271355,0.202793,0.365077,0.864188
2026-03-27T18:20:55.251163+00:00,39.036812,1774635655251162700,-0.646306,0.347045,0.531099,0.622494,-0.198474,0.678958,0.334969,-0.707494,-0.255479,0.206055,0.353467,-0.918481,0.097312,-0.150983,-0.626483,-0.182688,0.762647,0.272118,0.205006,0.365873,0.868512
2026-03-27T18:20:55.268281+00:00,39.053931,1774635655268280900,-0.646412,0.347325,0.529421,0.623134,-0.199898,0.678743,0.333668,-0.707743,-0.257410,0.207641,0.359158,-0.916337,0.102583,-0.149172,-0.627258,-0.181838,0.761705,0.273862,0.205763,0.362993,0.867016
2026-03-27T18:20:55.285219+00:00,39.070869,1774635655285219400,-0.646548,0.347712,0.527678,0.624211,-0.200848,0.677706,0.331692,-0.708400,-0.258938,0.208703,0.366910,-0.912666,0.102762,-0.143904,-0.628217,-0.181073,0.760753,0.275255,0.204302,0.360662,0.865024
2026-03-27T18:20:55.302386+00:00,39.088036,1774635655302386200,-0.646613,0.348138,0.525934,0.624760,-0.202421,0.678285,0.330533,-0.708918,-0.259717,0.209183,0.369199,-0.912892,0.101874,-0.140687,-0.629212,-0.180407,0.759858,0.275253,0.202476,0.359442,0.866294
2026-03-27T18:20:55.319499+00:00,39.105149,1774635655319499000,-0.646817,0.348639,0.524320,0.626039,-0.203063,0.677963,0.328332,-0.710004,-0.261260,0.210170,0.370116,-0.914448,0.101479,-0.136443,-0.630129,-0.179924,0.759138,0.275302,0.201328,0.357909,0.867028
2026-03-27T18:20:55.336488+00:00,39.122137,1774635655336487800,-0.646955,0.349140,0.522868,0.627077,-0.202879,0.677046,0.326410,-0.710911,-0.262592,0.210918,0.369775,-0.912906,0.102125,-0.135249,-0.630585,-0.179396,0.758512,0.274376,0.202402,0.359304,0.871494
2026-03-27T18:20:55.353405+00:00,39.139055,1774635655353405300,-0.647155,0.349476,0.521555,0.626754,-0.203161,0.678237,0.325845,-0.711616,-0.263822,0.211238,0.365534,-0.915593,0.104183,-0.139739,-0.630816,-0.178806,0.758008,0.275419,0.203772,0.360371,0.869613
2026-03-27T18:20:55.370316+00:00,39.155966,1774635655370316000,-0.647305,0.349694,0.520256,0.626382,-0.203830,0.678471,0.325852,-0.711973,-0.264972,0.211098,0.360601,-0.915068,0.104681,-0.148223,-0.630969,-0.178339,0.757610,0.276763,0.203830,0.359860,0.865015
2026-03-27T18:20:55.387641+00:00,39.173290,1774635655387640800,-0.647572,0.349882,0.518840,0.627015,-0.204536,0.677360,0.325140,-0.712148,-0.265981,0.210903,0.356393,-0.915688,0.100488,-0.156583,-0.631184,-0.178180,0.757224,0.275561,0.204507,0.360603,0.867505
2026-03-27T18:20:55.408850+00:00,39.194500,1774635655408850000,-0.647848,0.350138,0.517364,0.627291,-0.205712,0.677134,0.325054,-0.712177,-0.267361,0.211196,0.347259,-0.919589,0.093734,-0.162398,-0.631458,-0.178182,0.756820,0.274651,0.203966,0.359289,0.868910
2026-03-27T18:20:55.425742+00:00,39.211391,1774635655425741600,-0.648674,0.350706,0.514597,0.628669,-0.206481,0.677130,0.322741,-0.712690,-0.269299,0.213460,0.330446,-0.926656,0.086278,-0.163039,-0.631621,-0.178160,0.756042,0.272292,0.201773,0.358719,0.867797
2026-03-27T18:20:55.442833+00:00,39.228483,1774635655442832900,-0.648889,0.350771,0.513904,0.628930,-0.207143,0.676713,0.322273,-0.713262,-0.270050,0.215460,0.318082,-0.930599,0.091406,-0.165009,-0.631361,-0.177973,0.755642,0.270315,0.202205,0.361031,0.870711
2026-03-27T18:20:55.459777+00:00,39.245427,1774635655459777100,-0.649332,0.350710,0.512498,0.629695,-0.208317,0.675697,0.321218,-0.713985,-0.270673,0.217937,0.309202,-0.934256,0.095493,-0.162174,-0.631126,-0.177821,0.755459,0.270498,0.202380,0.361227,0.868832
2026-03-27T18:20:55.476616+00:00,39.262266,1774635655476616500,-0.649915,0.350109,0.510262,0.630975,-0.210646,0.674324,0.320433,-0.715315,-0.271837,0.221185,0.300984,-0.934847,0.099325,-0.150049,-0.630077,-0.177389,0.754842,0.271207,0.204872,0.363789,0.868732
2026-03-27T18:20:55.493802+00:00,39.279451,1774635655493801700,-0.650098,0.349845,0.509557,0.631562,-0.211694,0.673282,0.320385,-0.716903,-0.272801,0.224899,0.301865,-0.936138,0.100744,-0.137151,-0.629444,-0.177324,0.754470,0.272538,0.205125,0.363563,0.865724
2026-03-27T18:20:55.510795+00:00,39.296445,1774635655510795000,-0.650363,0.349314,0.508271,0.631896,-0.213198,0.672258,0.320825,-0.718353,-0.273634,0.228093,0.306945,-0.937213,0.099373,-0.120741,-0.628923,-0.177411,0.753997,0.271333,0.204885,0.363141,0.866641
2026-03-27T18:20:55.527973+00:00,39.313623,1774635655527973200,-0.650551,0.348898,0.507187,0.631862,-0.214258,0.671765,0.321430,-0.718560,-0.272153,0.228374,0.333159,-0.931366,0.102185,-0.114607,-0.628716,-0.177578,0.753745,0.270603,0.204935,0.363090,0.868161
2026-03-27T18:20:55.545010+00:00,39.330660,1774635655545010400,-0.650671,0.348644,0.506275,0.631622,-0.214853,0.671716,0.321828,-0.718887,-0.271344,0.227580,0.344353,-0.925482,0.109540,-0.114640,-0.628355,-0.178049,0.753261,0.269489,0.203886,0.362200,0.869452
2026-03-27T18:20:55.561940+00:00,39.347590,1774635655561940600,-0.650817,0.348278,0.504723,0.631044,-0.216284,0.672032,0.322313,-0.719541,-0.268284,0.222303,0.331645,-0.926815,0.121110,-0.127490,-0.627292,-0.178840,0.752426,0.265999,0.201793,0.364529,0.871540
2026-03-27T18:20:55.579071+00:00,39.364721,1774635655579071100,-0.650855,0.348279,0.504088,0.630922,-0.216732,0.671793,0.321801,-0.721100,-0.269267,0.220724,0.330861,-0.927171,0.115857,-0.118620,-0.626087,-0.179050,0.752012,0.265946,0.200593,0.366529,0.868765
2026-03-27T18:20:55.596150+00:00,39.381799,1774635655596149700,-0.650808,0.348396,0.503593,0.630537,-0.216211,0.671958,0.321369,-0.721956,-0.270762,0.219468,0.324448,-0.930322,0.111505,-0.114800,-0.625631,-0.179055,0.751896,0.265959,0.200830,0.367052,0.868454
2026-03-27T18:20:55.616948+00:00,39.402598,1774635655616948400,-0.650808,0.348396,0.503593,0.630537,-0.216211,0.671958,0.321369,-0.721956,-0.270762,0.219468,0.324448,-0.930322,0.111505,-0.114800,-0.625631,-0.179055,0.751896,0.265959,0.200830,0.367052,0.868454
2026-03-27T18:20:55.633763+00:00,39.419413,1774635655633763000,-0.650558,0.348755,0.502994,0.628460,-0.215544,0.675113,0.321188,-0.723639,-0.273686,0.216771,0.320241,-0.935765,0.107368,-0.109554,-0.623622,-0.179278,0.751567,0.265354,0.203238,0.369857,0.870481
2026-03-27T18:20:55.650952+00:00,39.436602,1774635655650952300,-0.650425,0.349008,0.502657,0.628513,-0.215655,0.675368,0.320470,-0.724340,-0.274834,0.216049,0.318686,-0.937639,0.106909,-0.108259,-0.622737,-0.179652,0.751485,0.265356,0.203156,0.368811,0.866567
2026-03-27T18:20:55.668036+00:00,39.453685,1774635655668035700,-0.650201,0.349270,0.502231,0.628768,-0.215139,0.674933,0.319639,-0.724849,-0.275428,0.215817,0.319178,-0.933640,0.107852,-0.106759,-0.622037,-0.180231,0.751385,0.263324,0.204165,0.369442,0.867787
2026-03-27T18:20:55.685282+00:00,39.470931,1774635655685281500,-0.649983,0.349377,0.501898,0.628664,-0.215151,0.675559,0.319585,-0.725838,-0.276598,0.215478,0.316372,-0.935800,0.111453,-0.103066,-0.621516,-0.180987,0.751257,0.260763,0.205108,0.369270,0.869312
2026-03-27T18:20:55.702256+00:00,39.487906,1774635655702256000,-0.649739,0.349395,0.501602,0.628746,-0.214646,0.675381,0.319888,-0.726462,-0.277414,0.215235,0.316090,-0.938614,0.111249,-0.100080,-0.621191,-0.181776,0.751140,0.258966,0.205684,0.367942,0.869797
2026-03-27T18:20:55.719343+00:00,39.504992,1774635655719342800,-0.649420,0.349467,0.501480,0.627247,-0.213486,0.676708,0.320532,-0.728588,-0.277912,0.215534,0.315319,-0.941301,0.095909,-0.092532,-0.620647,-0.182924,0.750835,0.256182,0.208349,0.365732,0.870153
2026-03-27T18:20:55.736417+00:00,39.522067,1774635655736417200,-0.649289,0.349541,0.501528,0.626032,-0.212750,0.678035,0.320569,-0.729970,-0.277652,0.216514,0.307073,-0.943393,0.091602,-0.086614,-0.620448,-0.183207,0.750643,0.255518,0.210574,0.365851,0.872457
2026-03-27T18:20:55.753772+00:00,39.539421,1774635655753771700,-0.649173,0.349540,0.501582,0.624733,-0.212594,0.679216,0.320563,-0.730872,-0.276857,0.218071,0.296058,-0.946581,0.092259,-0.081921,-0.620389,-0.183319,0.750448,0.255292,0.210997,0.366007,0.871045
2026-03-27T18:20:55.770519+00:00,39.556169,1774635655770519000,-0.649090,0.349422,0.501675,0.623729,-0.212801,0.680045,0.320223,-0.732400,-0.275949,0.219571,0.285038,-0.951369,0.097685,-0.075841,-0.620520,-0.183223,0.750341,0.255278,0.210431,0.366026,0.868629
2026-03-27T18:20:55.787649+00:00,39.573298,1774635655787648700,-0.648967,0.349170,0.501773,0.621892,-0.213885,0.681851,0.320979,-0.734083,-0.275045,0.221034,0.261728,-0.955079,0.102935,-0.069529,-0.620727,-0.182846,0.750209,0.255178,0.210692,0.367263,0.867857
2026-03-27T18:20:55.804625+00:00,39.590274,1774635655804624600,-0.648917,0.349036,0.501829,0.620879,-0.214075,0.682665,0.321208,-0.735085,-0.273416,0.222289,0.252200,-0.959564,0.111834,-0.073515,-0.620935,-0.182381,0.750119,0.256051,0.210802,0.368681,0.868036
2026-03-27T18:20:55.821756+00:00,39.607405,1774635655821755800,-0.648846,0.348860,0.501967,0.619697,-0.214317,0.682946,0.321861,-0.734677,-0.270105,0.222284,0.272505,-0.949462,0.121464,-0.075595,-0.621325,-0.181782,0.750009,0.256817,0.211557,0.370221,0.869488
2026-03-27T18:20:55.840120+00:00,39.625770,1774635655840120100,-0.648846,0.348860,0.501967,0.619697,-0.214317,0.682946,0.321861,-0.734677,-0.270105,0.222284,0.272505,-0.949462,0.121464,-0.075595,-0.621325,-0.181782,0.750009,0.256817,0.211557,0.370221,0.869488
2026-03-27T18:20:55.857115+00:00,39.642765,1774635655857115100,-0.648935,0.349073,0.502673,0.617186,-0.212776,0.684730,0.323171,-0.733051,-0.263508,0.221036,0.293443,-0.945525,0.132996,-0.073362,-0.622510,-0.180124,0.750153,0.258471,0.211042,0.371665,0.865322
2026-03-27T18:20:55.873867+00:00,39.659517,1774635655873867300,-0.649243,0.349611,0.503221,0.615037,-0.210691,0.686945,0.323497,-0.732274,-0.260367,0.217287,0.269806,-0.955058,0.123671,-0.074999,-0.622798,-0.179005,0.750400,0.258830,0.211484,0.371700,0.862834
2026-03-27T18:20:55.890696+00:00,39.676345,1774635655890695600,-0.649534,0.349838,0.503451,0.614874,-0.209929,0.688173,0.323408,-0.731653,-0.258930,0.213644,0.251006,-0.954657,0.113780,-0.081439,-0.622831,-0.177729,0.750679,0.258537,0.214372,0.373594,0.865952
2026-03-27T18:20:55.907877+00:00,39.693527,1774635655907877000,-0.649751,0.349963,0.503823,0.613947,-0.208374,0.689565,0.323399,-0.730805,-0.256324,0.208631,0.234420,-0.965091,0.108126,-0.092025,-0.622794,-0.176288,0.751056,0.259739,0.217740,0.374697,0.865703
2026-03-27T18:20:55.924884+00:00,39.710534,1774635655924884300,-0.649906,0.349847,0.504340,0.612312,-0.207223,0.690962,0.323922,-0.730107,-0.252994,0.202873,0.226942,-0.966211,0.105840,-0.102576,-0.622783,-0.174920,0.751405,0.262866,0.219602,0.372824,0.860641
2026-03-27T18:20:55.941978+00:00,39.727627,1774635655941977500,-0.650046,0.349509,0.504791,0.610157,-0.207337,0.692355,0.325430,-0.729819,-0.249118,0.196309,0.223692,-0.958791,0.104032,-0.108330,-0.622868,-0.173722,0.751691,0.263782,0.222169,0.372684,0.862003
2026-03-27T18:20:55.958897+00:00,39.744547,1774635655958897400,-0.650213,0.349127,0.505116,0.608819,-0.208169,0.692408,0.325952,-0.729874,-0.247244,0.193123,0.221302,-0.962438,0.104135,-0.109278,-0.623001,-0.172721,0.752025,0.264682,0.223924,0.373403,0.863207
2026-03-27T18:20:55.976029+00:00,39.761679,1774635655976029100,-0.650416,0.348744,0.505293,0.608121,-0.209839,0.692662,0.326564,-0.729737,-0.244029,0.187801,0.218607,-0.959547,0.104244,-0.105974,-0.623246,-0.171901,0.752381,0.266905,0.223908,0.372211,0.858852
2026-03-27T18:20:55.993085+00:00,39.778734,1774635655993084700,-0.650557,0.348416,0.505460,0.607760,-0.210880,0.692193,0.327002,-0.729987,-0.240616,0.184197,0.213382,-0.969472,0.106346,-0.098952,-0.623444,-0.171273,0.752630,0.266895,0.224129,0.373649,0.860070
2026-03-27T18:20:56.010134+00:00,39.795783,1774635656010133700,-0.650656,0.348093,0.505661,0.606770,-0.212110,0.692989,0.327844,-0.728632,-0.234974,0.178972,0.223359,-0.961394,0.112483,-0.105803,-0.623697,-0.170865,0.752837,0.267335,0.223205,0.374224,0.860638
2026-03-27T18:20:56.027188+00:00,39.812837,1774635656027187700,-0.650737,0.347766,0.505953,0.606591,-0.212443,0.692707,0.328283,-0.727249,-0.227994,0.171224,0.244161,-0.953466,0.120192,-0.118215,-0.624043,-0.170755,0.752941,0.267687,0.222341,0.375276,0.862557
2026-03-27T18:20:56.048079+00:00,39.833729,1774635656048079100,-0.650739,0.347513,0.506292,0.606339,-0.212496,0.692667,0.328536,-0.726403,-0.221396,0.162169,0.264613,-0.947402,0.122808,-0.127284,-0.624346,-0.170730,0.753047,0.268579,0.220100,0.374982,0.861714
2026-03-27T18:20:56.065074+00:00,39.850723,1774635656065073800,-0.650486,0.347135,0.507104,0.607120,-0.212380,0.691738,0.329417,-0.725701,-0.209382,0.143532,0.297947,-0.937710,0.124931,-0.141284,-0.624176,-0.170824,0.753185,0.269942,0.218139,0.378167,0.858093
2026-03-27T18:20:56.081826+00:00,39.867476,1774635656081826000,-0.650268,0.347061,0.507652,0.607779,-0.211478,0.690742,0.330286,-0.725694,-0.203383,0.134399,0.312957,-0.930614,0.126831,-0.147239,-0.623897,-0.171091,0.753228,0.271203,0.218907,0.379507,0.857224
2026-03-27T18:20:56.098913+00:00,39.884563,1774635656098912900,-0.649985,0.347082,0.508295,0.608107,-0.210032,0.690171,0.331362,-0.725458,-0.198135,0.126290,0.326165,-0.921762,0.127591,-0.154265,-0.623690,-0.171659,0.753269,0.271574,0.219568,0.379611,0.857617
2026-03-27T18:20:56.115865+00:00,39.901515,1774635656115865300,-0.649718,0.347124,0.508951,0.608639,-0.208662,0.689872,0.332297,-0.725186,-0.193228,0.118549,0.336824,-0.918606,0.125543,-0.162123,-0.623548,-0.172536,0.753242,0.270866,0.220049,0.378454,0.858026
2026-03-27T18:20:56.133084+00:00,39.918733,1774635656133083600,-0.649586,0.347154,0.509253,0.609081,-0.208097,0.689621,0.332638,-0.724657,-0.188814,0.112060,0.346511,-0.916188,0.122460,-0.169996,-0.623477,-0.173604,0.753193,0.269306,0.220667,0.377194,0.857172
2026-03-27T18:20:56.150003+00:00,39.935652,1774635656150002600,-0.649357,0.347239,0.509814,0.610524,-0.206714,0.688051,0.332964,-0.723774,-0.184493,0.106828,0.358184,-0.910783,0.116641,-0.176769,-0.623402,-0.174707,0.753015,0.267516,0.222495,0.375767,0.859087
2026-03-27T18:20:56.166962+00:00,39.952612,1774635656166962400,-0.649069,0.347296,0.510378,0.611677,-0.205772,0.687162,0.333769,-0.722668,-0.180186,0.102673,0.370296,-0.902651,0.109339,-0.184386,-0.623373,-0.175355,0.752907,0.267076,0.222896,0.374847,0.859928
2026-03-27T18:20:56.184066+00:00,39.969715,1774635656184065500,-0.648395,0.347376,0.511253,0.612338,-0.203912,0.686548,0.335229,-0.721786,-0.176472,0.100105,0.376721,-0.898940,0.104566,-0.191386,-0.623553,-0.177565,0.752452,0.264971,0.223870,0.369372,0.859354
2026-03-27T18:20:56.201092+00:00,39.986742,1774635656201092300,-0.648142,0.347388,0.511549,0.612525,-0.203459,0.686524,0.335232,-0.721405,-0.173208,0.099067,0.374524,-0.898782,0.103706,-0.197362,-0.623606,-0.178267,0.752235,0.263397,0.224330,0.369481,0.863143
2026-03-27T18:20:56.218068+00:00,40.003717,1774635656218067600,-0.647147,0.347412,0.512419,0.614886,-0.203592,0.684181,0.335863,-0.721791,-0.168662,0.101078,0.354638,-0.906038,0.109186,-0.201232,-0.624011,-0.180670,0.751331,0.260988,0.223574,0.365667,0.864263
2026-03-27T18:20:56.235342+00:00,40.020992,1774635656235342400,-0.646836,0.347561,0.512694,0.616690,-0.202959,0.682034,0.335665,-0.722050,-0.167336,0.103486,0.345555,-0.910536,0.106459,-0.199946,-0.624258,-0.182058,0.750506,0.258825,0.223073,0.363931,0.865166
2026-03-27T18:20:56.252380+00:00,40.038030,1774635656252379900,-0.646345,0.347682,0.513281,0.617903,-0.202359,0.681887,0.335667,-0.721985,-0.166791,0.104939,0.342753,-0.911387,0.103068,-0.198126,-0.624328,-0.182146,0.750282,0.258072,0.223139,0.363836,0.866593
2026-03-27T18:20:56.272118+00:00,40.057767,1774635656272117400,-0.646345,0.347682,0.513281,0.617903,-0.202359,0.681887,0.335667,-0.721985,-0.166791,0.104939,0.342753,-0.911387,0.103068,-0.198126,-0.624328,-0.182146,0.750282,0.258072,0.223139,0.363836,0.866593
2026-03-27T18:20:56.288962+00:00,40.074612,1774635656288962100,-0.644883,0.347871,0.515468,0.619477,-0.199926,0.680427,0.336395,-0.722066,-0.164126,0.117096,0.330671,-0.919513,0.084759,-0.192045,-0.624781,-0.183116,0.748244,0.260502,0.222818,0.359098,0.870400
2026-03-27T18:20:56.306147+00:00,40.091796,1774635656306146600,-0.644738,0.347829,0.515739,0.619615,-0.200067,0.680767,0.336835,-0.722356,-0.163703,0.119955,0.326682,-0.922800,0.088663,-0.188399,-0.624951,-0.183156,0.747907,0.262405,0.221484,0.356961,0.866828
2026-03-27T18:20:56.323138+00:00,40.108787,1774635656323137800,-0.644245,0.347787,0.516610,0.620843,-0.199515,0.679005,0.336625,-0.722558,-0.162975,0.130276,0.312498,-0.926756,0.089173,-0.181675,-0.625261,-0.183136,0.747046,0.262678,0.220863,0.357057,0.871234
2026-03-27T18:20:56.340450+00:00,40.126099,1774635656340449500,-0.643571,0.347821,0.517823,0.621173,-0.199387,0.679034,0.337103,-0.722805,-0.162620,0.133407,0.303818,-0.930865,0.094806,-0.179752,-0.625716,-0.183096,0.746295,0.264287,0.217840,0.355286,0.869820
2026-03-27T18:20:56.357432+00:00,40.143081,1774635656357431800,-0.642981,0.347898,0.519095,0.621580,-0.198581,0.677966,0.337175,-0.721951,-0.161869,0.142766,0.283065,-0.935925,0.100116,-0.183318,-0.626257,-0.183022,0.745570,0.266044,0.214070,0.354662,0.868278
2026-03-27T18:20:56.374491+00:00,40.160140,1774635656374490500,-0.642384,0.347829,0.520452,0.621463,-0.198155,0.678580,0.337871,-0.721788,-0.161950,0.145925,0.274951,-0.941469,0.098459,-0.184490,-0.626705,-0.182867,0.744938,0.267451,0.210883,0.355240,0.867351
2026-03-27T18:20:56.391437+00:00,40.177087,1774635656391436900,-0.641084,0.347618,0.523376,0.620232,-0.197373,0.679295,0.339125,-0.720486,-0.162615,0.158490,0.252310,-0.947506,0.091681,-0.186735,-0.627189,-0.182540,0.744132,0.270180,0.207621,0.357838,0.868931
2026-03-27T18:20:56.408641+00:00,40.194291,1774635656408641200,-0.640433,0.347552,0.524842,0.620272,-0.197492,0.679203,0.339454,-0.720013,-0.162471,0.163916,0.245632,-0.948994,0.091956,-0.186615,-0.627279,-0.182434,0.743956,0.270801,0.207319,0.357694,0.870695
2026-03-27T18:20:56.425512+00:00,40.211162,1774635656425512200,-0.639740,0.347566,0.526348,0.620123,-0.197290,0.679339,0.339886,-0.719691,-0.161696,0.169273,0.241756,-0.948478,0.092814,-0.185567,-0.627259,-0.182396,0.743986,0.272345,0.206516,0.356181,0.869714
2026-03-27T18:20:56.442633+00:00,40.228283,1774635656442633300,-0.639115,0.347730,0.528023,0.620716,-0.196429,0.679024,0.339836,-0.719778,-0.160643,0.174033,0.238258,-0.945021,0.091264,-0.184493,-0.627171,-0.182312,0.744118,0.273213,0.207232,0.355422,0.872243
2026-03-27T18:20:56.459579+00:00,40.245229,1774635656459579200,-0.638456,0.347930,0.529905,0.620263,-0.194664,0.679800,0.340060,-0.719710,-0.159361,0.178391,0.233987,-0.951521,0.088938,-0.182923,-0.626999,-0.182311,0.744444,0.274844,0.206880,0.352890,0.869880
2026-03-27T18:20:56.480355+00:00,40.266005,1774635656480355300,-0.638456,0.347930,0.529905,0.620263,-0.194664,0.679800,0.340060,-0.719710,-0.159361,0.178391,0.233987,-0.951521,0.088938,-0.182923,-0.626999,-0.182311,0.744444,0.274844,0.206880,0.352890,0.869880
2026-03-27T18:20:56.497243+00:00,40.282892,1774635656497242500,-0.637407,0.348183,0.533029,0.618894,-0.191926,0.681360,0.340628,-0.719586,-0.156782,0.185959,0.227147,-0.956709,0.075881,-0.182784,-0.626596,-0.182473,0.745135,0.275575,0.208229,0.350483,0.871537
2026-03-27T18:20:56.514230+00:00,40.299880,1774635656514230000,-0.636025,0.348453,0.537041,0.617117,-0.188976,0.683095,0.341521,-0.719857,-0.152661,0.194032,0.223132,-0.951075,0.080444,-0.179887,-0.626066,-0.183074,0.746284,0.276089,0.208866,0.347747,0.871642
2026-03-27T18:20:56.531179+00:00,40.316829,1774635656531179000,-0.635332,0.348665,0.538992,0.615845,-0.187885,0.684427,0.341778,-0.720540,-0.150542,0.198046,0.219032,-0.952493,0.089698,-0.176021,-0.625877,-0.183549,0.746765,0.274551,0.210018,0.347504,0.874206
2026-03-27T18:20:56.548126+00:00,40.333776,1774635656548126500,-0.634758,0.349012,0.540830,0.615302,-0.186070,0.685515,0.341089,-0.721000,-0.148178,0.202368,0.216622,-0.955873,0.097340,-0.171771,-0.625840,-0.184251,0.747374,0.271855,0.210394,0.342875,0.871616
2026-03-27T18:20:56.565360+00:00,40.351009,1774635656565359600,-0.634266,0.349379,0.542607,0.614227,-0.185194,0.687512,0.340502,-0.721262,-0.145680,0.206844,0.215325,-0.961009,0.103590,-0.168037,-0.625864,-0.184972,0.748104,0.264677,0.213831,0.337807,0.876737
2026-03-27T18:20:56.582307+00:00,40.367957,1774635656582307100,-0.633863,0.349653,0.544248,0.613607,-0.183856,0.688175,0.340139,-0.721107,-0.143409,0.211395,0.219473,-0.951517,0.106701,-0.163303,-0.625828,-0.185618,0.748880,0.257413,0.220304,0.330223,0.883445
2026-03-27T18:20:56.599517+00:00,40.385166,1774635656599516800,-0.633479,0.349797,0.545794,0.612419,-0.183071,0.689891,0.339993,-0.720896,-0.141296,0.216634,0.220638,-0.955498,0.110680,-0.161357,-0.625789,-0.185953,0.749552,0.252864,0.228401,0.318320,0.884422
2026-03-27T18:20:56.616488+00:00,40.402138,1774635656616488400,-0.633068,0.349786,0.547183,0.611420,-0.183468,0.690462,0.339722,-0.720691,-0.139642,0.222261,0.222659,-0.953224,0.111987,-0.157389,-0.625713,-0.186012,0.749934,0.250552,0.237833,0.305465,0.887402
2026-03-27T18:20:56.633511+00:00,40.419160,1774635656633510700,-0.632635,0.349521,0.548361,0.610547,-0.184280,0.691429,0.340027,-0.720602,-0.138942,0.225225,0.221931,-0.957282,0.112843,-0.155483,-0.625675,-0.185826,0.749950,0.250592,0.246114,0.292393,0.887278
2026-03-27T18:20:56.650566+00:00,40.436216,1774635656650566400,-0.632406,0.349095,0.549282,0.610449,-0.185453,0.690862,0.340435,-0.720708,-0.137852,0.231375,0.222671,-0.955525,0.112110,-0.149343,-0.625691,-0.185484,0.749629,0.246703,0.254132,0.285566,0.891119
2026-03-27T18:20:56.667553+00:00,40.453203,1774635656667553200,-0.631967,0.348720,0.550322,0.609254,-0.186253,0.691364,0.341246,-0.720878,-0.136995,0.237390,0.221721,-0.953883,0.108451,-0.143391,-0.626577,-0.184933,0.748944,0.252518,0.256381,0.280170,0.894266
2026-03-27T18:20:56.684725+00:00,40.470375,1774635656684725100,-0.631431,0.348450,0.551510,0.608347,-0.186759,0.691858,0.342069,-0.720475,-0.136498,0.243893,0.219583,-0.956748,0.100737,-0.139589,-0.627396,-0.184332,0.747906,0.254292,0.256745,0.277225,0.893558
2026-03-27T18:20:56.701685+00:00,40.487335,1774635656701685000,-0.630908,0.348320,0.553209,0.607376,-0.187644,0.692086,0.342445,-0.720432,-0.135816,0.257378,0.207941,-0.958162,0.114947,-0.131916,-0.630530,-0.183299,0.745667,0.257696,0.248441,0.276264,0.895562
2026-03-27T18:20:56.720568+00:00,40.506218,1774635656720568200,-0.630908,0.348320,0.553209,0.607376,-0.187644,0.692086,0.342445,-0.720432,-0.135816,0.257378,0.207941,-0.958162,0.114947,-0.131916,-0.630530,-0.183299,0.745667,0.257696,0.248441,0.276264,0.895562
2026-03-27T18:20:56.737439+00:00,40.523089,1774635656737439200,-0.630671,0.348233,0.554252,0.608697,-0.188261,0.690219,0.341808,-0.720675,-0.136280,0.271704,0.197505,-0.969171,0.121976,-0.123860,-0.633462,-0.182280,0.743328,0.263477,0.240657,0.276829,0.894305
2026-03-27T18:20:56.754400+00:00,40.540049,1774635656754399600,-0.630562,0.348066,0.554763,0.608635,-0.188598,0.691016,0.341909,-0.720395,-0.137034,0.278743,0.194919,-0.970380,0.123130,-0.120343,-0.635027,-0.182104,0.741708,0.269298,0.238769,0.275448,0.891790
2026-03-27T18:20:56.771484+00:00,40.557133,1774635656771483600,-0.630511,0.347923,0.555018,0.608585,-0.188720,0.690899,0.342281,-0.720404,-0.138291,0.286432,0.190538,-0.970199,0.123703,-0.117195,-0.636304,-0.182229,0.740356,0.272110,0.237629,0.274643,0.892009
2026-03-27T18:20:56.788535+00:00,40.574185,1774635656788535000,-0.630298,0.347394,0.555647,0.608275,-0.189016,0.690228,0.343597,-0.720047,-0.139927,0.294339,0.189653,-0.969615,0.116222,-0.112516,-0.637649,-0.182898,0.739152,0.271628,0.235888,0.272484,0.892234
2026-03-27T18:20:56.805675+00:00,40.591325,1774635656805675000,-0.630256,0.347230,0.555789,0.608594,-0.189152,0.689838,0.343740,-0.719866,-0.142016,0.301965,0.180805,-0.964584,0.116171,-0.108762,-0.638340,-0.183393,0.738609,0.269237,0.235343,0.271923,0.895475
2026-03-27T18:20:56.823088+00:00,40.608738,1774635656823087900,-0.630119,0.346861,0.556038,0.609129,-0.190371,0.688648,0.344200,-0.719664,-0.144585,0.308924,0.169756,-0.971203,0.115625,-0.106317,-0.640412,-0.185412,0.737231,0.264832,0.232198,0.263579,0.895576
2026-03-27T18:20:56.839903+00:00,40.625552,1774635656839902700,-0.630059,0.346804,0.556047,0.609482,-0.190297,0.687875,0.344144,-0.719393,-0.147817,0.315849,0.162917,-0.969875,0.112692,-0.099127,-0.640997,-0.186249,0.736737,0.262181,0.233539,0.262299,0.901908
2026-03-27T18:20:56.857377+00:00,40.643026,1774635656857376800,-0.629929,0.346694,0.556036,0.610284,-0.190976,0.687514,0.343821,-0.719959,-0.153954,0.325276,0.130513,-0.974272,0.112423,-0.089765,-0.642778,-0.189661,0.735466,0.257346,0.233070,0.254073,0.904221
2026-03-27T18:20:56.873826+00:00,40.659475,1774635656873825500,-0.629921,0.346706,0.555996,0.610901,-0.191139,0.686926,0.343844,-0.720083,-0.156228,0.328250,0.111175,-0.993003,0.112897,-0.090537,-0.643494,-0.191237,0.735043,0.255861,0.231144,0.250122,0.901710
2026-03-27T18:20:56.890782+00:00,40.676431,1774635656890781700,-0.630008,0.347017,0.555907,0.611949,-0.191158,0.686667,0.343272,-0.717597,-0.162941,0.338496,0.042546,-1.078270,0.094000,-0.098593,-0.646787,-0.199305,0.733034,0.234517,0.225406,0.235072,0.916905
2026-03-27T18:20:56.907665+00:00,40.693315,1774635656907665300,-0.630078,0.347322,0.556107,0.611986,-0.190661,0.686509,0.342387,-0.716065,-0.165989,0.343544,0.008559,-0.598476,0.042836,-0.056007,-0.648980,-0.206574,0.731592,0.215611,0.221480,0.221418,0.924968
2026-03-27T18:20:56.924698+00:00,40.710348,1774635656924697900,-0.630082,0.347391,0.556230,0.611371,-0.190298,0.687139,0.342421,-0.713733,-0.167765,0.347189,0.019065,0.751337,-0.041947,0.076277,-0.649529,-0.209146,0.731068,0.209600,0.221722,0.216684,0.930834
2026-03-27T18:20:56.945043+00:00,40.730692,1774635656945042700,-0.630082,0.347391,0.556230,0.611371,-0.190298,0.687139,0.342421,-0.713733,-0.167765,0.347189,0.019065,0.751337,-0.041947,0.076277,-0.649529,-0.209146,0.731068,0.209600,0.221722,0.216684,0.930834
2026-03-27T18:20:56.961900+00:00,40.747549,1774635656961899700,-0.630146,0.347487,0.556398,0.609623,-0.190069,0.688810,0.341886,-0.709866,-0.168499,0.349189,0.025949,0.534086,-0.025451,0.064377,-0.650521,-0.219892,0.728925,0.187042,0.222699,0.202579,0.929009
2026-03-27T18:20:56.978892+00:00,40.764542,1774635656978892100,-0.630111,0.347406,0.556442,0.608058,-0.191115,0.690699,0.341642,-0.709360,-0.168514,0.349099,0.000001,13638.567412,-699.464232,1723.049209,-0.650465,-0.224990,0.727818,0.178402,0.224647,0.199587,0.930604
2026-03-27T18:20:56.995934+00:00,40.781584,1774635656995933900,-0.630121,0.347383,0.556122,0.607679,-0.192842,0.690997,0.341167,-0.708046,-0.168529,0.348225,0.020106,0.594494,-0.035698,0.081617,-0.650536,-0.230377,0.726452,0.172643,0.225997,0.200592,0.934559
2026-03-27T18:20:57.013000+00:00,40.798650,1774635657013000400,-0.630288,0.347485,0.555614,0.608348,-0.194639,0.689840,0.339554,-0.705986,-0.168904,0.345931,0.000001,4083.246924,-291.518867,594.180077,-0.651010,-0.236060,0.724998,0.168281,0.222130,0.201473,0.937049
2026-03-27T18:20:57.029994+00:00,40.815644,1774635657029994500,-0.630499,0.347689,0.555233,0.608286,-0.195946,0.690754,0.338908,-0.705106,-0.169261,0.344920,0.000001,-600.535888,43.004751,-87.410212,-0.651794,-0.241933,0.723904,0.160059,0.218328,0.207441,0.947501
2026-03-27T18:20:57.047050+00:00,40.832700,1774635657047050100,-0.631165,0.348314,0.554745,0.608398,-0.195326,0.691886,0.335907,-0.701990,-0.171136,0.340760,0.018769,-0.964261,0.065703,-0.134650,-0.651943,-0.251678,0.722627,0.137682,0.203172,0.225832,0.936316
2026-03-27T18:20:57.064067+00:00,40.849717,1774635657064066900,-0.631662,0.348527,0.554239,0.608812,-0.195636,0.692378,0.334342,-0.700482,-0.172659,0.338457,0.020744,-1.113972,0.074294,-0.152559,-0.651677,-0.255388,0.722332,0.126957,0.197208,0.236321,0.931868
2026-03-27T18:20:57.081272+00:00,40.866922,1774635657081272200,-0.632237,0.348535,0.553600,0.610069,-0.196463,0.691170,0.333287,-0.698990,-0.173964,0.335945,0.022774,-1.142636,0.074003,-0.155124,-0.651223,-0.258443,0.721921,0.119889,0.199027,0.246202,0.947880
2026-03-27T18:20:57.098185+00:00,40.883835,1774635657098185000,-0.632564,0.348454,0.553211,0.610619,-0.197244,0.691015,0.333047,-0.697004,-0.175500,0.333064,0.024347,-1.182487,0.073764,-0.164240,-0.650851,-0.261130,0.721553,0.121257,0.196485,0.242476,0.928125
2026-03-27T18:20:57.115336+00:00,40.900986,1774635657115336400,-0.633224,0.348138,0.552354,0.611319,-0.198879,0.689648,0.332972,-0.694505,-0.176644,0.329719,0.039744,-0.829745,0.049596,-0.121084,-0.650210,-0.263294,0.720824,0.119105,0.198065,0.244396,0.926159
2026-03-27T18:20:57.132331+00:00,40.917980,1774635657132330800,-0.633853,0.347720,0.551513,0.611901,-0.200507,0.688905,0.333436,-0.691848,-0.177772,0.325967,0.037835,-0.983397,0.056937,-0.151524,-0.650294,-0.265516,0.719863,0.116717,0.197618,0.246290,0.937148
2026-03-27T18:20:57.152083+00:00,40.937733,1774635657152083500,-0.633853,0.347720,0.551513,0.611901,-0.200507,0.688905,0.333436,-0.691848,-0.177772,0.325967,0.037835,-0.983397,0.056937,-0.151524,-0.650294,-0.265516,0.719863,0.116717,0.197618,0.246290,0.937148
2026-03-27T18:20:57.168959+00:00,40.954609,1774635657168959000,-0.635024,0.347088,0.549674,0.613960,-0.203544,0.685671,0.334761,-0.686441,-0.180018,0.318305,0.047266,-0.970920,0.054124,-0.165193,-0.651377,-0.269775,0.718383,0.106898,0.188843,0.253095,0.936409
2026-03-27T18:20:57.185938+00:00,40.971587,1774635657185937700,-0.636136,0.347108,0.548147,0.615991,-0.205281,0.683273,0.334058,-0.681499,-0.182386,0.311380,0.061679,-0.926755,0.049989,-0.165922,-0.651451,-0.271149,0.718742,0.095682,0.191131,0.261642,0.938664
2026-03-27T18:20:57.203127+00:00,40.988777,1774635657203127100,-0.636696,0.347336,0.547488,0.617107,-0.204988,0.682763,0.333292,-0.679284,-0.183286,0.307987,0.066440,-0.979027,0.053032,-0.176974,-0.650665,-0.270336,0.720326,0.092587,0.198150,0.268082,0.925147
2026-03-27T18:20:57.220022+00:00,41.005672,1774635657220022600,-0.636954,0.347474,0.547193,0.617296,-0.205099,0.682874,0.332605,-0.677456,-0.184059,0.304817,0.072440,-1.010295,0.055461,-0.184404,-0.650561,-0.269852,0.720833,0.091057,0.204667,0.274388,0.943798
2026-03-27T18:20:57.237089+00:00,41.022739,1774635657237089400,-0.637779,0.347681,0.546172,0.618741,-0.206274,0.682086,0.331797,-0.675373,-0.184683,0.301472,0.085552,-0.969619,0.054451,-0.178349,-0.651155,-0.269219,0.721343,0.094549,0.204128,0.267350,0.933656
2026-03-27T18:20:57.254088+00:00,41.039738,1774635657254088400,-0.638349,0.347657,0.545379,0.620583,-0.207122,0.679668,0.330927,-0.673399,-0.185217,0.298368,0.090331,-1.004304,0.056827,-0.186632,-0.652456,-0.269148,0.720898,0.096277,0.207609,0.261040,0.953308
2026-03-27T18:20:57.271263+00:00,41.056913,1774635657271263100,-0.638887,0.347464,0.544543,0.622432,-0.208125,0.677654,0.330689,-0.671350,-0.185658,0.295569,0.096981,-0.983813,0.056070,-0.185554,-0.653736,-0.269326,0.719937,0.093947,0.207277,0.248140,0.964019
2026-03-27T18:20:57.288169+00:00,41.073818,1774635657288168700,-0.639338,0.347206,0.543772,0.624026,-0.209275,0.676226,0.331446,-0.669495,-0.186130,0.293104,0.100477,-0.970161,0.055127,-0.186327,-0.655261,-0.269209,0.718574,0.089168,0.203376,0.228450,0.955596
2026-03-27T18:20:57.305093+00:00,41.090743,1774635657305093500,-0.639721,0.347006,0.543160,0.624895,-0.209426,0.675261,0.331702,-0.667865,-0.186489,0.290991,0.102956,-0.953380,0.054521,-0.187086,-0.656606,-0.268518,0.717048,0.087120,0.201266,0.217041,0.951702
2026-03-27T18:20:57.322032+00:00,41.107682,1774635657322032300,-0.639959,0.346834,0.542680,0.625315,-0.209635,0.674779,0.331792,-0.667023,-0.186635,0.289904,0.098705,-0.994240,0.056522,-0.196893,-0.657929,-0.267363,0.715579,0.090650,0.197088,0.214705,0.944548
2026-03-27T18:20:57.339142+00:00,41.124792,1774635657339141900,-0.640107,0.346643,0.542250,0.625471,-0.210361,0.674407,0.331841,-0.665445,-0.187147,0.287969,0.100836,-0.982000,0.055249,-0.198571,-0.659622,-0.266345,0.714126,0.094502,0.195933,0.223997,0.965877
2026-03-27T18:20:57.356349+00:00,41.141999,1774635657356349500,-0.640099,0.346424,0.541749,0.625412,-0.211343,0.674004,0.332468,-0.662379,-0.188205,0.284578,0.105924,-0.957767,0.051292,-0.200609,-0.663827,-0.266205,0.711842,0.104461,0.179236,0.227615,0.959878
2026-03-27T18:20:57.377603+00:00,41.163253,1774635657377602900,-0.640086,0.346273,0.541164,0.625718,-0.212460,0.673003,0.332234,-0.662379,-0.188205,0.284578,0.105924,-0.957767,0.051292,-0.200609,-0.663827,-0.266205,0.711842,0.104461,0.179236,0.227615,0.959878
2026-03-27T18:20:57.394468+00:00,41.180118,1774635657394468100,-0.639992,0.346303,0.539448,0.627568,-0.214798,0.671645,0.330886,-0.660411,-0.189302,0.282514,0.108646,-0.970933,0.050339,-0.208478,-0.666151,-0.266467,0.713537,0.094694,0.173265,0.243771,0.969154
2026-03-27T18:20:57.411748+00:00,41.197397,1774635657411747700,-0.640052,0.346534,0.538392,0.629502,-0.216123,0.670046,0.329539,-0.659606,-0.189526,0.281769,0.111685,-0.956074,0.049405,-0.207186,-0.667003,-0.266274,0.715213,0.088098,0.175004,0.245698,0.972624
2026-03-27T18:20:57.429003+00:00,41.214652,1774635657429002500,-0.640082,0.346675,0.537820,0.630489,-0.216515,0.669183,0.329502,-0.658974,-0.189729,0.281487,0.109255,-0.977550,0.050777,-0.213911,-0.667720,-0.266411,0.716661,0.082548,0.174711,0.240751,0.969647
2026-03-27T18:20:57.445880+00:00,41.231530,1774635657445880200,-0.640167,0.347093,0.536685,0.633099,-0.216827,0.666779,0.327514,-0.658307,-0.190029,0.281430,0.111165,-0.953443,0.049389,-0.208880,-0.668518,-0.267325,0.717479,0.082805,0.169421,0.226717,0.943472
2026-03-27T18:20:57.462993+00:00,41.248642,1774635657462992700,-0.640221,0.347451,0.535553,0.635307,-0.217195,0.665688,0.325996,-0.657887,-0.190236,0.281657,0.109036,-0.957755,0.049637,-0.209272,-0.669223,-0.268675,0.717657,0.081300,0.168970,0.223750,0.956157
2026-03-27T18:20:57.479994+00:00,41.265644,1774635657479994300,-0.640202,0.347711,0.534422,0.637332,-0.217960,0.664719,0.324411,-0.657506,-0.190389,0.282121,0.108939,-0.952923,0.049526,-0.207166,-0.669506,-0.269281,0.717658,0.080815,0.169000,0.223676,0.965587
2026-03-27T18:20:57.497339+00:00,41.282989,1774635657497338900,-0.639971,0.347862,0.532623,0.640400,-0.219838,0.662015,0.322067,-0.656965,-0.190389,0.282625,0.105421,-0.985237,0.052398,-0.214262,-0.669918,-0.271599,0.717386,0.081672,0.161899,0.218370,0.956341
2026-03-27T18:20:57.514085+00:00,41.299735,1774635657514085100,-0.639971,0.347862,0.532623,0.640400,-0.219838,0.662015,0.322067,-0.656522,-0.190409,0.283163,0.106672,-0.972092,0.053831,-0.212177,-0.669825,-0.272389,0.717305,0.080606,0.160222,0.217802,0.954826
2026-03-27T18:20:57.531090+00:00,41.316739,1774635657531089700,-0.639566,0.347715,0.531528,0.641676,-0.221691,0.660512,0.321478,-0.655766,-0.190442,0.284175,0.111770,-0.955501,0.056216,-0.213967,-0.670010,-0.275953,0.717896,0.070843,0.153746,0.212238,0.946545
2026-03-27T18:20:57.547961+00:00,41.333611,1774635657547961400,-0.639362,0.347555,0.531335,0.642031,-0.222596,0.659983,0.320501,-0.655168,-0.190791,0.284846,0.113617,-0.957628,0.057581,-0.216992,-0.670685,-0.277804,0.718443,0.064829,0.146790,0.199132,0.914372
2026-03-27T18:20:57.564939+00:00,41.350588,1774635657564938800,-0.639178,0.347322,0.531109,0.642002,-0.223004,0.659707,0.320835,-0.655031,-0.191192,0.285812,0.114032,-0.958838,0.057289,-0.217942,-0.671344,-0.279109,0.718909,0.054520,0.146922,0.194699,0.931581
2026-03-27T18:20:57.584681+00:00,41.370330,1774635657584680400,-0.639178,0.347322,0.531109,0.642002,-0.223004,0.659707,0.320835,-0.655031,-0.191192,0.285812,0.114032,-0.958838,0.057289,-0.217942,-0.671344,-0.279109,0.718909,0.054520,0.146922,0.194699,0.931581
2026-03-27T18:20:57.601109+00:00,41.386759,1774635657601109100,-0.638347,0.346891,0.530947,0.640771,-0.224777,0.659865,0.321693,-0.654868,-0.192198,0.288246,0.107080,-0.965841,0.052128,-0.214109,-0.672855,-0.279517,0.720374,0.038209,0.161394,0.219187,1.055835
2026-03-27T18:20:57.617950+00:00,41.403600,1774635657617950400,-0.637918,0.346789,0.531029,0.640229,-0.225713,0.660213,0.321833,-0.654579,-0.192278,0.289695,0.101462,-0.963017,0.050295,-0.212240,-0.673512,-0.278373,0.721075,0.042228,0.144264,0.204641,0.963669
2026-03-27T18:20:57.634979+00:00,41.420628,1774635657634978800,-0.637519,0.346940,0.531107,0.639702,-0.225785,0.660327,0.321517,-0.654503,-0.192204,0.290350,0.099475,-0.959250,0.050008,-0.211119,-0.673800,-0.276654,0.721426,0.044779,0.153914,0.226734,1.041831
2026-03-27T18:20:57.652069+00:00,41.437719,1774635657652069400,-0.637338,0.347359,0.531245,0.639310,-0.226455,0.661675,0.320476,-0.654288,-0.191743,0.291483,0.090411,-0.992757,0.053406,-0.218954,-0.673770,-0.274534,0.721545,0.052315,0.150422,0.233420,1.033204
2026-03-27T18:20:57.669093+00:00,41.454743,1774635657669092900,-0.637143,0.347909,0.531262,0.639597,-0.226625,0.661614,0.318467,-0.654040,-0.191010,0.292377,0.089833,-0.977222,0.054946,-0.216473,-0.673695,-0.272498,0.721675,0.059382,0.141500,0.237415,0.996380
2026-03-27T18:20:57.685997+00:00,41.471647,1774635657685997200,-0.636502,0.348617,0.530646,0.640666,-0.227585,0.662000,0.315332,-0.653411,-0.189434,0.293277,0.093644,-0.964543,0.059465,-0.214563,-0.673138,-0.268500,0.721853,0.066291,0.130081,0.245470,0.949522
2026-03-27T18:20:57.703071+00:00,41.488721,1774635657703071200,-0.636299,0.348845,0.530384,0.640957,-0.228069,0.661858,0.313885,-0.653330,-0.189052,0.293582,0.094584,-0.967181,0.061129,-0.213767,-0.672847,-0.267555,0.721461,0.066496,0.131207,0.254848,0.970124
2026-03-27T18:20:57.720433+00:00,41.506082,1774635657720432600,-0.636091,0.349005,0.530079,0.641382,-0.228664,0.661865,0.313430,-0.653162,-0.188729,0.293734,0.095996,-0.963477,0.060490,-0.211081,-0.672284,-0.266845,0.721276,0.064564,0.137755,0.265446,1.004230
2026-03-27T18:20:57.737205+00:00,41.522854,1774635657737204800,-0.635896,0.349102,0.529798,0.642049,-0.229624,0.661070,0.312374,-0.652868,-0.188493,0.293783,0.096285,-0.957596,0.059731,-0.209759,-0.671611,-0.266668,0.721010,0.066902,0.130556,0.250137,0.939610
2026-03-27T18:20:57.754351+00:00,41.540001,1774635657754351400,-0.635804,0.349097,0.529584,0.643188,-0.230384,0.660213,0.311922,-0.652418,-0.188213,0.293567,0.095480,-0.955082,0.059751,-0.212108,-0.671007,-0.267146,0.720546,0.060932,0.136151,0.264382,0.979511
2026-03-27T18:20:57.771185+00:00,41.556835,1774635657771185100,-0.635712,0.349152,0.529426,0.644102,-0.230371,0.659338,0.311750,-0.651827,-0.187981,0.293278,0.094217,-0.962460,0.060834,-0.217834,-0.670512,-0.268236,0.719932,0.055204,0.140135,0.270343,1.006530
2026-03-27T18:20:57.788396+00:00,41.574046,1774635657788396100,-0.635306,0.349516,0.529037,0.645171,-0.230517,0.658827,0.311153,-0.651109,-0.187735,0.292919,0.091628,-0.989667,0.063741,-0.228981,-0.669865,-0.269268,0.719521,0.051874,0.139641,0.263498,0.986143
2026-03-27T18:20:57.808146+00:00,41.593795,1774635657808145500,-0.635306,0.349516,0.529037,0.645171,-0.230517,0.658827,0.311153,-0.651109,-0.187735,0.292919,0.091628,-0.989667,0.063741,-0.228981,-0.669865,-0.269268,0.719521,0.051874,0.139641,0.263498,0.986143
2026-03-27T18:20:57.825142+00:00,41.610792,1774635657825142400,-0.634551,0.349729,0.529375,0.647237,-0.228582,0.656683,0.312860,-0.650129,-0.188460,0.292754,0.093867,-0.984727,0.060886,-0.229583,-0.669095,-0.271257,0.718610,0.044960,0.147047,0.276839,1.029586
2026-03-27T18:20:57.842095+00:00,41.627745,1774635657842095300,-0.634355,0.349748,0.529760,0.647284,-0.228125,0.656713,0.312784,-0.650148,-0.188914,0.293069,0.096800,-0.950037,0.057861,-0.219750,-0.668799,-0.273806,0.715961,0.040518,0.126398,0.243142,0.898535
2026-03-27T18:20:57.859175+00:00,41.644825,1774635657859175200,-0.634146,0.349634,0.530037,0.647721,-0.228319,0.656125,0.312600,-0.650090,-0.189344,0.293423,0.095540,-0.959856,0.058906,-0.220754,-0.668896,-0.274690,0.713741,0.039791,0.132157,0.240390,0.918353
2026-03-27T18:20:57.876403+00:00,41.662052,1774635657876402700,-0.633956,0.349437,0.530340,0.647374,-0.228767,0.656534,0.313187,-0.649970,-0.189751,0.293692,0.096241,-0.962186,0.058394,-0.219490,-0.669786,-0.275030,0.710886,0.032914,0.162144,0.286378,1.131018
2026-03-27T18:20:57.893471+00:00,41.679121,1774635657893471300,-0.633764,0.349328,0.530770,0.646501,-0.228807,0.656480,0.313774,-0.649545,-0.189937,0.293929,0.097782,-0.962840,0.056551,-0.218803,-0.671048,-0.274318,0.707504,0.042099,0.121141,0.217393,0.864982
2026-03-27T18:20:57.910461+00:00,41.696111,1774635657910461400,-0.633626,0.349258,0.531276,0.644868,-0.228497,0.658273,0.315132,-0.649213,-0.190200,0.294347,0.098743,-0.960685,0.055701,-0.217960,-0.671981,-0.272467,0.704418,0.043115,0.127668,0.236239,0.929691
2026-03-27T18:20:57.927394+00:00,41.713044,1774635657927394200,-0.633546,0.349358,0.531675,0.643736,-0.227626,0.659205,0.314939,-0.648871,-0.190321,0.294703,0.099092,-0.959816,0.057272,-0.217858,-0.672865,-0.269620,0.701611,0.048072,0.142575,0.269284,1.045247
2026-03-27T18:20:57.944489+00:00,41.730139,1774635657944489100,-0.633602,0.349487,0.531693,0.643981,-0.227880,0.659324,0.313881,-0.648620,-0.190646,0.295227,0.099444,-0.960173,0.058554,-0.217234,-0.673658,-0.266376,0.699670,0.070196,0.127002,0.246903,0.929598
2026-03-27T18:20:57.961447+00:00,41.747097,1774635657961447200,-0.633768,0.349624,0.531361,0.644928,-0.228733,0.658533,0.313100,-0.648372,-0.190956,0.295595,0.100570,-0.959332,0.058257,-0.215554,-0.675308,-0.263275,0.698385,0.081827,0.130681,0.264194,0.983504
2026-03-27T18:20:57.978584+00:00,41.764233,1774635657978583700,-0.633993,0.349767,0.530886,0.646244,-0.229670,0.657511,0.311629,-0.648049,-0.191252,0.295866,0.102100,-0.953734,0.056664,-0.212685,-0.677259,-0.259973,0.699057,0.093310,0.115532,0.279737,0.950684
2026-03-27T18:20:57.995469+00:00,41.781118,1774635657995468600,-0.634197,0.349785,0.530358,0.647123,-0.230071,0.656742,0.311037,-0.647869,-0.191375,0.295954,0.102938,-0.948109,0.055849,-0.210879,-0.679247,-0.258212,0.700080,0.100197,0.103933,0.289728,0.935452
2026-03-27T18:20:58.016437+00:00,41.802086,1774635658016436600,-0.634398,0.349664,0.529839,0.648729,-0.230699,0.654952,0.310549,-0.647432,-0.191550,0.295984,0.099490,-0.983670,0.057800,-0.218672,-0.680965,-0.257835,0.701041,0.097897,0.100161,0.298402,0.965832
2026-03-27T18:20:58.033437+00:00,41.819086,1774635658033436800,-0.634630,0.349215,0.528800,0.650716,-0.232041,0.652200,0.311209,-0.646452,-0.191962,0.295638,0.099369,-0.981749,0.060859,-0.222714,-0.681536,-0.256620,0.705238,0.095824,0.107416,0.295407,0.964325
2026-03-27T18:20:58.050468+00:00,41.836118,1774635658050468300,-0.634800,0.349073,0.528343,0.651785,-0.233489,0.651431,0.311016,-0.645985,-0.192377,0.295224,0.105381,-0.950422,0.058910,-0.218101,-0.680742,-0.256187,0.707365,0.090210,0.112239,0.297711,0.961603
2026-03-27T18:20:58.067323+00:00,41.852973,1774635658067322900,-0.634966,0.348978,0.527770,0.653045,-0.234381,0.649417,0.311114,-0.645483,-0.192780,0.294743,0.106620,-0.972602,0.059227,-0.225339,-0.679364,-0.256384,0.708516,0.082215,0.112922,0.292908,0.948779
2026-03-27T18:20:58.084451+00:00,41.870101,1774635658084450900,-0.635082,0.348882,0.527095,0.653589,-0.235192,0.648716,0.311076,-0.645021,-0.193281,0.294339,0.111332,-0.957026,0.056638,-0.223344,-0.678473,-0.256769,0.709785,0.078739,0.112112,0.289196,0.951199
2026-03-27T18:20:58.101388+00:00,41.887038,1774635658101388600,-0.635188,0.348797,0.526714,0.654076,-0.235570,0.647669,0.310847,-0.644786,-0.193725,0.294097,0.108280,-0.984151,0.057551,-0.231281,-0.677880,-0.257163,0.710818,0.077528,0.115108,0.289523,0.982469
2026-03-27T18:20:58.118289+00:00,41.903939,1774635658118289300,-0.635217,0.348764,0.526520,0.653764,-0.236206,0.648358,0.311432,-0.644596,-0.194132,0.293958,0.108161,-0.967180,0.056857,-0.229172,-0.676988,-0.257120,0.711929,0.084004,0.115203,0.278980,0.967140
2026-03-27T18:20:58.135237+00:00,41.920887,1774635658135237500,-0.635231,0.348853,0.526359,0.653888,-0.236426,0.647942,0.310866,-0.644463,-0.194460,0.293774,0.107244,-0.953514,0.056437,-0.227573,-0.675457,-0.255883,0.713005,0.089841,0.119197,0.276108,0.953036
2026-03-27T18:20:58.152282+00:00,41.937932,1774635658152282300,-0.635402,0.349024,0.525850,0.654820,-0.237058,0.647712,0.309177,-0.644423,-0.194816,0.293502,0.103178,-0.975521,0.057625,-0.234183,-0.673193,-0.254060,0.713828,0.090396,0.130183,0.284905,0.973398
2026-03-27T18:20:58.169259+00:00,41.954908,1774635658169258500,-0.635707,0.349161,0.525419,0.655601,-0.237327,0.647499,0.307595,-0.644396,-0.195058,0.293073,0.105142,-0.956121,0.056571,-0.231332,-0.671153,-0.252108,0.714120,0.092789,0.134937,0.284134,0.967511
2026-03-27T18:20:58.186347+00:00,41.971997,1774635658186347400,-0.636260,0.349116,0.524953,0.655577,-0.238043,0.648309,0.306114,-0.644424,-0.195222,0.292102,0.108023,-0.972816,0.060500,-0.239182,-0.669669,-0.249286,0.714024,0.097409,0.134761,0.273417,0.961856
2026-03-27T18:20:58.203657+00:00,41.989307,1774635658203657400,-0.636578,0.348857,0.524671,0.655754,-0.238482,0.647662,0.306609,-0.644625,-0.195259,0.291619,0.111233,-0.967626,0.060774,-0.238140,-0.669523,-0.247374,0.714138,0.103874,0.130308,0.261189,0.948570
2026-03-27T18:20:58.220392+00:00,42.006042,1774635658220391900,-0.636996,0.348549,0.524304,0.656437,-0.239298,0.646440,0.307067,-0.644846,-0.195109,0.291220,0.114633,-0.961422,0.061468,-0.235549,-0.669312,-0.244891,0.715158,0.102874,0.130051,0.261124,0.964493
2026-03-27T18:20:58.237504+00:00,42.023154,1774635658237504100,-0.637411,0.348242,0.523922,0.656987,-0.240088,0.645376,0.307689,-0.645197,-0.194638,0.290763,0.120335,-0.951692,0.061895,-0.231150,-0.668709,-0.241635,0.717233,0.104624,0.127196,0.253365,0.934389
2026-03-27T18:20:58.256715+00:00,42.042364,1774635658256714500,-0.637411,0.348242,0.523922,0.656987,-0.240088,0.645376,0.307689,-0.645197,-0.194638,0.290763,0.120335,-0.951692,0.061895,-0.231150,-0.668709,-0.241635,0.717233,0.104624,0.127196,0.253365,0.934389
2026-03-27T18:20:58.273605+00:00,42.059255,1774635658273605200,-0.638304,0.347783,0.523254,0.658424,-0.240595,0.643052,0.308871,-0.645867,-0.192172,0.289314,0.129211,-0.965607,0.075467,-0.235364,-0.666876,-0.234894,0.722595,0.100871,0.134797,0.262061,0.946025
2026-03-27T18:20:58.290752+00:00,42.076402,1774635658290752200,-0.638980,0.347626,0.522919,0.659423,-0.240882,0.641272,0.309511,-0.645865,-0.190202,0.288476,0.139358,-0.948053,0.085469,-0.233667,-0.665828,-0.231549,0.725843,0.102190,0.139368,0.268533,0.958433
2026-03-27T18:20:58.307671+00:00,42.093321,1774635658307671400,-0.639181,0.347571,0.522827,0.659733,-0.240940,0.640948,0.309742,-0.645916,-0.189046,0.287974,0.140626,-0.968535,0.092298,-0.238996,-0.664681,-0.228324,0.729508,0.107683,0.139800,0.269035,0.945011
2026-03-27T18:20:58.324540+00:00,42.110189,1774635658324539700,-0.639596,0.347510,0.522708,0.659935,-0.240205,0.640356,0.310489,-0.646283,-0.185510,0.286393,0.160172,-0.947880,0.104938,-0.233287,-0.663417,-0.225028,0.733621,0.112028,0.142671,0.278650,0.952778
2026-03-27T18:20:58.341610+00:00,42.127260,1774635658341610400,-0.639960,0.347501,0.522706,0.659591,-0.239313,0.640930,0.311500,-0.646429,-0.184395,0.285898,0.165444,-0.951675,0.109985,-0.233036,-0.661863,-0.221962,0.737827,0.118536,0.143935,0.287665,0.945633
2026-03-27T18:20:58.358600+00:00,42.144250,1774635658358600400,-0.640738,0.347533,0.522815,0.658576,-0.236898,0.642025,0.312652,-0.647242,-0.180667,0.284169,0.186463,-0.952080,0.126258,-0.226693,-0.659048,-0.218206,0.744831,0.127770,0.144302,0.304287,0.936149
2026-03-27T18:20:58.375695+00:00,42.161345,1774635658375695200,-0.641244,0.347669,0.522838,0.657811,-0.236014,0.643307,0.312249,-0.647899,-0.178726,0.283034,0.197740,-0.949971,0.134676,-0.224487,-0.655945,-0.216686,0.752031,0.125395,0.146231,0.321923,0.942261
2026-03-27T18:20:58.392644+00:00,42.178294,1774635658392644100,-0.641734,0.347787,0.522767,0.657294,-0.235821,0.644098,0.311924,-0.648590,-0.176695,0.281738,0.211729,-0.940700,0.143144,-0.220856,-0.653682,-0.216899,0.756699,0.125066,0.146649,0.322338,0.923464
2026-03-27T18:20:58.409944+00:00,42.195593,1774635658409943600,-0.642226,0.347840,0.522604,0.656095,-0.236197,0.646032,0.311447,-0.649101,-0.175070,0.280543,0.225045,-0.935723,0.153456,-0.219555,-0.651613,-0.218120,0.760922,0.121440,0.151303,0.332022,0.933337
2026-03-27T18:20:58.426788+00:00,42.212437,1774635658426787800,-0.642640,0.347768,0.522316,0.656026,-0.236677,0.645663,0.310506,-0.649614,-0.173355,0.279191,0.239886,-0.929713,0.163118,-0.218348,-0.650305,-0.220338,0.764313,0.119065,0.151833,0.338317,0.931981
2026-03-27T18:20:58.443816+00:00,42.229465,1774635658443815600,-0.642819,0.347621,0.522156,0.656142,-0.237409,0.645568,0.309774,-0.649744,-0.171791,0.277896,0.253306,-0.929263,0.173190,-0.220613,-0.649560,-0.224006,0.766698,0.118633,0.147428,0.341015,0.915661
2026-03-27T18:20:58.460840+00:00,42.246489,1774635658460839400,-0.642974,0.347196,0.522017,0.655135,-0.238832,0.646473,0.310070,-0.649622,-0.170392,0.276831,0.267505,-0.920315,0.180197,-0.221488,-0.649517,-0.228684,0.767962,0.114117,0.141486,0.347359,0.917509
2026-03-27T18:20:58.479900+00:00,42.265550,1774635658479899900,-0.642974,0.347196,0.522017,0.655135,-0.238832,0.646473,0.310070,-0.649622,-0.170392,0.276831,0.267505,-0.920315,0.180197,-0.221488,-0.649517,-0.228684,0.767962,0.114117,0.141486,0.347359,0.917509
2026-03-27T18:20:58.497008+00:00,42.282658,1774635658497007900,-0.643028,0.346184,0.522543,0.649905,-0.239621,0.649667,0.313633,-0.650393,-0.167320,0.275043,0.290388,-0.908957,0.201122,-0.223426,-0.649616,-0.236401,0.767968,0.099263,0.132794,0.345579,0.910892
2026-03-27T18:20:58.514004+00:00,42.299653,1774635658514003500,-0.643125,0.346179,0.523361,0.644011,-0.237823,0.655729,0.314543,-0.651214,-0.162242,0.274140,0.316552,-0.893017,0.227070,-0.224783,-0.649214,-0.247555,0.764371,0.077143,0.136445,0.339289,0.942574
2026-03-27T18:20:58.531048+00:00,42.316698,1774635658531048000,-0.643232,0.346423,0.523472,0.642590,-0.237087,0.657324,0.313429,-0.651811,-0.158733,0.273845,0.334507,-0.882521,0.241994,-0.223351,-0.649457,-0.252519,0.761828,0.070307,0.135427,0.317142,0.930397
2026-03-27T18:20:58.547987+00:00,42.333637,1774635658547987300,-0.643310,0.346686,0.523373,0.640565,-0.237352,0.660146,0.312609,-0.652553,-0.154600,0.273785,0.352098,-0.872611,0.259255,-0.220658,-0.649749,-0.256029,0.759271,0.061347,0.142552,0.312365,0.954795
2026-03-27T18:20:58.565083+00:00,42.350732,1774635658565082600,-0.643352,0.346993,0.523036,0.639966,-0.237111,0.661236,0.311725,-0.653198,-0.150074,0.273843,0.367638,-0.861326,0.271269,-0.217726,-0.649700,-0.257294,0.757648,0.060399,0.150528,0.320786,0.972832
2026-03-27T18:20:58.581777+00:00,42.367427,1774635658581777300,-0.643338,0.347309,0.522580,0.639797,-0.236946,0.661697,0.311116,-0.653533,-0.145079,0.273897,0.380779,-0.851549,0.288425,-0.217566,-0.649798,-0.257291,0.756146,0.070179,0.147695,0.310218,0.924334
2026-03-27T18:20:58.598871+00:00,42.384521,1774635658598871300,-0.643358,0.347590,0.521993,0.640288,-0.237084,0.661290,0.310409,-0.653660,-0.142891,0.273954,0.386529,-0.845138,0.297645,-0.217321,-0.649872,-0.256152,0.755828,0.077991,0.146833,0.317848,0.909561
2026-03-27T18:20:58.616034+00:00,42.401683,1774635658616033600,-0.643452,0.347885,0.521286,0.640781,-0.236668,0.660719,0.310477,-0.653778,-0.137344,0.273775,0.400925,-0.829382,0.318940,-0.217440,-0.649569,-0.253787,0.755848,0.079046,0.153251,0.337575,0.934196
2026-03-27T18:20:58.633009+00:00,42.418659,1774635658633008900,-0.643709,0.348310,0.520362,0.641818,-0.236139,0.660654,0.309893,-0.652653,-0.131316,0.273807,0.419162,-0.812650,0.336112,-0.222530,-0.648929,-0.250608,0.756165,0.077754,0.161056,0.350717,0.951235
2026-03-27T18:20:58.650151+00:00,42.435800,1774635658650150600,-0.644094,0.348933,0.519270,0.643409,-0.234632,0.659886,0.308652,-0.651317,-0.125625,0.273488,0.432052,-0.800689,0.349309,-0.227669,-0.648072,-0.247301,0.755795,0.089237,0.160736,0.327242,0.921519
2026-03-27T18:20:58.667081+00:00,42.452730,1774635658667080700,-0.644586,0.349552,0.518154,0.644947,-0.233840,0.659482,0.307280,-0.650448,-0.120488,0.273226,0.440019,-0.788534,0.363891,-0.229363,-0.646681,-0.242874,0.755745,0.099488,0.171345,0.329867,0.938234
2026-03-27T18:20:58.688560+00:00,42.474209,1774635658688559600,-0.645044,0.349923,0.516921,0.646659,-0.233537,0.658455,0.306015,-0.649939,-0.116797,0.273053,0.442201,-0.781704,0.377704,-0.229214,-0.644738,-0.237648,0.755707,0.117525,0.175577,0.327788,0.924086
2026-03-27T18:20:58.705281+00:00,42.490931,1774635658705281000,-0.645632,0.349932,0.514857,0.647869,-0.234010,0.657104,0.306827,-0.649552,-0.111493,0.272837,0.439249,-0.774330,0.395987,-0.223457,-0.638622,-0.226444,0.755946,0.148613,0.188805,0.347549,0.904976
2026-03-27T18:20:58.722242+00:00,42.507891,1774635658722241700,-0.645868,0.349933,0.514138,0.647780,-0.234005,0.656788,0.306729,-0.649668,-0.109453,0.272642,0.431265,-0.774508,0.408573,-0.219818,-0.635198,-0.220770,0.755965,0.165170,0.194463,0.364703,0.902467
2026-03-27T18:20:58.739449+00:00,42.525099,1774635658739449000,-0.646065,0.349980,0.513573,0.646598,-0.233106,0.658015,0.306676,-0.650208,-0.107552,0.272687,0.432144,-0.763889,0.422280,-0.228149,-0.631693,-0.214729,0.755870,0.188430,0.197153,0.375705,0.883966
2026-03-27T18:20:58.756346+00:00,42.541995,1774635658756345600,-0.646313,0.350019,0.513110,0.644980,-0.232650,0.660100,0.306671,-0.651182,-0.105784,0.273378,0.436437,-0.760388,0.427683,-0.222999,-0.628585,-0.208730,0.755588,0.210438,0.198364,0.389327,0.870409
2026-03-27T18:20:58.773428+00:00,42.559078,1774635658773428600,-0.646440,0.349995,0.512832,0.644299,-0.232740,0.660733,0.306540,-0.652953,-0.104647,0.274194,0.437124,-0.757484,0.436911,-0.211779,-0.625218,-0.201559,0.755133,0.233467,0.200382,0.409082,0.860382
2026-03-27T18:20:58.790443+00:00,42.576093,1774635658790443600,-0.646827,0.349857,0.511783,0.642310,-0.233613,0.662878,0.305839,-0.654530,-0.103597,0.275437,0.443217,-0.750436,0.447248,-0.201032,-0.621037,-0.192963,0.754838,0.260618,0.205939,0.430641,0.842082
2026-03-27T18:20:58.807512+00:00,42.593161,1774635658807511700,-0.646960,0.349797,0.511355,0.641629,-0.234023,0.663582,0.305459,-0.656423,-0.103206,0.276874,0.449977,-0.743272,0.458674,-0.187385,-0.618765,-0.188387,0.754586,0.276111,0.208941,0.440718,0.830984
2026-03-27T18:20:58.824703+00:00,42.610352,1774635658824702400,-0.647344,0.349616,0.509904,0.640614,-0.235559,0.664354,0.303874,-0.658842,-0.103560,0.278349,0.462123,-0.736410,0.465403,-0.169704,-0.610740,-0.174262,0.752850,0.323139,0.219720,0.470584,0.790594
2026-03-27T18:20:58.841787+00:00,42.627437,1774635658841787500,-0.647434,0.349541,0.509368,0.640252,-0.236237,0.665189,0.303589,-0.661627,-0.104636,0.279648,0.475046,-0.734430,0.460106,-0.153328,-0.607951,-0.170041,0.751777,0.339631,0.222352,0.475692,0.778883
2026-03-27T18:20:58.858735+00:00,42.644385,1774635658858735100,-0.647678,0.349318,0.507150,0.640021,-0.237905,0.664412,0.302464,-0.667539,-0.108757,0.281586,0.480299,-0.744331,0.445205,-0.129169,-0.597935,-0.155749,0.747204,0.398670,0.232046,0.494223,0.737014
2026-03-27T18:20:58.875667+00:00,42.661317,1774635658875666900,-0.647678,0.349318,0.507150,0.640021,-0.237905,0.664412,0.302464,-0.667539,-0.108757,0.281586,0.480299,-0.744331,0.445205,-0.129169,-0.597935,-0.155749,0.747204,0.398670,0.232046,0.494223,0.737014
2026-03-27T18:20:58.892586+00:00,42.678235,1774635658892585800,-0.647697,0.349108,0.504961,0.639677,-0.239842,0.664874,0.302267,-0.670846,-0.112850,0.282395,0.463000,-0.754708,0.446020,-0.127597,-0.587241,-0.142862,0.742752,0.476745,0.255285,0.466714,0.700010
2026-03-27T18:20:58.911991+00:00,42.697641,1774635658911991100,-0.647697,0.349108,0.504961,0.639677,-0.239842,0.664874,0.302267,-0.670846,-0.112850,0.282395,0.463000,-0.754708,0.446020,-0.127597,-0.587241,-0.142862,0.742752,0.476745,0.255285,0.466714,0.700010
2026-03-27T18:20:58.933262+00:00,42.718912,1774635658933262000,-0.647405,0.349232,0.503187,0.638316,-0.239731,0.666239,0.302427,-0.673425,-0.117999,0.283505,0.432866,-0.773789,0.447047,-0.120037,-0.579772,-0.133082,0.737691,0.523363,0.262841,0.449989,0.673837
2026-03-27T18:20:58.950201+00:00,42.735850,1774635658950200800,-0.647265,0.349477,0.502211,0.636833,-0.238630,0.667411,0.302445,-0.674729,-0.120903,0.284992,0.419438,-0.782310,0.446406,-0.114400,-0.577190,-0.131945,0.734491,0.544272,0.276315,0.433836,0.662274
2026-03-27T18:20:58.967164+00:00,42.752814,1774635658967163900,-0.647141,0.349613,0.501826,0.634993,-0.238299,0.669866,0.302563,-0.676276,-0.122825,0.286527,0.406357,-0.787211,0.451815,-0.104618,-0.575985,-0.131557,0.734082,0.553153,0.275494,0.431927,0.656932
2026-03-27T18:20:58.984444+00:00,42.770094,1774635658984443900,-0.646988,0.349815,0.501676,0.633996,-0.237493,0.670658,0.301698,-0.676508,-0.122484,0.289759,0.442101,-0.749331,0.464692,-0.165923,-0.574190,-0.130888,0.732524,0.576121,0.284826,0.421730,0.639126
2026-03-27T18:20:59.001362+00:00,42.787011,1774635659001361700,-0.646817,0.349991,0.501440,0.632201,-0.236855,0.673052,0.301797,-0.674837,-0.122623,0.290519,0.498688,-0.736327,0.418739,-0.184138,-0.571991,-0.131153,0.730748,0.584589,0.311573,0.427438,0.615266
2026-03-27T18:20:59.018455+00:00,42.804104,1774635659018454400,-0.646611,0.350092,0.501100,0.629939,-0.235875,0.675467,0.301823,-0.675397,-0.125734,0.290693,0.510808,-0.744461,0.397096,-0.162058,-0.570449,-0.130979,0.729381,0.584257,0.325568,0.441983,0.598090
2026-03-27T18:20:59.035424+00:00,42.821074,1774635659035423900,-0.646504,0.350126,0.501029,0.628925,-0.235413,0.676478,0.301588,-0.677255,-0.129269,0.290715,0.503205,-0.754626,0.394307,-0.146676,-0.570375,-0.129812,0.728018,0.571920,0.328261,0.460436,0.593810
2026-03-27T18:20:59.052494+00:00,42.838143,1774635659052493800,-0.646146,0.350280,0.500682,0.626416,-0.234858,0.678884,0.301193,-0.679146,-0.133430,0.290665,0.483110,-0.772061,0.389192,-0.137897,-0.571323,-0.129402,0.726518,0.552470,0.325727,0.476909,0.601102
2026-03-27T18:20:59.069466+00:00,42.855116,1774635659069466100,-0.646041,0.350336,0.500519,0.625705,-0.234757,0.680208,0.301243,-0.681048,-0.136178,0.290233,0.463062,-0.788207,0.385671,-0.130148,-0.572226,-0.129292,0.725837,0.541196,0.322145,0.483041,0.607181
2026-03-27T18:20:59.086686+00:00,42.872335,1774635659086685800,-0.645840,0.350614,0.500196,0.624288,-0.234309,0.681408,0.301434,-0.681799,-0.137900,0.289407,0.448583,-0.795019,0.386640,-0.129987,-0.574235,-0.129577,0.724262,0.526095,0.317756,0.489155,0.619426
2026-03-27T18:20:59.103678+00:00,42.889327,1774635659103677600,-0.645671,0.351116,0.499901,0.623007,-0.233218,0.683658,0.301162,-0.681131,-0.137783,0.288466,0.446014,-0.794608,0.389369,-0.139222,-0.576901,-0.129851,0.723351,0.522714,0.312226,0.484828,0.626771
2026-03-27T18:20:59.120820+00:00,42.906470,1774635659120820000,-0.645671,0.351116,0.499901,0.623007,-0.233218,0.683658,0.301162,-0.681131,-0.137783,0.288466,0.446014,-0.794608,0.389369,-0.139222,-0.576901,-0.129851,0.723351,0.522714,0.312226,0.484828,0.626771
2026-03-27T18:20:59.137769+00:00,42.923418,1774635659137768700,-0.645081,0.352597,0.498897,0.619664,-0.228226,0.688258,0.300083,-0.678336,-0.134633,0.286498,0.458447,-0.780606,0.389529,-0.170994,-0.581415,-0.133760,0.720934,0.514121,0.309623,0.458899,0.654168
2026-03-27T18:20:59.154773+00:00,42.940422,1774635659154772800,-0.644803,0.352756,0.498551,0.618123,-0.228295,0.689889,0.300207,-0.677828,-0.133512,0.285945,0.457170,-0.779305,0.391107,-0.175446,-0.581735,-0.134719,0.720002,0.499253,0.317058,0.459450,0.662483
2026-03-27T18:20:59.171832+00:00,42.957482,1774635659171832100,-0.644499,0.352851,0.498177,0.615938,-0.227824,0.691638,0.300549,-0.678199,-0.133053,0.285314,0.451740,-0.783019,0.389708,-0.177501,-0.581665,-0.134589,0.719354,0.491315,0.322602,0.458174,0.667389
2026-03-27T18:20:59.188853+00:00,42.974503,1774635659188853000,-0.644272,0.353062,0.497754,0.613871,-0.227459,0.694089,0.300369,-0.678563,-0.132075,0.284136,0.437498,-0.791627,0.387469,-0.179176,-0.581008,-0.134419,0.718656,0.488408,0.331257,0.451927,0.667693
2026-03-27T18:20:59.206135+00:00,42.991785,1774635659206135400,-0.644121,0.353322,0.497126,0.612770,-0.227312,0.695373,0.299478,-0.677830,-0.131413,0.283734,0.428583,-0.790666,0.394632,-0.185925,-0.580455,-0.134460,0.717901,0.488022,0.340569,0.444985,0.668529
2026-03-27T18:20:59.223020+00:00,43.008670,1774635659223020000,-0.644011,0.353547,0.496349,0.612236,-0.226733,0.696003,0.298472,-0.677663,-0.130456,0.283831,0.426752,-0.785685,0.408918,-0.179274,-0.580499,-0.134640,0.717035,0.491014,0.343378,0.437476,0.670298
2026-03-27T18:20:59.240141+00:00,43.025791,1774635659240141200,-0.643810,0.353586,0.495461,0.611516,-0.226203,0.696632,0.298234,-0.678875,-0.130126,0.283569,0.425294,-0.786862,0.413381,-0.163882,-0.581058,-0.134835,0.716049,0.493130,0.340277,0.434635,0.672308
2026-03-27T18:20:59.257082+00:00,43.042731,1774635659257081600,-0.643596,0.353507,0.494483,0.610436,-0.227143,0.697800,0.298391,-0.680763,-0.130113,0.283480,0.428106,-0.792970,0.408066,-0.152036,-0.581627,-0.134806,0.714747,0.492358,0.333642,0.437651,0.673338
2026-03-27T18:20:59.274317+00:00,43.059967,1774635659274317000,-0.643368,0.353465,0.493370,0.609762,-0.228109,0.697976,0.298494,-0.683095,-0.130935,0.283838,0.415447,-0.800229,0.405007,-0.153043,-0.581758,-0.134414,0.713384,0.489390,0.328341,0.446145,0.672914
2026-03-27T18:20:59.291335+00:00,43.076985,1774635659291335100,-0.643174,0.353697,0.491731,0.609771,-0.228852,0.698020,0.297861,-0.686089,-0.131178,0.284787,0.398030,-0.807038,0.410726,-0.138438,-0.580416,-0.133606,0.711117,0.491169,0.320374,0.460762,0.665503
2026-03-27T18:20:59.308684+00:00,43.094334,1774635659308684300,-0.643020,0.354324,0.490269,0.609912,-0.227113,0.698734,0.296513,-0.686244,-0.130757,0.285352,0.411355,-0.806254,0.400015,-0.144069,-0.579758,-0.133385,0.709967,0.496757,0.317892,0.463836,0.661763
2026-03-27T18:20:59.325610+00:00,43.111259,1774635659325609700,-0.642954,0.354573,0.489809,0.609815,-0.226480,0.699098,0.295983,-0.685527,-0.130461,0.285443,0.431198,-0.801267,0.387638,-0.145712,-0.579411,-0.133248,0.709460,0.499266,0.317046,0.464077,0.659919
