timestamp,time_seconds,timestamp_ns,t_ms,t_ms_corrected_ns,gripper_side,sw,opening_mm,angle_deg
2026-03-27T18:22:41.561607+00:00,0.030056,1774635761561607017,444740,1774635761561607017,right,ON,0.9,1.58
2026-03-27T18:22:41.577948+00:00,0.046397,1774635761577947917,444756,1774635761577682688,right,ON,0.9,1.58
2026-03-27T18:22:41.593338+00:00,0.061787,1774635761593337717,444772,1774635761593426432,right,ON,0.9,1.58
2026-03-27T18:22:41.609712+00:00,0.078162,1774635761609712417,444788,1774635761609496320,right,ON,0.9,1.58
2026-03-27T18:22:41.625220+00:00,0.093670,1774635761625220317,444804,1774635761625313024,right,ON,0.9,1.58
2026-03-27T18:22:41.641623+00:00,0.110072,1774635761641622617,444820,1774635761641371392,right,ON,0.9,1.58
2026-03-27T18:22:41.658027+00:00,0.126476,1774635761658026917,444836,1774635761657565696,right,ON,0.9,1.58
2026-03-27T18:22:41.673394+00:00,0.141843,1774635761673393617,444852,1774635761673482752,right,ON,0.9,1.58
2026-03-27T18:22:41.689870+00:00,0.158319,1774635761689869717,444868,1774635761689576192,right,ON,0.9,1.58
2026-03-27T18:22:41.706401+00:00,0.174850,1774635761706401217,444884,1774635761705802496,right,ON,0.9,1.58
2026-03-27T18:22:41.721692+00:00,0.190141,1774635761721691617,444900,1774635761721778432,right,ON,0.9,1.58
2026-03-27T18:22:41.738324+00:00,0.206773,1774635761738324217,444916,1774635761737922304,right,ON,0.9,1.58
2026-03-27T18:22:41.753551+00:00,0.222000,1774635761753551017,444932,1774635761753848064,right,ON,0.9,1.58
2026-03-27T18:22:41.770083+00:00,0.238533,1774635761770083417,444948,1774635761769909760,right,ON,0.9,1.58
2026-03-27T18:22:41.786357+00:00,0.254806,1774635761786357217,444964,1774635761786018304,right,ON,0.9,1.58
2026-03-27T18:22:41.801886+00:00,0.270335,1774635761801885817,444980,1774635761802010112,right,ON,0.9,1.49
2026-03-27T18:22:41.818343+00:00,0.286792,1774635761818342717,444996,1774635761818092032,right,ON,0.9,1.58
2026-03-27T18:22:41.834743+00:00,0.303193,1774635761834743417,445012,1774635761834234112,right,ON,0.9,1.58
2026-03-27T18:22:41.850026+00:00,0.318475,1774635761850025717,445028,1774635761850225920,right,ON,0.9,1.58
2026-03-27T18:22:41.866616+00:00,0.335065,1774635761866615517,445044,1774635761866318592,right,ON,0.9,1.49
2026-03-27T18:22:41.881915+00:00,0.350364,1774635761881914617,445060,1774635761882283008,right,ON,0.9,1.49
2026-03-27T18:22:41.898435+00:00,0.366884,1774635761898434517,445076,1774635761898332928,right,ON,0.9,1.49
2026-03-27T18:22:41.914723+00:00,0.383172,1774635761914722817,445092,1774635761914419456,right,ON,0.9,1.49
2026-03-27T18:22:41.930274+00:00,0.398723,1774635761930274017,445108,1774635761930428928,right,ON,0.9,1.49
2026-03-27T18:22:41.946629+00:00,0.415078,1774635761946629017,445124,1774635761946486272,right,ON,0.8,1.41
2026-03-27T18:22:41.963125+00:00,0.431575,1774635761963125517,445140,1774635761962603776,right,ON,0.8,1.41
2026-03-27T18:22:41.978505+00:00,0.446955,1774635761978505317,445156,1774635761978625536,right,ON,0.8,1.41
2026-03-27T18:22:41.994932+00:00,0.463381,1774635761994931917,445172,1774635761994698496,right,ON,0.8,1.41
2026-03-27T18:22:42.010266+00:00,0.478715,1774635762010266117,445188,1774635762010681088,right,ON,0.8,1.41
2026-03-27T18:22:42.026744+00:00,0.495193,1774635762026743517,445204,1774635762026722048,right,ON,0.8,1.41
2026-03-27T18:22:42.043118+00:00,0.511567,1774635762043117817,445220,1774635762042801408,right,ON,0.8,1.41
2026-03-27T18:22:42.058620+00:00,0.527069,1774635762058619817,445236,1774635762058816512,right,ON,0.8,1.41
2026-03-27T18:22:42.074969+00:00,0.543418,1774635762074968817,445252,1774635762074867712,right,ON,0.8,1.41
2026-03-27T18:22:42.091449+00:00,0.559898,1774635762091448617,445268,1774635762090964992,right,ON,0.8,1.32
2026-03-27T18:22:42.106787+00:00,0.575237,1774635762106787317,445284,1774635762106983936,right,ON,0.8,1.41
2026-03-27T18:22:42.123310+00:00,0.591760,1774635762123310317,445300,1774635762123053824,right,ON,0.8,1.32
2026-03-27T18:22:42.138658+00:00,0.607107,1774635762138657917,445316,1774635762139052544,right,ON,0.8,1.41
2026-03-27T18:22:42.155128+00:00,0.623578,1774635762155128617,445332,1774635762155096320,right,ON,0.8,1.41
2026-03-27T18:22:42.181844+00:00,0.650293,1774635762181843417,445348,1774635762172144128,right,ON,0.8,1.41
2026-03-27T18:22:42.187034+00:00,0.655483,1774635762187033817,445364,1774635762188112640,right,ON,0.8,1.41
2026-03-27T18:22:42.203331+00:00,0.671781,1774635762203331417,445380,1774635762204109824,right,ON,0.8,1.41
2026-03-27T18:22:42.219878+00:00,0.688327,1774635762219878017,445396,1774635762220154368,right,ON,0.8,1.41
2026-03-27T18:22:42.235149+00:00,0.703598,1774635762235148817,445412,1774635762236132096,right,ON,0.8,1.32
2026-03-27T18:22:42.251685+00:00,0.720134,1774635762251685117,445428,1774635762252155904,right,ON,0.8,1.32
2026-03-27T18:22:42.266952+00:00,0.735401,1774635762266951717,445444,1774635762268116736,right,ON,0.8,1.32
2026-03-27T18:22:42.283891+00:00,0.752340,1774635762283891117,445460,1774635762284155904,right,ON,0.8,1.32
2026-03-27T18:22:42.299966+00:00,0.768415,1774635762299966017,445476,1774635762300197632,right,ON,0.8,1.32
2026-03-27T18:22:42.315321+00:00,0.783771,1774635762315321317,445492,1774635762316185600,right,ON,0.8,1.32
2026-03-27T18:22:42.331709+00:00,0.800158,1774635762331708617,445508,1774635762332203520,right,ON,0.8,1.32
2026-03-27T18:22:42.348174+00:00,0.816623,1774635762348173617,445524,1774635762348254720,right,ON,0.8,1.32
2026-03-27T18:22:42.363502+00:00,0.831951,1774635762363502017,445540,1774635762364252672,right,ON,0.7,1.23
2026-03-27T18:22:42.379992+00:00,0.848441,1774635762379992117,445556,1774635762380285440,right,ON,0.8,1.32
2026-03-27T18:22:42.395323+00:00,0.863772,1774635762395322517,445572,1774635762396268288,right,ON,0.7,1.23
2026-03-27T18:22:42.422398+00:00,0.890847,1774635762422398117,445588,1774635762413022208,right,ON,0.7,1.23
2026-03-27T18:22:42.428177+00:00,0.896626,1774635762428176517,445604,1774635762429031424,right,ON,0.7,1.23
2026-03-27T18:22:42.443696+00:00,0.912145,1774635762443695917,445620,1774635762445007360,right,ON,0.7,1.23
2026-03-27T18:22:42.459979+00:00,0.928429,1774635762459979317,445636,1774635762461002752,right,ON,0.7,1.23
2026-03-27T18:22:42.476529+00:00,0.944979,1774635762476529317,445652,1774635762477033472,right,ON,0.7,1.23
2026-03-27T18:22:42.491861+00:00,0.960310,1774635762491861117,445668,1774635762493019392,right,ON,0.7,1.23
2026-03-27T18:22:42.508343+00:00,0.976792,1774635762508342717,445684,1774635762509036032,right,ON,0.7,1.23
2026-03-27T18:22:42.523694+00:00,0.992143,1774635762523693517,445700,1774635762525010944,right,ON,0.7,1.23
2026-03-27T18:22:42.540161+00:00,1.008610,1774635762540161017,445716,1774635762541015296,right,ON,0.7,1.23
2026-03-27T18:22:42.556664+00:00,1.025113,1774635762556663917,445732,1774635762557082112,right,ON,0.7,1.23
2026-03-27T18:22:42.572026+00:00,1.040475,1774635762572025717,445748,1774635762573079808,right,ON,0.7,1.23
2026-03-27T18:22:42.588491+00:00,1.056941,1774635762588491317,445764,1774635762589104896,right,ON,0.7,1.23
2026-03-27T18:22:42.604964+00:00,1.073414,1774635762604964417,445780,1774635762605165056,right,ON,0.7,1.23
2026-03-27T18:22:42.620312+00:00,1.088761,1774635762620312017,445796,1774635762621162240,right,ON,0.7,1.14
2026-03-27T18:22:42.646029+00:00,1.114479,1774635762646029617,445812,1774635762637760256,right,ON,0.7,1.23
2026-03-27T18:22:42.652153+00:00,1.120603,1774635762652153317,445828,1774635762653721856,right,ON,0.7,1.14
2026-03-27T18:22:42.668499+00:00,1.136948,1774635762668499217,445844,1774635762669713152,right,ON,0.7,1.14
2026-03-27T18:22:42.685005+00:00,1.153454,1774635762685005217,445860,1774635762685743616,right,ON,0.7,1.14
2026-03-27T18:22:42.700347+00:00,1.168796,1774635762700347217,445876,1774635762701710080,right,ON,0.7,1.14
2026-03-27T18:22:42.716813+00:00,1.185263,1774635762716813317,445892,1774635762717715456,right,ON,0.7,1.14
2026-03-27T18:22:42.733194+00:00,1.201643,1774635762733193917,445908,1774635762733756160,right,ON,0.7,1.14
2026-03-27T18:22:42.748812+00:00,1.217262,1774635762748812417,445924,1774635762749747712,right,ON,0.7,1.14
2026-03-27T18:22:42.765063+00:00,1.233512,1774635762765063017,445940,1774635762765769728,right,ON,0.7,1.14
2026-03-27T18:22:42.780510+00:00,1.248959,1774635762780509817,445956,1774635762781729792,right,ON,0.7,1.14
2026-03-27T18:22:42.796907+00:00,1.265356,1774635762796907117,445972,1774635762797726720,right,ON,0.6,1.05
2026-03-27T18:22:42.813395+00:00,1.281845,1774635762813395317,445988,1774635762813757696,right,ON,0.7,1.14
2026-03-27T18:22:42.828695+00:00,1.297145,1774635762828695317,446004,1774635762829726976,right,ON,0.7,1.14
2026-03-27T18:22:42.854710+00:00,1.323159,1774635762854710017,446020,1774635762846317824,right,ON,0.7,1.14
2026-03-27T18:22:42.861560+00:00,1.330009,1774635762861560117,446036,1774635762862344704,right,ON,0.7,1.14
2026-03-27T18:22:42.877051+00:00,1.345500,1774635762877050617,446052,1774635762878314240,right,ON,0.6,1.05
2026-03-27T18:22:42.893362+00:00,1.361811,1774635762893362017,446068,1774635762894316544,right,ON,0.6,1.05
2026-03-27T18:22:42.908906+00:00,1.377355,1774635762908906017,446084,1774635762910265344,right,ON,0.6,1.05
2026-03-27T18:22:42.925205+00:00,1.393655,1774635762925205517,446100,1774635762926244096,right,ON,0.6,1.05
2026-03-27T18:22:42.941753+00:00,1.410202,1774635762941752917,446116,1774635762942261504,right,ON,0.6,1.05
2026-03-27T18:22:42.957052+00:00,1.425501,1774635762957051617,446132,1774635762958217728,right,ON,0.6,1.05
2026-03-27T18:22:42.973553+00:00,1.442002,1774635762973552717,446148,1774635762974211328,right,ON,0.6,1.05
2026-03-27T18:22:42.989872+00:00,1.458321,1774635762989871617,446164,1774635762990235904,right,ON,0.6,1.05
2026-03-27T18:22:43.005529+00:00,1.473978,1774635763005529217,446180,1774635763006216448,right,ON,0.6,1.05
2026-03-27T18:22:43.021712+00:00,1.490161,1774635763021711917,446196,1774635763022216960,right,ON,0.6,0.97
2026-03-27T18:22:43.037333+00:00,1.505782,1774635763037332717,446212,1774635763038169344,right,ON,0.6,0.97
2026-03-27T18:22:43.053595+00:00,1.522045,1774635763053595517,446228,1774635763054148352,right,ON,0.6,1.05
2026-03-27T18:22:43.078919+00:00,1.547369,1774635763078919417,446244,1774635763070704384,right,ON,0.6,0.97
2026-03-27T18:22:43.085464+00:00,1.553913,1774635763085463917,446260,1774635763086650368,right,ON,0.6,0.97
2026-03-27T18:22:43.101971+00:00,1.570420,1774635763101971017,446276,1774635763102633984,right,ON,0.6,0.97
2026-03-27T18:22:43.118201+00:00,1.586651,1774635763118201417,446292,1774635763118642688,right,ON,0.6,0.97
2026-03-27T18:22:43.133841+00:00,1.602290,1774635763133840617,446308,1774635763134604544,right,ON,0.6,0.97
2026-03-27T18:22:43.150222+00:00,1.618672,1774635763150222317,446324,1774635763150601472,right,ON,0.6,0.97
2026-03-27T18:22:43.165536+00:00,1.633985,1774635763165535917,446340,1774635763166532096,right,ON,0.6,0.97
2026-03-27T18:22:43.182139+00:00,1.650588,1774635763182138517,446356,1774635763182510080,right,ON,0.6,0.97
2026-03-27T18:22:43.198399+00:00,1.666848,1774635763198399117,446372,1774635763198834432,right,ON,0.6,0.97
2026-03-27T18:22:43.213996+00:00,1.682445,1774635763213996017,446388,1774635763214807040,right,ON,0.6,0.97
2026-03-27T18:22:43.230228+00:00,1.698677,1774635763230227917,446404,1774635763230799104,right,ON,0.6,0.97
2026-03-27T18:22:43.246805+00:00,1.715254,1774635763246805217,446420,1774635763246839040,right,ON,0.6,1.05
2026-03-27T18:22:43.262061+00:00,1.730510,1774635763262060517,446436,1774635763262806528,right,ON,0.6,0.97
2026-03-27T18:22:43.286941+00:00,1.755390,1774635763286941117,446452,1774635763279328768,right,ON,0.6,0.97
2026-03-27T18:22:43.293937+00:00,1.762387,1774635763293937317,446468,1774635763295262208,right,ON,0.6,0.97
2026-03-27T18:22:43.310456+00:00,1.778905,1774635763310455517,446484,1774635763311252224,right,ON,0.6,0.97
2026-03-27T18:22:43.326694+00:00,1.795143,1774635763326693717,446500,1774635763327255552,right,ON,0.6,0.97
2026-03-27T18:22:43.342275+00:00,1.810724,1774635763342275217,446516,1774635763343209472,right,ON,0.6,0.97
2026-03-27T18:22:43.358637+00:00,1.827086,1774635763358637017,446532,1774635763359192832,right,ON,0.6,0.97
2026-03-27T18:22:43.375145+00:00,1.843595,1774635763375145517,446548,1774635763375217920,right,ON,0.6,0.97
2026-03-27T18:22:43.390357+00:00,1.858807,1774635763390357317,446564,1774635763391169280,right,ON,0.6,0.97
2026-03-27T18:22:43.406958+00:00,1.875408,1774635763406958317,446580,1774635763407169024,right,ON,0.6,0.97
2026-03-27T18:22:43.422609+00:00,1.891058,1774635763422608517,446596,1774635763423121920,right,ON,0.6,0.97
2026-03-27T18:22:43.438781+00:00,1.907230,1774635763438781117,446612,1774635763439426560,right,ON,0.6,0.97
2026-03-27T18:22:43.455086+00:00,1.923536,1774635763455086317,446628,1774635763455441408,right,ON,0.6,0.97
2026-03-27T18:22:43.470638+00:00,1.939087,1774635763470637917,446644,1774635763471409920,right,ON,0.6,0.97
2026-03-27T18:22:43.487085+00:00,1.955534,1774635763487084817,446660,1774635763487410176,right,ON,0.6,0.97
2026-03-27T18:22:43.511032+00:00,1.979482,1774635763511032317,446676,1774635763503908352,right,ON,0.6,0.97
2026-03-27T18:22:43.518934+00:00,1.987383,1774635763518933617,446692,1774635763519876352,right,ON,0.6,0.97
2026-03-27T18:22:43.535321+00:00,2.003770,1774635763535320617,446708,1774635763535878144,right,ON,0.6,0.97
2026-03-27T18:22:43.550749+00:00,2.019198,1774635763550748717,446724,1774635763551820544,right,ON,0.6,0.97
2026-03-27T18:22:43.567091+00:00,2.035541,1774635763567091317,446740,1774635763567794176,right,ON,0.6,0.97
2026-03-27T18:22:43.583637+00:00,2.052087,1774635763583637317,446756,1774635763583812608,right,ON,0.6,0.97
2026-03-27T18:22:43.598871+00:00,2.067320,1774635763598870617,446772,1774635763599760128,right,ON,0.6,0.97
2026-03-27T18:22:43.615463+00:00,2.083913,1774635763615463517,446788,1774635763615753984,right,ON,0.6,0.97
2026-03-27T18:22:43.631719+00:00,2.100169,1774635763631719517,446804,1774635763631774464,right,ON,0.6,0.97
2026-03-27T18:22:43.647302+00:00,2.115751,1774635763647301917,446820,1774635763647744512,right,ON,0.6,0.97
2026-03-27T18:22:43.663788+00:00,2.132237,1774635763663787917,446836,1774635763664044032,right,ON,0.6,0.97
2026-03-27T18:22:43.679137+00:00,2.147586,1774635763679137017,446852,1774635763680003840,right,ON,0.6,0.97
2026-03-27T18:22:43.695419+00:00,2.163869,1774635763695419417,446868,1774635763695987712,right,ON,0.6,0.97
2026-03-27T18:22:43.719128+00:00,2.187577,1774635763719128117,446884,1774635763712453632,right,ON,0.6,0.97
2026-03-27T18:22:43.727284+00:00,2.195733,1774635763727284217,446900,1774635763728405504,right,ON,0.6,0.97
2026-03-27T18:22:43.743847+00:00,2.212296,1774635763743846917,446916,1774635763744402176,right,ON,0.6,0.97
2026-03-27T18:22:43.760097+00:00,2.228546,1774635763760096717,446932,1774635763760421632,right,ON,0.6,0.97
2026-03-27T18:22:43.775600+00:00,2.244050,1774635763775600317,446948,1774635763776394240,right,ON,0.6,1.05
2026-03-27T18:22:43.791947+00:00,2.260396,1774635763791946817,446964,1774635763792392192,right,ON,0.6,0.97
2026-03-27T18:22:43.807466+00:00,2.275915,1774635763807465717,446980,1774635763808339200,right,ON,0.6,0.97
2026-03-27T18:22:43.823786+00:00,2.292236,1774635763823786517,446996,1774635763824314112,right,ON,0.6,0.97
2026-03-27T18:22:43.840297+00:00,2.308747,1774635763840297317,447012,1774635763840331264,right,ON,0.6,0.97
2026-03-27T18:22:43.855611+00:00,2.324060,1774635763855610717,447028,1774635763856280576,right,ON,0.6,0.97
2026-03-27T18:22:43.872113+00:00,2.340562,1774635763872112817,447044,1774635763872569088,right,ON,0.6,0.97
2026-03-27T18:22:43.888772+00:00,2.357222,1774635763888772317,447060,1774635763888621312,right,ON,0.6,0.97
2026-03-27T18:22:43.903989+00:00,2.372438,1774635763903988717,447076,1774635763904605440,right,ON,0.6,0.97
2026-03-27T18:22:43.920443+00:00,2.388892,1774635763920442917,447092,1774635763920622592,right,ON,0.6,0.97
2026-03-27T18:22:43.935786+00:00,2.404235,1774635763935785517,447108,1774635763936581120,right,ON,0.6,0.97
2026-03-27T18:22:43.958977+00:00,2.427426,1774635763958977117,447124,1774635763952983552,right,ON,0.6,0.97
2026-03-27T18:22:43.968691+00:00,2.437141,1774635763968691317,447140,1774635763969005568,right,ON,0.6,0.97
2026-03-27T18:22:43.984118+00:00,2.452568,1774635763984118417,447156,1774635763984966400,right,ON,0.6,0.97
2026-03-27T18:22:44.000448+00:00,2.468898,1774635764000448517,447172,1774635764000958464,right,ON,0.6,0.97
2026-03-27T18:22:44.016982+00:00,2.485431,1774635764016982217,447188,1774635764016989184,right,ON,0.6,0.97
2026-03-27T18:22:44.032269+00:00,2.500719,1774635764032269617,447204,1774635764032961024,right,ON,0.6,0.97
2026-03-27T18:22:44.048819+00:00,2.517268,1774635764048819017,447220,1774635764048968192,right,ON,0.6,0.97
2026-03-27T18:22:44.064098+00:00,2.532547,1774635764064097817,447236,1774635764064914688,right,ON,0.6,0.97
2026-03-27T18:22:44.080708+00:00,2.549157,1774635764080708217,447252,1774635764080903168,right,ON,0.6,0.97
2026-03-27T18:22:44.096975+00:00,2.565424,1774635764096974917,447268,1774635764097194496,right,ON,0.6,0.97
2026-03-27T18:22:44.112478+00:00,2.580927,1774635764112477817,447284,1774635764113168640,right,ON,0.6,0.97
2026-03-27T18:22:44.128780+00:00,2.597229,1774635764128779817,447300,1774635764129172992,right,ON,0.6,0.97
2026-03-27T18:22:44.145312+00:00,2.613761,1774635764145312117,447316,1774635764145212672,right,ON,0.6,0.97
2026-03-27T18:22:44.160655+00:00,2.629104,1774635764160655117,447332,1774635764161196544,right,ON,0.6,0.97
2026-03-27T18:22:44.182979+00:00,2.651428,1774635764182979017,447348,1774635764177574656,right,ON,0.6,0.97
2026-03-27T18:22:44.192485+00:00,2.660934,1774635764192484717,447364,1774635764193521920,right,ON,0.6,0.97
2026-03-27T18:22:44.209018+00:00,2.677468,1774635764209018317,447380,1774635764209516288,right,ON,0.6,0.97
2026-03-27T18:22:44.225312+00:00,2.693762,1774635764225312417,447396,1774635764225532672,right,ON,0.6,0.97
2026-03-27T18:22:44.240885+00:00,2.709334,1774635764240884617,447412,1774635764241506048,right,ON,0.6,0.97
2026-03-27T18:22:44.257192+00:00,2.725641,1774635764257191917,447428,1774635764257501440,right,ON,0.6,0.97
2026-03-27T18:22:44.273706+00:00,2.742156,1774635764273706417,447444,1774635764273541888,right,ON,0.6,0.97
2026-03-27T18:22:44.288978+00:00,2.757427,1774635764288978217,447460,1774635764289510400,right,ON,0.6,0.97
2026-03-27T18:22:44.305505+00:00,2.773955,1774635764305505317,447476,1774635764305784576,right,ON,0.6,0.97
2026-03-27T18:22:44.320850+00:00,2.789299,1774635764320850117,447492,1774635764321745152,right,ON,0.6,0.97
2026-03-27T18:22:44.337358+00:00,2.805808,1774635764337358617,447508,1774635764337748480,right,ON,0.6,0.97
2026-03-27T18:22:44.353738+00:00,2.822187,1774635764353738017,447524,1774635764353778688,right,ON,0.6,0.97
2026-03-27T18:22:44.369306+00:00,2.837755,1774635764369305517,447540,1774635764369764864,right,ON,0.6,0.97
2026-03-27T18:22:44.391349+00:00,2.859798,1774635764391348617,447556,1774635764386126592,right,ON,0.6,0.97
2026-03-27T18:22:44.402036+00:00,2.870485,1774635764402035817,447572,1774635764402167552,right,ON,0.6,0.97
2026-03-27T18:22:44.417377+00:00,2.885826,1774635764417377017,447588,1774635764418139648,right,ON,0.6,0.97
2026-03-27T18:22:44.433852+00:00,2.902301,1774635764433852017,447604,1774635764434155264,right,ON,0.6,0.97
2026-03-27T18:22:44.449205+00:00,2.917654,1774635764449204717,447620,1774635764450115840,right,ON,0.6,0.97
2026-03-27T18:22:44.465676+00:00,2.934125,1774635764465676017,447636,1774635764466106880,right,ON,0.6,0.97
2026-03-27T18:22:44.482063+00:00,2.950512,1774635764482062717,447652,1774635764482127104,right,ON,0.6,0.97
2026-03-27T18:22:44.497510+00:00,2.965959,1774635764497509617,447668,1774635764498095104,right,ON,0.6,0.97
2026-03-27T18:22:44.514050+00:00,2.982499,1774635764514050017,447684,1774635764514106112,right,ON,0.6,0.97
2026-03-27T18:22:44.530349+00:00,2.998798,1774635764530348817,447700,1774635764530379264,right,ON,0.6,0.97
2026-03-27T18:22:44.545733+00:00,3.014182,1774635764545733217,447716,1774635764546368512,right,ON,0.6,0.97
2026-03-27T18:22:44.562123+00:00,3.030572,1774635764562123117,447732,1774635764562389760,right,ON,0.6,0.97
2026-03-27T18:22:44.577673+00:00,3.046122,1774635764577672917,447748,1774635764578361344,right,ON,0.6,0.97
2026-03-27T18:22:44.594078+00:00,3.062527,1774635764594077917,447764,1774635764594364416,right,ON,0.6,0.97
2026-03-27T18:22:44.614907+00:00,3.083356,1774635764614907217,447780,1774635764610674944,right,ON,0.6,0.97
2026-03-27T18:22:44.625797+00:00,3.094246,1774635764625797017,447796,1774635764626639104,right,ON,0.6,0.97
2026-03-27T18:22:44.642406+00:00,3.110856,1774635764642406317,447812,1774635764642654720,right,ON,0.6,0.97
2026-03-27T18:22:44.658771+00:00,3.127220,1774635764658770717,447828,1774635764658696448,right,ON,0.6,0.97
2026-03-27T18:22:44.674235+00:00,3.142684,1774635764674234517,447844,1774635764674688000,right,ON,0.6,0.97
2026-03-27T18:22:44.690515+00:00,3.158964,1774635764690514717,447860,1774635764690707456,right,ON,0.6,0.97
2026-03-27T18:22:44.706049+00:00,3.174498,1774635764706049017,447876,1774635764706674176,right,ON,0.6,0.97
2026-03-27T18:22:44.722409+00:00,3.190859,1774635764722409517,447892,1774635764722667776,right,ON,0.6,0.97
2026-03-27T18:22:44.738944+00:00,3.207393,1774635764738943817,447908,1774635764738930432,right,ON,0.6,0.97
2026-03-27T18:22:44.754291+00:00,3.222740,1774635764754290917,447924,1774635764754914048,right,ON,0.6,0.97
2026-03-27T18:22:44.770687+00:00,3.239137,1774635764770687317,447940,1774635764770935296,right,ON,0.6,0.97
2026-03-27T18:22:44.787128+00:00,3.255577,1774635764787127917,447956,1774635764786987008,right,ON,0.6,0.97
2026-03-27T18:22:44.802595+00:00,3.271044,1774635764802594917,447972,1774635764802986240,right,ON,0.6,0.97
2026-03-27T18:22:44.822903+00:00,3.291352,1774635764822903117,447988,1774635764819255296,right,ON,0.6,0.97
2026-03-27T18:22:44.834345+00:00,3.302795,1774635764834345317,448004,1774635764835220736,right,ON,0.6,0.97
2026-03-27T18:22:44.850773+00:00,3.319223,1774635764850773317,448020,1774635764851218176,right,ON,0.6,0.97
2026-03-27T18:22:44.867275+00:00,3.335724,1774635764867274517,448036,1774635764867258112,right,ON,0.6,0.97
2026-03-27T18:22:44.882665+00:00,3.351114,1774635764882664717,448052,1774635764883235072,right,ON,0.6,0.97
2026-03-27T18:22:44.899110+00:00,3.367559,1774635764899109717,448068,1774635764899250432,right,ON,0.6,0.97
2026-03-27T18:22:44.915497+00:00,3.383946,1774635764915497017,448084,1774635764915305472,right,ON,0.6,0.97
2026-03-27T18:22:44.930940+00:00,3.399389,1774635764930940217,448100,1774635764931298304,right,ON,0.6,0.97
2026-03-27T18:22:44.947323+00:00,3.415772,1774635764947322717,448116,1774635764947324416,right,ON,0.6,0.97
2026-03-27T18:22:44.962744+00:00,3.431193,1774635764962743717,448132,1774635764963290368,right,ON,0.6,0.97
2026-03-27T18:22:44.979156+00:00,3.447605,1774635764979155717,448148,1774635764979502080,right,ON,0.6,0.97
2026-03-27T18:22:44.995633+00:00,3.464082,1774635764995632517,448164,1774635764995552000,right,ON,0.6,0.97
2026-03-27T18:22:45.011005+00:00,3.479455,1774635765011005417,448180,1774635765011541504,right,ON,0.6,0.97
2026-03-27T18:22:45.027479+00:00,3.495928,1774635765027478917,448196,1774635765027566080,right,ON,0.6,0.97
2026-03-27T18:22:45.046908+00:00,3.515357,1774635765046907617,448212,1774635765043812096,right,ON,0.5,0.88
2026-03-27T18:22:45.059262+00:00,3.527711,1774635765059261817,448228,1774635765059804672,right,ON,0.6,0.97
2026-03-27T18:22:45.075695+00:00,3.544144,1774635765075694717,448244,1774635765075836672,right,ON,0.6,0.97
2026-03-27T18:22:45.091193+00:00,3.559643,1774635765091193317,448260,1774635765091811328,right,ON,0.5,0.88
2026-03-27T18:22:45.107504+00:00,3.575953,1774635765107504017,448276,1774635765107819776,right,ON,0.6,0.97
2026-03-27T18:22:45.124064+00:00,3.592514,1774635765124064317,448292,1774635765123866368,right,ON,0.5,0.88
2026-03-27T18:22:45.139344+00:00,3.607793,1774635765139344217,448308,1774635765139849472,right,ON,0.6,0.97
2026-03-27T18:22:45.155900+00:00,3.624350,1774635765155900517,448324,1774635765155871488,right,ON,0.6,0.97
2026-03-27T18:22:45.172185+00:00,3.640634,1774635765172185117,448340,1774635765171923200,right,ON,0.5,0.88
2026-03-27T18:22:45.187732+00:00,3.656181,1774635765187731417,448356,1774635765187922432,right,ON,0.6,0.97
2026-03-27T18:22:45.203997+00:00,3.672446,1774635765203996617,448372,1774635765204131072,right,ON,0.5,0.88
2026-03-27T18:22:45.219553+00:00,3.688003,1774635765219553417,448388,1774635765220113920,right,ON,0.6,0.97
2026-03-27T18:22:45.235818+00:00,3.704267,1774635765235818217,448404,1774635765236125440,right,ON,0.5,0.88
2026-03-27T18:22:45.255137+00:00,3.723587,1774635765255137617,448420,1774635765252344576,right,ON,0.6,0.97
2026-03-27T18:22:45.267648+00:00,3.736097,1774635765267648017,448436,1774635765268328960,right,ON,0.5,0.88
2026-03-27T18:22:45.284223+00:00,3.752672,1774635765284223017,448452,1774635765284354048,right,ON,0.6,0.97
2026-03-27T18:22:45.300521+00:00,3.768970,1774635765300521117,448468,1774635765300408832,right,ON,0.6,0.97
2026-03-27T18:22:45.316023+00:00,3.784472,1774635765316022617,448484,1774635765316406528,right,ON,0.6,0.97
2026-03-27T18:22:45.332358+00:00,3.800807,1774635765332357817,448500,1774635765332436736,right,ON,0.5,0.88
2026-03-27T18:22:45.347941+00:00,3.816390,1774635765347940817,448516,1774635765348417024,right,ON,0.6,0.97
2026-03-27T18:22:45.364199+00:00,3.832648,1774635765364198717,448532,1774635765364424448,right,ON,0.6,0.97
2026-03-27T18:22:45.380738+00:00,3.849188,1774635765380738417,448548,1774635765380472576,right,ON,0.6,0.97
2026-03-27T18:22:45.395988+00:00,3.864437,1774635765395987917,448564,1774635765396456960,right,ON,0.6,0.97
2026-03-27T18:22:45.412589+00:00,3.881038,1774635765412588617,448580,1774635765412662784,right,ON,0.6,0.97
2026-03-27T18:22:45.428878+00:00,3.897327,1774635765428878017,448596,1774635765428724736,right,ON,0.6,0.97
2026-03-27T18:22:45.444399+00:00,3.912848,1774635765444398917,448612,1774635765444732416,right,ON,0.6,0.97
2026-03-27T18:22:45.460868+00:00,3.929318,1774635765460868417,448628,1774635765460779520,right,ON,0.6,0.97
2026-03-27T18:22:45.476341+00:00,3.944790,1774635765476341217,448644,1774635765476769536,right,ON,0.6,0.97
2026-03-27T18:22:45.495363+00:00,3.963812,1774635765495362917,448660,1774635765492954368,right,ON,0.6,0.97
2026-03-27T18:22:45.509044+00:00,3.977494,1774635765509044517,448676,1774635765509001728,right,ON,0.6,0.97
2026-03-27T18:22:45.524637+00:00,3.993086,1774635765524636317,448692,1774635765525002240,right,ON,0.6,0.97
2026-03-27T18:22:45.540878+00:00,4.009327,1774635765540877517,448708,1774635765541030144,right,ON,0.6,0.97
2026-03-27T18:22:45.557393+00:00,4.025842,1774635765557393117,448724,1774635765557094400,right,ON,0.6,0.97
2026-03-27T18:22:45.572768+00:00,4.041218,1774635765572768617,448740,1774635765573097216,right,ON,0.6,0.97
2026-03-27T18:22:45.589199+00:00,4.057648,1774635765589198617,448756,1774635765589134336,right,ON,0.6,0.97
2026-03-27T18:22:45.604511+00:00,4.072960,1774635765604510817,448772,1774635765605110528,right,ON,0.6,0.97
2026-03-27T18:22:45.621063+00:00,4.089513,1774635765621063517,448788,1774635765621128960,right,ON,0.6,0.97
2026-03-27T18:22:45.637384+00:00,4.105833,1774635765637383917,448804,1774635765637314048,right,ON,0.6,0.97
2026-03-27T18:22:45.652862+00:00,4.121311,1774635765652862117,448820,1774635765653309440,right,ON,0.6,0.97
2026-03-27T18:22:45.669179+00:00,4.137629,1774635765669179317,448836,1774635765669338880,right,ON,0.6,0.97
2026-03-27T18:22:45.685697+00:00,4.154146,1774635765685696717,448852,1774635765685407232,right,ON,0.6,1.05
2026-03-27T18:22:45.701004+00:00,4.169453,1774635765701004117,448868,1774635765701412352,right,ON,0.7,1.23
2026-03-27T18:22:45.719011+00:00,4.187460,1774635765719011117,448884,1774635765717544960,right,ON,1.4,2.46
2026-03-27T18:22:45.732968+00:00,4.201417,1774635765732967617,448900,1774635765733531392,right,ON,2.7,4.66
2026-03-27T18:22:45.749367+00:00,4.217816,1774635765749366717,448916,1774635765749549568,right,ON,4.4,7.65
2026-03-27T18:22:45.765826+00:00,4.234276,1774635765765826417,448932,1774635765765608192,right,ON,6.6,11.43
2026-03-27T18:22:45.781177+00:00,4.249626,1774635765781177017,448948,1774635765781602304,right,ON,9.2,15.91
2026-03-27T18:22:45.797681+00:00,4.266130,1774635765797680617,448964,1774635765797635840,right,ON,12.7,21.45
2026-03-27T18:22:45.814024+00:00,4.282473,1774635765814023917,448980,1774635765813699584,right,ON,16.1,26.72
2026-03-27T18:22:45.829474+00:00,4.297924,1774635765829474317,448996,1774635765829708800,right,ON,18.8,31.03
2026-03-27T18:22:45.845998+00:00,4.314447,1774635765845997717,449012,1774635765845880576,right,ON,21.4,34.72
2026-03-27T18:22:45.861322+00:00,4.329771,1774635765861321817,449028,1774635765861870080,right,ON,23.7,37.88
2026-03-27T18:22:45.877821+00:00,4.346270,1774635765877821017,449044,1774635765877899008,right,ON,26.4,41.57
2026-03-27T18:22:45.894156+00:00,4.362605,1774635765894155517,449060,1774635765893959680,right,ON,29.2,45.44
2026-03-27T18:22:45.909663+00:00,4.378112,1774635765909662717,449076,1774635765909967104,right,ON,32.0,49.04
2026-03-27T18:22:45.926712+00:00,4.395161,1774635765926711917,449092,1774635765926048000,right,ON,34.8,52.47
2026-03-27T18:22:45.942520+00:00,4.410969,1774635765942519617,449108,1774635765942124032,right,ON,37.2,55.46
2026-03-27T18:22:45.957795+00:00,4.426244,1774635765957794717,449124,1774635765958134272,right,ON,38.9,57.66
2026-03-27T18:22:45.974313+00:00,4.442763,1774635765974313517,449140,1774635765974184192,right,ON,40.3,59.41
2026-03-27T18:22:45.989787+00:00,4.458236,1774635765989787017,449156,1774635765990179072,right,ON,41.4,60.73
2026-03-27T18:22:46.006096+00:00,4.474545,1774635766006095817,449172,1774635766006201600,right,ON,42.5,62.05
2026-03-27T18:22:46.022669+00:00,4.491118,1774635766022668517,449188,1774635766022269696,right,ON,43.7,63.54
2026-03-27T18:22:46.037918+00:00,4.506367,1774635766037917617,449204,1774635766038267904,right,ON,44.9,65.04
2026-03-27T18:22:46.054430+00:00,4.522879,1774635766054430017,449220,1774635766054308096,right,ON,46.4,66.88
2026-03-27T18:22:46.070706+00:00,4.539155,1774635766070706017,449236,1774635766070467584,right,ON,47.8,68.64
2026-03-27T18:22:46.086269+00:00,4.554719,1774635766086269517,449252,1774635766086487296,right,ON,49.0,70.05
2026-03-27T18:22:46.102601+00:00,4.571050,1774635766102600917,449268,1774635766102536448,right,ON,49.8,71.02
2026-03-27T18:22:46.118077+00:00,4.586526,1774635766118077217,449284,1774635766118533632,right,ON,50.0,71.28
2026-03-27T18:22:46.134531+00:00,4.602980,1774635766134530617,449300,1774635766134563840,right,ON,50.1,71.46
2026-03-27T18:22:46.150946+00:00,4.619395,1774635766150945817,449316,1774635766150632704,right,ON,50.4,71.81
2026-03-27T18:22:46.166532+00:00,4.634982,1774635766166532317,449332,1774635766166649600,right,ON,50.7,72.25
2026-03-27T18:22:46.182720+00:00,4.651169,1774635766182719717,449348,1774635766182691072,right,ON,51.1,72.77
2026-03-27T18:22:46.199220+00:00,4.667670,1774635766199220317,449364,1774635766198767616,right,ON,51.6,73.3
2026-03-27T18:22:46.214546+00:00,4.682995,1774635766214545817,449380,1774635766214784512,right,ON,51.8,73.65
2026-03-27T18:22:46.231038+00:00,4.699487,1774635766231037917,449396,1774635766230835712,right,ON,51.9,73.74
2026-03-27T18:22:46.246491+00:00,4.714940,1774635766246491217,449412,1774635766246835200,right,ON,51.9,73.74
2026-03-27T18:22:46.262888+00:00,4.731337,1774635766262888017,449428,1774635766262862848,right,ON,51.9,73.74
2026-03-27T18:22:46.279367+00:00,4.747816,1774635766279367017,449444,1774635766279019264,right,ON,51.9,73.74
2026-03-27T18:22:46.294693+00:00,4.763143,1774635766294693317,449460,1774635766295025152,right,ON,51.9,73.74
2026-03-27T18:22:46.311210+00:00,4.779659,1774635766311209617,449476,1774635766311076096,right,ON,51.9,73.74
2026-03-27T18:22:46.327515+00:00,4.795964,1774635766327515217,449492,1774635766327150592,right,ON,51.8,73.65
2026-03-27T18:22:46.343027+00:00,4.811476,1774635766343027217,449508,1774635766343175680,right,ON,51.8,73.65
2026-03-27T18:22:46.359305+00:00,4.827755,1774635766359305417,449524,1774635766359223552,right,ON,51.7,73.48
2026-03-27T18:22:46.374859+00:00,4.843308,1774635766374858917,449540,1774635766375226880,right,ON,51.4,73.12
2026-03-27T18:22:46.391098+00:00,4.859547,1774635766391098217,449556,1774635766391248896,right,ON,51.3,72.95
2026-03-27T18:22:46.407787+00:00,4.876236,1774635766407787117,449572,1774635766407325696,right,ON,51.2,72.86
2026-03-27T18:22:46.422934+00:00,4.891383,1774635766422933517,449588,1774635766423322368,right,ON,51.3,72.95
2026-03-27T18:22:46.439484+00:00,4.907933,1774635766439484117,449604,1774635766439367424,right,ON,51.3,72.95
2026-03-27T18:22:46.456147+00:00,4.924596,1774635766456146717,449620,1774635766455457280,right,ON,51.1,72.77
2026-03-27T18:22:46.471457+00:00,4.939907,1774635766471457617,449636,1774635766471485696,right,ON,51.0,72.6
2026-03-27T18:22:46.487974+00:00,4.956423,1774635766487973817,449652,1774635766487556096,right,ON,51.0,72.6
2026-03-27T18:22:46.503185+00:00,4.971634,1774635766503184517,449668,1774635766503557120,right,ON,50.9,72.42
2026-03-27T18:22:46.519738+00:00,4.988187,1774635766519738017,449684,1774635766519682304,right,ON,50.9,72.42
2026-03-27T18:22:46.535996+00:00,5.004445,1774635766535996017,449700,1774635766535750400,right,ON,50.5,71.98
2026-03-27T18:22:46.551524+00:00,5.019973,1774635766551523717,449716,1774635766551772416,right,ON,50.2,71.54
2026-03-27T18:22:46.567782+00:00,5.036231,1774635766567781717,449732,1774635766567813632,right,ON,49.8,71.02
2026-03-27T18:22:46.584380+00:00,5.052829,1774635766584379717,449748,1774635766583902976,right,ON,49.4,70.58
2026-03-27T18:22:46.599583+00:00,5.068032,1774635766599582917,449764,1774635766599920384,right,ON,49.2,70.31
2026-03-27T18:22:46.616555+00:00,5.085004,1774635766616554917,449780,1774635766616006144,right,ON,48.9,69.96
2026-03-27T18:22:46.631407+00:00,5.099856,1774635766631407017,449796,1774635766631995648,right,ON,48.7,69.7
2026-03-27T18:22:46.647994+00:00,5.116443,1774635766647993817,449812,1774635766648034048,right,ON,48.5,69.52
2026-03-27T18:22:46.664320+00:00,5.132769,1774635766664320217,449828,1774635766664098304,right,ON,48.5,69.43
2026-03-27T18:22:46.679940+00:00,5.148389,1774635766679940117,449844,1774635766680118784,right,ON,48.3,69.17
2026-03-27T18:22:46.696174+00:00,5.164623,1774635766696173717,449860,1774635766696158720,right,ON,48.1,68.99
2026-03-27T18:22:46.712795+00:00,5.181245,1774635766712795517,449876,1774635766712248576,right,ON,47.8,68.64
2026-03-27T18:22:46.728011+00:00,5.196461,1774635766728011317,449892,1774635766728264448,right,ON,47.7,68.47
2026-03-27T18:22:46.744648+00:00,5.213097,1774635766744647917,449908,1774635766744377856,right,ON,47.5,68.29
2026-03-27T18:22:46.760066+00:00,5.228515,1774635766760065917,449924,1774635766760389376,right,ON,47.5,68.2
2026-03-27T18:22:46.776917+00:00,5.245367,1774635766776917617,449940,1774635766776460544,right,ON,47.3,68.03
2026-03-27T18:22:46.792852+00:00,5.261302,1774635766792852317,449956,1774635766792537344,right,ON,47.1,67.76
2026-03-27T18:22:46.808133+00:00,5.276582,1774635766808132717,449972,1774635766808545536,right,ON,46.7,67.24
2026-03-27T18:22:46.824655+00:00,5.293104,1774635766824654817,449988,1774635766824596992,right,ON,46.2,66.62
2026-03-27T18:22:46.840961+00:00,5.309410,1774635766840960417,450004,1774635766840673280,right,ON,45.6,65.92
2026-03-27T18:22:46.856479+00:00,5.324928,1774635766856478617,450020,1774635766856699136,right,ON,45.2,65.39
2026-03-27T18:22:46.872984+00:00,5.341433,1774635766872984017,450036,1774635766872767744,right,ON,44.8,64.86
2026-03-27T18:22:46.888307+00:00,5.356757,1774635766888307317,450052,1774635766888769536,right,ON,44.5,64.6
2026-03-27T18:22:46.904666+00:00,5.373116,1774635766904666317,450068,1774635766904804608,right,ON,44.4,64.42
2026-03-27T18:22:46.921141+00:00,5.389590,1774635766921140717,450084,1774635766920875008,right,ON,44.3,64.25
2026-03-27T18:22:46.936648+00:00,5.405097,1774635766936647617,450100,1774635766936895488,right,ON,44.3,64.25
2026-03-27T18:22:46.952966+00:00,5.421415,1774635766952966217,450116,1774635766952964096,right,ON,44.3,64.25
2026-03-27T18:22:46.969472+00:00,5.437922,1774635766969472317,450132,1774635766969054208,right,ON,44.2,64.16
2026-03-27T18:22:46.984801+00:00,5.453250,1774635766984801217,450148,1774635766985076480,right,ON,44.1,64.07
2026-03-27T18:22:47.001293+00:00,5.469743,1774635767001293417,450164,1774635767001140736,right,ON,44.0,63.9
2026-03-27T18:22:47.016852+00:00,5.485301,1774635767016852117,450180,1774635767017157120,right,ON,43.8,63.63
2026-03-27T18:22:47.033158+00:00,5.501607,1774635767033157717,450196,1774635767033197568,right,ON,43.5,63.37
2026-03-27T18:22:47.049544+00:00,5.517993,1774635767049543817,450212,1774635767049274880,right,ON,43.2,62.93
2026-03-27T18:22:47.064924+00:00,5.533373,1774635767064924017,450228,1774635767065286912,right,ON,43.1,62.84
2026-03-27T18:22:47.081372+00:00,5.549821,1774635767081371617,450244,1774635767081337856,right,ON,42.8,62.49
2026-03-27T18:22:47.098235+00:00,5.566685,1774635767098235417,450260,1774635767097445888,right,ON,42.6,62.14
2026-03-27T18:22:47.113128+00:00,5.581577,1774635767113127617,450276,1774635767113467648,right,ON,42.2,61.7
2026-03-27T18:22:47.129656+00:00,5.598106,1774635767129656317,450292,1774635767129527808,right,ON,42.0,61.44
2026-03-27T18:22:47.145139+00:00,5.613588,1774635767145138417,450308,1774635767145535744,right,ON,41.8,61.26
2026-03-27T18:22:47.161432+00:00,5.629881,1774635767161432017,450324,1774635767161571328,right,ON,41.8,61.17
2026-03-27T18:22:47.177903+00:00,5.646353,1774635767177903317,450340,1774635767177644544,right,ON,41.8,61.26
2026-03-27T18:22:47.193256+00:00,5.661705,1774635767193255917,450356,1774635767193660928,right,ON,41.8,61.17
2026-03-27T18:22:47.209790+00:00,5.678239,1774635767209789317,450372,1774635767209711616,right,ON,41.6,60.91
2026-03-27T18:22:47.226059+00:00,5.694508,1774635767226058717,450388,1774635767225790464,right,ON,40.7,59.85
2026-03-27T18:22:47.241810+00:00,5.710259,1774635767241809717,450404,1774635767241828352,right,ON,39.8,58.8
2026-03-27T18:22:47.257987+00:00,5.726436,1774635767257986817,450420,1774635767257888000,right,ON,39.2,58.01
2026-03-27T18:22:47.273418+00:00,5.741867,1774635767273418217,450436,1774635767273891584,right,ON,37.6,55.99
2026-03-27T18:22:47.289685+00:00,5.758134,1774635767289684517,450452,1774635767289919488,right,ON,36.2,54.23
2026-03-27T18:22:47.306270+00:00,5.774720,1774635767306270517,450468,1774635767305994496,right,ON,35.1,52.91
2026-03-27T18:22:47.321675+00:00,5.790124,1774635767321674717,450484,1774635767322007808,right,ON,34.1,51.68
2026-03-27T18:22:47.338358+00:00,5.806808,1774635767338358317,450500,1774635767338074112,right,ON,33.1,50.45
2026-03-27T18:22:47.354338+00:00,5.822787,1774635767354338117,450516,1774635767354144768,right,ON,31.5,48.43
2026-03-27T18:22:47.369931+00:00,5.838380,1774635767369930617,450532,1774635767370171136,right,ON,30.2,46.76
2026-03-27T18:22:47.386284+00:00,5.854733,1774635767386283417,450548,1774635767386223360,right,ON,28.0,43.86
2026-03-27T18:22:47.401726+00:00,5.870176,1774635767401726317,450564,1774635767402223360,right,ON,25.0,39.73
2026-03-27T18:22:47.418244+00:00,5.886693,1774635767418243917,450580,1774635767418258432,right,ON,22.8,36.65
2026-03-27T18:22:47.434566+00:00,5.903015,1774635767434566217,450596,1774635767434330112,right,ON,22.1,35.68
2026-03-27T18:22:47.450107+00:00,5.918556,1774635767450106617,450612,1774635767450343168,right,ON,21.0,34.19
2026-03-27T18:22:47.466465+00:00,5.934915,1774635767466465317,450628,1774635767466390528,right,ON,19.7,32.34
2026-03-27T18:22:47.482915+00:00,5.951364,1774635767482914717,450644,1774635767482481664,right,ON,18.3,30.15
2026-03-27T18:22:47.498208+00:00,5.966657,1774635767498207717,450660,1774635767498504448,right,ON,16.5,27.42
2026-03-27T18:22:47.514727+00:00,5.983176,1774635767514726817,450676,1774635767514571008,right,ON,14.0,23.47
2026-03-27T18:22:47.529988+00:00,5.998437,1774635767529988017,450692,1774635767530563840,right,ON,11.2,19.16
2026-03-27T18:22:47.546522+00:00,6.014972,1774635767546522417,450708,1774635767546602240,right,ON,8.8,15.29
2026-03-27T18:22:47.562885+00:00,6.031334,1774635767562884717,450724,1774635767562667264,right,ON,8.1,14.06
2026-03-27T18:22:47.578420+00:00,6.046869,1774635767578420217,450740,1774635767578684416,right,ON,7.7,13.36
2026-03-27T18:22:47.594707+00:00,6.063156,1774635767594706617,450756,1774635767594723328,right,ON,7.4,12.74
2026-03-27T18:22:47.611249+00:00,6.079698,1774635767611248917,450772,1774635767610809856,right,ON,7.1,12.22
2026-03-27T18:22:47.626573+00:00,6.095022,1774635767626573217,450788,1774635767626825984,right,ON,7.0,12.04
2026-03-27T18:22:47.643073+00:00,6.111522,1774635767643072617,450804,1774635767642898688,right,ON,6.8,11.69
2026-03-27T18:22:47.658349+00:00,6.126798,1774635767658348417,450820,1774635767658887680,right,ON,6.3,10.81
2026-03-27T18:22:47.675256+00:00,6.143705,1774635767675256217,450836,1774635767674946304,right,ON,6.2,10.63
2026-03-27T18:22:47.691243+00:00,6.159693,1774635767691243517,450852,1774635767691009280,right,ON,6.1,10.55
2026-03-27T18:22:47.706715+00:00,6.175164,1774635767706715117,450868,1774635767707024384,right,ON,5.9,10.28
2026-03-27T18:22:47.723056+00:00,6.191505,1774635767723055717,450884,1774635767723063040,right,ON,5.9,10.2
2026-03-27T18:22:47.739613+00:00,6.208062,1774635767739612717,450900,1774635767739151360,right,ON,5.8,10.11
2026-03-27T18:22:47.755048+00:00,6.223497,1774635767755047917,450916,1774635767755176704,right,ON,5.7,9.84
2026-03-27T18:22:47.771355+00:00,6.239805,1774635767771355517,450932,1774635767771236096,right,ON,5.6,9.67
2026-03-27T18:22:47.786914+00:00,6.255363,1774635767786914117,450948,1774635767787246592,right,ON,5.5,9.49
2026-03-27T18:22:47.803189+00:00,6.271638,1774635767803188917,450964,1774635767803296256,right,ON,5.4,9.32
2026-03-27T18:22:47.819856+00:00,6.288305,1774635767819856017,450980,1774635767819381248,right,ON,5.4,9.32
2026-03-27T18:22:47.835021+00:00,6.303470,1774635767835021217,450996,1774635767835388928,right,ON,5.4,9.32
2026-03-27T18:22:47.851602+00:00,6.320052,1774635767851602317,451012,1774635767851443968,right,ON,5.3,9.23
2026-03-27T18:22:47.867867+00:00,6.336316,1774635767867867017,451028,1774635767867520256,right,ON,5.3,9.14
2026-03-27T18:22:47.883473+00:00,6.351922,1774635767883473017,451044,1774635767883553536,right,ON,5.3,9.23
2026-03-27T18:22:47.899822+00:00,6.368271,1774635767899822217,451060,1774635767899619328,right,ON,5.3,9.14
2026-03-27T18:22:47.915210+00:00,6.383659,1774635767915210217,451076,1774635767915622656,right,ON,5.2,9.05
2026-03-27T18:22:47.931569+00:00,6.400018,1774635767931568617,451092,1774635767931654912,right,ON,5.2,9.05
2026-03-27T18:22:47.948036+00:00,6.416486,1774635767948036317,451108,1774635767947726336,right,ON,5.2,9.05
2026-03-27T18:22:47.963333+00:00,6.431782,1774635767963333117,451124,1774635767963735296,right,ON,5.2,9.05
2026-03-27T18:22:47.979872+00:00,6.448321,1774635767979871517,451140,1774635767979783168,right,ON,5.2,9.05
2026-03-27T18:22:47.996156+00:00,6.464605,1774635767996156017,451156,1774635767995859968,right,ON,5.2,8.96
2026-03-27T18:22:48.011729+00:00,6.480178,1774635768011728517,451172,1774635768011885824,right,ON,5.2,9.05
2026-03-27T18:22:48.028182+00:00,6.496631,1774635768028181917,451188,1774635768027950848,right,ON,5.2,9.05
2026-03-27T18:22:48.043593+00:00,6.512042,1774635768043592617,451204,1774635768043961344,right,ON,5.2,9.05
2026-03-27T18:22:48.060013+00:00,6.528462,1774635768060012517,451220,1774635768060003584,right,ON,5.2,8.96
2026-03-27T18:22:48.076371+00:00,6.544821,1774635768076371517,451236,1774635768076075520,right,ON,5.2,8.96
2026-03-27T18:22:48.091845+00:00,6.560294,1774635768091844717,451252,1774635768092091904,right,ON,5.2,8.96
2026-03-27T18:22:48.118308+00:00,6.586757,1774635768118308017,451268,1774635768108756736,right,ON,5.2,8.96
2026-03-27T18:22:48.124722+00:00,6.593172,1774635768124722417,451284,1774635768124844800,right,ON,5.2,8.96
2026-03-27T18:22:48.140048+00:00,6.608497,1774635768140047917,451300,1774635768140853504,right,ON,5.2,8.96
2026-03-27T18:22:48.156540+00:00,6.624989,1774635768156539617,451316,1774635768156904448,right,ON,5.2,8.96
2026-03-27T18:22:48.171895+00:00,6.640345,1774635768171895417,451332,1774635768172895744,right,ON,5.2,8.96
2026-03-27T18:22:48.188358+00:00,6.656807,1774635768188358017,451348,1774635768188920576,right,ON,5.2,8.96
2026-03-27T18:22:48.204792+00:00,6.673241,1774635768204792217,451364,1774635768204982272,right,ON,5.2,8.96
2026-03-27T18:22:48.220202+00:00,6.688651,1774635768220201817,451380,1774635768220983552,right,ON,5.2,9.05
2026-03-27T18:22:48.236707+00:00,6.705156,1774635768236706817,451396,1774635768237028096,right,ON,5.2,8.96
2026-03-27T18:22:48.253065+00:00,6.721515,1774635768253065317,451412,1774635768253098752,right,ON,5.2,9.05
2026-03-27T18:22:48.268579+00:00,6.737028,1774635768268578617,451428,1774635768269127424,right,ON,5.2,8.96
2026-03-27T18:22:48.284904+00:00,6.753353,1774635768284903917,451444,1774635768285177856,right,ON,5.2,8.96
2026-03-27T18:22:48.310365+00:00,6.778814,1774635768310365117,451460,1774635768301783552,right,ON,5.2,9.05
2026-03-27T18:22:48.326239+00:00,6.794688,1774635768326239117,451476,1774635768318371584,right,ON,5.2,9.05
2026-03-27T18:22:48.333140+00:00,6.801590,1774635768333140517,451492,1774635768334404096,right,ON,5.2,9.05
2026-03-27T18:22:48.348639+00:00,6.817088,1774635768348639117,451508,1774635768350383360,right,ON,5.2,9.05
2026-03-27T18:22:48.365016+00:00,6.833466,1774635768365016517,451524,1774635768366402560,right,ON,5.2,9.05
2026-03-27T18:22:48.381472+00:00,6.849921,1774635768381472017,451540,1774635768382445056,right,ON,5.2,8.96
2026-03-27T18:22:48.396881+00:00,6.865330,1774635768396881117,451556,1774635768398434560,right,ON,5.2,8.96
2026-03-27T18:22:48.413321+00:00,6.881770,1774635768413320417,451572,1774635768414457344,right,ON,5.2,9.05
2026-03-27T18:22:48.428865+00:00,6.897314,1774635768428865117,451588,1774635768430430720,right,ON,5.2,9.05
2026-03-27T18:22:48.445210+00:00,6.913659,1774635768445209517,451604,1774635768446436864,right,ON,5.2,8.96
2026-03-27T18:22:48.461389+00:00,6.929838,1774635768461388917,451620,1774635768462459648,right,ON,5.2,8.96
2026-03-27T18:22:48.476955+00:00,6.945404,1774635768476955017,451636,1774635768478437376,right,ON,5.2,8.96
2026-03-27T18:22:48.493389+00:00,6.961838,1774635768493388917,451652,1774635768494448896,right,ON,5.2,9.05
2026-03-27T18:22:48.524757+00:00,6.993206,1774635768524757117,451668,1774635768511408384,right,ON,5.2,9.05
2026-03-27T18:22:48.526030+00:00,6.994479,1774635768526030017,451684,1774635768527420928,right,ON,5.2,8.96
2026-03-27T18:22:48.541555+00:00,7.010004,1774635768541554617,451700,1774635768543415296,right,ON,5.2,8.96
2026-03-27T18:22:48.566914+00:00,7.035363,1774635768566913717,451716,1774635768559953664,right,ON,5.2,9.05
2026-03-27T18:22:48.573378+00:00,7.041828,1774635768573378417,451732,1774635768575907840,right,ON,5.2,9.05
2026-03-27T18:22:48.589886+00:00,7.058336,1774635768589886417,451748,1774635768591900672,right,ON,5.2,9.05
2026-03-27T18:22:48.605103+00:00,7.073553,1774635768605103317,451764,1774635768607826688,right,ON,5.2,9.05
2026-03-27T18:22:48.621719+00:00,7.090168,1774635768621718617,451780,1774635768623795200,right,ON,5.2,9.05
2026-03-27T18:22:48.638180+00:00,7.106630,1774635768638180517,451796,1774635768639804672,right,ON,5.2,9.05
2026-03-27T18:22:48.653628+00:00,7.122077,1774635768653627617,451812,1774635768655754752,right,ON,5.2,9.05
2026-03-27T18:22:48.669940+00:00,7.138389,1774635768669940117,451828,1774635768671735552,right,ON,5.2,9.05
2026-03-27T18:22:48.685419+00:00,7.153868,1774635768685419117,451844,1774635768687657472,right,ON,5.2,9.05
2026-03-27T18:22:48.701751+00:00,7.170200,1774635768701751017,451860,1774635768703623680,right,ON,5.2,9.05
2026-03-27T18:22:48.718176+00:00,7.186625,1774635768718175817,451876,1774635768719611648,right,ON,5.2,9.05
2026-03-27T18:22:48.733575+00:00,7.202024,1774635768733575217,451892,1774635768735542272,right,ON,5.2,9.05
2026-03-27T18:22:48.750138+00:00,7.218587,1774635768750137817,451908,1774635768751514112,right,ON,5.2,9.05
2026-03-27T18:22:48.766459+00:00,7.234908,1774635768766459217,451924,1774635768767518208,right,ON,5.2,9.05
2026-03-27T18:22:48.789692+00:00,7.258141,1774635768789691717,451940,1774635768783942144,right,ON,5.2,8.96
2026-03-27T18:22:48.798278+00:00,7.266727,1774635768798277617,451956,1774635768799907840,right,ON,5.2,8.96
2026-03-27T18:22:48.813805+00:00,7.282254,1774635768813805017,451972,1774635768815826688,right,ON,5.2,9.05
2026-03-27T18:22:48.830185+00:00,7.298634,1774635768830184617,451988,1774635768831772928,right,ON,5.2,9.05
2026-03-27T18:22:48.846655+00:00,7.315104,1774635768846654917,452004,1774635768847764480,right,ON,5.2,9.05
2026-03-27T18:22:48.862014+00:00,7.330463,1774635768862013617,452020,1774635768863686912,right,ON,5.2,9.05
2026-03-27T18:22:48.878440+00:00,7.346889,1774635768878440017,452036,1774635768879649024,right,ON,5.2,9.05
2026-03-27T18:22:48.894906+00:00,7.363355,1774635768894905617,452052,1774635768895643648,right,ON,5.3,9.14
2026-03-27T18:22:48.910171+00:00,7.378620,1774635768910170617,452068,1774635768911577088,right,ON,5.3,9.14
2026-03-27T18:22:48.926848+00:00,7.395297,1774635768926848117,452084,1774635768927558400,right,ON,5.3,9.14
2026-03-27T18:22:48.942158+00:00,7.410607,1774635768942158117,452100,1774635768943474432,right,ON,5.3,9.23
2026-03-27T18:22:48.958652+00:00,7.427102,1774635768958652317,452116,1774635768959427584,right,ON,5.3,9.23
2026-03-27T18:22:48.975046+00:00,7.443495,1774635768975045917,452132,1774635768975414784,right,ON,5.4,9.32
2026-03-27T18:22:48.998454+00:00,7.466903,1774635768998453717,452148,1774635768991827968,right,ON,5.4,9.32
2026-03-27T18:22:49.006874+00:00,7.475323,1774635769006874017,452164,1774635769007779328,right,ON,5.5,9.49
2026-03-27T18:22:49.023204+00:00,7.491653,1774635769023203817,452180,1774635769023755520,right,ON,5.6,9.67
2026-03-27T18:22:49.038638+00:00,7.507088,1774635769038638317,452196,1774635769039679232,right,ON,5.7,9.84
2026-03-27T18:22:49.055169+00:00,7.523618,1774635769055168817,452212,1774635769055645184,right,ON,5.7,9.93
2026-03-27T18:22:49.070426+00:00,7.538876,1774635769070426317,452228,1774635769071543040,right,ON,5.8,10.02
2026-03-27T18:22:49.086973+00:00,7.555422,1774635769086972817,452244,1774635769087483392,right,ON,5.9,10.2
2026-03-27T18:22:49.103348+00:00,7.571798,1774635769103348317,452260,1774635769103453696,right,ON,6.0,10.37
2026-03-27T18:22:49.118877+00:00,7.587326,1774635769118877217,452276,1774635769119374592,right,ON,6.2,10.63
2026-03-27T18:22:49.135088+00:00,7.603537,1774635769135088017,452292,1774635769135630592,right,ON,6.6,11.34
2026-03-27T18:22:49.151616+00:00,7.620066,1774635769151616317,452308,1774635769151630080,right,ON,7.0,12.04
2026-03-27T18:22:49.167104+00:00,7.635553,1774635769167103617,452324,1774635769167572736,right,ON,7.6,13.1
2026-03-27T18:22:49.183438+00:00,7.651887,1774635769183437817,452340,1774635769183546880,right,ON,8.5,14.77
2026-03-27T18:22:49.198917+00:00,7.667366,1774635769198916917,452356,1774635769199465216,right,ON,9.8,16.87
2026-03-27T18:22:49.222620+00:00,7.691069,1774635769222619617,452372,1774635769215863552,right,ON,11.4,19.42
2026-03-27T18:22:49.231743+00:00,7.700192,1774635769231742717,452388,1774635769231840512,right,ON,12.9,21.8
2026-03-27T18:22:49.247242+00:00,7.715692,1774635769247242517,452404,1774635769247764736,right,ON,14.5,24.35
2026-03-27T18:22:49.263626+00:00,7.732075,1774635769263626017,452420,1774635769263723520,right,ON,16.6,27.51
2026-03-27T18:22:49.280023+00:00,7.748472,1774635769280022417,452436,1774635769279713792,right,ON,19.2,31.55
2026-03-27T18:22:49.295334+00:00,7.763784,1774635769295334517,452452,1774635769295642368,right,ON,20.5,33.57
2026-03-27T18:22:49.311840+00:00,7.780289,1774635769311840217,452468,1774635769311608064,right,ON,21.7,35.16
2026-03-27T18:22:49.327342+00:00,7.795791,1774635769327342017,452484,1774635769327834880,right,ON,22.8,36.65
2026-03-27T18:22:49.343649+00:00,7.812099,1774635769343649317,452500,1774635769344086272,right,ON,23.7,37.97
2026-03-27T18:22:49.360210+00:00,7.828659,1774635769360209817,452516,1774635769360097536,right,ON,24.3,38.76
2026-03-27T18:22:49.375424+00:00,7.843873,1774635769375424117,452532,1774635769376040448,right,ON,24.8,39.38
2026-03-27T18:22:49.392096+00:00,7.860545,1774635769392095517,452548,1774635769392032000,right,ON,24.9,39.55
2026-03-27T18:22:49.408249+00:00,7.876698,1774635769408248917,452564,1774635769408043008,right,ON,24.9,39.55
2026-03-27T18:22:49.431062+00:00,7.899512,1774635769431062417,452580,1774635769424447488,right,ON,25.0,39.64
2026-03-27T18:22:49.440263+00:00,7.908712,1774635769440263017,452596,1774635769440435712,right,ON,24.9,39.55
2026-03-27T18:22:49.455650+00:00,7.924099,1774635769455650217,452612,1774635769456368128,right,ON,24.9,39.55
2026-03-27T18:22:49.472052+00:00,7.940501,1774635769472052217,452628,1774635769472331776,right,ON,24.9,39.55
2026-03-27T18:22:49.488492+00:00,7.956941,1774635769488491517,452644,1774635769488324096,right,ON,24.9,39.55
2026-03-27T18:22:49.503875+00:00,7.972324,1774635769503874917,452660,1774635769504260096,right,ON,25.0,39.64
2026-03-27T18:22:49.520257+00:00,7.988706,1774635769520256717,452676,1774635769520229120,right,ON,24.9,39.55
2026-03-27T18:22:49.536699+00:00,8.005149,1774635769536699417,452692,1774635769536701696,right,ON,24.9,39.55
2026-03-27T18:22:49.552234+00:00,8.020683,1774635769552234117,452708,1774635769552702464,right,ON,24.9,39.55
2026-03-27T18:22:49.568518+00:00,8.036968,1774635769568518417,452724,1774635769568702720,right,ON,24.8,39.46
2026-03-27T18:22:49.584071+00:00,8.052520,1774635769584070617,452740,1774635769584963840,right,ON,24.7,39.29
2026-03-27T18:22:49.600338+00:00,8.068788,1774635769600338517,452756,1774635769600953344,right,ON,24.2,38.67
2026-03-27T18:22:49.616857+00:00,8.085306,1774635769616856817,452772,1774635769616985856,right,ON,23.5,37.71
2026-03-27T18:22:49.632157+00:00,8.100607,1774635769632157417,452788,1774635769632946944,right,ON,22.9,36.83
2026-03-27T18:22:49.654944+00:00,8.123393,1774635769654943817,452804,1774635769649337344,right,ON,22.1,35.68
2026-03-27T18:22:49.665192+00:00,8.133641,1774635769665192117,452820,1774635769665377792,right,ON,21.2,34.45
2026-03-27T18:22:49.680468+00:00,8.148917,1774635769680467717,452836,1774635769681352192,right,ON,20.3,33.31
2026-03-27T18:22:49.696995+00:00,8.165445,1774635769696995517,452852,1774635769697364224,right,ON,19.6,32.17
2026-03-27T18:22:49.712282+00:00,8.180731,1774635769712281917,452868,1774635769713312512,right,ON,19.0,31.38
2026-03-27T18:22:49.728873+00:00,8.197322,1774635769728872517,452884,1774635769729302784,right,ON,18.3,30.15
2026-03-27T18:22:49.745118+00:00,8.213568,1774635769745118417,452900,1774635769745317120,right,ON,16.7,27.77
2026-03-27T18:22:49.760628+00:00,8.229077,1774635769760627817,452916,1774635769761278208,right,ON,14.6,24.52
2026-03-27T18:22:49.776981+00:00,8.245430,1774635769776981117,452932,1774635769777274112,right,ON,12.4,21.09
2026-03-27T18:22:49.793475+00:00,8.261924,1774635769793475217,452948,1774635769793306112,right,ON,10.6,18.19
2026-03-27T18:22:49.808733+00:00,8.277182,1774635769808732517,452964,1774635769809514752,right,ON,9.3,16.08
2026-03-27T18:22:49.825284+00:00,8.293733,1774635769825283517,452980,1774635769825532160,right,ON,8.4,14.5
2026-03-27T18:22:49.840927+00:00,8.309377,1774635769840927317,452996,1774635769841508864,right,ON,7.5,13.01
2026-03-27T18:22:49.861939+00:00,8.330389,1774635769861939317,453012,1774635769857798912,right,ON,6.3,10.81
2026-03-27T18:22:49.873619+00:00,8.342068,1774635769873618617,453028,1774635769873828608,right,ON,4.8,8.35
2026-03-27T18:22:49.888932+00:00,8.357381,1774635769888931817,453044,1774635769889791744,right,ON,3.4,5.8
2026-03-27T18:22:49.905377+00:00,8.373827,1774635769905377317,453060,1774635769905791744,right,ON,2.0,3.52
2026-03-27T18:22:49.921913+00:00,8.390362,1774635769921913017,453076,1774635769921834496,right,ON,1.1,1.85
2026-03-27T18:22:49.937195+00:00,8.405644,1774635769937194517,453092,1774635769937806080,right,ON,1.1,1.85
2026-03-27T18:22:49.953760+00:00,8.422209,1774635769953759917,453108,1774635769953829120,right,ON,1.1,1.85
2026-03-27T18:22:49.969065+00:00,8.437514,1774635769969065117,453124,1774635769969784064,right,ON,1.1,1.85
2026-03-27T18:22:49.985554+00:00,8.454003,1774635769985553617,453140,1774635769985779712,right,ON,1.1,1.85
2026-03-27T18:22:50.001975+00:00,8.470424,1774635770001974517,453156,1774635770001809408,right,ON,1.1,1.85
2026-03-27T18:22:50.017359+00:00,8.485808,1774635770017359017,453172,1774635770018028800,right,ON,1.0,1.76
2026-03-27T18:22:50.033787+00:00,8.502236,1774635770033786617,453188,1774635770034044672,right,ON,1.1,1.85
2026-03-27T18:22:50.050239+00:00,8.518688,1774635770050238817,453204,1774635770050094336,right,ON,1.0,1.76
2026-03-27T18:22:50.065534+00:00,8.533983,1774635770065533717,453220,1774635770066078976,right,ON,1.1,1.85
2026-03-27T18:22:50.082506+00:00,8.550955,1774635770082505717,453236,1774635770082135296,right,ON,1.1,1.85
2026-03-27T18:22:50.102453+00:00,8.570902,1774635770102453117,453252,1774635770098404608,right,ON,1.1,1.85
2026-03-27T18:22:50.113794+00:00,8.582244,1774635770113794317,453268,1774635770114394880,right,ON,1.1,1.85
2026-03-27T18:22:50.130431+00:00,8.598880,1774635770130431017,453284,1774635770130431744,right,ON,1.1,1.85
2026-03-27T18:22:50.145641+00:00,8.614090,1774635770145641017,453300,1774635770146401280,right,ON,1.1,1.85
2026-03-27T18:22:50.162202+00:00,8.630651,1774635770162201517,453316,1774635770162407424,right,ON,1.1,1.85
2026-03-27T18:22:50.178573+00:00,8.647022,1774635770178572517,453332,1774635770178448640,right,ON,1.0,1.76
2026-03-27T18:22:50.194037+00:00,8.662486,1774635770194036717,453348,1774635770194436608,right,ON,1.1,1.85
2026-03-27T18:22:50.210340+00:00,8.678789,1774635770210340117,453364,1774635770210449152,right,ON,1.1,1.85
2026-03-27T18:22:50.225878+00:00,8.694328,1774635770225878617,453380,1774635770226413312,right,ON,1.1,1.85
2026-03-27T18:22:50.242162+00:00,8.710611,1774635770242162017,453396,1774635770242631168,right,ON,1.0,1.76
2026-03-27T18:22:50.258734+00:00,8.727184,1774635770258734317,453412,1774635770258675456,right,ON,1.1,1.85
2026-03-27T18:22:50.273959+00:00,8.742408,1774635770273959217,453428,1774635770274652416,right,ON,1.1,1.85
2026-03-27T18:22:50.290570+00:00,8.759020,1774635770290570617,453444,1774635770290674944,right,ON,1.1,1.85
2026-03-27T18:22:50.306813+00:00,8.775262,1774635770306812917,453460,1774635770306720256,right,ON,1.1,1.85
2026-03-27T18:22:50.326400+00:00,8.794849,1774635770326399917,453476,1774635770322959104,right,ON,1.1,1.85
2026-03-27T18:22:50.338618+00:00,8.807068,1774635770338618417,453492,1774635770338972672,right,ON,1.0,1.76
2026-03-27T18:22:50.354202+00:00,8.822652,1774635770354202317,453508,1774635770354941184,right,ON,1.0,1.76
2026-03-27T18:22:50.370498+00:00,8.838947,1774635770370497817,453524,1774635770370933504,right,ON,1.1,1.85
2026-03-27T18:22:50.387052+00:00,8.855501,1774635770387051717,453540,1774635770386972672,right,ON,1.1,1.85
2026-03-27T18:22:50.402505+00:00,8.870955,1774635770402505517,453556,1774635770402950144,right,ON,1.1,1.85
2026-03-27T18:22:50.418873+00:00,8.887323,1774635770418873317,453572,1774635770418966272,right,ON,1.1,1.85
2026-03-27T18:22:50.435316+00:00,8.903765,1774635770435316017,453588,1774635770435010560,right,ON,1.0,1.76
2026-03-27T18:22:50.450661+00:00,8.919110,1774635770450660517,453604,1774635770451223040,right,ON,1.1,1.85
2026-03-27T18:22:50.467225+00:00,8.935674,1774635770467225217,453620,1774635770467264256,right,ON,1.1,1.85
2026-03-27T18:22:50.482583+00:00,8.951032,1774635770482582517,453636,1774635770483242496,right,ON,1.1,1.85
2026-03-27T18:22:50.499049+00:00,8.967499,1774635770499049317,453652,1774635770499257600,right,ON,1.1,1.85
2026-03-27T18:22:50.515326+00:00,8.983775,1774635770515325417,453668,1774635770515298816,right,ON,1.1,1.85
2026-03-27T18:22:50.535108+00:00,9.003557,1774635770535108217,453684,1774635770531548160,right,ON,1.1,1.85
2026-03-27T18:22:50.547188+00:00,9.015637,1774635770547187617,453700,1774635770547559168,right,ON,1.1,1.85
2026-03-27T18:22:50.563683+00:00,9.032133,1774635770563683417,453716,1774635770563610368,right,ON,1.1,1.85
2026-03-27T18:22:50.579040+00:00,9.047489,1774635770579040117,453732,1774635770579602944,right,ON,1.1,1.85
2026-03-27T18:22:50.595539+00:00,9.063988,1774635770595538817,453748,1774635770595631360,right,ON,1.1,1.85
2026-03-27T18:22:50.610791+00:00,9.079240,1774635770610790717,453764,1774635770611595264,right,ON,1.1,1.85
2026-03-27T18:22:50.627376+00:00,9.095826,1774635770627376317,453780,1774635770627599616,right,ON,1.0,1.76
2026-03-27T18:22:50.643891+00:00,9.112340,1774635770643891117,453796,1774635770643647232,right,ON,1.1,1.85
2026-03-27T18:22:50.659198+00:00,9.127647,1774635770659197617,453812,1774635770659626240,right,ON,1.1,1.85
2026-03-27T18:22:50.675460+00:00,9.143909,1774635770675460117,453828,1774635770675829248,right,ON,1.1,1.85
2026-03-27T18:22:50.692029+00:00,9.160478,1774635770692028317,453844,1774635770691891712,right,ON,1.1,1.85
2026-03-27T18:22:50.707484+00:00,9.175933,1774635770707483617,453860,1774635770707894528,right,ON,1.1,1.85
2026-03-27T18:22:50.723955+00:00,9.192405,1774635770723955417,453876,1774635770723938048,right,ON,1.1,1.85
2026-03-27T18:22:50.739280+00:00,9.207730,1774635770739280317,453892,1774635770739913984,right,ON,1.1,1.85
2026-03-27T18:22:50.759127+00:00,9.227577,1774635770759127417,453908,1774635770756139008,right,ON,1.1,1.85
2026-03-27T18:22:50.772102+00:00,9.240551,1774635770772102017,453924,1774635770772177664,right,ON,1.1,1.85
2026-03-27T18:22:50.787514+00:00,9.255963,1774635770787513917,453940,1774635770788161024,right,ON,1.1,1.85
2026-03-27T18:22:50.803914+00:00,9.272364,1774635770803914317,453956,1774635770804175872,right,ON,1.1,1.85
2026-03-27T18:22:50.820343+00:00,9.288792,1774635770820342517,453972,1774635770820227840,right,ON,1.1,1.85
2026-03-27T18:22:50.835737+00:00,9.304186,1774635770835737017,453988,1774635770836215552,right,ON,1.1,1.85
2026-03-27T18:22:50.852088+00:00,9.320537,1774635770852088117,454004,1774635770852237312,right,ON,1.0,1.76
2026-03-27T18:22:50.867649+00:00,9.336098,1774635770867649217,454020,1774635770868217344,right,ON,1.1,1.85
2026-03-27T18:22:50.884080+00:00,9.352529,1774635770884079817,454036,1774635770884376576,right,ON,1.1,1.85
2026-03-27T18:22:50.900473+00:00,9.368923,1774635770900473417,454052,1774635770900427264,right,ON,1.1,1.85
2026-03-27T18:22:50.915952+00:00,9.384401,1774635770915952217,454068,1774635770916420608,right,ON,1.1,1.85
2026-03-27T18:22:50.932302+00:00,9.400752,1774635770932302717,454084,1774635770932444928,right,ON,1.1,1.85
2026-03-27T18:22:50.948802+00:00,9.417251,1774635770948801417,454100,1774635770948512000,right,ON,1.1,1.85
2026-03-27T18:22:50.967196+00:00,9.435645,1774635770967195317,454116,1774635770964698880,right,ON,1.1,1.85
2026-03-27T18:22:50.980661+00:00,9.449110,1774635770980660917,454132,1774635770980740096,right,ON,1.1,1.85
2026-03-27T18:22:50.995943+00:00,9.464392,1774635770995943117,454148,1774635770996711424,right,ON,1.1,1.85
2026-03-27T18:22:51.012438+00:00,9.480887,1774635771012437517,454164,1774635771012723968,right,ON,1.1,1.85
2026-03-27T18:22:51.028808+00:00,9.497257,1774635771028807817,454180,1774635771028768256,right,ON,1.1,1.85
2026-03-27T18:22:51.044231+00:00,9.512680,1774635771044230917,454196,1774635771044753920,right,ON,1.1,1.85
2026-03-27T18:22:51.060640+00:00,9.529090,1774635771060640317,454212,1774635771060773632,right,ON,1.1,1.85
2026-03-27T18:22:51.077111+00:00,9.545560,1774635771077110917,454228,1774635771076832512,right,ON,1.1,1.85
2026-03-27T18:22:51.092639+00:00,9.561089,1774635771092639417,454244,1774635771092836096,right,ON,1.1,1.85
2026-03-27T18:22:51.108954+00:00,9.577403,1774635771108954117,454260,1774635771108884736,right,ON,1.1,1.85
2026-03-27T18:22:51.124435+00:00,9.592884,1774635771124435217,454276,1774635771125021952,right,ON,1.1,1.85
2026-03-27T18:22:51.140751+00:00,9.609201,1774635771140751317,454292,1774635771141035520,right,ON,1.1,1.85
2026-03-27T18:22:51.157272+00:00,9.625721,1774635771157271917,454308,1774635771157096448,right,ON,1.1,1.85
2026-03-27T18:22:51.172557+00:00,9.641006,1774635771172556417,454324,1774635771173085184,right,ON,1.1,1.85
2026-03-27T18:22:51.190524+00:00,9.658974,1774635771190524517,454340,1774635771189207040,right,ON,1.1,1.85
2026-03-27T18:22:51.205447+00:00,9.673896,1774635771205447117,454356,1774635771205268480,right,ON,1.1,1.85
2026-03-27T18:22:51.220943+00:00,9.689393,1774635771220943417,454372,1774635771221278464,right,ON,1.1,1.85
2026-03-27T18:22:51.237282+00:00,9.705731,1774635771237282017,454388,1774635771237314304,right,ON,1.1,1.85
2026-03-27T18:22:51.252732+00:00,9.721181,1774635771252731917,454404,1774635771253297920,right,ON,1.1,1.85
2026-03-27T18:22:51.269092+00:00,9.737541,1774635771269091517,454420,1774635771269308416,right,ON,1.1,1.85
2026-03-27T18:22:51.285571+00:00,9.754021,1774635771285571317,454436,1774635771285361664,right,ON,1.1,1.85
2026-03-27T18:22:51.301085+00:00,9.769534,1774635771301084917,454452,1774635771301356800,right,ON,1.1,1.85
2026-03-27T18:22:51.317396+00:00,9.785845,1774635771317395717,454468,1774635771317385728,right,ON,1.1,1.85
2026-03-27T18:22:51.333903+00:00,9.802352,1774635771333903017,454484,1774635771333449216,right,ON,1.1,1.85
2026-03-27T18:22:51.349182+00:00,9.817631,1774635771349181817,454500,1774635771349575936,right,ON,1.1,1.85
2026-03-27T18:22:51.365749+00:00,9.834198,1774635771365749017,454516,1774635771365621248,right,ON,1.1,1.85
2026-03-27T18:22:51.381009+00:00,9.849458,1774635771381008617,454532,1774635771381603584,right,ON,1.1,1.85
2026-03-27T18:22:51.398821+00:00,9.867270,1774635771398821017,454548,1774635771397701888,right,ON,1.1,1.85
2026-03-27T18:22:51.414007+00:00,9.882457,1774635771414007317,454564,1774635771413761536,right,ON,1.1,1.93
2026-03-27T18:22:51.429327+00:00,9.897776,1774635771429327117,454580,1774635771429758464,right,ON,1.1,1.85
2026-03-27T18:22:51.445802+00:00,9.914252,1774635771445802417,454596,1774635771445791488,right,ON,1.1,1.85
2026-03-27T18:22:51.462163+00:00,9.930612,1774635771462162617,454612,1774635771461856512,right,ON,1.1,1.85
2026-03-27T18:22:51.477639+00:00,9.946088,1774635771477638817,454628,1774635771477864704,right,ON,1.1,1.85
2026-03-27T18:22:51.494000+00:00,9.962449,1774635771494000217,454644,1774635771493908480,right,ON,1.1,1.85
2026-03-27T18:22:51.509439+00:00,9.977888,1774635771509439117,454660,1774635771509893632,right,ON,1.1,1.85
2026-03-27T18:22:51.525963+00:00,9.994412,1774635771525962717,454676,1774635771525921536,right,ON,1.1,1.85
2026-03-27T18:22:51.542231+00:00,10.010680,1774635771542230617,454692,1774635771541969920,right,ON,1.1,1.85
2026-03-27T18:22:51.557771+00:00,10.026221,1774635771557771317,454708,1774635771558104832,right,ON,1.1,1.85
2026-03-27T18:22:51.574075+00:00,10.042524,1774635771574075217,454724,1774635771574137088,right,ON,1.1,1.85
2026-03-27T18:22:51.590564+00:00,10.059013,1774635771590564217,454740,1774635771590210816,right,ON,1.1,1.85
2026-03-27T18:22:51.606063+00:00,10.074512,1774635771606062717,454756,1774635771606229760,right,ON,1.1,1.85
2026-03-27T18:22:51.622385+00:00,10.090834,1774635771622385217,454772,1774635771622279424,right,ON,1.1,1.85
2026-03-27T18:22:51.638908+00:00,10.107357,1774635771638907617,454788,1774635771638333696,right,ON,1.1,1.85
2026-03-27T18:22:51.654192+00:00,10.122641,1774635771654191717,454804,1774635771654356480,right,ON,1.1,1.85
2026-03-27T18:22:51.670704+00:00,10.139153,1774635771670703717,454820,1774635771670422528,right,ON,1.1,1.85
2026-03-27T18:22:51.686013+00:00,10.154462,1774635771686013117,454836,1774635771686420480,right,ON,1.1,1.85
2026-03-27T18:22:51.702587+00:00,10.171036,1774635771702586717,454852,1774635771702458112,right,ON,1.1,1.85
2026-03-27T18:22:51.719030+00:00,10.187479,1774635771719030017,454868,1774635771718535680,right,ON,1.1,1.85
2026-03-27T18:22:51.734359+00:00,10.202808,1774635771734358517,454884,1774635771734551040,right,ON,1.1,1.85
2026-03-27T18:22:51.750827+00:00,10.219276,1774635771750826817,454900,1774635771750605568,right,ON,1.1,1.85
2026-03-27T18:22:51.766124+00:00,10.234573,1774635771766123717,454916,1774635771766591744,right,ON,1.1,1.85
2026-03-27T18:22:51.782588+00:00,10.251038,1774635771782588517,454932,1774635771782722816,right,ON,1.1,1.85
2026-03-27T18:22:51.798937+00:00,10.267386,1774635771798937017,454948,1774635771798780928,right,ON,1.1,1.85
2026-03-27T18:22:51.814409+00:00,10.282858,1774635771814408517,454964,1774635771814784512,right,ON,1.1,1.85
2026-03-27T18:22:51.830869+00:00,10.299318,1774635771830868917,454980,1774635771830824704,right,ON,1.1,1.85
2026-03-27T18:22:51.847357+00:00,10.315806,1774635771847357217,454996,1774635771846903808,right,ON,1.1,1.85
2026-03-27T18:22:51.862595+00:00,10.331044,1774635771862594917,455012,1774635771862912768,right,ON,1.1,1.85
2026-03-27T18:22:51.879107+00:00,10.347557,1774635771879107317,455028,1774635771878960128,right,ON,1.1,1.85
2026-03-27T18:22:51.894525+00:00,10.362974,1774635771894525017,455044,1774635771894953984,right,ON,1.1,1.85
2026-03-27T18:22:51.910950+00:00,10.379399,1774635771910950217,455060,1774635771910982656,right,ON,1.1,1.85
2026-03-27T18:22:51.927541+00:00,10.395990,1774635771927541117,455076,1774635771927055872,right,ON,1.1,1.85
2026-03-27T18:22:51.942871+00:00,10.411320,1774635771942870917,455092,1774635771943067392,right,ON,1.1,1.93
2026-03-27T18:22:51.959282+00:00,10.427731,1774635771959282117,455108,1774635771959111168,right,ON,1.1,1.93
2026-03-27T18:22:51.975828+00:00,10.444277,1774635771975827717,455124,1774635771975198976,right,ON,1.1,1.93
2026-03-27T18:22:51.991148+00:00,10.459598,1774635771991148617,455140,1774635771991315968,right,ON,1.1,1.93
2026-03-27T18:22:52.007455+00:00,10.475904,1774635772007454917,455156,1774635772007372544,right,ON,1.1,1.93
2026-03-27T18:22:52.022969+00:00,10.491419,1774635772022969317,455172,1774635772023373056,right,ON,1.1,1.93
2026-03-27T18:22:52.039293+00:00,10.507742,1774635772039292917,455188,1774635772039404544,right,ON,1.1,1.93
2026-03-27T18:22:52.055917+00:00,10.524366,1774635772055917217,455204,1774635772055481088,right,ON,1.2,2.02
2026-03-27T18:22:52.071133+00:00,10.539583,1774635772071133517,455220,1774635772071487744,right,ON,1.2,2.02
2026-03-27T18:22:52.087654+00:00,10.556103,1774635772087654117,455236,1774635772087534848,right,ON,1.2,2.02
2026-03-27T18:22:52.103917+00:00,10.572366,1774635772103917017,455252,1774635772103608064,right,ON,1.3,2.2
2026-03-27T18:22:52.119401+00:00,10.587851,1774635772119401517,455268,1774635772119631104,right,ON,1.3,2.29
2026-03-27T18:22:52.135825+00:00,10.604274,1774635772135824617,455284,1774635772135685632,right,ON,1.4,2.37
2026-03-27T18:22:52.151255+00:00,10.619704,1774635772151254917,455300,1774635772151685376,right,ON,1.4,2.46
2026-03-27T18:22:52.167744+00:00,10.636194,1774635772167744417,455316,1774635772167720448,right,ON,1.5,2.64
2026-03-27T18:22:52.184134+00:00,10.652584,1774635772184134417,455332,1774635772183791872,right,ON,1.7,2.9
2026-03-27T18:22:52.199581+00:00,10.668030,1774635772199580617,455348,1774635772199802368,right,ON,1.7,2.99
2026-03-27T18:22:52.216015+00:00,10.684464,1774635772216014517,455364,1774635772215896832,right,ON,2.0,3.43
2026-03-27T18:22:52.232475+00:00,10.700924,1774635772232475017,455380,1774635772231983616,right,ON,2.2,3.78
2026-03-27T18:22:52.247878+00:00,10.716328,1774635772247878317,455396,1774635772248013824,right,ON,2.6,4.48
2026-03-27T18:22:52.264283+00:00,10.732732,1774635772264283017,455412,1774635772264075008,right,ON,3.1,5.36
2026-03-27T18:22:52.279559+00:00,10.748009,1774635772279559317,455428,1774635772280070400,right,ON,3.6,6.24
2026-03-27T18:22:52.296121+00:00,10.764570,1774635772296121117,455444,1774635772296107520,right,ON,4.2,7.21
2026-03-27T18:22:52.312598+00:00,10.781047,1774635772312598217,455460,1774635772312184064,right,ON,4.7,8.17
2026-03-27T18:22:52.327858+00:00,10.796307,1774635772327858117,455476,1774635772328196096,right,ON,5.2,9.05
2026-03-27T18:22:52.344501+00:00,10.812950,1774635772344501117,455492,1774635772344253184,right,ON,5.8,10.02
2026-03-27T18:22:52.360849+00:00,10.829298,1774635772360848517,455508,1774635772360342528,right,ON,6.3,10.81
2026-03-27T18:22:52.376189+00:00,10.844638,1774635772376188917,455524,1774635772376365056,right,ON,6.8,11.69
2026-03-27T18:22:52.392591+00:00,10.861040,1774635772392591017,455540,1774635772392425472,right,ON,7.4,12.74
2026-03-27T18:22:52.408056+00:00,10.876505,1774635772408055617,455556,1774635772408425984,right,ON,7.9,13.62
2026-03-27T18:22:52.424426+00:00,10.892875,1774635772424425617,455572,1774635772424501248,right,ON,8.2,14.15
2026-03-27T18:22:52.440974+00:00,10.909424,1774635772440974717,455588,1774635772440582400,right,ON,8.6,14.85
2026-03-27T18:22:52.456270+00:00,10.924719,1774635772456269917,455604,1774635772456594944,right,ON,9.0,15.56
2026-03-27T18:22:52.472883+00:00,10.941332,1774635772472882817,455620,1774635772472655616,right,ON,9.5,16.35
2026-03-27T18:22:52.489182+00:00,10.957631,1774635772489182117,455636,1774635772488741120,right,ON,10.0,17.31
2026-03-27T18:22:52.504637+00:00,10.973086,1774635772504636517,455652,1774635772504772608,right,ON,10.8,18.54
2026-03-27T18:22:52.520972+00:00,10.989421,1774635772520971817,455668,1774635772520832000,right,ON,12.0,20.48
2026-03-27T18:22:52.544217+00:00,11.012666,1774635772544217117,455684,1774635772537311488,right,ON,13.3,22.5
2026-03-27T18:22:52.552837+00:00,11.021286,1774635772552837217,455700,1774635772553341184,right,ON,14.6,24.43
2026-03-27T18:22:52.569227+00:00,11.037676,1774635772569226817,455716,1774635772569399040,right,ON,15.8,26.28
2026-03-27T18:22:52.584753+00:00,11.053202,1774635772584752817,455732,1774635772585409280,right,ON,17.0,28.21
2026-03-27T18:22:52.601042+00:00,11.069491,1774635772601042017,455748,1774635772601442304,right,ON,18.3,30.15
2026-03-27T18:22:52.617579+00:00,11.086028,1774635772617579017,455764,1774635772617519104,right,ON,19.5,32.08
2026-03-27T18:22:52.632829+00:00,11.101278,1774635772632828917,455780,1774635772633530368,right,ON,20.6,33.75
2026-03-27T18:22:52.649415+00:00,11.117865,1774635772649415317,455796,1774635772649583360,right,ON,21.8,35.33
2026-03-27T18:22:52.664640+00:00,11.133090,1774635772664640417,455812,1774635772665600768,right,ON,22.8,36.74
2026-03-27T18:22:52.681235+00:00,11.149685,1774635772681235317,455828,1774635772681629952,right,ON,23.7,37.97
2026-03-27T18:22:52.697607+00:00,11.166056,1774635772697607217,455844,1774635772697693440,right,ON,24.6,39.11
2026-03-27T18:22:52.713138+00:00,11.181588,1774635772713138517,455860,1774635772713702144,right,ON,25.3,40.17
2026-03-27T18:22:52.729420+00:00,11.197869,1774635772729420117,455876,1774635772729741824,right,ON,26.5,41.75
2026-03-27T18:22:52.745819+00:00,11.214269,1774635772745819417,455892,1774635772745815552,right,ON,27.9,43.68
2026-03-27T18:22:52.761496+00:00,11.229945,1774635772761496017,455908,1774635772761844480,right,ON,29.2,45.44
2026-03-27T18:22:52.777756+00:00,11.246206,1774635772777756317,455924,1774635772777899520,right,ON,30.2,46.85
2026-03-27T18:22:52.793226+00:00,11.261675,1774635772793225817,455940,1774635772793895936,right,ON,31.0,47.72
2026-03-27T18:22:52.809623+00:00,11.278073,1774635772809623617,455956,1774635772809926656,right,ON,31.5,48.43
2026-03-27T18:22:52.826077+00:00,11.294526,1774635772826076317,455972,1774635772825991424,right,ON,32.1,49.13
2026-03-27T18:22:52.841339+00:00,11.309788,1774635772841339117,455988,1774635772841990400,right,ON,32.5,49.66
2026-03-27T18:22:52.857862+00:00,11.326311,1774635772857862017,456004,1774635772858031360,right,ON,33.0,50.27
2026-03-27T18:22:52.874318+00:00,11.342767,1774635772874318217,456020,1774635772874110976,right,ON,33.4,50.71
2026-03-27T18:22:52.889696+00:00,11.358145,1774635772889696117,456036,1774635772890124800,right,ON,33.4,50.8
2026-03-27T18:22:52.906160+00:00,11.374609,1774635772906160017,456052,1774635772906178048,right,ON,33.5,50.89
2026-03-27T18:22:52.921542+00:00,11.389991,1774635772921541517,456068,1774635772922171392,right,ON,33.6,50.98
2026-03-27T18:22:52.938023+00:00,11.406472,1774635772938022917,456084,1774635772938202624,right,ON,33.6,51.06
2026-03-27T18:22:52.954322+00:00,11.422772,1774635772954322517,456100,1774635772954266624,right,ON,33.7,51.15
2026-03-27T18:22:52.969776+00:00,11.438225,1774635772969776017,456116,1774635772970272256,right,ON,33.9,51.42
2026-03-27T18:22:52.986281+00:00,11.454730,1774635772986281117,456132,1774635772986317056,right,ON,34.1,51.68
2026-03-27T18:22:53.002612+00:00,11.471062,1774635773002612317,456148,1774635773002394880,right,ON,34.3,51.86
2026-03-27T18:22:53.018125+00:00,11.486574,1774635773018124717,456164,1774635773018417920,right,ON,34.5,52.12
2026-03-27T18:22:53.034440+00:00,11.502889,1774635773034439717,456180,1774635773034465280,right,ON,34.7,52.38
2026-03-27T18:22:53.049973+00:00,11.518423,1774635773049973517,456196,1774635773050464768,right,ON,35.0,52.73
2026-03-27T18:22:53.066217+00:00,11.534667,1774635773066217317,456212,1774635773066484992,right,ON,35.1,52.91
2026-03-27T18:22:53.082751+00:00,11.551200,1774635773082751017,456228,1774635773082552832,right,ON,35.2,53.0
2026-03-27T18:22:53.098029+00:00,11.566478,1774635773098029017,456244,1774635773098548224,right,ON,35.3,53.09
2026-03-27T18:22:53.114578+00:00,11.583027,1774635773114577717,456260,1774635773114589440,right,ON,35.3,53.09
2026-03-27T18:22:53.131096+00:00,11.599546,1774635773131096317,456276,1774635773130665728,right,ON,35.3,53.09
2026-03-27T18:22:53.146335+00:00,11.614784,1774635773146334717,456292,1774635773146675456,right,ON,35.3,53.09
2026-03-27T18:22:53.163680+00:00,11.632129,1774635773163679417,456308,1774635773162776064,right,ON,35.2,53.0
2026-03-27T18:22:53.178240+00:00,11.646690,1774635773178240317,456324,1774635773178765312,right,ON,35.2,53.0
2026-03-27T18:22:53.194714+00:00,11.663163,1774635773194714217,456340,1774635773194794240,right,ON,35.0,52.82
2026-03-27T18:22:53.211029+00:00,11.679479,1774635773211029317,456356,1774635773210850816,right,ON,34.9,52.65
2026-03-27T18:22:53.226586+00:00,11.695035,1774635773226585817,456372,1774635773226858496,right,ON,34.6,52.21
2026-03-27T18:22:53.243025+00:00,11.711475,1774635773243025317,456388,1774635773242902528,right,ON,34.2,51.77
2026-03-27T18:22:53.259457+00:00,11.727906,1774635773259456717,456404,1774635773258982656,right,ON,33.9,51.42
2026-03-27T18:22:53.274847+00:00,11.743296,1774635773274846617,456420,1774635773275002880,right,ON,33.6,50.98
2026-03-27T18:22:53.291178+00:00,11.759628,1774635773291178417,456436,1774635773291051520,right,ON,33.1,50.45
2026-03-27T18:22:53.306662+00:00,11.775112,1774635773306662417,456452,1774635773307041536,right,ON,32.9,50.1
2026-03-27T18:22:53.322977+00:00,11.791426,1774635773322977217,456468,1774635773323064320,right,ON,32.7,49.92
2026-03-27T18:22:53.339549+00:00,11.807998,1774635773339548917,456484,1774635773339132672,right,ON,32.4,49.57
2026-03-27T18:22:53.354823+00:00,11.823272,1774635773354822817,456500,1774635773355129344,right,ON,32.3,49.39
2026-03-27T18:22:53.371326+00:00,11.839775,1774635773371326217,456516,1774635773371172608,right,ON,32.3,49.39
2026-03-27T18:22:53.396783+00:00,11.865232,1774635773396782617,456532,1774635773387800064,right,ON,32.2,49.31
2026-03-27T18:22:53.403177+00:00,11.871626,1774635773403176917,456548,1774635773403803136,right,ON,32.2,49.31
2026-03-27T18:22:53.419721+00:00,11.888171,1774635773419721517,456564,1774635773419847424,right,ON,32.2,49.31
2026-03-27T18:22:53.434958+00:00,11.903407,1774635773434958017,456580,1774635773435824384,right,ON,32.3,49.39
2026-03-27T18:22:53.451543+00:00,11.919992,1774635773451542817,456596,1774635773451843840,right,ON,32.4,49.48
2026-03-27T18:22:53.467771+00:00,11.936220,1774635773467771217,456612,1774635773467890432,right,ON,32.5,49.66
2026-03-27T18:22:53.483267+00:00,11.951717,1774635773483267317,456628,1774635773483880192,right,ON,32.6,49.83
2026-03-27T18:22:53.499754+00:00,11.968203,1774635773499753917,456644,1774635773499914240,right,ON,32.7,49.92
2026-03-27T18:22:53.516052+00:00,11.984501,1774635773516052217,456660,1774635773515971584,right,ON,32.7,49.92
2026-03-27T18:22:53.531744+00:00,12.000193,1774635773531744017,456676,1774635773531988992,right,ON,32.9,50.19
2026-03-27T18:22:53.547898+00:00,12.016347,1774635773547897917,456692,1774635773548022016,right,ON,33.1,50.36
2026-03-27T18:22:53.563364+00:00,12.031813,1774635773563363817,456708,1774635773564244480,right,ON,33.1,50.45
2026-03-27T18:22:53.579884+00:00,12.048333,1774635773579883717,456724,1774635773580274944,right,ON,33.2,50.54
2026-03-27T18:22:53.605828+00:00,12.074277,1774635773605827617,456740,1774635773596920832,right,ON,33.2,50.54
2026-03-27T18:22:53.611570+00:00,12.080019,1774635773611569617,456756,1774635773612906752,right,ON,33.3,50.63
2026-03-27T18:22:53.628068+00:00,12.096517,1774635773628067717,456772,1774635773628928512,right,ON,33.4,50.8
2026-03-27T18:22:53.644594+00:00,12.113044,1774635773644594417,456788,1774635773644994816,right,ON,33.7,51.15
2026-03-27T18:22:53.659879+00:00,12.128329,1774635773659879317,456804,1774635773660989696,right,ON,34.0,51.5
2026-03-27T18:22:53.676362+00:00,12.144811,1774635773676361917,456820,1774635773677027584,right,ON,34.2,51.77
2026-03-27T18:22:53.691769+00:00,12.160219,1774635773691769417,456836,1774635773693000960,right,ON,34.4,52.03
2026-03-27T18:22:53.708160+00:00,12.176609,1774635773708159617,456852,1774635773709012480,right,ON,34.6,52.21
2026-03-27T18:22:53.724803+00:00,12.193252,1774635773724802917,456868,1774635773725070592,right,ON,34.8,52.56
2026-03-27T18:22:53.740029+00:00,12.208479,1774635773740029417,456884,1774635773741062144,right,ON,34.9,52.65
2026-03-27T18:22:53.756380+00:00,12.224830,1774635773756380317,456900,1774635773757079808,right,ON,34.9,52.65
2026-03-27T18:22:53.772878+00:00,12.241327,1774635773772878217,456916,1774635773773136128,right,ON,34.9,52.65
2026-03-27T18:22:53.788255+00:00,12.256705,1774635773788255317,456932,1774635773789139968,right,ON,34.9,52.65
2026-03-27T18:22:53.804703+00:00,12.273152,1774635773804702417,456948,1774635773805174784,right,ON,34.8,52.47
2026-03-27T18:22:53.829531+00:00,12.297980,1774635773829531017,456964,1774635773821728256,right,ON,34.8,52.47
2026-03-27T18:22:53.836587+00:00,12.305036,1774635773836587017,456980,1774635773837730304,right,ON,34.8,52.47
2026-03-27T18:22:53.853138+00:00,12.321587,1774635773853138117,456996,1774635773853775872,right,ON,34.7,52.38
2026-03-27T18:22:53.868289+00:00,12.336738,1774635773868289117,457012,1774635773869742080,right,ON,34.7,52.38
2026-03-27T18:22:53.884794+00:00,12.353243,1774635773884793917,457028,1774635773885751296,right,ON,34.8,52.47
2026-03-27T18:22:53.901271+00:00,12.369720,1774635773901270917,457044,1774635773901799168,right,ON,34.7,52.38
2026-03-27T18:22:53.916614+00:00,12.385063,1774635773916613817,457060,1774635773917783808,right,ON,34.7,52.38
2026-03-27T18:22:53.933015+00:00,12.401464,1774635773933015217,457076,1774635773933803264,right,ON,34.8,52.47
2026-03-27T18:22:53.948625+00:00,12.417074,1774635773948625217,457092,1774635773949775104,right,ON,34.6,52.29
2026-03-27T18:22:53.965063+00:00,12.433512,1774635773965063017,457108,1774635773965784320,right,ON,34.5,52.12
2026-03-27T18:22:53.981586+00:00,12.450035,1774635773981585917,457124,1774635773981830656,right,ON,34.1,51.59
2026-03-27T18:22:53.996814+00:00,12.465263,1774635773996813817,457140,1774635773997807872,right,ON,33.2,50.54
2026-03-27T18:22:54.013108+00:00,12.481558,1774635774013108317,457156,1774635774013814528,right,ON,31.4,48.34
2026-03-27T18:22:54.038743+00:00,12.507192,1774635774038742617,457172,1774635774030415872,right,ON,29.4,45.7
2026-03-27T18:22:54.045025+00:00,12.513474,1774635774045024817,457188,1774635774046390784,right,ON,26.3,41.48
2026-03-27T18:22:54.061481+00:00,12.529931,1774635774061481417,457204,1774635774062399488,right,ON,22.7,36.56
2026-03-27T18:22:54.076710+00:00,12.545159,1774635774076710117,457220,1774635774078341888,right,ON,19.5,32.08
2026-03-27T18:22:54.093329+00:00,12.561778,1774635774093328717,457236,1774635774094326016,right,ON,16.6,27.6
2026-03-27T18:22:54.109706+00:00,12.578155,1774635774109705717,457252,1774635774110345472,right,ON,13.6,22.94
2026-03-27T18:22:54.125112+00:00,12.593561,1774635774125111517,457268,1774635774126301440,right,ON,11.0,18.81
2026-03-27T18:22:54.141741+00:00,12.610191,1774635774141741417,457284,1774635774142308864,right,ON,8.4,14.59
2026-03-27T18:22:54.158014+00:00,12.626463,1774635774158013917,457300,1774635774158344448,right,ON,6.9,11.87
2026-03-27T18:22:54.173371+00:00,12.641820,1774635774173370817,457316,1774635774174312704,right,ON,6.1,10.55
2026-03-27T18:22:54.189778+00:00,12.658227,1774635774189777617,457332,1774635774190343424,right,ON,5.3,9.23
2026-03-27T18:22:54.205280+00:00,12.673729,1774635774205280017,457348,1774635774206295808,right,ON,5.0,8.7
2026-03-27T18:22:54.221614+00:00,12.690063,1774635774221613617,457364,1774635774222279168,right,ON,4.7,8.17
2026-03-27T18:22:54.238027+00:00,12.706477,1774635774238027317,457380,1774635774238293248,right,ON,4.5,7.73
2026-03-27T18:22:54.261879+00:00,12.730328,1774635774261878817,457396,1774635774254768640,right,ON,4.0,6.94
2026-03-27T18:22:54.269905+00:00,12.738354,1774635774269904717,457412,1774635774270754560,right,ON,3.4,5.8
2026-03-27T18:22:54.286315+00:00,12.754764,1774635774286315017,457428,1774635774286775040,right,ON,3.1,5.36
2026-03-27T18:22:54.301714+00:00,12.770163,1774635774301713817,457444,1774635774302735360,right,ON,2.9,5.01
2026-03-27T18:22:54.318229+00:00,12.786678,1774635774318229217,457460,1774635774318733312,right,ON,2.6,4.57
2026-03-27T18:22:54.333598+00:00,12.802047,1774635774333598017,457476,1774635774334672384,right,ON,2.4,4.22
2026-03-27T18:22:54.349976+00:00,12.818425,1774635774349975617,457492,1774635774350640128,right,ON,2.2,3.87
2026-03-27T18:22:54.366389+00:00,12.834838,1774635774366388617,457508,1774635774366646528,right,ON,2.1,3.6
2026-03-27T18:22:54.381799+00:00,12.850248,1774635774381799217,457524,1774635774382590208,right,ON,2.0,3.43
2026-03-27T18:22:54.398226+00:00,12.866676,1774635774398226517,457540,1774635774398571264,right,ON,1.9,3.34
2026-03-27T18:22:54.414651+00:00,12.883100,1774635774414651217,457556,1774635774414869760,right,ON,1.9,3.34
2026-03-27T18:22:54.430070+00:00,12.898519,1774635774430069917,457572,1774635774430841344,right,ON,1.9,3.34
2026-03-27T18:22:54.446513+00:00,12.914962,1774635774446513017,457588,1774635774446853120,right,ON,1.9,3.25
2026-03-27T18:22:54.469697+00:00,12.938146,1774635774469696817,457604,1774635774463275264,right,ON,1.9,3.34
2026-03-27T18:22:54.478363+00:00,12.946813,1774635774478363517,457620,1774635774479252480,right,ON,1.9,3.25
2026-03-27T18:22:54.494845+00:00,12.963294,1774635774494845117,457636,1774635774495262464,right,ON,1.9,3.34
2026-03-27T18:22:54.510193+00:00,12.978642,1774635774510192817,457652,1774635774511212288,right,ON,1.9,3.25
2026-03-27T18:22:54.526702+00:00,12.995151,1774635774526701717,457668,1774635774527204096,right,ON,1.9,3.25
2026-03-27T18:22:54.542956+00:00,13.011405,1774635774542956017,457684,1774635774543216384,right,ON,1.9,3.25
2026-03-27T18:22:54.558602+00:00,13.027051,1774635774558601617,457700,1774635774559193344,right,ON,1.9,3.34
2026-03-27T18:22:54.574837+00:00,13.043286,1774635774574836617,457716,1774635774575185408,right,ON,1.9,3.25
2026-03-27T18:22:54.590360+00:00,13.058810,1774635774590360417,457732,1774635774591127552,right,ON,1.9,3.25
2026-03-27T18:22:54.606680+00:00,13.075129,1774635774606680017,457748,1774635774607100928,right,ON,1.9,3.25
2026-03-27T18:22:54.623194+00:00,13.091643,1774635774623193617,457764,1774635774623412480,right,ON,1.9,3.25
2026-03-27T18:22:54.638526+00:00,13.106975,1774635774638526217,457780,1774635774639372288,right,ON,1.9,3.25
2026-03-27T18:22:54.654987+00:00,13.123437,1774635774654987317,457796,1774635774655371520,right,ON,1.9,3.25
2026-03-27T18:22:54.671369+00:00,13.139818,1774635774671369017,457812,1774635774671406336,right,ON,1.9,3.25
2026-03-27T18:22:54.686832+00:00,13.155282,1774635774686832417,457828,1774635774687382016,right,ON,1.9,3.25
2026-03-27T18:22:54.710940+00:00,13.179389,1774635774710939717,457844,1774635774703863296,right,ON,1.9,3.25
2026-03-27T18:22:54.718682+00:00,13.187132,1774635774718682317,457860,1774635774719806976,right,ON,1.9,3.25
2026-03-27T18:22:54.735030+00:00,13.203479,1774635774735029817,457876,1774635774735779584,right,ON,1.9,3.25
2026-03-27T18:22:54.751534+00:00,13.219983,1774635774751533917,457892,1774635774751799296,right,ON,1.9,3.25
2026-03-27T18:22:54.766872+00:00,13.235322,1774635774766872417,457908,1774635774767750400,right,ON,1.9,3.25
2026-03-27T18:22:54.783380+00:00,13.251829,1774635774783379917,457924,1774635774783739136,right,ON,1.9,3.25
2026-03-27T18:22:54.799719+00:00,13.268168,1774635774799719017,457940,1774635774799759872,right,ON,1.9,3.25
2026-03-27T18:22:54.815201+00:00,13.283650,1774635774815200517,457956,1774635774815725568,right,ON,1.9,3.25
2026-03-27T18:22:54.831569+00:00,13.300018,1774635774831568917,457972,1774635774831723264,right,ON,1.9,3.25
2026-03-27T18:22:54.847001+00:00,13.315450,1774635774847000617,457988,1774635774847958016,right,ON,1.9,3.25
2026-03-27T18:22:54.863408+00:00,13.331857,1774635774863408217,458004,1774635774863947776,right,ON,1.9,3.25
2026-03-27T18:22:54.879884+00:00,13.348334,1774635774879884417,458020,1774635774879979520,right,ON,1.9,3.25
2026-03-27T18:22:54.895224+00:00,13.363673,1774635774895224217,458036,1774635774895940608,right,ON,1.9,3.25
2026-03-27T18:22:54.911705+00:00,13.380154,1774635774911705217,458052,1774635774911942912,right,ON,1.9,3.25
2026-03-27T18:22:54.934442+00:00,13.402891,1774635774934442017,458068,1774635774928366848,right,ON,1.8,3.16
2026-03-27T18:22:54.943554+00:00,13.412003,1774635774943554117,458084,1774635774944336640,right,ON,1.9,3.25
2026-03-27T18:22:54.960055+00:00,13.428504,1774635774960054417,458100,1774635774960345088,right,ON,1.9,3.25
2026-03-27T18:22:54.975334+00:00,13.443783,1774635774975334117,458116,1774635774976292864,right,ON,1.9,3.25
2026-03-27T18:22:54.991891+00:00,13.460341,1774635774991891417,458132,1774635774992284928,right,ON,1.9,3.25
2026-03-27T18:22:55.008184+00:00,13.476633,1774635775008183917,458148,1774635775008306944,right,ON,1.9,3.25
2026-03-27T18:22:55.023721+00:00,13.492171,1774635775023721417,458164,1774635775024272640,right,ON,1.8,3.16
2026-03-27T18:22:55.040009+00:00,13.508458,1774635775040008417,458180,1774635775040260864,right,ON,1.8,3.16
2026-03-27T18:22:55.056527+00:00,13.524976,1774635775056527017,458196,1774635775056577792,right,ON,1.9,3.25
2026-03-27T18:22:55.071855+00:00,13.540304,1774635775071854817,458212,1774635775072559104,right,ON,1.9,3.25
2026-03-27T18:22:55.088342+00:00,13.556792,1774635775088342517,458228,1774635775088580096,right,ON,1.9,3.25
2026-03-27T18:22:55.103686+00:00,13.572135,1774635775103685517,458244,1774635775104532992,right,ON,1.9,3.25
2026-03-27T18:22:55.120260+00:00,13.588709,1774635775120259617,458260,1774635775120535808,right,ON,1.8,3.16
2026-03-27T18:22:55.141995+00:00,13.610444,1774635775141995217,458276,1774635775136896512,right,ON,1.9,3.25
2026-03-27T18:22:55.152040+00:00,13.620489,1774635775152039417,458292,1774635775152862720,right,ON,1.9,3.25
2026-03-27T18:22:55.168400+00:00,13.636849,1774635775168400017,458308,1774635775168866816,right,ON,1.9,3.25
2026-03-27T18:22:55.184913+00:00,13.653362,1774635775184913017,458324,1774635775184906752,right,ON,1.9,3.25
2026-03-27T18:22:55.200281+00:00,13.668730,1774635775200280717,458340,1774635775200883712,right,ON,1.8,3.16
2026-03-27T18:22:55.216720+00:00,13.685169,1774635775216719617,458356,1774635775216896256,right,ON,1.9,3.25
2026-03-27T18:22:55.232106+00:00,13.700556,1774635775232106317,458372,1774635775232851200,right,ON,1.9,3.25
2026-03-27T18:22:55.248546+00:00,13.716996,1774635775248546417,458388,1774635775248839680,right,ON,1.9,3.25
2026-03-27T18:22:55.264957+00:00,13.733406,1774635775264957217,458404,1774635775264861696,right,ON,1.9,3.25
2026-03-27T18:22:55.280336+00:00,13.748785,1774635775280335917,458420,1774635775281086976,right,ON,1.8,3.16
2026-03-27T18:22:55.296799+00:00,13.765248,1774635775296798917,458436,1774635775297099520,right,ON,1.8,3.16
2026-03-27T18:22:55.313197+00:00,13.781646,1774635775313197017,458452,1774635775313144832,right,ON,1.9,3.25
2026-03-27T18:22:55.328918+00:00,13.797367,1774635775328917417,458468,1774635775329150208,right,ON,1.8,3.16
2026-03-27T18:22:55.345038+00:00,13.813487,1774635775345037817,458484,1774635775345174272,right,ON,1.9,3.25
2026-03-27T18:22:55.367602+00:00,13.836051,1774635775367601817,458500,1774635775361575424,right,ON,1.9,3.25
2026-03-27T18:22:55.376922+00:00,13.845371,1774635775376921617,458516,1774635775377566208,right,ON,1.8,3.16
2026-03-27T18:22:55.393345+00:00,13.861795,1774635775393345317,458532,1774635775393591296,right,ON,1.9,3.25
2026-03-27T18:22:55.408622+00:00,13.877071,1774635775408622217,458548,1774635775409549568,right,ON,1.9,3.25
2026-03-27T18:22:55.425203+00:00,13.893653,1774635775425203317,458564,1774635775425552640,right,ON,1.9,3.25
2026-03-27T18:22:55.441531+00:00,13.909981,1774635775441531517,458580,1774635775441585152,right,ON,1.8,3.16
2026-03-27T18:22:55.457032+00:00,13.925481,1774635775457031817,458596,1774635775457564160,right,ON,1.9,3.25
2026-03-27T18:22:55.473396+00:00,13.941846,1774635775473396317,458612,1774635775473575424,right,ON,1.9,3.25
2026-03-27T18:22:55.488823+00:00,13.957272,1774635775488822817,458628,1774635775489771776,right,ON,1.9,3.25
2026-03-27T18:22:55.505222+00:00,13.973671,1774635775505221817,458644,1774635775505770752,right,ON,1.9,3.25
2026-03-27T18:22:55.521666+00:00,13.990116,1774635775521666417,458660,1774635775521807360,right,ON,1.9,3.25
2026-03-27T18:22:55.537048+00:00,14.005498,1774635775537048417,458676,1774635775537782016,right,ON,1.9,3.25
2026-03-27T18:22:55.553696+00:00,14.022145,1774635775553695617,458692,1774635775553807872,right,ON,1.9,3.25
2026-03-27T18:22:55.574798+00:00,14.043247,1774635775574798217,458708,1774635775570148864,right,ON,1.9,3.25
2026-03-27T18:22:55.585314+00:00,14.053763,1774635775585313917,458724,1774635775586132736,right,ON,1.9,3.25
2026-03-27T18:22:55.601896+00:00,14.070345,1774635775601895817,458740,1774635775602155264,right,ON,1.9,3.25
2026-03-27T18:22:55.617143+00:00,14.085592,1774635775617143117,458756,1774635775618113024,right,ON,1.9,3.25
2026-03-27T18:22:55.633754+00:00,14.102203,1774635775633754017,458772,1774635775634113792,right,ON,1.9,3.25
2026-03-27T18:22:55.650003+00:00,14.118452,1774635775650003017,458788,1774635775650141440,right,ON,1.9,3.25
2026-03-27T18:22:55.665588+00:00,14.134037,1774635775665587617,458804,1774635775666118656,right,ON,1.9,3.25
2026-03-27T18:22:55.681961+00:00,14.150410,1774635775681960817,458820,1774635775682128640,right,ON,1.9,3.34
2026-03-27T18:22:55.698416+00:00,14.166866,1774635775698416417,458836,1774635775698174464,right,ON,2.0,3.43
2026-03-27T18:22:55.713665+00:00,14.182115,1774635775713665417,458852,1774635775714152960,right,ON,2.0,3.43
2026-03-27T18:22:55.730232+00:00,14.198682,1774635775730232617,458868,1774635775730415360,right,ON,2.0,3.43
2026-03-27T18:22:55.745507+00:00,14.213956,1774635775745506717,458884,1774635775746382336,right,ON,2.0,3.43
2026-03-27T18:22:55.762031+00:00,14.230480,1774635775762031017,458900,1774635775762387968,right,ON,2.3,3.96
2026-03-27T18:22:55.778422+00:00,14.246871,1774635775778421917,458916,1774635775778428928,right,ON,2.8,4.92
2026-03-27T18:22:55.798904+00:00,14.267353,1774635775798903817,458932,1774635775794718720,right,ON,4.4,7.56
2026-03-27T18:22:55.810256+00:00,14.278706,1774635775810256417,458948,1774635775810728960,right,ON,4.7,8.17
2026-03-27T18:22:55.826702+00:00,14.295151,1774635775826701817,458964,1774635775826772992,right,ON,5.3,9.23
2026-03-27T18:22:55.842211+00:00,14.310661,1774635775842211417,458980,1774635775842766592,right,ON,6.1,10.55
2026-03-27T18:22:55.858534+00:00,14.326983,1774635775858533617,458996,1774635775858786816,right,ON,7.1,12.22
2026-03-27T18:22:55.874071+00:00,14.342520,1774635775874071017,459012,1774635775874756864,right,ON,8.1,13.97
2026-03-27T18:22:55.890347+00:00,14.358796,1774635775890347217,459028,1774635775890752256,right,ON,9.2,15.82
2026-03-27T18:22:55.906899+00:00,14.375348,1774635775906899017,459044,1774635775906791936,right,ON,10.2,17.67
2026-03-27T18:22:55.922236+00:00,14.390685,1774635775922235617,459060,1774635775922766080,right,ON,11.0,18.81
2026-03-27T18:22:55.938721+00:00,14.407170,1774635775938720817,459076,1774635775938780160,right,ON,11.4,19.51
2026-03-27T18:22:55.954980+00:00,14.423430,1774635775954980317,459092,1774635775955016704,right,ON,11.5,19.69
2026-03-27T18:22:55.970596+00:00,14.439045,1774635775970596017,459108,1774635775971019520,right,ON,11.6,19.78
2026-03-27T18:22:55.986835+00:00,14.455284,1774635775986834717,459124,1774635775987047936,right,ON,11.7,19.95
2026-03-27T18:22:56.006466+00:00,14.474915,1774635776006465817,459140,1774635776003271680,right,ON,11.7,19.95
2026-03-27T18:22:56.018777+00:00,14.487226,1774635776018776517,459156,1774635776019277056,right,ON,11.7,19.95
2026-03-27T18:22:56.035193+00:00,14.503643,1774635776035193317,459172,1774635776035313152,right,ON,11.7,19.86
2026-03-27T18:22:56.050644+00:00,14.519094,1774635776050644417,459188,1774635776051297024,right,ON,11.7,19.95
2026-03-27T18:22:56.067017+00:00,14.535466,1774635776067017117,459204,1774635776067308288,right,ON,11.7,19.86
2026-03-27T18:22:56.083547+00:00,14.551996,1774635776083546817,459220,1774635776083363584,right,ON,11.7,19.86
2026-03-27T18:22:56.098858+00:00,14.567307,1774635776098858017,459236,1774635776099351552,right,ON,11.6,19.78
2026-03-27T18:22:56.115294+00:00,14.583743,1774635776115293417,459252,1774635776115377152,right,ON,11.4,19.51
2026-03-27T18:22:56.130686+00:00,14.599136,1774635776130686317,459268,1774635776131340544,right,ON,11.3,19.34
2026-03-27T18:22:56.147105+00:00,14.615555,1774635776147105617,459284,1774635776147343616,right,ON,11.1,19.07
2026-03-27T18:22:56.163581+00:00,14.632030,1774635776163581117,459300,1774635776163550464,right,ON,10.9,18.72
2026-03-27T18:22:56.179016+00:00,14.647466,1774635776179016517,459316,1774635776179540480,right,ON,10.5,18.11
2026-03-27T18:22:56.195492+00:00,14.663941,1774635776195492117,459332,1774635776195566336,right,ON,10.1,17.49
2026-03-27T18:22:56.211815+00:00,14.680265,1774635776211815317,459348,1774635776211623680,right,ON,9.8,16.87
2026-03-27T18:22:56.227277+00:00,14.695727,1774635776227277417,459364,1774635776227623936,right,ON,9.5,16.35
2026-03-27T18:22:56.246855+00:00,14.715304,1774635776246855217,459380,1774635776243852288,right,ON,9.2,15.91
2026-03-27T18:22:56.259156+00:00,14.727606,1774635776259156417,459396,1774635776259826688,right,ON,9.0,15.56
2026-03-27T18:22:56.275479+00:00,14.743928,1774635776275479117,459412,1774635776275830272,right,ON,8.7,15.12
2026-03-27T18:22:56.291967+00:00,14.760416,1774635776291967217,459428,1774635776291872000,right,ON,8.5,14.77
2026-03-27T18:22:56.307321+00:00,14.775770,1774635776307321117,459444,1774635776307850752,right,ON,8.2,14.24
2026-03-27T18:22:56.323838+00:00,14.792287,1774635776323837617,459460,1774635776323871232,right,ON,7.9,13.71
2026-03-27T18:22:56.340166+00:00,14.808615,1774635776340165817,459476,1774635776339919872,right,ON,7.5,13.01
2026-03-27T18:22:56.355649+00:00,14.824098,1774635776355649017,459492,1774635776355923712,right,ON,7.0,12.13
2026-03-27T18:22:56.371967+00:00,14.840416,1774635776371966917,459508,1774635776371946752,right,ON,6.4,10.99
2026-03-27T18:22:56.387556+00:00,14.856005,1774635776387555917,459524,1774635776388145664,right,ON,5.7,9.84
2026-03-27T18:22:56.403796+00:00,14.872245,1774635776403796017,459540,1774635776404156416,right,ON,5.0,8.61
2026-03-27T18:22:56.420262+00:00,14.888711,1774635776420261717,459556,1774635776420204800,right,ON,4.1,7.12
2026-03-27T18:22:56.435598+00:00,14.904048,1774635776435598417,459572,1774635776436185344,right,ON,3.3,5.63
2026-03-27T18:22:56.452110+00:00,14.920560,1774635776452110317,459588,1774635776452211456,right,ON,2.3,3.96
2026-03-27T18:22:56.470340+00:00,14.938789,1774635776470339517,459604,1774635776468379904,right,ON,1.4,2.37
2026-03-27T18:22:56.483898+00:00,14.952347,1774635776483898217,459620,1774635776484376320,right,ON,1.2,2.02
2026-03-27T18:22:56.500437+00:00,14.968886,1774635776500436617,459636,1774635776500413184,right,ON,1.2,2.02
2026-03-27T18:22:56.515765+00:00,14.984214,1774635776515764817,459652,1774635776516386560,right,ON,1.2,2.02
2026-03-27T18:22:56.532280+00:00,15.000729,1774635776532279717,459668,1774635776532399616,right,ON,1.2,2.02
2026-03-27T18:22:56.548582+00:00,15.017031,1774635776548581617,459684,1774635776548440576,right,ON,1.2,2.02
2026-03-27T18:22:56.564089+00:00,15.032538,1774635776564088917,459700,1774635776564428032,right,ON,1.2,2.02
2026-03-27T18:22:56.580661+00:00,15.049111,1774635776580661317,459716,1774635776580466176,right,ON,1.2,2.02
2026-03-27T18:22:56.596890+00:00,15.065339,1774635776596890117,459732,1774635776596673280,right,ON,1.2,2.02
2026-03-27T18:22:56.612395+00:00,15.080844,1774635776612394817,459748,1774635776612681984,right,ON,1.2,2.02
2026-03-27T18:22:56.628680+00:00,15.097129,1774635776628679517,459764,1774635776628721408,right,ON,1.2,2.02
2026-03-27T18:22:56.644193+00:00,15.112642,1774635776644192817,459780,1774635776644704000,right,ON,1.2,2.02
2026-03-27T18:22:56.660526+00:00,15.128975,1774635776660526017,459796,1774635776660721152,right,ON,1.2,2.02
2026-03-27T18:22:56.679152+00:00,15.147602,1774635776679152317,459812,1774635776676902656,right,ON,1.2,2.02
2026-03-27T18:22:56.692403+00:00,15.160853,1774635776692403317,459828,1774635776692895744,right,ON,1.2,2.02
2026-03-27T18:22:56.708881+00:00,15.177331,1774635776708881317,459844,1774635776708925952,right,ON,1.2,2.02
2026-03-27T18:22:56.725360+00:00,15.193809,1774635776725360017,459860,1774635776724995328,right,ON,1.2,2.02
2026-03-27T18:22:56.740681+00:00,15.209130,1774635776740680917,459876,1774635776740995328,right,ON,1.2,2.02
2026-03-27T18:22:56.757180+00:00,15.225629,1774635776757179717,459892,1774635776757039360,right,ON,1.2,2.02
2026-03-27T18:22:56.772528+00:00,15.240978,1774635776772528417,459908,1774635776773016576,right,ON,1.2,2.02
2026-03-27T18:22:56.789009+00:00,15.257458,1774635776789008917,459924,1774635776789035264,right,ON,1.2,2.02
2026-03-27T18:22:56.805351+00:00,15.273801,1774635776805351317,459940,1774635776805082624,right,ON,1.2,2.02
2026-03-27T18:22:56.820842+00:00,15.289291,1774635776820841717,459956,1774635776821234688,right,ON,1.2,2.02
2026-03-27T18:22:56.837233+00:00,15.305682,1774635776837232717,459972,1774635776837268480,right,ON,1.2,2.02
2026-03-27T18:22:56.853679+00:00,15.322128,1774635776853679117,459988,1774635776853338880,right,ON,1.2,2.02
2026-03-27T18:22:56.869012+00:00,15.337461,1774635776869011717,460004,1774635776869349376,right,ON,1.2,2.02
2026-03-27T18:22:56.885521+00:00,15.353970,1774635776885520917,460020,1774635776885396736,right,ON,1.2,2.02
2026-03-27T18:22:56.902784+00:00,15.371233,1774635776902783917,460036,1774635776901502464,right,ON,1.2,2.02
2026-03-27T18:22:56.917331+00:00,15.385780,1774635776917330617,460052,1774635776917521152,right,ON,1.2,2.02
2026-03-27T18:22:56.933672+00:00,15.402122,1774635776933672517,460068,1774635776933574144,right,ON,1.2,2.02
2026-03-27T18:22:56.949159+00:00,15.417608,1774635776949158917,460084,1774635776949570560,right,ON,1.2,2.02
2026-03-27T18:22:56.965649+00:00,15.434099,1774635776965649317,460100,1774635776965607936,right,ON,1.2,2.02
2026-03-27T18:22:56.981992+00:00,15.450442,1774635776981992417,460116,1774635776981670400,right,ON,1.2,2.02
2026-03-27T18:22:56.997485+00:00,15.465934,1774635776997484817,460132,1774635776997685248,right,ON,1.2,2.02
2026-03-27T18:22:57.013825+00:00,15.482274,1774635777013825217,460148,1774635777013724160,right,ON,1.2,2.02
2026-03-27T18:22:57.029286+00:00,15.497736,1774635777029286317,460164,1774635777029839616,right,ON,1.2,2.02
2026-03-27T18:22:57.045674+00:00,15.514124,1774635777045674317,460180,1774635777045864960,right,ON,1.2,2.11
2026-03-27T18:22:57.062140+00:00,15.530589,1774635777062139517,460196,1774635777061927680,right,ON,1.2,2.11
2026-03-27T18:22:57.077524+00:00,15.545973,1774635777077523817,460212,1774635777077931264,right,ON,1.2,2.02
2026-03-27T18:22:57.093959+00:00,15.562409,1774635777093959417,460228,1774635777093968896,right,ON,1.2,2.02
2026-03-27T18:22:57.111010+00:00,15.579459,1774635777111009417,460244,1774635777110083072,right,ON,1.2,2.02
2026-03-27T18:22:57.125796+00:00,15.594245,1774635777125796117,460260,1774635777126096640,right,ON,1.2,2.02
2026-03-27T18:22:57.142151+00:00,15.610600,1774635777142150717,460276,1774635777142140928,right,ON,1.2,2.02
2026-03-27T18:22:57.157663+00:00,15.626112,1774635777157663117,460292,1774635777158132736,right,ON,1.2,2.02
2026-03-27T18:22:57.173973+00:00,15.642422,1774635777173972617,460308,1774635777174152448,right,ON,1.2,2.02
2026-03-27T18:22:57.190539+00:00,15.658988,1774635777190538717,460324,1774635777190216960,right,ON,1.2,2.02
2026-03-27T18:22:57.205935+00:00,15.674385,1774635777205935417,460340,1774635777206222848,right,ON,1.2,2.02
2026-03-27T18:22:57.222387+00:00,15.690836,1774635777222386917,460356,1774635777222267136,right,ON,1.2,2.02
2026-03-27T18:22:57.238755+00:00,15.707204,1774635777238754817,460372,1774635777238339584,right,ON,1.2,2.02
2026-03-27T18:22:57.254086+00:00,15.722535,1774635777254086017,460388,1774635777254350336,right,ON,1.2,2.02
2026-03-27T18:22:57.270682+00:00,15.739131,1774635777270681517,460404,1774635777270505216,right,ON,1.2,2.02
2026-03-27T18:22:57.285949+00:00,15.754398,1774635777285949217,460420,1774635777286499840,right,ON,1.2,2.02
2026-03-27T18:22:57.302526+00:00,15.770975,1774635777302525317,460436,1774635777302535680,right,ON,1.2,2.02
2026-03-27T18:22:57.318862+00:00,15.787311,1774635777318861717,460452,1774635777318603008,right,ON,1.2,2.02
2026-03-27T18:22:57.335421+00:00,15.803870,1774635777335420717,460468,1774635777334680320,right,ON,1.2,2.02
2026-03-27T18:22:57.350605+00:00,15.819054,1774635777350604417,460484,1774635777350717952,right,ON,1.2,2.02
2026-03-27T18:22:57.367115+00:00,15.835564,1774635777367114517,460500,1774635777366792704,right,ON,1.2,2.02
2026-03-27T18:22:57.382406+00:00,15.850855,1774635777382406117,460516,1774635777382803968,right,ON,1.2,2.02
2026-03-27T18:22:57.399051+00:00,15.867500,1774635777399050817,460532,1774635777398860544,right,ON,1.2,2.02
2026-03-27T18:22:57.414418+00:00,15.882868,1774635777414418317,460548,1774635777414861312,right,ON,1.2,2.02
2026-03-27T18:22:57.430789+00:00,15.899238,1774635777430788817,460564,1774635777430887936,right,ON,1.2,2.02
2026-03-27T18:22:57.447286+00:00,15.915735,1774635777447285717,460580,1774635777446955264,right,ON,1.2,2.02
2026-03-27T18:22:57.462555+00:00,15.931004,1774635777462554617,460596,1774635777462952704,right,ON,1.2,2.02
2026-03-27T18:22:57.479187+00:00,15.947637,1774635777479187417,460612,1774635777479000832,right,ON,1.2,2.02
2026-03-27T18:22:57.495437+00:00,15.963886,1774635777495436917,460628,1774635777495128832,right,ON,1.2,2.02
2026-03-27T18:22:57.510926+00:00,15.979375,1774635777510925617,460644,1774635777511148288,right,ON,1.2,2.02
2026-03-27T18:22:57.527257+00:00,15.995707,1774635777527257417,460660,1774635777527200256,right,ON,1.2,2.02
2026-03-27T18:22:57.543136+00:00,16.011585,1774635777543136017,460676,1774635777543219968,right,ON,1.2,2.02
2026-03-27T18:22:57.559080+00:00,16.027529,1774635777559080117,460692,1774635777559247104,right,ON,1.2,2.11
2026-03-27T18:22:57.576187+00:00,16.044637,1774635777576187317,460708,1774635777575347456,right,ON,1.2,2.02
2026-03-27T18:22:57.591170+00:00,16.059619,1774635777591169617,460724,1774635777591364864,right,ON,1.2,2.02
2026-03-27T18:22:57.607351+00:00,16.075800,1774635777607351217,460740,1774635777607407104,right,ON,1.2,2.02
2026-03-27T18:22:57.623939+00:00,16.092388,1774635777623939117,460756,1774635777623488256,right,ON,1.2,2.11
2026-03-27T18:22:57.639268+00:00,16.107717,1774635777639267717,460772,1774635777639508736,right,ON,1.2,2.02
2026-03-27T18:22:57.655770+00:00,16.124219,1774635777655770117,460788,1774635777655564544,right,ON,1.2,2.02
2026-03-27T18:22:57.670993+00:00,16.139443,1774635777670993317,460804,1774635777671553536,right,ON,1.2,2.02
2026-03-27T18:22:57.687513+00:00,16.155962,1774635777687512517,460820,1774635777687580416,right,ON,1.2,2.02
2026-03-27T18:22:57.704039+00:00,16.172488,1774635777704038717,460836,1774635777703716864,right,ON,1.2,2.02
2026-03-27T18:22:57.719336+00:00,16.187785,1774635777719335717,460852,1774635777719723776,right,ON,1.2,2.02
2026-03-27T18:22:57.735865+00:00,16.204314,1774635777735864917,460868,1774635777735773184,right,ON,1.2,2.02
2026-03-27T18:22:57.752158+00:00,16.220608,1774635777752158417,460884,1774635777751851520,right,ON,1.2,2.02
2026-03-27T18:22:57.767831+00:00,16.236280,1774635777767830617,460900,1774635777767884288,right,ON,1.2,2.02
2026-03-27T18:22:57.783991+00:00,16.252440,1774635777783990817,460916,1774635777783938048,right,ON,1.2,2.02
2026-03-27T18:22:57.799452+00:00,16.267901,1774635777799451917,460932,1774635777799934464,right,ON,1.2,2.02
2026-03-27T18:22:57.815789+00:00,16.284238,1774635777815788917,460948,1774635777815962368,right,ON,1.2,2.02
2026-03-27T18:22:57.832353+00:00,16.300802,1774635777832353017,460964,1774635777832031232,right,ON,1.2,2.02
2026-03-27T18:22:57.847718+00:00,16.316168,1774635777847718517,460980,1774635777848041216,right,ON,1.2,2.02
2026-03-27T18:22:57.864136+00:00,16.332586,1774635777864136517,460996,1774635777864084736,right,ON,1.2,2.02
2026-03-27T18:22:57.880643+00:00,16.349092,1774635777880643117,461012,1774635777880168960,right,ON,1.2,2.02
2026-03-27T18:22:57.895984+00:00,16.364433,1774635777895983817,461028,1774635777896187904,right,ON,1.2,2.11
2026-03-27T18:22:57.912551+00:00,16.381001,1774635777912551517,461044,1774635777912253184,right,ON,1.2,2.02
2026-03-27T18:22:57.927802+00:00,16.396251,1774635777927801717,461060,1774635777928307456,right,ON,1.2,2.02
2026-03-27T18:22:57.944369+00:00,16.412819,1774635777944369417,461076,1774635777944349696,right,ON,1.2,2.02
2026-03-27T18:22:57.960687+00:00,16.429136,1774635777960687117,461092,1774635777960417792,right,ON,1.2,2.02
2026-03-27T18:22:57.976101+00:00,16.444550,1774635777976101017,461108,1774635777976429568,right,ON,1.2,2.02
2026-03-27T18:22:57.992591+00:00,16.461040,1774635777992590617,461124,1774635777992482304,right,ON,1.2,2.02
2026-03-27T18:22:58.008976+00:00,16.477425,1774635778008975917,461140,1774635778008564992,right,ON,1.2,2.02
2026-03-27T18:22:58.024249+00:00,16.492699,1774635778024249317,461156,1774635778024583168,right,ON,1.2,2.02
2026-03-27T18:22:58.040764+00:00,16.509213,1774635778040764217,461172,1774635778040639488,right,ON,1.2,2.02
2026-03-27T18:22:58.056284+00:00,16.524733,1774635778056283717,461188,1774635778056645120,right,ON,1.2,2.02
2026-03-27T18:22:58.072542+00:00,16.540991,1774635778072541717,461204,1774635778072674560,right,ON,1.2,2.02
2026-03-27T18:22:58.089195+00:00,16.557644,1774635778089195217,461220,1774635778088754432,right,ON,1.2,2.02
2026-03-27T18:22:58.104389+00:00,16.572838,1774635778104389117,461236,1774635778104761344,right,ON,1.2,2.02
2026-03-27T18:22:58.120891+00:00,16.589340,1774635778120890517,461252,1774635778120808448,right,ON,1.2,2.02
2026-03-27T18:22:58.137280+00:00,16.605729,1774635778137279517,461268,1774635778136907520,right,ON,1.2,2.02
2026-03-27T18:22:58.152814+00:00,16.621263,1774635778152814017,461284,1774635778152937216,right,ON,1.2,2.02
2026-03-27T18:22:58.169111+00:00,16.637560,1774635778169110717,461300,1774635778168992000,right,ON,1.2,2.02
2026-03-27T18:22:58.184579+00:00,16.653028,1774635778184579017,461316,1774635778184994560,right,ON,1.2,2.02
2026-03-27T18:22:58.200922+00:00,16.669372,1774635778200922417,461332,1774635778201023488,right,ON,1.2,2.02
2026-03-27T18:22:58.217472+00:00,16.685921,1774635778217472017,461348,1774635778217099264,right,ON,1.2,2.02
2026-03-27T18:22:58.232903+00:00,16.701352,1774635778232902917,461364,1774635778233117440,right,ON,1.2,2.02
2026-03-27T18:22:58.249256+00:00,16.717705,1774635778249256017,461380,1774635778249167104,right,ON,1.2,2.02
2026-03-27T18:22:58.265742+00:00,16.734191,1774635778265741817,461396,1774635778265253632,right,ON,1.2,2.02
2026-03-27T18:22:58.281017+00:00,16.749467,1774635778281017317,461412,1774635778281270784,right,ON,1.2,2.02
2026-03-27T18:22:58.297586+00:00,16.766035,1774635778297585717,461428,1774635778297336832,right,ON,1.2,2.02
2026-03-27T18:22:58.312839+00:00,16.781288,1774635778312838717,461444,1774635778313330688,right,ON,1.2,2.02
2026-03-27T18:22:58.329386+00:00,16.797835,1774635778329386217,461460,1774635778329371392,right,ON,1.2,2.02
2026-03-27T18:22:58.345677+00:00,16.814126,1774635778345676717,461476,1774635778345436160,right,ON,1.2,2.02
2026-03-27T18:22:58.361186+00:00,16.829635,1774635778361186017,461492,1774635778361484544,right,ON,1.2,2.11
2026-03-27T18:22:58.377717+00:00,16.846166,1774635778377717117,461508,1774635778377537280,right,ON,1.2,2.02
2026-03-27T18:22:58.394043+00:00,16.862492,1774635778394043017,461524,1774635778393621248,right,ON,1.2,2.02
2026-03-27T18:22:58.409660+00:00,16.878110,1774635778409660517,461540,1774635778409655552,right,ON,1.2,2.11
2026-03-27T18:22:58.425862+00:00,16.894311,1774635778425861617,461556,1774635778425718016,right,ON,1.3,2.2
2026-03-27T18:22:58.441332+00:00,16.909781,1774635778441331917,461572,1774635778441723648,right,ON,1.4,2.37
2026-03-27T18:22:58.457700+00:00,16.926149,1774635778457700217,461588,1774635778457759488,right,ON,1.5,2.64
2026-03-27T18:22:58.474170+00:00,16.942620,1774635778474170317,461604,1774635778473835264,right,ON,1.7,2.99
2026-03-27T18:22:58.489496+00:00,16.957946,1774635778489496517,461620,1774635778489843200,right,ON,1.9,3.34
2026-03-27T18:22:58.506288+00:00,16.974737,1774635778506288217,461636,1774635778505914368,right,ON,2.2,3.78
2026-03-27T18:22:58.522339+00:00,16.990788,1774635778522338917,461652,1774635778521992448,right,ON,2.4,4.22
2026-03-27T18:22:58.537834+00:00,17.006283,1774635778537834217,461668,1774635778538019584,right,ON,2.6,4.57
2026-03-27T18:22:58.554161+00:00,17.022610,1774635778554160717,461684,1774635778554072576,right,ON,2.8,4.92
2026-03-27T18:22:58.569671+00:00,17.038120,1774635778569670817,461700,1774635778570087936,right,ON,3.1,5.27
2026-03-27T18:22:58.586166+00:00,17.054615,1774635778586166017,461716,1774635778586127872,right,ON,3.3,5.63
2026-03-27T18:22:58.602536+00:00,17.070985,1774635778602536117,461732,1774635778602220544,right,ON,3.5,5.98
2026-03-27T18:22:58.618002+00:00,17.086451,1774635778618001917,461748,1774635778618245888,right,ON,3.8,6.5
2026-03-27T18:22:58.634439+00:00,17.102889,1774635778634439417,461764,1774635778634298880,right,ON,4.0,6.94
2026-03-27T18:22:58.650907+00:00,17.119356,1774635778650906517,461780,1774635778650394880,right,ON,4.4,7.56
2026-03-27T18:22:58.666198+00:00,17.134647,1774635778666197417,461796,1774635778666421760,right,ON,4.8,8.26
2026-03-27T18:22:58.682661+00:00,17.151110,1774635778682660517,461812,1774635778682488832,right,ON,5.3,9.14
2026-03-27T18:22:58.697975+00:00,17.166424,1774635778697974817,461828,1774635778698485504,right,ON,5.8,10.02
2026-03-27T18:22:58.714788+00:00,17.183237,1774635778714787717,461844,1774635778714543360,right,ON,6.3,10.81
2026-03-27T18:22:58.730838+00:00,17.199287,1774635778730837717,461860,1774635778730616320,right,ON,6.8,11.69
2026-03-27T18:22:58.746310+00:00,17.214760,1774635778746310517,461876,1774635778746631168,right,ON,7.3,12.57
2026-03-27T18:22:58.762677+00:00,17.231127,1774635778762677317,461892,1774635778762680576,right,ON,8.0,13.8
2026-03-27T18:22:58.779135+00:00,17.247585,1774635778779135417,461908,1774635778778763008,right,ON,8.8,15.21
2026-03-27T18:22:58.794516+00:00,17.262965,1774635778794516117,461924,1774635778794793216,right,ON,9.6,16.52
2026-03-27T18:22:58.810949+00:00,17.279399,1774635778810949417,461940,1774635778810850816,right,ON,10.3,17.75
2026-03-27T18:22:58.826498+00:00,17.294947,1774635778826498217,461956,1774635778826859776,right,ON,11.0,18.81
2026-03-27T18:22:58.842816+00:00,17.311265,1774635778842815917,461972,1774635778842894592,right,ON,11.7,19.95
2026-03-27T18:22:58.869236+00:00,17.337685,1774635778869235617,461988,1774635778859578368,right,ON,12.6,21.36
2026-03-27T18:22:58.874696+00:00,17.343145,1774635778874696017,462004,1774635778875580672,right,ON,13.5,22.68
2026-03-27T18:22:58.891155+00:00,17.359605,1774635778891155317,462020,1774635778891619584,right,ON,14.4,24.17
2026-03-27T18:22:58.907670+00:00,17.376120,1774635778907670317,462036,1774635778907701504,right,ON,15.3,25.58
2026-03-27T18:22:58.922975+00:00,17.391424,1774635778922975017,462052,1774635778923715840,right,ON,16.2,26.89
2026-03-27T18:22:58.939314+00:00,17.407764,1774635778939314417,462068,1774635778939764480,right,ON,16.9,28.04
2026-03-27T18:22:58.954995+00:00,17.423444,1774635778954995217,462084,1774635778955766272,right,ON,17.4,28.83
2026-03-27T18:22:58.971126+00:00,17.439575,1774635778971125917,462100,1774635778971789056,right,ON,17.9,29.53
2026-03-27T18:22:58.987632+00:00,17.456082,1774635778987632317,462116,1774635778987848704,right,ON,18.3,30.15
2026-03-27T18:22:59.003106+00:00,17.471555,1774635779003105917,462132,1774635779003853568,right,ON,18.7,30.85
2026-03-27T18:22:59.019450+00:00,17.487899,1774635779019449617,462148,1774635779019890432,right,ON,19.1,31.46
2026-03-27T18:22:59.035949+00:00,17.504398,1774635779035949017,462164,1774635779035965952,right,ON,19.4,31.99
2026-03-27T18:22:59.051293+00:00,17.519742,1774635779051292817,462180,1774635779051973888,right,ON,19.8,32.52
2026-03-27T18:22:59.077949+00:00,17.546398,1774635779077948717,462196,1774635779068644608,right,ON,20.1,32.96
2026-03-27T18:22:59.083112+00:00,17.551561,1774635779083111617,462212,1774635779084619520,right,ON,20.5,33.49
2026-03-27T18:22:59.099726+00:00,17.568176,1774635779099726417,462228,1774635779100635904,right,ON,20.8,34.01
2026-03-27T18:22:59.116101+00:00,17.584551,1774635779116101417,462244,1774635779116690944,right,ON,21.2,34.54
2026-03-27T18:22:59.131500+00:00,17.599950,1774635779131500317,462260,1774635779132680192,right,ON,21.7,35.24
2026-03-27T18:22:59.147722+00:00,17.616172,1774635779147722517,462276,1774635779148693760,right,ON,22.3,35.95
2026-03-27T18:22:59.164305+00:00,17.632754,1774635779164304617,462292,1774635779164751360,right,ON,22.8,36.74
2026-03-27T18:22:59.179645+00:00,17.648094,1774635779179645217,462308,1774635779180749568,right,ON,23.5,37.62
2026-03-27T18:22:59.196136+00:00,17.664585,1774635779196136217,462324,1774635779196782848,right,ON,24.3,38.76
2026-03-27T18:22:59.211462+00:00,17.679912,1774635779211462517,462340,1774635779212753920,right,ON,25.5,40.34
2026-03-27T18:22:59.227941+00:00,17.696390,1774635779227940817,462356,1774635779228761088,right,ON,27.1,42.63
2026-03-27T18:22:59.244500+00:00,17.712950,1774635779244500517,462372,1774635779244815104,right,ON,29.2,45.44
2026-03-27T18:22:59.259807+00:00,17.728256,1774635779259806717,462388,1774635779260804608,right,ON,31.4,48.25
2026-03-27T18:22:59.276302+00:00,17.744752,1774635779276302317,462404,1774635779276831232,right,ON,33.5,50.89
2026-03-27T18:22:59.292614+00:00,17.761063,1774635779292614217,462420,1774635779292887808,right,ON,35.6,53.53
2026-03-27T18:22:59.317829+00:00,17.786278,1774635779317828817,462436,1774635779309479936,right,ON,37.8,56.25
2026-03-27T18:22:59.324515+00:00,17.792965,1774635779324515317,462452,1774635779325502976,right,ON,40.4,59.5
2026-03-27T18:22:59.339967+00:00,17.808416,1774635779339966817,462468,1774635779341464832,right,ON,43.5,63.37
2026-03-27T18:22:59.356313+00:00,17.824762,1774635779356313017,462484,1774635779357460480,right,ON,46.5,67.06
2026-03-27T18:22:59.372873+00:00,17.841322,1774635779372872917,462500,1774635779373495296,right,ON,48.8,69.87
2026-03-27T18:22:59.388197+00:00,17.856646,1774635779388196817,462516,1774635779389468416,right,ON,50.6,72.07
2026-03-27T18:22:59.404595+00:00,17.873044,1774635779404594717,462532,1774635779405478656,right,ON,52.3,74.27
2026-03-27T18:22:59.421091+00:00,17.889540,1774635779421090917,462548,1774635779421524736,right,ON,53.9,76.29
2026-03-27T18:22:59.436522+00:00,17.904972,1774635779436522317,462564,1774635779437520128,right,ON,55.1,77.78
2026-03-27T18:22:59.452922+00:00,17.921371,1774635779452922017,462580,1774635779453541888,right,ON,56.3,79.28
2026-03-27T18:22:59.468245+00:00,17.936695,1774635779468245317,462596,1774635779469501184,right,ON,57.2,80.51
2026-03-27T18:22:59.484745+00:00,17.953194,1774635779484744517,462612,1774635779485498624,right,ON,58.6,82.18
2026-03-27T18:22:59.501125+00:00,17.969574,1774635779501124717,462628,1774635779501529600,right,ON,59.4,83.23
2026-03-27T18:22:59.516636+00:00,17.985085,1774635779516635617,462644,1774635779517505024,right,ON,59.7,83.67
2026-03-27T18:22:59.542201+00:00,18.010651,1774635779542201417,462660,1774635779534084864,right,ON,59.8,83.76
2026-03-27T18:22:59.549431+00:00,18.017880,1774635779549430817,462676,1774635779550113792,right,ON,59.9,83.85
2026-03-27T18:22:59.564988+00:00,18.033437,1774635779564988017,462692,1774635779566095360,right,ON,59.9,83.85
2026-03-27T18:22:59.581208+00:00,18.049657,1774635779581208117,462708,1774635779582096128,right,ON,59.9,83.85
2026-03-27T18:22:59.596842+00:00,18.065291,1774635779596842017,462724,1774635779598054656,right,ON,59.9,83.94
2026-03-27T18:22:59.613081+00:00,18.081530,1774635779613081117,462740,1774635779614038784,right,ON,59.9,83.94
2026-03-27T18:22:59.629584+00:00,18.098033,1774635779629583617,462756,1774635779630060800,right,ON,59.9,83.94
2026-03-27T18:22:59.644906+00:00,18.113355,1774635779644906117,462772,1774635779646020352,right,ON,59.9,83.94
2026-03-27T18:22:59.661403+00:00,18.129852,1774635779661403217,462788,1774635779662020096,right,ON,59.9,83.85
2026-03-27T18:22:59.677772+00:00,18.146221,1774635779677771717,462804,1774635779678052352,right,ON,59.9,83.94
2026-03-27T18:22:59.693198+00:00,18.161647,1774635779693198117,462820,1774635779694023168,right,ON,59.9,83.94
2026-03-27T18:22:59.709611+00:00,18.178060,1774635779709611117,462836,1774635779710029568,right,ON,59.9,83.94
2026-03-27T18:22:59.725056+00:00,18.193506,1774635779725056517,462852,1774635779725976576,right,ON,59.7,83.67
2026-03-27T18:22:59.751133+00:00,18.219582,1774635779751133017,462868,1774635779742559488,right,ON,59.3,83.14
2026-03-27T18:22:59.757925+00:00,18.226374,1774635779757924917,462884,1774635779758563840,right,ON,58.8,82.44
2026-03-27T18:22:59.773284+00:00,18.241734,1774635779773284417,462900,1774635779774508288,right,ON,58.2,81.74
2026-03-27T18:22:59.789765+00:00,18.258215,1774635779789765417,462916,1774635779790489600,right,ON,57.4,80.68
2026-03-27T18:22:59.806127+00:00,18.274576,1774635779806127217,462932,1774635779806502656,right,ON,56.6,79.72
2026-03-27T18:22:59.821506+00:00,18.289956,1774635779821506417,462948,1774635779822454016,right,ON,55.8,78.66
2026-03-27T18:22:59.837971+00:00,18.306421,1774635779837971417,462964,1774635779838443008,right,ON,55.0,77.7
2026-03-27T18:22:59.853460+00:00,18.321909,1774635779853460017,462980,1774635779854382336,right,ON,54.5,77.08
2026-03-27T18:22:59.869760+00:00,18.338209,1774635779869759817,462996,1774635779870345728,right,ON,53.9,76.29
2026-03-27T18:22:59.886359+00:00,18.354809,1774635779886359417,463012,1774635779886667008,right,ON,53.4,75.59
2026-03-27T18:22:59.901628+00:00,18.370078,1774635779901628317,463028,1774635779902624256,right,ON,52.8,74.88
2026-03-27T18:22:59.918043+00:00,18.386492,1774635779918042917,463044,1774635779918616832,right,ON,52.1,74.0
2026-03-27T18:22:59.934690+00:00,18.403139,1774635779934690217,463060,1774635779934661120,right,ON,51.3,72.95
2026-03-27T18:22:59.949872+00:00,18.418321,1774635779949872117,463076,1774635779950629120,right,ON,50.5,71.98
2026-03-27T18:22:59.974220+00:00,18.442669,1774635779974219917,463092,1774635779967113216,right,ON,50.0,71.28
2026-03-27T18:22:59.981777+00:00,18.450226,1774635779981776617,463108,1774635779983056384,right,ON,49.8,71.02
2026-03-27T18:22:59.998279+00:00,18.466729,1774635779998279317,463124,1774635779999030016,right,ON,49.5,70.75
2026-03-27T18:23:00.014567+00:00,18.483017,1774635780014567417,463140,1774635780015032576,right,ON,49.0,70.05
2026-03-27T18:23:00.030049+00:00,18.498498,1774635780030049217,463156,1774635780030982912,right,ON,48.3,69.17
2026-03-27T18:23:00.046434+00:00,18.514883,1774635780046433717,463172,1774635780046963200,right,ON,47.8,68.64
2026-03-27T18:23:00.062904+00:00,18.531354,1774635780062904317,463188,1774635780062983680,right,ON,47.8,68.55
2026-03-27T18:23:00.078272+00:00,18.546721,1774635780078272017,463204,1774635780078940416,right,ON,47.7,68.47
2026-03-27T18:23:00.094753+00:00,18.563202,1774635780094753217,463220,1774635780095255552,right,ON,47.6,68.38
2026-03-27T18:23:00.110059+00:00,18.578509,1774635780110059417,463236,1774635780111199744,right,ON,47.3,68.03
2026-03-27T18:23:00.126599+00:00,18.595048,1774635780126599017,463252,1774635780127192064,right,ON,46.8,67.41
2026-03-27T18:23:00.142922+00:00,18.611371,1774635780142922017,463268,1774635780143211520,right,ON,46.4,66.88
2026-03-27T18:23:00.158386+00:00,18.626835,1774635780158386217,463284,1774635780159175680,right,ON,46.1,66.53
2026-03-27T18:23:00.182315+00:00,18.650765,1774635780182315317,463300,1774635780175626496,right,ON,46.0,66.36
2026-03-27T18:23:00.191236+00:00,18.659685,1774635780191235817,463316,1774635780191648000,right,ON,45.9,66.27
2026-03-27T18:23:00.206771+00:00,18.675220,1774635780206771217,463332,1774635780207616512,right,ON,45.8,66.18
2026-03-27T18:23:00.223035+00:00,18.691484,1774635780223034617,463348,1774635780223611648,right,ON,45.8,66.09
2026-03-27T18:23:00.238642+00:00,18.707091,1774635780238641517,463364,1774635780239557888,right,ON,45.7,66.01
2026-03-27T18:23:00.254873+00:00,18.723322,1774635780254872717,463380,1774635780255528192,right,ON,45.7,66.01
2026-03-27T18:23:00.271418+00:00,18.739867,1774635780271417717,463396,1774635780271545344,right,ON,45.6,65.92
2026-03-27T18:23:00.286707+00:00,18.755156,1774635780286707117,463412,1774635780287493120,right,ON,45.4,65.65
2026-03-27T18:23:00.303204+00:00,18.771653,1774635780303204117,463428,1774635780303482368,right,ON,45.1,65.3
2026-03-27T18:23:00.319523+00:00,18.787972,1774635780319522517,463444,1774635780319496960,right,ON,44.8,64.86
2026-03-27T18:23:00.335004+00:00,18.803453,1774635780335004217,463460,1774635780335763456,right,ON,44.5,64.6
2026-03-27T18:23:00.351491+00:00,18.819940,1774635780351490917,463476,1774635780351778560,right,ON,44.5,64.51
2026-03-27T18:23:00.366827+00:00,18.835276,1774635780366826517,463492,1774635780367731712,right,ON,44.2,64.16
2026-03-27T18:23:00.383312+00:00,18.851761,1774635780383311617,463508,1774635780383721216,right,ON,43.8,63.72
2026-03-27T18:23:00.405936+00:00,18.874385,1774635780405936117,463524,1774635780400128256,right,ON,43.5,63.28
2026-03-27T18:23:00.415177+00:00,18.883626,1774635780415176817,463540,1774635780416088064,right,ON,43.4,63.19
2026-03-27T18:23:00.431505+00:00,18.899954,1774635780431504817,463556,1774635780432076288,right,ON,43.3,63.11
2026-03-27T18:23:00.448037+00:00,18.916486,1774635780448036817,463572,1774635780448108544,right,ON,42.9,62.58
2026-03-27T18:23:00.463309+00:00,18.931758,1774635780463309117,463588,1774635780464074240,right,ON,42.4,61.96
2026-03-27T18:23:00.479849+00:00,18.948298,1774635780479848617,463604,1774635780480081152,right,ON,41.9,61.35
2026-03-27T18:23:00.495110+00:00,18.963559,1774635780495109717,463620,1774635780496017664,right,ON,41.7,61.08
2026-03-27T18:23:00.511655+00:00,18.980104,1774635780511654617,463636,1774635780511998976,right,ON,41.6,60.91
2026-03-27T18:23:00.528140+00:00,18.996590,1774635780528140317,463652,1774635780528017664,right,ON,41.3,60.64
2026-03-27T18:23:00.543510+00:00,19.011959,1774635780543510017,463668,1774635780543978240,right,ON,41.1,60.38
2026-03-27T18:23:00.559958+00:00,19.028407,1774635780559958217,463684,1774635780560260864,right,ON,40.7,59.85
2026-03-27T18:23:00.576356+00:00,19.044805,1774635780576355517,463700,1774635780576302592,right,ON,40.3,59.33
2026-03-27T18:23:00.591769+00:00,19.060218,1774635780591768917,463716,1774635780592290560,right,ON,39.8,58.71
2026-03-27T18:23:00.614213+00:00,19.082662,1774635780614213217,463732,1774635780608675072,right,ON,39.6,58.45
2026-03-27T18:23:00.623613+00:00,19.092062,1774635780623612617,463748,1774635780624631808,right,ON,39.4,58.18
2026-03-27T18:23:00.639980+00:00,19.108429,1774635780639980117,463764,1774635780640614656,right,ON,39.1,57.92
2026-03-27T18:23:00.656453+00:00,19.124903,1774635780656453317,463780,1774635780656637952,right,ON,38.9,57.66
2026-03-27T18:23:00.671764+00:00,19.140213,1774635780671763617,463796,1774635780672593664,right,ON,38.8,57.48
2026-03-27T18:23:00.688238+00:00,19.156687,1774635780688237717,463812,1774635780688589824,right,ON,38.7,57.39
2026-03-27T18:23:00.704870+00:00,19.173320,1774635780704870317,463828,1774635780704632064,right,ON,38.5,57.13
2026-03-27T18:23:00.720115+00:00,19.188564,1774635780720115117,463844,1774635780720605696,right,ON,37.7,56.16
2026-03-27T18:23:00.736604+00:00,19.205053,1774635780736604017,463860,1774635780736617984,right,ON,37.6,55.99
2026-03-27T18:23:00.751861+00:00,19.220310,1774635780751861017,463876,1774635780752562944,right,ON,37.5,55.9
2026-03-27T18:23:00.768409+00:00,19.236859,1774635780768409717,463892,1774635780768852736,right,ON,37.4,55.81
2026-03-27T18:23:00.784734+00:00,19.253183,1774635780784733317,463908,1774635780784883968,right,ON,37.4,55.81
2026-03-27T18:23:00.800251+00:00,19.268700,1774635780800250517,463924,1774635780800861696,right,ON,37.4,55.81
2026-03-27T18:23:00.816774+00:00,19.285224,1774635780816774317,463940,1774635780816882176,right,ON,37.4,55.72
2026-03-27T18:23:00.832988+00:00,19.301437,1774635780832988217,463956,1774635780832922624,right,ON,37.0,55.28
2026-03-27T18:23:00.855961+00:00,19.324410,1774635780855961117,463972,1774635780849365504,right,ON,36.2,54.23
2026-03-27T18:23:00.864841+00:00,19.333290,1774635780864840617,463988,1774635780865372672,right,ON,36.0,53.96
2026-03-27T18:23:00.880348+00:00,19.348797,1774635780880348217,464004,1774635780881329920,right,ON,35.4,53.26
2026-03-27T18:23:00.896676+00:00,19.365125,1774635780896676017,464020,1774635780897312256,right,ON,34.2,51.77
2026-03-27T18:23:00.913193+00:00,19.381642,1774635780913193117,464036,1774635780913341184,right,ON,32.6,49.75
2026-03-27T18:23:00.928511+00:00,19.396960,1774635780928510717,464052,1774635780929300992,right,ON,30.8,47.55
2026-03-27T18:23:00.945027+00:00,19.413476,1774635780945026917,464068,1774635780945301248,right,ON,28.9,45.09
2026-03-27T18:23:00.961290+00:00,19.429739,1774635780961290117,464084,1774635780961333504,right,ON,27.0,42.45
2026-03-27T18:23:00.976840+00:00,19.445289,1774635780976839817,464100,1774635780977308928,right,ON,24.5,39.02
2026-03-27T18:23:00.993275+00:00,19.461724,1774635780993274817,464116,1774635780993567488,right,ON,21.2,34.54
2026-03-27T18:23:01.008694+00:00,19.477144,1774635781008694317,464132,1774635781009533952,right,ON,18.1,29.97
2026-03-27T18:23:01.025189+00:00,19.493638,1774635781025188717,464148,1774635781025542144,right,ON,16.3,27.07
2026-03-27T18:23:01.041769+00:00,19.510219,1774635781041769317,464164,1774635781041590528,right,ON,13.5,22.68
2026-03-27T18:23:01.056761+00:00,19.525210,1774635781056760517,464180,1774635781057556480,right,ON,9.2,15.91
2026-03-27T18:23:01.078079+00:00,19.546528,1774635781078079117,464196,1774635781073855232,right,ON,6.4,11.07
2026-03-27T18:23:01.089817+00:00,19.558266,1774635781089817017,464212,1774635781089897472,right,ON,4.3,7.47
2026-03-27T18:23:01.105166+00:00,19.573615,1774635781105165717,464228,1774635781105875968,right,ON,3.4,5.8
2026-03-27T18:23:01.121571+00:00,19.590020,1774635781121570917,464244,1774635781121890304,right,ON,2.3,3.96
2026-03-27T18:23:01.137009+00:00,19.605458,1774635781137009217,464260,1774635781137843968,right,ON,1.8,3.16
2026-03-27T18:23:01.153411+00:00,19.621860,1774635781153410717,464276,1774635781153835264,right,ON,1.5,2.55
2026-03-27T18:23:01.169839+00:00,19.638288,1774635781169838917,464292,1774635781169858816,right,ON,1.3,2.2
2026-03-27T18:23:01.185422+00:00,19.653871,1774635781185422217,464308,1774635781185835776,right,ON,1.2,2.11
2026-03-27T18:23:01.201613+00:00,19.670062,1774635781201612717,464324,1774635781202067968,right,ON,1.3,2.2
2026-03-27T18:23:01.218143+00:00,19.686592,1774635781218142517,464340,1774635781218117888,right,ON,1.2,2.11
2026-03-27T18:23:01.233573+00:00,19.702023,1774635781233573317,464356,1774635781234114304,right,ON,1.2,2.11
2026-03-27T18:23:01.249954+00:00,19.718404,1774635781249954517,464372,1774635781250138112,right,ON,1.3,2.2
2026-03-27T18:23:01.265468+00:00,19.733917,1774635781265468117,464388,1774635781266116096,right,ON,1.2,2.11
2026-03-27T18:23:01.286929+00:00,19.755378,1774635781286928517,464404,1774635781282430208,right,ON,1.2,2.11
2026-03-27T18:23:01.298221+00:00,19.766670,1774635781298220517,464420,1774635781298462464,right,ON,1.2,2.11
2026-03-27T18:23:01.313664+00:00,19.782114,1774635781313664317,464436,1774635781314434560,right,ON,1.2,2.11
2026-03-27T18:23:01.330171+00:00,19.798620,1774635781330170817,464452,1774635781330448896,right,ON,1.2,2.11
2026-03-27T18:23:01.346488+00:00,19.814937,1774635781346488117,464468,1774635781346488064,right,ON,1.2,2.11
2026-03-27T18:23:01.362047+00:00,19.830496,1774635781362046617,464484,1774635781362479872,right,ON,1.2,2.02
2026-03-27T18:23:01.378506+00:00,19.846956,1774635781378506517,464500,1774635781378510592,right,ON,1.2,2.02
2026-03-27T18:23:01.393726+00:00,19.862175,1774635781393725817,464516,1774635781394468608,right,ON,1.2,2.11
2026-03-27T18:23:01.410235+00:00,19.878684,1774635781410235017,464532,1774635781410468608,right,ON,1.2,2.11
2026-03-27T18:23:01.426535+00:00,19.894984,1774635781426535217,464548,1774635781426689536,right,ON,1.2,2.02
2026-03-27T18:23:01.442100+00:00,19.910549,1774635781442099617,464564,1774635781442678016,right,ON,1.2,2.02
2026-03-27T18:23:01.458431+00:00,19.926881,1774635781458431317,464580,1774635781458692608,right,ON,1.2,2.02
2026-03-27T18:23:01.474948+00:00,19.943397,1774635781474948017,464596,1774635781474750976,right,ON,1.2,2.02
2026-03-27T18:23:01.490225+00:00,19.958675,1774635781490225417,464612,1774635781490738432,right,ON,1.2,2.02
2026-03-27T18:23:01.510535+00:00,19.978984,1774635781510535017,464628,1774635781507001600,right,ON,1.2,2.02
2026-03-27T18:23:01.521969+00:00,19.990418,1774635781521969017,464644,1774635781522953472,right,ON,1.2,2.02
2026-03-27T18:23:01.538615+00:00,20.007064,1774635781538614817,464660,1774635781538957312,right,ON,1.2,2.02
2026-03-27T18:23:01.555052+00:00,20.023501,1774635781555051617,464676,1774635781554999040,right,ON,1.2,2.02
2026-03-27T18:23:01.570442+00:00,20.038891,1774635781570441917,464692,1774635781570979328,right,ON,1.2,2.02
2026-03-27T18:23:01.586756+00:00,20.055205,1774635781586756217,464708,1774635781586988800,right,ON,1.2,2.02
2026-03-27T18:23:01.603312+00:00,20.071762,1774635781603312317,464724,1774635781603040512,right,ON,1.1,1.93
2026-03-27T18:23:01.618652+00:00,20.087101,1774635781618652117,464740,1774635781619029504,right,ON,1.1,1.93
2026-03-27T18:23:01.635048+00:00,20.103497,1774635781635047917,464756,1774635781635239936,right,ON,1.1,1.93
2026-03-27T18:23:01.650507+00:00,20.118956,1774635781650507217,464772,1774635781651215104,right,ON,1.1,1.93
2026-03-27T18:23:01.666926+00:00,20.135375,1774635781666925617,464788,1774635781667223808,right,ON,1.2,2.02
2026-03-27T18:23:01.683319+00:00,20.151768,1774635781683318717,464804,1774635781683266816,right,ON,1.1,1.93
2026-03-27T18:23:01.698725+00:00,20.167175,1774635781698725317,464820,1774635781699247872,right,ON,1.2,2.02
2026-03-27T18:23:01.719005+00:00,20.187454,1774635781719004917,464836,1774635781715500544,right,ON,1.2,2.02
2026-03-27T18:23:01.731570+00:00,20.200020,1774635781731570417,464852,1774635781731553792,right,ON,1.2,2.02
2026-03-27T18:23:01.746958+00:00,20.215408,1774635781746958517,464868,1774635781747542016,right,ON,1.2,2.02
2026-03-27T18:23:01.763463+00:00,20.231912,1774635781763463117,464884,1774635781763572224,right,ON,1.2,2.02
2026-03-27T18:23:01.778812+00:00,20.247261,1774635781778812117,464900,1774635781779535360,right,ON,1.1,1.93
2026-03-27T18:23:01.795240+00:00,20.263690,1774635781795240417,464916,1774635781795537920,right,ON,1.2,2.02
2026-03-27T18:23:01.811628+00:00,20.280077,1774635781811627517,464932,1774635781811569920,right,ON,1.1,1.93
2026-03-27T18:23:01.827146+00:00,20.295595,1774635781827145617,464948,1774635781827553024,right,ON,1.2,2.02
2026-03-27T18:23:01.843664+00:00,20.312113,1774635781843664217,464964,1774635781843580160,right,ON,1.2,2.02
2026-03-27T18:23:01.859943+00:00,20.328393,1774635781859943417,464980,1774635781859626752,right,ON,1.2,2.02
2026-03-27T18:23:01.875468+00:00,20.343917,1774635781875467517,464996,1774635781875858176,right,ON,1.1,1.93
2026-03-27T18:23:01.891755+00:00,20.360204,1774635781891754817,465012,1774635781891890688,right,ON,1.2,2.02
2026-03-27T18:23:01.907292+00:00,20.375741,1774635781907292017,465028,1774635781907875840,right,ON,1.2,2.02
2026-03-27T18:23:01.923586+00:00,20.392035,1774635781923586017,465044,1774635781923884544,right,ON,1.1,1.93
2026-03-27T18:23:01.942126+00:00,20.410575,1774635781942126217,465060,1774635781940060416,right,ON,1.2,2.02
2026-03-27T18:23:01.955457+00:00,20.423906,1774635781955456817,465076,1774635781956044800,right,ON,1.2,2.02
2026-03-27T18:23:01.971976+00:00,20.440425,1774635781971975817,465092,1774635781972072960,right,ON,1.2,2.02
2026-03-27T18:23:01.988321+00:00,20.456770,1774635781988320517,465108,1774635781988126208,right,ON,1.1,1.93
2026-03-27T18:23:02.003765+00:00,20.472214,1774635782003765217,465124,1774635782004126720,right,ON,1.1,1.93
2026-03-27T18:23:02.020161+00:00,20.488610,1774635782020161217,465140,1774635782020161024,right,ON,1.1,1.93
2026-03-27T18:23:02.035603+00:00,20.504052,1774635782035603117,465156,1774635782036138752,right,ON,1.1,1.93
2026-03-27T18:23:02.051960+00:00,20.520409,1774635782051960217,465172,1774635782052149760,right,ON,1.1,1.85
2026-03-27T18:23:02.068459+00:00,20.536908,1774635782068458717,465188,1774635782068205568,right,ON,1.1,1.85
2026-03-27T18:23:02.083791+00:00,20.552240,1774635782083791017,465204,1774635782084184832,right,ON,1.1,1.85
2026-03-27T18:23:02.100280+00:00,20.568729,1774635782100279917,465220,1774635782100355840,right,ON,1.1,1.85
2026-03-27T18:23:02.116668+00:00,20.585117,1774635782116667917,465236,1774635782116420096,right,ON,1.0,1.76
2026-03-27T18:23:02.132174+00:00,20.600624,1774635782132174617,465252,1774635782132429568,right,ON,1.0,1.76
2026-03-27T18:23:02.150407+00:00,20.618857,1774635782150407517,465268,1774635782148583680,right,ON,1.1,1.85
2026-03-27T18:23:02.163916+00:00,20.632365,1774635782163916117,465284,1774635782164561408,right,ON,1.1,1.85
2026-03-27T18:23:02.180310+00:00,20.648759,1774635782180309617,465300,1774635782180571392,right,ON,1.1,1.85
2026-03-27T18:23:02.196804+00:00,20.665253,1774635782196803717,465316,1774635782196620800,right,ON,1.1,1.85
2026-03-27T18:23:02.212322+00:00,20.680771,1774635782212322017,465332,1774635782212623360,right,ON,1.1,1.85
2026-03-27T18:23:02.228637+00:00,20.697086,1774635782228636717,465348,1774635782228646912,right,ON,1.0,1.76
2026-03-27T18:23:02.245182+00:00,20.713631,1774635782245181917,465364,1774635782244716032,right,ON,1.1,1.85
2026-03-27T18:23:02.260460+00:00,20.728909,1774635782260460017,465380,1774635782260718848,right,ON,1.0,1.76
2026-03-27T18:23:02.276969+00:00,20.745418,1774635782276969217,465396,1774635782276760576,right,ON,1.1,1.85
2026-03-27T18:23:02.292285+00:00,20.760734,1774635782292285017,465412,1774635782292740864,right,ON,1.1,1.85
2026-03-27T18:23:02.308815+00:00,20.777264,1774635782308814517,465428,1774635782308920064,right,ON,1.0,1.76
2026-03-27T18:23:02.325112+00:00,20.793562,1774635782325112317,465444,1774635782324973312,right,ON,1.1,1.85
2026-03-27T18:23:02.340614+00:00,20.809063,1774635782340613717,465460,1774635782340974848,right,ON,1.0,1.76
2026-03-27T18:23:02.356995+00:00,20.825445,1774635782356995317,465476,1774635782357010944,right,ON,1.0,1.76
2026-03-27T18:23:02.373458+00:00,20.841908,1774635782373458517,465492,1774635782373081600,right,ON,1.1,1.85
2026-03-27T18:23:02.390795+00:00,20.859244,1774635782390795017,465508,1774635782389215232,right,ON,1.1,1.85
2026-03-27T18:23:02.405304+00:00,20.873753,1774635782405304217,465524,1774635782405265664,right,ON,1.1,1.85
2026-03-27T18:23:02.420620+00:00,20.889070,1774635782420620517,465540,1774635782421245952,right,ON,1.1,1.85
2026-03-27T18:23:02.437136+00:00,20.905585,1774635782437136117,465556,1774635782437269248,right,ON,1.1,1.85
2026-03-27T18:23:02.453489+00:00,20.921938,1774635782453488817,465572,1774635782453319680,right,ON,1.1,1.85
2026-03-27T18:23:02.468954+00:00,20.937403,1774635782468954217,465588,1774635782469319168,right,ON,1.0,1.76
2026-03-27T18:23:02.485464+00:00,20.953913,1774635782485464217,465604,1774635782485356288,right,ON,1.1,1.85
2026-03-27T18:23:02.501805+00:00,20.970255,1774635782501805317,465620,1774635782501425920,right,ON,1.1,1.85
2026-03-27T18:23:02.517302+00:00,20.985751,1774635782517301517,465636,1774635782517437952,right,ON,1.1,1.85
2026-03-27T18:23:02.533571+00:00,21.002021,1774635782533571617,465652,1774635782533596672,right,ON,1.1,1.85
2026-03-27T18:23:02.549121+00:00,21.017571,1774635782549121317,465668,1774635782549586944,right,ON,1.1,1.85
2026-03-27T18:23:02.565442+00:00,21.033891,1774635782565441417,465684,1774635782565612288,right,ON,1.1,1.93
2026-03-27T18:23:02.581963+00:00,21.050412,1774635782581963117,465700,1774635782581679104,right,ON,1.1,1.93
2026-03-27T18:23:02.597256+00:00,21.065706,1774635782597256317,465716,1774635782597679104,right,ON,1.1,1.93
2026-03-27T18:23:02.616448+00:00,21.084897,1774635782616447617,465732,1774635782613880320,right,ON,1.2,2.02
2026-03-27T18:23:02.630130+00:00,21.098579,1774635782630130117,465748,1774635782629948928,right,ON,1.2,2.02
2026-03-27T18:23:02.645630+00:00,21.114079,1774635782645630017,465764,1774635782645962240,right,ON,1.2,2.11
2026-03-27T18:23:02.661956+00:00,21.130405,1774635782661955717,465780,1774635782662003456,right,ON,1.5,2.55
2026-03-27T18:23:02.677448+00:00,21.145897,1774635782677447817,465796,1774635782677992704,right,ON,2.1,3.6
2026-03-27T18:23:02.693804+00:00,21.162254,1774635782693804317,465812,1774635782694012672,right,ON,2.9,5.1
2026-03-27T18:23:02.710189+00:00,21.178638,1774635782710188517,465828,1774635782710064128,right,ON,4.1,7.03
2026-03-27T18:23:02.725660+00:00,21.194109,1774635782725660117,465844,1774635782726060544,right,ON,5.0,8.7
2026-03-27T18:23:02.742183+00:00,21.210633,1774635782742183517,465860,1774635782742218496,right,ON,5.9,10.2
2026-03-27T18:23:02.758588+00:00,21.227037,1774635782758587717,465876,1774635782758294784,right,ON,6.6,11.34
2026-03-27T18:23:02.773916+00:00,21.242365,1774635782773916117,465892,1774635782774306816,right,ON,6.9,11.95
2026-03-27T18:23:02.790486+00:00,21.258935,1774635782790485817,465908,1774635782790365184,right,ON,7.2,12.48
2026-03-27T18:23:02.805737+00:00,21.274187,1774635782805737417,465924,1774635782806352896,right,ON,7.4,12.83
2026-03-27T18:23:02.823084+00:00,21.291533,1774635782823083617,465940,1774635782822432256,right,ON,7.6,13.1
2026-03-27T18:23:02.838775+00:00,21.307225,1774635782838775317,465956,1774635782838499328,right,ON,7.7,13.27
2026-03-27T18:23:02.854101+00:00,21.322550,1774635782854100917,465972,1774635782854505216,right,ON,7.9,13.71
2026-03-27T18:23:02.870396+00:00,21.338845,1774635782870395917,465988,1774635782870541568,right,ON,8.2,14.24
2026-03-27T18:23:02.886863+00:00,21.355313,1774635782886863317,466004,1774635782886610944,right,ON,8.7,15.12
2026-03-27T18:23:02.902183+00:00,21.370632,1774635782902183017,466020,1774635782902619648,right,ON,9.4,16.26
2026-03-27T18:23:02.918704+00:00,21.387153,1774635782918703617,466036,1774635782918665472,right,ON,10.5,18.02
2026-03-27T18:23:02.934230+00:00,21.402679,1774635782934229817,466052,1774635782934663424,right,ON,12.0,20.48
2026-03-27T18:23:02.950554+00:00,21.419003,1774635782950554017,466068,1774635782950686464,right,ON,13.8,23.2
2026-03-27T18:23:02.967068+00:00,21.435518,1774635782967068417,466084,1774635782966815488,right,ON,15.6,26.02
2026-03-27T18:23:02.982457+00:00,21.450907,1774635782982457317,466100,1774635782982822912,right,ON,17.3,28.65
2026-03-27T18:23:02.998841+00:00,21.467290,1774635782998840817,466116,1774635782998865408,right,ON,19.3,31.82
2026-03-27T18:23:03.015172+00:00,21.483621,1774635783015172217,466132,1774635783014934784,right,ON,21.8,35.33
2026-03-27T18:23:03.030759+00:00,21.499208,1774635783030758717,466148,1774635783030957568,right,ON,24.8,39.38
2026-03-27T18:23:03.047071+00:00,21.515520,1774635783047070917,466164,1774635783047007232,right,ON,28.1,43.95
2026-03-27T18:23:03.062572+00:00,21.531021,1774635783062571517,466180,1774635783063004928,right,ON,31.5,48.43
2026-03-27T18:23:03.079990+00:00,21.548439,1774635783079990217,466196,1774635783079096064,right,ON,35.1,52.91
2026-03-27T18:23:03.095393+00:00,21.563842,1774635783095393017,466212,1774635783095160576,right,ON,37.9,56.34
2026-03-27T18:23:03.110862+00:00,21.579312,1774635783110862317,466228,1774635783111167488,right,ON,39.4,58.18
2026-03-27T18:23:03.127185+00:00,21.595634,1774635783127184517,466244,1774635783127204864,right,ON,40.3,59.33
2026-03-27T18:23:03.143752+00:00,21.612202,1774635783143752517,466260,1774635783143284992,right,ON,41.1,60.29
2026-03-27T18:23:03.159039+00:00,21.627489,1774635783159039517,466276,1774635783159301632,right,ON,41.8,61.17
2026-03-27T18:23:03.175822+00:00,21.644271,1774635783175821917,466292,1774635783175431936,right,ON,42.6,62.14
2026-03-27T18:23:03.190860+00:00,21.659309,1774635783190860117,466308,1774635783191423232,right,ON,43.2,62.93
2026-03-27T18:23:03.207429+00:00,21.675878,1774635783207428917,466324,1774635783207457792,right,ON,43.8,63.72
2026-03-27T18:23:03.223732+00:00,21.692181,1774635783223732217,466340,1774635783223521536,right,ON,44.1,64.07
2026-03-27T18:23:03.239227+00:00,21.707676,1774635783239227117,466356,1774635783239535104,right,ON,44.3,64.25
2026-03-27T18:23:03.255690+00:00,21.724139,1774635783255689917,466372,1774635783255582720,right,ON,44.5,64.6
2026-03-27T18:23:03.272065+00:00,21.740514,1774635783272064917,466388,1774635783271665664,right,ON,44.8,64.86
2026-03-27T18:23:03.287505+00:00,21.755954,1774635783287504817,466404,1774635783287687936,right,ON,44.9,65.04
2026-03-27T18:23:03.304296+00:00,21.772745,1774635783304295517,466420,1774635783303769600,right,ON,45.0,65.21
2026-03-27T18:23:03.319175+00:00,21.787625,1774635783319175517,466436,1774635783319757312,right,ON,45.1,65.3
2026-03-27T18:23:03.335720+00:00,21.804169,1774635783335720217,466452,1774635783335790080,right,ON,45.1,65.3
2026-03-27T18:23:03.352056+00:00,21.820505,1774635783352055617,466468,1774635783351848704,right,ON,45.1,65.3
2026-03-27T18:23:03.367671+00:00,21.836121,1774635783367671517,466484,1774635783367864064,right,ON,45.0,65.21
2026-03-27T18:23:03.384074+00:00,21.852524,1774635783384074417,466500,1774635783383911424,right,ON,45.1,65.3
2026-03-27T18:23:03.400477+00:00,21.868927,1774635783400477517,466516,1774635783399993600,right,ON,45.1,65.3
2026-03-27T18:23:03.415873+00:00,21.884322,1774635783415872517,466532,1774635783416076288,right,ON,45.1,65.3
2026-03-27T18:23:03.432264+00:00,21.900713,1774635783432263717,466548,1774635783432134656,right,ON,45.1,65.3
2026-03-27T18:23:03.447802+00:00,21.916251,1774635783447801617,466564,1774635783448139008,right,ON,45.0,65.13
2026-03-27T18:23:03.464124+00:00,21.932573,1774635783464123717,466580,1774635783464174592,right,ON,44.6,64.69
2026-03-27T18:23:03.480606+00:00,21.949055,1774635783480606017,466596,1774635783480246272,right,ON,44.7,64.78
2026-03-27T18:23:03.495865+00:00,21.964315,1774635783495865317,466612,1774635783496251904,right,ON,44.7,64.78
2026-03-27T18:23:03.512394+00:00,21.980844,1774635783512394317,466628,1774635783512301312,right,ON,44.7,64.78
2026-03-27T18:23:03.528915+00:00,21.997365,1774635783528915317,466644,1774635783528388864,right,ON,44.7,64.78
2026-03-27T18:23:03.544241+00:00,22.012691,1774635783544241517,466660,1774635783544415232,right,ON,44.4,64.42
2026-03-27T18:23:03.560626+00:00,22.029075,1774635783560626117,466676,1774635783560469248,right,ON,43.5,63.28
2026-03-27T18:23:03.576064+00:00,22.044514,1774635783576064317,466692,1774635783576470528,right,ON,42.8,62.49
2026-03-27T18:23:03.592462+00:00,22.060912,1774635783592462317,466708,1774635783592501504,right,ON,41.8,61.26
2026-03-27T18:23:03.608970+00:00,22.077420,1774635783608970617,466724,1774635783608575744,right,ON,40.1,59.06
2026-03-27T18:23:03.624234+00:00,22.092684,1774635783624234617,466740,1774635783624578816,right,ON,38.9,57.66
2026-03-27T18:23:03.640730+00:00,22.109179,1774635783640729917,466756,1774635783640707328,right,ON,38.0,56.51
2026-03-27T18:23:03.657141+00:00,22.125590,1774635783657141017,466772,1774635783656787968,right,ON,36.4,54.49
2026-03-27T18:23:03.673145+00:00,22.141595,1774635783673145417,466788,1774635783672849408,right,ON,33.7,51.15
2026-03-27T18:23:03.689073+00:00,22.157522,1774635783689072617,466804,1774635783688911104,right,ON,30.5,47.11
2026-03-27T18:23:03.704374+00:00,22.172823,1774635783704373417,466820,1774635783704909824,right,ON,28.6,44.56
2026-03-27T18:23:03.720886+00:00,22.189335,1774635783720886017,466836,1774635783720946688,right,ON,26.2,41.31
2026-03-27T18:23:03.737210+00:00,22.205659,1774635783737209517,466852,1774635783737010944,right,ON,23.1,37.09
2026-03-27T18:23:03.752686+00:00,22.221135,1774635783752685817,466868,1774635783753022208,right,ON,20.6,33.66
2026-03-27T18:23:03.769058+00:00,22.237508,1774635783769058317,466884,1774635783769068544,right,ON,19.2,31.64
2026-03-27T18:23:03.785562+00:00,22.254011,1774635783785562217,466900,1774635783785154048,right,ON,17.4,28.83
2026-03-27T18:23:03.800871+00:00,22.269320,1774635783800871017,466916,1774635783801171712,right,ON,13.1,22.15
2026-03-27T18:23:03.817403+00:00,22.285852,1774635783817402717,466932,1774635783817235968,right,ON,8.5,14.68
2026-03-27T18:23:03.832701+00:00,22.301150,1774635783832701017,466948,1774635783833229056,right,ON,6.6,11.34
2026-03-27T18:23:03.849182+00:00,22.317631,1774635783849182217,466964,1774635783849289984,right,ON,5.5,9.58
2026-03-27T18:23:03.865526+00:00,22.333975,1774635783865525717,466980,1774635783865359104,right,ON,5.1,8.79
2026-03-27T18:23:03.881061+00:00,22.349510,1774635783881060717,466996,1774635783881374464,right,ON,4.8,8.26
2026-03-27T18:23:03.897362+00:00,22.365812,1774635783897362317,467012,1774635783897413376,right,ON,4.4,7.65
2026-03-27T18:23:03.913911+00:00,22.382360,1774635783913911217,467028,1774635783913496064,right,ON,4.3,7.38
2026-03-27T18:23:03.929249+00:00,22.397698,1774635783929248417,467044,1774635783929512704,right,ON,4.1,7.12
2026-03-27T18:23:03.945754+00:00,22.414204,1774635783945754417,467060,1774635783945572096,right,ON,4.0,6.94
2026-03-27T18:23:03.960994+00:00,22.429443,1774635783960994017,467076,1774635783961565952,right,ON,4.0,6.86
2026-03-27T18:23:03.977533+00:00,22.445982,1774635783977533017,467092,1774635783977598720,right,ON,4.0,6.86
2026-03-27T18:23:03.993825+00:00,22.462274,1774635783993825217,467108,1774635783993660928,right,ON,3.9,6.77
2026-03-27T18:23:04.009374+00:00,22.477823,1774635784009373717,467124,1774635784009672704,right,ON,3.9,6.77
2026-03-27T18:23:04.025863+00:00,22.494312,1774635784025863017,467140,1774635784025722112,right,ON,3.9,6.77
2026-03-27T18:23:04.042212+00:00,22.510662,1774635784042212417,467156,1774635784041798912,right,ON,3.9,6.77
2026-03-27T18:23:04.057696+00:00,22.526145,1774635784057696217,467172,1774635784057826816,right,ON,3.9,6.77
2026-03-27T18:23:04.074056+00:00,22.542505,1774635784074056117,467188,1774635784073882368,right,ON,3.9,6.77
2026-03-27T18:23:04.089517+00:00,22.557966,1774635784089517017,467204,1774635784089884928,right,ON,3.9,6.77
2026-03-27T18:23:04.105847+00:00,22.574296,1774635784105846617,467220,1774635784105947648,right,ON,3.9,6.77
2026-03-27T18:23:04.122335+00:00,22.590784,1774635784122335117,467236,1774635784122019072,right,ON,3.9,6.77
2026-03-27T18:23:04.137708+00:00,22.606158,1774635784137708617,467252,1774635784138031360,right,ON,4.0,6.86
2026-03-27T18:23:04.154175+00:00,22.622624,1774635784154174717,467268,1774635784154077696,right,ON,4.0,6.86
2026-03-27T18:23:04.170528+00:00,22.638977,1774635784170527617,467284,1774635784170159360,right,ON,4.0,6.86
2026-03-27T18:23:04.186021+00:00,22.654471,1774635784186021317,467300,1774635784186183680,right,ON,4.0,6.86
2026-03-27T18:23:04.202340+00:00,22.670789,1774635784202340117,467316,1774635784202247680,right,ON,4.0,6.94
2026-03-27T18:23:04.217819+00:00,22.686269,1774635784217819317,467332,1774635784218246400,right,ON,4.0,6.94
2026-03-27T18:23:04.234313+00:00,22.702762,1774635784234312617,467348,1774635784234288640,right,ON,4.0,6.94
2026-03-27T18:23:04.250665+00:00,22.719114,1774635784250665217,467364,1774635784250357504,right,ON,4.0,6.94
2026-03-27T18:23:04.266187+00:00,22.734636,1774635784266186817,467380,1774635784266377472,right,ON,4.0,6.94
2026-03-27T18:23:04.282504+00:00,22.750953,1774635784282504117,467396,1774635784282426880,right,ON,4.0,6.94
2026-03-27T18:23:04.299006+00:00,22.767455,1774635784299005317,467412,1774635784298514432,right,ON,4.1,7.12
2026-03-27T18:23:04.314341+00:00,22.782790,1774635784314340817,467428,1774635784314539520,right,ON,4.3,7.47
2026-03-27T18:23:04.330816+00:00,22.799265,1774635784330815617,467444,1774635784330614528,right,ON,4.7,8.17
2026-03-27T18:23:04.346191+00:00,22.814641,1774635784346191317,467460,1774635784346612736,right,ON,5.1,8.88
2026-03-27T18:23:04.362682+00:00,22.831132,1774635784362682417,467476,1774635784362653440,right,ON,5.9,10.2
2026-03-27T18:23:04.379002+00:00,22.847452,1774635784379002317,467492,1774635784378720256,right,ON,7.2,12.39
2026-03-27T18:23:04.394477+00:00,22.862926,1774635784394476817,467508,1774635784394738432,right,ON,9.0,15.64
2026-03-27T18:23:04.410846+00:00,22.879295,1774635784410845717,467524,1774635784410787584,right,ON,11.7,19.95
2026-03-27T18:23:04.427418+00:00,22.895867,1774635784427417917,467540,1774635784426880512,right,ON,14.9,24.87
2026-03-27T18:23:04.442671+00:00,22.911120,1774635784442670617,467556,1774635784442904576,right,ON,17.5,29.0
2026-03-27T18:23:04.459159+00:00,22.927608,1774635784459158717,467572,1774635784458966528,right,ON,19.3,31.73
2026-03-27T18:23:04.474650+00:00,22.943099,1774635784474649917,467588,1774635784474978816,right,ON,21.5,34.89
2026-03-27T18:23:04.490918+00:00,22.959367,1774635784490917617,467604,1774635784491013632,right,ON,24.4,38.85
2026-03-27T18:23:04.507524+00:00,22.975974,1774635784507524517,467620,1774635784507096320,right,ON,26.3,41.48
2026-03-27T18:23:04.522726+00:00,22.991175,1774635784522725617,467636,1774635784523102976,right,ON,27.6,43.24
2026-03-27T18:23:04.539434+00:00,23.007883,1774635784539433917,467652,1774635784539165184,right,ON,28.6,44.56
2026-03-27T18:23:04.555611+00:00,23.024061,1774635784555611317,467668,1774635784555250176,right,ON,29.3,45.62
2026-03-27T18:23:04.571350+00:00,23.039799,1774635784571350017,467684,1774635784571294464,right,ON,30.0,46.58
2026-03-27T18:23:04.587744+00:00,23.056193,1774635784587743717,467700,1774635784587369984,right,ON,30.9,47.64
2026-03-27T18:23:04.603040+00:00,23.071490,1774635784603040517,467716,1774635784603380736,right,ON,31.7,48.69
2026-03-27T18:23:04.619437+00:00,23.087887,1774635784619437417,467732,1774635784619423744,right,ON,32.8,50.01
2026-03-27T18:23:04.635847+00:00,23.104297,1774635784635847517,467748,1774635784635503360,right,ON,33.7,51.15
2026-03-27T18:23:04.651285+00:00,23.119735,1774635784651285517,467764,1774635784651521792,right,ON,33.9,51.42
2026-03-27T18:23:04.667648+00:00,23.136097,1774635784667647617,467780,1774635784667573248,right,ON,34.0,51.5
2026-03-27T18:23:04.684768+00:00,23.153218,1774635784684768617,467796,1774635784683701760,right,ON,34.1,51.68
2026-03-27T18:23:04.699857+00:00,23.168306,1774635784699856617,467812,1774635784699769600,right,ON,34.3,51.94
2026-03-27T18:23:04.715985+00:00,23.184434,1774635784715984717,467828,1774635784715838976,right,ON,34.6,52.21
2026-03-27T18:23:04.731399+00:00,23.199848,1774635784731398817,467844,1774635784731846400,right,ON,34.6,52.21
2026-03-27T18:23:04.747717+00:00,23.216166,1774635784747717117,467860,1774635784747885056,right,ON,34.6,52.21
2026-03-27T18:23:04.764245+00:00,23.232694,1774635784764244817,467876,1774635784763961856,right,ON,34.6,52.21
2026-03-27T18:23:04.789105+00:00,23.257555,1774635784789105517,467892,1774635784780559104,right,ON,34.6,52.21
2026-03-27T18:23:04.796132+00:00,23.264581,1774635784796131717,467908,1774635784796601856,right,ON,34.6,52.21
2026-03-27T18:23:04.812456+00:00,23.280905,1774635784812455817,467924,1774635784812676096,right,ON,34.6,52.21
2026-03-27T18:23:04.828036+00:00,23.296485,1774635784828036117,467940,1774635784828698624,right,ON,34.6,52.21
2026-03-27T18:23:04.844446+00:00,23.312895,1774635784844445717,467956,1774635784844758528,right,ON,34.6,52.21
2026-03-27T18:23:04.859665+00:00,23.328115,1774635784859665517,467972,1774635784860744192,right,ON,34.6,52.21
2026-03-27T18:23:04.876191+00:00,23.344640,1774635784876191217,467988,1774635784876772864,right,ON,34.6,52.21
2026-03-27T18:23:04.892486+00:00,23.360935,1774635784892485917,468004,1774635784892825856,right,ON,34.6,52.21
2026-03-27T18:23:04.908077+00:00,23.376527,1774635784908077317,468020,1774635784908835328,right,ON,34.6,52.21
2026-03-27T18:23:04.924335+00:00,23.392784,1774635784924334917,468036,1774635784924865280,right,ON,34.6,52.21
2026-03-27T18:23:04.940873+00:00,23.409323,1774635784940873517,468052,1774635784940941312,right,ON,34.6,52.21
2026-03-27T18:23:04.956142+00:00,23.424591,1774635784956142117,468068,1774635784956947200,right,ON,34.6,52.21
2026-03-27T18:23:04.972689+00:00,23.441139,1774635784972689517,468084,1774635784972998656,right,ON,34.6,52.21
2026-03-27T18:23:04.987996+00:00,23.456445,1774635784987995917,468100,1774635784988979456,right,ON,34.6,52.21
2026-03-27T18:23:05.013773+00:00,23.482223,1774635785013773417,468116,1774635785005569792,right,ON,34.6,52.21
2026-03-27T18:23:05.020993+00:00,23.489442,1774635785020992917,468132,1774635785021615616,right,ON,34.6,52.21
2026-03-27T18:23:05.036273+00:00,23.504723,1774635785036273517,468148,1774635785037598720,right,ON,34.6,52.21
2026-03-27T18:23:05.052857+00:00,23.521306,1774635785052856517,468164,1774635785053628672,right,ON,34.6,52.21
2026-03-27T18:23:05.069075+00:00,23.537524,1774635785069074817,468180,1774635785069678336,right,ON,34.6,52.21
2026-03-27T18:23:05.084724+00:00,23.553173,1774635785084723817,468196,1774635785085686528,right,ON,34.4,52.03
2026-03-27T18:23:05.100891+00:00,23.569341,1774635785100891317,468212,1774635785101711872,right,ON,34.1,51.68
2026-03-27T18:23:05.116536+00:00,23.584985,1774635785116536217,468228,1774635785117694208,right,ON,34.0,51.5
2026-03-27T18:23:05.132738+00:00,23.601187,1774635785132737417,468244,1774635785133695232,right,ON,33.7,51.15
2026-03-27T18:23:05.149380+00:00,23.617829,1774635785149379917,468260,1774635785149746176,right,ON,33.3,50.63
2026-03-27T18:23:05.164778+00:00,23.633227,1774635785164777417,468276,1774635785165736704,right,ON,33.0,50.27
2026-03-27T18:23:05.181121+00:00,23.649570,1774635785181121017,468292,1774635785181758464,right,ON,32.5,49.66
2026-03-27T18:23:05.197624+00:00,23.666073,1774635785197624117,468308,1774635785197817344,right,ON,31.9,48.96
2026-03-27T18:23:05.222707+00:00,23.691156,1774635785222707217,468324,1774635785214410496,right,ON,31.4,48.25
2026-03-27T18:23:05.229483+00:00,23.697932,1774635785229482817,468340,1774635785230432256,right,ON,30.7,47.37
2026-03-27T18:23:05.244841+00:00,23.713291,1774635785244841317,468356,1774635785246394112,right,ON,29.9,46.41
2026-03-27T18:23:05.261497+00:00,23.729946,1774635785261496917,468372,1774635785262406912,right,ON,29.1,45.26
2026-03-27T18:23:05.277692+00:00,23.746142,1774635785277692317,468388,1774635785278438144,right,ON,28.1,43.95
2026-03-27T18:23:05.293103+00:00,23.761553,1774635785293103317,468404,1774635785294414080,right,ON,27.1,42.63
2026-03-27T18:23:05.309459+00:00,23.777908,1774635785309459217,468420,1774635785310417664,right,ON,26.0,41.13
2026-03-27T18:23:05.325927+00:00,23.794376,1774635785325927217,468436,1774635785326460928,right,ON,24.7,39.29
2026-03-27T18:23:05.341600+00:00,23.810050,1774635785341600417,468452,1774635785342459392,right,ON,22.6,36.47
2026-03-27T18:23:05.357755+00:00,23.826204,1774635785357754717,468468,1774635785358477312,right,ON,19.6,32.26
2026-03-27T18:23:05.373095+00:00,23.841544,1774635785373095217,468484,1774635785374431232,right,ON,16.3,27.16
2026-03-27T18:23:05.389624+00:00,23.858073,1774635785389624017,468500,1774635785390428672,right,ON,11.6,19.78
2026-03-27T18:23:05.405897+00:00,23.874346,1774635785405897117,468516,1774635785406448384,right,ON,6.6,11.43
2026-03-27T18:23:05.421468+00:00,23.889917,1774635785421468217,468532,1774635785422421504,right,ON,2.9,5.01
2026-03-27T18:23:05.437793+00:00,23.906242,1774635785437792717,468548,1774635785438421504,right,ON,1.2,2.02
2026-03-27T18:23:05.462086+00:00,23.930535,1774635785462085717,468564,1774635785454941696,right,ON,1.2,2.02
2026-03-27T18:23:05.469610+00:00,23.938059,1774635785469609617,468580,1774635785470905600,right,ON,1.2,2.02
2026-03-27T18:23:05.486161+00:00,23.954611,1774635785486161317,468596,1774635785486914048,right,ON,1.1,1.93
2026-03-27T18:23:05.501423+00:00,23.969872,1774635785501422917,468612,1774635785502857216,right,ON,1.1,1.93
2026-03-27T18:23:05.517973+00:00,23.986423,1774635785517973617,468628,1774635785518838528,right,ON,1.1,1.93
2026-03-27T18:23:05.534426+00:00,24.002876,1774635785534426417,468644,1774635785534861824,right,ON,1.1,1.93
2026-03-27T18:23:05.549804+00:00,24.018253,1774635785549804117,468660,1774635785550818048,right,ON,1.1,1.93
2026-03-27T18:23:05.566221+00:00,24.034670,1774635785566220617,468676,1774635785566817536,right,ON,1.1,1.93
2026-03-27T18:23:05.582679+00:00,24.051129,1774635785582679417,468692,1774635785582846208,right,ON,1.2,2.02
2026-03-27T18:23:05.598142+00:00,24.066592,1774635785598142517,468708,1774635785598829824,right,ON,1.1,1.93
2026-03-27T18:23:05.614462+00:00,24.082912,1774635785614462517,468724,1774635785614841088,right,ON,1.1,1.93
2026-03-27T18:23:05.629917+00:00,24.098366,1774635785629917217,468740,1774635785630793216,right,ON,1.1,1.93
2026-03-27T18:23:05.646292+00:00,24.114741,1774635785646291817,468756,1774635785646776320,right,ON,1.2,2.02
2026-03-27T18:23:05.662745+00:00,24.131194,1774635785662744717,468772,1774635785662796032,right,ON,1.3,2.29
2026-03-27T18:23:05.685858+00:00,24.154307,1774635785685857517,468788,1774635785679228416,right,ON,1.7,2.99
2026-03-27T18:23:05.694628+00:00,24.163077,1774635785694628017,468804,1774635785695215104,right,ON,2.2,3.87
2026-03-27T18:23:05.710950+00:00,24.179399,1774635785710949717,468820,1774635785711252224,right,ON,2.9,5.01
2026-03-27T18:23:05.726491+00:00,24.194940,1774635785726490717,468836,1774635785727229696,right,ON,3.6,6.15
2026-03-27T18:23:05.742764+00:00,24.211214,1774635785742764417,468852,1774635785743224320,right,ON,4.4,7.56
2026-03-27T18:23:05.758253+00:00,24.226702,1774635785758252417,468868,1774635785759165184,right,ON,5.1,8.79
2026-03-27T18:23:05.774630+00:00,24.243080,1774635785774630417,468884,1774635785775134720,right,ON,5.8,10.11
2026-03-27T18:23:05.791081+00:00,24.259530,1774635785791081217,468900,1774635785791144448,right,ON,6.5,11.25
2026-03-27T18:23:05.806381+00:00,24.274831,1774635785806381417,468916,1774635785807384320,right,ON,6.9,11.95
2026-03-27T18:23:05.822935+00:00,24.291385,1774635785822935317,468932,1774635785823387136,right,ON,7.2,12.48
2026-03-27T18:23:05.839395+00:00,24.307845,1774635785839395417,468948,1774635785839423744,right,ON,7.7,13.36
2026-03-27T18:23:05.854748+00:00,24.323198,1774635785854748517,468964,1774635785855403776,right,ON,8.6,14.94
2026-03-27T18:23:05.871267+00:00,24.339716,1774635785871266617,468980,1774635785871424512,right,ON,10.2,17.67
2026-03-27T18:23:05.893956+00:00,24.362405,1774635785893956017,468996,1774635785887825152,right,ON,12.4,21.09
2026-03-27T18:23:05.903087+00:00,24.371536,1774635785903087017,469012,1774635785903807744,right,ON,15.3,25.58
2026-03-27T18:23:05.919452+00:00,24.387902,1774635785919452517,469028,1774635785919817984,right,ON,18.7,30.76
2026-03-27T18:23:05.934852+00:00,24.403301,1774635785934851617,469044,1774635785935774208,right,ON,22.4,36.21
2026-03-27T18:23:05.951251+00:00,24.419700,1774635785951250617,469060,1774635785951759104,right,ON,27.5,43.07
2026-03-27T18:23:05.967721+00:00,24.436170,1774635785967720917,469076,1774635785967785216,right,ON,33.0,50.27
2026-03-27T18:23:05.983252+00:00,24.451701,1774635785983251417,469092,1774635785983755776,right,ON,37.9,56.43
2026-03-27T18:23:05.999543+00:00,24.467992,1774635785999543017,469108,1774635785999756800,right,ON,41.8,61.17
2026-03-27T18:23:06.015063+00:00,24.483512,1774635786015062817,469124,1774635786015702528,right,ON,44.3,64.25
2026-03-27T18:23:06.031399+00:00,24.499849,1774635786031399317,469140,1774635786031970048,right,ON,46.3,66.8
2026-03-27T18:23:06.047925+00:00,24.516375,1774635786047925317,469156,1774635786048004352,right,ON,48.3,69.26
2026-03-27T18:23:06.063168+00:00,24.531617,1774635786063168217,469172,1774635786063965952,right,ON,50.2,71.63
2026-03-27T18:23:06.079746+00:00,24.548195,1774635786079745717,469188,1774635786079976704,right,ON,52.3,74.27
2026-03-27T18:23:06.096206+00:00,24.564655,1774635786096206117,469204,1774635786096018176,right,ON,54.1,76.46
2026-03-27T18:23:06.119000+00:00,24.587450,1774635786119000317,469220,1774635786112459264,right,ON,55.2,77.96
2026-03-27T18:23:06.128069+00:00,24.596519,1774635786128069317,469236,1774635786128467200,right,ON,55.9,78.75
2026-03-27T18:23:06.143444+00:00,24.611893,1774635786143444117,469252,1774635786144421632,right,ON,55.9,78.84
2026-03-27T18:23:06.159860+00:00,24.628310,1774635786159860417,469268,1774635786160403200,right,ON,55.9,78.84
2026-03-27T18:23:06.176167+00:00,24.644616,1774635786176167217,469284,1774635786176419328,right,ON,55.9,78.84
2026-03-27T18:23:06.191673+00:00,24.660122,1774635786191673217,469300,1774635786192382464,right,ON,55.9,78.84
2026-03-27T18:23:06.207997+00:00,24.676446,1774635786207997017,469316,1774635786208371712,right,ON,55.9,78.84
2026-03-27T18:23:06.224579+00:00,24.693028,1774635786224579217,469332,1774635786224408320,right,ON,55.9,78.84
2026-03-27T18:23:06.239957+00:00,24.708407,1774635786239957317,469348,1774635786240686336,right,ON,55.9,78.84
2026-03-27T18:23:06.256372+00:00,24.724822,1774635786256372417,469364,1774635786256711168,right,ON,55.9,78.84
2026-03-27T18:23:06.271795+00:00,24.740244,1774635786271795117,469380,1774635786272676864,right,ON,56.0,78.93
2026-03-27T18:23:06.288313+00:00,24.756763,1774635786288313417,469396,1774635786288690176,right,ON,56.0,78.93
2026-03-27T18:23:06.304661+00:00,24.773110,1774635786304661117,469412,1774635786304726784,right,ON,55.9,78.84
2026-03-27T18:23:06.326437+00:00,24.794886,1774635786326436917,469428,1774635786321093376,right,ON,55.9,78.84
2026-03-27T18:23:06.336536+00:00,24.804985,1774635786336535717,469444,1774635786337097216,right,ON,55.9,78.84
2026-03-27T18:23:06.352840+00:00,24.821290,1774635786352840317,469460,1774635786353130240,right,ON,55.9,78.84
2026-03-27T18:23:06.368444+00:00,24.836893,1774635786368443817,469476,1774635786369124096,right,ON,55.9,78.84
2026-03-27T18:23:06.384743+00:00,24.853192,1774635786384742817,469492,1774635786385137152,right,ON,55.9,78.84
2026-03-27T18:23:06.400116+00:00,24.868565,1774635786400115817,469508,1774635786401087232,right,ON,55.9,78.84
2026-03-27T18:23:06.416690+00:00,24.885139,1774635786416689717,469524,1774635786417084416,right,ON,55.9,78.84
2026-03-27T18:23:06.432937+00:00,24.901386,1774635786432937217,469540,1774635786433100544,right,ON,55.9,78.84
2026-03-27T18:23:06.448468+00:00,24.916918,1774635786448468417,469556,1774635786449070592,right,ON,55.9,78.84
2026-03-27T18:23:06.464842+00:00,24.933291,1774635786464842017,469572,1774635786465069056,right,ON,55.9,78.84
2026-03-27T18:23:06.481326+00:00,24.949775,1774635786481325617,469588,1774635786481351936,right,ON,55.9,78.84
2026-03-27T18:23:06.496651+00:00,24.965100,1774635786496651117,469604,1774635786497335552,right,ON,55.9,78.84
2026-03-27T18:23:06.513335+00:00,24.981784,1774635786513334617,469620,1774635786513373696,right,ON,55.9,78.75
2026-03-27T18:23:06.528380+00:00,24.996829,1774635786528379917,469636,1774635786529325824,right,ON,55.9,78.84
2026-03-27T18:23:06.550367+00:00,25.018816,1774635786550366917,469652,1774635786545656576,right,ON,55.9,78.84
2026-03-27T18:23:06.561364+00:00,25.029813,1774635786561363617,469668,1774635786561683968,right,ON,55.9,78.84
2026-03-27T18:23:06.576670+00:00,25.045119,1774635786576669717,469684,1774635786577645312,right,ON,55.9,78.84
2026-03-27T18:23:06.593270+00:00,25.061719,1774635786593270117,469700,1774635786593651968,right,ON,55.9,78.84
2026-03-27T18:23:06.609698+00:00,25.078148,1774635786609698317,469716,1774635786609694976,right,ON,55.9,78.84
2026-03-27T18:23:06.625107+00:00,25.093557,1774635786625107317,469732,1774635786625680640,right,ON,55.9,78.84
2026-03-27T18:23:06.641595+00:00,25.110045,1774635786641595317,469748,1774635786641701888,right,ON,55.9,78.84
2026-03-27T18:23:06.657085+00:00,25.125535,1774635786657085317,469764,1774635786657670144,right,ON,55.9,78.75
2026-03-27T18:23:06.673339+00:00,25.141788,1774635786673338517,469780,1774635786673661696,right,ON,55.9,78.84
2026-03-27T18:23:06.689773+00:00,25.158222,1774635786689772917,469796,1774635786689688832,right,ON,55.6,78.4
2026-03-27T18:23:06.705025+00:00,25.173475,1774635786705025517,469812,1774635786705888512,right,ON,55.3,78.05
2026-03-27T18:23:06.721588+00:00,25.190038,1774635786721588317,469828,1774635786721903360,right,ON,55.2,77.96
2026-03-27T18:23:06.737843+00:00,25.206292,1774635786737842617,469844,1774635786737939712,right,ON,55.0,77.7
2026-03-27T18:23:06.758987+00:00,25.227436,1774635786758986717,469860,1774635786754272000,right,ON,54.7,77.34
2026-03-27T18:23:06.769864+00:00,25.238313,1774635786769863917,469876,1774635786770287360,right,ON,54.5,77.08
2026-03-27T18:23:06.785240+00:00,25.253690,1774635786785240417,469892,1774635786786244096,right,ON,54.2,76.64
2026-03-27T18:23:06.801736+00:00,25.270186,1774635786801736317,469908,1774635786802238976,right,ON,54.0,76.38
2026-03-27T18:23:06.818063+00:00,25.286512,1774635786818063017,469924,1774635786818263040,right,ON,54.0,76.38
2026-03-27T18:23:06.833516+00:00,25.301965,1774635786833515817,469940,1774635786834227712,right,ON,54.0,76.38
2026-03-27T18:23:06.849900+00:00,25.318349,1774635786849900017,469956,1774635786850228736,right,ON,54.0,76.38
2026-03-27T18:23:06.866449+00:00,25.334898,1774635786866448717,469972,1774635786866273024,right,ON,53.9,76.29
2026-03-27T18:23:06.881741+00:00,25.350190,1774635786881741117,469988,1774635786882249984,right,ON,53.9,76.29
2026-03-27T18:23:06.898186+00:00,25.366636,1774635786898186417,470004,1774635786898265856,right,ON,53.9,76.29
2026-03-27T18:23:06.913544+00:00,25.381993,1774635786913543817,470020,1774635786914447104,right,ON,53.9,76.29
2026-03-27T18:23:06.930008+00:00,25.398457,1774635786930008017,470036,1774635786930448384,right,ON,53.9,76.29
2026-03-27T18:23:06.946525+00:00,25.414974,1774635786946525117,470052,1774635786946488576,right,ON,53.9,76.29
2026-03-27T18:23:06.961885+00:00,25.430335,1774635786961885517,470068,1774635786962466560,right,ON,53.9,76.29
2026-03-27T18:23:06.978324+00:00,25.446773,1774635786978324117,470084,1774635786978479360,right,ON,53.8,76.2
2026-03-27T18:23:06.998947+00:00,25.467396,1774635786998947217,470100,1774635786994784768,right,ON,53.7,76.03
2026-03-27T18:23:07.010134+00:00,25.478583,1774635787010134217,470116,1774635787010771200,right,ON,53.5,75.76
2026-03-27T18:23:07.026549+00:00,25.494999,1774635787026549317,470132,1774635787026787840,right,ON,53.2,75.32
2026-03-27T18:23:07.041960+00:00,25.510409,1774635787041960217,470148,1774635787042749184,right,ON,52.9,74.97
2026-03-27T18:23:07.058491+00:00,25.526940,1774635787058490917,470164,1774635787058749184,right,ON,52.5,74.53
2026-03-27T18:23:07.074728+00:00,25.543177,1774635787074727317,470180,1774635787074775808,right,ON,52.3,74.27
2026-03-27T18:23:07.090321+00:00,25.558771,1774635787090321517,470196,1774635787090749952,right,ON,52.0,73.83
2026-03-27T18:23:07.106555+00:00,25.575004,1774635787106555017,470212,1774635787106751488,right,ON,51.7,73.48
2026-03-27T18:23:07.123099+00:00,25.591548,1774635787123098817,470228,1774635787122796800,right,ON,51.5,73.21
2026-03-27T18:23:07.138373+00:00,25.606823,1774635787138373417,470244,1774635787139006208,right,ON,51.2,72.86
2026-03-27T18:23:07.154962+00:00,25.623411,1774635787154962117,470260,1774635787155041280,right,ON,50.9,72.42
2026-03-27T18:23:07.170488+00:00,25.638937,1774635787170487917,470276,1774635787171023872,right,ON,50.4,71.81
2026-03-27T18:23:07.186768+00:00,25.655217,1774635787186767817,470292,1774635787187032064,right,ON,50.0,71.28
2026-03-27T18:23:07.203231+00:00,25.671680,1774635787203231017,470308,1774635787203074048,right,ON,49.5,70.66
2026-03-27T18:23:07.222238+00:00,25.690687,1774635787222237617,470324,1774635787219279616,right,ON,49.0,70.05
2026-03-27T18:23:07.235067+00:00,25.703516,1774635787235066517,470340,1774635787235292416,right,ON,48.6,69.61
2026-03-27T18:23:07.251408+00:00,25.719857,1774635787251408117,470356,1774635787251339520,right,ON,48.5,69.52
2026-03-27T18:23:07.266850+00:00,25.735300,1774635787266850317,470372,1774635787267329536,right,ON,48.5,69.43
2026-03-27T18:23:07.283207+00:00,25.751656,1774635787283206817,470388,1774635787283349760,right,ON,48.3,69.17
2026-03-27T18:23:07.298672+00:00,25.767122,1774635787298672417,470404,1774635787299315200,right,ON,47.9,68.73
2026-03-27T18:23:07.315193+00:00,25.783642,1774635787315192717,470420,1774635787315324416,right,ON,47.5,68.2
2026-03-27T18:23:07.331530+00:00,25.799979,1774635787331529717,470436,1774635787331361280,right,ON,47.0,67.68
2026-03-27T18:23:07.346945+00:00,25.815394,1774635787346944717,470452,1774635787347538688,right,ON,46.9,67.5
2026-03-27T18:23:07.363320+00:00,25.831769,1774635787363319817,470468,1774635787363559168,right,ON,46.9,67.5
2026-03-27T18:23:07.379781+00:00,25.848230,1774635787379781217,470484,1774635787379613952,right,ON,46.8,67.32
2026-03-27T18:23:07.395300+00:00,25.863749,1774635787395299817,470500,1774635787395622400,right,ON,46.8,67.32
2026-03-27T18:23:07.411726+00:00,25.880176,1774635787411726717,470516,1774635787411661824,right,ON,46.7,67.24
2026-03-27T18:23:07.430116+00:00,25.898565,1774635787430115517,470532,1774635787427823616,right,ON,46.5,66.97
2026-03-27T18:23:07.443534+00:00,25.911983,1774635787443533817,470548,1774635787443837184,right,ON,46.0,66.45
2026-03-27T18:23:07.459944+00:00,25.928393,1774635787459943617,470564,1774635787459879168,right,ON,45.7,66.01
2026-03-27T18:23:07.475229+00:00,25.943678,1774635787475229117,470580,1774635787475858432,right,ON,45.4,65.65
2026-03-27T18:23:07.491742+00:00,25.960192,1774635787491742417,470596,1774635787491876864,right,ON,45.2,65.39
2026-03-27T18:23:07.508242+00:00,25.976691,1774635787508241717,470612,1774635787507936768,right,ON,44.9,65.04
2026-03-27T18:23:07.523577+00:00,25.992026,1774635787523577017,470628,1774635787523930624,right,ON,44.6,64.69
2026-03-27T18:23:07.540076+00:00,26.008525,1774635787540076217,470644,1774635787539972352,right,ON,44.0,63.98
2026-03-27T18:23:07.555390+00:00,26.023839,1774635787555390117,470660,1774635787555938304,right,ON,43.4,63.19
2026-03-27T18:23:07.571887+00:00,26.040336,1774635787571886717,470676,1774635787572117504,right,ON,43.1,62.75
2026-03-27T18:23:07.588258+00:00,26.056708,1774635787588258317,470692,1774635787588166144,right,ON,42.6,62.14
2026-03-27T18:23:07.603697+00:00,26.072146,1774635787603696717,470708,1774635787604154880,right,ON,41.9,61.35
2026-03-27T18:23:07.620059+00:00,26.088509,1774635787620059317,470724,1774635787620180224,right,ON,41.3,60.64
2026-03-27T18:23:07.636549+00:00,26.104998,1774635787636548717,470740,1774635787636244736,right,ON,40.9,60.12
2026-03-27T18:23:07.654713+00:00,26.123162,1774635787654712617,470756,1774635787652418816,right,ON,40.7,59.85
2026-03-27T18:23:07.668382+00:00,26.136832,1774635787668382417,470772,1774635787668457984,right,ON,40.5,59.59
2026-03-27T18:23:07.683856+00:00,26.152305,1774635787683855517,470788,1774635787684444672,right,ON,40.1,59.15
2026-03-27T18:23:07.700174+00:00,26.168623,1774635787700174017,470804,1774635787700454656,right,ON,39.6,58.45
2026-03-27T18:23:07.716693+00:00,26.185142,1774635787716692817,470820,1774635787716506112,right,ON,38.8,57.48
2026-03-27T18:23:07.732039+00:00,26.200488,1774635787732038917,470836,1774635787732489984,right,ON,37.9,56.34
2026-03-27T18:23:07.748503+00:00,26.216952,1774635787748503217,470852,1774635787748515584,right,ON,36.7,54.84
2026-03-27T18:23:07.764857+00:00,26.233306,1774635787764857217,470868,1774635787764566272,right,ON,35.4,53.26
2026-03-27T18:23:07.780380+00:00,26.248830,1774635787780380417,470884,1774635787780744448,right,ON,34.3,51.86
2026-03-27T18:23:07.796694+00:00,26.265143,1774635787796694217,470900,1774635787796785408,right,ON,32.8,50.01
2026-03-27T18:23:07.812176+00:00,26.280625,1774635787812175917,470916,1774635787812771072,right,ON,31.4,48.25
2026-03-27T18:23:07.828514+00:00,26.296963,1774635787828513817,470932,1774635787828788736,right,ON,30.0,46.49
2026-03-27T18:23:07.845035+00:00,26.313484,1774635787845035117,470948,1774635787844844288,right,ON,28.4,44.38
2026-03-27T18:23:07.863028+00:00,26.331477,1774635787863028017,470964,1774635787861000448,right,ON,26.6,41.84
2026-03-27T18:23:07.876855+00:00,26.345304,1774635787876855017,470980,1774635787877027584,right,ON,24.7,39.29
2026-03-27T18:23:07.893185+00:00,26.361634,1774635787893184817,470996,1774635787893088000,right,ON,23.3,37.35
2026-03-27T18:23:07.908661+00:00,26.377110,1774635787908660717,471012,1774635787909090304,right,ON,21.7,35.16
2026-03-27T18:23:07.925034+00:00,26.393483,1774635787925033917,471028,1774635787925125120,right,ON,19.4,31.99
2026-03-27T18:23:07.940482+00:00,26.408932,1774635787940482417,471044,1774635787941102080,right,ON,17.2,28.48
2026-03-27T18:23:07.957093+00:00,26.425542,1774635787957093117,471060,1774635787957126656,right,ON,14.6,24.52
2026-03-27T18:23:07.973376+00:00,26.441825,1774635787973376117,471076,1774635787973179904,right,ON,13.5,22.76
2026-03-27T18:23:07.988827+00:00,26.457277,1774635787988827517,471092,1774635787989175808,right,ON,13.3,22.41
2026-03-27T18:23:08.005111+00:00,26.473561,1774635788005111517,471108,1774635788005198592,right,ON,13.1,22.15
2026-03-27T18:23:08.021638+00:00,26.490088,1774635788021638417,471124,1774635788021393920,right,ON,13.1,22.06
2026-03-27T18:23:08.036946+00:00,26.505395,1774635788036945917,471140,1774635788037398272,right,ON,13.0,21.97
2026-03-27T18:23:08.053475+00:00,26.521924,1774635788053474717,471156,1774635788053443840,right,ON,13.0,21.88
2026-03-27T18:23:08.068849+00:00,26.537298,1774635788068849017,471172,1774635788069428736,right,ON,12.9,21.8
2026-03-27T18:23:08.087295+00:00,26.555744,1774635788087294817,471188,1774635788085575680,right,ON,12.7,21.53
2026-03-27T18:23:08.101722+00:00,26.570171,1774635788101722217,471204,1774635788101626368,right,ON,12.6,21.36
2026-03-27T18:23:08.117084+00:00,26.585533,1774635788117084017,471220,1774635788117621760,right,ON,12.5,21.18
2026-03-27T18:23:08.133605+00:00,26.602054,1774635788133604817,471236,1774635788133651968,right,ON,12.4,21.01
2026-03-27T18:23:08.149945+00:00,26.618394,1774635788149945017,471252,1774635788149715456,right,ON,12.3,20.83
2026-03-27T18:23:08.165457+00:00,26.633906,1774635788165456717,471268,1774635788165722368,right,ON,12.2,20.74
2026-03-27T18:23:08.181825+00:00,26.650274,1774635788181824717,471284,1774635788181765632,right,ON,12.2,20.65
2026-03-27T18:23:08.197301+00:00,26.665751,1774635788197301417,471300,1774635788197758208,right,ON,12.2,20.65
2026-03-27T18:23:08.213570+00:00,26.682019,1774635788213569517,471316,1774635788213771776,right,ON,12.1,20.57
2026-03-27T18:23:08.230093+00:00,26.698542,1774635788230092917,471332,1774635788229827840,right,ON,12.0,20.48
2026-03-27T18:23:08.245593+00:00,26.714042,1774635788245592617,471348,1774635788245943040,right,ON,12.0,20.39
2026-03-27T18:23:08.261922+00:00,26.730371,1774635788261921417,471364,1774635788261980160,right,ON,12.0,20.39
2026-03-27T18:23:08.278408+00:00,26.746857,1774635788278407617,471380,1774635788278053376,right,ON,11.9,20.3
2026-03-27T18:23:08.294945+00:00,26.763395,1774635788294945417,471396,1774635788294138112,right,ON,11.9,20.3
2026-03-27T18:23:08.310158+00:00,26.778607,1774635788310158217,471412,1774635788310179584,right,ON,11.9,20.3
2026-03-27T18:23:08.325516+00:00,26.793965,1774635788325515817,471428,1774635788326161152,right,ON,11.9,20.3
2026-03-27T18:23:08.342043+00:00,26.810492,1774635788342042617,471444,1774635788342186752,right,ON,11.9,20.21
2026-03-27T18:23:08.358612+00:00,26.827061,1774635788358611917,471460,1774635788358253824,right,ON,11.9,20.21
2026-03-27T18:23:08.373818+00:00,26.842267,1774635788373817717,471476,1774635788374249472,right,ON,11.9,20.21
2026-03-27T18:23:08.390378+00:00,26.858828,1774635788390378317,471492,1774635788390286848,right,ON,11.9,20.21
2026-03-27T18:23:08.406635+00:00,26.875084,1774635788406635117,471508,1774635788406350336,right,ON,11.9,20.21
2026-03-27T18:23:08.422212+00:00,26.890661,1774635788422211817,471524,1774635788422368512,right,ON,11.9,20.21
2026-03-27T18:23:08.438454+00:00,26.906903,1774635788438454217,471540,1774635788438410752,right,ON,11.9,20.21
2026-03-27T18:23:08.453932+00:00,26.922381,1774635788453932217,471556,1774635788454491648,right,ON,11.9,20.21
2026-03-27T18:23:08.470590+00:00,26.939040,1774635788470590317,471572,1774635788470532608,right,ON,11.9,20.21
2026-03-27T18:23:08.486743+00:00,26.955192,1774635788486742717,471588,1774635788486590976,right,ON,11.9,20.21
2026-03-27T18:23:08.502316+00:00,26.970765,1774635788502315817,471604,1774635788502597120,right,ON,11.8,20.13
2026-03-27T18:23:08.518707+00:00,26.987156,1774635788518707217,471620,1774635788518638592,right,ON,11.8,20.04
2026-03-27T18:23:08.535228+00:00,27.003677,1774635788535228117,471636,1774635788534723328,right,ON,11.5,19.69
2026-03-27T18:23:08.550665+00:00,27.019115,1774635788550665417,471652,1774635788550748416,right,ON,11.3,19.34
2026-03-27T18:23:08.566861+00:00,27.035310,1774635788566861117,471668,1774635788566796800,right,ON,11.2,19.16
2026-03-27T18:23:08.582384+00:00,27.050833,1774635788582383517,471684,1774635788582790400,right,ON,11.2,19.16
2026-03-27T18:23:08.598716+00:00,27.067166,1774635788598716317,471700,1774635788598815744,right,ON,11.1,19.07
2026-03-27T18:23:08.615222+00:00,27.083671,1774635788615222217,471716,1774635788614879232,right,ON,11.1,18.98
2026-03-27T18:23:08.630501+00:00,27.098950,1774635788630500517,471732,1774635788630877184,right,ON,11.1,19.07
2026-03-27T18:23:08.647132+00:00,27.115582,1774635788647132517,471748,1774635788646920704,right,ON,11.1,18.98
2026-03-27T18:23:08.663452+00:00,27.131902,1774635788663452517,471764,1774635788662994688,right,ON,11.1,18.98
2026-03-27T18:23:08.678937+00:00,27.147386,1774635788678937217,471780,1774635788679100928,right,ON,11.1,19.07
2026-03-27T18:23:08.695447+00:00,27.163897,1774635788695447517,471796,1774635788695164928,right,ON,11.1,19.07
2026-03-27T18:23:08.710743+00:00,27.179192,1774635788710743117,471812,1774635788711164928,right,ON,11.1,19.07
2026-03-27T18:23:08.727140+00:00,27.195589,1774635788727139817,471828,1774635788727195136,right,ON,11.1,19.07
2026-03-27T18:23:08.743672+00:00,27.212121,1774635788743672117,471844,1774635788743269632,right,ON,11.2,19.16
2026-03-27T18:23:08.758979+00:00,27.227428,1774635788758978517,471860,1774635788759277312,right,ON,11.2,19.16
2026-03-27T18:23:08.775303+00:00,27.243752,1774635788775303217,471876,1774635788775314944,right,ON,11.4,19.51
2026-03-27T18:23:08.791821+00:00,27.260270,1774635788791820617,471892,1774635788791390976,right,ON,11.4,19.42
2026-03-27T18:23:08.807297+00:00,27.275746,1774635788807296517,471908,1774635788807416064,right,ON,11.4,19.42
2026-03-27T18:23:08.823667+00:00,27.292116,1774635788823667017,471924,1774635788823469312,right,ON,11.4,19.42
2026-03-27T18:23:08.839062+00:00,27.307511,1774635788839062117,471940,1774635788839464960,right,ON,11.3,19.34
2026-03-27T18:23:08.855388+00:00,27.323838,1774635788855388317,471956,1774635788855487232,right,ON,11.4,19.42
2026-03-27T18:23:08.871960+00:00,27.340409,1774635788871959717,471972,1774635788871556352,right,ON,11.4,19.42
2026-03-27T18:23:08.887231+00:00,27.355680,1774635788887230717,471988,1774635788887639040,right,ON,11.4,19.42
2026-03-27T18:23:08.903733+00:00,27.372182,1774635788903732517,472004,1774635788903684352,right,ON,11.4,19.42
2026-03-27T18:23:08.920334+00:00,27.388783,1774635788920334217,472020,1774635788919772416,right,ON,11.4,19.42
2026-03-27T18:23:08.935605+00:00,27.404054,1774635788935604517,472036,1774635788935794944,right,ON,11.4,19.42
2026-03-27T18:23:08.952599+00:00,27.421049,1774635788952599317,472052,1774635788951885568,right,ON,11.4,19.42
2026-03-27T18:23:08.967420+00:00,27.435869,1774635788967420017,472068,1774635788967881984,right,ON,11.4,19.42
2026-03-27T18:23:08.983912+00:00,27.452362,1774635788983912317,472084,1774635788983923200,right,ON,11.4,19.42
2026-03-27T18:23:09.000239+00:00,27.468689,1774635789000239317,472100,1774635788999989248,right,ON,11.4,19.51
2026-03-27T18:23:09.015779+00:00,27.484228,1774635789015778717,472116,1774635789016005888,right,ON,11.5,19.6
2026-03-27T18:23:09.032068+00:00,27.500517,1774635789032068217,472132,1774635789032044800,right,ON,11.5,19.69
2026-03-27T18:23:09.048613+00:00,27.517062,1774635789048613117,472148,1774635789048129280,right,ON,11.6,19.78
2026-03-27T18:23:09.064062+00:00,27.532511,1774635789064061717,472164,1774635789064154112,right,ON,11.7,19.95
2026-03-27T18:23:09.080389+00:00,27.548838,1774635789080389217,472180,1774635789080210688,right,ON,11.8,20.04
2026-03-27T18:23:09.095829+00:00,27.564278,1774635789095829217,472196,1774635789096209664,right,ON,11.8,20.04
2026-03-27T18:23:09.112166+00:00,27.580615,1774635789112165917,472212,1774635789112301056,right,ON,11.9,20.21
2026-03-27T18:23:09.128642+00:00,27.597092,1774635789128642417,472228,1774635789128371456,right,ON,12.0,20.39
2026-03-27T18:23:09.143981+00:00,27.612430,1774635789143980617,472244,1774635789144377088,right,ON,12.1,20.57
2026-03-27T18:23:09.160501+00:00,27.628950,1774635789160501117,472260,1774635789160426752,right,ON,12.2,20.74
2026-03-27T18:23:09.177158+00:00,27.645607,1774635789177158217,472276,1774635789176522752,right,ON,12.4,21.01
2026-03-27T18:23:09.192309+00:00,27.660758,1774635789192309117,472292,1774635789192547328,right,ON,12.6,21.27
2026-03-27T18:23:09.208830+00:00,27.677279,1774635789208829617,472308,1774635789208610816,right,ON,12.6,21.27
2026-03-27T18:23:09.224115+00:00,27.692564,1774635789224115017,472324,1774635789224610048,right,ON,12.6,21.27
2026-03-27T18:23:09.240604+00:00,27.709053,1774635789240603717,472340,1774635789240643328,right,ON,12.6,21.27
2026-03-27T18:23:09.256952+00:00,27.725401,1774635789256951917,472356,1774635789256710144,right,ON,12.6,21.27
2026-03-27T18:23:09.272424+00:00,27.740874,1774635789272424417,472372,1774635789272724992,right,ON,12.6,21.27
2026-03-27T18:23:09.288944+00:00,27.757394,1774635789288944317,472388,1774635789288777472,right,ON,12.4,21.09
2026-03-27T18:23:09.305273+00:00,27.773722,1774635789305273017,472404,1774635789304860928,right,ON,12.2,20.74
2026-03-27T18:23:09.320743+00:00,27.789192,1774635789320742717,472420,1774635789320924928,right,ON,12.1,20.57
2026-03-27T18:23:09.337096+00:00,27.805545,1774635789337095617,472436,1774635789336982784,right,ON,12.0,20.48
2026-03-27T18:23:09.352603+00:00,27.821052,1774635789352602817,472452,1774635789352986624,right,ON,12.0,20.39
2026-03-27T18:23:09.368898+00:00,27.837347,1774635789368898017,472468,1774635789369020416,right,ON,11.9,20.3
2026-03-27T18:23:09.385494+00:00,27.853943,1774635789385494217,472484,1774635789385104128,right,ON,11.9,20.21
2026-03-27T18:23:09.400732+00:00,27.869181,1774635789400732117,472500,1774635789401112576,right,ON,11.8,20.13
2026-03-27T18:23:09.417255+00:00,27.885704,1774635789417254617,472516,1774635789417166080,right,ON,11.7,19.95
2026-03-27T18:23:09.433707+00:00,27.902156,1774635789433706917,472532,1774635789433251328,right,ON,11.5,19.6
2026-03-27T18:23:09.449097+00:00,27.917547,1774635789449097517,472548,1774635789449281536,right,ON,11.4,19.42
2026-03-27T18:23:09.465518+00:00,27.933967,1774635789465517717,472564,1774635789465340928,right,ON,11.3,19.34
2026-03-27T18:23:09.480889+00:00,27.949338,1774635789480888517,472580,1774635789481340928,right,ON,11.2,19.16
2026-03-27T18:23:09.497355+00:00,27.965805,1774635789497355417,472596,1774635789497385984,right,ON,11.2,19.16
2026-03-27T18:23:09.513729+00:00,27.982178,1774635789513729117,472612,1774635789513454336,right,ON,11.1,19.07
2026-03-27T18:23:09.529168+00:00,27.997617,1774635789529167917,472628,1774635789529470976,right,ON,11.0,18.81
2026-03-27T18:23:09.545548+00:00,28.013997,1774635789545547817,472644,1774635789545519104,right,ON,10.8,18.54
2026-03-27T18:23:09.562046+00:00,28.030495,1774635789562045917,472660,1774635789561609472,right,ON,10.7,18.37
2026-03-27T18:23:09.577389+00:00,28.045838,1774635789577388517,472676,1774635789577638144,right,ON,10.6,18.28
2026-03-27T18:23:09.593864+00:00,28.062313,1774635789593863917,472692,1774635789593698304,right,ON,10.6,18.28
2026-03-27T18:23:09.609404+00:00,28.077854,1774635789609404517,472708,1774635789609710848,right,ON,10.6,18.19
2026-03-27T18:23:09.625691+00:00,28.094140,1774635789625691017,472724,1774635789625747200,right,ON,10.6,18.28
2026-03-27T18:23:09.642151+00:00,28.110601,1774635789642151417,472740,1774635789641822976,right,ON,10.6,18.19
2026-03-27T18:23:09.657515+00:00,28.125964,1774635789657514417,472756,1774635789657832960,right,ON,10.6,18.19
2026-03-27T18:23:09.674001+00:00,28.142450,1774635789674000917,472772,1774635789673888256,right,ON,10.6,18.19
2026-03-27T18:23:09.690373+00:00,28.158822,1774635789690373017,472788,1774635789689972224,right,ON,10.5,18.11
2026-03-27T18:23:09.705822+00:00,28.174271,1774635789705821317,472804,1774635789706001920,right,ON,10.5,18.11
2026-03-27T18:23:09.722219+00:00,28.190668,1774635789722218517,472820,1774635789722067712,right,ON,10.5,18.11
2026-03-27T18:23:09.737613+00:00,28.206063,1774635789737613417,472836,1774635789738070784,right,ON,10.5,18.11
2026-03-27T18:23:09.754143+00:00,28.222593,1774635789754143517,472852,1774635789754114304,right,ON,10.5,18.11
2026-03-27T18:23:09.770449+00:00,28.238898,1774635789770449217,472868,1774635789770188800,right,ON,10.5,18.11
2026-03-27T18:23:09.785947+00:00,28.254397,1774635789785947517,472884,1774635789786206976,right,ON,10.5,18.11
2026-03-27T18:23:09.802309+00:00,28.270759,1774635789802309317,472900,1774635789802253056,right,ON,10.5,18.11
2026-03-27T18:23:09.819128+00:00,28.287577,1774635789819127517,472916,1774635789818361088,right,ON,10.5,18.11
2026-03-27T18:23:09.834108+00:00,28.302558,1774635789834108517,472932,1774635789834385408,right,ON,10.6,18.19
2026-03-27T18:23:09.850573+00:00,28.319022,1774635789850572917,472948,1774635789850446080,right,ON,10.6,18.19
2026-03-27T18:23:09.866050+00:00,28.334499,1774635789866049517,472964,1774635789866451456,right,ON,10.6,18.28
2026-03-27T18:23:09.882389+00:00,28.350839,1774635789882389317,472980,1774635789882483456,right,ON,10.7,18.37
2026-03-27T18:23:09.898829+00:00,28.367279,1774635789898829617,472996,1774635789898555904,right,ON,10.8,18.46
2026-03-27T18:23:09.914406+00:00,28.382856,1774635789914406517,473012,1774635789914575616,right,ON,10.8,18.54
2026-03-27T18:23:09.930624+00:00,28.399073,1774635789930623917,473028,1774635789930619904,right,ON,10.9,18.72
2026-03-27T18:23:09.947414+00:00,28.415863,1774635789947414117,473044,1774635789946726656,right,ON,11.1,19.07
2026-03-27T18:23:09.962509+00:00,28.430958,1774635789962508717,473060,1774635789962750976,right,ON,11.1,19.07
2026-03-27T18:23:09.979041+00:00,28.447490,1774635789979041017,473076,1774635789978834688,right,ON,11.3,19.34
2026-03-27T18:23:09.994356+00:00,28.462805,1774635789994355817,473092,1774635789994836224,right,ON,11.5,19.6
2026-03-27T18:23:10.010818+00:00,28.479267,1774635790010817717,473108,1774635790010877440,right,ON,11.8,20.13
2026-03-27T18:23:10.027174+00:00,28.495623,1774635790027173717,473124,1774635790026946304,right,ON,12.2,20.74
2026-03-27T18:23:10.042596+00:00,28.511045,1774635790042595817,473140,1774635790042960896,right,ON,13.1,22.06
2026-03-27T18:23:10.069684+00:00,28.538133,1774635790069684117,473156,1774635790059657728,right,ON,14.3,23.99
2026-03-27T18:23:10.075620+00:00,28.544069,1774635790075620217,473172,1774635790075737600,right,ON,16.2,26.98
2026-03-27T18:23:10.090954+00:00,28.559403,1774635790090953917,473188,1774635790091755008,right,ON,18.4,30.32
2026-03-27T18:23:10.107348+00:00,28.575797,1774635790107347717,473204,1774635790107802624,right,ON,20.0,32.87
2026-03-27T18:23:10.122789+00:00,28.591238,1774635790122788717,473220,1774635790123794176,right,ON,22.3,35.95
2026-03-27T18:23:10.139063+00:00,28.607512,1774635790139062417,473236,1774635790139808768,right,ON,23.7,37.97
2026-03-27T18:23:10.155629+00:00,28.624079,1774635790155629317,473252,1774635790155868928,right,ON,24.8,39.46
2026-03-27T18:23:10.170877+00:00,28.639327,1774635790170877417,473268,1774635790171857920,right,ON,25.9,40.87
2026-03-27T18:23:10.187546+00:00,28.655995,1774635790187546217,473284,1774635790187899904,right,ON,27.1,42.63
2026-03-27T18:23:10.203933+00:00,28.672382,1774635790203933117,473300,1774635790203981568,right,ON,27.7,43.42
2026-03-27T18:23:10.219351+00:00,28.687800,1774635790219350517,473316,1774635790219997440,right,ON,28.0,43.77
2026-03-27T18:23:10.235800+00:00,28.704250,1774635790235800317,473332,1774635790236052480,right,ON,28.1,43.95
2026-03-27T18:23:10.251081+00:00,28.719531,1774635790251081517,473348,1774635790252036864,right,ON,28.1,43.95
2026-03-27T18:23:10.267706+00:00,28.736155,1774635790267705917,473364,1774635790268070400,right,ON,28.2,44.12
2026-03-27T18:23:10.292664+00:00,28.761113,1774635790292663517,473380,1774635790284657408,right,ON,28.3,44.21
2026-03-27T18:23:10.299388+00:00,28.767838,1774635790299388517,473396,1774635790300644864,right,ON,28.4,44.3
2026-03-27T18:23:10.315959+00:00,28.784408,1774635790315958817,473412,1774635790316678912,right,ON,28.4,44.38
2026-03-27T18:23:10.332233+00:00,28.800682,1774635790332232817,473428,1774635790332735488,right,ON,28.5,44.47
2026-03-27T18:23:10.347672+00:00,28.816122,1774635790347672317,473444,1774635790348737280,right,ON,28.5,44.47
2026-03-27T18:23:10.364046+00:00,28.832495,1774635790364046017,473460,1774635790364768512,right,ON,28.5,44.47
2026-03-27T18:23:10.379661+00:00,28.848110,1774635790379660517,473476,1774635790380756480,right,ON,28.5,44.47
2026-03-27T18:23:10.395928+00:00,28.864378,1774635790395928317,473492,1774635790396765952,right,ON,28.6,44.56
2026-03-27T18:23:10.412511+00:00,28.880960,1774635790412510917,473508,1774635790412824832,right,ON,28.5,44.47
2026-03-27T18:23:10.427650+00:00,28.896099,1774635790427650117,473524,1774635790428803328,right,ON,28.5,44.47
2026-03-27T18:23:10.444268+00:00,28.912717,1774635790444267517,473540,1774635790444831488,right,ON,28.5,44.47
2026-03-27T18:23:10.460700+00:00,28.929149,1774635790460700117,473556,1774635790460895744,right,ON,28.5,44.47
2026-03-27T18:23:10.475966+00:00,28.944416,1774635790475966517,473572,1774635790476892160,right,ON,28.5,44.47
2026-03-27T18:23:10.502208+00:00,28.970658,1774635790502208417,473588,1774635790493522688,right,ON,28.5,44.47
2026-03-27T18:23:10.507815+00:00,28.976264,1774635790507814717,473604,1774635790509480704,right,ON,28.5,44.47
2026-03-27T18:23:10.524370+00:00,28.992819,1774635790524369717,473620,1774635790525482752,right,ON,28.5,44.47
2026-03-27T18:23:10.540585+00:00,29.009034,1774635790540585017,473636,1774635790541505536,right,ON,28.5,44.47
2026-03-27T18:23:10.556115+00:00,29.024565,1774635790556115317,473652,1774635790557477888,right,ON,28.6,44.56
2026-03-27T18:23:10.572399+00:00,29.040848,1774635790572398617,473668,1774635790573475072,right,ON,28.5,44.47
2026-03-27T18:23:10.589015+00:00,29.057465,1774635790589015417,473684,1774635790589521664,right,ON,28.6,44.56
2026-03-27T18:23:10.604373+00:00,29.072822,1774635790604372617,473700,1774635790605504000,right,ON,28.5,44.47
2026-03-27T18:23:10.620827+00:00,29.089276,1774635790620827217,473716,1774635790621524480,right,ON,28.5,44.47
2026-03-27T18:23:10.636372+00:00,29.104821,1774635790636371817,473732,1774635790637498880,right,ON,28.5,44.47
2026-03-27T18:23:10.652628+00:00,29.121077,1774635790652628017,473748,1774635790653493248,right,ON,28.5,44.47
2026-03-27T18:23:10.669082+00:00,29.137531,1774635790669082017,473764,1774635790669525760,right,ON,28.5,44.47
2026-03-27T18:23:10.684418+00:00,29.152867,1774635790684418217,473780,1774635790685493504,right,ON,28.6,44.56
2026-03-27T18:23:10.700946+00:00,29.169395,1774635790700946217,473796,1774635790701504512,right,ON,28.5,44.47
2026-03-27T18:23:10.725985+00:00,29.194434,1774635790725984817,473812,1774635790718074880,right,ON,28.5,44.47
2026-03-27T18:23:10.732744+00:00,29.201193,1774635790732743417,473828,1774635790734046720,right,ON,28.6,44.56
2026-03-27T18:23:10.749254+00:00,29.217703,1774635790749253817,473844,1774635790750057984,right,ON,28.5,44.47
2026-03-27T18:23:10.764586+00:00,29.233036,1774635790764586617,473860,1774635790766005248,right,ON,29.2,45.44
2026-03-27T18:23:10.781058+00:00,29.249507,1774635790781058217,473876,1774635790781993728,right,ON,30.9,47.64
2026-03-27T18:23:10.797401+00:00,29.265851,1774635790797401417,473892,1774635790798008320,right,ON,31.9,48.96
2026-03-27T18:23:10.812855+00:00,29.281305,1774635790812855617,473908,1774635790813969920,right,ON,32.6,49.83
2026-03-27T18:23:10.829279+00:00,29.297728,1774635790829279017,473924,1774635790829964288,right,ON,33.4,50.8
2026-03-27T18:23:10.845737+00:00,29.314186,1774635790845737017,473940,1774635790846007808,right,ON,34.1,51.68
2026-03-27T18:23:10.861075+00:00,29.329525,1774635790861075317,473956,1774635790861975552,right,ON,34.5,52.12
2026-03-27T18:23:10.877602+00:00,29.346051,1774635790877602117,473972,1774635790877985792,right,ON,34.8,52.56
2026-03-27T18:23:10.892912+00:00,29.361361,1774635790892911617,473988,1774635790893932800,right,ON,35.3,53.09
2026-03-27T18:23:10.909407+00:00,29.377856,1774635790909406817,474004,1774635790909916672,right,ON,35.3,53.09
2026-03-27T18:23:10.933377+00:00,29.401827,1774635790933377317,474020,1774635790926396672,right,ON,35.3,53.09
2026-03-27T18:23:10.941213+00:00,29.409663,1774635790941213517,474036,1774635790942349824,right,ON,35.3,53.09
2026-03-27T18:23:10.957768+00:00,29.426217,1774635790957767917,474052,1774635790958339328,right,ON,35.3,53.09
2026-03-27T18:23:10.974038+00:00,29.442487,1774635790974038117,474068,1774635790974365696,right,ON,35.3,53.09
2026-03-27T18:23:10.989558+00:00,29.458007,1774635790989558117,474084,1774635790990330624,right,ON,35.3,53.09
2026-03-27T18:23:11.005869+00:00,29.474319,1774635791005869317,474100,1774635791006326784,right,ON,35.3,53.09
2026-03-27T18:23:11.021383+00:00,29.489832,1774635791021383117,474116,1774635791022267904,right,ON,35.3,53.09
2026-03-27T18:23:11.037694+00:00,29.506143,1774635791037693617,474132,1774635791038237696,right,ON,35.3,53.09
2026-03-27T18:23:11.054319+00:00,29.522768,1774635791054319117,474148,1774635791054253056,right,ON,35.3,53.09
2026-03-27T18:23:11.069498+00:00,29.537947,1774635791069497617,474164,1774635791070195456,right,ON,35.3,53.09
2026-03-27T18:23:11.086168+00:00,29.554617,1774635791086167717,474180,1774635791086520832,right,ON,35.3,53.09
2026-03-27T18:23:11.102371+00:00,29.570820,1774635791102370717,474196,1774635791102555648,right,ON,35.3,53.09
2026-03-27T18:23:11.117909+00:00,29.586358,1774635791117908817,474212,1774635791118536960,right,ON,35.3,53.09
2026-03-27T18:23:11.134356+00:00,29.602805,1774635791134356117,474228,1774635791134553600,right,ON,35.3,53.09
2026-03-27T18:23:11.157426+00:00,29.625875,1774635791157426217,474244,1774635791150980352,right,ON,35.3,53.09
2026-03-27T18:23:11.166250+00:00,29.634699,1774635791166249417,474260,1774635791166961920,right,ON,35.1,52.91
2026-03-27T18:23:11.182508+00:00,29.650958,1774635791182508517,474276,1774635791182972672,right,ON,34.0,51.5
2026-03-27T18:23:11.198049+00:00,29.666498,1774635791198049017,474292,1774635791198927360,right,ON,32.1,49.13
2026-03-27T18:23:11.214339+00:00,29.682788,1774635791214338517,474308,1774635791214916352,right,ON,29.6,46.05
2026-03-27T18:23:11.230917+00:00,29.699366,1774635791230916717,474324,1774635791230948608,right,ON,27.7,43.33
2026-03-27T18:23:11.246190+00:00,29.714639,1774635791246189617,474340,1774635791246914048,right,ON,26.2,41.4
2026-03-27T18:23:11.262664+00:00,29.731113,1774635791262663817,474356,1774635791262918144,right,ON,25.0,39.64
2026-03-27T18:23:11.277949+00:00,29.746398,1774635791277948717,474372,1774635791278852096,right,ON,23.7,37.88
2026-03-27T18:23:11.294565+00:00,29.763015,1774635791294565417,474388,1774635791294839296,right,ON,22.0,35.6
2026-03-27T18:23:11.310799+00:00,29.779248,1774635791310799117,474404,1774635791311116288,right,ON,19.9,32.78
2026-03-27T18:23:11.326355+00:00,29.794804,1774635791326354317,474420,1774635791327084800,right,ON,18.1,29.88
2026-03-27T18:23:11.342635+00:00,29.811084,1774635791342634717,474436,1774635791343084032,right,ON,15.8,26.37
2026-03-27T18:23:11.366009+00:00,29.834458,1774635791366008517,474452,1774635791359538432,right,ON,13.9,23.38
2026-03-27T18:23:11.374497+00:00,29.842946,1774635791374496817,474468,1774635791375502336,right,ON,12.7,21.53
2026-03-27T18:23:11.391036+00:00,29.859485,1774635791391035817,474484,1774635791391506688,right,ON,11.7,19.86
2026-03-27T18:23:11.406442+00:00,29.874891,1774635791406441817,474500,1774635791407458560,right,ON,10.4,17.84
2026-03-27T18:23:11.422815+00:00,29.891264,1774635791422815117,474516,1774635791423437568,right,ON,8.8,15.29
2026-03-27T18:23:11.439326+00:00,29.907775,1774635791439325817,474532,1774635791439461632,right,ON,6.9,11.87
2026-03-27T18:23:11.454636+00:00,29.923085,1774635791454636217,474548,1774635791455412736,right,ON,5.1,8.79
2026-03-27T18:23:11.471122+00:00,29.939571,1774635791471121617,474564,1774635791471408384,right,ON,3.6,6.15
2026-03-27T18:23:11.487485+00:00,29.955935,1774635791487485317,474580,1774635791487435776,right,ON,2.1,3.69
2026-03-27T18:23:11.502936+00:00,29.971386,1774635791502936317,474596,1774635791503402752,right,ON,1.0,1.67
2026-03-27T18:23:11.519345+00:00,29.987794,1774635791519344917,474612,1774635791519710208,right,ON,0.8,1.41
2026-03-27T18:23:11.534761+00:00,30.003210,1774635791534760617,474628,1774635791535667200,right,ON,0.9,1.49
2026-03-27T18:23:11.551076+00:00,30.019526,1774635791551076417,474644,1774635791551656448,right,ON,0.8,1.41
2026-03-27T18:23:11.567669+00:00,30.036119,1774635791567669317,474660,1774635791567684864,right,ON,0.9,1.49
2026-03-27T18:23:11.582908+00:00,30.051357,1774635791582908217,474676,1774635791583647744,right,ON,0.8,1.41
2026-03-27T18:23:11.605955+00:00,30.074404,1774635791605954617,474692,1774635791600045568,right,ON,0.9,1.49
2026-03-27T18:23:11.615965+00:00,30.084414,1774635791615964617,474708,1774635791616083456,right,ON,0.9,1.49
2026-03-27T18:23:11.631357+00:00,30.099806,1774635791631356617,474724,1774635791632059392,right,ON,0.9,1.49
2026-03-27T18:23:11.647765+00:00,30.116215,1774635791647765617,474740,1774635791648070400,right,ON,0.9,1.49
2026-03-27T18:23:11.663105+00:00,30.131555,1774635791663105417,474756,1774635791664022784,right,ON,0.8,1.41
2026-03-27T18:23:11.679534+00:00,30.147983,1774635791679533817,474772,1774635791680005376,right,ON,0.8,1.41
2026-03-27T18:23:11.695930+00:00,30.164379,1774635791695929917,474788,1774635791696022016,right,ON,0.9,1.49
2026-03-27T18:23:11.711384+00:00,30.179833,1774635791711384117,474804,1774635791711980544,right,ON,0.9,1.49
2026-03-27T18:23:11.727805+00:00,30.196254,1774635791727805217,474820,1774635791727976960,right,ON,0.9,1.49
2026-03-27T18:23:11.744319+00:00,30.212769,1774635791744319317,474836,1774635791744283136,right,ON,0.9,1.49
2026-03-27T18:23:11.759767+00:00,30.228216,1774635791759766717,474852,1774635791760274944,right,ON,0.8,1.41
2026-03-27T18:23:11.776091+00:00,30.244540,1774635791776091117,474868,1774635791776297984,right,ON,0.8,1.41
2026-03-27T18:23:11.791616+00:00,30.260066,1774635791791616517,474884,1774635791792267520,right,ON,0.8,1.41
2026-03-27T18:23:11.807838+00:00,30.276287,1774635791807837717,474900,1774635791808260352,right,ON,0.8,1.41
2026-03-27T18:23:11.830219+00:00,30.298668,1774635791830218917,474916,1774635791824649984,right,ON,0.8,1.41
2026-03-27T18:23:11.839724+00:00,30.308173,1774635791839723617,474932,1774635791840613120,right,ON,0.9,1.49
2026-03-27T18:23:11.856259+00:00,30.324709,1774635791856259317,474948,1774635791856617984,right,ON,0.8,1.41
2026-03-27T18:23:11.872494+00:00,30.340943,1774635791872493517,474964,1774635791872647168,right,ON,0.8,1.41
2026-03-27T18:23:11.888064+00:00,30.356514,1774635791888064317,474980,1774635791888625408,right,ON,0.9,1.49
2026-03-27T18:23:11.904404+00:00,30.372854,1774635791904404317,474996,1774635791904636928,right,ON,0.9,1.49
2026-03-27T18:23:11.919905+00:00,30.388355,1774635791919905517,475012,1774635791920591872,right,ON,0.8,1.41
2026-03-27T18:23:11.936228+00:00,30.404677,1774635791936227817,475028,1774635791936578048,right,ON,0.9,1.49
2026-03-27T18:23:11.952737+00:00,30.421186,1774635791952737117,475044,1774635791952840192,right,ON,0.9,1.49
2026-03-27T18:23:11.968307+00:00,30.436756,1774635791968306817,475060,1774635791968827648,right,ON,0.9,1.49
2026-03-27T18:23:11.984478+00:00,30.452927,1774635791984477417,475076,1774635791984838400,right,ON,0.8,1.41
2026-03-27T18:23:12.001054+00:00,30.469503,1774635792001053817,475092,1774635792000888832,right,ON,0.9,1.49
2026-03-27T18:23:12.016792+00:00,30.485241,1774635792016792217,475108,1774635792016903936,right,ON,0.9,1.49
2026-03-27T18:23:12.038827+00:00,30.507276,1774635792038826917,475124,1774635792033292800,right,ON,0.9,1.49
2026-03-27T18:23:12.048187+00:00,30.516637,1774635792048187417,475140,1774635792049248000,right,ON,0.9,1.49
2026-03-27T18:23:12.064681+00:00,30.533130,1774635792064681117,475156,1774635792065238784,right,ON,0.9,1.49
2026-03-27T18:23:12.081061+00:00,30.549511,1774635792081061317,475172,1774635792081268224,right,ON,0.9,1.49
2026-03-27T18:23:12.096558+00:00,30.565007,1774635792096558117,475188,1774635792097237248,right,ON,0.9,1.49
2026-03-27T18:23:12.112942+00:00,30.581392,1774635792112942317,475204,1774635792113246464,right,ON,0.9,1.58
2026-03-27T18:23:12.129341+00:00,30.597791,1774635792129341517,475220,1774635792129282048,right,ON,1.1,1.93
2026-03-27T18:23:12.144792+00:00,30.613241,1774635792144792017,475236,1774635792145265664,right,ON,1.4,2.46
2026-03-27T18:23:12.161219+00:00,30.629669,1774635792161219417,475252,1774635792161284864,right,ON,1.7,2.9
2026-03-27T18:23:12.176601+00:00,30.645050,1774635792176601217,475268,1774635792177483520,right,ON,2.1,3.69
2026-03-27T18:23:12.192981+00:00,30.661430,1774635792192981017,475284,1774635792193487872,right,ON,2.7,4.75
2026-03-27T18:23:12.209478+00:00,30.677928,1774635792209478417,475300,1774635792209526784,right,ON,3.6,6.15
2026-03-27T18:23:12.224806+00:00,30.693255,1774635792224805717,475316,1774635792225505792,right,ON,4.5,7.73
2026-03-27T18:23:12.241331+00:00,30.709780,1774635792241330817,475332,1774635792241521920,right,ON,5.7,9.84
2026-03-27T18:23:12.262842+00:00,30.731291,1774635792262841517,475348,1774635792257888512,right,ON,6.8,11.78
2026-03-27T18:23:12.273088+00:00,30.741537,1774635792273087417,475364,1774635792273869824,right,ON,7.7,13.36
2026-03-27T18:23:12.289659+00:00,30.758108,1774635792289658917,475380,1774635792289896192,right,ON,8.7,15.03
2026-03-27T18:23:12.304915+00:00,30.773365,1774635792304915517,475396,1774635792305850624,right,ON,9.8,16.96
2026-03-27T18:23:12.321446+00:00,30.789895,1774635792321446017,475412,1774635792321852672,right,ON,11.5,19.69
2026-03-27T18:23:12.337834+00:00,30.806283,1774635792337834017,475428,1774635792337881344,right,ON,13.5,22.76
2026-03-27T18:23:12.353328+00:00,30.821777,1774635792353328017,475444,1774635792353860864,right,ON,15.7,26.1
2026-03-27T18:23:12.369626+00:00,30.838076,1774635792369626417,475460,1774635792369863168,right,ON,18.2,30.06
2026-03-27T18:23:12.386068+00:00,30.854517,1774635792386068117,475476,1774635792386118400,right,ON,21.0,34.28
2026-03-27T18:23:12.401616+00:00,30.870065,1774635792401616217,475492,1774635792402117120,right,ON,24.0,38.32
2026-03-27T18:23:12.418077+00:00,30.886526,1774635792418076317,475508,1774635792418156288,right,ON,27.4,42.98
2026-03-27T18:23:12.433478+00:00,30.901927,1774635792433477817,475524,1774635792434136064,right,ON,31.1,47.9
2026-03-27T18:23:12.449722+00:00,30.918171,1774635792449722017,475540,1774635792450137600,right,ON,35.7,53.61
2026-03-27T18:23:12.470501+00:00,30.938950,1774635792470500917,475556,1774635792466443264,right,ON,40.4,59.5
2026-03-27T18:23:12.481525+00:00,30.949975,1774635792481525317,475572,1774635792482412800,right,ON,44.3,64.25
2026-03-27T18:23:12.498112+00:00,30.966561,1774635792498111617,475588,1774635792498429440,right,ON,47.3,67.94
2026-03-27T18:23:12.514408+00:00,30.982857,1774635792514407817,475604,1774635792514470912,right,ON,49.5,70.66
2026-03-27T18:23:12.529948+00:00,30.998397,1774635792529948117,475620,1774635792530462976,right,ON,51.3,72.95
2026-03-27T18:23:12.546454+00:00,31.014903,1774635792546453817,475636,1774635792546494720,right,ON,53.2,75.41
2026-03-27T18:23:12.561757+00:00,31.030206,1774635792561757217,475652,1774635792562460672,right,ON,54.9,77.52
2026-03-27T18:23:12.578292+00:00,31.046741,1774635792578292217,475668,1774635792578465024,right,ON,56.0,78.93
2026-03-27T18:23:12.594602+00:00,31.063051,1774635792594601617,475684,1774635792594502400,right,ON,56.3,79.37
2026-03-27T18:23:12.610046+00:00,31.078496,1774635792610046517,475700,1774635792610477568,right,ON,56.5,79.63
2026-03-27T18:23:12.626426+00:00,31.094875,1774635792626425517,475716,1774635792626691840,right,ON,56.9,80.07
2026-03-27T18:23:12.642869+00:00,31.111319,1774635792642869317,475732,1774635792642750976,right,ON,57.4,80.77
2026-03-27T18:23:12.658259+00:00,31.126708,1774635792658258717,475748,1774635792658749440,right,ON,58.1,81.56
2026-03-27T18:23:12.674779+00:00,31.143229,1774635792674779317,475764,1774635792674788608,right,ON,58.4,82.0
2026-03-27T18:23:12.695362+00:00,31.163811,1774635792695361417,475780,1774635792691082496,right,ON,58.4,82.0
2026-03-27T18:23:12.706562+00:00,31.175011,1774635792706561917,475796,1774635792707084544,right,ON,58.7,82.35
2026-03-27T18:23:12.723089+00:00,31.191538,1774635792723088817,475812,1774635792723127040,right,ON,59.0,82.71
2026-03-27T18:23:12.738420+00:00,31.206869,1774635792738420117,475828,1774635792739107072,right,ON,59.0,82.71
2026-03-27T18:23:12.754848+00:00,31.223298,1774635792754848317,475844,1774635792755121920,right,ON,58.9,82.62
2026-03-27T18:23:12.771245+00:00,31.239694,1774635792771244417,475860,1774635792771172864,right,ON,59.0,82.71
2026-03-27T18:23:12.786693+00:00,31.255142,1774635792786692717,475876,1774635792787168512,right,ON,59.0,82.71
2026-03-27T18:23:12.803045+00:00,31.271494,1774635792803044917,475892,1774635792803191296,right,ON,58.9,82.62
2026-03-27T18:23:12.818502+00:00,31.286952,1774635792818502417,475908,1774635792819162112,right,ON,59.0,82.71
2026-03-27T18:23:12.834875+00:00,31.303324,1774635792834874817,475924,1774635792835158528,right,ON,59.0,82.71
2026-03-27T18:23:12.851336+00:00,31.319785,1774635792851335717,475940,1774635792851377920,right,ON,59.0,82.71
2026-03-27T18:23:12.866738+00:00,31.335187,1774635792866738217,475956,1774635792867362048,right,ON,59.0,82.71
2026-03-27T18:23:12.883146+00:00,31.351595,1774635792883146017,475972,1774635792883383552,right,ON,59.0,82.71
2026-03-27T18:23:12.902636+00:00,31.371085,1774635792902636117,475988,1774635792899621376,right,ON,58.9,82.62
2026-03-27T18:23:12.915015+00:00,31.383464,1774635792915014817,476004,1774635792915615488,right,ON,59.0,82.71
2026-03-27T18:23:12.931551+00:00,31.400001,1774635792931551517,476020,1774635792931649024,right,ON,59.0,82.71
2026-03-27T18:23:12.946816+00:00,31.415265,1774635792946815717,476036,1774635792947617536,right,ON,58.9,82.62
2026-03-27T18:23:12.963347+00:00,31.431796,1774635792963346917,476052,1774635792963624192,right,ON,59.0,82.71
2026-03-27T18:23:12.979633+00:00,31.448082,1774635792979633117,476068,1774635792979660032,right,ON,58.9,82.62
2026-03-27T18:23:12.995158+00:00,31.463607,1774635792995158117,476084,1774635792995649024,right,ON,59.0,82.71
2026-03-27T18:23:13.011469+00:00,31.479918,1774635793011468417,476100,1774635793011657984,right,ON,59.0,82.71
2026-03-27T18:23:13.027978+00:00,31.496427,1774635793027978117,476116,1774635793027712256,right,ON,59.0,82.71
2026-03-27T18:23:13.043437+00:00,31.511886,1774635793043436417,476132,1774635793043720704,right,ON,58.9,82.62
2026-03-27T18:23:13.059789+00:00,31.528238,1774635793059789017,476148,1774635793059935232,right,ON,59.0,82.71
2026-03-27T18:23:13.075314+00:00,31.543763,1774635793075314017,476164,1774635793075918080,right,ON,59.0,82.71
2026-03-27T18:23:13.091628+00:00,31.560077,1774635793091628017,476180,1774635793091930880,right,ON,58.9,82.62
2026-03-27T18:23:13.108154+00:00,31.576603,1774635793108154017,476196,1774635793107983360,right,ON,58.9,82.62
2026-03-27T18:23:13.123534+00:00,31.591983,1774635793123534017,476212,1774635793123977984,right,ON,58.9,82.62
2026-03-27T18:23:13.143054+00:00,31.611503,1774635793143053717,476228,1774635793140194816,right,ON,58.9,82.62
2026-03-27T18:23:13.156358+00:00,31.624807,1774635793156358217,476244,1774635793156251392,right,ON,59.0,82.71
2026-03-27T18:23:13.171757+00:00,31.640206,1774635793171756617,476260,1774635793172249088,right,ON,58.9,82.62
2026-03-27T18:23:13.188075+00:00,31.656524,1774635793188074417,476276,1774635793188275712,right,ON,58.9,82.62
2026-03-27T18:23:13.203603+00:00,31.672052,1774635793203603017,476292,1774635793204249856,right,ON,59.0,82.71
2026-03-27T18:23:13.220071+00:00,31.688520,1774635793220071117,476308,1774635793220260096,right,ON,59.0,82.71
2026-03-27T18:23:13.236438+00:00,31.704887,1774635793236437917,476324,1774635793236303872,right,ON,58.9,82.62
2026-03-27T18:23:13.251890+00:00,31.720340,1774635793251890417,476340,1774635793252289280,right,ON,58.9,82.62
2026-03-27T18:23:13.268237+00:00,31.736686,1774635793268237117,476356,1774635793268307456,right,ON,58.9,82.62
2026-03-27T18:23:13.284716+00:00,31.753165,1774635793284716217,476372,1774635793284522752,right,ON,58.9,82.62
2026-03-27T18:23:13.300073+00:00,31.768522,1774635793300072717,476388,1774635793300522240,right,ON,59.0,82.71
2026-03-27T18:23:13.316529+00:00,31.784978,1774635793316528717,476404,1774635793316562944,right,ON,58.9,82.62
2026-03-27T18:23:13.332037+00:00,31.800486,1774635793332036917,476420,1774635793332546560,right,ON,59.0,82.71
2026-03-27T18:23:13.348320+00:00,31.816770,1774635793348320617,476436,1774635793348559360,right,ON,59.0,82.71
2026-03-27T18:23:13.366384+00:00,31.834834,1774635793366384417,476452,1774635793364706304,right,ON,58.9,82.62
2026-03-27T18:23:13.380123+00:00,31.848572,1774635793380122617,476468,1774635793380692480,right,ON,59.0,82.71
2026-03-27T18:23:13.396674+00:00,31.865123,1774635793396674017,476484,1774635793396718080,right,ON,59.0,82.71
2026-03-27T18:23:13.413125+00:00,31.881574,1774635793413125117,476500,1774635793412780032,right,ON,58.9,82.62
2026-03-27T18:23:13.428895+00:00,31.897344,1774635793428894917,476516,1774635793428809984,right,ON,58.8,82.53
2026-03-27T18:23:13.444939+00:00,31.913388,1774635793444938717,476532,1774635793444851968,right,ON,58.8,82.53
2026-03-27T18:23:13.460299+00:00,31.928748,1774635793460299117,476548,1774635793460832000,right,ON,58.8,82.53
2026-03-27T18:23:13.476744+00:00,31.945193,1774635793476743717,476564,1774635793476842752,right,ON,58.8,82.53
2026-03-27T18:23:13.493268+00:00,31.961717,1774635793493267717,476580,1774635793493030656,right,ON,58.8,82.44
2026-03-27T18:23:13.508568+00:00,31.977017,1774635793508568017,476596,1774635793509022208,right,ON,58.8,82.44
2026-03-27T18:23:13.524958+00:00,31.993408,1774635793524958517,476612,1774635793525051392,right,ON,58.7,82.35
2026-03-27T18:23:13.541525+00:00,32.009974,1774635793541524917,476628,1774635793541120000,right,ON,58.8,82.44
2026-03-27T18:23:13.556810+00:00,32.025260,1774635793556810317,476644,1774635793557126400,right,ON,58.7,82.35
2026-03-27T18:23:13.574961+00:00,32.043411,1774635793574961317,476660,1774635793573275904,right,ON,58.6,82.18
2026-03-27T18:23:13.588675+00:00,32.057125,1774635793588675417,476676,1774635793589257472,right,ON,58.3,81.83
2026-03-27T18:23:13.605173+00:00,32.073622,1774635793605172717,476692,1774635793605282048,right,ON,57.9,81.39
2026-03-27T18:23:13.621571+00:00,32.090020,1774635793621570917,476708,1774635793621336064,right,ON,57.7,81.12
2026-03-27T18:23:13.636970+00:00,32.105419,1774635793636970017,476724,1774635793637332224,right,ON,57.7,81.12
2026-03-27T18:23:13.653392+00:00,32.121842,1774635793653392417,476740,1774635793653361408,right,ON,57.7,81.12
2026-03-27T18:23:13.669818+00:00,32.138267,1774635793669817517,476756,1774635793669426432,right,ON,57.7,81.12
2026-03-27T18:23:13.685186+00:00,32.153636,1774635793685186317,476772,1774635793685429504,right,ON,57.7,81.04
2026-03-27T18:23:13.701767+00:00,32.170216,1774635793701767117,476788,1774635793701480192,right,ON,57.4,80.68
2026-03-27T18:23:13.717069+00:00,32.185518,1774635793717069117,476804,1774635793717626624,right,ON,57.0,80.16
2026-03-27T18:23:13.733562+00:00,32.202011,1774635793733561917,476820,1774635793733657088,right,ON,56.5,79.63
2026-03-27T18:23:13.749822+00:00,32.218272,1774635793749822517,476836,1774635793749715456,right,ON,56.1,79.01
2026-03-27T18:23:13.765376+00:00,32.233825,1774635793765376217,476852,1774635793765721344,right,ON,55.6,78.4
2026-03-27T18:23:13.781791+00:00,32.250240,1774635793781790617,476868,1774635793781762048,right,ON,55.0,77.7
2026-03-27T18:23:13.799100+00:00,32.267549,1774635793799100217,476884,1774635793797890560,right,ON,54.4,76.9
2026-03-27T18:23:13.813565+00:00,32.282014,1774635793813565117,476900,1774635793813902848,right,ON,53.8,76.2
2026-03-27T18:23:13.830114+00:00,32.298563,1774635793830113717,476916,1774635793829955328,right,ON,53.0,75.15
2026-03-27T18:23:13.845399+00:00,32.313849,1774635793845399417,476932,1774635793845943040,right,ON,52.0,73.83
2026-03-27T18:23:13.861891+00:00,32.330340,1774635793861890917,476948,1774635793861967872,right,ON,50.7,72.16
2026-03-27T18:23:13.878229+00:00,32.346678,1774635793878229017,476964,1774635793878023680,right,ON,49.0,70.05
2026-03-27T18:23:13.893686+00:00,32.362135,1774635793893686117,476980,1774635793894023424,right,ON,47.1,67.76
2026-03-27T18:23:13.910222+00:00,32.378671,1774635793910222217,476996,1774635793910064128,right,ON,45.0,65.21
2026-03-27T18:23:13.926595+00:00,32.395045,1774635793926595317,477012,1774635793926232832,right,ON,43.2,62.93
2026-03-27T18:23:13.942029+00:00,32.410478,1774635793942029117,477028,1774635793942253312,right,ON,41.5,60.82
2026-03-27T18:23:13.958314+00:00,32.426763,1774635793958313917,477044,1774635793958303744,right,ON,39.7,58.62
2026-03-27T18:23:13.973833+00:00,32.442282,1774635793973832917,477060,1774635793974297856,right,ON,37.9,56.43
2026-03-27T18:23:13.990131+00:00,32.458580,1774635793990131017,477076,1774635793990322432,right,ON,35.4,53.26
2026-03-27T18:23:14.007520+00:00,32.475969,1774635794007520217,477092,1774635794006436608,right,ON,31.9,48.87
2026-03-27T18:23:14.022100+00:00,32.490549,1774635794022099817,477108,1774635794022444032,right,ON,27.3,42.8
2026-03-27T18:23:14.038444+00:00,32.506893,1774635794038443917,477124,1774635794038477568,right,ON,20.3,33.22
2026-03-27T18:23:14.054939+00:00,32.523388,1774635794054938517,477140,1774635794054553088,right,ON,13.0,21.97
2026-03-27T18:23:14.070281+00:00,32.538730,1774635794070280517,477156,1774635794070567168,right,ON,12.6,21.27
2026-03-27T18:23:14.086768+00:00,32.555217,1774635794086768017,477172,1774635794086617856,right,ON,12.0,20.39
2026-03-27T18:23:14.102079+00:00,32.570529,1774635794102079417,477188,1774635794102607360,right,ON,10.6,18.19
2026-03-27T18:23:14.118655+00:00,32.587104,1774635794118655017,477204,1774635794118638080,right,ON,9.0,15.56
2026-03-27T18:23:14.134869+00:00,32.603318,1774635794134869017,477220,1774635794134693632,right,ON,8.2,14.24
2026-03-27T18:23:14.150380+00:00,32.618829,1774635794150380117,477236,1774635794150696192,right,ON,7.8,13.54
2026-03-27T18:23:14.166795+00:00,32.635245,1774635794166795317,477252,1774635794166829824,right,ON,7.6,13.1
2026-03-27T18:23:14.183218+00:00,32.651667,1774635794183218217,477268,1774635794182905600,right,ON,7.4,12.83
2026-03-27T18:23:14.198730+00:00,32.667180,1774635794198730317,477284,1774635794198928896,right,ON,7.3,12.57
2026-03-27T18:23:14.215027+00:00,32.683476,1774635794215026817,477300,1774635794214975488,right,ON,7.1,12.3
2026-03-27T18:23:14.230495+00:00,32.698944,1774635794230494617,477316,1774635794230970880,right,ON,7.0,12.04
2026-03-27T18:23:14.246882+00:00,32.715331,1774635794246882217,477332,1774635794247000320,right,ON,6.9,11.87
2026-03-27T18:23:14.263326+00:00,32.731775,1774635794263325617,477348,1774635794263064064,right,ON,6.8,11.78
2026-03-27T18:23:14.278775+00:00,32.747224,1774635794278775117,477364,1774635794279073024,right,ON,6.7,11.6
2026-03-27T18:23:14.295141+00:00,32.763590,1774635794295141017,477380,1774635794295111168,right,ON,6.6,11.43
2026-03-27T18:23:14.311597+00:00,32.780046,1774635794311596717,477396,1774635794311187712,right,ON,6.6,11.43
2026-03-27T18:23:14.326934+00:00,32.795383,1774635794326934217,477412,1774635794327199488,right,ON,6.6,11.34
2026-03-27T18:23:14.343612+00:00,32.812062,1774635794343612417,477428,1774635794343262976,right,ON,6.6,11.34
2026-03-27T18:23:14.358949+00:00,32.827398,1774635794358949017,477444,1774635794359266048,right,ON,6.6,11.34
2026-03-27T18:23:14.375340+00:00,32.843790,1774635794375340617,477460,1774635794375297792,right,ON,6.6,11.34
2026-03-27T18:23:14.391705+00:00,32.860155,1774635794391705317,477476,1774635794391411968,right,ON,6.6,11.34
2026-03-27T18:23:14.407017+00:00,32.875466,1774635794407016517,477492,1774635794407411456,right,ON,6.6,11.34
2026-03-27T18:23:14.423508+00:00,32.891958,1774635794423508417,477508,1774635794423453952,right,ON,6.6,11.34
2026-03-27T18:23:14.440094+00:00,32.908543,1774635794440093717,477524,1774635794439542272,right,ON,6.6,11.34
2026-03-27T18:23:14.455322+00:00,32.923771,1774635794455321717,477540,1774635794455571968,right,ON,6.6,11.34
2026-03-27T18:23:14.471899+00:00,32.940348,1774635794471898917,477556,1774635794471634688,right,ON,6.6,11.34
2026-03-27T18:23:14.487213+00:00,32.955662,1774635794487213017,477572,1774635794487631360,right,ON,6.6,11.34
2026-03-27T18:23:14.503673+00:00,32.972122,1774635794503673117,477588,1774635794503665920,right,ON,6.5,11.25
2026-03-27T18:23:14.519988+00:00,32.988437,1774635794519988217,477604,1774635794519731712,right,ON,6.6,11.34
2026-03-27T18:23:14.535500+00:00,33.003949,1774635794535499717,477620,1774635794535741696,right,ON,6.5,11.25
2026-03-27T18:23:14.551989+00:00,33.020438,1774635794551989117,477636,1774635794551790080,right,ON,6.5,11.25
2026-03-27T18:23:14.568299+00:00,33.036749,1774635794568299317,477652,1774635794567870208,right,ON,6.5,11.25
2026-03-27T18:23:14.583845+00:00,33.052294,1774635794583844817,477668,1774635794583896576,right,ON,6.5,11.16
2026-03-27T18:23:14.600074+00:00,33.068523,1774635794600073517,477684,1774635794599999488,right,ON,6.5,11.25
2026-03-27T18:23:14.615575+00:00,33.084024,1774635794615575217,477700,1774635794615999232,right,ON,6.5,11.16
2026-03-27T18:23:14.631918+00:00,33.100367,1774635794631917717,477716,1774635794632030976,right,ON,6.5,11.16
2026-03-27T18:23:14.648399+00:00,33.116849,1774635794648399417,477732,1774635794648100864,right,ON,6.5,11.16
2026-03-27T18:23:14.663991+00:00,33.132441,1774635794663991317,477748,1774635794664122880,right,ON,6.5,11.16
2026-03-27T18:23:14.680720+00:00,33.149169,1774635794680720117,477764,1774635794680198144,right,ON,6.5,11.25
2026-03-27T18:23:14.696699+00:00,33.165148,1774635794696699117,477780,1774635794696280576,right,ON,6.5,11.25
2026-03-27T18:23:14.712055+00:00,33.180504,1774635794712054817,477796,1774635794712300032,right,ON,6.5,11.25
2026-03-27T18:23:14.728576+00:00,33.197025,1774635794728575917,477812,1774635794728365056,right,ON,6.5,11.25
2026-03-27T18:23:14.743998+00:00,33.212447,1774635794743997917,477828,1774635794744369152,right,ON,6.5,11.16
2026-03-27T18:23:14.760367+00:00,33.228816,1774635794760367017,477844,1774635794760406784,right,ON,6.5,11.25
2026-03-27T18:23:14.776829+00:00,33.245278,1774635794776828717,477860,1774635794776476928,right,ON,6.5,11.25
2026-03-27T18:23:14.792163+00:00,33.260612,1774635794792163117,477876,1774635794792487936,right,ON,6.5,11.25
2026-03-27T18:23:14.808638+00:00,33.277087,1774635794808637817,477892,1774635794808536832,right,ON,6.5,11.25
2026-03-27T18:23:14.825069+00:00,33.293518,1774635794825069117,477908,1774635794824648960,right,ON,6.5,11.25
2026-03-27T18:23:14.840421+00:00,33.308870,1774635794840420717,477924,1774635794840670720,right,ON,6.5,11.25
2026-03-27T18:23:14.856983+00:00,33.325432,1774635794856982717,477940,1774635794856739584,right,ON,6.5,11.16
2026-03-27T18:23:14.872286+00:00,33.340735,1774635794872285917,477956,1774635794872739840,right,ON,6.5,11.25
2026-03-27T18:23:14.888840+00:00,33.357290,1774635794888840517,477972,1774635794888784896,right,ON,6.5,11.16
2026-03-27T18:23:14.905200+00:00,33.373649,1774635794905199817,477988,1774635794904858112,right,ON,6.4,11.07
2026-03-27T18:23:14.920608+00:00,33.389058,1774635794920608317,478004,1774635794920874496,right,ON,6.4,10.99
2026-03-27T18:23:14.936897+00:00,33.405346,1774635794936896417,478020,1774635794936920576,right,ON,6.3,10.81
2026-03-27T18:23:14.953450+00:00,33.421899,1774635794953450117,478036,1774635794953008128,right,ON,6.3,10.81
2026-03-27T18:23:14.968903+00:00,33.437352,1774635794968903017,478052,1774635794969040896,right,ON,6.2,10.63
2026-03-27T18:23:14.985323+00:00,33.453772,1774635794985323017,478068,1774635794985103616,right,ON,6.0,10.46
2026-03-27T18:23:15.000699+00:00,33.469149,1774635795000699317,478084,1774635795001108992,right,ON,5.9,10.28
2026-03-27T18:23:15.017045+00:00,33.485494,1774635795017044917,478100,1774635795017140992,right,ON,5.9,10.2
2026-03-27T18:23:15.033652+00:00,33.502101,1774635795033651717,478116,1774635795033248768,right,ON,5.8,10.02
2026-03-27T18:23:15.048894+00:00,33.517343,1774635795048893817,478132,1774635795049263360,right,ON,5.8,10.02
2026-03-27T18:23:15.065372+00:00,33.533821,1774635795065371617,478148,1774635795065313536,right,ON,5.7,9.93
2026-03-27T18:23:15.081860+00:00,33.550310,1774635795081860317,478164,1774635795081404672,right,ON,5.7,9.93
2026-03-27T18:23:15.097273+00:00,33.565722,1774635795097272517,478180,1774635795097435392,right,ON,5.7,9.93
2026-03-27T18:23:15.113686+00:00,33.582135,1774635795113686017,478196,1774635795113501952,right,ON,5.7,9.93
2026-03-27T18:23:15.128989+00:00,33.597439,1774635795128989417,478212,1774635795129500416,right,ON,5.8,10.02
2026-03-27T18:23:15.145458+00:00,33.613908,1774635795145458417,478228,1774635795145541376,right,ON,5.8,10.11
2026-03-27T18:23:15.161791+00:00,33.630240,1774635795161790917,478244,1774635795161605120,right,ON,5.9,10.2
2026-03-27T18:23:15.177306+00:00,33.645755,1774635795177305517,478260,1774635795177619968,right,ON,5.9,10.28
2026-03-27T18:23:15.193804+00:00,33.662254,1774635795193804317,478276,1774635795193673984,right,ON,6.1,10.55
2026-03-27T18:23:15.210111+00:00,33.678561,1774635795210111417,478292,1774635795209755392,right,ON,6.3,10.81
2026-03-27T18:23:15.225618+00:00,33.694067,1774635795225618217,478308,1774635795225787648,right,ON,6.4,10.99
2026-03-27T18:23:15.241906+00:00,33.710356,1774635795241906417,478324,1774635795241842432,right,ON,6.5,11.16
2026-03-27T18:23:15.257420+00:00,33.725869,1774635795257419617,478340,1774635795257846528,right,ON,6.5,11.25
2026-03-27T18:23:15.273897+00:00,33.742347,1774635795273897417,478356,1774635795273888000,right,ON,6.6,11.34
2026-03-27T18:23:15.290291+00:00,33.758740,1774635795290290717,478372,1774635795289962496,right,ON,6.5,11.25
2026-03-27T18:23:15.305725+00:00,33.774174,1774635795305724917,478388,1774635795305981440,right,ON,6.5,11.25
2026-03-27T18:23:15.322092+00:00,33.790541,1774635795322091817,478404,1774635795322029824,right,ON,6.5,11.25
2026-03-27T18:23:15.338591+00:00,33.807040,1774635795338590917,478420,1774635795338118656,right,ON,6.5,11.25
2026-03-27T18:23:15.353884+00:00,33.822333,1774635795353884117,478436,1774635795354139136,right,ON,6.5,11.25
2026-03-27T18:23:15.370320+00:00,33.838769,1774635795370320117,478452,1774635795370203648,right,ON,6.5,11.25
2026-03-27T18:23:15.385778+00:00,33.854227,1774635795385777817,478468,1774635795386209792,right,ON,6.5,11.25
2026-03-27T18:23:15.402190+00:00,33.870639,1774635795402190017,478484,1774635795402249728,right,ON,6.5,11.16
2026-03-27T18:23:15.418663+00:00,33.887112,1774635795418662917,478500,1774635795418325504,right,ON,6.5,11.25
2026-03-27T18:23:15.434050+00:00,33.902499,1774635795434049517,478516,1774635795434338560,right,ON,6.5,11.25
2026-03-27T18:23:15.450500+00:00,33.918949,1774635795450499617,478532,1774635795450389504,right,ON,6.5,11.25
2026-03-27T18:23:15.466870+00:00,33.935319,1774635795466869717,478548,1774635795466477312,right,ON,6.5,11.25
2026-03-27T18:23:15.482277+00:00,33.950726,1774635795482277117,478564,1774635795482500864,right,ON,6.6,11.34
2026-03-27T18:23:15.498767+00:00,33.967216,1774635795498767217,478580,1774635795498567936,right,ON,6.6,11.43
2026-03-27T18:23:15.514104+00:00,33.982553,1774635795514103517,478596,1774635795514568960,right,ON,6.6,11.43
2026-03-27T18:23:15.541056+00:00,34.009505,1774635795541056217,478612,1774635795531248896,right,ON,6.7,11.6
2026-03-27T18:23:15.547015+00:00,34.015465,1774635795547015317,478628,1774635795547306496,right,ON,6.9,11.87
2026-03-27T18:23:15.562511+00:00,34.030960,1774635795562511117,478644,1774635795563313408,right,ON,7.3,12.57
2026-03-27T18:23:15.578805+00:00,34.047254,1774635795578805217,478660,1774635795579349504,right,ON,8.3,14.33
2026-03-27T18:23:15.595428+00:00,34.063878,1774635795595428417,478676,1774635795595429120,right,ON,10.3,17.75
2026-03-27T18:23:15.610618+00:00,34.079067,1774635795610617917,478692,1774635795611440640,right,ON,12.9,21.8
2026-03-27T18:23:15.627166+00:00,34.095615,1774635795627166217,478708,1774635795627488768,right,ON,15.4,25.66
2026-03-27T18:23:15.642396+00:00,34.110846,1774635795642396417,478724,1774635795643469824,right,ON,17.1,28.39
2026-03-27T18:23:15.659043+00:00,34.127493,1774635795659043317,478740,1774635795659496704,right,ON,18.5,30.5
2026-03-27T18:23:15.675441+00:00,34.143890,1774635795675441217,478756,1774635795675558912,right,ON,19.1,31.46
2026-03-27T18:23:15.690802+00:00,34.159252,1774635795690802417,478772,1774635795691564800,right,ON,19.8,32.52
2026-03-27T18:23:15.707297+00:00,34.175746,1774635795707296817,478788,1774635795707619584,right,ON,21.0,34.19
2026-03-27T18:23:15.723611+00:00,34.192060,1774635795723610917,478804,1774635795723689216,right,ON,22.2,35.86
2026-03-27T18:23:15.739457+00:00,34.207906,1774635795739456917,478820,1774635795739725056,right,ON,22.8,36.74
2026-03-27T18:23:15.765574+00:00,34.234024,1774635795765574317,478836,1774635795756389888,right,ON,23.2,37.18
2026-03-27T18:23:15.770946+00:00,34.239396,1774635795770946417,478852,1774635795772369152,right,ON,23.2,37.27
2026-03-27T18:23:15.787281+00:00,34.255730,1774635795787281017,478868,1774635795788376064,right,ON,23.2,37.27
2026-03-27T18:23:15.803904+00:00,34.272353,1774635795803904117,478884,1774635795804431360,right,ON,23.1,37.09
2026-03-27T18:23:15.819059+00:00,34.287508,1774635795819059017,478900,1774635795820409600,right,ON,22.9,36.83
2026-03-27T18:23:15.835590+00:00,34.304039,1774635795835589917,478916,1774635795836431104,right,ON,22.3,35.95
2026-03-27T18:23:15.852093+00:00,34.320542,1774635795852092717,478932,1774635795852492544,right,ON,21.5,34.89
2026-03-27T18:23:15.867526+00:00,34.335975,1774635795867526017,478948,1774635795868494848,right,ON,21.0,34.19
2026-03-27T18:23:15.883918+00:00,34.352367,1774635795883917717,478964,1774635795884534016,right,ON,20.6,33.75
2026-03-27T18:23:15.899288+00:00,34.367737,1774635795899288217,478980,1774635795900508416,right,ON,20.4,33.4
2026-03-27T18:23:15.915737+00:00,34.384186,1774635795915737117,478996,1774635795916523776,right,ON,20.0,32.87
2026-03-27T18:23:15.932092+00:00,34.400541,1774635795932091617,479012,1774635795932567552,right,ON,19.5,32.08
2026-03-27T18:23:15.947622+00:00,34.416072,1774635795947622417,479028,1774635795948560128,right,ON,19.0,31.29
2026-03-27T18:23:15.974285+00:00,34.442734,1774635795974284417,479044,1774635795965208320,right,ON,18.0,29.71
2026-03-27T18:23:15.980420+00:00,34.448870,1774635795980420417,479060,1774635795981252096,right,ON,15.7,26.19
2026-03-27T18:23:15.995708+00:00,34.464157,1774635795995708217,479076,1774635795997231104,right,ON,13.1,22.15
2026-03-27T18:23:16.012198+00:00,34.480647,1774635796012197817,479092,1774635796013249280,right,ON,10.4,17.84
2026-03-27T18:23:16.027548+00:00,34.495997,1774635796027548017,479108,1774635796029203968,right,ON,8.2,14.15
2026-03-27T18:23:16.043984+00:00,34.512433,1774635796043984117,479124,1774635796045191936,right,ON,5.8,10.11
2026-03-27T18:23:16.060579+00:00,34.529028,1774635796060578717,479140,1774635796061230848,right,ON,3.1,5.36
2026-03-27T18:23:16.075819+00:00,34.544268,1774635796075818917,479156,1774635796077195520,right,ON,0.8,1.32
2026-03-27T18:23:16.092369+00:00,34.560819,1774635796092369517,479172,1774635796093204736,right,ON,0.8,1.32
2026-03-27T18:23:16.108799+00:00,34.577248,1774635796108799017,479188,1774635796109250816,right,ON,1.1,1.85
2026-03-27T18:23:16.124303+00:00,34.592752,1774635796124303217,479204,1774635796125244160,right,ON,1.1,1.85
2026-03-27T18:23:16.140513+00:00,34.608963,1774635796140513617,479220,1774635796141259008,right,ON,1.1,1.85
2026-03-27T18:23:16.155988+00:00,34.624438,1774635796155988317,479236,1774635796157215744,right,ON,1.1,1.85
2026-03-27T18:23:16.172375+00:00,34.640824,1774635796172374817,479252,1774635796173206528,right,ON,1.1,1.85
2026-03-27T18:23:16.188840+00:00,34.657290,1774635796188840517,479268,1774635796189232128,right,ON,1.1,1.85
2026-03-27T18:23:16.213693+00:00,34.682143,1774635796213693417,479284,1774635796205778176,right,ON,1.1,1.85
2026-03-27T18:23:16.220688+00:00,34.689137,1774635796220687817,479300,1774635796221772544,right,ON,1.1,1.85
2026-03-27T18:23:16.237209+00:00,34.705659,1774635796237209317,479316,1774635796237804032,right,ON,1.1,1.93
2026-03-27T18:23:16.252512+00:00,34.720962,1774635796252512417,479332,1774635796253773056,right,ON,1.1,1.85
2026-03-27T18:23:16.269009+00:00,34.737458,1774635796269008617,479348,1774635796269777152,right,ON,1.1,1.85
2026-03-27T18:23:16.284292+00:00,34.752741,1774635796284291717,479364,1774635796285718016,right,ON,1.1,1.85
2026-03-27T18:23:16.300835+00:00,34.769284,1774635796300834617,479380,1774635796301702656,right,ON,1.1,1.85
2026-03-27T18:23:16.317273+00:00,34.785723,1774635796317273317,479396,1774635796317722112,right,ON,1.1,1.85
2026-03-27T18:23:16.332652+00:00,34.801101,1774635796332652017,479412,1774635796333681664,right,ON,1.1,1.85
2026-03-27T18:23:16.348946+00:00,34.817395,1774635796348946017,479428,1774635796349666560,right,ON,1.1,1.85
2026-03-27T18:23:16.365494+00:00,34.833944,1774635796365494617,479444,1774635796365696256,right,ON,1.1,1.85
2026-03-27T18:23:16.380944+00:00,34.849393,1774635796380943717,479460,1774635796381666048,right,ON,1.1,1.85
2026-03-27T18:23:16.397318+00:00,34.865767,1774635796397318117,479476,1774635796397668096,right,ON,1.1,1.85
2026-03-27T18:23:16.412793+00:00,34.881242,1774635796412792817,479492,1774635796413616640,right,ON,1.1,1.85
2026-03-27T18:23:16.438039+00:00,34.906488,1774635796438038417,479508,1774635796430138112,right,ON,1.1,1.85
2026-03-27T18:23:16.445687+00:00,34.914136,1774635796445686517,479524,1774635796446147584,right,ON,1.1,1.85
2026-03-27T18:23:16.460974+00:00,34.929423,1774635796460974017,479540,1774635796462089984,right,ON,1.1,1.85
2026-03-27T18:23:16.477458+00:00,34.945907,1774635796477457317,479556,1774635796478071552,right,ON,1.1,1.85
2026-03-27T18:23:16.493879+00:00,34.962329,1774635796493879417,479572,1774635796494086400,right,ON,1.1,1.85
2026-03-27T18:23:16.509270+00:00,34.977720,1774635796509270417,479588,1774635796510040832,right,ON,1.1,1.85
2026-03-27T18:23:16.525724+00:00,34.994174,1774635796525724517,479604,1774635796526034432,right,ON,1.1,1.93
2026-03-27T18:23:16.541108+00:00,35.009557,1774635796541108017,479620,1774635796541965312,right,ON,1.1,1.85
2026-03-27T18:23:16.557423+00:00,35.025872,1774635796557423217,479636,1774635796558253312,right,ON,1.1,1.85
2026-03-27T18:23:16.573963+00:00,35.042412,1774635796573963217,479652,1774635796574271488,right,ON,1.1,1.93
2026-03-27T18:23:16.589272+00:00,35.057721,1774635796589271617,479668,1774635796590227456,right,ON,1.1,1.85
2026-03-27T18:23:16.605817+00:00,35.074266,1774635796605816717,479684,1774635796606221824,right,ON,1.1,1.85
2026-03-27T18:23:16.622271+00:00,35.090720,1774635796622271117,479700,1774635796622258944,right,ON,1.1,1.85
2026-03-27T18:23:16.646224+00:00,35.114673,1774635796646223617,479716,1774635796638752512,right,ON,1.1,1.85
2026-03-27T18:23:16.654120+00:00,35.122569,1774635796654120117,479732,1774635796654751488,right,ON,1.1,1.85
2026-03-27T18:23:16.669452+00:00,35.137901,1774635796669452117,479748,1774635796670681600,right,ON,1.1,1.85
2026-03-27T18:23:16.685926+00:00,35.154376,1774635796685926317,479764,1774635796686656256,right,ON,1.0,1.76
2026-03-27T18:23:16.702317+00:00,35.170767,1774635796702317517,479780,1774635796702663168,right,ON,1.1,1.85
2026-03-27T18:23:16.717724+00:00,35.186173,1774635796717724017,479796,1774635796718609664,right,ON,1.1,1.85
2026-03-27T18:23:16.734140+00:00,35.202589,1774635796734139617,479812,1774635796734592768,right,ON,1.1,1.85
2026-03-27T18:23:16.750558+00:00,35.219007,1774635796750557817,479828,1774635796750607360,right,ON,1.1,1.85
2026-03-27T18:23:16.766080+00:00,35.234529,1774635796766079917,479844,1774635796766583552,right,ON,1.1,1.85
2026-03-27T18:23:16.782374+00:00,35.250823,1774635796782373817,479860,1774635796782889728,right,ON,1.1,1.85
2026-03-27T18:23:16.797898+00:00,35.266347,1774635796797898117,479876,1774635796798845440,right,ON,1.1,1.93
2026-03-27T18:23:16.814234+00:00,35.282683,1774635796814234117,479892,1774635796814827776,right,ON,1.1,1.85
2026-03-27T18:23:16.830764+00:00,35.299213,1774635796830764217,479908,1774635796830857728,right,ON,1.1,1.85
2026-03-27T18:23:16.846015+00:00,35.314465,1774635796846015417,479924,1774635796846811648,right,ON,1.1,1.85
2026-03-27T18:23:16.869550+00:00,35.337999,1774635796869549517,479940,1774635796863237632,right,ON,1.1,1.85
2026-03-27T18:23:16.878906+00:00,35.347355,1774635796878905617,479956,1774635796879259648,right,ON,1.1,1.85
2026-03-27T18:23:16.894395+00:00,35.362844,1774635796894395117,479972,1774635796895228416,right,ON,1.1,1.85
2026-03-27T18:23:16.910756+00:00,35.379205,1774635796910755717,479988,1774635796911227392,right,ON,1.1,1.85
2026-03-27T18:23:16.926138+00:00,35.394587,1774635796926137517,480004,1774635796927164672,right,ON,1.1,1.85
2026-03-27T18:23:16.942704+00:00,35.411153,1774635796942704217,480020,1774635796943146752,right,ON,1.1,1.85
2026-03-27T18:23:16.958993+00:00,35.427442,1774635796958992917,480036,1774635796959152896,right,ON,1.1,1.85
2026-03-27T18:23:16.974551+00:00,35.443000,1774635796974550917,480052,1774635796975113728,right,ON,1.1,1.85
2026-03-27T18:23:16.990837+00:00,35.459286,1774635796990837017,480068,1774635796991420416,right,ON,1.1,1.85
2026-03-27T18:23:17.007377+00:00,35.475827,1774635797007377417,480084,1774635797007462912,right,ON,1.1,1.85
2026-03-27T18:23:17.022922+00:00,35.491371,1774635797022921817,480100,1774635797023451136,right,ON,1.1,1.85
2026-03-27T18:23:17.039190+00:00,35.507639,1774635797039190017,480116,1774635797039466240,right,ON,1.1,1.85
2026-03-27T18:23:17.054483+00:00,35.522932,1774635797054482717,480132,1774635797055413760,right,ON,1.1,1.85
2026-03-27T18:23:17.078020+00:00,35.546469,1774635797078019717,480148,1774635797071830784,right,ON,1.1,1.85
2026-03-27T18:23:17.087545+00:00,35.555994,1774635797087545117,480164,1774635797087856384,right,ON,1.1,1.85
2026-03-27T18:23:17.102786+00:00,35.571235,1774635797102785817,480180,1774635797103807488,right,ON,1.1,1.85
2026-03-27T18:23:17.119270+00:00,35.587719,1774635797119270117,480196,1774635797119801600,right,ON,1.1,1.85
2026-03-27T18:23:17.135669+00:00,35.604118,1774635797135668817,480212,1774635797135828736,right,ON,1.1,1.85
2026-03-27T18:23:17.151067+00:00,35.619516,1774635797151067117,480228,1774635797151800064,right,ON,1.1,1.85
2026-03-27T18:23:17.167460+00:00,35.635909,1774635797167460217,480244,1774635797167797504,right,ON,1.1,1.85
2026-03-27T18:23:17.182887+00:00,35.651336,1774635797182886917,480260,1774635797183739648,right,ON,1.1,1.85
2026-03-27T18:23:17.199286+00:00,35.667735,1774635797199286117,480276,1774635797199713792,right,ON,1.1,1.93
2026-03-27T18:23:17.215728+00:00,35.684177,1774635797215727617,480292,1774635797215725568,right,ON,1.1,1.85
2026-03-27T18:23:17.231486+00:00,35.699935,1774635797231486017,480308,1774635797231994880,right,ON,1.1,1.85
2026-03-27T18:23:17.247597+00:00,35.716046,1774635797247597017,480324,1774635797247998464,right,ON,1.1,1.85
2026-03-27T18:23:17.264116+00:00,35.732565,1774635797264115817,480340,1774635797264045824,right,ON,1.1,1.85
2026-03-27T18:23:17.279384+00:00,35.747833,1774635797279383617,480356,1774635797280022528,right,ON,1.1,1.85
2026-03-27T18:23:17.302625+00:00,35.771074,1774635797302625217,480372,1774635797296452864,right,ON,1.1,1.85
2026-03-27T18:23:17.311296+00:00,35.779746,1774635797311296517,480388,1774635797312399104,right,ON,1.1,1.85
2026-03-27T18:23:17.327700+00:00,35.796150,1774635797327700417,480404,1774635797328382976,right,ON,1.1,1.85
2026-03-27T18:23:17.344342+00:00,35.812791,1774635797344341417,480420,1774635797344415488,right,ON,1.1,1.85
2026-03-27T18:23:17.359529+00:00,35.827978,1774635797359528817,480436,1774635797360374272,right,ON,1.1,1.85
2026-03-27T18:23:17.376060+00:00,35.844509,1774635797376059817,480452,1774635797376370688,right,ON,1.1,1.85
2026-03-27T18:23:17.392314+00:00,35.860764,1774635797392314417,480468,1774635797392395520,right,ON,1.1,1.85
2026-03-27T18:23:17.407887+00:00,35.876337,1774635797407887317,480484,1774635797408372992,right,ON,1.1,1.85
2026-03-27T18:23:17.424251+00:00,35.892700,1774635797424250917,480500,1774635797424379904,right,ON,1.1,1.85
2026-03-27T18:23:17.439692+00:00,35.908141,1774635797439691817,480516,1774635797440332288,right,ON,1.1,1.85
2026-03-27T18:23:17.455969+00:00,35.924418,1774635797455968717,480532,1774635797456585984,right,ON,1.1,1.85
2026-03-27T18:23:17.472525+00:00,35.940975,1774635797472525417,480548,1774635797472621568,right,ON,1.1,1.85
2026-03-27T18:23:17.487990+00:00,35.956439,1774635797487989917,480564,1774635797488598016,right,ON,1.1,1.85
2026-03-27T18:23:17.510596+00:00,35.979045,1774635797510595517,480580,1774635797504988416,right,ON,1.1,1.85
2026-03-27T18:23:17.520781+00:00,35.989230,1774635797520780417,480596,1774635797521024256,right,ON,1.1,1.85
2026-03-27T18:23:17.536190+00:00,36.004639,1774635797536189717,480612,1774635797537000448,right,ON,1.1,1.85
2026-03-27T18:23:17.552603+00:00,36.021052,1774635797552602517,480628,1774635797553011968,right,ON,1.1,1.85
2026-03-27T18:23:17.568008+00:00,36.036457,1774635797568008117,480644,1774635797568963584,right,ON,1.1,1.93
2026-03-27T18:23:17.584414+00:00,36.052863,1774635797584413717,480660,1774635797584945920,right,ON,1.1,1.85
2026-03-27T18:23:17.600820+00:00,36.069269,1774635797600819717,480676,1774635797600965376,right,ON,1.1,1.85
2026-03-27T18:23:17.616241+00:00,36.084690,1774635797616240517,480692,1774635797616923904,right,ON,1.1,1.85
2026-03-27T18:23:17.632805+00:00,36.101254,1774635797632804917,480708,1774635797632929792,right,ON,1.1,1.85
2026-03-27T18:23:17.649136+00:00,36.117585,1774635797649135817,480724,1774635797648965376,right,ON,1.1,1.85
2026-03-27T18:23:17.664605+00:00,36.133054,1774635797664604917,480740,1774635797665213184,right,ON,1.1,1.85
2026-03-27T18:23:17.680954+00:00,36.149403,1774635797680953617,480756,1774635797681236736,right,ON,1.1,1.85
2026-03-27T18:23:17.696604+00:00,36.165054,1774635797696604517,480772,1774635797697214720,right,ON,1.1,1.85
2026-03-27T18:23:17.712820+00:00,36.181269,1774635797712820217,480788,1774635797713215744,right,ON,1.1,1.85
2026-03-27T18:23:17.729344+00:00,36.197793,1774635797729343817,480804,1774635797729256448,right,ON,1.1,1.85
2026-03-27T18:23:17.750924+00:00,36.219373,1774635797750923417,480820,1774635797745615616,right,ON,1.1,1.85
2026-03-27T18:23:17.761084+00:00,36.229533,1774635797761083817,480836,1774635797761617408,right,ON,1.1,1.85
2026-03-27T18:23:17.777472+00:00,36.245921,1774635797777471817,480852,1774635797777651968,right,ON,1.1,1.85
2026-03-27T18:23:17.792897+00:00,36.261347,1774635797792897317,480868,1774635797793632256,right,ON,1.1,1.85
2026-03-27T18:23:17.809449+00:00,36.277898,1774635797809448817,480884,1774635797809651456,right,ON,1.1,1.85
2026-03-27T18:23:17.824740+00:00,36.293190,1774635797824740417,480900,1774635797825607936,right,ON,1.1,1.85
2026-03-27T18:23:17.841280+00:00,36.309729,1774635797841279717,480916,1774635797841603840,right,ON,1.1,1.85
2026-03-27T18:23:17.857577+00:00,36.326026,1774635797857576717,480932,1774635797857629952,right,ON,1.1,1.85
2026-03-27T18:23:17.873099+00:00,36.341548,1774635797873098817,480948,1774635797873599488,right,ON,1.1,1.85
2026-03-27T18:23:17.889407+00:00,36.357856,1774635797889406717,480964,1774635797889818880,right,ON,1.1,1.85
2026-03-27T18:23:17.905959+00:00,36.374408,1774635797905959217,480980,1774635797905870336,right,ON,1.1,1.85
2026-03-27T18:23:17.921254+00:00,36.389703,1774635797921254217,480996,1774635797921858304,right,ON,1.1,1.85
2026-03-27T18:23:17.937766+00:00,36.406215,1774635797937765917,481012,1774635797937884672,right,ON,1.1,1.85
2026-03-27T18:23:17.953265+00:00,36.421714,1774635797953264917,481028,1774635797953856768,right,ON,1.1,1.85
2026-03-27T18:23:17.974643+00:00,36.443092,1774635797974642517,481044,1774635797970170624,right,ON,1.1,1.85
2026-03-27T18:23:17.985986+00:00,36.454435,1774635797985986017,481060,1774635797986197504,right,ON,1.1,1.85
2026-03-27T18:23:18.001374+00:00,36.469824,1774635798001374517,481076,1774635798002168832,right,ON,1.1,1.85
2026-03-27T18:23:18.017868+00:00,36.486318,1774635798017868317,481092,1774635798018175488,right,ON,1.1,1.85
2026-03-27T18:23:18.034210+00:00,36.502659,1774635798034209717,481108,1774635798034215168,right,ON,1.1,1.85
2026-03-27T18:23:18.049645+00:00,36.518095,1774635798049645317,481124,1774635798050202368,right,ON,1.1,1.93
2026-03-27T18:23:18.066033+00:00,36.534483,1774635798066033417,481140,1774635798066217728,right,ON,1.1,1.85
2026-03-27T18:23:18.081449+00:00,36.549898,1774635798081449017,481156,1774635798082171136,right,ON,1.1,1.93
2026-03-27T18:23:18.097999+00:00,36.566448,1774635798097998617,481172,1774635798098389248,right,ON,1.1,1.85
2026-03-27T18:23:18.114342+00:00,36.582791,1774635798114342117,481188,1774635798114431744,right,ON,1.1,1.85
2026-03-27T18:23:18.129800+00:00,36.598250,1774635798129800317,481204,1774635798130413568,right,ON,1.1,1.85
2026-03-27T18:23:18.146180+00:00,36.614629,1774635798146180017,481220,1774635798146429184,right,ON,1.1,1.93
2026-03-27T18:23:18.162770+00:00,36.631219,1774635798162770017,481236,1774635798162489344,right,ON,1.1,1.85
2026-03-27T18:23:18.182756+00:00,36.651205,1774635798182756117,481252,1774635798178769152,right,ON,1.1,1.85
2026-03-27T18:23:18.194573+00:00,36.663022,1774635798194573117,481268,1774635798194795264,right,ON,1.1,1.85
2026-03-27T18:23:18.209841+00:00,36.678290,1774635798209840517,481284,1774635798210754048,right,ON,1.1,1.93
2026-03-27T18:23:18.226334+00:00,36.694783,1774635798226334117,481300,1774635798226751232,right,ON,1.1,1.85
2026-03-27T18:23:18.242673+00:00,36.711122,1774635798242672917,481316,1774635798242778368,right,ON,1.1,1.85
2026-03-27T18:23:18.258142+00:00,36.726591,1774635798258141617,481332,1774635798258761472,right,ON,1.1,1.85
2026-03-27T18:23:18.274480+00:00,36.742929,1774635798274479817,481348,1774635798274764544,right,ON,1.1,1.93
2026-03-27T18:23:18.290979+00:00,36.759428,1774635798290978717,481364,1774635798290810368,right,ON,1.1,1.85
2026-03-27T18:23:18.306479+00:00,36.774928,1774635798306479117,481380,1774635798306798848,right,ON,1.1,1.93
2026-03-27T18:23:18.322850+00:00,36.791299,1774635798322850117,481396,1774635798323031552,right,ON,1.1,1.85
2026-03-27T18:23:18.338285+00:00,36.806734,1774635798338284717,481412,1774635798339006208,right,ON,1.1,1.93
2026-03-27T18:23:18.362479+00:00,36.830928,1774635798362478917,481428,1774635798355489536,right,ON,1.1,1.93
2026-03-27T18:23:18.371150+00:00,36.839599,1774635798371149517,481444,1774635798371529472,right,ON,1.1,1.93
2026-03-27T18:23:18.386400+00:00,36.854850,1774635798386400317,481460,1774635798387494656,right,ON,1.1,1.85
2026-03-27T18:23:18.406337+00:00,36.874787,1774635798406337317,481476,1774635798403712512,right,ON,1.1,1.93
2026-03-27T18:23:18.419234+00:00,36.887683,1774635798419233417,481492,1774635798419739904,right,ON,1.1,1.93
2026-03-27T18:23:18.434801+00:00,36.903250,1774635798434801117,481508,1774635798435723264,right,ON,1.1,1.93
2026-03-27T18:23:18.451308+00:00,36.919757,1774635798451308117,481524,1774635798451744512,right,ON,1.1,1.93
2026-03-27T18:23:18.466564+00:00,36.935013,1774635798466564217,481540,1774635798467698944,right,ON,1.1,1.93
2026-03-27T18:23:18.483102+00:00,36.951551,1774635798483101917,481556,1774635798483690240,right,ON,1.1,1.93
2026-03-27T18:23:18.499377+00:00,36.967827,1774635798499377317,481572,1774635798499711488,right,ON,1.1,1.93
2026-03-27T18:23:18.514911+00:00,36.983360,1774635798514911217,481588,1774635798515683328,right,ON,1.1,1.93
2026-03-27T18:23:18.531237+00:00,36.999687,1774635798531237317,481604,1774635798531877376,right,ON,1.1,1.93
2026-03-27T18:23:18.547738+00:00,37.016187,1774635798547737817,481620,1774635798547924992,right,ON,1.1,1.93
2026-03-27T18:23:18.570299+00:00,37.038749,1774635798570299517,481636,1774635798564350720,right,ON,1.1,1.93
2026-03-27T18:23:18.579543+00:00,37.047992,1774635798579542517,481652,1774635798580361984,right,ON,1.1,1.93
2026-03-27T18:23:18.595018+00:00,37.063467,1774635798595018217,481668,1774635798596318464,right,ON,1.1,1.93
2026-03-27T18:23:18.613947+00:00,37.082396,1774635798613946717,481684,1774635798612462080,right,ON,1.1,1.93
2026-03-27T18:23:18.627857+00:00,37.096307,1774635798627857317,481700,1774635798628483072,right,ON,1.1,1.93
2026-03-27T18:23:18.643193+00:00,37.111642,1774635798643192817,481716,1774635798644440576,right,ON,1.1,1.93
2026-03-27T18:23:18.659671+00:00,37.128120,1774635798659670517,481732,1774635798660441088,right,ON,1.1,1.93
2026-03-27T18:23:18.676057+00:00,37.144507,1774635798676057317,481748,1774635798676471040,right,ON,1.1,1.85
2026-03-27T18:23:18.691580+00:00,37.160029,1774635798691579617,481764,1774635798692451328,right,ON,1.0,1.76
2026-03-27T18:23:18.707841+00:00,37.176290,1774635798707841017,481780,1774635798708453888,right,ON,1.0,1.76
2026-03-27T18:23:18.723279+00:00,37.191728,1774635798723279017,481796,1774635798724407296,right,ON,1.0,1.76
2026-03-27T18:23:18.739802+00:00,37.208251,1774635798739801717,481812,1774635798740395264,right,ON,1.0,1.76
2026-03-27T18:23:18.756129+00:00,37.224578,1774635798756129117,481828,1774635798756415744,right,ON,1.0,1.67
2026-03-27T18:23:18.771603+00:00,37.240052,1774635798771602917,481844,1774635798772573952,right,ON,1.0,1.76
2026-03-27T18:23:18.787956+00:00,37.256405,1774635798787955517,481860,1774635798788576000,right,ON,1.0,1.76
2026-03-27T18:23:18.804471+00:00,37.272921,1774635798804471617,481876,1774635798804617728,right,ON,1.0,1.67
2026-03-27T18:23:18.819774+00:00,37.288223,1774635798819773917,481892,1774635798820594688,right,ON,1.0,1.76
2026-03-27T18:23:18.838575+00:00,37.307024,1774635798838574617,481908,1774635798836755456,right,ON,1.0,1.76
2026-03-27T18:23:18.851792+00:00,37.320241,1774635798851791917,481924,1774635798852717056,right,ON,1.0,1.76
2026-03-27T18:23:18.868171+00:00,37.336621,1774635798868171517,481940,1774635798868714240,right,ON,1.0,1.67
2026-03-27T18:23:18.884617+00:00,37.353066,1774635798884616917,481956,1774635798884743680,right,ON,1.0,1.76
2026-03-27T18:23:18.899919+00:00,37.368368,1774635798899918717,481972,1774635798900711168,right,ON,1.0,1.76
2026-03-27T18:23:18.916475+00:00,37.384924,1774635798916474817,481988,1774635798916718080,right,ON,1.0,1.76
2026-03-27T18:23:18.932692+00:00,37.401141,1774635798932691517,482004,1774635798932751104,right,ON,1.0,1.67
2026-03-27T18:23:18.948263+00:00,37.416713,1774635798948263417,482020,1774635798948732160,right,ON,1.0,1.76
2026-03-27T18:23:18.964715+00:00,37.433165,1774635798964715517,482036,1774635798964752128,right,ON,1.0,1.67
2026-03-27T18:23:18.980096+00:00,37.448545,1774635798980095817,482052,1774635798980714752,right,ON,0.9,1.49
2026-03-27T18:23:18.996494+00:00,37.464944,1774635798996494417,482068,1774635798996865536,right,ON,0.9,1.49
2026-03-27T18:23:19.012905+00:00,37.481354,1774635799012904717,482084,1774635799012898816,right,ON,0.9,1.49
2026-03-27T18:23:19.028327+00:00,37.496776,1774635799028327217,482100,1774635799028873728,right,OFF,0.9,1.49
