timestamp,time_seconds,timestamp_ns,tracker_head_x,tracker_head_y,tracker_head_z,tracker_head_qw,tracker_head_qx,tracker_head_qy,tracker_head_qz,tracker_left_x,tracker_left_y,tracker_left_z,tracker_left_qw,tracker_left_qx,tracker_left_qy,tracker_left_qz,tracker_right_x,tracker_right_y,tracker_right_z,tracker_right_qw,tracker_right_qx,tracker_right_qy,tracker_right_qz
2026-04-21T02:48:25.412662+00:00,-0.039041,1776739705412661400,0.197164,0.471160,0.083438,-0.108787,0.076428,0.851559,0.506802,0.375810,-0.037613,0.022294,-0.119198,0.646483,0.680177,0.324464,0.007092,-0.062346,0.110177,0.130529,-0.592243,0.593496,0.529069
2026-04-21T02:48:25.430063+00:00,-0.021639,1776739705430063300,0.198458,0.471102,0.083434,-0.107615,0.076927,0.851570,0.506877,0.376502,-0.037781,0.023367,-0.118105,0.646216,0.680439,0.324911,0.007479,-0.063044,0.110365,-0.138130,0.592627,-0.589347,-0.531496
2026-04-21T02:48:25.448162+00:00,-0.003540,1776739705448162400,0.199711,0.471065,0.083479,-0.106357,0.077323,0.852047,0.506837,0.377236,-0.037960,0.024445,-0.116864,0.645322,0.681317,0.325312,0.007504,-0.063892,0.110594,-0.142540,0.595778,-0.583348,-0.533360
2026-04-21T02:48:25.464934+00:00,0.013231,1776739705464933900,0.200797,0.471037,0.083502,-0.105115,0.077584,0.852060,0.506830,0.377825,-0.038157,0.025541,-0.115615,0.644298,0.681826,0.325860,0.007440,-0.064815,0.110819,-0.144782,0.601095,-0.575651,-0.534678
2026-04-21T02:48:25.481755+00:00,0.030052,1776739705481754500,0.201755,0.471019,0.083529,-0.103953,0.077774,0.852078,0.506810,0.378389,-0.038387,0.026578,-0.114379,0.643241,0.682821,0.326981,0.007200,-0.065963,0.111078,-0.146081,0.606256,-0.566874,-0.538089
2026-04-21T02:48:25.498892+00:00,0.047189,1776739705498891400,0.202659,0.470990,0.083584,-0.102783,0.077903,0.852590,0.506296,0.378858,-0.038654,0.027702,-0.113247,0.642149,0.683142,0.328183,0.007075,-0.067480,0.111531,-0.144914,0.611008,-0.556081,-0.544353
2026-04-21T02:48:25.515884+00:00,0.064181,1776739705515883800,0.203467,0.470947,0.083616,-0.101697,0.077964,0.853090,0.506285,0.379265,-0.038998,0.028747,-0.112709,0.641135,0.683765,0.329746,0.006802,-0.068975,0.112162,-0.142721,0.615302,-0.545765,-0.550390
2026-04-21T02:48:25.533094+00:00,0.081392,1776739705533094200,0.204166,0.470938,0.083673,-0.100800,0.078098,0.853069,0.505838,0.379644,-0.039323,0.029774,-0.112219,0.640181,0.683868,0.331247,0.006641,-0.070268,0.112454,-0.139437,0.620705,-0.538225,-0.553009
2026-04-21T02:48:25.550089+00:00,0.098387,1776739705550089500,0.204758,0.470930,0.083673,-0.100122,0.078186,0.853020,0.505855,0.379886,-0.039827,0.030750,-0.111802,0.639639,0.684136,0.332723,0.006486,-0.071192,0.112530,-0.135060,0.625689,-0.531952,-0.553852
2026-04-21T02:48:25.567146+00:00,0.115443,1776739705567145500,0.205279,0.470921,0.083703,-0.099650,0.078081,0.853017,0.505866,0.380084,-0.040323,0.031760,-0.111263,0.638643,0.684064,0.334625,0.006406,-0.071984,0.112623,-0.130309,0.630581,-0.528037,-0.553272
2026-04-21T02:48:25.583962+00:00,0.132259,1776739705583961800,0.205674,0.470907,0.083741,-0.099255,0.077774,0.853505,0.505873,0.380203,-0.040835,0.032669,-0.110955,0.637472,0.684105,0.336337,0.006685,-0.072811,0.112548,-0.126947,0.633475,-0.525994,-0.553037
2026-04-21T02:48:25.601411+00:00,0.149708,1776739705601410900,0.205949,0.471063,0.083824,-0.099055,0.077312,0.853531,0.505350,0.380237,-0.041406,0.033552,-0.110614,0.636327,0.684194,0.338190,0.007336,-0.073842,0.112528,-0.127140,0.633256,-0.526460,-0.552682
2026-04-21T02:48:25.618098+00:00,0.166395,1776739705618097700,0.206101,0.471410,0.083921,-0.099004,0.076719,0.854052,0.504810,0.380242,-0.042008,0.034357,-0.110279,0.634653,0.684804,0.340050,0.008032,-0.074766,0.112432,-0.128591,0.632538,-0.528569,-0.551179
2026-04-21T02:48:25.635131+00:00,0.183429,1776739705635131200,0.206167,0.471915,0.084012,-0.099143,0.075897,0.854578,0.504268,0.380116,-0.042751,0.035167,-0.110081,0.632762,0.685672,0.341981,0.008562,-0.075549,0.111968,-0.132617,0.632794,-0.533413,-0.545538
2026-04-21T02:48:25.652161+00:00,0.200458,1776739705652160800,0.206152,0.472531,0.084118,-0.099188,0.074716,0.855124,0.503218,0.379802,-0.043633,0.035935,-0.109925,0.630871,0.686519,0.344468,0.008770,-0.076147,0.111045,-0.137818,0.632655,-0.537557,-0.540353
2026-04-21T02:48:25.676181+00:00,0.224479,1776739705676181300,0.205771,0.473534,0.084211,-0.099144,0.072650,0.856246,0.501869,0.379147,-0.044838,0.037057,-0.109681,0.627886,0.687499,0.348028,0.008999,-0.076967,0.109723,-0.145223,0.632270,-0.543352,-0.533019
2026-04-21T02:48:25.694602+00:00,0.242899,1776739705694601800,0.204980,0.474514,0.084376,-0.098492,0.070018,0.857373,0.500382,0.378411,-0.046059,0.037972,-0.109580,0.625907,0.687555,0.351141,0.008116,-0.077951,0.108687,-0.144962,0.630701,-0.540447,-0.537616
2026-04-21T02:48:25.711079+00:00,0.259377,1776739705711079500,0.204157,0.475400,0.084529,-0.097849,0.067923,0.858739,0.498500,0.377733,-0.047214,0.038806,-0.109672,0.624606,0.687402,0.354032,0.007196,-0.078640,0.107440,-0.141511,0.631414,-0.540836,-0.537492
2026-04-21T02:48:25.727898+00:00,0.276195,1776739705727897700,0.203225,0.476323,0.084696,-0.097257,0.065958,0.859796,0.496679,0.376897,-0.048330,0.039599,-0.110268,0.623827,0.686773,0.356293,0.006053,-0.079223,0.106122,-0.138101,0.630316,-0.542273,-0.537859
2026-04-21T02:48:25.744771+00:00,0.293069,1776739705744771100,0.202243,0.477121,0.084868,-0.096863,0.064270,0.861328,0.494873,0.375944,-0.049494,0.040402,-0.110919,0.623324,0.686469,0.357588,0.004822,-0.079547,0.104878,-0.134448,0.627213,-0.546141,-0.539131
2026-04-21T02:48:25.761941+00:00,0.310238,1776739705761940900,0.201140,0.477847,0.085046,-0.096600,0.062756,0.861874,0.493569,0.374946,-0.050632,0.041177,-0.111652,0.622556,0.686267,0.359083,0.003589,-0.079741,0.103799,-0.130846,0.621006,-0.552337,-0.540660
2026-04-21T02:48:25.778883+00:00,0.327180,1776739705778882700,0.200009,0.478419,0.085200,-0.096329,0.061245,0.862723,0.492579,0.373969,-0.051745,0.041935,-0.112368,0.621802,0.686068,0.360543,0.002343,-0.079882,0.102941,-0.129968,0.612489,-0.560868,-0.542079
2026-04-21T02:48:25.795767+00:00,0.344065,1776739705795767200,0.198713,0.478887,0.085358,-0.095919,0.059689,0.863133,0.491889,0.372469,-0.052841,0.042880,-0.117884,0.620845,0.687114,0.358597,0.001248,-0.079439,0.102148,-0.132762,0.602870,-0.572038,-0.540332
2026-04-21T02:48:25.813187+00:00,0.361485,1776739705813187100,0.197360,0.479273,0.085520,-0.095619,0.058138,0.863909,0.491276,0.371051,-0.053865,0.043810,-0.122486,0.620468,0.687093,0.357189,-0.000164,-0.078449,0.101504,-0.139186,0.593269,-0.584058,-0.536112
2026-04-21T02:48:25.830089+00:00,0.378387,1776739705830089100,0.195956,0.479649,0.085706,-0.095419,0.056611,0.864183,0.490581,0.369650,-0.054915,0.044837,-0.127289,0.620881,0.686705,0.355552,-0.001691,-0.077385,0.100821,0.143300,-0.584085,0.594623,0.533343
2026-04-21T02:48:25.847516+00:00,0.395813,1776739705847515900,0.194449,0.479984,0.085951,-0.095283,0.054857,0.864722,0.489778,0.368162,-0.056028,0.046116,-0.131196,0.622276,0.685184,0.355014,-0.003779,-0.076295,0.100094,0.143032,-0.575930,0.602746,0.533177
2026-04-21T02:48:25.864223+00:00,0.412520,1776739705864222700,0.192897,0.480289,0.086174,-0.095092,0.053030,0.865237,0.489010,0.366744,-0.057135,0.047592,-0.133314,0.623292,0.683177,0.355897,-0.005972,-0.075355,0.099491,0.138883,-0.571756,0.607448,0.533693
2026-04-21T02:48:25.883066+00:00,0.431364,1776739705883066100,0.191062,0.480593,0.086378,-0.094831,0.050915,0.866042,0.488362,0.365147,-0.058372,0.049343,-0.135762,0.624484,0.681136,0.356793,-0.008689,-0.074288,0.098815,0.133263,-0.568154,0.611883,0.533907
2026-04-21T02:48:25.899814+00:00,0.448111,1776739705899813900,0.189409,0.480691,0.086456,-0.094465,0.049133,0.866329,0.487639,0.363598,-0.059541,0.051576,-0.136381,0.624547,0.679986,0.359763,-0.011282,-0.073113,0.098115,0.133941,-0.568031,0.615988,0.529315
2026-04-21T02:48:25.916866+00:00,0.465164,1776739705916866300,0.187557,0.481040,0.086727,-0.094155,0.047514,0.867326,0.486865,0.361942,-0.060737,0.053992,-0.137469,0.624016,0.678201,0.363083,-0.013944,-0.071963,0.097285,0.133390,-0.565264,0.620319,0.526668
2026-04-21T02:48:25.933914+00:00,0.482211,1776739705933914000,0.185635,0.481450,0.087059,-0.093760,0.046001,0.867910,0.485730,0.360159,-0.062174,0.056717,-0.139980,0.622939,0.676627,0.366264,-0.016516,-0.070749,0.096359,0.134177,-0.562818,0.625465,0.523416
2026-04-21T02:48:25.950804+00:00,0.499102,1776739705950804100,0.183744,0.481811,0.087338,-0.093418,0.044670,0.868558,0.484524,0.358246,-0.063848,0.059748,-0.144209,0.621602,0.675315,0.369982,-0.019027,-0.069594,0.095212,0.135145,-0.560575,0.630962,0.519463
2026-04-21T02:48:25.967919+00:00,0.516216,1776739705967918900,0.181813,0.482140,0.087600,-0.093090,0.043355,0.869599,0.483202,0.356276,-0.066032,0.063380,-0.151533,0.619758,0.672852,0.374986,-0.021382,-0.068728,0.094066,0.134454,-0.558870,0.635011,0.516319
2026-04-21T02:48:25.984826+00:00,0.533124,1776739705984826400,0.179854,0.482413,0.087836,-0.092855,0.042128,0.870463,0.481869,0.354387,-0.068490,0.067391,-0.158931,0.617789,0.668968,0.381168,-0.023736,-0.068140,0.093064,0.133138,-0.557597,0.637255,0.514621
2026-04-21T02:48:26.003302+00:00,0.551600,1776739706003302100,0.177802,0.482633,0.088069,-0.092702,0.041029,0.870657,0.481119,0.352670,-0.071581,0.071782,-0.167006,0.616876,0.664372,0.387668,-0.026062,-0.067796,0.092214,0.131691,-0.557072,0.638274,0.514147
2026-04-21T02:48:26.019182+00:00,0.567480,1776739706019182100,0.175774,0.482798,0.088211,-0.092648,0.040048,0.871399,0.480467,0.351148,-0.075002,0.076331,-0.175742,0.615796,0.658989,0.394156,-0.028145,-0.067700,0.091520,0.130916,-0.556605,0.638690,0.514681
2026-04-21T02:48:26.036298+00:00,0.584595,1776739706036297900,0.173706,0.483053,0.088411,-0.092578,0.039267,0.871754,0.479197,0.349738,-0.078856,0.081196,-0.186167,0.614205,0.653190,0.401542,-0.030280,-0.067784,0.090942,0.130764,-0.556538,0.638622,0.514845
2026-04-21T02:48:26.053031+00:00,0.601328,1776739706053030900,0.171642,0.483365,0.088613,-0.092489,0.038558,0.872861,0.477619,0.348506,-0.082882,0.086312,-0.198141,0.611413,0.647319,0.409606,-0.032173,-0.067935,0.090539,0.131688,-0.556624,0.637978,0.515353
2026-04-21T02:48:26.070166+00:00,0.618464,1776739706070166200,0.169422,0.483790,0.088804,-0.092364,0.037757,0.873919,0.475890,0.347560,-0.087344,0.091906,-0.212001,0.608053,0.639908,0.418906,-0.034128,-0.068473,0.090223,0.132938,-0.556543,0.636822,0.516567
2026-04-21T02:48:26.087132+00:00,0.635429,1776739706087131300,0.167209,0.484231,0.089012,-0.092182,0.036785,0.874907,0.474037,0.346832,-0.091710,0.097635,-0.225282,0.604668,0.632991,0.428208,-0.036044,-0.069117,0.089982,0.134549,-0.555906,0.635788,0.518220
2026-04-21T02:48:26.104476+00:00,0.652773,1776739706104475900,0.164855,0.484660,0.089156,-0.091998,0.035802,0.875792,0.472511,0.346100,-0.096106,0.103507,-0.238855,0.600859,0.625254,0.437481,-0.037785,-0.069856,0.089766,0.135934,-0.554958,0.634870,0.520041
2026-04-21T02:48:26.121454+00:00,0.669752,1776739706121454300,0.162572,0.484896,0.089231,-0.091917,0.034935,0.876491,0.471635,0.345988,-0.100203,0.108452,-0.250201,0.598142,0.622423,0.438574,-0.039408,-0.070554,0.089572,0.136774,-0.553615,0.634244,0.522101
2026-04-21T02:48:26.138411+00:00,0.686708,1776739706138410500,0.160135,0.485349,0.089309,-0.091844,0.033941,0.877028,0.470330,0.345662,-0.104127,0.113518,-0.262001,0.594514,0.618304,0.442426,-0.041122,-0.071166,0.089390,0.137560,-0.551709,0.633990,0.524254
2026-04-21T02:48:26.155516+00:00,0.703813,1776739706155515700,0.157648,0.486076,0.089522,-0.091550,0.032621,0.878094,0.468961,0.345557,-0.107785,0.118303,-0.271058,0.590905,0.614821,0.446855,-0.042729,-0.071668,0.089163,0.138352,-0.549832,0.633836,0.526261
2026-04-21T02:48:26.172451+00:00,0.720748,1776739706172450700,0.155066,0.486702,0.089773,-0.091062,0.031151,0.878636,0.467411,0.345376,-0.111181,0.123127,-0.278370,0.588818,0.609307,0.452074,-0.044405,-0.072009,0.088865,0.139204,-0.547105,0.634664,0.527520
2026-04-21T02:48:26.189277+00:00,0.737574,1776739706189276700,0.152553,0.487312,0.090059,-0.090498,0.029637,0.879741,0.465805,0.345226,-0.114135,0.127495,-0.283410,0.587605,0.604820,0.457016,-0.045965,-0.072179,0.088440,0.140170,-0.544688,0.636126,0.528529
2026-04-21T02:48:26.206424+00:00,0.754722,1776739706206424300,0.149883,0.487883,0.090393,-0.089853,0.028104,0.880302,0.464707,0.344991,-0.116750,0.131415,-0.288127,0.585702,0.601772,0.460294,-0.047645,-0.072272,0.087942,0.141038,-0.542092,0.637287,0.528946
2026-04-21T02:48:26.223284+00:00,0.771581,1776739706223283800,0.147310,0.488406,0.090783,-0.089186,0.026595,0.881113,0.463723,0.344526,-0.118938,0.134902,-0.293093,0.582959,0.599724,0.463509,-0.049281,-0.072347,0.087425,0.141557,-0.540105,0.638794,0.528949
2026-04-21T02:48:26.240171+00:00,0.788468,1776739706240170900,0.144742,0.488929,0.091202,-0.088439,0.025175,0.881837,0.462889,0.343793,-0.120865,0.138221,-0.297358,0.579263,0.597058,0.467956,-0.050949,-0.072360,0.086934,0.141899,-0.538293,0.640275,0.529648
2026-04-21T02:48:26.257045+00:00,0.805342,1776739706257044700,0.142231,0.489450,0.091687,-0.087707,0.024062,0.882325,0.461913,0.342894,-0.122632,0.141324,-0.300137,0.576348,0.594459,0.473972,-0.052652,-0.072407,0.086548,0.142225,-0.536568,0.640649,0.530295
2026-04-21T02:48:26.273892+00:00,0.822189,1776739706273891900,0.139768,0.489995,0.092217,-0.087125,0.023310,0.882853,0.460624,0.341822,-0.124258,0.144309,-0.302027,0.572586,0.591479,0.480557,-0.054408,-0.072456,0.086284,0.142612,-0.535347,0.641375,0.530676
2026-04-21T02:48:26.290894+00:00,0.839191,1776739706290894000,0.137450,0.490470,0.092813,-0.086545,0.022689,0.883873,0.459326,0.340552,-0.125801,0.147027,-0.303990,0.567854,0.589482,0.487221,-0.056107,-0.072521,0.086089,0.143265,-0.534082,0.641112,0.531818
2026-04-21T02:48:26.308313+00:00,0.856611,1776739706308313300,0.135071,0.490906,0.093442,-0.085999,0.021893,0.884395,0.458300,0.339046,-0.127236,0.149557,-0.306838,0.562006,0.588296,0.494127,-0.057892,-0.072638,0.085989,0.144056,-0.533612,0.641067,0.532325
2026-04-21T02:48:26.325074+00:00,0.873371,1776739706325073800,0.132819,0.491238,0.094055,-0.085381,0.021036,0.884700,0.457617,0.337366,-0.128552,0.151958,-0.310842,0.554098,0.587895,0.500563,-0.059584,-0.072932,0.085935,0.144565,-0.533708,0.641031,0.532266
2026-04-21T02:48:26.342167+00:00,0.890464,1776739706342166800,0.130641,0.491459,0.094657,-0.084888,0.020359,0.885223,0.457079,0.335522,-0.129867,0.154173,-0.315351,0.545102,0.589040,0.506148,-0.061297,-0.073294,0.085917,0.145086,-0.533767,0.640515,0.532720
2026-04-21T02:48:26.359201+00:00,0.907498,1776739706359201000,0.128589,0.491626,0.095221,-0.084611,0.019815,0.885240,0.456809,0.333644,-0.130782,0.155939,-0.319388,0.536781,0.590946,0.510580,-0.062962,-0.073685,0.085978,0.145595,-0.534301,0.639924,0.532791
2026-04-21T02:48:26.376232+00:00,0.924530,1776739706376232500,0.126626,0.491738,0.095795,-0.084474,0.019322,0.885740,0.456548,0.332070,-0.130502,0.156926,-0.317300,0.531928,0.598151,0.508601,-0.064521,-0.074256,0.086058,0.146122,-0.534334,0.639258,0.532961
2026-04-21T02:48:26.393199+00:00,0.941497,1776739706393199400,0.124777,0.491869,0.096394,-0.084414,0.018812,0.885759,0.456023,0.330614,-0.129704,0.158252,-0.318437,0.526123,0.601461,0.509812,-0.065952,-0.074911,0.086193,0.146629,-0.534681,0.638629,0.533723
2026-04-21T02:48:26.410410+00:00,0.958708,1776739706410410400,0.122954,0.491979,0.097030,-0.084478,0.018097,0.886273,0.455242,0.329240,-0.129493,0.159600,-0.320285,0.520327,0.602100,0.513467,-0.067366,-0.075547,0.086547,0.147304,-0.535203,0.637569,0.534748
2026-04-21T02:48:26.427436+00:00,0.975733,1776739706427436000,0.121246,0.492068,0.097627,-0.084544,0.017100,0.886282,0.454739,0.327977,-0.129355,0.160874,-0.322399,0.514010,0.603152,0.517362,-0.068649,-0.076233,0.086865,0.147940,-0.535741,0.636553,0.535225
2026-04-21T02:48:26.444463+00:00,0.992760,1776739706444463000,0.119616,0.492139,0.098180,-0.084617,0.016017,0.886716,0.454349,0.326690,-0.128817,0.161913,-0.322755,0.508215,0.608439,0.517126,-0.069908,-0.076821,0.087153,0.148415,-0.536247,0.635608,0.535174
2026-04-21T02:48:26.461521+00:00,1.009819,1776739706461521300,0.118072,0.492156,0.098658,-0.084850,0.015006,0.886737,0.454559,0.325736,-0.128366,0.162899,-0.322430,0.501943,0.609898,0.521486,-0.070863,-0.077296,0.087342,0.148824,-0.536772,0.635113,0.535132
2026-04-21T02:48:26.478518+00:00,1.026815,1776739706478517700,0.116572,0.492137,0.099103,-0.085252,0.014314,0.886246,0.454815,0.325046,-0.128161,0.163695,-0.319523,0.498254,0.609183,0.528014,-0.071837,-0.077812,0.087449,0.149309,-0.537287,0.634585,0.535154
2026-04-21T02:48:26.496182+00:00,1.044480,1776739706496182500,0.115192,0.492101,0.099519,-0.085796,0.013712,0.886223,0.454608,0.324344,-0.127933,0.164080,-0.316442,0.495896,0.607586,0.533764,-0.072814,-0.078466,0.087734,0.149523,-0.537374,0.633913,0.535292
2026-04-21T02:48:26.512549+00:00,1.060846,1776739706512548600,0.113908,0.492108,0.099937,-0.086241,0.013067,0.886716,0.454107,0.323654,-0.127556,0.164091,-0.315208,0.493932,0.605541,0.538125,-0.073641,-0.079160,0.088150,0.149655,-0.538081,0.632824,0.536125
2026-04-21T02:48:26.536330+00:00,1.084627,1776739706536329700,0.112240,0.492356,0.100503,-0.086425,0.012128,0.887076,0.452907,0.322856,-0.125990,0.163797,-0.314784,0.492238,0.604333,0.541372,-0.074460,-0.079821,0.088572,0.150213,-0.538863,0.632093,0.536604
2026-04-21T02:48:26.549361+00:00,1.097658,1776739706549361000,0.111054,0.492456,0.100921,-0.086237,0.011368,0.887606,0.452066,0.322235,-0.123236,0.162985,-0.312592,0.494218,0.606009,0.539022,-0.074910,-0.080103,0.088788,0.150500,-0.538604,0.631750,0.536662
2026-04-21T02:48:26.566701+00:00,1.114998,1776739706566700800,0.109644,0.492859,0.101423,-0.085871,0.010457,0.888129,0.451022,0.321621,-0.119263,0.161456,-0.305531,0.498228,0.608137,0.537353,-0.075343,-0.080315,0.088956,0.150695,-0.538585,0.631875,0.536547
2026-04-21T02:48:26.583509+00:00,1.131807,1776739706583509600,0.108290,0.493276,0.101942,-0.085125,0.009417,0.889128,0.450006,0.321192,-0.113868,0.159816,-0.295268,0.505522,0.609016,0.535134,-0.075685,-0.080359,0.089036,0.150615,-0.538585,0.631998,0.536426
2026-04-21T02:48:26.600577+00:00,1.148875,1776739706600577200,0.106812,0.493809,0.102542,-0.084019,0.008025,0.889666,0.448701,0.320806,-0.107167,0.158025,-0.282330,0.516825,0.609322,0.531134,-0.075968,-0.080404,0.089100,0.150635,-0.538574,0.632815,0.535642
2026-04-21T02:48:26.617676+00:00,1.165974,1776739706617676500,0.105301,0.494376,0.103209,-0.082427,0.006254,0.890710,0.447128,0.320563,-0.098862,0.156287,-0.266833,0.530804,0.608875,0.525660,-0.076181,-0.080356,0.089109,0.150762,-0.538568,0.633349,0.535104
2026-04-21T02:48:26.634847+00:00,1.183144,1776739706634846800,0.103756,0.494939,0.103912,-0.080472,0.004190,0.891764,0.445541,0.320524,-0.089374,0.154660,-0.248405,0.547321,0.610474,0.515963,-0.076373,-0.080171,0.089107,0.150896,-0.538593,0.633859,0.534073
2026-04-21T02:48:26.651611+00:00,1.199908,1776739706651611000,0.102289,0.495470,0.104614,-0.078335,0.002167,0.892284,0.444031,0.320460,-0.079629,0.153180,-0.230108,0.562804,0.611844,0.506074,-0.076510,-0.079916,0.088962,0.150888,-0.538637,0.634343,0.533547
2026-04-21T02:48:26.668850+00:00,1.217148,1776739706668850500,0.100938,0.495876,0.105246,-0.076163,0.000187,0.893226,0.443125,0.319980,-0.068280,0.152942,-0.209245,0.576738,0.619408,0.489588,-0.076668,-0.079692,0.088596,0.151009,-0.539232,0.634360,0.532442
2026-04-21T02:48:26.685819+00:00,1.234117,1776739706685819200,0.099747,0.496220,0.105820,-0.074075,-0.001610,0.893952,0.442266,0.319563,-0.057554,0.153626,-0.191299,0.587937,0.626393,0.474764,-0.076753,-0.079531,0.088133,0.151003,-0.540344,0.634804,0.531382
2026-04-21T02:48:26.703021+00:00,1.251318,1776739706703020900,0.098714,0.496534,0.106336,-0.072086,-0.003255,0.894470,0.441501,0.318620,-0.047235,0.155368,-0.175779,0.595558,0.633883,0.460856,-0.076834,-0.079427,0.087637,0.151007,-0.541299,0.634925,0.530263
2026-04-21T02:48:26.719924+00:00,1.268221,1776739706719923800,0.097826,0.496846,0.106731,-0.070256,-0.004680,0.895000,0.440460,0.317245,-0.037782,0.159035,-0.163436,0.599229,0.641634,0.450128,-0.076890,-0.079415,0.087067,0.150995,-0.542908,0.633831,0.529799
2026-04-21T02:48:26.737999+00:00,1.286296,1776739706737998900,0.097042,0.497120,0.107028,-0.068448,-0.005882,0.895274,0.439809,0.315555,-0.029202,0.164721,-0.151545,0.601080,0.647819,0.442787,-0.076781,-0.079763,0.086535,0.151128,-0.544236,0.632917,0.529491
2026-04-21T02:48:26.755074+00:00,1.303371,1776739706755073800,0.096463,0.497306,0.107179,-0.066903,-0.006815,0.895541,0.439663,0.313758,-0.022851,0.171806,-0.142581,0.601571,0.649894,0.442020,-0.076736,-0.080349,0.086123,0.151225,-0.545074,0.631090,0.530918
2026-04-21T02:48:26.772443+00:00,1.320741,1776739706772443200,0.095989,0.497449,0.107244,-0.065449,-0.007760,0.896028,0.439437,0.311757,-0.018593,0.180718,-0.136642,0.600602,0.648474,0.447421,-0.076381,-0.081113,0.085690,0.150837,-0.546121,0.629354,0.532182
2026-04-21T02:48:26.789688+00:00,1.337986,1776739706789688300,0.095537,0.497577,0.107353,-0.064049,-0.008710,0.895989,0.439441,0.309520,-0.016106,0.190828,-0.134200,0.598988,0.644734,0.455924,-0.075873,-0.081954,0.085264,0.149189,-0.546644,0.626557,0.535119
2026-04-21T02:48:26.807196+00:00,1.355493,1776739706807195700,0.095185,0.497656,0.107159,-0.062695,-0.009560,0.895997,0.439687,0.307027,-0.015602,0.201487,-0.134616,0.596708,0.641083,0.463651,-0.075227,-0.082912,0.084850,0.146908,-0.547301,0.623765,0.538322
2026-04-21T02:48:26.824215+00:00,1.372513,1776739706824215100,0.094845,0.497706,0.106751,-0.061359,-0.010159,0.895996,0.439944,0.304510,-0.015849,0.211925,-0.137515,0.592732,0.639365,0.469667,-0.074458,-0.083735,0.084430,0.144665,-0.548334,0.621108,0.541001
2026-04-21T02:48:26.841198+00:00,1.389495,1776739706841197700,0.094567,0.497751,0.106241,-0.060120,-0.010595,0.895993,0.440205,0.301662,-0.018240,0.222453,-0.143214,0.587222,0.639146,0.475451,-0.073526,-0.084343,0.083905,0.143099,-0.549394,0.619025,0.543046
2026-04-21T02:48:26.858761+00:00,1.407058,1776739706858760800,0.094294,0.497836,0.105656,-0.058832,-0.010966,0.895989,0.440291,0.298778,-0.021136,0.233184,-0.149427,0.580828,0.639043,0.481492,-0.072510,-0.084741,0.083280,0.142157,-0.550909,0.617560,0.543473
2026-04-21T02:48:26.875554+00:00,1.423851,1776739706875553800,0.094008,0.497967,0.105044,-0.057413,-0.011339,0.896014,0.440422,0.295632,-0.027097,0.244162,-0.158715,0.570149,0.637295,0.494010,-0.071412,-0.084958,0.082603,0.142142,-0.551966,0.616562,0.543388
2026-04-21T02:48:26.892653+00:00,1.440950,1776739706892652600,0.093829,0.498054,0.104634,-0.055840,-0.011767,0.895927,0.440034,0.292516,-0.032880,0.255171,-0.167883,0.559500,0.633838,0.506771,-0.070250,-0.085014,0.081917,0.143100,-0.552994,0.616054,0.542810
2026-04-21T02:48:26.909522+00:00,1.457820,1776739706909522100,0.093534,0.498388,0.104101,-0.054134,-0.012090,0.896412,0.439563,0.289448,-0.038526,0.266053,-0.176731,0.549251,0.630679,0.518773,-0.069098,-0.084951,0.081252,0.144267,-0.553982,0.615048,0.541834
2026-04-21T02:48:26.927870+00:00,1.476168,1776739706927870100,0.092888,0.499036,0.103382,-0.051987,-0.012577,0.896955,0.438749,0.286263,-0.047618,0.275437,-0.189658,0.537288,0.623829,0.534904,-0.067772,-0.084806,0.080434,0.144994,-0.554650,0.614769,0.541522
2026-04-21T02:48:26.944404+00:00,1.492701,1776739706944403700,0.092459,0.499511,0.102949,-0.049748,-0.013091,0.897460,0.437989,0.283446,-0.054871,0.283514,-0.200667,0.526116,0.619573,0.546748,-0.066572,-0.084191,0.079681,0.145382,-0.555169,0.614259,0.541021
2026-04-21T02:48:26.961285+00:00,1.509583,1776739706961285100,0.091929,0.499985,0.102516,-0.047315,-0.013585,0.897682,0.437425,0.280612,-0.062071,0.291238,-0.211272,0.515280,0.615480,0.557410,-0.065329,-0.083433,0.078816,0.145641,-0.556187,0.614257,0.540490
2026-04-21T02:48:26.978323+00:00,1.526620,1776739706978322700,0.091413,0.500416,0.102096,-0.044759,-0.013824,0.897985,0.436970,0.277841,-0.069192,0.297797,-0.219742,0.504919,0.612196,0.567659,-0.064090,-0.082545,0.077886,0.145760,-0.556737,0.614248,0.539950
2026-04-21T02:48:26.995348+00:00,1.543645,1776739706995347700,0.090884,0.500782,0.101693,-0.042094,-0.014005,0.898492,0.436704,0.275213,-0.075679,0.303774,-0.226345,0.493926,0.610241,0.576631,-0.062932,-0.081696,0.076880,0.145770,-0.557260,0.614236,0.539435
2026-04-21T02:48:27.012393+00:00,1.560691,1776739707012393500,0.090414,0.501156,0.101338,-0.039331,-0.014121,0.899007,0.436420,0.272744,-0.081486,0.308473,-0.232825,0.482849,0.611335,0.582548,-0.061788,-0.080764,0.075898,0.146041,-0.558211,0.614158,0.538516
2026-04-21T02:48:27.029334+00:00,1.577631,1776739707029333700,0.089955,0.501546,0.101031,-0.036608,-0.014102,0.899182,0.435936,0.270526,-0.086488,0.312751,-0.239986,0.471462,0.612693,0.586894,-0.060753,-0.079856,0.074881,0.146663,-0.559307,0.613743,0.537345
2026-04-21T02:48:27.046413+00:00,1.594711,1776739707046413200,0.089485,0.501901,0.100760,-0.033918,-0.014021,0.899368,0.435368,0.268604,-0.090864,0.315906,-0.246681,0.462337,0.613284,0.590939,-0.059698,-0.079011,0.073844,0.147311,-0.559832,0.613714,0.536841
2026-04-21T02:48:27.063443+00:00,1.611740,1776739707063442600,0.089159,0.502234,0.100519,-0.031245,-0.014031,0.899689,0.434906,0.267133,-0.094930,0.318722,-0.251963,0.455947,0.611892,0.594994,-0.058723,-0.078228,0.072806,0.147684,-0.560477,0.613308,0.536181
2026-04-21T02:48:27.080502+00:00,1.628799,1776739707080501600,0.088864,0.502504,0.100313,-0.028491,-0.014361,0.899898,0.434576,0.266001,-0.098907,0.320818,-0.255344,0.452476,0.607111,0.601103,-0.057729,-0.077456,0.071783,0.147825,-0.561510,0.613286,0.535654
2026-04-21T02:48:27.097473+00:00,1.645771,1776739707097473400,0.088650,0.502684,0.100102,-0.025689,-0.014663,0.900398,0.434319,0.265212,-0.102889,0.322810,-0.257905,0.450844,0.600866,0.607721,-0.056820,-0.076771,0.070735,0.148089,-0.562569,0.612771,0.534616
2026-04-21T02:48:27.114458+00:00,1.662755,1776739707114457500,0.088537,0.502840,0.099840,-0.023000,-0.014830,0.900395,0.434333,0.264592,-0.106509,0.324197,-0.260915,0.449804,0.592999,0.614724,-0.055914,-0.076104,0.069722,0.148437,-0.563617,0.612577,0.533696
2026-04-21T02:48:27.132160+00:00,1.680458,1776739707132160300,0.088514,0.502927,0.099561,-0.020409,-0.014865,0.900376,0.434381,0.264225,-0.109661,0.325873,-0.265259,0.448897,0.582113,0.623873,-0.054971,-0.075591,0.068760,0.149496,-0.564574,0.612245,0.533086
2026-04-21T02:48:27.148971+00:00,1.697268,1776739707148970400,0.088487,0.502959,0.099251,-0.018123,-0.014813,0.900423,0.434729,0.264125,-0.110928,0.326642,-0.265387,0.453980,0.575080,0.626968,-0.054064,-0.075132,0.067981,0.150919,-0.565020,0.611739,0.532605
2026-04-21T02:48:27.166562+00:00,1.714859,1776739707166561500,0.088889,0.502952,0.098912,-0.015922,-0.014841,0.899920,0.435260,0.264277,-0.111270,0.327221,-0.264245,0.457074,0.575036,0.625044,-0.053080,-0.074809,0.067289,0.152803,-0.565006,0.611723,0.532552
2026-04-21T02:48:27.183096+00:00,1.731394,1776739707183096300,0.089496,0.502916,0.098554,-0.014042,-0.014927,0.899919,0.435753,0.264385,-0.111248,0.327545,-0.263346,0.458114,0.578340,0.621373,-0.052203,-0.074504,0.066804,0.154814,-0.565182,0.611024,0.531817
2026-04-21T02:48:27.203805+00:00,1.752102,1776739707203804900,0.090468,0.502787,0.098077,-0.012129,-0.014941,0.899362,0.436636,0.264597,-0.110113,0.327916,-0.263309,0.458502,0.582139,0.617498,-0.051103,-0.074143,0.066212,0.157155,-0.565504,0.610611,0.531263
2026-04-21T02:48:27.219219+00:00,1.767517,1776739707219219500,0.091532,0.502472,0.097606,-0.010851,-0.014692,0.898807,0.437997,0.264829,-0.108834,0.327962,-0.262627,0.459706,0.585198,0.614346,-0.050195,-0.074135,0.066511,0.157488,-0.567700,0.608539,0.531162
2026-04-21T02:48:27.236285+00:00,1.784583,1776739707236285300,0.092871,0.501972,0.097137,-0.009716,-0.014213,0.898280,0.439540,0.265204,-0.107350,0.328015,-0.261467,0.461685,0.587417,0.611306,-0.049222,-0.073967,0.066529,0.158513,-0.569013,0.607173,0.531016
2026-04-21T02:48:27.253227+00:00,1.801524,1776739707253226400,0.094364,0.501346,0.096677,-0.008755,-0.013653,0.897227,0.441614,0.265789,-0.105682,0.327559,-0.260146,0.464059,0.589497,0.607672,-0.048036,-0.073788,0.066964,0.159095,-0.571084,0.605768,0.531034
2026-04-21T02:48:27.270484+00:00,1.818781,1776739707270484000,0.096152,0.500557,0.096201,-0.007975,-0.012794,0.895701,0.444186,0.266641,-0.103597,0.326644,-0.258315,0.466844,0.591004,0.604674,-0.046846,-0.073562,0.067757,0.160859,-0.572865,0.604000,0.530011
2026-04-21T02:48:27.287335+00:00,1.835632,1776739707287334900,0.098180,0.499649,0.095702,-0.007627,-0.011309,0.894162,0.447512,0.267702,-0.101044,0.325351,-0.255261,0.469748,0.593090,0.602084,-0.045525,-0.073310,0.068995,0.163110,-0.575080,0.602315,0.529391
2026-04-21T02:48:27.304194+00:00,1.852491,1776739707304193700,0.100471,0.498824,0.095207,-0.007615,-0.009238,0.892348,0.450665,0.268959,-0.097808,0.323667,-0.250866,0.473264,0.595395,0.598729,-0.044153,-0.073076,0.070617,0.164424,-0.577608,0.599639,0.528808
2026-04-21T02:48:27.321284+00:00,1.869581,1776739707321283500,0.103053,0.498216,0.094758,-0.007746,-0.006833,0.891557,0.452726,0.270472,-0.093811,0.321407,-0.245056,0.477340,0.599348,0.594260,-0.042555,-0.072851,0.072744,0.164410,-0.581309,0.595928,0.529320
2026-04-21T02:48:27.338624+00:00,1.886922,1776739707338624300,0.105828,0.497864,0.094374,-0.007846,-0.004342,0.890768,0.454062,0.272163,-0.089069,0.318592,-0.238235,0.481732,0.603559,0.589136,-0.040785,-0.072668,0.075250,0.164679,-0.585056,0.592207,0.529247
2026-04-21T02:48:27.355501+00:00,1.903799,1776739707355501200,0.108809,0.497675,0.093993,-0.008112,-0.001742,0.890560,0.454474,0.274384,-0.083654,0.314968,-0.229746,0.486523,0.608133,0.583821,-0.038891,-0.072445,0.078014,-0.166268,0.588860,-0.588766,-0.528047
2026-04-21T02:48:27.373903+00:00,1.922201,1776739707373903400,0.112094,0.497523,0.093574,-0.008793,0.001327,0.890000,0.455340,0.276944,-0.077521,0.310649,-0.220343,0.492069,0.613189,0.577530,-0.036626,-0.072384,0.081291,-0.170603,0.592858,-0.586621,-0.524688
2026-04-21T02:48:27.389264+00:00,1.937561,1776739707389263700,0.115335,0.497359,0.093135,-0.009820,0.004301,0.889775,0.456554,0.279742,-0.071623,0.306084,-0.209888,0.498040,0.616998,0.571821,-0.034224,-0.072476,0.084844,-0.175080,0.596189,-0.582827,-0.523650
2026-04-21T02:48:27.407320+00:00,1.955618,1776739707407320700,0.119181,0.497259,0.092618,-0.011190,0.007657,0.889174,0.457496,0.283070,-0.064660,0.300499,-0.197901,0.505117,0.621347,0.565139,-0.031385,-0.072789,0.089062,-0.179976,0.599644,-0.578678,-0.522646
2026-04-21T02:48:27.424429+00:00,1.972726,1776739707424429000,0.122940,0.497210,0.092164,-0.012518,0.010627,0.888674,0.457762,0.287168,-0.057479,0.293781,-0.186921,0.513501,0.625495,0.556667,-0.027815,-0.073574,0.094041,-0.182126,0.600233,-0.575297,-0.524653
2026-04-21T02:48:27.441462+00:00,1.989759,1776739707441461600,0.126859,0.497378,0.091696,-0.013874,0.013472,0.888676,0.457696,0.291377,-0.050371,0.286831,-0.176255,0.521489,0.630356,0.546853,-0.023816,-0.075024,0.099213,-0.184492,0.600079,-0.571574,-0.528503
2026-04-21T02:48:27.458456+00:00,2.006754,1776739707458456400,0.130887,0.497601,0.091215,-0.015448,0.016409,0.889162,0.457499,0.295814,-0.043156,0.279137,-0.165818,0.529840,0.635636,0.536625,-0.019745,-0.076630,0.104519,-0.187389,0.599340,-0.569037,-0.530893
2026-04-21T02:48:27.475703+00:00,2.024001,1776739707475703100,0.135038,0.497912,0.090729,-0.017242,0.019382,0.888656,0.457273,0.300454,-0.035821,0.270908,-0.155129,0.537980,0.640294,0.525818,-0.015458,-0.078498,0.110006,-0.191256,0.597753,-0.565817,-0.534460
2026-04-21T02:48:27.492483+00:00,2.040781,1776739707492483100,0.139213,0.498177,0.090251,-0.019039,0.022331,0.888674,0.457222,0.305564,-0.029072,0.262052,-0.143133,0.545369,0.644992,0.515684,-0.010991,-0.080572,0.115633,-0.194958,0.595355,-0.563862,-0.537804
2026-04-21T02:48:27.509648+00:00,2.057945,1776739707509647900,0.143465,0.498424,0.089806,-0.020617,0.025159,0.889144,0.456852,0.310794,-0.022356,0.252701,-0.131328,0.552597,0.650058,0.504992,-0.006098,-0.083018,0.121360,-0.197353,0.591036,-0.563880,-0.541729
2026-04-21T02:48:27.526350+00:00,2.074647,1776739707526349800,0.147540,0.498665,0.089397,-0.021788,0.027715,0.889152,0.456581,0.316122,-0.016374,0.243236,-0.121576,0.558896,0.654967,0.493885,-0.001249,-0.085528,0.126978,-0.199165,0.586576,-0.564018,-0.546073
2026-04-21T02:48:27.543428+00:00,2.091725,1776739707543428000,0.151761,0.498834,0.089025,-0.022793,0.030359,0.889163,0.456304,0.321638,-0.010778,0.233290,-0.113174,0.564831,0.659859,0.482462,0.003525,-0.088301,0.132490,-0.201721,0.581003,-0.563959,-0.550928
2026-04-21T02:48:27.560485+00:00,2.108783,1776739707560485400,0.156009,0.498938,0.088676,-0.024067,0.033493,0.888666,0.456303,0.327202,-0.005642,0.222904,-0.105877,0.570668,0.663859,0.471793,0.008271,-0.091311,0.137957,-0.206357,0.576226,-0.564445,-0.554175
2026-04-21T02:48:27.577619+00:00,2.125916,1776739707577618600,0.160442,0.498938,0.088364,-0.025797,0.037063,0.888641,0.456567,0.332800,-0.001102,0.212397,-0.098613,0.576931,0.666666,0.461904,0.012744,-0.094271,0.143178,-0.212268,0.571505,-0.565008,-0.555743
2026-04-21T02:48:27.596211+00:00,2.144509,1776739707596211400,0.165304,0.498928,0.088088,-0.027950,0.041085,0.888128,0.456811,0.339022,0.002461,0.201056,-0.090568,0.583992,0.667481,0.453116,0.017537,-0.097569,0.148720,-0.217738,0.566963,-0.566704,-0.556961
2026-04-21T02:48:27.613000+00:00,2.161298,1776739707613000100,0.169709,0.498925,0.087890,-0.029833,0.044368,0.887723,0.456827,0.344567,0.005041,0.191044,-0.083384,0.590334,0.667365,0.446114,0.021710,-0.100678,0.153354,0.220307,-0.562569,0.567709,0.559346
2026-04-21T02:48:27.634340+00:00,2.182637,1776739707634339800,0.174912,0.498884,0.087765,-0.031968,0.047886,0.887691,0.456534,0.351015,0.007307,0.179079,-0.075839,0.597876,0.667073,0.437787,0.026742,-0.104416,0.159055,0.224445,-0.555742,0.569204,0.562248
2026-04-21T02:48:27.649346+00:00,2.197643,1776739707649346000,0.178960,0.498829,0.087685,-0.033675,0.050528,0.887689,0.456293,0.355879,0.008434,0.170078,-0.072265,0.602952,0.667760,0.430359,0.030474,-0.107199,0.162997,0.229277,-0.550465,0.571924,0.563526
2026-04-21T02:48:27.666342+00:00,2.214639,1776739707666341600,0.183345,0.498872,0.087552,-0.035641,0.053438,0.887669,0.456297,0.360816,0.009042,0.160536,-0.071764,0.607489,0.668792,0.422863,0.034325,-0.109994,0.167047,0.234436,-0.544074,0.575166,0.564036
2026-04-21T02:48:27.683455+00:00,2.231752,1776739707683454800,0.187605,0.498863,0.087438,-0.037717,0.056314,0.887156,0.456306,0.365562,0.009106,0.151309,-0.072739,0.610937,0.669804,0.415987,0.038123,-0.112777,0.170825,0.239670,-0.536532,0.578915,0.565178
2026-04-21T02:48:27.700968+00:00,2.249265,1776739707700967600,0.191881,0.498786,0.087322,-0.039788,0.059099,0.887105,0.456603,0.370044,0.009118,0.142341,-0.074673,0.613809,0.670418,0.410079,0.041936,-0.115598,0.174624,0.244361,-0.528415,0.582697,0.567234
2026-04-21T02:48:27.717711+00:00,2.266009,1776739707717711400,0.195832,0.498809,0.087202,-0.041685,0.061610,0.886287,0.456752,0.374070,0.008572,0.134163,-0.076412,0.616366,0.670946,0.405425,0.045379,-0.118328,0.177935,0.249070,-0.519863,0.585179,0.570328
2026-04-21T02:48:27.734924+00:00,2.283221,1776739707734923700,0.199808,0.498714,0.087101,-0.043508,0.064088,0.886255,0.457023,0.377876,0.007713,0.126229,-0.078091,0.617899,0.671521,0.401235,0.048666,-0.120984,0.181068,0.254477,-0.511813,0.586785,0.573524
2026-04-21T02:48:27.751733+00:00,2.300031,1776739707751733300,0.203570,0.498647,0.087037,-0.045219,0.066356,0.885747,0.457033,0.381276,0.006555,0.118904,-0.080205,0.618825,0.672685,0.397037,0.051558,-0.123238,0.183762,0.260178,-0.504004,0.588834,0.575666
2026-04-21T02:48:27.768621+00:00,2.316919,1776739707768621100,0.207257,0.498579,0.087000,-0.046866,0.068553,0.885746,0.456792,0.384375,0.005524,0.111895,-0.082833,0.619148,0.674813,0.392561,0.054251,-0.125131,0.185932,0.265373,-0.496606,0.591307,0.577133
2026-04-21T02:48:27.785486+00:00,2.333784,1776739707785486400,0.210874,0.498514,0.087006,-0.048529,0.070763,0.885722,0.456778,0.387069,0.004481,0.105276,-0.085973,0.619058,0.677503,0.388028,0.056728,-0.126707,0.187774,0.268272,-0.491069,0.592884,0.579221
2026-04-21T02:48:27.804508+00:00,2.352806,1776739707804508200,0.214488,0.498479,0.087032,-0.050294,0.073029,0.885218,0.456544,0.389619,0.003472,0.098746,-0.089754,0.618635,0.680132,0.382807,0.059218,-0.128062,0.189361,0.272420,-0.483648,0.595081,0.581380
2026-04-21T02:48:27.819903+00:00,2.368200,1776739707819903000,0.217938,0.498431,0.087116,-0.052053,0.075246,0.884713,0.456539,0.391809,0.002119,0.092725,-0.093362,0.619622,0.681633,0.377959,0.061601,-0.129069,0.190673,0.276203,-0.475381,0.597767,0.583573
2026-04-21T02:48:27.837475+00:00,2.385772,1776739707837475000,0.221472,0.498344,0.087214,-0.053909,0.077507,0.884690,0.456529,0.393738,0.000832,0.087075,-0.096145,0.620667,0.682130,0.373899,0.064009,-0.129869,0.191768,0.279094,-0.466684,0.600757,0.586337
2026-04-21T02:48:27.854084+00:00,2.402382,1776739707854084600,0.224697,0.498276,0.087350,-0.055674,0.079611,0.884191,0.456518,0.395349,-0.000472,0.082200,-0.097753,0.622670,0.681910,0.370921,0.066112,-0.129912,0.192172,0.279567,-0.459419,0.606313,0.585797
2026-04-21T02:48:27.871136+00:00,2.419434,1776739707871136400,0.227985,0.498184,0.087461,-0.057476,0.081744,0.884298,0.456307,0.396622,-0.002051,0.077874,-0.098318,0.624877,0.680390,0.369731,0.068084,-0.129498,0.192371,0.279279,-0.452131,0.612433,0.584983
2026-04-21T02:48:27.888352+00:00,2.436650,1776739707888352400,0.231115,0.498079,0.087618,-0.059315,0.083911,0.883791,0.456299,0.397620,-0.003730,0.074067,-0.099508,0.627495,0.678194,0.369327,0.069953,-0.129041,0.192504,0.279541,-0.444191,0.617749,0.585482
2026-04-21T02:48:27.905302+00:00,2.453600,1776739707905302200,0.234218,0.497930,0.087683,-0.061246,0.086201,0.883276,0.456548,0.398339,-0.005449,0.070787,-0.101526,0.628992,0.676080,0.369458,0.071721,-0.129071,0.192685,0.279338,-0.436533,0.620716,0.588257
2026-04-21T02:48:27.922446+00:00,2.470743,1776739707922445900,0.237218,0.497723,0.087779,-0.063258,0.088567,0.883247,0.456550,0.398563,-0.007240,0.067923,-0.104139,0.630281,0.674743,0.369711,0.073344,-0.128653,0.192742,0.277874,-0.429070,0.627081,0.587960
2026-04-21T02:48:27.939365+00:00,2.487662,1776739707939364600,0.240142,0.497518,0.087790,-0.065270,0.091054,0.882731,0.456549,0.398780,-0.009184,0.065320,-0.106405,0.631325,0.673386,0.369858,0.074769,-0.128323,0.192827,0.276674,-0.420573,0.631720,0.589136
2026-04-21T02:48:27.956538+00:00,2.504836,1776739707956538100,0.242930,0.497315,0.087803,-0.067299,0.093560,0.882209,0.456553,0.398792,-0.011163,0.063160,-0.107812,0.631348,0.672836,0.370381,0.075948,-0.127960,0.192927,0.275234,-0.412576,0.637052,0.590002
2026-04-21T02:48:27.973754+00:00,2.522051,1776739707973753700,0.245681,0.497099,0.087777,-0.069277,0.096071,0.881893,0.456533,0.398589,-0.013244,0.061411,-0.108615,0.631350,0.671826,0.371413,0.076686,-0.127576,0.192973,0.273812,-0.406163,0.639971,0.591834
2026-04-21T02:48:27.991030+00:00,2.539327,1776739707991029900,0.248285,0.496917,0.087709,-0.071102,0.098460,0.881386,0.456792,0.398000,-0.015445,0.060210,-0.109281,0.631356,0.670715,0.373337,0.077066,-0.127322,0.192988,0.271940,-0.401645,0.640674,0.595366
2026-04-21T02:48:28.008175+00:00,2.556473,1776739708008175100,0.250748,0.496810,0.087638,-0.072881,0.100639,0.880866,0.456555,0.397231,-0.017642,0.059448,-0.110030,0.631336,0.669086,0.375835,0.076970,-0.127023,0.193061,0.269681,-0.398766,0.639844,0.598725
2026-04-21T02:48:28.025634+00:00,2.573931,1776739708025633700,0.253148,0.496766,0.087577,-0.074487,0.102639,0.880859,0.456020,0.396349,-0.019850,0.059094,-0.110861,0.631273,0.667449,0.378893,0.076716,-0.125897,0.193048,0.268745,-0.397388,0.640243,0.600057
2026-04-21T02:48:28.042322+00:00,2.590619,1776739708042321800,0.255462,0.496756,0.087520,-0.076165,0.104584,0.880867,0.455228,0.395420,-0.021880,0.058969,-0.111569,0.631267,0.665893,0.381990,0.075739,-0.123710,0.192982,0.267956,-0.397796,0.642849,0.597353
2026-04-21T02:48:28.060369+00:00,2.608666,1776739708060368800,0.257782,0.496854,0.087454,-0.078021,0.106838,0.880873,0.454147,0.394427,-0.023792,0.058897,-0.112126,0.630762,0.664450,0.384913,0.074349,-0.119752,0.192155,0.265529,-0.400020,0.646261,0.593273
2026-04-21T02:48:28.077058+00:00,2.625355,1776739708077057900,0.260034,0.496886,0.087418,-0.079956,0.109013,0.880862,0.453119,0.393452,-0.025468,0.059117,-0.112413,0.630611,0.663459,0.386966,0.072818,-0.114574,0.191270,0.261835,-0.404203,0.650183,0.587956
2026-04-21T02:48:28.093859+00:00,2.642157,1776739708093859200,0.262233,0.497065,0.087346,-0.082033,0.111201,0.881339,0.452297,0.392499,-0.026696,0.059270,-0.112029,0.629825,0.663590,0.387772,0.071189,-0.107284,0.190638,0.254898,-0.412888,0.652807,0.581885
2026-04-21T02:48:28.111077+00:00,2.659375,1776739708111077100,0.264419,0.497368,0.087308,-0.084264,0.113493,0.881336,0.451017,0.391500,-0.027782,0.059492,-0.111646,0.629460,0.663858,0.388207,0.069502,-0.098605,0.190159,0.244767,-0.424630,0.655250,0.574456
2026-04-21T02:48:28.128081+00:00,2.676378,1776739708128080700,0.266610,0.497811,0.087273,-0.086536,0.115893,0.881347,0.449714,0.390566,-0.028585,0.059524,-0.111299,0.628422,0.664603,0.388122,0.068049,-0.088718,0.189776,0.231602,-0.439032,0.658581,0.565721
2026-04-21T02:48:28.145179+00:00,2.693477,1776739708145179200,0.268701,0.498131,0.087276,-0.088840,0.118525,0.881350,0.448405,0.389650,-0.029224,0.059571,-0.110923,0.628279,0.665764,0.387542,0.067087,-0.077705,0.189846,0.216977,-0.453639,0.663364,0.554047
2026-04-21T02:48:28.162559+00:00,2.710856,1776739708162558800,0.270690,0.498304,0.087311,-0.091085,0.121166,0.881330,0.447434,0.388768,-0.029840,0.059590,-0.110418,0.627845,0.666291,0.386675,0.066809,-0.065999,0.190200,0.200548,-0.467763,0.669389,0.541059
2026-04-21T02:48:28.179367+00:00,2.727664,1776739708179366600,0.272502,0.498361,0.087313,-0.093146,0.123823,0.881185,0.446871,0.387990,-0.030406,0.059496,-0.109858,0.627906,0.666942,0.385608,0.066939,-0.054507,0.190940,0.183827,-0.480756,0.675456,0.527909
2026-04-21T02:48:28.196344+00:00,2.744641,1776739708196343900,0.274150,0.498408,0.087288,-0.095146,0.126250,0.880801,0.446168,0.387277,-0.031156,0.059265,-0.109308,0.628134,0.667648,0.384456,0.068568,-0.043166,0.193056,0.164276,-0.489200,0.683198,0.516546
2026-04-21T02:48:28.213389+00:00,2.761687,1776739708213389200,0.275704,0.498438,0.087275,-0.097105,0.128404,0.880407,0.445677,0.386562,-0.031910,0.059024,-0.108806,0.628544,0.667984,0.383344,0.071164,-0.032409,0.196177,0.145663,-0.495293,0.689970,0.507078
2026-04-21T02:48:28.231322+00:00,2.779619,1776739708231321800,0.277185,0.498430,0.087167,-0.099155,0.130480,0.880388,0.445108,0.386006,-0.032857,0.058508,-0.109444,0.630046,0.666615,0.382849,0.074832,-0.021964,0.200370,0.127264,-0.498712,0.697093,0.498871
2026-04-21T02:48:28.248071+00:00,2.796369,1776739708248071100,0.278377,0.498412,0.086900,-0.101089,0.132164,0.880378,0.444588,0.385493,-0.033776,0.058026,-0.109812,0.631186,0.665715,0.382534,0.079284,-0.013036,0.205339,0.111884,-0.499199,0.703942,0.493011
2026-04-21T02:48:28.265055+00:00,2.813352,1776739708265054600,0.279482,0.498413,0.086482,-0.103108,0.133600,0.879870,0.444325,0.385010,-0.034792,0.057702,-0.110112,0.632575,0.664430,0.382387,0.084198,-0.005302,0.210897,0.098485,-0.498773,0.709117,0.488419
2026-04-21T02:48:28.282776+00:00,2.831073,1776739708282775600,0.280484,0.498409,0.085937,-0.105060,0.134853,0.879752,0.443862,0.384617,-0.035792,0.057224,-0.110238,0.634331,0.661950,0.383505,0.089828,0.001379,0.217680,0.085298,-0.498801,0.712817,0.485935
2026-04-21T02:48:28.299659+00:00,2.847957,1776739708299659300,0.281375,0.498464,0.085281,-0.106797,0.135661,0.879386,0.443243,0.384255,-0.036841,0.056879,-0.110428,0.635825,0.660156,0.384067,0.095394,0.005247,0.225104,0.074708,-0.498939,0.712190,0.488520
2026-04-21T02:48:28.316557+00:00,2.864854,1776739708316556700,0.282135,0.498522,0.084462,-0.108477,0.136449,0.879374,0.442736,0.383990,-0.037798,0.056326,-0.110651,0.637036,0.658673,0.384124,0.101462,0.007192,0.233851,0.066977,-0.497013,0.709137,0.495581
2026-04-21T02:48:28.333879+00:00,2.882177,1776739708333879500,0.282883,0.498597,0.083444,-0.110171,0.137290,0.879439,0.442420,0.383695,-0.038851,0.055875,-0.110905,0.638412,0.657089,0.384479,0.107948,0.007026,0.243641,0.064378,-0.492584,0.704061,0.507079
2026-04-21T02:48:28.350774+00:00,2.899071,1776739708350773900,0.283493,0.498699,0.082282,-0.111789,0.138085,0.878932,0.442415,0.383649,-0.039503,0.054963,-0.111253,0.639811,0.656605,0.383733,0.114376,0.006111,0.253389,0.063351,-0.487553,0.699166,0.518709
2026-04-21T02:48:28.367763+00:00,2.916060,1776739708367762700,0.284181,0.498859,0.081012,-0.113423,0.138875,0.878908,0.441930,0.383556,-0.040282,0.054306,-0.111670,0.641361,0.655573,0.383182,0.120984,0.001058,0.264350,0.079121,-0.476981,0.694898,0.532007
2026-04-21T02:48:28.384754+00:00,2.933052,1776739708384754100,0.284794,0.499116,0.079695,-0.115094,0.139554,0.878872,0.441355,0.383509,-0.040811,0.053742,-0.112192,0.642431,0.654520,0.382411,0.127446,-0.004875,0.275075,0.093841,-0.465441,0.690479,0.545708
2026-04-21T02:48:28.401825+00:00,2.950122,1776739708401824900,0.285519,0.499555,0.078271,-0.116821,0.140182,0.879411,0.440105,0.383465,-0.041359,0.053165,-0.112744,0.643999,0.653432,0.381917,0.133868,-0.012652,0.285813,0.111077,-0.448396,0.685156,0.563296
2026-04-21T02:48:28.419017+00:00,2.967314,1776739708419017000,0.286181,0.500015,0.076812,-0.118665,0.140909,0.879525,0.438762,0.383512,-0.042066,0.052509,-0.113538,0.645124,0.652415,0.381372,0.139968,-0.021602,0.296313,0.128150,-0.429367,0.679736,0.580867
2026-04-21T02:48:28.436236+00:00,2.984533,1776739708436235700,0.286864,0.500471,0.075310,-0.120368,0.141462,0.879830,0.438011,0.383619,-0.042770,0.051764,-0.115394,0.645982,0.651378,0.380628,0.145343,-0.031110,0.305951,0.145003,-0.410833,0.673420,0.597299
2026-04-21T02:48:28.452926+00:00,3.001224,1776739708452926300,0.287568,0.500948,0.073829,-0.122100,0.142005,0.879949,0.436944,0.383745,-0.043399,0.051269,-0.117165,0.647062,0.650540,0.379683,0.149559,-0.040317,0.314107,0.159443,-0.396668,0.669069,0.608473
2026-04-21T02:48:28.470026+00:00,3.018323,1776739708470025700,0.288382,0.501518,0.072364,-0.124000,0.142699,0.880327,0.435508,0.383874,-0.044048,0.050760,-0.118990,0.648173,0.649673,0.378706,0.152750,-0.049378,0.321100,0.171778,-0.386554,0.664548,0.616137
2026-04-21T02:48:28.487472+00:00,3.035769,1776739708487471900,0.289259,0.502116,0.070903,-0.126120,0.143754,0.880356,0.433669,0.383884,-0.044364,0.050263,-0.121250,0.649635,0.648908,0.376993,0.155083,-0.057911,0.327181,0.180312,-0.381493,0.658510,0.622735
2026-04-21T02:48:28.504608+00:00,3.052906,1776739708504608100,0.290132,0.502720,0.069554,-0.128356,0.144677,0.880869,0.432084,0.383891,-0.044943,0.049949,-0.122070,0.650658,0.647678,0.376899,0.156375,-0.065499,0.331976,0.186333,-0.380118,0.652661,0.628060
2026-04-21T02:48:28.523152+00:00,3.071449,1776739708523151500,0.291087,0.503356,0.068179,-0.130469,0.145444,0.881133,0.430297,0.383841,-0.045573,0.049664,-0.122750,0.651789,0.646449,0.377040,0.156926,-0.072672,0.336228,0.193973,-0.380074,0.646359,0.632546
2026-04-21T02:48:28.540313+00:00,3.088611,1776739708540313700,0.291967,0.503928,0.067122,-0.132451,0.145902,0.881942,0.428533,0.383816,-0.046258,0.049487,-0.123863,0.652842,0.645494,0.377196,0.157006,-0.078207,0.339371,0.202226,-0.379095,0.641612,0.635355
2026-04-21T02:48:28.557110+00:00,3.105407,1776739708557109900,0.292762,0.504455,0.066159,-0.134334,0.146645,0.881802,0.427278,0.383706,-0.046812,0.049310,-0.125401,0.652833,0.645018,0.376942,0.156884,-0.082606,0.341652,0.209360,-0.376809,0.637709,0.637943
2026-04-21T02:48:28.574255+00:00,3.122552,1776739708574254600,0.293542,0.504870,0.065306,-0.136327,0.147690,0.882317,0.425930,0.383284,-0.047368,0.049153,-0.127003,0.652705,0.645149,0.376403,0.156740,-0.086249,0.343521,0.214691,-0.374739,0.634598,0.640829
2026-04-21T02:48:28.591161+00:00,3.139458,1776739708591160900,0.294191,0.505232,0.064568,-0.138045,0.148598,0.882321,0.425131,0.382730,-0.047831,0.048995,-0.128144,0.651975,0.645864,0.376009,0.156509,-0.088404,0.344244,0.215062,-0.376365,0.632760,0.641604
2026-04-21T02:48:28.608175+00:00,3.156473,1776739708608175400,0.294663,0.505567,0.063990,-0.139618,0.149516,0.882323,0.424092,0.382011,-0.048389,0.048917,-0.128496,0.651700,0.646068,0.376340,0.155776,-0.090052,0.344635,0.214967,-0.380277,0.629946,0.642083
2026-04-21T02:48:28.625203+00:00,3.173500,1776739708625202700,0.295025,0.505843,0.063470,-0.141003,0.150553,0.882351,0.423092,0.381236,-0.048965,0.048875,-0.128574,0.650684,0.646598,0.376838,0.155054,-0.091381,0.344839,0.214964,-0.384209,0.627288,0.642623
2026-04-21T02:48:28.642676+00:00,3.190974,1776739708642676100,0.295190,0.506052,0.063050,-0.142522,0.151615,0.882315,0.422275,0.380259,-0.049667,0.048861,-0.128707,0.650222,0.647167,0.376895,0.154355,-0.092768,0.344962,0.214970,-0.387039,0.623523,0.644334
2026-04-21T02:48:28.659432+00:00,3.207730,1776739708659432500,0.295171,0.506151,0.062654,-0.143989,0.152517,0.882221,0.421826,0.379232,-0.050389,0.048937,-0.128961,0.650095,0.647446,0.376345,0.153953,-0.094310,0.345120,0.215136,-0.388028,0.620357,0.647122
2026-04-21T02:48:28.676985+00:00,3.225283,1776739708676985300,0.295110,0.506238,0.062354,-0.144896,0.152804,0.881902,0.422033,0.377976,-0.051458,0.049073,-0.129158,0.650407,0.647438,0.376229,0.153694,-0.095988,0.345483,0.215397,-0.387605,0.616741,0.650371
2026-04-21T02:48:28.693971+00:00,3.242269,1776739708693971200,0.294325,0.506140,0.062138,-0.145436,0.152816,0.881205,0.422608,0.376673,-0.052575,0.049635,-0.129087,0.650651,0.646589,0.376452,0.153446,-0.097487,0.345758,0.215135,-0.386473,0.615295,0.652429
2026-04-21T02:48:28.711287+00:00,3.259584,1776739708711286800,0.293182,0.505995,0.061975,-0.145630,0.152520,0.880921,0.423681,0.375242,-0.053886,0.050508,-0.128574,0.651481,0.645310,0.377613,0.153166,-0.098456,0.345941,0.214466,-0.386980,0.615326,0.652186
2026-04-21T02:48:28.728052+00:00,3.276349,1776739708728051600,0.291770,0.505567,0.061890,-0.145404,0.151902,0.880398,0.425214,0.373707,-0.055296,0.051605,-0.127820,0.652381,0.644042,0.378850,0.152564,-0.098837,0.346146,0.214106,-0.389184,0.616712,0.649878
2026-04-21T02:48:28.746130+00:00,3.294428,1776739708746130200,0.289937,0.505029,0.061864,-0.144849,0.150661,0.879840,0.427140,0.371862,-0.056924,0.053157,-0.127340,0.653055,0.641992,0.380767,0.151778,-0.098829,0.345949,0.213467,-0.391913,0.618147,0.647078
2026-04-21T02:48:28.762123+00:00,3.310420,1776739708762123000,0.288034,0.504490,0.062020,-0.144090,0.149347,0.879089,0.428791,0.370083,-0.058450,0.054810,-0.127717,0.653468,0.640380,0.383005,0.150513,-0.098262,0.345766,0.208992,-0.396466,0.617620,0.646405
2026-04-21T02:48:28.779076+00:00,3.327374,1776739708779076300,0.285768,0.503784,0.062368,-0.143175,0.147700,0.878815,0.430980,0.368001,-0.060075,0.056881,-0.128460,0.653349,0.637885,0.386385,0.149197,-0.097094,0.345175,0.204261,-0.401076,0.617056,0.645612
2026-04-21T02:48:28.796469+00:00,3.344767,1776739708796469200,0.283222,0.503117,0.062932,-0.142097,0.145814,0.877797,0.433353,0.365648,-0.061888,0.059289,-0.129398,0.652830,0.636223,0.390150,0.146856,-0.094275,0.343741,0.196650,-0.409572,0.616003,0.643435
2026-04-21T02:48:28.813223+00:00,3.361521,1776739708813223500,0.280587,0.502436,0.063655,-0.141078,0.143932,0.877523,0.435189,0.363240,-0.063772,0.061750,-0.130567,0.652813,0.634166,0.393496,0.144382,-0.091302,0.342119,0.190144,-0.418047,0.615502,0.640520
2026-04-21T02:48:28.830245+00:00,3.378542,1776739708830244800,0.277743,0.501858,0.064434,-0.139865,0.141884,0.877312,0.437135,0.360646,-0.065880,0.064357,-0.131815,0.652173,0.632773,0.396163,0.141116,-0.087266,0.339775,0.183305,-0.427338,0.617130,0.634963
2026-04-21T02:48:28.847245+00:00,3.395543,1776739708847245300,0.274648,0.501350,0.065316,-0.138750,0.139676,0.876969,0.438861,0.357822,-0.068220,0.067224,-0.134358,0.651744,0.631128,0.398575,0.137544,-0.082857,0.336968,0.175944,-0.435572,0.618820,0.629707
2026-04-21T02:48:28.864425+00:00,3.412723,1776739708864425200,0.271264,0.500939,0.066234,-0.137309,0.137049,0.876463,0.440451,0.354737,-0.070695,0.070381,-0.138439,0.650503,0.629538,0.401933,0.133349,-0.077905,0.333391,0.167481,-0.444598,0.620159,0.624350
2026-04-21T02:48:28.881517+00:00,3.429815,1776739708881517200,0.267687,0.500637,0.067180,-0.135714,0.134015,0.876477,0.441997,0.351561,-0.073206,0.073790,-0.143356,0.648190,0.628019,0.405806,0.128579,-0.072640,0.329211,0.158333,-0.454365,0.621621,0.618363
2026-04-21T02:48:28.898956+00:00,3.447253,1776739708898955400,0.263882,0.500481,0.068190,-0.133808,0.130790,0.876620,0.443042,0.348309,-0.075898,0.077244,-0.148231,0.645220,0.627004,0.410127,0.123229,-0.067230,0.324287,0.147760,-0.465119,0.621580,0.612522
2026-04-21T02:48:28.915763+00:00,3.464060,1776739708915762800,0.259941,0.500529,0.069096,-0.131455,0.127505,0.877026,0.443729,0.345089,-0.078700,0.080699,-0.153024,0.642298,0.626470,0.414085,0.117478,-0.061814,0.318980,0.136468,-0.475923,0.621545,0.607174
2026-04-21T02:48:28.932747+00:00,3.481045,1776739708932747200,0.255762,0.500368,0.070320,-0.129093,0.124367,0.877847,0.444385,0.341733,-0.081706,0.084249,-0.158646,0.638186,0.626506,0.418146,0.111383,-0.056483,0.312994,0.126231,-0.486493,0.621543,0.600875
2026-04-21T02:48:28.954890+00:00,3.503187,1776739708954889700,0.250186,0.500335,0.071664,-0.126228,0.120512,0.878103,0.445582,0.337152,-0.085758,0.089487,-0.168162,0.631788,0.626268,0.424754,0.102918,-0.049492,0.304403,0.113476,-0.498826,0.621941,0.592739
2026-04-21T02:48:28.972414+00:00,3.520712,1776739708972414100,0.245675,0.500306,0.072746,-0.124133,0.117668,0.878480,0.446452,0.333526,-0.088919,0.093968,-0.175595,0.625819,0.625472,0.431331,0.095791,-0.043930,0.296499,0.102609,-0.507848,0.624026,0.585113
2026-04-21T02:48:28.989422+00:00,3.537719,1776739708989421700,0.241201,0.500300,0.073816,-0.122238,0.114744,0.878815,0.446964,0.330101,-0.091910,0.098430,-0.181505,0.619850,0.625005,0.437775,0.088435,-0.038461,0.288373,0.092067,-0.515539,0.626845,0.577074
2026-04-21T02:48:29.006793+00:00,3.555091,1776739709006793100,0.236457,0.500356,0.074976,-0.120133,0.111579,0.879333,0.447255,0.326630,-0.094848,0.102985,-0.186873,0.613388,0.625560,0.444160,0.080849,-0.033426,0.279612,0.082187,-0.522784,0.629492,0.568627
2026-04-21T02:48:29.024004+00:00,3.572301,1776739709024003900,0.231652,0.500429,0.076132,-0.117965,0.108283,0.879870,0.447262,0.323228,-0.097550,0.107560,-0.191997,0.606982,0.626133,0.449969,0.073136,-0.028857,0.270820,0.073770,-0.529084,0.631764,0.561768
2026-04-21T02:48:29.041176+00:00,3.589473,1776739709041175500,0.226729,0.500487,0.077294,-0.115797,0.104913,0.880656,0.447652,0.319864,-0.100178,0.112202,-0.197071,0.600491,0.627151,0.455883,0.065280,-0.024912,0.261888,0.066595,-0.534931,0.633865,0.554872
2026-04-21T02:48:29.058648+00:00,3.606945,1776739709058647600,0.221590,0.500537,0.078463,-0.113583,0.101650,0.880911,0.448080,0.316566,-0.102554,0.116894,-0.202632,0.593179,0.627811,0.461741,0.057258,-0.021408,0.252586,0.060193,-0.540522,0.635443,0.548341
2026-04-21T02:48:29.075545+00:00,3.623843,1776739709075545100,0.216560,0.500567,0.079573,-0.111453,0.098415,0.881416,0.448599,0.313299,-0.104852,0.121477,-0.208938,0.585911,0.628813,0.466772,0.049392,-0.019150,0.243724,0.058400,-0.544294,0.635942,0.543906
2026-04-21T02:48:29.092495+00:00,3.640792,1776739709092494800,0.211432,0.500589,0.080656,-0.109360,0.095291,0.881435,0.449119,0.310018,-0.107109,0.126022,-0.216378,0.577482,0.630763,0.471173,0.041563,-0.017015,0.235143,0.056809,-0.547882,0.636737,0.539502
2026-04-21T02:48:29.109529+00:00,3.657826,1776739709109528600,0.206269,0.500559,0.081713,-0.107176,0.092139,0.881768,0.449619,0.306765,-0.109393,0.130541,-0.224196,0.568003,0.632941,0.476480,0.033849,-0.015716,0.226660,0.056554,-0.551301,0.636663,0.536160
2026-04-21T02:48:29.126434+00:00,3.674731,1776739709126433800,0.201207,0.500524,0.082677,-0.105103,0.089322,0.882280,0.450132,0.303515,-0.111587,0.134991,-0.230629,0.557738,0.634441,0.482457,0.026389,-0.014844,0.218527,0.056204,-0.554411,0.635973,0.533753
2026-04-21T02:48:29.143460+00:00,3.691758,1776739709143460300,0.196062,0.500494,0.083632,-0.103094,0.086773,0.882793,0.450416,0.300306,-0.114049,0.139371,-0.236889,0.547601,0.636488,0.488877,0.018714,-0.014176,0.210053,0.055915,-0.557801,0.635229,0.531131
2026-04-21T02:48:29.160742+00:00,3.709039,1776739709160741900,0.190937,0.500526,0.084511,-0.101365,0.084514,0.882816,0.450684,0.297151,-0.116454,0.143496,-0.243319,0.537587,0.637302,0.495893,0.011621,-0.014118,0.202400,0.057106,-0.559090,0.635258,0.529283
2026-04-21T02:48:29.179344+00:00,3.727641,1776739709179343700,0.185523,0.500638,0.085422,-0.099671,0.082213,0.883197,0.450740,0.293976,-0.119019,0.147772,-0.249894,0.527656,0.637037,0.503358,0.003961,-0.014179,0.193938,0.058321,-0.560453,0.635889,0.526945
2026-04-21T02:48:29.197368+00:00,3.745665,1776739709197367800,0.180390,0.500630,0.086245,-0.098214,0.079934,0.883934,0.450360,0.291164,-0.121238,0.151259,-0.255782,0.520296,0.635707,0.509454,-0.002844,-0.014318,0.186570,0.062269,-0.559990,0.638762,0.524155
2026-04-21T02:48:29.213992+00:00,3.762289,1776739709213992000,0.175634,0.500664,0.086992,-0.096754,0.077694,0.884205,0.450000,0.288761,-0.123246,0.154158,-0.259361,0.515196,0.633602,0.515631,-0.008929,-0.014602,0.179984,0.065841,-0.559503,0.640107,0.522324
2026-04-21T02:48:29.231106+00:00,3.779403,1776739709231105600,0.170823,0.500791,0.087709,-0.095366,0.075403,0.884732,0.449729,0.286447,-0.125274,0.156900,-0.263579,0.509845,0.630876,0.522122,-0.014977,-0.015138,0.173410,0.069324,-0.559510,0.641516,0.520397
2026-04-21T02:48:29.248071+00:00,3.796368,1776739709248070700,0.166109,0.500893,0.088362,-0.093999,0.073190,0.885252,0.449464,0.284283,-0.127346,0.159585,-0.266453,0.504072,0.626955,0.530907,-0.020686,-0.016110,0.167296,0.071979,-0.559084,0.642079,0.519549
2026-04-21T02:48:29.265240+00:00,3.813538,1776739709265240200,0.161403,0.500965,0.089000,-0.092748,0.070820,0.885766,0.449216,0.282140,-0.129422,0.162115,-0.268409,0.497956,0.622154,0.541278,-0.026165,-0.017158,0.161395,0.074167,-0.559079,0.642611,0.518498
2026-04-21T02:48:29.282512+00:00,3.830809,1776739709282511600,0.156793,0.501005,0.089559,-0.091509,0.068401,0.886253,0.449227,0.280358,-0.129927,0.164142,-0.270819,0.490963,0.623845,0.544314,-0.031225,-0.018248,0.156014,0.076298,-0.559079,0.643122,0.517485
2026-04-21T02:48:29.299426+00:00,3.847723,1776739709299425800,0.152230,0.501046,0.090114,-0.090200,0.065849,0.886264,0.449491,0.278813,-0.128964,0.165504,-0.270588,0.485943,0.629110,0.543069,-0.036046,-0.019556,0.150804,0.078735,-0.559102,0.643664,0.516378
2026-04-21T02:48:29.316488+00:00,3.864786,1776739709316488100,0.147806,0.501004,0.090611,-0.088971,0.063381,0.886275,0.449501,0.277390,-0.127403,0.166749,-0.274259,0.479609,0.633859,0.541489,-0.040476,-0.020986,0.146142,0.081694,-0.559673,0.644104,0.514839
2026-04-21T02:48:29.333483+00:00,3.881781,1776739709333483500,0.143591,0.500887,0.091049,-0.087838,0.061069,0.886662,0.449723,0.276221,-0.126349,0.168063,-0.279003,0.473618,0.635869,0.541570,-0.044649,-0.022509,0.141772,0.084546,-0.560284,0.643971,0.513864
2026-04-21T02:48:29.350879+00:00,3.899176,1776739709350878800,0.139403,0.500810,0.091477,-0.086798,0.058734,0.886966,0.449637,0.275191,-0.125977,0.169428,-0.283788,0.468355,0.636118,0.543346,-0.048563,-0.024160,0.137822,0.087092,-0.560872,0.643313,0.513487
2026-04-21T02:48:29.367668+00:00,3.915965,1776739709367667700,0.135639,0.500727,0.091805,-0.085984,0.056689,0.887675,0.449237,0.274384,-0.126019,0.170792,-0.288318,0.463441,0.634260,0.547857,-0.052047,-0.025793,0.134388,0.088660,-0.561943,0.642178,0.513164
2026-04-21T02:48:29.386651+00:00,3.934948,1776739709386651000,0.131554,0.500690,0.092116,-0.084966,0.054427,0.887748,0.448925,0.273722,-0.126220,0.172075,-0.291261,0.458328,0.633498,0.551308,-0.055595,-0.027750,0.130985,0.090201,-0.563685,0.640588,0.514024
2026-04-21T02:48:29.403649+00:00,3.951946,1776739709403649000,0.128061,0.500657,0.092341,-0.084200,0.052561,0.888249,0.448426,0.273238,-0.126418,0.173300,-0.288380,0.455255,0.633136,0.555715,-0.058431,-0.029524,0.128557,0.092402,-0.564733,0.638823,0.514185
2026-04-21T02:48:29.421326+00:00,3.969623,1776739709421325800,0.124706,0.500623,0.092456,-0.083473,0.050875,0.888636,0.448267,0.272439,-0.126368,0.174809,-0.289301,0.449813,0.633364,0.559125,-0.061105,-0.031417,0.126315,0.095517,-0.566309,0.637251,0.514135
2026-04-21T02:48:29.437870+00:00,3.986168,1776739709437870100,0.121661,0.500625,0.092494,-0.082963,0.049477,0.888732,0.448207,0.271966,-0.126263,0.175840,-0.289335,0.445405,0.634902,0.561180,-0.063442,-0.033223,0.124499,0.098528,-0.567941,0.635005,0.514277
2026-04-21T02:48:29.454702+00:00,4.002999,1776739709454701700,0.118870,0.500650,0.092565,-0.082553,0.048086,0.889132,0.447791,0.271503,-0.126013,0.176769,-0.289551,0.441407,0.635757,0.563354,-0.065584,-0.035147,0.123070,0.101257,-0.570148,0.631669,0.515452
2026-04-21T02:48:29.472457+00:00,4.020754,1776739709472456700,0.115968,0.500686,0.092602,-0.082102,0.046608,0.889636,0.447285,0.271025,-0.125765,0.177718,-0.290214,0.438130,0.635189,0.566060,-0.067648,-0.037154,0.121863,0.103479,-0.573054,0.628138,0.516136
2026-04-21T02:48:29.489321+00:00,4.037619,1776739709489321100,0.113369,0.500870,0.092520,-0.081819,0.045333,0.890190,0.446443,0.270585,-0.125491,0.178422,-0.291067,0.434610,0.635200,0.568497,-0.069342,-0.038944,0.121112,0.104747,-0.575906,0.624455,0.517007
2026-04-21T02:48:29.506793+00:00,4.055090,1776739709506792600,0.110862,0.501347,0.092422,-0.081510,0.044038,0.890728,0.444884,0.270168,-0.124754,0.178881,-0.292943,0.431523,0.635201,0.569862,-0.070908,-0.040634,0.120288,0.105995,-0.578957,0.621210,0.517608
2026-04-21T02:48:29.523588+00:00,4.071886,1776739709523588100,0.108643,0.501956,0.092325,-0.081322,0.042788,0.891780,0.443028,0.269848,-0.123278,0.178995,-0.293500,0.429711,0.635705,0.570315,-0.072492,-0.042212,0.119433,0.107302,-0.581481,0.618726,0.517544
2026-04-21T02:48:29.540616+00:00,4.088913,1776739709540615600,0.106522,0.502653,0.092276,-0.081140,0.041643,0.892816,0.440908,0.269633,-0.120529,0.178912,-0.290620,0.430499,0.636783,0.569770,-0.073790,-0.043483,0.118764,0.108662,-0.583837,0.616428,0.517350
2026-04-21T02:48:29.557567+00:00,4.105865,1776739709557567200,0.104554,0.503329,0.092289,-0.081064,0.040512,0.893884,0.439025,0.269487,-0.116509,0.178119,-0.284549,0.435131,0.638769,0.567214,-0.074787,-0.044137,0.118312,0.109795,-0.584659,0.614947,0.517089
2026-04-21T02:48:29.574852+00:00,4.123150,1776739709574852200,0.102705,0.503945,0.092347,-0.081005,0.039302,0.894943,0.437399,0.269899,-0.110589,0.177062,-0.274322,0.445181,0.640850,0.562247,-0.075590,-0.044502,0.117895,0.110031,-0.585404,0.614315,0.517565
2026-04-21T02:48:29.591923+00:00,4.140220,1776739709591922700,0.100939,0.504517,0.092440,-0.080876,0.037940,0.895488,0.435828,0.270966,-0.103192,0.175937,-0.259974,0.460304,0.642498,0.554288,-0.076337,-0.044606,0.117481,0.110052,-0.585528,0.614224,0.517529
2026-04-21T02:48:29.612056+00:00,4.160353,1776739709612055900,0.098959,0.505138,0.092767,-0.080669,0.036120,0.896468,0.434002,0.272482,-0.093427,0.174405,-0.241640,0.480020,0.644494,0.543437,-0.077089,-0.044454,0.116946,0.109961,-0.585393,0.614785,0.517034
2026-04-21T02:48:29.628892+00:00,4.177189,1776739709628892000,0.097505,0.505569,0.092941,-0.079863,0.033958,0.897344,0.432804,0.274496,-0.081909,0.173060,-0.217510,0.506513,0.650550,0.522351,-0.077693,-0.044268,0.116195,0.109365,-0.585355,0.617310,0.514052
2026-04-21T02:48:29.645847+00:00,4.194144,1776739709645846400,0.096074,0.505945,0.093289,-0.079048,0.032089,0.897876,0.431997,0.276363,-0.070527,0.171875,-0.192543,0.529535,0.656717,0.501263,-0.078240,-0.043821,0.115477,0.109154,-0.584860,0.619196,0.512162
2026-04-21T02:48:29.662843+00:00,4.211141,1776739709662843100,0.094758,0.506269,0.093699,-0.078031,0.030287,0.898452,0.431113,0.278298,-0.059376,0.171206,-0.167365,0.550798,0.663051,0.478552,-0.078742,-0.043529,0.114845,0.109450,-0.584497,0.620561,0.511267
2026-04-21T02:48:29.679909+00:00,4.228206,1776739709679908700,0.093598,0.506582,0.094079,-0.076557,0.028476,0.898897,0.430215,0.279950,-0.048395,0.171388,-0.144467,0.568578,0.669407,0.455890,-0.079188,-0.043450,0.114329,0.110156,-0.584474,0.620609,0.511228
2026-04-21T02:48:29.697072+00:00,4.245369,1776739709697071600,0.092593,0.506799,0.094450,-0.074987,0.026785,0.899421,0.429680,0.281517,-0.038515,0.172816,-0.126575,0.582166,0.675765,0.434048,-0.079556,-0.043513,0.113875,0.111216,-0.584494,0.620074,0.511731
2026-04-21T02:48:29.713924+00:00,4.262222,1776739709713924100,0.091724,0.506919,0.094721,-0.073361,0.025390,0.899914,0.429447,0.282791,-0.029804,0.175271,-0.114849,0.593035,0.680529,0.414632,-0.079900,-0.043818,0.113401,0.112530,-0.585007,0.619069,0.511730
2026-04-21T02:48:29.731061+00:00,4.279358,1776739709731060800,0.090997,0.506955,0.094915,-0.071656,0.024360,0.899893,0.429755,0.283836,-0.022796,0.179637,-0.108921,0.601485,0.682588,0.400483,-0.080156,-0.044518,0.112904,0.114067,-0.585556,0.617987,0.511757
2026-04-21T02:48:29.748069+00:00,4.296367,1776739709748069100,0.090345,0.506946,0.095016,-0.069941,0.023593,0.899875,0.430302,0.284785,-0.017401,0.185942,-0.106751,0.607901,0.681645,0.392829,-0.080274,-0.045440,0.112395,0.115646,-0.586079,0.616843,0.512380
2026-04-21T02:48:29.765010+00:00,4.313307,1776739709765010000,0.089820,0.506993,0.095118,-0.068112,0.022843,0.899423,0.430825,0.285647,-0.013994,0.193966,-0.107335,0.612045,0.678427,0.391955,-0.080328,-0.046454,0.111912,0.117141,-0.586622,0.614698,0.513502
2026-04-21T02:48:29.782089+00:00,4.330386,1776739709782088500,0.089388,0.506964,0.095101,-0.066187,0.022051,0.899414,0.431023,0.286107,-0.012521,0.203053,-0.109688,0.614370,0.673450,0.395665,-0.080209,-0.047485,0.111432,0.118592,-0.587463,0.613257,0.514542
2026-04-21T02:48:29.799096+00:00,4.347394,1776739709799096100,0.089102,0.506956,0.095042,-0.064437,0.021502,0.899391,0.431557,0.286346,-0.012781,0.212992,-0.113623,0.614023,0.669942,0.401333,-0.080154,-0.048462,0.110767,0.120173,-0.588332,0.611894,0.515128
2026-04-21T02:48:29.818760+00:00,4.367058,1776739709818760100,0.088922,0.506962,0.094706,-0.062867,0.021316,0.899365,0.431872,0.286299,-0.015214,0.224687,-0.120308,0.610424,0.667676,0.409321,-0.079636,-0.049450,0.109969,0.122027,-0.589008,0.610768,0.515256
2026-04-21T02:48:29.836175+00:00,4.384473,1776739709836175200,0.088859,0.506966,0.094209,-0.061859,0.021217,0.899431,0.431885,0.286096,-0.019767,0.235786,-0.133150,0.600433,0.666971,0.420105,-0.078918,-0.050243,0.109155,0.123463,-0.589475,0.610153,0.515150
2026-04-21T02:48:29.852971+00:00,4.401268,1776739709852970900,0.088814,0.506993,0.093645,-0.060978,0.021066,0.899860,0.431705,0.285345,-0.025051,0.246306,-0.148015,0.590628,0.664978,0.432380,-0.078170,-0.050989,0.108427,0.124744,-0.589701,0.609232,0.515256
2026-04-21T02:48:29.870073+00:00,4.418371,1776739709870073300,0.088793,0.507298,0.093044,-0.060054,0.020722,0.899851,0.431237,0.284483,-0.031522,0.256993,-0.165023,0.580751,0.660322,0.446650,-0.077295,-0.051758,0.107662,0.126188,-0.590573,0.608062,0.515146
2026-04-21T02:48:29.887150+00:00,4.435447,1776739709887149600,0.088865,0.507672,0.092431,-0.059089,0.020415,0.900354,0.430725,0.283572,-0.039239,0.267277,-0.182592,0.571776,0.650466,0.465713,-0.076364,-0.052471,0.106874,0.127719,-0.591250,0.607008,0.515138
2026-04-21T02:48:29.904154+00:00,4.452451,1776739709904153700,0.089028,0.508082,0.091855,-0.057956,0.020162,0.900867,0.430196,0.282650,-0.047280,0.277017,-0.198574,0.564265,0.637370,0.485424,-0.075309,-0.053047,0.106133,0.129033,-0.592279,0.605811,0.515175
2026-04-21T02:48:29.921017+00:00,4.469315,1776739709921017100,0.089017,0.508454,0.091435,-0.056664,0.020081,0.900890,0.429425,0.281704,-0.055289,0.285438,-0.211809,0.558489,0.624779,0.503374,-0.074198,-0.053595,0.105390,0.129901,-0.593282,0.604461,0.515634
2026-04-21T02:48:29.938209+00:00,4.486506,1776739709938208700,0.089178,0.508936,0.090847,-0.055244,0.020097,0.901404,0.428897,0.280537,-0.063003,0.292574,-0.223316,0.551351,0.614809,0.518278,-0.072969,-0.054014,0.104682,0.130703,-0.594322,0.602892,0.516153
2026-04-21T02:48:29.955150+00:00,4.503448,1776739709955150300,0.089486,0.509603,0.090116,-0.053607,0.020009,0.901918,0.428128,0.279107,-0.070067,0.298354,-0.233452,0.542603,0.607776,0.530954,-0.071714,-0.054353,0.103974,0.131705,-0.595175,0.601765,0.516347
2026-04-21T02:48:29.972342+00:00,4.520639,1776739709972341700,0.089671,0.510073,0.089560,-0.051642,0.019708,0.902432,0.427610,0.277387,-0.076638,0.303522,-0.241698,0.531907,0.602692,0.543619,-0.070402,-0.054583,0.103197,0.132993,-0.595331,0.600942,0.516055
2026-04-21T02:48:29.989314+00:00,4.537611,1776739709989313900,0.089768,0.510501,0.089026,-0.049471,0.019357,0.902785,0.427302,0.275530,-0.082242,0.307637,-0.247637,0.521116,0.601563,0.552992,-0.069025,-0.054718,0.102356,0.133916,-0.595800,0.601007,0.516016
2026-04-21T02:48:30.007020+00:00,4.555317,1776739710007019900,0.089917,0.510945,0.088490,-0.047226,0.019326,0.902811,0.427031,0.273538,-0.087037,0.311004,-0.254090,0.509634,0.602913,0.558745,-0.067571,-0.054717,0.101571,0.134637,-0.596265,0.600495,0.515584
2026-04-21T02:48:30.023882+00:00,4.572179,1776739710023881600,0.090153,0.511376,0.088020,-0.045123,0.019499,0.903317,0.426275,0.271702,-0.090760,0.313532,-0.260323,0.498748,0.606744,0.561574,-0.066124,-0.054621,0.100844,0.135016,-0.596253,0.600447,0.515618
2026-04-21T02:48:30.041040+00:00,4.589338,1776739710041040500,0.090487,0.511849,0.087593,-0.042923,0.019618,0.903553,0.425648,0.269934,-0.093877,0.315294,-0.265541,0.488712,0.610352,0.564156,-0.064634,-0.054559,0.100042,0.134886,-0.595667,0.601124,0.515610
2026-04-21T02:48:30.060785+00:00,4.609083,1776739710060785300,0.090914,0.512391,0.087238,-0.040235,0.019492,0.904128,0.424772,0.268222,-0.096977,0.317001,-0.269433,0.479710,0.612790,0.567445,-0.062884,-0.054028,0.099152,0.134847,-0.594955,0.602090,0.515314
2026-04-21T02:48:30.077261+00:00,4.625558,1776739710077261000,0.091400,0.512789,0.086987,-0.038107,0.019398,0.904723,0.424166,0.267113,-0.099242,0.317715,-0.271064,0.474925,0.612274,0.570946,-0.061418,-0.053417,0.098369,0.135213,-0.593379,0.604517,0.514453
2026-04-21T02:48:30.094174+00:00,4.642472,1776739710094174100,0.092012,0.513104,0.086730,-0.036109,0.019296,0.904766,0.423846,0.266537,-0.101027,0.318484,-0.273084,0.473151,0.607640,0.576415,-0.059953,-0.052808,0.097646,0.135581,-0.592078,0.606035,0.513622
2026-04-21T02:48:30.111320+00:00,4.659617,1776739710111319500,0.092743,0.513308,0.086476,-0.034162,0.019273,0.904790,0.423808,0.266595,-0.101902,0.319270,-0.273824,0.475768,0.601308,0.580725,-0.058413,-0.052374,0.097049,0.136517,-0.590061,0.608106,0.513627
2026-04-21T02:48:30.128482+00:00,4.676779,1776739710128481600,0.093617,0.513407,0.086220,-0.032289,0.019180,0.904785,0.424072,0.266685,-0.101633,0.319322,-0.272372,0.481542,0.601700,0.576267,-0.056901,-0.052166,0.096651,0.138320,-0.587975,0.608921,0.513842
2026-04-21T02:48:30.145486+00:00,4.693784,1776739710145486400,0.094634,0.513426,0.085967,-0.030666,0.019035,0.904769,0.424603,0.267175,-0.100443,0.319280,-0.270979,0.485974,0.603875,0.570551,-0.055294,-0.052244,0.096470,0.141033,-0.585831,0.609366,0.515223
2026-04-21T02:48:30.162604+00:00,4.710901,1776739710162603600,0.095853,0.513410,0.085710,-0.029420,0.018978,0.904248,0.425409,0.267686,-0.098452,0.318848,-0.270676,0.488715,0.607942,0.564038,-0.053632,-0.052463,0.096492,0.143436,-0.584820,0.608710,0.516900
2026-04-21T02:48:30.179575+00:00,4.727873,1776739710179575200,0.097245,0.513275,0.085470,-0.028459,0.018960,0.904002,0.426450,0.268167,-0.095850,0.318218,-0.269604,0.490425,0.612169,0.558266,-0.051926,-0.053066,0.096633,0.143884,-0.584474,0.606463,0.519601
2026-04-21T02:48:30.196635+00:00,4.744933,1776739710196635200,0.098769,0.513177,0.085289,-0.027694,0.018929,0.903449,0.427695,0.268747,-0.092662,0.317095,-0.266689,0.492855,0.615661,0.553795,-0.050127,-0.053956,0.097127,0.142828,-0.584837,0.604254,0.522276
2026-04-21T02:48:30.213471+00:00,4.761769,1776739710213471300,0.100523,0.512748,0.085182,-0.026845,0.018912,0.902604,0.428963,0.269582,-0.088897,0.315675,-0.261437,0.496565,0.618288,0.550083,-0.048150,-0.054859,0.097870,0.142345,-0.586244,0.601827,0.523910
2026-04-21T02:48:30.230892+00:00,4.779189,1776739710230891700,0.102458,0.512063,0.085054,-0.026013,0.019279,0.901525,0.431310,0.270743,-0.084394,0.313455,-0.255158,0.502333,0.620915,0.545191,-0.045982,-0.055897,0.098951,0.144494,-0.587378,0.599104,0.524772
2026-04-21T02:48:30.247525+00:00,4.795822,1776739710247524800,0.104624,0.511141,0.084921,-0.025623,0.020297,0.900036,0.434298,0.272137,-0.079458,0.310611,-0.247987,0.508612,0.622934,0.540564,-0.043640,-0.057081,0.100453,0.149266,-0.588527,0.596321,0.525095
2026-04-21T02:48:30.264620+00:00,4.812917,1776739710264620000,0.107249,0.510054,0.084748,-0.025891,0.022310,0.898448,0.437967,0.273891,-0.073799,0.307013,-0.239242,0.514919,0.624614,0.535861,-0.040955,-0.058729,0.102573,0.154441,-0.590157,0.591268,0.527058
2026-04-21T02:48:30.283227+00:00,4.831525,1776739710283227300,0.110460,0.508968,0.084700,-0.026821,0.025053,0.896417,0.441703,0.276233,-0.067130,0.302301,-0.228944,0.521820,0.627434,0.530893,-0.037509,-0.060953,0.105546,-0.157350,0.592430,-0.584279,-0.532107
2026-04-21T02:48:30.300187+00:00,4.848484,1776739710300186500,0.113648,0.508245,0.084810,-0.028131,0.027596,0.895308,0.443468,0.278822,-0.060644,0.297317,-0.219168,0.527588,0.630044,0.526157,-0.033899,-0.063295,0.108791,-0.158846,0.593433,-0.576318,-0.539240
2026-04-21T02:48:30.317073+00:00,4.865371,1776739710317073300,0.117062,0.507640,0.084965,-0.029570,0.029943,0.894671,0.444595,0.281820,-0.053857,0.291473,-0.208388,0.534057,0.632447,0.520712,-0.029660,-0.065633,0.112352,-0.161163,0.592511,-0.570497,-0.545860
2026-04-21T02:48:30.334192+00:00,4.882489,1776739710334191900,0.120802,0.507129,0.085058,-0.031314,0.032317,0.894135,0.445900,0.285237,-0.046877,0.284723,-0.196763,0.541471,0.634646,0.515006,-0.025061,-0.068005,0.116068,-0.163834,0.590535,-0.564789,-0.552269
2026-04-21T02:48:30.351233+00:00,4.899530,1776739710351232600,0.124634,0.506713,0.085146,-0.033322,0.034715,0.893105,0.446965,0.288684,-0.039842,0.277853,-0.185173,0.548729,0.636800,0.508928,-0.019505,-0.070495,0.120092,-0.164733,0.587199,-0.561736,-0.559075
2026-04-21T02:48:30.368258+00:00,4.916555,1776739710368257500,0.128675,0.506342,0.085191,-0.035473,0.036968,0.892575,0.447758,0.293092,-0.032740,0.268314,-0.175287,0.556778,0.639686,0.500323,-0.013479,-0.073116,0.124329,-0.165609,0.582875,-0.558849,-0.566213
2026-04-21T02:48:30.385313+00:00,4.933611,1776739710385313300,0.132791,0.506031,0.085227,-0.037728,0.039052,0.892058,0.448280,0.297302,-0.025704,0.259073,-0.164171,0.563503,0.641835,0.493038,-0.006973,-0.075996,0.128766,-0.167423,0.577169,-0.557535,-0.572763
2026-04-21T02:48:30.402428+00:00,4.950725,1776739710402427900,0.137033,0.505751,0.085209,-0.039993,0.041008,0.891538,0.448803,0.301699,-0.018926,0.249211,-0.152035,0.570220,0.644499,0.486230,-0.000031,-0.079129,0.133289,0.170601,-0.569521,0.557181,0.579738
2026-04-21T02:48:30.419307+00:00,4.967605,1776739710419307300,0.141238,0.505465,0.085141,-0.042124,0.042900,0.891542,0.449285,0.306168,-0.012602,0.238909,-0.139046,0.576141,0.647259,0.479338,0.007333,-0.082250,0.137923,0.173669,-0.560415,0.558871,0.586580
2026-04-21T02:48:30.436336+00:00,4.984634,1776739710436336100,0.145509,0.505225,0.085042,-0.044049,0.044714,0.891037,0.449784,0.310744,-0.006727,0.227971,-0.125512,0.582453,0.649874,0.472250,0.014983,-0.085396,0.142649,0.175786,-0.549988,0.560463,0.593326
2026-04-21T02:48:30.453544+00:00,5.001841,1776739710453544000,0.149786,0.505019,0.084940,-0.045776,0.046530,0.890540,0.450020,0.315428,-0.001300,0.216466,-0.111932,0.588681,0.652338,0.464184,0.022991,-0.088523,0.147357,0.176014,-0.539829,0.563241,0.600253
2026-04-21T02:48:30.470772+00:00,5.019070,1776739710470772200,0.154149,0.504821,0.084882,-0.047402,0.048511,0.890167,0.450179,0.320139,0.003215,0.204693,-0.099565,0.594653,0.655204,0.455178,0.030916,-0.091603,0.151890,0.176298,-0.530471,0.566139,0.606104
2026-04-21T02:48:30.491287+00:00,5.039584,1776739710491286700,0.159394,0.504593,0.084634,-0.049294,0.051110,0.889967,0.450272,0.325778,0.008014,0.190396,-0.086317,0.600953,0.658630,0.444805,0.040217,-0.095058,0.157137,0.177355,-0.520225,0.569988,0.611102
2026-04-21T02:48:30.508474+00:00,5.056771,1776739710508474000,0.163822,0.504387,0.084388,-0.050881,0.053441,0.889571,0.450728,0.330375,0.010813,0.178676,-0.079365,0.605943,0.661612,0.435088,0.047561,-0.097613,0.161292,0.179534,-0.512839,0.573533,0.612995
2026-04-21T02:48:30.525663+00:00,5.073960,1776739710525662700,0.168231,0.504185,0.084083,-0.052511,0.055853,0.889207,0.450669,0.334900,0.013354,0.166953,-0.073554,0.610373,0.665056,0.423867,0.054733,-0.099950,0.165388,0.179716,-0.505521,0.576708,0.616153
2026-04-21T02:48:30.542919+00:00,5.091216,1776739710542918900,0.172719,0.503973,0.083781,-0.054163,0.058423,0.889174,0.450698,0.339286,0.015015,0.155661,-0.070400,0.613792,0.669066,0.413143,0.061658,-0.102022,0.169391,0.180161,-0.498696,0.580396,0.618093
2026-04-21T02:48:30.559959+00:00,5.108256,1776739710559958700,0.177119,0.503841,0.083466,-0.055830,0.061038,0.889161,0.450444,0.343490,0.016086,0.145053,-0.067968,0.616114,0.672407,0.404840,0.068003,-0.103758,0.173121,0.182916,-0.490485,0.586739,0.618152
2026-04-21T02:48:30.576847+00:00,5.125145,1776739710576847100,0.181444,0.503760,0.083159,-0.057550,0.063728,0.888665,0.450180,0.347483,0.016708,0.135232,-0.066396,0.618053,0.674384,0.398442,0.074117,-0.105363,0.176806,0.185102,-0.482115,0.592224,0.618381
2026-04-21T02:48:30.594660+00:00,5.142958,1776739710594660400,0.185880,0.503664,0.082765,-0.059465,0.066537,0.888653,0.449942,0.351406,0.016866,0.125821,-0.065604,0.619024,0.676547,0.393371,0.080077,-0.107201,0.180465,0.187887,-0.473261,0.597785,0.619273
2026-04-21T02:48:30.611390+00:00,5.159687,1776739710611389800,0.190187,0.503577,0.082361,-0.061475,0.069179,0.888115,0.449708,0.355153,0.016739,0.117037,-0.066120,0.619944,0.678474,0.389028,0.085710,-0.109058,0.184009,0.191294,-0.464323,0.602060,0.620508
2026-04-21T02:48:30.628448+00:00,5.176746,1776739710628448500,0.194397,0.503480,0.081897,-0.063514,0.071480,0.887766,0.449726,0.358678,0.016600,0.108834,-0.068535,0.620592,0.680137,0.384623,0.090907,-0.111136,0.187310,0.195543,-0.455191,0.605308,0.622504
2026-04-21T02:48:30.645600+00:00,5.193897,1776739710645600000,0.198569,0.503369,0.081389,-0.065499,0.073601,0.887723,0.449522,0.362074,0.016201,0.101039,-0.072000,0.621135,0.681743,0.379834,0.095952,-0.113277,0.190435,0.200087,-0.445780,0.609054,0.624589
2026-04-21T02:48:30.663261+00:00,5.211559,1776739710663261400,0.202713,0.503303,0.080850,-0.067526,0.075698,0.887697,0.449267,0.365281,0.015660,0.093449,-0.076213,0.621729,0.683381,0.374365,0.100854,-0.115562,0.193316,0.203700,-0.435806,0.613088,0.626844
2026-04-21T02:48:30.680469+00:00,5.228767,1776739710680469200,0.206710,0.503278,0.080291,-0.069452,0.077691,0.887695,0.448488,0.368346,0.015148,0.086426,-0.080149,0.622868,0.684905,0.369021,0.105405,-0.117613,0.195836,0.206849,-0.425232,0.617589,0.628887
2026-04-21T02:48:30.697732+00:00,5.246030,1776739710697732200,0.210590,0.503253,0.079712,-0.071307,0.079742,0.887691,0.447957,0.371141,0.014450,0.079927,-0.083445,0.624477,0.685678,0.364260,0.109626,-0.119457,0.197922,0.210593,-0.414533,0.622944,0.629418
2026-04-21T02:48:30.715278+00:00,5.263575,1776739710715277700,0.214470,0.503318,0.079112,-0.073205,0.081806,0.887630,0.447399,0.373870,0.013685,0.074067,-0.085903,0.626771,0.685279,0.360984,0.113543,-0.121010,0.199681,0.214292,-0.403802,0.628368,0.629544
2026-04-21T02:48:30.732327+00:00,5.280624,1776739710732326700,0.218169,0.503324,0.078442,-0.075155,0.083773,0.887695,0.446862,0.376405,0.012855,0.069047,-0.088126,0.629010,0.683812,0.359412,0.117058,-0.122484,0.200984,0.216821,-0.394230,0.632017,0.630980
2026-04-21T02:48:30.748748+00:00,5.297046,1776739710748748100,0.221644,0.503498,0.077818,-0.076913,0.085589,0.887724,0.446050,0.378577,0.011984,0.064645,-0.090799,0.631429,0.682066,0.358348,0.120154,-0.123803,0.201975,0.219182,-0.385598,0.634354,0.632848
2026-04-21T02:48:30.765873+00:00,5.314170,1776739710765872700,0.225190,0.503775,0.077162,-0.078804,0.087570,0.887672,0.444964,0.380752,0.011275,0.060429,-0.093931,0.633411,0.680596,0.356576,0.123238,-0.125158,0.202662,0.222030,-0.376217,0.637183,0.635178
2026-04-21T02:48:30.782798+00:00,5.331095,1776739710782797600,0.228638,0.504106,0.076472,-0.080637,0.089638,0.887673,0.443990,0.382690,0.010577,0.056655,-0.097189,0.634957,0.679600,0.354211,0.126015,-0.126235,0.202966,0.224120,-0.366014,0.640406,0.636952
2026-04-21T02:48:30.799827+00:00,5.348124,1776739710799826900,0.232028,0.504469,0.075783,-0.082479,0.091741,0.888268,0.442873,0.384544,0.009648,0.053087,-0.099921,0.636454,0.679128,0.352134,0.128748,-0.127390,0.203017,0.225205,-0.355358,0.644481,0.638653
2026-04-21T02:48:30.816973+00:00,5.365271,1776739710816973400,0.235383,0.504934,0.075016,-0.084248,0.093834,0.888676,0.441390,0.386197,0.009007,0.050067,-0.101833,0.637448,0.678690,0.350058,0.131292,-0.128517,0.202679,0.226681,-0.344013,0.648858,0.639757
2026-04-21T02:48:30.834030+00:00,5.382327,1776739710834029700,0.238552,0.505440,0.074267,-0.085880,0.095928,0.888701,0.439823,0.387567,0.008456,0.047451,-0.102882,0.638086,0.678724,0.348322,0.133404,-0.127923,0.202221,0.222241,-0.337241,0.656728,0.636513
2026-04-21T02:48:30.851003+00:00,5.399300,1776739710851002900,0.241635,0.505901,0.073470,-0.087366,0.098079,0.889204,0.438279,0.389049,0.007802,0.045277,-0.103629,0.639025,0.678666,0.346761,0.135374,-0.127687,0.201670,0.221835,-0.329004,0.661856,0.635785
2026-04-21T02:48:30.867918+00:00,5.416216,1776739710867918400,0.244653,0.506364,0.072619,-0.088859,0.100312,0.889209,0.436991,0.390589,0.006946,0.043372,-0.104160,0.640003,0.678701,0.345245,0.137187,-0.127813,0.201088,0.220653,-0.320707,0.663873,0.638480
2026-04-21T02:48:30.885092+00:00,5.433390,1776739710885092400,0.247694,0.506727,0.071727,-0.090395,0.102717,0.889697,0.435691,0.392068,0.006305,0.041880,-0.104580,0.640508,0.678742,0.343421,0.138728,-0.127819,0.200438,0.215598,-0.314053,0.663713,0.643693
2026-04-21T02:48:30.902106+00:00,5.450404,1776739710902106200,0.250611,0.507050,0.070812,-0.091904,0.105206,0.889637,0.434469,0.393465,0.005651,0.040770,-0.105181,0.641194,0.678679,0.342418,0.139985,-0.127664,0.199893,0.210833,-0.308957,0.662181,0.649078
2026-04-21T02:48:30.920016+00:00,5.468313,1776739710920015900,0.253568,0.507302,0.069809,-0.093437,0.107715,0.889658,0.433407,0.395008,0.004933,0.040004,-0.105914,0.642103,0.678435,0.341492,0.141086,-0.127148,0.199323,0.208201,-0.304239,0.660890,0.653832
2026-04-21T02:48:30.937262+00:00,5.485560,1776739710937262300,0.256304,0.507483,0.068853,-0.094813,0.109939,0.889642,0.432820,0.396503,0.004322,0.039448,-0.107017,0.642840,0.677572,0.340546,0.141704,-0.124700,0.199010,0.205948,-0.303790,0.660622,0.654882
2026-04-21T02:48:30.954062+00:00,5.502359,1776739710954062000,0.258881,0.507570,0.068168,-0.096179,0.112002,0.889648,0.432028,0.398019,0.003753,0.039026,-0.108561,0.643935,0.677300,0.339519,0.142104,-0.120799,0.198530,0.198498,-0.307168,0.660249,0.656083
2026-04-21T02:48:30.971212+00:00,5.519509,1776739710971211800,0.261427,0.507719,0.067402,-0.097793,0.114117,0.889664,0.430940,0.399543,0.003418,0.038546,-0.110080,0.644385,0.676615,0.338068,0.142542,-0.114554,0.198383,0.183037,-0.318241,0.658304,0.657398
2026-04-21T02:48:30.988206+00:00,5.536504,1776739710988206200,0.264053,0.508133,0.066506,-0.099594,0.116265,0.890086,0.429817,0.401064,0.003053,0.038098,-0.110791,0.645525,0.676752,0.336889,0.142372,-0.106746,0.198476,0.166556,-0.333184,0.655032,0.657587
2026-04-21T02:48:31.005325+00:00,5.553622,1776739711005325000,0.266458,0.508467,0.065905,-0.101433,0.118322,0.890094,0.428264,0.402555,0.002847,0.037477,-0.111353,0.646525,0.676257,0.335386,0.141918,-0.097665,0.198942,0.150548,-0.351691,0.651943,0.654692
2026-04-21T02:48:31.022113+00:00,5.570410,1776739711022112600,0.268806,0.508778,0.065281,-0.103241,0.120200,0.890111,0.426958,0.404065,0.002594,0.036840,-0.112033,0.647062,0.676264,0.333791,0.140858,-0.087670,0.200257,0.136209,-0.371778,0.649520,0.649107
2026-04-21T02:48:31.039708+00:00,5.588005,1776739711039707600,0.271044,0.509045,0.064667,-0.105184,0.122146,0.890625,0.425593,0.405581,0.002448,0.035823,-0.113407,0.648106,0.676310,0.331538,0.139669,-0.076770,0.202684,0.121351,-0.393763,0.647441,0.641388
2026-04-21T02:48:31.056253+00:00,5.604551,1776739711056253200,0.273074,0.509272,0.064041,-0.107082,0.124111,0.890140,0.424817,0.406993,0.002256,0.034844,-0.115066,0.648646,0.676319,0.328923,0.138349,-0.066422,0.205640,0.106418,-0.414868,0.644607,0.633489
2026-04-21T02:48:31.073382+00:00,5.621680,1776739711073382100,0.274960,0.509410,0.063335,-0.109120,0.126079,0.890124,0.424284,0.408430,0.002068,0.033580,-0.116801,0.649748,0.676182,0.326498,0.136868,-0.055769,0.209705,0.091162,-0.436096,0.641370,0.624819
2026-04-21T02:48:31.090382+00:00,5.638679,1776739711090382000,0.276703,0.509502,0.062583,-0.111076,0.127748,0.890118,0.423505,0.409859,0.001656,0.032407,-0.118517,0.651453,0.675460,0.324496,0.135419,-0.045807,0.214324,0.078340,-0.455830,0.638344,0.615246
2026-04-21T02:48:31.108611+00:00,5.656908,1776739711108610700,0.278258,0.509633,0.061744,-0.113075,0.129220,0.889628,0.422918,0.411354,0.001198,0.030983,-0.120347,0.653380,0.674270,0.322712,0.134201,-0.036139,0.220531,0.071761,-0.473428,0.636342,0.604596
2026-04-21T02:48:31.124402+00:00,5.672699,1776739711124402000,0.279465,0.509721,0.060966,-0.114748,0.130059,0.889673,0.422225,0.412612,0.000598,0.029852,-0.121997,0.655832,0.672307,0.321244,0.133316,-0.028679,0.226567,0.069765,-0.486213,0.635543,0.595909
2026-04-21T02:48:31.146406+00:00,5.694704,1776739711146406400,0.280790,0.509832,0.059761,-0.116812,0.131074,0.889542,0.421935,0.414298,-0.000179,0.028128,-0.124255,0.658775,0.669765,0.318985,0.132179,-0.018720,0.235312,0.068083,-0.502874,0.634287,0.583486
2026-04-21T02:48:31.158797+00:00,5.707094,1776739711158797000,0.281405,0.509894,0.059018,-0.117857,0.131514,0.889199,0.421869,0.415148,-0.000724,0.027177,-0.125621,0.660986,0.668189,0.317625,0.132636,-0.016370,0.242101,0.071192,-0.504735,0.633693,0.582156
2026-04-21T02:48:31.175768+00:00,5.724065,1776739711175767800,0.282070,0.509952,0.057920,-0.119243,0.132171,0.889177,0.421872,0.416303,-0.001296,0.025774,-0.127443,0.663084,0.666630,0.315759,0.132858,-0.013117,0.251123,0.074321,-0.508197,0.631464,0.581045
2026-04-21T02:48:31.192675+00:00,5.740972,1776739711192674900,0.282555,0.510070,0.056767,-0.120414,0.132445,0.888673,0.421876,0.417321,-0.001967,0.024520,-0.128911,0.665678,0.665099,0.313609,0.134003,-0.011821,0.260656,0.079114,-0.509135,0.629308,0.582063
2026-04-21T02:48:31.209631+00:00,5.757928,1776739711209630900,0.282876,0.510277,0.055528,-0.121383,0.132565,0.888675,0.421613,0.418303,-0.002403,0.023172,-0.129897,0.667616,0.663700,0.311340,0.135650,-0.012313,0.270620,0.086020,-0.507236,0.627813,0.583550
2026-04-21T02:48:31.226642+00:00,5.774940,1776739711226642100,0.283089,0.510591,0.054240,-0.122287,0.132498,0.888727,0.421263,0.419120,-0.002968,0.022049,-0.130750,0.669700,0.662161,0.309007,0.137720,-0.014454,0.280753,0.096257,-0.502375,0.627915,0.586249
2026-04-21T02:48:31.244199+00:00,5.792496,1776739711244198800,0.283193,0.511041,0.052843,-0.122732,0.131720,0.889238,0.420492,0.419932,-0.003384,0.020981,-0.131275,0.671884,0.660940,0.307049,0.140159,-0.018922,0.291050,0.108771,-0.495527,0.627116,0.591008
2026-04-21T02:48:31.261110+00:00,5.809407,1776739711261110000,0.283277,0.511514,0.051488,-0.123220,0.131222,0.889555,0.419616,0.420595,-0.003866,0.020226,-0.132266,0.674465,0.659052,0.305828,0.142838,-0.025141,0.301026,0.122195,-0.487041,0.623183,0.599812
2026-04-21T02:48:31.278754+00:00,5.827052,1776739711278754600,0.283294,0.512089,0.050063,-0.123520,0.130544,0.890087,0.418551,0.421218,-0.004273,0.019649,-0.133212,0.676668,0.656852,0.304788,0.145762,-0.033139,0.311181,0.135780,-0.477843,0.615624,0.612052
2026-04-21T02:48:31.295599+00:00,5.843896,1776739711295599000,0.283195,0.512639,0.048749,-0.123659,0.130031,0.890860,0.417516,0.421716,-0.004754,0.019275,-0.133879,0.679094,0.654902,0.304106,0.148478,-0.041881,0.319951,0.147674,-0.470180,0.605811,0.624954
2026-04-21T02:48:31.312774+00:00,5.861071,1776739711312773800,0.283035,0.513235,0.047451,-0.123785,0.129748,0.891131,0.416468,0.422181,-0.005005,0.018992,-0.134076,0.680636,0.652854,0.303907,0.151117,-0.051102,0.327809,0.159021,-0.462835,0.594651,0.637785
2026-04-21T02:48:31.329897+00:00,5.878195,1776739711329897500,0.282857,0.513791,0.046241,-0.123981,0.129357,0.891648,0.415678,0.422586,-0.005228,0.018840,-0.134239,0.682424,0.651569,0.303729,0.153700,-0.060085,0.334368,0.169997,-0.454812,0.586261,0.648338
2026-04-21T02:48:31.349415+00:00,5.897712,1776739711349414900,0.282678,0.514403,0.044934,-0.124182,0.129043,0.892391,0.414660,0.422850,-0.005361,0.018779,-0.134478,0.683613,0.650324,0.303618,0.156623,-0.069713,0.340945,0.181906,-0.445015,0.577734,0.659465
2026-04-21T02:48:31.365034+00:00,5.913331,1776739711365034000,0.282527,0.514935,0.044020,-0.124502,0.128438,0.892464,0.413797,0.423017,-0.005317,0.018697,-0.135021,0.683594,0.650397,0.302960,0.158971,-0.076045,0.344073,0.187562,-0.435438,0.577555,0.664367
2026-04-21T02:48:31.381800+00:00,5.930097,1776739711381799600,0.282416,0.515452,0.043163,-0.124763,0.127815,0.892977,0.412767,0.423114,-0.005204,0.018582,-0.135398,0.683073,0.650947,0.301919,0.161340,-0.082876,0.347766,0.194291,-0.426027,0.575580,0.670223
2026-04-21T02:48:31.398738+00:00,5.947036,1776739711398738400,0.282327,0.515916,0.042373,-0.125080,0.127132,0.893514,0.411948,0.423160,-0.004924,0.018394,-0.135511,0.682526,0.652010,0.301137,0.162766,-0.087220,0.349204,0.199931,-0.419796,0.581139,0.667980
2026-04-21T02:48:31.415988+00:00,5.964285,1776739711415987900,0.282257,0.516314,0.041674,-0.125591,0.126722,0.894033,0.411399,0.423193,-0.004597,0.018304,-0.135520,0.681964,0.653055,0.300418,0.164102,-0.091622,0.350748,0.205383,-0.414128,0.583480,0.667961
2026-04-21T02:48:31.432812+00:00,5.981109,1776739711432811700,0.282157,0.516705,0.041136,-0.125985,0.126336,0.894049,0.410631,0.423208,-0.004041,0.017994,-0.135685,0.681469,0.653483,0.300301,0.165087,-0.095504,0.351691,0.209186,-0.410066,0.583548,0.669073
2026-04-21T02:48:31.449619+00:00,5.997917,1776739711449619100,0.282088,0.517080,0.040705,-0.126490,0.125942,0.894561,0.409849,0.423124,-0.003619,0.017705,-0.136141,0.680455,0.653953,0.300625,0.165658,-0.098752,0.352199,0.210753,-0.408650,0.581922,0.671000
2026-04-21T02:48:31.466824+00:00,6.015121,1776739711466823900,0.281961,0.517492,0.040422,-0.126806,0.125238,0.894834,0.408808,0.422956,-0.003349,0.017449,-0.136848,0.679924,0.654479,0.300842,0.165955,-0.101651,0.352405,0.211850,-0.408464,0.579227,0.673097
2026-04-21T02:48:31.483886+00:00,6.032183,1776739711483885900,0.281805,0.517769,0.040207,-0.127233,0.124761,0.895478,0.408275,0.422815,-0.003139,0.017128,-0.137573,0.679688,0.655273,0.300537,0.165978,-0.103990,0.352449,0.213900,-0.408420,0.576714,0.674051
2026-04-21T02:48:31.500865+00:00,6.049162,1776739711500864400,0.281567,0.517897,0.040082,-0.127574,0.124501,0.895595,0.407991,0.422671,-0.003033,0.016731,-0.138068,0.679201,0.655273,0.300288,0.165927,-0.105752,0.352447,0.217027,-0.408036,0.576083,0.674263
2026-04-21T02:48:31.517716+00:00,6.066013,1776739711517715600,0.281198,0.517992,0.039973,-0.127884,0.124465,0.895046,0.408155,0.422510,-0.003019,0.016345,-0.138583,0.679720,0.654756,0.299780,0.165736,-0.107142,0.352261,0.219896,-0.407039,0.576493,0.673682
2026-04-21T02:48:31.534889+00:00,6.083187,1776739711534889100,0.280745,0.517980,0.039923,-0.128137,0.124324,0.894969,0.408550,0.422376,-0.003057,0.016004,-0.138826,0.680284,0.654200,0.299512,0.165585,-0.107888,0.352210,0.218453,-0.408992,0.576011,0.673095
2026-04-21T02:48:31.552018+00:00,6.100315,1776739711552017600,0.280127,0.518012,0.039889,-0.128187,0.123871,0.895016,0.408686,0.422273,-0.003398,0.015758,-0.138994,0.681197,0.653805,0.299142,0.165015,-0.108570,0.351914,0.218258,-0.411349,0.575696,0.672371
2026-04-21T02:48:31.568878+00:00,6.117175,1776739711568878000,0.279324,0.518031,0.039916,-0.127683,0.123228,0.895020,0.408691,0.422186,-0.003897,0.015659,-0.139073,0.681899,0.652539,0.299349,0.164122,-0.109451,0.351443,0.218514,-0.412911,0.574656,0.671874
2026-04-21T02:48:31.588212+00:00,6.136509,1776739711588211500,0.278278,0.518029,0.039974,-0.126788,0.122306,0.895549,0.408692,0.422078,-0.004688,0.015701,-0.139393,0.683558,0.650766,0.299782,0.163402,-0.110054,0.351099,0.218682,-0.414395,0.573555,0.671846
2026-04-21T02:48:31.603742+00:00,6.152039,1776739711603742000,0.277246,0.518025,0.040106,-0.125780,0.121580,0.895658,0.408719,0.422013,-0.005400,0.015805,-0.139632,0.684519,0.649719,0.300702,0.162595,-0.109996,0.350536,0.216445,-0.414211,0.573793,0.672332
2026-04-21T02:48:31.620494+00:00,6.168791,1776739711620493500,0.276080,0.518054,0.040260,-0.124645,0.120998,0.895999,0.409296,0.421935,-0.006168,0.016317,-0.139825,0.685042,0.648140,0.301864,0.161735,-0.109657,0.349850,0.214561,-0.415005,0.574127,0.672161
2026-04-21T02:48:31.637459+00:00,6.185756,1776739711637458900,0.274817,0.517992,0.040555,-0.123603,0.120358,0.895485,0.409864,0.421851,-0.006858,0.017109,-0.139643,0.686065,0.646422,0.303290,0.159998,-0.108389,0.348556,0.215108,-0.417013,0.577497,0.667859
2026-04-21T02:48:31.654447+00:00,6.202744,1776739711654446800,0.273577,0.517905,0.040863,-0.122654,0.119593,0.895514,0.410578,0.421745,-0.007531,0.017970,-0.139611,0.686838,0.645234,0.304879,0.158251,-0.106614,0.347061,0.216007,-0.418800,0.580493,0.664220
2026-04-21T02:48:31.671677+00:00,6.219974,1776739711671677000,0.272301,0.517806,0.041260,-0.121853,0.118745,0.895507,0.411119,0.421631,-0.007959,0.018957,-0.139530,0.686650,0.643933,0.306393,0.155911,-0.104154,0.345099,0.215233,-0.422331,0.582996,0.659969
2026-04-21T02:48:31.688689+00:00,6.236987,1776739711688689200,0.271023,0.517763,0.041714,-0.121007,0.117830,0.895511,0.411385,0.421534,-0.008207,0.019907,-0.139307,0.686490,0.644012,0.307069,0.153328,-0.101372,0.342659,0.211958,-0.426750,0.584884,0.656525
2026-04-21T02:48:31.705554+00:00,6.253851,1776739711705553900,0.269733,0.517759,0.042218,-0.120201,0.116953,0.895566,0.411524,0.421299,-0.008358,0.020849,-0.138591,0.686489,0.644092,0.307439,0.150389,-0.098153,0.339801,0.206637,-0.431314,0.586565,0.653579
2026-04-21T02:48:31.723026+00:00,6.271324,1776739711723026300,0.268383,0.517711,0.042780,-0.119206,0.116127,0.896009,0.411895,0.420990,-0.008471,0.021741,-0.137669,0.686527,0.644508,0.307615,0.146980,-0.094458,0.336191,0.200117,-0.436452,0.588024,0.651053
2026-04-21T02:48:31.744119+00:00,6.292417,1776739711744119100,0.266639,0.517685,0.043530,-0.117843,0.115185,0.896081,0.412394,0.420659,-0.008484,0.022895,-0.136512,0.686534,0.644551,0.307646,0.142062,-0.089450,0.330969,0.191193,-0.444318,0.589113,0.647685
2026-04-21T02:48:31.760510+00:00,6.308808,1776739711760510300,0.265209,0.517663,0.044200,-0.116424,0.114457,0.895994,0.412833,0.420326,-0.008487,0.023847,-0.135640,0.686538,0.644526,0.307938,0.137665,-0.085130,0.325984,0.182747,-0.451758,0.588867,0.644495
2026-04-21T02:48:31.777393+00:00,6.325690,1776739711777392800,0.263673,0.517663,0.044958,-0.114987,0.113685,0.896028,0.413086,0.420036,-0.008488,0.024920,-0.134778,0.686540,0.644518,0.308199,0.132645,-0.080345,0.319771,0.172171,-0.460472,0.588874,0.641303
2026-04-21T02:48:31.794469+00:00,6.342767,1776739711794469500,0.262153,0.517634,0.045759,-0.113566,0.112696,0.896495,0.413617,0.419662,-0.008481,0.026010,-0.133903,0.686540,0.644517,0.308781,0.127218,-0.075271,0.312804,0.161326,-0.469730,0.589162,0.637175
2026-04-21T02:48:31.815696+00:00,6.363994,1776739711815696100,0.260173,0.517706,0.046883,-0.111806,0.111171,0.896573,0.413919,0.419157,-0.008538,0.027406,-0.132775,0.686425,0.644622,0.309093,0.119698,-0.068349,0.303019,0.148656,-0.482261,0.591881,0.628462
2026-04-21T02:48:31.831296+00:00,6.379594,1776739711831296200,0.258710,0.517688,0.047796,-0.110515,0.109895,0.896943,0.413831,0.418774,-0.008552,0.028408,-0.132237,0.685952,0.645114,0.309349,0.113405,-0.062864,0.293971,0.138611,-0.493302,0.595589,0.618988
2026-04-21T02:48:31.848327+00:00,6.396625,1776739711848327200,0.257080,0.517836,0.048904,-0.108945,0.108580,0.897462,0.413574,0.418336,-0.008622,0.029438,-0.132065,0.685641,0.645949,0.309338,0.106393,-0.057095,0.283724,0.126046,-0.506149,0.597690,0.608674
2026-04-21T02:48:31.865431+00:00,6.413729,1776739711865431200,0.255407,0.517981,0.050084,-0.107303,0.107475,0.897980,0.413312,0.417781,-0.008670,0.030400,-0.132232,0.684280,0.646788,0.309320,0.099329,-0.051907,0.272885,0.112395,-0.519082,0.598123,0.600261
2026-04-21T02:48:31.882863+00:00,6.431160,1776739711882862600,0.253621,0.518068,0.051373,-0.105567,0.106631,0.897984,0.413355,0.417202,-0.008743,0.031437,-0.132308,0.683202,0.647868,0.309290,0.092110,-0.047334,0.261418,0.098828,-0.530958,0.597007,0.592954
2026-04-21T02:48:31.899618+00:00,6.447915,1776739711899618000,0.251859,0.518050,0.052659,-0.103792,0.105819,0.898441,0.413670,0.416587,-0.009029,0.032416,-0.132513,0.682177,0.648777,0.309803,0.085175,-0.043672,0.250374,0.089272,-0.541062,0.596000,0.586531
2026-04-21T02:48:31.916460+00:00,6.464757,1776739711916459600,0.249964,0.518005,0.054005,-0.102075,0.104833,0.898412,0.414545,0.416000,-0.009398,0.033494,-0.132958,0.681114,0.649427,0.311082,0.078410,-0.040681,0.239008,0.083133,-0.549567,0.595071,0.580283
2026-04-21T02:48:31.933329+00:00,6.481626,1776739711933328700,0.248012,0.518038,0.055186,-0.100380,0.103672,0.897981,0.415551,0.415289,-0.009929,0.034593,-0.133703,0.680130,0.649419,0.312574,0.071854,-0.038303,0.227665,0.080763,-0.557206,0.594814,0.574034
2026-04-21T02:48:31.950555+00:00,6.498852,1776739711950554500,0.245872,0.517699,0.056635,-0.098729,0.102197,0.897974,0.416593,0.414555,-0.010512,0.035833,-0.134647,0.678985,0.649465,0.314679,0.065648,-0.036812,0.216738,0.082581,-0.562504,0.593816,0.569741
2026-04-21T02:48:31.967435+00:00,6.515732,1776739711967434900,0.243524,0.517153,0.058220,-0.097051,0.100536,0.897476,0.417876,0.413725,-0.011216,0.036975,-0.135256,0.677993,0.649419,0.316833,0.059863,-0.035978,0.206271,0.084266,-0.567531,0.591249,0.566757
2026-04-21T02:48:31.984593+00:00,6.532890,1776739711984592700,0.241147,0.516712,0.059696,-0.095274,0.098570,0.897461,0.419191,0.412850,-0.011986,0.038078,-0.135939,0.676426,0.649451,0.318903,0.054496,-0.035707,0.196087,0.085693,-0.571924,0.587753,0.565903
2026-04-21T02:48:32.001816+00:00,6.550113,1776739712001815700,0.238631,0.516271,0.061169,-0.093284,0.096250,0.897452,0.420508,0.411869,-0.012881,0.039095,-0.137097,0.675394,0.649942,0.320887,0.049621,-0.035663,0.186691,0.087739,-0.575411,0.583741,0.565926
2026-04-21T02:48:32.020320+00:00,6.568618,1776739712020320200,0.235794,0.515764,0.062725,-0.090840,0.093468,0.897433,0.421936,0.410812,-0.013772,0.040248,-0.138704,0.673780,0.649884,0.322905,0.044765,-0.035901,0.176794,0.091402,-0.578896,0.579861,0.565711
2026-04-21T02:48:32.036541+00:00,6.584838,1776739712036540500,0.233172,0.515308,0.064051,-0.088426,0.090975,0.897011,0.423254,0.409817,-0.014606,0.041259,-0.139538,0.672833,0.649407,0.324998,0.040857,-0.036476,0.168636,-0.097079,0.583043,-0.577530,-0.563253
2026-04-21T02:48:32.053556+00:00,6.601854,1776739712053556600,0.230356,0.514839,0.065390,-0.085608,0.088372,0.896986,0.424841,0.408766,-0.015542,0.042272,-0.139932,0.671905,0.649179,0.327512,0.037219,-0.036808,0.160512,-0.104365,0.586779,-0.575782,-0.559118
2026-04-21T02:48:32.070565+00:00,6.618863,1776739712070565400,0.227500,0.514451,0.066693,-0.082574,0.085642,0.896969,0.425924,0.407709,-0.016421,0.043427,-0.139609,0.671311,0.648353,0.330415,0.034181,-0.036906,0.153129,-0.109299,0.591197,-0.574946,-0.554724
2026-04-21T02:48:32.087270+00:00,6.635567,1776739712087269800,0.224656,0.514143,0.067922,-0.079486,0.083001,0.896965,0.426969,0.406603,-0.017345,0.044597,-0.139248,0.670738,0.647808,0.334108,0.031758,-0.036885,0.146366,-0.111603,0.594510,-0.576056,-0.549703
2026-04-21T02:48:32.104405+00:00,6.652703,1776739712104405600,0.221790,0.513893,0.069150,-0.076277,0.080407,0.896965,0.427471,0.405416,-0.018134,0.045859,-0.139179,0.669621,0.646825,0.337788,0.029818,-0.036367,0.140197,-0.113968,0.597675,-0.578142,-0.543904
2026-04-21T02:48:32.121288+00:00,6.669585,1776739712121288000,0.219051,0.513613,0.070297,-0.073279,0.077999,0.897580,0.428022,0.404174,-0.018842,0.047086,-0.139455,0.668010,0.646398,0.341107,0.028322,-0.035404,0.134524,-0.116452,0.600826,-0.581303,-0.536532
2026-04-21T02:48:32.138408+00:00,6.686705,1776739712138407700,0.216343,0.513339,0.071349,-0.070478,0.075710,0.897466,0.428782,0.402883,-0.019496,0.048241,-0.139353,0.666526,0.646457,0.344239,0.027231,-0.034100,0.129555,-0.118374,0.603791,-0.584835,-0.528549
2026-04-21T02:48:32.155399+00:00,6.703697,1776739712155399200,0.213739,0.512976,0.072342,-0.067901,0.073509,0.897449,0.429590,0.401585,-0.020056,0.049399,-0.138728,0.665120,0.646497,0.347211,0.026434,-0.032628,0.125181,-0.119725,0.606284,-0.588529,-0.521313
2026-04-21T02:48:32.172335+00:00,6.720633,1776739712172335300,0.211227,0.512551,0.073230,-0.065448,0.071295,0.897420,0.430666,0.400257,-0.020486,0.050555,-0.137819,0.664065,0.645996,0.350092,0.025713,-0.031090,0.121473,-0.120763,0.607703,-0.592120,-0.515289
2026-04-21T02:48:32.189219+00:00,6.737517,1776739712189219400,0.208685,0.512069,0.074054,-0.062979,0.068968,0.897013,0.431897,0.398868,-0.020908,0.051631,-0.136746,0.662942,0.645984,0.353002,0.025001,-0.029583,0.118308,-0.122187,0.608060,-0.595163,-0.510838
2026-04-21T02:48:32.207446+00:00,6.755744,1776739712207446100,0.206016,0.511507,0.074850,-0.060243,0.066108,0.896886,0.433115,0.397477,-0.021219,0.052754,-0.135503,0.661527,0.646000,0.355436,0.024357,-0.028159,0.115753,-0.124605,0.608485,-0.598318,-0.506136
2026-04-21T02:48:32.224351+00:00,6.772648,1776739712224350900,0.203550,0.510979,0.075505,-0.057555,0.063414,0.896484,0.434327,0.395981,-0.021530,0.053859,-0.133798,0.660480,0.645971,0.357905,0.023630,-0.026825,0.113863,-0.126570,0.608878,-0.601529,-0.501521
2026-04-21T02:48:32.243729+00:00,6.792026,1776739712243728600,0.200842,0.510368,0.076123,-0.054424,0.060321,0.896329,0.435864,0.394445,-0.021875,0.055025,-0.131796,0.659986,0.645853,0.360228,0.022489,-0.025364,0.112184,-0.128316,0.609848,-0.604264,-0.496555
2026-04-21T02:48:32.260210+00:00,6.808508,1776739712260210200,0.198564,0.509859,0.076551,-0.051626,0.057835,0.896043,0.437010,0.393098,-0.022186,0.056043,-0.129993,0.659666,0.645505,0.362318,0.021303,-0.024296,0.111047,-0.129434,0.610602,-0.606571,-0.492055
2026-04-21T02:48:32.277204+00:00,6.825501,1776739712277203400,0.196362,0.509416,0.076892,-0.048729,0.055506,0.896017,0.437846,0.391758,-0.022514,0.057119,-0.128133,0.659660,0.645010,0.364304,0.020101,-0.023340,0.110128,-0.129590,0.611494,-0.609282,-0.487572
2026-04-21T02:48:32.294388+00:00,6.842686,1776739712294388300,0.194251,0.509072,0.077146,-0.045823,0.053366,0.895999,0.438627,0.390396,-0.022837,0.058198,-0.126298,0.658962,0.644307,0.366375,0.018686,-0.022287,0.109356,0.127929,-0.611761,0.612284,0.484590
2026-04-21T02:48:32.311291+00:00,6.859588,1776739712311290500,0.192275,0.508815,0.077324,-0.042923,0.051407,0.895990,0.439176,0.389064,-0.023248,0.059279,-0.124487,0.658929,0.644236,0.368535,0.017250,-0.021195,0.108613,0.126709,-0.611211,0.614988,0.481635
2026-04-21T02:48:32.328467+00:00,6.876764,1776739712328466800,0.190425,0.508645,0.077456,-0.040147,0.049680,0.895994,0.439450,0.387789,-0.023608,0.060369,-0.123201,0.658345,0.643742,0.370597,0.015821,-0.020005,0.107888,0.125445,-0.611335,0.618244,0.477438
2026-04-21T02:48:32.345390+00:00,6.893688,1776739712345390300,0.188786,0.508542,0.077545,-0.037684,0.048222,0.896002,0.439700,0.386575,-0.023938,0.061406,-0.122404,0.657531,0.643508,0.372303,0.014523,-0.018705,0.107151,0.122848,-0.611838,0.621934,0.473227
2026-04-21T02:48:32.362811+00:00,6.911109,1776739712362811100,0.187290,0.508488,0.077618,-0.035581,0.046978,0.896015,0.439694,0.385337,-0.024253,0.062391,-0.121565,0.656981,0.643532,0.374111,0.013250,-0.017232,0.106319,0.118362,-0.611785,0.626063,0.468662
2026-04-21T02:48:32.379999+00:00,6.928296,1776739712379998700,0.186064,0.508442,0.077650,-0.033935,0.045992,0.896508,0.439691,0.384228,-0.024516,0.063326,-0.120509,0.656263,0.643554,0.375458,0.012167,-0.015830,0.105439,0.114074,-0.610883,0.631136,0.464246
2026-04-21T02:48:32.397089+00:00,6.945387,1776739712397089500,0.184985,0.508425,0.077627,-0.032731,0.045264,0.896458,0.439479,0.383152,-0.024725,0.064137,-0.119455,0.655736,0.643556,0.376768,0.011327,-0.014388,0.104772,0.112657,-0.609308,0.636248,0.459963
2026-04-21T02:48:32.414807+00:00,6.963105,1776739712414807100,0.184020,0.508442,0.077523,-0.031695,0.044606,0.896467,0.439233,0.382140,-0.024866,0.064919,-0.118444,0.655020,0.643537,0.377848,0.010625,-0.013008,0.104119,0.112063,-0.607022,0.641555,0.455764
2026-04-21T02:48:32.431612+00:00,6.979909,1776739712431612000,0.183259,0.508435,0.077414,-0.030822,0.044086,0.896964,0.438978,0.381228,-0.024978,0.065576,-0.117610,0.655100,0.643503,0.378754,0.010084,-0.011840,0.103670,0.110718,-0.605363,0.645035,0.453216
2026-04-21T02:48:32.451765+00:00,7.000062,1776739712451765000,0.182362,0.508527,0.077292,-0.029771,0.043488,0.897145,0.438444,0.380272,-0.025052,0.066376,-0.116565,0.654716,0.642852,0.379636,0.009501,-0.010686,0.103040,0.107594,-0.604252,0.647964,0.451379
2026-04-21T02:48:32.468387+00:00,7.016685,1776739712468387200,0.181728,0.508540,0.077205,-0.028957,0.043064,0.897418,0.438297,0.379544,-0.025142,0.066964,-0.115393,0.654793,0.642451,0.380484,0.009150,-0.009897,0.102625,0.105548,-0.602664,0.650510,0.450159
2026-04-21T02:48:32.485594+00:00,7.033891,1776739712485593500,0.181105,0.508599,0.077103,-0.028185,0.042759,0.897444,0.438013,0.378896,-0.025282,0.067590,-0.114490,0.654762,0.642562,0.381193,0.008946,-0.009144,0.102149,0.104590,-0.601185,0.652538,0.448782
2026-04-21T02:48:32.502656+00:00,7.050954,1776739712502656400,0.180593,0.508630,0.077010,-0.027560,0.042558,0.897454,0.437752,0.378259,-0.025405,0.068207,-0.113893,0.654247,0.642581,0.382177,0.008677,-0.008331,0.101365,0.104361,-0.600232,0.655106,0.446802
2026-04-21T02:48:32.519929+00:00,7.068227,1776739712519929400,0.180131,0.508635,0.076908,-0.027116,0.042399,0.897461,0.437742,0.377658,-0.025522,0.068811,-0.113521,0.654184,0.642616,0.382960,0.008449,-0.007678,0.100660,0.104485,-0.599423,0.657062,0.444795
2026-04-21T02:48:32.537226+00:00,7.085523,1776739712537226000,0.179737,0.508597,0.076791,-0.026821,0.042228,0.897443,0.438043,0.377088,-0.025628,0.069394,-0.113192,0.653617,0.642808,0.383703,0.008333,-0.007353,0.099967,0.103316,-0.600098,0.657229,0.444335
2026-04-21T02:48:32.554530+00:00,7.102827,1776739712554529900,0.179388,0.508631,0.076687,-0.026587,0.041894,0.897458,0.437999,0.376691,-0.025657,0.069910,-0.113098,0.652915,0.642757,0.384233,0.008271,-0.007028,0.099420,0.102095,-0.599585,0.657767,0.444310
2026-04-21T02:48:32.571348+00:00,7.119645,1776739712571348000,0.179100,0.508643,0.076602,-0.026375,0.041569,0.897471,0.437976,0.376368,-0.025707,0.070283,-0.112676,0.652751,0.643157,0.384317,0.008251,-0.006746,0.098790,0.102178,-0.599545,0.658351,0.443700
2026-04-21T02:48:32.588330+00:00,7.136627,1776739712588329700,0.178869,0.508643,0.076525,-0.026191,0.041299,0.897980,0.437687,0.376127,-0.025715,0.070626,-0.112192,0.652883,0.643095,0.383969,0.008243,-0.006393,0.098268,0.103078,-0.599005,0.659437,0.442591
2026-04-21T02:48:32.605454+00:00,7.153752,1776739712605454100,0.178676,0.508669,0.076458,-0.026075,0.041198,0.898010,0.437380,0.375924,-0.025736,0.070899,-0.111728,0.653344,0.643058,0.383770,0.008239,-0.006046,0.097677,0.104396,-0.598401,0.660524,0.441308
2026-04-21T02:48:32.622447+00:00,7.170744,1776739712622446600,0.178511,0.508688,0.076403,-0.025984,0.041166,0.897929,0.437053,0.375814,-0.025747,0.071177,-0.111412,0.653376,0.643032,0.383519,0.008332,-0.005681,0.097235,0.105150,-0.597411,0.661741,0.440355
2026-04-21T02:48:32.639446+00:00,7.187743,1776739712639445600,0.178417,0.508774,0.076371,-0.025854,0.041226,0.898432,0.436534,0.375719,-0.025755,0.071457,-0.111180,0.653866,0.642538,0.383278,0.008482,-0.005292,0.096794,0.103929,-0.596309,0.663735,0.439296
2026-04-21T02:48:32.656483+00:00,7.204781,1776739712656483400,0.178336,0.508845,0.076352,-0.025723,0.041419,0.898440,0.436273,0.375683,-0.025823,0.071722,-0.111142,0.654343,0.642549,0.383271,0.008646,-0.004828,0.096415,0.103146,-0.595118,0.665578,0.438031
2026-04-21T02:48:32.677930+00:00,7.226227,1776739712677929900,0.178322,0.508870,0.076361,-0.025650,0.041798,0.898492,0.436147,0.375663,-0.025923,0.072055,-0.111221,0.654456,0.642490,0.383154,0.008879,-0.004137,0.095996,0.103730,-0.593448,0.669377,0.434775
2026-04-21T02:48:32.693779+00:00,7.242076,1776739712693778700,0.178272,0.508902,0.076302,-0.025792,0.042169,0.898445,0.436272,0.375664,-0.026011,0.072302,-0.111270,0.654311,0.642574,0.382794,0.009054,-0.003756,0.095645,0.104880,-0.591477,0.672414,0.432041
2026-04-21T02:48:32.710917+00:00,7.259215,1776739712710917100,0.178275,0.508891,0.076294,-0.025970,0.042587,0.898451,0.436257,0.375671,-0.026142,0.072540,-0.111287,0.654374,0.642558,0.382710,0.009203,-0.003512,0.095462,0.105601,-0.590416,0.674198,0.430747
2026-04-21T02:48:32.727610+00:00,7.275907,1776739712727609500,0.178348,0.508870,0.076290,-0.026298,0.042980,0.898446,0.436510,0.375653,-0.026305,0.072743,-0.111421,0.654807,0.642554,0.382562,0.009284,-0.003352,0.095463,0.106005,-0.589856,0.674785,0.430192
2026-04-21T02:48:32.744677+00:00,7.292974,1776739712744676500,0.178468,0.508843,0.076338,-0.026737,0.043276,0.897948,0.436769,0.375638,-0.026444,0.072978,-0.111640,0.654801,0.642053,0.382583,0.009300,-0.003317,0.095480,0.106467,-0.589840,0.675305,0.429668
2026-04-21T02:48:32.761418+00:00,7.309715,1776739712761418000,0.178626,0.508762,0.076426,-0.027235,0.043493,0.897946,0.436772,0.375637,-0.026614,0.073212,-0.111903,0.654863,0.641910,0.382640,0.009282,-0.003327,0.095513,0.107283,-0.589851,0.675790,0.428921
