timestamp,time_seconds,timestamp_ns,tracker_head_x,tracker_head_y,tracker_head_z,tracker_head_qw,tracker_head_qx,tracker_head_qy,tracker_head_qz,tracker_right_x,tracker_right_y,tracker_right_z,tracker_right_qw,tracker_right_qx,tracker_right_qy,tracker_right_qz,tracker_left_x,tracker_left_y,tracker_left_z,tracker_left_qw,tracker_left_qx,tracker_left_qy,tracker_left_qz
2026-03-27T17:21:54.333313+00:00,0.041182,1774632114333313000,0.557377,0.396166,-0.228631,0.501662,-0.064915,-0.81652,-0.278877,0.649614,-0.069142,-0.521646,0.588541,-0.512628,-0.526422,0.337108,0.60529,-0.059467,-0.019613,0.319939,0.448161,-0.6497,-0.527432
2026-03-27T17:21:54.350387+00:00,0.058256,1774632114350386600,0.557791,0.396026,-0.229057,0.502231,-0.065708,-0.816265,-0.278928,0.649388,-0.069576,-0.521709,0.589029,-0.51307,-0.525495,0.336229,0.60574,-0.060004,-0.019287,0.318932,0.448509,-0.645326,-0.529031
2026-03-27T17:21:54.367522+00:00,0.075392,1774632114367522200,0.558174,0.395964,-0.229497,0.502987,-0.066398,-0.81539,-0.278808,0.606177,-0.060502,-0.019054,0.3164,0.451019,-0.645638,-0.531822,0.649199,-0.069996,-0.521796,0.588812,-0.514801,-0.525591,0.336342
2026-03-27T17:21:54.384308+00:00,0.092178,1774632114384308100,0.558514,0.395876,-0.229883,0.503749,-0.067085,-0.815303,-0.278939,0.606373,-0.060697,-0.01925,0.314178,0.45289,-0.645819,-0.531377,0.64898,-0.070352,-0.521924,0.58945,-0.514739,-0.524204,0.335589
2026-03-27T17:21:54.401395+00:00,0.109265,1774632114401395300,0.558839,0.395847,-0.230281,0.50464,-0.067676,-0.814215,-0.278482,0.606607,-0.060954,-0.018928,0.311531,0.455063,-0.647578,-0.530325,0.648787,-0.07069,-0.522092,0.589207,-0.516056,-0.52376,0.33559
2026-03-27T17:21:54.418407+00:00,0.126276,1774632114418406700,0.55915,0.39582,-0.230635,0.505498,-0.068163,-0.813928,-0.278281,0.606791,-0.060988,-0.019039,0.310025,0.455183,-0.645867,-0.52782,0.648586,-0.070967,-0.522281,0.589127,-0.516567,-0.522521,0.335247
2026-03-27T17:21:54.435514+00:00,0.143384,1774632114435514300,0.559423,0.395833,-0.230989,0.506471,-0.068502,-0.812772,-0.277792,0.60706,-0.061069,-0.019019,0.307427,0.45725,-0.646062,-0.528331,0.64845,-0.071217,-0.522538,0.588754,-0.517614,-0.522631,0.335516
2026-03-27T17:21:54.452787+00:00,0.160656,1774632114452786600,0.559712,0.395815,-0.231326,0.506562,-0.068969,-0.814215,-0.277998,0.607352,-0.061034,-0.018941,0.305043,0.458516,-0.644328,-0.528953,0.648308,-0.07145,-0.522785,0.588673,-0.518281,-0.522046,0.335542
2026-03-27T17:21:54.469621+00:00,0.177491,1774632114469621100,0.559937,0.395842,-0.231631,0.507484,-0.069153,-0.813074,-0.277515,0.607656,-0.060954,-0.018831,0.302081,0.460236,-0.643913,-0.531006,0.648212,-0.071582,-0.523041,0.58879,-0.518891,-0.521284,0.335556
2026-03-27T17:21:54.486696+00:00,0.194566,1774632114486696300,0.560206,0.39582,-0.231897,0.508005,-0.069394,-0.813432,-0.27721,0.607981,-0.061036,-0.018742,0.300307,0.461065,-0.643544,-0.533453,0.648125,-0.071684,-0.523348,0.588972,-0.519168,-0.521022,0.335855
2026-03-27T17:21:54.503678+00:00,0.211548,1774632114503678300,0.560403,0.395902,-0.232137,0.508982,-0.069445,-0.812231,-0.276733,0.608262,-0.060802,-0.018161,0.298978,0.461797,-0.643126,-0.536862,0.648058,-0.071779,-0.523643,0.589016,-0.519645,-0.520501,0.335843
2026-03-27T17:21:54.520741+00:00,0.22861,1774632114520740900,0.560608,0.395973,-0.232382,0.50932,-0.069605,-0.812856,-0.276844,0.608519,-0.060398,-0.017731,0.298358,0.461785,-0.640755,-0.539211,0.647996,-0.071872,-0.523914,0.589494,-0.51973,-0.519108,0.33561
2026-03-27T17:21:54.537496+00:00,0.245366,1774632114537496400,0.560773,0.396087,-0.232574,0.51039,-0.069497,-0.811472,-0.276048,0.608714,-0.060097,-0.017092,0.297307,0.463071,-0.639852,-0.542658,0.647976,-0.071992,-0.524195,0.589078,-0.5211,-0.518962,0.33587
2026-03-27T17:21:54.554502+00:00,0.262371,1774632114554501700,0.560979,0.396225,-0.232726,0.511354,-0.069154,-0.810258,-0.275551,0.608781,-0.059695,-0.016577,0.298529,0.460814,-0.633585,-0.542235,0.648167,-0.072107,-0.524478,0.588918,-0.521934,-0.518305,0.335871
2026-03-27T17:21:54.571552+00:00,0.279421,1774632114571551600,0.561181,0.396384,-0.232917,0.511718,-0.068881,-0.811313,-0.275359,0.608858,-0.059401,-0.015826,0.298761,0.462222,-0.631517,-0.5464,0.648295,-0.072138,-0.524752,0.589054,-0.522199,-0.517036,0.335597
2026-03-27T17:21:54.588567+00:00,0.296436,1774632114588566600,0.561416,0.396573,-0.233029,0.512877,-0.068438,-0.809841,-0.274529,0.608818,-0.059095,-0.015162,0.300948,0.461283,-0.625597,-0.549408,0.648609,-0.072235,-0.52501,0.588606,-0.523629,-0.51688,0.335845
2026-03-27T17:21:54.605728+00:00,0.313598,1774632114605728300,0.561629,0.39672,-0.233211,0.513124,-0.068204,-0.811044,-0.274782,0.608775,-0.058884,-0.014288,0.303126,0.462419,-0.622401,-0.554896,0.648931,-0.072286,-0.525241,0.588576,-0.524279,-0.515405,0.335579
2026-03-27T17:21:54.622727+00:00,0.330597,1774632114622727200,0.561836,0.396848,-0.233346,0.51415,-0.06787,-0.809779,-0.27431,0.608642,-0.058693,-0.013628,0.307091,0.461418,-0.616181,-0.556891,0.649327,-0.072363,-0.52545,0.587966,-0.526365,-0.514862,0.336177
2026-03-27T17:21:54.639792+00:00,0.347661,1774632114639791700,0.562049,0.396959,-0.233533,0.515078,-0.067669,-0.809497,-0.274403,0.608538,-0.058528,-0.013013,0.309759,0.462012,-0.61302,-0.560646,0.649725,-0.072396,-0.525609,0.587771,-0.527576,-0.513105,0.336256
2026-03-27T17:21:54.656833+00:00,0.364702,1774632114656833000,0.562317,0.397055,-0.233736,0.516182,-0.067418,-0.808981,-0.274152,0.608424,-0.05839,-0.012461,0.313289,0.46177,-0.60864,-0.563067,0.650111,-0.072436,-0.525792,0.587486,-0.528836,-0.512063,0.336405
2026-03-27T17:21:54.673911+00:00,0.38178,1774632114673910500,0.562545,0.397185,-0.233969,0.518006,-0.066949,-0.807568,-0.273739,0.608286,-0.058308,-0.011939,0.316543,0.461355,-0.604724,-0.566543,0.650549,-0.072467,-0.525926,0.58641,-0.53045,-0.511755,0.33691
2026-03-27T17:21:54.690886+00:00,0.398756,1774632114690886100,0.562819,0.397299,-0.234185,0.519575,-0.066505,-0.806262,-0.273078,0.608236,-0.058342,-0.011504,0.319253,0.461495,-0.60134,-0.570928,0.650975,-0.07246,-0.526024,0.585537,-0.531861,-0.510571,0.337025
2026-03-27T17:21:54.708121+00:00,0.41599,1774632114708120500,0.563102,0.397446,-0.234449,0.520627,-0.066174,-0.80654,-0.273077,0.608082,-0.058494,-0.011063,0.322934,0.459022,-0.595182,-0.573878,0.651395,-0.072456,-0.526138,0.584994,-0.532484,-0.50956,0.336809
2026-03-27T17:21:54.724899+00:00,0.432768,1774632114724899000,0.563362,0.397588,-0.234686,0.522394,-0.065756,-0.80518,-0.272701,0.607932,-0.058688,-0.010574,0.326199,0.457324,-0.59038,-0.579426,0.651851,-0.072485,-0.526187,0.583914,-0.534563,-0.509332,0.337153
2026-03-27T17:21:54.741974+00:00,0.449844,1774632114741974100,0.563614,0.397728,-0.234948,0.524175,-0.065337,-0.80382,-0.272333,0.607789,-0.059023,-0.010057,0.329969,0.454891,-0.584372,-0.585997,0.652255,-0.072483,-0.526222,0.583309,-0.535208,-0.509222,0.337208
2026-03-27T17:21:54.758952+00:00,0.466821,1774632114758951900,0.563887,0.397839,-0.235243,0.525064,-0.06509,-0.804311,-0.27267,0.607624,-0.059391,-0.009498,0.334525,0.451346,-0.577457,-0.59265,0.652702,-0.072428,-0.526119,0.582899,-0.53596,-0.509091,0.336919
2026-03-27T17:21:54.775932+00:00,0.483801,1774632114775931600,0.564166,0.397992,-0.235541,0.526872,-0.064682,-0.802828,-0.272005,0.607476,-0.059938,-0.009011,0.340281,0.446814,-0.568924,-0.599054,0.653046,-0.072485,-0.526211,0.582827,-0.536263,-0.509007,0.336171
2026-03-27T17:21:54.793157+00:00,0.501026,1774632114793156700,0.564438,0.398153,-0.235891,0.528653,-0.064259,-0.801486,-0.271648,0.60731,-0.060516,-0.008568,0.345697,0.443381,-0.562304,-0.606474,0.653445,-0.072456,-0.526075,0.582475,-0.537189,-0.509329,0.335856
2026-03-27T17:21:54.810173+00:00,0.518042,1774632114810172600,0.56471,0.398336,-0.23629,0.530295,-0.06387,-0.800349,-0.271603,0.607283,-0.061134,-0.008365,0.352187,0.437976,-0.553647,-0.611884,0.653833,-0.072438,-0.525939,0.582181,-0.537425,-0.510136,0.33573
2026-03-27T17:21:54.827406+00:00,0.535276,1774632114827406300,0.565059,0.398516,-0.236705,0.532224,-0.063546,-0.798844,-0.270885,0.607267,-0.061777,-0.008218,0.358212,0.432917,-0.547904,-0.618371,0.654105,-0.072404,-0.525751,0.58258,-0.537041,-0.509837,0.33468
2026-03-27T17:21:54.845203+00:00,0.553072,1774632114845202800,0.565409,0.398751,-0.237289,0.534198,-0.063578,-0.798092,-0.270365,0.607456,-0.062383,-0.008359,0.361896,0.429217,-0.545884,-0.624072,0.654429,-0.072361,-0.525511,0.582428,-0.536771,-0.510036,0.333919
2026-03-27T17:21:54.861452+00:00,0.569321,1774632114861452000,0.565855,0.398961,-0.237861,0.53613,-0.063769,-0.797314,-0.269527,0.607855,-0.062855,-0.00861,0.363184,0.424467,-0.544621,-0.622641,0.654689,-0.072366,-0.52532,0.582161,-0.537473,-0.510628,0.333429
2026-03-27T17:21:54.878541+00:00,0.586411,1774632114878541600,0.566411,0.399222,-0.238548,0.538087,-0.064124,-0.796497,-0.268807,0.608554,-0.063282,-0.009613,0.362555,0.420689,-0.547073,-0.625212,0.654959,-0.072355,-0.525101,0.582045,-0.537893,-0.510848,0.333202
2026-03-27T17:21:54.895965+00:00,0.603834,1774632114895965000,0.566893,0.399525,-0.239427,0.540919,-0.064652,-0.794671,-0.267676,0.609245,-0.06382,-0.010268,0.362528,0.415411,-0.548138,-0.628433,0.655242,-0.072363,-0.524916,0.581858,-0.539077,-0.510539,0.332759
2026-03-27T17:21:54.912855+00:00,0.620725,1774632114912855200,0.567485,0.399803,-0.240372,0.543492,-0.065391,-0.793747,-0.266872,0.610263,-0.064187,-0.01103,0.363212,0.410257,-0.548588,-0.631984,0.655441,-0.072352,-0.524779,0.581547,-0.539438,-0.510379,0.332365
2026-03-27T17:21:54.929755+00:00,0.637625,1774632114929755400,0.568029,0.400105,-0.241414,0.546329,-0.066157,-0.791878,-0.265459,0.611479,-0.064759,-0.012043,0.36407,0.405434,-0.548339,-0.635402,0.655637,-0.072358,-0.524684,0.581647,-0.539868,-0.509773,0.33203
2026-03-27T17:21:54.946892+00:00,0.654762,1774632114946892100,0.568638,0.400451,-0.24253,0.549767,-0.066924,-0.789396,-0.264226,0.612895,-0.065206,-0.013277,0.365573,0.400803,-0.547201,-0.636986,0.655771,-0.072374,-0.524591,0.58073,-0.541254,-0.510127,0.332278
2026-03-27T17:21:54.963886+00:00,0.671755,1774632114963885700,0.569237,0.400843,-0.243731,0.552701,-0.06784,-0.78746,-0.262427,0.614204,-0.065407,-0.014551,0.366831,0.397498,-0.547636,-0.639036,0.6559,-0.072371,-0.524536,0.581168,-0.541068,-0.509028,0.331549
2026-03-27T17:21:54.981083+00:00,0.688953,1774632114981083200,0.569899,0.401278,-0.245006,0.555745,-0.068867,-0.786065,-0.260609,0.615902,-0.065461,-0.016228,0.369028,0.393141,-0.547307,-0.638409,0.656009,-0.07238,-0.524476,0.580622,-0.541941,-0.509228,0.331266
2026-03-27T17:21:54.998019+00:00,0.705888,1774632114998019000,0.570544,0.401711,-0.246351,0.558729,-0.069956,-0.784709,-0.258865,0.617746,-0.065131,-0.018,0.369874,0.389761,-0.55053,-0.640686,0.656092,-0.072404,-0.524462,0.580887,-0.542672,-0.508936,0.330873
2026-03-27T17:21:55.015071+00:00,0.72294,1774632115015070800,0.571276,0.402164,-0.247722,0.561811,-0.071218,-0.783036,-0.257145,0.620223,-0.064219,-0.020155,0.372789,0.38356,-0.552332,-0.641002,0.656131,-0.072399,-0.524449,0.581317,-0.542281,-0.508568,0.329887
2026-03-27T17:21:55.032095+00:00,0.739965,1774632115032095600,0.571887,0.402616,-0.249223,0.565127,-0.072635,-0.781428,-0.254974,0.623005,-0.063081,-0.022394,0.376764,0.375369,-0.553169,-0.641072,0.656138,-0.072428,-0.52446,0.581299,-0.543271,-0.509028,0.329405
2026-03-27T17:21:55.049130+00:00,0.757,1774632115049130500,0.572605,0.403079,-0.250682,0.567896,-0.074084,-0.780513,-0.253093,0.626608,-0.061582,-0.025014,0.382382,0.365126,-0.555807,-0.641646,0.656212,-0.072391,-0.52436,0.582039,-0.542684,-0.508228,0.328607
2026-03-27T17:21:55.066168+00:00,0.774037,1774632115066167800,0.573166,0.403558,-0.25224,0.571558,-0.075493,-0.777076,-0.250316,0.630643,-0.059833,-0.027899,0.388634,0.354463,-0.558557,-0.641861,0.656053,-0.072409,-0.524523,0.582309,-0.54283,-0.508086,0.328107
2026-03-27T17:21:55.083231+00:00,0.7911,1774632115083230900,0.573878,0.40399,-0.253861,0.574455,-0.07715,-0.775835,-0.248205,0.635137,-0.057754,-0.031153,0.39569,0.343238,-0.561407,-0.640721,0.656005,-0.07242,-0.52461,0.582151,-0.543735,-0.508639,0.327873
2026-03-27T17:21:55.100323+00:00,0.808193,1774632115100323200,0.574453,0.404431,-0.255553,0.577353,-0.078939,-0.774584,-0.245954,0.639771,-0.055471,-0.034716,0.403556,0.331834,-0.564528,-0.638277,0.655781,-0.072358,-0.524835,0.58215,-0.543958,-0.50829,0.327672
2026-03-27T17:21:55.117263+00:00,0.825132,1774632115117262800,0.575101,0.40485,-0.257163,0.580208,-0.080679,-0.772723,-0.243501,0.645036,-0.052791,-0.038777,0.412196,0.321066,-0.567263,-0.637167,0.655451,-0.072435,-0.525192,0.583126,-0.543483,-0.506916,0.327127
2026-03-27T17:21:55.134321+00:00,0.842191,1774632115134321200,0.575635,0.405244,-0.258881,0.582829,-0.082336,-0.771693,-0.241544,0.650608,-0.049832,-0.04323,0.422554,0.309772,-0.567565,-0.634518,0.655122,-0.072642,-0.525591,0.583192,-0.544371,-0.506787,0.327057
2026-03-27T17:21:55.151324+00:00,0.859193,1774632115151323600,0.576179,0.405607,-0.260524,0.585589,-0.083819,-0.769939,-0.239263,0.656634,-0.046641,-0.047995,0.432852,0.299193,-0.567205,-0.63217,0.654713,-0.072878,-0.526028,0.583541,-0.544962,-0.505783,0.326643
2026-03-27T17:21:55.168344+00:00,0.876213,1774632115168343600,0.576657,0.405986,-0.262204,0.587619,-0.085338,-0.768979,-0.237197,0.6631,-0.043282,-0.053064,0.442926,0.289243,-0.567277,-0.631445,0.654269,-0.073125,-0.526533,0.584427,-0.544662,-0.504419,0.326436
2026-03-27T17:21:55.185360+00:00,0.893229,1774632115185359500,0.577071,0.406369,-0.26392,0.590505,-0.086843,-0.767089,-0.234904,0.669653,-0.039807,-0.058447,0.453216,0.278569,-0.566628,-0.629258,0.653786,-0.073409,-0.527063,0.585005,-0.545077,-0.503416,0.326262
2026-03-27T17:21:55.202448+00:00,0.910317,1774632115202447500,0.577603,0.406732,-0.265597,0.592469,-0.088322,-0.766166,-0.232879,0.677084,-0.036157,-0.064172,0.463046,0.267504,-0.565708,-0.627792,0.653176,-0.073788,-0.527714,0.585434,-0.546207,-0.502763,0.326525
2026-03-27T17:21:55.219408+00:00,0.927277,1774632115219407800,0.577969,0.407079,-0.267313,0.594983,-0.089766,-0.764034,-0.230788,0.684429,-0.032447,-0.070118,0.471958,0.255819,-0.565051,-0.626061,0.652514,-0.07417,-0.528349,0.585885,-0.546799,-0.501746,0.32665
2026-03-27T17:21:55.236979+00:00,0.944848,1774632115236978700,0.578484,0.40741,-0.269043,0.597285,-0.091335,-0.76297,-0.228765,0.692398,-0.028712,-0.076549,0.480733,0.243013,-0.564845,-0.624774,0.651789,-0.0746,-0.529071,0.586842,-0.546864,-0.50019,0.326863
2026-03-27T17:21:55.253262+00:00,0.961131,1774632115253261600,0.578937,0.407677,-0.270636,0.598979,-0.092843,-0.762286,-0.226941,0.70075,-0.025276,-0.082793,0.488342,0.230478,-0.564696,-0.623932,0.65101,-0.075011,-0.529804,0.587561,-0.547114,-0.498606,0.32701
2026-03-27T17:21:55.270348+00:00,0.978217,1774632115270347400,0.579287,0.407941,-0.2724,0.601361,-0.094309,-0.760375,-0.225115,0.709049,-0.021835,-0.08959,0.495714,0.217446,-0.565062,-0.621964,0.650149,-0.075453,-0.530621,0.587912,-0.547914,-0.496978,0.32742
2026-03-27T17:21:55.287282+00:00,0.995151,1774632115287281900,0.579759,0.408129,-0.274152,0.603051,-0.095871,-0.75981,-0.2237,0.718094,-0.018556,-0.096536,0.501418,0.205168,-0.567171,-0.619911,0.649308,-0.07589,-0.531469,0.589097,-0.547697,-0.494814,0.327272
2026-03-27T17:21:55.304766+00:00,1.012636,1774632115304766100,0.580136,0.408312,-0.276004,0.60536,-0.097382,-0.758008,-0.222168,0.727686,-0.01539,-0.103852,0.50672,0.192232,-0.569364,-0.617685,0.648352,-0.076389,-0.532399,0.589347,-0.549381,-0.493672,0.328182
2026-03-27T17:21:55.323193+00:00,1.031062,1774632115323192900,0.580659,0.408483,-0.277913,0.60777,-0.098742,-0.756149,-0.220726,0.737268,-0.012584,-0.111492,0.511376,0.178565,-0.5721,-0.616589,0.647251,-0.076865,-0.533412,0.590305,-0.549638,-0.491405,0.328263
2026-03-27T17:21:55.339475+00:00,1.047345,1774632115339475200,0.581077,0.408609,-0.279692,0.609358,-0.100009,-0.75566,-0.219506,0.746647,-0.01031,-0.118305,0.516298,0.165588,-0.573097,-0.61435,0.646235,-0.077335,-0.534353,0.591227,-0.550215,-0.48947,0.328804
2026-03-27T17:21:55.356480+00:00,1.06435,1774632115356480100,0.581605,0.408728,-0.281506,0.611537,-0.101218,-0.753988,-0.218323,0.755929,-0.008591,-0.125281,0.519466,0.152765,-0.576123,-0.611726,0.645033,-0.077827,-0.535391,0.592311,-0.550711,-0.48733,0.329052
2026-03-27T17:21:55.374038+00:00,1.081907,1774632115374037900,0.582041,0.408838,-0.283494,0.614284,-0.102454,-0.751692,-0.21703,0.766349,-0.007158,-0.132512,0.521059,0.141214,-0.581657,-0.609127,0.643699,-0.078335,-0.536492,0.593135,-0.551031,-0.484948,0.32971
2026-03-27T17:21:55.391027+00:00,1.098896,1774632115391026700,0.582643,0.408899,-0.285317,0.61638,-0.103548,-0.750091,-0.216052,0.775817,-0.006548,-0.139113,0.523609,0.130839,-0.585687,-0.605264,0.642428,-0.078904,-0.53761,0.593612,-0.552491,-0.483124,0.330737
2026-03-27T17:21:55.408098+00:00,1.115967,1774632115408097600,0.583265,0.408931,-0.287253,0.618329,-0.104835,-0.749265,-0.215156,0.785394,-0.006744,-0.145227,0.526217,0.12072,-0.588333,-0.601363,0.641109,-0.079499,-0.538738,0.594049,-0.553452,-0.480963,0.331673
2026-03-27T17:21:55.425100+00:00,1.13297,1774632115425100100,0.583773,0.408973,-0.289242,0.620988,-0.105912,-0.746531,-0.213922,0.795864,-0.007219,-0.151287,0.527729,0.109737,-0.592106,-0.599014,0.639659,-0.0801,-0.539956,0.594731,-0.554248,-0.478058,0.332042
2026-03-27T17:21:55.442097+00:00,1.149967,1774632115442097200,0.584399,0.409001,-0.291252,0.623096,-0.10705,-0.744945,-0.212761,0.805736,-0.008639,-0.156859,0.528261,0.098509,-0.595656,-0.596054,0.638229,-0.080756,-0.541206,0.595274,-0.556238,-0.475562,0.332854
2026-03-27T17:21:55.459220+00:00,1.167089,1774632115459220000,0.585004,0.409031,-0.293294,0.62517,-0.108132,-0.743409,-0.211708,0.816312,-0.010457,-0.162352,0.527629,0.08805,-0.601256,-0.592924,0.636773,-0.081387,-0.542479,0.596237,-0.556806,-0.472447,0.333115
2026-03-27T17:21:55.476282+00:00,1.184152,1774632115476282300,0.585585,0.409072,-0.295322,0.627245,-0.109015,-0.741857,-0.210676,0.825968,-0.012768,-0.167229,0.52667,0.078589,-0.607411,-0.589769,0.63526,-0.082033,-0.543779,0.596567,-0.55856,-0.469964,0.33376
2026-03-27T17:21:55.493389+00:00,1.201259,1774632115493389100,0.586177,0.409064,-0.297348,0.629348,-0.109635,-0.740225,-0.209286,0.836267,-0.015353,-0.171927,0.524858,0.069023,-0.612724,-0.5875,0.633834,-0.082711,-0.545138,0.597354,-0.560362,-0.467257,0.333912
2026-03-27T17:21:55.510449+00:00,1.218318,1774632115510448900,0.586835,0.409175,-0.299439,0.631604,-0.109945,-0.738477,-0.207796,0.845741,-0.018442,-0.175859,0.522623,0.059599,-0.616124,-0.58551,0.632282,-0.083327,-0.546519,0.598087,-0.561779,-0.464465,0.333543
2026-03-27T17:21:55.527475+00:00,1.235345,1774632115527475500,0.587858,0.409554,-0.301506,0.633333,-0.110202,-0.737833,-0.206349,0.855797,-0.021824,-0.179575,0.517267,0.050592,-0.621211,-0.586749,0.63081,-0.083923,-0.54788,0.599497,-0.562514,-0.461319,0.333113
2026-03-27T17:21:55.544834+00:00,1.252703,1774632115544833700,0.588628,0.40983,-0.303667,0.63568,-0.110306,-0.736004,-0.204672,0.865507,-0.025573,-0.182749,0.511597,0.041871,-0.624977,-0.587618,0.629109,-0.084514,-0.549326,0.600913,-0.563587,-0.458385,0.333221
2026-03-27T17:21:55.562926+00:00,1.270796,1774632115562926400,0.589455,0.410103,-0.30594,0.637992,-0.110502,-0.734453,-0.202941,0.875384,-0.029763,-0.185476,0.50487,0.033822,-0.629567,-0.589096,0.627357,-0.08516,-0.55082,0.602439,-0.564768,-0.455161,0.333369
2026-03-27T17:21:55.578505+00:00,1.286374,1774632115578504500,0.59034,0.410314,-0.307898,0.639955,-0.110476,-0.733692,-0.201529,0.883425,-0.033601,-0.187514,0.498691,0.027032,-0.634509,-0.59019,0.62565,-0.085672,-0.552174,0.603848,-0.564825,-0.452147,0.333382
2026-03-27T17:21:55.595826+00:00,1.303695,1774632115595825800,0.591296,0.410634,-0.310051,0.642397,-0.110287,-0.731795,-0.199654,0.892193,-0.038076,-0.189381,0.490865,0.018458,-0.64055,-0.591081,0.623867,-0.086339,-0.553688,0.604884,-0.566372,-0.449566,0.333957
2026-03-27T17:21:55.612654+00:00,1.320524,1774632115612654300,0.592272,0.411016,-0.312134,0.644754,-0.109957,-0.730154,-0.197733,0.89996,-0.042545,-0.19053,0.482903,0.009065,-0.645139,-0.592415,0.622139,-0.086976,-0.55524,0.606241,-0.566903,-0.446496,0.334349
2026-03-27T17:21:55.629707+00:00,1.337577,1774632115629707300,0.593222,0.411385,-0.31433,0.647222,-0.109656,-0.728743,-0.195676,0.90794,-0.047222,-0.19184,0.47454,0.000196,-0.650107,-0.593275,0.62024,-0.087653,-0.556901,0.607574,-0.568133,-0.443303,0.334701
2026-03-27T17:21:55.646772+00:00,1.354641,1774632115646771700,0.594227,0.411752,-0.316452,0.649655,-0.109341,-0.726818,-0.193484,0.914748,-0.052027,-0.192246,0.465261,-0.008134,-0.656066,-0.595427,0.618454,-0.088388,-0.558528,0.608861,-0.568974,-0.439747,0.334785
2026-03-27T17:21:55.663684+00:00,1.371553,1774632115663683800,0.595226,0.412067,-0.318555,0.651476,-0.109259,-0.726053,-0.191477,0.921555,-0.056867,-0.192847,0.457115,-0.016157,-0.659574,-0.596112,0.61658,-0.089074,-0.560226,0.610441,-0.569528,-0.436322,0.33519
2026-03-27T17:21:55.680912+00:00,1.388782,1774632115680912400,0.596194,0.412369,-0.320696,0.653793,-0.109157,-0.724252,-0.189431,0.927386,-0.061962,-0.192878,0.447892,-0.024145,-0.664002,-0.598325,0.614747,-0.089821,-0.561939,0.612371,-0.570098,-0.43239,0.335931
2026-03-27T17:21:55.698137+00:00,1.406007,1774632115698137400,0.597306,0.412648,-0.322716,0.655588,-0.109148,-0.723518,-0.187402,0.933148,-0.066936,-0.192868,0.438398,-0.031821,-0.667965,-0.601035,0.612854,-0.090537,-0.563656,0.614079,-0.570542,-0.428599,0.336699
2026-03-27T17:21:55.714985+00:00,1.422855,1774632115714985100,0.598282,0.412901,-0.324747,0.657821,-0.109155,-0.72178,-0.18542,0.937825,-0.071712,-0.19271,0.429553,-0.040254,-0.66904,-0.604445,0.611152,-0.091261,-0.565387,0.615853,-0.571326,-0.425152,0.337417
2026-03-27T17:21:55.732032+00:00,1.439902,1774632115732032300,0.599201,0.412986,-0.326561,0.659437,-0.109403,-0.720652,-0.183168,0.942611,-0.076301,-0.192419,0.420436,-0.050713,-0.667746,-0.610871,0.609444,-0.09197,-0.56715,0.617148,-0.572627,-0.421658,0.338104
2026-03-27T17:21:55.749161+00:00,1.457031,1774632115749161400,0.600237,0.413065,-0.328561,0.661067,-0.110108,-0.720026,-0.181306,0.946714,-0.080368,-0.191253,0.411663,-0.064305,-0.66018,-0.622616,0.607853,-0.092632,-0.56895,0.619004,-0.572925,-0.417762,0.33824
2026-03-27T17:21:55.766210+00:00,1.474079,1774632115766210000,0.601477,0.413335,-0.330444,0.662548,-0.111036,-0.719017,-0.179581,0.950724,-0.083815,-0.189894,0.402581,-0.080676,-0.64746,-0.642487,0.606264,-0.093241,-0.57072,0.620636,-0.573282,-0.413951,0.338912
2026-03-27T17:21:55.783195+00:00,1.491064,1774632115783194500,0.602497,0.413348,-0.332299,0.664417,-0.112229,-0.717088,-0.178008,0.953483,-0.086422,-0.187669,0.39595,-0.09488,-0.629126,-0.661497,0.604787,-0.093806,-0.572474,0.622326,-0.573181,-0.410468,0.339904
2026-03-27T17:21:55.800269+00:00,1.508138,1774632115800268700,0.603621,0.41329,-0.334025,0.665698,-0.113675,-0.716268,-0.176808,0.955348,-0.087962,-0.185794,0.391036,-0.105041,-0.611708,-0.680236,0.603236,-0.094331,-0.574229,0.623975,-0.573283,-0.407008,0.34087
2026-03-27T17:21:55.817264+00:00,1.525133,1774632115817263600,0.604753,0.413337,-0.335697,0.667088,-0.115243,-0.714743,-0.175794,0.955493,-0.08796,-0.1842,0.392511,-0.102161,-0.601752,-0.688802,0.601972,-0.09473,-0.575949,0.62512,-0.57371,-0.403947,0.341993
2026-03-27T17:21:55.834331+00:00,1.5422,1774632115834330800,0.605877,0.413159,-0.337384,0.668661,-0.117156,-0.713193,-0.174827,0.953949,-0.086202,-0.183213,0.396764,-0.097075,-0.596046,-0.691465,0.600729,-0.095028,-0.577689,0.626482,-0.573482,-0.40061,0.34314
2026-03-27T17:21:55.851308+00:00,1.559178,1774632115851308200,0.60706,0.412834,-0.338933,0.670008,-0.119323,-0.711358,-0.174077,0.950983,-0.082747,-0.182601,0.40446,-0.093045,-0.591349,-0.691398,0.599673,-0.095271,-0.579428,0.627344,-0.574169,-0.397612,0.344554
2026-03-27T17:21:55.868349+00:00,1.576219,1774632115868349300,0.608217,0.41238,-0.340469,0.671302,-0.121831,-0.710078,-0.173849,0.947025,-0.078042,-0.182154,0.414731,-0.09098,-0.584865,-0.690633,0.59871,-0.095427,-0.58113,0.627666,-0.574869,-0.394502,0.346151
2026-03-27T17:21:55.885437+00:00,1.593306,1774632115885436600,0.609512,0.411878,-0.341852,0.672037,-0.124514,-0.709342,-0.173664,0.942323,-0.072168,-0.182148,0.425747,-0.089917,-0.577634,-0.691171,0.598048,-0.095517,-0.58286,0.62756,-0.576095,-0.390939,0.348125
2026-03-27T17:21:55.902373+00:00,1.610242,1774632115902372600,0.610676,0.411325,-0.343074,0.673149,-0.127296,-0.707711,-0.173638,0.936204,-0.065686,-0.182045,0.436738,-0.087548,-0.570513,-0.689264,0.59746,-0.095582,-0.584576,0.626924,-0.577861,-0.387469,0.350213
2026-03-27T17:21:55.919261+00:00,1.62713,1774632115919260900,0.611919,0.410705,-0.344124,0.673663,-0.130174,-0.706667,-0.173793,0.929513,-0.058159,-0.182158,0.447247,-0.084251,-0.566035,-0.687373,0.597267,-0.095629,-0.586208,0.62496,-0.580703,-0.38353,0.353255
2026-03-27T17:21:55.936550+00:00,1.64442,1774632115936550300,0.613075,0.41,-0.345001,0.674507,-0.133299,-0.704762,-0.174262,0.920994,-0.050303,-0.182287,0.459048,-0.081168,-0.562019,-0.68403,0.597103,-0.095688,-0.587846,0.622111,-0.584211,-0.379795,0.35696
2026-03-27T17:21:55.953565+00:00,1.661435,1774632115953565200,0.614275,0.409263,-0.345676,0.674658,-0.136502,-0.703598,-0.174983,0.912488,-0.041897,-0.182549,0.473591,-0.079158,-0.55439,-0.678627,0.597319,-0.09584,-0.589475,0.618033,-0.589182,-0.375624,0.360311
2026-03-27T17:21:55.970822+00:00,1.678692,1774632115970822200,0.615426,0.408438,-0.346178,0.67423,-0.140029,-0.703462,-0.176049,0.902058,-0.033594,-0.182837,0.489258,-0.079661,-0.546439,-0.674729,0.597842,-0.096043,-0.591078,0.613394,-0.594545,-0.370922,0.364261
2026-03-27T17:21:55.987870+00:00,1.695739,1774632115987869900,0.61653,0.407586,-0.346534,0.67374,-0.143508,-0.703391,-0.177284,0.892234,-0.025118,-0.182847,0.504664,-0.081305,-0.538853,-0.670816,0.598903,-0.09628,-0.592528,0.608131,-0.600039,-0.366025,0.368353
2026-03-27T17:21:56.004913+00:00,1.712782,1774632116004912700,0.617655,0.406766,-0.346769,0.673465,-0.146684,-0.702107,-0.178411,0.88037,-0.016974,-0.182756,0.520267,-0.082287,-0.531391,-0.663062,0.600131,-0.096598,-0.593896,0.602491,-0.606308,-0.360941,0.372772
2026-03-27T17:21:56.021932+00:00,1.729801,1774632116021931700,0.618923,0.405861,-0.347006,0.672652,-0.150461,-0.701917,-0.179597,0.869458,-0.00893,-0.182867,0.53302,-0.083009,-0.528335,-0.655159,0.601741,-0.096932,-0.595023,0.596203,-0.612786,-0.355475,0.377721
2026-03-27T17:21:56.038929+00:00,1.746799,1774632116038929100,0.619983,0.404866,-0.34697,0.672247,-0.154185,-0.701214,-0.180893,0.858446,-0.001612,-0.182422,0.543716,-0.085182,-0.526778,-0.648404,0.603856,-0.097265,-0.595988,0.589269,-0.619752,-0.350181,0.382047
2026-03-27T17:21:56.055891+00:00,1.763761,1774632116055891300,0.621274,0.403862,-0.346897,0.671505,-0.157767,-0.700385,-0.182417,0.846219,0.004518,-0.182042,0.553586,-0.089106,-0.524577,-0.641685,0.606242,-0.097763,-0.596855,0.580666,-0.628335,-0.345179,0.386378
2026-03-27T17:21:56.072953+00:00,1.780822,1774632116072952900,0.622391,0.402701,-0.346789,0.670093,-0.161517,-0.700718,-0.184532,0.835483,0.009596,-0.181438,0.562739,-0.095034,-0.520912,-0.634653,0.609348,-0.098383,-0.5975,0.571074,-0.637905,-0.339705,0.389736
2026-03-27T17:21:56.089944+00:00,1.797814,1774632116089944100,0.623659,0.401543,-0.346451,0.669049,-0.165199,-0.700262,-0.186974,0.823518,0.013457,-0.180861,0.569755,-0.101915,-0.518598,-0.629768,0.612576,-0.099057,-0.597879,0.56003,-0.648876,-0.333659,0.392155
2026-03-27T17:21:56.106975+00:00,1.814845,1774632116106975300,0.624776,0.400252,-0.345911,0.667965,-0.168598,-0.699751,-0.189796,0.812797,0.016223,-0.179992,0.576631,-0.108166,-0.515893,-0.624443,0.616509,-0.099986,-0.598168,0.547735,-0.661336,-0.327354,0.393998
2026-03-27T17:21:56.124016+00:00,1.831886,1774632116124016100,0.625924,0.39907,-0.345391,0.666793,-0.172073,-0.698817,-0.192728,0.801461,0.017872,-0.179091,0.582429,-0.112193,-0.512942,-0.620276,0.620701,-0.101393,-0.598278,0.532906,-0.677127,-0.320308,0.394746
2026-03-27T17:21:56.141068+00:00,1.848937,1774632116141067900,0.626972,0.397692,-0.344942,0.665645,-0.175954,-0.698896,-0.195758,0.791456,0.018229,-0.177965,0.585831,-0.114256,-0.510855,-0.61848,0.625363,-0.102815,-0.597838,0.517611,-0.691849,-0.312443,0.394493
2026-03-27T17:21:56.158067+00:00,1.865937,1774632116158067500,0.628146,0.396249,-0.344288,0.66509,-0.179534,-0.697379,-0.198168,0.781382,0.017632,-0.176674,0.586369,-0.11469,-0.507701,-0.620633,0.629969,-0.104729,-0.597167,0.500541,-0.708464,-0.304422,0.394118
2026-03-27T17:21:56.175189+00:00,1.883059,1774632116175189200,0.629398,0.394721,-0.343696,0.664491,-0.183313,-0.696385,-0.200779,0.771496,0.01538,-0.175061,0.583921,-0.114801,-0.503167,-0.626355,0.635158,-0.106994,-0.596158,0.481752,-0.725505,-0.295713,0.391944
2026-03-27T17:21:56.192231+00:00,1.9001,1774632116192230600,0.630349,0.393233,-0.34316,0.664437,-0.186996,-0.694318,-0.203245,0.76436,0.011833,-0.17361,0.579717,-0.115456,-0.497297,-0.634223,0.640069,-0.109762,-0.594933,0.462078,-0.744071,-0.28587,0.389795
2026-03-27T17:21:56.210028+00:00,1.917898,1774632116210028200,0.631616,0.391569,-0.34283,0.664281,-0.191165,-0.69285,-0.206165,0.755688,0.007039,-0.171804,0.573491,-0.115677,-0.49219,-0.644581,0.645684,-0.112932,-0.592566,0.442415,-0.761552,-0.273085,0.386343
2026-03-27T17:21:56.226259+00:00,1.934128,1774632116226258700,0.632729,0.389916,-0.342633,0.664338,-0.195108,-0.690683,-0.209325,0.750135,0.001961,-0.170295,0.567396,-0.11392,-0.488261,-0.653273,0.650489,-0.116293,-0.590098,0.424336,-0.777391,-0.260451,0.382751
2026-03-27T17:21:56.243430+00:00,1.9513,1774632116243430100,0.633616,0.38809,-0.342321,0.664645,-0.199344,-0.687761,-0.212677,0.744447,-0.004334,-0.168537,0.559825,-0.109038,-0.484825,-0.663819,0.655463,-0.120621,-0.586758,0.402193,-0.796293,-0.246815,0.379213
2026-03-27T17:21:56.260647+00:00,1.968517,1774632116260647200,0.634736,0.386217,-0.34221,0.665393,-0.203767,-0.684383,-0.216044,0.737913,-0.011301,-0.166736,0.552249,-0.102926,-0.480149,-0.673975,0.660144,-0.125791,-0.582909,0.378775,-0.814599,-0.229856,0.375814
2026-03-27T17:21:56.277804+00:00,1.985673,1774632116277803900,0.635567,0.384296,-0.342131,0.66616,-0.208311,-0.681502,-0.219421,0.733043,-0.018613,-0.164998,0.543735,-0.097718,-0.4743,-0.684996,0.66455,-0.131717,-0.578714,0.354869,-0.832607,-0.210547,0.371814
2026-03-27T17:21:56.294850+00:00,2.00272,1774632116294850200,0.636695,0.382371,-0.342141,0.66718,-0.212875,-0.67801,-0.222624,0.728387,-0.026497,-0.163547,0.533372,-0.094408,-0.46839,-0.698094,0.668559,-0.138014,-0.573932,0.331136,-0.850657,-0.18853,0.367415
2026-03-27T17:21:56.311824+00:00,2.019693,1774632116311823800,0.637437,0.380324,-0.342213,0.668295,-0.217868,-0.674767,-0.225921,0.724209,-0.034381,-0.162366,0.522861,-0.091999,-0.462437,-0.710495,0.672169,-0.144582,-0.568561,0.30972,-0.862597,-0.165548,0.360047
2026-03-27T17:21:56.328849+00:00,2.036719,1774632116328849100,0.63841,0.378278,-0.342266,0.669756,-0.222707,-0.670179,-0.229072,0.721355,-0.041899,-0.161354,0.512769,-0.089411,-0.4575,-0.719816,0.674727,-0.151665,-0.562919,0.286286,-0.87927,-0.144868,0.354219
2026-03-27T17:21:56.345882+00:00,2.053751,1774632116345881900,0.63898,0.376219,-0.342365,0.671153,-0.227611,-0.666133,-0.232542,0.717761,-0.049144,-0.160818,0.501851,-0.087212,-0.45622,-0.730041,0.676899,-0.15873,-0.556896,0.264144,-0.893113,-0.124575,0.347785
2026-03-27T17:21:56.363107+00:00,2.070977,1774632116363107200,0.639836,0.374266,-0.342512,0.672566,-0.232197,-0.661593,-0.235693,0.715745,-0.055119,-0.160418,0.494063,-0.08573,-0.454327,-0.736264,0.677782,-0.165983,-0.55074,0.243704,-0.904894,-0.10374,0.341575
2026-03-27T17:21:56.379932+00:00,2.087801,1774632116379931700,0.640322,0.372395,-0.342636,0.673568,-0.236829,-0.658522,-0.238769,0.712884,-0.060494,-0.160476,0.48907,-0.084852,-0.453217,-0.740096,0.677952,-0.172573,-0.544636,0.224909,-0.914234,-0.084099,0.33687
2026-03-27T17:21:56.397006+00:00,2.104876,1774632116397006300,0.641058,0.370721,-0.342746,0.675225,-0.240758,-0.654312,-0.241353,0.711259,-0.064436,-0.160538,0.486094,-0.083922,-0.453161,-0.74202,0.677309,-0.178933,-0.538608,0.207789,-0.916162,-0.064602,0.331849
2026-03-27T17:21:56.414056+00:00,2.121925,1774632116414056000,0.641469,0.369144,-0.342765,0.676482,-0.244447,-0.650539,-0.243507,0.708971,-0.067927,-0.160951,0.484109,-0.082464,-0.454503,-0.742781,0.675796,-0.184718,-0.532713,0.192727,-0.918943,-0.044978,0.327733
2026-03-27T17:21:56.431045+00:00,2.138914,1774632116431045000,0.642128,0.367806,-0.342878,0.677665,-0.247693,-0.647463,-0.245705,0.707723,-0.069937,-0.161331,0.482954,-0.080431,-0.456575,-0.742346,0.673404,-0.190086,-0.527043,0.177646,-0.932244,-0.028958,0.327254
2026-03-27T17:21:56.448089+00:00,2.155958,1774632116448088800,0.642405,0.366547,-0.342816,0.678428,-0.250456,-0.644644,-0.247453,0.706535,-0.071039,-0.16164,0.481835,-0.077964,-0.458457,-0.742671,0.670989,-0.194691,-0.52175,0.16634,-0.937425,-0.014691,0.323304
2026-03-27T17:21:56.465117+00:00,2.172987,1774632116465117300,0.642946,0.36545,-0.342722,0.678864,-0.252987,-0.643115,-0.249458,0.705435,-0.07194,-0.162017,0.481583,-0.074408,-0.459117,-0.742152,0.668488,-0.198761,-0.516803,0.160049,-0.928625,-0.001937,0.314638
2026-03-27T17:21:56.482085+00:00,2.189954,1774632116482084900,0.643138,0.364461,-0.342387,0.679451,-0.254827,-0.640538,-0.250769,0.704924,-0.072112,-0.162143,0.480681,-0.07023,-0.459363,-0.743363,0.66578,-0.202204,-0.51223,0.15201,-0.94187,0.009472,0.313806
2026-03-27T17:21:56.499309+00:00,2.207179,1774632116499309200,0.643531,0.363559,-0.342158,0.680116,-0.2569,-0.638321,-0.25198,0.704726,-0.071996,-0.162098,0.479159,-0.065727,-0.459087,-0.744878,0.662744,-0.205134,-0.507977,0.148159,-0.937027,0.020009,0.308269
2026-03-27T17:21:56.516369+00:00,2.224238,1774632116516368900,0.643677,0.36264,-0.341897,0.680419,-0.259103,-0.636961,-0.253016,0.704789,-0.07168,-0.161843,0.477259,-0.06136,-0.458385,-0.747077,0.659702,-0.207684,-0.504113,0.141534,-0.947199,0.029229,0.308612
2026-03-27T17:21:56.533470+00:00,2.24134,1774632116533470300,0.643982,0.361814,-0.341691,0.680772,-0.261211,-0.635564,-0.253828,0.705026,-0.071289,-0.161657,0.475213,-0.05763,-0.457587,-0.749079,0.656517,-0.209786,-0.500529,0.136362,-0.941518,0.037365,0.30455
2026-03-27T17:21:56.550477+00:00,2.258347,1774632116550477200,0.644046,0.36108,-0.341434,0.681142,-0.263036,-0.633771,-0.254367,0.705568,-0.070319,-0.161135,0.473148,-0.054764,-0.456887,-0.751221,0.653509,-0.211908,-0.497056,0.130579,-0.934842,0.045025,0.30021
2026-03-27T17:21:56.567497+00:00,2.275366,1774632116567496800,0.644246,0.360471,-0.341287,0.681221,-0.264511,-0.633251,-0.255212,0.706537,-0.069375,-0.160914,0.472647,-0.052462,-0.455621,-0.751787,0.650621,-0.213459,-0.493835,0.121693,-0.954279,0.053865,0.303549
2026-03-27T17:21:56.584592+00:00,2.292461,1774632116584591900,0.644263,0.359909,-0.341127,0.681377,-0.266097,-0.632587,-0.255814,0.707684,-0.068138,-0.16073,0.47272,-0.049547,-0.455246,-0.7529,0.647937,-0.215115,-0.490684,0.116115,-0.954673,0.0609,0.300889
2026-03-27T17:21:56.601591+00:00,2.30946,1774632116601590900,0.644437,0.359483,-0.340931,0.681936,-0.267054,-0.631193,-0.255626,0.708062,-0.06618,-0.159656,0.472604,-0.045109,-0.454855,-0.753624,0.645475,-0.216183,-0.487724,0.11388,-0.931981,0.065175,0.291098
2026-03-27T17:21:56.618591+00:00,2.32646,1774632116618591000,0.644407,0.359099,-0.340763,0.682462,-0.268109,-0.630131,-0.255644,0.709088,-0.064472,-0.159365,0.471257,-0.040894,-0.454225,-0.756028,0.643539,-0.21675,-0.485026,0.108488,-0.948475,0.070546,0.293489
2026-03-27T17:21:56.635720+00:00,2.34359,1774632116635720300,0.644364,0.358753,-0.340675,0.682917,-0.269454,-0.62914,-0.255665,0.710328,-0.06268,-0.158935,0.470711,-0.036933,-0.451947,-0.757331,0.641783,-0.217628,-0.482424,0.107111,-0.935205,0.072888,0.28709
2026-03-27T17:21:56.652727+00:00,2.360596,1774632116652726900,0.64428,0.358459,-0.340577,0.683976,-0.270179,-0.627594,-0.255622,0.711228,-0.060769,-0.158537,0.470568,-0.033453,-0.449102,-0.758258,0.640838,-0.217875,-0.479924,0.102151,-0.954867,0.077505,0.290283
2026-03-27T17:21:56.669538+00:00,2.377408,1774632116669538200,0.6442,0.3582,-0.34047,0.684622,-0.27092,-0.626441,-0.255583,0.712664,-0.058845,-0.15835,0.469974,-0.029822,-0.447568,-0.7608,0.639922,-0.218678,-0.477573,0.098007,-0.963366,0.081449,0.291043
2026-03-27T17:21:56.686540+00:00,2.394409,1774632116686540000,0.644042,0.357941,-0.340374,0.685274,-0.271848,-0.625732,-0.255721,0.713502,-0.056795,-0.158216,0.469985,-0.026215,-0.446059,-0.761801,0.639401,-0.219378,-0.475218,0.094806,-0.948034,0.083682,0.285858
2026-03-27T17:21:56.703790+00:00,2.411659,1774632116703789900,0.643911,0.357753,-0.340211,0.68603,-0.2723,-0.62448,-0.255644,0.714824,-0.054723,-0.158197,0.471236,-0.023024,-0.444537,-0.760715,0.639487,-0.21977,-0.472813,0.089935,-0.932621,0.086231,0.281697
2026-03-27T17:21:56.720705+00:00,2.428575,1774632116720705100,0.643586,0.357553,-0.340075,0.68676,-0.272728,-0.623264,-0.255575,0.715468,-0.052791,-0.158269,0.472217,-0.020597,-0.44395,-0.760879,0.639418,-0.220778,-0.470339,0.082927,-0.920854,0.089333,0.278848
2026-03-27T17:21:56.737892+00:00,2.445761,1774632116737891700,0.643403,0.357382,-0.33993,0.687492,-0.273336,-0.622496,-0.255685,0.716619,-0.050903,-0.158634,0.473122,-0.019387,-0.44359,-0.761563,0.639637,-0.221562,-0.467712,0.072364,-0.934354,0.095512,0.284399
2026-03-27T17:21:56.754945+00:00,2.462815,1774632116754945400,0.642989,0.35723,-0.339769,0.688163,-0.273627,-0.621255,-0.255554,0.717421,-0.049245,-0.159184,0.475565,-0.019524,-0.442115,-0.759175,0.639942,-0.222711,-0.465103,0.061956,-0.923669,0.099725,0.283913
2026-03-27T17:21:56.771984+00:00,2.479854,1774632116771984400,0.64269,0.357104,-0.339624,0.68851,-0.273899,-0.6209,-0.255621,0.718255,-0.047735,-0.16002,0.477065,-0.021207,-0.442209,-0.759238,0.641002,-0.223402,-0.462404,0.050642,-0.877004,0.099874,0.273983
2026-03-27T17:21:56.789042+00:00,2.496911,1774632116789041800,0.642439,0.357025,-0.339506,0.689036,-0.274105,-0.620072,-0.255816,0.718407,-0.04648,-0.160869,0.479789,-0.023955,-0.442728,-0.757421,0.642137,-0.224223,-0.459675,0.035892,-0.82934,0.099799,0.265278
2026-03-27T17:21:56.806022+00:00,2.513891,1774632116806021600,0.642071,0.356933,-0.33942,0.689408,-0.274426,-0.619672,-0.255874,0.719352,-0.045339,-0.162077,0.482975,-0.026739,-0.443164,-0.754356,0.642864,-0.225483,-0.456872,0.0217,-0.615758,0.07871,0.202871
2026-03-27T17:21:56.823044+00:00,2.530914,1774632116823044400,0.641702,0.35688,-0.339335,0.689968,-0.274419,-0.619113,-0.255604,0.719233,-0.044548,-0.163109,0.485221,-0.029185,-0.444608,-0.752878,0.644061,-0.22669,-0.45401,1e-06,4863.446578,-663.489103,-1656.889915
2026-03-27T17:21:56.840905+00:00,2.548775,1774632116840905400,0.641339,0.356858,-0.339287,0.690463,-0.274693,-0.61862,-0.255336,0.719553,-0.043823,-0.164247,0.487968,-0.031423,-0.445019,-0.750263,0.64487,-0.228402,-0.450883,0.028753,0.873345,-0.128494,-0.309756
2026-03-27T17:21:56.859189+00:00,2.567059,1774632116859189300,0.64088,0.356863,-0.339264,0.69106,-0.274677,-0.61804,-0.255027,0.719335,-0.043413,-0.165173,0.490294,-0.033804,-0.44473,-0.748013,0.646072,-0.230084,-0.447839,0.04545,0.978086,-0.156164,-0.361643
2026-03-27T17:21:56.875149+00:00,2.583019,1774632116875149300,0.640652,0.356874,-0.339254,0.691617,-0.274676,-0.617493,-0.254728,0.719303,-0.04304,-0.165882,0.490942,-0.035873,-0.445287,-0.748438,0.646763,-0.231871,-0.445054,0.068304,0.885438,-0.151858,-0.339103
2026-03-27T17:21:56.891787+00:00,2.599656,1774632116891786900,0.640211,0.356877,-0.339272,0.692211,-0.27494,-0.616905,-0.254165,0.719166,-0.042936,-0.166276,0.491606,-0.037415,-0.445376,-0.748076,0.648135,-0.233572,-0.442558,0.07913,0.936079,-0.171015,-0.369482
2026-03-27T17:21:56.908941+00:00,2.61681,1774632116908940700,0.640016,0.356886,-0.339315,0.692867,-0.275369,-0.616692,-0.253521,0.719103,-0.04253,-0.166689,0.492177,-0.038176,-0.444962,-0.748021,0.64908,-0.235403,-0.440108,0.091997,0.908728,-0.174771,-0.367535
2026-03-27T17:21:56.925844+00:00,2.633714,1774632116925844400,0.639583,0.356932,-0.339431,0.693994,-0.275642,-0.615555,-0.252716,0.718136,-0.04213,-0.167006,0.493558,-0.037453,-0.443813,-0.74691,0.65083,-0.236916,-0.438283,0.098032,0.900275,-0.179399,-0.370244
2026-03-27T17:21:56.942962+00:00,2.650831,1774632116942961800,0.639368,0.357031,-0.339693,0.695029,-0.275782,-0.614073,-0.251971,0.717715,-0.041733,-0.167065,0.494592,-0.036836,-0.441803,-0.746613,0.652179,-0.238365,-0.436717,0.100209,0.891115,-0.180916,-0.369997
2026-03-27T17:21:56.959903+00:00,2.667773,1774632116959903100,0.639188,0.357076,-0.339985,0.695723,-0.276554,-0.6138,-0.251136,0.716694,-0.041527,-0.167169,0.494526,-0.036444,-0.44061,-0.748428,0.654405,-0.239266,-0.435808,0.095221,0.922426,-0.188796,-0.384692
2026-03-27T17:21:56.976908+00:00,2.684777,1774632116976908000,0.638856,0.357171,-0.340282,0.696873,-0.276817,-0.612643,-0.250211,0.716185,-0.041208,-0.167142,0.494777,-0.036575,-0.438579,-0.749452,0.655766,-0.240029,-0.435064,0.094167,0.885235,-0.180528,-0.368863
2026-03-27T17:21:56.993911+00:00,2.701781,1774632116993911400,0.63867,0.357319,-0.340508,0.69765,-0.277016,-0.611893,-0.249086,0.715321,-0.041002,-0.166954,0.495012,-0.036983,-0.436531,-0.750529,0.658266,-0.240389,-0.434674,0.087673,0.901226,-0.182452,-0.374784
2026-03-27T17:21:57.011031+00:00,2.7189,1774632117011031000,0.638446,0.357452,-0.340749,0.698329,-0.277398,-0.611667,-0.248323,0.714599,-0.040656,-0.166653,0.495218,-0.037559,-0.434491,-0.751648,0.659768,-0.240607,-0.434277,0.080306,0.937672,-0.186769,-0.389873
2026-03-27T17:21:57.028003+00:00,2.735872,1774632117028002900,0.638287,0.35762,-0.340892,0.698972,-0.277619,-0.61104,-0.247507,0.713709,-0.040337,-0.166369,0.49594,-0.038414,-0.432511,-0.75186,0.662233,-0.240422,-0.434081,0.080605,0.895895,-0.17516,-0.373801
2026-03-27T17:21:57.045119+00:00,2.752988,1774632117045119000,0.638132,0.357772,-0.340998,0.699178,-0.277826,-0.610867,-0.246637,0.712999,-0.03988,-0.166047,0.496446,-0.039861,-0.431413,-0.753176,0.663539,-0.240294,-0.434012,0.078928,0.882255,-0.169206,-0.371278
2026-03-27T17:21:57.062241+00:00,2.77011,1774632117062240900,0.637905,0.357921,-0.341102,0.699788,-0.278186,-0.610342,-0.245892,0.711747,-0.039581,-0.165893,0.497628,-0.042214,-0.429795,-0.752949,0.665486,-0.239542,-0.434965,0.073405,0.925665,-0.174633,-0.395218
2026-03-27T17:21:57.079749+00:00,2.787618,1774632117079748600,0.637923,0.358119,-0.341098,0.699922,-0.278248,-0.610179,-0.245113,0.710851,-0.039256,-0.165648,0.498967,-0.045545,-0.428813,-0.752228,0.666309,-0.239064,-0.435716,0.077341,0.865406,-0.161535,-0.376866
2026-03-27T17:21:57.096936+00:00,2.804806,1774632117096936500,0.637867,0.358342,-0.341143,0.700154,-0.278349,-0.610432,-0.244522,0.709505,-0.03918,-0.165568,0.50013,-0.049122,-0.428633,-0.750482,0.667336,-0.237521,-0.436575,0.07291,0.906225,-0.167966,-0.403235
2026-03-27T17:21:57.113868+00:00,2.821737,1774632117113868000,0.637815,0.358588,-0.341156,0.700366,-0.278277,-0.610397,-0.243704,0.708497,-0.039142,-0.165345,0.50024,-0.052149,-0.429046,-0.750009,0.667954,-0.236804,-0.437835,0.071273,0.916509,-0.168023,-0.416045
2026-03-27T17:21:57.130913+00:00,2.838783,1774632117130913200,0.637832,0.358868,-0.34118,0.700267,-0.277983,-0.611045,-0.242916,0.707185,-0.039307,-0.165247,0.499963,-0.054626,-0.429958,-0.749819,0.668661,-0.235007,-0.439109,0.075385,0.853294,-0.153978,-0.393891
2026-03-27T17:21:57.147917+00:00,2.855786,1774632117147916700,0.637932,0.359249,-0.341146,0.700502,-0.27793,-0.611408,-0.241809,0.705975,-0.039473,-0.165136,0.499472,-0.056012,-0.430693,-0.749991,0.669207,-0.233342,-0.440489,0.072502,0.87471,-0.153714,-0.408961
2026-03-27T17:21:57.164669+00:00,2.872538,1774632117164668700,0.637974,0.359634,-0.341134,0.700606,-0.27763,-0.611829,-0.24051,0.705075,-0.04021,-0.16488,0.498026,-0.057352,-0.430904,-0.750594,0.669927,-0.231794,-0.442182,0.066197,0.911257,-0.154064,-0.426998
2026-03-27T17:21:57.181667+00:00,2.889536,1774632117181667000,0.638017,0.360055,-0.341159,0.700739,-0.277324,-0.612239,-0.239036,0.704229,-0.04145,-0.164731,0.496059,-0.05922,-0.430188,-0.751365,0.670531,-0.229542,-0.444203,0.060866,0.876001,-0.141573,-0.409167
2026-03-27T17:21:57.198717+00:00,2.906587,1774632117198717100,0.638114,0.360533,-0.341231,0.700421,-0.277449,-0.613541,-0.237439,0.703656,-0.04284,-0.164587,0.493117,-0.06205,-0.429872,-0.753734,0.670769,-0.226624,-0.446535,0.046894,0.91525,-0.140419,-0.424699
2026-03-27T17:21:57.215755+00:00,2.923625,1774632117215755400,0.638164,0.361043,-0.341337,0.700468,-0.277486,-0.613614,-0.235401,0.703313,-0.044438,-0.164439,0.490113,-0.066031,-0.428847,-0.755391,0.670811,-0.223293,-0.44919,0.029882,1.019796,-0.148241,-0.469599
2026-03-27T17:21:57.232747+00:00,2.940616,1774632117232746700,0.638291,0.361597,-0.341518,0.700278,-0.277564,-0.614815,-0.233354,0.703143,-0.045889,-0.164114,0.486138,-0.07118,-0.428379,-0.758187,0.670613,-0.219512,-0.451828,0.025176,0.730183,-0.100285,-0.333711
2026-03-27T17:21:57.249944+00:00,2.957813,1774632117249943800,0.638386,0.362207,-0.341776,0.700511,-0.27745,-0.615171,-0.231157,0.70347,-0.047256,-0.163662,0.481868,-0.077596,-0.427038,-0.761798,0.670286,-0.215786,-0.454834,0.015989,0.458328,-0.05927,-0.207234
2026-03-27T17:21:57.267138+00:00,2.975007,1774632117267138000,0.638566,0.362854,-0.342087,0.700417,-0.277661,-0.616685,-0.229103,0.70435,-0.048172,-0.162663,0.478251,-0.08318,-0.42374,-0.764353,0.66972,-0.212229,-0.457736,0.019029,-0.093572,0.01128,0.041704
2026-03-27T17:21:57.284336+00:00,2.992206,1774632117284336200,0.638698,0.363538,-0.342475,0.700866,-0.277217,-0.616854,-0.226584,0.705716,-0.048696,-0.161349,0.472729,-0.086128,-0.420104,-0.771064,0.669252,-0.208745,-0.460933,0.020109,-0.519761,0.057762,0.227158
2026-03-27T17:21:57.301628+00:00,3.009497,1774632117301627900,0.638899,0.364221,-0.342919,0.701296,-0.277,-0.61745,-0.224366,0.707422,-0.048779,-0.159411,0.468271,-0.086358,-0.4132,-0.776866,0.668678,-0.20572,-0.464289,0.021274,-0.948236,0.095684,0.404481
2026-03-27T17:21:57.318639+00:00,3.026509,1774632117318639400,0.639115,0.364849,-0.343446,0.701795,-0.276543,-0.617939,-0.222211,0.709553,-0.048326,-0.156825,0.463385,-0.082513,-0.404729,-0.783646,0.6681,-0.202342,-0.467981,0.031505,-1.025108,0.092191,0.425787
2026-03-27T17:21:57.335641+00:00,3.043511,1774632117335641100,0.639405,0.365449,-0.343913,0.702575,-0.27632,-0.617534,-0.219998,0.712412,-0.047884,-0.153966,0.457728,-0.075786,-0.39538,-0.791983,0.667437,-0.199558,-0.471706,0.04938,-0.967286,0.075678,0.389765
2026-03-27T17:21:57.352661+00:00,3.06053,1774632117352660700,0.639649,0.365982,-0.344499,0.703155,-0.276455,-0.617905,-0.218139,0.715921,-0.046474,-0.150751,0.451261,-0.067879,-0.387794,-0.801489,0.666519,-0.196076,-0.475829,0.075358,-0.894505,0.059591,0.348562
2026-03-27T17:21:57.369811+00:00,3.07768,1774632117369810600,0.63989,0.366488,-0.345078,0.704201,-0.276262,-0.616977,-0.21597,0.720222,-0.044364,-0.147171,0.444767,-0.058738,-0.38201,-0.807947,0.665277,-0.193213,-0.480004,0.096042,-0.938075,0.051789,0.352074
2026-03-27T17:21:57.387062+00:00,3.094932,1774632117387062200,0.640127,0.366889,-0.34576,0.704973,-0.276012,-0.616961,-0.21437,0.725385,-0.041777,-0.143658,0.438889,-0.049675,-0.378367,-0.812494,0.663995,-0.190085,-0.4838,0.120026,-0.942502,0.041647,0.340437
2026-03-27T17:21:57.404105+00:00,3.111975,1774632117404105200,0.640369,0.367205,-0.346319,0.705805,-0.276068,-0.616595,-0.213205,0.731463,-0.038794,-0.140332,0.433139,-0.041485,-0.377112,-0.816746,0.662393,-0.187939,-0.487296,0.14342,-0.932438,0.031691,0.325061
2026-03-27T17:21:57.421122+00:00,3.128991,1774632117421121700,0.640605,0.367444,-0.346926,0.706255,-0.275847,-0.616608,-0.212168,0.738319,-0.035526,-0.137313,0.428199,-0.034328,-0.378018,-0.819328,0.660596,-0.185821,-0.490169,0.163036,-0.928855,0.023011,0.315032
2026-03-27T17:21:57.437924+00:00,3.145793,1774632117437923700,0.640837,0.367641,-0.347427,0.707003,-0.27549,-0.615881,-0.211406,0.746112,-0.03193,-0.134689,0.423769,-0.030046,-0.380898,-0.821693,0.658512,-0.184697,-0.492358,0.179085,-0.927763,0.015696,0.308137
2026-03-27T17:21:57.454936+00:00,3.162805,1774632117454935900,0.641024,0.367804,-0.348019,0.707739,-0.275271,-0.615619,-0.210902,0.754915,-0.027904,-0.13246,0.42267,-0.027897,-0.385084,-0.819356,0.656354,-0.183509,-0.494452,0.191045,-0.936709,0.009859,0.306118
2026-03-27T17:21:57.471996+00:00,3.179866,1774632117471996200,0.641235,0.367975,-0.34853,0.707996,-0.275021,-0.615856,-0.210501,0.764225,-0.02358,-0.130776,0.425275,-0.02624,-0.392799,-0.813968,0.654029,-0.183304,-0.495805,0.205243,-0.932643,0.005001,0.300872
2026-03-27T17:21:57.489421+00:00,3.19729,1774632117489420600,0.641454,0.368192,-0.349012,0.708545,-0.274427,-0.615544,-0.210074,0.774073,-0.018966,-0.129428,0.431086,-0.02496,-0.403139,-0.808079,0.651614,-0.182991,-0.497295,0.218403,-0.933092,0.000513,0.297342
2026-03-27T17:21:57.506139+00:00,3.214008,1774632117506138800,0.641599,0.368403,-0.349512,0.70932,-0.273797,-0.614832,-0.209468,0.784584,-0.014709,-0.12866,0.439914,-0.025054,-0.413144,-0.797786,0.650041,-0.182621,-0.498551,0.230568,-0.932371,-0.004156,0.293198
2026-03-27T17:21:57.523179+00:00,3.231048,1774632117523178700,0.641689,0.368596,-0.350072,0.710104,-0.273158,-0.6141,-0.208902,0.795342,-0.010859,-0.128248,0.448808,-0.025757,-0.422471,-0.785999,0.648643,-0.182657,-0.499369,0.244367,-0.923632,-0.009131,0.285771
2026-03-27T17:21:57.540311+00:00,3.248181,1774632117540311300,0.641817,0.368835,-0.350628,0.710877,-0.272975,-0.6138,-0.208214,0.807283,-0.007657,-0.128127,0.454396,-0.027189,-0.43269,-0.777347,0.647546,-0.182703,-0.500046,0.257009,-0.921392,-0.013794,0.28035
2026-03-27T17:21:57.557638+00:00,3.265508,1774632117557638200,0.641888,0.369057,-0.351231,0.711708,-0.272597,-0.613034,-0.207208,0.819511,-0.005354,-0.128292,0.456461,-0.030148,-0.443452,-0.770729,0.646462,-0.182529,-0.500591,0.269836,-0.919536,-0.018139,0.276063
2026-03-27T17:21:57.574277+00:00,3.282146,1774632117574276800,0.64201,0.369332,-0.351779,0.712647,-0.27212,-0.61259,-0.206207,0.832475,-0.00388,-0.129316,0.456366,-0.035164,-0.452549,-0.765538,0.645415,-0.182443,-0.50083,0.280438,-0.920839,-0.022148,0.273614
2026-03-27T17:21:57.591285+00:00,3.299155,1774632117591285100,0.642096,0.36961,-0.352389,0.713573,-0.271627,-0.612169,-0.205321,0.845429,-0.00335,-0.131088,0.455507,-0.04206,-0.460282,-0.761018,0.644501,-0.182147,-0.500957,0.290106,-0.918738,-0.025899,0.270387
2026-03-27T17:21:57.608358+00:00,3.316228,1774632117608358200,0.642242,0.369992,-0.352911,0.714653,-0.270574,-0.611608,-0.204313,0.859118,-0.003707,-0.133505,0.454315,-0.050138,-0.466667,-0.757868,0.643762,-0.182184,-0.501035,0.297897,-0.918408,-0.02956,0.266976
2026-03-27T17:21:57.625422+00:00,3.333291,1774632117625422000,0.642366,0.37037,-0.35344,0.715741,-0.269466,-0.61107,-0.203402,0.872035,-0.004754,-0.136487,0.454296,-0.059278,-0.471547,-0.752463,0.643233,-0.182024,-0.501069,0.30537,-0.914411,-0.033048,0.262542
2026-03-27T17:21:57.642677+00:00,3.350546,1774632117642676700,0.642561,0.370802,-0.35393,0.716536,-0.268309,-0.611107,-0.202692,0.88561,-0.007095,-0.140114,0.452777,-0.069883,-0.478144,-0.748618,0.642867,-0.182003,-0.500891,0.312881,-0.910867,-0.036826,0.258012
2026-03-27T17:21:57.659635+00:00,3.367504,1774632117659635000,0.642793,0.371261,-0.354417,0.717725,-0.266856,-0.610672,-0.201503,0.898888,-0.010232,-0.14428,0.449819,-0.082154,-0.486645,-0.745444,0.642547,-0.18167,-0.500526,0.319274,-0.911113,-0.040821,0.254765
2026-03-27T17:21:57.676904+00:00,3.384773,1774632117676903800,0.643099,0.371753,-0.354961,0.718609,-0.265593,-0.610805,-0.200332,0.911174,-0.014342,-0.148871,0.447258,-0.096363,-0.494408,-0.739359,0.642381,-0.181311,-0.500026,0.325764,-0.912511,-0.045442,0.251733
2026-03-27T17:21:57.693946+00:00,3.401816,1774632117693946400,0.6434,0.372219,-0.355483,0.71986,-0.263856,-0.610246,-0.19905,0.922851,-0.019175,-0.153656,0.443663,-0.112363,-0.503168,-0.734026,0.64216,-0.180852,-0.499511,0.333558,-0.907756,-0.049676,0.246961
2026-03-27T17:21:57.710996+00:00,3.418865,1774632117710996000,0.643784,0.372659,-0.356013,0.721103,-0.262633,-0.60999,-0.197963,0.934963,-0.024755,-0.158778,0.440051,-0.128254,-0.510978,-0.72704,0.642193,-0.180362,-0.498963,0.340163,-0.905411,-0.054102,0.242808
2026-03-27T17:21:57.727925+00:00,3.435795,1774632117727925100,0.644205,0.373093,-0.356528,0.722067,-0.260834,-0.610047,-0.196944,0.945439,-0.030871,-0.163782,0.435422,-0.144954,-0.518034,-0.721519,0.642395,-0.179895,-0.49843,0.345033,-0.905969,-0.058667,0.239435
2026-03-27T17:21:57.745139+00:00,3.453008,1774632117745138800,0.644773,0.37361,-0.357034,0.72342,-0.258946,-0.609266,-0.195706,0.956485,-0.037687,-0.169011,0.429894,-0.162161,-0.523457,-0.716937,0.642567,-0.179453,-0.497998,0.349385,-0.906259,-0.062904,0.236425
2026-03-27T17:21:57.762324+00:00,3.470193,1774632117762323900,0.645309,0.374091,-0.357537,0.724829,-0.256968,-0.608471,-0.194433,0.965697,-0.045007,-0.173752,0.424021,-0.178587,-0.526555,-0.712839,0.642754,-0.178892,-0.497667,0.354409,-0.903391,-0.066579,0.233446
2026-03-27T17:21:57.779431+00:00,3.487301,1774632117779431500,0.646005,0.374572,-0.358041,0.725853,-0.255024,-0.608913,-0.19351,0.975193,-0.05253,-0.178529,0.416501,-0.194252,-0.529784,-0.711659,0.642812,-0.178432,-0.497431,0.359461,-0.90067,-0.070027,0.231076
2026-03-27T17:21:57.796646+00:00,3.504516,1774632117796646400,0.646698,0.374995,-0.358536,0.726785,-0.253178,-0.609016,-0.192385,0.982946,-0.060196,-0.182666,0.408334,-0.208587,-0.531384,-0.712627,0.642919,-0.17791,-0.497255,0.363563,-0.900011,-0.073469,0.229114
2026-03-27T17:21:57.813618+00:00,3.521487,1774632117813617600,0.647504,0.375437,-0.358991,0.727711,-0.251104,-0.609121,-0.191505,0.990804,-0.067616,-0.186531,0.399868,-0.220478,-0.531112,-0.714695,0.643073,-0.177565,-0.497159,0.368225,-0.897298,-0.076457,0.226466
2026-03-27T17:21:57.830756+00:00,3.538625,1774632117830755900,0.648333,0.375829,-0.359474,0.728673,-0.248879,-0.608794,-0.190303,0.997363,-0.074752,-0.189882,0.392636,-0.23018,-0.529055,-0.714426,0.643223,-0.17738,-0.497128,0.37159,-0.896974,-0.079563,0.22426
2026-03-27T17:21:57.847986+00:00,3.555855,1774632117847985900,0.649309,0.376194,-0.359995,0.729527,-0.247012,-0.608918,-0.189387,1.003348,-0.081403,-0.193125,0.385805,-0.239295,-0.529129,-0.716277,0.643351,-0.177306,-0.497241,0.373489,-0.897977,-0.08284,0.222475
2026-03-27T17:21:57.864948+00:00,3.572817,1774632117864947400,0.650362,0.376537,-0.360563,0.730189,-0.245072,-0.609364,-0.188467,1.007781,-0.087416,-0.195965,0.38175,-0.247335,-0.528597,-0.716938,0.643824,-0.17687,-0.497036,0.3757,-0.895585,-0.085826,0.220655
2026-03-27T17:21:57.881876+00:00,3.589745,1774632117881875600,0.6514,0.376798,-0.361223,0.731026,-0.243229,-0.609139,-0.187346,1.012258,-0.093011,-0.19885,0.379464,-0.254143,-0.52725,-0.716163,0.643888,-0.176907,-0.497281,0.376965,-0.896007,-0.087861,0.219922
2026-03-27T17:21:57.899170+00:00,3.60704,1774632117899170200,0.652571,0.377011,-0.361945,0.731398,-0.241791,-0.609787,-0.186223,1.015957,-0.098255,-0.201338,0.378017,-0.260106,-0.526429,-0.714852,0.643962,-0.176971,-0.497698,0.378788,-0.895584,-0.088665,0.219208
2026-03-27T17:21:57.916289+00:00,3.624158,1774632117916288600,0.653704,0.377169,-0.362738,0.732136,-0.240392,-0.609636,-0.18497,1.019575,-0.103227,-0.204045,0.377139,-0.265367,-0.528103,-0.71245,0.643982,-0.177457,-0.498289,0.380502,-0.894336,-0.088555,0.218858
2026-03-27T17:21:57.933267+00:00,3.641136,1774632117933266800,0.654881,0.377283,-0.363558,0.732381,-0.239183,-0.610368,-0.184115,1.022248,-0.10746,-0.206105,0.376818,-0.271235,-0.532119,-0.709457,0.643949,-0.178091,-0.49889,0.380788,-0.894772,-0.087981,0.219167
2026-03-27T17:21:57.950144+00:00,3.658014,1774632117950144200,0.656011,0.377373,-0.364445,0.732946,-0.237996,-0.610338,-0.183317,1.024817,-0.111625,-0.208563,0.379122,-0.276635,-0.534163,-0.70291,0.643986,-0.178939,-0.499568,0.381182,-0.89407,-0.087,0.219163
2026-03-27T17:21:57.967204+00:00,3.675073,1774632117967203800,0.657141,0.377421,-0.365404,0.733445,-0.237139,-0.610331,-0.182447,1.026968,-0.115059,-0.210472,0.38221,-0.28219,-0.537043,-0.696601,0.643948,-0.179767,-0.500206,0.381123,-0.893351,-0.085726,0.218931
2026-03-27T17:21:57.984155+00:00,3.692024,1774632117984154500,0.65825,0.377444,-0.366489,0.733968,-0.236371,-0.610321,-0.181406,1.028635,-0.118642,-0.212622,0.385936,-0.287048,-0.538585,-0.690647,0.643979,-0.180792,-0.500934,0.380571,-0.893786,-0.084503,0.218919
2026-03-27T17:21:58.001266+00:00,3.709135,1774632118001265400,0.659348,0.377425,-0.367648,0.734518,-0.235695,-0.610036,-0.180329,1.0302,-0.121501,-0.21434,0.388202,-0.292319,-0.540684,-0.687349,0.643919,-0.181661,-0.501616,0.380451,-0.89361,-0.08329,0.218924
2026-03-27T17:21:58.018564+00:00,3.726433,1774632118018564000,0.660412,0.377434,-0.368867,0.735391,-0.235117,-0.609604,-0.179554,1.031103,-0.124705,-0.216057,0.390613,-0.29667,-0.539241,-0.683559,0.643851,-0.182486,-0.50229,0.37928,-0.895651,-0.082391,0.219739
2026-03-27T17:21:58.035584+00:00,3.743454,1774632118035584500,0.661478,0.377425,-0.370177,0.735851,-0.2346,-0.609584,-0.178811,1.032215,-0.127309,-0.217466,0.390486,-0.302183,-0.538075,-0.684583,0.643705,-0.183181,-0.502901,0.379214,-0.895134,-0.081512,0.220052
2026-03-27T17:21:58.052619+00:00,3.760488,1774632118052619000,0.662521,0.377492,-0.371499,0.736641,-0.234319,-0.609027,-0.178054,1.033102,-0.129742,-0.218745,0.391598,-0.305515,-0.533575,-0.684404,0.643529,-0.183873,-0.503521,0.379153,-0.894303,-0.080845,0.22054
2026-03-27T17:21:58.069584+00:00,3.777453,1774632118069583900,0.663505,0.377478,-0.37282,0.737354,-0.233871,-0.608358,-0.177356,1.033224,-0.132244,-0.219922,0.392941,-0.308765,-0.528689,-0.685844,0.643282,-0.184294,-0.503945,0.377868,-0.896596,-0.080722,0.221394
2026-03-27T17:21:58.086644+00:00,3.794514,1774632118086644200,0.664445,0.377448,-0.3742,0.738016,-0.233572,-0.607727,-0.176575,1.033536,-0.134207,-0.220745,0.39465,-0.310217,-0.524028,-0.686283,0.643123,-0.184955,-0.504527,0.377832,-0.895557,-0.080476,0.221341
2026-03-27T17:21:58.103481+00:00,3.811351,1774632118103481400,0.665353,0.377375,-0.37555,0.738598,-0.233708,-0.60756,-0.176031,1.033368,-0.136116,-0.221405,0.395702,-0.311928,-0.522475,-0.68761,0.643022,-0.185324,-0.504903,0.377602,-0.89498,-0.080606,0.221052
2026-03-27T17:21:58.120466+00:00,3.828335,1774632118120465300,0.666191,0.377318,-0.376965,0.739217,-0.233692,-0.606961,-0.175215,1.033077,-0.137557,-0.222074,0.397235,-0.313553,-0.523206,-0.686583,0.642933,-0.185775,-0.505345,0.376508,-0.896665,-0.081092,0.22139
2026-03-27T17:21:58.137739+00:00,3.845608,1774632118137738700,0.667038,0.377265,-0.378337,0.739796,-0.233808,-0.606402,-0.174385,1.032401,-0.139114,-0.222557,0.400077,-0.315166,-0.522437,-0.682637,0.64293,-0.186214,-0.505759,0.376323,-0.896822,-0.081454,0.221348
2026-03-27T17:21:58.154753+00:00,3.862623,1774632118154753400,0.667738,0.377243,-0.379721,0.740429,-0.233788,-0.605793,-0.173441,1.031724,-0.140227,-0.223025,0.40224,-0.318012,-0.522365,-0.682119,0.642885,-0.186221,-0.505864,0.376465,-0.896485,-0.081658,0.220994
2026-03-27T17:21:58.172132+00:00,3.880001,1774632118172131900,0.66843,0.377229,-0.381053,0.741031,-0.233923,-0.605203,-0.172493,1.031012,-0.141159,-0.223133,0.405802,-0.318396,-0.521106,-0.680263,0.642952,-0.186631,-0.506247,0.376537,-0.896417,-0.082046,0.220675
2026-03-27T17:21:58.188829+00:00,3.896698,1774632118188828700,0.668964,0.377237,-0.382321,0.741583,-0.234116,-0.604679,-0.171481,1.030298,-0.141504,-0.223067,0.409275,-0.316734,-0.520428,-0.67808,0.64298,-0.186919,-0.506585,0.376603,-0.895685,-0.082541,0.220264
2026-03-27T17:21:58.205955+00:00,3.913825,1774632118205955300,0.669408,0.377265,-0.383476,0.742264,-0.234072,-0.604047,-0.170341,1.029875,-0.141295,-0.2225,0.411186,-0.315235,-0.518787,-0.679549,0.64319,-0.187135,-0.506788,0.375319,-0.897957,-0.083366,0.22057
2026-03-27T17:21:58.223078+00:00,3.930947,1774632118223077800,0.669743,0.377333,-0.384596,0.742443,-0.234286,-0.604315,-0.169389,1.029355,-0.140974,-0.221296,0.411368,-0.313892,-0.517097,-0.682766,0.643487,-0.187316,-0.507038,0.375041,-0.896248,-0.084102,0.220295
2026-03-27T17:21:58.240038+00:00,3.947907,1774632118240037900,0.670025,0.377497,-0.385523,0.742847,-0.234548,-0.604206,-0.168298,1.029907,-0.140114,-0.219975,0.409983,-0.315289,-0.505764,-0.689429,0.64382,-0.187388,-0.507154,0.374534,-0.896028,-0.085149,0.220608
2026-03-27T17:21:58.257060+00:00,3.964929,1774632118257059900,0.670087,0.377754,-0.386404,0.743521,-0.234499,-0.603575,-0.167191,1.030465,-0.139524,-0.218397,0.406878,-0.316416,-0.495424,-0.699518,0.644188,-0.187473,-0.507456,0.374053,-0.89705,-0.086511,0.221167
2026-03-27T17:21:58.274213+00:00,3.982083,1774632118274213100,0.670121,0.378079,-0.387119,0.743755,-0.234554,-0.603398,-0.166062,1.030285,-0.139011,-0.216479,0.405378,-0.313663,-0.489284,-0.704717,0.644621,-0.18737,-0.507701,0.373942,-0.897291,-0.087916,0.221304
2026-03-27T17:21:58.291391+00:00,3.99926,1774632118291390600,0.669999,0.378364,-0.387745,0.743509,-0.234703,-0.604182,-0.165141,1.030136,-0.137919,-0.214951,0.40578,-0.309498,-0.48845,-0.706924,0.645131,-0.18711,-0.50792,0.374677,-0.896092,-0.089354,0.22086
2026-03-27T17:21:58.308998+00:00,4.016868,1774632118308998300,0.669823,0.378714,-0.388283,0.743619,-0.23477,-0.604123,-0.164211,1.029338,-0.136725,-0.212913,0.406329,-0.305989,-0.487152,-0.710746,0.64571,-0.186337,-0.508164,0.375507,-0.895406,-0.091157,0.220679
2026-03-27T17:21:58.325625+00:00,4.033494,1774632118325624800,0.669415,0.379055,-0.388677,0.743532,-0.234895,-0.604578,-0.163161,1.028717,-0.135414,-0.211077,0.40837,-0.301724,-0.483455,-0.712476,0.646282,-0.185548,-0.508512,0.37622,-0.89504,-0.093304,0.220713
2026-03-27T17:21:58.342966+00:00,4.050836,1774632118342966100,0.668916,0.379427,-0.388988,0.743518,-0.235146,-0.604734,-0.162027,1.0279,-0.133989,-0.208827,0.409373,-0.296769,-0.4807,-0.716764,0.646832,-0.184293,-0.508811,0.376694,-0.895265,-0.096067,0.221191
2026-03-27T17:21:58.359924+00:00,4.067793,1774632118359923800,0.668312,0.379765,-0.389174,0.74319,-0.235532,-0.605082,-0.16097,1.026838,-0.132295,-0.206507,0.411466,-0.290127,-0.476959,-0.720107,0.647309,-0.183001,-0.509256,0.378112,-0.892656,-0.098535,0.221368
2026-03-27T17:21:58.377896+00:00,4.085765,1774632118377896000,0.667622,0.380089,-0.38929,0.742872,-0.235882,-0.605846,-0.160037,1.026139,-0.13012,-0.203962,0.413144,-0.282361,-0.473151,-0.72579,0.647725,-0.18124,-0.509743,0.378034,-0.892768,-0.10177,0.222402
2026-03-27T17:21:58.395432+00:00,4.103301,1774632118395431400,0.666818,0.380486,-0.389269,0.742718,-0.235775,-0.606041,-0.159127,1.025008,-0.127516,-0.201275,0.415987,-0.272582,-0.467746,-0.730105,0.648115,-0.179365,-0.510501,0.377351,-0.89341,-0.105706,0.224427
2026-03-27T17:21:58.412067+00:00,4.119937,1774632118412067100,0.665994,0.380884,-0.389132,0.742217,-0.235711,-0.607179,-0.158438,1.024814,-0.124514,-0.198865,0.417935,-0.262298,-0.461587,-0.736469,0.64849,-0.177223,-0.511287,0.376612,-0.892514,-0.110237,0.227294
2026-03-27T17:21:58.429035+00:00,4.136905,1774632118429035600,0.665118,0.381405,-0.389099,0.74184,-0.234958,-0.607782,-0.157825,1.02421,-0.120449,-0.196082,0.420739,-0.25056,-0.454111,-0.743789,0.648797,-0.174436,-0.512488,0.376134,-0.889228,-0.11539,0.231543
2026-03-27T17:21:58.446242+00:00,4.154111,1774632118446241700,0.664218,0.381947,-0.388716,0.741755,-0.234361,-0.60835,-0.157219,1.02265,-0.115262,-0.192934,0.425015,-0.237072,-0.445207,-0.750692,0.649093,-0.170923,-0.514157,0.374492,-0.888175,-0.121926,0.238264
2026-03-27T17:21:58.463291+00:00,4.17116,1774632118463290900,0.663028,0.382596,-0.388103,0.741672,-0.233728,-0.608938,-0.156579,1.022242,-0.109212,-0.190278,0.429406,-0.222995,-0.435808,-0.759393,0.649444,-0.166667,-0.516168,0.372711,-0.886212,-0.129631,0.246172
2026-03-27T17:21:58.480295+00:00,4.188164,1774632118480294900,0.661966,0.383275,-0.387521,0.741637,-0.232941,-0.609484,-0.155955,1.020644,-0.10219,-0.187247,0.435374,-0.20794,-0.424478,-0.766813,0.650231,-0.161636,-0.518574,0.371425,-0.882638,-0.138201,0.254268
2026-03-27T17:21:58.497367+00:00,4.205237,1774632118497367200,0.660546,0.383993,-0.386666,0.741551,-0.232195,-0.610058,-0.155603,1.019669,-0.094509,-0.184574,0.442035,-0.192392,-0.411432,-0.773488,0.651452,-0.155967,-0.52127,0.370966,-0.877608,-0.147067,0.262291
2026-03-27T17:21:58.514419+00:00,4.222288,1774632118514418600,0.659156,0.384671,-0.385883,0.741799,-0.231546,-0.609832,-0.155328,1.018493,-0.086011,-0.181901,0.449624,-0.176838,-0.399037,-0.778688,0.653289,-0.149528,-0.52406,0.369321,-0.875627,-0.157485,0.270589
2026-03-27T17:21:58.531696+00:00,4.239566,1774632118531696400,0.657365,0.385329,-0.384813,0.74193,-0.231376,-0.609668,-0.155201,1.017161,-0.076591,-0.179566,0.457416,-0.161423,-0.388925,-0.784308,0.655634,-0.142244,-0.527112,0.367494,-0.872669,-0.16954,0.278744
2026-03-27T17:21:58.548404+00:00,4.256273,1774632118548403600,0.655644,0.385871,-0.38392,0.741958,-0.231743,-0.61,-0.155171,1.016353,-0.066591,-0.177461,0.467192,-0.1458,-0.379525,-0.785402,0.658316,-0.13449,-0.530045,0.367589,-0.86501,-0.18177,0.284705
2026-03-27T17:21:58.565363+00:00,4.273232,1774632118565362900,0.653455,0.386509,-0.382699,0.742518,-0.232079,-0.60903,-0.155068,1.01581,-0.055808,-0.175516,0.477652,-0.129251,-0.370463,-0.785401,0.661541,-0.1258,-0.533018,0.365713,-0.862045,-0.195758,0.292527
2026-03-27T17:21:58.582315+00:00,4.290184,1774632118582314700,0.651323,0.38711,-0.381627,0.742924,-0.232379,-0.608592,-0.154833,1.014451,-0.04429,-0.173226,0.487573,-0.112506,-0.361905,-0.786597,0.665052,-0.116202,-0.536103,0.363846,-0.856428,-0.21062,0.299444
2026-03-27T17:21:58.599360+00:00,4.307229,1774632118599359600,0.648722,0.387837,-0.38022,0.743767,-0.232673,-0.607302,-0.154257,1.013918,-0.032153,-0.17098,0.497881,-0.094901,-0.352682,-0.787056,0.669011,-0.105921,-0.539015,0.360999,-0.851106,-0.226948,0.305972
2026-03-27T17:21:58.616949+00:00,4.324819,1774632118616949200,0.646081,0.388549,-0.378898,0.744623,-0.232973,-0.606392,-0.154055,1.012634,-0.01908,-0.168201,0.508821,-0.076019,-0.342399,-0.786395,0.673375,-0.094472,-0.541889,0.359177,-0.843871,-0.24419,0.311442
2026-03-27T17:21:58.634700+00:00,4.34257,1774632118634700100,0.642971,0.389348,-0.377139,0.74551,-0.232678,-0.605065,-0.154187,1.012277,-0.005567,-0.1655,0.51951,-0.056725,-0.33223,-0.785361,0.677846,-0.082412,-0.544376,0.357905,-0.838177,-0.262358,0.317279
2026-03-27T17:21:58.650931+00:00,4.3588,1774632118650931000,0.6402,0.390075,-0.375598,0.746345,-0.232415,-0.60424,-0.1543,1.011188,0.00756,-0.162576,0.528741,-0.038193,-0.323572,-0.78357,0.681941,-0.070199,-0.546558,0.358031,-0.830202,-0.279216,0.32224
2026-03-27T17:21:58.667993+00:00,4.375862,1774632118667992800,0.636886,0.39094,-0.373591,0.747007,-0.231842,-0.604008,-0.154368,1.010816,0.021449,-0.15951,0.538045,-0.019031,-0.316059,-0.780975,0.686132,-0.057196,-0.54846,0.358073,-0.822859,-0.297886,0.32766
2026-03-27T17:21:58.684777+00:00,4.392646,1774632118684776400,0.633761,0.391773,-0.371624,0.747938,-0.231107,-0.602686,-0.154325,1.009658,0.035557,-0.156215,0.546375,-0.000212,-0.308837,-0.778873,0.690094,-0.043616,-0.550083,0.358091,-0.814109,-0.316353,0.332372
2026-03-27T17:21:58.701871+00:00,4.40974,1774632118701870500,0.630245,0.392588,-0.369403,0.748977,-0.23055,-0.601622,-0.154447,1.008949,0.050055,-0.152709,0.555031,0.018922,-0.300885,-0.775924,0.693885,-0.029527,-0.551412,0.358251,-0.802507,-0.33424,0.335981
2026-03-27T17:21:58.718821+00:00,4.42669,1774632118718820600,0.626995,0.393284,-0.367278,0.749529,-0.230006,-0.601095,-0.154426,1.007506,0.064774,-0.149014,0.564153,0.038129,-0.29302,-0.771668,0.697427,-0.015279,-0.552247,0.355975,-0.795218,-0.353415,0.340921
2026-03-27T17:21:58.736004+00:00,4.443874,1774632118736004300,0.623328,0.394048,-0.364821,0.750028,-0.229474,-0.60099,-0.154892,1.006063,0.079738,-0.144981,0.574051,0.058104,-0.285421,-0.764526,0.700696,-0.000815,-0.552853,0.354033,-0.785846,-0.372002,0.345508
2026-03-27T17:21:58.753091+00:00,4.460961,1774632118753091300,0.620023,0.394747,-0.362567,0.750676,-0.228856,-0.600322,-0.154629,1.004126,0.09474,-0.14087,0.582731,0.077876,-0.279804,-0.758695,0.703794,0.01438,-0.553262,0.351712,-0.777768,-0.390175,0.349355
2026-03-27T17:21:58.770041+00:00,4.47791,1774632118770041000,0.616764,0.395434,-0.360217,0.751325,-0.228161,-0.599704,-0.154386,1.001784,0.109832,-0.136592,0.591236,0.09717,-0.275163,-0.75195,0.706266,0.028972,-0.55307,0.349318,-0.767605,-0.40691,0.352192
2026-03-27T17:21:58.787190+00:00,4.49506,1774632118787190500,0.613257,0.396081,-0.357562,0.751553,-0.227581,-0.599541,-0.154116,0.998716,0.125199,-0.132042,0.6,0.116238,-0.271066,-0.743184,0.708233,0.044342,-0.552627,0.34523,-0.758782,-0.422361,0.355988
2026-03-27T17:21:58.804315+00:00,4.512184,1774632118804314800,0.610074,0.39657,-0.355052,0.752018,-0.227215,-0.599068,-0.154472,0.995454,0.139939,-0.12722,0.607925,0.134893,-0.267576,-0.735298,0.709572,0.058868,-0.551607,0.340345,-0.750696,-0.436917,0.359919
2026-03-27T17:21:58.821354+00:00,4.529223,1774632118821353900,0.606775,0.397097,-0.352244,0.752181,-0.22641,-0.598929,-0.154849,0.99156,0.154596,-0.12231,0.615441,0.15289,-0.262904,-0.726678,0.71048,0.07383,-0.550564,0.33371,-0.743959,-0.451548,0.364192
2026-03-27T17:21:58.838764+00:00,4.546633,1774632118838763800,0.603572,0.397687,-0.349302,0.752067,-0.225387,-0.599532,-0.15501,0.987531,0.168188,-0.117068,0.621736,0.17116,-0.256785,-0.71986,0.710955,0.087871,-0.548997,0.326131,-0.736955,-0.46538,0.367949
2026-03-27T17:21:58.855396+00:00,4.563266,1774632118855396300,0.600755,0.398281,-0.346516,0.752016,-0.224091,-0.600094,-0.15515,0.983105,0.181262,-0.111774,0.627197,0.188949,-0.249009,-0.713377,0.711136,0.101537,-0.547029,0.31822,-0.729885,-0.478651,0.370861
2026-03-27T17:21:58.872510+00:00,4.58038,1774632118872510200,0.597675,0.398941,-0.343351,0.752233,-0.222455,-0.600214,-0.155173,0.978459,0.192851,-0.105988,0.631516,0.207047,-0.239514,-0.707939,0.710432,0.114976,-0.544605,0.309982,-0.723081,-0.492118,0.373776
2026-03-27T17:21:58.889563+00:00,4.597433,1774632118889563400,0.594967,0.399396,-0.340392,0.752134,-0.221099,-0.600771,-0.155597,0.973524,0.204496,-0.100027,0.635477,0.224616,-0.229135,-0.702294,0.708948,0.126745,-0.541431,0.302163,-0.716152,-0.504319,0.376634
2026-03-27T17:21:58.906682+00:00,4.614551,1774632118906681800,0.59209,0.39985,-0.337215,0.752014,-0.219865,-0.601308,-0.156203,0.968444,0.214332,-0.093346,0.637775,0.241898,-0.218132,-0.697744,0.707187,0.138525,-0.538133,0.293758,-0.71182,-0.515966,0.380188
2026-03-27T17:21:58.923670+00:00,4.63154,1774632118923670300,0.589588,0.400314,-0.334236,0.751994,-0.218476,-0.601932,-0.156152,0.963213,0.223293,-0.086505,0.63927,0.258234,-0.207018,-0.693955,0.704965,0.1488,-0.534316,0.287322,-0.704047,-0.5232,0.381036
2026-03-27T17:21:58.940855+00:00,4.648725,1774632118940855200,0.587156,0.400707,-0.331278,0.752104,-0.216864,-0.602375,-0.155764,0.957947,0.232336,-0.079614,0.639967,0.273977,-0.195453,-0.690725,0.702791,0.158106,-0.530209,0.279889,-0.701023,-0.531767,0.382645
2026-03-27T17:21:58.957799+00:00,4.665669,1774632118957799500,0.584547,0.401189,-0.328296,0.752236,-0.21553,-0.603185,-0.155202,0.952546,0.239579,-0.072243,0.640639,0.289095,-0.184796,-0.686899,0.700759,0.166898,-0.525854,0.272511,-0.701269,-0.540026,0.384357
2026-03-27T17:21:58.974735+00:00,4.682605,1774632118974735300,0.582066,0.401813,-0.325379,0.752674,-0.21424,-0.602858,-0.154595,0.947164,0.246847,-0.064866,0.640115,0.304154,-0.174922,-0.683766,0.698725,0.174241,-0.521383,0.266849,-0.69882,-0.543725,0.383278
2026-03-27T17:21:58.991792+00:00,4.699661,1774632118991791900,0.579544,0.402228,-0.322519,0.753031,-0.213369,-0.602974,-0.154241,0.94174,0.253489,-0.057326,0.639649,0.318028,-0.166016,-0.679464,0.697003,0.181105,-0.516523,0.261395,-0.697634,-0.545468,0.380756
2026-03-27T17:21:59.008864+00:00,4.716734,1774632119008864400,0.577186,0.402635,-0.319772,0.753894,-0.212139,-0.602195,-0.153513,0.936183,0.258586,-0.049381,0.638588,0.331318,-0.158384,-0.676486,0.695503,0.186528,-0.511558,0.253221,-0.703299,-0.549571,0.380282
2026-03-27T17:21:59.026159+00:00,4.734029,1774632119026159200,0.574827,0.403048,-0.317089,0.754444,-0.211079,-0.602551,-0.152808,0.930912,0.264139,-0.041623,0.63859,0.342672,-0.150871,-0.672393,0.694368,0.19155,-0.506076,0.245059,-0.706347,-0.550036,0.376087
2026-03-27T17:21:59.042872+00:00,4.750742,1774632119042872100,0.572524,0.403479,-0.314552,0.755406,-0.209819,-0.602069,-0.152048,0.92578,0.26822,-0.033836,0.638695,0.352377,-0.144976,-0.669109,0.69363,0.195212,-0.500755,0.235853,-0.71026,-0.549677,0.370658
2026-03-27T17:21:59.059855+00:00,4.767725,1774632119059855100,0.570338,0.403893,-0.312122,0.756769,-0.208582,-0.600777,-0.151047,0.920662,0.273031,-0.026172,0.639567,0.361205,-0.140578,-0.66365,0.693149,0.198477,-0.494711,0.224445,-0.717857,-0.550589,0.366331
2026-03-27T17:21:59.077012+00:00,4.784882,1774632119077012100,0.568072,0.404266,-0.309703,0.757756,-0.207473,-0.60026,-0.150107,0.915374,0.276976,-0.0185,0.64085,0.369384,-0.139594,-0.658165,0.692542,0.20092,-0.488755,0.213584,-0.723869,-0.549034,0.360431
2026-03-27T17:21:59.093934+00:00,4.801804,1774632119093934400,0.566,0.404656,-0.30758,0.759003,-0.206639,-0.599284,-0.148972,0.910053,0.281116,-0.01124,0.642823,0.376463,-0.14021,-0.652488,0.69234,0.203128,-0.481974,0.204488,-0.728996,-0.547677,0.353974
2026-03-27T17:21:59.110951+00:00,4.81882,1774632119110951000,0.563914,0.405018,-0.305581,0.760776,-0.205778,-0.597234,-0.147399,0.905,0.286048,-0.003988,0.645977,0.381856,-0.142741,-0.645027,0.692433,0.204891,-0.475238,0.197338,-0.734217,-0.546688,0.347292
2026-03-27T17:21:59.128015+00:00,4.835885,1774632119128015300,0.561833,0.40529,-0.303636,0.762184,-0.205389,-0.59622,-0.146075,0.899724,0.290792,0.003046,0.649115,0.387196,-0.146908,-0.638041,0.692409,0.206766,-0.467783,0.191167,-0.740183,-0.548063,0.341412
2026-03-27T17:21:59.145106+00:00,4.852975,1774632119145105700,0.559865,0.405561,-0.301989,0.763527,-0.205274,-0.594895,-0.144496,0.894788,0.296207,0.010255,0.652912,0.392192,-0.151904,-0.629873,0.692602,0.208406,-0.46076,0.18546,-0.747358,-0.551215,0.335731
2026-03-27T17:21:59.162083+00:00,4.869952,1774632119162082600,0.557907,0.405793,-0.300401,0.76514,-0.205168,-0.593287,-0.142608,0.889732,0.30173,0.017179,0.65611,0.397337,-0.157319,-0.622519,0.692708,0.210085,-0.453152,0.180599,-0.748553,-0.550409,0.327288
2026-03-27T17:21:59.178864+00:00,4.886733,1774632119178863600,0.555983,0.406009,-0.299141,0.766687,-0.205322,-0.591728,-0.140546,0.885107,0.307545,0.024287,0.659892,0.401493,-0.161648,-0.613717,0.693241,0.211659,-0.446202,0.174168,-0.75359,-0.55301,0.320351
2026-03-27T17:21:59.195839+00:00,4.903708,1774632119195838900,0.554118,0.406187,-0.297912,0.768205,-0.205588,-0.590562,-0.138828,0.880508,0.313534,0.031161,0.66265,0.406593,-0.165465,-0.606794,0.693652,0.213264,-0.438558,0.167239,-0.756952,-0.553625,0.312663
2026-03-27T17:21:59.212936+00:00,4.920806,1774632119212936400,0.552256,0.406431,-0.296854,0.770142,-0.205463,-0.588194,-0.137002,0.876126,0.319808,0.038002,0.664665,0.411516,-0.167729,-0.600659,0.694435,0.215034,-0.431596,0.159801,-0.759273,-0.552818,0.3045
2026-03-27T17:21:59.229849+00:00,4.937718,1774632119229848800,0.550502,0.406685,-0.295888,0.771692,-0.205419,-0.586649,-0.135121,0.872115,0.326479,0.044861,0.666431,0.416566,-0.168567,-0.595269,0.695166,0.216864,-0.423986,0.151085,-0.763115,-0.553075,0.297267
2026-03-27T17:21:59.246961+00:00,4.954831,1774632119246961400,0.548837,0.406909,-0.295003,0.773297,-0.205108,-0.585038,-0.133336,0.867774,0.333153,0.050961,0.66772,0.421642,-0.168329,-0.589866,0.696236,0.218951,-0.417038,0.141306,-0.768362,-0.554323,0.290523
2026-03-27T17:21:59.264004+00:00,4.971873,1774632119264003700,0.547101,0.407235,-0.294417,0.775124,-0.204894,-0.582795,-0.131553,0.863979,0.340446,0.057403,0.668628,0.427273,-0.167146,-0.584607,0.697289,0.221172,-0.409466,0.129919,-0.778111,-0.558835,0.285709
2026-03-27T17:21:59.280980+00:00,4.988849,1774632119280980000,0.54558,0.407483,-0.293783,0.776714,-0.204641,-0.581169,-0.129944,0.859807,0.347595,0.062901,0.669244,0.433728,-0.165751,-0.580648,0.698562,0.223851,-0.402653,0.121221,-0.77212,-0.551774,0.275201
2026-03-27T17:21:59.298025+00:00,5.005895,1774632119298025500,0.544038,0.407758,-0.293238,0.778473,-0.204235,-0.579441,-0.128403,0.855696,0.355249,0.068102,0.670945,0.438758,-0.164572,-0.574467,0.699872,0.22675,-0.395834,0.108163,-0.794137,-0.566072,0.274619
2026-03-27T17:21:59.315206+00:00,5.023075,1774632119315205900,0.542589,0.408056,-0.292704,0.779704,-0.203657,-0.578581,-0.127173,0.851675,0.363528,0.073304,0.67244,0.444753,-0.164043,-0.568309,0.701035,0.229809,-0.388282,0.101528,-0.763472,-0.543057,0.25629
2026-03-27T17:21:59.332349+00:00,5.040219,1774632119332349100,0.541329,0.408427,-0.292057,0.781062,-0.201975,-0.577287,-0.126382,0.847303,0.371842,0.077995,0.67453,0.450754,-0.164305,-0.560998,0.702026,0.23297,-0.380704,0.089309,-0.77848,-0.552431,0.253425
2026-03-27T17:21:59.349597+00:00,5.057467,1774632119349597200,0.539986,0.408963,-0.291259,0.782466,-0.199534,-0.575994,-0.126182,0.842878,0.380319,0.082133,0.677136,0.456492,-0.164563,-0.553168,0.702916,0.236583,-0.374038,0.0825,-0.757203,-0.5361,0.239323
2026-03-27T17:21:59.366618+00:00,5.074487,1774632119366617800,0.538964,0.409561,-0.290444,0.783206,-0.196761,-0.576173,-0.126098,0.83855,0.388582,0.085791,0.680417,0.461527,-0.164509,-0.544761,0.703336,0.240102,-0.366762,0.074589,-0.756384,-0.535354,0.232302
2026-03-27T17:21:59.383742+00:00,5.091612,1774632119383742200,0.537815,0.41024,-0.289377,0.78397,-0.193921,-0.576375,-0.12587,0.834341,0.3969,0.088863,0.683696,0.466654,-0.164606,-0.536701,0.703361,0.244117,-0.360648,0.064376,-0.794528,-0.565155,0.237624
2026-03-27T17:21:59.400716+00:00,5.108586,1774632119400716300,0.536943,0.410942,-0.288505,0.784686,-0.191009,-0.576192,-0.125249,0.830605,0.405199,0.09159,0.686752,0.471476,-0.164564,-0.528526,0.703129,0.247935,-0.354124,0.059133,-0.77987,-0.559045,0.228008
2026-03-27T17:21:59.417756+00:00,5.125625,1774632119417755900,0.535984,0.411625,-0.287469,0.785088,-0.188457,-0.576866,-0.124504,0.826497,0.412795,0.093298,0.68984,0.475387,-0.163903,-0.521015,0.702801,0.252082,-0.348851,0.053458,-0.771083,-0.557507,0.221129
2026-03-27T17:21:59.434756+00:00,5.142625,1774632119434755500,0.535281,0.412275,-0.286678,0.785592,-0.185985,-0.576874,-0.123779,0.823452,0.420566,0.09494,0.692642,0.478469,-0.161876,-0.514586,0.70209,0.255767,-0.34335,0.045447,-0.792958,-0.578919,0.224627
2026-03-27T17:21:59.451848+00:00,5.159717,1774632119451847700,0.534535,0.412841,-0.285691,0.785592,-0.183861,-0.577925,-0.123077,0.820198,0.427665,0.0958,0.694977,0.480979,-0.159213,-0.510139,0.701064,0.259471,-0.33911,0.040259,-0.740226,-0.544084,0.207602
2026-03-27T17:21:59.468792+00:00,5.176662,1774632119468792100,0.534044,0.413377,-0.285102,0.785896,-0.18214,-0.577911,-0.122318,0.817449,0.434452,0.096371,0.697255,0.482433,-0.155675,-0.506953,0.700134,0.262834,-0.33529,0.034193,-0.655095,-0.482827,0.182148
2026-03-27T17:21:59.486040+00:00,5.19391,1774632119486040100,0.53365,0.413863,-0.28465,0.785982,-0.180697,-0.578435,-0.12143,0.816059,0.441159,0.096589,0.699651,0.483235,-0.151356,-0.504186,0.699385,0.265236,-0.33132,0.025917,-0.539057,-0.397905,0.148571
2026-03-27T17:21:59.503021+00:00,5.21089,1774632119503020900,0.533144,0.414131,-0.284059,0.785883,-0.180336,-0.579295,-0.120551,0.814671,0.446764,0.096751,0.701784,0.483301,-0.146492,-0.502192,0.698615,0.267519,-0.328289,0.021354,-0.250568,-0.185244,0.068575
2026-03-27T17:21:59.520105+00:00,5.227975,1774632119520105600,0.532684,0.414391,-0.283573,0.786101,-0.179778,-0.57914,-0.11988,0.814251,0.45199,0.095937,0.703783,0.483204,-0.141569,-0.50111,0.697966,0.268978,-0.325502,0.023629,0.087441,0.064657,-0.023861
2026-03-27T17:21:59.537066+00:00,5.244935,1774632119537065800,0.532532,0.414605,-0.283497,0.78627,-0.179492,-0.579011,-0.119255,0.813899,0.456124,0.094661,0.705427,0.483036,-0.137022,-0.500838,0.697494,0.270224,-0.32343,1e-06,7730.17481,5713.47028,-2108.767629
2026-03-27T17:21:59.554163+00:00,5.262032,1774632119554162700,0.532301,0.414789,-0.283299,0.786856,-0.179099,-0.578449,-0.118442,0.814232,0.459781,0.092855,0.707025,0.481934,-0.133287,-0.499946,0.697286,0.27069,-0.321539,1e-06,11457.499117,8458.159864,-3113.955259
2026-03-27T17:21:59.571549+00:00,5.279419,1774632119571549400,0.532293,0.414935,-0.28335,0.787021,-0.179115,-0.578669,-0.117673,0.814672,0.46237,0.090479,0.708337,0.481072,-0.131037,-0.499855,0.697068,0.271127,-0.32023,0.030047,0.461627,0.339566,-0.124282
2026-03-27T17:21:59.588189+00:00,5.296059,1774632119588189300,0.532165,0.415075,-0.283238,0.787362,-0.179292,-0.578323,-0.116794,0.815884,0.464225,0.087611,0.709214,0.479892,-0.130044,-0.500202,0.696936,0.270695,-0.319262,0.02118,0.725009,0.530559,-0.192536
2026-03-27T17:21:59.605749+00:00,5.313619,1774632119605749100,0.532347,0.415091,-0.28364,0.787557,-0.179904,-0.578052,-0.115885,0.817541,0.465255,0.084132,0.710656,0.477457,-0.129705,-0.500271,0.697247,0.268946,-0.318787,0.004175,3.852729,2.796741,-1.011611
2026-03-27T17:21:59.622841+00:00,5.330711,1774632119622841200,0.532396,0.415079,-0.283955,0.788216,-0.180711,-0.576896,-0.115206,0.819057,0.464881,0.080322,0.711336,0.474582,-0.130923,-0.50199,0.697812,0.266583,-0.318979,0.022758,0.712925,0.512387,-0.185536
2026-03-27T17:21:59.639916+00:00,5.347786,1774632119639916400,0.532733,0.415032,-0.284417,0.788503,-0.181561,-0.57614,-0.114681,0.821175,0.463878,0.076143,0.712115,0.47095,-0.132536,-0.50344,0.698451,0.263056,-0.320084,0.030876,0.509035,0.361305,-0.131863
2026-03-27T17:21:59.656838+00:00,5.364708,1774632119656838500,0.532983,0.415104,-0.2845,0.788725,-0.182119,-0.576026,-0.114769,0.823722,0.461456,0.07157,0.712392,0.467373,-0.134345,-0.505912,0.699188,0.259027,-0.321679,0.022437,0.646612,0.453422,-0.167485
2026-03-27T17:21:59.673923+00:00,5.381792,1774632119673923000,0.533725,0.415069,-0.285029,0.789048,-0.182207,-0.575271,-0.114974,0.826409,0.45796,0.066797,0.712755,0.463008,-0.136461,-0.509023,0.699835,0.253992,-0.324467,0.019623,0.601296,0.416661,-0.156794
2026-03-27T17:21:59.690923+00:00,5.398792,1774632119690922800,0.534616,0.414939,-0.285687,0.789342,-0.182384,-0.574909,-0.115378,0.830209,0.452731,0.061413,0.71289,0.457471,-0.138944,-0.513035,0.700395,0.247706,-0.327795,0.014754,0.497557,0.341039,-0.131378
2026-03-27T17:21:59.707898+00:00,5.415768,1774632119707898300,0.535494,0.414835,-0.286291,0.78959,-0.182566,-0.57424,-0.115674,0.833846,0.446916,0.056183,0.712606,0.451841,-0.141853,-0.517684,0.700855,0.241375,-0.331666,1e-06,1612.674445,1092.888415,-432.580709
2026-03-27T17:21:59.724952+00:00,5.432821,1774632119724951800,0.536638,0.414735,-0.287074,0.789916,-0.182737,-0.57385,-0.115853,0.838487,0.439262,0.050267,0.711983,0.445474,-0.145401,-0.522787,0.701198,0.233859,-0.336148,0.0201,-0.301065,-0.201934,0.082209
2026-03-27T17:21:59.742059+00:00,5.449928,1774632119742058800,0.537917,0.414656,-0.288096,0.79024,-0.183046,-0.573456,-0.115886,0.843003,0.431068,0.044521,0.710808,0.438444,-0.149626,-0.529172,0.700997,0.226032,-0.34125,0.015664,-0.993149,-0.65947,0.275503
2026-03-27T17:21:59.759063+00:00,5.466933,1774632119759063200,0.539232,0.414626,-0.28898,0.790811,-0.183173,-0.572351,-0.115953,0.848231,0.421263,0.038176,0.708901,0.431011,-0.154395,-0.536735,0.700651,0.217442,-0.346727,0.033306,-0.797165,-0.524573,0.225143
2026-03-27T17:21:59.776091+00:00,5.48396,1774632119776090600,0.540837,0.41459,-0.290312,0.791532,-0.183103,-0.571137,-0.116424,0.853501,0.410709,0.031925,0.706671,0.42264,-0.159378,-0.544293,0.699885,0.208452,-0.352607,0.046483,-0.841875,-0.549925,0.242441
2026-03-27T17:21:59.793323+00:00,5.501192,1774632119793322900,0.542458,0.414523,-0.291504,0.791847,-0.183292,-0.5707,-0.117084,0.859088,0.398473,0.025144,0.70404,0.414391,-0.164595,-0.552908,0.698767,0.19866,-0.358918,0.066404,-0.797107,-0.518042,0.234063
2026-03-27T17:21:59.810431+00:00,5.518301,1774632119810431600,0.544204,0.414457,-0.292943,0.792482,-0.183701,-0.56983,-0.117687,0.864481,0.386012,0.018718,0.701527,0.405473,-0.169332,-0.560857,0.69757,0.188109,-0.365471,0.083406,-0.809862,-0.523684,0.24173
2026-03-27T17:21:59.827151+00:00,5.53502,1774632119827151000,0.546226,0.414323,-0.294757,0.793353,-0.184116,-0.568074,-0.118224,0.869751,0.372344,0.011996,0.699554,0.397073,-0.173548,-0.568032,0.695883,0.177819,-0.371824,0.100142,-0.824807,-0.531266,0.249302
2026-03-27T17:21:59.844223+00:00,5.552092,1774632119844222400,0.548317,0.414103,-0.296696,0.794131,-0.184665,-0.566755,-0.119255,0.875039,0.356765,0.004827,0.696932,0.388996,-0.177948,-0.575779,0.694014,0.166646,-0.378269,0.121201,-0.811077,-0.519941,0.246544
2026-03-27T17:21:59.861130+00:00,5.569,1774632119861130600,0.550649,0.413821,-0.298964,0.794906,-0.185242,-0.565031,-0.120448,0.88021,0.340661,-0.002492,0.693538,0.380427,-0.182184,-0.584246,0.692346,0.154191,-0.385024,0.140539,-0.812037,-0.517686,0.247916
2026-03-27T17:21:59.878001+00:00,5.585871,1774632119878001200,0.553,0.413462,-0.301398,0.796014,-0.185995,-0.56292,-0.121553,0.88519,0.323804,-0.009914,0.690185,0.371361,-0.185905,-0.59265,0.689983,0.141675,-0.391411,0.161034,-0.810342,-0.512337,0.24877
2026-03-27T17:21:59.895014+00:00,5.602883,1774632119895013800,0.555514,0.413052,-0.304138,0.796749,-0.187245,-0.56154,-0.12237,0.889958,0.305451,-0.017748,0.686369,0.361525,-0.189075,-0.601828,0.687432,0.127595,-0.398227,0.183862,-0.801161,-0.500766,0.247197
2026-03-27T17:21:59.912593+00:00,5.620463,1774632119912593500,0.558207,0.412679,-0.307242,0.797974,-0.188276,-0.559279,-0.122745,0.894477,0.286954,-0.025599,0.681365,0.351692,-0.192711,-0.612065,0.684244,0.113201,-0.404668,0.203366,-0.80972,-0.498881,0.249937
2026-03-27T17:21:59.930764+00:00,5.638634,1774632119930764500,0.560969,0.412326,-0.310578,0.799278,-0.189076,-0.557326,-0.123048,0.898462,0.266553,-0.03396,0.675438,0.342194,-0.196205,-0.622938,0.680948,0.097649,-0.411314,0.224238,-0.80796,-0.489138,0.249141
2026-03-27T17:21:59.947493+00:00,5.655362,1774632119947492800,0.563898,0.412082,-0.314204,0.800931,-0.189444,-0.554339,-0.123112,0.901893,0.24752,-0.042069,0.670478,0.332746,-0.198809,-0.632284,0.6772,0.082802,-0.417157,0.241675,-0.809361,-0.479709,0.249259
2026-03-27T17:21:59.963567+00:00,5.671436,1774632119963566700,0.566522,0.411751,-0.317565,0.802162,-0.190024,-0.552583,-0.122864,0.904688,0.228077,-0.050189,0.666186,0.323894,-0.200827,-0.641173,0.673548,0.067905,-0.422848,0.255918,-0.811046,-0.468468,0.249509
2026-03-27T17:21:59.980803+00:00,5.688672,1774632119980802500,0.569666,0.411398,-0.321697,0.803636,-0.190927,-0.550059,-0.122187,0.907124,0.20862,-0.058666,0.661895,0.314435,-0.204146,-0.649206,0.669441,0.051958,-0.428688,0.268729,-0.813276,-0.454599,0.250412
2026-03-27T17:21:59.997903+00:00,5.705773,1774632119997903100,0.572549,0.410868,-0.325726,0.80523,-0.191958,-0.547429,-0.121987,0.908933,0.189507,-0.067163,0.656742,0.3072,-0.2093,-0.656382,0.665068,0.036853,-0.433685,0.278485,-0.816607,-0.439411,0.251482
2026-03-27T17:22:00.014947+00:00,5.722817,1774632120014947100,0.575556,0.410155,-0.329929,0.806362,-0.193138,-0.545603,-0.122578,0.910021,0.169502,-0.075997,0.651411,0.300273,-0.216035,-0.662533,0.660824,0.022033,-0.438524,0.286217,-0.820158,-0.423028,0.253183
2026-03-27T17:22:00.031911+00:00,5.73978,1774632120031910600,0.578814,0.409389,-0.334488,0.807757,-0.194524,-0.542682,-0.123191,0.910782,0.150623,-0.084774,0.645253,0.294154,-0.224087,-0.668347,0.65684,0.007534,-0.443587,0.292126,-0.826287,-0.407381,0.25617
2026-03-27T17:22:00.048876+00:00,5.756746,1774632120048876300,0.581951,0.408454,-0.338935,0.8086,-0.196463,-0.540699,-0.123936,0.911509,0.132718,-0.093332,0.637348,0.288601,-0.232675,-0.675766,0.652791,-0.005765,-0.448092,0.297502,-0.832254,-0.391179,0.259008
2026-03-27T17:22:00.066037+00:00,5.773907,1774632120066037400,0.5852,0.407431,-0.343653,0.809622,-0.198605,-0.538187,-0.124625,0.912184,0.115491,-0.101749,0.629458,0.282655,-0.239767,-0.68259,0.649164,-0.018482,-0.452741,0.303305,-0.835312,-0.374013,0.260101
2026-03-27T17:22:00.083290+00:00,5.79116,1774632120083290100,0.588503,0.406348,-0.348422,0.810319,-0.200775,-0.535957,-0.125688,0.91298,0.098494,-0.110044,0.621078,0.277424,-0.245384,-0.690437,0.645731,-0.02991,-0.456882,0.3078,-0.841284,-0.359102,0.261926
2026-03-27T17:22:00.099979+00:00,5.807848,1774632120099978800,0.591595,0.40523,-0.35295,0.810986,-0.202753,-0.53416,-0.1269,0.913984,0.082451,-0.118083,0.612139,0.27268,-0.248847,-0.699375,0.642608,-0.040175,-0.460856,0.312343,-0.846281,-0.346361,0.264692
2026-03-27T17:22:00.117074+00:00,5.824943,1774632120117073600,0.594639,0.404031,-0.357418,0.811627,-0.204677,-0.531766,-0.128403,0.915476,0.068559,-0.125633,0.60148,0.267723,-0.250778,-0.709502,0.639407,-0.049477,-0.464727,0.31723,-0.847762,-0.335052,0.267681
2026-03-27T17:22:00.134136+00:00,5.842005,1774632120134135700,0.597832,0.402783,-0.362132,0.812025,-0.206748,-0.530053,-0.130399,0.917172,0.054636,-0.133525,0.589236,0.26327,-0.251991,-0.721802,0.636639,-0.057546,-0.468653,0.321954,-0.845434,-0.32547,0.27003
2026-03-27T17:22:00.151256+00:00,5.859126,1774632120151256400,0.601017,0.401521,-0.366774,0.812118,-0.208476,-0.528517,-0.13268,0.919352,0.043348,-0.140754,0.577812,0.258416,-0.25206,-0.732063,0.634034,-0.064743,-0.472583,0.324339,-0.846282,-0.317463,0.273104
2026-03-27T17:22:00.168747+00:00,5.876616,1774632120168747000,0.603987,0.400255,-0.371077,0.811933,-0.209925,-0.527659,-0.135228,0.921588,0.032388,-0.14863,0.567142,0.253835,-0.253079,-0.741498,0.631878,-0.07114,-0.476642,0.325435,-0.849727,-0.310005,0.276617
2026-03-27T17:22:00.185664+00:00,5.893533,1774632120185664000,0.606922,0.399084,-0.375118,0.811449,-0.210903,-0.527523,-0.137774,0.92404,0.024315,-0.155644,0.557981,0.250699,-0.255493,-0.749115,0.629991,-0.07663,-0.480695,0.326469,-0.8513,-0.30237,0.279275
2026-03-27T17:22:00.202736+00:00,5.910606,1774632120202736500,0.6099,0.39799,-0.379316,0.81089,-0.2116,-0.527172,-0.140075,0.926881,0.018123,-0.162962,0.552058,0.248132,-0.257441,-0.753166,0.628613,-0.080955,-0.484862,0.329149,-0.850014,-0.295533,0.282608
2026-03-27T17:22:00.219475+00:00,5.927344,1774632120219474700,0.612713,0.396941,-0.383143,0.810005,-0.212344,-0.527881,-0.142572,0.929874,0.013222,-0.170401,0.547888,0.245869,-0.259505,-0.756318,0.627378,-0.084384,-0.489054,0.331603,-0.850523,-0.289945,0.28733
2026-03-27T17:22:00.236490+00:00,5.94436,1774632120236490500,0.615511,0.395861,-0.387158,0.809125,-0.213054,-0.528118,-0.145083,0.933275,0.009736,-0.177961,0.544868,0.243291,-0.260269,-0.758125,0.626198,-0.087198,-0.493516,0.335376,-0.848221,-0.283269,0.291842
2026-03-27T17:22:00.253720+00:00,5.961589,1774632120253719900,0.618231,0.394867,-0.390954,0.80776,-0.213701,-0.529201,-0.147286,0.937259,0.007903,-0.185582,0.541833,0.240943,-0.26143,-0.761934,0.625128,-0.089379,-0.498264,0.336541,-0.849473,-0.278388,0.297291
2026-03-27T17:22:00.270476+00:00,5.978345,1774632120270475500,0.620813,0.393869,-0.394797,0.806532,-0.214389,-0.530358,-0.14938,0.941474,0.007657,-0.193674,0.540378,0.237758,-0.262077,-0.764068,0.624601,-0.091073,-0.503015,0.337243,-0.849026,-0.273752,0.302237
2026-03-27T17:22:00.287456+00:00,5.995325,1774632120287455900,0.623315,0.39296,-0.398434,0.80538,-0.2148,-0.531492,-0.151209,0.946028,0.008352,-0.201601,0.540305,0.233907,-0.263411,-0.764648,0.624143,-0.092538,-0.508036,0.336078,-0.850386,-0.270038,0.307783
2026-03-27T17:22:00.304846+00:00,6.012716,1774632120304846400,0.625769,0.392034,-0.402159,0.803862,-0.215175,-0.533039,-0.153075,0.950893,0.010349,-0.210549,0.541519,0.229151,-0.265468,-0.763902,0.624076,-0.093439,-0.513259,0.335096,-0.848728,-0.265789,0.313345
2026-03-27T17:22:00.321579+00:00,6.029449,1774632120321579200,0.628115,0.391153,-0.405635,0.802459,-0.215552,-0.534478,-0.154684,0.95573,0.013042,-0.219265,0.542968,0.224383,-0.269041,-0.763567,0.624036,-0.094284,-0.518526,0.333064,-0.848888,-0.262898,0.31991
2026-03-27T17:22:00.338676+00:00,6.046546,1774632120338676100,0.630343,0.390232,-0.409222,0.80094,-0.216234,-0.536009,-0.156118,0.961,0.016191,-0.228898,0.545243,0.218575,-0.273284,-0.761653,0.624224,-0.094837,-0.523956,0.331683,-0.848032,-0.259839,0.327012
2026-03-27T17:22:00.355728+00:00,6.063597,1774632120355727600,0.632467,0.389297,-0.412746,0.799234,-0.216968,-0.537762,-0.157504,0.966213,0.018945,-0.238487,0.546074,0.212253,-0.277534,-0.76206,0.624546,-0.095577,-0.529442,0.331262,-0.844525,-0.256026,0.333424
2026-03-27T17:22:00.372707+00:00,6.080576,1774632120372706900,0.634591,0.388385,-0.415937,0.797606,-0.217917,-0.539348,-0.159161,0.971616,0.021192,-0.248327,0.546476,0.204644,-0.280641,-0.761808,0.624807,-0.096245,-0.53497,0.330812,-0.843903,-0.252212,0.340708
2026-03-27T17:22:00.389626+00:00,6.097495,1774632120389625900,0.636638,0.387462,-0.418987,0.795978,-0.218845,-0.540955,-0.160738,0.977669,0.023493,-0.258702,0.545123,0.196912,-0.283614,-0.763866,0.625251,-0.097429,-0.540492,0.33069,-0.843308,-0.247357,0.348025
2026-03-27T17:22:00.406491+00:00,6.114361,1774632120406491300,0.638415,0.386553,-0.422096,0.794371,-0.219767,-0.542548,-0.162174,0.983201,0.024223,-0.268901,0.542963,0.189066,-0.287511,-0.766283,0.626143,-0.098814,-0.545978,0.33204,-0.840132,-0.2406,0.354296
2026-03-27T17:22:00.423554+00:00,6.131423,1774632120423553800,0.640287,0.385677,-0.424923,0.792503,-0.220597,-0.544451,-0.163505,0.989247,0.024967,-0.27969,0.540866,0.181061,-0.292169,-0.767976,0.627034,-0.100529,-0.551472,0.331626,-0.840083,-0.234031,0.36223
2026-03-27T17:22:00.440397+00:00,6.148266,1774632120440397000,0.641867,0.384859,-0.427743,0.790939,-0.221497,-0.546018,-0.164659,0.994461,0.024212,-0.290196,0.539273,0.172301,-0.297244,-0.768418,0.628168,-0.102398,-0.556839,0.331655,-0.83731,-0.226578,0.369686
2026-03-27T17:22:00.457381+00:00,6.16525,1774632120457381000,0.643544,0.384128,-0.430322,0.789417,-0.222259,-0.547558,-0.165688,1.000124,0.02321,-0.301166,0.537188,0.163483,-0.302914,-0.769406,0.628996,-0.105406,-0.562092,0.330637,-0.836774,-0.218964,0.377929
2026-03-27T17:22:00.474402+00:00,6.182271,1774632120474401800,0.644926,0.383436,-0.432885,0.787936,-0.222871,-0.54908,-0.166675,1.004877,0.020116,-0.311968,0.534772,0.15481,-0.309283,-0.770945,0.630242,-0.108271,-0.567252,0.330087,-0.835672,-0.210656,0.385281
2026-03-27T17:22:00.491394+00:00,6.199263,1774632120491393500,0.646363,0.382828,-0.435281,0.78656,-0.223466,-0.550855,-0.167498,1.0099,0.017257,-0.322898,0.533231,0.145702,-0.315319,-0.77049,0.631197,-0.112294,-0.57227,0.330832,-0.83311,-0.202113,0.390539
2026-03-27T17:22:00.508473+00:00,6.216343,1774632120508473200,0.64759,0.382299,-0.437562,0.785252,-0.223869,-0.552242,-0.168037,1.014311,0.01243,-0.333673,0.53077,0.136549,-0.323483,-0.771983,0.632739,-0.116316,-0.577185,0.331061,-0.83445,-0.194396,0.396509
2026-03-27T17:22:00.525605+00:00,6.233475,1774632120525605500,0.64888,0.381809,-0.43972,0.784401,-0.224013,-0.553161,-0.16838,1.018683,0.007501,-0.34445,0.529213,0.126529,-0.331175,-0.770398,0.634045,-0.121358,-0.582001,0.333205,-0.833679,-0.185956,0.401155
2026-03-27T17:22:00.542622+00:00,6.250491,1774632120542621800,0.650144,0.381337,-0.441812,0.783306,-0.224075,-0.554892,-0.16882,1.022247,0.000171,-0.35472,0.525077,0.116422,-0.340488,-0.771544,0.635282,-0.126873,-0.586622,0.337896,-0.831622,-0.176438,0.404121
2026-03-27T17:22:00.559649+00:00,6.267519,1774632120559649400,0.651241,0.381021,-0.443712,0.783023,-0.223502,-0.554991,-0.169013,1.026359,-0.006279,-0.364858,0.520815,0.105579,-0.3491,-0.771069,0.636527,-0.132807,-0.591147,0.343293,-0.830182,-0.166045,0.406279
2026-03-27T17:22:00.576800+00:00,6.28467,1774632120576800300,0.652262,0.380756,-0.445562,0.782328,-0.223022,-0.556401,-0.169206,1.029317,-0.0154,-0.374548,0.514593,0.09431,-0.35843,-0.772777,0.637805,-0.139393,-0.595573,0.348979,-0.830066,-0.154585,0.407566
2026-03-27T17:22:00.593799+00:00,6.301668,1774632120593799000,0.653346,0.380644,-0.447261,0.782283,-0.222198,-0.556717,-0.169154,1.032755,-0.023394,-0.383779,0.507609,0.083128,-0.366699,-0.77466,0.639163,-0.14601,-0.599903,0.353975,-0.830986,-0.143063,0.408198
2026-03-27T17:22:00.610888+00:00,6.318757,1774632120610887300,0.654189,0.380549,-0.448876,0.781874,-0.221569,-0.557999,-0.168927,1.035079,-0.033726,-0.392326,0.498593,0.073294,-0.374995,-0.778293,0.640609,-0.152851,-0.604148,0.359774,-0.828171,-0.131902,0.406561
2026-03-27T17:22:00.627896+00:00,6.335765,1774632120627896000,0.655202,0.380527,-0.45049,0.782149,-0.221109,-0.55776,-0.168402,1.037557,-0.042635,-0.399995,0.487506,0.063816,-0.384405,-0.781743,0.641357,-0.160202,-0.608001,0.363499,-0.83025,-0.122847,0.407139
2026-03-27T17:22:00.645140+00:00,6.353009,1774632120645139800,0.655907,0.38049,-0.452025,0.78238,-0.221014,-0.557503,-0.167892,1.038986,-0.053252,-0.406562,0.47437,0.052777,-0.39398,-0.786316,0.642381,-0.166997,-0.611844,0.369668,-0.829986,-0.113585,0.405484
2026-03-27T17:22:00.662292+00:00,6.370161,1774632120662291500,0.656861,0.38044,-0.453669,0.782573,-0.220992,-0.557637,-0.167682,1.040251,-0.061862,-0.412047,0.461489,0.042409,-0.401282,-0.789127,0.642796,-0.173642,-0.615289,0.3773,-0.827758,-0.103632,0.401191
2026-03-27T17:22:00.679039+00:00,6.386909,1774632120679039500,0.657457,0.380422,-0.455106,0.783448,-0.220709,-0.556331,-0.167442,1.040822,-0.070949,-0.415788,0.448589,0.032703,-0.406898,-0.794953,0.643538,-0.179374,-0.618571,0.382611,-0.828276,-0.094028,0.39723
2026-03-27T17:22:00.696022+00:00,6.403891,1774632120696021700,0.658362,0.380387,-0.456629,0.783891,-0.220206,-0.555868,-0.167756,1.040742,-0.077701,-0.418272,0.438428,0.025176,-0.409855,-0.799245,0.643756,-0.18492,-0.621427,0.384952,-0.830362,-0.085327,0.393859
2026-03-27T17:22:00.713181+00:00,6.42105,1774632120713181000,0.659016,0.380353,-0.457954,0.784247,-0.219679,-0.555506,-0.168148,1.039694,-0.083982,-0.419317,0.43121,0.021459,-0.412506,-0.801459,0.644017,-0.189592,-0.62404,0.385156,-0.83124,-0.077897,0.391295
2026-03-27T17:22:00.730099+00:00,6.437968,1774632120730098600,0.659937,0.380292,-0.459389,0.784024,-0.21937,-0.555762,-0.168835,1.037652,-0.088095,-0.419365,0.426498,0.022045,-0.415661,-0.803691,0.644134,-0.194045,-0.626254,0.382168,-0.834089,-0.072822,0.390056
2026-03-27T17:22:00.747113+00:00,6.454982,1774632120747113000,0.660653,0.380253,-0.460535,0.784001,-0.218964,-0.555409,-0.169393,1.034534,-0.091802,-0.417896,0.424434,0.025843,-0.416284,-0.803827,0.643626,-0.19704,-0.627813,0.380085,-0.835131,-0.06914,0.389418
2026-03-27T17:22:00.764113+00:00,6.471983,1774632120764113500,0.661414,0.380149,-0.461658,0.783203,-0.218882,-0.556606,-0.170137,1.031007,-0.093292,-0.414673,0.42433,0.031946,-0.412017,-0.805675,0.643058,-0.198652,-0.629022,0.378758,-0.835663,-0.068091,0.389132
2026-03-27T17:22:00.781183+00:00,6.489053,1774632120781183400,0.661981,0.380039,-0.462467,0.782345,-0.219183,-0.557496,-0.170498,1.026876,-0.094946,-0.410556,0.424151,0.038296,-0.404589,-0.809673,0.642203,-0.199411,-0.629732,0.377543,-0.8379,-0.069567,0.389379
2026-03-27T17:22:00.798197+00:00,6.506067,1774632120798197300,0.662788,0.379839,-0.463548,0.780922,-0.220042,-0.558963,-0.170742,1.022759,-0.095363,-0.405373,0.423683,0.044253,-0.395542,-0.814355,0.641728,-0.199593,-0.630214,0.377912,-0.837714,-0.072645,0.388159
2026-03-27T17:22:00.815287+00:00,6.523156,1774632120815286600,0.663263,0.379631,-0.464139,0.779337,-0.221499,-0.560551,-0.170871,1.018154,-0.095518,-0.39932,0.423165,0.049334,-0.38638,-0.817242,0.641528,-0.198771,-0.630388,0.378549,-0.838493,-0.077055,0.387275
2026-03-27T17:22:00.832242+00:00,6.540112,1774632120832242200,0.663908,0.379292,-0.464982,0.777164,-0.223649,-0.562683,-0.171156,1.013157,-0.094981,-0.392103,0.422207,0.054553,-0.37972,-0.82051,0.641238,-0.197803,-0.630424,0.380582,-0.836451,-0.081639,0.384748
2026-03-27T17:22:00.849299+00:00,6.557168,1774632120849298700,0.664244,0.378962,-0.465307,0.77494,-0.226093,-0.564765,-0.171396,1.007647,-0.09404,-0.384336,0.421733,0.060164,-0.374937,-0.823354,0.641164,-0.196579,-0.63039,0.382301,-0.835562,-0.08568,0.383119
2026-03-27T17:22:00.866468+00:00,6.574337,1774632120866468000,0.664678,0.378618,-0.465689,0.772616,-0.22878,-0.567094,-0.170983,1.001345,-0.092398,-0.375104,0.423862,0.065791,-0.369786,-0.823649,0.641113,-0.195538,-0.630052,0.383979,-0.83466,-0.088448,0.381768
2026-03-27T17:22:00.883669+00:00,6.591539,1774632120883669100,0.664959,0.378313,-0.465661,0.770169,-0.231527,-0.56912,-0.170644,0.994751,-0.09065,-0.365613,0.42611,0.070996,-0.364916,-0.825645,0.641104,-0.194562,-0.629721,0.383734,-0.836154,-0.090288,0.382202
2026-03-27T17:22:00.900957+00:00,6.608826,1774632120900956900,0.665414,0.377949,-0.465814,0.767324,-0.234489,-0.572043,-0.170315,0.987848,-0.088701,-0.35563,0.429652,0.076017,-0.359518,-0.824967,0.641217,-0.193918,-0.629497,0.382832,-0.834953,-0.091185,0.382449
2026-03-27T17:22:00.917962+00:00,6.625831,1774632120917961900,0.665676,0.377581,-0.46543,0.764449,-0.23757,-0.574846,-0.170344,0.980111,-0.086522,-0.3441,0.432946,0.081747,-0.355606,-0.8237,0.641374,-0.193566,-0.629366,0.379557,-0.837625,-0.09197,0.385093
2026-03-27T17:22:00.934965+00:00,6.642834,1774632120934965000,0.665999,0.377158,-0.464697,0.761098,-0.24049,-0.577768,-0.170414,0.971902,-0.08421,-0.332085,0.435087,0.088355,-0.354918,-0.823393,0.641392,-0.193227,-0.629296,0.378205,-0.835544,-0.091762,0.386265
2026-03-27T17:22:00.952004+00:00,6.659873,1774632120952004000,0.666262,0.376681,-0.463283,0.757153,-0.243696,-0.581644,-0.17101,0.963591,-0.081934,-0.319833,0.436991,0.095346,-0.355601,-0.821954,0.641179,-0.192935,-0.629537,0.37723,-0.834515,-0.091693,0.38878
2026-03-27T17:22:00.969037+00:00,6.676907,1774632120969037300,0.666756,0.376122,-0.46205,0.752815,-0.246744,-0.585972,-0.171368,0.954484,-0.079682,-0.305787,0.439086,0.102687,-0.356679,-0.818123,0.640565,-0.192455,-0.629953,0.376875,-0.832911,-0.091988,0.391903
2026-03-27T17:22:00.986051+00:00,6.69392,1774632120986050600,0.667114,0.375629,-0.460022,0.748381,-0.24983,-0.589963,-0.171434,0.946027,-0.077787,-0.293022,0.439647,0.111196,-0.359114,-0.816551,0.639799,-0.191954,-0.630723,0.377415,-0.83079,-0.092561,0.396241
2026-03-27T17:22:01.003184+00:00,6.711054,1774632121003184400,0.667719,0.37495,-0.458163,0.743536,-0.253327,-0.594316,-0.171634,0.936497,-0.076052,-0.277635,0.439947,0.120684,-0.361782,-0.813015,0.638658,-0.191168,-0.631617,0.377535,-0.829679,-0.093326,0.402114
2026-03-27T17:22:01.020200+00:00,6.72807,1774632121020200400,0.668185,0.374234,-0.455541,0.737868,-0.257154,-0.599838,-0.172215,0.927896,-0.074618,-0.263838,0.438619,0.130946,-0.365907,-0.810936,0.637469,-0.190406,-0.633025,0.378953,-0.824674,-0.09359,0.407426
2026-03-27T17:22:01.037186+00:00,6.745056,1774632121037186100,0.668837,0.373449,-0.45306,0.732292,-0.260918,-0.604426,-0.173056,0.918116,-0.07337,-0.247356,0.43697,0.141708,-0.370441,-0.807362,0.635913,-0.189444,-0.634559,0.379531,-0.820939,-0.093656,0.414182
2026-03-27T17:22:01.054208+00:00,6.762078,1774632121054208200,0.669348,0.372671,-0.449699,0.725759,-0.264458,-0.610435,-0.174202,0.909203,-0.072348,-0.232519,0.433699,0.153041,-0.376918,-0.804152,0.634238,-0.188588,-0.636519,0.38034,-0.816127,-0.092958,0.421504
2026-03-27T17:22:01.071267+00:00,6.779137,1774632121071267100,0.670043,0.371854,-0.446393,0.718594,-0.268009,-0.617417,-0.175978,0.899303,-0.071386,-0.215244,0.430161,0.164713,-0.384341,-0.799018,0.632393,-0.187719,-0.63878,0.380341,-0.813204,-0.091502,0.430015
2026-03-27T17:22:01.088197+00:00,6.796066,1774632121088196800,0.670659,0.37098,-0.442652,0.711322,-0.270879,-0.623475,-0.177909,0.890551,-0.070786,-0.199398,0.424867,0.177478,-0.39551,-0.794332,0.630658,-0.186926,-0.641357,0.380086,-0.811031,-0.089205,0.438998
2026-03-27T17:22:01.105398+00:00,6.813268,1774632121105398100,0.671155,0.370134,-0.438077,0.702974,-0.274098,-0.630804,-0.180238,0.880467,-0.070205,-0.181046,0.418963,0.19073,-0.406898,-0.788879,0.628472,-0.186112,-0.644047,0.380999,-0.805869,-0.086175,0.447091
2026-03-27T17:22:01.122445+00:00,6.830314,1774632121122444500,0.671709,0.369256,-0.433708,0.6945,-0.276905,-0.638309,-0.182846,0.871494,-0.069923,-0.164984,0.412417,0.204227,-0.418677,-0.782583,0.624525,-0.185214,-0.648725,0.383232,-0.796603,-0.080993,0.460814
2026-03-27T17:22:01.139452+00:00,6.847322,1774632121139452300,0.672116,0.368458,-0.428741,0.685976,-0.279578,-0.645805,-0.18526,0.861345,-0.069641,-0.146457,0.404312,0.218207,-0.43123,-0.777335,0.622469,-0.184988,-0.65112,0.38427,-0.793535,-0.078374,0.468105
2026-03-27T17:22:01.156815+00:00,6.864685,1774632121156815200,0.67251,0.367629,-0.423962,0.677386,-0.282517,-0.652831,-0.187911,0.851945,-0.069571,-0.129801,0.395145,0.232598,-0.443717,-0.769717,0.620905,-0.185111,-0.653506,0.38769,-0.788939,-0.075223,0.470332
2026-03-27T17:22:01.173790+00:00,6.881659,1774632121173790000,0.672765,0.366829,-0.418866,0.668818,-0.285264,-0.659349,-0.190445,0.84165,-0.069391,-0.11135,0.384317,0.247211,-0.456032,-0.762274,0.619447,-0.185416,-0.655617,0.391396,-0.785622,-0.071958,0.471859
2026-03-27T17:22:01.190801+00:00,6.898671,1774632121190801300,0.672928,0.366107,-0.414126,0.660705,-0.287979,-0.665875,-0.192987,0.832333,-0.06944,-0.095358,0.371258,0.26332,-0.468247,-0.758371,0.618571,-0.186074,-0.657582,0.394631,-0.786907,-0.068656,0.472325
2026-03-27T17:22:01.207860+00:00,6.91573,1774632121207860600,0.67307,0.365554,-0.409122,0.652797,-0.290348,-0.672232,-0.194784,0.821902,-0.069415,-0.077273,0.358848,0.279172,-0.475867,-0.752704,0.617602,-0.186982,-0.659283,0.400332,-0.78471,-0.065345,0.469366
2026-03-27T17:22:01.224833+00:00,6.932702,1774632121224832400,0.673045,0.365222,-0.404431,0.645773,-0.292056,-0.677717,-0.195674,0.812077,-0.069355,-0.061523,0.345407,0.296316,-0.481895,-0.750378,0.61671,-0.188022,-0.660571,0.406271,-0.782103,-0.062511,0.466676
2026-03-27T17:22:01.243105+00:00,6.950975,1774632121243105100,0.672875,0.365017,-0.399563,0.639058,-0.294025,-0.683279,-0.196139,0.801127,-0.06927,-0.043794,0.333397,0.31299,-0.484863,-0.744063,0.616041,-0.189212,-0.661474,0.410825,-0.78204,-0.060549,0.46569
2026-03-27T17:22:01.259198+00:00,6.967067,1774632121259197700,0.672581,0.364974,-0.394885,0.633316,-0.294875,-0.688127,-0.196563,0.791513,-0.06926,-0.029619,0.321898,0.329749,-0.489642,-0.741078,0.615452,-0.190362,-0.661868,0.415076,-0.779489,-0.059009,0.463732
2026-03-27T17:22:01.275928+00:00,6.983798,1774632121275928400,0.672235,0.364808,-0.390676,0.627976,-0.294806,-0.692924,-0.197335,0.781651,-0.069507,-0.015919,0.312871,0.344088,-0.493884,-0.73415,0.615057,-0.191469,-0.661768,0.417867,-0.778714,-0.057249,0.46249
2026-03-27T17:22:01.292955+00:00,7.000825,1774632121292955400,0.671755,0.364916,-0.386309,0.623218,-0.294087,-0.696604,-0.198074,0.77142,-0.069407,-0.001846,0.305114,0.357256,-0.500473,-0.725851,0.614889,-0.192534,-0.661705,0.420097,-0.778894,-0.054674,0.462061
2026-03-27T17:22:01.309973+00:00,7.017843,1774632121309973600,0.671213,0.36516,-0.38158,0.618037,-0.293541,-0.701577,-0.199108,0.761775,-0.069042,0.010063,0.298247,0.368385,-0.509983,-0.719255,0.614683,-0.193535,-0.661284,0.421982,-0.779477,-0.051509,0.462391
2026-03-27T17:22:01.327037+00:00,7.034907,1774632121327037200,0.670656,0.365385,-0.377118,0.613216,-0.292543,-0.70554,-0.200062,0.75243,-0.068495,0.021878,0.293705,0.375578,-0.519161,-0.71103,0.614698,-0.194433,-0.660538,0.424515,-0.777491,-0.047825,0.461688
2026-03-27T17:22:01.344186+00:00,7.052055,1774632121344185600,0.669964,0.365544,-0.372452,0.608144,-0.292143,-0.710099,-0.201494,0.743681,-0.067882,0.032736,0.289933,0.380029,-0.530745,-0.703908,0.614729,-0.195231,-0.659664,0.427082,-0.776312,-0.043793,0.46175
2026-03-27T17:22:01.361395+00:00,7.069265,1774632121361395100,0.669215,0.365674,-0.367891,0.602441,-0.291526,-0.715288,-0.203108,0.735775,-0.067271,0.041562,0.287333,0.380775,-0.542237,-0.695397,0.614834,-0.195901,-0.65874,0.430621,-0.77393,-0.039236,0.461222
2026-03-27T17:22:01.378401+00:00,7.08627,1774632121378400900,0.668387,0.365798,-0.363243,0.597091,-0.290881,-0.719601,-0.204665,0.728346,-0.066826,0.049974,0.286069,0.377568,-0.553166,-0.685019,0.615076,-0.196548,-0.657814,0.434282,-0.772213,-0.034857,0.460628
2026-03-27T17:22:01.395524+00:00,7.103393,1774632121395523800,0.667533,0.365904,-0.358756,0.591694,-0.290344,-0.723974,-0.205828,0.721672,-0.066397,0.056748,0.284227,0.374626,-0.567481,-0.677484,0.615473,-0.197179,-0.656906,0.437536,-0.771703,-0.030651,0.460341
2026-03-27T17:22:01.412842+00:00,7.120711,1774632121412841400,0.66663,0.365977,-0.35426,0.586239,-0.290234,-0.728374,-0.207026,0.715525,-0.066426,0.063019,0.284437,0.368424,-0.581741,-0.668454,0.616097,-0.197642,-0.65615,0.441036,-0.770213,-0.027489,0.459613
2026-03-27T17:22:01.429836+00:00,7.137706,1774632121429836200,0.665684,0.366057,-0.349862,0.581639,-0.289877,-0.73129,-0.207507,0.710436,-0.066598,0.06764,0.287078,0.357874,-0.593979,-0.65871,0.616313,-0.197979,-0.655588,0.438377,-0.770489,-0.030544,0.462913
2026-03-27T17:22:01.446981+00:00,7.154851,1774632121446981200,0.664787,0.366064,-0.345851,0.576763,-0.290322,-0.735175,-0.208374,0.705892,-0.067209,0.071963,0.289769,0.346337,-0.608786,-0.650597,0.616543,-0.197805,-0.655004,0.441156,-0.767226,-0.027103,0.464012
2026-03-27T17:22:01.464776+00:00,7.172645,1774632121464775700,0.66377,0.366063,-0.341812,0.572605,-0.290338,-0.738327,-0.208891,0.702262,-0.067848,0.074817,0.293084,0.331257,-0.627684,-0.643075,0.616755,-0.197771,-0.65454,0.442916,-0.766325,-0.026237,0.464262
2026-03-27T17:22:01.482532+00:00,7.190401,1774632121482531900,0.662727,0.366218,-0.337804,0.569481,-0.289826,-0.740176,-0.208929,0.699167,-0.068613,0.076992,0.29812,0.312764,-0.643704,-0.631457,0.617032,-0.197048,-0.654023,0.445291,-0.765571,-0.025592,0.464118
2026-03-27T17:22:01.498951+00:00,7.20682,1774632121498950600,0.661806,0.366392,-0.334382,0.566432,-0.289386,-0.742733,-0.209084,0.697706,-0.070357,0.077817,0.303722,0.293021,-0.65959,-0.622488,0.617366,-0.196296,-0.653551,0.449112,-0.763517,-0.025193,0.462934
2026-03-27T17:22:01.515992+00:00,7.223862,1774632121515992400,0.660819,0.36659,-0.330875,0.563785,-0.289127,-0.745482,-0.209475,0.696954,-0.072491,0.078005,0.309664,0.270711,-0.676207,-0.614216,0.617763,-0.195384,-0.653078,0.452738,-0.763318,-0.025736,0.46153
2026-03-27T17:22:01.533029+00:00,7.240899,1774632121533029200,0.659715,0.366852,-0.327621,0.562437,-0.288198,-0.745577,-0.209569,0.696659,-0.074538,0.07753,0.317595,0.245431,-0.688045,-0.603092,0.618251,-0.194409,-0.652664,0.457714,-0.761277,-0.026714,0.458853
2026-03-27T17:22:01.549872+00:00,7.257742,1774632121549872100,0.658735,0.367017,-0.324428,0.56065,-0.287701,-0.747939,-0.210138,0.697371,-0.077055,0.076557,0.323897,0.220507,-0.703179,-0.595976,0.618731,-0.193482,-0.652277,0.462869,-0.758977,-0.028013,0.455757
2026-03-27T17:22:01.566936+00:00,7.274806,1774632121566936100,0.657639,0.367211,-0.321349,0.560218,-0.286893,-0.74781,-0.210562,0.698876,-0.079676,0.074459,0.331893,0.193944,-0.714499,-0.585306,0.619293,-0.1926,-0.651844,0.466849,-0.759054,-0.030392,0.453968
2026-03-27T17:22:01.583986+00:00,7.291855,1774632121583986000,0.656581,0.367397,-0.31841,0.559953,-0.28602,-0.748134,-0.211137,0.701053,-0.082757,0.071777,0.341297,0.167406,-0.723054,-0.573298,0.619822,-0.191805,-0.651477,0.471917,-0.75668,-0.032754,0.450682
2026-03-27T17:22:01.601105+00:00,7.308974,1774632121601104600,0.655497,0.36758,-0.315529,0.55972,-0.284938,-0.748403,-0.211924,0.703352,-0.085478,0.068577,0.350243,0.142298,-0.734011,-0.563988,0.620359,-0.191027,-0.651091,0.476049,-0.756386,-0.035518,0.448054
2026-03-27T17:22:01.618141+00:00,7.32601,1774632121618141000,0.654487,0.3678,-0.312732,0.5602,-0.283654,-0.747941,-0.21247,0.706405,-0.08873,0.065018,0.360361,0.118622,-0.74213,-0.553272,0.620807,-0.190333,-0.650816,0.480535,-0.754392,-0.037944,0.445232
2026-03-27T17:22:01.635144+00:00,7.343014,1774632121635144400,0.653486,0.368032,-0.310155,0.560566,-0.282624,-0.748384,-0.213206,0.709232,-0.091318,0.061374,0.371157,0.096694,-0.747439,-0.542321,0.62128,-0.189703,-0.650502,0.483812,-0.753133,-0.039502,0.442752
2026-03-27T17:22:01.652163+00:00,7.360032,1774632121652162600,0.652589,0.368191,-0.3075,0.560942,-0.281634,-0.749236,-0.214217,0.712254,-0.093962,0.057794,0.381572,0.077362,-0.75255,-0.53276,0.621715,-0.189144,-0.650209,0.486157,-0.753805,-0.040975,0.441577
2026-03-27T17:22:01.669385+00:00,7.377255,1774632121669385200,0.651608,0.368382,-0.30501,0.561981,-0.280068,-0.748067,-0.214819,0.71623,-0.097068,0.054072,0.39228,0.0601,-0.755427,-0.523775,0.621971,-0.188717,-0.649979,0.488955,-0.751923,-0.042085,0.439651
2026-03-27T17:22:01.686357+00:00,7.394226,1774632121686356400,0.650733,0.368477,-0.302447,0.562887,-0.279078,-0.747713,-0.215656,0.72052,-0.100169,0.050592,0.402626,0.045373,-0.755915,-0.514937,0.622173,-0.188407,-0.649685,0.490967,-0.750744,-0.043046,0.438905
2026-03-27T17:22:01.703378+00:00,7.411247,1774632121703378000,0.649804,0.368581,-0.300023,0.563736,-0.277869,-0.746783,-0.216455,0.723954,-0.102619,0.047718,0.41172,0.032702,-0.756061,-0.507228,0.622254,-0.18824,-0.649519,0.492201,-0.750488,-0.043905,0.438351
2026-03-27T17:22:01.720306+00:00,7.428175,1774632121720305900,0.648994,0.368623,-0.297536,0.563918,-0.276991,-0.747212,-0.217497,0.727774,-0.105349,0.045032,0.419387,0.021826,-0.756633,-0.501599,0.62231,-0.18816,-0.64937,0.492898,-0.750179,-0.044797,0.438304
2026-03-27T17:22:01.737545+00:00,7.445415,1774632121737545400,0.648085,0.368702,-0.295164,0.564782,-0.275567,-0.746226,-0.218346,0.732637,-0.108341,0.042619,0.42673,0.011361,-0.755467,-0.496507,0.622312,-0.188153,-0.649333,0.493616,-0.749169,-0.04578,0.437764
2026-03-27T17:22:01.754531+00:00,7.4624,1774632121754530700,0.647306,0.368748,-0.292773,0.565607,-0.274378,-0.745326,-0.219123,0.737779,-0.111358,0.040516,0.432052,0.001491,-0.75539,-0.491227,0.622283,-0.1882,-0.649354,0.493455,-0.749727,-0.047009,0.43805
2026-03-27T17:22:01.771650+00:00,7.479519,1774632121771650000,0.64652,0.368761,-0.290592,0.56585,-0.273707,-0.74633,-0.22023,0.741697,-0.113976,0.039215,0.435578,-0.008395,-0.757253,-0.486267,0.622199,-0.188298,-0.649392,0.493529,-0.750088,-0.048392,0.438244
2026-03-27T17:22:01.788760+00:00,7.49663,1774632121788760200,0.645829,0.368802,-0.288373,0.56674,-0.272533,-0.745352,-0.220842,0.746958,-0.117027,0.037668,0.438124,-0.018518,-0.759269,-0.480332,0.622139,-0.188373,-0.649409,0.493577,-0.750336,-0.049749,0.438129
2026-03-27T17:22:01.805797+00:00,7.513667,1774632121805797400,0.645065,0.368875,-0.286371,0.567344,-0.271745,-0.74517,-0.221576,0.750684,-0.119692,0.036988,0.439464,-0.028388,-0.762256,-0.473454,0.622135,-0.188374,-0.64938,0.493872,-0.749443,-0.051082,0.438067
2026-03-27T17:22:01.822986+00:00,7.530855,1774632121822985800,0.644476,0.368917,-0.284372,0.568333,-0.270482,-0.744084,-0.221934,0.754306,-0.122426,0.036594,0.440172,-0.038546,-0.765196,-0.466815,0.622036,-0.188467,-0.649304,0.493689,-0.749742,-0.052146,0.438262
2026-03-27T17:22:01.840202+00:00,7.548071,1774632121840201900,0.643828,0.36896,-0.282582,0.569277,-0.269505,-0.743671,-0.22244,0.759112,-0.125478,0.035919,0.440238,-0.049076,-0.769251,-0.460894,0.621879,-0.188621,-0.649292,0.493884,-0.74887,-0.052852,0.438677
2026-03-27T17:22:01.856948+00:00,7.564818,1774632121856948400,0.643398,0.369005,-0.280937,0.570521,-0.268369,-0.743539,-0.222659,0.762125,-0.128105,0.035869,0.440764,-0.058859,-0.771453,-0.45558,0.621723,-0.188739,-0.649176,0.493654,-0.74922,-0.053359,0.43924
2026-03-27T17:22:01.873972+00:00,7.581842,1774632121873972600,0.642815,0.369088,-0.279391,0.571727,-0.267276,-0.74284,-0.222591,0.76636,-0.131084,0.035916,0.440623,-0.068371,-0.77262,-0.452465,0.62157,-0.188824,-0.649074,0.493992,-0.748256,-0.053799,0.439553
2026-03-27T17:22:01.891165+00:00,7.599035,1774632121891165100,0.6425,0.369166,-0.277995,0.573027,-0.266419,-0.742687,-0.22251,0.769266,-0.133781,0.036921,0.439347,-0.077406,-0.772391,-0.450866,0.62144,-0.188885,-0.648897,0.494368,-0.747715,-0.054209,0.439949
2026-03-27T17:22:01.908325+00:00,7.616194,1774632121908324800,0.641992,0.369373,-0.276701,0.574987,-0.26547,-0.741206,-0.221803,0.773011,-0.136045,0.037512,0.438076,-0.082454,-0.774078,-0.449879,0.621381,-0.188897,-0.648663,0.495033,-0.747155,-0.054876,0.44014
2026-03-27T17:22:01.925518+00:00,7.633388,1774632121925518400,0.641798,0.369521,-0.275573,0.576307,-0.264831,-0.74104,-0.221308,0.774737,-0.136147,0.03889,0.440819,-0.081945,-0.772255,-0.4503,0.621271,-0.188899,-0.648412,0.495248,-0.746639,-0.056556,0.440732
2026-03-27T17:22:01.942586+00:00,7.650455,1774632121942585800,0.641422,0.369775,-0.274504,0.578306,-0.263878,-0.739474,-0.220348,0.777874,-0.136078,0.039971,0.441468,-0.083249,-0.768917,-0.454477,0.621246,-0.188939,-0.648197,0.496334,-0.746204,-0.057412,0.440451
2026-03-27T17:22:01.959665+00:00,7.667535,1774632121959665200,0.641308,0.369954,-0.273577,0.580253,-0.263196,-0.738597,-0.2197,0.78122,-0.135911,0.041049,0.440578,-0.084109,-0.766677,-0.458525,0.621192,-0.189003,-0.647997,0.497308,-0.745986,-0.058537,0.440125
2026-03-27T17:22:01.976686+00:00,7.684556,1774632121976686100,0.641015,0.370229,-0.272667,0.581716,-0.262725,-0.738424,-0.218824,0.783191,-0.13533,0.042971,0.438001,-0.085885,-0.764478,-0.464252,0.621179,-0.188981,-0.64773,0.497696,-0.745664,-0.060025,0.440281
2026-03-27T17:22:01.993743+00:00,7.701613,1774632121993743200,0.640833,0.370444,-0.271793,0.583502,-0.262106,-0.737166,-0.218154,0.785314,-0.134225,0.045059,0.436127,-0.090498,-0.75864,-0.475614,0.621046,-0.189033,-0.647589,0.498465,-0.744021,-0.061339,0.439781
2026-03-27T17:22:02.010536+00:00,7.718406,1774632122010536200,0.640749,0.370544,-0.271037,0.585045,-0.26184,-0.736178,-0.217854,0.788385,-0.132835,0.046624,0.434405,-0.095993,-0.750349,-0.489818,0.620917,-0.189057,-0.647511,0.497986,-0.744973,-0.062357,0.440595
2026-03-27T17:22:02.027736+00:00,7.735606,1774632122027736200,0.640675,0.370619,-0.270228,0.586052,-0.261378,-0.735732,-0.21772,0.790116,-0.130941,0.048872,0.433808,-0.098602,-0.741771,-0.500088,0.620821,-0.189059,-0.647397,0.498658,-0.743908,-0.062703,0.440222
2026-03-27T17:22:02.044551+00:00,7.752421,1774632122044551400,0.640604,0.370672,-0.269554,0.587416,-0.261191,-0.734925,-0.217906,0.791997,-0.128571,0.050156,0.433057,-0.098564,-0.736783,-0.508176,0.620783,-0.189025,-0.647367,0.498293,-0.74436,-0.063036,0.44072
2026-03-27T17:22:02.061621+00:00,7.769491,1774632122061621500,0.640538,0.37075,-0.26879,0.588846,-0.260271,-0.733393,-0.218101,0.792573,-0.125598,0.051965,0.432452,-0.096997,-0.732726,-0.51496,0.6208,-0.188986,-0.647362,0.498382,-0.744445,-0.06296,0.440539
2026-03-27T17:22:02.078598+00:00,7.786467,1774632122078597900,0.640533,0.37078,-0.268198,0.589603,-0.259869,-0.733215,-0.218603,0.79355,-0.121635,0.053389,0.431484,-0.09496,-0.728187,-0.523214,0.620836,-0.188935,-0.647381,0.498662,-0.744177,-0.062829,0.439955
2026-03-27T17:22:02.095928+00:00,7.803798,1774632122095928300,0.640631,0.370785,-0.267656,0.590758,-0.259148,-0.732208,-0.218801,0.793945,-0.11674,0.05566,0.430817,-0.091554,-0.720807,-0.534096,0.620834,-0.188892,-0.647408,0.49887,-0.744246,-0.062797,0.439678
2026-03-27T17:22:02.112815+00:00,7.820684,1774632122112814600,0.640658,0.370896,-0.26707,0.591601,-0.258222,-0.731321,-0.218841,0.793865,-0.110827,0.058108,0.428856,-0.085391,-0.713254,-0.549221,0.620851,-0.188821,-0.647388,0.499316,-0.743945,-0.062835,0.439039
2026-03-27T17:22:02.129774+00:00,7.837643,1774632122129773900,0.64078,0.370953,-0.266699,0.59191,-0.257769,-0.732182,-0.218951,0.793513,-0.104294,0.061736,0.427079,-0.076525,-0.699043,-0.567698,0.620858,-0.188809,-0.647371,0.499189,-0.743927,-0.063167,0.439246
2026-03-27T17:22:02.146660+00:00,7.85453,1774632122146660300,0.640874,0.371113,-0.26621,0.592782,-0.257235,-0.731201,-0.218401,0.793274,-0.096779,0.065763,0.423785,-0.065885,-0.682015,-0.592731,0.620848,-0.188818,-0.647376,0.498974,-0.743669,-0.063439,0.439156
2026-03-27T17:22:02.163795+00:00,7.871664,1774632122163794600,0.64096,0.371283,-0.265848,0.593379,-0.256994,-0.730762,-0.21777,0.792334,-0.089115,0.071057,0.420057,-0.05254,-0.660813,-0.619307,0.620904,-0.188772,-0.647283,0.497995,-0.744897,-0.063805,0.439936
2026-03-27T17:22:02.180866+00:00,7.888735,1774632122180865900,0.64122,0.3714,-0.265663,0.594206,-0.25708,-0.730491,-0.217313,0.791582,-0.081172,0.076977,0.414453,-0.037366,-0.636973,-0.647806,0.620879,-0.188802,-0.647289,0.49747,-0.744851,-0.064027,0.440488
2026-03-27T17:22:02.197940+00:00,7.90581,1774632122197940300,0.641513,0.371498,-0.265447,0.594334,-0.257483,-0.730943,-0.216825,0.790804,-0.073474,0.083442,0.406797,-0.02141,-0.610382,-0.678845,0.620744,-0.188933,-0.647291,0.496655,-0.744775,-0.064066,0.441272
2026-03-27T17:22:02.215044+00:00,7.922914,1774632122215044700,0.641703,0.371572,-0.265288,0.594949,-0.257704,-0.730312,-0.216524,0.790103,-0.065789,0.090157,0.400799,-0.004388,-0.580614,-0.707878,0.620499,-0.1892,-0.64734,0.495827,-0.744321,-0.064028,0.441876
2026-03-27T17:22:02.232015+00:00,7.939884,1774632122232014800,0.64192,0.371589,-0.265093,0.595493,-0.257755,-0.72914,-0.216222,0.789187,-0.059502,0.097716,0.395593,0.011525,-0.549506,-0.735419,0.620264,-0.189518,-0.647339,0.494053,-0.745411,-0.064026,0.443325
2026-03-27T17:22:02.249267+00:00,7.957137,1774632122249267400,0.64198,0.371544,-0.264919,0.595162,-0.258421,-0.729493,-0.216655,0.788681,-0.053611,0.105307,0.389688,0.027242,-0.518839,-0.760386,0.619965,-0.189865,-0.647418,0.493071,-0.744905,-0.064005,0.444076
2026-03-27T17:22:02.266531+00:00,7.974401,1774632122266531700,0.642059,0.371477,-0.26471,0.595243,-0.258866,-0.72883,-0.217311,0.788533,-0.048886,0.112825,0.382374,0.042495,-0.49117,-0.780544,0.619714,-0.19019,-0.647429,0.491232,-0.745973,-0.064182,0.445615
2026-03-27T17:22:02.283381+00:00,7.991251,1774632122283381100,0.642021,0.371283,-0.264448,0.594642,-0.259338,-0.728878,-0.21819,0.788824,-0.045011,0.120246,0.374451,0.056068,-0.466624,-0.798096,0.619422,-0.190519,-0.64752,0.490267,-0.745499,-0.064436,0.446348
2026-03-27T17:22:02.300497+00:00,8.008366,1774632122300496600,0.64201,0.370976,-0.26424,0.593443,-0.259836,-0.730159,-0.219454,0.789468,-0.042859,0.127759,0.363119,0.069021,-0.447853,-0.815569,0.619149,-0.190838,-0.647611,0.489217,-0.745553,-0.064776,0.447259
2026-03-27T17:22:02.317251+00:00,8.025121,1774632122317251300,0.641853,0.37081,-0.263807,0.59289,-0.259863,-0.729614,-0.220197,0.790921,-0.041814,0.135155,0.35065,0.079967,-0.430526,-0.826068,0.6189,-0.191147,-0.647644,0.487831,-0.746747,-0.065238,0.44837
2026-03-27T17:22:02.334245+00:00,8.042115,1774632122334245300,0.641739,0.370545,-0.263534,0.591141,-0.260203,-0.73086,-0.220951,0.792969,-0.042338,0.142551,0.332972,0.08997,-0.41657,-0.840751,0.61867,-0.191403,-0.647736,0.487109,-0.74636,-0.065382,0.448851
2026-03-27T17:22:02.351334+00:00,8.059204,1774632122351334100,0.641297,0.370348,-0.263123,0.589587,-0.26099,-0.732085,-0.221885,0.795546,-0.044536,0.150088,0.313057,0.100684,-0.407686,-0.850457,0.618576,-0.191555,-0.647755,0.486788,-0.745663,-0.065123,0.449214
2026-03-27T17:22:02.368295+00:00,8.076164,1774632122368294900,0.640838,0.370148,-0.26277,0.588574,-0.260866,-0.731531,-0.22236,0.798201,-0.047586,0.15785,0.291177,0.114494,-0.40616,-0.859355,0.618477,-0.19171,-0.647761,0.4856,-0.746856,-0.065109,0.450126
2026-03-27T17:22:02.385314+00:00,8.093184,1774632122385314100,0.64047,0.369903,-0.262477,0.586667,-0.261787,-0.732967,-0.223124,0.800379,-0.051261,0.165748,0.270929,0.131571,-0.411396,-0.858052,0.618369,-0.191841,-0.647808,0.485191,-0.746761,-0.06498,0.45056
2026-03-27T17:22:02.402597+00:00,8.110466,1774632122402596800,0.639987,0.369671,-0.262165,0.584807,-0.262211,-0.733732,-0.22381,0.801872,-0.054838,0.173714,0.24795,0.154599,-0.431427,-0.856363,0.618305,-0.191936,-0.647805,0.484785,-0.746672,-0.064999,0.45102
2026-03-27T17:22:02.419539+00:00,8.127409,1774632122419539200,0.639649,0.36945,-0.261946,0.583085,-0.26283,-0.734968,-0.22436,0.802443,-0.058069,0.181363,0.224936,0.176814,-0.456016,-0.843694,0.618214,-0.192032,-0.647823,0.484567,-0.746632,-0.064914,0.451243
2026-03-27T17:22:02.436887+00:00,8.144756,1774632122436886800,0.639322,0.369236,-0.261813,0.581487,-0.263392,-0.736152,-0.224852,0.801899,-0.061308,0.188541,0.19844,0.19674,-0.483809,-0.831376,0.618155,-0.192111,-0.647815,0.484087,-0.746587,-0.064887,0.451717
2026-03-27T17:22:02.453439+00:00,8.161309,1774632122453439500,0.639074,0.369125,-0.261702,0.579985,-0.263916,-0.737237,-0.225012,0.800948,-0.06436,0.194715,0.172629,0.210514,-0.505236,-0.813157,0.618086,-0.192188,-0.64781,0.483872,-0.74654,-0.064699,0.451937
2026-03-27T17:22:02.470494+00:00,8.178363,1774632122470494000,0.638922,0.369085,-0.261683,0.579349,-0.264261,-0.737434,-0.224433,0.799128,-0.067234,0.200299,0.145208,0.224593,-0.533131,-0.81448,0.618037,-0.192237,-0.647794,0.483699,-0.746524,-0.064542,0.452058
2026-03-27T17:22:02.487485+00:00,8.195355,1774632122487485400,0.638878,0.369122,-0.261695,0.578988,-0.26442,-0.737914,-0.223638,0.797253,-0.070017,0.204372,0.128826,0.230141,-0.542792,-0.798233,0.618015,-0.192247,-0.647791,0.483588,-0.746456,-0.06431,0.452179
2026-03-27T17:22:02.507839+00:00,8.215709,1774632122507839100,0.63884,0.369079,-0.261765,0.578648,-0.264621,-0.739311,-0.222681,0.79406,-0.072557,0.208005,0.118927,0.238171,-0.557968,-0.795119,0.61803,-0.192234,-0.647793,0.483601,-0.746709,-0.064079,0.452439
2026-03-27T17:22:02.521165+00:00,8.229035,1774632122521165300,0.638855,0.36922,-0.261982,0.578974,-0.264231,-0.738813,-0.221919,0.791623,-0.073813,0.20905,0.11998,0.23806,-0.556834,-0.778533,0.618012,-0.192225,-0.647796,0.483894,-0.746324,-0.063908,0.451901
2026-03-27T17:22:02.537960+00:00,8.24583,1774632122537960300,0.63911,0.369394,-0.262247,0.579291,-0.264276,-0.738989,-0.221048,0.788249,-0.07477,0.209332,0.120786,0.24488,-0.576818,-0.789182,0.618021,-0.192228,-0.647787,0.48397,-0.746644,-0.063811,0.452103
2026-03-27T17:22:02.555169+00:00,8.263038,1774632122555168600,0.639683,0.369598,-0.262665,0.579784,-0.264004,-0.739011,-0.220032,0.784607,-0.075499,0.2077,0.130489,0.239185,-0.573257,-0.76992,0.618005,-0.19221,-0.647782,0.484216,-0.746286,-0.063721,0.451618
2026-03-27T17:22:02.571927+00:00,8.279796,1774632122571927000,0.640316,0.369811,-0.263049,0.580377,-0.263897,-0.73861,-0.2185,0.781128,-0.075946,0.205052,0.140033,0.236811,-0.583734,-0.772945,0.617993,-0.192204,-0.647773,0.484104,-0.746682,-0.063637,0.451893
2026-03-27T17:22:02.588965+00:00,8.296834,1774632122588964900,0.641019,0.369952,-0.263454,0.580753,-0.264576,-0.739361,-0.217418,0.777389,-0.076446,0.201005,0.153751,0.227716,-0.583145,-0.76309,0.617972,-0.192178,-0.647748,0.484043,-0.746591,-0.063246,0.452051
2026-03-27T17:22:02.606043+00:00,8.313912,1774632122606043000,0.64179,0.36998,-0.263786,0.581458,-0.265203,-0.737869,-0.215936,0.774232,-0.076567,0.196399,0.166326,0.219273,-0.589389,-0.762717,0.61796,-0.192172,-0.647705,0.483739,-0.746496,-0.062837,0.452395
2026-03-27T17:22:02.625183+00:00,8.333052,1774632122625183000,0.642636,0.369876,-0.264065,0.581849,-0.266432,-0.737308,-0.215268,0.770136,-0.077258,0.190042,0.183698,0.206147,-0.591963,-0.755276,0.617944,-0.192179,-0.647676,0.483426,-0.74639,-0.062399,0.452741
2026-03-27T17:22:02.641871+00:00,8.349741,1774632122641871400,0.643446,0.369758,-0.264236,0.581408,-0.267283,-0.737685,-0.215403,0.767411,-0.07757,0.184038,0.199316,0.195046,-0.599691,-0.754359,0.617951,-0.192185,-0.647615,0.483042,-0.746603,-0.062176,0.453424
2026-03-27T17:22:02.659080+00:00,8.36695,1774632122659080200,0.644084,0.369525,-0.264257,0.580582,-0.26844,-0.737937,-0.215882,0.763787,-0.078437,0.177141,0.218497,0.181003,-0.604348,-0.746733,0.617938,-0.192161,-0.647536,0.482637,-0.74692,-0.062136,0.453885
2026-03-27T17:22:02.675887+00:00,8.383756,1774632122675887000,0.644695,0.369145,-0.264253,0.580042,-0.269224,-0.737974,-0.216409,0.761255,-0.07892,0.170107,0.238116,0.165174,-0.607259,-0.733572,0.617869,-0.192192,-0.647499,0.482419,-0.746873,-0.062049,0.454114
2026-03-27T17:22:02.692970+00:00,8.400839,1774632122692969500,0.64536,0.36869,-0.264206,0.579343,-0.270107,-0.737556,-0.21681,0.75902,-0.079704,0.16249,0.253192,0.149714,-0.618558,-0.728207,0.61781,-0.192229,-0.647457,0.482223,-0.747212,-0.061958,0.454542
2026-03-27T17:22:02.709982+00:00,8.417851,1774632122709981900,0.645817,0.368178,-0.264049,0.578597,-0.271017,-0.737194,-0.21735,0.756088,-0.081442,0.154656,0.267078,0.131915,-0.625007,-0.717245,0.617758,-0.192244,-0.647412,0.482299,-0.74718,-0.061926,0.454489
2026-03-27T17:22:02.727199+00:00,8.435069,1774632122727199200,0.64643,0.367701,-0.263903,0.577303,-0.272162,-0.738651,-0.218415,0.754376,-0.082742,0.146643,0.27897,0.1131,-0.634984,-0.710454,0.617734,-0.192231,-0.647377,0.483125,-0.745498,-0.061854,0.453744
2026-03-27T17:22:02.744045+00:00,8.451914,1774632122744044800,0.646841,0.367252,-0.263689,0.576699,-0.272992,-0.738754,-0.219099,0.752468,-0.084705,0.138484,0.291354,0.09299,-0.644141,-0.701956,0.617732,-0.192251,-0.647333,0.483186,-0.746224,-0.062002,0.454199
2026-03-27T17:22:02.761067+00:00,8.468937,1774632122761067100,0.647275,0.366845,-0.263482,0.576719,-0.273514,-0.737567,-0.219571,0.751288,-0.086325,0.130137,0.30499,0.072991,-0.651051,-0.689504,0.617717,-0.192252,-0.64728,0.483428,-0.746253,-0.062091,0.45396
2026-03-27T17:22:02.779111+00:00,8.486981,1774632122779111100,0.6476,0.366412,-0.2632,0.576065,-0.274338,-0.737742,-0.220402,0.749956,-0.088663,0.121319,0.316773,0.054224,-0.661958,-0.678907,0.617713,-0.192245,-0.647216,0.484211,-0.745007,-0.06216,0.453431
2026-03-27T17:22:02.795759+00:00,8.503629,1774632122795759200,0.64795,0.366039,-0.262926,0.575496,-0.274725,-0.73751,-0.221093,0.748977,-0.090592,0.112962,0.326722,0.03809,-0.669837,-0.66675,0.617692,-0.192253,-0.647138,0.484246,-0.745489,-0.062241,0.453547
2026-03-27T17:22:02.812697+00:00,8.520567,1774632122812697400,0.648159,0.365629,-0.262535,0.574923,-0.275337,-0.737877,-0.222199,0.748215,-0.093167,0.104849,0.335593,0.022423,-0.676088,-0.656141,0.617686,-0.192212,-0.647076,0.484308,-0.745443,-0.062234,0.453558
2026-03-27T17:22:02.829720+00:00,8.53759,1774632122829720600,0.648371,0.365245,-0.262172,0.574254,-0.275849,-0.738052,-0.223358,0.747738,-0.095443,0.097023,0.343913,0.00628,-0.680409,-0.647172,0.617683,-0.19219,-0.647026,0.484291,-0.745811,-0.062212,0.453825
2026-03-27T17:22:02.846851+00:00,8.55472,1774632122846850600,0.648521,0.364914,-0.26173,0.573774,-0.275828,-0.737996,-0.224482,0.74729,-0.098246,0.089532,0.351458,-0.009189,-0.685678,-0.637982,0.61768,-0.192163,-0.646946,0.484352,-0.74576,-0.06216,0.45385
2026-03-27T17:22:02.863972+00:00,8.571841,1774632122863971800,0.648606,0.364616,-0.261306,0.573381,-0.276125,-0.737819,-0.225325,0.747781,-0.100416,0.082597,0.358165,-0.021456,-0.692621,-0.626345,0.617694,-0.192168,-0.646854,0.484939,-0.745004,-0.062217,0.453544
2026-03-27T17:22:02.880816+00:00,8.588685,1774632122880816000,0.648695,0.364368,-0.260869,0.572438,-0.276122,-0.738219,-0.226113,0.747553,-0.103135,0.076019,0.364065,-0.032159,-0.699306,-0.61413,0.617696,-0.192138,-0.64681,0.484945,-0.745015,-0.062285,0.453537
2026-03-27T17:22:02.897837+00:00,8.605707,1774632122897837200,0.648744,0.364163,-0.260441,0.572168,-0.276049,-0.737938,-0.226773,0.748429,-0.105428,0.070364,0.368631,-0.041827,-0.704314,-0.604579,0.617695,-0.192124,-0.646795,0.48524,-0.745045,-0.062368,0.45323
2026-03-27T17:22:02.914883+00:00,8.622752,1774632122914882900,0.648782,0.363974,-0.260004,0.571308,-0.275974,-0.738856,-0.227681,0.748997,-0.108205,0.06536,0.371635,-0.050826,-0.709331,-0.598858,0.617707,-0.192114,-0.646788,0.485181,-0.745103,-0.062475,0.453224
2026-03-27T17:22:02.931919+00:00,8.639788,1774632122931918900,0.648794,0.363811,-0.259542,0.570374,-0.275925,-0.739242,-0.228308,0.750337,-0.110454,0.060945,0.374207,-0.05823,-0.712543,-0.590898,0.617712,-0.192102,-0.646806,0.485355,-0.744823,-0.062397,0.45273
2026-03-27T17:22:02.949038+00:00,8.656908,1774632122949038100,0.648746,0.363707,-0.259119,0.569987,-0.275337,-0.73885,-0.228867,0.751264,-0.113026,0.057284,0.375486,-0.063902,-0.716761,-0.582243,0.61774,-0.192096,-0.646824,0.484723,-0.746219,-0.062379,0.452916
2026-03-27T17:22:02.966117+00:00,8.673987,1774632122966117500,0.648726,0.363588,-0.258762,0.569248,-0.275213,-0.739671,-0.229615,0.752796,-0.114992,0.054074,0.374637,-0.068821,-0.723869,-0.575316,0.61778,-0.192061,-0.646857,0.484975,-0.745524,-0.062148,0.452135
2026-03-27T17:22:02.983097+00:00,8.690967,1774632122983097300,0.648611,0.363477,-0.258481,0.56906,-0.275354,-0.739941,-0.230312,0.754046,-0.117225,0.051636,0.374123,-0.073467,-0.727314,-0.568164,0.617878,-0.19203,-0.646911,0.484469,-0.746824,-0.061897,0.452297
2026-03-27T17:22:03.001120+00:00,8.70899,1774632123001120300,0.648471,0.363414,-0.258228,0.569178,-0.274679,-0.739302,-0.230673,0.755662,-0.119139,0.049559,0.372412,-0.078166,-0.72976,-0.565105,0.617986,-0.191968,-0.647043,0.48506,-0.746091,-0.06152,0.451226
2026-03-27T17:22:03.019603+00:00,8.727473,1774632123019603100,0.64832,0.363375,-0.258052,0.569194,-0.274385,-0.739322,-0.231078,0.757198,-0.121359,0.048024,0.368769,-0.082758,-0.732528,-0.566519,0.618151,-0.191906,-0.647154,0.485175,-0.746488,-0.061406,0.450556
2026-03-27T17:22:03.036790+00:00,8.74466,1774632123036790100,0.648183,0.363352,-0.257948,0.569243,-0.27401,-0.739849,-0.231685,0.7587,-0.123149,0.046912,0.366214,-0.086473,-0.732021,-0.566534,0.618306,-0.191819,-0.647281,0.48528,-0.747009,-0.061559,0.449868
2026-03-27T17:22:03.053759+00:00,8.761628,1774632123053758600,0.648021,0.363368,-0.257874,0.569392,-0.27342,-0.739668,-0.231901,0.759965,-0.125268,0.046067,0.362137,-0.091289,-0.73383,-0.568321,0.618423,-0.19175,-0.647422,0.485175,-0.748047,-0.061937,0.449424
2026-03-27T17:22:03.070838+00:00,8.778707,1774632123070837900,0.647859,0.363376,-0.257889,0.569554,-0.273064,-0.740114,-0.232306,0.761201,-0.127284,0.04522,0.358591,-0.097406,-0.735159,-0.567353,0.618525,-0.191711,-0.647552,0.485504,-0.747424,-0.062272,0.448637
2026-03-27T17:22:03.087844+00:00,8.795714,1774632123087844400,0.647659,0.363401,-0.257927,0.570294,-0.272701,-0.739329,-0.232331,0.762232,-0.129476,0.04456,0.354702,-0.104126,-0.739317,-0.564404,0.618547,-0.191729,-0.647686,0.485031,-0.748448,-0.062629,0.448599
2026-03-27T17:22:03.104872+00:00,8.812741,1774632123104871600,0.647497,0.363404,-0.25803,0.570457,-0.272642,-0.739784,-0.232445,0.763046,-0.131506,0.043722,0.352228,-0.110111,-0.742232,-0.557525,0.618531,-0.191738,-0.647791,0.48482,-0.747753,-0.06266,0.448334
2026-03-27T17:22:03.122039+00:00,8.829908,1774632123122038500,0.647321,0.363433,-0.258341,0.571377,-0.272243,-0.738783,-0.232002,0.763079,-0.131268,0.043591,0.357534,-0.107306,-0.741873,-0.557382,0.618433,-0.191758,-0.647906,0.483074,-0.748662,-0.06348,0.449455
2026-03-27T17:22:03.139093+00:00,8.846963,1774632123139093400,0.647129,0.363459,-0.258743,0.57217,-0.27213,-0.737901,-0.23151,0.763315,-0.130869,0.043635,0.358014,-0.105573,-0.742481,-0.556863,0.618457,-0.191905,-0.647965,0.482899,-0.748169,-0.062753,0.449508
2026-03-27T17:22:03.156145+00:00,8.864014,1774632123156144800,0.646932,0.363493,-0.259256,0.572892,-0.272572,-0.737768,-0.231227,0.76429,-0.130743,0.044058,0.354516,-0.105283,-0.744174,-0.556107,0.618421,-0.192102,-0.647981,0.482134,-0.749216,-0.062146,0.450265
2026-03-27T17:22:03.173168+00:00,8.881037,1774632123173167600,0.646695,0.363548,-0.259743,0.573754,-0.272452,-0.736815,-0.230562,0.765368,-0.130817,0.044793,0.348633,-0.105731,-0.746339,-0.557647,0.61831,-0.192227,-0.647997,0.481516,-0.749457,-0.062359,0.451204
2026-03-27T17:22:03.190289+00:00,8.898159,1774632123190289400,0.646431,0.363592,-0.260315,0.574065,-0.27303,-0.737018,-0.230407,0.766654,-0.130838,0.046113,0.343093,-0.108066,-0.74438,-0.564123,0.618242,-0.192333,-0.647982,0.481548,-0.749445,-0.062446,0.45112
2026-03-27T17:22:03.207239+00:00,8.915109,1774632123207239200,0.64611,0.36363,-0.260835,0.57438,-0.273161,-0.736748,-0.230082,0.767685,-0.13077,0.047599,0.339895,-0.108555,-0.740931,-0.570124,0.618153,-0.192373,-0.647982,0.48194,-0.748123,-0.063015,0.451026
2026-03-27T17:22:03.224983+00:00,8.932852,1774632123224982900,0.645709,0.363693,-0.261504,0.575198,-0.273547,-0.735784,-0.229554,0.768227,-0.130283,0.049021,0.339759,-0.105048,-0.73694,-0.57413,0.618134,-0.19238,-0.64803,0.482403,-0.747961,-0.063204,0.450234
2026-03-27T17:22:03.242560+00:00,8.95043,1774632123242560100,0.64529,0.363763,-0.262245,0.57526,-0.274012,-0.736298,-0.229274,0.768527,-0.128863,0.050595,0.338397,-0.103137,-0.733327,-0.579791,0.618121,-0.19239,-0.648067,0.482212,-0.748412,-0.063511,0.450621
2026-03-27T17:22:03.258880+00:00,8.96675,1774632123258880200,0.644889,0.363897,-0.262831,0.576054,-0.274138,-0.735395,-0.228451,0.769058,-0.126872,0.052498,0.336964,-0.10099,-0.729393,-0.587839,0.618127,-0.192417,-0.648043,0.481712,-0.749769,-0.063374,0.450824
2026-03-27T17:22:03.275835+00:00,8.983705,1774632123275835200,0.644536,0.364138,-0.263569,0.576602,-0.274339,-0.735629,-0.227569,0.769198,-0.124191,0.054485,0.336669,-0.096642,-0.720728,-0.597167,0.618112,-0.19241,-0.648085,0.481866,-0.74948,-0.063265,0.450291
2026-03-27T17:22:03.292869+00:00,9.000739,1774632123292869300,0.64418,0.364477,-0.264267,0.577701,-0.274078,-0.734465,-0.226218,0.769563,-0.120374,0.057125,0.335879,-0.089747,-0.712441,-0.610776,0.618085,-0.192401,-0.648111,0.481758,-0.749106,-0.063283,0.450163
2026-03-27T17:22:03.309958+00:00,9.017828,1774632123309958500,0.643893,0.364812,-0.265,0.578297,-0.274298,-0.735052,-0.225054,0.76971,-0.11573,0.059703,0.335898,-0.078502,-0.701511,-0.622491,0.618073,-0.192421,-0.648142,0.481793,-0.748692,-0.063147,0.449941
2026-03-27T17:22:03.326931+00:00,9.0348,1774632123326930900,0.643636,0.365257,-0.26584,0.579588,-0.27422,-0.734291,-0.22346,0.769689,-0.109655,0.062955,0.3351,-0.06442,-0.692141,-0.637426,0.618033,-0.192454,-0.648192,0.481687,-0.748303,-0.06326,0.449848
2026-03-27T17:22:03.343934+00:00,9.051804,1774632123343934100,0.643425,0.365661,-0.266605,0.580992,-0.27408,-0.733397,-0.221616,0.769017,-0.102805,0.066285,0.335997,-0.046357,-0.678364,-0.65004,0.618019,-0.19254,-0.64823,0.480543,-0.750017,-0.063358,0.450871
2026-03-27T17:22:03.360987+00:00,9.068856,1774632123360986700,0.643255,0.366107,-0.2675,0.582345,-0.274039,-0.73254,-0.219928,0.768569,-0.094619,0.070495,0.336698,-0.025429,-0.666183,-0.665781,0.617986,-0.192648,-0.648263,0.480169,-0.749589,-0.063219,0.451079
2026-03-27T17:22:03.378273+00:00,9.086143,1774632123378273200,0.643144,0.366473,-0.268314,0.583676,-0.274479,-0.732338,-0.218155,0.767549,-0.085892,0.07491,0.338443,-0.001308,-0.651674,-0.682462,0.617908,-0.192793,-0.648288,0.479548,-0.749566,-0.063007,0.451671
2026-03-27T17:22:03.395203+00:00,9.103072,1774632123395202500,0.643013,0.366891,-0.269222,0.585159,-0.274654,-0.731625,-0.216705,0.766417,-0.076746,0.079844,0.342068,0.025008,-0.63314,-0.69587,0.617817,-0.192946,-0.648267,0.47856,-0.750516,-0.062666,0.452581
2026-03-27T17:22:03.412272+00:00,9.120142,1774632123412272500,0.642902,0.367277,-0.269998,0.58695,-0.274569,-0.730338,-0.215264,0.765692,-0.06686,0.08586,0.344833,0.053255,-0.614743,-0.709193,0.617703,-0.193071,-0.64827,0.478112,-0.750431,-0.062418,0.453036
2026-03-27T17:22:03.429402+00:00,9.137272,1774632123429402200,0.642814,0.367521,-0.270598,0.587852,-0.2749,-0.730008,-0.214384,0.764773,-0.05731,0.092156,0.347276,0.081495,-0.594085,-0.720181,0.617617,-0.193161,-0.648263,0.477706,-0.75032,-0.062236,0.453484
2026-03-27T17:22:03.446381+00:00,9.15425,1774632123446380500,0.64266,0.367749,-0.271199,0.588625,-0.275278,-0.729806,-0.213825,0.764534,-0.047497,0.099136,0.348601,0.108465,-0.575986,-0.728735,0.617546,-0.193232,-0.648264,0.478304,-0.748947,-0.062128,0.453194
2026-03-27T17:22:03.463503+00:00,9.171372,1774632123463502600,0.642465,0.367892,-0.271566,0.589341,-0.275182,-0.729041,-0.21352,0.764326,-0.038207,0.106331,0.348187,0.134023,-0.563176,-0.738059,0.617492,-0.193268,-0.648254,0.478144,-0.748924,-0.06222,0.453371
2026-03-27T17:22:03.480476+00:00,9.188346,1774632123480476200,0.642199,0.367991,-0.271866,0.589302,-0.275168,-0.729069,-0.213554,0.764645,-0.028993,0.113946,0.349369,0.157252,-0.551022,-0.74078,0.617459,-0.193309,-0.648255,0.477903,-0.749695,-0.062521,0.454074
2026-03-27T17:22:03.497416+00:00,9.205285,1774632123497415500,0.641887,0.368044,-0.27201,0.589117,-0.275208,-0.729269,-0.214018,0.765144,-0.020157,0.121853,0.350696,0.178146,-0.542737,-0.741407,0.617415,-0.193332,-0.648245,0.477888,-0.749751,-0.062689,0.454059
2026-03-27T17:22:03.514522+00:00,9.222391,1774632123514521700,0.641499,0.368098,-0.272087,0.588965,-0.274736,-0.728809,-0.214407,0.765862,-0.012443,0.129811,0.35247,0.196086,-0.536496,-0.739346,0.617374,-0.193354,-0.648221,0.477827,-0.749783,-0.062777,0.454115
2026-03-27T17:22:03.531514+00:00,9.239384,1774632123531514400,0.641111,0.368113,-0.272101,0.588188,-0.274575,-0.729601,-0.214985,0.767687,-0.005194,0.138014,0.35298,0.211793,-0.534986,-0.737943,0.617344,-0.193382,-0.648225,0.478266,-0.748478,-0.062854,0.453927
2026-03-27T17:22:03.548702+00:00,9.256571,1774632123548701700,0.64066,0.36811,-0.272084,0.587442,-0.27443,-0.730345,-0.215399,0.769693,0.000702,0.146134,0.352889,0.225101,-0.535161,-0.733818,0.61731,-0.193452,-0.648241,0.477354,-0.750301,-0.063086,0.454628
2026-03-27T17:22:03.565682+00:00,9.273551,1774632123565681600,0.640189,0.368085,-0.272039,0.586437,-0.274703,-0.730757,-0.215762,0.772653,0.005693,0.154361,0.351163,0.235145,-0.536212,-0.729667,0.617274,-0.193532,-0.648277,0.477069,-0.750076,-0.063067,0.454462
2026-03-27T17:22:03.582654+00:00,9.290524,1774632123582654200,0.639693,0.368163,-0.272073,0.585048,-0.275115,-0.731604,-0.216145,0.776039,0.008921,0.162141,0.346201,0.242465,-0.541341,-0.728959,0.617242,-0.193621,-0.648218,0.476239,-0.750178,-0.062973,0.454417
2026-03-27T17:22:03.599633+00:00,9.307502,1774632123599632600,0.639175,0.368072,-0.271967,0.583964,-0.275625,-0.731641,-0.216365,0.780085,0.011022,0.169778,0.342785,0.245653,-0.543537,-0.724824,0.617218,-0.193782,-0.648283,0.475242,-0.751488,-0.063071,0.455129
2026-03-27T17:22:03.616847+00:00,9.324717,1774632123616847200,0.638667,0.367849,-0.271864,0.582389,-0.276451,-0.73292,-0.216952,0.785028,0.012064,0.177508,0.337642,0.246407,-0.547391,-0.724072,0.617183,-0.193906,-0.64842,0.475262,-0.750361,-0.063107,0.454367
2026-03-27T17:22:03.633909+00:00,9.341779,1774632123633909400,0.63814,0.367621,-0.271762,0.5812,-0.277253,-0.733619,-0.217399,0.790081,0.012033,0.184448,0.330658,0.2449,-0.553096,-0.725986,0.617157,-0.194005,-0.648568,0.474742,-0.750974,-0.063269,0.45411
2026-03-27T17:22:03.650980+00:00,9.358849,1774632123650979500,0.637659,0.367426,-0.271655,0.579529,-0.277802,-0.734826,-0.217821,0.795486,0.011085,0.191253,0.323122,0.241353,-0.557502,-0.725515,0.617159,-0.194063,-0.648724,0.474233,-0.751981,-0.063385,0.454079
2026-03-27T17:22:03.667974+00:00,9.375844,1774632123667974400,0.637175,0.367298,-0.271563,0.578688,-0.277989,-0.735156,-0.217926,0.800649,0.008953,0.197207,0.314619,0.238258,-0.564062,-0.727177,0.617166,-0.194082,-0.648888,0.474519,-0.751257,-0.063337,0.453296
2026-03-27T17:22:03.685221+00:00,9.39309,1774632123685220600,0.636742,0.367231,-0.271475,0.57788,-0.27843,-0.735463,-0.217581,0.805866,0.006192,0.202874,0.307397,0.234626,-0.567753,-0.725215,0.617173,-0.194094,-0.649022,0.474055,-0.752586,-0.063351,0.453523
2026-03-27T17:22:03.702257+00:00,9.410127,1774632123702257200,0.636374,0.367211,-0.271432,0.57745,-0.278741,-0.735959,-0.216756,0.810777,0.002737,0.207694,0.299021,0.232043,-0.574549,-0.72791,0.617178,-0.194079,-0.64912,0.474608,-0.75179,-0.063204,0.452573
2026-03-27T17:22:03.719262+00:00,9.427132,1774632123719262400,0.636078,0.367178,-0.271394,0.576971,-0.279342,-0.73648,-0.215993,0.815414,-0.001339,0.211887,0.292406,0.227772,-0.576788,-0.7264,0.617285,-0.194052,-0.649168,0.474223,-0.75307,-0.063256,0.452765
2026-03-27T17:22:03.736290+00:00,9.444159,1774632123736289900,0.635811,0.367109,-0.271345,0.576333,-0.280262,-0.737156,-0.215356,0.819667,-0.006004,0.215423,0.283216,0.225017,-0.58354,-0.731227,0.617402,-0.194005,-0.649218,0.47489,-0.752667,-0.063173,0.451916
2026-03-27T17:22:03.753333+00:00,9.461202,1774632123753332800,0.635563,0.367044,-0.27132,0.576298,-0.280797,-0.73714,-0.215105,0.823363,-0.010643,0.218521,0.274918,0.222261,-0.586436,-0.727007,0.617576,-0.193901,-0.649268,0.475735,-0.752365,-0.063124,0.450782
2026-03-27T17:22:03.770469+00:00,9.478339,1774632123770469500,0.635344,0.367058,-0.271359,0.576551,-0.281245,-0.736516,-0.215177,0.826006,-0.015208,0.220872,0.261268,0.225774,-0.600618,-0.722043,0.61777,-0.193722,-0.649299,0.47574,-0.753636,-0.063018,0.450716
2026-03-27T17:22:03.787372+00:00,9.495241,1774632123787371900,0.635222,0.366929,-0.271382,0.576306,-0.281411,-0.736806,-0.215852,0.827319,-0.018785,0.22239,0.244502,0.231827,-0.617584,-0.708516,0.617949,-0.193523,-0.649344,0.476468,-0.753294,-0.062706,0.449705
2026-03-27T17:22:03.804406+00:00,9.512276,1774632123804406400,0.635119,0.366768,-0.271384,0.576697,-0.28123,-0.735802,-0.21635,0.827874,-0.022017,0.22361,0.224838,0.238906,-0.637237,-0.696683,0.618104,-0.193322,-0.649393,0.477422,-0.75221,-0.062286,0.448002
2026-03-27T17:22:03.821458+00:00,9.529327,1774632123821457800,0.635064,0.366563,-0.271398,0.57701,-0.281079,-0.734906,-0.217145,0.827767,-0.025052,0.224568,0.206083,0.24531,-0.654101,-0.687196,0.618264,-0.19315,-0.649453,0.477354,-0.75319,-0.061913,0.447484
2026-03-27T17:22:03.838498+00:00,9.546367,1774632123838497500,0.63505,0.36636,-0.271434,0.577453,-0.280855,-0.734474,-0.218092,0.826328,-0.027907,0.224914,0.193653,0.249363,-0.661349,-0.678168,0.618406,-0.193005,-0.649544,0.477684,-0.753333,-0.061482,0.446906
2026-03-27T17:22:03.855260+00:00,9.56313,1774632123855260100,0.635041,0.366153,-0.271494,0.577778,-0.280681,-0.734195,-0.219263,0.823969,-0.030802,0.224457,0.185776,0.255562,-0.668,-0.680829,0.618482,-0.192908,-0.6496,0.477796,-0.753336,-0.061196,0.446059
2026-03-27T17:22:03.872272+00:00,9.580141,1774632123872271700,0.635165,0.365943,-0.27157,0.578202,-0.280194,-0.733793,-0.220611,0.820622,-0.033856,0.22313,0.183919,0.261298,-0.663465,-0.679387,0.618533,-0.192849,-0.649677,0.477245,-0.755217,-0.061119,0.446271
2026-03-27T17:22:03.889254+00:00,9.597124,1774632123889254200,0.635387,0.36578,-0.271677,0.578689,-0.279696,-0.733329,-0.221777,0.816196,-0.03689,0.220857,0.184044,0.267863,-0.653441,-0.677992,0.618541,-0.19281,-0.649778,0.4776,-0.754105,-0.061194,0.445195
2026-03-27T17:22:03.906306+00:00,9.614176,1774632123906306100,0.635752,0.365632,-0.271921,0.578983,-0.279199,-0.733098,-0.222756,0.811378,-0.040097,0.217433,0.183933,0.275609,-0.643375,-0.681714,0.618511,-0.192844,-0.64988,0.477166,-0.755151,-0.061647,0.445042
2026-03-27T17:22:03.923390+00:00,9.631259,1774632123923389800,0.636164,0.36551,-0.272396,0.579762,-0.279031,-0.732971,-0.223429,0.806011,-0.043469,0.213181,0.182886,0.283074,-0.63527,-0.693631,0.618475,-0.192907,-0.649974,0.476467,-0.756161,-0.062306,0.445252
2026-03-27T17:22:03.940801+00:00,9.64867,1774632123940800800,0.636565,0.365409,-0.273005,0.581331,-0.278642,-0.730593,-0.223364,0.800275,-0.047145,0.20818,0.183263,0.28637,-0.62255,-0.706411,0.618536,-0.192871,-0.650107,0.475927,-0.756304,-0.062778,0.445278
2026-03-27T17:22:03.957530+00:00,9.665399,1774632123957530000,0.637043,0.365232,-0.273686,0.582301,-0.278881,-0.729634,-0.223721,0.794209,-0.051201,0.201934,0.184768,0.28621,-0.608812,-0.718217,0.618524,-0.192993,-0.650268,0.475834,-0.755637,-0.063013,0.444841
2026-03-27T17:22:03.974585+00:00,9.682454,1774632123974584700,0.637542,0.364998,-0.274473,0.583243,-0.279198,-0.728712,-0.224417,0.787988,-0.055559,0.195412,0.186435,0.283513,-0.594824,-0.729575,0.618516,-0.193132,-0.650416,0.475045,-0.756642,-0.063333,0.445132
2026-03-27T17:22:03.991645+00:00,9.699515,1774632123991645200,0.638003,0.36471,-0.275312,0.583963,-0.279867,-0.728052,-0.225464,0.781107,-0.06061,0.187665,0.18706,0.278405,-0.58047,-0.74169,0.618487,-0.193253,-0.65057,0.474783,-0.756406,-0.063506,0.444923
2026-03-27T17:22:04.008798+00:00,9.716668,1774632124008798300,0.638455,0.36438,-0.276192,0.585353,-0.279986,-0.726051,-0.226411,0.774591,-0.065972,0.179899,0.186147,0.272062,-0.564507,-0.752252,0.61848,-0.193346,-0.650667,0.474235,-0.756862,-0.063623,0.445001
2026-03-27T17:22:04.025643+00:00,9.733512,1774632124025642900,0.638851,0.363994,-0.277135,0.585947,-0.280745,-0.725521,-0.227733,0.767274,-0.072207,0.171177,0.180726,0.268975,-0.555053,-0.771332,0.61845,-0.193428,-0.650753,0.474496,-0.75611,-0.063785,0.444333
2026-03-27T17:22:04.042819+00:00,9.750688,1774632124042818500,0.639241,0.363588,-0.278087,0.586474,-0.281559,-0.724475,-0.228751,0.760645,-0.078853,0.162548,0.175357,0.262223,-0.536373,-0.779686,0.618435,-0.193522,-0.65078,0.473728,-0.757846,-0.064283,0.445141
2026-03-27T17:22:04.059873+00:00,9.767742,1774632124059872800,0.63947,0.363234,-0.279056,0.587587,-0.282195,-0.722867,-0.229483,0.753309,-0.086437,0.152995,0.164126,0.259946,-0.526189,-0.802191,0.618412,-0.193589,-0.650772,0.473462,-0.757846,-0.064517,0.445459
2026-03-27T17:22:04.076943+00:00,9.784812,1774632124076942800,0.63972,0.362931,-0.279984,0.588336,-0.28259,-0.721534,-0.229879,0.747268,-0.094203,0.143994,0.154627,0.253616,-0.505603,-0.81515,0.618365,-0.193664,-0.650759,0.474203,-0.756109,-0.064758,0.444874
2026-03-27T17:22:04.093954+00:00,9.801823,1774632124093953800,0.639844,0.362616,-0.28088,0.588365,-0.283281,-0.721533,-0.230711,0.740552,-0.102761,0.134357,0.145386,0.248572,-0.485451,-0.830725,0.618322,-0.193757,-0.650737,0.473712,-0.756813,-0.065178,0.445976
2026-03-27T17:22:04.111068+00:00,9.818937,1774632124111068000,0.639901,0.362312,-0.281693,0.588186,-0.28412,-0.721157,-0.231508,0.73512,-0.11119,0.12525,0.135597,0.244525,-0.466486,-0.844008,0.618251,-0.19383,-0.650753,0.473812,-0.756058,-0.065284,0.446122
2026-03-27T17:22:04.128059+00:00,9.835928,1774632124128059000,0.639912,0.36204,-0.282416,0.587924,-0.284775,-0.720847,-0.232026,0.729211,-0.11978,0.115614,0.126747,0.239188,-0.44718,-0.849488,0.618151,-0.193926,-0.650666,0.473483,-0.755952,-0.065348,0.44662
2026-03-27T17:22:04.145042+00:00,9.852912,1774632124145042100,0.6399,0.361841,-0.283073,0.58752,-0.285318,-0.720716,-0.232509,0.725056,-0.127748,0.106712,0.114505,0.23873,-0.439807,-0.872254,0.61806,-0.194,-0.650578,0.472941,-0.756336,-0.065216,0.447328
2026-03-27T17:22:04.162113+00:00,9.869983,1774632124162113300,0.639802,0.361662,-0.283678,0.587115,-0.285586,-0.720596,-0.233198,0.720512,-0.135858,0.097475,0.106185,0.23308,-0.423563,-0.873871,0.617993,-0.194087,-0.650511,0.472439,-0.756655,-0.064911,0.448039
2026-03-27T17:22:04.179207+00:00,9.887076,1774632124179207000,0.639517,0.361479,-0.284186,0.586126,-0.285617,-0.72109,-0.23418,0.717596,-0.143074,0.089082,0.09941,0.226394,-0.40724,-0.870999,0.61795,-0.194156,-0.650452,0.471934,-0.756626,-0.064524,0.44843
2026-03-27T17:22:04.196225+00:00,9.904094,1774632124196224900,0.639214,0.361303,-0.28471,0.585124,-0.285873,-0.722154,-0.23528,0.714575,-0.150148,0.080863,0.090255,0.228474,-0.409167,-0.900986,0.617942,-0.194228,-0.650408,0.47151,-0.756515,-0.064151,0.448841
2026-03-27T17:22:04.213296+00:00,9.921165,1774632124213295500,0.638797,0.361223,-0.285153,0.584841,-0.285262,-0.721252,-0.2359,0.713029,-0.15602,0.073731,0.08486,0.22539,-0.404285,-0.907025,0.617943,-0.1943,-0.650386,0.471313,-0.756126,-0.064104,0.448677
2026-03-27T17:22:04.230326+00:00,9.938196,1774632124230326400,0.638428,0.361173,-0.285642,0.583734,-0.284889,-0.722254,-0.236941,0.711225,-0.161544,0.066915,0.086427,0.212436,-0.380388,-0.857754,0.617941,-0.194374,-0.650397,0.471395,-0.755726,-0.064168,0.448328
2026-03-27T17:22:04.247384+00:00,9.955254,1774632124247384400,0.638043,0.361153,-0.286163,0.583014,-0.284408,-0.723022,-0.237782,0.710093,-0.165747,0.060879,0.081688,0.225442,-0.39808,-0.897643,0.617951,-0.194469,-0.650414,0.470583,-0.757195,-0.064765,0.448726
2026-03-27T17:22:04.264346+00:00,9.972216,1774632124264346400,0.637613,0.361176,-0.286626,0.582324,-0.283744,-0.723172,-0.238327,0.708649,-0.169929,0.05518,0.080799,0.230258,-0.397261,-0.895491,0.617939,-0.194572,-0.650449,0.470499,-0.756952,-0.065362,0.448453
2026-03-27T17:22:04.281426+00:00,9.989295,1774632124281425700,0.637242,0.361201,-0.287219,0.581692,-0.283643,-0.723892,-0.238751,0.707912,-0.173062,0.050302,0.076766,0.239197,-0.402381,-0.910323,0.617904,-0.194672,-0.650498,0.469868,-0.758105,-0.066016,0.448494
2026-03-27T17:22:04.298434+00:00,10.006303,1774632124298434000,0.636883,0.361194,-0.287822,0.581538,-0.283021,-0.724095,-0.23907,0.707067,-0.17657,0.04559,0.074581,0.240143,-0.39307,-0.900622,0.617876,-0.194768,-0.650635,0.470182,-0.757188,-0.066441,0.44731
2026-03-27T17:22:04.315569+00:00,10.023438,1774632124315568800,0.636556,0.361261,-0.288479,0.580758,-0.282527,-0.724859,-0.23948,0.706734,-0.17907,0.041595,0.073999,0.24225,-0.382144,-0.900716,0.617879,-0.194841,-0.650786,0.469459,-0.757977,-0.066773,0.447148
2026-03-27T17:22:04.332624+00:00,10.040493,1774632124332623700,0.636229,0.361324,-0.289152,0.580337,-0.282032,-0.725338,-0.240433,0.706143,-0.18134,0.03778,0.07482,0.244012,-0.370292,-0.898626,0.617855,-0.194785,-0.650854,0.469183,-0.758166,-0.067018,0.446723
2026-03-27T17:22:04.349594+00:00,10.057463,1774632124349593900,0.635921,0.361415,-0.289876,0.580018,-0.281361,-0.725607,-0.241173,0.705397,-0.182993,0.034213,0.075486,0.247371,-0.361894,-0.900975,0.617879,-0.19487,-0.651078,0.468732,-0.758609,-0.067305,0.446398
2026-03-27T17:22:04.366578+00:00,10.074448,1774632124366578300,0.635755,0.361548,-0.29071,0.580019,-0.28034,-0.725734,-0.241829,0.70419,-0.181669,0.031949,0.07675,0.255991,-0.364504,-0.913058,0.61797,-0.195013,-0.651471,0.468311,-0.759122,-0.067495,0.445846
2026-03-27T17:22:04.383646+00:00,10.091515,1774632124383645700,0.635632,0.361706,-0.291654,0.580943,-0.279293,-0.724671,-0.242096,0.702849,-0.179839,0.030034,0.082319,0.251823,-0.350698,-0.882838,0.618061,-0.195048,-0.651662,0.46755,-0.761066,-0.067781,0.44586
2026-03-27T17:22:04.400662+00:00,10.108532,1774632124400662600,0.635649,0.361828,-0.292787,0.581292,-0.278882,-0.725519,-0.242613,0.70143,-0.176581,0.028376,0.084702,0.264774,-0.35851,-0.911174,0.618168,-0.19504,-0.651882,0.468031,-0.759986,-0.067868,0.444625
2026-03-27T17:22:04.417749+00:00,10.125618,1774632124417749000,0.635634,0.361941,-0.293957,0.582741,-0.278235,-0.72394,-0.242613,0.700037,-0.172262,0.027283,0.092794,0.260466,-0.344899,-0.882274,0.6183,-0.195048,-0.652042,0.467951,-0.760677,-0.068106,0.443955
2026-03-27T17:22:04.434859+00:00,10.142729,1774632124434859200,0.635737,0.361982,-0.295228,0.583543,-0.277608,-0.723109,-0.243191,0.69858,-0.166638,0.026273,0.09676,0.266434,-0.347713,-0.890789,0.61844,-0.195046,-0.652254,0.467841,-0.761456,-0.068471,0.443181
2026-03-27T17:22:04.451525+00:00,10.159395,1774632124451525200,0.636017,0.362006,-0.296502,0.584751,-0.277271,-0.722476,-0.243842,0.697212,-0.160076,0.025309,0.099661,0.273969,-0.354113,-0.905616,0.618584,-0.19505,-0.652416,0.467687,-0.762169,-0.068915,0.44263
2026-03-27T17:22:04.468568+00:00,10.176437,1774632124468567800,0.63638,0.362019,-0.297757,0.585953,-0.276952,-0.721233,-0.244348,0.695906,-0.152504,0.024144,0.106855,0.272533,-0.351464,-0.894348,0.618715,-0.195052,-0.652586,0.467595,-0.762871,-0.069411,0.442064
2026-03-27T17:22:04.485679+00:00,10.193548,1774632124485678900,0.636817,0.361976,-0.299027,0.587099,-0.276664,-0.720044,-0.244806,0.694815,-0.143754,0.022399,0.113367,0.273695,-0.354154,-0.895016,0.618828,-0.195018,-0.652722,0.468197,-0.762276,-0.069813,0.440746
2026-03-27T17:22:04.502658+00:00,10.210528,1774632124502658300,0.637273,0.361851,-0.300225,0.588197,-0.276736,-0.7195,-0.245703,0.69399,-0.1344,0.020092,0.122907,0.269169,-0.35264,-0.882989,0.618979,-0.195007,-0.652772,0.468346,-0.762932,-0.070334,0.440387
2026-03-27T17:22:04.519823+00:00,10.227692,1774632124519822900,0.637739,0.36164,-0.301405,0.589153,-0.276746,-0.718496,-0.246332,0.693448,-0.12453,0.017232,0.130722,0.267273,-0.356724,-0.881362,0.619119,-0.194897,-0.652852,0.468727,-0.763126,-0.070748,0.439579
2026-03-27T17:22:04.537157+00:00,10.245026,1774632124537156800,0.638178,0.361447,-0.302469,0.590145,-0.276545,-0.7169,-0.246808,0.693214,-0.114338,0.012963,0.136685,0.266835,-0.366439,-0.891577,0.619332,-0.194759,-0.652879,0.470006,-0.7621,-0.071173,0.438045
2026-03-27T17:22:04.554893+00:00,10.262762,1774632124554892500,0.638585,0.361218,-0.30349,0.590366,-0.276643,-0.716733,-0.247783,0.693405,-0.10411,0.00794,0.145175,0.260161,-0.367926,-0.883582,0.619556,-0.194599,-0.652913,0.470186,-0.763666,-0.071664,0.437573
2026-03-27T17:22:04.571321+00:00,10.279191,1774632124571321100,0.638934,0.361034,-0.30434,0.590588,-0.276433,-0.71596,-0.248454,0.69439,-0.095139,0.002102,0.153104,0.253109,-0.368709,-0.877162,0.619757,-0.194424,-0.652963,0.470767,-0.763455,-0.071856,0.436728
2026-03-27T17:22:04.588366+00:00,10.296236,1774632124588366400,0.639218,0.360883,-0.30511,0.590251,-0.276243,-0.71633,-0.249485,0.696027,-0.086409,-0.004897,0.16141,0.246455,-0.37044,-0.875888,0.619949,-0.194293,-0.653033,0.471224,-0.763235,-0.071927,0.435988
2026-03-27T17:22:04.605329+00:00,10.313198,1774632124605328900,0.639461,0.360719,-0.305834,0.59004,-0.27582,-0.716431,-0.250341,0.698215,-0.078348,-0.012786,0.16967,0.239947,-0.373498,-0.879859,0.62016,-0.194271,-0.653131,0.470761,-0.764561,-0.072128,0.435557
2026-03-27T17:22:04.622425+00:00,10.330294,1774632124622424900,0.639585,0.360471,-0.306464,0.589519,-0.275538,-0.716381,-0.251599,0.701137,-0.071851,-0.022067,0.178142,0.23275,-0.376425,-0.884063,0.620392,-0.194303,-0.653263,0.470593,-0.764199,-0.07223,0.434607
2026-03-27T17:22:04.639390+00:00,10.34726,1774632124639390200,0.639595,0.360165,-0.307041,0.588806,-0.2754,-0.715899,-0.25278,0.704413,-0.066034,-0.031939,0.186591,0.224117,-0.376549,-0.885721,0.620563,-0.194266,-0.653469,0.469647,-0.765309,-0.072088,0.434442
2026-03-27T17:22:04.656150+00:00,10.364019,1774632124656149800,0.639613,0.359806,-0.307637,0.587507,-0.275568,-0.716721,-0.254364,0.708123,-0.062171,-0.042915,0.193813,0.215369,-0.375275,-0.886982,0.620691,-0.194251,-0.653695,0.469112,-0.765237,-0.071651,0.43362
2026-03-27T17:22:04.673183+00:00,10.381053,1774632124673183100,0.6396,0.359448,-0.308242,0.586279,-0.27571,-0.717469,-0.255579,0.712104,-0.05902,-0.054521,0.199956,0.207071,-0.372266,-0.887962,0.620774,-0.194307,-0.653917,0.467695,-0.767599,-0.071383,0.434263
2026-03-27T17:22:04.690198+00:00,10.398067,1774632124690197800,0.639663,0.359105,-0.308892,0.585034,-0.276113,-0.718357,-0.256462,0.716295,-0.057814,-0.067109,0.206545,0.199141,-0.365712,-0.886243,0.620802,-0.19441,-0.654066,0.467129,-0.767613,-0.07082,0.434086
2026-03-27T17:22:04.707217+00:00,10.415086,1774632124707216900,0.639549,0.358747,-0.309601,0.584393,-0.276653,-0.718482,-0.257272,0.720407,-0.057425,-0.080014,0.213106,0.192303,-0.358508,-0.89321,0.620834,-0.19451,-0.654248,0.466351,-0.768141,-0.070378,0.434084
2026-03-27T17:22:04.724247+00:00,10.432116,1774632124724246500,0.639357,0.358381,-0.310355,0.58378,-0.276715,-0.717982,-0.25811,0.725015,-0.058378,-0.092251,0.224348,0.1824,-0.343772,-0.891091,0.620849,-0.194611,-0.654428,0.465551,-0.76873,-0.070161,0.434074
2026-03-27T17:22:04.741671+00:00,10.449541,1774632124741671500,0.639135,0.357988,-0.311218,0.583179,-0.277017,-0.71806,-0.259188,0.728977,-0.060898,-0.104025,0.233405,0.174357,-0.330279,-0.896931,0.620857,-0.194723,-0.654618,0.46496,-0.768971,-0.070089,0.433624
2026-03-27T17:22:04.758435+00:00,10.466304,1774632124758435000,0.638842,0.357613,-0.312195,0.583331,-0.277194,-0.717357,-0.259911,0.73263,-0.063608,-0.114124,0.239435,0.169641,-0.315811,-0.903021,0.620883,-0.194856,-0.654861,0.464322,-0.769706,-0.070308,0.433399
2026-03-27T17:22:04.776265+00:00,10.484134,1774632124776265000,0.638625,0.357327,-0.313289,0.582924,-0.277623,-0.718479,-0.261289,0.735022,-0.066841,-0.122739,0.241024,0.168461,-0.302462,-0.906482,0.620905,-0.194992,-0.655145,0.46383,-0.769725,-0.070459,0.432495
2026-03-27T17:22:04.792578+00:00,10.500448,1774632124792578500,0.638359,0.35723,-0.314475,0.584221,-0.276998,-0.716557,-0.26122,0.736851,-0.070064,-0.129411,0.239593,0.170636,-0.289933,-0.906052,0.620951,-0.195147,-0.655484,0.462552,-0.771582,-0.070735,0.432325
2026-03-27T17:22:04.809573+00:00,10.517443,1774632124809573100,0.638196,0.357199,-0.315796,0.585071,-0.276574,-0.716295,-0.261589,0.737961,-0.073181,-0.134037,0.233444,0.177484,-0.282353,-0.914738,0.621009,-0.195297,-0.655875,0.462339,-0.771192,-0.070922,0.430989
2026-03-27T17:22:04.826583+00:00,10.534452,1774632124826582900,0.638062,0.357237,-0.317296,0.586556,-0.276107,-0.715383,-0.261888,0.738089,-0.07624,-0.136693,0.226286,0.18626,-0.275278,-0.918879,0.621087,-0.195441,-0.656287,0.461482,-0.772042,-0.071152,0.429903
2026-03-27T17:22:04.843606+00:00,10.551475,1774632124843605600,0.637952,0.357314,-0.318849,0.58877,-0.275374,-0.713113,-0.261553,0.73821,-0.079155,-0.137333,0.219555,0.195663,-0.268515,-0.915905,0.621183,-0.195595,-0.656727,0.46046,-0.773588,-0.071636,0.429185
2026-03-27T17:22:04.860675+00:00,10.568544,1774632124860675000,0.637923,0.35742,-0.320526,0.590452,-0.275381,-0.712321,-0.261536,0.7373,-0.082131,-0.136564,0.210979,0.20755,-0.266735,-0.920927,0.621237,-0.195717,-0.657099,0.459701,-0.774209,-0.072247,0.427999
2026-03-27T17:22:04.877677+00:00,10.585546,1774632124877676900,0.637846,0.357482,-0.322322,0.592356,-0.275344,-0.711443,-0.260928,0.73567,-0.085041,-0.134594,0.204279,0.218191,-0.265938,-0.922486,0.621274,-0.195896,-0.657351,0.459185,-0.774768,-0.072917,0.427674
2026-03-27T17:22:04.894658+00:00,10.602527,1774632124894658000,0.637795,0.357645,-0.324054,0.594342,-0.274863,-0.709357,-0.260459,0.734501,-0.088153,-0.130728,0.199702,0.224348,-0.263587,-0.91288,0.621299,-0.196092,-0.657569,0.458183,-0.775545,-0.073465,0.427929
2026-03-27T17:22:04.911799+00:00,10.619668,1774632124911798800,0.637794,0.357728,-0.325768,0.596297,-0.274694,-0.707347,-0.260037,0.732458,-0.091409,-0.125877,0.190867,0.231841,-0.267572,-0.916685,0.621262,-0.196347,-0.657717,0.457164,-0.776295,-0.074049,0.428258
2026-03-27T17:22:04.928848+00:00,10.636717,1774632124928847700,0.637879,0.35779,-0.327503,0.597364,-0.27524,-0.706837,-0.260238,0.73087,-0.094967,-0.120269,0.180404,0.237593,-0.273962,-0.920625,0.621225,-0.196654,-0.657824,0.456498,-0.775524,-0.074521,0.428539
2026-03-27T17:22:04.945841+00:00,10.653711,1774632124945841200,0.637948,0.357692,-0.32913,0.598352,-0.275759,-0.705828,-0.260255,0.728471,-0.098512,-0.11435,0.171003,0.238146,-0.277393,-0.909236,0.621085,-0.197039,-0.657878,0.454736,-0.777027,-0.075013,0.43009
2026-03-27T17:22:04.963020+00:00,10.67089,1774632124963020200,0.637987,0.357587,-0.330722,0.599148,-0.276455,-0.704433,-0.260127,0.726376,-0.102591,-0.108032,0.157968,0.240574,-0.28504,-0.909324,0.620794,-0.197466,-0.657884,0.45362,-0.776616,-0.075329,0.430988
2026-03-27T17:22:04.980039+00:00,10.687909,1774632124980039500,0.638048,0.357373,-0.332251,0.599351,-0.277395,-0.704262,-0.260162,0.723916,-0.106899,-0.101934,0.143011,0.245381,-0.296958,-0.922497,0.620505,-0.19789,-0.657914,0.452471,-0.776239,-0.075694,0.431857
2026-03-27T17:22:04.997025+00:00,10.704895,1774632124997025600,0.63809,0.357135,-0.333757,0.599538,-0.278651,-0.704087,-0.259932,0.72136,-0.111472,-0.096092,0.132081,0.24327,-0.302445,-0.915012,0.620236,-0.19836,-0.657942,0.450474,-0.777394,-0.076091,0.433252
2026-03-27T17:22:05.013927+00:00,10.721796,1774632125013926600,0.638097,0.356928,-0.335154,0.599674,-0.279584,-0.703385,-0.259589,0.718743,-0.116244,-0.090844,0.12149,0.238935,-0.307186,-0.902437,0.619983,-0.198834,-0.657995,0.449251,-0.776716,-0.076566,0.433778
2026-03-27T17:22:05.030991+00:00,10.73886,1774632125030991000,0.638081,0.35676,-0.336575,0.599941,-0.280434,-0.702605,-0.258819,0.716627,-0.121181,-0.085845,0.107602,0.240596,-0.32143,-0.914694,0.619748,-0.199285,-0.658063,0.447422,-0.77785,-0.07704,0.435168
2026-03-27T17:22:05.047982+00:00,10.755851,1774632125047981900,0.638081,0.356632,-0.337923,0.599718,-0.281808,-0.702948,-0.257959,0.714515,-0.126075,-0.081801,0.094845,0.240359,-0.334256,-0.920496,0.619516,-0.199695,-0.658167,0.446435,-0.7771,-0.077324,0.435634
2026-03-27T17:22:05.065169+00:00,10.773038,1774632125065168900,0.638083,0.356598,-0.339271,0.599816,-0.282877,-0.702975,-0.256645,0.712783,-0.130925,-0.07813,0.084857,0.238213,-0.344791,-0.922767,0.619335,-0.200008,-0.658252,0.44485,-0.778301,-0.077355,0.436651
2026-03-27T17:22:05.082169+00:00,10.790039,1774632125082169300,0.63807,0.356484,-0.340614,0.600684,-0.283614,-0.702424,-0.25471,0.711342,-0.135553,-0.075309,0.081578,0.225642,-0.338595,-0.885407,0.619198,-0.200166,-0.65834,0.444001,-0.778227,-0.077103,0.437036
2026-03-27T17:22:05.099309+00:00,10.807179,1774632125099309100,0.638076,0.356524,-0.341922,0.600958,-0.284772,-0.702699,-0.252966,0.710604,-0.139754,-0.072897,0.076212,0.227457,-0.350103,-0.898221,0.619082,-0.20034,-0.658406,0.443605,-0.777702,-0.076778,0.437213
2026-03-27T17:22:05.116070+00:00,10.823939,1774632125116069900,0.638066,0.356666,-0.343168,0.601912,-0.285827,-0.702265,-0.250926,0.710239,-0.14342,-0.071015,0.07705,0.220928,-0.343577,-0.869093,0.619022,-0.200436,-0.658426,0.442607,-0.779577,-0.076592,0.438245
2026-03-27T17:22:05.133116+00:00,10.840986,1774632125133116500,0.638073,0.356841,-0.344366,0.602816,-0.286849,-0.701856,-0.248986,0.710212,-0.146881,-0.069351,0.072182,0.236043,-0.367799,-0.9217,0.618999,-0.200456,-0.658431,0.44249,-0.779486,-0.076345,0.438382
2026-03-27T17:22:05.150139+00:00,10.858009,1774632125150139400,0.638115,0.357078,-0.345498,0.603746,-0.287953,-0.701465,-0.247066,0.710383,-0.149649,-0.068637,0.073962,0.230912,-0.357683,-0.893712,0.618995,-0.200447,-0.658429,0.442606,-0.779428,-0.076284,0.438289
2026-03-27T17:22:05.167187+00:00,10.875057,1774632125167187100,0.638153,0.357362,-0.346472,0.605419,-0.288452,-0.699736,-0.244735,0.711421,-0.15234,-0.067968,0.072823,0.234786,-0.359332,-0.901142,0.619011,-0.200396,-0.658415,0.443903,-0.777398,-0.076168,0.437069
2026-03-27T17:22:05.184204+00:00,10.892073,1774632125184203700,0.638222,0.357614,-0.347301,0.606925,-0.289245,-0.698744,-0.243103,0.712939,-0.154425,-0.067748,0.074943,0.228141,-0.344266,-0.868149,0.618976,-0.200441,-0.658457,0.444292,-0.777506,-0.076561,0.436617
2026-03-27T17:22:05.201263+00:00,10.909132,1774632125201263000,0.63831,0.357767,-0.348051,0.607763,-0.290088,-0.698983,-0.24229,0.714933,-0.156523,-0.0678,0.073346,0.233334,-0.347723,-0.882402,0.619038,-0.200374,-0.658453,0.444525,-0.777968,-0.07701,0.436617
2026-03-27T17:22:05.218278+00:00,10.926148,1774632125218278400,0.63832,0.35787,-0.348502,0.608821,-0.290514,-0.697873,-0.242072,0.717217,-0.158274,-0.068446,0.070633,0.24119,-0.355581,-0.907617,0.619079,-0.200321,-0.658509,0.444887,-0.778213,-0.077497,0.43602
2026-03-27T17:22:05.235323+00:00,10.943192,1774632125235322600,0.638299,0.357903,-0.348869,0.60977,-0.290481,-0.696878,-0.242484,0.719824,-0.160276,-0.06899,0.072563,0.233516,-0.341946,-0.879085,0.619178,-0.200254,-0.658581,0.445398,-0.777627,-0.077696,0.434815
2026-03-27T17:22:05.252352+00:00,10.960222,1774632125252352100,0.638312,0.357995,-0.349036,0.610364,-0.28982,-0.695768,-0.243293,0.722577,-0.162055,-0.070156,0.069799,0.239114,-0.348028,-0.90453,0.619295,-0.200205,-0.658597,0.444201,-0.779997,-0.07797,0.43522
2026-03-27T17:22:05.269305+00:00,10.977175,1774632125269305200,0.638298,0.358044,-0.349115,0.611022,-0.289004,-0.695101,-0.244004,0.725478,-0.164191,-0.071162,0.071698,0.227664,-0.326572,-0.863123,0.619403,-0.200176,-0.658761,0.443981,-0.780374,-0.078005,0.434376
2026-03-27T17:22:05.286062+00:00,10.993931,1774632125286061800,0.63828,0.358083,-0.349156,0.61149,-0.288499,-0.69464,-0.244928,0.728376,-0.166645,-0.072132,0.06384,0.249041,-0.347193,-0.941586,0.619551,-0.200156,-0.659,0.444187,-0.779543,-0.077895,0.433666
2026-03-27T17:22:05.303068+00:00,11.010938,1774632125303068300,0.638294,0.358096,-0.349126,0.611494,-0.288215,-0.695193,-0.245784,0.731276,-0.169514,-0.073038,0.062528,0.246588,-0.329597,-0.924755,0.619632,-0.200134,-0.659168,0.443773,-0.779828,-0.077767,0.433105
2026-03-27T17:22:05.320121+00:00,11.02799,1774632125320120700,0.638271,0.358138,-0.348853,0.61204,-0.287467,-0.694075,-0.246216,0.734007,-0.172266,-0.074435,0.056999,0.261747,-0.332713,-0.972508,0.619681,-0.200127,-0.659316,0.443153,-0.780924,-0.077665,0.433265
2026-03-27T17:22:05.337178+00:00,11.045048,1774632125337178400,0.638282,0.358126,-0.348652,0.611947,-0.287512,-0.694715,-0.246957,0.736953,-0.175462,-0.0755,0.054052,0.266787,-0.322049,-0.982256,0.619714,-0.200098,-0.659424,0.443206,-0.779963,-0.077377,0.432817
2026-03-27T17:22:05.354174+00:00,11.062044,1774632125354174200,0.638242,0.358116,-0.348277,0.612171,-0.287709,-0.693927,-0.247385,0.739662,-0.178678,-0.076873,0.054974,0.256207,-0.292781,-0.939022,0.619737,-0.200132,-0.659486,0.442199,-0.782028,-0.077339,0.433695
2026-03-27T17:22:05.371191+00:00,11.07906,1774632125371190800,0.638239,0.358023,-0.348035,0.611976,-0.287815,-0.694126,-0.248002,0.742452,-0.182292,-0.077975,0.057055,0.244846,-0.260422,-0.893157,0.619726,-0.200137,-0.659536,0.442303,-0.781012,-0.07706,0.43324
2026-03-27T17:22:05.388380+00:00,11.09625,1774632125388380200,0.638194,0.357827,-0.347632,0.612045,-0.288345,-0.693508,-0.248832,0.744651,-0.185867,-0.079361,0.053396,0.274426,-0.263567,-0.991084,0.619713,-0.200197,-0.65957,0.44188,-0.781015,-0.076804,0.433599
2026-03-27T17:22:05.405292+00:00,11.113162,1774632125405292100,0.638152,0.357533,-0.34737,0.612258,-0.288597,-0.692753,-0.249744,0.746267,-0.189678,-0.080654,0.058425,0.274945,-0.231257,-0.976748,0.619751,-0.200278,-0.659651,0.440904,-0.782517,-0.076645,0.434236
2026-03-27T17:22:05.422367+00:00,11.130236,1774632125422366600,0.638087,0.357193,-0.347042,0.612899,-0.289181,-0.69154,-0.250905,0.747038,-0.193083,-0.082049,0.064608,0.260686,-0.192545,-0.910207,0.619779,-0.20034,-0.65977,0.440707,-0.782252,-0.076415,0.433833
2026-03-27T17:22:05.439342+00:00,11.147211,1774632125439341500,0.638005,0.356803,-0.346945,0.613904,-0.28978,-0.690053,-0.252319,0.747319,-0.195675,-0.083018,0.057131,0.277051,-0.185391,-0.956961,0.619814,-0.200325,-0.660047,0.440201,-0.783108,-0.076422,0.432774
2026-03-27T17:22:05.456518+00:00,11.164387,1774632125456517600,0.637992,0.356393,-0.346859,0.615503,-0.290082,-0.687891,-0.253562,0.746912,-0.197448,-0.083301,0.053826,0.28036,-0.166502,-0.948401,0.619936,-0.200319,-0.660438,0.440285,-0.783154,-0.076435,0.431225
2026-03-27T17:22:05.473602+00:00,11.181472,1774632125473602400,0.638016,0.356047,-0.346705,0.617133,-0.290333,-0.685706,-0.254869,0.745509,-0.198199,-0.0829,0.045932,0.321282,-0.171626,-1.05319,0.620228,-0.200293,-0.660881,0.43976,-0.784807,-0.076387,0.429983
2026-03-27T17:22:05.490797+00:00,11.198666,1774632125490796600,0.638128,0.355732,-0.346657,0.618705,-0.290296,-0.683618,-0.25635,0.743321,-0.197867,-0.081411,0.047955,0.327656,-0.15744,-1.030534,0.620581,-0.200224,-0.661353,0.439413,-0.785673,-0.076314,0.42838
2026-03-27T17:22:05.507425+00:00,11.215294,1774632125507424700,0.638255,0.355478,-0.346561,0.620538,-0.290386,-0.681788,-0.257495,0.740539,-0.196601,-0.07874,0.054272,0.32945,-0.14316,-0.992582,0.620938,-0.200209,-0.661821,0.43912,-0.786586,-0.075659,0.426732
2026-03-27T17:22:05.524438+00:00,11.232308,1774632125524438200,0.63843,0.355196,-0.34651,0.622285,-0.290545,-0.679518,-0.258506,0.737068,-0.194197,-0.074892,0.062455,0.338058,-0.133292,-0.971327,0.621282,-0.200168,-0.662221,0.438674,-0.787924,-0.074838,0.425825
2026-03-27T17:22:05.541723+00:00,11.249592,1774632125541722500,0.638615,0.354923,-0.346439,0.623906,-0.291158,-0.677702,-0.259541,0.733065,-0.191093,-0.069525,0.073686,0.340218,-0.123544,-0.930768,0.621544,-0.200104,-0.662528,0.438193,-0.788807,-0.074071,0.424664
2026-03-27T17:22:05.558947+00:00,11.266816,1774632125558946800,0.638818,0.354651,-0.346343,0.625555,-0.291983,-0.675521,-0.259906,0.727745,-0.186957,-0.063238,0.084452,0.353065,-0.120272,-0.917159,0.621787,-0.200047,-0.662702,0.438265,-0.788744,-0.073513,0.423977
2026-03-27T17:22:05.575656+00:00,11.283525,1774632125575655700,0.639103,0.354361,-0.346328,0.627188,-0.292651,-0.672847,-0.259967,0.722072,-0.182506,-0.055605,0.092186,0.379345,-0.123424,-0.933281,0.621961,-0.19997,-0.662824,0.438372,-0.789206,-0.073211,0.423437
2026-03-27T17:22:05.592872+00:00,11.300742,1774632125592872400,0.639388,0.354004,-0.34629,0.628338,-0.294076,-0.671613,-0.260062,0.715059,-0.177181,-0.046915,0.102143,0.398585,-0.125048,-0.927396,0.622102,-0.199891,-0.662899,0.439038,-0.788599,-0.07321,0.422714
2026-03-27T17:22:05.609957+00:00,11.317827,1774632125609957100,0.639723,0.353587,-0.346307,0.629517,-0.295804,-0.669868,-0.260349,0.707539,-0.172024,-0.037321,0.114188,0.407426,-0.124196,-0.897532,0.622172,-0.199845,-0.662896,0.43959,-0.788044,-0.073418,0.422285
2026-03-27T17:22:05.627127+00:00,11.334997,1774632125627127300,0.640003,0.353135,-0.346279,0.630326,-0.297573,-0.66846,-0.260376,0.698907,-0.166261,-0.027073,0.124215,0.421507,-0.125737,-0.879063,0.622227,-0.19975,-0.662833,0.440002,-0.787906,-0.07356,0.422095
2026-03-27T17:22:05.643956+00:00,11.351825,1774632125643955700,0.640302,0.352646,-0.346315,0.631028,-0.299452,-0.666932,-0.260347,0.689845,-0.160595,-0.016509,0.131216,0.445329,-0.131231,-0.881071,0.622257,-0.199714,-0.662862,0.439361,-0.789717,-0.073425,0.423556
2026-03-27T17:22:05.661033+00:00,11.368902,1774632125661032700,0.640575,0.352196,-0.346257,0.631817,-0.301177,-0.665097,-0.260249,0.679627,-0.155296,-0.005423,0.139701,0.463497,-0.137696,-0.867195,0.622274,-0.199656,-0.662753,0.439782,-0.788383,-0.07296,0.423703
2026-03-27T17:22:05.678054+00:00,11.385923,1774632125678053900,0.640845,0.351767,-0.346163,0.632179,-0.302831,-0.664205,-0.260316,0.66903,-0.149957,0.005874,0.147074,0.48311,-0.1469,-0.858538,0.622293,-0.199622,-0.662567,0.439407,-0.789477,-0.072471,0.424886
2026-03-27T17:22:05.695269+00:00,11.403138,1774632125695268700,0.641103,0.351409,-0.346046,0.632753,-0.304135,-0.663098,-0.260036,0.657491,-0.145322,0.017105,0.154923,0.495854,-0.156187,-0.837521,0.622245,-0.199569,-0.662354,0.440142,-0.787552,-0.071657,0.424854
2026-03-27T17:22:05.712322+00:00,11.420192,1774632125712322600,0.641335,0.351072,-0.345871,0.633211,-0.305445,-0.662118,-0.260076,0.646338,-0.140824,0.028135,0.158552,0.512721,-0.167845,-0.828291,0.622244,-0.199523,-0.662145,0.440237,-0.787505,-0.070999,0.425612
2026-03-27T17:22:05.729321+00:00,11.43719,1774632125729320700,0.641572,0.350793,-0.345691,0.633659,-0.306458,-0.660697,-0.259842,0.634745,-0.137391,0.038513,0.160417,0.529552,-0.180969,-0.824474,0.6222,-0.199451,-0.661964,0.44017,-0.787674,-0.070386,0.426274
2026-03-27T17:22:05.746414+00:00,11.454283,1774632125746413700,0.641851,0.350544,-0.34546,0.63395,-0.307609,-0.660424,-0.259382,0.623277,-0.134574,0.04837,0.164,0.528503,-0.190183,-0.798994,0.622165,-0.199378,-0.661838,0.440575,-0.786876,-0.069895,0.426147
2026-03-27T17:22:05.763426+00:00,11.471295,1774632125763426000,0.642108,0.350338,-0.345236,0.634857,-0.308433,-0.659515,-0.258918,0.613127,-0.132102,0.057573,0.16308,0.534705,-0.20426,-0.792907,0.622167,-0.19933,-0.661758,0.440423,-0.787682,-0.069513,0.42665
2026-03-27T17:22:05.780714+00:00,11.488583,1774632125780713500,0.642361,0.350066,-0.344929,0.63508,-0.309616,-0.659234,-0.258608,0.602701,-0.130588,0.065759,0.160762,0.541412,-0.220378,-0.793575,0.622202,-0.199263,-0.661707,0.440499,-0.787674,-0.068966,0.426549
2026-03-27T17:22:05.797612+00:00,11.505482,1774632125797612200,0.642541,0.349741,-0.344539,0.635585,-0.310485,-0.657621,-0.258481,0.593915,-0.129773,0.072899,0.15981,0.537757,-0.233434,-0.784575,0.622226,-0.199228,-0.661739,0.440191,-0.787778,-0.068255,0.42642
2026-03-27T17:22:05.814650+00:00,11.52252,1774632125814650100,0.642726,0.34927,-0.344201,0.6354,-0.312088,-0.657451,-0.259131,0.586075,-0.129833,0.078628,0.154525,0.540619,-0.249582,-0.790369,0.622305,-0.199285,-0.661605,0.437907,-0.788848,-0.067312,0.423825
2026-03-27T17:22:05.831731+00:00,11.5396,1774632125831731000,0.642848,0.348768,-0.343735,0.635701,-0.313007,-0.656079,-0.259573,0.578184,-0.130585,0.082863,0.147691,0.540263,-0.264901,-0.797752,0.622974,-0.199693,-0.661303,0.433438,-0.793143,-0.06608,0.420537
2026-03-27T17:22:05.848855+00:00,11.556724,1774632125848854400,0.64295,0.348281,-0.343217,0.636094,-0.314213,-0.655317,-0.259893,0.572448,-0.132607,0.085682,0.141105,0.528124,-0.275558,-0.793441,0.623606,-0.200145,-0.660876,0.430864,-0.795876,-0.065156,0.418457
2026-03-27T17:22:05.867097+00:00,11.574967,1774632125867097100,0.64305,0.347835,-0.342701,0.636476,-0.31514,-0.653884,-0.260282,0.56593,-0.135165,0.087196,0.131705,0.522177,-0.289446,-0.795808,0.623878,-0.200124,-0.660175,0.43078,-0.797174,-0.064633,0.41862
2026-03-27T17:22:05.882881+00:00,11.59075,1774632125882880900,0.643135,0.347394,-0.342205,0.636917,-0.316179,-0.652929,-0.26059,0.561212,-0.1382,0.087609,0.124619,0.513159,-0.297886,-0.788936,0.623793,-0.199796,-0.659666,0.434909,-0.794554,-0.064315,0.419891
2026-03-27T17:22:05.899756+00:00,11.607626,1774632125899756600,0.643213,0.34688,-0.341706,0.63727,-0.317326,-0.652021,-0.261223,0.555834,-0.141846,0.087603,0.115883,0.511772,-0.307414,-0.792826,0.623805,-0.199252,-0.659129,0.437107,-0.79381,-0.063627,0.419527
2026-03-27T17:22:05.916735+00:00,11.624604,1774632125916734900,0.64321,0.346343,-0.341173,0.637885,-0.318573,-0.650327,-0.262065,0.55148,-0.146272,0.087218,0.107107,0.509806,-0.313476,-0.796919,0.623852,-0.198685,-0.658786,0.439237,-0.792431,-0.062526,0.41829
2026-03-27T17:22:05.933699+00:00,11.641568,1774632125933698500,0.643218,0.3458,-0.340689,0.638051,-0.319759,-0.649617,-0.26333,0.546993,-0.1508,0.086374,0.096898,0.5157,-0.322222,-0.811554,0.623931,-0.198206,-0.658691,0.439633,-0.79353,-0.06074,0.417571
2026-03-27T17:22:05.950752+00:00,11.658621,1774632125950751900,0.643201,0.34534,-0.340168,0.638876,-0.320318,-0.647803,-0.264292,0.542887,-0.155513,0.085412,0.089408,0.511371,-0.322506,-0.8062,0.623989,-0.197816,-0.658788,0.440373,-0.792777,-0.058282,0.415593
2026-03-27T17:22:05.967784+00:00,11.675653,1774632125967783800,0.643193,0.344929,-0.339679,0.639728,-0.320857,-0.646051,-0.265075,0.538711,-0.159954,0.084362,0.082803,0.506245,-0.319618,-0.793771,0.623966,-0.197571,-0.658922,0.439244,-0.795055,-0.055398,0.415198
2026-03-27T17:22:05.984959+00:00,11.692828,1774632125984958800,0.643214,0.344574,-0.33922,0.640988,-0.32133,-0.644308,-0.265507,0.534557,-0.16428,0.08333,0.07466,0.514995,-0.321658,-0.800706,0.623921,-0.197451,-0.65898,0.43794,-0.795362,-0.051822,0.41411
2026-03-27T17:22:06.001950+00:00,11.709819,1774632126001949700,0.643296,0.344235,-0.338827,0.642362,-0.321823,-0.642436,-0.266147,0.531127,-0.168655,0.082386,0.067038,0.524388,-0.320452,-0.807512,0.623883,-0.197335,-0.659313,0.435799,-0.79747,-0.048554,0.414259
2026-03-27T17:22:06.019038+00:00,11.726908,1774632126019038400,0.643311,0.343912,-0.338431,0.643835,-0.322401,-0.640435,-0.266943,0.52809,-0.172641,0.081624,0.061576,0.522636,-0.310935,-0.79563,0.62366,-0.197294,-0.659767,0.433254,-0.799778,-0.045488,0.414718
2026-03-27T17:22:06.036004+00:00,11.743873,1774632126036004000,0.643348,0.343605,-0.338079,0.645791,-0.322974,-0.63795,-0.267758,0.524992,-0.175931,0.080723,0.057505,0.512516,-0.296909,-0.770375,0.623199,-0.197472,-0.660018,0.431314,-0.800427,-0.042506,0.414893
2026-03-27T17:22:06.053218+00:00,11.761087,1774632126053217900,0.643347,0.34334,-0.33771,0.647426,-0.323236,-0.635788,-0.268525,0.522406,-0.178968,0.080113,0.05004,0.53792,-0.304988,-0.79914,0.622685,-0.19773,-0.660182,0.428508,-0.801605,-0.039644,0.41592
2026-03-27T17:22:06.070335+00:00,11.778204,1774632126070334800,0.643361,0.343126,-0.337445,0.649555,-0.323163,-0.633644,-0.269651,0.520144,-0.181283,0.079484,0.047466,0.519176,-0.289457,-0.764038,0.622001,-0.198162,-0.66034,0.424436,-0.802245,-0.037592,0.41724
2026-03-27T17:22:06.087157+00:00,11.795027,1774632126087157100,0.643321,0.342988,-0.337176,0.651932,-0.322251,-0.630767,-0.270841,0.518345,-0.183219,0.079138,0.045917,0.497581,-0.27351,-0.727362,0.621223,-0.198635,-0.660516,0.416723,-0.805263,-0.037335,0.420764
2026-03-27T17:22:06.104078+00:00,11.811947,1774632126104077600,0.643282,0.342878,-0.337033,0.654694,-0.321383,-0.62751,-0.272338,0.516949,-0.184709,0.078926,0.041176,0.524282,-0.284359,-0.762426,0.620269,-0.199214,-0.660686,0.408015,-0.807729,-0.038618,0.424872
2026-03-27T17:22:06.121139+00:00,11.829009,1774632126121139200,0.64321,0.342847,-0.336949,0.657694,-0.320307,-0.624417,-0.273569,0.515787,-0.185806,0.078777,0.03547,0.585232,-0.313311,-0.846561,0.619297,-0.199678,-0.660946,0.398317,-0.809345,-0.041053,0.42893
2026-03-27T17:22:06.138182+00:00,11.846051,1774632126138181900,0.643168,0.342909,-0.336984,0.660984,-0.318927,-0.621212,-0.274723,0.514931,-0.18639,0.078803,0.040781,0.494446,-0.262136,-0.711504,0.61824,-0.200092,-0.661174,0.387097,-0.812492,-0.044389,0.433926
2026-03-27T17:22:06.155032+00:00,11.862901,1774632126155031800,0.643148,0.343046,-0.337089,0.66429,-0.317527,-0.618064,-0.275422,0.514373,-0.186461,0.078734,0.034112,0.582391,-0.306256,-0.834518,0.617199,-0.200231,-0.661343,0.374949,-0.815454,-0.048396,0.439544
2026-03-27T17:22:06.171971+00:00,11.87984,1774632126171970900,0.643155,0.343073,-0.33716,0.667735,-0.316019,-0.614947,-0.275582,0.513805,-0.186614,0.078851,0.037531,0.546237,-0.285403,-0.77907,0.616182,-0.199749,-0.661228,0.362713,-0.816848,-0.053334,0.444966
2026-03-27T17:22:06.188955+00:00,11.896825,1774632126188955500,0.643118,0.343412,-0.337277,0.671148,-0.314567,-0.612017,-0.275617,0.513455,-0.185717,0.078875,0.032451,0.672132,-0.349241,-0.953833,0.61528,-0.199109,-0.661112,0.35029,-0.818318,-0.058434,0.450194
2026-03-27T17:22:06.206465+00:00,11.914334,1774632126206465000,0.643119,0.3439,-0.33745,0.674368,-0.31319,-0.609773,-0.275824,0.513576,-0.184151,0.079084,0.046377,0.505316,-0.26128,-0.713759,0.614517,-0.197944,-0.660893,0.336987,-0.821176,-0.064167,0.456377
2026-03-27T17:22:06.223469+00:00,11.931338,1774632126223468900,0.643101,0.344499,-0.337596,0.677636,-0.311337,-0.60662,-0.275021,0.513863,-0.182239,0.079781,0.044989,0.558303,-0.28588,-0.782948,0.614088,-0.195798,-0.660421,0.325186,-0.822411,-0.069897,0.461668
2026-03-27T17:22:06.240582+00:00,11.948451,1774632126240581800,0.643174,0.345089,-0.337799,0.680515,-0.310131,-0.604752,-0.274054,0.515068,-0.179799,0.08043,0.049138,0.54996,-0.277808,-0.76564,0.613919,-0.193106,-0.659676,0.314664,-0.82245,-0.07531,0.46589
2026-03-27T17:22:06.257740+00:00,11.96561,1774632126257740100,0.643198,0.345768,-0.337956,0.683252,-0.308756,-0.602579,-0.273185,0.516088,-0.177077,0.08152,0.052726,0.559562,-0.277318,-0.772471,0.614195,-0.189672,-0.658724,0.303938,-0.824702,-0.081034,0.471136
2026-03-27T17:22:06.274491+00:00,11.98236,1774632126274491000,0.643289,0.346405,-0.338079,0.685223,-0.30722,-0.601639,-0.272169,0.51821,-0.173896,0.082646,0.056825,0.56712,-0.275458,-0.776408,0.614709,-0.185812,-0.657628,0.295383,-0.822387,-0.086379,0.473283
2026-03-27T17:22:06.291506+00:00,11.999376,1774632126291506200,0.643328,0.347095,-0.338159,0.687527,-0.305989,-0.600348,-0.271222,0.520224,-0.170312,0.084192,0.059208,0.595032,-0.283365,-0.807819,0.616184,-0.181334,-0.656318,0.284783,-0.827209,-0.093103,0.479281
2026-03-27T17:22:06.308296+00:00,12.016165,1774632126308295800,0.643384,0.347718,-0.338165,0.689348,-0.304331,-0.599087,-0.270062,0.523486,-0.166188,0.08585,0.064124,0.601521,-0.282816,-0.811058,0.61829,-0.176464,-0.654947,0.278442,-0.823349,-0.099526,0.479775
2026-03-27T17:22:06.325007+00:00,12.032877,1774632126325007200,0.643429,0.348396,-0.338186,0.691228,-0.302775,-0.598212,-0.269163,0.526523,-0.161869,0.087875,0.070512,0.600766,-0.279986,-0.805708,0.621084,-0.171196,-0.653452,0.271429,-0.826695,-0.106904,0.483692
2026-03-27T17:22:06.342186+00:00,12.050055,1774632126342185700,0.643488,0.348961,-0.338118,0.692489,-0.301228,-0.597957,-0.268813,0.530945,-0.15707,0.09008,0.082463,0.565377,-0.262081,-0.755249,0.624708,-0.165436,-0.651846,0.267903,-0.823658,-0.113242,0.483986
2026-03-27T17:22:06.359124+00:00,12.066993,1774632126359123600,0.643523,0.34957,-0.337883,0.693693,-0.299597,-0.597292,-0.268249,0.536197,-0.152176,0.092486,0.091061,0.559513,-0.258922,-0.747143,0.629038,-0.159538,-0.650195,0.265177,-0.821996,-0.119172,0.484649
2026-03-27T17:22:06.376158+00:00,12.084028,1774632126376158200,0.64361,0.350063,-0.337629,0.694687,-0.298131,-0.597135,-0.267917,0.541258,-0.147425,0.095146,0.095974,0.566145,-0.262145,-0.75885,0.634475,-0.153565,-0.648435,0.263163,-0.82358,-0.124329,0.486517
2026-03-27T17:22:06.393337+00:00,12.101207,1774632126393337500,0.64364,0.350492,-0.337307,0.695242,-0.297261,-0.597126,-0.267429,0.546636,-0.142634,0.097827,0.096458,0.5916,-0.275194,-0.796534,0.640461,-0.147724,-0.64673,0.260504,-0.822857,-0.128984,0.487433
2026-03-27T17:22:06.410495+00:00,12.118364,1774632126410494600,0.643624,0.350919,-0.337006,0.696214,-0.29651,-0.596667,-0.266921,0.55349,-0.137591,0.100617,0.104664,0.561233,-0.264005,-0.759881,0.647137,-0.142119,-0.64485,0.256689,-0.821881,-0.132959,0.487652
2026-03-27T17:22:06.427576+00:00,12.135446,1774632126427576300,0.643594,0.351307,-0.336694,0.696916,-0.295682,-0.596886,-0.266294,0.559653,-0.132985,0.103149,0.105251,0.571361,-0.27234,-0.778181,0.654362,-0.137006,-0.642852,0.251127,-0.825598,-0.136708,0.490577
2026-03-27T17:22:06.444821+00:00,12.15269,1774632126444820700,0.643528,0.351779,-0.336358,0.697684,-0.294303,-0.596684,-0.265675,0.567235,-0.128333,0.10587,0.110444,0.557281,-0.268652,-0.763009,0.662323,-0.132114,-0.640669,0.246382,-0.826881,-0.138695,0.491972
2026-03-27T17:22:06.461703+00:00,12.169573,1774632126461703100,0.643407,0.352275,-0.335994,0.698857,-0.292938,-0.596069,-0.265094,0.574102,-0.124396,0.108343,0.112945,0.5597,-0.272613,-0.769671,0.670513,-0.127683,-0.638479,0.242784,-0.824672,-0.139099,0.491389
2026-03-27T17:22:06.478802+00:00,12.186671,1774632126478802000,0.643312,0.352779,-0.335645,0.69961,-0.291546,-0.595886,-0.264485,0.582538,-0.120583,0.111173,0.117872,0.549948,-0.271106,-0.760598,0.679486,-0.123713,-0.636185,0.239533,-0.822498,-0.137125,0.490745
2026-03-27T17:22:06.495819+00:00,12.203688,1774632126495818700,0.643171,0.353258,-0.335303,0.700356,-0.290619,-0.596127,-0.263799,0.590303,-0.117557,0.1138,0.12083,0.548099,-0.273903,-0.763529,0.688636,-0.120413,-0.633788,0.234073,-0.826856,-0.13452,0.494588
2026-03-27T17:22:06.512908+00:00,12.220777,1774632126512907900,0.643018,0.35375,-0.334979,0.701101,-0.289646,-0.596222,-0.263204,0.599538,-0.114756,0.116838,0.12202,0.547331,-0.277751,-0.767778,0.698555,-0.117558,-0.631208,0.229383,-0.826166,-0.131629,0.49594
2026-03-27T17:22:06.529992+00:00,12.237862,1774632126529992200,0.642833,0.354273,-0.334656,0.701813,-0.288577,-0.596051,-0.262343,0.607813,-0.112834,0.119566,0.122214,0.543093,-0.277654,-0.765596,0.708816,-0.115444,-0.628659,0.222463,-0.832362,-0.130289,0.499998
2026-03-27T17:22:06.547110+00:00,12.25498,1774632126547110200,0.64269,0.354782,-0.33426,0.703053,-0.287495,-0.59541,-0.261105,0.617238,-0.111449,0.12237,0.11553,0.555998,-0.284705,-0.784718,0.719762,-0.113768,-0.626054,0.217804,-0.829727,-0.127336,0.497925
2026-03-27T17:22:06.565047+00:00,12.272917,1774632126565047100,0.642645,0.355387,-0.333861,0.703369,-0.286553,-0.596338,-0.260396,0.626125,-0.110909,0.124862,0.110653,0.555478,-0.284771,-0.785233,0.731128,-0.112622,-0.623126,0.214576,-0.830612,-0.122402,0.498208
2026-03-27T17:22:06.581513+00:00,12.289383,1774632126581513500,0.642577,0.356024,-0.333512,0.704356,-0.285055,-0.596354,-0.259388,0.634748,-0.110656,0.127326,0.108293,0.547485,-0.280287,-0.774659,0.742314,-0.111124,-0.620253,0.212441,-0.834942,-0.1185,0.49929
2026-03-27T17:22:06.598390+00:00,12.306259,1774632126598390000,0.642561,0.356711,-0.333073,0.704947,-0.28322,-0.596816,-0.258574,0.644252,-0.110886,0.129814,0.103521,0.550554,-0.28097,-0.778804,0.753504,-0.110034,-0.617507,0.213967,-0.833001,-0.114017,0.496087
2026-03-27T17:22:06.615627+00:00,12.323496,1774632126615626500,0.642577,0.357455,-0.332673,0.706043,-0.281406,-0.596389,-0.257047,0.654322,-0.11177,0.132408,0.097363,0.553902,-0.282915,-0.785066,0.765964,-0.108876,-0.614603,0.215349,-0.836991,-0.110646,0.495221
2026-03-27T17:22:06.632639+00:00,12.340508,1774632126632638800,0.642651,0.358195,-0.332338,0.706622,-0.280005,-0.597288,-0.256143,0.662896,-0.113379,0.134565,0.091833,0.548045,-0.281244,-0.779062,0.77785,-0.108191,-0.611943,0.218836,-0.836526,-0.107524,0.49179
2026-03-27T17:22:06.649760+00:00,12.35763,1774632126649760600,0.642749,0.358914,-0.332017,0.707369,-0.278363,-0.597626,-0.254504,0.672005,-0.115231,0.136895,0.0816,0.565246,-0.292859,-0.806058,0.790677,-0.107902,-0.609203,0.222852,-0.838645,-0.105326,0.489695
2026-03-27T17:22:06.666893+00:00,12.374762,1774632126666892600,0.64296,0.359595,-0.331728,0.707968,-0.27705,-0.598428,-0.253423,0.681034,-0.117563,0.139035,0.077417,0.535034,-0.281761,-0.766375,0.80263,-0.108113,-0.606642,0.229976,-0.836645,-0.101839,0.485338
2026-03-27T17:22:06.684036+00:00,12.391906,1774632126684036100,0.643307,0.360261,-0.331435,0.708942,-0.27536,-0.598056,-0.252216,0.690047,-0.120274,0.141077,0.065184,0.556269,-0.298329,-0.800902,0.815426,-0.108676,-0.603804,0.236267,-0.837714,-0.099208,0.482373
2026-03-27T17:22:06.700926+00:00,12.408796,1774632126700926100,0.643749,0.360836,-0.331232,0.709514,-0.274259,-0.598922,-0.251084,0.698016,-0.123367,0.142688,0.057179,0.541129,-0.295364,-0.782515,0.826867,-0.109592,-0.601227,0.24233,-0.840987,-0.097129,0.480544
2026-03-27T17:22:06.717927+00:00,12.425797,1774632126717927400,0.644317,0.361433,-0.330968,0.71053,-0.272776,-0.598555,-0.249544,0.706671,-0.126781,0.144371,0.050699,0.513732,-0.284744,-0.746038,0.839129,-0.111094,-0.598464,0.250361,-0.838386,-0.09393,0.475479
2026-03-27T17:22:06.734915+00:00,12.442785,1774632126734915700,0.644926,0.362023,-0.330856,0.711569,-0.271503,-0.598535,-0.248237,0.713813,-0.130668,0.145735,0.042193,0.524724,-0.29304,-0.762556,0.849875,-0.113442,-0.595924,0.259571,-0.836258,-0.089335,0.471242
2026-03-27T17:22:06.752067+00:00,12.459937,1774632126752067400,0.645727,0.362513,-0.330693,0.712616,-0.270162,-0.598503,-0.24689,0.72183,-0.134552,0.1472,0.035148,0.525423,-0.294429,-0.763548,0.86084,-0.1159,-0.593477,0.267121,-0.839449,-0.087438,0.469591
2026-03-27T17:22:06.769073+00:00,12.476943,1774632126769073100,0.646424,0.362784,-0.33066,0.713907,-0.269031,-0.597442,-0.245922,0.727791,-0.138188,0.148244,0.024364,0.586982,-0.330985,-0.851381,0.869919,-0.118831,-0.591391,0.275051,-0.838025,-0.083407,0.463957
2026-03-27T17:22:06.786117+00:00,12.493986,1774632126786116700,0.647385,0.363131,-0.330671,0.714734,-0.268188,-0.598045,-0.244988,0.73448,-0.141618,0.149549,1e-06,10100.372136,-5733.653903,-14606.185257,0.879504,-0.12217,-0.58906,0.280953,-0.838422,-0.078589,0.458676
2026-03-27T17:22:06.803124+00:00,12.510994,1774632126803124400,0.648695,0.363581,-0.330417,0.715816,-0.267134,-0.597524,-0.244231,0.739308,-0.144773,0.150557,0.011671,0.596486,-0.338164,-0.856925,0.887325,-0.125637,-0.587268,0.285949,-0.841207,-0.07279,0.452637
2026-03-27T17:22:06.820956+00:00,12.528826,1774632126820956200,0.649885,0.363858,-0.330227,0.716781,-0.266158,-0.596668,-0.243447,0.744513,-0.147939,0.151613,0.020884,0.224833,-0.126384,-0.32025,0.895452,-0.12939,-0.585464,0.291603,-0.842473,-0.066111,0.44454
2026-03-27T17:22:06.837590+00:00,12.545459,1774632126837589900,0.651236,0.363988,-0.330006,0.717698,-0.265418,-0.59625,-0.242947,0.748586,-0.150744,0.152384,1e-06,3014.981747,-1675.114036,-4251.144826,0.901351,-0.132743,-0.584341,0.297055,-0.845594,-0.05799,0.435946
2026-03-27T17:22:06.854623+00:00,12.562493,1774632126854623200,0.652667,0.364081,-0.329734,0.718424,-0.26482,-0.595575,-0.242612,0.752715,-0.15332,0.15316,1e-06,2066.344023,-1139.178872,-2892.166376,0.907294,-0.135942,-0.58328,0.302038,-0.849537,-0.049275,0.428402
2026-03-27T17:22:06.871630+00:00,12.5795,1774632126871630100,0.654253,0.364115,-0.329383,0.719218,-0.264387,-0.595246,-0.24217,0.755848,-0.155372,0.153745,1e-06,1650.780439,-906.944275,-2298.824489,0.909473,-0.137729,-0.583479,0.304558,-0.849282,-0.041412,0.424036
2026-03-27T17:22:06.888719+00:00,12.596589,1774632126888719100,0.655998,0.364109,-0.329028,0.719776,-0.263987,-0.59526,-0.241786,0.759122,-0.157308,0.154432,1e-06,1526.221633,-839.829445,-2120.323479,0.911084,-0.1391,-0.58392,0.303215,-0.851837,-0.037426,0.426454
2026-03-27T17:22:06.905654+00:00,12.613523,1774632126905653700,0.657871,0.364099,-0.32859,0.720491,-0.263373,-0.594579,-0.241399,0.760995,-0.158445,0.155066,0.011094,0.09123,-0.050621,-0.126583,0.910532,-0.139146,-0.584968,0.303778,-0.850354,-0.032059,0.432594
2026-03-27T17:22:06.923893+00:00,12.631762,1774632126923892800,0.65996,0.364058,-0.328025,0.721033,-0.262832,-0.593998,-0.241428,0.762791,-0.159526,0.155898,0.014542,-0.022561,0.012692,0.031289,0.908407,-0.138454,-0.58746,0.300627,-0.844177,-0.033093,0.441556
2026-03-27T17:22:06.939783+00:00,12.647652,1774632126939782600,0.661918,0.363957,-0.327497,0.72152,-0.262369,-0.593431,-0.241619,0.76319,-0.159826,0.156806,1e-06,-1658.819616,942.707062,2304.650843,0.905084,-0.137654,-0.590442,0.291862,-0.840037,-0.039581,0.453121
2026-03-27T17:22:06.956868+00:00,12.664738,1774632126956868100,0.664025,0.363656,-0.326917,0.721645,-0.262141,-0.5932,-0.242482,0.763622,-0.16007,0.158007,1e-06,-2876.617014,1648.798585,4008.65823,0.899029,-0.135734,-0.594962,0.276909,-0.837039,-0.051227,0.468175
2026-03-27T17:22:06.973832+00:00,12.681701,1774632126973831700,0.666122,0.36323,-0.32628,0.721629,-0.261981,-0.592814,-0.243429,0.762906,-0.160145,0.159213,1e-06,-2341.911197,1352.995634,3279.611468,0.893075,-0.133727,-0.599582,0.268655,-0.831683,-0.058186,0.481087
2026-03-27T17:22:06.990988+00:00,12.698858,1774632126990988200,0.668321,0.362723,-0.325681,0.722124,-0.261732,-0.591787,-0.244754,0.761437,-0.160151,0.160536,0.025074,-0.021891,0.012787,0.030843,0.885965,-0.131764,-0.604914,0.263523,-0.823587,-0.064623,0.493091
2026-03-27T17:22:07.007724+00:00,12.715593,1774632127007723400,0.670431,0.362102,-0.325112,0.722072,-0.261767,-0.591331,-0.24612,0.759336,-0.159994,0.16176,0.001732,0.828197,-0.492841,-1.175561,0.878133,-0.129566,-0.610373,0.260804,-0.815292,-0.070428,0.504745
2026-03-27T17:22:07.024893+00:00,12.732762,1774632127024892700,0.672575,0.361437,-0.324599,0.722721,-0.262003,-0.589642,-0.247686,0.756884,-0.159125,0.163059,0.016412,0.181456,-0.111191,-0.25976,0.86887,-0.128095,-0.616329,0.258014,-0.812071,-0.074829,0.521255
2026-03-27T17:22:07.042001+00:00,12.749871,1774632127042001500,0.674583,0.360634,-0.324156,0.723298,-0.262331,-0.587972,-0.249538,0.753596,-0.158431,0.16432,1e-06,3578.126431,-2273.03803,-5171.611905,0.859253,-0.126846,-0.622236,0.258159,-0.801539,-0.077446,0.534374
2026-03-27T17:22:07.059277+00:00,12.767146,1774632127059276700,0.676587,0.359786,-0.323792,0.723756,-0.26323,-0.586365,-0.251336,0.749744,-0.157699,0.165558,0.016959,0.187066,-0.123904,-0.273218,0.848556,-0.126998,-0.628329,0.259336,-0.789981,-0.077579,0.545094
2026-03-27T17:22:07.077033+00:00,12.784903,1774632127077033200,0.678417,0.358848,-0.323472,0.72453,-0.264344,-0.583962,-0.253148,0.746114,-0.156659,0.166775,0.019696,0.104063,-0.071866,-0.153825,0.838187,-0.127387,-0.634463,0.261414,-0.783412,-0.073706,0.557233
2026-03-27T17:22:07.093406+00:00,12.801275,1774632127093405600,0.680033,0.358073,-0.323245,0.725624,-0.265342,-0.581366,-0.254851,0.741736,-0.156196,0.16788,1e-06,1474.410295,-1050.621271,-2201.840281,0.827763,-0.128904,-0.640138,0.266415,-0.775053,-0.064768,0.563406
2026-03-27T17:22:07.111521+00:00,12.81939,1774632127111520500,0.681668,0.35722,-0.323017,0.72654,-0.266404,-0.579279,-0.256598,0.737353,-0.155552,0.169033,0.009644,0.224692,-0.164193,-0.338697,0.817148,-0.131135,-0.646136,0.269668,-0.772634,-0.054638,0.57564
2026-03-27T17:22:07.127829+00:00,12.835698,1774632127127828800,0.683035,0.356617,-0.322812,0.727673,-0.266543,-0.576931,-0.257926,0.7335,-0.155151,0.16999,0.020497,0.17961,-0.132885,-0.27195,0.807785,-0.135349,-0.650508,0.275225,-0.764329,-0.041865,0.578665
2026-03-27T17:22:07.144913+00:00,12.852783,1774632127144913500,0.684343,0.356121,-0.322572,0.728797,-0.26654,-0.574735,-0.259546,0.728364,-0.155042,0.170848,1e-06,4533.857107,-3385.946155,-6882.280111,0.799308,-0.13935,-0.654676,0.280402,-0.761514,-0.027863,0.585102
2026-03-27T17:22:07.163056+00:00,12.870926,1774632127163056100,0.685504,0.355668,-0.322278,0.729999,-0.266758,-0.572444,-0.260709,0.724155,-0.154785,0.171768,0.024081,0.193692,-0.145896,-0.294267,0.791333,-0.144231,-0.658297,0.28712,-0.757002,-0.011886,0.587814
2026-03-27T17:22:07.179152+00:00,12.887021,1774632127179151600,0.686537,0.355349,-0.322039,0.730906,-0.266816,-0.570967,-0.261574,0.719337,-0.154707,0.172387,0.004742,0.940819,-0.711921,-1.428438,0.783542,-0.149409,-0.661338,0.291247,-0.7548,0.001989,0.590319
2026-03-27T17:22:07.196012+00:00,12.903881,1774632127196011800,0.6875,0.355145,-0.321819,0.732027,-0.266568,-0.569322,-0.262087,0.715707,-0.154587,0.172992,1e-06,4290.446639,-3256.320953,-6499.104202,0.776678,-0.155245,-0.663738,0.292634,-0.751435,0.014198,0.589657
2026-03-27T17:22:07.213006+00:00,12.920876,1774632127213006600,0.688411,0.355008,-0.321615,0.732924,-0.266153,-0.568241,-0.262609,0.711354,-0.154584,0.173458,0.016552,0.259166,-0.197504,-0.392082,0.772482,-0.161037,-0.665199,0.290721,-0.753551,0.025774,0.589631
2026-03-27T17:22:07.230238+00:00,12.938108,1774632127230238200,0.689265,0.354904,-0.321418,0.733656,-0.265681,-0.567447,-0.26328,0.708391,-0.154652,0.17395,0.00194,2.154112,-1.652986,-3.260909,0.767989,-0.167253,-0.666272,0.287974,-0.756977,0.037609,0.586987
2026-03-27T17:22:07.247240+00:00,12.95511,1774632127247240300,0.690022,0.354784,-0.32122,0.734217,-0.265184,-0.566416,-0.264004,0.705124,-0.154769,0.17431,1e-06,3870.114684,-3005.310893,-5874.700844,0.765999,-0.173018,-0.666248,0.284771,-0.762257,0.050032,0.584836
2026-03-27T17:22:07.264260+00:00,12.972129,1774632127264259700,0.690736,0.354658,-0.321045,0.734427,-0.265004,-0.566175,-0.264589,0.702799,-0.154951,0.174628,0.009328,0.375671,-0.296542,-0.572933,0.763703,-0.178617,-0.666019,0.283685,-0.764377,0.061955,0.578105
2026-03-27T17:22:07.281561+00:00,12.98943,1774632127281560700,0.691484,0.354541,-0.320903,0.734569,-0.26476,-0.56558,-0.265236,0.700649,-0.155162,0.174788,0.009217,0.351452,-0.282853,-0.539088,0.76349,-0.183803,-0.665219,0.283697,-0.764867,0.070699,0.569586
2026-03-27T17:22:07.298698+00:00,13.006567,1774632127298697900,0.692086,0.354429,-0.320818,0.734835,-0.264909,-0.565307,-0.265402,0.698832,-0.155402,0.174874,1e-06,2795.532346,-2297.207713,-4306.457937,0.76308,-0.188676,-0.663924,0.282797,-0.768858,0.07821,0.563822
2026-03-27T17:22:07.315773+00:00,13.023642,1774632127315772600,0.692732,0.354275,-0.320753,0.734573,-0.265227,-0.565653,-0.265492,0.697592,-0.155603,0.174942,1e-06,2441.465855,-2051.666379,-3780.014813,0.764259,-0.19246,-0.661581,0.283723,-0.773782,0.083608,0.559227
2026-03-27T17:22:07.332627+00:00,13.040497,1774632127332627200,0.69333,0.35419,-0.320677,0.734494,-0.265326,-0.565329,-0.265357,0.697224,-0.155782,0.174926,0.017372,0.135534,-0.11635,-0.210453,0.765508,-0.195984,-0.659426,0.286315,-0.774155,0.088218,0.552764
2026-03-27T17:22:07.349595+00:00,13.057464,1774632127349594800,0.69388,0.35406,-0.320624,0.73362,-0.265722,-0.566613,-0.265477,0.695891,-0.156,0.174793,1e-06,2517.774701,-2205.818892,-3929.547966,0.767027,-0.199013,-0.657107,0.288051,-0.777924,0.089847,0.549811
2026-03-27T17:22:07.366672+00:00,13.074541,1774632127366671500,0.694404,0.353952,-0.320472,0.73276,-0.26617,-0.567506,-0.265181,0.695912,-0.156211,0.174738,1e-06,2524.94216,-2257.585526,-3953.583539,0.768787,-0.201786,-0.654743,0.289882,-0.780273,0.090881,0.545857
2026-03-27T17:22:07.384311+00:00,13.09218,1774632127384310900,0.694986,0.353779,-0.320204,0.731271,-0.266926,-0.569057,-0.264848,0.69498,-0.156343,0.174642,1e-06,2464.368939,-2250.000834,-3862.895072,0.771418,-0.203795,-0.65204,0.29103,-0.782775,0.090355,0.542388
2026-03-27T17:22:07.402922+00:00,13.110792,1774632127402922600,0.695487,0.353641,-0.319742,0.729332,-0.267842,-0.571522,-0.264325,0.695035,-0.156211,0.174535,1e-06,2574.950457,-2400.010824,-4040.107131,0.774169,-0.205585,-0.649351,0.291078,-0.78874,0.089237,0.540676
2026-03-27T17:22:07.418762+00:00,13.126632,1774632127418762200,0.69616,0.353473,-0.319106,0.726664,-0.268601,-0.574747,-0.263797,0.694651,-0.156041,0.174405,1e-06,3088.966012,-2929.911017,-4850.491881,0.776689,-0.206861,-0.647112,0.293624,-0.786931,0.086765,0.533884
2026-03-27T17:22:07.435266+00:00,13.143136,1774632127435266100,0.696773,0.353338,-0.318082,0.723059,-0.269454,-0.579381,-0.263355,0.694758,-0.155826,0.174296,0.003575,1.062778,-1.025153,-1.672205,0.779632,-0.207626,-0.645031,0.294357,-0.791797,0.084947,0.532003
2026-03-27T17:22:07.452462+00:00,13.160331,1774632127452461700,0.697489,0.353188,-0.316489,0.718232,-0.270323,-0.584934,-0.262453,0.69468,-0.155696,0.174337,0.013012,0.327579,-0.321638,-0.516891,0.782479,-0.208284,-0.643028,0.298792,-0.791665,0.083307,0.525625
2026-03-27T17:22:07.469497+00:00,13.177366,1774632127469496900,0.698134,0.353043,-0.314463,0.711901,-0.271135,-0.592387,-0.261898,0.694974,-0.155632,0.174661,1e-06,4194.915295,-4187.464714,-6643.183529,0.785513,-0.208741,-0.641188,0.30404,-0.791687,0.08181,0.519569
2026-03-27T17:22:07.486549+00:00,13.194418,1774632127486548800,0.698963,0.352821,-0.311863,0.703493,-0.272337,-0.602263,-0.261385,0.695199,-0.155593,0.175249,0.015758,0.231831,-0.23468,-0.368048,0.788555,-0.209152,-0.63942,0.307378,-0.796105,0.080214,0.516305
2026-03-27T17:22:07.503600+00:00,13.21147,1774632127503600300,0.699802,0.35253,-0.308681,0.693325,-0.274004,-0.613481,-0.260705,0.695717,-0.155627,0.17613,1e-06,3004.416823,-3067.225218,-4766.859114,0.791384,-0.209159,-0.638231,0.305459,-0.797543,0.072619,0.514705
2026-03-27T17:22:07.520551+00:00,13.22842,1774632127520550600,0.700396,0.352315,-0.304959,0.681686,-0.275838,-0.625781,-0.260444,0.695717,-0.155713,0.177004,0.003771,0.587982,-0.604054,-0.931476,0.794048,-0.209194,-0.637009,0.307758,-0.79921,0.069853,0.512018
2026-03-27T17:22:07.537607+00:00,13.245477,1774632127537607400,0.700986,0.35209,-0.300743,0.668988,-0.277595,-0.638649,-0.25988,0.695717,-0.155845,0.178285,0.007924,0.14746,-0.152221,-0.233096,0.796316,-0.209003,-0.636224,0.312247,-0.797105,0.067508,0.509017
2026-03-27T17:22:07.554752+00:00,13.262622,1774632127554752300,0.701362,0.351874,-0.29623,0.655054,-0.2792,-0.651914,-0.259238,0.695616,-0.156045,0.17954,1e-06,-595.82293,618.100166,942.073762,0.798041,-0.208283,-0.635643,0.316318,-0.797285,0.06649,0.50884
2026-03-27T17:22:07.571743+00:00,13.279613,1774632127571743300,0.701699,0.351578,-0.291623,0.6403,-0.281777,-0.665873,-0.259195,0.695413,-0.156252,0.181062,0.017012,-0.161749,0.168175,0.255856,0.799295,-0.207584,-0.635582,0.321318,-0.79495,0.066106,0.506088
2026-03-27T17:22:07.588992+00:00,13.296861,1774632127588991900,0.70188,0.351232,-0.286892,0.624725,-0.284336,-0.679524,-0.259291,0.694999,-0.156441,0.18262,0.008716,-0.557649,0.578776,0.881077,0.800466,-0.206915,-0.635609,0.323326,-0.798475,0.066334,0.506231
2026-03-27T17:22:07.605869+00:00,13.313738,1774632127605868600,0.701914,0.350943,-0.282333,0.609947,-0.286964,-0.691394,-0.259458,0.694556,-0.156773,0.184229,0.018555,-0.360368,0.372566,0.568356,0.801455,-0.206287,-0.635604,0.327376,-0.794971,0.066691,0.502034
2026-03-27T17:22:07.622988+00:00,13.330857,1774632127622987400,0.701664,0.350491,-0.277893,0.595152,-0.289632,-0.702873,-0.259547,0.694033,-0.157019,0.185843,0.025455,-0.332506,0.34226,0.522542,0.802081,-0.205964,-0.635598,0.329084,-0.79555,0.067218,0.501299
2026-03-27T17:22:07.639877+00:00,13.347746,1774632127639876800,0.70136,0.350079,-0.273801,0.580747,-0.292194,-0.714104,-0.259885,0.693608,-0.157499,0.187408,0.014119,-0.716985,0.736878,1.12548,0.802387,-0.205913,-0.635576,0.329821,-0.79617,0.067869,0.50128
2026-03-27T17:22:07.657068+00:00,13.364937,1774632127657067900,0.701339,0.3497,-0.269996,0.568059,-0.294279,-0.72383,-0.259807,0.69329,-0.157963,0.189052,0.021485,-0.554981,0.57113,0.872153,0.802445,-0.206104,-0.635577,0.329715,-0.796505,0.069131,0.501452
2026-03-27T17:22:07.674144+00:00,13.382014,1774632127674144100,0.701077,0.349551,-0.266696,0.557365,-0.295158,-0.731618,-0.259129,0.693059,-0.158708,0.19066,0.026597,-0.519785,0.536696,0.818665,0.802446,-0.206367,-0.635626,0.328652,-0.797311,0.070905,0.501928
2026-03-27T17:22:07.691173+00:00,13.399042,1774632127691172900,0.701328,0.349314,-0.264032,0.548806,-0.296137,-0.738188,-0.258249,0.692859,-0.159497,0.192062,0.033504,-0.462324,0.478166,0.730174,0.802422,-0.206903,-0.635733,0.326911,-0.797612,0.071595,0.502143
2026-03-27T17:22:07.708165+00:00,13.416034,1774632127708164900,0.70115,0.349214,-0.261641,0.541502,-0.296626,-0.743328,-0.25762,0.692802,-0.160465,0.19345,0.032728,-0.520598,0.53903,0.824927,0.802363,-0.207769,-0.636077,0.324687,-0.799009,0.072205,0.503094
2026-03-27T17:22:07.725174+00:00,13.433043,1774632127725173900,0.700937,0.349128,-0.259631,0.535229,-0.297039,-0.748192,-0.257482,0.692756,-0.161858,0.194776,0.038437,-0.478499,0.496497,0.761812,0.802294,-0.208331,-0.636374,0.323361,-0.798715,0.073177,0.502605
2026-03-27T17:22:07.742043+00:00,13.449913,1774632127742043500,0.700894,0.349095,-0.258,0.53046,-0.296826,-0.751917,-0.257004,0.693135,-0.163031,0.195897,0.043929,-0.444619,0.462313,0.710418,0.802235,-0.208972,-0.636746,0.320215,-0.80054,0.073066,0.503418
2026-03-27T17:22:07.759037+00:00,13.466906,1774632127759036900,0.700783,0.34912,-0.256648,0.527041,-0.296172,-0.754225,-0.256896,0.693729,-0.164229,0.196766,0.041362,-0.487867,0.507159,0.78062,0.802235,-0.209127,-0.637051,0.316012,-0.801772,0.071049,0.504306
2026-03-27T17:22:07.776306+00:00,13.484176,1774632127776306100,0.700691,0.34919,-0.255535,0.524514,-0.295331,-0.756234,-0.256865,0.694502,-0.165378,0.197443,0.046877,-0.433987,0.45008,0.694308,0.802225,-0.209064,-0.637308,0.312968,-0.801329,0.069027,0.504204
2026-03-27T17:22:07.792917+00:00,13.500787,1774632127792917600,0.70073,0.349234,-0.25462,0.522376,-0.294393,-0.758497,-0.256711,0.695502,-0.166469,0.197944,0.041346,-0.489571,0.505855,0.783019,0.80226,-0.2086,-0.637354,0.309949,-0.802328,0.067292,0.506456
2026-03-27T17:22:07.809979+00:00,13.517848,1774632127809979000,0.700713,0.349357,-0.25383,0.521512,-0.292963,-0.758661,-0.256379,0.696769,-0.167579,0.198243,0.041056,-0.492652,0.507415,0.789056,0.802298,-0.207583,-0.637276,0.308188,-0.800657,0.064916,0.506824
2026-03-27T17:22:07.827037+00:00,13.534907,1774632127827037500,0.700809,0.349451,-0.253132,0.520207,-0.291837,-0.760663,-0.256302,0.698485,-0.168624,0.198506,0.045899,-0.444535,0.457297,0.714663,0.802396,-0.205678,-0.637197,0.305758,-0.801573,0.061476,0.509358
2026-03-27T17:22:07.844095+00:00,13.551964,1774632127844095000,0.700859,0.34959,-0.252536,0.519623,-0.290695,-0.761791,-0.256175,0.700302,-0.169792,0.19856,0.045874,-0.452469,0.46665,0.732413,0.802473,-0.203485,-0.637006,0.304426,-0.800158,0.057131,0.510024
2026-03-27T17:22:07.861102+00:00,13.568971,1774632127861101600,0.700924,0.349675,-0.251958,0.519169,-0.289573,-0.76204,-0.256295,0.702353,-0.170937,0.198655,0.045553,-0.463852,0.48014,0.755653,0.802515,-0.200719,-0.636638,0.301263,-0.802859,0.0512,0.513202
2026-03-27T17:22:07.878207+00:00,13.586076,1774632127878206700,0.70096,0.349719,-0.251421,0.518102,-0.288543,-0.763128,-0.256573,0.704751,-0.172008,0.198677,0.046987,-0.45671,0.475599,0.748178,0.802641,-0.197706,-0.636338,0.298842,-0.803347,0.045259,0.515522
2026-03-27T17:22:07.895343+00:00,13.603212,1774632127895342800,0.70094,0.349742,-0.250874,0.517622,-0.28773,-0.763581,-0.256804,0.707112,-0.173052,0.198617,0.045753,-0.474647,0.49821,0.78189,0.802866,-0.194368,-0.636039,0.296773,-0.802655,0.038977,0.516747
2026-03-27T17:22:07.912451+00:00,13.620321,1774632127912451400,0.700907,0.349752,-0.250463,0.517153,-0.287198,-0.764038,-0.256769,0.709741,-0.174148,0.198512,0.0465,-0.467676,0.495708,0.775547,0.803095,-0.191073,-0.635894,0.293897,-0.803239,0.032709,0.519053
2026-03-27T17:22:07.929472+00:00,13.637341,1774632127929471700,0.700851,0.349754,-0.250021,0.516712,-0.286683,-0.764471,-0.256734,0.712573,-0.175335,0.198378,0.051706,-0.422698,0.453365,0.706678,0.803412,-0.187603,-0.635741,0.292649,-0.799608,0.026963,0.517612
2026-03-27T17:22:07.946481+00:00,13.65435,1774632127946480800,0.700761,0.349738,-0.249716,0.516181,-0.286787,-0.765784,-0.257026,0.714971,-0.176366,0.198186,0.040141,-0.505912,0.542146,0.848628,0.803563,-0.184388,-0.635711,0.289125,-0.803502,0.021913,0.521403
2026-03-27T17:22:07.963490+00:00,13.67136,1774632127963490600,0.70063,0.349751,-0.24942,0.516399,-0.286459,-0.76554,-0.256933,0.717541,-0.177075,0.197931,0.039914,-0.48985,0.52374,0.821973,0.80385,-0.181029,-0.635711,0.287864,-0.800626,0.017819,0.520186
2026-03-27T17:22:07.980529+00:00,13.688399,1774632127980529400,0.700422,0.349782,-0.249184,0.5175,-0.285917,-0.764266,-0.256404,0.719624,-0.177515,0.197597,0.040194,-0.482309,0.514411,0.808433,0.804363,-0.177992,-0.635554,0.284657,-0.803951,0.014279,0.522685
2026-03-27T17:22:07.997562+00:00,13.705431,1774632127997561500,0.700219,0.34979,-0.248992,0.517871,-0.285797,-0.76454,-0.256252,0.722006,-0.178008,0.197334,0.042345,-0.458972,0.489767,0.770948,0.804924,-0.175097,-0.635403,0.282205,-0.803673,0.011058,0.522319
2026-03-27T17:22:08.014749+00:00,13.722618,1774632128014748900,0.699934,0.349797,-0.248855,0.518969,-0.28558,-0.763947,-0.256045,0.723991,-0.178545,0.197049,0.045551,-0.416018,0.445272,0.70276,0.805418,-0.172541,-0.635235,0.279304,-0.805479,0.008322,0.522444
2026-03-27T17:22:08.031819+00:00,13.739689,1774632128031819300,0.699554,0.34979,-0.248746,0.519784,-0.285497,-0.763003,-0.256035,0.726195,-0.179307,0.196768,0.037508,-0.469754,0.507073,0.803446,0.806033,-0.17011,-0.635063,0.276932,-0.807359,0.006282,0.522592
2026-03-27T17:22:08.048693+00:00,13.756563,1774632128048693200,0.699046,0.349776,-0.248669,0.520436,-0.285743,-0.762979,-0.256584,0.727653,-0.180157,0.196442,0.038955,-0.399564,0.436971,0.694015,0.806516,-0.168002,-0.634972,0.275374,-0.808304,0.004554,0.521385
2026-03-27T17:22:08.065565+00:00,13.773434,1774632128065564900,0.698401,0.349849,-0.248689,0.521486,-0.285565,-0.76224,-0.257039,0.728815,-0.180936,0.196269,0.036877,-0.373536,0.412088,0.653677,0.80683,-0.166055,-0.634955,0.274546,-0.809874,0.003798,0.519712
2026-03-27T17:22:08.082263+00:00,13.790133,1774632128082263300,0.697746,0.34986,-0.248672,0.522839,-0.28513,-0.760744,-0.257365,0.728945,-0.181168,0.196117,0.035152,-0.363034,0.402127,0.63699,0.807022,-0.164054,-0.634963,0.274365,-0.808321,0.003261,0.516564
2026-03-27T17:22:08.099336+00:00,13.807206,1774632128099336300,0.697111,0.349833,-0.24863,0.523502,-0.285098,-0.760745,-0.258071,0.728708,-0.181161,0.196079,0.024243,-0.500581,0.555776,0.877305,0.807014,-0.162095,-0.635185,0.273084,-0.809463,0.002844,0.515618
2026-03-27T17:22:08.117036+00:00,13.824905,1774632128117035500,0.696382,0.349866,-0.248654,0.524931,-0.284638,-0.759194,-0.258466,0.727619,-0.180466,0.196075,0.017374,-0.629647,0.698295,1.104303,0.806745,-0.160322,-0.635604,0.269309,-0.816074,0.002046,0.518667
2026-03-27T17:22:08.134110+00:00,13.84198,1774632128134110100,0.695769,0.34988,-0.248664,0.525602,-0.284576,-0.759198,-0.259182,0.725976,-0.178989,0.196494,0.028002,-0.334485,0.370109,0.586117,0.806282,-0.158503,-0.636331,0.26853,-0.813718,0.000491,0.516495
2026-03-27T17:22:08.151272+00:00,13.859142,1774632128151272300,0.695019,0.349974,-0.248709,0.527108,-0.283811,-0.757518,-0.259472,0.723751,-0.176916,0.196967,0.011282,-0.666075,0.735679,1.164623,0.805196,-0.156844,-0.637343,0.267527,-0.812887,-0.001708,0.514006
2026-03-27T17:22:08.168324+00:00,13.876193,1774632128168324000,0.694414,0.350082,-0.248738,0.527878,-0.283447,-0.756664,-0.259618,0.720891,-0.174375,0.197436,0.00886,-0.58365,0.64318,1.015817,0.803818,-0.154971,-0.638742,0.266117,-0.816399,-0.004425,0.51468
2026-03-27T17:22:08.185371+00:00,13.893241,1774632128185371100,0.693741,0.350245,-0.248805,0.528316,-0.283687,-0.757057,-0.259887,0.717308,-0.171415,0.198116,0.013222,-0.19979,0.218876,0.347375,0.801902,-0.153219,-0.640379,0.267053,-0.817045,-0.006833,0.512734
2026-03-27T17:22:08.202336+00:00,13.910205,1774632128202335900,0.693175,0.350418,-0.248858,0.529723,-0.283567,-0.755443,-0.259645,0.713274,-0.168425,0.19869,0.012385,-0.007672,0.008316,0.013338,0.799575,-0.151303,-0.642264,0.268419,-0.81836,-0.009118,0.512504
2026-03-27T17:22:08.219414+00:00,13.927283,1774632128219414000,0.692623,0.350561,-0.248976,0.530267,-0.283825,-0.755505,-0.260155,0.70859,-0.165095,0.199189,1e-06,2043.47074,-2189.695835,-3558.74747,0.79669,-0.149643,-0.644221,0.270829,-0.816102,-0.011258,0.510849
2026-03-27T17:22:08.236437+00:00,13.944307,1774632128236437100,0.692087,0.350685,-0.249127,0.530577,-0.28423,-0.755159,-0.260535,0.703305,-0.161464,0.199444,0.015468,0.22561,-0.240895,-0.392469,0.793012,-0.148396,-0.64635,0.271517,-0.816753,-0.013141,0.51236
2026-03-27T17:22:08.253508+00:00,13.961377,1774632128253507800,0.691585,0.35072,-0.249226,0.530792,-0.28464,-0.754362,-0.260958,0.697188,-0.157856,0.199755,0.02426,0.252225,-0.269828,-0.440792,0.789018,-0.147265,-0.648782,0.273464,-0.812934,-0.01413,0.510951
2026-03-27T17:22:08.270474+00:00,13.978343,1774632128270473700,0.691156,0.350697,-0.249241,0.530717,-0.285194,-0.753237,-0.261533,0.691283,-0.1546,0.200045,0.013951,0.617697,-0.66503,-1.0924,0.784781,-0.146626,-0.651279,0.27355,-0.815275,-0.013858,0.512071
2026-03-27T17:22:08.287526+00:00,13.995396,1774632128287526300,0.690649,0.350529,-0.249317,0.529688,-0.286738,-0.754669,-0.263034,0.68453,-0.151781,0.200047,0.029184,0.352925,-0.382468,-0.63169,0.780055,-0.146279,-0.653943,0.274747,-0.815383,-0.012569,0.511428
2026-03-27T17:22:08.304549+00:00,14.012419,1774632128304549400,0.690263,0.350133,-0.249284,0.529257,-0.287503,-0.753213,-0.263842,0.677749,-0.149272,0.19984,0.029834,0.368621,-0.402531,-0.666207,0.775085,-0.146291,-0.656587,0.277063,-0.81412,-0.010666,0.509508
2026-03-27T17:22:08.321847+00:00,14.029716,1774632128321846700,0.689784,0.349734,-0.249264,0.528763,-0.288226,-0.751985,-0.264804,0.669819,-0.147126,0.198898,0.031778,0.35419,-0.389757,-0.645288,0.769663,-0.146616,-0.659323,0.279486,-0.815702,-0.008345,0.509351
2026-03-27T17:22:08.338917+00:00,14.046787,1774632128338917100,0.689469,0.349244,-0.249146,0.527824,-0.289403,-0.751793,-0.265921,0.661677,-0.145355,0.197739,0.032187,0.35378,-0.392663,-0.649687,0.764211,-0.147067,-0.662097,0.282225,-0.815547,-0.006046,0.508058
2026-03-27T17:22:08.355845+00:00,14.063715,1774632128355845100,0.689076,0.348657,-0.249151,0.526225,-0.291498,-0.753115,-0.26734,0.65351,-0.144357,0.196506,0.029426,0.377008,-0.42248,-0.698585,0.758166,-0.148405,-0.664794,0.287289,-0.813052,-0.001862,0.505032
2026-03-27T17:22:08.372983+00:00,14.080853,1774632128372983400,0.688684,0.348006,-0.249022,0.524695,-0.292605,-0.753015,-0.268696,0.645021,-0.143961,0.19534,0.030887,0.330831,-0.373372,-0.619527,0.751617,-0.150183,-0.667642,0.290214,-0.816055,0.002973,0.504576
2026-03-27T17:22:08.390027+00:00,14.097896,1774632128390026800,0.688186,0.34734,-0.248779,0.522867,-0.293964,-0.752543,-0.270102,0.63561,-0.143983,0.194123,0.016691,0.53584,-0.607357,-1.01363,0.745076,-0.152155,-0.670315,0.29342,-0.814885,0.007342,0.501715
2026-03-27T17:22:08.407024+00:00,14.114893,1774632128407023900,0.687777,0.34653,-0.248461,0.520303,-0.29606,-0.754266,-0.272204,0.626584,-0.144318,0.193037,0.007588,0.93054,-1.056731,-1.77666,0.738276,-0.154393,-0.672981,0.296196,-0.814061,0.011403,0.499228
2026-03-27T17:22:08.424048+00:00,14.131917,1774632128424047500,0.687201,0.345759,-0.248074,0.518478,-0.29712,-0.753243,-0.273651,0.616643,-0.145291,0.191737,0.012846,0.375622,-0.426395,-0.722324,0.731362,-0.156847,-0.675386,0.298507,-0.812883,0.014949,0.497183
2026-03-27T17:22:08.441056+00:00,14.148925,1774632128441056000,0.68665,0.344942,-0.247649,0.515637,-0.298838,-0.754658,-0.275923,0.607391,-0.147042,0.190312,0.012524,0.183223,-0.207213,-0.353344,0.724661,-0.159502,-0.677351,0.300433,-0.815595,0.017907,0.496833
2026-03-27T17:22:08.459069+00:00,14.166938,1774632128459068600,0.686087,0.343991,-0.24702,0.512862,-0.300273,-0.755274,-0.278081,0.59664,-0.148873,0.188443,0.011231,-0.033778,0.038083,0.065345,0.717231,-0.162232,-0.679724,0.303246,-0.815505,0.021291,0.495082
2026-03-27T17:22:08.475640+00:00,14.183509,1774632128475639800,0.685531,0.343062,-0.246387,0.510132,-0.301445,-0.755819,-0.28037,0.586888,-0.15081,0.186658,0.0121,-0.246596,0.277875,0.479309,0.710381,-0.164779,-0.6811,0.308238,-0.815102,0.024786,0.494661
2026-03-27T17:22:08.492785+00:00,14.200654,1774632128492784800,0.684692,0.342078,-0.245784,0.507707,-0.302287,-0.755068,-0.283142,0.578129,-0.153115,0.18505,0.012785,-0.430211,0.486077,0.841118,0.704121,-0.167441,-0.681969,0.314686,-0.812833,0.027537,0.493358
2026-03-27T17:22:08.509706+00:00,14.217576,1774632128509706200,0.683976,0.340994,-0.245204,0.504251,-0.304048,-0.756428,-0.28651,0.569639,-0.155414,0.183422,0.006597,-1.209532,1.371297,2.376408,0.697987,-0.170149,-0.682817,0.320818,-0.808415,0.030279,0.49019
2026-03-27T17:22:08.526793+00:00,14.234662,1774632128526792400,0.683052,0.340099,-0.244769,0.502029,-0.305102,-0.756112,-0.289176,0.560634,-0.157726,0.181731,0.030567,-0.339345,0.387067,0.668361,0.692027,-0.173227,-0.683627,0.324785,-0.808292,0.033583,0.48917
2026-03-27T17:22:08.543993+00:00,14.251862,1774632128543992700,0.682224,0.339232,-0.244432,0.500282,-0.30572,-0.75587,-0.291633,0.552832,-0.160071,0.180159,0.033542,-0.378836,0.436087,0.748611,0.686836,-0.176472,-0.68412,0.32843,-0.806608,0.037325,0.486884
2026-03-27T17:22:08.561030+00:00,14.268899,1774632128561030000,0.68117,0.338561,-0.244258,0.499441,-0.306153,-0.754768,-0.293738,0.545415,-0.162336,0.178765,0.039589,-0.377121,0.439852,0.748705,0.681831,-0.179887,-0.684534,0.329379,-0.809539,0.041559,0.487211
2026-03-27T17:22:08.578029+00:00,14.285898,1774632128578028900,0.680105,0.337933,-0.244226,0.498517,-0.306623,-0.754498,-0.296088,0.539287,-0.164533,0.177748,0.045248,-0.3759,0.445706,0.75246,0.677734,-0.183189,-0.684648,0.329484,-0.808988,0.04521,0.486855
2026-03-27T17:22:08.595124+00:00,14.302994,1774632128595124300,0.678971,0.33742,-0.244227,0.498205,-0.306681,-0.753493,-0.298251,0.533513,-0.16639,0.17694,0.047436,-0.392272,0.472809,0.792596,0.67377,-0.186462,-0.684783,0.328226,-0.808825,0.048279,0.487164
2026-03-27T17:22:08.612091+00:00,14.319961,1774632128612091300,0.677939,0.337174,-0.244302,0.497696,-0.306821,-0.75326,-0.300509,0.529274,-0.167783,0.176524,0.050871,-0.386804,0.472991,0.788835,0.670558,-0.189382,-0.684798,0.326093,-0.809149,0.050819,0.488464
2026-03-27T17:22:08.629128+00:00,14.336997,1774632128629128000,0.676822,0.336965,-0.244696,0.497685,-0.306855,-0.753467,-0.302414,0.525497,-0.168709,0.176133,0.052576,-0.394658,0.490281,0.814134,0.667783,-0.19222,-0.684776,0.324281,-0.808124,0.052469,0.488778
2026-03-27T17:22:08.646328+00:00,14.354197,1774632128646327900,0.675421,0.336738,-0.245665,0.499462,-0.30627,-0.751162,-0.303087,0.523403,-0.169031,0.175947,0.059731,-0.369714,0.470156,0.772765,0.665584,-0.194689,-0.684721,0.322721,-0.806967,0.053393,0.488676
2026-03-27T17:22:08.663309+00:00,14.371179,1774632128663309400,0.674271,0.336632,-0.24656,0.501005,-0.305917,-0.749874,-0.303603,0.521978,-0.167906,0.175919,0.063554,-0.374635,0.494628,0.792541,0.664111,-0.196667,-0.684701,0.320104,-0.810106,0.053905,0.49152
2026-03-27T17:22:08.680409+00:00,14.388279,1774632128680409300,0.673155,0.336635,-0.247521,0.503103,-0.305354,-0.748251,-0.304278,0.521712,-0.164928,0.176148,0.070753,-0.371518,0.516666,0.790047,0.663132,-0.198209,-0.684673,0.318107,-0.810475,0.054355,0.492815
2026-03-27T17:22:08.698518+00:00,14.406387,1774632128698517800,0.671971,0.336677,-0.248694,0.50478,-0.305443,-0.748601,-0.305355,0.522157,-0.160613,0.176487,0.077336,-0.362782,0.530957,0.774137,0.662793,-0.199434,-0.684644,0.314536,-0.811654,0.054632,0.493036
2026-03-27T17:22:08.715009+00:00,14.422878,1774632128715008800,0.670734,0.336835,-0.24989,0.507685,-0.304633,-0.745877,-0.305037,0.523953,-0.155443,0.176835,0.077115,-0.370647,0.567762,0.793158,0.662807,-0.199956,-0.684546,0.312406,-0.809362,0.055839,0.491076
2026-03-27T17:22:08.731530+00:00,14.4394,1774632128731530600,0.669274,0.336987,-0.251395,0.510119,-0.304369,-0.744712,-0.304597,0.526883,-0.149613,0.176865,0.076858,-0.347253,0.549602,0.745571,0.662765,-0.199716,-0.684456,0.31442,-0.808093,0.060786,0.490751
2026-03-27T17:22:08.748707+00:00,14.456576,1774632128748706600,0.668012,0.337384,-0.252727,0.513289,-0.304017,-0.742724,-0.30397,0.53116,-0.142769,0.176533,0.066971,-0.330103,0.536214,0.712009,0.662812,-0.198957,-0.684282,0.318474,-0.808672,0.066808,0.491854
2026-03-27T17:22:08.765598+00:00,14.473467,1774632128765597800,0.666842,0.33783,-0.253917,0.516265,-0.303112,-0.741318,-0.303388,0.536467,-0.135288,0.176129,0.039626,-0.384655,0.636828,0.833379,0.662692,-0.196645,-0.684246,0.330316,-0.804275,0.074061,0.49125
2026-03-27T17:22:08.782603+00:00,14.490472,1774632128782603000,0.665311,0.338672,-0.25539,0.518888,-0.302348,-0.740498,-0.302592,0.543098,-0.127202,0.174276,0.029092,-0.264261,0.445793,0.575765,0.662457,-0.193966,-0.684287,0.341415,-0.799573,0.076365,0.490772
2026-03-27T17:22:08.799701+00:00,14.507571,1774632128799701100,0.663953,0.339308,-0.256606,0.521458,-0.301581,-0.739523,-0.30159,0.551029,-0.118868,0.171396,0.012886,0.046118,-0.079494,-0.101857,0.662371,-0.191087,-0.684388,0.353099,-0.792992,0.075291,0.489185
2026-03-27T17:22:08.816688+00:00,14.524557,1774632128816687800,0.662623,0.339859,-0.257587,0.524653,-0.30019,-0.737128,-0.300484,0.560301,-0.110677,0.167791,0.029343,0.317396,-0.563468,-0.721233,0.662047,-0.187794,-0.684564,0.363275,-0.789575,0.070525,0.489376
2026-03-27T17:22:08.833724+00:00,14.541593,1774632128833723900,0.661197,0.340449,-0.258642,0.526992,-0.298991,-0.735749,-0.299819,0.571052,-0.102653,0.163179,0.058058,0.309263,-0.570633,-0.733635,0.661938,-0.184445,-0.684747,0.373274,-0.784892,0.064036,0.489102
2026-03-27T17:22:08.850982+00:00,14.558851,1774632128850981700,0.659502,0.341239,-0.259833,0.528655,-0.298212,-0.735754,-0.299757,0.582139,-0.095036,0.157758,0.085991,0.299924,-0.582037,-0.753111,0.661542,-0.180714,-0.685224,0.382979,-0.781589,0.057348,0.489488
2026-03-27T17:22:08.867715+00:00,14.575585,1774632128867715200,0.658032,0.341756,-0.260763,0.530269,-0.297189,-0.735843,-0.299751,0.594319,-0.088042,0.151341,0.112414,0.284296,-0.584986,-0.762352,0.661319,-0.17716,-0.685475,0.392724,-0.777381,0.051147,0.489256
2026-03-27T17:22:08.884800+00:00,14.59267,1774632128884800200,0.656503,0.342256,-0.261657,0.531948,-0.295913,-0.735209,-0.29958,0.606458,-0.081715,0.143815,0.138006,0.263245,-0.581353,-0.763858,0.660926,-0.173649,-0.685754,0.401293,-0.773726,0.044433,0.489475
2026-03-27T17:22:08.901764+00:00,14.609633,1774632128901764000,0.654845,0.342736,-0.262463,0.533502,-0.294532,-0.733901,-0.299209,0.619819,-0.076209,0.135509,0.162964,0.23875,-0.571927,-0.760504,0.660661,-0.170346,-0.685951,0.408233,-0.770491,0.037441,0.488913
2026-03-27T17:22:08.918904+00:00,14.626773,1774632128918903800,0.653172,0.343169,-0.263305,0.53476,-0.293682,-0.733732,-0.299346,0.632587,-0.071902,0.126222,0.183842,0.217802,-0.571883,-0.774316,0.659943,-0.167174,-0.686509,0.413191,-0.769086,0.030382,0.488336
2026-03-27T17:22:08.937084+00:00,14.644953,1774632128937084000,0.65142,0.343613,-0.264148,0.536169,-0.292224,-0.732701,-0.299165,0.646596,-0.068379,0.116115,0.207029,0.192585,-0.56189,-0.775927,0.659654,-0.164262,-0.686599,0.417154,-0.767242,0.023626,0.487404
2026-03-27T17:22:08.954354+00:00,14.662223,1774632128954354000,0.649684,0.34402,-0.265096,0.537322,-0.291596,-0.732753,-0.299343,0.659799,-0.065854,0.104434,0.22973,0.167872,-0.555576,-0.782606,0.659002,-0.16149,-0.6866,0.420317,-0.765748,0.01694,0.487208
2026-03-27T17:22:08.970392+00:00,14.678261,1774632128970391600,0.648026,0.344487,-0.265942,0.538018,-0.290851,-0.732955,-0.299315,0.67104,-0.064622,0.093431,0.250261,0.14554,-0.549822,-0.785558,0.657977,-0.159284,-0.686811,0.422654,-0.763831,0.011703,0.487601
2026-03-27T17:22:08.987453+00:00,14.695323,1774632128987453400,0.646308,0.344914,-0.266856,0.539356,-0.289895,-0.731993,-0.298633,0.683818,-0.064176,0.081675,0.270515,0.120844,-0.545281,-0.786585,0.657249,-0.156974,-0.686469,0.425245,-0.762215,0.00685,0.487837
2026-03-27T17:22:09.004482+00:00,14.712351,1774632129004481900,0.644668,0.345284,-0.267873,0.540487,-0.289583,-0.732031,-0.298584,0.696216,-0.064647,0.069703,0.289224,0.093472,-0.541176,-0.782569,0.656475,-0.154847,-0.685917,0.426758,-0.761785,0.002521,0.488571
2026-03-27T17:22:09.021531+00:00,14.729401,1774632129021531100,0.642974,0.345691,-0.268855,0.541627,-0.289013,-0.731399,-0.298268,0.707002,-0.065772,0.057093,0.30509,0.064168,-0.541306,-0.782013,0.655261,-0.153193,-0.685531,0.428173,-0.760329,-0.000507,0.487823
2026-03-27T17:22:09.038504+00:00,14.746374,1774632129038504200,0.641351,0.346047,-0.269919,0.543416,-0.288106,-0.730056,-0.298131,0.718564,-0.068122,0.044973,0.320691,0.031901,-0.542054,-0.776773,0.654384,-0.151627,-0.684947,0.428187,-0.760814,-0.003273,0.487998
2026-03-27T17:22:09.055506+00:00,14.763376,1774632129055506400,0.639756,0.346394,-0.270956,0.544568,-0.287277,-0.729423,-0.298092,0.727999,-0.071231,0.032529,0.335275,-0.00177,-0.544278,-0.76932,0.653158,-0.150504,-0.684505,0.427346,-0.760801,-0.005655,0.487822
2026-03-27T17:22:09.072679+00:00,14.780548,1774632129072679000,0.638279,0.346769,-0.27214,0.546549,-0.28628,-0.728547,-0.298145,0.738317,-0.074989,0.020606,0.348454,-0.036018,-0.548955,-0.759249,0.652021,-0.149598,-0.683945,0.425654,-0.761914,-0.007897,0.48816
2026-03-27T17:22:09.089890+00:00,14.79776,1774632129089890200,0.63685,0.347199,-0.273309,0.548653,-0.284885,-0.726796,-0.297537,0.746154,-0.079353,0.008645,0.360558,-0.069575,-0.554457,-0.745366,0.650493,-0.149035,-0.68355,0.424306,-0.761581,-0.009441,0.487595
2026-03-27T17:22:09.106680+00:00,14.814549,1774632129106679800,0.635573,0.34763,-0.274577,0.550816,-0.283535,-0.725698,-0.297619,0.754574,-0.083999,-0.002163,0.369596,-0.102044,-0.561457,-0.733284,0.648948,-0.148594,-0.683183,0.422074,-0.763536,-0.010315,0.488817
2026-03-27T17:22:09.123675+00:00,14.831544,1774632129123674900,0.634417,0.348119,-0.275946,0.553272,-0.282384,-0.724215,-0.297439,0.760678,-0.088809,-0.012879,0.377878,-0.133931,-0.566364,-0.720801,0.64692,-0.148494,-0.682974,0.419941,-0.76402,-0.010868,0.490224
2026-03-27T17:22:09.140884+00:00,14.848754,1774632129140884400,0.633453,0.348537,-0.277483,0.556122,-0.28168,-0.723,-0.29683,0.766403,-0.093829,-0.023062,0.385666,-0.163704,-0.568624,-0.709042,0.644891,-0.148407,-0.6827,0.417171,-0.765317,-0.011235,0.492252
2026-03-27T17:22:09.157744+00:00,14.865614,1774632129157744400,0.632582,0.349015,-0.279064,0.558836,-0.281588,-0.721943,-0.296016,0.772664,-0.098676,-0.032097,0.393026,-0.189937,-0.567432,-0.698782,0.642735,-0.148401,-0.682604,0.414926,-0.765212,-0.011227,0.492738
2026-03-27T17:22:09.174773+00:00,14.882643,1774632129174773500,0.631899,0.349424,-0.280783,0.562336,-0.281157,-0.719409,-0.294529,0.777189,-0.103114,-0.040755,0.399227,-0.213042,-0.564797,-0.690932,0.640485,-0.148752,-0.682563,0.413042,-0.765062,-0.011045,0.492804
2026-03-27T17:22:09.191758+00:00,14.899627,1774632129191757800,0.631319,0.349798,-0.282549,0.565552,-0.281136,-0.717228,-0.29343,0.782435,-0.107307,-0.048331,0.40351,-0.231179,-0.560547,-0.685228,0.638089,-0.149294,-0.682605,0.411072,-0.766285,-0.010486,0.493127
2026-03-27T17:22:09.208717+00:00,14.916587,1774632129208717400,0.630892,0.350113,-0.284366,0.568857,-0.281085,-0.714914,-0.29205,0.786065,-0.111075,-0.055206,0.405109,-0.246041,-0.555994,-0.683633,0.6356,-0.149869,-0.682763,0.410284,-0.766441,-0.009462,0.493407
2026-03-27T17:22:09.225827+00:00,14.933697,1774632129225827300,0.630542,0.350372,-0.286266,0.571906,-0.28192,-0.713531,-0.291035,0.790618,-0.114557,-0.061389,0.406212,-0.257568,-0.548715,-0.683006,0.632702,-0.150437,-0.683151,0.410121,-0.766213,-0.008052,0.494217
2026-03-27T17:22:09.242853+00:00,14.950723,1774632129242853500,0.630298,0.350602,-0.288079,0.57502,-0.281964,-0.710822,-0.289519,0.794834,-0.117657,-0.06705,0.406409,-0.267994,-0.541763,-0.685713,0.629633,-0.151042,-0.683622,0.409934,-0.765475,-0.006673,0.495514
2026-03-27T17:22:09.259863+00:00,14.967733,1774632129259863200,0.630118,0.35077,-0.289954,0.577666,-0.282638,-0.709187,-0.288667,0.797361,-0.12023,-0.072101,0.408143,-0.276672,-0.533413,-0.68752,0.626435,-0.151677,-0.684123,0.409257,-0.765474,-0.005251,0.49731
2026-03-27T17:22:09.276741+00:00,14.98461,1774632129276740700,0.630003,0.350872,-0.291751,0.580295,-0.283661,-0.707609,-0.287866,0.800634,-0.122422,-0.076913,0.411303,-0.283664,-0.527534,-0.686851,0.623187,-0.152316,-0.68465,0.409343,-0.764022,-0.003854,0.498132
2026-03-27T17:22:09.293751+00:00,15.001621,1774632129293751400,0.629908,0.350962,-0.293531,0.582937,-0.284443,-0.705446,-0.286799,0.802504,-0.124063,-0.081177,0.415252,-0.289131,-0.524046,-0.684658,0.619718,-0.152784,-0.685199,0.408609,-0.764104,-0.002253,0.500095
2026-03-27T17:22:09.310793+00:00,15.018662,1774632129310792600,0.629661,0.351057,-0.295255,0.585743,-0.284994,-0.702559,-0.285435,0.804257,-0.125354,-0.085005,0.41855,-0.294406,-0.521423,-0.681962,0.615941,-0.153507,-0.68622,0.40902,-0.762059,-0.000353,0.501524
2026-03-27T17:22:09.327835+00:00,15.035704,1774632129327834900,0.629673,0.351123,-0.296985,0.587907,-0.285718,-0.701503,-0.284653,0.806528,-0.127042,-0.088671,0.420054,-0.300802,-0.517574,-0.680834,0.612188,-0.154151,-0.687031,0.409089,-0.760878,0.00144,0.503158
2026-03-27T17:22:09.344970+00:00,15.052839,1774632129344969900,0.629821,0.351192,-0.298679,0.590298,-0.286544,-0.69935,-0.283455,0.808007,-0.128748,-0.091706,0.41881,-0.308923,-0.513812,-0.684079,0.608321,-0.15479,-0.687854,0.409074,-0.759707,0.003282,0.504889
2026-03-27T17:22:09.362188+00:00,15.070057,1774632129362187800,0.63002,0.351252,-0.300389,0.592598,-0.287397,-0.697537,-0.282256,0.80986,-0.130812,-0.094736,0.418131,-0.3159,-0.508263,-0.685461,0.604443,-0.155436,-0.688689,0.409064,-0.758367,0.005131,0.506892
2026-03-27T17:22:09.379257+00:00,15.087126,1774632129379256800,0.630183,0.351291,-0.302151,0.594658,-0.288474,-0.696266,-0.281152,0.810955,-0.132818,-0.09714,0.418142,-0.320689,-0.505461,-0.683219,0.600461,-0.156121,-0.689871,0.408397,-0.757992,0.007341,0.510455
2026-03-27T17:22:09.396262+00:00,15.104131,1774632129396261900,0.630287,0.35134,-0.30391,0.596919,-0.289438,-0.694066,-0.279673,0.812001,-0.134814,-0.099436,0.417414,-0.3267,-0.505951,-0.680596,0.596504,-0.156748,-0.691154,0.409133,-0.754603,0.009747,0.511533
2026-03-27T17:22:09.413386+00:00,15.121255,1774632129413385900,0.630537,0.351322,-0.305662,0.599097,-0.290745,-0.692053,-0.278534,0.81265,-0.136757,-0.101368,0.416659,-0.332613,-0.507438,-0.67683,0.592566,-0.15753,-0.692351,0.407626,-0.755512,0.012309,0.515538
2026-03-27T17:22:09.430414+00:00,15.138283,1774632129430413700,0.630708,0.351322,-0.307523,0.601597,-0.291877,-0.690066,-0.277242,0.813338,-0.138704,-0.103108,0.415338,-0.338373,-0.507613,-0.672999,0.588614,-0.158192,-0.693848,0.407588,-0.752752,0.014912,0.516858
2026-03-27T17:22:09.447555+00:00,15.155425,1774632129447555400,0.630989,0.351291,-0.309358,0.603546,-0.293068,-0.688628,-0.276014,0.813745,-0.140496,-0.104353,0.412643,-0.344397,-0.506988,-0.67275,0.584682,-0.15887,-0.695286,0.407102,-0.750644,0.01773,0.519181
2026-03-27T17:22:09.464508+00:00,15.172378,1774632129464508200,0.631134,0.351256,-0.311217,0.605921,-0.294323,-0.686203,-0.274591,0.814148,-0.141897,-0.105307,0.409899,-0.349073,-0.505471,-0.675329,0.580758,-0.159498,-0.696772,0.406672,-0.748865,0.020589,0.522052
2026-03-27T17:22:09.481526+00:00,15.189396,1774632129481526200,0.631248,0.351316,-0.313242,0.608323,-0.295883,-0.683639,-0.273475,0.814489,-0.142656,-0.105632,0.408214,-0.350868,-0.50141,-0.677323,0.576919,-0.159932,-0.698366,0.405643,-0.747836,0.023333,0.526215
2026-03-27T17:22:09.498557+00:00,15.206426,1774632129498556600,0.631537,0.35118,-0.31526,0.610922,-0.297443,-0.681055,-0.272402,0.814851,-0.143223,-0.10595,0.405924,-0.352844,-0.494562,-0.681557,0.573034,-0.160408,-0.699836,0.405897,-0.74476,0.025694,0.528177
2026-03-27T17:22:09.515665+00:00,15.223535,1774632129515665500,0.631799,0.350963,-0.317357,0.612977,-0.299285,-0.679556,-0.27159,0.815213,-0.143102,-0.10571,0.403126,-0.35245,-0.489714,-0.68701,0.569415,-0.160698,-0.70151,0.4049,-0.743727,0.02804,0.532354
2026-03-27T17:22:09.532602+00:00,15.240471,1774632129532601600,0.632002,0.35077,-0.319457,0.615647,-0.300819,-0.676869,-0.270278,0.815428,-0.142816,-0.105273,0.400098,-0.351288,-0.486755,-0.692982,0.565688,-0.160956,-0.702991,0.40517,-0.741164,0.030356,0.53474
2026-03-27T17:22:09.549650+00:00,15.257519,1774632129549649800,0.632257,0.350582,-0.32161,0.618198,-0.302681,-0.674321,-0.269,0.815701,-0.141711,-0.104381,0.399567,-0.347746,-0.483303,-0.696533,0.562172,-0.161035,-0.704623,0.404982,-0.738875,0.032563,0.538729
2026-03-27T17:22:09.566793+00:00,15.274662,1774632129566793000,0.632413,0.350422,-0.32378,0.621368,-0.304267,-0.670612,-0.267192,0.815968,-0.13989,-0.103417,0.400462,-0.342661,-0.480411,-0.700842,0.55857,-0.161066,-0.706023,0.405348,-0.73546,0.034395,0.541454
2026-03-27T17:22:09.583856+00:00,15.291726,1774632129583856500,0.632682,0.350232,-0.325887,0.623955,-0.306131,-0.668012,-0.265636,0.816072,-0.137508,-0.101989,0.402539,-0.336274,-0.476846,-0.704819,0.555126,-0.161058,-0.70745,0.405005,-0.733099,0.036183,0.544815
2026-03-27T17:22:09.600816+00:00,15.308685,1774632129600815500,0.632794,0.350033,-0.327973,0.626228,-0.308186,-0.665743,-0.264233,0.816371,-0.134763,-0.100427,0.404332,-0.328676,-0.475831,-0.709954,0.551889,-0.161044,-0.70871,0.404543,-0.731131,0.037645,0.548794
2026-03-27T17:22:09.617850+00:00,15.325719,1774632129617850000,0.633015,0.349825,-0.329973,0.628392,-0.310446,-0.663477,-0.262918,0.816844,-0.131703,-0.098495,0.407017,-0.319047,-0.474153,-0.712701,0.548829,-0.161005,-0.709859,0.404745,-0.727443,0.038807,0.550365
2026-03-27T17:22:09.634747+00:00,15.342616,1774632129634746800,0.633112,0.349617,-0.331855,0.630685,-0.311865,-0.660698,-0.261288,0.817334,-0.128418,-0.096161,0.409338,-0.30904,-0.474554,-0.716021,0.546122,-0.161012,-0.711033,0.403988,-0.726279,0.039943,0.553569
2026-03-27T17:22:09.651809+00:00,15.359678,1774632129651808600,0.633196,0.349408,-0.333605,0.632913,-0.313415,-0.657902,-0.259751,0.818261,-0.125133,-0.093491,0.411881,-0.298366,-0.476182,-0.717061,0.543585,-0.160993,-0.712026,0.403099,-0.725135,0.041038,0.555885
2026-03-27T17:22:09.668904+00:00,15.376774,1774632129668904100,0.63317,0.349148,-0.33519,0.634045,-0.315421,-0.656997,-0.259153,0.819869,-0.121914,-0.090508,0.413018,-0.289876,-0.478006,-0.718828,0.54157,-0.160982,-0.71296,0.402459,-0.724697,0.041922,0.557617
2026-03-27T17:22:09.685877+00:00,15.393746,1774632129685876700,0.633164,0.348928,-0.336579,0.635308,-0.316893,-0.655212,-0.258029,0.820818,-0.119345,-0.087443,0.412873,-0.283702,-0.478672,-0.722023,0.539737,-0.160982,-0.713799,0.401437,-0.724694,0.042741,0.560323
2026-03-27T17:22:09.702914+00:00,15.410783,1774632129702913500,0.633093,0.3487,-0.337784,0.635925,-0.31865,-0.654582,-0.257419,0.822146,-0.117411,-0.084491,0.412642,-0.278058,-0.47835,-0.72364,0.538092,-0.160984,-0.714423,0.401789,-0.722657,0.043312,0.560499
2026-03-27T17:22:09.719789+00:00,15.427658,1774632129719788600,0.633014,0.348512,-0.338747,0.636487,-0.319792,-0.653535,-0.256904,0.823288,-0.116162,-0.081875,0.411141,-0.274063,-0.479546,-0.725473,0.536771,-0.160994,-0.71493,0.401321,-0.722694,0.04387,0.561859
2026-03-27T17:22:09.736744+00:00,15.444614,1774632129736744300,0.632894,0.34836,-0.339539,0.636805,-0.320402,-0.65271,-0.256256,0.824164,-0.115426,-0.079711,0.409609,-0.270824,-0.481067,-0.72666,0.535735,-0.161049,-0.715283,0.401681,-0.721108,0.044171,0.562323
2026-03-27T17:22:09.753758+00:00,15.461628,1774632129753758100,0.632654,0.34825,-0.34021,0.63701,-0.321062,-0.652004,-0.25588,0.825255,-0.115215,-0.07828,0.407361,-0.268675,-0.482944,-0.728118,0.534958,-0.161152,-0.715528,0.401786,-0.720028,0.044317,0.562109
2026-03-27T17:22:09.770775+00:00,15.478644,1774632129770774400,0.632332,0.34815,-0.340796,0.636826,-0.321897,-0.652205,-0.255406,0.825803,-0.115284,-0.077426,0.405109,-0.26809,-0.483969,-0.728141,0.534465,-0.16128,-0.715642,0.400976,-0.720974,0.04445,0.563146
2026-03-27T17:22:09.787819+00:00,15.495688,1774632129787818900,0.632039,0.348098,-0.341326,0.636862,-0.322386,-0.652186,-0.25458,0.826528,-0.116164,-0.077282,0.402209,-0.269454,-0.483056,-0.729319,0.534166,-0.161442,-0.715654,0.400162,-0.721871,0.044468,0.564247
2026-03-27T17:22:09.804841+00:00,15.51271,1774632129804841000,0.631673,0.348068,-0.341792,0.6367,-0.323228,-0.652362,-0.254109,0.826587,-0.117562,-0.077349,0.398237,-0.273605,-0.481217,-0.732182,0.534103,-0.161591,-0.715591,0.399954,-0.721183,0.044356,0.563451
2026-03-27T17:22:09.821890+00:00,15.529759,1774632129821889500,0.631335,0.348063,-0.342257,0.63677,-0.323694,-0.652319,-0.253285,0.827188,-0.119403,-0.078158,0.394394,-0.278431,-0.477961,-0.733614,0.534262,-0.161729,-0.715507,0.398171,-0.722992,0.044212,0.564595
2026-03-27T17:22:09.838846+00:00,15.546716,1774632129838846400,0.630965,0.348077,-0.34275,0.637007,-0.323833,-0.652104,-0.25245,0.827008,-0.121381,-0.079419,0.390633,-0.283919,-0.475227,-0.734386,0.53443,-0.16185,-0.715394,0.397907,-0.722634,0.043807,0.563146
2026-03-27T17:22:09.856110+00:00,15.563979,1774632129856109800,0.630621,0.348092,-0.343218,0.637135,-0.324477,-0.652546,-0.251805,0.827222,-0.12365,-0.081199,0.386966,-0.289791,-0.474929,-0.734957,0.534809,-0.161943,-0.715164,0.397721,-0.722198,0.043475,0.562209
2026-03-27T17:22:09.873097+00:00,15.580966,1774632129873096600,0.630312,0.348186,-0.343652,0.637437,-0.324292,-0.652517,-0.251022,0.827308,-0.125966,-0.083101,0.384413,-0.295286,-0.475874,-0.733878,0.535599,-0.161987,-0.71468,0.39684,-0.723388,0.043166,0.562704
2026-03-27T17:22:09.890087+00:00,15.597956,1774632129890086900,0.629996,0.348378,-0.344071,0.637748,-0.324404,-0.652717,-0.250311,0.826868,-0.12817,-0.084961,0.383184,-0.300874,-0.477514,-0.732422,0.536306,-0.161992,-0.714184,0.39582,-0.725368,0.042562,0.562949
2026-03-27T17:22:09.907173+00:00,15.615042,1774632129907172700,0.62965,0.348622,-0.344395,0.638557,-0.324003,-0.651425,-0.249216,0.826416,-0.130443,-0.086804,0.382902,-0.30657,-0.477317,-0.730291,0.537199,-0.161965,-0.713638,0.395681,-0.725255,0.041561,0.561831
2026-03-27T17:22:09.924379+00:00,15.632248,1774632129924378600,0.629341,0.348848,-0.344759,0.638877,-0.3241,-0.651625,-0.248502,0.825849,-0.132683,-0.088529,0.38307,-0.311889,-0.476563,-0.72844,0.53835,-0.161946,-0.713038,0.395359,-0.72645,0.040573,0.560833
2026-03-27T17:22:09.941420+00:00,15.64929,1774632129941420200,0.629055,0.349047,-0.345061,0.639138,-0.324229,-0.651876,-0.247936,0.825833,-0.134795,-0.08999,0.384767,-0.31396,-0.47734,-0.725457,0.539632,-0.161882,-0.712401,0.395095,-0.72728,0.039653,0.559677
2026-03-27T17:22:09.958483+00:00,15.666352,1774632129958482500,0.628776,0.349236,-0.345334,0.639378,-0.324109,-0.651635,-0.247226,0.825815,-0.136843,-0.091326,0.385006,-0.315351,-0.481303,-0.722459,0.540732,-0.161875,-0.711847,0.395765,-0.726714,0.038862,0.557828
2026-03-27T17:22:09.975479+00:00,15.683348,1774632129975478700,0.628535,0.349406,-0.345549,0.639628,-0.324232,-0.651896,-0.246674,0.825924,-0.138828,-0.092323,0.384794,-0.315284,-0.485333,-0.717812,0.542129,-0.16186,-0.711177,0.395276,-0.728039,0.038009,0.556878
2026-03-27T17:22:09.993365+00:00,15.701234,1774632129993364800,0.628308,0.349585,-0.345744,0.639841,-0.324136,-0.651702,-0.246056,0.826275,-0.140942,-0.09322,0.381783,-0.316896,-0.49001,-0.717994,0.543393,-0.161841,-0.710525,0.394658,-0.729483,0.037041,0.555846
2026-03-27T17:22:10.010907+00:00,15.718776,1774632130010906700,0.628116,0.349725,-0.345887,0.640029,-0.324282,-0.652008,-0.245689,0.826631,-0.143007,-0.093803,0.379201,-0.31798,-0.491696,-0.716556,0.544822,-0.161803,-0.709882,0.393252,-0.732596,0.036288,0.555758
2026-03-27T17:22:10.027828+00:00,15.735698,1774632130027828300,0.627939,0.349852,-0.345944,0.640179,-0.324183,-0.651939,-0.245439,0.827355,-0.144947,-0.094316,0.377052,-0.319247,-0.493271,-0.716424,0.545997,-0.161741,-0.709323,0.393061,-0.733347,0.0356,0.554468
2026-03-27T17:22:10.044503+00:00,15.752372,1774632130044503000,0.627851,0.349991,-0.346029,0.640324,-0.323648,-0.651659,-0.245407,0.827986,-0.146891,-0.094776,0.375443,-0.3205,-0.494235,-0.717223,0.546998,-0.161725,-0.708808,0.393511,-0.733264,0.034513,0.552609
2026-03-27T17:22:10.061520+00:00,15.769389,1774632130061519600,0.627756,0.350093,-0.346071,0.640404,-0.323363,-0.651579,-0.245497,0.828258,-0.147932,-0.095041,0.376176,-0.319171,-0.491959,-0.717851,0.548276,-0.161637,-0.708217,0.39322,-0.73495,0.033585,0.552071
2026-03-27T17:22:10.078582+00:00,15.786452,1774632130078582200,0.627669,0.350183,-0.346076,0.640529,-0.323041,-0.651458,-0.245457,0.828921,-0.147927,-0.095058,0.37799,-0.317622,-0.491141,-0.718678,0.549234,-0.161516,-0.707703,0.393793,-0.734957,0.032745,0.550608
2026-03-27T17:22:10.095512+00:00,15.803381,1774632130095511700,0.627611,0.350251,-0.346079,0.64048,-0.323055,-0.651511,-0.245599,0.829275,-0.147887,-0.094904,0.377881,-0.317378,-0.48975,-0.719708,0.550346,-0.161405,-0.707167,0.393344,-0.7372,0.031938,0.550471
2026-03-27T17:22:10.112790+00:00,15.82066,1774632130112790300,0.627611,0.350302,-0.346088,0.640113,-0.322995,-0.652383,-0.245723,0.829862,-0.148047,-0.094621,0.377357,-0.318003,-0.484269,-0.720528,0.551426,-0.161284,-0.706626,0.393814,-0.736802,0.03104,0.548694
2026-03-27T17:22:10.129778+00:00,15.837647,1774632130129777700,0.62759,0.350341,-0.346078,0.640137,-0.322968,-0.652352,-0.245601,0.830034,-0.14846,-0.094412,0.374714,-0.321258,-0.478618,-0.725223,0.552075,-0.161227,-0.706179,0.393278,-0.738094,0.030422,0.54802
2026-03-27T17:22:10.146730+00:00,15.8546,1774632130146730200,0.627585,0.350374,-0.346081,0.640181,-0.322681,-0.652295,-0.245729,0.829957,-0.148759,-0.094344,0.373468,-0.325432,-0.472634,-0.729107,0.55291,-0.16118,-0.705648,0.392711,-0.739468,0.029908,0.547331
2026-03-27T17:22:10.163825+00:00,15.871695,1774632130163825200,0.627588,0.350397,-0.346092,0.64015,-0.322715,-0.652346,-0.245806,0.829677,-0.148913,-0.094386,0.374197,-0.329592,-0.467296,-0.731227,0.553364,-0.161171,-0.705282,0.392409,-0.739873,0.029348,0.546855
2026-03-27T17:22:10.180944+00:00,15.888813,1774632130180943500,0.627639,0.350413,-0.346125,0.63976,-0.322935,-0.653266,-0.245783,0.829404,-0.148886,-0.094474,0.376364,-0.332615,-0.462852,-0.730515,0.553952,-0.16115,-0.704769,0.392224,-0.739798,0.028814,0.545985
2026-03-27T17:22:10.197661+00:00,15.905531,1774632130197661400,0.627662,0.350448,-0.34614,0.639983,-0.322872,-0.653083,-0.245244,0.829094,-0.148647,-0.094633,0.377559,-0.335577,-0.460358,-0.730829,0.554173,-0.161138,-0.704406,0.392175,-0.740096,0.028587,0.545494
2026-03-27T17:22:10.214756+00:00,15.922626,1774632130214756500,0.627708,0.350492,-0.346196,0.640638,-0.322596,-0.651882,-0.244694,0.828913,-0.148231,-0.094669,0.379057,-0.335579,-0.45813,-0.728866,0.554531,-0.161117,-0.703927,0.392084,-0.740519,0.028416,0.544923
2026-03-27T17:22:10.232545+00:00,15.940415,1774632130232545100,0.627857,0.350476,-0.346386,0.640776,-0.322908,-0.652183,-0.244602,0.828874,-0.1471,-0.094752,0.37969,-0.335072,-0.457978,-0.729055,0.554537,-0.161136,-0.703595,0.39262,-0.74025,0.028039,0.54402
2026-03-27T17:22:10.250783+00:00,15.958653,1774632130250783100,0.628008,0.350527,-0.346612,0.641283,-0.32326,-0.651232,-0.244311,0.82885,-0.145589,-0.094749,0.380115,-0.334153,-0.459864,-0.730331,0.554767,-0.161149,-0.703159,0.392898,-0.740551,0.02763,0.543432
2026-03-27T17:22:10.266881+00:00,15.97475,1774632130266880500,0.628137,0.350418,-0.346849,0.641679,-0.323712,-0.650659,-0.244201,0.828849,-0.144142,-0.094461,0.381458,-0.332663,-0.45916,-0.730273,0.554795,-0.16123,-0.702868,0.392823,-0.74239,0.027521,0.543794
2026-03-27T17:22:10.283399+00:00,15.991268,1774632130283398700,0.628322,0.350419,-0.347141,0.641889,-0.32424,-0.65063,-0.244533,0.828881,-0.142473,-0.093976,0.383115,-0.330721,-0.458475,-0.731659,0.554685,-0.161321,-0.702636,0.393585,-0.741854,0.027602,0.542448
2026-03-27T17:22:10.300336+00:00,16.008205,1774632130300335500,0.628507,0.350275,-0.347395,0.642568,-0.32464,-0.649446,-0.244593,0.828981,-0.140623,-0.092966,0.385454,-0.32703,-0.458077,-0.731955,0.554644,-0.161432,-0.702379,0.393741,-0.742371,0.027752,0.542598
2026-03-27T17:22:10.317351+00:00,16.02522,1774632130317350800,0.62869,0.350116,-0.347677,0.64297,-0.324962,-0.649032,-0.24465,0.829175,-0.138519,-0.091775,0.388273,-0.32188,-0.458725,-0.732717,0.554538,-0.161562,-0.702164,0.394288,-0.74152,0.027949,0.541699
2026-03-27T17:22:10.334357+00:00,16.042227,1774632130334357300,0.628901,0.349958,-0.347982,0.643654,-0.325477,-0.648235,-0.244897,0.829465,-0.136257,-0.090113,0.391481,-0.314683,-0.458005,-0.733033,0.554394,-0.161725,-0.702021,0.394192,-0.741466,0.028371,0.541899
2026-03-27T17:22:10.351613+00:00,16.059482,1774632130351612700,0.629074,0.349802,-0.348272,0.644507,-0.325591,-0.646857,-0.244937,0.830069,-0.133856,-0.088173,0.392951,-0.306651,-0.457772,-0.737409,0.55416,-0.161856,-0.701888,0.394157,-0.741476,0.028844,0.541992
2026-03-27T17:22:10.368617+00:00,16.076487,1774632130368617200,0.629223,0.349634,-0.348577,0.645253,-0.32599,-0.645601,-0.245025,0.83094,-0.131457,-0.085793,0.3955,-0.296396,-0.456591,-0.739836,0.553817,-0.162026,-0.701871,0.394089,-0.741531,0.029271,0.542063
2026-03-27T17:22:10.385618+00:00,16.093487,1774632130385618000,0.629399,0.349457,-0.348917,0.645702,-0.326211,-0.645259,-0.245414,0.832213,-0.128934,-0.083251,0.397381,-0.284678,-0.45799,-0.743286,0.553552,-0.162155,-0.701876,0.394999,-0.739837,0.02962,0.541154
2026-03-27T17:22:10.402685+00:00,16.110554,1774632130402684600,0.62955,0.349306,-0.349273,0.646425,-0.326674,-0.644426,-0.245706,0.83355,-0.126523,-0.080463,0.398674,-0.271801,-0.459578,-0.746442,0.553286,-0.162262,-0.701906,0.394354,-0.741059,0.030023,0.542682
2026-03-27T17:22:10.419676+00:00,16.127545,1774632130419675600,0.629689,0.349193,-0.349641,0.647422,-0.326851,-0.643117,-0.245587,0.8353,-0.124161,-0.077662,0.399321,-0.258483,-0.461857,-0.749064,0.552985,-0.162325,-0.701938,0.39519,-0.739527,0.030368,0.541719
2026-03-27T17:22:10.436743+00:00,16.144613,1774632130436743100,0.629847,0.349046,-0.350064,0.648269,-0.327169,-0.642265,-0.24564,0.837066,-0.122135,-0.074903,0.399478,-0.244992,-0.464369,-0.750835,0.552773,-0.162373,-0.702001,0.39451,-0.741258,0.03074,0.543527
2026-03-27T17:22:10.454043+00:00,16.161913,1774632130454043200,0.629962,0.348961,-0.350478,0.649367,-0.327168,-0.64116,-0.245499,0.838854,-0.120378,-0.072337,0.399292,-0.232506,-0.468757,-0.752211,0.552583,-0.162392,-0.702177,0.394719,-0.740778,0.031013,0.544092
2026-03-27T17:22:10.471102+00:00,16.178972,1774632130471102500,0.630034,0.348904,-0.350881,0.650712,-0.32727,-0.639324,-0.245518,0.840378,-0.119242,-0.070199,0.398349,-0.222865,-0.472578,-0.754054,0.552391,-0.162381,-0.702295,0.395562,-0.73862,0.031054,0.542875
2026-03-27T17:22:10.488366+00:00,16.196236,1774632130488366200,0.63008,0.348828,-0.351271,0.651696,-0.327319,-0.638327,-0.245668,0.841977,-0.118622,-0.068682,0.397432,-0.217614,-0.472203,-0.755617,0.552318,-0.162388,-0.702444,0.394843,-0.739952,0.031006,0.544224
2026-03-27T17:22:10.504988+00:00,16.212858,1774632130504988300,0.630112,0.348758,-0.351626,0.652524,-0.327652,-0.637492,-0.245874,0.843056,-0.118622,-0.067902,0.395438,-0.217233,-0.470791,-0.757942,0.552291,-0.162375,-0.702565,0.394842,-0.740037,0.030931,0.544085
2026-03-27T17:22:10.522037+00:00,16.229907,1774632130522037200,0.630101,0.348711,-0.351975,0.653496,-0.327645,-0.636528,-0.246047,0.844141,-0.119463,-0.067865,0.392296,-0.220246,-0.470127,-0.760425,0.552274,-0.16235,-0.702691,0.395612,-0.738819,0.030789,0.542531
2026-03-27T17:22:10.538990+00:00,16.24686,1774632130538990200,0.63009,0.348723,-0.352297,0.654484,-0.327113,-0.63509,-0.246097,0.844786,-0.120828,-0.068088,0.389666,-0.224641,-0.470902,-0.759262,0.552306,-0.162325,-0.702757,0.394801,-0.740961,0.030618,0.543759
2026-03-27T17:22:10.556176+00:00,16.264045,1774632130556176000,0.630086,0.348721,-0.352682,0.655122,-0.327038,-0.634957,-0.246354,0.845459,-0.122408,-0.069016,0.385402,-0.230318,-0.474345,-0.757862,0.552291,-0.162243,-0.702843,0.395519,-0.74012,0.030362,0.542651
2026-03-27T17:22:10.572894+00:00,16.280763,1774632130572893600,0.630059,0.348764,-0.353099,0.656382,-0.326437,-0.633723,-0.246226,0.84604,-0.124249,-0.070306,0.380132,-0.236483,-0.477978,-0.754943,0.552374,-0.162106,-0.702878,0.395611,-0.740599,0.030142,0.542873
2026-03-27T17:22:10.589893+00:00,16.297762,1774632130589892700,0.63002,0.348793,-0.353592,0.657599,-0.326168,-0.632511,-0.245987,0.846635,-0.12614,-0.071766,0.373344,-0.242082,-0.481936,-0.754903,0.552439,-0.161907,-0.702895,0.395616,-0.740541,0.029918,0.542892
2026-03-27T17:22:10.606934+00:00,16.314804,1774632130606934200,0.630014,0.348767,-0.354174,0.65869,-0.326417,-0.631793,-0.245765,0.847217,-0.127765,-0.073227,0.367998,-0.246546,-0.486864,-0.752608,0.552511,-0.161706,-0.702974,0.395417,-0.740807,0.02949,0.543486
2026-03-27T17:22:10.624050+00:00,16.33192,1774632130624050300,0.629957,0.34883,-0.354808,0.659919,-0.326374,-0.630626,-0.245279,0.847712,-0.128958,-0.074547,0.364221,-0.250382,-0.495358,-0.746695,0.55251,-0.161507,-0.702974,0.39535,-0.740746,0.029308,0.543556
2026-03-27T17:22:10.640879+00:00,16.348748,1774632130640878500,0.629918,0.348885,-0.355444,0.661065,-0.326341,-0.62949,-0.244835,0.848162,-0.129778,-0.075652,0.36038,-0.253906,-0.504884,-0.741331,0.552509,-0.161326,-0.702994,0.395558,-0.739323,0.029131,0.543391
2026-03-27T17:22:10.658395+00:00,16.366265,1774632130658395100,0.629888,0.348947,-0.356187,0.662326,-0.326536,-0.628716,-0.244388,0.848507,-0.130393,-0.076271,0.356559,-0.254978,-0.511662,-0.73613,0.552462,-0.161168,-0.702992,0.395505,-0.738867,0.029057,0.543074
2026-03-27T17:22:10.675404+00:00,16.383274,1774632130675404400,0.62984,0.349075,-0.356926,0.664045,-0.326424,-0.62702,-0.243559,0.849018,-0.130708,-0.076901,0.3507,-0.255099,-0.51858,-0.738,0.552392,-0.161052,-0.703002,0.394842,-0.739728,0.02912,0.544049
2026-03-27T17:22:10.692631+00:00,16.4005,1774632130692630600,0.629796,0.349201,-0.357711,0.665728,-0.32665,-0.625361,-0.242701,0.849403,-0.130633,-0.077152,0.347647,-0.251781,-0.518177,-0.739115,0.55223,-0.16096,-0.703014,0.394908,-0.739372,0.029179,0.543536
2026-03-27T17:22:10.709691+00:00,16.417561,1774632130709691500,0.629799,0.349362,-0.358506,0.667552,-0.326568,-0.623569,-0.241807,0.849854,-0.129819,-0.077874,0.345692,-0.246679,-0.516283,-0.745409,0.552024,-0.160902,-0.702997,0.394279,-0.741587,0.029506,0.544599
2026-03-27T17:22:10.726707+00:00,16.434577,1774632130726707300,0.629852,0.349499,-0.359354,0.669377,-0.326717,-0.622197,-0.241033,0.850114,-0.128264,-0.078759,0.347898,-0.238738,-0.510467,-0.750136,0.55182,-0.160851,-0.702993,0.395241,-0.740778,0.029993,0.543381
2026-03-27T17:22:10.743722+00:00,16.451591,1774632130743722000,0.629945,0.34962,-0.360182,0.67103,-0.326972,-0.620523,-0.240264,0.850311,-0.125998,-0.080514,0.352412,-0.229402,-0.502171,-0.754613,0.551588,-0.160832,-0.702979,0.396036,-0.740985,0.03043,0.542853
2026-03-27T17:22:10.760738+00:00,16.468608,1774632130760738300,0.630069,0.349716,-0.361056,0.672809,-0.327183,-0.619169,-0.239626,0.850506,-0.123385,-0.082755,0.356813,-0.220492,-0.494741,-0.76047,0.551336,-0.160814,-0.702948,0.396744,-0.74071,0.030721,0.54209
2026-03-27T17:22:10.777748+00:00,16.485618,1774632130777748100,0.630245,0.349859,-0.361938,0.674899,-0.327253,-0.61661,-0.238727,0.850537,-0.120419,-0.085591,0.361416,-0.211821,-0.487033,-0.765621,0.551213,-0.160836,-0.703004,0.398084,-0.739703,0.030834,0.540529
2026-03-27T17:22:10.794845+00:00,16.502715,1774632130794845400,0.630457,0.349944,-0.36281,0.677012,-0.327516,-0.614506,-0.237788,0.850554,-0.117389,-0.089847,0.365507,-0.205076,-0.479619,-0.772095,0.55107,-0.160859,-0.702939,0.398564,-0.740816,0.030981,0.539909
2026-03-27T17:22:10.812078+00:00,16.519947,1774632130812077600,0.630647,0.350002,-0.36365,0.678648,-0.327772,-0.612883,-0.236968,0.850871,-0.114482,-0.095154,0.370967,-0.199533,-0.470741,-0.776584,0.550947,-0.160882,-0.702781,0.39993,-0.739771,0.030958,0.538058
2026-03-27T17:22:10.829057+00:00,16.536927,1774632130829057400,0.630773,0.350036,-0.364416,0.680469,-0.328165,-0.6106,-0.236342,0.851583,-0.111546,-0.10113,0.377074,-0.195029,-0.461259,-0.779322,0.550958,-0.160938,-0.702566,0.399387,-0.742555,0.031035,0.539111
2026-03-27T17:22:10.846132+00:00,16.554001,1774632130846131900,0.630878,0.350026,-0.365168,0.68173,-0.328839,-0.609284,-0.23618,0.852139,-0.109059,-0.107963,0.383807,-0.191585,-0.452263,-0.780823,0.550959,-0.160993,-0.702275,0.400522,-0.741053,0.030889,0.537101
2026-03-27T17:22:10.863324+00:00,16.571194,1774632130863324500,0.630938,0.349978,-0.365841,0.682818,-0.32962,-0.607675,-0.236032,0.85288,-0.106722,-0.115656,0.389563,-0.190008,-0.445812,-0.784197,0.551064,-0.161058,-0.701955,0.399924,-0.742564,0.030901,0.537369
2026-03-27T17:22:10.880407+00:00,16.588277,1774632130880407400,0.630973,0.349831,-0.366515,0.684041,-0.330307,-0.606385,-0.235885,0.853588,-0.104864,-0.123964,0.396011,-0.189169,-0.439665,-0.783836,0.551294,-0.161161,-0.701524,0.399411,-0.743694,0.030899,0.537161
2026-03-27T17:22:10.897403+00:00,16.605273,1774632130897403300,0.630913,0.349636,-0.367131,0.685214,-0.331027,-0.604536,-0.235614,0.85443,-0.103194,-0.132821,0.402234,-0.19014,-0.435002,-0.783039,0.551724,-0.16132,-0.701061,0.399591,-0.743072,0.03085,0.535341
2026-03-27T17:22:10.914589+00:00,16.622458,1774632130914588900,0.630871,0.34949,-0.367693,0.686344,-0.331431,-0.602939,-0.235446,0.855312,-0.1021,-0.142202,0.409054,-0.192065,-0.430942,-0.780758,0.55224,-0.161469,-0.700492,0.399232,-0.743272,0.030707,0.534402
2026-03-27T17:22:10.931516+00:00,16.639386,1774632130931516400,0.630805,0.34934,-0.368239,0.687072,-0.331987,-0.602202,-0.235306,0.85619,-0.101222,-0.151946,0.415912,-0.194491,-0.427736,-0.778926,0.552891,-0.161578,-0.699853,0.397966,-0.745628,0.030423,0.534706
2026-03-27T17:22:10.948492+00:00,16.656361,1774632130948491600,0.630816,0.349266,-0.368705,0.68808,-0.332182,-0.60053,-0.23518,0.85707,-0.100612,-0.161855,0.423321,-0.197116,-0.423554,-0.775199,0.553694,-0.161621,-0.699153,0.397759,-0.745909,0.029887,0.533495
2026-03-27T17:22:10.965528+00:00,16.673397,1774632130965527500,0.630704,0.349219,-0.369186,0.689035,-0.332236,-0.599551,-0.23508,0.858097,-0.100434,-0.172019,0.429459,-0.200667,-0.42025,-0.773719,0.554466,-0.161613,-0.69841,0.39719,-0.746523,0.029317,0.532112
2026-03-27T17:22:10.982696+00:00,16.690565,1774632130982695900,0.630478,0.349204,-0.369663,0.689641,-0.332186,-0.599375,-0.23523,0.859088,-0.100587,-0.182122,0.435286,-0.204382,-0.417365,-0.771755,0.555278,-0.161589,-0.697591,0.395957,-0.74886,0.028588,0.532378
2026-03-27T17:22:10.999425+00:00,16.707294,1774632130999424800,0.630171,0.349241,-0.370049,0.690601,-0.331701,-0.597997,-0.235066,0.860163,-0.101323,-0.192049,0.441214,-0.207738,-0.414927,-0.76743,0.556101,-0.161523,-0.696852,0.395474,-0.749427,0.027684,0.530963
2026-03-27T17:22:11.016493+00:00,16.724362,1774632131016493000,0.629805,0.349351,-0.370487,0.691607,-0.331138,-0.597105,-0.235008,0.861164,-0.102193,-0.201842,0.446772,-0.211618,-0.4145,-0.763629,0.556899,-0.161448,-0.696006,0.395059,-0.749912,0.026602,0.529588
2026-03-27T17:22:11.033566+00:00,16.741436,1774632131033566500,0.629474,0.349426,-0.370999,0.692198,-0.330579,-0.597374,-0.235081,0.862291,-0.103403,-0.211602,0.452451,-0.215031,-0.415858,-0.758544,0.557707,-0.161307,-0.695235,0.394554,-0.750953,0.025406,0.528489
2026-03-27T17:22:11.050664+00:00,16.758533,1774632131050663800,0.629094,0.349712,-0.371491,0.693398,-0.329469,-0.596444,-0.234798,0.863436,-0.104836,-0.221119,0.457972,-0.218259,-0.4183,-0.753436,0.5584,-0.161066,-0.694392,0.39374,-0.753046,0.02414,0.527255
2026-03-27T17:22:11.067729+00:00,16.775598,1774632131067729000,0.628741,0.35004,-0.37202,0.694049,-0.328559,-0.596141,-0.234711,0.864402,-0.106386,-0.229731,0.463012,-0.222041,-0.42157,-0.747772,0.559052,-0.160806,-0.693682,0.393197,-0.754133,0.02298,0.526153
2026-03-27T17:22:11.084756+00:00,16.792625,1774632131084755900,0.628358,0.350393,-0.372593,0.695084,-0.32754,-0.595627,-0.234416,0.865609,-0.108367,-0.238192,0.467552,-0.225956,-0.425038,-0.741604,0.559554,-0.160545,-0.692925,0.392779,-0.755115,0.021874,0.525142
2026-03-27T17:22:11.101897+00:00,16.809766,1774632131101896700,0.62791,0.35078,-0.373188,0.69617,-0.326248,-0.594659,-0.233832,0.866693,-0.110541,-0.245552,0.47149,-0.22964,-0.427609,-0.735508,0.559909,-0.160254,-0.692307,0.392927,-0.754898,0.020732,0.522804
2026-03-27T17:22:11.118918+00:00,16.826788,1774632131118918500,0.627565,0.351097,-0.373941,0.696805,-0.32563,-0.594956,-0.233596,0.867804,-0.113048,-0.252093,0.473878,-0.232525,-0.431867,-0.731088,0.560059,-0.160032,-0.691647,0.392334,-0.756474,0.019767,0.522231
2026-03-27T17:22:11.135965+00:00,16.843835,1774632131135965100,0.627228,0.351472,-0.374661,0.697895,-0.324353,-0.594381,-0.233172,0.869068,-0.115821,-0.258274,0.475723,-0.235095,-0.435447,-0.727046,0.560067,-0.159833,-0.691112,0.391843,-0.758004,0.018946,0.521644
2026-03-27T17:22:11.153133+00:00,16.861002,1774632131153132700,0.626821,0.351897,-0.375493,0.699202,-0.323171,-0.593421,-0.23261,0.870249,-0.118725,-0.26338,0.476261,-0.237566,-0.438073,-0.72413,0.559903,-0.159657,-0.69055,0.392254,-0.75721,0.018192,0.519884
2026-03-27T17:22:11.170139+00:00,16.878008,1774632131170139000,0.62651,0.352328,-0.376341,0.700315,-0.322121,-0.592835,-0.232057,0.871593,-0.121802,-0.267975,0.474943,-0.23998,-0.440558,-0.723558,0.559696,-0.159571,-0.690128,0.392034,-0.758166,0.017687,0.519784
2026-03-27T17:22:11.187201+00:00,16.895071,1774632131187201400,0.626216,0.352714,-0.377345,0.701372,-0.321581,-0.592704,-0.231553,0.872595,-0.124872,-0.271444,0.47355,-0.241735,-0.441509,-0.72243,0.559107,-0.159525,-0.689694,0.391834,-0.759119,0.017449,0.519706
2026-03-27T17:22:11.204370+00:00,16.91224,1774632131204370300,0.625947,0.353096,-0.378362,0.702438,-0.320845,-0.592139,-0.230868,0.873799,-0.128037,-0.274549,0.470392,-0.243962,-0.442274,-0.723895,0.5583,-0.159549,-0.689389,0.391574,-0.76019,0.017412,0.519549
2026-03-27T17:22:11.221616+00:00,16.929486,1774632131221616300,0.625682,0.353471,-0.37948,0.703897,-0.319929,-0.590758,-0.230048,0.874969,-0.131107,-0.276783,0.467324,-0.245984,-0.442233,-0.724408,0.557284,-0.159617,-0.689117,0.391279,-0.761334,0.01754,0.51934
2026-03-27T17:22:11.238769+00:00,16.946638,1774632131238769000,0.625405,0.353797,-0.380677,0.705239,-0.31957,-0.590022,-0.229365,0.875959,-0.133978,-0.278613,0.463578,-0.248509,-0.442816,-0.726612,0.556139,-0.159693,-0.688967,0.392736,-0.759243,0.01794,0.516959
2026-03-27T17:22:11.255772+00:00,16.963642,1774632131255772300,0.625388,0.353942,-0.381673,0.706731,-0.318617,-0.588446,-0.228288,0.876651,-0.136402,-0.279553,0.461922,-0.250577,-0.441876,-0.725979,0.554863,-0.15989,-0.688914,0.392627,-0.760723,0.01869,0.517195
2026-03-27T17:22:11.272740+00:00,16.98061,1774632131272740200,0.625228,0.354284,-0.382986,0.707567,-0.318683,-0.588475,-0.227728,0.877267,-0.138201,-0.28004,0.460884,-0.252106,-0.442428,-0.726447,0.553542,-0.16026,-0.688949,0.393332,-0.760403,0.01965,0.516577
2026-03-27T17:22:11.289937+00:00,16.997807,1774632131289937100,0.625001,0.354661,-0.384304,0.708916,-0.318063,-0.58718,-0.226838,0.877697,-0.139115,-0.28003,0.461063,-0.25171,-0.443698,-0.726561,0.551987,-0.160731,-0.689009,0.393852,-0.760135,0.020855,0.51607
2026-03-27T17:22:11.306824+00:00,17.014694,1774632131306824400,0.624891,0.354911,-0.385545,0.710256,-0.317652,-0.586098,-0.225987,0.877804,-0.139365,-0.27959,0.463423,-0.24972,-0.44236,-0.726385,0.550571,-0.161048,-0.688984,0.393931,-0.760037,0.022353,0.515996
2026-03-27T17:22:11.323871+00:00,17.03174,1774632131323870700,0.624819,0.35512,-0.386835,0.71146,-0.317777,-0.585338,-0.225073,0.878315,-0.139015,-0.278278,0.4641,-0.247197,-0.439952,-0.728832,0.548877,-0.161741,-0.689258,0.394129,-0.759559,0.023843,0.516571
2026-03-27T17:22:11.340985+00:00,17.048854,1774632131340984500,0.624754,0.355359,-0.387982,0.713034,-0.317499,-0.583388,-0.223789,0.879189,-0.138042,-0.276693,0.463998,-0.242431,-0.437568,-0.731305,0.547094,-0.162297,-0.689569,0.394034,-0.759663,0.025392,0.516774
2026-03-27T17:22:11.358205+00:00,17.066074,1774632131358204700,0.624721,0.355519,-0.389165,0.714161,-0.317725,-0.582284,-0.222578,0.880115,-0.136737,-0.27487,0.463664,-0.235781,-0.435729,-0.733757,0.545399,-0.16282,-0.689943,0.39426,-0.758684,0.026961,0.517104
2026-03-27T17:22:11.375157+00:00,17.083026,1774632131375157000,0.624733,0.355574,-0.390106,0.715059,-0.318306,-0.581352,-0.221711,0.881279,-0.135212,-0.272799,0.462933,-0.227719,-0.434974,-0.737435,0.543696,-0.163372,-0.690309,0.3939,-0.759402,0.028697,0.519099
2026-03-27T17:22:11.392223+00:00,17.100092,1774632131392222900,0.624801,0.355569,-0.391019,0.715403,-0.318919,-0.580953,-0.221252,0.882535,-0.133575,-0.270802,0.462607,-0.218591,-0.433806,-0.741797,0.542135,-0.163891,-0.690717,0.395035,-0.75677,0.03032,0.518392
2026-03-27T17:22:11.409247+00:00,17.117116,1774632131409246600,0.624963,0.35553,-0.391712,0.715611,-0.319818,-0.580678,-0.22083,0.883885,-0.13187,-0.268619,0.463012,-0.208137,-0.433149,-0.74448,0.540712,-0.16446,-0.691135,0.39521,-0.756469,0.03193,0.518873
2026-03-27T17:22:11.426219+00:00,17.134088,1774632131426218700,0.62507,0.355517,-0.392282,0.715818,-0.320252,-0.580004,-0.220517,0.885352,-0.130385,-0.266775,0.462186,-0.198285,-0.432863,-0.747654,0.539454,-0.165046,-0.691565,0.394588,-0.757652,0.033587,0.520398
2026-03-27T17:22:11.443247+00:00,17.151117,1774632131443247200,0.625244,0.355433,-0.392666,0.715511,-0.321104,-0.580276,-0.220343,0.886885,-0.129213,-0.265023,0.461171,-0.190511,-0.431611,-0.75105,0.538624,-0.165602,-0.69202,0.39529,-0.755808,0.034978,0.519095
2026-03-27T17:22:11.460315+00:00,17.168185,1774632131460315300,0.625372,0.35532,-0.392904,0.715211,-0.321451,-0.580077,-0.22016,0.888291,-0.128448,-0.263731,0.46023,-0.183794,-0.432663,-0.753531,0.537952,-0.166183,-0.692436,0.395127,-0.756639,0.036299,0.519403
2026-03-27T17:22:11.477321+00:00,17.185191,1774632131477321200,0.625578,0.355174,-0.392952,0.714327,-0.321797,-0.581073,-0.220585,0.889428,-0.127918,-0.262784,0.460463,-0.177385,-0.43659,-0.752971,0.537886,-0.166665,-0.692843,0.394952,-0.757154,0.037437,0.519417
2026-03-27T17:22:11.493835+00:00,17.201705,1774632131493835400,0.625684,0.355055,-0.392917,0.713712,-0.321879,-0.581268,-0.220717,0.890268,-0.127731,-0.262464,0.461102,-0.172347,-0.440123,-0.750781,0.53783,-0.16709,-0.693135,0.395159,-0.757259,0.038222,0.518163
2026-03-27T17:22:11.510943+00:00,17.218813,1774632131510943300,0.625863,0.354929,-0.39272,0.712531,-0.322184,-0.582425,-0.221405,0.890913,-0.128055,-0.262007,0.461636,-0.169592,-0.443422,-0.749735,0.53794,-0.167483,-0.693388,0.394833,-0.758985,0.038928,0.518343
2026-03-27T17:22:11.528722+00:00,17.236591,1774632131528721600,0.626015,0.354821,-0.39217,0.711127,-0.32204,-0.584289,-0.222049,0.891333,-0.129251,-0.261992,0.461559,-0.167244,-0.44732,-0.748265,0.538316,-0.16776,-0.693605,0.396177,-0.757098,0.039176,0.51597
2026-03-27T17:22:11.545436+00:00,17.253305,1774632131545436000,0.62619,0.354738,-0.391419,0.709608,-0.321988,-0.58584,-0.222681,0.891664,-0.130627,-0.261846,0.459559,-0.164286,-0.453029,-0.746874,0.539095,-0.16791,-0.693704,0.395878,-0.758629,0.039407,0.516264
2026-03-27T17:22:11.563048+00:00,17.270917,1774632131563047700,0.626351,0.354699,-0.390449,0.707639,-0.321585,-0.5879,-0.223404,0.89204,-0.131928,-0.261671,0.45534,-0.159755,-0.461276,-0.743326,0.540115,-0.167957,-0.693706,0.396114,-0.759057,0.03921,0.515095
2026-03-27T17:22:11.579522+00:00,17.287391,1774632131579521900,0.626573,0.354653,-0.389356,0.705445,-0.321284,-0.59103,-0.224228,0.892142,-0.133131,-0.261313,0.448171,-0.156192,-0.471014,-0.743854,0.541368,-0.167917,-0.69365,0.395711,-0.760241,0.038627,0.514811
2026-03-27T17:22:11.596607+00:00,17.304476,1774632131596606700,0.62678,0.354667,-0.38798,0.703116,-0.320517,-0.593511,-0.224737,0.891928,-0.134371,-0.260335,0.441259,-0.152817,-0.478138,-0.743302,0.542852,-0.167825,-0.693574,0.396061,-0.760157,0.037696,0.513107
2026-03-27T17:22:11.613623+00:00,17.321492,1774632131613622700,0.627103,0.35466,-0.386428,0.699993,-0.319931,-0.59719,-0.225477,0.89143,-0.134763,-0.258357,0.434448,-0.147948,-0.485208,-0.744118,0.544547,-0.167644,-0.693457,0.395533,-0.761833,0.03663,0.512277
2026-03-27T17:22:11.630598+00:00,17.338468,1774632131630598500,0.627449,0.354684,-0.384641,0.696315,-0.319219,-0.601886,-0.226393,0.89058,-0.134771,-0.256141,0.428367,-0.141292,-0.490658,-0.746797,0.546396,-0.167244,-0.693206,0.395927,-0.762972,0.035382,0.510887
2026-03-27T17:22:11.647792+00:00,17.355661,1774632131647791700,0.627903,0.354768,-0.382571,0.692076,-0.318166,-0.607175,-0.227331,0.889006,-0.134011,-0.252602,0.424024,-0.132012,-0.492204,-0.749626,0.548341,-0.166656,-0.692812,0.397187,-0.761891,0.033493,0.508219
2026-03-27T17:22:11.664848+00:00,17.372717,1774632131664847900,0.628431,0.354879,-0.380188,0.687,-0.316868,-0.613011,-0.228365,0.88706,-0.132588,-0.24876,0.421032,-0.120616,-0.491167,-0.752496,0.550452,-0.166009,-0.692315,0.39749,-0.763379,0.031238,0.507378
2026-03-27T17:22:11.681909+00:00,17.389778,1774632131681908700,0.628943,0.355025,-0.377411,0.681213,-0.315419,-0.619407,-0.229542,0.884333,-0.1304,-0.243682,0.41768,-0.108756,-0.489938,-0.757537,0.552713,-0.165409,-0.691772,0.397684,-0.765091,0.029083,0.506204
2026-03-27T17:22:11.698878+00:00,17.406748,1774632131698878200,0.629505,0.355104,-0.374397,0.674258,-0.314275,-0.627378,-0.230955,0.88134,-0.127965,-0.238297,0.41519,-0.096573,-0.487425,-0.760579,0.554932,-0.164869,-0.691225,0.398437,-0.766049,0.026827,0.504164
2026-03-27T17:22:11.715991+00:00,17.423861,1774632131715991600,0.630036,0.355119,-0.370982,0.666246,-0.313284,-0.635499,-0.23252,0.87758,-0.124931,-0.231699,0.411724,-0.084711,-0.486835,-0.765842,0.55737,-0.164376,-0.6906,0.399063,-0.76689,0.024549,0.501988
2026-03-27T17:22:11.733123+00:00,17.440993,1774632131733123400,0.630546,0.355072,-0.367315,0.657439,-0.312501,-0.644329,-0.23411,0.873561,-0.121878,-0.224754,0.408786,-0.072904,-0.485948,-0.770088,0.559829,-0.163994,-0.689934,0.399706,-0.767571,0.02234,0.499584
2026-03-27T17:22:11.750073+00:00,17.457943,1774632131750073200,0.631028,0.354957,-0.36346,0.647751,-0.312115,-0.65401,-0.235915,0.868751,-0.118562,-0.216651,0.406379,-0.061038,-0.48413,-0.772278,0.562307,-0.163704,-0.689225,0.399715,-0.769019,0.020418,0.498157
2026-03-27T17:22:11.767068+00:00,17.474938,1774632131767068200,0.631432,0.354845,-0.35937,0.63771,-0.311396,-0.663007,-0.237465,0.863799,-0.115496,-0.208282,0.403275,-0.04903,-0.482687,-0.774742,0.564726,-0.163497,-0.688452,0.399333,-0.771431,0.018429,0.497
2026-03-27T17:22:11.784532+00:00,17.492402,1774632131784532200,0.631808,0.354685,-0.355067,0.626855,-0.31116,-0.672735,-0.239508,0.857872,-0.112353,-0.19844,0.39897,-0.036361,-0.481842,-0.777807,0.567256,-0.16335,-0.687546,0.399262,-0.77238,0.016412,0.495526
2026-03-27T17:22:11.802640+00:00,17.51051,1774632131802640500,0.632063,0.354385,-0.350546,0.61528,-0.311082,-0.682867,-0.241646,0.851734,-0.109502,-0.188019,0.392353,-0.023153,-0.483468,-0.782813,0.569877,-0.163257,-0.686516,0.399112,-0.773392,0.014456,0.494074
2026-03-27T17:22:11.819196+00:00,17.527065,1774632131819195900,0.632298,0.354042,-0.346258,0.604258,-0.310855,-0.692046,-0.244073,0.845251,-0.106932,-0.177125,0.386091,-0.01113,-0.484993,-0.785483,0.572082,-0.163231,-0.685501,0.399725,-0.772091,0.012635,0.491907
2026-03-27T17:22:11.836200+00:00,17.544069,1774632131836200000,0.632323,0.353664,-0.341946,0.5935,-0.310152,-0.700181,-0.246047,0.838787,-0.104693,-0.165924,0.379571,0.001292,-0.487016,-0.786479,0.574302,-0.163224,-0.684373,0.39882,-0.774247,0.010956,0.491309
2026-03-27T17:22:11.853248+00:00,17.561117,1774632131853247700,0.632216,0.353301,-0.337847,0.582652,-0.310057,-0.708979,-0.248287,0.831828,-0.102648,-0.153901,0.371771,0.014304,-0.491171,-0.788403,0.576748,-0.163234,-0.683138,0.398446,-0.77545,0.009333,0.490196
2026-03-27T17:22:11.870287+00:00,17.578156,1774632131870287000,0.63207,0.353011,-0.333828,0.572958,-0.309635,-0.715994,-0.24988,0.824072,-0.100778,-0.140726,0.363418,0.028038,-0.495414,-0.788491,0.578972,-0.163249,-0.681895,0.397995,-0.776307,0.007725,0.488705
2026-03-27T17:22:11.887233+00:00,17.595102,1774632131887233000,0.631895,0.352762,-0.33015,0.563226,-0.309834,-0.724359,-0.251801,0.816207,-0.099217,-0.127386,0.354183,0.042273,-0.500565,-0.788012,0.581391,-0.163332,-0.680523,0.397487,-0.777182,0.006203,0.48727
2026-03-27T17:22:11.904375+00:00,17.612244,1774632131904374500,0.631672,0.352618,-0.326593,0.554887,-0.309028,-0.729943,-0.252605,0.807932,-0.097943,-0.113123,0.342479,0.056421,-0.507979,-0.789254,0.583643,-0.163521,-0.679134,0.396066,-0.779937,0.004749,0.486727
2026-03-27T17:22:11.921609+00:00,17.629478,1774632131921608700,0.631461,0.352473,-0.323266,0.547093,-0.308474,-0.735608,-0.253659,0.798974,-0.096814,-0.098031,0.330357,0.070791,-0.514593,-0.789231,0.586094,-0.163747,-0.677633,0.395602,-0.780403,0.003408,0.484935
2026-03-27T17:22:11.938648+00:00,17.646518,1774632131938648500,0.631228,0.352333,-0.320197,0.539985,-0.308256,-0.740744,-0.254702,0.790426,-0.096362,-0.083449,0.318433,0.084961,-0.519118,-0.785462,0.588324,-0.163966,-0.676157,0.394606,-0.782649,0.002095,0.483681
2026-03-27T17:22:11.955764+00:00,17.663633,1774632131955763700,0.630962,0.352277,-0.317343,0.533732,-0.307655,-0.744949,-0.255626,0.780858,-0.095874,-0.067718,0.304315,0.099834,-0.52659,-0.786171,0.590768,-0.164161,-0.674571,0.394934,-0.78238,0.000781,0.480946
2026-03-27T17:22:11.973130+00:00,17.680999,1774632131973129500,0.630729,0.352248,-0.314595,0.52805,-0.306549,-0.748399,-0.256172,0.771527,-0.095767,-0.052324,0.289987,0.115193,-0.532817,-0.784728,0.593108,-0.164338,-0.67302,0.395319,-0.78312,-0.000601,0.478741
2026-03-27T17:22:11.990730+00:00,17.6986,1774632131990730100,0.630554,0.352194,-0.312031,0.52221,-0.306446,-0.753522,-0.257226,0.761089,-0.095999,-0.036088,0.273574,0.13203,-0.540818,-0.785141,0.595616,-0.164488,-0.671379,0.395621,-0.783866,-0.002022,0.476286
2026-03-27T17:22:12.007271+00:00,17.715141,1774632132007271100,0.630369,0.35218,-0.309717,0.518219,-0.305468,-0.755884,-0.257545,0.751374,-0.096459,-0.021112,0.258693,0.146872,-0.544319,-0.779787,0.597858,-0.164595,-0.669889,0.395397,-0.786301,-0.003268,0.475042
2026-03-27T17:22:12.024359+00:00,17.732229,1774632132024359400,0.630237,0.352161,-0.307506,0.514003,-0.305175,-0.759241,-0.258233,0.740752,-0.097212,-0.005361,0.240852,0.16187,-0.55118,-0.779051,0.600254,-0.164695,-0.668305,0.395466,-0.787567,-0.004491,0.473481
2026-03-27T17:22:12.041322+00:00,17.749192,1774632132041322400,0.630108,0.352196,-0.305443,0.5113,-0.304111,-0.760213,-0.25814,0.730818,-0.098666,0.009547,0.222227,0.175609,-0.559011,-0.778766,0.602466,-0.164737,-0.666932,0.39552,-0.788125,-0.00551,0.471203
2026-03-27T17:22:12.058365+00:00,17.766234,1774632132058364900,0.63004,0.352325,-0.303379,0.507967,-0.303396,-0.762505,-0.258611,0.720419,-0.100127,0.024659,0.203305,0.188244,-0.566922,-0.777872,0.60484,-0.16476,-0.665462,0.395512,-0.7886,-0.006584,0.468937
2026-03-27T17:22:12.075368+00:00,17.783237,1774632132075367700,0.630012,0.35245,-0.301467,0.504531,-0.302985,-0.765752,-0.259387,0.710132,-0.102042,0.039372,0.184296,0.200128,-0.574354,-0.775782,0.607056,-0.164746,-0.664201,0.394605,-0.791408,-0.007607,0.467991
2026-03-27T17:22:12.092447+00:00,17.800316,1774632132092446500,0.629984,0.352562,-0.29949,0.501723,-0.302316,-0.768124,-0.259827,0.699398,-0.103939,0.053905,0.164135,0.213591,-0.585239,-0.777631,0.609372,-0.164701,-0.66283,0.394831,-0.792212,-0.008632,0.466173
2026-03-27T17:22:12.109409+00:00,17.817278,1774632132109408800,0.62993,0.352655,-0.297557,0.49971,-0.300971,-0.768812,-0.260143,0.689135,-0.106233,0.067612,0.144892,0.225929,-0.592468,-0.7748,0.611478,-0.164635,-0.661635,0.395067,-0.793016,-0.009662,0.464393
2026-03-27T17:22:12.126444+00:00,17.834313,1774632132126444000,0.629903,0.352701,-0.29569,0.497283,-0.300233,-0.770515,-0.261323,0.678493,-0.108443,0.080992,0.126512,0.236173,-0.59467,-0.767476,0.613685,-0.164499,-0.660358,0.395843,-0.792583,-0.010591,0.462249
2026-03-27T17:22:12.143595+00:00,17.851464,1774632132143594400,0.629873,0.352744,-0.293815,0.49517,-0.299415,-0.771838,-0.261699,0.668378,-0.110981,0.093524,0.109032,0.243277,-0.591025,-0.754323,0.615782,-0.164241,-0.659249,0.395773,-0.794071,-0.011732,0.460767
2026-03-27T17:22:12.160690+00:00,17.86856,1774632132160690100,0.629858,0.352791,-0.291988,0.49291,-0.298829,-0.773778,-0.262508,0.658232,-0.113325,0.105501,0.091826,0.251074,-0.590028,-0.746777,0.617974,-0.163968,-0.658073,0.395328,-0.796291,-0.012988,0.459716
2026-03-27T17:22:12.177710+00:00,17.885579,1774632132177709900,0.629822,0.352851,-0.290222,0.491235,-0.297936,-0.774681,-0.262875,0.648734,-0.115914,0.116307,0.072565,0.27142,-0.617477,-0.778107,0.620018,-0.163636,-0.657091,0.396313,-0.794994,-0.013909,0.456634
2026-03-27T17:22:12.194748+00:00,17.902618,1774632132194748200,0.6298,0.352875,-0.288196,0.488846,-0.297491,-0.777127,-0.263928,0.639311,-0.118511,0.126444,0.063432,0.254904,-0.561732,-0.703964,0.622064,-0.163293,-0.656054,0.396373,-0.797043,-0.014955,0.455372
2026-03-27T17:22:12.211784+00:00,17.919654,1774632132211784400,0.629681,0.352931,-0.286319,0.4872,-0.29644,-0.777487,-0.264464,0.630402,-0.121055,0.135704,0.044645,0.281225,-0.602517,-0.75017,0.624129,-0.162861,-0.654954,0.397408,-0.79715,-0.016174,0.453287
2026-03-27T17:22:12.228929+00:00,17.936799,1774632132228929100,0.629575,0.352953,-0.284165,0.485406,-0.295462,-0.77807,-0.265338,0.622096,-0.123771,0.143816,0.020772,0.411526,-0.859508,-1.062497,0.626193,-0.162346,-0.653816,0.397696,-0.799145,-0.017581,0.451897
2026-03-27T17:22:12.245853+00:00,17.953723,1774632132245853100,0.629428,0.352944,-0.282212,0.482975,-0.29479,-0.780566,-0.2667,0.614497,-0.126271,0.151188,1e-06,4180.416465,-8564.226329,-10525.994003,0.62811,-0.161822,-0.652784,0.39907,-0.798791,-0.018914,0.449776
2026-03-27T17:22:12.262857+00:00,17.970726,1774632132262856600,0.62929,0.352952,-0.280024,0.481163,-0.293832,-0.781176,-0.267588,0.607371,-0.128758,0.157893,0.016309,0.002077,-0.00419,-0.005139,0.630005,-0.161236,-0.651642,0.399891,-0.799997,-0.020277,0.447793
2026-03-27T17:22:12.279835+00:00,17.987704,1774632132279835000,0.629123,0.352931,-0.278003,0.478696,-0.293297,-0.783352,-0.268601,0.600938,-0.131367,0.163516,0.012633,-0.270668,0.538627,0.660714,0.631862,-0.16062,-0.650612,0.401152,-0.799248,-0.021594,0.445386
2026-03-27T17:22:12.296983+00:00,18.004853,1774632132296983300,0.629016,0.352903,-0.275776,0.476854,-0.292492,-0.784395,-0.269668,0.595017,-0.133881,0.168626,0.025204,-0.24914,0.488881,0.601966,0.633697,-0.160015,-0.649422,0.4011,-0.801937,-0.02302,0.444362
2026-03-27T17:22:12.313968+00:00,18.021837,1774632132313967500,0.62883,0.352848,-0.273735,0.475148,-0.291593,-0.78497,-0.270527,0.589825,-0.136468,0.172721,0.019334,-0.454844,0.88423,1.092382,0.635377,-0.159412,-0.648263,0.402187,-0.801205,-0.024453,0.441648
2026-03-27T17:22:12.331007+00:00,18.038876,1774632132331006400,0.628719,0.352742,-0.27152,0.473309,-0.290534,-0.786014,-0.271879,0.585246,-0.13881,0.17637,0.033421,-0.323919,0.624223,0.77326,0.637005,-0.158752,-0.647006,0.403113,-0.800949,-0.025865,0.439569
2026-03-27T17:22:12.348269+00:00,18.056138,1774632132348268800,0.628585,0.352591,-0.269332,0.471405,-0.289626,-0.78735,-0.273502,0.58119,-0.14108,0.179126,0.045648,-0.271348,0.51704,0.642842,0.638624,-0.158142,-0.64575,0.403382,-0.803011,-0.027355,0.438758
2026-03-27T17:22:12.365206+00:00,18.073075,1774632132365205500,0.628372,0.352426,-0.267295,0.469461,-0.288929,-0.788651,-0.274905,0.577754,-0.143427,0.181545,0.043671,-0.312644,0.590197,0.738456,0.640048,-0.157606,-0.644456,0.404217,-0.802248,-0.02863,0.436606
2026-03-27T17:22:12.382234+00:00,18.090103,1774632132382233800,0.62814,0.3523,-0.265382,0.468131,-0.288019,-0.789153,-0.276111,0.574595,-0.14584,0.183442,0.052426,-0.291917,0.546305,0.690786,0.641425,-0.157156,-0.643192,0.404277,-0.803936,-0.029492,0.434995
2026-03-27T17:22:12.399239+00:00,18.107108,1774632132399238900,0.628039,0.352138,-0.263263,0.467428,-0.286625,-0.788255,-0.276808,0.57217,-0.148201,0.184835,0.049897,-0.338137,0.626928,0.804491,0.642835,-0.156745,-0.641962,0.404339,-0.805792,-0.03046,0.433316
2026-03-27T17:22:12.416283+00:00,18.124152,1774632132416282500,0.627852,0.351982,-0.261498,0.46615,-0.285917,-0.789253,-0.278087,0.570282,-0.150725,0.186036,0.058205,-0.312564,0.573443,0.74988,0.644213,-0.156339,-0.640647,0.405172,-0.804794,-0.031312,0.430744
2026-03-27T17:22:12.433397+00:00,18.141267,1774632132433397300,0.627799,0.351778,-0.259465,0.465014,-0.285113,-0.789771,-0.279334,0.568787,-0.153281,0.186976,0.062081,-0.312361,0.566273,0.755705,0.645591,-0.155941,-0.639319,0.405405,-0.805672,-0.032222,0.428813
2026-03-27T17:22:12.450352+00:00,18.158221,1774632132450351800,0.627596,0.351616,-0.257761,0.46382,-0.284214,-0.790731,-0.281151,0.566961,-0.154395,0.187362,0.054917,-0.332926,0.583974,0.791392,0.646695,-0.15569,-0.63811,0.405796,-0.806477,-0.03278,0.427327
2026-03-27T17:22:12.467392+00:00,18.175261,1774632132467391700,0.627527,0.351394,-0.255871,0.462643,-0.283683,-0.791908,-0.282687,0.565532,-0.155235,0.187841,0.057812,-0.32635,0.560767,0.771478,0.647751,-0.155346,-0.636801,0.405604,-0.808352,-0.033602,0.426026
2026-03-27T17:22:12.484431+00:00,18.192301,1774632132484431400,0.627346,0.351251,-0.254181,0.462511,-0.282319,-0.790884,-0.283616,0.564736,-0.156377,0.188232,0.058027,-0.342444,0.581924,0.812696,0.648775,-0.155059,-0.635589,0.405803,-0.808876,-0.034367,0.424734
2026-03-27T17:22:12.501443+00:00,18.209313,1774632132501443400,0.627268,0.35104,-0.252429,0.461354,-0.281762,-0.792057,-0.285215,0.563885,-0.15718,0.188539,0.056574,-0.352747,0.591136,0.838018,0.649669,-0.15473,-0.634366,0.406225,-0.808934,-0.034985,0.422903
2026-03-27T17:22:12.518691+00:00,18.22656,1774632132518690600,0.627053,0.350856,-0.25083,0.460857,-0.280899,-0.792009,-0.286822,0.563249,-0.158068,0.188635,0.060296,-0.334848,0.557424,0.803335,0.650524,-0.154499,-0.633217,0.405692,-0.810909,-0.03568,0.421848
2026-03-27T17:22:12.535581+00:00,18.243451,1774632132535581300,0.626932,0.350673,-0.249207,0.460692,-0.279485,-0.791025,-0.287793,0.562955,-0.159272,0.18878,0.06208,-0.330002,0.548048,0.806653,0.651223,-0.154211,-0.632097,0.406035,-0.810477,-0.036464,0.419908
2026-03-27T17:22:12.553053+00:00,18.260922,1774632132553053000,0.626749,0.350527,-0.247784,0.460408,-0.278402,-0.790729,-0.289116,0.562828,-0.160995,0.188806,0.066801,-0.311425,0.517695,0.784704,0.651993,-0.15389,-0.631049,0.406206,-0.810026,-0.037194,0.418235
2026-03-27T17:22:12.569892+00:00,18.277761,1774632132569892000,0.626594,0.350376,-0.246532,0.45942,-0.278044,-0.792611,-0.290946,0.562463,-0.163103,0.188679,0.070849,-0.297598,0.495557,0.779476,0.652598,-0.153599,-0.630132,0.40563,-0.812366,-0.037734,0.417994
2026-03-27T17:22:12.586863+00:00,18.294732,1774632132586862800,0.626472,0.350253,-0.245244,0.45935,-0.276876,-0.792255,-0.291878,0.563055,-0.166102,0.188525,0.072802,-0.293878,0.488823,0.801865,0.653046,-0.153369,-0.629204,0.405958,-0.812164,-0.038219,0.416884
2026-03-27T17:22:12.603942+00:00,18.311812,1774632132603942200,0.626386,0.350137,-0.244149,0.459294,-0.2757,-0.791892,-0.29283,0.563317,-0.168949,0.18828,0.076176,-0.28377,0.465402,0.792523,0.653458,-0.153173,-0.628423,0.406337,-0.811985,-0.038542,0.415719
2026-03-27T17:22:12.620950+00:00,18.328819,1774632132620949600,0.626312,0.350059,-0.243154,0.459098,-0.27501,-0.792214,-0.293998,0.563503,-0.171605,0.1877,0.074633,-0.289309,0.461811,0.809448,0.653707,-0.153039,-0.627662,0.40585,-0.813645,-0.038839,0.41535
2026-03-27T17:22:12.637959+00:00,18.345829,1774632132637959100,0.626308,0.349962,-0.242293,0.459086,-0.274639,-0.792666,-0.294695,0.563442,-0.174016,0.186783,0.073704,-0.295073,0.456865,0.819848,0.653899,-0.152942,-0.627023,0.405855,-0.813937,-0.038798,0.414745
2026-03-27T17:22:12.655045+00:00,18.362915,1774632132655045300,0.626255,0.34993,-0.241644,0.45993,-0.274195,-0.791579,-0.294717,0.563233,-0.176558,0.186399,0.070754,-0.313777,0.472448,0.866623,0.653963,-0.152875,-0.626467,0.406147,-0.813861,-0.038631,0.414555
2026-03-27T17:22:12.672195+00:00,18.380065,1774632132672195200,0.626249,0.349863,-0.241051,0.460831,-0.273988,-0.790448,-0.294501,0.562813,-0.179053,0.186111,0.073304,-0.310669,0.456454,0.855452,0.653914,-0.152819,-0.62613,0.40645,-0.813255,-0.038247,0.414132
2026-03-27T17:22:12.689211+00:00,18.397081,1774632132689211300,0.626263,0.349798,-0.24062,0.46159,-0.274011,-0.789995,-0.294807,0.562404,-0.181333,0.185955,0.073719,-0.316113,0.453156,0.865783,0.653786,-0.152788,-0.625749,0.406556,-0.813636,-0.037934,0.414448
2026-03-27T17:22:12.706191+00:00,18.41406,1774632132706191000,0.626412,0.349695,-0.240214,0.462515,-0.273847,-0.789704,-0.29517,0.561964,-0.183148,0.186063,0.077832,-0.303152,0.421292,0.81854,0.653689,-0.15276,-0.625419,0.406453,-0.81357,-0.037692,0.414559
2026-03-27T17:22:12.723438+00:00,18.431307,1774632132723437500,0.626552,0.349624,-0.239939,0.463987,-0.273592,-0.788228,-0.295073,0.561442,-0.184661,0.186153,0.076472,-0.31103,0.419761,0.824691,0.653569,-0.152564,-0.624988,0.406116,-0.81407,-0.037759,0.415067
2026-03-27T17:22:12.740720+00:00,18.44859,1774632132740720300,0.62668,0.349582,-0.239782,0.465325,-0.273869,-0.787991,-0.295355,0.560337,-0.185756,0.185808,0.075526,-0.315315,0.416188,0.820357,0.653279,-0.152361,-0.624838,0.40734,-0.812544,-0.03752,0.414352
2026-03-27T17:22:12.757497+00:00,18.465366,1774632132757496500,0.626881,0.349528,-0.239686,0.467067,-0.273907,-0.78706,-0.295391,0.559823,-0.186585,0.18566,0.072676,-0.319619,0.414815,0.819549,0.65291,-0.152141,-0.624719,0.407496,-0.813909,-0.037366,0.415052
2026-03-27T17:22:12.774479+00:00,18.482348,1774632132774478600,0.627131,0.349475,-0.239669,0.468727,-0.27409,-0.786595,-0.295586,0.559442,-0.18678,0.185384,0.063386,-0.349249,0.446886,0.885686,0.652589,-0.151806,-0.624669,0.408577,-0.812856,-0.037257,0.414814
2026-03-27T17:22:12.791537+00:00,18.499406,1774632132791536600,0.627339,0.349472,-0.239721,0.471491,-0.273854,-0.78436,-0.295081,0.559316,-0.186806,0.185269,0.06445,-0.319489,0.40532,0.803316,0.652179,-0.151448,-0.624669,0.409549,-0.811859,-0.037266,0.414636
2026-03-27T17:22:12.808514+00:00,18.516383,1774632132808514000,0.627615,0.349437,-0.23981,0.473283,-0.274175,-0.784235,-0.295445,0.559264,-0.18573,0.185191,0.05164,-0.362245,0.457359,0.903919,0.651824,-0.151081,-0.624725,0.410724,-0.810262,-0.037231,0.414265
2026-03-27T17:22:12.825572+00:00,18.533442,1774632132825572200,0.627813,0.349451,-0.239899,0.475883,-0.274041,-0.782288,-0.295312,0.559266,-0.184016,0.185316,0.049086,-0.32863,0.414203,0.813871,0.651498,-0.150639,-0.624757,0.411108,-0.809991,-0.037148,0.414478
2026-03-27T17:22:12.842606+00:00,18.550475,1774632132842606000,0.628095,0.349451,-0.240005,0.478583,-0.273711,-0.780554,-0.295283,0.559411,-0.181257,0.185834,0.039633,-0.340156,0.429054,0.83628,0.651221,-0.150192,-0.624816,0.410875,-0.811382,-0.037193,0.415537
2026-03-27T17:22:12.859620+00:00,18.56749,1774632132859620100,0.628175,0.349452,-0.240109,0.480981,-0.273683,-0.778924,-0.295507,0.560022,-0.178414,0.186543,0.03437,-0.301873,0.380086,0.736352,0.65093,-0.149647,-0.624972,0.411651,-0.809911,-0.037261,0.41535
2026-03-27T17:22:12.876776+00:00,18.584645,1774632132876775700,0.628359,0.34944,-0.240215,0.483632,-0.273238,-0.776856,-0.29537,0.560824,-0.174654,0.187486,0.017045,-0.443537,0.560345,1.073517,0.650712,-0.149071,-0.625222,0.412166,-0.809432,-0.037547,0.415924
2026-03-27T17:22:12.893691+00:00,18.601561,1774632132893691300,0.628397,0.349434,-0.240346,0.485928,-0.27304,-0.77558,-0.295676,0.561931,-0.170798,0.188554,0.020915,-0.229749,0.29315,0.551552,0.65056,-0.148429,-0.625483,0.413032,-0.808913,-0.03796,0.416253
2026-03-27T17:22:12.910893+00:00,18.618763,1774632132910893200,0.628497,0.349385,-0.240498,0.487556,-0.272969,-0.775183,-0.296244,0.563161,-0.166222,0.189864,1e-06,-2041.652799,2644.985914,4856.571555,0.650459,-0.14773,-0.625802,0.413478,-0.808507,-0.038574,0.416844
2026-03-27T17:22:12.927978+00:00,18.635847,1774632132927977600,0.628442,0.349394,-0.240634,0.489737,-0.272428,-0.772962,-0.296539,0.564491,-0.161239,0.191466,0.014311,0.047663,-0.063247,-0.112314,0.650428,-0.147011,-0.626158,0.413999,-0.807714,-0.039245,0.416985
2026-03-27T17:22:12.945054+00:00,18.652924,1774632132945054300,0.628427,0.349392,-0.240772,0.491243,-0.272245,-0.771984,-0.296878,0.56586,-0.155881,0.193309,1e-06,3213.554621,-4381.120205,-7502.518594,0.650473,-0.146345,-0.626509,0.414354,-0.807034,-0.039917,0.417529
2026-03-27T17:22:12.961997+00:00,18.669866,1774632132961996600,0.628426,0.349346,-0.240933,0.492098,-0.271858,-0.771779,-0.297577,0.567142,-0.150704,0.195349,0.021774,0.240529,-0.33802,-0.554162,0.650497,-0.145639,-0.626919,0.413521,-0.808621,-0.040746,0.419094
2026-03-27T17:22:12.979077+00:00,18.686947,1774632132979077400,0.628332,0.349329,-0.241131,0.492945,-0.271702,-0.771571,-0.298019,0.568194,-0.145162,0.197802,0.019287,0.360796,-0.521491,-0.817596,0.65052,-0.144972,-0.627303,0.413878,-0.807357,-0.041513,0.419252
2026-03-27T17:22:12.996058+00:00,18.703928,1774632132996058200,0.628172,0.349364,-0.241373,0.494683,-0.271064,-0.769479,-0.297628,0.569105,-0.140123,0.200229,0.026922,0.31067,-0.459736,-0.689143,0.650547,-0.14429,-0.627739,0.413977,-0.806116,-0.042339,0.419673
2026-03-27T17:22:13.013210+00:00,18.721079,1774632133013209500,0.628,0.349366,-0.241718,0.494967,-0.270956,-0.770574,-0.298059,0.569606,-0.135068,0.203134,0.02953,0.32408,-0.488341,-0.69933,0.65054,-0.14379,-0.628028,0.413588,-0.805979,-0.043202,0.42044
2026-03-27T17:22:13.030254+00:00,18.738123,1774632133030254000,0.627817,0.349415,-0.242136,0.495917,-0.270605,-0.769808,-0.297959,0.569975,-0.130747,0.205814,0.026203,0.410434,-0.626395,-0.857836,0.650529,-0.143234,-0.628339,0.413734,-0.805181,-0.044041,0.421142
2026-03-27T17:22:13.047262+00:00,18.755131,1774632133047262000,0.627605,0.349548,-0.242613,0.497009,-0.270174,-0.768827,-0.297516,0.570053,-0.126588,0.208794,0.025853,0.457687,-0.70631,-0.925593,0.650504,-0.142581,-0.628816,0.413168,-0.805699,-0.044953,0.422653
2026-03-27T17:22:13.064486+00:00,18.772356,1774632133064486100,0.627467,0.349734,-0.243247,0.497365,-0.270155,-0.769505,-0.297491,0.570035,-0.123352,0.211383,0.034062,0.367611,-0.573818,-0.720478,0.650296,-0.142112,-0.629214,0.413801,-0.803664,-0.045636,0.422698
2026-03-27T17:22:13.082766+00:00,18.790636,1774632133082766400,0.627324,0.350019,-0.243983,0.498822,-0.269722,-0.768445,-0.296421,0.570026,-0.120375,0.214177,0.033099,0.379103,-0.599256,-0.720277,0.650011,-0.141826,-0.62956,0.412786,-0.805735,-0.046449,0.424762
2026-03-27T17:22:13.099099+00:00,18.806968,1774632133099098600,0.627264,0.350295,-0.244811,0.499534,-0.269879,-0.768811,-0.295866,0.569989,-0.118306,0.21619,0.033806,0.346649,-0.552983,-0.642462,0.64965,-0.14173,-0.629845,0.41322,-0.804533,-0.04668,0.424729
2026-03-27T17:22:13.115971+00:00,18.82384,1774632133115970500,0.627199,0.350631,-0.245714,0.500891,-0.2698,-0.767966,-0.294327,0.569572,-0.116281,0.218229,0.015869,0.65773,-1.054384,-1.19057,0.649252,-0.141765,-0.630203,0.413327,-0.8039,-0.046485,0.425051
2026-03-27T17:22:13.132932+00:00,18.840802,1774632133132932300,0.627116,0.351003,-0.246796,0.502683,-0.270066,-0.7673,-0.293154,0.569239,-0.114537,0.219595,0.029896,0.312207,-0.49922,-0.553882,0.648744,-0.141839,-0.630509,0.412888,-0.805028,-0.045822,0.425548
2026-03-27T17:22:13.149955+00:00,18.857824,1774632133149955000,0.627129,0.351431,-0.247871,0.50439,-0.270268,-0.767319,-0.291795,0.569173,-0.112958,0.220142,0.015468,0.585346,-0.924652,-1.021197,0.648166,-0.142024,-0.630804,0.412966,-0.804885,-0.045081,0.425503
2026-03-27T17:22:13.167047+00:00,18.874917,1774632133167047200,0.627234,0.351948,-0.2491,0.507011,-0.270001,-0.765511,-0.289662,0.56921,-0.111205,0.220077,0.018231,0.562774,-0.871541,-0.970208,0.647447,-0.142353,-0.631243,0.413776,-0.802846,-0.044186,0.424992
2026-03-27T17:22:13.183983+00:00,18.891852,1774632133183982900,0.627486,0.352473,-0.250288,0.509513,-0.270076,-0.763921,-0.287594,0.569691,-0.109237,0.218784,0.038437,0.339382,-0.511724,-0.579328,0.646625,-0.142772,-0.631567,0.41371,-0.803111,-0.043391,0.425451
2026-03-27T17:22:13.201174+00:00,18.909044,1774632133201174500,0.627923,0.353041,-0.251634,0.512417,-0.270203,-0.762911,-0.285232,0.570747,-0.106954,0.216334,0.04545,0.381144,-0.557602,-0.644937,0.645703,-0.143154,-0.63206,0.414425,-0.802409,-0.042439,0.425943
2026-03-27T17:22:13.218306+00:00,18.926175,1774632133218305600,0.628365,0.353567,-0.252894,0.515094,-0.270477,-0.762141,-0.283318,0.572075,-0.104154,0.212954,0.05929,0.38764,-0.550148,-0.65184,0.6447,-0.143524,-0.632517,0.41492,-0.802481,-0.041535,0.426354
2026-03-27T17:22:13.235296+00:00,18.943166,1774632133235296500,0.628905,0.354037,-0.254242,0.517566,-0.271072,-0.76204,-0.281886,0.57388,-0.10104,0.208545,0.069845,0.426953,-0.589305,-0.716,0.643665,-0.143906,-0.633017,0.416122,-0.801475,-0.040647,0.426962
2026-03-27T17:22:13.252486+00:00,18.960355,1774632133252486000,0.629414,0.354464,-0.255523,0.520684,-0.270984,-0.760289,-0.28018,0.576122,-0.097473,0.20347,0.090319,0.417244,-0.561664,-0.701995,0.64263,-0.144294,-0.633523,0.416497,-0.80239,-0.039763,0.428191
2026-03-27T17:22:13.269213+00:00,18.977083,1774632133269213500,0.62986,0.354785,-0.256739,0.523467,-0.271132,-0.758381,-0.278897,0.578845,-0.093901,0.197744,0.108113,0.42506,-0.560286,-0.720674,0.641723,-0.144745,-0.634084,0.418227,-0.799848,-0.038205,0.427884
2026-03-27T17:22:13.286328+00:00,18.994197,1774632133286327800,0.630315,0.355061,-0.25792,0.526295,-0.271024,-0.756474,-0.277869,0.582058,-0.090136,0.191304,0.131716,0.412555,-0.533008,-0.707553,0.640853,-0.145272,-0.634627,0.418825,-0.79932,-0.036803,0.428108
2026-03-27T17:22:13.303530+00:00,19.011399,1774632133303530000,0.630826,0.35526,-0.25914,0.528981,-0.271235,-0.755483,-0.277393,0.585613,-0.086447,0.184206,0.149719,0.416056,-0.527078,-0.723561,0.639978,-0.145806,-0.635251,0.419507,-0.798779,-0.035418,0.428571
2026-03-27T17:22:13.320674+00:00,19.028543,1774632133320673800,0.631257,0.355431,-0.260226,0.532196,-0.270888,-0.752533,-0.276666,0.589926,-0.082976,0.176429,0.16813,0.411932,-0.511818,-0.728268,0.639584,-0.14643,-0.635774,0.418247,-0.799764,-0.033815,0.429555
2026-03-27T17:22:13.338450+00:00,19.046319,1774632133338449800,0.6317,0.355525,-0.261387,0.534763,-0.270965,-0.751003,-0.276343,0.594542,-0.079549,0.167959,0.183399,0.413356,-0.504324,-0.745505,0.639093,-0.147056,-0.636312,0.417369,-0.800219,-0.032458,0.430348
2026-03-27T17:22:13.354997+00:00,19.062866,1774632133354996700,0.631985,0.355592,-0.262437,0.536956,-0.271466,-0.749586,-0.276452,0.599435,-0.076521,0.159372,0.199812,0.406892,-0.488532,-0.748926,0.638511,-0.14788,-0.636984,0.416505,-0.800129,-0.031225,0.431062
2026-03-27T17:22:13.372070+00:00,19.07994,1774632133372070100,0.632325,0.355614,-0.263612,0.539736,-0.2719,-0.747289,-0.276115,0.604654,-0.073468,0.150028,0.21512,0.401797,-0.474812,-0.754883,0.638264,-0.148391,-0.637454,0.416099,-0.799284,-0.029714,0.431293
2026-03-27T17:22:13.389079+00:00,19.096948,1774632133389078400,0.632498,0.355638,-0.264689,0.542482,-0.272115,-0.745021,-0.27605,0.609927,-0.070536,0.140214,0.230006,0.39578,-0.460633,-0.758971,0.638108,-0.148888,-0.63794,0.415542,-0.799288,-0.028426,0.431745
2026-03-27T17:22:13.406083+00:00,19.113953,1774632133406083100,0.632728,0.355626,-0.265846,0.544534,-0.272664,-0.744191,-0.276326,0.615387,-0.067864,0.129818,0.243089,0.391608,-0.449157,-0.767184,0.638123,-0.149267,-0.638351,0.415132,-0.799192,-0.027357,0.432104
2026-03-27T17:22:13.423134+00:00,19.131003,1774632133423133800,0.632762,0.355635,-0.266885,0.547213,-0.272633,-0.741334,-0.276025,0.620906,-0.065523,0.119044,0.256513,0.383951,-0.4342,-0.770372,0.638206,-0.14951,-0.638588,0.413747,-0.800988,-0.027012,0.433183
2026-03-27T17:22:13.440295+00:00,19.148164,1774632133440295000,0.632827,0.355624,-0.267968,0.548987,-0.27317,-0.740425,-0.275862,0.626645,-0.063472,0.107749,0.266185,0.378699,-0.423174,-0.781193,0.638348,-0.149628,-0.63881,0.413721,-0.800037,-0.026988,0.432593
2026-03-27T17:22:13.457533+00:00,19.165402,1774632133457532800,0.632804,0.35566,-0.269023,0.55106,-0.273468,-0.738877,-0.275466,0.632378,-0.061782,0.096092,0.275904,0.371019,-0.410535,-0.787348,0.638594,-0.149598,-0.638896,0.413441,-0.799679,-0.027372,0.432425
2026-03-27T17:22:13.474262+00:00,19.182132,1774632133474262500,0.632709,0.355723,-0.270046,0.553101,-0.273485,-0.736711,-0.274874,0.63784,-0.060545,0.084346,0.283947,0.363281,-0.399343,-0.793573,0.63911,-0.149493,-0.638883,0.412687,-0.801557,-0.028209,0.432985
2026-03-27T17:22:13.491224+00:00,19.199093,1774632133491223700,0.632715,0.355674,-0.271094,0.55484,-0.273906,-0.736083,-0.274505,0.643518,-0.059876,0.072129,0.291434,0.354156,-0.387819,-0.797644,0.639743,-0.14944,-0.638855,0.412747,-0.801456,-0.029408,0.432112
2026-03-27T17:22:13.508554+00:00,19.216423,1774632133508553900,0.632575,0.355818,-0.272134,0.556525,-0.273894,-0.734907,-0.273948,0.649293,-0.059538,0.059414,0.29749,0.343696,-0.377405,-0.804665,0.640461,-0.149074,-0.638784,0.412888,-0.800707,-0.030662,0.431333
2026-03-27T17:22:13.525498+00:00,19.233368,1774632133525498400,0.632299,0.356003,-0.273151,0.558171,-0.27387,-0.73377,-0.273396,0.654836,-0.060164,0.046473,0.302169,0.33202,-0.368499,-0.811892,0.641295,-0.148748,-0.638524,0.41255,-0.801337,-0.031978,0.430531
2026-03-27T17:22:13.542693+00:00,19.250563,1774632133542693300,0.631985,0.35621,-0.274221,0.559694,-0.274137,-0.733437,-0.273389,0.660416,-0.061481,0.033266,0.305718,0.32007,-0.360259,-0.819418,0.642206,-0.148452,-0.638142,0.411592,-0.803101,-0.033253,0.430382
2026-03-27T17:22:13.560508+00:00,19.268378,1774632133560508500,0.631566,0.356429,-0.275266,0.561396,-0.274105,-0.732275,-0.272814,0.665899,-0.063727,0.018914,0.306872,0.307828,-0.353294,-0.829776,0.643097,-0.148205,-0.637638,0.411384,-0.803338,-0.034409,0.429006
2026-03-27T17:22:13.576621+00:00,19.28449,1774632133576620500,0.631176,0.356654,-0.276226,0.563033,-0.273766,-0.731086,-0.272242,0.670624,-0.066717,0.005813,0.307024,0.295546,-0.346429,-0.837096,0.643863,-0.148046,-0.637093,0.410813,-0.803605,-0.035369,0.427958
2026-03-27T17:22:13.593653+00:00,19.301523,1774632133593653300,0.630703,0.356906,-0.277185,0.564531,-0.273716,-0.730072,-0.27174,0.67542,-0.070669,-0.008322,0.30633,0.281308,-0.339391,-0.84572,0.64475,-0.147914,-0.63654,0.409971,-0.804991,-0.036455,0.427221
2026-03-27T17:22:13.610691+00:00,19.318561,1774632133610691300,0.630215,0.357179,-0.278117,0.565689,-0.273154,-0.7294,-0.271143,0.679927,-0.075557,-0.022466,0.305093,0.265922,-0.331664,-0.85378,0.645611,-0.147812,-0.635964,0.409572,-0.804648,-0.037412,0.425992
2026-03-27T17:22:13.627703+00:00,19.335573,1774632133627703400,0.629668,0.35747,-0.279012,0.567344,-0.272774,-0.72824,-0.270547,0.683973,-0.081362,-0.036683,0.303108,0.250023,-0.323251,-0.860675,0.64631,-0.14777,-0.635344,0.408114,-0.806677,-0.038539,0.425893
2026-03-27T17:22:13.644809+00:00,19.352678,1774632133644808600,0.629089,0.357812,-0.279881,0.568469,-0.272167,-0.727617,-0.269961,0.687412,-0.087836,-0.051037,0.299875,0.234808,-0.314212,-0.866561,0.647027,-0.147761,-0.634767,0.406677,-0.808766,-0.039638,0.425765
2026-03-27T17:22:13.661776+00:00,19.369646,1774632133661776500,0.628523,0.358144,-0.280718,0.568762,-0.27177,-0.728135,-0.269572,0.690009,-0.094883,-0.064958,0.294477,0.222168,-0.306369,-0.876444,0.647551,-0.14774,-0.634264,0.406285,-0.808914,-0.040065,0.424886
2026-03-27T17:22:13.678774+00:00,19.386644,1774632133678774200,0.627939,0.358547,-0.281551,0.570027,-0.271136,-0.727345,-0.268674,0.691866,-0.102122,-0.078429,0.28881,0.209362,-0.297618,-0.885016,0.647983,-0.147689,-0.633846,0.406541,-0.807239,-0.040075,0.423132
2026-03-27T17:22:13.695944+00:00,19.403813,1774632133695943900,0.627452,0.358898,-0.282415,0.570733,-0.270789,-0.727697,-0.267823,0.693579,-0.109202,-0.091256,0.282039,0.195,-0.28883,-0.894,0.648426,-0.147683,-0.633499,0.404934,-0.810195,-0.040165,0.42365
2026-03-27T17:22:13.712768+00:00,19.420637,1774632133712767500,0.626931,0.359251,-0.28325,0.57203,-0.270144,-0.726891,-0.26693,0.694997,-0.115989,-0.10241,0.273726,0.179821,-0.283288,-0.900993,0.648628,-0.147656,-0.63329,0.404332,-0.809643,-0.040184,0.422794
2026-03-27T17:22:13.729728+00:00,19.437598,1774632133729728600,0.626504,0.359521,-0.284053,0.572371,-0.269971,-0.727067,-0.266535,0.696102,-0.121824,-0.112134,0.262162,0.166095,-0.284579,-0.908884,0.648696,-0.147589,-0.633182,0.403197,-0.809605,-0.040363,0.422795
2026-03-27T17:22:13.746832+00:00,19.454701,1774632133746831500,0.626068,0.359824,-0.284892,0.57341,-0.269444,-0.726558,-0.266281,0.696622,-0.126782,-0.119638,0.252888,0.153568,-0.287702,-0.907888,0.648602,-0.147462,-0.633185,0.401943,-0.810012,-0.040644,0.423376
2026-03-27T17:22:13.763764+00:00,19.471634,1774632133763764100,0.625745,0.360082,-0.285742,0.574553,-0.268881,-0.725921,-0.265694,0.696845,-0.130576,-0.125097,0.244074,0.146759,-0.295293,-0.913181,0.648431,-0.147337,-0.633284,0.40125,-0.809945,-0.041056,0.424447
2026-03-27T17:22:13.780974+00:00,19.488843,1774632133780974000,0.625447,0.360373,-0.286587,0.575706,-0.268293,-0.725263,-0.265178,0.696599,-0.133378,-0.128116,0.238682,0.143986,-0.301778,-0.914697,0.647873,-0.147069,-0.633473,0.400278,-0.810476,-0.041564,0.425967
2026-03-27T17:22:13.798048+00:00,19.505918,1774632133798048200,0.625258,0.36062,-0.287375,0.575997,-0.268148,-0.725564,-0.265014,0.69594,-0.134855,-0.129017,0.238103,0.14274,-0.303584,-0.907574,0.647151,-0.146682,-0.633933,0.399678,-0.810867,-0.042103,0.427214
2026-03-27T17:22:13.815161+00:00,19.52303,1774632133815160900,0.625098,0.360894,-0.288217,0.57712,-0.267622,-0.724939,-0.264418,0.695301,-0.135376,-0.12825,0.236173,0.14541,-0.307526,-0.913195,0.646095,-0.146291,-0.634791,0.400748,-0.808543,-0.042272,0.427648
2026-03-27T17:22:13.832011+00:00,19.53988,1774632133832010400,0.625012,0.36112,-0.289052,0.578046,-0.267512,-0.724475,-0.263892,0.694375,-0.134911,-0.124979,0.237448,0.1488,-0.306768,-0.908191,0.644976,-0.146006,-0.635779,0.401301,-0.807908,-0.042358,0.42887
2026-03-27T17:22:13.849062+00:00,19.556931,1774632133849061700,0.62493,0.361322,-0.289879,0.579043,-0.267465,-0.723599,-0.263272,0.69352,-0.133605,-0.119229,0.237392,0.155294,-0.309548,-0.903729,0.643673,-0.145825,-0.636876,0.401801,-0.807863,-0.042292,0.430026
2026-03-27T17:22:13.866129+00:00,19.573999,1774632133866129300,0.624898,0.361424,-0.29069,0.579153,-0.267908,-0.724162,-0.263169,0.692838,-0.131325,-0.112141,0.235771,0.164789,-0.31679,-0.905788,0.642345,-0.145764,-0.638092,0.402804,-0.80741,-0.041988,0.431209
2026-03-27T17:22:13.883008+00:00,19.590877,1774632133883007600,0.624818,0.36148,-0.29135,0.579716,-0.268165,-0.723012,-0.262672,0.692017,-0.128614,-0.103485,0.235903,0.174865,-0.323926,-0.900675,0.640974,-0.14585,-0.639423,0.40384,-0.806441,-0.041298,0.432193
2026-03-27T17:22:13.899960+00:00,19.60783,1774632133899960200,0.624751,0.361481,-0.291967,0.57964,-0.26851,-0.722516,-0.26223,0.691179,-0.125477,-0.093512,0.235602,0.186915,-0.333802,-0.896634,0.639533,-0.146034,-0.64084,0.405352,-0.804452,-0.040244,0.432071
2026-03-27T17:22:13.917063+00:00,19.624933,1774632133917063400,0.624682,0.361376,-0.292564,0.5785,-0.269468,-0.724164,-0.262864,0.690181,-0.12219,-0.0824,0.236699,0.198414,-0.343051,-0.884117,0.638089,-0.146371,-0.642286,0.406267,-0.803594,-0.039082,0.432879
2026-03-27T17:22:13.934052+00:00,19.641921,1774632133934051600,0.62457,0.361324,-0.292965,0.578035,-0.269692,-0.723354,-0.262607,0.689092,-0.118971,-0.070422,0.234401,0.212694,-0.357159,-0.881599,0.636621,-0.147062,-0.643735,0.406947,-0.802336,-0.037257,0.433047
2026-03-27T17:22:13.951279+00:00,19.659148,1774632133951279000,0.624414,0.361145,-0.293391,0.576666,-0.270905,-0.724193,-0.262939,0.687975,-0.116101,-0.057989,0.231546,0.226084,-0.370369,-0.874533,0.635095,-0.147933,-0.645136,0.407027,-0.802153,-0.035439,0.434186
2026-03-27T17:22:13.968050+00:00,19.67592,1774632133968050500,0.62424,0.360814,-0.293698,0.574776,-0.272151,-0.725569,-0.262972,0.686488,-0.11366,-0.045231,0.227119,0.238174,-0.382224,-0.865875,0.633545,-0.148854,-0.64643,0.406644,-0.801934,-0.033602,0.435997
2026-03-27T17:22:13.985048+00:00,19.692918,1774632133985048300,0.623981,0.360565,-0.294028,0.573499,-0.273039,-0.725707,-0.262733,0.685009,-0.111708,-0.032613,0.220005,0.24935,-0.392502,-0.855341,0.631926,-0.149808,-0.647695,0.407097,-0.800032,-0.031709,0.436807
2026-03-27T17:22:14.002105+00:00,19.709974,1774632134002105000,0.623744,0.360287,-0.294315,0.571518,-0.274525,-0.727265,-0.262765,0.683254,-0.110456,-0.019826,0.207224,0.262665,-0.405858,-0.855571,0.630409,-0.150905,-0.648658,0.406599,-0.799842,-0.029879,0.438771
2026-03-27T17:22:14.019084+00:00,19.726953,1774632134019083700,0.623499,0.360086,-0.2946,0.569816,-0.275576,-0.728063,-0.262202,0.681648,-0.109925,-0.007959,0.195676,0.269904,-0.411034,-0.841996,0.628997,-0.151941,-0.649446,0.40609,-0.799394,-0.027866,0.440049
2026-03-27T17:22:14.036090+00:00,19.743959,1774632134036089600,0.623181,0.359929,-0.294933,0.568186,-0.276901,-0.729171,-0.261456,0.679881,-0.110042,0.003231,0.180985,0.276306,-0.418898,-0.836538,0.627574,-0.152966,-0.650214,0.405115,-0.800598,-0.02596,0.442303
2026-03-27T17:22:14.053322+00:00,19.761191,1774632134053321600,0.622874,0.359808,-0.295303,0.566745,-0.278114,-0.730714,-0.260909,0.677906,-0.110861,0.014237,0.165825,0.281602,-0.428647,-0.837449,0.626286,-0.153913,-0.650715,0.404478,-0.800313,-0.024161,0.4435
2026-03-27T17:22:14.070458+00:00,19.778328,1774632134070458400,0.622457,0.359754,-0.295677,0.565879,-0.278834,-0.730373,-0.259795,0.675968,-0.112843,0.024015,0.151351,0.285179,-0.439256,-0.842016,0.625096,-0.15487,-0.651121,0.404047,-0.798987,-0.022527,0.444257
2026-03-27T17:22:14.087564+00:00,19.795433,1774632134087563700,0.622089,0.359683,-0.296143,0.564519,-0.280266,-0.732446,-0.259128,0.67406,-0.115566,0.032839,0.138802,0.284441,-0.447177,-0.840589,0.624152,-0.155752,-0.651344,0.402689,-0.800132,-0.021189,0.445977
2026-03-27T17:22:14.104723+00:00,19.812593,1774632134104723400,0.621627,0.359685,-0.296602,0.563962,-0.280565,-0.732405,-0.258098,0.671839,-0.118871,0.040978,0.128553,0.276704,-0.446533,-0.823459,0.623277,-0.156642,-0.651472,0.401561,-0.800304,-0.020011,0.446846
2026-03-27T17:22:14.121713+00:00,19.829582,1774632134121712900,0.621216,0.359758,-0.297125,0.563677,-0.280975,-0.732692,-0.256666,0.67005,-0.122884,0.047009,0.112864,0.281887,-0.467559,-0.848836,0.622688,-0.157416,-0.651434,0.401022,-0.799534,-0.018922,0.446454
2026-03-27T17:22:14.138731+00:00,19.846601,1774632134138731200,0.620817,0.359975,-0.297681,0.563543,-0.281567,-0.73345,-0.255143,0.667905,-0.127357,0.052944,0.102736,0.276191,-0.471106,-0.845044,0.622262,-0.158145,-0.65128,0.399786,-0.800629,-0.018019,0.446672
2026-03-27T17:22:14.155746+00:00,19.863615,1774632134155745700,0.620398,0.360306,-0.298263,0.564156,-0.281789,-0.733364,-0.253541,0.666104,-0.132567,0.056781,0.091982,0.272828,-0.477903,-0.851788,0.622001,-0.158787,-0.651092,0.398837,-0.801245,-0.017203,0.446251
2026-03-27T17:22:14.173015+00:00,19.880885,1774632134173015300,0.620025,0.36064,-0.298845,0.564155,-0.282081,-0.733921,-0.252074,0.664176,-0.138078,0.060836,0.081507,0.267249,-0.47968,-0.855209,0.621934,-0.159308,-0.650766,0.398171,-0.801341,-0.016718,0.445243
2026-03-27T17:22:14.189794+00:00,19.897663,1774632134189793600,0.619623,0.360981,-0.299423,0.5653,-0.282152,-0.733101,-0.250203,0.662715,-0.14398,0.062982,0.069881,0.264081,-0.481456,-0.865604,0.621991,-0.159646,-0.65014,0.396436,-0.804375,-0.016488,0.445237
2026-03-27T17:22:14.206857+00:00,19.914727,1774632134206857200,0.619298,0.361319,-0.300012,0.565813,-0.282636,-0.733738,-0.248811,0.661036,-0.149788,0.065368,0.064245,0.241217,-0.442578,-0.807,0.622003,-0.15992,-0.649521,0.396157,-0.803254,-0.016322,0.443604
2026-03-27T17:22:14.223903+00:00,19.931772,1774632134223903000,0.619,0.361674,-0.300523,0.567288,-0.282858,-0.732512,-0.246905,0.659561,-0.155485,0.066353,0.055002,0.238621,-0.436705,-0.811343,0.622198,-0.160053,-0.648812,0.394711,-0.805161,-0.016338,0.443632
2026-03-27T17:22:14.240906+00:00,19.948776,1774632134240906200,0.618745,0.361996,-0.301009,0.568466,-0.283295,-0.732455,-0.245666,0.657978,-0.160647,0.067456,0.047958,0.233878,-0.424071,-0.803057,0.622543,-0.160017,-0.648109,0.394384,-0.804499,-0.016603,0.442578
2026-03-27T17:22:14.258256+00:00,19.966125,1774632134258256000,0.618515,0.362308,-0.301397,0.569558,-0.283541,-0.731894,-0.244498,0.65678,-0.1655,0.067518,0.04112,0.234701,-0.419991,-0.810102,0.622989,-0.159891,-0.647417,0.394033,-0.804925,-0.017202,0.44198
2026-03-27T17:22:14.274858+00:00,19.982728,1774632134274858300,0.61831,0.362599,-0.301677,0.571132,-0.283434,-0.730512,-0.243148,0.655718,-0.169566,0.06742,0.038308,0.221328,-0.390478,-0.765928,0.623513,-0.159681,-0.646734,0.393708,-0.805856,-0.01811,0.441675
2026-03-27T17:22:14.291827+00:00,19.999697,1774632134291827500,0.618153,0.362836,-0.301875,0.572344,-0.283364,-0.730053,-0.242644,0.65489,-0.173189,0.067036,0.026796,0.28297,-0.493542,-0.983173,0.624109,-0.159144,-0.646105,0.393641,-0.806285,-0.019214,0.440778
2026-03-27T17:22:14.309142+00:00,20.017011,1774632134309141900,0.618012,0.363029,-0.301966,0.573105,-0.283396,-0.729813,-0.242487,0.654238,-0.176318,0.0666,0.030251,0.226928,-0.39478,-0.793318,0.624777,-0.158472,-0.645461,0.393595,-0.807703,-0.020505,0.440476
2026-03-27T17:22:14.326177+00:00,20.034047,1774632134326177300,0.617891,0.363202,-0.30196,0.57408,-0.282851,-0.729328,-0.242327,0.654074,-0.17881,0.065271,0.015551,0.407551,-0.714648,-1.44095,0.625301,-0.157845,-0.645043,0.394484,-0.806613,-0.02201,0.439126
2026-03-27T17:22:14.343215+00:00,20.051084,1774632134343214800,0.617776,0.363333,-0.301939,0.574752,-0.28268,-0.729215,-0.242654,0.653882,-0.180917,0.064554,0.029794,0.22624,-0.395988,-0.802294,0.625933,-0.157066,-0.644561,0.395281,-0.806062,-0.023643,0.438122
2026-03-27T17:22:14.360362+00:00,20.068231,1774632134360361500,0.617667,0.363458,-0.301768,0.575545,-0.281948,-0.728338,-0.242725,0.653886,-0.182377,0.063292,0.032457,0.225451,-0.389997,-0.801598,0.626684,-0.156071,-0.643894,0.395066,-0.807502,-0.025372,0.438076
2026-03-27T17:22:14.377292+00:00,20.085162,1774632134377292200,0.617555,0.36357,-0.301431,0.576503,-0.281158,-0.727068,-0.242893,0.653887,-0.183507,0.062066,0.032853,0.233221,-0.398895,-0.829573,0.627237,-0.155371,-0.643433,0.395243,-0.807707,-0.026925,0.438011
2026-03-27T17:22:14.395410+00:00,20.103279,1774632134395409900,0.617461,0.363623,-0.30093,0.57686,-0.2807,-0.726834,-0.24328,0.65456,-0.185078,0.060851,0.032631,0.231006,-0.395012,-0.831257,0.627825,-0.154625,-0.642925,0.395389,-0.807823,-0.028486,0.437567
2026-03-27T17:22:14.411823+00:00,20.119693,1774632134411823400,0.617379,0.363649,-0.300505,0.576464,-0.280885,-0.727792,-0.244044,0.65547,-0.186365,0.059436,0.02249,0.320546,-0.55256,-1.177411,0.628193,-0.154161,-0.642565,0.394807,-0.808482,-0.029357,0.437337
2026-03-27T17:22:14.428893+00:00,20.136762,1774632134428892900,0.617259,0.36366,-0.300042,0.576337,-0.2807,-0.727961,-0.244718,0.656714,-0.188622,0.057841,0.032246,0.203277,-0.358262,-0.772369,0.628586,-0.15371,-0.642137,0.39526,-0.807027,-0.030164,0.436034
2026-03-27T17:22:14.445975+00:00,20.153844,1774632134445974900,0.617128,0.363685,-0.29944,0.576308,-0.279967,-0.72737,-0.245176,0.657553,-0.190385,0.056374,0.025389,0.272055,-0.480052,-1.044572,0.628963,-0.153336,-0.641673,0.394183,-0.809233,-0.030925,0.436703
2026-03-27T17:22:14.462926+00:00,20.170795,1774632134462925800,0.616969,0.363669,-0.298978,0.576099,-0.279795,-0.72762,-0.246034,0.658085,-0.191005,0.055254,0.037182,0.198366,-0.351605,-0.759967,0.629179,-0.153106,-0.64126,0.394858,-0.808124,-0.031313,0.435693
2026-03-27T17:22:14.480150+00:00,20.188019,1774632134480149400,0.61681,0.36365,-0.29841,0.575993,-0.279328,-0.727131,-0.246381,0.658545,-0.19154,0.054628,0.037199,0.20689,-0.37074,-0.79508,0.629403,-0.1529,-0.640767,0.39521,-0.80762,-0.031692,0.435127
2026-03-27T17:22:14.496860+00:00,20.204729,1774632134496859700,0.616709,0.36366,-0.298003,0.575952,-0.278897,-0.727163,-0.246804,0.658822,-0.191697,0.054088,0.03955,0.197542,-0.358778,-0.764043,0.629525,-0.152833,-0.640329,0.395785,-0.807157,-0.032019,0.434159
2026-03-27T17:22:14.513921+00:00,20.221791,1774632134513921400,0.616625,0.36367,-0.297633,0.576205,-0.278499,-0.726924,-0.246749,0.659121,-0.192035,0.053887,0.034554,0.235962,-0.429884,-0.919325,0.629655,-0.152836,-0.639823,0.395356,-0.809263,-0.032241,0.434194
2026-03-27T17:22:14.531095+00:00,20.238964,1774632134531094400,0.616538,0.363686,-0.297312,0.576329,-0.278571,-0.727491,-0.247002,0.659405,-0.192176,0.053792,0.03376,0.249434,-0.44914,-0.979508,0.629707,-0.152907,-0.639327,0.396015,-0.808269,-0.032238,0.432753
2026-03-27T17:22:14.547958+00:00,20.255827,1774632134547957800,0.616605,0.36365,-0.297273,0.576343,-0.278452,-0.727901,-0.247077,0.659783,-0.192505,0.053755,0.032377,0.269553,-0.473412,-1.064697,0.629708,-0.152903,-0.638905,0.39547,-0.809733,-0.032161,0.432475
2026-03-27T17:22:14.564970+00:00,20.27284,1774632134564970300,0.616399,0.363665,-0.297003,0.577033,-0.278355,-0.727175,-0.246872,0.659935,-0.19278,0.053731,0.043556,0.208999,-0.360426,-0.820531,0.629656,-0.152949,-0.63843,0.395312,-0.810597,-0.031937,0.431928
2026-03-27T17:22:14.582050+00:00,20.28992,1774632134582050300,0.61628,0.363669,-0.2969,0.577622,-0.278572,-0.726581,-0.246711,0.659921,-0.192628,0.053661,0.045379,0.198353,-0.342984,-0.778456,0.629627,-0.153299,-0.637744,0.395852,-0.809487,-0.031529,0.430793
2026-03-27T17:22:14.600319+00:00,20.308189,1774632134600319600,0.616158,0.363681,-0.296876,0.578405,-0.278477,-0.725751,-0.246358,0.659957,-0.192014,0.053588,0.043482,0.216107,-0.374691,-0.848552,0.629634,-0.153657,-0.637139,0.395365,-0.810938,-0.031127,0.430711
2026-03-27T17:22:14.616721+00:00,20.32459,1774632134616721000,0.616057,0.363674,-0.296936,0.579266,-0.278679,-0.725035,-0.24622,0.659985,-0.191185,0.053687,0.0466,0.217505,-0.376341,-0.854227,0.629615,-0.15396,-0.636561,0.395269,-0.811336,-0.030665,0.430082
2026-03-27T17:22:14.634653+00:00,20.342523,1774632134634653500,0.615992,0.363684,-0.296977,0.580431,-0.279133,-0.724315,-0.246001,0.660083,-0.189335,0.053941,0.048664,0.23549,-0.401856,-0.915145,0.629646,-0.154259,-0.636067,0.395417,-0.810754,-0.030188,0.429234
2026-03-27T17:22:14.651186+00:00,20.359055,1774632134651185900,0.615957,0.363686,-0.297056,0.581748,-0.27953,-0.723571,-0.245837,0.660028,-0.187358,0.05452,0.050425,0.249447,-0.419215,-0.953635,0.629661,-0.154443,-0.635571,0.395288,-0.811094,-0.029859,0.428403
2026-03-27T17:22:14.668198+00:00,20.376068,1774632134668198300,0.61588,0.363678,-0.297439,0.582948,-0.279982,-0.722328,-0.245407,0.659588,-0.18498,0.055251,0.061599,0.223089,-0.367953,-0.836498,0.629722,-0.154595,-0.635137,0.394836,-0.812513,-0.029652,0.428393
2026-03-27T17:22:14.685197+00:00,20.393066,1774632134685196700,0.615796,0.363667,-0.297844,0.584848,-0.280485,-0.720352,-0.244888,0.659099,-0.181952,0.056329,0.061734,0.239763,-0.387913,-0.881133,0.629832,-0.154611,-0.634729,0.395491,-0.811329,-0.029369,0.42733
2026-03-27T17:22:14.702350+00:00,20.410219,1774632134702349600,0.615741,0.363627,-0.298438,0.586677,-0.281607,-0.719076,-0.244564,0.658453,-0.177822,0.058195,0.067712,0.235488,-0.3718,-0.844282,0.629979,-0.154513,-0.63433,0.395087,-0.812731,-0.029124,0.427334
2026-03-27T17:22:14.719356+00:00,20.427226,1774632134719356300,0.61567,0.36357,-0.299062,0.589045,-0.28297,-0.716695,-0.243793,0.657517,-0.172605,0.060323,0.070438,0.246772,-0.377309,-0.854109,0.630134,-0.154408,-0.634007,0.394808,-0.81393,-0.029135,0.427492
2026-03-27T17:22:14.736352+00:00,20.444222,1774632134736352300,0.615683,0.363482,-0.29988,0.591212,-0.284432,-0.714931,-0.243033,0.656336,-0.166653,0.062745,0.069249,0.277585,-0.409382,-0.920625,0.630328,-0.153803,-0.633707,0.39481,-0.813978,-0.029508,0.427424
2026-03-27T17:22:14.753310+00:00,20.461179,1774632134753309900,0.615803,0.363403,-0.30066,0.594111,-0.285417,-0.71198,-0.242242,0.654824,-0.15969,0.065906,0.076489,0.280672,-0.398672,-0.887153,0.630477,-0.152943,-0.633479,0.395071,-0.813461,-0.030585,0.427044
2026-03-27T17:22:14.770565+00:00,20.478434,1774632134770565000,0.615958,0.363329,-0.301343,0.596571,-0.28613,-0.709497,-0.241425,0.653092,-0.152359,0.069365,0.083892,0.284213,-0.390335,-0.854721,0.63063,-0.151877,-0.633313,0.395876,-0.811988,-0.032133,0.426973
2026-03-27T17:22:14.787689+00:00,20.495559,1774632134787689400,0.616113,0.363246,-0.301966,0.598185,-0.287117,-0.708453,-0.241201,0.651197,-0.144653,0.0737,0.088955,0.291066,-0.388815,-0.836602,0.630768,-0.150689,-0.633232,0.396803,-0.811025,-0.033906,0.427174
2026-03-27T17:22:14.804999+00:00,20.512869,1774632134804999200,0.616216,0.363215,-0.302452,0.600034,-0.287321,-0.706588,-0.240963,0.649226,-0.136774,0.07822,0.087808,0.31329,-0.411036,-0.865095,0.630897,-0.149436,-0.633233,0.397675,-0.811153,-0.035893,0.42785
2026-03-27T17:22:14.821902+00:00,20.529772,1774632134821902400,0.616299,0.363182,-0.302833,0.60121,-0.287765,-0.705979,-0.240985,0.64719,-0.128854,0.083276,0.093377,0.310125,-0.404275,-0.827928,0.631033,-0.148244,-0.633304,0.398475,-0.811368,-0.037854,0.428493
2026-03-27T17:22:14.838903+00:00,20.546773,1774632134838903100,0.616325,0.363203,-0.303098,0.602519,-0.287373,-0.704632,-0.240872,0.64518,-0.120826,0.088417,0.095901,0.316244,-0.414916,-0.82273,0.631164,-0.147141,-0.633437,0.4001,-0.809728,-0.039641,0.428284
2026-03-27T17:22:14.855953+00:00,20.563822,1774632134855953000,0.616348,0.363228,-0.303265,0.603211,-0.287007,-0.703918,-0.240792,0.643271,-0.112698,0.09372,0.094839,0.332547,-0.443426,-0.848066,0.631267,-0.146183,-0.633587,0.400933,-0.809525,-0.041096,0.428436
2026-03-27T17:22:14.874122+00:00,20.581991,1774632134874122000,0.616352,0.363305,-0.303396,0.603606,-0.286703,-0.703701,-0.240799,0.641305,-0.104112,0.099084,0.097739,0.334837,-0.457237,-0.840274,0.631338,-0.145427,-0.633943,0.402494,-0.807359,-0.042325,0.428024
2026-03-27T17:22:14.890069+00:00,20.597939,1774632134890069400,0.616361,0.363305,-0.303507,0.60342,-0.286618,-0.703774,-0.240218,0.639544,-0.096435,0.103707,0.10335,0.328026,-0.459029,-0.813044,0.631342,-0.14493,-0.634377,0.403193,-0.807087,-0.043104,0.428309
2026-03-27T17:22:14.907006+00:00,20.614875,1774632134907006000,0.616397,0.36334,-0.303651,0.602892,-0.286933,-0.704845,-0.239889,0.637793,-0.088564,0.108038,0.1062,0.329214,-0.472786,-0.807925,0.631276,-0.144579,-0.634878,0.403704,-0.806793,-0.043445,0.428796
2026-03-27T17:22:14.923854+00:00,20.631723,1774632134923854000,0.616379,0.363444,-0.303824,0.603165,-0.287242,-0.704424,-0.239174,0.636173,-0.081166,0.112017,0.107887,0.331449,-0.487966,-0.807171,0.631265,-0.144523,-0.635404,0.403593,-0.806577,-0.043212,0.429935
2026-03-27T17:22:14.940965+00:00,20.648834,1774632134940965000,0.616407,0.363523,-0.304077,0.602758,-0.287696,-0.705392,-0.238552,0.634631,-0.074209,0.115114,0.110862,0.327988,-0.492592,-0.792763,0.630912,-0.144487,-0.635934,0.403799,-0.806105,-0.043017,0.430818
2026-03-27T17:22:14.957711+00:00,20.66558,1774632134957710500,0.616409,0.363557,-0.304377,0.602631,-0.288563,-0.705543,-0.237983,0.633294,-0.068023,0.117356,0.112716,0.327823,-0.498971,-0.786809,0.630476,-0.144558,-0.636397,0.403775,-0.806152,-0.042602,0.43212
2026-03-27T17:22:14.974641+00:00,20.68251,1774632134974640700,0.616355,0.363639,-0.304767,0.603239,-0.288759,-0.704344,-0.237069,0.632166,-0.062313,0.118619,0.113192,0.332966,-0.510526,-0.796179,0.629951,-0.144696,-0.636857,0.404021,-0.805162,-0.041832,0.432602
2026-03-27T17:22:14.991784+00:00,20.699653,1774632134991784000,0.616349,0.363641,-0.305206,0.603143,-0.289786,-0.705032,-0.236684,0.63135,-0.057659,0.119116,0.117159,0.329445,-0.507591,-0.788772,0.62952,-0.144989,-0.637081,0.404589,-0.80411,-0.04083,0.432718
2026-03-27T17:22:15.008929+00:00,20.716799,1774632135008929300,0.616324,0.363682,-0.305673,0.60384,-0.289974,-0.704318,-0.236106,0.630874,-0.053399,0.118732,0.121519,0.326958,-0.503677,-0.787137,0.628947,-0.145574,-0.637391,0.405128,-0.803054,-0.039752,0.432866
2026-03-27T17:22:15.026126+00:00,20.733996,1774632135026126100,0.61629,0.363705,-0.306155,0.604437,-0.290445,-0.703735,-0.235569,0.630704,-0.050152,0.117735,0.127548,0.321361,-0.493256,-0.782025,0.628211,-0.146474,-0.63781,0.404646,-0.803939,-0.03853,0.43377
2026-03-27T17:22:15.043298+00:00,20.751167,1774632135043297600,0.616258,0.363741,-0.306655,0.605129,-0.290633,-0.703053,-0.235126,0.630738,-0.047337,0.115502,0.131976,0.321552,-0.488864,-0.791484,0.627649,-0.147256,-0.638057,0.404362,-0.804342,-0.037052,0.434094
2026-03-27T17:22:15.060047+00:00,20.767917,1774632135060047400,0.616214,0.363816,-0.307184,0.606538,-0.290419,-0.701625,-0.234488,0.63115,-0.045362,0.112569,0.135975,0.322481,-0.483794,-0.803143,0.627142,-0.14803,-0.638247,0.403943,-0.804872,-0.035654,0.434531
2026-03-27T17:22:15.077152+00:00,20.785021,1774632135077151900,0.6162,0.363909,-0.307707,0.607465,-0.290456,-0.701292,-0.234031,0.632032,-0.043646,0.108846,0.140534,0.322589,-0.47496,-0.812364,0.62666,-0.148774,-0.638363,0.403895,-0.803782,-0.034088,0.433808
2026-03-27T17:22:15.094341+00:00,20.80221,1774632135094340700,0.616165,0.364061,-0.308271,0.609074,-0.290121,-0.700258,-0.233505,0.633323,-0.04227,0.104458,0.146713,0.320851,-0.460619,-0.816589,0.626221,-0.14947,-0.638475,0.402971,-0.80554,-0.032787,0.43443
2026-03-27T17:22:15.111069+00:00,20.818939,1774632135111069300,0.61619,0.364222,-0.30876,0.610146,-0.2898,-0.699761,-0.233171,0.635018,-0.041364,0.099573,0.15344,0.318454,-0.443547,-0.820069,0.625881,-0.149855,-0.638513,0.402365,-0.806362,-0.03165,0.434997
2026-03-27T17:22:15.128125+00:00,20.835995,1774632135128125100,0.616137,0.364375,-0.309291,0.611524,-0.289469,-0.69913,-0.233189,0.637239,-0.04034,0.093992,0.158274,0.32002,-0.431015,-0.835653,0.625588,-0.150178,-0.638552,0.402526,-0.805672,-0.030711,0.43463
2026-03-27T17:22:15.145224+00:00,20.853093,1774632135145223900,0.616082,0.364536,-0.309746,0.613041,-0.288747,-0.697581,-0.232917,0.639881,-0.038938,0.087769,0.164942,0.317971,-0.414237,-0.843403,0.62539,-0.150384,-0.638595,0.402362,-0.806078,-0.030172,0.435079
2026-03-27T17:22:15.162344+00:00,20.870213,1774632135162343600,0.61599,0.364688,-0.310162,0.61501,-0.288033,-0.695579,-0.232942,0.643101,-0.037466,0.080819,0.172943,0.315213,-0.397261,-0.8502,0.625312,-0.150403,-0.638634,0.402432,-0.806065,-0.030178,0.434939
2026-03-27T17:22:15.179348+00:00,20.887217,1774632135179347600,0.615935,0.364782,-0.310555,0.616344,-0.287806,-0.695323,-0.233542,0.646753,-0.035562,0.073272,0.182536,0.3101,-0.379092,-0.852848,0.625351,-0.1503,-0.638671,0.402774,-0.80558,-0.030729,0.434295
2026-03-27T17:22:15.196066+00:00,20.903935,1774632135196065800,0.615799,0.364896,-0.31082,0.618208,-0.286606,-0.692865,-0.233838,0.650863,-0.033532,0.065125,0.191863,0.304211,-0.363046,-0.857981,0.625429,-0.150139,-0.638697,0.40343,-0.805095,-0.031531,0.433407
2026-03-27T17:22:15.213155+00:00,20.921024,1774632135213154800,0.615702,0.364944,-0.311029,0.61945,-0.285955,-0.692138,-0.234816,0.655568,-0.030958,0.056121,0.201257,0.29746,-0.34984,-0.868156,0.625683,-0.14968,-0.638727,0.404132,-0.805091,-0.032612,0.432812
2026-03-27T17:22:15.230193+00:00,20.938062,1774632135230193000,0.615558,0.364975,-0.311218,0.620623,-0.28535,-0.69148,-0.235907,0.660656,-0.027751,0.046513,0.212989,0.286796,-0.337122,-0.872844,0.626204,-0.148997,-0.638748,0.404974,-0.805135,-0.033799,0.431972
2026-03-27T17:22:15.247163+00:00,20.955033,1774632135247163200,0.615413,0.365037,-0.311313,0.622262,-0.284536,-0.689808,-0.236715,0.666118,-0.024025,0.036187,0.225895,0.274898,-0.327505,-0.878183,0.626847,-0.148265,-0.638757,0.40547,-0.805295,-0.035171,0.431243
2026-03-27T17:22:15.264455+00:00,20.972324,1774632135264454800,0.615306,0.365117,-0.311456,0.623297,-0.283848,-0.689201,-0.237859,0.671866,-0.019661,0.025305,0.240106,0.261218,-0.319159,-0.881129,0.627814,-0.147218,-0.63875,0.405375,-0.806522,-0.036871,0.430795
2026-03-27T17:22:15.281492+00:00,20.989361,1774632135281491900,0.615111,0.365159,-0.311536,0.624489,-0.283018,-0.688001,-0.238754,0.677679,-0.015066,0.01371,0.254364,0.24693,-0.312212,-0.882177,0.628717,-0.146183,-0.638676,0.405996,-0.805756,-0.038502,0.429665
2026-03-27T17:22:15.298573+00:00,21.006442,1774632135298572700,0.614924,0.365208,-0.311527,0.625706,-0.282171,-0.686766,-0.239523,0.683825,-0.010999,0.001345,0.26669,0.233382,-0.306758,-0.885844,0.629705,-0.145071,-0.638414,0.406375,-0.805529,-0.040277,0.429026
2026-03-27T17:22:15.315333+00:00,21.023203,1774632135315333500,0.614674,0.365243,-0.311419,0.626453,-0.281531,-0.686542,-0.240176,0.689934,-0.00734,-0.011259,0.278076,0.219888,-0.300683,-0.888031,0.630753,-0.143927,-0.637999,0.406697,-0.805688,-0.042111,0.428587
2026-03-27T17:22:15.332525+00:00,21.040395,1774632135332525300,0.614379,0.365348,-0.311126,0.627681,-0.28045,-0.684776,-0.240564,0.695785,-0.00402,-0.024523,0.288089,0.206625,-0.293865,-0.889053,0.631942,-0.14273,-0.63734,0.407034,-0.805571,-0.044019,0.427854
2026-03-27T17:22:15.349500+00:00,21.05737,1774632135349500500,0.614011,0.365463,-0.310842,0.628413,-0.279786,-0.684576,-0.241215,0.702026,-0.001676,-0.038476,0.296826,0.193611,-0.286001,-0.887959,0.633233,-0.141529,-0.636578,0.407326,-0.805877,-0.04595,0.427184
2026-03-27T17:22:15.366812+00:00,21.074682,1774632135366812500,0.613619,0.36561,-0.310449,0.628799,-0.278811,-0.684273,-0.241891,0.707844,-2.5e-05,-0.052883,0.303551,0.182157,-0.279092,-0.892201,0.634824,-0.140366,-0.635368,0.407434,-0.805696,-0.047844,0.424692
2026-03-27T17:22:15.383936+00:00,21.091806,1774632135383936400,0.613184,0.365769,-0.310039,0.629539,-0.277851,-0.684068,-0.242631,0.714058,0.000316,-0.067681,0.310684,0.171649,-0.270715,-0.892905,0.636483,-0.139256,-0.634063,0.406509,-0.807835,-0.050099,0.423068
2026-03-27T17:22:15.401090+00:00,21.10896,1774632135401090400,0.612634,0.365985,-0.30954,0.630162,-0.276423,-0.68292,-0.243199,0.719708,-0.000106,-0.082449,0.315926,0.164584,-0.261659,-0.898864,0.638251,-0.138198,-0.632529,0.40609,-0.808504,-0.05249,0.420261
2026-03-27T17:22:15.417801+00:00,21.125671,1774632135417801400,0.612167,0.366184,-0.309004,0.63021,-0.275454,-0.683398,-0.244173,0.725574,-0.002512,-0.097243,0.320645,0.160203,-0.248357,-0.901551,0.640096,-0.137195,-0.63079,0.404654,-0.811131,-0.055033,0.418369
2026-03-27T17:22:15.435164+00:00,21.143034,1774632135435164300,0.611562,0.366397,-0.308415,0.630408,-0.273862,-0.683246,-0.2449,0.730718,-0.006306,-0.112289,0.323193,0.1576,-0.228443,-0.902895,0.64207,-0.136249,-0.628746,0.403701,-0.812823,-0.057891,0.415619
2026-03-27T17:22:15.452117+00:00,21.159987,1774632135452117300,0.611011,0.366566,-0.30789,0.630264,-0.272639,-0.684172,-0.24606,0.735548,-0.011282,-0.126725,0.319769,0.156319,-0.205329,-0.911551,0.644141,-0.135333,-0.626423,0.40274,-0.814639,-0.060796,0.411944
2026-03-27T17:22:15.469127+00:00,21.176997,1774632135469127400,0.610476,0.366726,-0.307368,0.630073,-0.27123,-0.684867,-0.246893,0.740639,-0.017479,-0.140955,0.312313,0.153096,-0.178863,-0.920616,0.646252,-0.134425,-0.624019,0.401816,-0.816556,-0.063573,0.408011
2026-03-27T17:22:15.486345+00:00,21.194215,1774632135486345100,0.609903,0.366931,-0.306865,0.630348,-0.26967,-0.684754,-0.247363,0.744915,-0.02391,-0.153503,0.302763,0.145445,-0.147296,-0.930091,0.648447,-0.133525,-0.621455,0.401073,-0.818596,-0.066423,0.403874
2026-03-27T17:22:15.503212+00:00,21.211082,1774632135503212500,0.609403,0.367121,-0.306415,0.630715,-0.268339,-0.684217,-0.247837,0.749346,-0.030535,-0.165246,0.292359,0.135279,-0.115412,-0.939582,0.650707,-0.132554,-0.618782,0.39976,-0.821755,-0.06942,0.399841
2026-03-27T17:22:15.520430+00:00,21.228299,1774632135520429900,0.60892,0.367323,-0.306091,0.631046,-0.267086,-0.684419,-0.248598,0.75231,-0.036284,-0.174537,0.280272,0.128241,-0.09305,-0.947597,0.652971,-0.131483,-0.615993,0.398295,-0.825157,-0.072622,0.39573
2026-03-27T17:22:15.537445+00:00,21.245315,1774632135537445500,0.608555,0.367579,-0.305872,0.631996,-0.265527,-0.684008,-0.249435,0.754793,-0.041085,-0.181615,0.267786,0.124733,-0.08284,-0.950458,0.654976,-0.130324,-0.613225,0.3978,-0.826099,-0.075863,0.390874
2026-03-27T17:22:15.554809+00:00,21.262678,1774632135554808800,0.608257,0.367909,-0.305764,0.632574,-0.263622,-0.684003,-0.250236,0.755988,-0.044749,-0.185495,0.256856,0.126814,-0.082386,-0.953978,0.656934,-0.128981,-0.610322,0.396695,-0.828239,-0.079678,0.387164
2026-03-27T17:22:15.571649+00:00,21.279518,1774632135571648400,0.608094,0.368294,-0.305797,0.633871,-0.261639,-0.683791,-0.250811,0.756526,-0.047661,-0.187239,0.249305,0.132773,-0.087851,-0.955552,0.658554,-0.127674,-0.607537,0.396186,-0.829047,-0.083724,0.383414
2026-03-27T17:22:15.588677+00:00,21.296547,1774632135588677100,0.607949,0.368774,-0.305902,0.635703,-0.259275,-0.681979,-0.250988,0.756703,-0.049917,-0.18667,0.246567,0.140815,-0.096786,-0.95318,0.660136,-0.126258,-0.604627,0.394686,-0.832771,-0.088267,0.380913
2026-03-27T17:22:15.605429+00:00,21.313298,1774632135605428900,0.607936,0.36919,-0.306061,0.636908,-0.257491,-0.681737,-0.251324,0.75599,-0.051188,-0.183643,0.246457,0.148452,-0.106464,-0.953812,0.661609,-0.124878,-0.601834,0.394416,-0.832999,-0.09237,0.377145
2026-03-27T17:22:15.622389+00:00,21.330259,1774632135622389300,0.607895,0.369591,-0.306439,0.6384,-0.255966,-0.681155,-0.251356,0.754566,-0.052091,-0.178278,0.249083,0.155746,-0.116774,-0.951717,0.66297,-0.123629,-0.599011,0.39481,-0.834045,-0.096713,0.373028
2026-03-27T17:22:15.639515+00:00,21.347385,1774632135639515300,0.607877,0.369987,-0.307084,0.640054,-0.254565,-0.679533,-0.250955,0.753294,-0.053256,-0.17173,0.252679,0.162967,-0.127754,-0.944339,0.664419,-0.122468,-0.596078,0.395544,-0.834276,-0.100883,0.368267
2026-03-27T17:22:15.656603+00:00,21.364472,1774632135656602500,0.608003,0.370314,-0.307891,0.641183,-0.253846,-0.679456,-0.250722,0.751307,-0.053965,-0.163123,0.253532,0.172242,-0.141113,-0.944197,0.66595,-0.121541,-0.59309,0.395704,-0.835997,-0.104904,0.363374
2026-03-27T17:22:15.673763+00:00,21.381632,1774632135673763000,0.608212,0.370594,-0.308733,0.642218,-0.253527,-0.678981,-0.24997,0.749185,-0.055234,-0.154124,0.255432,0.181021,-0.15444,-0.934298,0.667618,-0.120867,-0.590025,0.395603,-0.837678,-0.108447,0.358387
2026-03-27T17:22:15.690649+00:00,21.398518,1774632135690648900,0.60841,0.370785,-0.30963,0.643432,-0.253136,-0.677944,-0.24926,0.746622,-0.056513,-0.143851,0.253425,0.191632,-0.169326,-0.930448,0.669536,-0.120471,-0.586773,0.394731,-0.840452,-0.111977,0.352544
2026-03-27T17:22:15.707562+00:00,21.415432,1774632135707562400,0.608615,0.370844,-0.310516,0.643956,-0.253914,-0.677863,-0.248686,0.743956,-0.058576,-0.13353,0.248569,0.202998,-0.183971,-0.930137,0.671648,-0.120356,-0.583392,0.393329,-0.843252,-0.115718,0.345749
2026-03-27T17:22:15.724326+00:00,21.432195,1774632135724325800,0.608775,0.370848,-0.311454,0.644492,-0.254562,-0.677278,-0.247977,0.741239,-0.060886,-0.122807,0.243591,0.2126,-0.195499,-0.923065,0.674048,-0.120489,-0.579747,0.391058,-0.84719,-0.119363,0.338642
2026-03-27T17:22:15.741364+00:00,21.449233,1774632135741364000,0.608945,0.370795,-0.312392,0.644778,-0.255874,-0.67644,-0.247029,0.73832,-0.06414,-0.112186,0.235789,0.2221,-0.205567,-0.91965,0.676794,-0.120708,-0.575981,0.388812,-0.849743,-0.122748,0.329814
2026-03-27T17:22:15.758437+00:00,21.466306,1774632135758436500,0.609049,0.370724,-0.313405,0.645097,-0.257357,-0.676076,-0.24614,0.73564,-0.067848,-0.101767,0.225082,0.231702,-0.21492,-0.921552,0.679843,-0.121385,-0.571763,0.38571,-0.85585,-0.126378,0.321986
2026-03-27T17:22:15.775439+00:00,21.483308,1774632135775438500,0.609133,0.370637,-0.314349,0.645367,-0.258927,-0.675275,-0.244879,0.732692,-0.072318,-0.091788,0.21344,0.239224,-0.222111,-0.920127,0.683058,-0.122265,-0.56744,0.384319,-0.859442,-0.129427,0.313054
2026-03-27T17:22:15.792184+00:00,21.500054,1774632135792184400,0.609187,0.370465,-0.315311,0.645053,-0.260927,-0.675558,-0.243791,0.729883,-0.077158,-0.082647,0.200367,0.24634,-0.229566,-0.921923,0.686438,-0.123236,-0.562729,0.382945,-0.863404,-0.131935,0.304078
2026-03-27T17:22:15.809217+00:00,21.517086,1774632135809216800,0.609197,0.370266,-0.316241,0.645397,-0.263197,-0.674967,-0.242388,0.727111,-0.082389,-0.073913,0.189007,0.250469,-0.234662,-0.915291,0.690098,-0.124209,-0.557657,0.382748,-0.865524,-0.133746,0.293975
2026-03-27T17:22:15.826134+00:00,21.534004,1774632135826134100,0.609178,0.370088,-0.317131,0.645201,-0.265283,-0.675175,-0.240827,0.724238,-0.088037,-0.066004,0.176788,0.255943,-0.242665,-0.917156,0.693827,-0.125079,-0.552495,0.381999,-0.869115,-0.136141,0.284664
2026-03-27T17:22:15.843395+00:00,21.551264,1774632135843394800,0.609027,0.369977,-0.317981,0.645284,-0.267153,-0.674884,-0.239346,0.720917,-0.093975,-0.058752,0.163858,0.262025,-0.253491,-0.922706,0.697714,-0.125944,-0.546879,0.381911,-0.87014,-0.138966,0.274645
2026-03-27T17:22:15.860740+00:00,21.56861,1774632135860740100,0.609054,0.369865,-0.318693,0.645547,-0.268416,-0.674275,-0.237661,0.717978,-0.099907,-0.052606,0.152461,0.26518,-0.263051,-0.921251,0.701677,-0.126814,-0.54104,0.380413,-0.873876,-0.14323,0.265402
2026-03-27T17:22:15.877643+00:00,21.585512,1774632135877642700,0.608956,0.369805,-0.319308,0.645585,-0.269718,-0.674233,-0.23609,0.714741,-0.105954,-0.047008,0.143705,0.263593,-0.268181,-0.908556,0.705453,-0.127599,-0.535303,0.378699,-0.876957,-0.148533,0.256916
2026-03-27T17:22:15.894605+00:00,21.602475,1774632135894605300,0.60878,0.369765,-0.319815,0.645715,-0.270909,-0.674617,-0.234659,0.712012,-0.111956,-0.042788,0.133606,0.264538,-0.276833,-0.909552,0.709427,-0.12862,-0.529304,0.376876,-0.879116,-0.154665,0.248261
2026-03-27T17:22:15.911586+00:00,21.619455,1774632135911585500,0.60859,0.369822,-0.320129,0.645891,-0.271606,-0.674445,-0.233168,0.709021,-0.118262,-0.038745,0.125535,0.262409,-0.281828,-0.901731,0.713282,-0.129746,-0.523404,0.375644,-0.880833,-0.161208,0.239435
2026-03-27T17:22:15.929016+00:00,21.636886,1774632135929016300,0.608371,0.369977,-0.320346,0.645552,-0.272243,-0.675309,-0.232103,0.706375,-0.124518,-0.035905,0.11333,0.26909,-0.297796,-0.927183,0.717441,-0.131205,-0.517278,0.376028,-0.881538,-0.167969,0.229774
2026-03-27T17:22:15.947267+00:00,21.655137,1774632135947267100,0.608129,0.370195,-0.320372,0.645584,-0.272363,-0.674877,-0.23077,0.703557,-0.130923,-0.033298,0.105548,0.264797,-0.302174,-0.916464,0.721383,-0.132776,-0.511467,0.378287,-0.881134,-0.174117,0.219363
2026-03-27T17:22:15.963416+00:00,21.671286,1774632135963416200,0.607896,0.370424,-0.320347,0.645429,-0.272484,-0.675448,-0.230081,0.701134,-0.136893,-0.03159,0.097917,0.261049,-0.30685,-0.908679,0.725274,-0.134724,-0.505873,0.382248,-0.881196,-0.179526,0.209134
2026-03-27T17:22:15.980289+00:00,21.688158,1774632135980288500,0.607708,0.370649,-0.320207,0.644918,-0.272587,-0.676611,-0.229302,0.698908,-0.142898,-0.030335,0.087779,0.265608,-0.321125,-0.931691,0.728743,-0.136899,-0.5008,0.387538,-0.881831,-0.184263,0.199648
2026-03-27T17:22:15.997271+00:00,21.70514,1774632135997270800,0.607521,0.370913,-0.32006,0.644765,-0.271895,-0.676501,-0.228706,0.697057,-0.148561,-0.029816,0.079841,0.264343,-0.32757,-0.935918,0.731752,-0.139763,-0.496473,0.395288,-0.878745,-0.187452,0.19111
2026-03-27T17:22:16.014352+00:00,21.722221,1774632136014351600,0.607358,0.371164,-0.31959,0.644023,-0.271717,-0.677765,-0.228131,0.695182,-0.15429,-0.029149,0.072857,0.26008,-0.328865,-0.931526,0.734915,-0.142879,-0.492215,0.403086,-0.875922,-0.190736,0.182006
2026-03-27T17:22:16.031394+00:00,21.739264,1774632136031394200,0.607213,0.371447,-0.319031,0.643335,-0.271258,-0.678976,-0.227665,0.693713,-0.159634,-0.029066,0.068194,0.25116,-0.322029,-0.908608,0.737431,-0.14633,-0.489009,0.415608,-0.872143,-0.191287,0.172894
2026-03-27T17:22:16.048362+00:00,21.756231,1774632136048361500,0.607108,0.371742,-0.318369,0.642612,-0.270776,-0.68003,-0.227148,0.692207,-0.164823,-0.029011,0.064948,0.237796,-0.308911,-0.869324,0.739799,-0.150006,-0.486271,0.428532,-0.868037,-0.191367,0.16438
2026-03-27T17:22:16.065456+00:00,21.773325,1774632136065455700,0.607024,0.372102,-0.317569,0.642002,-0.27011,-0.680829,-0.226456,0.691307,-0.16928,-0.029364,0.054723,0.255037,-0.335261,-0.942108,0.741452,-0.153734,-0.484491,0.441225,-0.86364,-0.190787,0.157103
2026-03-27T17:22:16.082429+00:00,21.790298,1774632136082428700,0.607019,0.372489,-0.316715,0.641487,-0.269008,-0.681876,-0.22594,0.69038,-0.173648,-0.02965,0.056252,0.225879,-0.300498,-0.844034,0.742722,-0.157693,-0.483407,0.451421,-0.858372,-0.190091,0.151442
2026-03-27T17:22:16.099488+00:00,21.807358,1774632136099488500,0.607039,0.372909,-0.315737,0.640918,-0.267931,-0.682966,-0.225587,0.690138,-0.177169,-0.03027,0.05254,0.222835,-0.299551,-0.842949,0.743181,-0.16168,-0.483346,0.455308,-0.857523,-0.191175,0.14893
2026-03-27T17:22:16.116693+00:00,21.824563,1774632136116693200,0.60714,0.373301,-0.314669,0.639764,-0.266873,-0.68465,-0.225387,0.689901,-0.18079,-0.030809,0.048469,0.224895,-0.305535,-0.861465,0.743136,-0.165712,-0.483979,0.454104,-0.857423,-0.193789,0.150126
2026-03-27T17:22:16.133583+00:00,21.841452,1774632136133582700,0.607266,0.373673,-0.31355,0.638664,-0.265611,-0.686231,-0.225353,0.689788,-0.183667,-0.032045,0.043291,0.235977,-0.3238,-0.914671,0.742736,-0.169446,-0.485278,0.446861,-0.858763,-0.197495,0.155564
2026-03-27T17:22:16.150750+00:00,21.858619,1774632136150749600,0.607379,0.373958,-0.312394,0.637927,-0.264445,-0.686934,-0.225294,0.689821,-0.186563,-0.032762,0.04587,0.211213,-0.292442,-0.827507,0.74175,-0.172942,-0.487292,0.439536,-0.859458,-0.200836,0.162408
2026-03-27T17:22:16.169062+00:00,21.876932,1774632136169062300,0.607612,0.374236,-0.311166,0.636693,-0.263363,-0.689206,-0.225709,0.69028,-0.189101,-0.033852,0.04325,0.214332,-0.299231,-0.850164,0.740024,-0.176022,-0.489813,0.431006,-0.863224,-0.202129,0.171372
2026-03-27T17:22:16.185316+00:00,21.893186,1774632136185316100,0.607967,0.374413,-0.309941,0.635553,-0.262067,-0.690126,-0.226318,0.691211,-0.19155,-0.03476,0.033343,0.267999,-0.3769,-1.076712,0.738727,-0.17853,-0.491627,0.429407,-0.861799,-0.201501,0.174114
2026-03-27T17:22:16.202361+00:00,21.91023,1774632136202360500,0.608351,0.374511,-0.308669,0.634444,-0.260986,-0.691229,-0.227196,0.692427,-0.193713,-0.035932,0.03298,0.258916,-0.366721,-1.054852,0.737702,-0.180656,-0.493144,0.426494,-0.862907,-0.203349,0.177143
2026-03-27T17:22:16.219406+00:00,21.927276,1774632136219406400,0.608825,0.374562,-0.307441,0.633215,-0.260259,-0.692524,-0.228537,0.693905,-0.195983,-0.037021,0.036334,0.226846,-0.323072,-0.936686,0.736863,-0.182392,-0.494484,0.424188,-0.863571,-0.206776,0.179978
2026-03-27T17:22:16.236439+00:00,21.944309,1774632136236439200,0.609285,0.374594,-0.306212,0.632015,-0.25907,-0.693195,-0.229709,0.69552,-0.197998,-0.038345,0.03384,0.235585,-0.337144,-0.986396,0.736228,-0.183093,-0.495348,0.424162,-0.862401,-0.210726,0.1819
2026-03-27T17:22:16.253330+00:00,21.961199,1774632136253329700,0.609716,0.374551,-0.305044,0.63122,-0.258185,-0.693462,-0.23104,0.697318,-0.200104,-0.039629,0.035338,0.218484,-0.313651,-0.927606,0.735666,-0.183829,-0.496199,0.424584,-0.860866,-0.214804,0.183404
2026-03-27T17:22:16.270283+00:00,21.978152,1774632136270282800,0.610181,0.37433,-0.303933,0.629783,-0.257814,-0.694916,-0.232625,0.699232,-0.202049,-0.041148,0.040161,0.184685,-0.26475,-0.793693,0.735682,-0.183487,-0.496018,0.428911,-0.858032,-0.218317,0.182573
2026-03-27T17:22:16.287331+00:00,21.9952,1774632136287330500,0.610638,0.374087,-0.302914,0.628848,-0.257453,-0.695868,-0.234334,0.701268,-0.204098,-0.042645,0.033527,0.211489,-0.301218,-0.918027,0.735788,-0.183128,-0.495802,0.432989,-0.854175,-0.222372,0.180981
2026-03-27T17:22:16.304368+00:00,22.012237,1774632136304367500,0.611065,0.373855,-0.301928,0.628323,-0.256783,-0.695673,-0.235571,0.703199,-0.206126,-0.044223,0.03819,0.184409,-0.255154,-0.803089,0.735948,-0.182192,-0.495307,0.437547,-0.851091,-0.225677,0.178662
2026-03-27T17:22:16.321339+00:00,22.029208,1774632136321338800,0.611499,0.37352,-0.301023,0.627478,-0.256281,-0.695988,-0.23708,0.705251,-0.20797,-0.045858,0.031783,0.212741,-0.28609,-0.928477,0.736096,-0.181056,-0.494597,0.441804,-0.848699,-0.229082,0.176505
2026-03-27T17:22:16.338497+00:00,22.046366,1774632136338496700,0.611873,0.373233,-0.300225,0.627124,-0.255841,-0.695757,-0.238612,0.707164,-0.209652,-0.047678,0.025691,0.247231,-0.325396,-1.085632,0.73652,-0.179899,-0.493826,0.446019,-0.846597,-0.231862,0.174129
2026-03-27T17:22:16.355519+00:00,22.063388,1774632136355518600,0.612256,0.372886,-0.299545,0.626866,-0.255907,-0.695948,-0.239668,0.70908,-0.211215,-0.049555,0.028086,0.213725,-0.27752,-0.948303,0.736976,-0.179018,-0.493212,0.449323,-0.845298,-0.235243,0.171894
2026-03-27T17:22:16.372970+00:00,22.080839,1774632136372969800,0.61262,0.372597,-0.298858,0.626556,-0.255823,-0.695713,-0.240409,0.711378,-0.2123,-0.051555,0.028572,0.208843,-0.270058,-0.93859,0.737323,-0.178377,-0.492798,0.452397,-0.843573,-0.238474,0.16944
2026-03-27T17:22:16.389837+00:00,22.097707,1774632136389837200,0.612953,0.372402,-0.298281,0.626483,-0.255833,-0.695532,-0.241112,0.713716,-0.213112,-0.053526,0.030476,0.20624,-0.26686,-0.940139,0.73779,-0.177761,-0.492518,0.45534,-0.841603,-0.241392,0.167117
2026-03-27T17:22:16.408642+00:00,22.116511,1774632136408641800,0.61325,0.372145,-0.29772,0.62653,-0.255827,-0.695228,-0.24196,0.715765,-0.213871,-0.05565,0.029983,0.230029,-0.300254,-1.067045,0.738564,-0.177498,-0.492367,0.455538,-0.841394,-0.242129,0.165699
2026-03-27T17:22:16.423866+00:00,22.131735,1774632136423865700,0.613503,0.371974,-0.297194,0.626845,-0.255445,-0.694382,-0.242733,0.71761,-0.214478,-0.057729,0.034061,0.219149,-0.289117,-1.034721,0.73907,-0.177463,-0.492556,0.455989,-0.840396,-0.242177,0.164538
2026-03-27T17:22:16.440969+00:00,22.148838,1774632136440968700,0.613774,0.371755,-0.296634,0.626532,-0.255554,-0.694719,-0.24378,0.719739,-0.214907,-0.059794,0.035781,0.221976,-0.296563,-1.067831,0.739637,-0.177591,-0.492841,0.454956,-0.840852,-0.241059,0.16409
2026-03-27T17:22:16.457770+00:00,22.165639,1774632136457769900,0.613997,0.3716,-0.29615,0.626956,-0.255062,-0.694297,-0.244731,0.721522,-0.215349,-0.061917,0.041439,0.198336,-0.26819,-0.973246,0.740187,-0.177995,-0.493741,0.45233,-0.843817,-0.239459,0.164413
2026-03-27T17:22:16.474829+00:00,22.182699,1774632136474829400,0.614176,0.371429,-0.295627,0.627276,-0.25466,-0.693452,-0.245513,0.723457,-0.215809,-0.063955,0.044631,0.186911,-0.256443,-0.9381,0.740732,-0.178802,-0.494543,0.450496,-0.844357,-0.236571,0.164535
2026-03-27T17:22:16.491812+00:00,22.199681,1774632136491812000,0.614364,0.371262,-0.295138,0.62714,-0.254195,-0.69359,-0.246488,0.725434,-0.21627,-0.065858,0.049348,0.169633,-0.23524,-0.869383,0.74125,-0.179438,-0.495586,0.447679,-0.847693,-0.234664,0.16523
2026-03-27T17:22:16.508953+00:00,22.216822,1774632136508953000,0.614519,0.371094,-0.294666,0.627439,-0.253986,-0.693296,-0.247496,0.72698,-0.216829,-0.068073,0.045251,0.184396,-0.258129,-0.964579,0.74175,-0.180311,-0.496356,0.445387,-0.848843,-0.23285,0.165305
2026-03-27T17:22:16.525922+00:00,22.233792,1774632136525922100,0.614669,0.370933,-0.294192,0.627264,-0.253536,-0.69346,-0.248484,0.728712,-0.217364,-0.070017,0.049215,0.16905,-0.238469,-0.900109,0.742194,-0.180892,-0.497302,0.442702,-0.851086,-0.231715,0.165354
2026-03-27T17:22:16.542866+00:00,22.250735,1774632136542865600,0.614797,0.37076,-0.293759,0.627474,-0.252865,-0.692895,-0.249407,0.729912,-0.218082,-0.072255,0.045648,0.181936,-0.258458,-0.986951,0.7425,-0.181255,-0.497665,0.442878,-0.850657,-0.231598,0.165001
2026-03-27T17:22:16.560075+00:00,22.267944,1774632136560074400,0.614866,0.370641,-0.293317,0.627258,-0.252708,-0.693061,-0.2504,0.731017,-0.218825,-0.074514,0.047438,0.174386,-0.250247,-0.964962,0.742781,-0.181309,-0.498091,0.44334,-0.849688,-0.231764,0.164336
2026-03-27T17:22:16.577108+00:00,22.284978,1774632136577108600,0.614944,0.370524,-0.292864,0.627208,-0.252009,-0.692619,-0.250935,0.732525,-0.219347,-0.076564,0.047778,0.17341,-0.251356,-0.978292,0.743033,-0.181441,-0.498093,0.443332,-0.849782,-0.23273,0.163531
2026-03-27T17:22:16.594102+00:00,22.301972,1774632136594102100,0.614975,0.370459,-0.292469,0.627133,-0.25151,-0.692649,-0.25154,0.734026,-0.219743,-0.078132,0.054836,0.152671,-0.2238,-0.877206,0.743281,-0.181418,-0.498177,0.443344,-0.850404,-0.233963,0.162685
2026-03-27T17:22:16.611109+00:00,22.318978,1774632136611108700,0.615005,0.370396,-0.292087,0.627122,-0.250985,-0.692668,-0.252038,0.73552,-0.220133,-0.079901,0.050468,0.168483,-0.250395,-0.986746,0.74348,-0.181417,-0.498205,0.444066,-0.84947,-0.235264,0.161687
2026-03-27T17:22:16.628326+00:00,22.336195,1774632136628325600,0.615011,0.370348,-0.291757,0.627027,-0.250762,-0.692791,-0.252536,0.737061,-0.220638,-0.081585,0.053935,0.160599,-0.242043,-0.957974,0.743668,-0.181287,-0.498239,0.444798,-0.848642,-0.235765,0.161096
2026-03-27T17:22:16.645354+00:00,22.353224,1774632136645354300,0.615038,0.370319,-0.291502,0.626572,-0.250447,-0.693784,-0.252954,0.738508,-0.221056,-0.083161,0.054018,0.163873,-0.250756,-0.99428,0.743762,-0.181313,-0.49826,0.444478,-0.849486,-0.236392,0.160981
2026-03-27T17:22:16.662368+00:00,22.370237,1774632136662368000,0.615023,0.370344,-0.291251,0.626687,-0.249707,-0.693132,-0.252945,0.7397,-0.221447,-0.084558,0.059767,0.151761,-0.236693,-0.936895,0.743879,-0.181331,-0.498338,0.444963,-0.847621,-0.235864,0.160767
2026-03-27T17:22:16.679429+00:00,22.387299,1774632136679429200,0.615039,0.370346,-0.291083,0.626821,-0.249341,-0.692977,-0.253033,0.740783,-0.221902,-0.085703,0.063019,0.149055,-0.237014,-0.934503,0.743963,-0.181445,-0.498327,0.442865,-0.850811,-0.235638,0.161606
2026-03-27T17:22:16.696435+00:00,22.404305,1774632136696435100,0.614893,0.370425,-0.290963,0.626897,-0.248987,-0.692983,-0.252991,0.741654,-0.222312,-0.086671,0.065949,0.148392,-0.243233,-0.944806,0.744069,-0.181599,-0.498577,0.442188,-0.849639,-0.234281,0.161657
2026-03-27T17:22:16.713506+00:00,22.421376,1774632136713506100,0.614775,0.370432,-0.29088,0.626791,-0.248518,-0.693914,-0.253053,0.74229,-0.222876,-0.08754,0.072595,0.140877,-0.238051,-0.915314,0.744136,-0.182232,-0.498896,0.439396,-0.852826,-0.232985,0.162823
2026-03-27T17:22:16.730491+00:00,22.438361,1774632136730491400,0.614506,0.370717,-0.290855,0.627322,-0.247621,-0.693867,-0.252567,0.74261,-0.223378,-0.08801,0.076822,0.143098,-0.247601,-0.948687,0.744198,-0.182829,-0.499309,0.437921,-0.853113,-0.230751,0.163751
2026-03-27T17:22:16.747660+00:00,22.45553,1774632136747660100,0.614267,0.371092,-0.290854,0.627381,-0.246916,-0.694811,-0.252037,0.742957,-0.223376,-0.088179,0.086414,0.137684,-0.239519,-0.922321,0.744225,-0.183185,-0.499731,0.435547,-0.854673,-0.228436,0.164987
2026-03-27T17:22:16.764864+00:00,22.472733,1774632136764863700,0.613934,0.371611,-0.290899,0.628184,-0.245842,-0.694563,-0.250856,0.742937,-0.222912,-0.088009,0.089213,0.14314,-0.244717,-0.958662,0.744235,-0.183809,-0.500108,0.433257,-0.856141,-0.22579,0.166575
2026-03-27T17:22:16.781738+00:00,22.489607,1774632136781737900,0.613643,0.372187,-0.291113,0.629094,-0.244888,-0.694632,-0.249546,0.742776,-0.222113,-0.087688,0.095557,0.140842,-0.235498,-0.941197,0.744217,-0.184245,-0.500568,0.429779,-0.859664,-0.222902,0.168985
2026-03-27T17:22:16.798528+00:00,22.506397,1774632136798527700,0.613321,0.37287,-0.291493,0.630159,-0.243842,-0.694599,-0.247855,0.742308,-0.220269,-0.087266,0.098992,0.141727,-0.232951,-0.945286,0.74406,-0.184634,-0.501097,0.427565,-0.859351,-0.218637,0.17104
2026-03-27T17:22:16.815636+00:00,22.523505,1774632136815635700,0.613002,0.373606,-0.291906,0.631331,-0.242618,-0.694469,-0.245979,0.74178,-0.217462,-0.087232,0.104416,0.140036,-0.228853,-0.936205,0.743559,-0.185222,-0.501627,0.422996,-0.863458,-0.215002,0.174201
2026-03-27T17:22:16.832560+00:00,22.540429,1774632136832559600,0.612665,0.374384,-0.292396,0.632434,-0.241416,-0.69441,-0.244252,0.74128,-0.21364,-0.087274,0.108698,0.141314,-0.232922,-0.954914,0.742976,-0.185407,-0.502235,0.419375,-0.865395,-0.211289,0.176849
2026-03-27T17:22:16.849691+00:00,22.55756,1774632136849691000,0.612296,0.375189,-0.292906,0.633579,-0.240172,-0.694327,-0.242353,0.74067,-0.208852,-0.087497,0.117236,0.140161,-0.2349,-0.961207,0.741872,-0.185535,-0.503037,0.414393,-0.866995,-0.208502,0.179288
2026-03-27T17:22:16.866900+00:00,22.574769,1774632136866899800,0.611995,0.37609,-0.293458,0.634819,-0.238736,-0.694181,-0.240221,0.740265,-0.202918,-0.087872,0.127524,0.137589,-0.237462,-0.964218,0.740626,-0.185268,-0.503925,0.410303,-0.869638,-0.205572,0.182192
2026-03-27T17:22:16.884508+00:00,22.592378,1774632136884508500,0.611733,0.377093,-0.294033,0.635965,-0.237115,-0.694408,-0.237696,0.739708,-0.195894,-0.088628,0.139722,0.133196,-0.241211,-0.960441,0.738355,-0.18499,-0.505408,0.408532,-0.869977,-0.202218,0.18497
2026-03-27T17:22:16.901134+00:00,22.609004,1774632136901134700,0.6116,0.378104,-0.294621,0.636886,-0.235614,-0.695027,-0.235313,0.73931,-0.188133,-0.089284,0.154623,0.126568,-0.242353,-0.939992,0.735866,-0.184115,-0.506843,0.405422,-0.872345,-0.199769,0.188283
2026-03-27T17:22:16.918170+00:00,22.626039,1774632136918170000,0.611559,0.379125,-0.295262,0.637322,-0.234263,-0.696704,-0.232914,0.738948,-0.179259,-0.089837,0.166927,0.1235,-0.253187,-0.945357,0.732771,-0.182684,-0.508536,0.404203,-0.871483,-0.197054,0.192068
2026-03-27T17:22:16.935210+00:00,22.643079,1774632136935209400,0.61157,0.380141,-0.295911,0.638221,-0.232691,-0.696843,-0.230169,0.738942,-0.169368,-0.09023,0.181257,0.119367,-0.264668,-0.944363,0.729027,-0.181083,-0.510546,0.404048,-0.872304,-0.194792,0.197912
2026-03-27T17:22:16.952206+00:00,22.660075,1774632136952205800,0.611618,0.381089,-0.29656,0.639042,-0.231343,-0.69758,-0.227763,0.738856,-0.15886,-0.090227,0.198788,0.11297,-0.274597,-0.930176,0.724706,-0.179138,-0.512887,0.407156,-0.869975,-0.192058,0.203801
2026-03-27T17:22:16.969334+00:00,22.677204,1774632136969334300,0.611702,0.38195,-0.29729,0.639711,-0.230131,-0.697937,-0.225375,0.739776,-0.147628,-0.089688,0.213805,0.107632,-0.290186,-0.930391,0.719915,-0.177206,-0.515612,0.411469,-0.86718,-0.189606,0.209628
2026-03-27T17:22:16.986221+00:00,22.69409,1774632136986221000,0.611777,0.38273,-0.297987,0.640292,-0.229167,-0.698297,-0.223163,0.740232,-0.136042,-0.089231,0.231819,0.099907,-0.302728,-0.917168,0.715047,-0.175396,-0.518621,0.413214,-0.863365,-0.188339,0.214443
2026-03-27T17:22:17.003413+00:00,22.711283,1774632137003413100,0.611885,0.383403,-0.298802,0.640694,-0.228444,-0.698922,-0.221291,0.741735,-0.124001,-0.088668,0.249327,0.091345,-0.317647,-0.907833,0.710018,-0.174019,-0.521993,0.408852,-0.866122,-0.190047,0.220957
2026-03-27T17:22:17.020267+00:00,22.728137,1774632137020267100,0.612019,0.38396,-0.299548,0.640984,-0.227764,-0.699638,-0.219768,0.743024,-0.111792,-0.088217,0.265982,0.081585,-0.332867,-0.899035,0.704976,-0.17276,-0.525438,0.405567,-0.863875,-0.190068,0.226596
2026-03-27T17:22:17.037431+00:00,22.7453,1774632137037431000,0.612152,0.384456,-0.300409,0.641611,-0.22726,-0.699475,-0.218366,0.745645,-0.099189,-0.087534,0.281846,0.071085,-0.350084,-0.892453,0.699936,-0.17167,-0.529047,0.402662,-0.863862,-0.189455,0.233468
2026-03-27T17:22:17.054378+00:00,22.762248,1774632137054378300,0.612256,0.384855,-0.301172,0.641584,-0.226819,-0.69997,-0.21743,0.747735,-0.086472,-0.087368,0.299667,0.059626,-0.365122,-0.878632,0.694964,-0.170567,-0.532716,0.403226,-0.863499,-0.187586,0.240557
2026-03-27T17:22:17.071534+00:00,22.779404,1774632137071534100,0.61231,0.385166,-0.302093,0.641938,-0.226672,-0.700077,-0.216665,0.750081,-0.073606,-0.087442,0.316467,0.047943,-0.381939,-0.86861,0.690029,-0.169365,-0.536532,0.409503,-0.858457,-0.183931,0.246297
2026-03-27T17:22:17.088455+00:00,22.796325,1774632137088455300,0.612364,0.385424,-0.302874,0.642216,-0.226499,-0.699515,-0.215917,0.753686,-0.06135,-0.087799,0.3343,0.035623,-0.396171,-0.852261,0.685769,-0.168898,-0.540411,0.414509,-0.856434,-0.180562,0.251758
2026-03-27T17:22:17.105456+00:00,22.813325,1774632137105455500,0.612396,0.385585,-0.303724,0.642386,-0.226617,-0.699879,-0.215481,0.75754,-0.049289,-0.088288,0.350001,0.02295,-0.412404,-0.840521,0.68158,-0.168589,-0.544327,0.418668,-0.853131,-0.176335,0.257249
2026-03-27T17:22:17.122738+00:00,22.830608,1774632137122738500,0.612325,0.385714,-0.30471,0.642482,-0.226568,-0.699794,-0.215171,0.761019,-0.036978,-0.089225,0.366095,0.009758,-0.428318,-0.826345,0.677398,-0.168539,-0.54839,0.420512,-0.851508,-0.171007,0.26303
2026-03-27T17:22:17.139644+00:00,22.847513,1774632137139644000,0.612076,0.385803,-0.305605,0.642523,-0.226667,-0.699758,-0.214901,0.765204,-0.025742,-0.090742,0.381133,-0.003068,-0.443375,-0.811258,0.673632,-0.168624,-0.552328,0.420873,-0.849431,-0.165216,0.269134
2026-03-27T17:22:17.156728+00:00,22.864597,1774632137156728000,0.611703,0.385873,-0.306642,0.643059,-0.226911,-0.699223,-0.214617,0.769077,-0.01433,-0.092462,0.395504,-0.0157,-0.457621,-0.794618,0.669877,-0.168868,-0.556296,0.41893,-0.850733,-0.159651,0.276716
2026-03-27T17:22:17.173700+00:00,22.88157,1774632137173700400,0.611271,0.385929,-0.3076,0.643109,-0.227033,-0.699171,-0.214344,0.773506,-0.003941,-0.094762,0.408053,-0.027709,-0.473093,-0.78015,0.666404,-0.169445,-0.560107,0.418474,-0.847953,-0.153568,0.283116
2026-03-27T17:22:17.190738+00:00,22.898607,1774632137190737900,0.610739,0.385988,-0.308608,0.643203,-0.227134,-0.699078,-0.213926,0.777799,0.006609,-0.097321,0.42013,-0.039635,-0.488382,-0.76487,0.663198,-0.169837,-0.563777,0.417659,-0.847792,-0.148245,0.289884
2026-03-27T17:22:17.207774+00:00,22.915644,1774632137207774500,0.610115,0.386078,-0.309629,0.643361,-0.227146,-0.698979,-0.213586,0.782304,0.016203,-0.10037,0.432693,-0.051048,-0.502514,-0.747261,0.660173,-0.170199,-0.567359,0.417425,-0.846544,-0.142984,0.295862
2026-03-27T17:22:17.224830+00:00,22.932699,1774632137224829600,0.609428,0.386164,-0.310522,0.643445,-0.227399,-0.699405,-0.213417,0.786875,0.025908,-0.10352,0.445161,-0.062246,-0.51592,-0.729081,0.657537,-0.170353,-0.570745,0.417876,-0.845506,-0.138445,0.301106
2026-03-27T17:22:17.242691+00:00,22.95056,1774632137242691000,0.608592,0.386304,-0.311529,0.643596,-0.227181,-0.699294,-0.213026,0.791822,0.034895,-0.107211,0.456921,-0.073629,-0.530403,-0.711766,0.654907,-0.170219,-0.574135,0.418344,-0.845294,-0.13507,0.306628
2026-03-27T17:22:17.259135+00:00,22.967005,1774632137259135500,0.607702,0.386487,-0.312362,0.644239,-0.227042,-0.69865,-0.21265,0.796474,0.043444,-0.110334,0.468998,-0.082825,-0.540234,-0.692993,0.65275,-0.170002,-0.577015,0.420364,-0.841315,-0.132114,0.310658
2026-03-27T17:22:17.275877+00:00,22.983747,1774632137275877200,0.606759,0.386696,-0.313274,0.64445,-0.226661,-0.698482,-0.212257,0.801223,0.050998,-0.113673,0.478506,-0.090806,-0.550923,-0.677952,0.650566,-0.169673,-0.57989,0.421884,-0.838649,-0.130361,0.315722
2026-03-27T17:22:17.292905+00:00,23.000774,1774632137292905000,0.605799,0.386887,-0.314058,0.644648,-0.226409,-0.698588,-0.211896,0.805945,0.058196,-0.11687,0.487419,-0.09702,-0.559639,-0.662902,0.648692,-0.168994,-0.582476,0.421816,-0.837121,-0.130176,0.32156
2026-03-27T17:22:17.309908+00:00,23.017778,1774632137309908500,0.604845,0.387096,-0.314909,0.644914,-0.226232,-0.698848,-0.211458,0.811114,0.065713,-0.11967,0.494756,-0.102495,-0.569375,-0.648971,0.646907,-0.16839,-0.584941,0.421958,-0.835729,-0.129504,0.326831
2026-03-27T17:22:17.326954+00:00,23.034824,1774632137326954300,0.603815,0.38735,-0.315761,0.645144,-0.225891,-0.698622,-0.210985,0.816396,0.073154,-0.12224,0.501685,-0.106683,-0.577932,-0.634873,0.645297,-0.167412,-0.587416,0.422715,-0.832819,-0.128517,0.33103
2026-03-27T17:22:17.344044+00:00,23.051914,1774632137344044100,0.602876,0.387619,-0.316622,0.645524,-0.225427,-0.698749,-0.210403,0.821039,0.079806,-0.12495,0.508924,-0.108956,-0.587589,-0.620518,0.643731,-0.166199,-0.58976,0.422854,-0.832146,-0.127824,0.335352
2026-03-27T17:22:17.361113+00:00,23.068982,1774632137361112500,0.601894,0.387902,-0.317494,0.645867,-0.225071,-0.69896,-0.209895,0.82587,0.086966,-0.127228,0.517241,-0.108436,-0.596601,-0.603444,0.64243,-0.165109,-0.591934,0.423247,-0.830302,-0.126893,0.338666
2026-03-27T17:22:17.378125+00:00,23.085994,1774632137378124700,0.601029,0.388177,-0.318383,0.646196,-0.224789,-0.69913,-0.209314,0.829556,0.093327,-0.129707,0.525684,-0.106252,-0.606649,-0.5858,0.641126,-0.164029,-0.593902,0.423406,-0.828711,-0.126689,0.342163
2026-03-27T17:22:17.395336+00:00,23.103206,1774632137395336400,0.600119,0.388484,-0.319274,0.647116,-0.22429,-0.697681,-0.208191,0.833545,0.100052,-0.132062,0.534098,-0.103442,-0.618282,-0.56782,0.639865,-0.162891,-0.595762,0.42323,-0.827604,-0.127019,0.346583
2026-03-27T17:22:17.411991+00:00,23.119861,1774632137411991100,0.599268,0.388791,-0.32023,0.647663,-0.224224,-0.697856,-0.207216,0.836173,0.105835,-0.134456,0.542968,-0.100004,-0.627099,-0.549501,0.638509,-0.161767,-0.597408,0.423035,-0.8264,-0.127664,0.350748
2026-03-27T17:22:17.429150+00:00,23.137019,1774632137429150000,0.5986,0.389125,-0.321238,0.64867,-0.224257,-0.697225,-0.20557,0.838818,0.111774,-0.1369,0.552414,-0.096104,-0.634329,-0.530768,0.637168,-0.1606,-0.599017,0.423166,-0.824037,-0.128565,0.354749
2026-03-27T17:22:17.446099+00:00,23.153968,1774632137446098800,0.598,0.389527,-0.322289,0.64964,-0.224316,-0.696778,-0.204052,0.840197,0.116902,-0.139574,0.560628,-0.092545,-0.643525,-0.513803,0.635713,-0.159553,-0.600312,0.423325,-0.822276,-0.129585,0.358092
2026-03-27T17:22:17.463818+00:00,23.171688,1774632137463818200,0.597389,0.389935,-0.323397,0.651061,-0.22461,-0.696155,-0.202321,0.841518,0.12157,-0.142319,0.569835,-0.088927,-0.649481,-0.494385,0.634359,-0.158556,-0.60155,0.423424,-0.821247,-0.130162,0.361584
2026-03-27T17:22:17.480658+00:00,23.188527,1774632137480657700,0.596917,0.390339,-0.324536,0.652138,-0.224869,-0.69558,-0.200415,0.842029,0.125461,-0.145315,0.578493,-0.085672,-0.656389,-0.476472,0.632834,-0.157622,-0.602724,0.424091,-0.819661,-0.13006,0.364306
2026-03-27T17:22:17.497782+00:00,23.205651,1774632137497781700,0.596515,0.390687,-0.325637,0.653634,-0.225288,-0.69459,-0.198784,0.842526,0.128374,-0.148128,0.586745,-0.082676,-0.661407,-0.45934,0.631437,-0.156885,-0.603719,0.425311,-0.817608,-0.129488,0.36617
2026-03-27T17:22:17.514316+00:00,23.222186,1774632137514316100,0.596147,0.390998,-0.326738,0.655578,-0.225702,-0.692637,-0.197123,0.842651,0.130263,-0.151035,0.595254,-0.079517,-0.666305,-0.442046,0.62983,-0.156274,-0.604642,0.426413,-0.815928,-0.128688,0.368203
2026-03-27T17:22:17.531358+00:00,23.239227,1774632137531357600,0.595857,0.391225,-0.327855,0.65699,-0.226491,-0.692234,-0.19579,0.84254,0.130763,-0.15406,0.604327,-0.075937,-0.670664,-0.423883,0.628246,-0.155916,-0.605447,0.426598,-0.815598,-0.127926,0.370678
2026-03-27T17:22:17.548395+00:00,23.256265,1774632137548395100,0.595583,0.391426,-0.328952,0.658808,-0.2271,-0.690393,-0.194455,0.84103,0.130508,-0.157131,0.614776,-0.072707,-0.673652,-0.402725,0.626441,-0.155733,-0.606204,0.426404,-0.8143,-0.12683,0.372999
2026-03-27T17:22:17.565326+00:00,23.273195,1774632137565325800,0.595399,0.391563,-0.329975,0.659996,-0.227976,-0.689712,-0.193437,0.839852,0.128129,-0.160554,0.624623,-0.070453,-0.678137,-0.38086,0.624668,-0.155783,-0.606847,0.426266,-0.81331,-0.125518,0.375625
2026-03-27T17:22:17.582344+00:00,23.290213,1774632137582344000,0.595173,0.391721,-0.33093,0.661771,-0.228369,-0.687948,-0.192219,0.837776,0.124657,-0.163924,0.634236,-0.069492,-0.681215,-0.359087,0.622686,-0.155914,-0.607467,0.425715,-0.813515,-0.123792,0.378204
2026-03-27T17:22:17.599457+00:00,23.307326,1774632137599457000,0.595067,0.391869,-0.33187,0.66342,-0.228712,-0.686315,-0.191198,0.836138,0.119215,-0.167373,0.642781,-0.068223,-0.683263,-0.338682,0.620816,-0.156167,-0.607976,0.425179,-0.813624,-0.12168,0.380538
2026-03-27T17:22:17.616744+00:00,23.324613,1774632137616743700,0.594948,0.392037,-0.332778,0.66478,-0.229041,-0.685483,-0.190033,0.833749,0.112866,-0.170623,0.650498,-0.067029,-0.685187,-0.319885,0.618811,-0.156738,-0.608514,0.425332,-0.812825,-0.119248,0.381559
2026-03-27T17:22:17.633687+00:00,23.341557,1774632137633687600,0.594889,0.39225,-0.333658,0.666392,-0.229547,-0.684135,-0.188543,0.831402,0.105591,-0.173673,0.657484,-0.065156,-0.686718,-0.302284,0.616847,-0.157464,-0.608953,0.426549,-0.811658,-0.116377,0.382341
2026-03-27T17:22:17.650717+00:00,23.358586,1774632137650717000,0.594785,0.392426,-0.334542,0.668221,-0.229985,-0.682323,-0.187022,0.829359,0.095626,-0.176656,0.665051,-0.064541,-0.687559,-0.284322,0.614874,-0.15825,-0.609338,0.428445,-0.809649,-0.113315,0.382985
2026-03-27T17:22:17.667777+00:00,23.375646,1774632137667776700,0.594688,0.392578,-0.335316,0.669462,-0.230592,-0.681096,-0.185656,0.826791,0.08501,-0.17922,0.672478,-0.064834,-0.688249,-0.265629,0.612826,-0.159065,-0.609657,0.430076,-0.808948,-0.110372,0.384429
2026-03-27T17:22:17.684892+00:00,23.392761,1774632137684891600,0.594593,0.392689,-0.33611,0.670755,-0.231212,-0.680313,-0.184285,0.824404,0.072063,-0.181575,0.680522,-0.067156,-0.686432,-0.246406,0.610712,-0.159936,-0.609953,0.431571,-0.808417,-0.1075,0.385981
2026-03-27T17:22:17.701892+00:00,23.409761,1774632137701891500,0.594477,0.392836,-0.33673,0.672025,-0.231535,-0.679054,-0.182917,0.821709,0.059175,-0.183707,0.686338,-0.07036,-0.686723,-0.229586,0.608716,-0.160897,-0.610207,0.433025,-0.806829,-0.10463,0.386592
2026-03-27T17:22:17.718886+00:00,23.426756,1774632137718886400,0.59436,0.392987,-0.337372,0.672721,-0.232126,-0.678852,-0.181636,0.819122,0.04425,-0.185671,0.690688,-0.073456,-0.6864,-0.215316,0.60677,-0.161897,-0.610494,0.432725,-0.808007,-0.101996,0.387714
2026-03-27T17:22:17.735911+00:00,23.443781,1774632137735911500,0.594215,0.3932,-0.33784,0.673998,-0.232429,-0.677592,-0.18013,0.816531,0.028453,-0.187552,0.693375,-0.077253,-0.686675,-0.204701,0.604953,-0.162896,-0.610779,0.432741,-0.807835,-0.099185,0.387976
2026-03-27T17:22:17.752932+00:00,23.460802,1774632137752932100,0.594094,0.393434,-0.338286,0.6748,-0.232447,-0.676808,-0.17877,0.813709,0.013569,-0.18925,0.695378,-0.084407,-0.68637,-0.19647,0.60323,-0.163907,-0.611031,0.432835,-0.807764,-0.096471,0.388194
2026-03-27T17:22:17.769957+00:00,23.477827,1774632137769957300,0.594001,0.393668,-0.338566,0.675066,-0.232619,-0.677066,-0.177644,0.811076,-0.003095,-0.190715,0.697012,-0.093584,-0.684808,-0.191487,0.601675,-0.164841,-0.611192,0.432423,-0.809246,-0.093977,0.388909
2026-03-27T17:22:17.786964+00:00,23.494834,1774632137786964300,0.59392,0.393956,-0.338776,0.675429,-0.232502,-0.677234,-0.17634,0.808412,-0.018017,-0.192027,0.695933,-0.10492,-0.684337,-0.189893,0.600116,-0.165499,-0.611407,0.43313,-0.80818,-0.091336,0.38836
2026-03-27T17:22:17.803981+00:00,23.51185,1774632137803981000,0.593835,0.394317,-0.338886,0.676338,-0.232223,-0.67637,-0.174747,0.80568,-0.034097,-0.193537,0.692247,-0.117529,-0.685565,-0.19065,0.598755,-0.166142,-0.611581,0.433481,-0.808105,-0.089258,0.388497
2026-03-27T17:22:17.821030+00:00,23.5289,1774632137821030300,0.593838,0.394641,-0.338958,0.676271,-0.232289,-0.677411,-0.17329,0.802818,-0.04794,-0.1951,0.685818,-0.130012,-0.689131,-0.194827,0.5975,-0.166587,-0.611762,0.434079,-0.807682,-0.087534,0.388304
2026-03-27T17:22:17.837993+00:00,23.545863,1774632137837993300,0.593757,0.394971,-0.339049,0.676783,-0.231977,-0.677005,-0.1718,0.799571,-0.060677,-0.196479,0.680234,-0.141997,-0.690503,-0.200731,0.596511,-0.166754,-0.611979,0.434768,-0.808351,-0.086455,0.388147
2026-03-27T17:22:17.854959+00:00,23.562829,1774632137854959300,0.593841,0.395313,-0.338974,0.677188,-0.231823,-0.677326,-0.170359,0.795706,-0.073129,-0.197524,0.675535,-0.153841,-0.689176,-0.211755,0.595677,-0.166888,-0.612195,0.436565,-0.807121,-0.084963,0.387166
2026-03-27T17:22:17.872176+00:00,23.580045,1774632137872175600,0.593887,0.395741,-0.338897,0.677645,-0.231251,-0.676911,-0.168944,0.791907,-0.08266,-0.198041,0.670953,-0.164594,-0.685527,-0.229005,0.594984,-0.16697,-0.612403,0.437617,-0.807287,-0.083783,0.386373
2026-03-27T17:22:17.889284+00:00,23.597154,1774632137889284400,0.594065,0.396136,-0.338703,0.677696,-0.230583,-0.677881,-0.167902,0.787408,-0.091987,-0.19849,0.666391,-0.171222,-0.682632,-0.246735,0.594486,-0.166967,-0.612643,0.438788,-0.807969,-0.082918,0.385722
2026-03-27T17:22:17.906467+00:00,23.614336,1774632137906466900,0.594404,0.396586,-0.338269,0.678188,-0.22943,-0.677431,-0.166931,0.782733,-0.099063,-0.198886,0.66203,-0.174541,-0.681034,-0.260698,0.594174,-0.166944,-0.612881,0.440412,-0.80659,-0.082295,0.384704
2026-03-27T17:22:17.923570+00:00,23.63144,1774632137923570300,0.594888,0.39696,-0.337804,0.678171,-0.228528,-0.678461,-0.166415,0.776981,-0.105996,-0.199625,0.658808,-0.175143,-0.680547,-0.268257,0.593899,-0.166769,-0.613175,0.441624,-0.805648,-0.082055,0.384397
2026-03-27T17:22:17.940940+00:00,23.64881,1774632137940940400,0.595468,0.397382,-0.33721,0.678196,-0.227359,-0.678962,-0.165722,0.771148,-0.111038,-0.20034,0.65675,-0.172704,-0.682683,-0.269415,0.593835,-0.166498,-0.613414,0.442041,-0.807237,-0.082181,0.385158
2026-03-27T17:22:17.957621+00:00,23.665491,1774632137957621300,0.596069,0.397698,-0.33662,0.67815,-0.226429,-0.679446,-0.165261,0.764837,-0.115408,-0.201156,0.655509,-0.16833,-0.686038,-0.267631,0.593765,-0.166074,-0.613659,0.444095,-0.804269,-0.082029,0.384203
2026-03-27T17:22:17.974716+00:00,23.682585,1774632137974715900,0.596713,0.397909,-0.335892,0.677824,-0.225832,-0.680196,-0.165225,0.759055,-0.118236,-0.201624,0.655016,-0.162802,-0.688529,-0.266097,0.593907,-0.165754,-0.613846,0.444702,-0.804776,-0.082205,0.385013
2026-03-27T17:22:17.991769+00:00,23.699639,1774632137991769100,0.597267,0.397993,-0.335075,0.677257,-0.225415,-0.680675,-0.165652,0.753554,-0.120031,-0.201587,0.654806,-0.156683,-0.688976,-0.267865,0.594107,-0.165429,-0.614012,0.445289,-0.804902,-0.082482,0.385531
2026-03-27T17:22:18.008703+00:00,23.716572,1774632138008702800,0.59781,0.398063,-0.334188,0.676254,-0.225355,-0.681721,-0.166434,0.749269,-0.12073,-0.201069,0.653616,-0.151793,-0.68882,-0.274289,0.594577,-0.165135,-0.614123,0.445929,-0.804417,-0.082671,0.385614
2026-03-27T17:22:18.025841+00:00,23.73371,1774632138025840700,0.598313,0.398081,-0.333144,0.675509,-0.22496,-0.681498,-0.167328,0.745201,-0.120986,-0.200024,0.650102,-0.147071,-0.687686,-0.28682,0.595424,-0.16497,-0.614137,0.446991,-0.802691,-0.08272,0.385068
2026-03-27T17:22:18.042933+00:00,23.750803,1774632138042933500,0.598852,0.397891,-0.332068,0.673653,-0.225223,-0.683374,-0.168844,0.742366,-0.120787,-0.19837,0.644627,-0.141384,-0.688029,-0.301911,0.596427,-0.164798,-0.614147,0.446863,-0.802591,-0.082928,0.384663
2026-03-27T17:22:18.060008+00:00,23.767877,1774632138060007700,0.599311,0.39759,-0.330924,0.672168,-0.225204,-0.684344,-0.170513,0.739029,-0.120302,-0.196785,0.638191,-0.134334,-0.688285,-0.318537,0.597704,-0.164739,-0.614025,0.446644,-0.802795,-0.083235,0.38453
2026-03-27T17:22:18.076937+00:00,23.784807,1774632138076937300,0.599698,0.397252,-0.32978,0.670622,-0.225198,-0.685368,-0.172334,0.736546,-0.119326,-0.194432,0.63223,-0.125599,-0.68699,-0.335734,0.599209,-0.164668,-0.613856,0.445754,-0.803901,-0.083782,0.384289
2026-03-27T17:22:18.093966+00:00,23.801836,1774632138093966400,0.600044,0.396939,-0.328613,0.668659,-0.225035,-0.686808,-0.17389,0.733239,-0.118316,-0.192226,0.625924,-0.116256,-0.685461,-0.353937,0.600714,-0.164554,-0.61351,0.445282,-0.804285,-0.084359,0.383211
2026-03-27T17:22:18.110962+00:00,23.818832,1774632138110962200,0.600402,0.39666,-0.327496,0.666685,-0.225159,-0.688769,-0.17543,0.730593,-0.117064,-0.189287,0.620661,-0.107955,-0.681792,-0.371549,0.602475,-0.164419,-0.612966,0.444884,-0.804609,-0.085071,0.382203
2026-03-27T17:22:18.128066+00:00,23.835936,1774632138128066300,0.600629,0.396413,-0.326429,0.665311,-0.224828,-0.689625,-0.17668,0.727137,-0.115539,-0.186652,0.61601,-0.100963,-0.677016,-0.389996,0.604176,-0.164188,-0.612263,0.443621,-0.807052,-0.086322,0.382029
2026-03-27T17:22:18.145064+00:00,23.852934,1774632138145064200,0.60085,0.396243,-0.325336,0.663763,-0.224608,-0.690514,-0.177835,0.72417,-0.11397,-0.183383,0.611627,-0.092809,-0.672841,-0.406823,0.606026,-0.163882,-0.611498,0.443726,-0.805846,-0.087228,0.380378
2026-03-27T17:22:18.162102+00:00,23.869971,1774632138162101700,0.601024,0.396093,-0.324349,0.662003,-0.2244,-0.692309,-0.178803,0.720555,-0.111982,-0.180217,0.607468,-0.081914,-0.668316,-0.421629,0.607813,-0.163431,-0.61044,0.442829,-0.80758,-0.089207,0.38006
2026-03-27T17:22:18.179193+00:00,23.887062,1774632138179192500,0.601163,0.39601,-0.323357,0.660296,-0.224161,-0.694075,-0.179587,0.716774,-0.109771,-0.176889,0.602228,-0.069618,-0.664134,-0.437716,0.609777,-0.162976,-0.609378,0.442119,-0.80832,-0.091163,0.379216
2026-03-27T17:22:18.196561+00:00,23.90443,1774632138196560800,0.601253,0.395925,-0.322365,0.659005,-0.223629,-0.695005,-0.18006,0.71408,-0.107841,-0.172543,0.595231,-0.057068,-0.658108,-0.456723,0.611648,-0.162507,-0.6082,0.441199,-0.80935,-0.093125,0.377969
2026-03-27T17:22:18.213332+00:00,23.921201,1774632138213331800,0.601332,0.395899,-0.321393,0.657826,-0.22327,-0.69618,-0.180741,0.711767,-0.106057,-0.167749,0.585991,-0.044792,-0.651989,-0.479393,0.613568,-0.162053,-0.606995,0.441076,-0.808616,-0.094665,0.375563
2026-03-27T17:22:18.230335+00:00,23.938204,1774632138230334800,0.601412,0.395858,-0.320416,0.656136,-0.222793,-0.69787,-0.181559,0.708966,-0.103743,-0.163357,0.575482,-0.031917,-0.645075,-0.501995,0.615665,-0.161646,-0.605765,0.440132,-0.809959,-0.096424,0.37407
2026-03-27T17:22:18.247472+00:00,23.955341,1774632138247471600,0.601486,0.395843,-0.319444,0.654429,-0.222302,-0.699581,-0.182379,0.706822,-0.102149,-0.158084,0.564042,-0.017447,-0.639327,-0.522816,0.61782,-0.161258,-0.604494,0.439191,-0.811348,-0.098292,0.372569
2026-03-27T17:22:18.264392+00:00,23.972262,1774632138264392200,0.601529,0.395859,-0.318486,0.653329,-0.22149,-0.700155,-0.182915,0.703939,-0.099956,-0.1534,0.552974,-0.001756,-0.632961,-0.541934,0.619747,-0.160871,-0.603234,0.438519,-0.812334,-0.100061,0.370689
2026-03-27T17:22:18.281423+00:00,23.989292,1774632138281422500,0.601596,0.395856,-0.31753,0.651646,-0.22087,-0.701828,-0.183766,0.701582,-0.098644,-0.147946,0.541404,0.015301,-0.626974,-0.559403,0.621738,-0.160496,-0.601991,0.437991,-0.813468,-0.101942,0.368739
2026-03-27T17:22:18.298530+00:00,24.006399,1774632138298529900,0.60163,0.395839,-0.316587,0.649967,-0.220333,-0.703503,-0.184831,0.698692,-0.096679,-0.143061,0.529356,0.033021,-0.621305,-0.576007,0.623813,-0.160176,-0.600712,0.437127,-0.815031,-0.103868,0.367193
2026-03-27T17:22:18.315733+00:00,24.023602,1774632138315732900,0.601639,0.395826,-0.31565,0.648667,-0.219592,-0.704256,-0.185957,0.696252,-0.095461,-0.137668,0.517158,0.051762,-0.616331,-0.591305,0.62582,-0.159893,-0.599492,0.437144,-0.814455,-0.105472,0.364835
2026-03-27T17:22:18.332820+00:00,24.04069,1774632138332820300,0.601664,0.395762,-0.314731,0.64683,-0.219171,-0.706084,-0.187082,0.693498,-0.093796,-0.132992,0.505541,0.069498,-0.611925,-0.603179,0.627799,-0.159683,-0.598269,0.436203,-0.816079,-0.107207,0.363262
2026-03-27T17:22:18.349719+00:00,24.057589,1774632138349719400,0.601664,0.395687,-0.313822,0.645459,-0.218688,-0.706925,-0.188208,0.690874,-0.091956,-0.12853,0.492578,0.086784,-0.61109,-0.615109,0.629788,-0.159549,-0.597095,0.435289,-0.816842,-0.108854,0.361338
2026-03-27T17:22:18.366752+00:00,24.074621,1774632138366751900,0.601697,0.395588,-0.312862,0.643532,-0.218275,-0.708838,-0.189512,0.688718,-0.091136,-0.123561,0.480705,0.101818,-0.606716,-0.624163,0.631681,-0.15947,-0.595946,0.434546,-0.817929,-0.110305,0.359544
2026-03-27T17:22:18.383824+00:00,24.091694,1774632138383824100,0.601715,0.395462,-0.311909,0.641539,-0.217722,-0.71028,-0.190799,0.686369,-0.089548,-0.119254,0.466966,0.116979,-0.605835,-0.63345,0.633682,-0.159441,-0.594804,0.433669,-0.81931,-0.111498,0.358195
2026-03-27T17:22:18.400794+00:00,24.108663,1774632138400793500,0.601691,0.395279,-0.310917,0.639793,-0.217344,-0.711169,-0.19208,0.684173,-0.088618,-0.114856,0.453394,0.130057,-0.605423,-0.640696,0.635536,-0.159434,-0.593758,0.432898,-0.821112,-0.112543,0.356801
2026-03-27T17:22:18.417822+00:00,24.125692,1774632138417822400,0.601697,0.395055,-0.309918,0.637472,-0.217046,-0.713227,-0.193544,0.681888,-0.087759,-0.110296,0.440555,0.142283,-0.604219,-0.648181,0.637397,-0.15941,-0.592693,0.432871,-0.821261,-0.113533,0.354772
2026-03-27T17:22:18.434889+00:00,24.142759,1774632138434889100,0.60168,0.394851,-0.308957,0.635375,-0.216785,-0.71479,-0.194873,0.679528,-0.085901,-0.106343,0.43,0.153398,-0.602475,-0.654377,0.639355,-0.159454,-0.591636,0.432349,-0.822264,-0.114739,0.352918
2026-03-27T17:22:18.451868+00:00,24.159738,1774632138451868100,0.601669,0.394641,-0.307952,0.633334,-0.216556,-0.716855,-0.196317,0.677077,-0.08527,-0.101997,0.420312,0.163998,-0.601467,-0.660145,0.641151,-0.159436,-0.590599,0.432247,-0.82205,-0.115796,0.350891
2026-03-27T17:22:18.469072+00:00,24.176942,1774632138469072500,0.601625,0.394457,-0.306978,0.631458,-0.216142,-0.717937,-0.197711,0.674619,-0.083461,-0.098142,0.411772,0.174366,-0.599734,-0.665263,0.643066,-0.159518,-0.589561,0.431555,-0.823872,-0.117092,0.349623
2026-03-27T17:22:18.486094+00:00,24.193964,1774632138486094400,0.601591,0.394254,-0.306015,0.629388,-0.215748,-0.719465,-0.199035,0.671903,-0.08245,-0.093862,0.405665,0.183232,-0.595834,-0.668597,0.644861,-0.159564,-0.588548,0.430653,-0.825488,-0.118273,0.347986
2026-03-27T17:22:18.503047+00:00,24.210916,1774632138503046800,0.601535,0.394012,-0.304951,0.627231,-0.215218,-0.720514,-0.200529,0.669546,-0.080656,-0.090239,0.400418,0.191379,-0.591479,-0.672537,0.646583,-0.159599,-0.587565,0.430679,-0.824803,-0.119385,0.345728
2026-03-27T17:22:18.520002+00:00,24.227871,1774632138520001900,0.601482,0.393726,-0.304004,0.624984,-0.214989,-0.72221,-0.202222,0.66691,-0.079672,-0.086409,0.395847,0.199699,-0.587411,-0.677927,0.648256,-0.159636,-0.586577,0.429628,-0.826272,-0.120734,0.344679
2026-03-27T17:22:18.537165+00:00,24.245035,1774632138537165100,0.601432,0.393338,-0.30303,0.622821,-0.214736,-0.723844,-0.204107,0.664572,-0.078045,-0.082875,0.392396,0.207615,-0.58103,-0.682897,0.649819,-0.159658,-0.585594,0.42948,-0.826293,-0.121711,0.343228
2026-03-27T17:22:18.554203+00:00,24.262072,1774632138554202600,0.601392,0.392922,-0.302057,0.620315,-0.214567,-0.725544,-0.205949,0.661796,-0.077315,-0.079121,0.390392,0.215507,-0.573128,-0.686944,0.651281,-0.159679,-0.584644,0.428694,-0.828087,-0.122761,0.342145
2026-03-27T17:22:18.571104+00:00,24.278973,1774632138571103400,0.601346,0.392543,-0.301157,0.61812,-0.214451,-0.726943,-0.207718,0.659534,-0.076001,-0.075933,0.388011,0.223697,-0.565691,-0.691813,0.652773,-0.159699,-0.583693,0.428315,-0.828631,-0.123773,0.340942
2026-03-27T17:22:18.588140+00:00,24.29601,1774632138588140200,0.601296,0.392151,-0.300224,0.616169,-0.214295,-0.728106,-0.209357,0.656916,-0.075632,-0.072623,0.38602,0.231975,-0.556887,-0.697459,0.653899,-0.159697,-0.582883,0.427669,-0.829018,-0.124945,0.340126
2026-03-27T17:22:18.605193+00:00,24.313062,1774632138605192800,0.601276,0.391796,-0.299345,0.613863,-0.214111,-0.729908,-0.210999,0.654734,-0.074945,-0.069495,0.384446,0.238698,-0.547279,-0.701785,0.655214,-0.159703,-0.582007,0.42712,-0.829499,-0.125943,0.339093
2026-03-27T17:22:18.622193+00:00,24.330062,1774632138622192900,0.601256,0.391414,-0.298422,0.611504,-0.214065,-0.731777,-0.212662,0.653088,-0.074238,-0.066677,0.381435,0.245621,-0.539704,-0.706844,0.656602,-0.159891,-0.580944,0.426394,-0.829884,-0.126913,0.338268
2026-03-27T17:22:18.640152+00:00,24.348022,1774632138640152400,0.601229,0.391028,-0.29752,0.609187,-0.213927,-0.733393,-0.21437,0.651182,-0.074296,-0.063904,0.3764,0.252417,-0.535193,-0.711333,0.657697,-0.159964,-0.580242,0.425288,-0.831016,-0.127603,0.337753
2026-03-27T17:22:18.661517+00:00,24.369386,1774632138661516900,0.601204,0.390592,-0.296413,0.606925,-0.213436,-0.734009,-0.215968,0.649523,-0.074066,-0.061038,0.368727,0.260805,-0.533448,-0.716447,0.659139,-0.160051,-0.579352,0.425045,-0.83038,-0.128169,0.336219
2026-03-27T17:22:18.678317+00:00,24.386187,1774632138678317300,0.601234,0.390226,-0.295663,0.604629,-0.213438,-0.736428,-0.217778,0.648329,-0.074011,-0.058856,0.364676,0.265133,-0.528916,-0.717392,0.660258,-0.160071,-0.578671,0.424503,-0.830594,-0.129005,0.335258
