timestamp,time_seconds,timestamp_ns,t_ms,t_ms_corrected_ns,gripper_side,sw,opening_mm,angle_deg
2026-03-27T17:18:52.481158+00:00,0.045100,1774631932481158412,3168820,1774631932481046784,left,OFF,2.3,4.0
2026-03-27T17:18:52.496523+00:00,0.060465,1774631932496522812,3168836,1774631932496872704,left,OFF,2.3,3.91
2026-03-27T17:18:52.512866+00:00,0.076807,1774631932512865512,3168852,1774631932512952832,left,OFF,2.3,3.91
2026-03-27T17:18:52.528210+00:00,0.092152,1774631932528210012,3168868,1774631932528688128,left,OFF,2.3,4.0
2026-03-27T17:18:52.544934+00:00,0.108876,1774631932544933912,3168884,1774631932544822016,left,OFF,2.3,3.91
2026-03-27T17:18:52.560161+00:00,0.124103,1774631932560161012,3168900,1774631932560615936,left,OFF,2.3,4.0
2026-03-27T17:18:52.577079+00:00,0.141021,1774631932577079212,3168916,1774631932576790016,left,OFF,2.3,4.0
2026-03-27T17:18:52.593112+00:00,0.157053,1774631932593111512,3168932,1774631932592923392,left,OFF,2.3,3.91
2026-03-27T17:18:52.608497+00:00,0.172439,1774631932608497412,3168948,1774631932608838656,left,OFF,2.3,3.91
2026-03-27T17:18:52.624848+00:00,0.188790,1774631932624847712,3168964,1774631932624869632,left,OFF,2.3,3.91
2026-03-27T17:18:52.641487+00:00,0.205429,1774631932641487312,3168980,1774631932641057024,left,OFF,2.3,3.91
2026-03-27T17:18:52.657045+00:00,0.220987,1774631932657044912,3168996,1774631932657095680,left,OFF,2.3,3.91
2026-03-27T17:18:52.673288+00:00,0.237230,1774631932673287912,3169012,1774631932673180672,left,OFF,2.3,3.91
2026-03-27T17:18:52.688566+00:00,0.252508,1774631932688565812,3169028,1774631932689092352,left,OFF,2.3,3.91
2026-03-27T17:18:52.705226+00:00,0.269168,1774631932705226112,3169044,1774631932705154048,left,OFF,2.3,3.91
2026-03-27T17:18:52.721685+00:00,0.285627,1774631932721685212,3169060,1774631932721293568,left,OFF,2.3,3.91
2026-03-27T17:18:52.736935+00:00,0.300877,1774631932736934712,3169076,1774631932737269504,left,OFF,2.3,3.91
2026-03-27T17:18:52.753641+00:00,0.317583,1774631932753641512,3169092,1774631932753373952,left,OFF,2.2,3.82
2026-03-27T17:18:52.769975+00:00,0.333917,1774631932769974712,3169108,1774631932769518080,left,OFF,2.2,3.82
2026-03-27T17:18:52.785294+00:00,0.349235,1774631932785293612,3169124,1774631932785529600,left,OFF,2.2,3.82
2026-03-27T17:18:52.801716+00:00,0.365658,1774631932801716112,3169140,1774631932801604608,left,OFF,2.1,3.65
2026-03-27T17:18:52.817198+00:00,0.381140,1774631932817198312,3169156,1774631932817590528,left,OFF,2.1,3.56
2026-03-27T17:18:52.833798+00:00,0.397740,1774631932833798412,3169172,1774631932833664512,left,OFF,2.0,3.47
2026-03-27T17:18:52.850007+00:00,0.413949,1774631932850006812,3169188,1774631932849757952,left,OFF,1.9,3.3
2026-03-27T17:18:52.865614+00:00,0.429556,1774631932865614212,3169204,1774631932865785856,left,OFF,1.9,3.21
2026-03-27T17:18:52.881972+00:00,0.445914,1774631932881971912,3169220,1774631932881856768,left,OFF,1.8,3.12
2026-03-27T17:18:52.898330+00:00,0.462272,1774631932898330412,3169236,1774631932897964288,left,OFF,1.8,3.03
2026-03-27T17:18:52.913812+00:00,0.477754,1774631932913811912,3169252,1774631932913995776,left,OFF,1.7,2.94
2026-03-27T17:18:52.930268+00:00,0.494210,1774631932930268212,3169268,1774631932930077440,left,OFF,1.7,2.94
2026-03-27T17:18:52.945644+00:00,0.509586,1774631932945643912,3169284,1774631932946077696,left,OFF,1.7,2.86
2026-03-27T17:18:52.962043+00:00,0.525985,1774631932962042812,3169300,1774631932962121984,left,OFF,1.6,2.77
2026-03-27T17:18:52.978885+00:00,0.542826,1774631932978884512,3169316,1774631932978253568,left,OFF,1.4,2.5
2026-03-27T17:18:52.994419+00:00,0.558361,1774631932994419312,3169332,1774631932994322432,left,OFF,1.4,2.42
2026-03-27T17:18:53.010700+00:00,0.574642,1774631933010700212,3169348,1774631933010413568,left,OFF,1.3,2.33
2026-03-27T17:18:53.026783+00:00,0.590725,1774631933026783312,3169364,1774631933026504192,left,OFF,1.4,2.5
2026-03-27T17:18:53.042551+00:00,0.606493,1774631933042551012,3169380,1774631933042563328,left,OFF,1.6,2.68
2026-03-27T17:18:53.058815+00:00,0.622757,1774631933058814712,3169396,1774631933058642176,left,OFF,1.7,2.86
2026-03-27T17:18:53.074254+00:00,0.638196,1774631933074254312,3169412,1774631933074661120,left,OFF,1.9,3.3
2026-03-27T17:18:53.090745+00:00,0.654687,1774631933090744712,3169428,1774631933090722816,left,OFF,2.6,4.53
2026-03-27T17:18:53.107133+00:00,0.671075,1774631933107133312,3169444,1774631933106813952,left,OFF,5.1,8.75
2026-03-27T17:18:53.122450+00:00,0.686392,1774631933122450112,3169460,1774631933122837504,left,OFF,9.5,16.39
2026-03-27T17:18:53.139018+00:00,0.702960,1774631933139017712,3169476,1774631933138907392,left,OFF,17.7,29.14
2026-03-27T17:18:53.155516+00:00,0.719458,1774631933155516112,3169492,1774631933155013376,left,OFF,28.3,43.9
2026-03-27T17:18:53.170879+00:00,0.734821,1774631933170878812,3169508,1774631933171058688,left,OFF,37.8,55.77
2026-03-27T17:18:53.187316+00:00,0.751258,1774631933187315912,3169524,1774631933187135232,left,OFF,44.1,63.33
2026-03-27T17:18:53.202955+00:00,0.766897,1774631933202954812,3169540,1774631933203177472,left,OFF,45.8,65.43
2026-03-27T17:18:53.219261+00:00,0.783203,1774631933219260712,3169556,1774631933219239936,left,OFF,46.1,65.79
2026-03-27T17:18:53.237589+00:00,0.801531,1774631933237589012,3169572,1774631933235474944,left,OFF,46.6,66.31
2026-03-27T17:18:53.251054+00:00,0.814996,1774631933251054412,3169588,1774631933251504640,left,OFF,46.7,66.49
2026-03-27T17:18:53.267445+00:00,0.831387,1774631933267445212,3169604,1774631933267560448,left,OFF,46.7,66.49
2026-03-27T17:18:53.283828+00:00,0.847770,1774631933283828512,3169620,1774631933283639808,left,OFF,46.6,66.4
2026-03-27T17:18:53.299394+00:00,0.863336,1774631933299394112,3169636,1774631933299682816,left,OFF,46.7,66.49
2026-03-27T17:18:53.315774+00:00,0.879716,1774631933315774112,3169652,1774631933315749120,left,OFF,46.6,66.4
2026-03-27T17:18:53.331161+00:00,0.895104,1774631933331161612,3169668,1774631933331769088,left,OFF,46.6,66.31
2026-03-27T17:18:53.347561+00:00,0.911503,1774631933347561212,3169684,1774631933347814144,left,OFF,46.5,66.23
2026-03-27T17:18:53.364114+00:00,0.928056,1774631933364113812,3169700,1774631933363892736,left,OFF,46.3,66.05
2026-03-27T17:18:53.379507+00:00,0.943449,1774631933379506612,3169716,1774631933379926528,left,OFF,46.2,65.87
2026-03-27T17:18:53.395894+00:00,0.959836,1774631933395893912,3169732,1774631933395983104,left,OFF,46.0,65.7
2026-03-27T17:18:53.413555+00:00,0.977497,1774631933413554812,3169748,1774631933412140544,left,OFF,46.0,65.61
2026-03-27T17:18:53.429328+00:00,0.993270,1774631933429328312,3169764,1774631933428274688,left,OFF,45.8,65.43
2026-03-27T17:18:53.445012+00:00,1.008954,1774631933445011812,3169780,1774631933444382208,left,OFF,45.8,65.43
2026-03-27T17:18:53.464136+00:00,1.028078,1774631933464136312,3169796,1774631933460670720,left,OFF,45.8,65.43
2026-03-27T17:18:53.476131+00:00,1.040073,1774631933476130812,3169812,1774631933476715008,left,OFF,45.7,65.35
2026-03-27T17:18:53.492495+00:00,1.056436,1774631933492494512,3169828,1774631933492779264,left,OFF,45.6,65.17
2026-03-27T17:18:53.507962+00:00,1.071903,1774631933507961612,3169844,1774631933508825600,left,OFF,45.5,65.08
2026-03-27T17:18:53.524485+00:00,1.088426,1774631933524484512,3169860,1774631933524880128,left,OFF,45.5,65.0
2026-03-27T17:18:53.541047+00:00,1.104989,1774631933541047012,3169876,1774631933540973824,left,OFF,45.4,64.91
2026-03-27T17:18:53.556251+00:00,1.120193,1774631933556251312,3169892,1774631933556992768,left,OFF,45.2,64.73
2026-03-27T17:18:53.572698+00:00,1.136639,1774631933572697512,3169908,1774631933573055488,left,OFF,45.2,64.64
2026-03-27T17:18:53.588274+00:00,1.152216,1774631933588273612,3169924,1774631933589062912,left,OFF,45.1,64.56
2026-03-27T17:18:53.604593+00:00,1.168535,1774631933604593012,3169940,1774631933605112320,left,OFF,44.9,64.38
2026-03-27T17:18:53.621012+00:00,1.184954,1774631933621012312,3169956,1774631933621183488,left,OFF,44.8,64.2
2026-03-27T17:18:53.636421+00:00,1.200362,1774631933636420612,3169972,1774631933637193472,left,OFF,44.6,64.03
2026-03-27T17:18:53.653520+00:00,1.217461,1774631933653519612,3169988,1774631933653276160,left,OFF,44.6,63.94
2026-03-27T17:18:53.669756+00:00,1.233698,1774631933669756312,3170004,1774631933669386496,left,OFF,44.5,63.85
2026-03-27T17:18:53.685062+00:00,1.249004,1774631933685061912,3170020,1774631933685434368,left,OFF,44.4,63.76
2026-03-27T17:18:53.701336+00:00,1.265278,1774631933701336312,3170036,1774631933701500672,left,OFF,44.3,63.68
2026-03-27T17:18:53.716740+00:00,1.280682,1774631933716740012,3170052,1774631933717502464,left,OFF,44.3,63.68
2026-03-27T17:18:53.733062+00:00,1.297004,1774631933733061912,3170068,1774631933733538304,left,OFF,44.3,63.59
2026-03-27T17:18:53.749555+00:00,1.313497,1774631933749554612,3170084,1774631933749613056,left,OFF,44.2,63.5
2026-03-27T17:18:53.765022+00:00,1.328964,1774631933765021812,3170100,1774631933765626112,left,OFF,44.2,63.5
2026-03-27T17:18:53.781419+00:00,1.345360,1774631933781418512,3170116,1774631933781679872,left,OFF,44.1,63.41
2026-03-27T17:18:53.797780+00:00,1.361721,1774631933797779512,3170132,1774631933797760512,left,OFF,44.1,63.33
2026-03-27T17:18:53.813359+00:00,1.377301,1774631933813359112,3170148,1774631933813788928,left,OFF,44.0,63.24
2026-03-27T17:18:53.829734+00:00,1.393676,1774631933829734512,3170164,1774631933829847296,left,OFF,44.0,63.24
2026-03-27T17:18:53.845258+00:00,1.409199,1774631933845257412,3170180,1774631933845854464,left,OFF,44.0,63.24
2026-03-27T17:18:53.861482+00:00,1.425424,1774631933861481812,3170196,1774631933861888512,left,OFF,43.9,63.15
2026-03-27T17:18:53.879892+00:00,1.443834,1774631933879892312,3170212,1774631933878070784,left,OFF,43.8,63.06
2026-03-27T17:18:53.893878+00:00,1.457820,1774631933893877612,3170228,1774631933894109440,left,OFF,43.8,62.97
2026-03-27T17:18:53.912236+00:00,1.476178,1774631933912236212,3170244,1774631933910296832,left,OFF,43.7,62.89
2026-03-27T17:18:53.926442+00:00,1.490384,1774631933926441712,3170260,1774631933926377216,left,OFF,43.6,62.8
2026-03-27T17:18:53.941760+00:00,1.505701,1774631933941759412,3170276,1774631933942393600,left,OFF,43.6,62.8
2026-03-27T17:18:53.958150+00:00,1.522092,1774631933958149912,3170292,1774631933958442496,left,OFF,43.5,62.71
2026-03-27T17:18:53.973726+00:00,1.537667,1774631933973725412,3170308,1774631933974440192,left,OFF,43.5,62.71
2026-03-27T17:18:53.990145+00:00,1.554087,1774631933990145412,3170324,1774631933990470144,left,OFF,43.5,62.62
2026-03-27T17:18:54.006530+00:00,1.570472,1774631934006529612,3170340,1774631934006543872,left,OFF,43.5,62.62
2026-03-27T17:18:54.021940+00:00,1.585882,1774631934021939912,3170356,1774631934022562048,left,OFF,43.4,62.53
2026-03-27T17:18:54.038467+00:00,1.602409,1774631934038466812,3170372,1774631934038615808,left,OFF,43.3,62.45
2026-03-27T17:18:54.054881+00:00,1.618823,1774631934054880712,3170388,1774631934054692352,left,OFF,43.2,62.36
2026-03-27T17:18:54.070249+00:00,1.634191,1774631934070248812,3170404,1774631934070716928,left,OFF,43.2,62.36
2026-03-27T17:18:54.088541+00:00,1.652483,1774631934088540712,3170420,1774631934086884352,left,OFF,43.2,62.27
2026-03-27T17:18:54.103792+00:00,1.667734,1774631934103792312,3170436,1774631934102980608,left,OFF,43.1,62.18
2026-03-27T17:18:54.119843+00:00,1.683785,1774631934119843212,3170452,1774631934119087104,left,OFF,43.1,62.18
2026-03-27T17:18:54.135075+00:00,1.699017,1774631934135075112,3170468,1774631934135151360,left,OFF,43.1,62.18
2026-03-27T17:18:54.150604+00:00,1.714546,1774631934150604112,3170484,1774631934151159808,left,OFF,43.0,62.09
2026-03-27T17:18:54.166935+00:00,1.730877,1774631934166935212,3170500,1774631934167200256,left,OFF,43.0,62.09
2026-03-27T17:18:54.183355+00:00,1.747296,1774631934183354512,3170516,1774631934183276032,left,OFF,43.0,62.09
2026-03-27T17:18:54.198674+00:00,1.762616,1774631934198674312,3170532,1774631934199285248,left,OFF,42.9,62.01
2026-03-27T17:18:54.215316+00:00,1.779257,1774631934215315612,3170548,1774631934215341568,left,OFF,42.9,62.01
2026-03-27T17:18:54.230775+00:00,1.794716,1774631934230774512,3170564,1774631934231347968,left,OFF,42.9,61.92
2026-03-27T17:18:54.247055+00:00,1.810997,1774631934247055212,3170580,1774631934247375360,left,OFF,42.7,61.74
2026-03-27T17:18:54.263602+00:00,1.827544,1774631934263601812,3170596,1774631934263503360,left,OFF,42.6,61.57
2026-03-27T17:18:54.279011+00:00,1.842953,1774631934279011512,3170612,1774631934279513600,left,OFF,42.5,61.48
2026-03-27T17:18:54.295379+00:00,1.859321,1774631934295379312,3170628,1774631934295552512,left,OFF,42.5,61.48
2026-03-27T17:18:54.313242+00:00,1.877184,1774631934313241812,3170644,1774631934311711488,left,OFF,42.4,61.39
2026-03-27T17:18:54.328231+00:00,1.892173,1774631934328231212,3170660,1774631934327787520,left,OFF,42.4,61.39
2026-03-27T17:18:54.344404+00:00,1.908346,1774631934344404512,3170676,1774631934343878656,left,OFF,42.4,61.39
2026-03-27T17:18:54.359009+00:00,1.922951,1774631934359008812,3170692,1774631934359858944,left,OFF,42.4,61.39
2026-03-27T17:18:54.375599+00:00,1.939541,1774631934375599312,3170708,1774631934375882496,left,OFF,42.4,61.39
2026-03-27T17:18:54.392043+00:00,1.955985,1774631934392042712,3170724,1774631934391944192,left,OFF,42.4,61.39
2026-03-27T17:18:54.407367+00:00,1.971308,1774631934407366612,3170740,1774631934407940096,left,OFF,42.5,61.48
2026-03-27T17:18:54.423805+00:00,1.987746,1774631934423804312,3170756,1774631934423969280,left,OFF,42.4,61.39
2026-03-27T17:18:54.440322+00:00,2.004264,1774631934440322412,3170772,1774631934440076544,left,OFF,42.5,61.48
2026-03-27T17:18:54.455792+00:00,2.019734,1774631934455791612,3170788,1774631934456139776,left,OFF,42.4,61.39
2026-03-27T17:18:54.472198+00:00,2.036140,1774631934472198212,3170804,1774631934472214784,left,OFF,42.4,61.39
2026-03-27T17:18:54.487714+00:00,2.051656,1774631934487713712,3170820,1774631934488353280,left,OFF,42.4,61.39
2026-03-27T17:18:54.504015+00:00,2.067957,1774631934504015112,3170836,1774631934504385792,left,OFF,42.4,61.39
2026-03-27T17:18:54.521334+00:00,2.085276,1774631934521334312,3170852,1774631934520504320,left,OFF,42.4,61.39
2026-03-27T17:18:54.536255+00:00,2.100197,1774631934536254912,3170868,1774631934536533504,left,OFF,42.4,61.39
2026-03-27T17:18:54.552362+00:00,2.116304,1774631934552362012,3170884,1774631934552579072,left,OFF,42.4,61.39
2026-03-27T17:18:54.568804+00:00,2.132746,1774631934568804312,3170900,1774631934568663808,left,OFF,42.4,61.39
2026-03-27T17:18:54.584334+00:00,2.148276,1774631934584333712,3170916,1774631934584689664,left,OFF,42.4,61.39
2026-03-27T17:18:54.600678+00:00,2.164620,1774631934600678012,3170932,1774631934600744192,left,OFF,42.4,61.39
2026-03-27T17:18:54.616058+00:00,2.180000,1774631934616058112,3170948,1774631934616742144,left,OFF,42.5,61.48
2026-03-27T17:18:54.632408+00:00,2.196350,1774631934632408412,3170964,1774631934632765952,left,OFF,42.4,61.39
2026-03-27T17:18:54.649080+00:00,2.213022,1774631934649079712,3170980,1774631934648838400,left,OFF,42.4,61.39
2026-03-27T17:18:54.664357+00:00,2.228299,1774631934664357312,3170996,1774631934664842496,left,OFF,42.4,61.39
2026-03-27T17:18:54.680809+00:00,2.244751,1774631934680809312,3171012,1774631934680902912,left,OFF,42.4,61.3
2026-03-27T17:18:54.697324+00:00,2.261266,1774631934697323912,3171028,1774631934696997120,left,OFF,42.4,61.3
2026-03-27T17:18:54.712708+00:00,2.276650,1774631934712707912,3171044,1774631934713027072,left,OFF,42.4,61.3
2026-03-27T17:18:54.729107+00:00,2.293049,1774631934729106812,3171060,1774631934729084672,left,OFF,42.4,61.39
2026-03-27T17:18:54.744925+00:00,2.308867,1774631934744924912,3171076,1774631934745106944,left,OFF,42.4,61.3
2026-03-27T17:18:54.760988+00:00,2.324930,1774631934760988012,3171092,1774631934761137152,left,OFF,42.4,61.3
2026-03-27T17:18:54.777483+00:00,2.341424,1774631934777482512,3171108,1774631934777207040,left,OFF,42.4,61.3
2026-03-27T17:18:54.792923+00:00,2.356865,1774631934792923512,3171124,1774631934793220864,left,OFF,42.4,61.3
2026-03-27T17:18:54.809417+00:00,2.373359,1774631934809417412,3171140,1774631934809271552,left,OFF,42.4,61.3
2026-03-27T17:18:54.825877+00:00,2.389819,1774631934825877312,3171156,1774631934825355776,left,OFF,42.4,61.3
2026-03-27T17:18:54.841141+00:00,2.405083,1774631934841140812,3171172,1774631934841376000,left,OFF,42.3,61.22
2026-03-27T17:18:54.857788+00:00,2.421730,1774631934857788012,3171188,1774631934857442048,left,OFF,42.1,60.95
2026-03-27T17:18:54.873071+00:00,2.437013,1774631934873071312,3171204,1774631934873443584,left,OFF,41.8,60.6
2026-03-27T17:18:54.889555+00:00,2.453497,1774631934889555512,3171220,1774631934889476096,left,OFF,41.5,60.34
2026-03-27T17:18:54.906076+00:00,2.470018,1774631934906076512,3171236,1774631934905609984,left,OFF,41.4,60.16
2026-03-27T17:18:54.921484+00:00,2.485426,1774631934921483712,3171252,1774631934921641472,left,OFF,41.3,59.99
2026-03-27T17:18:54.937865+00:00,2.501806,1774631934937864412,3171268,1774631934937764864,left,OFF,41.1,59.81
2026-03-27T17:18:54.954340+00:00,2.518282,1774631934954340412,3171284,1774631934953858816,left,OFF,41.0,59.63
2026-03-27T17:18:54.969841+00:00,2.533783,1774631934969840712,3171300,1774631934969895168,left,OFF,40.9,59.55
2026-03-27T17:18:54.986249+00:00,2.550191,1774631934986249212,3171316,1774631934985963008,left,OFF,40.8,59.46
2026-03-27T17:18:55.001500+00:00,2.565442,1774631935001500512,3171332,1774631935001965824,left,OFF,40.7,59.37
2026-03-27T17:18:55.018034+00:00,2.581975,1774631935018033312,3171348,1774631935018008576,left,OFF,40.7,59.37
2026-03-27T17:18:55.034531+00:00,2.598472,1774631935034530512,3171364,1774631935034088704,left,OFF,40.7,59.28
2026-03-27T17:18:55.049932+00:00,2.613874,1774631935049932412,3171380,1774631935050107648,left,OFF,40.7,59.28
2026-03-27T17:18:55.066279+00:00,2.630221,1774631935066279412,3171396,1774631935066158592,left,OFF,40.6,59.19
2026-03-27T17:18:55.082886+00:00,2.646828,1774631935082885912,3171412,1774631935082253824,left,OFF,40.6,59.19
2026-03-27T17:18:55.098254+00:00,2.662196,1774631935098254212,3171428,1774631935098285312,left,OFF,40.6,59.19
2026-03-27T17:18:55.114728+00:00,2.678670,1774631935114728212,3171444,1774631935114411520,left,OFF,40.6,59.19
2026-03-27T17:18:55.130080+00:00,2.694022,1774631935130080212,3171460,1774631935130471680,left,OFF,40.6,59.19
2026-03-27T17:18:55.146694+00:00,2.710636,1774631935146693812,3171476,1774631935146567168,left,OFF,40.6,59.19
2026-03-27T17:18:55.163126+00:00,2.727068,1774631935163126512,3171492,1774631935162661376,left,OFF,40.6,59.19
2026-03-27T17:18:55.178396+00:00,2.742338,1774631935178395812,3171508,1774631935178690304,left,OFF,40.6,59.19
2026-03-27T17:18:55.194957+00:00,2.758900,1774631935194957612,3171524,1774631935194758656,left,OFF,40.6,59.19
2026-03-27T17:18:55.211394+00:00,2.775336,1774631935211393812,3171540,1774631935210860544,left,OFF,40.6,59.19
2026-03-27T17:18:55.226853+00:00,2.790795,1774631935226852812,3171556,1774631935226902528,left,OFF,40.6,59.19
2026-03-27T17:18:55.243193+00:00,2.807135,1774631935243193012,3171572,1774631935242979072,left,OFF,40.6,59.19
2026-03-27T17:18:55.258694+00:00,2.822636,1774631935258694112,3171588,1774631935259002624,left,OFF,40.6,59.19
2026-03-27T17:18:55.275030+00:00,2.838972,1774631935275029912,3171604,1774631935275050240,left,OFF,40.6,59.19
2026-03-27T17:18:55.291523+00:00,2.855465,1774631935291522812,3171620,1774631935291139072,left,OFF,40.6,59.19
2026-03-27T17:18:55.307267+00:00,2.871209,1774631935307267012,3171636,1774631935307187968,left,OFF,40.6,59.19
2026-03-27T17:18:55.323473+00:00,2.887415,1774631935323472912,3171652,1774631935323255040,left,OFF,40.6,59.19
2026-03-27T17:18:55.339779+00:00,2.903720,1774631935339778612,3171668,1774631935339393024,left,OFF,40.6,59.19
2026-03-27T17:18:55.355187+00:00,2.919129,1774631935355187012,3171684,1774631935355459584,left,OFF,40.6,59.19
2026-03-27T17:18:55.371839+00:00,2.935781,1774631935371839112,3171700,1774631935371567104,left,OFF,40.6,59.19
2026-03-27T17:18:55.387091+00:00,2.951033,1774631935387091312,3171716,1774631935387580672,left,OFF,40.6,59.19
2026-03-27T17:18:55.403472+00:00,2.967414,1774631935403471812,3171732,1774631935403629824,left,OFF,40.6,59.19
2026-03-27T17:18:55.420169+00:00,2.984111,1774631935420168812,3171748,1774631935419729664,left,OFF,40.6,59.19
2026-03-27T17:18:55.435492+00:00,2.999433,1774631935435491612,3171764,1774631935435761408,left,OFF,40.6,59.19
2026-03-27T17:18:55.451856+00:00,3.015798,1774631935451856212,3171780,1774631935451822592,left,OFF,40.7,59.28
2026-03-27T17:18:55.468225+00:00,3.032167,1774631935468224812,3171796,1774631935467917056,left,OFF,40.7,59.28
2026-03-27T17:18:55.483814+00:00,3.047756,1774631935483813612,3171812,1774631935483964160,left,OFF,40.7,59.28
2026-03-27T17:18:55.500149+00:00,3.064091,1774631935500148812,3171828,1774631935500038656,left,OFF,40.6,59.19
2026-03-27T17:18:55.515575+00:00,3.079517,1774631935515575212,3171844,1774631935516057088,left,OFF,40.7,59.28
2026-03-27T17:18:55.532073+00:00,3.096015,1774631935532072912,3171860,1774631935532110080,left,OFF,40.7,59.28
2026-03-27T17:18:55.548444+00:00,3.112386,1774631935548443912,3171876,1774631935548220928,left,OFF,40.7,59.37
2026-03-27T17:18:55.563825+00:00,3.127767,1774631935563824712,3171892,1774631935564255744,left,OFF,40.7,59.37
2026-03-27T17:18:55.580384+00:00,3.144325,1774631935580383612,3171908,1774631935580322816,left,OFF,40.7,59.28
2026-03-27T17:18:55.596950+00:00,3.160892,1774631935596950212,3171924,1774631935596432640,left,OFF,40.8,59.46
2026-03-27T17:18:55.612151+00:00,3.176093,1774631935612151212,3171940,1774631935612472832,left,OFF,40.9,59.55
2026-03-27T17:18:55.628580+00:00,3.192522,1774631935628579812,3171956,1774631935628544512,left,OFF,41.0,59.63
2026-03-27T17:18:55.644168+00:00,3.208110,1774631935644167912,3171972,1774631935644566016,left,OFF,41.1,59.81
2026-03-27T17:18:55.660523+00:00,3.224465,1774631935660523312,3171988,1774631935660614400,left,OFF,41.3,59.99
2026-03-27T17:18:55.676894+00:00,3.240836,1774631935676894312,3172004,1774631935676700416,left,OFF,41.5,60.25
2026-03-27T17:18:55.692464+00:00,3.256406,1774631935692463912,3172020,1774631935692731904,left,OFF,41.7,60.51
2026-03-27T17:18:55.708828+00:00,3.272770,1774631935708828312,3172036,1774631935708794112,left,OFF,42.1,61.04
2026-03-27T17:18:55.725239+00:00,3.289180,1774631935725238412,3172052,1774631935724891392,left,OFF,43.0,62.09
2026-03-27T17:18:55.740611+00:00,3.304553,1774631935740611212,3172068,1774631935740925440,left,OFF,43.6,62.8
2026-03-27T17:18:55.757216+00:00,3.321158,1774631935757215812,3172084,1774631935757003520,left,OFF,44.1,63.33
2026-03-27T17:18:55.772569+00:00,3.336511,1774631935772569312,3172100,1774631935773030400,left,OFF,44.5,63.85
2026-03-27T17:18:55.789004+00:00,3.352946,1774631935789004212,3172116,1774631935789080576,left,OFF,45.2,64.64
2026-03-27T17:18:55.805386+00:00,3.369328,1774631935805386312,3172132,1774631935805163520,left,OFF,45.7,65.26
2026-03-27T17:18:55.820976+00:00,3.384917,1774631935820975512,3172148,1774631935821198592,left,OFF,46.0,65.61
2026-03-27T17:18:55.837278+00:00,3.401219,1774631935837277612,3172164,1774631935837261568,left,OFF,46.3,65.96
2026-03-27T17:18:55.853710+00:00,3.417652,1774631935853709712,3172180,1774631935853359616,left,OFF,46.5,66.23
2026-03-27T17:18:55.869238+00:00,3.433180,1774631935869237912,3172196,1774631935869400576,left,OFF,46.8,66.58
2026-03-27T17:18:55.885804+00:00,3.449746,1774631935885804412,3172212,1774631935885490432,left,OFF,47.0,66.84
2026-03-27T17:18:55.901036+00:00,3.464977,1774631935901035612,3172228,1774631935901504768,left,OFF,47.1,67.02
2026-03-27T17:18:55.917595+00:00,3.481537,1774631935917595312,3172244,1774631935917563136,left,OFF,47.4,67.37
2026-03-27T17:18:55.934042+00:00,3.497984,1774631935934042012,3172260,1774631935933659136,left,OFF,47.7,67.72
2026-03-27T17:18:55.949337+00:00,3.513279,1774631935949337212,3172276,1774631935949687808,left,OFF,48.0,68.07
2026-03-27T17:18:55.965719+00:00,3.529661,1774631935965719412,3172292,1774631935965745920,left,OFF,48.1,68.16
2026-03-27T17:18:55.982264+00:00,3.546206,1774631935982263812,3172308,1774631935981846784,left,OFF,48.3,68.33
2026-03-27T17:18:55.997697+00:00,3.561639,1774631935997697312,3172324,1774631935997891840,left,OFF,48.4,68.51
2026-03-27T17:18:56.014080+00:00,3.578022,1774631936014079612,3172340,1774631936013967360,left,OFF,48.7,68.86
2026-03-27T17:18:56.029696+00:00,3.593638,1774631936029696612,3172356,1774631936029990656,left,OFF,48.9,69.13
2026-03-27T17:18:56.046064+00:00,3.610006,1774631936046064212,3172372,1774631936046046976,left,OFF,49.0,69.21
2026-03-27T17:18:56.062445+00:00,3.626387,1774631936062445212,3172388,1774631936062136064,left,OFF,49.1,69.3
2026-03-27T17:18:56.078365+00:00,3.642307,1774631936078365112,3172404,1774631936078196224,left,OFF,49.2,69.48
2026-03-27T17:18:56.094383+00:00,3.658325,1774631936094383112,3172420,1774631936094261760,left,OFF,49.4,69.65
2026-03-27T17:18:56.110788+00:00,3.674730,1774631936110788412,3172436,1774631936110365184,left,OFF,49.5,69.83
2026-03-27T17:18:56.126096+00:00,3.690038,1774631936126095812,3172452,1774631936126400768,left,OFF,49.7,70.0
2026-03-27T17:18:56.142691+00:00,3.706633,1774631936142691212,3172468,1774631936142482176,left,OFF,50.0,70.44
2026-03-27T17:18:56.158081+00:00,3.722023,1774631936158080912,3172484,1774631936158500352,left,OFF,50.4,70.88
2026-03-27T17:18:56.174449+00:00,3.738391,1774631936174449512,3172500,1774631936174554368,left,OFF,50.5,71.06
2026-03-27T17:18:56.191051+00:00,3.754993,1774631936191051412,3172516,1774631936190653184,left,OFF,50.7,71.24
2026-03-27T17:18:56.206386+00:00,3.770328,1774631936206385612,3172532,1774631936206682880,left,OFF,50.8,71.41
2026-03-27T17:18:56.222772+00:00,3.786713,1774631936222771612,3172548,1774631936222747904,left,OFF,51.1,71.76
2026-03-27T17:18:56.239312+00:00,3.803254,1774631936239311912,3172564,1774631936238854400,left,OFF,51.4,72.11
2026-03-27T17:18:56.254692+00:00,3.818633,1774631936254691512,3172580,1774631936254899968,left,OFF,51.7,72.55
2026-03-27T17:18:56.271157+00:00,3.835099,1774631936271157112,3172596,1774631936270979328,left,OFF,52.1,73.08
2026-03-27T17:18:56.286630+00:00,3.850572,1774631936286629912,3172612,1774631936287005184,left,OFF,52.6,73.7
2026-03-27T17:18:56.303047+00:00,3.866989,1774631936303046712,3172628,1774631936303061248,left,OFF,53.0,74.14
2026-03-27T17:18:56.319368+00:00,3.883310,1774631936319368212,3172644,1774631936319146496,left,OFF,53.3,74.58
2026-03-27T17:18:56.334874+00:00,3.898816,1774631936334874012,3172660,1774631936335187968,left,OFF,53.7,75.01
2026-03-27T17:18:56.351336+00:00,3.915278,1774631936351335612,3172676,1774631936351259136,left,OFF,54.0,75.37
2026-03-27T17:18:56.367718+00:00,3.931660,1774631936367717912,3172692,1774631936367357440,left,OFF,54.4,75.89
2026-03-27T17:18:56.383075+00:00,3.947017,1774631936383075412,3172708,1774631936383392512,left,OFF,54.5,75.98
2026-03-27T17:18:56.399608+00:00,3.963550,1774631936399607612,3172724,1774631936399474432,left,OFF,54.6,76.16
2026-03-27T17:18:56.414968+00:00,3.978910,1774631936414968012,3172740,1774631936415489024,left,OFF,54.6,76.16
2026-03-27T17:18:56.431416+00:00,3.995357,1774631936431415612,3172756,1774631936431536896,left,OFF,54.6,76.16
2026-03-27T17:18:56.448196+00:00,4.012137,1774631936448195512,3172772,1774631936447648512,left,OFF,54.5,76.07
2026-03-27T17:18:56.463355+00:00,4.027297,1774631936463355012,3172788,1774631936463681792,left,OFF,54.5,75.98
2026-03-27T17:18:56.480344+00:00,4.044286,1774631936480344312,3172804,1774631936479781632,left,OFF,54.0,75.45
2026-03-27T17:18:56.496740+00:00,4.060682,1774631936496740312,3172820,1774631936495910400,left,OFF,52.6,73.61
2026-03-27T17:18:56.512867+00:00,4.076809,1774631936512867412,3172836,1774631936512027648,left,OFF,50.8,71.41
2026-03-27T17:18:56.528575+00:00,4.092517,1774631936528575412,3172852,1774631936528130304,left,OFF,48.0,67.98
2026-03-27T17:18:56.543454+00:00,4.107396,1774631936543453712,3172868,1774631936544140032,left,OFF,44.5,63.85
2026-03-27T17:18:56.560389+00:00,4.124330,1774631936560388512,3172884,1774631936560216832,left,OFF,40.1,58.58
2026-03-27T17:18:56.576389+00:00,4.140331,1774631936576388612,3172900,1774631936576299008,left,OFF,35.1,52.43
2026-03-27T17:18:56.592164+00:00,4.156106,1774631936592164412,3172916,1774631936592342528,left,OFF,29.6,45.66
2026-03-27T17:18:56.608519+00:00,4.172461,1774631936608519112,3172932,1774631936608419072,left,OFF,23.7,37.75
2026-03-27T17:18:56.624826+00:00,4.188768,1774631936624826312,3172948,1774631936624525824,left,OFF,18.4,30.28
2026-03-27T17:18:56.640396+00:00,4.204338,1774631936640396412,3172964,1774631936640576000,left,OFF,15.6,25.88
2026-03-27T17:18:56.656902+00:00,4.220844,1774631936656902312,3172980,1774631936656664064,left,OFF,13.8,23.07
2026-03-27T17:18:56.672275+00:00,4.236217,1774631936672274912,3172996,1774631936672694784,left,OFF,12.0,20.43
2026-03-27T17:18:56.688793+00:00,4.252735,1774631936688793412,3173012,1774631936688762368,left,OFF,10.8,18.5
2026-03-27T17:18:56.705136+00:00,4.269078,1774631936705136112,3173028,1774631936704856320,left,OFF,9.7,16.83
2026-03-27T17:18:56.720639+00:00,4.284581,1774631936720639012,3173044,1774631936720900608,left,OFF,8.9,15.34
2026-03-27T17:18:56.737120+00:00,4.301062,1774631936737120012,3173060,1774631936736979456,left,OFF,8.8,15.25
2026-03-27T17:18:56.754797+00:00,4.318739,1774631936754797012,3173076,1774631936753167360,left,OFF,8.5,14.63
2026-03-27T17:18:56.768615+00:00,4.332557,1774631936768615212,3173092,1774631936769193984,left,OFF,8.2,14.19
2026-03-27T17:18:56.785435+00:00,4.349377,1774631936785434712,3173108,1774631936785284352,left,OFF,8.1,14.02
2026-03-27T17:18:56.800723+00:00,4.364665,1774631936800723012,3173124,1774631936801304832,left,OFF,8.0,13.84
2026-03-27T17:18:56.816909+00:00,4.380851,1774631936816909012,3173140,1774631936817344000,left,OFF,8.0,13.75
2026-03-27T17:18:56.833647+00:00,4.397589,1774631936833646912,3173156,1774631936833434880,left,OFF,7.9,13.58
2026-03-27T17:18:56.848868+00:00,4.412810,1774631936848868412,3173172,1774631936849458944,left,OFF,7.8,13.49
2026-03-27T17:18:56.865170+00:00,4.429111,1774631936865169412,3173188,1774631936865505536,left,OFF,7.7,13.32
2026-03-27T17:18:56.881804+00:00,4.445746,1774631936881804212,3173204,1774631936881598464,left,OFF,7.7,13.23
2026-03-27T17:18:56.897113+00:00,4.461055,1774631936897113212,3173220,1774631936897628672,left,OFF,7.7,13.23
2026-03-27T17:18:56.913624+00:00,4.477566,1774631936913623812,3173236,1774631936913702144,left,OFF,7.7,13.23
2026-03-27T17:18:56.928925+00:00,4.492866,1774631936928924612,3173252,1774631936929703424,left,OFF,7.7,13.23
2026-03-27T17:18:56.945441+00:00,4.509382,1774631936945440512,3173268,1774631936945748224,left,OFF,7.7,13.23
2026-03-27T17:18:56.961860+00:00,4.525802,1774631936961860112,3173284,1774631936961826816,left,OFF,7.7,13.23
2026-03-27T17:18:56.978114+00:00,4.542056,1774631936978114212,3173300,1774631936977893376,left,OFF,7.6,13.14
2026-03-27T17:18:56.993787+00:00,4.557729,1774631936993787312,3173316,1774631936993945344,left,OFF,7.6,13.14
2026-03-27T17:18:57.010205+00:00,4.574147,1774631937010204612,3173332,1774631937010033664,left,OFF,7.7,13.23
2026-03-27T17:18:57.025641+00:00,4.589582,1774631937025640612,3173348,1774631937026064128,left,OFF,7.7,13.23
2026-03-27T17:18:57.042041+00:00,4.605983,1774631937042040812,3173364,1774631937042125312,left,OFF,7.7,13.23
2026-03-27T17:18:57.058015+00:00,4.621957,1774631937058015112,3173380,1774631937058167552,left,OFF,7.7,13.23
2026-03-27T17:18:57.073957+00:00,4.637899,1774631937073956812,3173396,1774631937074211328,left,OFF,7.7,13.23
2026-03-27T17:18:57.090266+00:00,4.654208,1774631937090266112,3173412,1774631937090280192,left,OFF,7.7,13.23
2026-03-27T17:18:57.105917+00:00,4.669859,1774631937105917412,3173428,1774631937106319616,left,OFF,7.7,13.23
2026-03-27T17:18:57.122248+00:00,4.686190,1774631937122248412,3173444,1774631937122374912,left,OFF,7.7,13.23
2026-03-27T17:18:57.138722+00:00,4.702664,1774631937138721712,3173460,1774631937138466304,left,OFF,7.7,13.23
2026-03-27T17:18:57.154412+00:00,4.718354,1774631937154412112,3173476,1774631937154511360,left,OFF,7.7,13.32
2026-03-27T17:18:57.170521+00:00,4.734463,1774631937170520712,3173492,1774631937170575360,left,OFF,7.7,13.32
2026-03-27T17:18:57.186792+00:00,4.750734,1774631937186792012,3173508,1774631937186631168,left,OFF,7.7,13.32
2026-03-27T17:18:57.202317+00:00,4.766259,1774631937202316912,3173524,1774631937202662912,left,OFF,7.7,13.32
2026-03-27T17:18:57.218858+00:00,4.782800,1774631937218858312,3173540,1774631937218740992,left,OFF,7.7,13.32
2026-03-27T17:18:57.234249+00:00,4.798191,1774631937234248712,3173556,1774631937234755584,left,OFF,7.7,13.32
2026-03-27T17:18:57.250843+00:00,4.814785,1774631937250843312,3173572,1774631937250812672,left,OFF,7.7,13.23
2026-03-27T17:18:57.267199+00:00,4.831141,1774631937267198812,3173588,1774631937266902784,left,OFF,7.7,13.32
2026-03-27T17:18:57.282648+00:00,4.846590,1774631937282647912,3173604,1774631937282934016,left,OFF,7.8,13.4
2026-03-27T17:18:57.299017+00:00,4.862959,1774631937299016612,3173620,1774631937298996736,left,OFF,7.8,13.49
2026-03-27T17:18:57.314488+00:00,4.878430,1774631937314488012,3173636,1774631937315005184,left,OFF,7.8,13.4
2026-03-27T17:18:57.330936+00:00,4.894878,1774631937330936112,3173652,1774631937331048448,left,OFF,7.8,13.4
2026-03-27T17:18:57.347365+00:00,4.911307,1774631937347364912,3173668,1774631937347122176,left,OFF,7.8,13.4
2026-03-27T17:18:57.363103+00:00,4.927046,1774631937363103612,3173684,1774631937363159040,left,OFF,7.8,13.4
2026-03-27T17:18:57.379297+00:00,4.943239,1774631937379297312,3173700,1774631937379215616,left,OFF,7.8,13.4
2026-03-27T17:18:57.396913+00:00,4.960855,1774631937396913512,3173716,1774631937395377408,left,OFF,7.8,13.4
2026-03-27T17:18:57.411087+00:00,4.975029,1774631937411087012,3173732,1774631937411399936,left,OFF,7.8,13.49
2026-03-27T17:18:57.427485+00:00,4.991426,1774631937427484512,3173748,1774631937427457792,left,OFF,7.8,13.4
2026-03-27T17:18:57.443274+00:00,5.007216,1774631937443273712,3173764,1774631937443476992,left,OFF,7.8,13.4
2026-03-27T17:18:57.459442+00:00,5.023384,1774631937459442012,3173780,1774631937459514624,left,OFF,7.8,13.49
2026-03-27T17:18:57.475848+00:00,5.039790,1774631937475848112,3173796,1774631937475595264,left,OFF,7.8,13.4
2026-03-27T17:18:57.491579+00:00,5.055521,1774631937491579312,3173812,1774631937491628032,left,OFF,7.8,13.4
2026-03-27T17:18:57.507845+00:00,5.071787,1774631937507845112,3173828,1774631937507701760,left,OFF,7.8,13.4
2026-03-27T17:18:57.524174+00:00,5.088116,1774631937524173712,3173844,1774631937523802880,left,OFF,7.8,13.4
2026-03-27T17:18:57.539717+00:00,5.103659,1774631937539717112,3173860,1774631937539875584,left,OFF,7.8,13.4
2026-03-27T17:18:57.556178+00:00,5.120120,1774631937556177912,3173876,1774631937555962624,left,OFF,7.8,13.4
2026-03-27T17:18:57.571589+00:00,5.135530,1774631937571588612,3173892,1774631937571973888,left,OFF,7.8,13.49
2026-03-27T17:18:57.589514+00:00,5.153455,1774631937589513612,3173908,1774631937588125440,left,OFF,7.8,13.4
2026-03-27T17:18:57.604949+00:00,5.168891,1774631937604948712,3173924,1774631937604235520,left,OFF,7.8,13.49
2026-03-27T17:18:57.621203+00:00,5.185145,1774631937621202812,3173940,1774631937620347392,left,OFF,7.8,13.4
2026-03-27T17:18:57.636245+00:00,5.200187,1774631937636245412,3173956,1774631937636404736,left,OFF,7.8,13.49
2026-03-27T17:18:57.652774+00:00,5.216716,1774631937652774312,3173972,1774631937652498176,left,OFF,7.8,13.49
2026-03-27T17:18:57.668126+00:00,5.232068,1774631937668126012,3173988,1774631937668533504,left,OFF,7.8,13.49
2026-03-27T17:18:57.684550+00:00,5.248492,1774631937684550412,3174004,1774631937684604672,left,OFF,7.8,13.49
2026-03-27T17:18:57.699996+00:00,5.263938,1774631937699996312,3174020,1774631937700617216,left,OFF,7.8,13.49
2026-03-27T17:18:57.716475+00:00,5.280417,1774631937716475512,3174036,1774631937716670208,left,OFF,7.8,13.49
2026-03-27T17:18:57.732821+00:00,5.296763,1774631937732821512,3174052,1774631937732749312,left,OFF,7.8,13.49
2026-03-27T17:18:57.748360+00:00,5.312302,1774631937748360412,3174068,1774631937748779776,left,OFF,7.9,13.58
2026-03-27T17:18:57.764767+00:00,5.328709,1774631937764766812,3174084,1774631937764844544,left,OFF,7.8,13.49
2026-03-27T17:18:57.781214+00:00,5.345156,1774631937781213712,3174100,1774631937780983552,left,OFF,7.8,13.49
2026-03-27T17:18:57.796505+00:00,5.360447,1774631937796505312,3174116,1774631937797007872,left,OFF,7.8,13.49
2026-03-27T17:18:57.815952+00:00,5.379894,1774631937815952412,3174132,1774631937813262592,left,OFF,7.8,13.49
2026-03-27T17:18:57.829118+00:00,5.393059,1774631937829117612,3174148,1774631937829312768,left,OFF,7.8,13.49
2026-03-27T17:18:57.845098+00:00,5.409040,1774631937845098312,3174164,1774631937845361152,left,OFF,7.8,13.49
2026-03-27T17:18:57.861414+00:00,5.425356,1774631937861413712,3174180,1774631937861445632,left,OFF,7.8,13.49
2026-03-27T17:18:57.876727+00:00,5.440669,1774631937876727012,3174196,1774631937877458688,left,OFF,7.8,13.49
2026-03-27T17:18:57.893351+00:00,5.457293,1774631937893351112,3174212,1774631937893513472,left,OFF,7.8,13.49
2026-03-27T17:18:57.909734+00:00,5.473675,1774631937909733612,3174228,1774631937909605376,left,OFF,7.8,13.49
2026-03-27T17:18:57.925125+00:00,5.489067,1774631937925124812,3174244,1774631937925633024,left,OFF,7.8,13.49
2026-03-27T17:18:57.941705+00:00,5.505647,1774631937941704912,3174260,1774631937941706240,left,OFF,7.8,13.49
2026-03-27T17:18:57.957027+00:00,5.520969,1774631937957027212,3174276,1774631937957710336,left,OFF,7.8,13.4
2026-03-27T17:18:57.973384+00:00,5.537326,1774631937973384412,3174292,1774631937973746432,left,OFF,7.8,13.49
2026-03-27T17:18:57.989955+00:00,5.553897,1774631937989955112,3174308,1774631937989824768,left,OFF,7.8,13.49
2026-03-27T17:18:58.005388+00:00,5.569329,1774631938005387512,3174324,1774631938005870592,left,OFF,7.8,13.49
2026-03-27T17:18:58.022872+00:00,5.586814,1774631938022872112,3174340,1774631938021991936,left,OFF,7.8,13.49
2026-03-27T17:18:58.040707+00:00,5.604649,1774631938040706812,3174356,1774631938038231040,left,OFF,7.8,13.49
2026-03-27T17:18:58.054856+00:00,5.618798,1774631938054856112,3174372,1774631938054330112,left,OFF,7.8,13.49
2026-03-27T17:18:58.070141+00:00,5.634083,1774631938070141012,3174388,1774631938070390784,left,OFF,7.9,13.58
2026-03-27T17:18:58.085403+00:00,5.649345,1774631938085402912,3174404,1774631938086399488,left,OFF,7.9,13.58
2026-03-27T17:18:58.101958+00:00,5.665899,1774631938101957512,3174420,1774631938102435072,left,OFF,7.9,13.58
2026-03-27T17:18:58.118374+00:00,5.682316,1774631938118373812,3174436,1774631938118500352,left,OFF,7.9,13.67
2026-03-27T17:18:58.133746+00:00,5.697688,1774631938133746412,3174452,1774631938134510336,left,OFF,7.9,13.67
2026-03-27T17:18:58.150298+00:00,5.714240,1774631938150297912,3174468,1774631938150558976,left,OFF,7.9,13.67
2026-03-27T17:18:58.166680+00:00,5.730622,1774631938166680412,3174484,1774631938166639616,left,OFF,7.9,13.67
2026-03-27T17:18:58.182077+00:00,5.746019,1774631938182076812,3174500,1774631938182668544,left,OFF,7.9,13.67
2026-03-27T17:18:58.198609+00:00,5.762551,1774631938198609012,3174516,1774631938198727424,left,OFF,7.9,13.67
2026-03-27T17:18:58.213956+00:00,5.777898,1774631938213956112,3174532,1774631938214749440,left,OFF,7.9,13.67
2026-03-27T17:18:58.230359+00:00,5.794301,1774631938230359412,3174548,1774631938230776576,left,OFF,7.9,13.67
2026-03-27T17:18:58.246947+00:00,5.810888,1774631938246946512,3174564,1774631938246850560,left,OFF,7.9,13.67
2026-03-27T17:18:58.264733+00:00,5.828675,1774631938264733212,3174580,1774631938263009024,left,OFF,7.9,13.67
2026-03-27T17:18:58.280077+00:00,5.844019,1774631938280076912,3174596,1774631938279136000,left,OFF,7.9,13.67
2026-03-27T17:18:58.296147+00:00,5.860089,1774631938296147212,3174612,1774631938295271424,left,OFF,7.9,13.67
2026-03-27T17:18:58.310626+00:00,5.874568,1774631938310625812,3174628,1774631938311289600,left,OFF,7.9,13.67
2026-03-27T17:18:58.327048+00:00,5.890990,1774631938327048012,3174644,1774631938327339008,left,OFF,7.9,13.67
2026-03-27T17:18:58.342378+00:00,5.906320,1774631938342377712,3174660,1774631938343325184,left,OFF,7.9,13.67
2026-03-27T17:18:58.358956+00:00,5.922897,1774631938358955512,3174676,1774631938359355136,left,OFF,7.9,13.67
2026-03-27T17:18:58.375383+00:00,5.939325,1774631938375383412,3174692,1774631938375418624,left,OFF,7.9,13.67
2026-03-27T17:18:58.390723+00:00,5.954665,1774631938390723112,3174708,1774631938391428096,left,OFF,7.9,13.67
2026-03-27T17:18:58.407210+00:00,5.971152,1774631938407210312,3174724,1774631938407468032,left,OFF,7.9,13.67
2026-03-27T17:18:58.423667+00:00,5.987609,1774631938423666812,3174740,1774631938423580928,left,OFF,7.9,13.67
2026-03-27T17:18:58.438973+00:00,6.002915,1774631938438972712,3174756,1774631938439590144,left,OFF,7.9,13.67
2026-03-27T17:18:58.455581+00:00,6.019523,1774631938455580812,3174772,1774631938455643392,left,OFF,7.9,13.67
2026-03-27T17:18:58.470936+00:00,6.034878,1774631938470936212,3174788,1774631938471644672,left,OFF,7.9,13.67
2026-03-27T17:18:58.489050+00:00,6.052992,1774631938489050112,3174804,1774631938487775232,left,OFF,7.9,13.67
2026-03-27T17:18:58.504530+00:00,6.068472,1774631938504530012,3174820,1774631938503878656,left,OFF,7.9,13.67
2026-03-27T17:18:58.520230+00:00,6.084172,1774631938520230212,3174836,1774631938519948288,left,OFF,7.9,13.58
2026-03-27T17:18:58.535596+00:00,6.099538,1774631938535596412,3174852,1774631938535981056,left,OFF,7.9,13.58
2026-03-27T17:18:58.552605+00:00,6.116547,1774631938552605412,3174868,1774631938552080128,left,OFF,7.9,13.58
2026-03-27T17:18:58.567603+00:00,6.131545,1774631938567603512,3174884,1774631938568097536,left,OFF,7.8,13.49
2026-03-27T17:18:58.583991+00:00,6.147933,1774631938583991112,3174900,1774631938584147456,left,OFF,7.8,13.49
2026-03-27T17:18:58.599520+00:00,6.163462,1774631938599520212,3174916,1774631938600144640,left,OFF,7.8,13.49
2026-03-27T17:18:58.615818+00:00,6.179760,1774631938615817712,3174932,1774631938616214272,left,OFF,7.8,13.49
2026-03-27T17:18:58.632250+00:00,6.196192,1774631938632249712,3174948,1774631938632289280,left,OFF,7.8,13.4
2026-03-27T17:18:58.647838+00:00,6.211780,1774631938647838112,3174964,1774631938648342784,left,OFF,7.8,13.4
2026-03-27T17:18:58.664206+00:00,6.228148,1774631938664205912,3174980,1774631938664384768,left,OFF,7.8,13.4
2026-03-27T17:18:58.680578+00:00,6.244520,1774631938680578012,3174996,1774631938680460032,left,OFF,7.8,13.4
2026-03-27T17:18:58.696664+00:00,6.260606,1774631938696663812,3175012,1774631938696515072,left,OFF,7.7,13.32
2026-03-27T17:18:58.712600+00:00,6.276542,1774631938712600112,3175028,1774631938712573184,left,OFF,7.8,13.4
2026-03-27T17:18:58.728174+00:00,6.292116,1774631938728174212,3175044,1774631938728581632,left,OFF,7.8,13.4
2026-03-27T17:18:58.744260+00:00,6.308202,1774631938744259712,3175060,1774631938744604416,left,OFF,7.8,13.4
2026-03-27T17:18:58.760862+00:00,6.324803,1774631938760861612,3175076,1774631938760669440,left,OFF,7.8,13.4
2026-03-27T17:18:58.776168+00:00,6.340110,1774631938776168112,3175092,1774631938776671744,left,OFF,7.8,13.4
2026-03-27T17:18:58.792636+00:00,6.356578,1774631938792636212,3175108,1774631938792709888,left,OFF,7.7,13.32
2026-03-27T17:18:58.809152+00:00,6.373094,1774631938809151912,3175124,1774631938808787968,left,OFF,7.8,13.4
2026-03-27T17:18:58.824932+00:00,6.388874,1774631938824932012,3175140,1774631938824824832,left,OFF,7.8,13.4
2026-03-27T17:18:58.841154+00:00,6.405096,1774631938841154312,3175156,1774631938840976640,left,OFF,7.8,13.4
2026-03-27T17:18:58.856503+00:00,6.420445,1774631938856503412,3175172,1774631938856998144,left,OFF,7.8,13.4
2026-03-27T17:18:58.872853+00:00,6.436794,1774631938872852512,3175188,1774631938873035520,left,OFF,7.8,13.4
2026-03-27T17:18:58.889301+00:00,6.453243,1774631938889301012,3175204,1774631938889104896,left,OFF,7.8,13.4
2026-03-27T17:18:58.904792+00:00,6.468734,1774631938904791712,3175220,1774631938905115904,left,OFF,7.8,13.4
2026-03-27T17:18:58.921170+00:00,6.485112,1774631938921169912,3175236,1774631938921163776,left,OFF,7.8,13.4
2026-03-27T17:18:58.937620+00:00,6.501562,1774631938937619912,3175252,1774631938937245696,left,OFF,7.8,13.4
2026-03-27T17:18:58.953192+00:00,6.517133,1774631938953191412,3175268,1774631938953276672,left,OFF,7.8,13.4
2026-03-27T17:18:58.969529+00:00,6.533471,1774631938969529312,3175284,1774631938969340672,left,OFF,7.8,13.49
2026-03-27T17:18:58.984888+00:00,6.548830,1774631938984887812,3175300,1774631938985338368,left,OFF,7.8,13.4
2026-03-27T17:18:59.001316+00:00,6.565257,1774631939001315512,3175316,1774631939001368064,left,OFF,7.8,13.49
2026-03-27T17:18:59.017936+00:00,6.581878,1774631939017936212,3175332,1774631939017447936,left,OFF,7.8,13.49
2026-03-27T17:18:59.033236+00:00,6.597177,1774631939033235412,3175348,1774631939033461504,left,OFF,7.8,13.49
2026-03-27T17:18:59.049670+00:00,6.613612,1774631939049669912,3175364,1774631939049542400,left,OFF,7.8,13.49
2026-03-27T17:18:59.066242+00:00,6.630184,1774631939066242512,3175380,1774631939065711616,left,OFF,7.8,13.49
2026-03-27T17:18:59.081520+00:00,6.645461,1774631939081519612,3175396,1774631939081776384,left,OFF,7.8,13.49
2026-03-27T17:18:59.097934+00:00,6.661876,1774631939097933812,3175412,1774631939097840384,left,OFF,7.9,13.58
2026-03-27T17:18:59.113427+00:00,6.677369,1774631939113426912,3175428,1774631939113845248,left,OFF,7.8,13.49
2026-03-27T17:18:59.129881+00:00,6.693823,1774631939129880812,3175444,1774631939129889024,left,OFF,7.8,13.49
2026-03-27T17:18:59.146342+00:00,6.710284,1774631939146341712,3175460,1774631939145968128,left,OFF,7.8,13.49
2026-03-27T17:18:59.161720+00:00,6.725662,1774631939161719612,3175476,1774631939161984256,left,OFF,7.8,13.49
2026-03-27T17:18:59.178167+00:00,6.742109,1774631939178166812,3175492,1774631939178039040,left,OFF,7.9,13.58
2026-03-27T17:18:59.194647+00:00,6.758589,1774631939194646612,3175508,1774631939194129664,left,OFF,7.8,13.49
2026-03-27T17:18:59.209987+00:00,6.773929,1774631939209986912,3175524,1774631939210155008,left,OFF,7.9,13.58
2026-03-27T17:18:59.226583+00:00,6.790525,1774631939226582812,3175540,1774631939226227968,left,OFF,7.8,13.49
2026-03-27T17:18:59.241919+00:00,6.805860,1774631939241918512,3175556,1774631939242234368,left,OFF,7.8,13.49
2026-03-27T17:18:59.258368+00:00,6.822309,1774631939258367512,3175572,1774631939258275072,left,OFF,7.9,13.58
2026-03-27T17:18:59.274868+00:00,6.838810,1774631939274868012,3175588,1774631939274358784,left,OFF,7.9,13.58
2026-03-27T17:18:59.290298+00:00,6.854240,1774631939290297712,3175604,1774631939290457600,left,OFF,7.9,13.67
2026-03-27T17:18:59.306611+00:00,6.870553,1774631939306610912,3175620,1774631939306553088,left,OFF,7.9,13.58
2026-03-27T17:18:59.323026+00:00,6.886968,1774631939323026212,3175636,1774631939322672640,left,OFF,7.9,13.58
2026-03-27T17:18:59.338585+00:00,6.902527,1774631939338584712,3175652,1774631939338713088,left,OFF,7.9,13.58
2026-03-27T17:18:59.354940+00:00,6.918882,1774631939354939912,3175668,1774631939354782976,left,OFF,7.9,13.58
2026-03-27T17:18:59.370601+00:00,6.934543,1774631939370600712,3175684,1774631939370805760,left,OFF,7.9,13.58
2026-03-27T17:18:59.386871+00:00,6.950813,1774631939386871312,3175700,1774631939386856704,left,OFF,7.9,13.58
2026-03-27T17:18:59.403339+00:00,6.967281,1774631939403338712,3175716,1774631939402944000,left,OFF,7.9,13.58
2026-03-27T17:18:59.418681+00:00,6.982623,1774631939418680912,3175732,1774631939418964736,left,OFF,7.9,13.58
2026-03-27T17:18:59.435268+00:00,6.999210,1774631939435268212,3175748,1774631939435031040,left,OFF,7.9,13.67
2026-03-27T17:18:59.451688+00:00,7.015630,1774631939451688112,3175764,1774631939451131392,left,OFF,7.9,13.58
2026-03-27T17:18:59.467022+00:00,7.030964,1774631939467022212,3175780,1774631939467163648,left,OFF,7.9,13.67
2026-03-27T17:18:59.483412+00:00,7.047354,1774631939483411712,3175796,1774631939483232512,left,OFF,7.9,13.67
2026-03-27T17:18:59.498959+00:00,7.062901,1774631939498959012,3175812,1774631939499248128,left,OFF,7.9,13.67
2026-03-27T17:18:59.515379+00:00,7.079321,1774631939515378912,3175828,1774631939515349760,left,OFF,7.9,13.67
2026-03-27T17:18:59.531755+00:00,7.095697,1774631939531754812,3175844,1774631939531454720,left,OFF,7.9,13.67
2026-03-27T17:18:59.547319+00:00,7.111261,1774631939547319412,3175860,1774631939547519232,left,OFF,7.9,13.67
2026-03-27T17:18:59.563700+00:00,7.127642,1774631939563699712,3175876,1774631939563582464,left,OFF,7.9,13.67
2026-03-27T17:18:59.580107+00:00,7.144049,1774631939580106912,3175892,1774631939579696384,left,OFF,7.9,13.67
2026-03-27T17:18:59.595612+00:00,7.159554,1774631939595611912,3175908,1774631939595743488,left,OFF,7.9,13.67
2026-03-27T17:18:59.612031+00:00,7.175973,1774631939612031612,3175924,1774631939611822848,left,OFF,8.0,13.75
2026-03-27T17:18:59.627350+00:00,7.191292,1774631939627349612,3175940,1774631939627839744,left,OFF,7.9,13.67
2026-03-27T17:18:59.644091+00:00,7.208033,1774631939644091012,3175956,1774631939643905792,left,OFF,8.0,13.75
2026-03-27T17:18:59.660310+00:00,7.224251,1774631939660309512,3175972,1774631939659992576,left,OFF,8.0,13.75
2026-03-27T17:18:59.675664+00:00,7.239606,1774631939675663912,3175988,1774631939676020992,left,OFF,8.0,13.75
2026-03-27T17:18:59.692234+00:00,7.256175,1774631939692233512,3176004,1774631939692090368,left,OFF,8.0,13.84
2026-03-27T17:18:59.708618+00:00,7.272560,1774631939708617712,3176020,1774631939708188928,left,OFF,8.0,13.84
2026-03-27T17:18:59.723989+00:00,7.287930,1774631939723988512,3176036,1774631939724246016,left,OFF,8.0,13.75
2026-03-27T17:18:59.740371+00:00,7.304313,1774631939740370812,3176052,1774631939740319744,left,OFF,8.0,13.84
2026-03-27T17:18:59.755925+00:00,7.319867,1774631939755925112,3176068,1774631939756347136,left,OFF,8.0,13.84
2026-03-27T17:18:59.772326+00:00,7.336268,1774631939772326512,3176084,1774631939772396800,left,OFF,8.0,13.84
2026-03-27T17:18:59.788697+00:00,7.352640,1774631939788697712,3176100,1774631939788481792,left,OFF,8.0,13.84
2026-03-27T17:18:59.804280+00:00,7.368222,1774631939804280312,3176116,1774631939804514048,left,OFF,8.0,13.84
2026-03-27T17:18:59.820671+00:00,7.384613,1774631939820670812,3176132,1774631939820579072,left,OFF,8.0,13.84
2026-03-27T17:18:59.837133+00:00,7.401075,1774631939837133112,3176148,1774631939836682496,left,OFF,8.0,13.84
2026-03-27T17:18:59.852449+00:00,7.416391,1774631939852448712,3176164,1774631939852731392,left,OFF,8.0,13.84
2026-03-27T17:18:59.869000+00:00,7.432942,1774631939869000212,3176180,1774631939868815872,left,OFF,8.0,13.84
2026-03-27T17:18:59.884364+00:00,7.448306,1774631939884363912,3176196,1774631939884835584,left,OFF,8.0,13.84
2026-03-27T17:18:59.900742+00:00,7.464683,1774631939900741612,3176212,1774631939900883968,left,OFF,8.1,13.93
2026-03-27T17:18:59.917632+00:00,7.481574,1774631939917631712,3176228,1774631939916995072,left,OFF,8.1,13.93
2026-03-27T17:18:59.932716+00:00,7.496658,1774631939932716012,3176244,1774631939933027840,left,OFF,8.1,13.93
2026-03-27T17:18:59.949093+00:00,7.513035,1774631939949092912,3176260,1774631939949089792,left,OFF,8.0,13.84
2026-03-27T17:18:59.965513+00:00,7.529455,1774631939965513112,3176276,1774631939965186048,left,OFF,8.0,13.84
2026-03-27T17:18:59.981108+00:00,7.545050,1774631939981107612,3176292,1774631939981238272,left,OFF,8.1,13.93
2026-03-27T17:18:59.997523+00:00,7.561465,1774631939997522812,3176308,1774631939997320960,left,OFF,8.1,13.93
2026-03-27T17:19:00.012941+00:00,7.576883,1774631940012941412,3176324,1774631940013342208,left,OFF,8.1,13.93
2026-03-27T17:19:00.029427+00:00,7.593369,1774631940029427212,3176340,1774631940029400576,left,OFF,8.0,13.84
2026-03-27T17:19:00.045785+00:00,7.609727,1774631940045785412,3176356,1774631940045494528,left,OFF,8.0,13.84
2026-03-27T17:19:00.061180+00:00,7.625122,1774631940061180212,3176372,1774631940061523968,left,OFF,8.1,13.93
2026-03-27T17:19:00.077677+00:00,7.641619,1774631940077676812,3176388,1774631940077591552,left,OFF,8.1,13.93
2026-03-27T17:19:00.094298+00:00,7.658240,1774631940094298212,3176404,1774631940093709312,left,OFF,8.0,13.84
2026-03-27T17:19:00.109815+00:00,7.673757,1774631940109814912,3176420,1774631940109768960,left,OFF,8.0,13.84
2026-03-27T17:19:00.125967+00:00,7.689909,1774631940125967012,3176436,1774631940125844736,left,OFF,8.0,13.84
2026-03-27T17:19:00.141437+00:00,7.705379,1774631940141437012,3176452,1774631940141866496,left,OFF,8.0,13.84
2026-03-27T17:19:00.157893+00:00,7.721835,1774631940157893012,3176468,1774631940157924352,left,OFF,8.0,13.84
2026-03-27T17:19:00.174335+00:00,7.738277,1774631940174335512,3176484,1774631940174018048,left,OFF,8.0,13.84
2026-03-27T17:19:00.189722+00:00,7.753664,1774631940189722012,3176500,1774631940190049024,left,OFF,8.0,13.84
2026-03-27T17:19:00.206145+00:00,7.770087,1774631940206145212,3176516,1774631940206114048,left,OFF,8.0,13.84
2026-03-27T17:19:00.222560+00:00,7.786502,1774631940222560012,3176532,1774631940222213632,left,OFF,8.0,13.84
2026-03-27T17:19:00.237944+00:00,7.801886,1774631940237944412,3176548,1774631940238249472,left,OFF,8.0,13.84
2026-03-27T17:19:00.254523+00:00,7.818465,1774631940254523112,3176564,1774631940254333440,left,OFF,8.0,13.84
2026-03-27T17:19:00.269890+00:00,7.833832,1774631940269889912,3176580,1774631940270352384,left,OFF,8.0,13.84
2026-03-27T17:19:00.286229+00:00,7.850171,1774631940286228712,3176596,1774631940286400256,left,OFF,8.0,13.84
2026-03-27T17:19:00.302829+00:00,7.866770,1774631940302828512,3176612,1774631940302494720,left,OFF,8.0,13.84
2026-03-27T17:19:00.318190+00:00,7.882132,1774631940318190312,3176628,1774631940318526976,left,OFF,8.0,13.84
2026-03-27T17:19:00.334576+00:00,7.898517,1774631940334575612,3176644,1774631940334586624,left,OFF,8.0,13.84
2026-03-27T17:19:00.350960+00:00,7.914902,1774631940350960412,3176660,1774631940350677504,left,OFF,8.0,13.84
2026-03-27T17:19:00.366503+00:00,7.930445,1774631940366503412,3176676,1774631940366720512,left,OFF,8.0,13.84
2026-03-27T17:19:00.382933+00:00,7.946875,1774631940382932712,3176692,1774631940382795264,left,OFF,8.0,13.84
2026-03-27T17:19:00.398224+00:00,7.962166,1774631940398224212,3176708,1774631940398810368,left,OFF,8.0,13.84
2026-03-27T17:19:00.414793+00:00,7.978735,1774631940414793312,3176724,1774631940414863616,left,OFF,8.0,13.84
2026-03-27T17:19:00.431173+00:00,7.995114,1774631940431172612,3176740,1774631940430948864,left,OFF,8.0,13.84
2026-03-27T17:19:00.446607+00:00,8.010549,1774631940446606712,3176756,1774631940446973440,left,OFF,8.0,13.84
2026-03-27T17:19:00.463250+00:00,8.027192,1774631940463250312,3176772,1774631940463050240,left,OFF,8.0,13.84
2026-03-27T17:19:00.479733+00:00,8.043674,1774631940479732512,3176788,1774631940479163648,left,OFF,8.0,13.84
2026-03-27T17:19:00.494971+00:00,8.058913,1774631940494971512,3176804,1774631940495204096,left,OFF,8.0,13.84
2026-03-27T17:19:00.511434+00:00,8.075376,1774631940511434112,3176820,1774631940511279104,left,OFF,8.0,13.84
2026-03-27T17:19:00.526847+00:00,8.090789,1774631940526846712,3176836,1774631940527298304,left,OFF,8.0,13.84
2026-03-27T17:19:00.543236+00:00,8.107178,1774631940543235612,3176852,1774631940543348736,left,OFF,8.0,13.84
2026-03-27T17:19:00.559757+00:00,8.123699,1774631940559757312,3176868,1774631940559437312,left,OFF,8.0,13.84
2026-03-27T17:19:00.575323+00:00,8.139265,1774631940575323512,3176884,1774631940575480064,left,OFF,8.0,13.84
2026-03-27T17:19:00.591727+00:00,8.155669,1774631940591726612,3176900,1774631940591553536,left,OFF,8.0,13.84
2026-03-27T17:19:00.608226+00:00,8.172168,1774631940608225612,3176916,1774631940607664384,left,OFF,8.0,13.84
2026-03-27T17:19:00.623412+00:00,8.187354,1774631940623412112,3176932,1774631940623703808,left,OFF,8.0,13.84
2026-03-27T17:19:00.640142+00:00,8.204084,1774631940640142212,3176948,1774631940639795712,left,OFF,8.0,13.84
2026-03-27T17:19:00.655355+00:00,8.219297,1774631940655354912,3176964,1774631940655812608,left,OFF,8.0,13.84
2026-03-27T17:19:00.671788+00:00,8.235729,1774631940671787612,3176980,1774631940671873024,left,OFF,8.0,13.84
2026-03-27T17:19:00.689041+00:00,8.252983,1774631940689041112,3176996,1774631940688011264,left,OFF,8.0,13.84
2026-03-27T17:19:00.703696+00:00,8.267638,1774631940703696412,3177012,1774631940704040704,left,OFF,8.0,13.84
2026-03-27T17:19:00.720233+00:00,8.284175,1774631940720233212,3177028,1774631940720114944,left,OFF,8.0,13.84
2026-03-27T17:19:00.736562+00:00,8.300504,1774631940736561712,3177044,1774631940736215296,left,OFF,8.1,13.93
2026-03-27T17:19:00.752717+00:00,8.316658,1774631940752716512,3177060,1774631940752299776,left,OFF,8.0,13.84
2026-03-27T17:19:00.768339+00:00,8.332281,1774631940768339012,3177076,1774631940768366336,left,OFF,8.0,13.84
2026-03-27T17:19:00.784475+00:00,8.348417,1774631940784475512,3177092,1774631940784421632,left,OFF,8.0,13.84
2026-03-27T17:19:00.800381+00:00,8.364323,1774631940800381312,3177108,1774631940800477184,left,OFF,8.0,13.84
2026-03-27T17:19:00.816814+00:00,8.380756,1774631940816814412,3177124,1774631940816564992,left,OFF,8.0,13.84
2026-03-27T17:19:00.832382+00:00,8.396324,1774631940832382112,3177140,1774631940832606976,left,OFF,8.0,13.84
2026-03-27T17:19:00.848643+00:00,8.412585,1774631940848643212,3177156,1774631940848671744,left,OFF,8.0,13.84
2026-03-27T17:19:00.865106+00:00,8.429048,1774631940865106312,3177172,1774631940864773376,left,OFF,8.0,13.84
2026-03-27T17:19:00.880556+00:00,8.444498,1774631940880556112,3177188,1774631940880814080,left,OFF,8.0,13.84
2026-03-27T17:19:00.897023+00:00,8.460965,1774631940897023112,3177204,1774631940896894976,left,OFF,8.0,13.84
2026-03-27T17:19:00.912474+00:00,8.476416,1774631940912474312,3177220,1774631940912916224,left,OFF,8.0,13.84
2026-03-27T17:19:00.928764+00:00,8.492706,1774631940928764112,3177236,1774631940928961280,left,OFF,8.0,13.84
2026-03-27T17:19:00.945377+00:00,8.509319,1774631940945377212,3177252,1774631940945065728,left,OFF,8.0,13.84
2026-03-27T17:19:00.960692+00:00,8.524634,1774631940960691712,3177268,1774631940961094400,left,OFF,8.0,13.84
2026-03-27T17:19:00.977150+00:00,8.541092,1774631940977150512,3177284,1774631940977157120,left,OFF,8.0,13.84
2026-03-27T17:19:00.993662+00:00,8.557604,1774631940993662512,3177300,1774631940993258240,left,OFF,8.0,13.84
2026-03-27T17:19:01.008969+00:00,8.572911,1774631941008968912,3177316,1774631941009298176,left,OFF,8.0,13.84
2026-03-27T17:19:01.025710+00:00,8.589652,1774631941025709812,3177332,1774631941025391104,left,OFF,8.0,13.84
2026-03-27T17:19:01.040827+00:00,8.604769,1774631941040827012,3177348,1774631941041405952,left,OFF,8.0,13.84
2026-03-27T17:19:01.057390+00:00,8.621332,1774631941057389712,3177364,1774631941057464576,left,OFF,8.0,13.84
2026-03-27T17:19:01.073747+00:00,8.637689,1774631941073747012,3177380,1774631941073550592,left,OFF,8.0,13.84
2026-03-27T17:19:01.089362+00:00,8.653304,1774631941089362412,3177396,1774631941089588480,left,OFF,8.0,13.84
2026-03-27T17:19:01.105730+00:00,8.669671,1774631941105729612,3177412,1774631941105658112,left,OFF,8.0,13.84
2026-03-27T17:19:01.122088+00:00,8.686030,1774631941122088112,3177428,1774631941121763328,left,OFF,8.0,13.84
2026-03-27T17:19:01.137485+00:00,8.701427,1774631941137485012,3177444,1774631941137811456,left,OFF,8.0,13.84
2026-03-27T17:19:01.154119+00:00,8.718061,1774631941154118712,3177460,1774631941153897216,left,OFF,8.0,13.84
2026-03-27T17:19:01.169367+00:00,8.733308,1774631941169366412,3177476,1774631941169914880,left,OFF,8.0,13.75
2026-03-27T17:19:01.185803+00:00,8.749745,1774631941185803112,3177492,1774631941185967360,left,OFF,8.0,13.75
2026-03-27T17:19:01.202150+00:00,8.766092,1774631941202150212,3177508,1774631941202049792,left,OFF,8.0,13.75
2026-03-27T17:19:01.217817+00:00,8.781759,1774631941217817212,3177524,1774631941218086656,left,OFF,8.0,13.75
2026-03-27T17:19:01.234116+00:00,8.798058,1774631941234115712,3177540,1774631941234149376,left,OFF,8.0,13.75
2026-03-27T17:19:01.250644+00:00,8.814586,1774631941250644112,3177556,1774631941250251520,left,OFF,8.0,13.75
2026-03-27T17:19:01.266036+00:00,8.829978,1774631941266036212,3177572,1774631941266291456,left,OFF,8.0,13.75
2026-03-27T17:19:01.282434+00:00,8.846375,1774631941282433412,3177588,1774631941282367744,left,OFF,8.0,13.75
2026-03-27T17:19:01.297851+00:00,8.861793,1774631941297851512,3177604,1774631941298383104,left,OFF,8.0,13.75
2026-03-27T17:19:01.314251+00:00,8.878193,1774631941314251212,3177620,1774631941314427904,left,OFF,8.0,13.75
2026-03-27T17:19:01.330762+00:00,8.894704,1774631941330761612,3177636,1774631941330516736,left,OFF,8.0,13.75
2026-03-27T17:19:01.346223+00:00,8.910165,1774631941346222712,3177652,1774631941346546944,left,OFF,7.9,13.67
2026-03-27T17:19:01.362747+00:00,8.926689,1774631941362747112,3177668,1774631941362615296,left,OFF,7.9,13.67
2026-03-27T17:19:01.379114+00:00,8.943056,1774631941379114112,3177684,1774631941378712320,left,OFF,7.9,13.67
2026-03-27T17:19:01.394568+00:00,8.958510,1774631941394568512,3177700,1774631941394755584,left,OFF,7.9,13.67
2026-03-27T17:19:01.410860+00:00,8.974802,1774631941410859712,3177716,1774631941410824192,left,OFF,7.9,13.58
2026-03-27T17:19:01.426466+00:00,8.990408,1774631941426466012,3177732,1774631941426841088,left,OFF,7.9,13.58
2026-03-27T17:19:01.442790+00:00,9.006732,1774631941442789912,3177748,1774631941442889472,left,OFF,7.8,13.49
2026-03-27T17:19:01.459184+00:00,9.023126,1774631941459184012,3177764,1774631941458967552,left,OFF,7.8,13.4
2026-03-27T17:19:01.474808+00:00,9.038750,1774631941474808012,3177780,1774631941474999808,left,OFF,7.8,13.4
2026-03-27T17:19:01.491176+00:00,9.055118,1774631941491176312,3177796,1774631941491068160,left,OFF,7.7,13.32
2026-03-27T17:19:01.507570+00:00,9.071512,1774631941507569912,3177812,1774631941507170048,left,OFF,7.7,13.32
2026-03-27T17:19:01.522905+00:00,9.086847,1774631941522904712,3177828,1774631941523202304,left,OFF,7.7,13.23
2026-03-27T17:19:01.539474+00:00,9.103416,1774631941539474412,3177844,1774631941539277824,left,OFF,7.7,13.23
2026-03-27T17:19:01.554829+00:00,9.118771,1774631941554829312,3177860,1774631941555289856,left,OFF,7.7,13.23
2026-03-27T17:19:01.572627+00:00,9.136569,1774631941572626712,3177876,1774631941571418112,left,OFF,7.7,13.23
2026-03-27T17:19:01.589169+00:00,9.153111,1774631941589169012,3177892,1774631941587587840,left,OFF,7.6,13.14
2026-03-27T17:19:01.603189+00:00,9.167131,1774631941603188912,3177908,1774631941603615488,left,OFF,7.7,13.23
2026-03-27T17:19:01.619542+00:00,9.183484,1774631941619542212,3177924,1774631941619671552,left,OFF,7.7,13.23
2026-03-27T17:19:01.636145+00:00,9.200087,1774631941636145012,3177940,1774631941635774720,left,OFF,7.7,13.23
2026-03-27T17:19:01.651534+00:00,9.215476,1774631941651534112,3177956,1774631941651809536,left,OFF,7.6,13.14
2026-03-27T17:19:01.667885+00:00,9.231827,1774631941667885212,3177972,1774631941667882240,left,OFF,7.6,13.14
2026-03-27T17:19:01.683401+00:00,9.247343,1774631941683400912,3177988,1774631941683895808,left,OFF,7.7,13.23
2026-03-27T17:19:01.699807+00:00,9.263749,1774631941699806812,3178004,1774631941699941632,left,OFF,7.6,13.14
2026-03-27T17:19:01.716207+00:00,9.280149,1774631941716207312,3178020,1774631941716045312,left,OFF,7.6,13.14
2026-03-27T17:19:01.731572+00:00,9.295514,1774631941731572412,3178036,1774631941732063744,left,OFF,7.6,13.14
2026-03-27T17:19:01.748183+00:00,9.312124,1774631941748182612,3178052,1774631941748130560,left,OFF,7.6,13.14
2026-03-27T17:19:01.765407+00:00,9.329349,1774631941765406612,3178068,1774631941764276736,left,OFF,7.6,13.14
2026-03-27T17:19:01.780847+00:00,9.344789,1774631941780847012,3178084,1774631941780386304,left,OFF,7.6,13.14
2026-03-27T17:19:01.797019+00:00,9.360960,1774631941797018512,3178100,1774631941796488704,left,OFF,7.6,13.05
2026-03-27T17:19:01.811809+00:00,9.375751,1774631941811809012,3178116,1774631941812515328,left,OFF,7.6,13.14
2026-03-27T17:19:01.828472+00:00,9.392414,1774631941828471712,3178132,1774631941828573952,left,OFF,7.6,13.05
2026-03-27T17:19:01.844765+00:00,9.408707,1774631941844765112,3178148,1774631941844658432,left,OFF,7.6,13.05
2026-03-27T17:19:01.860123+00:00,9.424065,1774631941860123012,3178164,1774631941860684544,left,OFF,7.6,13.05
2026-03-27T17:19:01.876529+00:00,9.440471,1774631941876528712,3178180,1774631941876738048,left,OFF,7.6,13.05
2026-03-27T17:19:01.893157+00:00,9.457099,1774631941893157312,3178196,1774631941892838656,left,OFF,7.5,12.96
2026-03-27T17:19:01.908444+00:00,9.472386,1774631941908444512,3178212,1774631941908873216,left,OFF,7.5,12.96
2026-03-27T17:19:01.924892+00:00,9.488834,1774631941924892212,3178228,1774631941924943616,left,OFF,7.5,12.96
2026-03-27T17:19:01.940377+00:00,9.504319,1774631941940376612,3178244,1774631941940960000,left,OFF,7.5,12.96
2026-03-27T17:19:01.956775+00:00,9.520717,1774631941956775012,3178260,1774631941957004032,left,OFF,7.5,12.96
2026-03-27T17:19:01.973144+00:00,9.537085,1774631941973143612,3178276,1774631941973083904,left,OFF,7.5,12.96
2026-03-27T17:19:01.989350+00:00,9.553292,1774631941989349712,3178292,1774631941989149696,left,OFF,7.5,12.96
2026-03-27T17:19:02.005280+00:00,9.569221,1774631942005279612,3178308,1774631942005218816,left,OFF,7.5,12.96
2026-03-27T17:19:02.023732+00:00,9.587674,1774631942023732112,3178324,1774631942021447680,left,OFF,7.5,12.96
2026-03-27T17:19:02.037031+00:00,9.600973,1774631942037031112,3178340,1774631942037481216,left,OFF,7.5,12.96
2026-03-27T17:19:02.053443+00:00,9.617385,1774631942053443012,3178356,1774631942053557248,left,OFF,7.5,12.88
2026-03-27T17:19:02.069112+00:00,9.633054,1774631942069111612,3178372,1774631942069579776,left,OFF,7.5,12.88
2026-03-27T17:19:02.085169+00:00,9.649111,1774631942085169212,3178388,1774631942085617408,left,OFF,7.5,12.96
2026-03-27T17:19:02.101797+00:00,9.665739,1774631942101797312,3178404,1774631942101699072,left,OFF,7.5,12.96
2026-03-27T17:19:02.117138+00:00,9.681080,1774631942117138312,3178420,1774631942117722624,left,OFF,7.5,12.96
2026-03-27T17:19:02.133644+00:00,9.697586,1774631942133643912,3178436,1774631942133783296,left,OFF,7.5,12.88
2026-03-27T17:19:02.150148+00:00,9.714090,1774631942150147912,3178452,1774631942149880064,left,OFF,7.5,12.88
2026-03-27T17:19:02.165451+00:00,9.729393,1774631942165451212,3178468,1774631942165909760,left,OFF,7.5,12.88
2026-03-27T17:19:02.181847+00:00,9.745788,1774631942181846512,3178484,1774631942181977600,left,OFF,7.5,12.88
2026-03-27T17:19:02.197475+00:00,9.761417,1774631942197475312,3178500,1774631942197993728,left,OFF,7.5,12.88
2026-03-27T17:19:02.214980+00:00,9.778922,1774631942214980412,3178516,1774631942214109696,left,OFF,7.5,12.96
2026-03-27T17:19:02.231419+00:00,9.795361,1774631942231419012,3178532,1774631942230255616,left,OFF,7.5,12.96
2026-03-27T17:19:02.245642+00:00,9.809584,1774631942245642012,3178548,1774631942246275328,left,OFF,7.5,12.96
2026-03-27T17:19:02.262139+00:00,9.826081,1774631942262138912,3178564,1774631942262329088,left,OFF,7.5,12.88
2026-03-27T17:19:02.278532+00:00,9.842474,1774631942278531912,3178580,1774631942278417408,left,OFF,7.5,12.96
2026-03-27T17:19:02.293868+00:00,9.857810,1774631942293867612,3178596,1774631942294440960,left,OFF,7.5,12.96
2026-03-27T17:19:02.310434+00:00,9.874376,1774631942310434312,3178612,1774631942310505216,left,OFF,7.5,12.96
2026-03-27T17:19:02.325816+00:00,9.889758,1774631942325816112,3178628,1774631942326508544,left,OFF,7.5,12.96
2026-03-27T17:19:02.342205+00:00,9.906147,1774631942342204812,3178644,1774631942342542080,left,OFF,7.5,12.96
2026-03-27T17:19:02.358797+00:00,9.922739,1774631942358796912,3178660,1774631942358621952,left,OFF,7.5,12.96
2026-03-27T17:19:02.374090+00:00,9.938032,1774631942374090112,3178676,1774631942374636032,left,OFF,7.5,12.88
2026-03-27T17:19:02.390803+00:00,9.954745,1774631942390802912,3178692,1774631942390704384,left,OFF,7.5,12.96
2026-03-27T17:19:02.407147+00:00,9.971089,1774631942407146712,3178708,1774631942406799616,left,OFF,7.5,12.96
2026-03-27T17:19:02.423710+00:00,9.987652,1774631942423709912,3178724,1774631942422906112,left,OFF,7.5,12.96
2026-03-27T17:19:02.439421+00:00,10.003363,1774631942439421112,3178740,1774631942438996736,left,OFF,7.5,12.96
2026-03-27T17:19:02.455340+00:00,10.019282,1774631942455340312,3178756,1774631942455063552,left,OFF,7.5,12.96
2026-03-27T17:19:02.470731+00:00,10.034673,1774631942470731412,3178772,1774631942471096576,left,OFF,7.5,12.96
2026-03-27T17:19:02.487191+00:00,10.051133,1774631942487191412,3178788,1774631942487163904,left,OFF,7.5,12.96
2026-03-27T17:19:02.502614+00:00,10.066556,1774631942502614112,3178804,1774631942503178240,left,OFF,7.5,12.96
2026-03-27T17:19:02.519177+00:00,10.083119,1774631942519177412,3178820,1774631942519233536,left,OFF,7.5,12.96
2026-03-27T17:19:02.535568+00:00,10.099510,1774631942535568012,3178836,1774631942535319040,left,OFF,7.5,12.96
2026-03-27T17:19:02.550848+00:00,10.114790,1774631942550847812,3178852,1774631942551333888,left,OFF,7.5,12.96
2026-03-27T17:19:02.567630+00:00,10.131571,1774631942567629512,3178868,1774631942567408640,left,OFF,7.5,12.96
2026-03-27T17:19:02.582867+00:00,10.146809,1774631942582866912,3178884,1774631942583410688,left,OFF,7.5,12.96
2026-03-27T17:19:02.599238+00:00,10.163180,1774631942599238312,3178900,1774631942599485696,left,OFF,7.5,12.96
2026-03-27T17:19:02.615591+00:00,10.179533,1774631942615591012,3178916,1774631942615595776,left,OFF,7.5,12.96
2026-03-27T17:19:02.632393+00:00,10.196335,1774631942632392712,3178932,1774631942631689216,left,OFF,7.5,12.96
2026-03-27T17:19:02.648049+00:00,10.211991,1774631942648048612,3178948,1774631942647764992,left,OFF,7.6,13.05
2026-03-27T17:19:02.664476+00:00,10.228418,1774631942664476412,3178964,1774631942663879424,left,OFF,7.5,12.96
2026-03-27T17:19:02.679508+00:00,10.243450,1774631942679508112,3178980,1774631942679909376,left,OFF,7.5,12.96
2026-03-27T17:19:02.695919+00:00,10.259861,1774631942695919412,3178996,1774631942695969536,left,OFF,7.5,12.96
2026-03-27T17:19:02.711351+00:00,10.275293,1774631942711350812,3179012,1774631942711973888,left,OFF,7.5,12.96
2026-03-27T17:19:02.727628+00:00,10.291570,1774631942727627712,3179028,1774631942728002560,left,OFF,7.5,12.96
2026-03-27T17:19:02.744237+00:00,10.308179,1774631942744237312,3179044,1774631942744075264,left,OFF,7.5,12.96
2026-03-27T17:19:02.759639+00:00,10.323581,1774631942759639212,3179060,1774631942760085760,left,OFF,7.6,13.05
2026-03-27T17:19:02.775955+00:00,10.339897,1774631942775955512,3179076,1774631942776129024,left,OFF,7.6,13.05
2026-03-27T17:19:02.792537+00:00,10.356479,1774631942792537212,3179092,1774631942792240384,left,OFF,7.6,13.05
2026-03-27T17:19:02.807948+00:00,10.371890,1774631942807948112,3179108,1774631942808293888,left,OFF,7.6,13.05
2026-03-27T17:19:02.824390+00:00,10.388331,1774631942824389612,3179124,1774631942824375040,left,OFF,7.6,13.05
2026-03-27T17:19:02.839968+00:00,10.403910,1774631942839967712,3179140,1774631942840387840,left,OFF,7.6,13.14
2026-03-27T17:19:02.856231+00:00,10.420173,1774631942856231512,3179156,1774631942856431360,left,OFF,7.6,13.05
2026-03-27T17:19:02.872745+00:00,10.436686,1774631942872744512,3179172,1774631942872510208,left,OFF,7.6,13.14
2026-03-27T17:19:02.888053+00:00,10.451996,1774631942888053612,3179188,1774631942888520704,left,OFF,7.6,13.14
2026-03-27T17:19:02.904606+00:00,10.468547,1774631942904605612,3179204,1774631942904572416,left,OFF,7.7,13.23
2026-03-27T17:19:02.921235+00:00,10.485177,1774631942921235112,3179220,1774631942920675840,left,OFF,7.7,13.23
2026-03-27T17:19:02.936369+00:00,10.500311,1774631942936369112,3179236,1774631942936698368,left,OFF,7.8,13.4
2026-03-27T17:19:02.953013+00:00,10.516955,1774631942953013112,3179252,1774631942952768768,left,OFF,7.8,13.49
2026-03-27T17:19:02.968313+00:00,10.532255,1774631942968313212,3179268,1774631942968774144,left,OFF,8.1,13.93
2026-03-27T17:19:02.984760+00:00,10.548702,1774631942984760412,3179284,1774631942984813824,left,OFF,8.2,14.19
2026-03-27T17:19:03.001138+00:00,10.565080,1774631943001138012,3179300,1774631943000882176,left,OFF,8.7,14.99
2026-03-27T17:19:03.016647+00:00,10.580589,1774631943016647212,3179316,1774631943016921088,left,OFF,8.7,15.07
2026-03-27T17:19:03.032961+00:00,10.596903,1774631943032961312,3179332,1774631943032972544,left,OFF,9.0,15.6
2026-03-27T17:19:03.049497+00:00,10.613439,1774631943049496912,3179348,1774631943049127936,left,OFF,9.9,17.18
2026-03-27T17:19:03.064967+00:00,10.628909,1774631943064966712,3179364,1774631943065164032,left,OFF,13.0,21.84
2026-03-27T17:19:03.081358+00:00,10.645300,1774631943081358212,3179380,1774631943081230848,left,OFF,19.2,31.51
2026-03-27T17:19:03.097114+00:00,10.661056,1774631943097114312,3179396,1774631943097267200,left,OFF,25.2,39.68
2026-03-27T17:19:03.113323+00:00,10.677265,1774631943113323012,3179412,1774631943113312256,left,OFF,27.6,42.93
2026-03-27T17:19:03.129680+00:00,10.693622,1774631943129680312,3179428,1774631943129392896,left,OFF,27.9,43.37
2026-03-27T17:19:03.144977+00:00,10.708919,1774631943144977012,3179444,1774631943145404160,left,OFF,28.4,44.08
2026-03-27T17:19:03.161618+00:00,10.725560,1774631943161618412,3179460,1774631943161464576,left,OFF,29.7,45.83
2026-03-27T17:19:03.177967+00:00,10.741909,1774631943177966712,3179476,1774631943177556736,left,OFF,31.2,47.68
2026-03-27T17:19:03.193428+00:00,10.757369,1774631943193427512,3179492,1774631943193588736,left,OFF,32.1,48.82
2026-03-27T17:19:03.209910+00:00,10.773852,1774631943209910212,3179508,1774631943209656576,left,OFF,32.8,49.61
2026-03-27T17:19:03.225324+00:00,10.789266,1774631943225323912,3179524,1774631943225671168,left,OFF,33.2,50.14
2026-03-27T17:19:03.241834+00:00,10.805776,1774631943241834212,3179540,1774631943241758464,left,OFF,33.3,50.23
2026-03-27T17:19:03.258303+00:00,10.822245,1774631943258302612,3179556,1774631943257883904,left,OFF,33.3,50.23
2026-03-27T17:19:03.273669+00:00,10.837611,1774631943273669412,3179572,1774631943273911040,left,OFF,33.3,50.32
2026-03-27T17:19:03.290061+00:00,10.854002,1774631943290060612,3179588,1774631943289971712,left,OFF,33.3,50.23
2026-03-27T17:19:03.306439+00:00,10.870380,1774631943306438612,3179604,1774631943306062080,left,OFF,33.3,50.32
2026-03-27T17:19:03.321970+00:00,10.885912,1774631943321970512,3179620,1774631943322097664,left,OFF,33.3,50.32
2026-03-27T17:19:03.338452+00:00,10.902394,1774631943338452112,3179636,1774631943338174464,left,OFF,33.3,50.32
2026-03-27T17:19:03.353840+00:00,10.917782,1774631943353840012,3179652,1774631943354188800,left,OFF,33.3,50.32
2026-03-27T17:19:03.370309+00:00,10.934251,1774631943370309212,3179668,1774631943370237696,left,OFF,33.3,50.32
2026-03-27T17:19:03.386802+00:00,10.950744,1774631943386802212,3179684,1774631943386329600,left,OFF,33.3,50.32
2026-03-27T17:19:03.402139+00:00,10.966081,1774631943402138712,3179700,1774631943402353152,left,OFF,33.3,50.32
2026-03-27T17:19:03.418946+00:00,10.982887,1774631943418945412,3179716,1774631943418442240,left,OFF,33.3,50.32
2026-03-27T17:19:03.435042+00:00,10.998984,1774631943435041712,3179732,1774631943434542080,left,OFF,33.3,50.32
2026-03-27T17:19:03.450443+00:00,11.014385,1774631943450442612,3179748,1774631943450617344,left,OFF,33.3,50.32
2026-03-27T17:19:03.466818+00:00,11.030760,1774631943466817612,3179764,1774631943466702336,left,OFF,33.3,50.32
2026-03-27T17:19:03.482369+00:00,11.046311,1774631943482369512,3179780,1774631943482752768,left,OFF,33.5,50.49
2026-03-27T17:19:03.498846+00:00,11.062788,1774631943498846212,3179796,1774631943498808832,left,OFF,33.8,50.84
2026-03-27T17:19:03.515133+00:00,11.079075,1774631943515133312,3179812,1774631943514890752,left,OFF,33.9,51.02
2026-03-27T17:19:03.530546+00:00,11.094488,1774631943530546512,3179828,1774631943530913536,left,OFF,34.1,51.28
2026-03-27T17:19:03.547177+00:00,11.111119,1774631943547177112,3179844,1774631943546986496,left,OFF,34.2,51.37
2026-03-27T17:19:03.563528+00:00,11.127470,1774631943563527712,3179860,1774631943563087104,left,OFF,34.3,51.46
2026-03-27T17:19:03.578857+00:00,11.142799,1774631943578857512,3179876,1774631943579118848,left,OFF,34.3,51.46
2026-03-27T17:19:03.595428+00:00,11.159370,1774631943595428112,3179892,1774631943595203840,left,OFF,34.3,51.46
2026-03-27T17:19:03.610795+00:00,11.174737,1774631943610795012,3179908,1774631943611220992,left,OFF,34.3,51.55
2026-03-27T17:19:03.627227+00:00,11.191168,1774631943627226512,3179924,1774631943627270400,left,OFF,34.6,51.81
2026-03-27T17:19:03.643622+00:00,11.207564,1774631943643622512,3179940,1774631943643349248,left,OFF,34.8,52.08
2026-03-27T17:19:03.659130+00:00,11.223071,1774631943659129512,3179956,1774631943659417344,left,OFF,35.0,52.34
2026-03-27T17:19:03.675576+00:00,11.239518,1774631943675576412,3179972,1774631943675497984,left,OFF,35.1,52.51
2026-03-27T17:19:03.691917+00:00,11.255859,1774631943691916712,3179988,1774631943691607808,left,OFF,35.4,52.87
2026-03-27T17:19:03.707542+00:00,11.271484,1774631943707541812,3180004,1774631943707659008,left,OFF,35.9,53.48
2026-03-27T17:19:03.723909+00:00,11.287851,1774631943723908812,3180020,1774631943723740160,left,OFF,36.6,54.27
2026-03-27T17:19:03.739308+00:00,11.303250,1774631943739308012,3180036,1774631943739760896,left,OFF,37.1,54.89
2026-03-27T17:19:03.755670+00:00,11.319612,1774631943755670312,3180052,1774631943755806720,left,OFF,37.3,55.24
2026-03-27T17:19:03.772318+00:00,11.336260,1774631943772317612,3180068,1774631943771905536,left,OFF,37.8,55.77
2026-03-27T17:19:03.787606+00:00,11.351547,1774631943787605412,3180084,1774631943787935744,left,OFF,38.4,56.47
2026-03-27T17:19:03.803998+00:00,11.367940,1774631943803998012,3180100,1774631943803994368,left,OFF,38.9,57.08
2026-03-27T17:19:03.820554+00:00,11.384495,1774631943820553412,3180116,1774631943820099328,left,OFF,39.2,57.52
2026-03-27T17:19:03.835945+00:00,11.399887,1774631943835945212,3180132,1774631943836143104,left,OFF,39.4,57.7
2026-03-27T17:19:03.852316+00:00,11.416258,1774631943852315712,3180148,1774631943852217344,left,OFF,39.7,58.14
2026-03-27T17:19:03.867862+00:00,11.431804,1774631943867862212,3180164,1774631943868244992,left,OFF,40.1,58.67
2026-03-27T17:19:03.884247+00:00,11.448188,1774631943884246412,3180180,1774631943884298752,left,OFF,40.2,58.75
2026-03-27T17:19:03.900647+00:00,11.464589,1774631943900647212,3180196,1774631943900387328,left,OFF,40.4,58.93
2026-03-27T17:19:03.916031+00:00,11.479973,1774631943916031212,3180212,1774631943916411136,left,OFF,40.6,59.19
2026-03-27T17:19:03.932578+00:00,11.496519,1774631943932577512,3180228,1774631943932479744,left,OFF,40.8,59.46
2026-03-27T17:19:03.948967+00:00,11.512908,1774631943948966612,3180244,1774631943948585984,left,OFF,40.9,59.55
2026-03-27T17:19:03.964379+00:00,11.528321,1774631943964379312,3180260,1774631943964623616,left,OFF,41.0,59.72
2026-03-27T17:19:03.980930+00:00,11.544872,1774631943980929912,3180276,1774631943980709632,left,OFF,41.1,59.81
2026-03-27T17:19:03.996299+00:00,11.560241,1774631943996298812,3180292,1774631943996729600,left,OFF,41.1,59.81
2026-03-27T17:19:04.012652+00:00,11.576594,1774631944012652212,3180308,1774631944012779264,left,OFF,41.2,59.9
2026-03-27T17:19:04.029242+00:00,11.593184,1774631944029242412,3180324,1774631944028871168,left,OFF,41.2,59.9
2026-03-27T17:19:04.044592+00:00,11.608534,1774631944044591812,3180340,1774631944044901888,left,OFF,41.2,59.9
2026-03-27T17:19:04.061057+00:00,11.624999,1774631944061057012,3180356,1774631944060965376,left,OFF,41.2,59.9
2026-03-27T17:19:04.077692+00:00,11.641634,1774631944077691912,3180372,1774631944077078272,left,OFF,41.2,59.9
2026-03-27T17:19:04.093088+00:00,11.657030,1774631944093088312,3180388,1774631944093132032,left,OFF,41.2,59.9
2026-03-27T17:19:04.109608+00:00,11.673550,1774631944109607812,3180404,1774631944109223680,left,OFF,41.2,59.9
2026-03-27T17:19:04.124727+00:00,11.688669,1774631944124727612,3180420,1774631944125247744,left,OFF,41.2,59.9
2026-03-27T17:19:04.141285+00:00,11.705226,1774631944141284512,3180436,1774631944141307136,left,OFF,41.2,59.9
2026-03-27T17:19:04.157696+00:00,11.721638,1774631944157696312,3180452,1774631944157396736,left,OFF,41.2,59.9
2026-03-27T17:19:04.173093+00:00,11.737035,1774631944173093212,3180468,1774631944173422336,left,OFF,41.2,59.9
2026-03-27T17:19:04.189596+00:00,11.753538,1774631944189596512,3180484,1774631944189492480,left,OFF,41.2,59.9
2026-03-27T17:19:04.205999+00:00,11.769941,1774631944205998912,3180500,1774631944205592320,left,OFF,41.1,59.81
2026-03-27T17:19:04.221430+00:00,11.785372,1774631944221429912,3180516,1774631944221635072,left,OFF,40.9,59.55
2026-03-27T17:19:04.237929+00:00,11.801871,1774631944237928812,3180532,1774631944237717504,left,OFF,40.4,59.02
2026-03-27T17:19:04.253258+00:00,11.817199,1774631944253257512,3180548,1774631944253734656,left,OFF,39.9,58.4
2026-03-27T17:19:04.269722+00:00,11.833664,1774631944269722312,3180564,1774631944269790464,left,OFF,39.3,57.61
2026-03-27T17:19:04.286102+00:00,11.850044,1774631944286101912,3180580,1774631944285878272,left,OFF,38.6,56.73
2026-03-27T17:19:04.301739+00:00,11.865681,1774631944301739312,3180596,1774631944301918976,left,OFF,37.9,55.94
2026-03-27T17:19:04.317990+00:00,11.881931,1774631944317989512,3180612,1774631944317981440,left,OFF,37.1,54.89
2026-03-27T17:19:04.334377+00:00,11.898319,1774631944334377012,3180628,1774631944334073344,left,OFF,35.8,53.31
2026-03-27T17:19:04.349910+00:00,11.913852,1774631944349909812,3180644,1774631944350116864,left,OFF,34.3,51.55
2026-03-27T17:19:04.366333+00:00,11.930274,1774631944366332512,3180660,1774631944366195200,left,OFF,33.1,50.05
2026-03-27T17:19:04.381748+00:00,11.945690,1774631944381748212,3180676,1774631944382213120,left,OFF,32.3,49.09
2026-03-27T17:19:04.398271+00:00,11.962213,1774631944398271012,3180692,1774631944398272000,left,OFF,31.4,47.94
2026-03-27T17:19:04.414670+00:00,11.978612,1774631944414669812,3180708,1774631944414364928,left,OFF,28.8,44.6
2026-03-27T17:19:04.430109+00:00,11.994051,1774631944430108712,3180724,1774631944430397696,left,OFF,25.2,39.68
2026-03-27T17:19:04.446634+00:00,12.010575,1774631944446633612,3180740,1774631944446481664,left,OFF,21.0,34.06
2026-03-27T17:19:04.462936+00:00,12.026878,1774631944462936112,3180756,1774631944462581504,left,OFF,19.1,31.25
2026-03-27T17:19:04.478342+00:00,12.042284,1774631944478341712,3180772,1774631944478621184,left,OFF,16.7,27.64
2026-03-27T17:19:04.494681+00:00,12.058623,1774631944494681412,3180788,1774631944494687488,left,OFF,11.2,19.12
2026-03-27T17:19:04.510360+00:00,12.074302,1774631944510359612,3180804,1774631944510714624,left,OFF,6.8,11.82
2026-03-27T17:19:04.526664+00:00,12.090605,1774631944526663412,3180820,1774631944526769408,left,OFF,6.5,11.29
2026-03-27T17:19:04.543121+00:00,12.107063,1774631944543121312,3180836,1774631944542855680,left,OFF,5.5,9.54
2026-03-27T17:19:04.558738+00:00,12.122680,1774631944558737912,3180852,1774631944558894592,left,OFF,5.0,8.66
2026-03-27T17:19:04.575069+00:00,12.139011,1774631944575069512,3180868,1774631944574967040,left,OFF,4.2,7.34
2026-03-27T17:19:04.591407+00:00,12.155349,1774631944591407112,3180884,1774631944591065600,left,OFF,3.8,6.64
2026-03-27T17:19:04.606892+00:00,12.170834,1774631944606891912,3180900,1774631944607106304,left,OFF,3.7,6.46
2026-03-27T17:19:04.623453+00:00,12.187395,1774631944623452712,3180916,1774631944623193088,left,OFF,3.7,6.37
2026-03-27T17:19:04.638716+00:00,12.202658,1774631944638715812,3180932,1774631944639209472,left,OFF,3.7,6.37
2026-03-27T17:19:04.655244+00:00,12.219185,1774631944655243412,3180948,1774631944655265536,left,OFF,3.5,6.11
2026-03-27T17:19:04.671690+00:00,12.235632,1774631944671690412,3180964,1774631944671355904,left,OFF,3.3,5.76
2026-03-27T17:19:04.686966+00:00,12.250908,1774631944686966312,3180980,1774631944687380480,left,OFF,3.2,5.58
2026-03-27T17:19:04.703453+00:00,12.267395,1774631944703452812,3180996,1774631944703443456,left,OFF,3.2,5.49
2026-03-27T17:19:04.719998+00:00,12.283940,1774631944719997912,3181012,1774631944719544576,left,OFF,3.1,5.32
2026-03-27T17:19:04.735371+00:00,12.299313,1774631944735370912,3181028,1774631944735589888,left,OFF,3.1,5.32
2026-03-27T17:19:04.751673+00:00,12.315615,1774631944751673212,3181044,1774631944751659520,left,OFF,3.0,5.23
2026-03-27T17:19:04.767087+00:00,12.331028,1774631944767086512,3181060,1774631944767668992,left,OFF,3.0,5.23
2026-03-27T17:19:04.783774+00:00,12.347716,1774631944783773812,3181076,1774631944783726592,left,OFF,3.0,5.23
2026-03-27T17:19:04.800495+00:00,12.364437,1774631944800494612,3181092,1774631944799842560,left,OFF,3.0,5.14
2026-03-27T17:19:04.815500+00:00,12.379442,1774631944815500212,3181108,1774631944815869184,left,OFF,3.0,5.14
2026-03-27T17:19:04.832783+00:00,12.396725,1774631944832783212,3181124,1774631944831981056,left,OFF,3.0,5.14
2026-03-27T17:19:04.848485+00:00,12.412427,1774631944848484812,3181140,1774631944848084992,left,OFF,2.9,5.05
2026-03-27T17:19:04.863729+00:00,12.427671,1774631944863728912,3181156,1774631944864118272,left,OFF,3.0,5.14
2026-03-27T17:19:04.880509+00:00,12.444451,1774631944880508712,3181172,1774631944880205312,left,OFF,3.0,5.14
2026-03-27T17:19:04.895760+00:00,12.459702,1774631944895760412,3181188,1774631944896226304,left,OFF,2.9,5.05
2026-03-27T17:19:04.912380+00:00,12.476322,1774631944912380412,3181204,1774631944912291584,left,OFF,3.0,5.14
2026-03-27T17:19:04.928748+00:00,12.492690,1774631944928747712,3181220,1774631944928385792,left,OFF,3.0,5.14
2026-03-27T17:19:04.944185+00:00,12.508127,1774631944944185412,3181236,1774631944944420608,left,OFF,3.0,5.14
2026-03-27T17:19:04.960435+00:00,12.524377,1774631944960435412,3181252,1774631944960481792,left,OFF,3.0,5.14
2026-03-27T17:19:04.977017+00:00,12.540959,1774631944977017012,3181268,1774631944976584960,left,OFF,3.0,5.23
2026-03-27T17:19:04.992409+00:00,12.556351,1774631944992409412,3181284,1774631944992626688,left,OFF,3.0,5.14
2026-03-27T17:19:05.008752+00:00,12.572694,1774631945008752412,3181300,1774631945008700928,left,OFF,3.0,5.14
2026-03-27T17:19:05.024587+00:00,12.588529,1774631945024587112,3181316,1774631945024740096,left,OFF,3.0,5.14
2026-03-27T17:19:05.040703+00:00,12.604645,1774631945040702912,3181332,1774631945040790784,left,OFF,3.0,5.23
2026-03-27T17:19:05.057252+00:00,12.621194,1774631945057252112,3181348,1774631945056888064,left,OFF,3.0,5.14
2026-03-27T17:19:05.072487+00:00,12.636429,1774631945072486912,3181364,1774631945072912128,left,OFF,3.0,5.23
2026-03-27T17:19:05.089082+00:00,12.653024,1774631945089081812,3181380,1774631945088981504,left,OFF,3.0,5.23
2026-03-27T17:19:05.105441+00:00,12.669383,1774631945105441012,3181396,1774631945105086720,left,OFF,3.0,5.14
2026-03-27T17:19:05.120772+00:00,12.684714,1774631945120771912,3181412,1774631945121127168,left,OFF,3.0,5.23
2026-03-27T17:19:05.137260+00:00,12.701202,1774631945137260312,3181428,1774631945137208064,left,OFF,3.0,5.14
2026-03-27T17:19:05.152784+00:00,12.716726,1774631945152784312,3181444,1774631945153227264,left,OFF,3.0,5.23
2026-03-27T17:19:05.169162+00:00,12.733104,1774631945169162212,3181460,1774631945169281024,left,OFF,3.0,5.23
2026-03-27T17:19:05.185586+00:00,12.749528,1774631945185586512,3181476,1774631945185367808,left,OFF,3.0,5.23
2026-03-27T17:19:05.201072+00:00,12.765014,1774631945201071812,3181492,1774631945201398784,left,OFF,3.0,5.14
2026-03-27T17:19:05.217608+00:00,12.781550,1774631945217607612,3181508,1774631945217472768,left,OFF,3.0,5.14
2026-03-27T17:19:05.233870+00:00,12.797811,1774631945233869612,3181524,1774631945233569536,left,OFF,3.0,5.23
2026-03-27T17:19:05.249246+00:00,12.813188,1774631945249246412,3181540,1774631945249604352,left,OFF,3.0,5.23
2026-03-27T17:19:05.265829+00:00,12.829771,1774631945265829212,3181556,1774631945265685248,left,OFF,3.0,5.23
2026-03-27T17:19:05.281154+00:00,12.845096,1774631945281153812,3181572,1774631945281698304,left,OFF,3.0,5.23
2026-03-27T17:19:05.297844+00:00,12.861786,1774631945297844412,3181588,1774631945297762560,left,OFF,3.0,5.23
2026-03-27T17:19:05.314199+00:00,12.878141,1774631945314199012,3181604,1774631945313853952,left,OFF,3.0,5.14
2026-03-27T17:19:05.329594+00:00,12.893536,1774631945329594012,3181620,1774631945329891584,left,OFF,3.0,5.23
2026-03-27T17:19:05.345969+00:00,12.909911,1774631945345968912,3181636,1774631945345954048,left,OFF,3.0,5.23
2026-03-27T17:19:05.362435+00:00,12.926377,1774631945362435212,3181652,1774631945362051328,left,OFF,3.0,5.14
2026-03-27T17:19:05.377835+00:00,12.941777,1774631945377834812,3181668,1774631945378091520,left,OFF,3.0,5.14
2026-03-27T17:19:05.394328+00:00,12.958270,1774631945394327712,3181684,1774631945394169600,left,OFF,3.0,5.14
2026-03-27T17:19:05.409819+00:00,12.973761,1774631945409818912,3181700,1774631945410192640,left,OFF,3.0,5.23
2026-03-27T17:19:05.426215+00:00,12.990157,1774631945426215412,3181716,1774631945426250240,left,OFF,3.0,5.23
2026-03-27T17:19:05.442594+00:00,13.006536,1774631945442594412,3181732,1774631945442337536,left,OFF,3.0,5.23
2026-03-27T17:19:05.458153+00:00,13.022095,1774631945458152812,3181748,1774631945458374912,left,OFF,3.0,5.23
2026-03-27T17:19:05.474641+00:00,13.038583,1774631945474641012,3181764,1774631945474452480,left,OFF,3.0,5.23
2026-03-27T17:19:05.491162+00:00,13.055104,1774631945491162412,3181780,1774631945490565632,left,OFF,3.0,5.23
2026-03-27T17:19:05.506470+00:00,13.070412,1774631945506470412,3181796,1774631945506611968,left,OFF,3.0,5.23
2026-03-27T17:19:05.522918+00:00,13.086860,1774631945522917712,3181812,1774631945522690304,left,OFF,3.0,5.14
2026-03-27T17:19:05.538197+00:00,13.102139,1774631945538197312,3181828,1774631945538708480,left,OFF,3.0,5.14
2026-03-27T17:19:05.554549+00:00,13.118491,1774631945554548612,3181844,1774631945554752000,left,OFF,3.0,5.23
2026-03-27T17:19:05.571421+00:00,13.135363,1774631945571421412,3181860,1774631945570857472,left,OFF,3.0,5.14
2026-03-27T17:19:05.586525+00:00,13.150467,1774631945586525312,3181876,1774631945586889984,left,OFF,3.0,5.14
2026-03-27T17:19:05.602869+00:00,13.166811,1774631945602869212,3181892,1774631945602948352,left,OFF,3.0,5.23
2026-03-27T17:19:05.619414+00:00,13.183355,1774631945619413512,3181908,1774631945619045376,left,OFF,3.0,5.23
2026-03-27T17:19:05.634884+00:00,13.198826,1774631945634884012,3181924,1774631945635087872,left,OFF,3.1,5.32
2026-03-27T17:19:05.651254+00:00,13.215196,1774631945651254112,3181940,1774631945651164928,left,OFF,3.1,5.32
2026-03-27T17:19:05.666875+00:00,13.230816,1774631945666874612,3181956,1774631945667190272,left,OFF,3.1,5.32
2026-03-27T17:19:05.683163+00:00,13.247105,1774631945683162712,3181972,1774631945683243520,left,OFF,3.1,5.41
2026-03-27T17:19:05.699564+00:00,13.263506,1774631945699564512,3181988,1774631945699329536,left,OFF,3.1,5.41
2026-03-27T17:19:05.715160+00:00,13.279102,1774631945715160212,3182004,1774631945715363072,left,OFF,3.1,5.41
2026-03-27T17:19:05.733003+00:00,13.296945,1774631945733003312,3182020,1774631945731517952,left,OFF,3.1,5.41
2026-03-27T17:19:05.747844+00:00,13.311786,1774631945747843712,3182036,1774631945747611136,left,OFF,3.2,5.49
2026-03-27T17:19:05.763477+00:00,13.327419,1774631945763477012,3182052,1774631945763656704,left,OFF,3.2,5.49
2026-03-27T17:19:05.779834+00:00,13.343776,1774631945779833812,3182068,1774631945779727872,left,OFF,3.2,5.49
2026-03-27T17:19:05.795316+00:00,13.359258,1774631945795316512,3182084,1774631945795742720,left,OFF,3.2,5.58
2026-03-27T17:19:05.811818+00:00,13.375759,1774631945811817612,3182100,1774631945811803904,left,OFF,3.2,5.58
2026-03-27T17:19:05.828179+00:00,13.392121,1774631945828179312,3182116,1774631945827903744,left,OFF,3.2,5.58
2026-03-27T17:19:05.843558+00:00,13.407500,1774631945843557612,3182132,1774631945843929088,left,OFF,3.2,5.58
2026-03-27T17:19:05.860075+00:00,13.424017,1774631945860074912,3182148,1774631945860020480,left,OFF,3.2,5.58
2026-03-27T17:19:05.876408+00:00,13.440349,1774631945876407512,3182164,1774631945876118016,left,OFF,3.2,5.58
2026-03-27T17:19:05.891846+00:00,13.455788,1774631945891846312,3182180,1774631945892152064,left,OFF,3.2,5.58
2026-03-27T17:19:05.908228+00:00,13.472170,1774631945908228212,3182196,1774631945908227840,left,OFF,3.2,5.58
2026-03-27T17:19:05.923722+00:00,13.487664,1774631945923722112,3182212,1774631945924243968,left,OFF,3.2,5.58
2026-03-27T17:19:05.941851+00:00,13.505793,1774631945941851012,3182228,1774631945940403712,left,OFF,3.2,5.58
2026-03-27T17:19:05.957048+00:00,13.520990,1774631945957048312,3182244,1774631945956517888,left,OFF,3.2,5.58
2026-03-27T17:19:05.972925+00:00,13.536867,1774631945972924912,3182260,1774631945972601088,left,OFF,3.2,5.58
2026-03-27T17:19:05.988404+00:00,13.552345,1774631945988403612,3182276,1774631945988653056,left,OFF,3.2,5.58
2026-03-27T17:19:06.004824+00:00,13.568766,1774631946004823712,3182292,1774631946004743168,left,OFF,3.2,5.58
2026-03-27T17:19:06.020337+00:00,13.584279,1774631946020337412,3182308,1774631946020779264,left,OFF,3.2,5.58
2026-03-27T17:19:06.036709+00:00,13.600651,1774631946036709112,3182324,1774631946036843264,left,OFF,3.2,5.58
2026-03-27T17:19:06.052086+00:00,13.616028,1774631946052086312,3182340,1774631946052858368,left,OFF,3.2,5.58
2026-03-27T17:19:06.068646+00:00,13.632587,1774631946068645612,3182356,1774631946068905728,left,OFF,3.2,5.58
2026-03-27T17:19:06.085362+00:00,13.649304,1774631946085362412,3182372,1774631946085008640,left,OFF,3.2,5.58
2026-03-27T17:19:06.100393+00:00,13.664335,1774631946100392912,3182388,1774631946101022720,left,OFF,3.2,5.58
2026-03-27T17:19:06.116953+00:00,13.680895,1774631946116952712,3182404,1774631946117083648,left,OFF,3.3,5.67
2026-03-27T17:19:06.133651+00:00,13.697592,1774631946133650512,3182420,1774631946133192704,left,OFF,3.2,5.58
2026-03-27T17:19:06.148786+00:00,13.712728,1774631946148786012,3182436,1774631946149222400,left,OFF,3.3,5.67
2026-03-27T17:19:06.166213+00:00,13.730155,1774631946166213412,3182452,1774631946165348608,left,OFF,3.2,5.58
2026-03-27T17:19:06.181549+00:00,13.745491,1774631946181549012,3182468,1774631946181412096,left,OFF,3.3,5.67
2026-03-27T17:19:06.197624+00:00,13.761566,1774631946197623712,3182484,1774631946197484800,left,OFF,3.3,5.67
2026-03-27T17:19:06.213574+00:00,13.777516,1774631946213574512,3182500,1774631946213561856,left,OFF,3.3,5.67
2026-03-27T17:19:06.228925+00:00,13.792867,1774631946228925412,3182516,1774631946229577216,left,OFF,3.3,5.67
2026-03-27T17:19:06.245289+00:00,13.809231,1774631946245288912,3182532,1774631946245625856,left,OFF,3.3,5.67
2026-03-27T17:19:06.261930+00:00,13.825872,1774631946261929712,3182548,1774631946261716736,left,OFF,3.3,5.67
2026-03-27T17:19:06.277295+00:00,13.841237,1774631946277295012,3182564,1774631946277743360,left,OFF,3.3,5.67
2026-03-27T17:19:06.293695+00:00,13.857637,1774631946293695512,3182580,1774631946293806848,left,OFF,3.3,5.67
2026-03-27T17:19:06.309182+00:00,13.873124,1774631946309181712,3182596,1774631946309812480,left,OFF,3.3,5.67
2026-03-27T17:19:06.325614+00:00,13.889556,1774631946325614412,3182612,1774631946325859840,left,OFF,3.3,5.67
2026-03-27T17:19:06.341987+00:00,13.905929,1774631946341987012,3182628,1774631946341936128,left,OFF,3.3,5.67
2026-03-27T17:19:06.357517+00:00,13.921458,1774631946357516612,3182644,1774631946357958912,left,OFF,3.3,5.67
2026-03-27T17:19:06.376526+00:00,13.940468,1774631946376525712,3182660,1774631946374171648,left,OFF,3.3,5.67
2026-03-27T17:19:06.391038+00:00,13.954980,1774631946391038412,3182676,1774631946390298624,left,OFF,3.3,5.67
2026-03-27T17:19:06.407382+00:00,13.971323,1774631946407381512,3182692,1774631946406421248,left,OFF,3.3,5.67
2026-03-27T17:19:06.422264+00:00,13.986205,1774631946422263512,3182708,1774631946422482944,left,OFF,3.3,5.67
2026-03-27T17:19:06.437684+00:00,14.001626,1774631946437684212,3182724,1774631946438487808,left,OFF,3.3,5.67
2026-03-27T17:19:06.454092+00:00,14.018034,1774631946454092312,3182740,1774631946454524160,left,OFF,3.3,5.67
2026-03-27T17:19:06.470565+00:00,14.034507,1774631946470565112,3182756,1774631946470595840,left,OFF,3.3,5.67
2026-03-27T17:19:06.486019+00:00,14.049961,1774631946486019012,3182772,1774631946486614528,left,OFF,3.3,5.67
2026-03-27T17:19:06.502328+00:00,14.066270,1774631946502328412,3182788,1774631946502661888,left,OFF,3.3,5.67
2026-03-27T17:19:06.519010+00:00,14.082952,1774631946519010212,3182804,1774631946518761728,left,OFF,3.3,5.67
2026-03-27T17:19:06.534243+00:00,14.098185,1774631946534243212,3182820,1774631946534787584,left,OFF,3.3,5.67
2026-03-27T17:19:06.550635+00:00,14.114577,1774631946550635012,3182836,1774631946550845952,left,OFF,3.3,5.67
2026-03-27T17:19:06.566200+00:00,14.130142,1774631946566199712,3182852,1774631946566850304,left,OFF,3.3,5.76
2026-03-27T17:19:06.582592+00:00,14.146534,1774631946582592612,3182868,1774631946582883328,left,OFF,3.3,5.76
2026-03-27T17:19:06.601080+00:00,14.165022,1774631946601080212,3182884,1774631946599089408,left,OFF,3.3,5.76
2026-03-27T17:19:06.615806+00:00,14.179748,1774631946615806012,3182900,1774631946615182080,left,OFF,3.3,5.76
2026-03-27T17:19:06.632789+00:00,14.196731,1774631946632789012,3182916,1774631946631337728,left,OFF,3.3,5.76
2026-03-27T17:19:06.647359+00:00,14.211301,1774631946647359012,3182932,1774631946647414528,left,OFF,3.3,5.67
2026-03-27T17:19:06.663025+00:00,14.226967,1774631946663024812,3182948,1774631946663448576,left,OFF,3.3,5.67
2026-03-27T17:19:06.679189+00:00,14.243131,1774631946679188712,3182964,1774631946679498496,left,OFF,3.2,5.58
2026-03-27T17:19:06.694641+00:00,14.258583,1774631946694641412,3182980,1774631946695497216,left,OFF,3.2,5.49
2026-03-27T17:19:06.711043+00:00,14.274985,1774631946711042812,3182996,1774631946711524096,left,OFF,3.2,5.49
2026-03-27T17:19:06.727640+00:00,14.291582,1774631946727640112,3183012,1774631946727594496,left,OFF,3.1,5.41
2026-03-27T17:19:06.742992+00:00,14.306934,1774631946742992212,3183028,1774631946743606528,left,OFF,3.1,5.41
2026-03-27T17:19:06.759291+00:00,14.323233,1774631946759290712,3183044,1774631946759689216,left,OFF,3.1,5.32
2026-03-27T17:19:06.775780+00:00,14.339722,1774631946775779712,3183060,1774631946775762176,left,OFF,3.1,5.32
2026-03-27T17:19:06.791385+00:00,14.355327,1774631946791385212,3183076,1774631946791793664,left,OFF,3.1,5.32
2026-03-27T17:19:06.808399+00:00,14.372341,1774631946808399412,3183092,1774631946807892736,left,OFF,3.1,5.32
2026-03-27T17:19:06.823817+00:00,14.387759,1774631946823816812,3183108,1774631946823933696,left,OFF,3.1,5.32
2026-03-27T17:19:06.840229+00:00,14.404171,1774631946840229012,3183124,1774631946840008448,left,OFF,3.1,5.32
2026-03-27T17:19:06.855977+00:00,14.419918,1774631946855976612,3183140,1774631946856073216,left,OFF,3.1,5.32
2026-03-27T17:19:06.871409+00:00,14.435351,1774631946871409012,3183156,1774631946872078336,left,OFF,3.1,5.32
2026-03-27T17:19:06.887897+00:00,14.451839,1774631946887897312,3183172,1774631946888123904,left,OFF,3.1,5.32
2026-03-27T17:19:06.904308+00:00,14.468250,1774631946904307812,3183188,1774631946904199168,left,OFF,3.1,5.32
2026-03-27T17:19:06.919644+00:00,14.483586,1774631946919644412,3183204,1774631946920210944,left,OFF,3.1,5.32
2026-03-27T17:19:06.936240+00:00,14.500182,1774631946936240412,3183220,1774631946936265728,left,OFF,3.0,5.23
2026-03-27T17:19:06.951574+00:00,14.515516,1774631946951574312,3183236,1774631946952258048,left,OFF,3.0,5.23
2026-03-27T17:19:06.968106+00:00,14.532048,1774631946968105812,3183252,1774631946968343552,left,OFF,3.0,5.23
2026-03-27T17:19:06.984573+00:00,14.548515,1774631946984573112,3183268,1774631946984429568,left,OFF,3.1,5.32
2026-03-27T17:19:06.999958+00:00,14.563900,1774631946999958112,3183284,1774631947000469248,left,OFF,3.0,5.23
2026-03-27T17:19:07.016335+00:00,14.580277,1774631947016334812,3183300,1774631947016510976,left,OFF,3.0,5.23
2026-03-27T17:19:07.032840+00:00,14.596782,1774631947032840312,3183316,1774631947032590848,left,OFF,3.0,5.23
2026-03-27T17:19:07.048242+00:00,14.612184,1774631947048241712,3183332,1774631947048613632,left,OFF,3.1,5.32
2026-03-27T17:19:07.064713+00:00,14.628654,1774631947064712412,3183348,1774631947064670720,left,OFF,3.0,5.23
2026-03-27T17:19:07.080042+00:00,14.643984,1774631947080041712,3183364,1774631947080662016,left,OFF,3.1,5.32
2026-03-27T17:19:07.096729+00:00,14.660671,1774631947096729312,3183380,1774631947096706816,left,OFF,3.0,5.23
2026-03-27T17:19:07.113150+00:00,14.677092,1774631947113149912,3183396,1774631947112793856,left,OFF,3.1,5.32
2026-03-27T17:19:07.128435+00:00,14.692377,1774631947128435112,3183412,1774631947128801536,left,OFF,3.0,5.23
2026-03-27T17:19:07.144829+00:00,14.708771,1774631947144829212,3183428,1774631947144844800,left,OFF,3.1,5.32
2026-03-27T17:19:07.161380+00:00,14.725322,1774631947161380212,3183444,1774631947160937984,left,OFF,3.0,5.23
2026-03-27T17:19:07.176780+00:00,14.740722,1774631947176780212,3183460,1774631947176962304,left,OFF,3.1,5.32
2026-03-27T17:19:07.193175+00:00,14.757116,1774631947193174412,3183476,1774631947193049600,left,OFF,3.1,5.32
2026-03-27T17:19:07.208774+00:00,14.772716,1774631947208774312,3183492,1774631947209087232,left,OFF,3.1,5.32
2026-03-27T17:19:07.225056+00:00,14.788998,1774631947225055712,3183508,1774631947225139456,left,OFF,3.1,5.32
2026-03-27T17:19:07.241652+00:00,14.805594,1774631947241651712,3183524,1774631947241222144,left,OFF,3.0,5.23
2026-03-27T17:19:07.256801+00:00,14.820743,1774631947256801312,3183540,1774631947257226496,left,OFF,3.1,5.32
2026-03-27T17:19:07.273467+00:00,14.837409,1774631947273467512,3183556,1774631947273277184,left,OFF,3.1,5.32
2026-03-27T17:19:07.289891+00:00,14.853833,1774631947289890912,3183572,1774631947289368064,left,OFF,3.1,5.32
2026-03-27T17:19:07.305240+00:00,14.869182,1774631947305239812,3183588,1774631947305393152,left,OFF,3.1,5.32
2026-03-27T17:19:07.321707+00:00,14.885649,1774631947321706712,3183604,1774631947321453824,left,OFF,3.1,5.32
2026-03-27T17:19:07.337159+00:00,14.901101,1774631947337158912,3183620,1774631947337459200,left,OFF,3.1,5.32
2026-03-27T17:19:07.353547+00:00,14.917489,1774631947353547012,3183636,1774631947353496064,left,OFF,3.0,5.23
2026-03-27T17:19:07.370046+00:00,14.933988,1774631947370045612,3183652,1774631947369569280,left,OFF,3.1,5.32
2026-03-27T17:19:07.385476+00:00,14.949417,1774631947385475612,3183668,1774631947385587456,left,OFF,3.0,5.23
2026-03-27T17:19:07.401834+00:00,14.965776,1774631947401834512,3183684,1774631947401715456,left,OFF,3.1,5.32
2026-03-27T17:19:07.418362+00:00,14.982304,1774631947418361812,3183700,1774631947417827328,left,OFF,3.1,5.32
2026-03-27T17:19:07.433806+00:00,14.997748,1774631947433805712,3183716,1774631947433911552,left,OFF,3.1,5.32
2026-03-27T17:19:07.450291+00:00,15.014233,1774631947450291412,3183732,1774631947449986560,left,OFF,3.1,5.32
2026-03-27T17:19:07.465563+00:00,15.029504,1774631947465562612,3183748,1774631947465993216,left,OFF,3.1,5.32
2026-03-27T17:19:07.482148+00:00,15.046090,1774631947482148212,3183764,1774631947482043136,left,OFF,3.1,5.32
2026-03-27T17:19:07.498522+00:00,15.062464,1774631947498522212,3183780,1774631947498124544,left,OFF,3.1,5.32
2026-03-27T17:19:07.513917+00:00,15.077858,1774631947513916612,3183796,1774631947514146048,left,OFF,3.1,5.32
2026-03-27T17:19:07.530449+00:00,15.094391,1774631947530449312,3183812,1774631947530204416,left,OFF,3.1,5.41
2026-03-27T17:19:07.546792+00:00,15.110734,1774631947546792312,3183828,1774631947546299136,left,OFF,3.1,5.41
2026-03-27T17:19:07.562199+00:00,15.126140,1774631947562198612,3183844,1774631947562327808,left,OFF,3.1,5.41
2026-03-27T17:19:07.578660+00:00,15.142602,1774631947578660112,3183860,1774631947578391552,left,OFF,3.1,5.41
2026-03-27T17:19:07.594200+00:00,15.158142,1774631947594200312,3183876,1774631947594407680,left,OFF,3.1,5.41
2026-03-27T17:19:07.610596+00:00,15.174537,1774631947610595512,3183892,1774631947610454528,left,OFF,3.1,5.41
2026-03-27T17:19:07.626960+00:00,15.190901,1774631947626959512,3183908,1774631947626595328,left,OFF,3.1,5.41
2026-03-27T17:19:07.642500+00:00,15.206442,1774631947642500012,3183924,1774631947642665728,left,OFF,3.1,5.41
2026-03-27T17:19:07.658877+00:00,15.222819,1774631947658877412,3183940,1774631947658786048,left,OFF,3.1,5.41
2026-03-27T17:19:07.675251+00:00,15.239192,1774631947675250412,3183956,1774631947674881536,left,OFF,3.1,5.41
2026-03-27T17:19:07.690730+00:00,15.254672,1774631947690730112,3183972,1774631947690928896,left,OFF,3.1,5.41
2026-03-27T17:19:07.707247+00:00,15.271188,1774631947707246612,3183988,1774631947707007744,left,OFF,3.1,5.41
2026-03-27T17:19:07.723186+00:00,15.287128,1774631947723185912,3184004,1774631947723059968,left,OFF,3.1,5.41
2026-03-27T17:19:07.739005+00:00,15.302947,1774631947739004712,3184020,1774631947739106816,left,OFF,3.2,5.49
2026-03-27T17:19:07.755686+00:00,15.319628,1774631947755685712,3184036,1774631947755208448,left,OFF,3.1,5.41
2026-03-27T17:19:07.770936+00:00,15.334878,1774631947770936012,3184052,1774631947771238144,left,OFF,3.2,5.49
2026-03-27T17:19:07.787332+00:00,15.351273,1774631947787331612,3184068,1774631947787296000,left,OFF,3.2,5.49
2026-03-27T17:19:07.803899+00:00,15.367841,1774631947803899512,3184084,1774631947803397376,left,OFF,3.2,5.49
2026-03-27T17:19:07.819326+00:00,15.383268,1774631947819326512,3184100,1774631947819446016,left,OFF,3.2,5.49
2026-03-27T17:19:07.835675+00:00,15.399617,1774631947835674912,3184116,1774631947835541504,left,OFF,3.2,5.49
2026-03-27T17:19:07.851042+00:00,15.414984,1774631947851042412,3184132,1774631947851576064,left,OFF,3.2,5.49
2026-03-27T17:19:07.867690+00:00,15.431632,1774631947867690212,3184148,1774631947867657984,left,OFF,3.2,5.49
2026-03-27T17:19:07.884091+00:00,15.448033,1774631947884091112,3184164,1774631947883751168,left,OFF,3.2,5.49
2026-03-27T17:19:07.899509+00:00,15.463451,1774631947899508912,3184180,1774631947899785728,left,OFF,3.2,5.49
2026-03-27T17:19:07.915905+00:00,15.479847,1774631947915905512,3184196,1774631947915853312,left,OFF,3.2,5.49
2026-03-27T17:19:07.932373+00:00,15.496314,1774631947932372412,3184212,1774631947931956992,left,OFF,3.2,5.49
2026-03-27T17:19:07.947815+00:00,15.511757,1774631947947814812,3184228,1774631947947999744,left,OFF,3.2,5.49
2026-03-27T17:19:07.964190+00:00,15.528131,1774631947964189412,3184244,1774631947964078080,left,OFF,3.2,5.49
2026-03-27T17:19:07.979664+00:00,15.543606,1774631947979663712,3184260,1774631947980097536,left,OFF,3.2,5.49
2026-03-27T17:19:07.996112+00:00,15.560054,1774631947996111812,3184276,1774631947996155392,left,OFF,3.2,5.49
2026-03-27T17:19:08.012883+00:00,15.576825,1774631948012883212,3184292,1774631948012269056,left,OFF,3.2,5.49
2026-03-27T17:19:08.027966+00:00,15.591908,1774631948027966312,3184308,1774631948028301312,left,OFF,3.2,5.49
2026-03-27T17:19:08.044359+00:00,15.608301,1774631948044358812,3184324,1774631948044363264,left,OFF,3.2,5.49
2026-03-27T17:19:08.060747+00:00,15.624689,1774631948060747112,3184340,1774631948060459264,left,OFF,3.2,5.58
2026-03-27T17:19:08.076207+00:00,15.640149,1774631948076207212,3184356,1774631948076497920,left,OFF,3.2,5.49
2026-03-27T17:19:08.092705+00:00,15.656646,1774631948092704512,3184372,1774631948092576000,left,OFF,3.2,5.58
2026-03-27T17:19:08.108155+00:00,15.672097,1774631948108155012,3184388,1774631948108593664,left,OFF,3.2,5.49
2026-03-27T17:19:08.124662+00:00,15.688604,1774631948124662012,3184404,1774631948124657920,left,OFF,3.2,5.58
2026-03-27T17:19:08.141068+00:00,15.705010,1774631948141068312,3184420,1774631948140754432,left,OFF,3.2,5.58
2026-03-27T17:19:08.156411+00:00,15.720353,1774631948156411112,3184436,1774631948156782592,left,OFF,3.2,5.49
2026-03-27T17:19:08.172931+00:00,15.736873,1774631948172931412,3184452,1774631948172849152,left,OFF,3.2,5.58
2026-03-27T17:19:08.189394+00:00,15.753336,1774631948189394412,3184468,1774631948188955648,left,OFF,3.2,5.58
2026-03-27T17:19:08.204713+00:00,15.768655,1774631948204713212,3184484,1774631948204995840,left,OFF,3.2,5.49
2026-03-27T17:19:08.221170+00:00,15.785112,1774631948221170512,3184500,1774631948221070592,left,OFF,3.2,5.58
2026-03-27T17:19:08.236502+00:00,15.800444,1774631948236502312,3184516,1774631948237086208,left,OFF,3.2,5.58
2026-03-27T17:19:08.253023+00:00,15.816965,1774631948253022912,3184532,1774631948253136896,left,OFF,3.2,5.58
2026-03-27T17:19:08.269422+00:00,15.833364,1774631948269422112,3184548,1774631948269224960,left,OFF,3.2,5.58
2026-03-27T17:19:08.284830+00:00,15.848772,1774631948284830212,3184564,1774631948285244928,left,OFF,3.2,5.58
2026-03-27T17:19:08.302228+00:00,15.866170,1774631948302228412,3184580,1774631948301365248,left,OFF,3.2,5.49
2026-03-27T17:19:08.317805+00:00,15.881747,1774631948317805112,3184596,1774631948317466368,left,OFF,3.2,5.58
2026-03-27T17:19:08.333212+00:00,15.897153,1774631948333211612,3184612,1774631948333505024,left,OFF,3.2,5.49
2026-03-27T17:19:08.349597+00:00,15.913538,1774631948349596412,3184628,1774631948349575936,left,OFF,3.2,5.58
2026-03-27T17:19:08.365181+00:00,15.929123,1774631948365180912,3184644,1774631948365598720,left,OFF,3.2,5.58
2026-03-27T17:19:08.381472+00:00,15.945414,1774631948381472012,3184660,1774631948381645824,left,OFF,3.2,5.58
2026-03-27T17:19:08.397870+00:00,15.961812,1774631948397870112,3184676,1774631948397726976,left,OFF,3.2,5.58
2026-03-27T17:19:08.413408+00:00,15.977350,1774631948413408212,3184692,1774631948413756672,left,OFF,3.2,5.58
2026-03-27T17:19:08.429828+00:00,15.993770,1774631948429827712,3184708,1774631948429817600,left,OFF,3.2,5.58
2026-03-27T17:19:08.446566+00:00,16.010508,1774631948446566212,3184724,1774631948445934336,left,OFF,3.2,5.58
2026-03-27T17:19:08.461779+00:00,16.025721,1774631948461779312,3184740,1774631948461979392,left,OFF,3.2,5.49
2026-03-27T17:19:08.478145+00:00,16.042087,1774631948478145112,3184756,1774631948478056448,left,OFF,3.2,5.58
2026-03-27T17:19:08.493464+00:00,16.057406,1774631948493464212,3184772,1774631948494063360,left,OFF,3.2,5.58
2026-03-27T17:19:08.510022+00:00,16.073963,1774631948510021512,3184788,1774631948510117120,left,OFF,3.2,5.58
2026-03-27T17:19:08.526406+00:00,16.090348,1774631948526406312,3184804,1774631948526200576,left,OFF,3.2,5.58
2026-03-27T17:19:08.541969+00:00,16.105911,1774631948541968812,3184820,1774631948542232832,left,OFF,3.2,5.58
2026-03-27T17:19:08.558585+00:00,16.122527,1774631948558585012,3184836,1774631948558312960,left,OFF,3.2,5.58
2026-03-27T17:19:08.575027+00:00,16.138969,1774631948575026912,3184852,1774631948574425344,left,OFF,3.2,5.58
2026-03-27T17:19:08.590229+00:00,16.154171,1774631948590229312,3184868,1774631948590464256,left,OFF,3.2,5.58
2026-03-27T17:19:08.606501+00:00,16.170443,1774631948606500612,3184884,1774631948606528512,left,OFF,3.2,5.58
2026-03-27T17:19:08.622200+00:00,16.186142,1774631948622199912,3184900,1774631948622554368,left,OFF,3.2,5.58
2026-03-27T17:19:08.638447+00:00,16.202389,1774631948638447412,3184916,1774631948638601984,left,OFF,3.2,5.58
2026-03-27T17:19:08.654911+00:00,16.218853,1774631948654911012,3184932,1774631948654683392,left,OFF,3.2,5.49
2026-03-27T17:19:08.670445+00:00,16.234387,1774631948670445012,3184948,1774631948670716672,left,OFF,3.2,5.58
2026-03-27T17:19:08.686756+00:00,16.250698,1774631948686755912,3184964,1774631948686774784,left,OFF,3.2,5.58
2026-03-27T17:19:08.703355+00:00,16.267297,1774631948703355512,3184980,1774631948702875392,left,OFF,3.2,5.58
2026-03-27T17:19:08.718694+00:00,16.282636,1774631948718694412,3184996,1774631948718914048,left,OFF,3.2,5.58
2026-03-27T17:19:08.735133+00:00,16.299075,1774631948735132912,3185012,1774631948734989568,left,OFF,3.2,5.49
2026-03-27T17:19:08.750507+00:00,16.314449,1774631948750506912,3185028,1774631948751019264,left,OFF,3.2,5.58
2026-03-27T17:19:08.767184+00:00,16.331126,1774631948767184212,3185044,1774631948767079936,left,OFF,3.2,5.58
2026-03-27T17:19:08.783526+00:00,16.347468,1774631948783526412,3185060,1774631948783176960,left,OFF,3.2,5.58
2026-03-27T17:19:08.798829+00:00,16.362771,1774631948798829012,3185076,1774631948799202048,left,OFF,3.2,5.58
2026-03-27T17:19:08.815197+00:00,16.379138,1774631948815196412,3185092,1774631948815256576,left,OFF,3.2,5.58
2026-03-27T17:19:08.831944+00:00,16.395885,1774631948831943312,3185108,1774631948831368960,left,OFF,3.2,5.58
2026-03-27T17:19:08.847231+00:00,16.411173,1774631948847231112,3185124,1774631948847414016,left,OFF,3.2,5.58
2026-03-27T17:19:08.863575+00:00,16.427518,1774631948863575612,3185140,1774631948863485184,left,OFF,3.2,5.58
2026-03-27T17:19:08.879072+00:00,16.443014,1774631948879072512,3185156,1774631948879500544,left,OFF,3.2,5.58
2026-03-27T17:19:08.895680+00:00,16.459622,1774631948895679912,3185172,1774631948895567360,left,OFF,3.2,5.58
2026-03-27T17:19:08.911863+00:00,16.475805,1774631948911863312,3185188,1774631948911652096,left,OFF,3.2,5.58
2026-03-27T17:19:08.927288+00:00,16.491230,1774631948927287812,3185204,1774631948927677952,left,OFF,3.2,5.58
2026-03-27T17:19:08.943760+00:00,16.507702,1774631948943760112,3185220,1774631948943739648,left,OFF,3.2,5.58
2026-03-27T17:19:08.960223+00:00,16.524165,1774631948960223012,3185236,1774631948959838720,left,OFF,3.2,5.58
2026-03-27T17:19:08.975573+00:00,16.539514,1774631948975572512,3185252,1774631948975874816,left,OFF,3.2,5.58
2026-03-27T17:19:08.992375+00:00,16.556317,1774631948992375012,3185268,1774631948991966464,left,OFF,3.2,5.58
2026-03-27T17:19:09.007527+00:00,16.571469,1774631949007526912,3185284,1774631949007983872,left,OFF,3.2,5.49
2026-03-27T17:19:09.024204+00:00,16.588146,1774631949024204112,3185300,1774631949024050944,left,OFF,3.2,5.58
2026-03-27T17:19:09.040544+00:00,16.604486,1774631949040543712,3185316,1774631949040156928,left,OFF,3.2,5.58
2026-03-27T17:19:09.055858+00:00,16.619799,1774631949055857612,3185332,1774631949056187392,left,OFF,3.2,5.58
2026-03-27T17:19:09.072350+00:00,16.636292,1774631949072349812,3185348,1774631949072254208,left,OFF,3.2,5.58
2026-03-27T17:19:09.088782+00:00,16.652724,1774631949088782212,3185364,1774631949088353792,left,OFF,3.2,5.58
2026-03-27T17:19:09.104433+00:00,16.668375,1774631949104433512,3185380,1774631949104409856,left,OFF,3.2,5.58
2026-03-27T17:19:09.120587+00:00,16.684529,1774631949120587312,3185396,1774631949120484352,left,OFF,3.2,5.58
2026-03-27T17:19:09.136762+00:00,16.700704,1774631949136761712,3185412,1774631949136546816,left,OFF,3.2,5.49
2026-03-27T17:19:09.152580+00:00,16.716521,1774631949152579612,3185428,1774631949152607232,left,OFF,3.2,5.58
2026-03-27T17:19:09.168976+00:00,16.732918,1774631949168975712,3185444,1774631949168699136,left,OFF,3.2,5.58
2026-03-27T17:19:09.184450+00:00,16.748392,1774631949184450312,3185460,1774631949184732416,left,OFF,3.2,5.58
2026-03-27T17:19:09.201086+00:00,16.765028,1774631949201085912,3185476,1774631949200815360,left,OFF,3.2,5.58
2026-03-27T17:19:09.217293+00:00,16.781235,1774631949217293012,3185492,1774631949216919296,left,OFF,3.2,5.58
2026-03-27T17:19:09.233202+00:00,16.797144,1774631949233201712,3185508,1774631949232990464,left,OFF,3.2,5.58
2026-03-27T17:19:09.249668+00:00,16.813609,1774631949249667612,3185524,1774631949249098240,left,OFF,3.2,5.58
2026-03-27T17:19:09.265165+00:00,16.829107,1774631949265165312,3185540,1774631949265147904,left,OFF,3.2,5.58
2026-03-27T17:19:09.280927+00:00,16.844870,1774631949280927612,3185556,1774631949281192448,left,OFF,3.2,5.58
2026-03-27T17:19:09.297931+00:00,16.861873,1774631949297931112,3185572,1774631949297305344,left,OFF,3.2,5.58
2026-03-27T17:19:09.313051+00:00,16.876993,1774631949313051412,3185588,1774631949313339392,left,OFF,3.2,5.58
2026-03-27T17:19:09.329601+00:00,16.893543,1774631949329600912,3185604,1774631949329444608,left,OFF,3.2,5.58
2026-03-27T17:19:09.345842+00:00,16.909784,1774631949345842412,3185620,1774631949345546496,left,OFF,3.2,5.58
2026-03-27T17:19:09.361322+00:00,16.925264,1774631949361322512,3185636,1774631949361592320,left,OFF,3.2,5.58
2026-03-27T17:19:09.377794+00:00,16.941735,1774631949377793412,3185652,1774631949377672960,left,OFF,3.2,5.58
2026-03-27T17:19:09.393180+00:00,16.957121,1774631949393179612,3185668,1774631949393697024,left,OFF,3.2,5.58
2026-03-27T17:19:09.409547+00:00,16.973489,1774631949409546712,3185684,1774631949409746688,left,OFF,3.2,5.58
2026-03-27T17:19:09.425970+00:00,16.989912,1774631949425970112,3185700,1774631949425829120,left,OFF,3.2,5.58
2026-03-27T17:19:09.441374+00:00,17.005316,1774631949441374212,3185716,1774631949441854464,left,OFF,3.2,5.58
2026-03-27T17:19:09.458591+00:00,17.022533,1774631949458591312,3185732,1774631949457961728,left,OFF,3.2,5.58
2026-03-27T17:19:09.474235+00:00,17.038177,1774631949474235212,3185748,1774631949474063360,left,OFF,3.2,5.58
2026-03-27T17:19:09.489787+00:00,17.053729,1774631949489787212,3185764,1774631949490107904,left,OFF,3.2,5.58
2026-03-27T17:19:09.506186+00:00,17.070128,1774631949506186212,3185780,1774631949506182400,left,OFF,3.2,5.58
2026-03-27T17:19:09.521602+00:00,17.085544,1774631949521602012,3185796,1774631949522194176,left,OFF,3.2,5.58
2026-03-27T17:19:09.538036+00:00,17.101978,1774631949538036212,3185812,1774631949538243840,left,OFF,3.2,5.58
2026-03-27T17:19:09.554530+00:00,17.118472,1774631949554530212,3185828,1774631949554329856,left,OFF,3.2,5.58
2026-03-27T17:19:09.569837+00:00,17.133779,1774631949569837412,3185844,1774631949570353920,left,OFF,3.2,5.58
2026-03-27T17:19:09.586378+00:00,17.150320,1774631949586377912,3185860,1774631949586424576,left,OFF,3.2,5.58
2026-03-27T17:19:09.602742+00:00,17.166684,1774631949602742312,3185876,1774631949602525952,left,OFF,3.2,5.58
2026-03-27T17:19:09.618183+00:00,17.182125,1774631949618183212,3185892,1774631949618562816,left,OFF,3.2,5.58
2026-03-27T17:19:09.634548+00:00,17.198490,1774631949634548512,3185908,1774631949634624768,left,OFF,3.2,5.58
2026-03-27T17:19:09.649909+00:00,17.213851,1774631949649909212,3185924,1774631949650632704,left,OFF,3.2,5.58
2026-03-27T17:19:09.666587+00:00,17.230529,1774631949666587512,3185940,1774631949666684160,left,OFF,3.3,5.67
2026-03-27T17:19:09.685194+00:00,17.249136,1774631949685194212,3185956,1774631949682903552,left,OFF,3.2,5.58
2026-03-27T17:19:09.699026+00:00,17.262968,1774631949699025912,3185972,1774631949698966784,left,OFF,3.2,5.58
2026-03-27T17:19:09.714866+00:00,17.278808,1774631949714865712,3185988,1774631949715023360,left,OFF,3.2,5.58
2026-03-27T17:19:09.731273+00:00,17.295215,1774631949731273412,3186004,1774631949731117568,left,OFF,3.2,5.58
2026-03-27T17:19:09.746580+00:00,17.310522,1774631949746580012,3186020,1774631949747143168,left,OFF,3.3,5.67
2026-03-27T17:19:09.763170+00:00,17.327112,1774631949763170412,3186036,1774631949763213056,left,OFF,3.2,5.58
2026-03-27T17:19:09.778584+00:00,17.342526,1774631949778584212,3186052,1774631949779221504,left,OFF,3.3,5.67
2026-03-27T17:19:09.794906+00:00,17.358848,1774631949794905812,3186068,1774631949795265024,left,OFF,3.3,5.67
2026-03-27T17:19:09.811316+00:00,17.375258,1774631949811316412,3186084,1774631949811339008,left,OFF,3.3,5.67
2026-03-27T17:19:09.826858+00:00,17.390800,1774631949826858212,3186100,1774631949827357696,left,OFF,3.3,5.67
2026-03-27T17:19:09.843286+00:00,17.407228,1774631949843286112,3186116,1774631949843408128,left,OFF,3.3,5.67
2026-03-27T17:19:09.859697+00:00,17.423639,1774631949859697412,3186132,1774631949859501312,left,OFF,3.3,5.67
2026-03-27T17:19:09.875436+00:00,17.439378,1774631949875436012,3186148,1774631949875550464,left,OFF,3.3,5.67
2026-03-27T17:19:09.893420+00:00,17.457361,1774631949893419412,3186164,1774631949891725568,left,OFF,3.3,5.67
2026-03-27T17:19:09.909454+00:00,17.473396,1774631949909453812,3186180,1774631949907878912,left,OFF,3.3,5.67
2026-03-27T17:19:09.923716+00:00,17.487658,1774631949923715912,3186196,1774631949923935488,left,OFF,3.3,5.67
2026-03-27T17:19:09.940109+00:00,17.504051,1774631949940109512,3186212,1774631949940016384,left,OFF,3.3,5.67
2026-03-27T17:19:09.955354+00:00,17.519296,1774631949955354312,3186228,1774631949956026880,left,OFF,3.3,5.67
2026-03-27T17:19:09.971740+00:00,17.535682,1774631949971739912,3186244,1774631949972069888,left,OFF,3.3,5.67
2026-03-27T17:19:09.988322+00:00,17.552264,1774631949988322112,3186260,1774631949988156928,left,OFF,3.3,5.67
2026-03-27T17:19:10.003713+00:00,17.567655,1774631950003712912,3186276,1774631950004180992,left,OFF,3.3,5.67
2026-03-27T17:19:10.020069+00:00,17.584011,1774631950020069312,3186292,1774631950020245504,left,OFF,3.3,5.67
2026-03-27T17:19:10.035638+00:00,17.599580,1774631950035637712,3186308,1774631950036251904,left,OFF,3.3,5.67
2026-03-27T17:19:10.051934+00:00,17.615876,1774631950051933812,3186324,1774631950052291840,left,OFF,3.3,5.67
2026-03-27T17:19:10.068374+00:00,17.632316,1774631950068374012,3186340,1774631950068363776,left,OFF,3.3,5.67
2026-03-27T17:19:10.083871+00:00,17.647813,1774631950083871012,3186356,1774631950084377856,left,OFF,3.3,5.67
2026-03-27T17:19:10.101485+00:00,17.665427,1774631950101484712,3186372,1774631950100500480,left,OFF,3.3,5.67
2026-03-27T17:19:10.117059+00:00,17.681000,1774631950117058512,3186388,1774631950116602624,left,OFF,3.3,5.67
2026-03-27T17:19:10.133031+00:00,17.696973,1774631950133030612,3186404,1774631950132686336,left,OFF,3.3,5.67
2026-03-27T17:19:10.148611+00:00,17.712553,1774631950148611112,3186420,1774631950148742656,left,OFF,3.3,5.76
2026-03-27T17:19:10.163981+00:00,17.727923,1774631950163981412,3186436,1774631950164760064,left,OFF,3.3,5.76
2026-03-27T17:19:10.180561+00:00,17.744503,1774631950180561212,3186452,1774631950180802560,left,OFF,3.3,5.67
2026-03-27T17:19:10.196899+00:00,17.760841,1774631950196898712,3186468,1774631950196872192,left,OFF,3.3,5.76
2026-03-27T17:19:10.212255+00:00,17.776197,1774631950212255012,3186484,1774631950212880640,left,OFF,3.3,5.76
2026-03-27T17:19:10.228785+00:00,17.792727,1774631950228784612,3186500,1774631950228935680,left,OFF,3.3,5.76
2026-03-27T17:19:10.245241+00:00,17.809183,1774631950245241112,3186516,1774631950245019648,left,OFF,3.3,5.76
2026-03-27T17:19:10.260609+00:00,17.824551,1774631950260609012,3186532,1774631950261056768,left,OFF,3.3,5.76
2026-03-27T17:19:10.277175+00:00,17.841117,1774631950277175412,3186548,1774631950277137920,left,OFF,3.3,5.76
2026-03-27T17:19:10.292570+00:00,17.856512,1774631950292570312,3186564,1774631950293161216,left,OFF,3.3,5.76
2026-03-27T17:19:10.312034+00:00,17.875976,1774631950312034412,3186580,1774631950309383936,left,OFF,3.3,5.76
2026-03-27T17:19:10.326061+00:00,17.890003,1774631950326061512,3186596,1774631950325507328,left,OFF,3.3,5.76
2026-03-27T17:19:10.341650+00:00,17.905592,1774631950341649812,3186612,1774631950341572096,left,OFF,3.3,5.67
2026-03-27T17:19:10.357258+00:00,17.921200,1774631950357257812,3186628,1774631950357623296,left,OFF,3.3,5.76
2026-03-27T17:19:10.373886+00:00,17.937828,1774631950373886112,3186644,1774631950373715200,left,OFF,3.3,5.67
2026-03-27T17:19:10.389147+00:00,17.953089,1774631950389146812,3186660,1774631950389740032,left,OFF,3.3,5.76
2026-03-27T17:19:10.405560+00:00,17.969502,1774631950405560112,3186676,1774631950405799168,left,OFF,3.3,5.67
2026-03-27T17:19:10.421087+00:00,17.985029,1774631950421086912,3186692,1774631950421804800,left,OFF,3.3,5.67
2026-03-27T17:19:10.437504+00:00,18.001446,1774631950437504212,3186708,1774631950437841664,left,OFF,3.3,5.67
2026-03-27T17:19:10.453866+00:00,18.017809,1774631950453866612,3186724,1774631950453908224,left,OFF,3.2,5.58
2026-03-27T17:19:10.469370+00:00,18.033311,1774631950469369512,3186740,1774631950469920256,left,OFF,3.2,5.58
2026-03-27T17:19:10.486162+00:00,18.050104,1774631950486162412,3186756,1774631950486012928,left,OFF,3.2,5.58
2026-03-27T17:19:10.502199+00:00,18.066141,1774631950502199412,3186772,1774631950502091520,left,OFF,3.2,5.49
2026-03-27T17:19:10.517498+00:00,18.081440,1774631950517497912,3186788,1774631950518107904,left,OFF,3.2,5.49
2026-03-27T17:19:10.534112+00:00,18.098054,1774631950534112512,3186804,1774631950534168576,left,OFF,3.2,5.49
2026-03-27T17:19:10.552106+00:00,18.116048,1774631950552105712,3186820,1774631950550327040,left,OFF,3.2,5.49
2026-03-27T17:19:10.567932+00:00,18.131874,1774631950567931912,3186836,1774631950566479360,left,OFF,3.2,5.49
2026-03-27T17:19:10.583553+00:00,18.147495,1774631950583552812,3186852,1774631950582615040,left,OFF,3.2,5.58
2026-03-27T17:19:10.597899+00:00,18.161841,1774631950597899112,3186868,1774631950598621440,left,OFF,3.2,5.49
2026-03-27T17:19:10.614235+00:00,18.178176,1774631950614234612,3186884,1774631950614658816,left,OFF,3.2,5.49
2026-03-27T17:19:10.630743+00:00,18.194685,1774631950630743212,3186900,1774631950630733312,left,OFF,3.2,5.49
2026-03-27T17:19:10.646126+00:00,18.210068,1774631950646126112,3186916,1774631950646746880,left,OFF,3.2,5.49
2026-03-27T17:19:10.662465+00:00,18.226407,1774631950662464712,3186932,1774631950662786816,left,OFF,3.2,5.49
2026-03-27T17:19:10.678105+00:00,18.242047,1774631950678105212,3186948,1774631950678778880,left,OFF,3.2,5.49
2026-03-27T17:19:10.694491+00:00,18.258433,1774631950694490612,3186964,1774631950694810112,left,OFF,3.2,5.49
2026-03-27T17:19:10.710840+00:00,18.274783,1774631950710840612,3186980,1774631950710938368,left,OFF,3.2,5.49
2026-03-27T17:19:10.726243+00:00,18.290185,1774631950726243512,3186996,1774631950726959872,left,OFF,3.2,5.49
2026-03-27T17:19:10.742740+00:00,18.306682,1774631950742740012,3187012,1774631950743002368,left,OFF,3.2,5.49
2026-03-27T17:19:10.759177+00:00,18.323119,1774631950759177312,3187028,1774631950759078400,left,OFF,3.2,5.49
2026-03-27T17:19:10.775535+00:00,18.339476,1774631950775534612,3187044,1774631950775149056,left,OFF,3.2,5.49
2026-03-27T17:19:10.791869+00:00,18.355811,1774631950791869012,3187060,1774631950791251712,left,OFF,3.2,5.49
2026-03-27T17:19:10.807423+00:00,18.371365,1774631950807423012,3187076,1774631950807301632,left,OFF,3.2,5.49
2026-03-27T17:19:10.822891+00:00,18.386832,1774631950822890412,3187092,1774631950823322368,left,OFF,3.2,5.49
2026-03-27T17:19:10.839442+00:00,18.403384,1774631950839442512,3187108,1774631950839383808,left,OFF,3.1,5.41
2026-03-27T17:19:10.854774+00:00,18.418716,1774631950854774312,3187124,1774631950855383808,left,OFF,3.2,5.49
2026-03-27T17:19:10.871176+00:00,18.435117,1774631950871175512,3187140,1774631950871416576,left,OFF,3.2,5.49
2026-03-27T17:19:10.887616+00:00,18.451559,1774631950887616612,3187156,1774631950887483392,left,OFF,3.2,5.49
2026-03-27T17:19:10.903201+00:00,18.467142,1774631950903200412,3187172,1774631950903511040,left,OFF,3.2,5.49
2026-03-27T17:19:10.919624+00:00,18.483566,1774631950919623712,3187188,1774631950919620864,left,OFF,3.1,5.41
2026-03-27T17:19:10.934880+00:00,18.498821,1774631950934879512,3187204,1774631950935683072,left,OFF,3.2,5.49
2026-03-27T17:19:10.951529+00:00,18.515470,1774631950951528512,3187220,1774631950951728896,left,OFF,3.2,5.49
2026-03-27T17:19:10.967855+00:00,18.531797,1774631950967854812,3187236,1774631950967801088,left,OFF,3.2,5.49
2026-03-27T17:19:10.984221+00:00,18.548163,1774631950984221012,3187252,1774631950983866880,left,OFF,3.2,5.49
2026-03-27T17:19:11.000854+00:00,18.564796,1774631951000854312,3187268,1774631950999976192,left,OFF,3.2,5.49
2026-03-27T17:19:11.016327+00:00,18.580269,1774631951016326812,3187284,1774631951016064256,left,OFF,3.2,5.49
2026-03-27T17:19:11.031554+00:00,18.595496,1774631951031553912,3187300,1774631951032080384,left,OFF,3.2,5.49
2026-03-27T17:19:11.047998+00:00,18.611940,1774631951047998512,3187316,1774631951048129024,left,OFF,3.1,5.41
2026-03-27T17:19:11.063518+00:00,18.627460,1774631951063518312,3187332,1774631951064129280,left,OFF,3.2,5.49
2026-03-27T17:19:11.079924+00:00,18.643866,1774631951079924012,3187348,1774631951080157952,left,OFF,3.1,5.41
2026-03-27T17:19:11.096323+00:00,18.660266,1774631951096323712,3187364,1774631951096219136,left,OFF,3.2,5.49
2026-03-27T17:19:11.111885+00:00,18.675827,1774631951111885212,3187380,1774631951112232192,left,OFF,3.2,5.49
2026-03-27T17:19:11.128318+00:00,18.692260,1774631951128317712,3187396,1774631951128316160,left,OFF,3.2,5.49
2026-03-27T17:19:11.144653+00:00,18.708595,1774631951144653012,3187412,1774631951144403200,left,OFF,3.2,5.49
2026-03-27T17:19:11.160238+00:00,18.724180,1774631951160238312,3187428,1774631951160458752,left,OFF,3.2,5.49
2026-03-27T17:19:11.176588+00:00,18.740530,1774631951176587712,3187444,1774631951176517888,left,OFF,3.2,5.49
2026-03-27T17:19:11.191923+00:00,18.755865,1774631951191922912,3187460,1774631951192511232,left,OFF,3.2,5.49
2026-03-27T17:19:11.209664+00:00,18.773606,1774631951209663912,3187476,1774631951208623360,left,OFF,3.2,5.49
2026-03-27T17:19:11.224796+00:00,18.788738,1774631951224796212,3187492,1774631951224685312,left,OFF,3.2,5.49
2026-03-27T17:19:11.241050+00:00,18.804992,1774631951241050012,3187508,1774631951240737280,left,OFF,3.2,5.49
2026-03-27T17:19:11.256870+00:00,18.820812,1774631951256869812,3187524,1774631951256787968,left,OFF,3.2,5.49
2026-03-27T17:19:11.273181+00:00,18.837123,1774631951273181412,3187540,1774631951272866048,left,OFF,3.1,5.41
2026-03-27T17:19:11.288499+00:00,18.852441,1774631951288499512,3187556,1774631951288876800,left,OFF,3.2,5.49
2026-03-27T17:19:11.305184+00:00,18.869126,1774631951305184012,3187572,1774631951304941824,left,OFF,3.2,5.49
2026-03-27T17:19:11.320571+00:00,18.884513,1774631951320570712,3187588,1774631951320944128,left,OFF,3.2,5.49
2026-03-27T17:19:11.336881+00:00,18.900823,1774631951336881212,3187604,1774631951337068544,left,OFF,3.2,5.49
2026-03-27T17:19:11.353325+00:00,18.917267,1774631951353324612,3187620,1774631951353156864,left,OFF,3.2,5.49
2026-03-27T17:19:11.368868+00:00,18.932810,1774631951368868212,3187636,1774631951369199360,left,OFF,3.2,5.49
2026-03-27T17:19:11.385251+00:00,18.949193,1774631951385251012,3187652,1774631951385249024,left,OFF,3.2,5.49
2026-03-27T17:19:11.401644+00:00,18.965587,1774631951401644612,3187668,1774631951401336320,left,OFF,3.2,5.49
2026-03-27T17:19:11.417251+00:00,18.981193,1774631951417251412,3187684,1774631951417370880,left,OFF,3.2,5.49
2026-03-27T17:19:11.433575+00:00,18.997517,1774631951433575212,3187700,1774631951433432320,left,OFF,3.1,5.41
2026-03-27T17:19:11.448924+00:00,19.012866,1774631951448924112,3187716,1774631951449433600,left,OFF,3.2,5.49
2026-03-27T17:19:11.465368+00:00,19.029310,1774631951465367712,3187732,1774631951465469184,left,OFF,3.2,5.49
2026-03-27T17:19:11.481862+00:00,19.045803,1774631951481861512,3187748,1774631951481541120,left,OFF,3.2,5.49
2026-03-27T17:19:11.497221+00:00,19.061163,1774631951497221112,3187764,1774631951497552128,left,OFF,3.2,5.49
2026-03-27T17:19:11.513700+00:00,19.077642,1774631951513699712,3187780,1774631951513611776,left,OFF,3.2,5.49
2026-03-27T17:19:11.530220+00:00,19.094162,1774631951530220012,3187796,1774631951529699328,left,OFF,3.3,5.67
2026-03-27T17:19:11.545596+00:00,19.109538,1774631951545596112,3187812,1774631951545721088,left,OFF,3.4,5.84
2026-03-27T17:19:11.562095+00:00,19.126037,1774631951562095212,3187828,1774631951561786624,left,OFF,3.5,6.02
2026-03-27T17:19:11.577549+00:00,19.141491,1774631951577548912,3187844,1774631951577875200,left,OFF,3.6,6.2
2026-03-27T17:19:11.593916+00:00,19.157858,1774631951593915912,3187860,1774631951593978624,left,OFF,3.7,6.46
2026-03-27T17:19:11.610303+00:00,19.174246,1774631951610303612,3187876,1774631951610091264,left,OFF,3.9,6.81
2026-03-27T17:19:11.625940+00:00,19.189882,1774631951625939912,3187892,1774631951626125824,left,OFF,3.9,6.81
2026-03-27T17:19:11.642252+00:00,19.206194,1774631951642251712,3187908,1774631951642184448,left,OFF,3.9,6.81
2026-03-27T17:19:11.658682+00:00,19.222624,1774631951658682212,3187924,1774631951658278912,left,OFF,3.9,6.81
2026-03-27T17:19:11.674035+00:00,19.237976,1774631951674034612,3187940,1774631951674309376,left,OFF,4.0,6.9
2026-03-27T17:19:11.690605+00:00,19.254547,1774631951690604912,3187956,1774631951690379264,left,OFF,4.1,7.08
2026-03-27T17:19:11.705988+00:00,19.269930,1774631951705988012,3187972,1774631951706394368,left,OFF,4.2,7.25
2026-03-27T17:19:11.722384+00:00,19.286326,1774631951722384212,3187988,1774631951722440192,left,OFF,4.4,7.6
2026-03-27T17:19:11.738966+00:00,19.302908,1774631951738965712,3188004,1774631951738526720,left,OFF,4.8,8.22
2026-03-27T17:19:11.754325+00:00,19.318267,1774631951754324812,3188020,1774631951754549504,left,OFF,4.9,8.39
2026-03-27T17:19:11.770725+00:00,19.334667,1774631951770725312,3188036,1774631951770606336,left,OFF,4.9,8.39
2026-03-27T17:19:11.787114+00:00,19.351056,1774631951787114512,3188052,1774631951786695168,left,OFF,4.9,8.39
2026-03-27T17:19:11.802651+00:00,19.366592,1774631951802650512,3188068,1774631951802760960,left,OFF,4.9,8.39
2026-03-27T17:19:11.819106+00:00,19.383048,1774631951819106312,3188084,1774631951818860544,left,OFF,4.9,8.39
2026-03-27T17:19:11.834398+00:00,19.398340,1774631951834398012,3188100,1774631951834898176,left,OFF,4.9,8.39
2026-03-27T17:19:11.851021+00:00,19.414963,1774631951851021212,3188116,1774631951850952960,left,OFF,5.0,8.57
2026-03-27T17:19:11.867375+00:00,19.431317,1774631951867375212,3188132,1774631951867040768,left,OFF,5.2,8.92
2026-03-27T17:19:11.882752+00:00,19.446694,1774631951882751712,3188148,1774631951883063808,left,OFF,5.5,9.45
2026-03-27T17:19:11.899302+00:00,19.463244,1774631951899301912,3188164,1774631951899127296,left,OFF,5.6,9.71
2026-03-27T17:19:11.915683+00:00,19.479625,1774631951915683112,3188180,1774631951915222016,left,OFF,5.7,9.89
2026-03-27T17:19:11.931043+00:00,19.494985,1774631951931042612,3188196,1774631951931258624,left,OFF,6.1,10.59
2026-03-27T17:19:11.947460+00:00,19.511402,1774631951947460412,3188212,1774631951947328512,left,OFF,7.1,12.35
2026-03-27T17:19:11.963007+00:00,19.526949,1774631951963007112,3188228,1774631951963341824,left,OFF,8.4,14.46
2026-03-27T17:19:11.979400+00:00,19.543342,1774631951979400212,3188244,1774631951979393536,left,OFF,9.5,16.48
2026-03-27T17:19:11.995801+00:00,19.559743,1774631951995800812,3188260,1774631951995474176,left,OFF,11.0,18.76
2026-03-27T17:19:12.011348+00:00,19.575289,1774631952011347512,3188276,1774631952011533056,left,OFF,12.8,21.67
2026-03-27T17:19:12.027773+00:00,19.591715,1774631952027773012,3188292,1774631952027633152,left,OFF,16.2,26.85
2026-03-27T17:19:12.044140+00:00,19.608082,1774631952044139612,3188308,1774631952043734784,left,OFF,21.9,35.29
2026-03-27T17:19:12.059638+00:00,19.623580,1774631952059638312,3188324,1774631952059776512,left,OFF,28.3,43.99
2026-03-27T17:19:12.076069+00:00,19.640010,1774631952076068512,3188340,1774631952075852288,left,OFF,34.6,51.81
2026-03-27T17:19:12.091430+00:00,19.655372,1774631952091429712,3188356,1774631952091868160,left,OFF,37.8,55.85
2026-03-27T17:19:12.108109+00:00,19.672051,1774631952108108612,3188372,1774631952107932416,left,OFF,38.2,56.29
2026-03-27T17:19:12.124413+00:00,19.688355,1774631952124412812,3188388,1774631952124022016,left,OFF,37.9,55.94
2026-03-27T17:19:12.139771+00:00,19.703712,1774631952139770512,3188404,1774631952140052736,left,OFF,37.6,55.59
2026-03-27T17:19:12.156327+00:00,19.720269,1774631952156327112,3188420,1774631952156125184,left,OFF,37.2,55.06
2026-03-27T17:19:12.172738+00:00,19.736679,1774631952172737412,3188436,1774631952172227328,left,OFF,36.9,54.71
2026-03-27T17:19:12.188121+00:00,19.752063,1774631952188121312,3188452,1774631952188273408,left,OFF,36.9,54.71
2026-03-27T17:19:12.204480+00:00,19.768422,1774631952204480112,3188468,1774631952204346368,left,OFF,37.0,54.8
2026-03-27T17:19:12.220012+00:00,19.783954,1774631952220011712,3188484,1774631952220364288,left,OFF,37.0,54.8
2026-03-27T17:19:12.236395+00:00,19.800337,1774631952236394712,3188500,1774631952236454144,left,OFF,37.0,54.8
2026-03-27T17:19:12.252793+00:00,19.816735,1774631952252792912,3188516,1774631952252537600,left,OFF,36.9,54.71
2026-03-27T17:19:12.268329+00:00,19.832271,1774631952268328812,3188532,1774631952268594432,left,OFF,37.0,54.8
2026-03-27T17:19:12.284734+00:00,19.848675,1774631952284733312,3188548,1774631952284665856,left,OFF,37.1,54.89
2026-03-27T17:19:12.301066+00:00,19.865008,1774631952301065912,3188564,1774631952300761600,left,OFF,37.1,54.98
2026-03-27T17:19:12.316688+00:00,19.880630,1774631952316688112,3188580,1774631952316807424,left,OFF,37.4,55.33
2026-03-27T17:19:12.333062+00:00,19.897004,1774631952333061612,3188596,1774631952332891392,left,OFF,37.8,55.77
2026-03-27T17:19:12.348448+00:00,19.912390,1774631952348448312,3188612,1774631952348913152,left,OFF,37.9,55.94
2026-03-27T17:19:12.364962+00:00,19.928904,1774631952364962412,3188628,1774631952364970496,left,OFF,38.1,56.12
2026-03-27T17:19:12.381318+00:00,19.945260,1774631952381317912,3188644,1774631952381057280,left,OFF,38.1,56.21
2026-03-27T17:19:12.396681+00:00,19.960623,1774631952396681212,3188660,1774631952397085696,left,OFF,38.1,56.21
2026-03-27T17:19:12.413280+00:00,19.977221,1774631952413279512,3188676,1774631952413156608,left,OFF,38.2,56.29
2026-03-27T17:19:12.429682+00:00,19.993624,1774631952429682112,3188692,1774631952429258752,left,OFF,38.1,56.21
2026-03-27T17:19:12.445069+00:00,20.009010,1774631952445068612,3188708,1774631952445305344,left,OFF,38.2,56.29
2026-03-27T17:19:12.461626+00:00,20.025568,1774631952461626012,3188724,1774631952461390592,left,OFF,38.2,56.29
2026-03-27T17:19:12.476986+00:00,20.040928,1774631952476986212,3188740,1774631952477410560,left,OFF,38.2,56.29
2026-03-27T17:19:12.493381+00:00,20.057323,1774631952493381112,3188756,1774631952493462784,left,OFF,38.2,56.29
2026-03-27T17:19:12.509846+00:00,20.073788,1774631952509846612,3188772,1774631952509552640,left,OFF,38.2,56.29
2026-03-27T17:19:12.525333+00:00,20.089275,1774631952525333212,3188788,1774631952525585920,left,OFF,38.3,56.38
2026-03-27T17:19:12.541759+00:00,20.105701,1774631952541759412,3188804,1774631952541653760,left,OFF,38.4,56.47
2026-03-27T17:19:12.558108+00:00,20.122050,1774631952558108012,3188820,1774631952557753600,left,OFF,38.4,56.47
2026-03-27T17:19:12.573539+00:00,20.137481,1774631952573539412,3188836,1774631952573793536,left,OFF,38.5,56.65
2026-03-27T17:19:12.589969+00:00,20.153911,1774631952589969312,3188852,1774631952589869568,left,OFF,38.6,56.73
2026-03-27T17:19:12.605314+00:00,20.169255,1774631952605313412,3188868,1774631952605883136,left,OFF,38.6,56.73
2026-03-27T17:19:12.621868+00:00,20.185810,1774631952621867912,3188884,1774631952621936128,left,OFF,38.5,56.65
2026-03-27T17:19:12.638266+00:00,20.202208,1774631952638265912,3188900,1774631952638020352,left,OFF,38.5,56.65
2026-03-27T17:19:12.653838+00:00,20.217779,1774631952653837612,3188916,1774631952654061056,left,OFF,38.5,56.65
2026-03-27T17:19:12.670281+00:00,20.234223,1774631952670281212,3188932,1774631952670132992,left,OFF,38.6,56.73
2026-03-27T17:19:12.686665+00:00,20.250607,1774631952686664812,3188948,1774631952686236160,left,OFF,38.5,56.65
2026-03-27T17:19:12.701973+00:00,20.265915,1774631952701972612,3188964,1774631952702270720,left,OFF,38.5,56.65
2026-03-27T17:19:12.718580+00:00,20.282522,1774631952718579912,3188980,1774631952718354944,left,OFF,38.6,56.73
2026-03-27T17:19:12.734013+00:00,20.297955,1774631952734012912,3188996,1774631952734379264,left,OFF,38.6,56.73
2026-03-27T17:19:12.750390+00:00,20.314332,1774631952750389912,3189012,1774631952750433280,left,OFF,38.6,56.82
2026-03-27T17:19:12.766750+00:00,20.330692,1774631952766750312,3189028,1774631952766521600,left,OFF,39.2,57.52
2026-03-27T17:19:12.782335+00:00,20.346277,1774631952782334812,3189044,1774631952782559232,left,OFF,39.6,58.05
2026-03-27T17:19:12.798640+00:00,20.362581,1774631952798639512,3189060,1774631952798622208,left,OFF,39.7,58.14
2026-03-27T17:19:12.815157+00:00,20.379099,1774631952815156712,3189076,1774631952814723328,left,OFF,39.8,58.23
2026-03-27T17:19:12.830573+00:00,20.394515,1774631952830572912,3189092,1774631952830768128,left,OFF,39.8,58.23
2026-03-27T17:19:12.847050+00:00,20.410992,1774631952847049812,3189108,1774631952846850816,left,OFF,39.8,58.23
2026-03-27T17:19:12.862382+00:00,20.426324,1774631952862382412,3189124,1774631952862864896,left,OFF,39.7,58.14
2026-03-27T17:19:12.878744+00:00,20.442685,1774631952878743512,3189140,1774631952878914816,left,OFF,39.6,58.05
2026-03-27T17:19:12.895456+00:00,20.459397,1774631952895455512,3189156,1774631952895013888,left,OFF,39.4,57.7
2026-03-27T17:19:12.910672+00:00,20.474614,1774631952910672112,3189172,1774631952911039744,left,OFF,38.6,56.82
2026-03-27T17:19:12.927059+00:00,20.491001,1774631952927058812,3189188,1774631952927100672,left,OFF,37.1,54.98
2026-03-27T17:19:12.943745+00:00,20.507687,1774631952943744712,3189204,1774631952943209984,left,OFF,35.1,52.43
2026-03-27T17:19:12.959106+00:00,20.523048,1774631952959106012,3189220,1774631952959254528,left,OFF,32.6,49.44
2026-03-27T17:19:12.975454+00:00,20.539396,1774631952975453712,3189236,1774631952975327744,left,OFF,29.7,45.83
2026-03-27T17:19:12.990873+00:00,20.554815,1774631952990873112,3189252,1774631952991345152,left,OFF,26.7,41.79
2026-03-27T17:19:13.007375+00:00,20.571317,1774631953007374912,3189268,1774631953007400192,left,OFF,23.2,36.96
2026-03-27T17:19:13.023835+00:00,20.587777,1774631953023835112,3189284,1774631953023489792,left,OFF,21.0,33.97
2026-03-27T17:19:13.039170+00:00,20.603112,1774631953039169712,3189300,1774631953039518976,left,OFF,19.6,32.12
2026-03-27T17:19:13.055883+00:00,20.619825,1774631953055883312,3189316,1774631953055599616,left,OFF,18.5,30.37
2026-03-27T17:19:13.072280+00:00,20.636222,1774631953072279712,3189332,1774631953071709952,left,OFF,17.8,29.31
2026-03-27T17:19:13.087528+00:00,20.651470,1774631953087528512,3189348,1774631953087752704,left,OFF,17.5,28.87
2026-03-27T17:19:13.103858+00:00,20.667800,1774631953103858312,3189364,1774631953103823360,left,OFF,15.1,25.18
2026-03-27T17:19:13.119431+00:00,20.683373,1774631953119430812,3189380,1774631953119842560,left,OFF,11.7,19.91
2026-03-27T17:19:13.135828+00:00,20.699770,1774631953135828012,3189396,1774631953135901696,left,OFF,9.5,16.48
2026-03-27T17:19:13.152233+00:00,20.716175,1774631953152233212,3189412,1774631953151989504,left,OFF,8.5,14.72
2026-03-27T17:19:13.167915+00:00,20.731857,1774631953167914712,3189428,1774631953168032000,left,OFF,7.1,12.35
2026-03-27T17:19:13.184334+00:00,20.748276,1774631953184334412,3189444,1774631953184111872,left,OFF,6.2,10.68
2026-03-27T17:19:13.200766+00:00,20.764708,1774631953200765712,3189460,1774631953200225024,left,OFF,5.8,10.06
2026-03-27T17:19:13.216200+00:00,20.780142,1774631953216200212,3189476,1774631953216278528,left,OFF,5.6,9.62
2026-03-27T17:19:13.232706+00:00,20.796648,1774631953232705912,3189492,1774631953232368384,left,OFF,5.4,9.36
2026-03-27T17:19:13.247816+00:00,20.811758,1774631953247816312,3189508,1774631953248383232,left,OFF,5.3,9.18
2026-03-27T17:19:13.264232+00:00,20.828173,1774631953264231612,3189524,1774631953264429568,left,OFF,5.2,8.92
2026-03-27T17:19:13.280908+00:00,20.844849,1774631953280907412,3189540,1774631953280524288,left,OFF,5.2,8.92
2026-03-27T17:19:13.296258+00:00,20.860200,1774631953296257812,3189556,1774631953296559360,left,OFF,5.1,8.83
2026-03-27T17:19:13.312580+00:00,20.876522,1774631953312580012,3189572,1774631953312620544,left,OFF,5.1,8.75
2026-03-27T17:19:13.329318+00:00,20.893260,1774631953329318012,3189588,1774631953328731648,left,OFF,5.1,8.75
2026-03-27T17:19:13.344680+00:00,20.908621,1774631953344679612,3189604,1774631953344785920,left,OFF,5.1,8.75
2026-03-27T17:19:13.361091+00:00,20.925032,1774631953361090512,3189620,1774631953360871168,left,OFF,5.0,8.66
2026-03-27T17:19:13.376991+00:00,20.940933,1774631953376991212,3189636,1774631953376925440,left,OFF,5.0,8.66
2026-03-27T17:19:13.392951+00:00,20.956893,1774631953392950912,3189652,1774631953392986880,left,OFF,5.0,8.66
2026-03-27T17:19:13.409525+00:00,20.973467,1774631953409525512,3189668,1774631953409088512,left,OFF,5.0,8.57
2026-03-27T17:19:13.424708+00:00,20.988650,1774631953424708212,3189684,1774631953425114368,left,OFF,5.0,8.57
2026-03-27T17:19:13.441470+00:00,21.005412,1774631953441469912,3189700,1774631953441199872,left,OFF,5.0,8.57
2026-03-27T17:19:13.457621+00:00,21.021563,1774631953457620712,3189716,1774631953457300736,left,OFF,4.9,8.48
2026-03-27T17:19:13.472942+00:00,21.036884,1774631953472941912,3189732,1774631953473335552,left,OFF,4.9,8.39
2026-03-27T17:19:13.489464+00:00,21.053406,1774631953489464012,3189748,1774631953489413632,left,OFF,4.9,8.39
2026-03-27T17:19:13.505041+00:00,21.068983,1774631953505040712,3189764,1774631953505441024,left,OFF,4.8,8.31
2026-03-27T17:19:13.521294+00:00,21.085236,1774631953521293912,3189780,1774631953521489920,left,OFF,4.8,8.22
2026-03-27T17:19:13.537874+00:00,21.101816,1774631953537873612,3189796,1774631953537583360,left,OFF,4.8,8.22
2026-03-27T17:19:13.553262+00:00,21.117204,1774631953553261812,3189812,1774631953553617408,left,OFF,4.8,8.22
2026-03-27T17:19:13.569610+00:00,21.133551,1774631953569609612,3189828,1774631953569680128,left,OFF,4.8,8.22
2026-03-27T17:19:13.586195+00:00,21.150137,1774631953586195312,3189844,1774631953585784320,left,OFF,4.8,8.22
2026-03-27T17:19:13.601524+00:00,21.165466,1774631953601523712,3189860,1774631953601824000,left,OFF,4.8,8.22
2026-03-27T17:19:13.618008+00:00,21.181950,1774631953618007612,3189876,1774631953617900544,left,OFF,4.8,8.22
2026-03-27T17:19:13.633728+00:00,21.197670,1774631953633727912,3189892,1774631953633933824,left,OFF,4.8,8.22
2026-03-27T17:19:13.649868+00:00,21.213811,1774631953649868612,3189908,1774631953649986560,left,OFF,4.8,8.22
2026-03-27T17:19:13.666282+00:00,21.230224,1774631953666282312,3189924,1774631953666071296,left,OFF,4.8,8.22
2026-03-27T17:19:13.681913+00:00,21.245855,1774631953681913112,3189940,1774631953682114304,left,OFF,4.8,8.22
2026-03-27T17:19:13.698185+00:00,21.262127,1774631953698185012,3189956,1774631953698181888,left,OFF,4.8,8.22
2026-03-27T17:19:13.714568+00:00,21.278510,1774631953714568512,3189972,1774631953714279424,left,OFF,4.8,8.22
2026-03-27T17:19:13.730107+00:00,21.294049,1774631953730107012,3189988,1774631953730321152,left,OFF,4.8,8.22
2026-03-27T17:19:13.746524+00:00,21.310466,1774631953746524312,3190004,1774631953746401536,left,OFF,4.8,8.22
2026-03-27T17:19:13.761919+00:00,21.325861,1774631953761919112,3190020,1774631953762421760,left,OFF,4.8,8.22
2026-03-27T17:19:13.778412+00:00,21.342354,1774631953778411912,3190036,1774631953778477824,left,OFF,4.8,8.22
2026-03-27T17:19:13.794818+00:00,21.358760,1774631953794817912,3190052,1774631953794564352,left,OFF,4.8,8.22
2026-03-27T17:19:13.810169+00:00,21.374111,1774631953810169112,3190068,1774631953810592768,left,OFF,4.8,8.22
2026-03-27T17:19:13.826753+00:00,21.390695,1774631953826753012,3190084,1774631953826660352,left,OFF,4.8,8.22
2026-03-27T17:19:13.843386+00:00,21.407328,1774631953843386012,3190100,1774631953842776832,left,OFF,4.8,8.22
2026-03-27T17:19:13.858587+00:00,21.422528,1774631953858586512,3190116,1774631953858820352,left,OFF,4.8,8.22
2026-03-27T17:19:13.875159+00:00,21.439101,1774631953875159412,3190132,1774631953874907904,left,OFF,4.8,8.22
2026-03-27T17:19:13.890448+00:00,21.454390,1774631953890448412,3190148,1774631953890925312,left,OFF,4.8,8.22
2026-03-27T17:19:13.906878+00:00,21.470820,1774631953906877912,3190164,1774631953906974208,left,OFF,4.8,8.22
2026-03-27T17:19:13.923367+00:00,21.487309,1774631953923366812,3190180,1774631953923069440,left,OFF,4.8,8.22
2026-03-27T17:19:13.938782+00:00,21.502724,1774631953938782412,3190196,1774631953939098624,left,OFF,4.8,8.22
2026-03-27T17:19:13.955116+00:00,21.519057,1774631953955115612,3190212,1774631953955154688,left,OFF,4.8,8.22
2026-03-27T17:19:13.971647+00:00,21.535589,1774631953971647012,3190228,1774631953971258368,left,OFF,4.8,8.22
2026-03-27T17:19:13.987041+00:00,21.550982,1774631953987040612,3190244,1774631953987299584,left,OFF,4.8,8.31
2026-03-27T17:19:14.003459+00:00,21.567401,1774631954003459412,3190260,1774631954003371776,left,OFF,4.8,8.22
2026-03-27T17:19:14.018941+00:00,21.582883,1774631954018941412,3190276,1774631954019388160,left,OFF,4.8,8.22
2026-03-27T17:19:14.035363+00:00,21.599305,1774631954035363212,3190292,1774631954035440128,left,OFF,4.8,8.22
2026-03-27T17:19:14.051766+00:00,21.615708,1774631954051766312,3190308,1774631954051525632,left,OFF,4.8,8.22
2026-03-27T17:19:14.067362+00:00,21.631304,1774631954067362012,3190324,1774631954067559424,left,OFF,4.8,8.22
2026-03-27T17:19:14.085411+00:00,21.649353,1774631954085411112,3190340,1774631954083735040,left,OFF,4.8,8.22
2026-03-27T17:19:14.100059+00:00,21.664001,1774631954100058712,3190356,1774631954099832320,left,OFF,4.8,8.22
2026-03-27T17:19:14.115584+00:00,21.679526,1774631954115584212,3190372,1774631954115872000,left,OFF,4.8,8.22
2026-03-27T17:19:14.131969+00:00,21.695911,1774631954131969212,3190388,1774631954131939328,left,OFF,4.8,8.22
2026-03-27T17:19:14.147342+00:00,21.711284,1774631954147341912,3190404,1774631954147949056,left,OFF,4.8,8.31
2026-03-27T17:19:14.163893+00:00,21.727835,1774631954163893212,3190420,1774631954163999232,left,OFF,4.8,8.22
2026-03-27T17:19:14.180290+00:00,21.744232,1774631954180290012,3190436,1774631954180080640,left,OFF,4.8,8.31
2026-03-27T17:19:14.195666+00:00,21.759608,1774631954195665912,3190452,1774631954196107776,left,OFF,4.8,8.31
2026-03-27T17:19:14.212273+00:00,21.776215,1774631954212273412,3190468,1774631954212179968,left,OFF,4.8,8.31
2026-03-27T17:19:14.228586+00:00,21.792528,1774631954228585912,3190484,1774631954228279040,left,OFF,4.8,8.31
2026-03-27T17:19:14.243978+00:00,21.807920,1774631954243977612,3190500,1774631954244317696,left,OFF,4.8,8.31
2026-03-27T17:19:14.260520+00:00,21.824462,1774631954260519912,3190516,1774631954260399872,left,OFF,4.8,8.31
2026-03-27T17:19:14.277316+00:00,21.841258,1774631954277316212,3190532,1774631954276497408,left,OFF,4.8,8.31
2026-03-27T17:19:14.293037+00:00,21.856979,1774631954293037312,3190548,1774631954292582912,left,OFF,4.8,8.31
2026-03-27T17:19:14.309074+00:00,21.873016,1774631954309074212,3190564,1774631954308684800,left,OFF,4.8,8.31
2026-03-27T17:19:14.324643+00:00,21.888585,1774631954324642812,3190580,1774631954324734208,left,OFF,4.8,8.31
2026-03-27T17:19:14.340950+00:00,21.904892,1774631954340950212,3190596,1774631954340805888,left,OFF,4.8,8.31
2026-03-27T17:19:14.357148+00:00,21.921090,1774631954357148412,3190612,1774631954356906752,left,OFF,4.8,8.31
2026-03-27T17:19:14.372528+00:00,21.936469,1774631954372527512,3190628,1774631954372943872,left,OFF,4.8,8.31
2026-03-27T17:19:14.388919+00:00,21.952861,1774631954388919012,3190644,1774631954389012480,left,OFF,4.8,8.31
2026-03-27T17:19:14.404482+00:00,21.968424,1774631954404482312,3190660,1774631954405045504,left,OFF,4.8,8.31
2026-03-27T17:19:14.420868+00:00,21.984810,1774631954420867612,3190676,1774631954421095936,left,OFF,4.8,8.31
2026-03-27T17:19:14.437279+00:00,22.001221,1774631954437279112,3190692,1774631954437183744,left,OFF,4.8,8.31
2026-03-27T17:19:14.452612+00:00,22.016554,1774631954452611612,3190708,1774631954453199872,left,OFF,4.8,8.31
2026-03-27T17:19:14.469157+00:00,22.033099,1774631954469156612,3190724,1774631954469267456,left,OFF,4.8,8.31
2026-03-27T17:19:14.485708+00:00,22.049650,1774631954485708112,3190740,1774631954485368064,left,OFF,4.8,8.31
2026-03-27T17:19:14.501322+00:00,22.065264,1774631954501321812,3190756,1774631954501418240,left,OFF,4.8,8.31
2026-03-27T17:19:14.517845+00:00,22.081786,1774631954517844612,3190772,1774631954517509888,left,OFF,4.8,8.31
2026-03-27T17:19:14.532831+00:00,22.096773,1774631954532831212,3190788,1774631954533520384,left,OFF,4.8,8.31
2026-03-27T17:19:14.549253+00:00,22.113194,1774631954549252612,3190804,1774631954549559296,left,OFF,4.9,8.39
2026-03-27T17:19:14.565738+00:00,22.129680,1774631954565738512,3190820,1774631954565639936,left,OFF,4.9,8.39
2026-03-27T17:19:14.581133+00:00,22.145075,1774631954581132812,3190836,1774631954581658880,left,OFF,4.9,8.39
2026-03-27T17:19:14.597553+00:00,22.161494,1774631954597552512,3190852,1774631954597708800,left,OFF,4.9,8.39
2026-03-27T17:19:14.614080+00:00,22.178022,1774631954614079812,3190868,1774631954613803520,left,OFF,4.9,8.39
2026-03-27T17:19:14.629410+00:00,22.193352,1774631954629410412,3190884,1774631954629830912,left,OFF,4.9,8.39
2026-03-27T17:19:14.645945+00:00,22.209887,1774631954645944712,3190900,1774631954645900544,left,OFF,4.9,8.39
2026-03-27T17:19:14.661337+00:00,22.225279,1774631954661337012,3190916,1774631954661918208,left,OFF,4.9,8.39
2026-03-27T17:19:14.677800+00:00,22.241742,1774631954677799712,3190932,1774631954677963520,left,OFF,4.9,8.39
2026-03-27T17:19:14.694139+00:00,22.258081,1774631954694139312,3190948,1774631954694036992,left,OFF,4.9,8.39
2026-03-27T17:19:14.709993+00:00,22.273935,1774631954709992712,3190964,1774631954710084096,left,OFF,4.9,8.39
2026-03-27T17:19:14.727535+00:00,22.291477,1774631954727535212,3190980,1774631954726228224,left,OFF,4.9,8.39
2026-03-27T17:19:14.743855+00:00,22.307796,1774631954743854512,3190996,1774631954742396416,left,OFF,4.9,8.39
2026-03-27T17:19:14.758194+00:00,22.322136,1774631954758193812,3191012,1774631954758440704,left,OFF,4.9,8.39
2026-03-27T17:19:14.774551+00:00,22.338493,1774631954774551012,3191028,1774631954774514176,left,OFF,4.9,8.39
2026-03-27T17:19:14.789818+00:00,22.353760,1774631954789818412,3191044,1774631954790518016,left,OFF,4.9,8.39
2026-03-27T17:19:14.806402+00:00,22.370344,1774631954806401712,3191060,1774631954806567168,left,OFF,4.9,8.39
2026-03-27T17:19:14.822715+00:00,22.386657,1774631954822714712,3191076,1774631954822642432,left,OFF,4.9,8.39
2026-03-27T17:19:14.838118+00:00,22.402060,1774631954838118412,3191092,1774631954838655488,left,OFF,4.9,8.39
2026-03-27T17:19:14.854697+00:00,22.418639,1774631954854696712,3191108,1774631954854716672,left,OFF,4.9,8.39
2026-03-27T17:19:14.871083+00:00,22.435025,1774631954871083312,3191124,1774631954870815232,left,OFF,4.9,8.48
2026-03-27T17:19:14.886434+00:00,22.450375,1774631954886433512,3191140,1774631954886843648,left,OFF,4.9,8.48
2026-03-27T17:19:14.902934+00:00,22.466876,1774631954902934012,3191156,1774631954902915328,left,OFF,4.9,8.39
2026-03-27T17:19:14.918595+00:00,22.482536,1774631954918594612,3191172,1774631954918938368,left,OFF,4.9,8.48
2026-03-27T17:19:14.935652+00:00,22.499594,1774631954935652512,3191188,1774631954935033600,left,OFF,4.9,8.39
2026-03-27T17:19:14.951959+00:00,22.515901,1774631954951958912,3191204,1774631954951155968,left,OFF,4.9,8.39
2026-03-27T17:19:14.966656+00:00,22.530598,1774631954966656512,3191220,1774631954967173632,left,OFF,4.9,8.39
2026-03-27T17:19:14.983121+00:00,22.547063,1774631954983121212,3191236,1774631954983224832,left,OFF,4.9,8.39
2026-03-27T17:19:14.999486+00:00,22.563428,1774631954999485912,3191252,1774631954999308800,left,OFF,4.9,8.39
2026-03-27T17:19:15.015038+00:00,22.578979,1774631955015037612,3191268,1774631955015341056,left,OFF,4.9,8.39
2026-03-27T17:19:15.031374+00:00,22.595316,1774631955031374012,3191284,1774631955031401472,left,OFF,4.9,8.48
2026-03-27T17:19:15.046813+00:00,22.610755,1774631955046813312,3191300,1774631955047405568,left,OFF,4.9,8.39
2026-03-27T17:19:15.063323+00:00,22.627265,1774631955063322912,3191316,1774631955063448320,left,OFF,4.9,8.39
2026-03-27T17:19:15.079733+00:00,22.643675,1774631955079733112,3191332,1774631955079523072,left,OFF,4.9,8.39
2026-03-27T17:19:15.095089+00:00,22.659031,1774631955095089012,3191348,1774631955095539968,left,OFF,4.9,8.48
2026-03-27T17:19:15.111698+00:00,22.675640,1774631955111698512,3191364,1774631955111652864,left,OFF,4.9,8.39
2026-03-27T17:19:15.128035+00:00,22.691977,1774631955128035412,3191380,1774631955127740928,left,OFF,4.9,8.48
2026-03-27T17:19:15.143394+00:00,22.707335,1774631955143393612,3191396,1774631955143769344,left,OFF,4.9,8.48
2026-03-27T17:19:15.160697+00:00,22.724639,1774631955160697412,3191412,1774631955159883520,left,OFF,4.9,8.48
2026-03-27T17:19:15.176220+00:00,22.740162,1774631955176219812,3191428,1774631955175942400,left,OFF,4.9,8.39
2026-03-27T17:19:15.191935+00:00,22.755877,1774631955191935012,3191444,1774631955191993856,left,OFF,4.9,8.48
2026-03-27T17:19:15.208272+00:00,22.772213,1774631955208271512,3191460,1774631955208072448,left,OFF,4.9,8.39
2026-03-27T17:19:15.223641+00:00,22.787583,1774631955223641112,3191476,1774631955224087296,left,OFF,4.9,8.39
2026-03-27T17:19:15.240025+00:00,22.803966,1774631955240024512,3191492,1774631955240139008,left,OFF,4.9,8.48
2026-03-27T17:19:15.256617+00:00,22.820559,1774631955256617012,3191508,1774631955256231168,left,OFF,4.9,8.48
2026-03-27T17:19:15.272043+00:00,22.835984,1774631955272042412,3191524,1774631955272263424,left,OFF,4.9,8.39
2026-03-27T17:19:15.288399+00:00,22.852341,1774631955288398612,3191540,1774631955288328192,left,OFF,4.9,8.48
2026-03-27T17:19:15.303934+00:00,22.867876,1774631955303933712,3191556,1774631955304384256,left,OFF,4.9,8.48
2026-03-27T17:19:15.320316+00:00,22.884258,1774631955320315612,3191572,1774631955320451072,left,OFF,4.9,8.48
2026-03-27T17:19:15.336680+00:00,22.900622,1774631955336680412,3191588,1774631955336536576,left,OFF,4.9,8.48
2026-03-27T17:19:15.352240+00:00,22.916182,1774631955352240012,3191604,1774631955352576512,left,OFF,4.9,8.48
2026-03-27T17:19:15.368578+00:00,22.932520,1774631955368577812,3191620,1774631955368641536,left,OFF,4.9,8.48
2026-03-27T17:19:15.384909+00:00,22.948851,1774631955384909212,3191636,1774631955384727808,left,OFF,4.9,8.48
2026-03-27T17:19:15.400523+00:00,22.964465,1774631955400522912,3191652,1774631955400765440,left,OFF,4.9,8.48
2026-03-27T17:19:15.416951+00:00,22.980893,1774631955416951012,3191668,1774631955416835584,left,OFF,4.9,8.48
2026-03-27T17:19:15.432233+00:00,22.996175,1774631955432233112,3191684,1774631955432842752,left,OFF,4.9,8.48
2026-03-27T17:19:15.449132+00:00,23.013074,1774631955449131712,3191700,1774631955448911360,left,OFF,4.9,8.48
2026-03-27T17:19:15.465330+00:00,23.029272,1774631955465330312,3191716,1774631955464998656,left,OFF,4.9,8.48
2026-03-27T17:19:15.480571+00:00,23.044512,1774631955480570512,3191732,1774631955481012992,left,OFF,4.9,8.48
2026-03-27T17:19:15.497210+00:00,23.061151,1774631955497209512,3191748,1774631955497077504,left,OFF,4.9,8.48
2026-03-27T17:19:15.513618+00:00,23.077560,1774631955513618412,3191764,1774631955513178624,left,OFF,4.9,8.39
2026-03-27T17:19:15.528954+00:00,23.092896,1774631955528953712,3191780,1774631955529221376,left,OFF,4.9,8.48
2026-03-27T17:19:15.545467+00:00,23.109409,1774631955545466612,3191796,1774631955545306368,left,OFF,4.9,8.39
2026-03-27T17:19:15.560901+00:00,23.124843,1774631955560901212,3191812,1774631955561319936,left,OFF,4.9,8.48
2026-03-27T17:19:15.577273+00:00,23.141215,1774631955577272712,3191828,1774631955577363712,left,OFF,4.9,8.48
2026-03-27T17:19:15.593888+00:00,23.157830,1774631955593887812,3191844,1774631955593454336,left,OFF,4.9,8.48
2026-03-27T17:19:15.609165+00:00,23.173107,1774631955609165012,3191860,1774631955609476096,left,OFF,4.9,8.39
2026-03-27T17:19:15.625614+00:00,23.189556,1774631955625613812,3191876,1774631955625532160,left,OFF,4.9,8.48
2026-03-27T17:19:15.641944+00:00,23.205886,1774631955641944112,3191892,1774631955641619200,left,OFF,4.9,8.39
2026-03-27T17:19:15.657510+00:00,23.221452,1774631955657509712,3191908,1774631955657653504,left,OFF,4.9,8.39
2026-03-27T17:19:15.673871+00:00,23.237813,1774631955673871112,3191924,1774631955673720320,left,OFF,4.9,8.39
2026-03-27T17:19:15.689293+00:00,23.253235,1774631955689293012,3191940,1774631955689726976,left,OFF,4.9,8.39
2026-03-27T17:19:15.705876+00:00,23.269818,1774631955705876012,3191956,1774631955705778432,left,OFF,4.9,8.39
2026-03-27T17:19:15.722228+00:00,23.286170,1774631955722227812,3191972,1774631955721855744,left,OFF,4.9,8.39
2026-03-27T17:19:15.737581+00:00,23.301523,1774631955737580712,3191988,1774631955737883392,left,OFF,4.9,8.39
2026-03-27T17:19:15.754134+00:00,23.318076,1774631955754134212,3192004,1774631955753987840,left,OFF,4.9,8.39
2026-03-27T17:19:15.770567+00:00,23.334509,1774631955770566712,3192020,1774631955770124800,left,OFF,4.9,8.48
2026-03-27T17:19:15.785956+00:00,23.349898,1774631955785956412,3192036,1774631955786168576,left,OFF,4.9,8.39
2026-03-27T17:19:15.802486+00:00,23.366428,1774631955802485812,3192052,1774631955802250496,left,OFF,4.9,8.39
2026-03-27T17:19:15.817851+00:00,23.381792,1774631955817850612,3192068,1774631955818265344,left,OFF,4.9,8.39
2026-03-27T17:19:15.834282+00:00,23.398225,1774631955834282612,3192084,1774631955834318592,left,OFF,4.9,8.39
2026-03-27T17:19:15.850795+00:00,23.414737,1774631955850794712,3192100,1774631955850407424,left,OFF,4.9,8.39
2026-03-27T17:19:15.866187+00:00,23.430129,1774631955866186712,3192116,1774631955866434560,left,OFF,4.9,8.39
2026-03-27T17:19:15.882583+00:00,23.446525,1774631955882583012,3192132,1774631955882498304,left,OFF,4.9,8.39
2026-03-27T17:19:15.898964+00:00,23.462906,1774631955898963912,3192148,1774631955898591488,left,OFF,4.9,8.48
2026-03-27T17:19:15.914503+00:00,23.478445,1774631955914503412,3192164,1774631955914630912,left,OFF,4.9,8.39
2026-03-27T17:19:15.930883+00:00,23.494825,1774631955930883412,3192180,1774631955930703104,left,OFF,4.9,8.39
2026-03-27T17:19:15.946278+00:00,23.510220,1774631955946277812,3192196,1774631955946722304,left,OFF,4.9,8.48
2026-03-27T17:19:15.962830+00:00,23.526772,1774631955962829812,3192212,1774631955962802688,left,OFF,4.9,8.39
2026-03-27T17:19:15.979189+00:00,23.543131,1774631955979189012,3192228,1774631955978909952,left,OFF,4.9,8.39
2026-03-27T17:19:15.994581+00:00,23.558523,1774631955994581112,3192244,1774631955994935040,left,OFF,4.9,8.39
2026-03-27T17:19:16.011087+00:00,23.575029,1774631956011087112,3192260,1774631956010999808,left,OFF,4.9,8.39
2026-03-27T17:19:16.027528+00:00,23.591470,1774631956027527912,3192276,1774631956027097088,left,OFF,4.9,8.39
2026-03-27T17:19:16.042910+00:00,23.606852,1774631956042910112,3192292,1774631956043136768,left,OFF,4.9,8.39
2026-03-27T17:19:16.059464+00:00,23.623405,1774631956059463312,3192308,1774631956059214848,left,OFF,4.9,8.48
2026-03-27T17:19:16.074854+00:00,23.638796,1774631956074854512,3192324,1774631956075232768,left,OFF,4.9,8.39
2026-03-27T17:19:16.091293+00:00,23.655235,1774631956091293212,3192340,1774631956091287296,left,OFF,4.9,8.48
2026-03-27T17:19:16.107856+00:00,23.671798,1774631956107855812,3192356,1774631956107383552,left,OFF,4.9,8.39
2026-03-27T17:19:16.123174+00:00,23.687116,1774631956123174112,3192372,1774631956123411968,left,OFF,4.9,8.48
2026-03-27T17:19:16.139610+00:00,23.703552,1774631956139610212,3192388,1774631956139480320,left,OFF,4.9,8.39
2026-03-27T17:19:16.156109+00:00,23.720051,1774631956156109112,3192404,1774631956155583744,left,OFF,4.9,8.48
2026-03-27T17:19:16.171502+00:00,23.735443,1774631956171501512,3192420,1774631956171624448,left,OFF,4.9,8.48
2026-03-27T17:19:16.187884+00:00,23.751826,1774631956187884412,3192436,1774631956187723264,left,OFF,4.9,8.48
2026-03-27T17:19:16.203220+00:00,23.767162,1774631956203219712,3192452,1774631956203761664,left,OFF,4.9,8.39
2026-03-27T17:19:16.219789+00:00,23.783731,1774631956219789112,3192468,1774631956219822080,left,OFF,4.9,8.39
2026-03-27T17:19:16.236134+00:00,23.800076,1774631956236134212,3192484,1774631956235908096,left,OFF,4.9,8.39
2026-03-27T17:19:16.251571+00:00,23.815513,1774631956251571512,3192500,1774631956251934720,left,OFF,4.9,8.48
2026-03-27T17:19:16.268132+00:00,23.832074,1774631956268132212,3192516,1774631956268001792,left,OFF,4.9,8.48
2026-03-27T17:19:16.284494+00:00,23.848436,1774631956284494012,3192532,1774631956284103680,left,OFF,4.9,8.48
2026-03-27T17:19:16.299814+00:00,23.863756,1774631956299814512,3192548,1774631956300140544,left,OFF,4.9,8.39
2026-03-27T17:19:16.316423+00:00,23.880365,1774631956316422712,3192564,1774631956316219904,left,OFF,4.9,8.48
2026-03-27T17:19:16.331834+00:00,23.895776,1774631956331834212,3192580,1774631956332243456,left,OFF,4.9,8.48
2026-03-27T17:19:16.348330+00:00,23.912272,1774631956348330212,3192596,1774631956348303360,left,OFF,4.9,8.39
2026-03-27T17:19:16.364698+00:00,23.928640,1774631956364697912,3192612,1774631956364391424,left,OFF,4.9,8.48
2026-03-27T17:19:16.380084+00:00,23.944026,1774631956380084012,3192628,1774631956380422144,left,OFF,4.9,8.39
2026-03-27T17:19:16.396485+00:00,23.960427,1774631956396484712,3192644,1774631956396482816,left,OFF,4.9,8.48
2026-03-27T17:19:16.413065+00:00,23.977007,1774631956413065312,3192660,1774631956412583424,left,OFF,4.9,8.39
2026-03-27T17:19:16.428419+00:00,23.992361,1774631956428419012,3192676,1774631956428626176,left,OFF,4.9,8.39
2026-03-27T17:19:16.444800+00:00,24.008742,1774631956444800312,3192692,1774631956444700416,left,OFF,4.9,8.48
2026-03-27T17:19:16.460359+00:00,24.024301,1774631956460358812,3192708,1774631956460719616,left,OFF,4.9,8.48
2026-03-27T17:19:16.476745+00:00,24.040687,1774631956476745212,3192724,1774631956476784640,left,OFF,4.9,8.48
2026-03-27T17:19:16.493171+00:00,24.057113,1774631956493171512,3192740,1774631956492876544,left,OFF,4.9,8.48
2026-03-27T17:19:16.508661+00:00,24.072603,1774631956508660712,3192756,1774631956508907776,left,OFF,4.9,8.48
2026-03-27T17:19:16.525050+00:00,24.088992,1774631956525050012,3192772,1774631956524977152,left,OFF,4.9,8.39
2026-03-27T17:19:16.541421+00:00,24.105363,1774631956541420712,3192788,1774631956541075968,left,OFF,4.9,8.48
2026-03-27T17:19:16.556978+00:00,24.120920,1774631956556978412,3192804,1774631956557122048,left,OFF,4.9,8.48
2026-03-27T17:19:16.573638+00:00,24.137580,1774631956573638412,3192820,1774631956573218304,left,OFF,4.9,8.48
2026-03-27T17:19:16.588683+00:00,24.152625,1774631956588683312,3192836,1774631956589232896,left,OFF,4.9,8.48
2026-03-27T17:19:16.605203+00:00,24.169145,1774631956605203012,3192852,1774631956605285120,left,OFF,4.9,8.48
2026-03-27T17:19:16.621654+00:00,24.185596,1774631956621653712,3192868,1774631956621378560,left,OFF,4.9,8.48
2026-03-27T17:19:16.637098+00:00,24.201040,1774631956637097812,3192884,1774631956637409792,left,OFF,4.9,8.48
2026-03-27T17:19:16.653705+00:00,24.217647,1774631956653704712,3192900,1774631956653486592,left,OFF,4.9,8.48
2026-03-27T17:19:16.669954+00:00,24.233896,1774631956669954212,3192916,1774631956669583104,left,OFF,4.9,8.39
2026-03-27T17:19:16.685375+00:00,24.249317,1774631956685375512,3192932,1774631956685624832,left,OFF,4.9,8.39
2026-03-27T17:19:16.701809+00:00,24.265751,1774631956701808712,3192948,1774631956701698816,left,OFF,4.9,8.48
2026-03-27T17:19:16.717275+00:00,24.281217,1774631956717274912,3192964,1774631956717716480,left,OFF,4.9,8.39
2026-03-27T17:19:16.733700+00:00,24.297642,1774631956733699812,3192980,1774631956733772288,left,OFF,4.9,8.48
2026-03-27T17:19:16.750063+00:00,24.314005,1774631956750062812,3192996,1774631956749856256,left,OFF,4.9,8.39
2026-03-27T17:19:16.765415+00:00,24.329357,1774631956765415512,3193012,1774631956765874688,left,OFF,4.9,8.48
2026-03-27T17:19:16.781991+00:00,24.345933,1774631956781991512,3193028,1774631956781939712,left,OFF,4.9,8.48
2026-03-27T17:19:16.798415+00:00,24.362357,1774631956798414912,3193044,1774631956798039040,left,OFF,4.9,8.48
2026-03-27T17:19:16.813906+00:00,24.377848,1774631956813906012,3193060,1774631956814082304,left,OFF,4.9,8.48
2026-03-27T17:19:16.830360+00:00,24.394302,1774631956830359912,3193076,1774631956830164480,left,OFF,4.9,8.48
2026-03-27T17:19:16.845697+00:00,24.409639,1774631956845696712,3193092,1774631956846180352,left,OFF,4.9,8.48
2026-03-27T17:19:16.862102+00:00,24.426044,1774631956862102312,3193108,1774631956862229248,left,OFF,4.9,8.39
2026-03-27T17:19:16.878675+00:00,24.442616,1774631956878674412,3193124,1774631956878323456,left,OFF,4.9,8.48
2026-03-27T17:19:16.894245+00:00,24.458186,1774631956894244512,3193140,1774631956894366976,left,OFF,4.9,8.39
2026-03-27T17:19:16.910516+00:00,24.474458,1774631956910516212,3193156,1774631956910433280,left,OFF,4.9,8.48
2026-03-27T17:19:16.926916+00:00,24.490857,1774631956926915512,3193172,1774631956926530304,left,OFF,4.9,8.48
2026-03-27T17:19:16.942474+00:00,24.506416,1774631956942473912,3193188,1774631956942580224,left,OFF,4.9,8.48
2026-03-27T17:19:16.958833+00:00,24.522774,1774631956958832312,3193204,1774631956958658560,left,OFF,4.9,8.48
2026-03-27T17:19:16.974319+00:00,24.538261,1774631956974318712,3193220,1774631956974680576,left,OFF,4.9,8.48
2026-03-27T17:19:16.990707+00:00,24.554649,1774631956990706912,3193236,1774631956990737664,left,OFF,4.9,8.48
2026-03-27T17:19:17.007138+00:00,24.571080,1774631957007137712,3193252,1774631957006826752,left,OFF,4.9,8.48
2026-03-27T17:19:17.022513+00:00,24.586455,1774631957022513012,3193268,1774631957022853376,left,OFF,4.9,8.48
2026-03-27T17:19:17.039078+00:00,24.603020,1774631957039078212,3193284,1774631957038924288,left,OFF,4.9,8.48
2026-03-27T17:19:17.055482+00:00,24.619423,1774631957055481612,3193300,1774631957055027968,left,OFF,4.9,8.39
2026-03-27T17:19:17.071184+00:00,24.635126,1774631957071184412,3193316,1774631957071088384,left,OFF,4.9,8.48
2026-03-27T17:19:17.087445+00:00,24.651387,1774631957087444612,3193332,1774631957087175680,left,OFF,4.9,8.48
2026-03-27T17:19:17.102754+00:00,24.666696,1774631957102754212,3193348,1774631957103196416,left,OFF,4.9,8.48
2026-03-27T17:19:17.119100+00:00,24.683042,1774631957119099912,3193364,1774631957119246080,left,OFF,4.9,8.48
2026-03-27T17:19:17.135596+00:00,24.699537,1774631957135595512,3193380,1774631957135338240,left,OFF,4.9,8.48
2026-03-27T17:19:17.151154+00:00,24.715096,1774631957151154112,3193396,1774631957151376640,left,OFF,4.9,8.48
2026-03-27T17:19:17.167521+00:00,24.731463,1774631957167520912,3193412,1774631957167445248,left,OFF,4.9,8.48
2026-03-27T17:19:17.183872+00:00,24.747814,1774631957183871912,3193428,1774631957183545600,left,OFF,4.9,8.48
2026-03-27T17:19:17.199515+00:00,24.763457,1774631957199514612,3193444,1774631957199599104,left,OFF,4.9,8.48
2026-03-27T17:19:17.215762+00:00,24.779704,1774631957215762512,3193460,1774631957215674624,left,OFF,4.9,8.48
2026-03-27T17:19:17.231251+00:00,24.795193,1774631957231251112,3193476,1774631957231692032,left,OFF,4.9,8.48
2026-03-27T17:19:17.247834+00:00,24.811776,1774631957247834012,3193492,1774631957247757312,left,OFF,4.9,8.48
2026-03-27T17:19:17.264269+00:00,24.828211,1774631957264269212,3193508,1774631957263854080,left,OFF,4.9,8.48
2026-03-27T17:19:17.279625+00:00,24.843567,1774631957279624812,3193524,1774631957279887616,left,OFF,4.9,8.48
2026-03-27T17:19:17.295861+00:00,24.859803,1774631957295861312,3193540,1774631957295947776,left,OFF,4.9,8.48
2026-03-27T17:19:17.312539+00:00,24.876481,1774631957312539412,3193556,1774631957312054784,left,OFF,4.9,8.48
2026-03-27T17:19:17.327894+00:00,24.891836,1774631957327894212,3193572,1774631957328095744,left,OFF,4.9,8.48
2026-03-27T17:19:17.344659+00:00,24.908601,1774631957344659312,3193588,1774631957344196352,left,OFF,4.9,8.48
2026-03-27T17:19:17.359847+00:00,24.923789,1774631957359846812,3193604,1774631957360222976,left,OFF,4.9,8.48
2026-03-27T17:19:17.376648+00:00,24.940590,1774631957376648112,3193620,1774631957376307968,left,OFF,4.9,8.48
2026-03-27T17:19:17.392693+00:00,24.956635,1774631957392693012,3193636,1774631957392401152,left,OFF,4.9,8.48
2026-03-27T17:19:17.408470+00:00,24.972412,1774631957408470012,3193652,1774631957408455680,left,OFF,4.9,8.48
2026-03-27T17:19:17.424653+00:00,24.988595,1774631957424653412,3193668,1774631957424527616,left,OFF,4.9,8.48
2026-03-27T17:19:17.440897+00:00,25.004839,1774631957440897512,3193684,1774631957440626944,left,OFF,4.9,8.48
2026-03-27T17:19:17.456567+00:00,25.020509,1774631957456567212,3193700,1774631957456679936,left,OFF,4.9,8.48
2026-03-27T17:19:17.472838+00:00,25.036780,1774631957472838212,3193716,1774631957472755712,left,OFF,4.9,8.48
2026-03-27T17:19:17.488381+00:00,25.052323,1774631957488381012,3193732,1774631957488783616,left,OFF,4.9,8.48
2026-03-27T17:19:17.504639+00:00,25.068580,1774631957504638612,3193748,1774631957504833536,left,OFF,4.9,8.48
2026-03-27T17:19:17.521232+00:00,25.085174,1774631957521232512,3193764,1774631957520927744,left,OFF,4.9,8.48
2026-03-27T17:19:17.536631+00:00,25.100572,1774631957536630512,3193780,1774631957536963328,left,OFF,4.9,8.48
2026-03-27T17:19:17.552967+00:00,25.116909,1774631957552966712,3193796,1774631957553025792,left,OFF,4.9,8.48
2026-03-27T17:19:17.569635+00:00,25.133576,1774631957569634512,3193812,1774631957569134848,left,OFF,4.9,8.48
2026-03-27T17:19:17.585008+00:00,25.148950,1774631957585008012,3193828,1774631957585185792,left,OFF,4.9,8.48
2026-03-27T17:19:17.601329+00:00,25.165271,1774631957601329112,3193844,1774631957601271040,left,OFF,4.9,8.48
2026-03-27T17:19:17.616842+00:00,25.180784,1774631957616842212,3193860,1774631957617291776,left,OFF,4.9,8.48
2026-03-27T17:19:17.633203+00:00,25.197145,1774631957633203212,3193876,1774631957633344512,left,OFF,5.0,8.57
2026-03-27T17:19:17.649805+00:00,25.213746,1774631957649804512,3193892,1774631957649442304,left,OFF,4.9,8.48
2026-03-27T17:19:17.665150+00:00,25.229091,1774631957665149612,3193908,1774631957665476864,left,OFF,4.9,8.48
2026-03-27T17:19:17.681658+00:00,25.245600,1774631957681658112,3193924,1774631957681555456,left,OFF,5.0,8.57
2026-03-27T17:19:17.698066+00:00,25.262008,1774631957698065812,3193940,1774631957697661184,left,OFF,4.9,8.48
2026-03-27T17:19:17.713329+00:00,25.277271,1774631957713328612,3193956,1774631957713697536,left,OFF,4.9,8.48
2026-03-27T17:19:17.729923+00:00,25.293865,1774631957729923112,3193972,1774631957729778432,left,OFF,4.9,8.48
2026-03-27T17:19:17.745231+00:00,25.309173,1774631957745230912,3193988,1774631957745794304,left,OFF,5.0,8.57
2026-03-27T17:19:17.761637+00:00,25.325579,1774631957761637112,3194004,1774631957761842688,left,OFF,4.9,8.48
2026-03-27T17:19:17.778442+00:00,25.342385,1774631957778442612,3194020,1774631957777945600,left,OFF,4.9,8.48
2026-03-27T17:19:17.793635+00:00,25.357577,1774631957793635412,3194036,1774631957793972736,left,OFF,5.0,8.57
2026-03-27T17:19:17.810263+00:00,25.374205,1774631957810262912,3194052,1774631957810050304,left,OFF,5.0,8.57
2026-03-27T17:19:17.826575+00:00,25.390517,1774631957826575112,3194068,1774631957826153984,left,OFF,5.0,8.57
2026-03-27T17:19:17.841929+00:00,25.405871,1774631957841929512,3194084,1774631957842196224,left,OFF,4.9,8.48
2026-03-27T17:19:17.858298+00:00,25.422240,1774631957858298312,3194100,1774631957858269440,left,OFF,4.9,8.48
2026-03-27T17:19:17.873685+00:00,25.437627,1774631957873684612,3194116,1774631957874278912,left,OFF,4.9,8.48
2026-03-27T17:19:17.890248+00:00,25.454190,1774631957890248112,3194132,1774631957890329600,left,OFF,5.0,8.57
2026-03-27T17:19:17.906593+00:00,25.470535,1774631957906592812,3194148,1774631957906413056,left,OFF,5.0,8.57
2026-03-27T17:19:17.922040+00:00,25.485982,1774631957922040412,3194164,1774631957922443776,left,OFF,5.0,8.57
2026-03-27T17:19:17.938584+00:00,25.502526,1774631957938584012,3194180,1774631957938510848,left,OFF,5.0,8.57
2026-03-27T17:19:17.954936+00:00,25.518878,1774631957954935712,3194196,1774631957954606080,left,OFF,4.9,8.48
2026-03-27T17:19:17.970373+00:00,25.534315,1774631957970373012,3194212,1774631957970647040,left,OFF,4.9,8.48
2026-03-27T17:19:17.986915+00:00,25.550857,1774631957986915012,3194228,1774631957986726656,left,OFF,5.0,8.57
2026-03-27T17:19:18.002334+00:00,25.566276,1774631958002333812,3194244,1774631958002749184,left,OFF,5.0,8.57
2026-03-27T17:19:18.019004+00:00,25.582946,1774631958019003712,3194260,1774631958018818816,left,OFF,5.0,8.57
2026-03-27T17:19:18.035091+00:00,25.599033,1774631958035091112,3194276,1774631958034900736,left,OFF,5.0,8.57
2026-03-27T17:19:18.050633+00:00,25.614575,1774631958050632912,3194292,1774631958050929920,left,OFF,5.0,8.57
2026-03-27T17:19:18.066958+00:00,25.630900,1774631958066958312,3194308,1774631958066990592,left,OFF,5.0,8.57
2026-03-27T17:19:18.083406+00:00,25.647348,1774631958083405912,3194324,1774631958083085568,left,OFF,5.0,8.57
2026-03-27T17:19:18.098953+00:00,25.662895,1774631958098953012,3194340,1774631958099138048,left,OFF,5.0,8.57
2026-03-27T17:19:18.115315+00:00,25.679257,1774631958115315212,3194356,1774631958115215104,left,OFF,5.0,8.57
2026-03-27T17:19:18.130822+00:00,25.694764,1774631958130822312,3194372,1774631958131234816,left,OFF,4.9,8.48
2026-03-27T17:19:18.147139+00:00,25.711080,1774631958147138512,3194388,1774631958147278848,left,OFF,5.0,8.57
2026-03-27T17:19:18.163778+00:00,25.727720,1774631958163777912,3194404,1774631958163371776,left,OFF,5.0,8.57
2026-03-27T17:19:18.179049+00:00,25.742991,1774631958179048712,3194420,1774631958179400448,left,OFF,4.9,8.48
2026-03-27T17:19:18.195450+00:00,25.759391,1774631958195449512,3194436,1774631958195459072,left,OFF,5.0,8.57
2026-03-27T17:19:18.211994+00:00,25.775936,1774631958211994312,3194452,1774631958211556352,left,OFF,5.0,8.57
2026-03-27T17:19:18.227554+00:00,25.791496,1774631958227554012,3194468,1774631958227609856,left,OFF,5.0,8.57
2026-03-27T17:19:18.244952+00:00,25.808894,1774631958244952312,3194484,1774631958243750656,left,OFF,5.0,8.57
2026-03-27T17:19:18.259362+00:00,25.823304,1774631958259361812,3194500,1774631958259770624,left,OFF,5.0,8.57
2026-03-27T17:19:18.275722+00:00,25.839664,1774631958275721612,3194516,1774631958275825152,left,OFF,5.0,8.57
2026-03-27T17:19:18.292096+00:00,25.856038,1774631958292095712,3194532,1774631958291909888,left,OFF,5.0,8.57
2026-03-27T17:19:18.307466+00:00,25.871408,1774631958307466312,3194548,1774631958307931136,left,OFF,5.0,8.57
2026-03-27T17:19:18.324026+00:00,25.887968,1774631958324026112,3194564,1774631958323988224,left,OFF,4.9,8.48
2026-03-27T17:19:18.340410+00:00,25.904352,1774631958340410012,3194580,1774631958340084224,left,OFF,5.0,8.57
2026-03-27T17:19:18.356005+00:00,25.919947,1774631958356005312,3194596,1774631958356129280,left,OFF,5.0,8.57
2026-03-27T17:19:18.372344+00:00,25.936286,1774631958372343712,3194612,1774631958372213504,left,OFF,5.0,8.57
2026-03-27T17:19:18.387823+00:00,25.951765,1774631958387823112,3194628,1774631958388234752,left,OFF,4.9,8.48
2026-03-27T17:19:18.404115+00:00,25.968057,1774631958404115412,3194644,1774631958404293376,left,OFF,5.0,8.57
2026-03-27T17:19:18.420685+00:00,25.984627,1774631958420684812,3194660,1774631958420383232,left,OFF,5.0,8.57
2026-03-27T17:19:18.436510+00:00,26.000452,1774631958436510012,3194676,1774631958436449280,left,OFF,4.9,8.48
2026-03-27T17:19:18.454228+00:00,26.018170,1774631958454227912,3194692,1774631958452620544,left,OFF,5.0,8.57
2026-03-27T17:19:18.469331+00:00,26.033273,1774631958469331312,3194708,1774631958468736768,left,OFF,5.0,8.57
2026-03-27T17:19:18.485233+00:00,26.049174,1774631958485232612,3194724,1774631958484829952,left,OFF,5.0,8.57
2026-03-27T17:19:18.500825+00:00,26.064767,1774631958500825212,3194740,1774631958500899840,left,OFF,5.0,8.57
2026-03-27T17:19:18.516231+00:00,26.080173,1774631958516231012,3194756,1774631958516913920,left,OFF,5.0,8.57
2026-03-27T17:19:18.532685+00:00,26.096626,1774631958532684512,3194772,1774631958532957696,left,OFF,5.0,8.57
2026-03-27T17:19:18.549122+00:00,26.113064,1774631958549121912,3194788,1774631958549041152,left,OFF,5.0,8.57
2026-03-27T17:19:18.564520+00:00,26.128462,1774631958564519812,3194804,1774631958565063424,left,OFF,4.9,8.48
2026-03-27T17:19:18.581024+00:00,26.144966,1774631958581024512,3194820,1774631958581121536,left,OFF,5.0,8.57
2026-03-27T17:19:18.597401+00:00,26.161343,1774631958597401012,3194836,1774631958597217536,left,OFF,5.0,8.57
2026-03-27T17:19:18.612826+00:00,26.176768,1774631958612826212,3194852,1774631958613253376,left,OFF,5.0,8.57
2026-03-27T17:19:18.629358+00:00,26.193300,1774631958629358212,3194868,1774631958629326080,left,OFF,5.0,8.57
2026-03-27T17:19:18.644852+00:00,26.208793,1774631958644851612,3194884,1774631958645347072,left,OFF,5.0,8.57
2026-03-27T17:19:18.662498+00:00,26.226439,1774631958662497412,3194900,1774631958661474048,left,OFF,5.0,8.57
2026-03-27T17:19:18.681618+00:00,26.245560,1774631958681618412,3194916,1774631958677802496,left,OFF,5.0,8.57
2026-03-27T17:19:18.694018+00:00,26.257960,1774631958694018312,3194932,1774631958693879552,left,OFF,5.0,8.57
2026-03-27T17:19:18.709497+00:00,26.273439,1774631958709496812,3194948,1774631958709933824,left,OFF,5.0,8.57
2026-03-27T17:19:18.725818+00:00,26.289759,1774631958725817512,3194964,1774631958726014464,left,OFF,5.0,8.57
2026-03-27T17:19:18.741465+00:00,26.305407,1774631958741465412,3194980,1774631958742045440,left,OFF,5.0,8.57
2026-03-27T17:19:18.758006+00:00,26.321947,1774631958758005412,3194996,1774631958758121984,left,OFF,5.0,8.57
2026-03-27T17:19:18.773141+00:00,26.337083,1774631958773140712,3195012,1774631958774118144,left,OFF,5.0,8.57
2026-03-27T17:19:18.789655+00:00,26.353597,1774631958789655412,3195028,1774631958790152704,left,OFF,5.0,8.57
2026-03-27T17:19:18.806151+00:00,26.370093,1774631958806151312,3195044,1774631958806236928,left,OFF,4.9,8.48
2026-03-27T17:19:18.821440+00:00,26.385381,1774631958821439512,3195060,1774631958822247424,left,OFF,4.9,8.48
2026-03-27T17:19:18.837987+00:00,26.401929,1774631958837986812,3195076,1774631958838305280,left,OFF,4.9,8.48
2026-03-27T17:19:18.854456+00:00,26.418398,1774631958854455712,3195092,1774631958854396160,left,OFF,4.9,8.39
2026-03-27T17:19:18.869772+00:00,26.433714,1774631958869772412,3195108,1774631958870419456,left,OFF,4.9,8.39
2026-03-27T17:19:18.889264+00:00,26.453206,1774631958889264412,3195124,1774631958886662144,left,OFF,4.8,8.31
2026-03-27T17:19:18.903926+00:00,26.467868,1774631958903925912,3195140,1774631958902793728,left,OFF,4.8,8.31
2026-03-27T17:19:18.919892+00:00,26.483834,1774631958919892312,3195156,1774631958918931712,left,OFF,4.8,8.31
2026-03-27T17:19:18.934473+00:00,26.498414,1774631958934472612,3195172,1774631958934985728,left,OFF,4.8,8.22
2026-03-27T17:19:18.950074+00:00,26.514016,1774631958950074212,3195188,1774631958950992896,left,OFF,4.8,8.31
2026-03-27T17:19:18.966474+00:00,26.530415,1774631958966473512,3195204,1774631958967035392,left,OFF,4.8,8.31
2026-03-27T17:19:18.982779+00:00,26.546720,1774631958982778612,3195220,1774631958983101696,left,OFF,4.8,8.31
2026-03-27T17:19:18.998347+00:00,26.562289,1774631958998347112,3195236,1774631958999118848,left,OFF,4.8,8.31
2026-03-27T17:19:19.014755+00:00,26.578697,1774631959014755112,3195252,1774631959015171584,left,OFF,4.8,8.22
2026-03-27T17:19:19.030087+00:00,26.594029,1774631959030087312,3195268,1774631959031160320,left,OFF,4.8,8.22
2026-03-27T17:19:19.046519+00:00,26.610461,1774631959046519012,3195284,1774631959047191040,left,OFF,4.8,8.31
2026-03-27T17:19:19.063106+00:00,26.627047,1774631959063105512,3195300,1774631959063255040,left,OFF,4.8,8.22
2026-03-27T17:19:19.078453+00:00,26.642395,1774631959078452912,3195316,1774631959079259136,left,OFF,4.8,8.22
2026-03-27T17:19:19.096843+00:00,26.660785,1774631959096843012,3195332,1774631959095413504,left,OFF,4.8,8.22
2026-03-27T17:19:19.112453+00:00,26.676395,1774631959112453312,3195348,1774631959111549952,left,OFF,4.8,8.22
2026-03-27T17:19:19.128309+00:00,26.692251,1774631959128309312,3195364,1774631959127656192,left,OFF,4.8,8.22
2026-03-27T17:19:19.143201+00:00,26.707143,1774631959143201312,3195380,1774631959143698176,left,OFF,4.8,8.22
2026-03-27T17:19:19.158974+00:00,26.722916,1774631959158974212,3195396,1774631959159705344,left,OFF,4.8,8.22
2026-03-27T17:19:19.175102+00:00,26.739043,1774631959175101512,3195412,1774631959175724032,left,OFF,4.8,8.22
2026-03-27T17:19:19.191510+00:00,26.755452,1774631959191509912,3195428,1774631959191782144,left,OFF,4.8,8.22
2026-03-27T17:19:19.206870+00:00,26.770811,1774631959206869512,3195444,1774631959207773184,left,OFF,4.7,8.13
2026-03-27T17:19:19.223498+00:00,26.787440,1774631959223498112,3195460,1774631959223809280,left,OFF,4.8,8.22
2026-03-27T17:19:19.239908+00:00,26.803850,1774631959239907712,3195476,1774631959239881472,left,OFF,4.7,8.13
2026-03-27T17:19:19.255317+00:00,26.819259,1774631959255317212,3195492,1774631959255898368,left,OFF,4.7,8.13
2026-03-27T17:19:19.271878+00:00,26.835820,1774631959271878312,3195508,1774631959271987968,left,OFF,4.7,8.13
2026-03-27T17:19:19.287242+00:00,26.851184,1774631959287241912,3195524,1774631959287984640,left,OFF,4.7,8.13
2026-03-27T17:19:19.303669+00:00,26.867611,1774631959303668712,3195540,1774631959304012800,left,OFF,4.7,8.13
2026-03-27T17:19:19.321445+00:00,26.885387,1774631959321444912,3195556,1774631959320155648,left,OFF,4.7,8.13
2026-03-27T17:19:19.336549+00:00,26.900491,1774631959336549112,3195572,1774631959336216320,left,OFF,4.7,8.13
2026-03-27T17:19:19.352908+00:00,26.916850,1774631959352907912,3195588,1774631959352309248,left,OFF,4.7,8.13
2026-03-27T17:19:19.368310+00:00,26.932252,1774631959368310112,3195604,1774631959368370432,left,OFF,4.7,8.13
2026-03-27T17:19:19.383866+00:00,26.947808,1774631959383866012,3195620,1774631959384386560,left,OFF,4.7,8.13
2026-03-27T17:19:19.400332+00:00,26.964274,1774631959400332112,3195636,1774631959400435712,left,OFF,4.7,8.13
2026-03-27T17:19:19.415585+00:00,26.979527,1774631959415585112,3195652,1774631959416417536,left,OFF,4.7,8.13
2026-03-27T17:19:19.432073+00:00,26.996015,1774631959432073312,3195668,1774631959432432640,left,OFF,4.7,8.13
2026-03-27T17:19:19.448573+00:00,27.012515,1774631959448572812,3195684,1774631959448490240,left,OFF,4.7,8.13
2026-03-27T17:19:19.463978+00:00,27.027920,1774631959463978312,3195700,1774631959464500992,left,OFF,4.7,8.13
2026-03-27T17:19:19.480358+00:00,27.044300,1774631959480358212,3195716,1774631959480583168,left,OFF,4.8,8.22
2026-03-27T17:19:19.497019+00:00,27.060961,1774631959497019412,3195732,1774631959496674816,left,OFF,4.8,8.22
2026-03-27T17:19:19.512258+00:00,27.076200,1774631959512257812,3195748,1774631959512711424,left,OFF,4.8,8.22
2026-03-27T17:19:19.529600+00:00,27.093542,1774631959529600012,3195764,1774631959528812800,left,OFF,4.7,8.13
2026-03-27T17:19:19.544985+00:00,27.108927,1774631959544985112,3195780,1774631959544851456,left,OFF,4.7,8.13
2026-03-27T17:19:19.560624+00:00,27.124566,1774631959560624212,3195796,1774631959560875264,left,OFF,4.7,8.13
2026-03-27T17:19:19.576993+00:00,27.140936,1774631959576993612,3195812,1774631959576929792,left,OFF,4.7,8.13
2026-03-27T17:19:19.592370+00:00,27.156312,1774631959592370112,3195828,1774631959592921600,left,OFF,4.7,8.13
2026-03-27T17:19:19.608981+00:00,27.172923,1774631959608981112,3195844,1774631959608961024,left,OFF,4.7,8.13
2026-03-27T17:19:19.625386+00:00,27.189328,1774631959625386612,3195860,1774631959625031168,left,OFF,4.7,8.13
2026-03-27T17:19:19.640736+00:00,27.204678,1774631959640736312,3195876,1774631959641038080,left,OFF,4.7,8.13
2026-03-27T17:19:19.657424+00:00,27.221366,1774631959657423812,3195892,1774631959657097984,left,OFF,4.7,8.13
2026-03-27T17:19:19.672668+00:00,27.236610,1774631959672667912,3195908,1774631959673090048,left,OFF,4.7,8.13
2026-03-27T17:19:19.689090+00:00,27.253032,1774631959689090412,3195924,1774631959689153536,left,OFF,4.7,8.13
2026-03-27T17:19:19.705490+00:00,27.269432,1774631959705490412,3195940,1774631959705335296,left,OFF,4.7,8.13
2026-03-27T17:19:19.721004+00:00,27.284947,1774631959721004612,3195956,1774631959721375232,left,OFF,4.7,8.13
2026-03-27T17:19:19.737458+00:00,27.301400,1774631959737457712,3195972,1774631959737422336,left,OFF,4.7,8.13
2026-03-27T17:19:19.753921+00:00,27.317863,1774631959753921012,3195988,1774631959753501696,left,OFF,4.8,8.22
2026-03-27T17:19:19.769362+00:00,27.333304,1774631959769362412,3196004,1774631959769530368,left,OFF,4.7,8.13
2026-03-27T17:19:19.785960+00:00,27.349902,1774631959785960412,3196020,1774631959785606656,left,OFF,4.8,8.22
2026-03-27T17:19:19.801105+00:00,27.365047,1774631959801104912,3196036,1774631959801597696,left,OFF,4.7,8.13
2026-03-27T17:19:19.817549+00:00,27.381491,1774631959817549012,3196052,1774631959817626880,left,OFF,4.8,8.22
2026-03-27T17:19:19.834145+00:00,27.398087,1774631959834144712,3196068,1774631959833701632,left,OFF,4.8,8.22
2026-03-27T17:19:19.849514+00:00,27.413456,1774631959849513712,3196084,1774631959849710336,left,OFF,4.8,8.22
2026-03-27T17:19:19.866008+00:00,27.429950,1774631959866008312,3196100,1774631959865760256,left,OFF,4.8,8.22
2026-03-27T17:19:19.882431+00:00,27.446372,1774631959882430412,3196116,1774631959881844736,left,OFF,4.8,8.22
2026-03-27T17:19:19.897835+00:00,27.461778,1774631959897835612,3196132,1774631959897865984,left,OFF,4.8,8.22
2026-03-27T17:19:19.914190+00:00,27.478132,1774631959914190012,3196148,1774631959914012160,left,OFF,4.8,8.22
2026-03-27T17:19:19.929623+00:00,27.493565,1774631959929623412,3196164,1774631959930080256,left,OFF,4.8,8.22
2026-03-27T17:19:19.946171+00:00,27.510113,1774631959946170612,3196180,1774631959946178816,left,OFF,4.8,8.22
2026-03-27T17:19:19.962618+00:00,27.526560,1774631959962617612,3196196,1774631959962256384,left,OFF,4.8,8.22
2026-03-27T17:19:19.977970+00:00,27.541912,1774631959977969912,3196212,1774631959978276352,left,OFF,4.8,8.22
2026-03-27T17:19:19.994525+00:00,27.558467,1774631959994525112,3196228,1774631959994337024,left,OFF,4.8,8.22
2026-03-27T17:19:20.010902+00:00,27.574844,1774631960010902212,3196244,1774631960010424320,left,OFF,4.8,8.22
2026-03-27T17:19:20.026356+00:00,27.590298,1774631960026356412,3196260,1774631960026459136,left,OFF,4.8,8.22
2026-03-27T17:19:20.042645+00:00,27.606587,1774631960042644912,3196276,1774631960042518528,left,OFF,4.8,8.22
2026-03-27T17:19:20.058243+00:00,27.622185,1774631960058243112,3196292,1774631960058526464,left,OFF,4.8,8.22
2026-03-27T17:19:20.074654+00:00,27.638596,1774631960074653612,3196308,1774631960074567168,left,OFF,4.8,8.22
2026-03-27T17:19:20.091050+00:00,27.654992,1774631960091050612,3196324,1774631960090644736,left,OFF,4.8,8.31
2026-03-27T17:19:20.106392+00:00,27.670334,1774631960106392312,3196340,1774631960106655744,left,OFF,4.8,8.22
2026-03-27T17:19:20.122940+00:00,27.686882,1774631960122940212,3196356,1774631960122769408,left,OFF,4.8,8.22
2026-03-27T17:19:20.139280+00:00,27.703222,1774631960139279612,3196372,1774631960138888192,left,OFF,4.8,8.31
2026-03-27T17:19:20.154735+00:00,27.718677,1774631960154735112,3196388,1774631960154965504,left,OFF,4.8,8.22
2026-03-27T17:19:20.171306+00:00,27.735248,1774631960171306312,3196404,1774631960171039488,left,OFF,4.8,8.31
2026-03-27T17:19:20.186689+00:00,27.750631,1774631960186689212,3196420,1774631960187062784,left,OFF,4.8,8.22
2026-03-27T17:19:20.203063+00:00,27.767005,1774631960203063212,3196436,1774631960203107584,left,OFF,4.8,8.31
2026-03-27T17:19:20.219610+00:00,27.783552,1774631960219609812,3196452,1774631960219192832,left,OFF,4.8,8.22
2026-03-27T17:19:20.235022+00:00,27.798964,1774631960235021912,3196468,1774631960235216128,left,OFF,4.8,8.31
2026-03-27T17:19:20.251341+00:00,27.815283,1774631960251341112,3196484,1774631960251272704,left,OFF,4.8,8.31
2026-03-27T17:19:20.267748+00:00,27.831690,1774631960267747712,3196500,1774631960267361280,left,OFF,4.8,8.31
2026-03-27T17:19:20.283665+00:00,27.847607,1774631960283665112,3196516,1774631960283420928,left,OFF,4.8,8.31
2026-03-27T17:19:20.299675+00:00,27.863617,1774631960299675012,3196532,1774631960299492096,left,OFF,4.9,8.39
2026-03-27T17:19:20.315108+00:00,27.879050,1774631960315107712,3196548,1774631960315503616,left,OFF,4.8,8.31
2026-03-27T17:19:20.331663+00:00,27.895605,1774631960331663212,3196564,1774631960331556608,left,OFF,4.8,8.31
2026-03-27T17:19:20.348017+00:00,27.911959,1774631960348016712,3196580,1774631960347681024,left,OFF,4.9,8.39
2026-03-27T17:19:20.363440+00:00,27.927381,1774631960363439512,3196596,1774631960363738624,left,OFF,4.9,8.39
2026-03-27T17:19:20.379973+00:00,27.943915,1774631960379973112,3196612,1774631960379835648,left,OFF,4.8,8.31
2026-03-27T17:19:20.396365+00:00,27.960307,1774631960396364912,3196628,1774631960395933696,left,OFF,4.8,8.31
2026-03-27T17:19:20.411797+00:00,27.975739,1774631960411796712,3196644,1774631960411976960,left,OFF,4.8,8.31
2026-03-27T17:19:20.428139+00:00,27.992081,1774631960428139212,3196660,1774631960428050176,left,OFF,4.8,8.22
2026-03-27T17:19:20.443993+00:00,28.007935,1774631960443993112,3196676,1774631960444085760,left,OFF,4.8,8.31
2026-03-27T17:19:20.460113+00:00,28.024055,1774631960460112812,3196692,1774631960460137728,left,OFF,4.8,8.22
2026-03-27T17:19:20.476448+00:00,28.040390,1774631960476448312,3196708,1774631960476219648,left,OFF,4.8,8.22
2026-03-27T17:19:20.491925+00:00,28.055866,1774631960491924512,3196724,1774631960492245504,left,OFF,4.8,8.22
2026-03-27T17:19:20.508411+00:00,28.072353,1774631960508411012,3196740,1774631960508307456,left,OFF,4.8,8.22
2026-03-27T17:19:20.524791+00:00,28.088732,1774631960524790512,3196756,1774631960524407040,left,OFF,4.8,8.31
2026-03-27T17:19:20.540181+00:00,28.104123,1774631960540181312,3196772,1774631960540440320,left,OFF,4.8,8.22
2026-03-27T17:19:20.556712+00:00,28.120654,1774631960556712412,3196788,1774631960556542464,left,OFF,4.7,8.13
2026-03-27T17:19:20.572230+00:00,28.136172,1774631960572230012,3196804,1774631960572591104,left,OFF,4.7,8.04
2026-03-27T17:19:20.588586+00:00,28.152528,1774631960588586012,3196820,1774631960588645888,left,OFF,4.6,7.87
2026-03-27T17:19:20.605068+00:00,28.169010,1774631960605068612,3196836,1774631960604736000,left,OFF,4.5,7.69
2026-03-27T17:19:20.620488+00:00,28.184430,1774631960620488512,3196852,1774631960620764928,left,OFF,4.4,7.6
2026-03-27T17:19:20.636816+00:00,28.200758,1774631960636815712,3196868,1774631960636827136,left,OFF,4.3,7.51
2026-03-27T17:19:20.653218+00:00,28.217160,1774631960653217612,3196884,1774631960652921344,left,OFF,4.3,7.51
2026-03-27T17:19:20.668856+00:00,28.232798,1774631960668856112,3196900,1774631960668967424,left,OFF,4.2,7.34
2026-03-27T17:19:20.685172+00:00,28.249114,1774631960685171712,3196916,1774631960685048320,left,OFF,4.2,7.34
2026-03-27T17:19:20.700629+00:00,28.264571,1774631960700629512,3196932,1774631960701067008,left,OFF,4.2,7.34
2026-03-27T17:19:20.717156+00:00,28.281098,1774631960717155612,3196948,1774631960717125376,left,OFF,4.2,7.25
2026-03-27T17:19:20.733563+00:00,28.297504,1774631960733562612,3196964,1774631960733214976,left,OFF,4.2,7.34
2026-03-27T17:19:20.748978+00:00,28.312920,1774631960748978512,3196980,1774631960749248256,left,OFF,4.2,7.34
2026-03-27T17:19:20.765363+00:00,28.329305,1774631960765363312,3196996,1774631960765313280,left,OFF,4.2,7.34
2026-03-27T17:19:20.781840+00:00,28.345782,1774631960781840412,3197012,1774631960781416448,left,OFF,4.2,7.25
2026-03-27T17:19:20.797373+00:00,28.361315,1774631960797372712,3197028,1774631960797467648,left,OFF,4.2,7.25
2026-03-27T17:19:20.813678+00:00,28.377620,1774631960813677812,3197044,1774631960813550592,left,OFF,4.2,7.25
2026-03-27T17:19:20.829401+00:00,28.393343,1774631960829400712,3197060,1774631960829584384,left,OFF,4.2,7.25
2026-03-27T17:19:20.845578+00:00,28.409520,1774631960845578012,3197076,1774631960845636864,left,OFF,4.2,7.25
2026-03-27T17:19:20.861957+00:00,28.425899,1774631960861957212,3197092,1774631960861725184,left,OFF,4.2,7.25
2026-03-27T17:19:20.877362+00:00,28.441304,1774631960877362212,3197108,1774631960877751808,left,OFF,4.2,7.25
2026-03-27T17:19:20.893954+00:00,28.457896,1774631960893954312,3197124,1774631960893824768,left,OFF,4.2,7.34
2026-03-27T17:19:20.910349+00:00,28.474291,1774631960910349312,3197140,1774631960909929216,left,OFF,4.2,7.34
2026-03-27T17:19:20.925653+00:00,28.489595,1774631960925653012,3197156,1774631960925967104,left,OFF,4.2,7.34
2026-03-27T17:19:20.942321+00:00,28.506263,1774631960942321412,3197172,1774631960942050816,left,OFF,4.3,7.43
2026-03-27T17:19:20.957598+00:00,28.521540,1774631960957598012,3197188,1774631960958067200,left,OFF,4.3,7.51
2026-03-27T17:19:20.974003+00:00,28.537945,1774631960974003212,3197204,1774631960974119680,left,OFF,4.5,7.69
2026-03-27T17:19:20.990449+00:00,28.554391,1774631960990449312,3197220,1774631960990207744,left,OFF,4.5,7.78
2026-03-27T17:19:21.006075+00:00,28.570017,1774631961006075012,3197236,1774631961006247168,left,OFF,4.6,7.87
2026-03-27T17:19:21.022326+00:00,28.586268,1774631961022326312,3197252,1774631961022313216,left,OFF,4.6,7.95
2026-03-27T17:19:21.038714+00:00,28.602656,1774631961038714012,3197268,1774631961038409472,left,OFF,4.7,8.04
2026-03-27T17:19:21.054180+00:00,28.618121,1774631961054179512,3197284,1774631961054450432,left,OFF,4.7,8.04
2026-03-27T17:19:21.070801+00:00,28.634743,1774631961070801412,3197300,1774631961070532864,left,OFF,4.7,8.13
2026-03-27T17:19:21.086045+00:00,28.649987,1774631961086045312,3197316,1774631961086550528,left,OFF,4.9,8.48
2026-03-27T17:19:21.102491+00:00,28.666432,1774631961102490512,3197332,1774631961102602752,left,OFF,5.6,9.62
2026-03-27T17:19:21.119317+00:00,28.683259,1774631961119317312,3197348,1774631961118712320,left,OFF,6.1,10.59
2026-03-27T17:19:21.134394+00:00,28.698336,1774631961134393812,3197364,1774631961134738944,left,OFF,6.6,11.38
2026-03-27T17:19:21.150988+00:00,28.714930,1774631961150987712,3197380,1774631961150812928,left,OFF,6.9,12.0
2026-03-27T17:19:21.167192+00:00,28.731133,1774631961167191512,3197396,1774631961166904320,left,OFF,7.1,12.35
2026-03-27T17:19:21.182750+00:00,28.746692,1774631961182749812,3197412,1774631961182946048,left,OFF,7.2,12.44
2026-03-27T17:19:21.199284+00:00,28.763226,1774631961199283612,3197428,1774631961199032576,left,OFF,7.2,12.44
2026-03-27T17:19:21.214522+00:00,28.778464,1774631961214522312,3197444,1774631961215047424,left,OFF,7.6,13.05
2026-03-27T17:19:21.230994+00:00,28.794935,1774631961230993312,3197460,1774631961231097088,left,OFF,8.9,15.34
2026-03-27T17:19:21.247588+00:00,28.811530,1774631961247588112,3197476,1774631961247194368,left,OFF,11.0,18.76
2026-03-27T17:19:21.262925+00:00,28.826867,1774631961262925012,3197492,1774631961263227392,left,OFF,12.5,21.14
2026-03-27T17:19:21.279494+00:00,28.843435,1774631961279493612,3197508,1774631961279299584,left,OFF,14.3,23.95
2026-03-27T17:19:21.295798+00:00,28.859740,1774631961295798012,3197524,1774631961295396608,left,OFF,18.0,29.58
2026-03-27T17:19:21.311249+00:00,28.875191,1774631961311249112,3197540,1774631961311452160,left,OFF,23.0,36.69
2026-03-27T17:19:21.327602+00:00,28.891544,1774631961327601712,3197556,1774631961327524096,left,OFF,27.5,42.85
2026-03-27T17:19:21.343200+00:00,28.907142,1774631961343200212,3197572,1774631961343547904,left,OFF,29.5,45.57
2026-03-27T17:19:21.359546+00:00,28.923488,1774631961359545612,3197588,1774631961359604480,left,OFF,30.5,46.89
2026-03-27T17:19:21.376314+00:00,28.940256,1774631961376313912,3197604,1774631961375713792,left,OFF,31.2,47.68
2026-03-27T17:19:21.391905+00:00,28.955847,1774631961391904712,3197620,1774631961391773440,left,OFF,31.3,47.86
2026-03-27T17:19:21.408064+00:00,28.972006,1774631961408063912,3197636,1774631961407853056,left,OFF,31.3,47.86
2026-03-27T17:19:21.424429+00:00,28.988371,1774631961424428812,3197652,1774631961423961600,left,OFF,31.3,47.86
2026-03-27T17:19:21.439697+00:00,29.003639,1774631961439697212,3197668,1774631961440001536,left,OFF,31.3,47.86
2026-03-27T17:19:21.456410+00:00,29.020352,1774631961456409912,3197684,1774631961456090112,left,OFF,31.4,47.94
2026-03-27T17:19:21.471683+00:00,29.035625,1774631961471683212,3197700,1774631961472123904,left,OFF,31.5,48.03
2026-03-27T17:19:21.487972+00:00,29.051914,1774631961487971612,3197716,1774631961488173312,left,OFF,31.5,48.03
2026-03-27T17:19:21.504537+00:00,29.068479,1774631961504536912,3197732,1774631961504262400,left,OFF,31.5,48.03
2026-03-27T17:19:21.519919+00:00,29.083861,1774631961519918912,3197748,1774631961520291584,left,OFF,31.5,48.03
2026-03-27T17:19:21.536383+00:00,29.100325,1774631961536382712,3197764,1774631961536358144,left,OFF,31.5,48.12
2026-03-27T17:19:21.553434+00:00,29.117376,1774631961553433612,3197780,1774631961552495104,left,OFF,31.5,48.12
2026-03-27T17:19:21.568388+00:00,29.132330,1774631961568387812,3197796,1774631961568542720,left,OFF,31.5,48.12
2026-03-27T17:19:21.584946+00:00,29.148888,1774631961584946212,3197812,1774631961584634624,left,OFF,31.5,48.12
2026-03-27T17:19:21.600019+00:00,29.163961,1774631961600018912,3197828,1774631961600649216,left,OFF,31.5,48.12
2026-03-27T17:19:21.616757+00:00,29.180699,1774631961616757212,3197844,1774631961616714240,left,OFF,31.5,48.12
2026-03-27T17:19:21.632999+00:00,29.196941,1774631961632999212,3197860,1774631961632803072,left,OFF,31.5,48.12
2026-03-27T17:19:21.648385+00:00,29.212326,1774631961648384612,3197876,1774631961648830464,left,OFF,31.5,48.12
2026-03-27T17:19:21.665114+00:00,29.229055,1774631961665113512,3197892,1774631961664907264,left,OFF,31.5,48.12
2026-03-27T17:19:21.681713+00:00,29.245655,1774631961681712812,3197908,1774631961681026816,left,OFF,31.6,48.21
2026-03-27T17:19:21.696781+00:00,29.260723,1774631961696780912,3197924,1774631961697071872,left,OFF,31.5,48.12
2026-03-27T17:19:21.713149+00:00,29.277091,1774631961713149012,3197940,1774631961713143552,left,OFF,31.6,48.21
2026-03-27T17:19:21.728642+00:00,29.292583,1774631961728641412,3197956,1774631961729161472,left,OFF,31.5,48.12
2026-03-27T17:19:21.745151+00:00,29.309093,1774631961745151112,3197972,1774631961745221120,left,OFF,31.6,48.21
2026-03-27T17:19:21.761484+00:00,29.325426,1774631961761483912,3197988,1774631961761308160,left,OFF,31.6,48.21
2026-03-27T17:19:21.776960+00:00,29.340902,1774631961776959712,3198004,1774631961777339136,left,OFF,31.6,48.21
2026-03-27T17:19:21.793482+00:00,29.357424,1774631961793482212,3198020,1774631961793408512,left,OFF,31.7,48.3
2026-03-27T17:19:21.809938+00:00,29.373880,1774631961809937912,3198036,1774631961809514752,left,OFF,31.7,48.3
2026-03-27T17:19:21.825244+00:00,29.389186,1774631961825244212,3198052,1774631961825557760,left,OFF,31.7,48.3
2026-03-27T17:19:21.841630+00:00,29.405572,1774631961841630212,3198068,1774631961841628672,left,OFF,31.8,48.38
2026-03-27T17:19:21.857301+00:00,29.421243,1774631961857301112,3198084,1774631961857664768,left,OFF,31.7,48.3
2026-03-27T17:19:21.873653+00:00,29.437595,1774631961873653112,3198100,1774631961873722368,left,OFF,31.8,48.38
2026-03-27T17:19:21.890037+00:00,29.453979,1774631961890036712,3198116,1774631961889809408,left,OFF,31.8,48.47
2026-03-27T17:19:21.905896+00:00,29.469838,1774631961905895912,3198132,1774631961905863424,left,OFF,31.8,48.47
2026-03-27T17:19:21.922116+00:00,29.486058,1774631961922115812,3198148,1774631961921942784,left,OFF,31.9,48.56
2026-03-27T17:19:21.938390+00:00,29.502332,1774631961938389612,3198164,1774631961938045440,left,OFF,32.0,48.65
2026-03-27T17:19:21.954505+00:00,29.518446,1774631961954504612,3198180,1774631961954127104,left,OFF,32.1,48.82
2026-03-27T17:19:21.970280+00:00,29.534222,1774631961970280212,3198196,1774631961970209280,left,OFF,32.3,49.09
2026-03-27T17:19:21.986148+00:00,29.550090,1774631961986147712,3198212,1774631961986254848,left,OFF,32.5,49.35
2026-03-27T17:19:22.002287+00:00,29.566229,1774631962002287012,3198228,1774631962002315264,left,OFF,32.8,49.61
2026-03-27T17:19:22.018618+00:00,29.582560,1774631962018617812,3198244,1774631962018403584,left,OFF,32.8,49.7
2026-03-27T17:19:22.034123+00:00,29.598065,1774631962034123112,3198260,1774631962034443520,left,OFF,33.0,49.88
2026-03-27T17:19:22.050366+00:00,29.614308,1774631962050366112,3198276,1774631962050500864,left,OFF,33.2,50.14
2026-03-27T17:19:22.066806+00:00,29.630748,1774631962066805912,3198292,1774631962066591232,left,OFF,33.4,50.41
2026-03-27T17:19:22.082313+00:00,29.646255,1774631962082313112,3198308,1774631962082628608,left,OFF,33.5,50.49
2026-03-27T17:19:22.098743+00:00,29.662685,1774631962098742812,3198324,1774631962098705920,left,OFF,33.6,50.67
2026-03-27T17:19:22.114242+00:00,29.678184,1774631962114242112,3198340,1774631962114723584,left,OFF,33.7,50.76
2026-03-27T17:19:22.130743+00:00,29.694685,1774631962130742612,3198356,1774631962130779136,left,OFF,33.7,50.76
2026-03-27T17:19:22.147055+00:00,29.710997,1774631962147055212,3198372,1774631962146873856,left,OFF,33.8,50.84
2026-03-27T17:19:22.163131+00:00,29.727072,1774631962163130512,3198388,1774631962162938880,left,OFF,33.8,50.93
2026-03-27T17:19:22.179003+00:00,29.742945,1774631962179002812,3198404,1774631962179007744,left,OFF,33.8,50.93
2026-03-27T17:19:22.196699+00:00,29.760641,1774631962196698712,3198420,1774631962195180800,left,OFF,33.9,51.02
2026-03-27T17:19:22.210936+00:00,29.774878,1774631962210936112,3198436,1774631962211224576,left,OFF,33.9,51.02
2026-03-27T17:19:22.227232+00:00,29.791174,1774631962227231712,3198452,1774631962227297024,left,OFF,33.9,51.02
2026-03-27T17:19:22.242474+00:00,29.806416,1774631962242474012,3198468,1774631962243293696,left,OFF,33.9,51.02
2026-03-27T17:19:22.259054+00:00,29.822996,1774631962259053912,3198484,1774631962259334656,left,OFF,34.0,51.11
2026-03-27T17:19:22.275531+00:00,29.839473,1774631962275531112,3198500,1774631962275417600,left,OFF,33.9,51.02
2026-03-27T17:19:22.290994+00:00,29.854936,1774631962290993712,3198516,1774631962291441152,left,OFF,33.9,51.02
2026-03-27T17:19:22.307528+00:00,29.871469,1774631962307527512,3198532,1774631962307509248,left,OFF,33.9,51.02
2026-03-27T17:19:22.323890+00:00,29.887832,1774631962323889912,3198548,1774631962323603456,left,OFF,33.9,51.02
2026-03-27T17:19:22.339178+00:00,29.903120,1774631962339177712,3198564,1774631962339630848,left,OFF,33.9,51.02
2026-03-27T17:19:22.355649+00:00,29.919591,1774631962355649012,3198580,1774631962355692544,left,OFF,34.0,51.11
2026-03-27T17:19:22.371120+00:00,29.935062,1774631962371120212,3198596,1774631962371703296,left,OFF,34.0,51.11
2026-03-27T17:19:22.387557+00:00,29.951499,1774631962387556712,3198612,1774631962387746048,left,OFF,33.9,51.02
2026-03-27T17:19:22.405354+00:00,29.969296,1774631962405354112,3198628,1774631962403916800,left,OFF,33.9,51.02
2026-03-27T17:19:22.419318+00:00,29.983260,1774631962419317912,3198644,1774631962419943168,left,OFF,33.8,50.84
2026-03-27T17:19:22.435980+00:00,29.999922,1774631962435979912,3198660,1774631962436009728,left,OFF,33.5,50.49
2026-03-27T17:19:22.452360+00:00,30.016302,1774631962452360012,3198676,1774631962452105472,left,OFF,33.3,50.32
2026-03-27T17:19:22.467665+00:00,30.031607,1774631962467665512,3198692,1774631962468130304,left,OFF,33.1,50.05
2026-03-27T17:19:22.484280+00:00,30.048222,1774631962484279712,3198708,1774631962484209152,left,OFF,32.9,49.79
2026-03-27T17:19:22.499600+00:00,30.063542,1774631962499600512,3198724,1774631962500218112,left,OFF,32.8,49.61
2026-03-27T17:19:22.516038+00:00,30.079980,1774631962516038312,3198740,1774631962516257280,left,OFF,32.8,49.61
2026-03-27T17:19:22.532457+00:00,30.096399,1774631962532456912,3198756,1774631962532333824,left,OFF,32.8,49.61
2026-03-27T17:19:22.547945+00:00,30.111887,1774631962547945012,3198772,1774631962548354304,left,OFF,32.8,49.7
2026-03-27T17:19:22.564421+00:00,30.128363,1774631962564421412,3198788,1774631962564412416,left,OFF,32.8,49.61
2026-03-27T17:19:22.580862+00:00,30.144803,1774631962580861612,3198804,1774631962580524288,left,OFF,32.8,49.61
2026-03-27T17:19:22.597603+00:00,30.161545,1774631962597603112,3198820,1774631962596643840,left,OFF,32.8,49.61
2026-03-27T17:19:22.613626+00:00,30.177568,1774631962613625812,3198836,1774631962612774912,left,OFF,32.8,49.61
2026-03-27T17:19:22.629290+00:00,30.193232,1774631962629290012,3198852,1774631962628849664,left,OFF,32.8,49.61
2026-03-27T17:19:22.644507+00:00,30.208449,1774631962644507112,3198868,1774631962644891904,left,OFF,32.8,49.7
2026-03-27T17:19:22.661102+00:00,30.225044,1774631962661101812,3198884,1774631962660972800,left,OFF,32.8,49.7
2026-03-27T17:19:22.676484+00:00,30.240426,1774631962676483612,3198900,1774631962676990976,left,OFF,32.8,49.61
2026-03-27T17:19:22.692850+00:00,30.256792,1774631962692850312,3198916,1774631962693048064,left,OFF,32.8,49.7
2026-03-27T17:19:22.709239+00:00,30.273180,1774631962709238612,3198932,1774631962709142272,left,OFF,32.8,49.7
2026-03-27T17:19:22.724813+00:00,30.288755,1774631962724812912,3198948,1774631962725176320,left,OFF,32.8,49.7
2026-03-27T17:19:22.741506+00:00,30.305447,1774631962741505612,3198964,1774631962741258496,left,OFF,32.8,49.7
2026-03-27T17:19:22.756486+00:00,30.320428,1774631962756486412,3198980,1774631962757256192,left,OFF,32.8,49.7
2026-03-27T17:19:22.772897+00:00,30.336839,1774631962772897112,3198996,1774631962773289472,left,OFF,32.8,49.7
2026-03-27T17:19:22.789450+00:00,30.353392,1774631962789449612,3199012,1774631962789361152,left,OFF,32.8,49.7
2026-03-27T17:19:22.804888+00:00,30.368829,1774631962804887512,3199028,1774631962805376768,left,OFF,32.8,49.7
2026-03-27T17:19:22.821359+00:00,30.385301,1774631962821358912,3199044,1774631962821431552,left,OFF,32.8,49.7
2026-03-27T17:19:22.837900+00:00,30.401842,1774631962837899812,3199060,1774631962837528064,left,OFF,32.8,49.7
2026-03-27T17:19:22.853826+00:00,30.417768,1774631962853826312,3199076,1774631962853592832,left,OFF,32.8,49.7
2026-03-27T17:19:22.869754+00:00,30.433696,1774631962869754212,3199092,1774631962869658368,left,OFF,32.8,49.7
2026-03-27T17:19:22.884957+00:00,30.448899,1774631962884957112,3199108,1774631962885659392,left,OFF,32.8,49.7
2026-03-27T17:19:22.901551+00:00,30.465493,1774631962901550712,3199124,1774631962901702400,left,OFF,32.8,49.7
2026-03-27T17:19:22.918063+00:00,30.482005,1774631962918063412,3199140,1774631962917782784,left,OFF,32.8,49.7
2026-03-27T17:19:22.933319+00:00,30.497260,1774631962933318612,3199156,1774631962933807616,left,OFF,32.8,49.7
2026-03-27T17:19:22.949888+00:00,30.513830,1774631962949888412,3199172,1774631962949869056,left,OFF,32.8,49.7
2026-03-27T17:19:22.966377+00:00,30.530318,1774631962966376612,3199188,1774631962965963520,left,OFF,32.8,49.7
2026-03-27T17:19:22.981651+00:00,30.545593,1774631962981650612,3199204,1774631962982011392,left,OFF,32.8,49.7
2026-03-27T17:19:22.998247+00:00,30.562189,1774631962998246712,3199220,1774631962998084352,left,OFF,32.8,49.7
2026-03-27T17:19:23.013660+00:00,30.577602,1774631963013660412,3199236,1774631963014111488,left,OFF,32.9,49.79
2026-03-27T17:19:23.030011+00:00,30.593953,1774631963030011512,3199252,1774631963030159360,left,OFF,32.8,49.7
2026-03-27T17:19:23.046390+00:00,30.610332,1774631963046390212,3199268,1774631963046235136,left,OFF,32.9,49.79
2026-03-27T17:19:23.062633+00:00,30.626575,1774631963062632812,3199284,1774631963062305280,left,OFF,32.9,49.79
2026-03-27T17:19:23.080245+00:00,30.644187,1774631963080245112,3199300,1774631963078474752,left,OFF,33.0,49.88
2026-03-27T17:19:23.096071+00:00,30.660013,1774631963096071012,3199316,1774631963094638848,left,OFF,33.0,49.97
2026-03-27T17:19:23.110147+00:00,30.674089,1774631963110147112,3199332,1774631963110662144,left,OFF,33.1,50.05
2026-03-27T17:19:23.126781+00:00,30.690722,1774631963126780612,3199348,1774631963126732288,left,OFF,33.3,50.23
2026-03-27T17:19:23.142117+00:00,30.706059,1774631963142117312,3199364,1774631963142740480,left,OFF,33.5,50.49
2026-03-27T17:19:23.158495+00:00,30.722438,1774631963158495612,3199380,1774631963158781952,left,OFF,33.7,50.76
2026-03-27T17:19:23.175032+00:00,30.738974,1774631963175032012,3199396,1774631963174860544,left,OFF,33.8,50.93
2026-03-27T17:19:23.190374+00:00,30.754316,1774631963190374012,3199412,1774631963190895360,left,OFF,34.1,51.2
2026-03-27T17:19:23.206787+00:00,30.770728,1774631963206786512,3199428,1774631963206946560,left,OFF,34.5,51.72
2026-03-27T17:19:23.223233+00:00,30.787175,1774631963223232812,3199444,1774631963223072768,left,OFF,34.9,52.25
2026-03-27T17:19:23.238775+00:00,30.802717,1774631963238774912,3199460,1774631963239112448,left,OFF,35.2,52.6
2026-03-27T17:19:23.255129+00:00,30.819071,1774631963255129212,3199476,1774631963255177216,left,OFF,35.6,53.04
2026-03-27T17:19:23.272864+00:00,30.836806,1774631963272864212,3199492,1774631963271318528,left,OFF,35.8,53.39
2026-03-27T17:19:23.288664+00:00,30.852605,1774631963288663512,3199508,1774631963287456768,left,OFF,36.3,53.92
2026-03-27T17:19:23.303895+00:00,30.867837,1774631963303895412,3199524,1774631963303554816,left,OFF,36.7,54.45
2026-03-27T17:19:23.318832+00:00,30.882774,1774631963318832312,3199540,1774631963319564800,left,OFF,37.1,54.89
2026-03-27T17:19:23.335373+00:00,30.899315,1774631963335373412,3199556,1774631963335619072,left,OFF,37.3,55.24
2026-03-27T17:19:23.351903+00:00,30.915845,1774631963351902712,3199572,1774631963351711488,left,OFF,37.6,55.5
2026-03-27T17:19:23.367230+00:00,30.931172,1774631963367230512,3199588,1774631963367734784,left,OFF,37.8,55.77
2026-03-27T17:19:23.383560+00:00,30.947502,1774631963383560212,3199604,1774631963383787008,left,OFF,38.1,56.21
2026-03-27T17:19:23.398953+00:00,30.962895,1774631963398953112,3199620,1774631963399779840,left,OFF,38.7,56.91
2026-03-27T17:19:23.415475+00:00,30.979417,1774631963415474712,3199636,1774631963415812864,left,OFF,39.5,57.88
2026-03-27T17:19:23.431952+00:00,30.995894,1774631963431952412,3199652,1774631963431925760,left,OFF,40.2,58.75
2026-03-27T17:19:23.447340+00:00,31.011282,1774631963447339712,3199668,1774631963447933696,left,OFF,40.7,59.28
2026-03-27T17:19:23.471171+00:00,31.035113,1774631963471170812,3199684,1774631963464434432,left,OFF,41.4,60.16
2026-03-27T17:19:23.480250+00:00,31.044192,1774631963480249712,3199700,1774631963480508416,left,OFF,42.1,61.04
2026-03-27T17:19:23.497559+00:00,31.061501,1774631963497558712,3199716,1774631963496635392,left,OFF,42.9,61.92
2026-03-27T17:19:23.512766+00:00,31.076708,1774631963512765812,3199732,1774631963512723968,left,OFF,43.5,62.62
2026-03-27T17:19:23.527964+00:00,31.091906,1774631963527964012,3199748,1774631963528736512,left,OFF,43.8,62.97
2026-03-27T17:19:23.543971+00:00,31.107913,1774631963543970812,3199764,1774631963544756480,left,OFF,44.0,63.24
2026-03-27T17:19:23.560383+00:00,31.124325,1774631963560382612,3199780,1774631963560809216,left,OFF,44.3,63.59
2026-03-27T17:19:23.575827+00:00,31.139769,1774631963575827312,3199796,1774631963576806400,left,OFF,44.5,63.85
2026-03-27T17:19:23.592316+00:00,31.156258,1774631963592316412,3199812,1774631963592842752,left,OFF,44.6,64.03
2026-03-27T17:19:23.608921+00:00,31.172863,1774631963608920912,3199828,1774631963608923904,left,OFF,44.9,64.38
2026-03-27T17:19:23.624193+00:00,31.188135,1774631963624193112,3199844,1774631963624978176,left,OFF,45.2,64.64
2026-03-27T17:19:23.640741+00:00,31.204683,1774631963640741012,3199860,1774631963641062656,left,OFF,45.5,65.0
2026-03-27T17:19:23.656079+00:00,31.220021,1774631963656079112,3199876,1774631963657091840,left,OFF,45.6,65.17
2026-03-27T17:19:23.672495+00:00,31.236437,1774631963672495212,3199892,1774631963673117952,left,OFF,45.7,65.35
2026-03-27T17:19:23.688935+00:00,31.252876,1774631963688934612,3199908,1774631963689183744,left,OFF,46.3,65.96
2026-03-27T17:19:23.705132+00:00,31.269074,1774631963705132112,3199924,1774631963705236736,left,OFF,46.8,66.58
2026-03-27T17:19:23.721021+00:00,31.284963,1774631963721021012,3199940,1774631963721287680,left,OFF,47.1,66.93
2026-03-27T17:19:23.737184+00:00,31.301126,1774631963737184112,3199956,1774631963737354496,left,OFF,47.2,67.1
2026-03-27T17:19:23.753030+00:00,31.316972,1774631963753029612,3199972,1774631963753393152,left,OFF,47.3,67.19
2026-03-27T17:19:23.769165+00:00,31.333107,1774631963769164812,3199988,1774631963769455872,left,OFF,47.3,67.19
2026-03-27T17:19:23.784575+00:00,31.348517,1774631963784575212,3200004,1774631963785444864,left,OFF,47.2,67.1
2026-03-27T17:19:23.801085+00:00,31.365027,1774631963801085012,3200020,1774631963801472512,left,OFF,47.1,67.02
2026-03-27T17:19:23.817480+00:00,31.381422,1774631963817479712,3200036,1774631963817535232,left,OFF,47.3,67.19
2026-03-27T17:19:23.832973+00:00,31.396915,1774631963832973312,3200052,1774631963833543424,left,OFF,47.1,67.02
2026-03-27T17:19:23.849236+00:00,31.413178,1774631963849236412,3200068,1774631963849576704,left,OFF,47.1,67.02
2026-03-27T17:19:23.865826+00:00,31.429768,1774631963865825812,3200084,1774631963865657344,left,OFF,47.2,67.1
2026-03-27T17:19:23.881184+00:00,31.445126,1774631963881184212,3200100,1774631963881690880,left,OFF,47.3,67.19
2026-03-27T17:19:23.897607+00:00,31.461549,1774631963897607012,3200116,1774631963897743104,left,OFF,47.3,67.19
2026-03-27T17:19:23.913108+00:00,31.477050,1774631963913108212,3200132,1774631963913734144,left,OFF,47.5,67.46
2026-03-27T17:19:23.929532+00:00,31.493474,1774631963929532212,3200148,1774631963929764096,left,OFF,47.6,67.54
2026-03-27T17:19:23.945904+00:00,31.509846,1774631963945904212,3200164,1774631963945826816,left,OFF,47.6,67.54
2026-03-27T17:19:23.961397+00:00,31.525339,1774631963961397512,3200180,1774631963961829888,left,OFF,47.6,67.54
2026-03-27T17:19:23.977849+00:00,31.541792,1774631963977849712,3200196,1774631963977872384,left,OFF,47.7,67.72
2026-03-27T17:19:23.994244+00:00,31.558186,1774631963994243912,3200212,1774631963993948416,left,OFF,47.7,67.72
2026-03-27T17:19:24.009789+00:00,31.573731,1774631964009789512,3200228,1774631964009968384,left,OFF,47.7,67.72
2026-03-27T17:19:24.026133+00:00,31.590075,1774631964026132612,3200244,1774631964026022144,left,OFF,47.4,67.37
2026-03-27T17:19:24.041545+00:00,31.605487,1774631964041544812,3200260,1774631964042015744,left,OFF,47.0,66.84
2026-03-27T17:19:24.058137+00:00,31.622079,1774631964058137312,3200276,1774631964058051328,left,OFF,46.1,65.79
2026-03-27T17:19:24.074504+00:00,31.638446,1774631964074503912,3200292,1774631964074115072,left,OFF,44.4,63.76
2026-03-27T17:19:24.089928+00:00,31.653870,1774631964089928312,3200308,1774631964090145280,left,OFF,42.0,60.86
2026-03-27T17:19:24.106261+00:00,31.670202,1774631964106260512,3200324,1774631964106241280,left,OFF,39.2,57.52
2026-03-27T17:19:24.122815+00:00,31.686757,1774631964122815212,3200340,1774631964122362880,left,OFF,35.2,52.6
2026-03-27T17:19:24.138256+00:00,31.702198,1774631964138255712,3200356,1774631964138386432,left,OFF,30.4,46.71
2026-03-27T17:19:24.154609+00:00,31.718550,1774631964154608612,3200372,1774631964154445312,left,OFF,24.8,39.16
2026-03-27T17:19:24.170035+00:00,31.733977,1774631964170035212,3200388,1774631964170442752,left,OFF,21.1,34.15
2026-03-27T17:19:24.186619+00:00,31.750560,1774631964186618512,3200404,1774631964186482176,left,OFF,21.1,34.23
2026-03-27T17:19:24.202958+00:00,31.766900,1774631964202957712,3200420,1774631964202552832,left,OFF,21.1,34.15
2026-03-27T17:19:24.218306+00:00,31.782248,1774631964218306112,3200436,1774631964218557952,left,OFF,20.8,33.79
2026-03-27T17:19:24.234885+00:00,31.798827,1774631964234885212,3200452,1774631964234605312,left,OFF,20.4,33.18
2026-03-27T17:19:24.251284+00:00,31.815226,1774631964251283912,3200468,1774631964250684928,left,OFF,19.9,32.48
2026-03-27T17:19:24.266646+00:00,31.830588,1774631964266646112,3200484,1774631964266705664,left,OFF,13.0,21.84
2026-03-27T17:19:24.283031+00:00,31.846973,1774631964283031312,3200500,1774631964282755584,left,OFF,12.9,21.75
2026-03-27T17:19:24.298538+00:00,31.862480,1774631964298538112,3200516,1774631964298823680,left,OFF,12.8,21.67
2026-03-27T17:19:24.315253+00:00,31.879195,1774631964315253212,3200532,1774631964314926848,left,OFF,12.7,21.4
2026-03-27T17:19:24.331383+00:00,31.895325,1774631964331383512,3200548,1774631964331010304,left,OFF,12.4,20.96
2026-03-27T17:19:24.346885+00:00,31.910827,1774631964346885212,3200564,1774631964347024896,left,OFF,12.1,20.52
2026-03-27T17:19:24.363312+00:00,31.927253,1774631964363311612,3200580,1774631964363076864,left,OFF,11.8,20.08
2026-03-27T17:19:24.379675+00:00,31.943617,1774631964379674712,3200596,1774631964379161600,left,OFF,11.6,19.82
2026-03-27T17:19:24.395251+00:00,31.959193,1774631964395251212,3200612,1774631964395194112,left,OFF,11.5,19.56
2026-03-27T17:19:24.411641+00:00,31.975583,1774631964411641412,3200628,1774631964411255040,left,OFF,11.3,19.29
2026-03-27T17:19:24.426998+00:00,31.990940,1774631964426998012,3200644,1774631964427251712,left,OFF,11.2,19.12
2026-03-27T17:19:24.443403+00:00,32.007345,1774631964443403412,3200660,1774631964443283712,left,OFF,11.1,19.03
2026-03-27T17:19:24.459955+00:00,32.023897,1774631964459955212,3200676,1774631964459358720,left,OFF,11.1,19.03
2026-03-27T17:19:24.475419+00:00,32.039361,1774631964475419512,3200692,1774631964475375872,left,OFF,11.1,18.94
2026-03-27T17:19:24.491753+00:00,32.055695,1774631964491752912,3200708,1774631964491652096,left,OFF,11.0,18.85
2026-03-27T17:19:24.508326+00:00,32.072267,1774631964508325512,3200724,1774631964507752448,left,OFF,11.0,18.85
2026-03-27T17:19:24.523683+00:00,32.087625,1774631964523683112,3200740,1774631964523848192,left,OFF,11.0,18.85
2026-03-27T17:19:24.540083+00:00,32.104025,1774631964540082812,3200756,1774631964539940608,left,OFF,11.0,18.85
2026-03-27T17:19:24.555596+00:00,32.119538,1774631964555596412,3200772,1774631964555973632,left,OFF,11.0,18.76
2026-03-27T17:19:24.571991+00:00,32.135933,1774631964571990812,3200788,1774631964572025600,left,OFF,11.0,18.76
2026-03-27T17:19:24.588493+00:00,32.152435,1774631964588493112,3200804,1774631964588115200,left,OFF,11.0,18.76
2026-03-27T17:19:24.603758+00:00,32.167700,1774631964603758412,3200820,1774631964604136704,left,OFF,11.0,18.76
2026-03-27T17:19:24.620344+00:00,32.184286,1774631964620343912,3200836,1774631964620203520,left,OFF,11.0,18.76
2026-03-27T17:19:24.636769+00:00,32.200710,1774631964636768512,3200852,1774631964636309504,left,OFF,11.0,18.76
2026-03-27T17:19:24.652107+00:00,32.216049,1774631964652107612,3200868,1774631964652347136,left,OFF,11.0,18.76
2026-03-27T17:19:24.668639+00:00,32.232581,1774631964668638812,3200884,1774631964668428032,left,OFF,11.0,18.76
2026-03-27T17:19:24.684023+00:00,32.247965,1774631964684023112,3200900,1774631964684445184,left,OFF,11.0,18.76
2026-03-27T17:19:24.700438+00:00,32.264380,1774631964700437912,3200916,1774631964700495360,left,OFF,11.0,18.76
2026-03-27T17:19:24.717039+00:00,32.280980,1774631964717038512,3200932,1774631964716589824,left,OFF,11.0,18.76
2026-03-27T17:19:24.732403+00:00,32.296345,1774631964732402912,3200948,1774631964732645888,left,OFF,11.0,18.76
2026-03-27T17:19:24.748747+00:00,32.312689,1774631964748747012,3200964,1774631964748714752,left,OFF,11.0,18.76
2026-03-27T17:19:24.765168+00:00,32.329110,1774631964765168212,3200980,1774631964764809216,left,OFF,11.0,18.76
2026-03-27T17:19:24.780707+00:00,32.344649,1774631964780706812,3200996,1774631964780864768,left,OFF,11.0,18.76
2026-03-27T17:19:24.797079+00:00,32.361021,1774631964797078712,3201012,1774631964796942080,left,OFF,11.0,18.76
2026-03-27T17:19:24.812484+00:00,32.376426,1774631964812484012,3201028,1774631964812958976,left,OFF,11.0,18.76
2026-03-27T17:19:24.829066+00:00,32.393008,1774631964829065912,3201044,1774631964829021696,left,OFF,11.0,18.76
2026-03-27T17:19:24.845436+00:00,32.409377,1774631964845435612,3201060,1774631964845113600,left,OFF,11.0,18.76
2026-03-27T17:19:24.861169+00:00,32.425111,1774631964861169512,3201076,1774631964861167616,left,OFF,11.0,18.76
2026-03-27T17:19:24.877204+00:00,32.441145,1774631964877203612,3201092,1774631964877225728,left,OFF,11.0,18.76
2026-03-27T17:19:24.893790+00:00,32.457732,1774631964893790012,3201108,1774631964893332736,left,OFF,11.0,18.76
2026-03-27T17:19:24.909156+00:00,32.473098,1774631964909155912,3201124,1774631964909374976,left,OFF,11.0,18.76
2026-03-27T17:19:24.925576+00:00,32.489518,1774631964925576412,3201140,1774631964925450496,left,OFF,11.0,18.76
2026-03-27T17:19:24.941087+00:00,32.505029,1774631964941087412,3201156,1774631964941474816,left,OFF,11.0,18.76
2026-03-27T17:19:24.957439+00:00,32.521380,1774631964957438612,3201172,1774631964957528064,left,OFF,11.0,18.76
2026-03-27T17:19:24.973871+00:00,32.537813,1774631964973870812,3201188,1774631964973613824,left,OFF,11.0,18.76
2026-03-27T17:19:24.989218+00:00,32.553160,1774631964989218312,3201204,1774631964989637888,left,OFF,11.0,18.76
2026-03-27T17:19:25.005797+00:00,32.569739,1774631965005797412,3201220,1774631965005706240,left,OFF,11.0,18.76
2026-03-27T17:19:25.022194+00:00,32.586136,1774631965022193812,3201236,1774631965021805312,left,OFF,11.0,18.76
2026-03-27T17:19:25.037650+00:00,32.601592,1774631965037650112,3201252,1774631965037851392,left,OFF,11.0,18.76
2026-03-27T17:19:25.054185+00:00,32.618127,1774631965054185112,3201268,1774631965053934848,left,OFF,11.0,18.76
2026-03-27T17:19:25.069537+00:00,32.633479,1774631965069536712,3201284,1774631965069955072,left,OFF,11.0,18.76
2026-03-27T17:19:25.085944+00:00,32.649886,1774631965085944412,3201300,1774631965086012672,left,OFF,10.9,18.68
2026-03-27T17:19:25.102402+00:00,32.666345,1774631965102402612,3201316,1774631965102104064,left,OFF,10.9,18.68
2026-03-27T17:19:25.117819+00:00,32.681761,1774631965117819012,3201332,1774631965118136576,left,OFF,10.9,18.68
2026-03-27T17:19:25.134192+00:00,32.698134,1774631965134192212,3201348,1774631965134196480,left,OFF,10.9,18.68
2026-03-27T17:19:25.150889+00:00,32.714831,1774631965150889312,3201364,1774631965150310400,left,OFF,10.9,18.68
2026-03-27T17:19:25.166152+00:00,32.730093,1774631965166151512,3201380,1774631965166356224,left,OFF,10.9,18.68
2026-03-27T17:19:25.182757+00:00,32.746699,1774631965182757012,3201396,1774631965182444288,left,OFF,10.9,18.68
2026-03-27T17:19:25.198106+00:00,32.762047,1774631965198105512,3201412,1774631965198468864,left,OFF,10.9,18.68
2026-03-27T17:19:25.214399+00:00,32.778341,1774631965214399312,3201428,1774631965214523648,left,OFF,10.9,18.68
2026-03-27T17:19:25.231068+00:00,32.795010,1774631965231068012,3201444,1774631965230624256,left,OFF,10.9,18.68
2026-03-27T17:19:25.246387+00:00,32.810328,1774631965246386312,3201460,1774631965246656768,left,OFF,11.0,18.76
2026-03-27T17:19:25.262691+00:00,32.826633,1774631965262691512,3201476,1774631965262720512,left,OFF,10.9,18.68
2026-03-27T17:19:25.279325+00:00,32.843267,1774631965279325412,3201492,1774631965278829824,left,OFF,10.9,18.68
2026-03-27T17:19:25.294563+00:00,32.858504,1774631965294562512,3201508,1774631965294866688,left,OFF,10.9,18.68
2026-03-27T17:19:25.311027+00:00,32.874969,1774631965311027212,3201524,1774631965310938368,left,OFF,10.9,18.68
2026-03-27T17:19:25.326421+00:00,32.890363,1774631965326420912,3201540,1774631965326952192,left,OFF,10.9,18.68
2026-03-27T17:19:25.342956+00:00,32.906898,1774631965342956212,3201556,1774631965343014912,left,OFF,11.0,18.76
2026-03-27T17:19:25.359341+00:00,32.923283,1774631965359340712,3201572,1774631965359100160,left,OFF,11.0,18.76
2026-03-27T17:19:25.374727+00:00,32.938669,1774631965374727512,3201588,1774631965375126528,left,OFF,11.0,18.76
2026-03-27T17:19:25.391416+00:00,32.955357,1774631965391415512,3201604,1774631965391202816,left,OFF,11.0,18.76
2026-03-27T17:19:25.407656+00:00,32.971598,1774631965407656412,3201620,1774631965407299072,left,OFF,10.9,18.68
2026-03-27T17:19:25.423017+00:00,32.986959,1774631965423016712,3201636,1774631965423337472,left,OFF,11.0,18.76
2026-03-27T17:19:25.439596+00:00,33.003538,1774631965439596312,3201652,1774631965439417856,left,OFF,11.0,18.76
2026-03-27T17:19:25.454974+00:00,33.018916,1774631965454974112,3201668,1774631965455434752,left,OFF,11.0,18.76
2026-03-27T17:19:25.471464+00:00,33.035406,1774631965471464012,3201684,1774631965471488256,left,OFF,11.0,18.76
2026-03-27T17:19:25.487816+00:00,33.051758,1774631965487816112,3201700,1774631965487574528,left,OFF,11.0,18.76
2026-03-27T17:19:25.503399+00:00,33.067341,1774631965503398612,3201716,1774631965503613184,left,OFF,11.0,18.85
2026-03-27T17:19:25.519715+00:00,33.083657,1774631965519715412,3201732,1774631965519675904,left,OFF,11.0,18.85
2026-03-27T17:19:25.536073+00:00,33.100015,1774631965536073412,3201748,1774631965535772416,left,OFF,11.0,18.85
2026-03-27T17:19:25.551712+00:00,33.115654,1774631965551712012,3201764,1774631965551821568,left,OFF,11.0,18.85
2026-03-27T17:19:25.567995+00:00,33.131937,1774631965567995212,3201780,1774631965567894528,left,OFF,11.0,18.85
2026-03-27T17:19:25.583363+00:00,33.147305,1774631965583363312,3201796,1774631965583908352,left,OFF,11.1,18.94
2026-03-27T17:19:25.599764+00:00,33.163705,1774631965599763612,3201812,1774631965599953152,left,OFF,11.1,18.94
2026-03-27T17:19:25.616416+00:00,33.180358,1774631965616416112,3201828,1774631965616048384,left,OFF,11.1,18.94
2026-03-27T17:19:25.631705+00:00,33.195647,1774631965631704812,3201844,1774631965632071424,left,OFF,11.1,18.94
2026-03-27T17:19:25.648348+00:00,33.212290,1774631965648347712,3201860,1774631965648146432,left,OFF,11.1,19.03
2026-03-27T17:19:25.665215+00:00,33.229157,1774631965665215112,3201876,1774631965664281600,left,OFF,11.2,19.12
2026-03-27T17:19:25.680154+00:00,33.244096,1774631965680153612,3201892,1774631965680325120,left,OFF,11.3,19.2
2026-03-27T17:19:25.696784+00:00,33.260726,1774631965696783912,3201908,1774631965696417792,left,OFF,11.4,19.38
2026-03-27T17:19:25.711886+00:00,33.275828,1774631965711886212,3201924,1774631965712430848,left,OFF,11.6,19.82
2026-03-27T17:19:25.728552+00:00,33.292493,1774631965728551612,3201940,1774631965728491520,left,OFF,12.2,20.7
2026-03-27T17:19:25.744880+00:00,33.308822,1774631965744880312,3201956,1774631965744584960,left,OFF,13.1,22.1
2026-03-27T17:19:25.760386+00:00,33.324328,1774631965760386212,3201972,1774631965760623104,left,OFF,14.3,23.95
2026-03-27T17:19:25.776774+00:00,33.340716,1774631965776774212,3201988,1774631965776689664,left,OFF,15.4,25.53
2026-03-27T17:19:25.793178+00:00,33.357120,1774631965793178112,3202004,1774631965792788480,left,OFF,15.8,26.15
2026-03-27T17:19:25.808550+00:00,33.372492,1774631965808550212,3202020,1774631965808828928,left,OFF,16.1,26.67
2026-03-27T17:19:25.825127+00:00,33.389069,1774631965825127012,3202036,1774631965824910336,left,OFF,17.2,28.34
2026-03-27T17:19:25.840619+00:00,33.404560,1774631965840618412,3202052,1774631965840936448,left,OFF,21.7,35.02
2026-03-27T17:19:25.856918+00:00,33.420860,1774631965856918312,3202068,1774631965856993024,left,OFF,27.1,42.32
2026-03-27T17:19:25.873297+00:00,33.437239,1774631965873297012,3202084,1774631965873078528,left,OFF,30.6,46.98
2026-03-27T17:19:25.889043+00:00,33.452985,1774631965889042912,3202100,1774631965889135104,left,OFF,34.1,51.28
2026-03-27T17:19:25.905282+00:00,33.469224,1774631965905282212,3202116,1774631965905201152,left,OFF,38.8,57.0
2026-03-27T17:19:25.921687+00:00,33.485629,1774631965921686812,3202132,1774631965921304832,left,OFF,42.9,62.01
2026-03-27T17:19:25.937206+00:00,33.501148,1774631965937206312,3202148,1774631965937353728,left,OFF,44.8,64.2
2026-03-27T17:19:25.953605+00:00,33.517547,1774631965953604612,3202164,1774631965953434112,left,OFF,45.3,64.82
2026-03-27T17:19:25.968984+00:00,33.532926,1774631965968983812,3202180,1774631965969455360,left,OFF,45.4,64.91
2026-03-27T17:19:25.985416+00:00,33.549358,1774631965985416012,3202196,1774631965985508608,left,OFF,45.4,64.91
2026-03-27T17:19:26.002024+00:00,33.565966,1774631966002024112,3202212,1774631966001606400,left,OFF,45.4,64.91
2026-03-27T17:19:26.017294+00:00,33.581236,1774631966017293712,3202228,1774631966017633536,left,OFF,45.4,64.91
2026-03-27T17:19:26.033730+00:00,33.597672,1774631966033730112,3202244,1774631966033699584,left,OFF,45.3,64.82
2026-03-27T17:19:26.050275+00:00,33.614217,1774631966050275312,3202260,1774631966049805312,left,OFF,45.2,64.73
2026-03-27T17:19:26.065673+00:00,33.629615,1774631966065673012,3202276,1774631966065851648,left,OFF,45.2,64.64
2026-03-27T17:19:26.082051+00:00,33.645993,1774631966082051412,3202292,1774631966081932032,left,OFF,45.2,64.64
2026-03-27T17:19:26.097437+00:00,33.661379,1774631966097437312,3202308,1774631966097948672,left,OFF,45.1,64.56
2026-03-27T17:19:26.114010+00:00,33.677952,1774631966114010312,3202324,1774631966114007808,left,OFF,45.1,64.56
2026-03-27T17:19:26.130473+00:00,33.694415,1774631966130472812,3202340,1774631966130103808,left,OFF,45.0,64.47
2026-03-27T17:19:26.145767+00:00,33.709709,1774631966145767112,3202356,1774631966146132224,left,OFF,44.9,64.29
2026-03-27T17:19:26.162616+00:00,33.726558,1774631966162616112,3202372,1774631966162218496,left,OFF,44.8,64.2
2026-03-27T17:19:26.178782+00:00,33.742724,1774631966178782212,3202388,1774631966178330368,left,OFF,44.7,64.12
2026-03-27T17:19:26.194078+00:00,33.758020,1774631966194078312,3202404,1774631966194370816,left,OFF,44.6,64.03
2026-03-27T17:19:26.210559+00:00,33.774501,1774631966210559312,3202420,1774631966210453760,left,OFF,44.6,63.94
2026-03-27T17:19:26.226112+00:00,33.790054,1774631966226112012,3202436,1774631966226483200,left,OFF,44.5,63.85
2026-03-27T17:19:26.242502+00:00,33.806444,1774631966242501712,3202452,1774631966242540032,left,OFF,44.4,63.76
2026-03-27T17:19:26.258875+00:00,33.822817,1774631966258874812,3202468,1774631966258635008,left,OFF,44.3,63.68
2026-03-27T17:19:26.274234+00:00,33.838176,1774631966274233812,3202484,1774631966274663680,left,OFF,44.3,63.59
2026-03-27T17:19:26.290860+00:00,33.854802,1774631966290859712,3202500,1774631966290734592,left,OFF,44.2,63.5
2026-03-27T17:19:26.307252+00:00,33.871194,1774631966307252112,3202516,1774631966306843392,left,OFF,44.1,63.41
2026-03-27T17:19:26.322605+00:00,33.886546,1774631966322604512,3202532,1774631966322883072,left,OFF,44.1,63.33
2026-03-27T17:19:26.339027+00:00,33.902969,1774631966339027112,3202548,1774631966338957312,left,OFF,44.1,63.33
2026-03-27T17:19:26.354794+00:00,33.918736,1774631966354793712,3202564,1774631966354992384,left,OFF,44.0,63.24
2026-03-27T17:19:26.371063+00:00,33.935006,1774631966371063612,3202580,1774631966371054592,left,OFF,44.0,63.24
2026-03-27T17:19:26.387317+00:00,33.951259,1774631966387316912,3202596,1774631966387138048,left,OFF,44.0,63.24
2026-03-27T17:19:26.402729+00:00,33.966671,1774631966402728912,3202612,1774631966403160832,left,OFF,43.8,63.06
2026-03-27T17:19:26.419282+00:00,33.983224,1774631966419282012,3202628,1774631966419233280,left,OFF,43.7,62.89
2026-03-27T17:19:26.435652+00:00,33.999595,1774631966435652712,3202644,1774631966435330304,left,OFF,43.5,62.62
2026-03-27T17:19:26.451045+00:00,34.014987,1774631966451044912,3202660,1774631966451364352,left,OFF,43.0,62.09
2026-03-27T17:19:26.467636+00:00,34.031577,1774631966467635612,3202676,1774631966467446784,left,OFF,42.7,61.66
2026-03-27T17:19:26.482984+00:00,34.046926,1774631966482983612,3202692,1774631966483463936,left,OFF,42.4,61.39
2026-03-27T17:19:26.499463+00:00,34.063405,1774631966499463312,3202708,1774631966499520256,left,OFF,42.4,61.3
2026-03-27T17:19:26.515782+00:00,34.079724,1774631966515782312,3202724,1774631966515601152,left,OFF,42.2,61.13
2026-03-27T17:19:26.531380+00:00,34.095322,1774631966531380012,3202740,1774631966531638528,left,OFF,42.1,61.04
2026-03-27T17:19:26.547745+00:00,34.111687,1774631966547745312,3202756,1774631966547702784,left,OFF,42.2,61.13
2026-03-27T17:19:26.565683+00:00,34.129625,1774631966565682812,3202772,1774631966563890432,left,OFF,42.1,61.04
2026-03-27T17:19:26.579709+00:00,34.143651,1774631966579708712,3202788,1774631966579938048,left,OFF,42.2,61.13
2026-03-27T17:19:26.597544+00:00,34.161485,1774631966597543612,3202804,1774631966596101120,left,OFF,42.1,61.04
2026-03-27T17:19:26.611454+00:00,34.175396,1774631966611453812,3202820,1774631966612108800,left,OFF,42.2,61.13
2026-03-27T17:19:26.627859+00:00,34.191800,1774631966627858612,3202836,1774631966628147456,left,OFF,42.2,61.13
2026-03-27T17:19:26.644446+00:00,34.208388,1774631966644446412,3202852,1774631966644236800,left,OFF,42.2,61.13
2026-03-27T17:19:26.659811+00:00,34.223753,1774631966659810812,3202868,1774631966660259072,left,OFF,42.2,61.13
2026-03-27T17:19:26.676217+00:00,34.240159,1774631966676217212,3202884,1774631966676320512,left,OFF,42.1,61.04
2026-03-27T17:19:26.692584+00:00,34.256526,1774631966692584112,3202900,1774631966692425728,left,OFF,42.2,61.13
2026-03-27T17:19:26.708323+00:00,34.272264,1774631966708322512,3202916,1774631966708477184,left,OFF,42.1,61.04
2026-03-27T17:19:26.724662+00:00,34.288604,1774631966724661612,3202932,1774631966724562944,left,OFF,42.1,61.04
2026-03-27T17:19:26.739935+00:00,34.303877,1774631966739934912,3202948,1774631966740570624,left,OFF,42.1,61.04
2026-03-27T17:19:26.756490+00:00,34.320432,1774631966756489912,3202964,1774631966756626944,left,OFF,42.1,61.04
2026-03-27T17:19:26.773598+00:00,34.337540,1774631966773598312,3202980,1774631966772755968,left,OFF,42.1,61.04
2026-03-27T17:19:26.789537+00:00,34.353479,1774631966789536812,3202996,1774631966788858624,left,OFF,42.1,61.04
2026-03-27T17:19:26.804981+00:00,34.368923,1774631966804981412,3203012,1774631966804932096,left,OFF,42.1,61.04
2026-03-27T17:19:26.821228+00:00,34.385169,1774631966821227512,3203028,1774631966821027328,left,OFF,42.1,61.04
2026-03-27T17:19:26.836637+00:00,34.400579,1774631966836637212,3203044,1774631966837060864,left,OFF,42.1,61.04
2026-03-27T17:19:26.852997+00:00,34.416939,1774631966852997112,3203060,1774631966853128704,left,OFF,42.1,61.04
2026-03-27T17:19:26.868560+00:00,34.432502,1774631966868560012,3203076,1774631966869148160,left,OFF,42.1,61.04
2026-03-27T17:19:26.884925+00:00,34.448867,1774631966884925412,3203092,1774631966885193728,left,OFF,42.1,61.04
2026-03-27T17:19:26.901321+00:00,34.465263,1774631966901321312,3203108,1774631966901269760,left,OFF,42.1,61.04
2026-03-27T17:19:26.916737+00:00,34.480679,1774631966916736812,3203124,1774631966917296128,left,OFF,42.2,61.13
2026-03-27T17:19:26.933268+00:00,34.497210,1774631966933267912,3203140,1774631966933357056,left,OFF,42.1,61.04
2026-03-27T17:19:26.949660+00:00,34.513602,1774631966949660112,3203156,1774631966949448704,left,OFF,42.1,61.04
2026-03-27T17:19:26.965066+00:00,34.529008,1774631966965066312,3203172,1774631966965483520,left,OFF,42.1,61.04
2026-03-27T17:19:26.981601+00:00,34.545543,1774631966981600612,3203188,1774631966981557760,left,OFF,42.1,61.04
2026-03-27T17:19:26.996986+00:00,34.560928,1774631966996986312,3203204,1774631966997569536,left,OFF,42.1,61.04
2026-03-27T17:19:27.013841+00:00,34.577783,1774631967013841512,3203220,1774631967013641216,left,OFF,42.1,61.04
2026-03-27T17:19:27.029818+00:00,34.593760,1774631967029817912,3203236,1774631967029723904,left,OFF,42.1,61.04
2026-03-27T17:19:27.045358+00:00,34.609300,1774631967045358212,3203252,1774631967045750272,left,OFF,42.1,61.04
2026-03-27T17:19:27.061696+00:00,34.625638,1774631967061695612,3203268,1774631967061805056,left,OFF,42.1,61.04
2026-03-27T17:19:27.078162+00:00,34.642104,1774631967078161712,3203284,1774631967077899520,left,OFF,42.1,61.04
2026-03-27T17:19:27.093649+00:00,34.657591,1774631967093649012,3203300,1774631967093938176,left,OFF,42.1,61.04
2026-03-27T17:19:27.110102+00:00,34.674044,1774631967110101812,3203316,1774631967110010880,left,OFF,42.1,61.04
2026-03-27T17:19:27.125408+00:00,34.689350,1774631967125407712,3203332,1774631967126016000,left,OFF,42.1,61.04
2026-03-27T17:19:27.141926+00:00,34.705868,1774631967141926112,3203348,1774631967142064896,left,OFF,42.1,61.04
2026-03-27T17:19:27.158327+00:00,34.722269,1774631967158327112,3203364,1774631967158147328,left,OFF,42.1,61.04
2026-03-27T17:19:27.173723+00:00,34.737665,1774631967173723512,3203380,1774631967174164992,left,OFF,42.1,61.04
2026-03-27T17:19:27.190241+00:00,34.754183,1774631967190241312,3203396,1774631967190235392,left,OFF,42.1,61.04
2026-03-27T17:19:27.207991+00:00,34.771932,1774631967207990612,3203412,1774631967206412288,left,OFF,42.1,61.04
2026-03-27T17:19:27.223716+00:00,34.787658,1774631967223715812,3203428,1774631967222542848,left,OFF,42.1,61.04
2026-03-27T17:19:27.239906+00:00,34.803848,1774631967239905812,3203444,1774631967238692352,left,OFF,42.1,61.04
2026-03-27T17:19:27.253937+00:00,34.817879,1774631967253936812,3203460,1774631967254699520,left,OFF,42.1,61.04
2026-03-27T17:19:27.270419+00:00,34.834361,1774631967270418712,3203476,1774631967270743040,left,OFF,42.1,61.04
2026-03-27T17:19:27.286846+00:00,34.850788,1774631967286845612,3203492,1774631967286818560,left,OFF,42.1,61.04
2026-03-27T17:19:27.302305+00:00,34.866247,1774631967302305512,3203508,1774631967302835200,left,OFF,42.1,61.04
2026-03-27T17:19:27.318654+00:00,34.882596,1774631967318653912,3203524,1774631967318886912,left,OFF,42.1,60.95
2026-03-27T17:19:27.335117+00:00,34.899059,1774631967335116812,3203540,1774631967334973696,left,OFF,42.1,61.04
2026-03-27T17:19:27.350570+00:00,34.914512,1774631967350570412,3203556,1774631967351001344,left,OFF,42.1,61.04
2026-03-27T17:19:27.366965+00:00,34.930907,1774631967366965012,3203572,1774631967367060224,left,OFF,42.1,61.04
2026-03-27T17:19:27.382408+00:00,34.946349,1774631967382407612,3203588,1774631967383072256,left,OFF,42.1,61.04
2026-03-27T17:19:27.398932+00:00,34.962874,1774631967398932512,3203604,1774631967399119872,left,OFF,42.1,60.95
2026-03-27T17:19:27.415349+00:00,34.979290,1774631967415348612,3203620,1774631967415195136,left,OFF,42.1,61.04
2026-03-27T17:19:27.430718+00:00,34.994660,1774631967430717712,3203636,1774631967431207424,left,OFF,42.1,61.04
2026-03-27T17:19:27.447037+00:00,35.010979,1774631967447037112,3203652,1774631967447250688,left,OFF,42.1,60.95
2026-03-27T17:19:27.464098+00:00,35.028040,1774631967464098312,3203668,1774631967463365376,left,OFF,42.1,61.04
2026-03-27T17:19:27.480275+00:00,35.044217,1774631967480275012,3203684,1774631967479465216,left,OFF,42.1,61.04
2026-03-27T17:19:27.495471+00:00,35.059413,1774631967495470712,3203700,1774631967495526912,left,OFF,42.1,61.04
2026-03-27T17:19:27.510940+00:00,35.074882,1774631967510940212,3203716,1774631967511530240,left,OFF,42.1,61.04
2026-03-27T17:19:27.527382+00:00,35.091324,1774631967527382212,3203732,1774631967527569920,left,OFF,42.1,61.04
2026-03-27T17:19:27.543962+00:00,35.107904,1774631967543962112,3203748,1774631967543649024,left,OFF,42.1,61.04
2026-03-27T17:19:27.559336+00:00,35.123278,1774631967559335812,3203764,1774631967559671552,left,OFF,42.1,61.04
2026-03-27T17:19:27.575739+00:00,35.139681,1774631967575739512,3203780,1774631967575724288,left,OFF,42.1,61.04
2026-03-27T17:19:27.592103+00:00,35.156045,1774631967592103212,3203796,1774631967591854080,left,OFF,42.1,61.04
2026-03-27T17:19:27.607711+00:00,35.171653,1774631967607710912,3203812,1774631967607895040,left,OFF,42.1,61.04
2026-03-27T17:19:27.623988+00:00,35.187930,1774631967623987612,3203828,1774631967624004096,left,OFF,42.1,61.04
2026-03-27T17:19:27.639490+00:00,35.203432,1774631967639490212,3203844,1774631967640014080,left,OFF,42.1,61.04
2026-03-27T17:19:27.655942+00:00,35.219884,1774631967655942312,3203860,1774631967656058624,left,OFF,42.1,61.04
2026-03-27T17:19:27.672746+00:00,35.236688,1774631967672746012,3203876,1774631967672164352,left,OFF,42.1,61.04
2026-03-27T17:19:27.688286+00:00,35.252228,1774631967688286312,3203892,1774631967688216064,left,OFF,42.1,61.04
2026-03-27T17:19:27.704071+00:00,35.268013,1774631967704071212,3203908,1774631967704261120,left,OFF,42.1,61.04
2026-03-27T17:19:27.720622+00:00,35.284564,1774631967720622212,3203924,1774631967720345600,left,OFF,42.1,61.04
2026-03-27T17:19:27.736038+00:00,35.299980,1774631967736037912,3203940,1774631967736380416,left,OFF,42.1,61.04
2026-03-27T17:19:27.752375+00:00,35.316317,1774631967752375412,3203956,1774631967752441088,left,OFF,42.1,61.04
2026-03-27T17:19:27.767923+00:00,35.331865,1774631967767922612,3203972,1774631967768446208,left,OFF,42.1,61.04
2026-03-27T17:19:27.784367+00:00,35.348309,1774631967784367312,3203988,1774631967784489728,left,OFF,42.1,61.04
2026-03-27T17:19:27.801259+00:00,35.365201,1774631967801258812,3204004,1774631967800616704,left,OFF,42.1,61.04
2026-03-27T17:19:27.816291+00:00,35.380232,1774631967816290512,3204020,1774631967816677888,left,OFF,42.1,61.04
2026-03-27T17:19:27.832703+00:00,35.396645,1774631967832703012,3204036,1774631967832742400,left,OFF,42.2,61.13
2026-03-27T17:19:27.849121+00:00,35.413063,1774631967849121012,3204052,1774631967848834816,left,OFF,42.2,61.13
2026-03-27T17:19:27.864439+00:00,35.428381,1774631967864439412,3204068,1774631967864861696,left,OFF,42.2,61.13
2026-03-27T17:19:27.881082+00:00,35.445023,1774631967881081612,3204084,1774631967880933632,left,OFF,42.3,61.22
2026-03-27T17:19:27.896378+00:00,35.460320,1774631967896378212,3204100,1774631967896943104,left,OFF,42.2,61.13
2026-03-27T17:19:27.912788+00:00,35.476730,1774631967912788412,3204116,1774631967912983040,left,OFF,42.2,61.13
2026-03-27T17:19:27.929377+00:00,35.493319,1774631967929377312,3204132,1774631967929066240,left,OFF,42.2,61.13
2026-03-27T17:19:27.944778+00:00,35.508719,1774631967944777612,3204148,1774631967945088768,left,OFF,42.3,61.22
2026-03-27T17:19:27.961130+00:00,35.525072,1774631967961130012,3204164,1774631967961143296,left,OFF,42.3,61.22
2026-03-27T17:19:27.977604+00:00,35.541545,1774631967977603612,3204180,1774631967977233408,left,OFF,42.2,61.13
2026-03-27T17:19:27.993117+00:00,35.557059,1774631967993117512,3204196,1774631967993269504,left,OFF,42.3,61.22
2026-03-27T17:19:28.009484+00:00,35.573426,1774631968009483812,3204212,1774631968009339136,left,OFF,42.3,61.22
2026-03-27T17:19:28.024866+00:00,35.588808,1774631968024865612,3204228,1774631968025346048,left,OFF,42.3,61.22
2026-03-27T17:19:28.041526+00:00,35.605468,1774631968041526312,3204244,1774631968041414400,left,OFF,42.3,61.22
2026-03-27T17:19:28.057806+00:00,35.621747,1774631968057805512,3204260,1774631968057494016,left,OFF,42.3,61.22
2026-03-27T17:19:28.073193+00:00,35.637135,1774631968073193212,3204276,1774631968073515776,left,OFF,42.3,61.22
2026-03-27T17:19:28.089597+00:00,35.653539,1774631968089597012,3204292,1774631968089567488,left,OFF,42.3,61.22
2026-03-27T17:19:28.106182+00:00,35.670124,1774631968106182412,3204308,1774631968105663744,left,OFF,42.3,61.22
2026-03-27T17:19:28.121541+00:00,35.685483,1774631968121541012,3204324,1774631968121699072,left,OFF,42.3,61.22
2026-03-27T17:19:28.138050+00:00,35.701992,1774631968138050012,3204340,1774631968137774080,left,OFF,42.4,61.3
2026-03-27T17:19:28.153480+00:00,35.717422,1774631968153480212,3204356,1774631968153786624,left,OFF,42.4,61.3
2026-03-27T17:19:28.169841+00:00,35.733783,1774631968169840812,3204372,1774631968169831680,left,OFF,42.4,61.39
2026-03-27T17:19:28.186239+00:00,35.750181,1774631968186239012,3204388,1774631968185907968,left,OFF,42.4,61.39
2026-03-27T17:19:28.201694+00:00,35.765636,1774631968201693912,3204404,1774631968201926400,left,OFF,42.4,61.39
2026-03-27T17:19:28.218206+00:00,35.782148,1774631968218206112,3204420,1774631968217986560,left,OFF,42.5,61.48
2026-03-27T17:19:28.234617+00:00,35.798558,1774631968234616512,3204436,1774631968234120960,left,OFF,42.5,61.48
2026-03-27T17:19:28.249999+00:00,35.813941,1774631968249998812,3204452,1774631968250204928,left,OFF,42.6,61.57
2026-03-27T17:19:28.266544+00:00,35.830486,1774631968266543612,3204468,1774631968266325248,left,OFF,42.7,61.66
2026-03-27T17:19:28.281959+00:00,35.845901,1774631968281958812,3204484,1774631968282343936,left,OFF,42.7,61.66
2026-03-27T17:19:28.298306+00:00,35.862248,1774631968298306012,3204500,1774631968298393600,left,OFF,42.8,61.83
2026-03-27T17:19:28.314959+00:00,35.878901,1774631968314958812,3204516,1774631968314490624,left,OFF,42.8,61.83
2026-03-27T17:19:28.330246+00:00,35.894188,1774631968330246212,3204532,1774631968330521344,left,OFF,42.9,61.92
2026-03-27T17:19:28.346599+00:00,35.910541,1774631968346599312,3204548,1774631968346578688,left,OFF,42.9,62.01
2026-03-27T17:19:28.363077+00:00,35.927019,1774631968363077412,3204564,1774631968362674176,left,OFF,42.9,62.01
2026-03-27T17:19:28.378567+00:00,35.942508,1774631968378566412,3204580,1774631968378715648,left,OFF,42.9,62.01
2026-03-27T17:19:28.394967+00:00,35.958909,1774631968394966712,3204596,1774631968394788096,left,OFF,42.9,62.01
2026-03-27T17:19:28.410328+00:00,35.974270,1774631968410327712,3204612,1774631968410798336,left,OFF,43.2,62.27
2026-03-27T17:19:28.426946+00:00,35.990888,1774631968426945712,3204628,1774631968426857216,left,OFF,43.5,62.62
2026-03-27T17:19:28.443353+00:00,36.007295,1774631968443353112,3204644,1774631968442948096,left,OFF,43.7,62.89
2026-03-27T17:19:28.458687+00:00,36.022629,1774631968458687212,3204660,1774631968458972672,left,OFF,43.9,63.15
2026-03-27T17:19:28.475070+00:00,36.039011,1774631968475069412,3204676,1774631968475024896,left,OFF,44.1,63.41
2026-03-27T17:19:28.491641+00:00,36.055582,1774631968491640612,3204692,1774631968491139328,left,OFF,44.3,63.68
2026-03-27T17:19:28.507013+00:00,36.070955,1774631968507012712,3204708,1774631968507215872,left,OFF,44.6,64.03
2026-03-27T17:19:28.523443+00:00,36.087385,1774631968523443412,3204724,1774631968523289856,left,OFF,44.9,64.29
2026-03-27T17:19:28.538977+00:00,36.102919,1774631968538977312,3204740,1774631968539312896,left,OFF,45.0,64.47
2026-03-27T17:19:28.555361+00:00,36.119302,1774631968555360412,3204756,1774631968555367168,left,OFF,45.1,64.56
2026-03-27T17:19:28.571775+00:00,36.135717,1774631968571774612,3204772,1774631968571459584,left,OFF,45.3,64.82
2026-03-27T17:19:28.587120+00:00,36.151061,1774631968587119512,3204788,1774631968587486208,left,OFF,45.5,65.08
2026-03-27T17:19:28.603686+00:00,36.167628,1774631968603686212,3204804,1774631968603555072,left,OFF,45.7,65.35
2026-03-27T17:19:28.620259+00:00,36.184200,1774631968620258512,3204820,1774631968619664640,left,OFF,46.3,65.96
2026-03-27T17:19:28.635502+00:00,36.199444,1774631968635501712,3204836,1774631968635709440,left,OFF,46.6,66.31
2026-03-27T17:19:28.652050+00:00,36.215992,1774631968652050412,3204852,1774631968651791104,left,OFF,46.6,66.31
2026-03-27T17:19:28.667464+00:00,36.231406,1774631968667463612,3204868,1774631968667815424,left,OFF,46.6,66.4
2026-03-27T17:19:28.683821+00:00,36.247763,1774631968683821312,3204884,1774631968683869952,left,OFF,46.6,66.4
2026-03-27T17:19:28.700361+00:00,36.264302,1774631968700360612,3204900,1774631968699976960,left,OFF,46.6,66.31
2026-03-27T17:19:28.715764+00:00,36.279705,1774631968715763512,3204916,1774631968716028160,left,OFF,46.6,66.4
2026-03-27T17:19:28.732133+00:00,36.296075,1774631968732133412,3204932,1774631968732090112,left,OFF,46.6,66.4
2026-03-27T17:19:28.748581+00:00,36.312523,1774631968748581112,3204948,1774631968748190464,left,OFF,46.6,66.4
2026-03-27T17:19:28.764086+00:00,36.328028,1774631968764086312,3204964,1774631968764236800,left,OFF,46.6,66.4
2026-03-27T17:19:28.780682+00:00,36.344624,1774631968780682212,3204980,1774631968780324608,left,OFF,46.7,66.49
2026-03-27T17:19:28.795854+00:00,36.359795,1774631968795853512,3204996,1774631968796340992,left,OFF,46.8,66.58
2026-03-27T17:19:28.812475+00:00,36.376417,1774631968812475512,3205012,1774631968812403712,left,OFF,46.9,66.75
2026-03-27T17:19:28.828793+00:00,36.392735,1774631968828793012,3205028,1774631968828507648,left,OFF,47.1,66.93
2026-03-27T17:19:28.844172+00:00,36.408113,1774631968844171412,3205044,1774631968844538368,left,OFF,47.1,67.02
2026-03-27T17:19:28.860527+00:00,36.424469,1774631968860527212,3205060,1774631968860598272,left,OFF,47.4,67.28
2026-03-27T17:19:28.877163+00:00,36.441105,1774631968877162912,3205076,1774631968876704256,left,OFF,47.7,67.63
2026-03-27T17:19:28.892508+00:00,36.456450,1774631968892507812,3205092,1774631968892743168,left,OFF,47.9,67.9
2026-03-27T17:19:28.908855+00:00,36.472797,1774631968908854712,3205108,1774631968908817664,left,OFF,48.1,68.16
2026-03-27T17:19:28.924443+00:00,36.488385,1774631968924442912,3205124,1774631968924839424,left,OFF,48.5,68.69
2026-03-27T17:19:28.940743+00:00,36.504685,1774631968940743512,3205140,1774631968940886528,left,OFF,49.0,69.21
2026-03-27T17:19:28.957216+00:00,36.521158,1774631968957216312,3205156,1774631968956975360,left,OFF,49.4,69.74
2026-03-27T17:19:28.972680+00:00,36.536622,1774631968972679812,3205172,1774631968973006848,left,OFF,49.7,70.09
2026-03-27T17:19:28.989166+00:00,36.553108,1774631968989165712,3205188,1774631968989073664,left,OFF,50.0,70.44
2026-03-27T17:19:29.005590+00:00,36.569532,1774631969005590512,3205204,1774631969005175040,left,OFF,50.4,70.88
2026-03-27T17:19:29.020961+00:00,36.584903,1774631969020960812,3205220,1774631969021217280,left,OFF,50.9,71.59
2026-03-27T17:19:29.037603+00:00,36.601545,1774631969037602712,3205236,1774631969037304576,left,OFF,51.6,72.38
2026-03-27T17:19:29.052779+00:00,36.616721,1774631969052778812,3205252,1774631969053316352,left,OFF,52.2,73.17
2026-03-27T17:19:29.069233+00:00,36.633175,1774631969069232612,3205268,1774631969069371136,left,OFF,52.5,73.52
2026-03-27T17:19:29.085787+00:00,36.649729,1774631969085786912,3205284,1774631969085462528,left,OFF,52.6,73.7
2026-03-27T17:19:29.101208+00:00,36.665150,1774631969101207712,3205300,1774631969101494016,left,OFF,52.7,73.78
2026-03-27T17:19:29.117604+00:00,36.681546,1774631969117604012,3205316,1774631969117556480,left,OFF,52.8,73.87
2026-03-27T17:19:29.134160+00:00,36.698102,1774631969134160512,3205332,1774631969133665536,left,OFF,52.8,73.87
2026-03-27T17:19:29.149482+00:00,36.713423,1774631969149481512,3205348,1774631969149707264,left,OFF,52.8,73.87
2026-03-27T17:19:29.166118+00:00,36.730060,1774631969166118212,3205364,1774631969165798144,left,OFF,52.7,73.78
2026-03-27T17:19:29.181371+00:00,36.745313,1774631969181371412,3205380,1774631969181819648,left,OFF,52.7,73.78
2026-03-27T17:19:29.197781+00:00,36.761723,1774631969197781312,3205396,1774631969197871872,left,OFF,52.7,73.78
2026-03-27T17:19:29.214273+00:00,36.778215,1774631969214272912,3205412,1774631969213960960,left,OFF,52.8,73.87
2026-03-27T17:19:29.229582+00:00,36.793523,1774631969229581512,3205428,1774631969229985024,left,OFF,52.8,73.87
2026-03-27T17:19:29.246229+00:00,36.810171,1774631969246229312,3205444,1774631969246058752,left,OFF,52.8,73.87
2026-03-27T17:19:29.262604+00:00,36.826546,1774631969262603712,3205460,1774631969262162432,left,OFF,52.6,73.7
2026-03-27T17:19:29.277876+00:00,36.841818,1774631969277875712,3205476,1774631969278196736,left,OFF,52.5,73.52
2026-03-27T17:19:29.294427+00:00,36.858369,1774631969294426712,3205492,1774631969294276352,left,OFF,52.4,73.43
2026-03-27T17:19:29.309903+00:00,36.873845,1774631969309903112,3205508,1774631969310299648,left,OFF,52.4,73.43
2026-03-27T17:19:29.326222+00:00,36.890164,1774631969326222312,3205524,1774631969326347776,left,OFF,52.5,73.52
2026-03-27T17:19:29.342770+00:00,36.906712,1774631969342770012,3205540,1774631969342444032,left,OFF,52.7,73.78
2026-03-27T17:19:29.358196+00:00,36.922138,1774631969358196412,3205556,1774631969358477824,left,OFF,52.9,74.05
2026-03-27T17:19:29.374524+00:00,36.938465,1774631969374523612,3205572,1774631969374536448,left,OFF,53.3,74.49
2026-03-27T17:19:29.391149+00:00,36.955091,1774631969391149012,3205588,1774631969390642944,left,OFF,53.7,75.01
2026-03-27T17:19:29.406472+00:00,36.970414,1774631969406471712,3205604,1774631969406686208,left,OFF,54.3,75.81
2026-03-27T17:19:29.422959+00:00,36.986901,1774631969422959412,3205620,1774631969422766080,left,OFF,54.6,76.16
2026-03-27T17:19:29.438441+00:00,37.002383,1774631969438440812,3205636,1774631969438788352,left,OFF,54.7,76.33
2026-03-27T17:19:29.454866+00:00,37.018808,1774631969454866312,3205652,1774631969454850048,left,OFF,55.2,76.86
2026-03-27T17:19:29.471150+00:00,37.035092,1774631969471150312,3205668,1774631969470936320,left,OFF,55.5,77.3
2026-03-27T17:19:29.486527+00:00,37.050469,1774631969486526612,3205684,1774631969486958080,left,OFF,55.8,77.65
2026-03-27T17:19:29.503175+00:00,37.067117,1774631969503175212,3205700,1774631969503025920,left,OFF,55.9,77.83
2026-03-27T17:19:29.519583+00:00,37.083525,1774631969519583412,3205716,1774631969519130368,left,OFF,55.9,77.74
2026-03-27T17:19:29.534847+00:00,37.098789,1774631969534846912,3205732,1774631969535164928,left,OFF,55.9,77.83
2026-03-27T17:19:29.551546+00:00,37.115487,1774631969551545512,3205748,1774631969551249920,left,OFF,55.9,77.74
2026-03-27T17:19:29.566903+00:00,37.130845,1774631969566903412,3205764,1774631969567275264,left,OFF,55.8,77.65
2026-03-27T17:19:29.583317+00:00,37.147258,1774631969583316612,3205780,1774631969583332096,left,OFF,55.8,77.65
2026-03-27T17:19:29.599824+00:00,37.163766,1774631969599824512,3205796,1774631969599427328,left,OFF,55.8,77.65
2026-03-27T17:19:29.615181+00:00,37.179123,1774631969615180812,3205812,1774631969615456512,left,OFF,55.8,77.65
2026-03-27T17:19:29.631664+00:00,37.195606,1774631969631664212,3205828,1774631969631527424,left,OFF,55.7,77.56
2026-03-27T17:19:29.648042+00:00,37.211984,1774631969648041812,3205844,1774631969647633664,left,OFF,55.6,77.39
2026-03-27T17:19:29.663556+00:00,37.227498,1774631969663555712,3205860,1774631969663680768,left,OFF,55.4,77.21
2026-03-27T17:19:29.680037+00:00,37.243979,1774631969680037012,3205876,1774631969679768832,left,OFF,55.2,76.95
2026-03-27T17:19:29.695290+00:00,37.259232,1774631969695290212,3205892,1774631969695787008,left,OFF,54.7,76.33
2026-03-27T17:19:29.711932+00:00,37.275874,1774631969711932412,3205908,1774631969711850240,left,OFF,54.0,75.37
2026-03-27T17:19:29.728402+00:00,37.292344,1774631969728402312,3205924,1774631969727952640,left,OFF,53.3,74.49
2026-03-27T17:19:29.743623+00:00,37.307565,1774631969743622712,3205940,1774631969743983360,left,OFF,52.1,73.08
2026-03-27T17:19:29.760371+00:00,37.324313,1774631969760371312,3205956,1774631969760065792,left,OFF,51.4,72.11
2026-03-27T17:19:29.776686+00:00,37.340628,1774631969776686212,3205972,1774631969776175360,left,OFF,50.6,71.15
2026-03-27T17:19:29.792053+00:00,37.355995,1774631969792052912,3205988,1774631969792224768,left,OFF,49.0,69.21
2026-03-27T17:19:29.808622+00:00,37.372564,1774631969808622212,3206004,1774631969808321792,left,OFF,46.9,66.75
2026-03-27T17:19:29.824039+00:00,37.387980,1774631969824038312,3206020,1774631969824351488,left,OFF,44.7,64.12
2026-03-27T17:19:29.840722+00:00,37.404664,1774631969840722112,3206036,1774631969840436736,left,OFF,43.1,62.18
2026-03-27T17:19:29.856753+00:00,37.420695,1774631969856753412,3206052,1774631969856527360,left,OFF,41.1,59.81
2026-03-27T17:19:29.872766+00:00,37.436708,1774631969872765812,3206068,1774631969872593408,left,OFF,40.5,59.11
2026-03-27T17:19:29.888592+00:00,37.452534,1774631969888591912,3206084,1774631969888653824,left,OFF,40.0,58.49
2026-03-27T17:19:29.905103+00:00,37.469045,1774631969905103312,3206100,1774631969904759296,left,OFF,38.7,56.91
2026-03-27T17:19:29.920608+00:00,37.484549,1774631969920607412,3206116,1774631969920808192,left,OFF,37.0,54.8
2026-03-27T17:19:29.937073+00:00,37.501015,1774631969937073112,3206132,1774631969936890368,left,OFF,34.3,51.46
2026-03-27T17:19:29.952539+00:00,37.516481,1774631969952538612,3206148,1774631969952921088,left,OFF,32.1,48.82
2026-03-27T17:19:29.968762+00:00,37.532703,1774631969968761612,3206164,1774631969968968960,left,OFF,30.4,46.71
2026-03-27T17:19:29.985290+00:00,37.549232,1774631969985289712,3206180,1774631969985058304,left,OFF,28.8,44.6
2026-03-27T17:19:30.000726+00:00,37.564667,1774631970000725512,3206196,1774631970001090304,left,OFF,27.6,42.93
2026-03-27T17:19:30.017043+00:00,37.580985,1774631970017043312,3206212,1774631970017150976,left,OFF,26.7,41.7
2026-03-27T17:19:30.033492+00:00,37.597434,1774631970033491712,3206228,1774631970033246720,left,OFF,26.2,41.09
2026-03-27T17:19:30.048981+00:00,37.612923,1774631970048980912,3206244,1774631970049286144,left,OFF,25.6,40.21
2026-03-27T17:19:30.065446+00:00,37.629388,1774631970065445812,3206260,1774631970065368064,left,OFF,24.8,39.16
2026-03-27T17:19:30.080797+00:00,37.644739,1774631970080796912,3206276,1774631970081379072,left,OFF,24.5,38.72
2026-03-27T17:19:30.097363+00:00,37.661305,1774631970097363112,3206292,1774631970097433088,left,OFF,24.1,38.28
2026-03-27T17:19:30.113750+00:00,37.677692,1774631970113749612,3206308,1774631970113522176,left,OFF,23.9,37.92
2026-03-27T17:19:30.129083+00:00,37.693025,1774631970129083012,3206324,1774631970129546496,left,OFF,23.8,37.84
2026-03-27T17:19:30.145674+00:00,37.709616,1774631970145674212,3206340,1774631970145613824,left,OFF,23.8,37.84
2026-03-27T17:19:30.162093+00:00,37.726035,1774631970162093212,3206356,1774631970161718272,left,OFF,23.7,37.75
2026-03-27T17:19:30.177419+00:00,37.741361,1774631970177419312,3206372,1774631970177754624,left,OFF,23.7,37.75
2026-03-27T17:19:30.194041+00:00,37.757983,1774631970194041212,3206388,1774631970193843456,left,OFF,23.7,37.75
2026-03-27T17:19:30.209408+00:00,37.773350,1774631970209408312,3206404,1774631970209864192,left,OFF,23.7,37.75
2026-03-27T17:19:30.225725+00:00,37.789667,1774631970225724812,3206420,1774631970225911808,left,OFF,23.7,37.75
2026-03-27T17:19:30.242110+00:00,37.806052,1774631970242109612,3206436,1774631970241992192,left,OFF,23.7,37.75
2026-03-27T17:19:30.257727+00:00,37.821669,1774631970257727512,3206452,1774631970258021888,left,OFF,23.7,37.75
2026-03-27T17:19:30.274590+00:00,37.838531,1774631970274589412,3206468,1774631970274118912,left,OFF,23.7,37.75
2026-03-27T17:19:30.290610+00:00,37.854552,1774631970290609712,3206484,1774631970290222336,left,OFF,23.7,37.75
2026-03-27T17:19:30.306907+00:00,37.870849,1774631970306906612,3206500,1774631970306315520,left,OFF,23.7,37.75
2026-03-27T17:19:30.322474+00:00,37.886415,1774631970322473612,3206516,1774631970322392064,left,OFF,23.7,37.75
2026-03-27T17:19:30.337803+00:00,37.901745,1774631970337802912,3206532,1774631970338405632,left,OFF,23.7,37.75
2026-03-27T17:19:30.354370+00:00,37.918311,1774631970354369412,3206548,1774631970354457856,left,OFF,23.7,37.75
2026-03-27T17:19:30.370808+00:00,37.934750,1774631970370807812,3206564,1774631970370548480,left,OFF,23.7,37.75
2026-03-27T17:19:30.386152+00:00,37.950094,1774631970386152212,3206580,1774631970386575104,left,OFF,23.7,37.66
2026-03-27T17:19:30.402630+00:00,37.966572,1774631970402630012,3206596,1774631970402635264,left,OFF,23.7,37.75
2026-03-27T17:19:30.419112+00:00,37.983054,1774631970419111712,3206612,1774631970418738432,left,OFF,23.7,37.66
2026-03-27T17:19:30.434481+00:00,37.998423,1774631970434480912,3206628,1774631970434776320,left,OFF,23.7,37.66
2026-03-27T17:19:30.450861+00:00,38.014803,1774631970450861012,3206644,1774631970450846720,left,OFF,23.7,37.75
2026-03-27T17:19:30.466370+00:00,38.030312,1774631970466370112,3206660,1774631970466865664,left,OFF,23.7,37.75
2026-03-27T17:19:30.482774+00:00,38.046715,1774631970482773612,3206676,1774631970482916608,left,OFF,23.7,37.75
2026-03-27T17:19:30.499134+00:00,38.063076,1774631970499133712,3206692,1774631970498992896,left,OFF,23.7,37.75
2026-03-27T17:19:30.514900+00:00,38.078842,1774631970514899612,3206708,1774631970515029504,left,OFF,23.7,37.75
2026-03-27T17:19:30.531253+00:00,38.095195,1774631970531252912,3206724,1774631970531101952,left,OFF,23.7,37.66
2026-03-27T17:19:30.549063+00:00,38.113005,1774631970549063212,3206740,1774631970547291648,left,OFF,23.7,37.66
2026-03-27T17:19:30.562862+00:00,38.126804,1774631970562862412,3206756,1774631970563315968,left,OFF,23.7,37.75
2026-03-27T17:19:30.579458+00:00,38.143400,1774631970579457712,3206772,1774631970579392512,left,OFF,23.7,37.66
2026-03-27T17:19:30.594817+00:00,38.158759,1774631970594817212,3206788,1774631970595404544,left,OFF,23.7,37.66
2026-03-27T17:19:30.611265+00:00,38.175207,1774631970611265412,3206804,1774631970611450880,left,OFF,23.7,37.66
2026-03-27T17:19:30.627731+00:00,38.191673,1774631970627730612,3206820,1774631970627536128,left,OFF,23.7,37.75
2026-03-27T17:19:30.643219+00:00,38.207161,1774631970643218812,3206836,1774631970643564288,left,OFF,23.7,37.66
2026-03-27T17:19:30.659530+00:00,38.223472,1774631970659529912,3206852,1774631970659620608,left,OFF,23.7,37.75
2026-03-27T17:19:30.675997+00:00,38.239939,1774631970675996912,3206868,1774631970675711744,left,OFF,23.7,37.66
2026-03-27T17:19:30.691501+00:00,38.255443,1774631970691501312,3206884,1774631970691751936,left,OFF,23.7,37.66
2026-03-27T17:19:30.707829+00:00,38.271770,1774631970707828512,3206900,1774631970707821056,left,OFF,23.7,37.66
2026-03-27T17:19:30.723289+00:00,38.287231,1774631970723288912,3206916,1774631970723828736,left,OFF,23.7,37.75
2026-03-27T17:19:30.742333+00:00,38.306275,1774631970742332812,3206932,1774631970740036608,left,OFF,23.7,37.66
2026-03-27T17:19:30.758101+00:00,38.322042,1774631970758100412,3206948,1774631970756235520,left,OFF,23.7,37.66
2026-03-27T17:19:30.773366+00:00,38.337308,1774631970773365812,3206964,1774631970772356864,left,OFF,23.7,37.66
2026-03-27T17:19:30.787925+00:00,38.351867,1774631970787925112,3206980,1774631970788405760,left,OFF,23.7,37.66
2026-03-27T17:19:30.804501+00:00,38.368442,1774631970804500512,3206996,1774631970804494336,left,OFF,23.7,37.66
2026-03-27T17:19:30.819901+00:00,38.383843,1774631970819901312,3207012,1774631970820521216,left,OFF,23.7,37.66
2026-03-27T17:19:30.836270+00:00,38.400211,1774631970836269612,3207028,1774631970836582400,left,OFF,23.6,37.57
2026-03-27T17:19:30.851858+00:00,38.415800,1774631970851858312,3207044,1774631970852595200,left,OFF,23.6,37.57
2026-03-27T17:19:30.868239+00:00,38.432181,1774631970868239312,3207060,1774631970868647168,left,OFF,23.6,37.57
2026-03-27T17:19:30.884623+00:00,38.448565,1774631970884622812,3207076,1774631970884718080,left,OFF,23.7,37.66
2026-03-27T17:19:30.900157+00:00,38.464099,1774631970900156912,3207092,1774631970900755712,left,OFF,23.7,37.66
2026-03-27T17:19:30.916523+00:00,38.480465,1774631970916523312,3207108,1774631970916805632,left,OFF,23.7,37.66
2026-03-27T17:19:30.932954+00:00,38.496896,1774631970932954212,3207124,1774631970932891904,left,OFF,23.6,37.57
2026-03-27T17:19:30.949703+00:00,38.513645,1774631970949703512,3207140,1774631970949002752,left,OFF,23.6,37.57
2026-03-27T17:19:30.965591+00:00,38.529533,1774631970965591412,3207156,1774631970965114112,left,OFF,23.6,37.57
2026-03-27T17:19:30.981461+00:00,38.545402,1774631970981460512,3207172,1774631970981193984,left,OFF,23.6,37.57
2026-03-27T17:19:30.996655+00:00,38.560597,1774631970996655412,3207188,1774631970997224960,left,OFF,23.6,37.57
2026-03-27T17:19:31.013231+00:00,38.577173,1774631971013230812,3207204,1774631971013301760,left,OFF,23.5,37.49
2026-03-27T17:19:31.028622+00:00,38.592564,1774631971028621912,3207220,1774631971029317888,left,OFF,23.5,37.49
2026-03-27T17:19:31.045011+00:00,38.608953,1774631971045010712,3207236,1774631971045362432,left,OFF,23.5,37.49
2026-03-27T17:19:31.061538+00:00,38.625480,1774631971061538312,3207252,1774631971061447424,left,OFF,23.5,37.49
2026-03-27T17:19:31.076929+00:00,38.640871,1774631971076929012,3207268,1774631971077473280,left,OFF,23.5,37.49
2026-03-27T17:19:31.093263+00:00,38.657205,1774631971093263012,3207284,1774631971093528320,left,OFF,23.5,37.49
2026-03-27T17:19:31.108699+00:00,38.672641,1774631971108698812,3207300,1774631971109523200,left,OFF,23.5,37.49
2026-03-27T17:19:31.125208+00:00,38.689150,1774631971125208212,3207316,1774631971125561088,left,OFF,23.5,37.49
2026-03-27T17:19:31.141656+00:00,38.705598,1774631971141655812,3207332,1774631971141633280,left,OFF,23.5,37.49
2026-03-27T17:19:31.156991+00:00,38.720933,1774631971156991112,3207348,1774631971157638144,left,OFF,23.5,37.49
2026-03-27T17:19:31.173939+00:00,38.737881,1774631971173939512,3207364,1774631971173713664,left,OFF,23.5,37.49
2026-03-27T17:19:31.192226+00:00,38.756168,1774631971192225712,3207380,1774631971189935616,left,OFF,23.5,37.49
2026-03-27T17:19:31.207967+00:00,38.771909,1774631971207966712,3207396,1774631971206112000,left,OFF,23.5,37.49
2026-03-27T17:19:31.221739+00:00,38.785681,1774631971221739012,3207412,1774631971222162432,left,OFF,23.5,37.49
2026-03-27T17:19:31.237305+00:00,38.801247,1774631971237305012,3207428,1774631971238161408,left,OFF,23.5,37.49
2026-03-27T17:19:31.253726+00:00,38.817667,1774631971253725412,3207444,1774631971254190080,left,OFF,23.5,37.49
2026-03-27T17:19:31.270147+00:00,38.834089,1774631971270146612,3207460,1774631971270250752,left,OFF,23.5,37.49
2026-03-27T17:19:31.285833+00:00,38.849775,1774631971285833512,3207476,1774631971286274560,left,OFF,23.5,37.49
2026-03-27T17:19:31.302052+00:00,38.865994,1774631971302051612,3207492,1774631971302332672,left,OFF,23.6,37.57
2026-03-27T17:19:31.318486+00:00,38.882428,1774631971318486412,3207508,1774631971318413056,left,OFF,23.5,37.49
2026-03-27T17:19:31.333857+00:00,38.897798,1774631971333856512,3207524,1774631971334458624,left,OFF,23.5,37.49
2026-03-27T17:19:31.350375+00:00,38.914317,1774631971350374912,3207540,1774631971350518272,left,OFF,23.5,37.49
2026-03-27T17:19:31.365735+00:00,38.929677,1774631971365734812,3207556,1774631971366511872,left,OFF,23.5,37.49
2026-03-27T17:19:31.384587+00:00,38.948529,1774631971384587012,3207572,1774631971382691840,left,OFF,23.6,37.57
2026-03-27T17:19:31.399933+00:00,38.963875,1774631971399932712,3207588,1774631971398836480,left,OFF,23.5,37.49
2026-03-27T17:19:31.415945+00:00,38.979886,1774631971415944612,3207604,1774631971414953984,left,OFF,23.5,37.49
2026-03-27T17:19:31.430427+00:00,38.994369,1774631971430427412,3207620,1774631971430985472,left,OFF,23.5,37.49
2026-03-27T17:19:31.446889+00:00,39.010831,1774631971446888812,3207636,1774631971447054848,left,OFF,23.5,37.49
2026-03-27T17:19:31.462388+00:00,39.026330,1774631971462387612,3207652,1774631971463068416,left,OFF,23.5,37.49
2026-03-27T17:19:31.478825+00:00,39.042767,1774631971478825012,3207668,1774631971479114752,left,OFF,23.5,37.49
2026-03-27T17:19:31.494148+00:00,39.058090,1774631971494147712,3207684,1774631971495098624,left,OFF,23.5,37.49
2026-03-27T17:19:31.510610+00:00,39.074552,1774631971510610112,3207700,1774631971511118080,left,OFF,23.6,37.57
2026-03-27T17:19:31.527232+00:00,39.091174,1774631971527232312,3207716,1774631971527181312,left,OFF,23.5,37.49
2026-03-27T17:19:31.542491+00:00,39.106433,1774631971542490812,3207732,1774631971543185920,left,OFF,23.5,37.49
2026-03-27T17:19:31.558919+00:00,39.122861,1774631971558918912,3207748,1774631971559222528,left,OFF,23.5,37.49
2026-03-27T17:19:31.575520+00:00,39.139462,1774631971575520312,3207764,1774631971575347200,left,OFF,23.5,37.49
2026-03-27T17:19:31.590854+00:00,39.154796,1774631971590853712,3207780,1774631971591358976,left,OFF,23.6,37.57
2026-03-27T17:19:31.607977+00:00,39.171919,1774631971607977112,3207796,1774631971607451904,left,OFF,23.6,37.57
2026-03-27T17:19:31.623885+00:00,39.187827,1774631971623885212,3207812,1774631971623512832,left,OFF,23.6,37.57
2026-03-27T17:19:31.640203+00:00,39.204144,1774631971640202512,3207828,1774631971639599872,left,OFF,23.5,37.49
2026-03-27T17:19:31.655588+00:00,39.219530,1774631971655588112,3207844,1774631971655656448,left,OFF,23.6,37.57
2026-03-27T17:19:31.670941+00:00,39.234883,1774631971670940812,3207860,1774631971671652608,left,OFF,23.6,37.57
2026-03-27T17:19:31.687573+00:00,39.251515,1774631971687572912,3207876,1774631971687691264,left,OFF,23.5,37.49
2026-03-27T17:19:31.703884+00:00,39.267826,1774631971703884012,3207892,1774631971703757824,left,OFF,23.5,37.49
2026-03-27T17:19:31.719303+00:00,39.283245,1774631971719302912,3207908,1774631971719767552,left,OFF,23.5,37.49
2026-03-27T17:19:31.735873+00:00,39.299815,1774631971735872812,3207924,1774631971735816960,left,OFF,23.6,37.57
2026-03-27T17:19:31.751203+00:00,39.315145,1774631971751202812,3207940,1774631971751803136,left,OFF,23.5,37.49
2026-03-27T17:19:31.767601+00:00,39.331543,1774631971767600812,3207956,1774631971767902720,left,OFF,23.5,37.49
2026-03-27T17:19:31.784115+00:00,39.348057,1774631971784115212,3207972,1774631971784024576,left,OFF,23.5,37.49
2026-03-27T17:19:31.799608+00:00,39.363550,1774631971799608512,3207988,1774631971800089600,left,OFF,23.5,37.49
2026-03-27T17:19:31.817505+00:00,39.381447,1774631971817505312,3208004,1774631971816222464,left,OFF,23.5,37.49
2026-03-27T17:19:31.832680+00:00,39.396622,1774631971832680212,3208020,1774631971832314880,left,OFF,23.5,37.49
2026-03-27T17:19:31.849336+00:00,39.413278,1774631971849336112,3208036,1774631971848422144,left,OFF,23.6,37.57
2026-03-27T17:19:31.864347+00:00,39.428288,1774631971864346512,3208052,1774631971864473344,left,OFF,23.5,37.49
2026-03-27T17:19:31.879811+00:00,39.443753,1774631971879810912,3208068,1774631971880472576,left,OFF,23.5,37.49
2026-03-27T17:19:31.896115+00:00,39.460057,1774631971896114812,3208084,1774631971896496640,left,OFF,23.6,37.57
2026-03-27T17:19:31.912727+00:00,39.476669,1774631971912727312,3208100,1774631971912564480,left,OFF,23.5,37.49
2026-03-27T17:19:31.928141+00:00,39.492083,1774631971928140612,3208116,1774631971928576256,left,OFF,23.6,37.57
2026-03-27T17:19:31.944486+00:00,39.508428,1774631971944486012,3208132,1774631971944614656,left,OFF,23.5,37.49
2026-03-27T17:19:31.960896+00:00,39.524838,1774631971960896212,3208148,1774631971960685824,left,OFF,23.5,37.49
2026-03-27T17:19:31.976519+00:00,39.540461,1774631971976519512,3208164,1774631971976751616,left,OFF,23.5,37.49
2026-03-27T17:19:31.992810+00:00,39.556752,1774631971992810112,3208180,1774631971992827904,left,OFF,23.6,37.57
2026-03-27T17:19:32.008170+00:00,39.572111,1774631972008169612,3208196,1774631972008856064,left,OFF,23.6,37.57
2026-03-27T17:19:32.024561+00:00,39.588503,1774631972024561012,3208212,1774631972024879360,left,OFF,23.6,37.57
2026-03-27T17:19:32.041354+00:00,39.605296,1774631972041354312,3208228,1774631972040963072,left,OFF,23.6,37.57
2026-03-27T17:19:32.057956+00:00,39.621898,1774631972057956212,3208244,1774631972057058816,left,OFF,23.6,37.57
2026-03-27T17:19:32.073459+00:00,39.637401,1774631972073459012,3208260,1774631972073128704,left,OFF,23.6,37.57
2026-03-27T17:19:32.089520+00:00,39.653462,1774631972089520012,3208276,1774631972089212416,left,OFF,23.6,37.57
2026-03-27T17:19:32.104904+00:00,39.668846,1774631972104903712,3208292,1774631972105233664,left,OFF,23.6,37.57
2026-03-27T17:19:32.121315+00:00,39.685257,1774631972121315112,3208308,1774631972121284608,left,OFF,23.6,37.57
2026-03-27T17:19:32.136836+00:00,39.700778,1774631972136835812,3208324,1774631972137282816,left,OFF,23.5,37.49
2026-03-27T17:19:32.153255+00:00,39.717197,1774631972153254612,3208340,1774631972153316352,left,OFF,23.5,37.49
2026-03-27T17:19:32.169632+00:00,39.733575,1774631972169632612,3208356,1774631972169381632,left,OFF,23.6,37.57
2026-03-27T17:19:32.185017+00:00,39.748958,1774631972185016512,3208372,1774631972185382400,left,OFF,23.6,37.57
2026-03-27T17:19:32.201577+00:00,39.765519,1774631972201577312,3208388,1774631972201441280,left,OFF,23.6,37.57
2026-03-27T17:19:32.218054+00:00,39.781996,1774631972218054312,3208404,1774631972217595648,left,OFF,23.6,37.57
2026-03-27T17:19:32.233329+00:00,39.797271,1774631972233328912,3208420,1774631972233694720,left,OFF,23.6,37.57
2026-03-27T17:19:32.249987+00:00,39.813929,1774631972249987312,3208436,1774631972249762816,left,OFF,23.5,37.49
2026-03-27T17:19:32.265268+00:00,39.829210,1774631972265268112,3208452,1774631972265766912,left,OFF,23.6,37.57
2026-03-27T17:19:32.282139+00:00,39.846081,1774631972282138812,3208468,1774631972281831680,left,OFF,23.6,37.57
2026-03-27T17:19:32.298144+00:00,39.862086,1774631972298143912,3208484,1774631972297903616,left,OFF,23.6,37.57
2026-03-27T17:19:32.313630+00:00,39.877572,1774631972313629612,3208500,1774631972313928704,left,OFF,23.6,37.57
2026-03-27T17:19:32.329986+00:00,39.893927,1774631972329985612,3208516,1774631972329976832,left,OFF,23.6,37.57
2026-03-27T17:19:32.346374+00:00,39.910316,1774631972346374112,3208532,1774631972346056448,left,OFF,23.6,37.57
2026-03-27T17:19:32.361961+00:00,39.925902,1774631972361960612,3208548,1774631972362085632,left,OFF,23.6,37.57
2026-03-27T17:19:32.378316+00:00,39.942258,1774631972378316012,3208564,1774631972378147072,left,OFF,23.6,37.57
2026-03-27T17:19:32.393684+00:00,39.957626,1774631972393684412,3208580,1774631972394143744,left,OFF,23.6,37.57
2026-03-27T17:19:32.410377+00:00,39.974319,1774631972410377312,3208596,1774631972410266368,left,OFF,23.6,37.57
2026-03-27T17:19:32.426739+00:00,39.990681,1774631972426738712,3208612,1774631972426388224,left,OFF,23.6,37.57
2026-03-27T17:19:32.442100+00:00,40.006042,1774631972442100112,3208628,1774631972442467072,left,OFF,23.7,37.66
2026-03-27T17:19:32.458480+00:00,40.022422,1774631972458480312,3208644,1774631972458518784,left,OFF,23.7,37.66
2026-03-27T17:19:32.475050+00:00,40.038992,1774631972475049712,3208660,1774631972474614016,left,OFF,23.6,37.57
2026-03-27T17:19:32.490460+00:00,40.054402,1774631972490459912,3208676,1774631972490651136,left,OFF,23.6,37.57
2026-03-27T17:19:32.506906+00:00,40.070848,1774631972506905812,3208692,1774631972506723584,left,OFF,23.6,37.57
2026-03-27T17:19:32.522273+00:00,40.086215,1774631972522272712,3208708,1774631972522730496,left,OFF,23.7,37.66
2026-03-27T17:19:32.538714+00:00,40.102655,1774631972538713512,3208724,1774631972538772480,left,OFF,23.7,37.66
2026-03-27T17:19:32.555157+00:00,40.119099,1774631972555156712,3208740,1774631972554855168,left,OFF,23.7,37.66
2026-03-27T17:19:32.570586+00:00,40.134528,1774631972570585912,3208756,1774631972570874112,left,OFF,23.6,37.57
2026-03-27T17:19:32.587000+00:00,40.150942,1774631972586999812,3208772,1774631972586925824,left,OFF,23.6,37.57
2026-03-27T17:19:32.603349+00:00,40.167291,1774631972603349312,3208788,1774631972603011840,left,OFF,23.7,37.66
2026-03-27T17:19:32.618909+00:00,40.182851,1774631972618908712,3208804,1774631972619044864,left,OFF,23.7,37.66
2026-03-27T17:19:32.635296+00:00,40.199238,1774631972635296112,3208820,1774631972635130368,left,OFF,23.7,37.66
2026-03-27T17:19:32.650694+00:00,40.214635,1774631972650693512,3208836,1774631972651171584,left,OFF,23.7,37.66
2026-03-27T17:19:32.667235+00:00,40.231177,1774631972667235012,3208852,1774631972667251712,left,OFF,23.6,37.57
2026-03-27T17:19:32.683688+00:00,40.247630,1774631972683687812,3208868,1774631972683335936,left,OFF,23.7,37.66
2026-03-27T17:19:32.699040+00:00,40.262982,1774631972699039912,3208884,1774631972699354368,left,OFF,23.7,37.66
2026-03-27T17:19:32.715441+00:00,40.279383,1774631972715441512,3208900,1774631972715411200,left,OFF,23.6,37.57
2026-03-27T17:19:32.731980+00:00,40.295921,1774631972731979512,3208916,1774631972731505152,left,OFF,23.7,37.66
2026-03-27T17:19:32.747421+00:00,40.311363,1774631972747420812,3208932,1774631972747540736,left,OFF,23.6,37.57
2026-03-27T17:19:32.763732+00:00,40.327674,1774631972763731812,3208948,1774631972763607296,left,OFF,23.7,37.66
2026-03-27T17:19:32.779295+00:00,40.343237,1774631972779295212,3208964,1774631972779620608,left,OFF,23.7,37.66
2026-03-27T17:19:32.795637+00:00,40.359579,1774631972795637212,3208980,1774631972795661312,left,OFF,23.7,37.66
2026-03-27T17:19:32.812043+00:00,40.375985,1774631972812042912,3208996,1774631972811737344,left,OFF,23.7,37.66
2026-03-27T17:19:32.827443+00:00,40.391385,1774631972827443112,3209012,1774631972827755008,left,OFF,23.7,37.66
2026-03-27T17:19:32.844001+00:00,40.407943,1774631972844001012,3209028,1774631972843860480,left,OFF,23.7,37.66
2026-03-27T17:19:32.860436+00:00,40.424378,1774631972860435912,3209044,1774631972859963136,left,OFF,23.7,37.75
2026-03-27T17:19:32.875738+00:00,40.439680,1774631972875738312,3209060,1774631972876038400,left,OFF,23.7,37.75
2026-03-27T17:19:32.892360+00:00,40.456302,1774631972892360112,3209076,1774631972892116992,left,OFF,23.7,37.75
2026-03-27T17:19:32.907739+00:00,40.471681,1774631972907739012,3209092,1774631972908135168,left,OFF,23.9,37.92
2026-03-27T17:19:32.924119+00:00,40.488061,1774631972924119412,3209108,1774631972924180480,left,OFF,23.9,37.92
2026-03-27T17:19:32.940485+00:00,40.504427,1774631972940484912,3209124,1774631972940261632,left,OFF,24.0,38.1
2026-03-27T17:19:32.956102+00:00,40.520044,1774631972956102312,3209140,1774631972956295424,left,OFF,24.3,38.45
2026-03-27T17:19:32.972466+00:00,40.536408,1774631972972466212,3209156,1774631972972356864,left,OFF,24.5,38.8
2026-03-27T17:19:32.988866+00:00,40.552808,1774631972988866112,3209172,1774631972988449280,left,OFF,25.0,39.42
2026-03-27T17:19:33.004340+00:00,40.568282,1774631973004340412,3209188,1774631973004492544,left,OFF,25.6,40.3
2026-03-27T17:19:33.020793+00:00,40.584735,1774631973020792812,3209204,1774631973020567040,left,OFF,26.2,41.09
2026-03-27T17:19:33.036153+00:00,40.600095,1774631973036153312,3209220,1774631973036576256,left,OFF,27.0,42.23
2026-03-27T17:19:33.052573+00:00,40.616515,1774631973052572712,3209236,1774631973052617728,left,OFF,28.5,44.17
2026-03-27T17:19:33.069109+00:00,40.633051,1774631973069109212,3209252,1774631973068711168,left,OFF,30.2,46.45
2026-03-27T17:19:33.084469+00:00,40.648411,1774631973084468712,3209268,1774631973084778752,left,OFF,32.0,48.65
2026-03-27T17:19:33.100848+00:00,40.664790,1774631973100847912,3209284,1774631973100850688,left,OFF,33.8,50.93
2026-03-27T17:19:33.117407+00:00,40.681349,1774631973117407212,3209300,1774631973116953344,left,OFF,36.1,53.66
2026-03-27T17:19:33.132773+00:00,40.696715,1774631973132773312,3209316,1774631973132992512,left,OFF,37.7,55.68
2026-03-27T17:19:33.149226+00:00,40.713169,1774631973149226612,3209332,1774631973149066752,left,OFF,38.4,56.56
2026-03-27T17:19:33.164965+00:00,40.728907,1774631973164964712,3209348,1774631973165104384,left,OFF,38.6,56.73
2026-03-27T17:19:33.181127+00:00,40.745069,1774631973181127212,3209364,1774631973181158912,left,OFF,38.5,56.65
2026-03-27T17:19:33.197509+00:00,40.761451,1774631973197508912,3209380,1774631973197243136,left,OFF,38.3,56.38
2026-03-27T17:19:33.212903+00:00,40.776845,1774631973212902712,3209396,1774631973213265152,left,OFF,38.0,56.03
2026-03-27T17:19:33.229457+00:00,40.793399,1774631973229456712,3209412,1774631973229333504,left,OFF,37.6,55.5
2026-03-27T17:19:33.245857+00:00,40.809799,1774631973245857112,3209428,1774631973245435136,left,OFF,36.6,54.36
2026-03-27T17:19:33.261238+00:00,40.825179,1774631973261237512,3209444,1774631973261470976,left,OFF,35.3,52.78
2026-03-27T17:19:33.277611+00:00,40.841554,1774631973277611612,3209460,1774631973277544704,left,OFF,33.6,50.67
2026-03-27T17:19:33.293289+00:00,40.857231,1774631973293289012,3209476,1774631973293570816,left,OFF,31.7,48.3
2026-03-27T17:19:33.309646+00:00,40.873588,1774631973309646112,3209492,1774631973309640192,left,OFF,29.4,45.4
2026-03-27T17:19:33.326030+00:00,40.889972,1774631973326030612,3209508,1774631973325728256,left,OFF,27.3,42.58
2026-03-27T17:19:33.341627+00:00,40.905569,1774631973341626812,3209524,1774631973341769728,left,OFF,25.6,40.21
2026-03-27T17:19:33.358012+00:00,40.921954,1774631973358011712,3209540,1774631973357840384,left,OFF,23.7,37.66
2026-03-27T17:19:33.374344+00:00,40.938286,1774631973374344512,3209556,1774631973373937664,left,OFF,21.6,34.85
2026-03-27T17:19:33.389798+00:00,40.953740,1774631973389798412,3209572,1774631973389982720,left,OFF,20.4,33.18
2026-03-27T17:19:33.406278+00:00,40.970220,1774631973406278412,3209588,1774631973406062848,left,OFF,20.4,33.18
2026-03-27T17:19:33.421674+00:00,40.985616,1774631973421674312,3209604,1774631973422080256,left,OFF,20.0,32.74
2026-03-27T17:19:33.438000+00:00,41.001942,1774631973437999812,3209620,1774631973438134016,left,OFF,18.9,30.98
2026-03-27T17:19:33.454554+00:00,41.018496,1774631973454554312,3209636,1774631973454227456,left,OFF,15.9,26.41
2026-03-27T17:19:33.469976+00:00,41.033918,1774631973469976112,3209652,1774631973470259968,left,OFF,10.8,18.5
2026-03-27T17:19:33.486339+00:00,41.050281,1774631973486339212,3209668,1774631973486321152,left,OFF,5.6,9.71
2026-03-27T17:19:33.502703+00:00,41.066645,1774631973502702812,3209684,1774631973502416640,left,OFF,3.4,5.84
2026-03-27T17:19:33.518269+00:00,41.082211,1774631973518269012,3209700,1774631973518461952,left,OFF,2.1,3.65
2026-03-27T17:19:33.534645+00:00,41.098587,1774631973534644812,3209716,1774631973534538752,left,OFF,0.1,0.13
2026-03-27T17:19:33.549993+00:00,41.113935,1774631973549992806,3209732,1774631973550550528,left,OFF,0.0,-0.13
2026-03-27T17:19:33.566619+00:00,41.130560,1774631973566618506,3209748,1774631973566608896,left,OFF,0.0,-0.04
2026-03-27T17:19:33.583015+00:00,41.146957,1774631973583014706,3209764,1774631973582699520,left,OFF,0.0,-0.04
2026-03-27T17:19:33.598415+00:00,41.162357,1774631973598415406,3209780,1774631973598730496,left,OFF,0.0,-0.04
2026-03-27T17:19:33.614961+00:00,41.178903,1774631973614961106,3209796,1774631973614801920,left,OFF,0.0,-0.13
2026-03-27T17:19:33.631289+00:00,41.195230,1774631973631288506,3209812,1774631973630898688,left,OFF,0.0,-0.04
2026-03-27T17:19:33.646601+00:00,41.210543,1774631973646600906,3209828,1774631973646933760,left,OFF,0.0,-0.04
2026-03-27T17:19:33.663190+00:00,41.227132,1774631973663190306,3209844,1774631973663012096,left,OFF,0.0,-0.13
2026-03-27T17:19:33.678540+00:00,41.242481,1774631973678539606,3209860,1774631973679025920,left,OFF,0.0,-0.13
2026-03-27T17:19:33.694935+00:00,41.258876,1774631973694934606,3209876,1774631973695075328,left,OFF,0.0,-0.04
2026-03-27T17:19:33.711506+00:00,41.275448,1774631973711505706,3209892,1774631973711168256,left,OFF,0.0,-0.13
2026-03-27T17:19:33.726893+00:00,41.290835,1774631973726893206,3209908,1774631973727197952,left,OFF,0.0,-0.04
2026-03-27T17:19:33.743705+00:00,41.307647,1774631973743705006,3209924,1774631973743284480,left,OFF,0.0,-0.04
2026-03-27T17:19:33.759722+00:00,41.323664,1774631973759721906,3209940,1774631973759382784,left,OFF,0.0,-0.04
2026-03-27T17:19:33.775524+00:00,41.339466,1774631973775524306,3209956,1774631973775445760,left,OFF,0.0,-0.04
2026-03-27T17:19:33.791825+00:00,41.355767,1774631973791825406,3209972,1774631973791531264,left,OFF,0.0,-0.04
2026-03-27T17:19:33.807050+00:00,41.370992,1774631973807050206,3209988,1774631973807549952,left,OFF,0.0,-0.04
2026-03-27T17:19:33.823746+00:00,41.387688,1774631973823746606,3210004,1774631973823616256,left,OFF,0.0,-0.04
2026-03-27T17:19:33.840842+00:00,41.404784,1774631973840841806,3210020,1774631973839756288,left,OFF,0.0,-0.04
2026-03-27T17:19:33.855620+00:00,41.419562,1774631973855620106,3210036,1774631973855795968,left,OFF,0.0,-0.13
2026-03-27T17:19:33.872413+00:00,41.436355,1774631973872413206,3210052,1774631973871895296,left,OFF,0.0,-0.04
2026-03-27T17:19:33.888577+00:00,41.452519,1774631973888576806,3210068,1774631973888012032,left,OFF,0.0,-0.04
2026-03-27T17:19:33.903907+00:00,41.467849,1774631973903907006,3210084,1774631973904060160,left,OFF,0.0,-0.04
2026-03-27T17:19:33.920380+00:00,41.484322,1774631973920380506,3210100,1774631973920150784,left,OFF,0.0,-0.04
2026-03-27T17:19:33.935459+00:00,41.499401,1774631973935458806,3210116,1774631973936159232,left,OFF,0.0,-0.04
2026-03-27T17:19:33.952595+00:00,41.516537,1774631973952595106,3210132,1774631973952244224,left,OFF,0.0,-0.04
2026-03-27T17:19:33.968542+00:00,41.532484,1774631973968541806,3210148,1774631973968331008,left,OFF,0.0,-0.04
2026-03-27T17:19:33.984692+00:00,41.548634,1774631973984691906,3210164,1774631973984408576,left,OFF,0.0,-0.04
2026-03-27T17:19:34.000499+00:00,41.564441,1774631974000499006,3210180,1774631974000479488,left,OFF,0.0,-0.04
2026-03-27T17:19:34.017188+00:00,41.581130,1774631974017187806,3210196,1774631974016599296,left,OFF,0.0,-0.13
2026-03-27T17:19:34.032395+00:00,41.596337,1774631974032395306,3210212,1774631974032647680,left,OFF,0.0,-0.04
2026-03-27T17:19:34.049339+00:00,41.613281,1774631974049338706,3210228,1774631974048762112,left,OFF,0.0,-0.04
2026-03-27T17:19:34.064154+00:00,41.628096,1774631974064154006,3210244,1774631974064777728,left,OFF,0.0,-0.04
2026-03-27T17:19:34.080546+00:00,41.644488,1774631974080546306,3210260,1774631974080824576,left,OFF,0.0,-0.04
2026-03-27T17:19:34.096960+00:00,41.660902,1774631974096959706,3210276,1774631974096907776,left,OFF,0.0,-0.04
2026-03-27T17:19:34.112548+00:00,41.676490,1774631974112548106,3210292,1774631974112940032,left,OFF,0.0,-0.04
2026-03-27T17:19:34.128801+00:00,41.692742,1774631974128800506,3210308,1774631974128993792,left,OFF,0.0,-0.04
2026-03-27T17:19:34.145224+00:00,41.709166,1774631974145223706,3210324,1774631974145085440,left,OFF,0.0,-0.04
2026-03-27T17:19:34.160648+00:00,41.724590,1774631974160647906,3210340,1774631974161116160,left,OFF,0.0,-0.04
2026-03-27T17:19:34.177156+00:00,41.741098,1774631974177155906,3210356,1774631974177186560,left,OFF,0.0,-0.04
2026-03-27T17:19:34.192690+00:00,41.756631,1774631974192689606,3210372,1774631974193214976,left,OFF,0.0,-0.04
2026-03-27T17:19:34.208996+00:00,41.772938,1774631974208996306,3210388,1774631974209261568,left,OFF,0.0,-0.04
2026-03-27T17:19:34.225534+00:00,41.789476,1774631974225534406,3210404,1774631974225347328,left,OFF,0.0,-0.13
2026-03-27T17:19:34.241652+00:00,41.805594,1774631974241651806,3210420,1774631974241415680,left,OFF,0.0,-0.04
2026-03-27T17:19:34.257469+00:00,41.821411,1774631974257469106,3210436,1774631974257483264,left,OFF,0.0,-0.04
2026-03-27T17:19:34.273846+00:00,41.837788,1774631974273845706,3210452,1774631974273580544,left,OFF,0.0,-0.04
2026-03-27T17:19:34.289293+00:00,41.853235,1774631974289293306,3210468,1774631974289618944,left,OFF,0.0,-0.04
2026-03-27T17:19:34.305641+00:00,41.869582,1774631974305640606,3210484,1774631974305684480,left,OFF,0.0,-0.04
2026-03-27T17:19:34.321017+00:00,41.884959,1774631974321017206,3210500,1774631974321696000,left,OFF,0.0,-0.04
2026-03-27T17:19:34.337594+00:00,41.901536,1774631974337594306,3210516,1774631974337748736,left,OFF,0.0,-0.04
2026-03-27T17:19:34.353993+00:00,41.917935,1774631974353993306,3210532,1774631974353831936,left,OFF,0.0,-0.04
2026-03-27T17:19:34.369394+00:00,41.933336,1774631974369393906,3210548,1774631974369860096,left,OFF,0.0,-0.04
2026-03-27T17:19:34.385998+00:00,41.949939,1774631974385997606,3210564,1774631974385932032,left,OFF,0.0,-0.04
2026-03-27T17:19:34.402403+00:00,41.966344,1774631974402402506,3210580,1774631974402033152,left,OFF,0.0,-0.04
2026-03-27T17:19:34.417710+00:00,41.981652,1774631974417709706,3210596,1774631974418068992,left,OFF,0.0,-0.04
2026-03-27T17:19:34.434067+00:00,41.998009,1774631974434066906,3210612,1774631974434136064,left,OFF,0.0,-0.04
2026-03-27T17:19:34.450359+00:00,42.014301,1774631974450358806,3210628,1774631974450196736,left,OFF,0.0,-0.04
2026-03-27T17:19:34.466082+00:00,42.030024,1774631974466082206,3210644,1774631974466243840,left,OFF,0.0,-0.13
2026-03-27T17:19:34.482416+00:00,42.046358,1774631974482416406,3210660,1774631974482322688,left,OFF,0.0,-0.04
2026-03-27T17:19:34.498036+00:00,42.061977,1774631974498035606,3210676,1774631974498354944,left,OFF,0.0,-0.04
2026-03-27T17:19:34.514367+00:00,42.078308,1774631974514366606,3210692,1774631974514412544,left,OFF,0.0,-0.04
2026-03-27T17:19:34.530765+00:00,42.094706,1774631974530764506,3210708,1774631974530500096,left,OFF,0.0,-0.04
2026-03-27T17:19:34.546132+00:00,42.110074,1774631974546132206,3210724,1774631974546529792,left,OFF,0.0,-0.04
2026-03-27T17:19:34.562695+00:00,42.126636,1774631974562694606,3210740,1774631974562599680,left,OFF,0.0,-0.04
2026-03-27T17:19:34.578383+00:00,42.142325,1774631974578383006,3210756,1774631974578624768,left,OFF,0.0,-0.04
2026-03-27T17:19:34.594464+00:00,42.158405,1774631974594463506,3210772,1774631974594667776,left,OFF,0.0,-0.04
2026-03-27T17:19:34.611037+00:00,42.174979,1774631974611037006,3210788,1774631974610752512,left,OFF,0.0,-0.04
2026-03-27T17:19:34.626431+00:00,42.190373,1774631974626430706,3210804,1774631974626775808,left,OFF,0.0,-0.13
2026-03-27T17:19:34.642821+00:00,42.206763,1774631974642821006,3210820,1774631974642834176,left,OFF,0.0,-0.04
2026-03-27T17:19:34.659359+00:00,42.223301,1774631974659359306,3210836,1774631974658930176,left,OFF,0.0,-0.04
2026-03-27T17:19:34.675039+00:00,42.238980,1774631974675038506,3210852,1774631974674979072,left,OFF,0.0,-0.04
2026-03-27T17:19:34.697248+00:00,42.261189,1774631974697247406,3210868,1774631974691419136,left,OFF,0.0,-0.13
2026-03-27T17:19:34.707149+00:00,42.271091,1774631974707148906,3210884,1774631974707451904,left,OFF,0.0,-0.04
2026-03-27T17:19:34.723089+00:00,42.287030,1774631974723088406,3210900,1774631974723486976,left,OFF,0.0,-0.04
2026-03-27T17:19:34.739438+00:00,42.303379,1774631974739437606,3210916,1774631974739555072,left,OFF,0.0,-0.04
2026-03-27T17:19:34.754900+00:00,42.318842,1774631974754900106,3210932,1774631974755565568,left,OFF,0.0,-0.04
2026-03-27T17:19:34.771434+00:00,42.335375,1774631974771433606,3210948,1774631974771628288,left,OFF,0.0,-0.04
2026-03-27T17:19:34.787802+00:00,42.351744,1774631974787801706,3210964,1774631974787708416,left,OFF,0.0,-0.04
2026-03-27T17:19:34.803245+00:00,42.367187,1774631974803244706,3210980,1774631974803742464,left,OFF,0.0,-0.04
2026-03-27T17:19:34.819649+00:00,42.383591,1774631974819648806,3210996,1774631974819805440,left,OFF,0.0,-0.04
2026-03-27T17:19:34.835227+00:00,42.399169,1774631974835227406,3211012,1774631974835812608,left,OFF,0.0,-0.04
2026-03-27T17:19:34.851526+00:00,42.415468,1774631974851526506,3211028,1774631974851854080,left,OFF,0.0,-0.04
2026-03-27T17:19:34.867891+00:00,42.431832,1774631974867890606,3211044,1774631974867946496,left,OFF,0.0,-0.04
2026-03-27T17:19:34.883532+00:00,42.447474,1774631974883532106,3211060,1774631974883974400,left,OFF,0.0,-0.04
2026-03-27T17:19:34.901219+00:00,42.465161,1774631974901218706,3211076,1774631974900124672,left,OFF,0.0,-0.13
2026-03-27T17:19:34.917197+00:00,42.481139,1774631974917196806,3211092,1774631974916271616,left,OFF,0.0,-0.04
2026-03-27T17:19:34.931611+00:00,42.495553,1774631974931611506,3211108,1774631974932293888,left,OFF,0.0,-0.04
2026-03-27T17:19:34.948197+00:00,42.512139,1774631974948196806,3211124,1774631974948361728,left,OFF,0.0,-0.04
2026-03-27T17:19:34.963492+00:00,42.527434,1774631974963491906,3211140,1774631974964352256,left,OFF,0.0,-0.04
2026-03-27T17:19:34.979956+00:00,42.543898,1774631974979956306,3211156,1774631974980400384,left,OFF,0.0,-0.04
2026-03-27T17:19:34.996514+00:00,42.560456,1774631974996514106,3211172,1774631974996476672,left,OFF,0.0,-0.04
2026-03-27T17:19:35.011894+00:00,42.575836,1774631975011893806,3211188,1774631975012513536,left,OFF,0.0,-0.04
2026-03-27T17:19:35.028295+00:00,42.592237,1774631975028294906,3211204,1774631975028564480,left,OFF,0.0,-0.04
2026-03-27T17:19:35.044729+00:00,42.608671,1774631975044728806,3211220,1774631975044657920,left,OFF,0.0,-0.04
2026-03-27T17:19:35.060267+00:00,42.624209,1774631975060267306,3211236,1774631975060693248,left,OFF,0.0,-0.04
2026-03-27T17:19:35.076642+00:00,42.640584,1774631975076642006,3211252,1774631975076775424,left,OFF,0.0,-0.04
2026-03-27T17:19:35.091975+00:00,42.655916,1774631975091974606,3211268,1774631975092774912,left,OFF,0.0,-0.04
2026-03-27T17:19:35.108590+00:00,42.672532,1774631975108589806,3211284,1774631975108818944,left,OFF,0.0,-0.04
2026-03-27T17:19:35.125906+00:00,42.689848,1774631975125905906,3211300,1774631975124950272,left,OFF,0.0,-0.04
2026-03-27T17:19:35.141412+00:00,42.705354,1774631975141412606,3211316,1774631975141031680,left,OFF,0.0,-0.04
2026-03-27T17:19:35.157485+00:00,42.721427,1774631975157485506,3211332,1774631975157118208,left,OFF,0.0,-0.04
2026-03-27T17:19:35.173302+00:00,42.737244,1774631975173302606,3211348,1774631975173200128,left,OFF,0.0,-0.04
2026-03-27T17:19:35.188720+00:00,42.752662,1774631975188720506,3211364,1774631975189222400,left,OFF,0.0,-0.04
2026-03-27T17:19:35.205034+00:00,42.768976,1774631975205033806,3211380,1774631975205274112,left,OFF,0.0,-0.04
2026-03-27T17:19:35.220402+00:00,42.784343,1774631975220401606,3211396,1774631975221266944,left,OFF,0.0,-0.04
2026-03-27T17:19:35.237092+00:00,42.801034,1774631975237092106,3211412,1774631975237306368,left,OFF,0.0,-0.04
2026-03-27T17:19:35.253453+00:00,42.817395,1774631975253453206,3211428,1774631975253378304,left,OFF,0.0,-0.04
2026-03-27T17:19:35.268822+00:00,42.832764,1774631975268822106,3211444,1774631975269410048,left,OFF,0.0,-0.04
2026-03-27T17:19:35.285176+00:00,42.849118,1774631975285175706,3211460,1774631975285453056,left,OFF,0.0,-0.04
2026-03-27T17:19:35.301721+00:00,42.865663,1774631975301721406,3211476,1774631975301535744,left,OFF,0.0,-0.04
2026-03-27T17:19:35.317140+00:00,42.881081,1774631975317139606,3211492,1774631975317560064,left,OFF,0.0,-0.04
2026-03-27T17:19:35.333485+00:00,42.897426,1774631975333484606,3211508,1774631975333610752,left,OFF,0.0,-0.04
2026-03-27T17:19:35.350420+00:00,42.914362,1774631975350419906,3211524,1774631975349693696,left,OFF,0.0,-0.04
2026-03-27T17:19:35.365693+00:00,42.929635,1774631975365692906,3211540,1774631975365742080,left,OFF,0.0,-0.04
2026-03-27T17:19:35.383662+00:00,42.947604,1774631975383661706,3211556,1774631975381917696,left,OFF,0.0,-0.04
2026-03-27T17:19:35.397207+00:00,42.961149,1774631975397207106,3211572,1774631975397916160,left,OFF,0.0,-0.04
2026-03-27T17:19:35.413830+00:00,42.977772,1774631975413829706,3211588,1774631975413966336,left,OFF,0.0,-0.04
2026-03-27T17:19:35.430174+00:00,42.994116,1774631975430174406,3211604,1774631975430044416,left,OFF,0.0,-0.04
2026-03-27T17:19:35.445543+00:00,43.009485,1774631975445542806,3211620,1774631975446056960,left,OFF,0.0,-0.04
2026-03-27T17:19:35.462139+00:00,43.026080,1774631975462138506,3211636,1774631975462111488,left,OFF,0.0,-0.04
2026-03-27T17:19:35.477525+00:00,43.041467,1774631975477525206,3211652,1774631975478131968,left,OFF,0.0,-0.04
2026-03-27T17:19:35.493928+00:00,43.057870,1774631975493927906,3211668,1774631975494163456,left,OFF,0.0,-0.04
2026-03-27T17:19:35.510362+00:00,43.074304,1774631975510362206,3211684,1774631975510226688,left,OFF,0.0,-0.04
2026-03-27T17:19:35.525965+00:00,43.089907,1774631975525965206,3211700,1774631975526247936,left,OFF,0.0,-0.04
2026-03-27T17:19:35.542304+00:00,43.106246,1774631975542304306,3211716,1774631975542294784,left,OFF,0.0,-0.04
2026-03-27T17:19:35.559901+00:00,43.123843,1774631975559901406,3211732,1774631975558445568,left,OFF,0.0,-0.04
2026-03-27T17:19:35.575452+00:00,43.139394,1774631975575451906,3211748,1774631975574542080,left,OFF,0.0,-0.04
2026-03-27T17:19:35.592679+00:00,43.156621,1774631975592679006,3211764,1774631975590723072,left,OFF,0.0,-0.04
2026-03-27T17:19:35.606014+00:00,43.169955,1774631975606013606,3211780,1774631975606723072,left,OFF,0.0,-0.04
2026-03-27T17:19:35.622483+00:00,43.186425,1774631975622483106,3211796,1774631975622748928,left,OFF,0.0,-0.04
2026-03-27T17:19:35.639012+00:00,43.202954,1774631975639012006,3211812,1774631975638819584,left,OFF,0.0,-0.04
2026-03-27T17:19:35.654380+00:00,43.218322,1774631975654380306,3211828,1774631975654826752,left,OFF,0.0,-0.04
2026-03-27T17:19:35.670747+00:00,43.234689,1774631975670747406,3211844,1774631975670862592,left,OFF,0.0,-0.04
2026-03-27T17:19:35.687326+00:00,43.251268,1774631975687325706,3211860,1774631975686945280,left,OFF,0.0,-0.04
2026-03-27T17:19:35.702682+00:00,43.266624,1774631975702681906,3211876,1774631975702972928,left,OFF,0.0,-0.04
2026-03-27T17:19:35.719035+00:00,43.282977,1774631975719035106,3211892,1774631975719210496,left,OFF,0.0,-0.04
2026-03-27T17:19:35.734470+00:00,43.298412,1774631975734470506,3211908,1774631975735226624,left,OFF,0.0,-0.04
2026-03-27T17:19:35.751022+00:00,43.314964,1774631975751021906,3211924,1774631975751269632,left,OFF,0.0,-0.13
