timestamp,time_seconds,timestamp_ns,t_ms,t_ms_corrected_ns,gripper_side,sw,opening_mm,angle_deg
2026-03-26T14:13:42.716598+00:00,56.052896,1774534422716597512,1129748,1774534422716597512,right,ON,17.2,27.16
2026-03-26T14:13:42.733230+00:00,56.069529,1774534422733230312,1129764,1774534422733230312,right,ON,17.2,27.16
2026-03-26T14:13:42.748369+00:00,0.028444,1774534422748368412,1129780,1774534422748368412,right,ON,17.2,27.16
2026-03-26T14:13:42.764890+00:00,0.044966,1774534422764890412,1129796,1774534422764774144,right,ON,17.3,27.25
2026-03-26T14:13:42.653263+00:00,-0.066661,1774534422653263112,1129684,1774534422652484864,right,ON,16.7,26.37
2026-03-26T14:13:42.668186+00:00,-0.051739,1774534422668185812,1129700,1774534422668496384,right,ON,17.0,26.81
2026-03-26T14:13:42.687906+00:00,-0.032019,1774534422687905912,1129716,1774534422684745984,right,ON,17.2,27.16
2026-03-26T14:13:42.700139+00:00,-0.019786,1774534422700138512,1129732,1774534422700738816,right,ON,17.2,27.16
2026-03-26T14:13:42.781234+00:00,0.061309,1774534422781233612,1129812,1774534422781050624,right,ON,17.3,27.25
2026-03-26T14:13:42.796540+00:00,0.076616,1774534422796540312,1129828,1774534422796827648,right,ON,17.3,27.33
2026-03-26T14:13:42.813389+00:00,0.093465,1774534422813389412,1129844,1774534422813092352,right,ON,17.3,27.33
2026-03-26T14:13:42.828361+00:00,0.108436,1774534422828360712,1129860,1774534422828826112,right,ON,17.3,27.33
2026-03-26T14:13:42.845139+00:00,0.125215,1774534422845139112,1129876,1774534422844944384,right,ON,17.3,27.33
2026-03-26T14:13:42.861376+00:00,0.141451,1774534422861375812,1129892,1774534422861106944,right,ON,17.3,27.33
2026-03-26T14:13:42.876944+00:00,0.157019,1774534422876943612,1129908,1774534422877084416,right,ON,17.3,27.25
2026-03-26T14:13:42.893009+00:00,0.173085,1774534422893009012,1129924,1774534422893086208,right,ON,17.3,27.33
2026-03-26T14:13:42.909487+00:00,0.189562,1774534422909486812,1129940,1774534422909217792,right,ON,17.3,27.33
2026-03-26T14:13:42.925033+00:00,0.205108,1774534422925032912,1129956,1774534422925201152,right,ON,17.3,27.33
2026-03-26T14:13:42.941437+00:00,0.221513,1774534422941437412,1129972,1774534422941285120,right,ON,17.3,27.33
2026-03-26T14:13:42.956748+00:00,0.236823,1774534422956747812,1129988,1774534422957193984,right,ON,17.3,27.33
2026-03-26T14:13:42.973029+00:00,0.253104,1774534422973028612,1130004,1774534422973179904,right,ON,17.3,27.33
2026-03-26T14:13:42.989514+00:00,0.269590,1774534422989514212,1130020,1774534422989267200,right,ON,17.3,27.33
2026-03-26T14:13:43.004928+00:00,0.285004,1774534423004928012,1130036,1774534423005224960,right,ON,17.3,27.25
2026-03-26T14:13:43.021449+00:00,0.301524,1774534423021448812,1130052,1774534423021285632,right,ON,17.3,27.33
2026-03-26T14:13:43.037869+00:00,0.317945,1774534423037869512,1130068,1774534423037410816,right,ON,17.3,27.33
2026-03-26T14:13:43.053396+00:00,0.333471,1774534423053395712,1130084,1774534423053436160,right,ON,17.3,27.33
2026-03-26T14:13:43.069726+00:00,0.349801,1774534423069725412,1130100,1774534423069510912,right,ON,17.3,27.33
2026-03-26T14:13:43.085092+00:00,0.365167,1774534423085091912,1130116,1774534423085475584,right,ON,17.3,27.33
2026-03-26T14:13:43.101543+00:00,0.381619,1774534423101543112,1130132,1774534423101512192,right,ON,17.3,27.33
2026-03-26T14:13:43.117919+00:00,0.397994,1774534423117918812,1130148,1774534423117598464,right,ON,17.3,27.33
2026-03-26T14:13:43.133319+00:00,0.413395,1774534423133319212,1130164,1774534423133589248,right,ON,17.3,27.33
2026-03-26T14:13:43.149738+00:00,0.429814,1774534423149738012,1130180,1774534423149637120,right,ON,17.1,26.98
2026-03-26T14:13:43.166171+00:00,0.446247,1774534423166171412,1130196,1774534423165735936,right,ON,16.4,26.02
2026-03-26T14:13:43.181557+00:00,0.461633,1774534423181557512,1130212,1774534423181745408,right,ON,16.0,25.31
2026-03-26T14:13:43.197925+00:00,0.478001,1774534423197925312,1130228,1774534423197798400,right,ON,15.7,24.96
2026-03-26T14:13:43.213346+00:00,0.493422,1774534423213346012,1130244,1774534423213776128,right,ON,15.1,23.99
2026-03-26T14:13:43.229977+00:00,0.510053,1774534423229977312,1130260,1774534423229829120,right,ON,13.4,21.53
2026-03-26T14:13:43.246279+00:00,0.526354,1774534423246278712,1130276,1774534423245910016,right,ON,11.7,19.07
2026-03-26T14:13:43.261624+00:00,0.541699,1774534423261623612,1130292,1774534423261911040,right,ON,10.7,17.49
2026-03-26T14:13:43.277950+00:00,0.558026,1774534423277950112,1130308,1774534423277946368,right,ON,9.9,16.35
2026-03-26T14:13:43.294420+00:00,0.574495,1774534423294419712,1130324,1774534423294026496,right,ON,9.3,15.38
2026-03-26T14:13:43.310037+00:00,0.590113,1774534423310037212,1130340,1774534423310060544,right,ON,8.4,13.8
2026-03-26T14:13:43.326273+00:00,0.606349,1774534423326273312,1130356,1774534423326114560,right,ON,6.9,11.43
2026-03-26T14:13:43.341868+00:00,0.621944,1774534423341868412,1130372,1774534423342124544,right,ON,5.6,9.32
2026-03-26T14:13:43.358120+00:00,0.638196,1774534423358120512,1130388,1774534423358157056,right,ON,4.5,7.47
2026-03-26T14:13:43.374547+00:00,0.654623,1774534423374547012,1130404,1774534423374225664,right,ON,4.5,7.47
2026-03-26T14:13:43.390022+00:00,0.670097,1774534423390021812,1130420,1774534423390241280,right,ON,4.4,7.21
2026-03-26T14:13:43.406392+00:00,0.686468,1774534423406392412,1130436,1774534423406287872,right,ON,4.0,6.68
2026-03-26T14:13:43.422786+00:00,0.702861,1774534423422785912,1130452,1774534423422364160,right,ON,3.8,6.24
2026-03-26T14:13:43.438211+00:00,0.718287,1774534423438211412,1130468,1774534423438386432,right,ON,3.5,5.71
2026-03-26T14:13:43.454672+00:00,0.734748,1774534423454672212,1130484,1774534423454444544,right,ON,3.2,5.36
2026-03-26T14:13:43.470079+00:00,0.750154,1774534423470078712,1130500,1774534423470450176,right,ON,3.1,5.1
2026-03-26T14:13:43.486553+00:00,0.766629,1774534423486553112,1130516,1774534423486492672,right,ON,3.0,5.01
2026-03-26T14:13:43.502799+00:00,0.782874,1774534423502798912,1130532,1774534423502550784,right,ON,3.0,4.92
2026-03-26T14:13:43.518337+00:00,0.798412,1774534423518336912,1130548,1774534423518569728,right,ON,3.0,4.92
2026-03-26T14:13:43.534671+00:00,0.814747,1774534423534671212,1130564,1774534423534611968,right,ON,2.9,4.83
2026-03-26T14:13:43.551131+00:00,0.831207,1774534423551131012,1130580,1774534423550684928,right,ON,2.9,4.83
2026-03-26T14:13:43.566535+00:00,0.846610,1774534423566534312,1130596,1774534423566710016,right,ON,2.9,4.83
2026-03-26T14:13:43.583065+00:00,0.863140,1774534423583064812,1130612,1774534423582770688,right,ON,2.9,4.83
2026-03-26T14:13:43.598258+00:00,0.878334,1774534423598258512,1130628,1774534423598771200,right,ON,2.9,4.83
2026-03-26T14:13:43.614730+00:00,0.894806,1774534423614730312,1130644,1774534423614803712,right,ON,3.0,4.92
2026-03-26T14:13:43.631119+00:00,0.911194,1774534423631118812,1130660,1774534423630860032,right,ON,2.9,4.83
2026-03-26T14:13:43.646570+00:00,0.926646,1774534423646570512,1130676,1774534423646876672,right,ON,2.9,4.83
2026-03-26T14:13:43.663202+00:00,0.943277,1774534423663201612,1130692,1774534423662932992,right,ON,2.9,4.83
2026-03-26T14:13:43.679516+00:00,0.959591,1774534423679515712,1130708,1774534423679005952,right,ON,2.9,4.83
2026-03-26T14:13:43.695051+00:00,0.975127,1774534423695051012,1130724,1774534423695045120,right,ON,2.9,4.83
2026-03-26T14:13:43.711198+00:00,0.991274,1774534423711198312,1130740,1774534423711091200,right,ON,2.9,4.83
2026-03-26T14:13:43.726712+00:00,1.006787,1774534423726711612,1130756,1774534423727104768,right,ON,2.9,4.83
2026-03-26T14:13:43.743111+00:00,1.023186,1774534423743110812,1130772,1774534423743138816,right,ON,2.9,4.83
2026-03-26T14:13:43.759681+00:00,1.039757,1774534423759681212,1130788,1774534423759223808,right,ON,3.0,4.92
2026-03-26T14:13:43.775037+00:00,1.055113,1774534423775037212,1130804,1774534423775239168,right,ON,3.0,4.92
2026-03-26T14:13:43.791394+00:00,1.071469,1774534423791393612,1130820,1774534423791288832,right,ON,2.9,4.83
2026-03-26T14:13:43.807814+00:00,1.087890,1774534423807814512,1130836,1774534423807371008,right,ON,2.9,4.83
2026-03-26T14:13:43.823282+00:00,1.103358,1774534423823282312,1130852,1774534423823395328,right,ON,2.9,4.83
2026-03-26T14:13:43.839512+00:00,1.119587,1774534423839511712,1130868,1774534423839456512,right,ON,3.0,4.92
2026-03-26T14:13:43.855092+00:00,1.135167,1774534423855091612,1130884,1774534423855456768,right,ON,3.0,4.92
2026-03-26T14:13:43.871584+00:00,1.151659,1774534423871583712,1130900,1774534423871507200,right,ON,2.9,4.83
2026-03-26T14:13:43.887883+00:00,1.167959,1774534423887883112,1130916,1774534423887579904,right,ON,3.0,4.92
2026-03-26T14:13:43.903474+00:00,1.183549,1774534423903473812,1130932,1774534423903610368,right,ON,3.0,4.92
2026-03-26T14:13:43.919754+00:00,1.199829,1774534423919753512,1130948,1774534423919656704,right,ON,3.0,4.92
2026-03-26T14:13:43.936131+00:00,1.216206,1774534423936130912,1130964,1774534423935736832,right,ON,3.0,4.92
2026-03-26T14:13:43.951556+00:00,1.231632,1774534423951556012,1130980,1774534423951763712,right,ON,3.0,4.92
2026-03-26T14:13:43.967892+00:00,1.247967,1774534423967891912,1130996,1774534423967820288,right,ON,3.0,4.92
2026-03-26T14:13:43.983403+00:00,1.263479,1774534423983403212,1131012,1774534423983821824,right,ON,3.0,4.92
2026-03-26T14:13:43.999815+00:00,1.279891,1774534423999815112,1131028,1774534423999853568,right,ON,3.0,4.92
2026-03-26T14:13:44.016160+00:00,1.296236,1774534424016160012,1131044,1774534424015917312,right,ON,3.0,4.92
2026-03-26T14:13:44.031618+00:00,1.311694,1774534424031618112,1131060,1774534424031926016,right,ON,3.0,4.92
2026-03-26T14:13:44.048014+00:00,1.328090,1774534424048014112,1131076,1774534424047971328,right,ON,3.0,4.92
2026-03-26T14:13:44.064483+00:00,1.344559,1774534424064483212,1131092,1774534424064054784,right,ON,3.0,4.92
2026-03-26T14:13:44.080090+00:00,1.360166,1774534424080090112,1131108,1774534424080095488,right,ON,3.0,4.92
2026-03-26T14:13:44.096144+00:00,1.376220,1774534424096144012,1131124,1774534424096145920,right,ON,2.9,4.83
2026-03-26T14:13:44.111589+00:00,1.391664,1774534424111588712,1131140,1774534424112139264,right,ON,3.0,4.92
2026-03-26T14:13:44.128036+00:00,1.408112,1774534424128036412,1131156,1774534424128170240,right,ON,2.9,4.83
2026-03-26T14:13:44.144418+00:00,1.424493,1774534424144417512,1131172,1774534424144232704,right,ON,3.0,4.92
2026-03-26T14:13:44.159928+00:00,1.440003,1774534424159927712,1131188,1774534424160242944,right,ON,3.0,4.92
2026-03-26T14:13:44.176372+00:00,1.456448,1774534424176372112,1131204,1774534424176289792,right,ON,3.0,4.92
2026-03-26T14:13:44.192873+00:00,1.472949,1774534424192873212,1131220,1774534424192376832,right,ON,3.0,4.92
2026-03-26T14:13:44.208201+00:00,1.488277,1774534424208201212,1131236,1774534424208399872,right,ON,3.0,4.92
2026-03-26T14:13:44.224459+00:00,1.504534,1774534424224458712,1131252,1774534424224446208,right,ON,3.0,4.92
2026-03-26T14:13:44.239921+00:00,1.519996,1774534424239920812,1131268,1774534424240438016,right,ON,3.0,4.92
2026-03-26T14:13:44.256374+00:00,1.536450,1774534424256374112,1131284,1774534424256473344,right,ON,3.0,4.92
2026-03-26T14:13:44.272758+00:00,1.552834,1774534424272758412,1131300,1774534424272538368,right,ON,3.0,4.92
2026-03-26T14:13:44.288235+00:00,1.568311,1774534424288235212,1131316,1774534424288547328,right,ON,3.0,4.92
2026-03-26T14:13:44.304649+00:00,1.584724,1774534424304648912,1131332,1774534424304587776,right,ON,3.0,4.92
2026-03-26T14:13:44.321159+00:00,1.601234,1774534424321158712,1131348,1774534424320670464,right,ON,3.0,4.92
2026-03-26T14:13:44.336397+00:00,1.616473,1774534424336397212,1131364,1774534424336690432,right,ON,3.0,4.92
2026-03-26T14:13:44.352811+00:00,1.632886,1774534424352810712,1131380,1774534424352739584,right,ON,3.0,4.92
2026-03-26T14:13:44.368245+00:00,1.648320,1774534424368244712,1131396,1774534424368738048,right,ON,3.0,4.92
2026-03-26T14:13:44.384830+00:00,1.664906,1774534424384830412,1131412,1774534424384776960,right,ON,3.0,4.92
2026-03-26T14:13:44.401139+00:00,1.681215,1774534424401139512,1131428,1774534424400844032,right,ON,3.0,4.92
2026-03-26T14:13:44.416590+00:00,1.696665,1774534424416589712,1131444,1774534424416857088,right,ON,3.0,4.92
2026-03-26T14:13:44.432971+00:00,1.713046,1774534424432970912,1131460,1774534424432901376,right,ON,3.0,5.01
2026-03-26T14:13:44.449430+00:00,1.729506,1774534424449430112,1131476,1774534424448982272,right,ON,3.0,4.92
2026-03-26T14:13:44.464826+00:00,1.744902,1774534424464826112,1131492,1774534424465004800,right,ON,3.0,4.92
2026-03-26T14:13:44.481100+00:00,1.761175,1774534424481099912,1131508,1774534424481054464,right,ON,3.0,4.92
2026-03-26T14:13:44.496580+00:00,1.776656,1774534424496580012,1131524,1774534424497050368,right,ON,3.0,4.92
2026-03-26T14:13:44.513013+00:00,1.793089,1774534424513013012,1131540,1774534424513083904,right,ON,3.0,4.92
2026-03-26T14:13:44.529432+00:00,1.809507,1774534424529431612,1131556,1774534424529147392,right,ON,3.0,4.92
2026-03-26T14:13:44.544852+00:00,1.824928,1774534424544852212,1131572,1774534424545156864,right,ON,3.0,4.92
2026-03-26T14:13:44.561358+00:00,1.841433,1774534424561357712,1131588,1774534424561204480,right,ON,3.0,4.92
2026-03-26T14:13:44.577752+00:00,1.857827,1774534424577751512,1131604,1774534424577286144,right,ON,3.0,4.92
2026-03-26T14:13:44.593898+00:00,1.873973,1774534424593897812,1131620,1774534424593354496,right,ON,3.0,4.92
2026-03-26T14:13:44.609424+00:00,1.889499,1774534424609423812,1131636,1774534424609405696,right,ON,3.0,4.92
2026-03-26T14:13:44.625211+00:00,1.905286,1774534424625210612,1131652,1774534424625415168,right,ON,3.0,4.92
2026-03-26T14:13:44.641364+00:00,1.921439,1774534424641363712,1131668,1774534424641444608,right,ON,3.0,4.92
2026-03-26T14:13:44.657758+00:00,1.937833,1774534424657757712,1131684,1774534424657506304,right,ON,3.0,4.92
2026-03-26T14:13:44.673235+00:00,1.953311,1774534424673235212,1131700,1774534424673515264,right,ON,3.0,4.92
2026-03-26T14:13:44.689631+00:00,1.969707,1774534424689631012,1131716,1774534424689564160,right,ON,3.0,4.92
2026-03-26T14:13:44.706025+00:00,1.986101,1774534424706025312,1131732,1774534424705643776,right,ON,3.0,4.92
2026-03-26T14:13:44.721513+00:00,2.001588,1774534424721512912,1131748,1774534424721673472,right,ON,3.0,4.92
2026-03-26T14:13:44.737818+00:00,2.017894,1774534424737818212,1131764,1774534424737723136,right,ON,3.0,4.92
2026-03-26T14:13:44.753190+00:00,2.033266,1774534424753190012,1131780,1774534424753715712,right,ON,3.0,4.92
2026-03-26T14:13:44.769603+00:00,2.049679,1774534424769603712,1131796,1774534424769742080,right,ON,3.0,4.92
2026-03-26T14:13:44.786082+00:00,2.066157,1774534424786081912,1131812,1774534424785811712,right,ON,3.0,5.01
2026-03-26T14:13:44.801475+00:00,2.081550,1774534424801474812,1131828,1774534424801820928,right,ON,3.0,4.92
2026-03-26T14:13:44.818306+00:00,2.098382,1774534424818306212,1131844,1774534424817888512,right,ON,3.0,4.92
2026-03-26T14:13:44.834405+00:00,2.114480,1774534424834404912,1131860,1774534424833971456,right,ON,3.0,5.01
2026-03-26T14:13:44.849804+00:00,2.129879,1774534424849803712,1131876,1774534424849996800,right,ON,3.0,4.92
2026-03-26T14:13:44.866282+00:00,2.146358,1774534424866282112,1131892,1774534424866055168,right,ON,3.0,4.92
2026-03-26T14:13:44.881484+00:00,2.161560,1774534424881484012,1131908,1774534424882047488,right,ON,3.0,4.92
2026-03-26T14:13:44.898077+00:00,2.178152,1774534424898076712,1131924,1774534424898087936,right,ON,3.0,5.01
2026-03-26T14:13:44.914540+00:00,2.194615,1774534424914539812,1131940,1774534424914162688,right,ON,3.0,4.92
2026-03-26T14:13:44.929970+00:00,2.210046,1774534424929970112,1131956,1774534424930185472,right,ON,3.0,5.01
2026-03-26T14:13:44.946688+00:00,2.226764,1774534424946688412,1131972,1774534424946257664,right,ON,3.0,4.92
2026-03-26T14:13:44.962885+00:00,2.242961,1774534424962885112,1131988,1774534424962349568,right,ON,3.0,5.01
2026-03-26T14:13:44.978005+00:00,2.258081,1774534424978005412,1132004,1774534424978365696,right,ON,3.0,4.92
2026-03-26T14:13:44.994480+00:00,2.274555,1774534424994479712,1132020,1774534424994417664,right,ON,3.0,4.92
2026-03-26T14:13:45.009911+00:00,2.289987,1774534425009911212,1132036,1774534425010415872,right,ON,3.0,4.92
2026-03-26T14:13:45.028062+00:00,2.308137,1774534425028061812,1132052,1774534425026554624,right,ON,3.0,5.01
2026-03-26T14:13:45.042902+00:00,2.322977,1774534425042901812,1132068,1774534425042627072,right,ON,3.0,4.92
2026-03-26T14:13:45.058677+00:00,2.338752,1774534425058676812,1132084,1774534425058665216,right,ON,3.0,5.01
2026-03-26T14:13:45.074841+00:00,2.354917,1774534425074841712,1132100,1774534425074721536,right,ON,3.0,4.92
2026-03-26T14:13:45.091081+00:00,2.371157,1774534425091081212,1132116,1774534425090802688,right,ON,3.0,4.92
2026-03-26T14:13:45.106327+00:00,2.386403,1774534425106327312,1132132,1774534425106821888,right,ON,3.0,5.01
2026-03-26T14:13:45.122825+00:00,2.402901,1774534425122825012,1132148,1774534425122869760,right,ON,3.0,4.92
2026-03-26T14:13:45.138172+00:00,2.418247,1774534425138171712,1132164,1774534425138856704,right,ON,3.0,5.01
2026-03-26T14:13:45.154655+00:00,2.434731,1774534425154655612,1132180,1774534425154883584,right,ON,3.0,5.01
2026-03-26T14:13:45.171187+00:00,2.451263,1774534425171187312,1132196,1774534425170950912,right,ON,3.0,5.01
2026-03-26T14:13:45.186560+00:00,2.466636,1774534425186560312,1132212,1774534425186960896,right,ON,3.0,5.01
2026-03-26T14:13:45.203228+00:00,2.483303,1774534425203227812,1132228,1774534425203021312,right,ON,3.0,5.01
2026-03-26T14:13:45.219401+00:00,2.499477,1774534425219401312,1132244,1774534425219104000,right,ON,3.0,5.01
2026-03-26T14:13:45.234719+00:00,2.514795,1774534425234719312,1132260,1774534425235120640,right,ON,3.0,5.01
2026-03-26T14:13:45.251405+00:00,2.531481,1774534425251405212,1132276,1774534425251183360,right,ON,3.1,5.1
2026-03-26T14:13:45.267863+00:00,2.547938,1774534425267862612,1132292,1774534425267252736,right,ON,3.1,5.1
2026-03-26T14:13:45.283071+00:00,2.563146,1774534425283070612,1132308,1774534425283282688,right,ON,3.1,5.19
2026-03-26T14:13:45.300036+00:00,2.580111,1774534425300035812,1132324,1774534425299379456,right,ON,3.4,5.54
2026-03-26T14:13:45.314780+00:00,2.594856,1774534425314780212,1132340,1774534425315378432,right,ON,3.9,6.42
2026-03-26T14:13:45.331321+00:00,2.611397,1774534425331321212,1132356,1774534425331419904,right,ON,4.2,6.94
2026-03-26T14:13:45.347760+00:00,2.627835,1774534425347759512,1132372,1774534425347500032,right,ON,4.4,7.21
2026-03-26T14:13:45.363076+00:00,2.643152,1774534425363076312,1132388,1774534425363511040,right,ON,5.3,8.79
2026-03-26T14:13:45.379630+00:00,2.659706,1774534425379630012,1132404,1774534425379564800,right,ON,7.8,12.83
2026-03-26T14:13:45.394997+00:00,2.675072,1774534425394996612,1132420,1774534425395558144,right,ON,10.0,16.52
2026-03-26T14:13:45.411392+00:00,2.691467,1774534425411391812,1132436,1774534425411589888,right,ON,13.0,21.01
2026-03-26T14:13:45.427704+00:00,2.707779,1774534425427703812,1132452,1774534425427646976,right,ON,16.4,26.02
2026-03-26T14:13:45.443119+00:00,2.723194,1774534425443118912,1132468,1774534425443647232,right,ON,19.6,30.76
2026-03-26T14:13:45.459572+00:00,2.739647,1774534425459571912,1132484,1774534425459683072,right,ON,23.0,35.77
2026-03-26T14:13:45.475981+00:00,2.756057,1774534425475981412,1132500,1774534425475755008,right,ON,25.8,40.08
2026-03-26T14:13:45.492426+00:00,2.772501,1774534425492425812,1132516,1774534425491831552,right,ON,28.1,43.51
2026-03-26T14:13:45.507947+00:00,2.788023,1774534425507947112,1132532,1774534425507881984,right,ON,30.7,47.2
2026-03-26T14:13:45.523851+00:00,2.803927,1774534425523851212,1132548,1774534425523906048,right,ON,33.6,50.63
2026-03-26T14:13:45.539693+00:00,2.819768,1774534425539692912,1132564,1774534425539929344,right,ON,36.4,54.05
2026-03-26T14:13:45.556012+00:00,2.836088,1774534425556012412,1132580,1774534425555981568,right,ON,38.3,56.25
2026-03-26T14:13:45.571449+00:00,2.851525,1774534425571449312,1132596,1774534425571977728,right,ON,39.1,57.22
2026-03-26T14:13:45.587953+00:00,2.868029,1774534425587953312,1132612,1774534425588016384,right,ON,39.7,57.92
2026-03-26T14:13:45.604318+00:00,2.884394,1774534425604318212,1132628,1774534425604085760,right,ON,40.9,59.33
2026-03-26T14:13:45.619804+00:00,2.899879,1774534425619803612,1132644,1774534425620125184,right,ON,42.2,61.0
2026-03-26T14:13:45.636096+00:00,2.916172,1774534425636096412,1132660,1774534425636164352,right,ON,44.2,63.46
2026-03-26T14:13:45.651507+00:00,2.931583,1774534425651507012,1132676,1774534425652157184,right,ON,46.3,66.09
2026-03-26T14:13:45.668096+00:00,2.948171,1774534425668095612,1132692,1774534425668187648,right,ON,48.2,68.47
2026-03-26T14:13:45.684579+00:00,2.964654,1774534425684578812,1132708,1774534425684255744,right,ON,49.4,69.96
2026-03-26T14:13:45.700254+00:00,2.980330,1774534425700254412,1132724,1774534425700283648,right,ON,50.3,71.02
2026-03-26T14:13:45.716361+00:00,2.996437,1774534425716361012,1132740,1774534425716326144,right,ON,51.4,72.6
2026-03-26T14:13:45.732626+00:00,3.012702,1774534425732626412,1132756,1774534425732393216,right,ON,52.8,74.36
2026-03-26T14:13:45.748039+00:00,3.028115,1774534425748039312,1132772,1774534425748404480,right,ON,53.6,75.41
2026-03-26T14:13:45.764528+00:00,3.044604,1774534425764528312,1132788,1774534425764451840,right,ON,54.2,76.29
2026-03-26T14:13:45.779922+00:00,3.059998,1774534425779922512,1132804,1774534425780438272,right,ON,55.1,77.52
2026-03-26T14:13:45.796382+00:00,3.076458,1774534425796382312,1132820,1774534425796462080,right,ON,56.6,79.45
2026-03-26T14:13:45.812815+00:00,3.092891,1774534425812815312,1132836,1774534425812523264,right,ON,58.2,81.56
2026-03-26T14:13:45.828296+00:00,3.108372,1774534425828296412,1132852,1774534425828529920,right,ON,59.3,83.06
2026-03-26T14:13:45.844578+00:00,3.124654,1774534425844578212,1132868,1774534425844575488,right,ON,60.2,84.37
2026-03-26T14:13:45.860994+00:00,3.141070,1774534425860994212,1132884,1774534425860646400,right,ON,60.5,84.81
2026-03-26T14:13:45.876400+00:00,3.156476,1774534425876400012,1132900,1774534425876658176,right,ON,60.6,84.9
2026-03-26T14:13:45.892894+00:00,3.172970,1774534425892894112,1132916,1774534425892711936,right,ON,60.9,85.43
2026-03-26T14:13:45.908428+00:00,3.188504,1774534425908428412,1132932,1774534425908708096,right,ON,61.8,86.84
2026-03-26T14:13:45.924906+00:00,3.204982,1774534425924906412,1132948,1774534425924747776,right,ON,62.9,88.51
2026-03-26T14:13:45.941029+00:00,3.221104,1774534425941028812,1132964,1774534425940805376,right,ON,63.6,89.65
2026-03-26T14:13:45.956606+00:00,3.236681,1774534425956605612,1132980,1774534425956815872,right,ON,63.8,90.0
2026-03-26T14:13:45.972933+00:00,3.253008,1774534425972932712,1132996,1774534425972864768,right,ON,63.9,90.09
2026-03-26T14:13:45.989383+00:00,3.269459,1774534425989383012,1133012,1774534425988944128,right,ON,63.9,90.18
2026-03-26T14:13:46.004800+00:00,3.284875,1774534426004799812,1133028,1774534426004956672,right,ON,64.2,90.53
2026-03-26T14:13:46.021269+00:00,3.301344,1774534426021268912,1133044,1774534426021008896,right,ON,64.6,91.23
2026-03-26T14:13:46.036623+00:00,3.316698,1774534426036622712,1133060,1774534426036999680,right,ON,65.4,92.55
2026-03-26T14:13:46.052960+00:00,3.333036,1774534426052960112,1133076,1774534426053074432,right,ON,67.0,94.92
2026-03-26T14:13:46.069456+00:00,3.349532,1774534426069456412,1133092,1774534426069142016,right,ON,67.1,95.19
2026-03-26T14:13:46.084851+00:00,3.364926,1774534426084850812,1133108,1774534426085161728,right,ON,67.2,95.27
2026-03-26T14:13:46.101348+00:00,3.381423,1774534426101347712,1133124,1774534426101214208,right,ON,67.3,95.45
2026-03-26T14:13:46.117606+00:00,3.397681,1774534426117605712,1133140,1774534426117285888,right,ON,67.2,95.36
2026-03-26T14:13:46.133077+00:00,3.413152,1774534426133076712,1133156,1774534426133298176,right,ON,67.3,95.45
2026-03-26T14:13:46.149473+00:00,3.429549,1774534426149473112,1133172,1774534426149346304,right,ON,67.4,95.62
2026-03-26T14:13:46.164901+00:00,3.444976,1774534426164900812,1133188,1774534426165335040,right,ON,67.6,95.89
2026-03-26T14:13:46.181328+00:00,3.461404,1774534426181328012,1133204,1774534426181361408,right,ON,67.9,96.33
2026-03-26T14:13:46.197823+00:00,3.477898,1774534426197822612,1133220,1774534426197430528,right,ON,67.9,96.42
2026-03-26T14:13:46.213060+00:00,3.493135,1774534426213059512,1133236,1774534426213429760,right,ON,68.0,96.5
2026-03-26T14:13:46.229533+00:00,3.509609,1774534426229533012,1133252,1774534426229475072,right,ON,68.0,96.5
2026-03-26T14:13:46.245957+00:00,3.526033,1774534426245957412,1133268,1774534426245548288,right,ON,68.1,96.68
2026-03-26T14:13:46.261419+00:00,3.541495,1774534426261419212,1133284,1774534426261563904,right,ON,68.2,96.86
2026-03-26T14:13:46.277842+00:00,3.557918,1774534426277842112,1133300,1774534426277622784,right,ON,68.4,97.12
2026-03-26T14:13:46.293415+00:00,3.573491,1774534426293415512,1133316,1774534426293666560,right,ON,68.6,97.47
2026-03-26T14:13:46.309543+00:00,3.589619,1774534426309543312,1133332,1774534426309690624,right,ON,68.7,97.73
2026-03-26T14:13:46.326028+00:00,3.606104,1774534426326028012,1133348,1774534426325771264,right,ON,68.9,98.0
2026-03-26T14:13:46.341433+00:00,3.621508,1774534426341432512,1133364,1774534426341773312,right,ON,69.0,98.17
2026-03-26T14:13:46.357907+00:00,3.637982,1774534426357906612,1133380,1774534426357817600,right,ON,69.1,98.26
2026-03-26T14:13:46.374398+00:00,3.654474,1774534426374398212,1133396,1774534426373901824,right,ON,69.1,98.35
2026-03-26T14:13:46.389798+00:00,3.669874,1774534426389798412,1133412,1774534426389924096,right,ON,69.1,98.35
2026-03-26T14:13:46.406224+00:00,3.686299,1774534426406223712,1133428,1774534426405985792,right,ON,69.1,98.35
2026-03-26T14:13:46.421453+00:00,3.701528,1774534426421452612,1133444,1774534426421976576,right,ON,69.1,98.35
2026-03-26T14:13:46.437940+00:00,3.718015,1774534426437939912,1133460,1774534426438006272,right,ON,69.1,98.35
2026-03-26T14:13:46.454427+00:00,3.734503,1774534426454427412,1133476,1774534426454071808,right,ON,69.2,98.44
2026-03-26T14:13:46.469874+00:00,3.749950,1774534426469874412,1133492,1774534426470081536,right,ON,69.1,98.35
2026-03-26T14:13:46.486301+00:00,3.766377,1774534426486301312,1133508,1774534426486127104,right,ON,69.1,98.26
2026-03-26T14:13:46.502760+00:00,3.782836,1774534426502760312,1133524,1774534426502209792,right,ON,69.0,98.09
2026-03-26T14:13:46.517947+00:00,3.798023,1774534426517947412,1133540,1774534426518252544,right,ON,68.8,97.82
2026-03-26T14:13:46.534446+00:00,3.814521,1774534426534445512,1133556,1774534426534308864,right,ON,68.4,97.12
2026-03-26T14:13:46.549875+00:00,3.829950,1774534426549874512,1133572,1774534426550323456,right,ON,67.8,96.24
2026-03-26T14:13:46.566332+00:00,3.846407,1774534426566331812,1133588,1774534426566358016,right,ON,67.0,95.01
2026-03-26T14:13:46.582787+00:00,3.862863,1774534426582787012,1133604,1774534426582426880,right,ON,66.5,94.22
2026-03-26T14:13:46.598212+00:00,3.878288,1774534426598212212,1133620,1774534426598438912,right,ON,65.7,92.99
2026-03-26T14:13:46.614509+00:00,3.894584,1774534426614508812,1133636,1774534426614480640,right,ON,64.1,90.44
2026-03-26T14:13:46.630894+00:00,3.910970,1774534426630894312,1133652,1774534426630553856,right,ON,61.6,86.48
2026-03-26T14:13:46.646384+00:00,3.926460,1774534426646384212,1133668,1774534426646576128,right,ON,58.4,81.91
2026-03-26T14:13:46.663035+00:00,3.943110,1774534426663034612,1133684,1774534426662643456,right,ON,58.4,81.91
2026-03-26T14:13:46.678251+00:00,3.958326,1774534426678250812,1133700,1774534426678640128,right,ON,58.0,81.3
2026-03-26T14:13:46.694561+00:00,3.974636,1774534426694560612,1133716,1774534426694670336,right,ON,57.8,81.04
2026-03-26T14:13:46.710912+00:00,3.990988,1774534426710912512,1133732,1774534426710733568,right,ON,57.6,80.77
2026-03-26T14:13:46.726421+00:00,4.006497,1774534426726421312,1133748,1774534426726753280,right,ON,57.4,80.51
2026-03-26T14:13:46.742797+00:00,4.022872,1774534426742796512,1133764,1774534426742796288,right,ON,57.3,80.42
2026-03-26T14:13:46.759338+00:00,4.039414,1774534426759338112,1133780,1774534426758876928,right,ON,57.0,80.07
2026-03-26T14:13:46.774746+00:00,4.054821,1774534426774745912,1133796,1774534426774899200,right,ON,56.8,79.8
2026-03-26T14:13:46.791157+00:00,4.071233,1774534426791157512,1133812,1774534426790957824,right,ON,56.7,79.63
2026-03-26T14:13:46.806412+00:00,4.086488,1774534426806412212,1133828,1774534426806948352,right,ON,56.2,78.93
2026-03-26T14:13:46.822921+00:00,4.102997,1774534426822921112,1133844,1774534426822980864,right,ON,56.0,78.66
2026-03-26T14:13:46.839376+00:00,4.119452,1774534426839376212,1133860,1774534426839050752,right,ON,55.7,78.31
2026-03-26T14:13:46.854791+00:00,4.134867,1774534426854791512,1133876,1774534426855065344,right,ON,55.7,78.22
2026-03-26T14:13:46.871270+00:00,4.151346,1774534426871270012,1133892,1774534426871114240,right,ON,55.6,78.13
2026-03-26T14:13:46.887628+00:00,4.167704,1774534426887628112,1133908,1774534426887194112,right,ON,55.5,77.96
2026-03-26T14:13:46.902948+00:00,4.183023,1774534426902947712,1133924,1774534426903209984,right,ON,55.4,77.87
2026-03-26T14:13:46.919333+00:00,4.199409,1774534426919333312,1133940,1774534426919260928,right,ON,55.3,77.7
2026-03-26T14:13:46.934799+00:00,4.214875,1774534426934799212,1133956,1774534426935261696,right,ON,55.2,77.61
2026-03-26T14:13:46.951205+00:00,4.231281,1774534426951205112,1133972,1774534426951298560,right,ON,55.0,77.34
2026-03-26T14:13:46.967763+00:00,4.247839,1774534426967763112,1133988,1774534426967369984,right,ON,55.0,77.34
2026-03-26T14:13:46.983104+00:00,4.263180,1774534426983104112,1134004,1774534426983383808,right,ON,54.9,77.17
2026-03-26T14:13:46.999625+00:00,4.279701,1774534426999625212,1134020,1774534426999436288,right,ON,54.8,77.08
2026-03-26T14:13:47.015849+00:00,4.295925,1774534427015849312,1134036,1774534427015512832,right,ON,54.7,76.99
2026-03-26T14:13:47.031379+00:00,4.311455,1774534427031379512,1134052,1774534427031538688,right,ON,54.7,76.99
2026-03-26T14:13:47.047687+00:00,4.327762,1774534427047686912,1134068,1774534427047594240,right,ON,54.6,76.82
2026-03-26T14:13:47.063128+00:00,4.343203,1774534427063127812,1134084,1774534427063591936,right,ON,54.6,76.82
2026-03-26T14:13:47.079659+00:00,4.359734,1774534427079658712,1134100,1774534427079629056,right,ON,54.5,76.73
2026-03-26T14:13:47.096072+00:00,4.376148,1774534427096072112,1134116,1774534427095703040,right,ON,54.5,76.73
2026-03-26T14:13:47.111375+00:00,4.391451,1774534427111375012,1134132,1774534427111712000,right,ON,54.5,76.64
2026-03-26T14:13:47.127923+00:00,4.407998,1774534427127922512,1134148,1774534427127765760,right,ON,54.5,76.64
2026-03-26T14:13:47.144244+00:00,4.424319,1774534427144243612,1134164,1774534427143843840,right,ON,54.5,76.64
2026-03-26T14:13:47.159777+00:00,4.439853,1774534427159777312,1134180,1774534427159873024,right,ON,54.5,76.64
2026-03-26T14:13:47.176137+00:00,4.456213,1774534427176137212,1134196,1774534427175932672,right,ON,54.5,76.64
2026-03-26T14:13:47.191500+00:00,4.471576,1774534427191500612,1134212,1774534427191931904,right,ON,54.4,76.55
2026-03-26T14:13:47.208196+00:00,4.488271,1774534427208195512,1134228,1774534427207982848,right,ON,54.3,76.46
2026-03-26T14:13:47.224315+00:00,4.504390,1774534427224314912,1134244,1774534427224052480,right,ON,54.3,76.38
2026-03-26T14:13:47.239878+00:00,4.519953,1774534427239877512,1134260,1774534427240067840,right,ON,54.3,76.38
2026-03-26T14:13:47.256111+00:00,4.536187,1774534427256111312,1134276,1774534427256108544,right,ON,54.3,76.38
2026-03-26T14:13:47.272627+00:00,4.552703,1774534427272627112,1134292,1774534427272190208,right,ON,54.3,76.38
2026-03-26T14:13:47.288159+00:00,4.568234,1774534427288158612,1134308,1774534427288222464,right,ON,54.2,76.29
2026-03-26T14:13:47.304461+00:00,4.584536,1774534427304460912,1134324,1774534427304282368,right,ON,54.2,76.29
2026-03-26T14:13:47.319703+00:00,4.599779,1774534427319703212,1134340,1774534427320279040,right,ON,54.1,76.2
2026-03-26T14:13:47.336225+00:00,4.616300,1774534427336224612,1134356,1774534427336308224,right,ON,54.1,76.2
2026-03-26T14:13:47.352704+00:00,4.632779,1774534427352703412,1134372,1774534427352378112,right,ON,54.1,76.11
2026-03-26T14:13:47.368268+00:00,4.648343,1774534427368267412,1134388,1774534427368398592,right,ON,54.1,76.11
2026-03-26T14:13:47.384578+00:00,4.664653,1774534427384577512,1134404,1774534427384448768,right,ON,54.1,76.11
2026-03-26T14:13:47.401022+00:00,4.681097,1774534427401021912,1134420,1774534427400537600,right,ON,54.0,76.03
2026-03-26T14:13:47.416353+00:00,4.696428,1774534427416352812,1134436,1774534427416563200,right,ON,54.0,76.03
2026-03-26T14:13:47.432745+00:00,4.712820,1774534427432744812,1134452,1774534427432622336,right,ON,53.9,75.85
2026-03-26T14:13:47.448254+00:00,4.728329,1774534427448253812,1134468,1774534427448623616,right,ON,53.9,75.85
2026-03-26T14:13:47.465040+00:00,4.745115,1774534427465039612,1134484,1774534427464684288,right,ON,53.7,75.67
2026-03-26T14:13:47.481055+00:00,4.761130,1774534427481054912,1134500,1774534427480756480,right,ON,53.7,75.59
2026-03-26T14:13:47.496468+00:00,4.776543,1774534427496467812,1134516,1774534427496771584,right,ON,53.6,75.5
2026-03-26T14:13:47.512707+00:00,4.792783,1774534427512707312,1134532,1774534427512811264,right,ON,53.6,75.5
2026-03-26T14:13:47.529175+00:00,4.809250,1774534427529174412,1134548,1774534427528890112,right,ON,53.6,75.5
2026-03-26T14:13:47.544626+00:00,4.824702,1774534427544626212,1134564,1774534427544906752,right,ON,53.6,75.41
2026-03-26T14:13:47.561076+00:00,4.841152,1774534427561076112,1134580,1774534427560962304,right,ON,53.6,75.5
2026-03-26T14:13:47.576536+00:00,4.856612,1774534427576536212,1134596,1774534427576963840,right,ON,53.6,75.41
2026-03-26T14:13:47.593096+00:00,4.873171,1774534427593095412,1134612,1774534427593009408,right,ON,53.6,75.41
2026-03-26T14:13:47.609409+00:00,4.889484,1774534427609408612,1134628,1774534427609084416,right,ON,53.6,75.41
2026-03-26T14:13:47.624727+00:00,4.904802,1774534427624726612,1134644,1774534427625096192,right,ON,53.6,75.41
2026-03-26T14:13:47.641143+00:00,4.921218,1774534427641142812,1134660,1774534427641138944,right,ON,53.6,75.41
2026-03-26T14:13:47.657524+00:00,4.937600,1774534427657524212,1134676,1774534427657213184,right,ON,53.6,75.41
2026-03-26T14:13:47.675362+00:00,4.955438,1774534427675362312,1134692,1774534427673380096,right,ON,53.6,75.41
2026-03-26T14:13:47.689424+00:00,4.969500,1774534427689424412,1134708,1774534427689441536,right,ON,53.6,75.41
2026-03-26T14:13:47.704912+00:00,4.984988,1774534427704912512,1134724,1774534427705443840,right,ON,53.6,75.41
2026-03-26T14:13:47.721345+00:00,5.001421,1774534427721345512,1134740,1774534427721478656,right,ON,53.6,75.41
2026-03-26T14:13:47.737701+00:00,5.017777,1774534427737701212,1134756,1774534427737542144,right,ON,53.6,75.41
2026-03-26T14:13:47.753662+00:00,5.033737,1774534427753661912,1134772,1774534427753583872,right,ON,53.6,75.41
2026-03-26T14:13:47.769429+00:00,5.049504,1774534427769428612,1134788,1774534427769618176,right,ON,53.6,75.41
2026-03-26T14:13:47.785842+00:00,5.065917,1774534427785841612,1134804,1774534427785690880,right,ON,53.6,75.41
2026-03-26T14:13:47.801378+00:00,5.081453,1774534427801377612,1134820,1774534427801713408,right,ON,53.6,75.41
2026-03-26T14:13:47.817683+00:00,5.097759,1774534427817683312,1134836,1774534427817763328,right,ON,53.6,75.41
2026-03-26T14:13:47.833261+00:00,5.113336,1774534427833260512,1134852,1774534427833760768,right,ON,53.6,75.41
2026-03-26T14:13:47.849678+00:00,5.129753,1774534427849677812,1134868,1774534427849795072,right,ON,53.6,75.41
2026-03-26T14:13:47.866028+00:00,5.146103,1774534427866027712,1134884,1774534427865861376,right,ON,53.6,75.41
2026-03-26T14:13:47.881544+00:00,5.161620,1774534427881544312,1134900,1774534427881875968,right,ON,53.6,75.41
2026-03-26T14:13:47.899241+00:00,5.179317,1774534427899241212,1134916,1774534427898005248,right,ON,53.5,75.32
2026-03-26T14:13:47.914112+00:00,5.194187,1774534427914111912,1134932,1774534427914071040,right,ON,53.6,75.41
2026-03-26T14:13:47.929582+00:00,5.209658,1774534427929582312,1134948,1774534427930079488,right,ON,53.6,75.41
2026-03-26T14:13:47.945985+00:00,5.226060,1774534427945984612,1134964,1774534427946120704,right,ON,53.6,75.41
2026-03-26T14:13:47.961415+00:00,5.241491,1774534427961415212,1134980,1774534427962106880,right,ON,53.6,75.41
2026-03-26T14:13:47.977886+00:00,5.257961,1774534427977885912,1134996,1774534427978130688,right,ON,53.6,75.41
2026-03-26T14:13:47.994299+00:00,5.274375,1774534427994299112,1135012,1774534427994192896,right,ON,53.6,75.41
2026-03-26T14:13:48.009727+00:00,5.289802,1774534428009726812,1135028,1774534428010196224,right,ON,53.6,75.41
2026-03-26T14:13:48.026113+00:00,5.306189,1774534428026113312,1135044,1774534428026235648,right,ON,53.6,75.41
2026-03-26T14:13:48.042590+00:00,5.322665,1774534428042589912,1135060,1774534428042307584,right,ON,53.6,75.41
2026-03-26T14:13:48.058018+00:00,5.338093,1774534428058017912,1135076,1774534428058326016,right,ON,53.6,75.41
2026-03-26T14:13:48.074327+00:00,5.354403,1774534428074327012,1135092,1774534428074369024,right,ON,53.6,75.41
2026-03-26T14:13:48.089722+00:00,5.369798,1774534428089722012,1135108,1774534428090353920,right,ON,53.6,75.41
2026-03-26T14:13:48.107308+00:00,5.387384,1774534428107308212,1135124,1774534428106448384,right,ON,53.6,75.41
2026-03-26T14:13:48.122572+00:00,5.402648,1774534428122572012,1135140,1774534428122505472,right,ON,53.6,75.41
2026-03-26T14:13:48.138075+00:00,5.418150,1774534428138074712,1135156,1774534428138506752,right,ON,53.6,75.41
2026-03-26T14:13:48.154456+00:00,5.434532,1774534428154456212,1135172,1774534428154544896,right,ON,53.6,75.41
2026-03-26T14:13:48.170871+00:00,5.450947,1774534428170871212,1135188,1774534428170614528,right,ON,53.6,75.41
2026-03-26T14:13:48.186346+00:00,5.466421,1774534428186345512,1135204,1774534428186633728,right,ON,53.6,75.41
2026-03-26T14:13:48.202734+00:00,5.482810,1774534428202734412,1135220,1774534428202684160,right,ON,53.6,75.41
2026-03-26T14:13:48.218190+00:00,5.498266,1774534428218190312,1135236,1774534428218678016,right,ON,53.6,75.41
2026-03-26T14:13:48.234494+00:00,5.514569,1774534428234493612,1135252,1774534428234707968,right,ON,53.6,75.41
2026-03-26T14:13:48.250872+00:00,5.530948,1774534428250872112,1135268,1774534428250761728,right,ON,53.6,75.41
2026-03-26T14:13:48.266364+00:00,5.546440,1774534428266364212,1135284,1774534428266766848,right,ON,53.6,75.41
2026-03-26T14:13:48.282716+00:00,5.562792,1774534428282716112,1135300,1774534428282797056,right,ON,53.6,75.41
2026-03-26T14:13:48.299239+00:00,5.579315,1774534428299239112,1135316,1774534428298871808,right,ON,53.6,75.41
2026-03-26T14:13:48.314634+00:00,5.594710,1774534428314634312,1135332,1774534428314891008,right,ON,53.6,75.41
2026-03-26T14:13:48.331049+00:00,5.611125,1774534428331049012,1135348,1774534428330941696,right,ON,53.6,75.41
2026-03-26T14:13:48.347712+00:00,5.627787,1774534428347711412,1135364,1774534428347004928,right,ON,53.6,75.41
2026-03-26T14:13:48.362935+00:00,5.643010,1774534428362934912,1135380,1774534428363031808,right,ON,53.6,75.41
2026-03-26T14:13:48.379173+00:00,5.659248,1774534428379172712,1135396,1774534428379084032,right,ON,53.6,75.41
2026-03-26T14:13:48.394633+00:00,5.674709,1774534428394633012,1135412,1774534428395086080,right,ON,53.6,75.41
2026-03-26T14:13:48.411057+00:00,5.691133,1774534428411057212,1135428,1774534428411120384,right,ON,53.6,75.41
2026-03-26T14:13:48.427539+00:00,5.707615,1774534428427539512,1135444,1774534428427194368,right,ON,53.6,75.5
2026-03-26T14:13:48.442958+00:00,5.723033,1774534428442957512,1135460,1774534428443208192,right,ON,53.6,75.41
2026-03-26T14:13:48.459361+00:00,5.739436,1774534428459360812,1135476,1774534428459255296,right,ON,53.6,75.41
2026-03-26T14:13:48.474881+00:00,5.754957,1774534428474881212,1135492,1774534428475254272,right,ON,53.6,75.41
2026-03-26T14:13:48.491070+00:00,5.771145,1774534428491069612,1135508,1774534428491285248,right,ON,53.6,75.41
2026-03-26T14:13:48.507499+00:00,5.787574,1774534428507498812,1135524,1774534428507339776,right,ON,53.6,75.41
2026-03-26T14:13:48.522895+00:00,5.802970,1774534428522894812,1135540,1774534428523335680,right,ON,53.6,75.41
2026-03-26T14:13:48.539414+00:00,5.819489,1774534428539413912,1135556,1774534428539367424,right,ON,53.6,75.41
2026-03-26T14:13:48.555822+00:00,5.835898,1774534428555822012,1135572,1774534428555434496,right,ON,53.6,75.41
2026-03-26T14:13:48.571920+00:00,5.851995,1774534428571919512,1135588,1774534428571486976,right,ON,53.6,75.41
2026-03-26T14:13:48.587686+00:00,5.867762,1774534428587686512,1135604,1774534428587534336,right,ON,53.6,75.41
2026-03-26T14:13:48.603016+00:00,5.883092,1774534428603016112,1135620,1774534428603520000,right,ON,53.6,75.41
2026-03-26T14:13:48.619444+00:00,5.899519,1774534428619443912,1135636,1774534428619545600,right,ON,53.6,75.41
2026-03-26T14:13:48.635924+00:00,5.916000,1774534428635924112,1135652,1774534428635607040,right,ON,53.6,75.41
2026-03-26T14:13:48.651264+00:00,5.931340,1774534428651264512,1135668,1774534428651603456,right,ON,53.6,75.41
2026-03-26T14:13:48.667832+00:00,5.947908,1774534428667832112,1135684,1774534428667643904,right,ON,53.5,75.32
2026-03-26T14:13:48.684352+00:00,5.964428,1774534428684352012,1135700,1774534428683723776,right,ON,53.6,75.41
2026-03-26T14:13:48.699643+00:00,5.979718,1774534428699642812,1135716,1774534428699813888,right,ON,53.6,75.41
2026-03-26T14:13:48.716433+00:00,5.996509,1774534428716433212,1135732,1774534428715891200,right,ON,53.6,75.41
2026-03-26T14:13:48.731355+00:00,6.011430,1774534428731354612,1135748,1774534428731882752,right,ON,53.6,75.41
2026-03-26T14:13:48.747788+00:00,6.027864,1774534428747788412,1135764,1774534428747910144,right,ON,53.6,75.41
2026-03-26T14:13:48.764420+00:00,6.044495,1774534428764419912,1135780,1774534428763984384,right,ON,53.6,75.41
2026-03-26T14:13:48.779633+00:00,6.059709,1774534428779633012,1135796,1774534428780005120,right,ON,53.6,75.41
2026-03-26T14:13:48.796275+00:00,6.076350,1774534428796274712,1135812,1774534428796054784,right,ON,53.6,75.41
2026-03-26T14:13:48.812546+00:00,6.092621,1774534428812545612,1135828,1774534428812129536,right,ON,53.6,75.41
2026-03-26T14:13:48.827883+00:00,6.107958,1774534428827882912,1135844,1774534428828145920,right,ON,53.6,75.41
2026-03-26T14:13:48.844335+00:00,6.124411,1774534428844335412,1135860,1774534428844195840,right,ON,53.5,75.32
2026-03-26T14:13:48.859692+00:00,6.139768,1774534428859692012,1135876,1774534428860189184,right,ON,53.6,75.41
2026-03-26T14:13:48.876256+00:00,6.156332,1774534428876256312,1135892,1774534428876226560,right,ON,53.6,75.41
2026-03-26T14:13:48.892910+00:00,6.172986,1774534428892910612,1135908,1774534428892311040,right,ON,53.6,75.41
2026-03-26T14:13:48.908126+00:00,6.188202,1774534428908126112,1135924,1774534428908328704,right,ON,53.6,75.41
2026-03-26T14:13:48.924915+00:00,6.204991,1774534428924915212,1135940,1774534428924443648,right,ON,53.6,75.41
2026-03-26T14:13:48.940932+00:00,6.221008,1774534428940932112,1135956,1774534428940521728,right,ON,53.6,75.41
2026-03-26T14:13:48.956306+00:00,6.236381,1774534428956305512,1135972,1774534428956541184,right,ON,53.6,75.41
2026-03-26T14:13:48.972764+00:00,6.252839,1774534428972763712,1135988,1774534428972597248,right,ON,53.6,75.41
2026-03-26T14:13:48.988065+00:00,6.268141,1774534428988065012,1136004,1774534428988588800,right,ON,53.6,75.41
2026-03-26T14:13:49.004549+00:00,6.284625,1774534429004549212,1136020,1774534429004620800,right,ON,53.6,75.41
2026-03-26T14:13:49.021052+00:00,6.301128,1774534429021052312,1136036,1774534429020692480,right,ON,53.6,75.41
2026-03-26T14:13:49.036240+00:00,6.316315,1774534429036239512,1136052,1774534429036692736,right,ON,53.6,75.41
2026-03-26T14:13:49.052932+00:00,6.333007,1774534429052931912,1136068,1774534429052743936,right,ON,53.6,75.41
2026-03-26T14:13:49.069823+00:00,6.349899,1774534429069823112,1136084,1774534429068859904,right,ON,53.6,75.5
2026-03-26T14:13:49.084528+00:00,6.364603,1774534429084527812,1136100,1774534429084874752,right,ON,53.7,75.59
2026-03-26T14:13:49.101159+00:00,6.381235,1774534429101159112,1136116,1774534429100934144,right,ON,53.8,75.76
2026-03-26T14:13:49.116776+00:00,6.396851,1774534429116775412,1136132,1774534429116946944,right,ON,54.1,76.11
2026-03-26T14:13:49.132998+00:00,6.413073,1774534429132997912,1136148,1774534429133018368,right,ON,54.2,76.29
2026-03-26T14:13:49.149342+00:00,6.429418,1774534429149342112,1136164,1774534429149085440,right,ON,54.2,76.29
2026-03-26T14:13:49.164616+00:00,6.444692,1774534429164616512,1136180,1774534429165088768,right,ON,54.3,76.38
2026-03-26T14:13:49.181310+00:00,6.461385,1774534429181309612,1136196,1774534429181142784,right,ON,54.4,76.55
2026-03-26T14:13:49.197752+00:00,6.477827,1774534429197751912,1136212,1774534429197232384,right,ON,54.5,76.73
2026-03-26T14:13:49.213003+00:00,6.493079,1774534429213003212,1136228,1774534429213255680,right,ON,54.9,77.26
2026-03-26T14:13:49.229811+00:00,6.509887,1774534429229811512,1136244,1774534429229336832,right,ON,55.3,77.78
2026-03-26T14:13:49.244670+00:00,6.524746,1774534429244670112,1136260,1774534429245326848,right,ON,55.5,77.96
2026-03-26T14:13:49.261217+00:00,6.541293,1774534429261217012,1136276,1774534429261356032,right,ON,55.7,78.22
2026-03-26T14:13:49.277657+00:00,6.557732,1774534429277656612,1136292,1774534429277420032,right,ON,55.9,78.57
2026-03-26T14:13:49.293106+00:00,6.573182,1774534429293106212,1136308,1774534429293430528,right,ON,56.4,79.19
2026-03-26T14:13:49.309541+00:00,6.589616,1774534429309540912,1136324,1774534429309474816,right,ON,56.6,79.54
2026-03-26T14:13:49.325897+00:00,6.605972,1774534429325896612,1136340,1774534429325552640,right,ON,57.0,79.98
2026-03-26T14:13:49.341202+00:00,6.621277,1774534429341201812,1136356,1774534429341565696,right,ON,57.2,80.24
2026-03-26T14:13:49.357658+00:00,6.637733,1774534429357657812,1136372,1774534429357615872,right,ON,57.4,80.6
2026-03-26T14:13:49.373005+00:00,6.653080,1774534429373004812,1136388,1774534429373642752,right,ON,57.6,80.86
2026-03-26T14:13:49.389491+00:00,6.669567,1774534429389491212,1136404,1774534429389673472,right,ON,58.1,81.47
2026-03-26T14:13:49.406338+00:00,6.686414,1774534429406338212,1136420,1774534429405759488,right,ON,58.7,82.27
2026-03-26T14:13:49.421327+00:00,6.701402,1774534429421326812,1136436,1774534429421762560,right,ON,59.3,83.14
2026-03-26T14:13:49.437722+00:00,6.717798,1774534429437722412,1136452,1774534429437798912,right,ON,60.1,84.2
2026-03-26T14:13:49.454101+00:00,6.734177,1774534429454101212,1136468,1774534429453869824,right,ON,61.3,86.04
2026-03-26T14:13:49.469562+00:00,6.749638,1774534429469562112,1136484,1774534429469885696,right,ON,63.0,88.77
2026-03-26T14:13:49.486008+00:00,6.766084,1774534429486008412,1136500,1774534429485937920,right,ON,64.9,91.76
2026-03-26T14:13:49.501423+00:00,6.781499,1774534429501423012,1136516,1774534429501935616,right,ON,66.4,94.13
2026-03-26T14:13:49.517887+00:00,6.797962,1774534429517886612,1136532,1774534429517963520,right,ON,67.6,95.98
2026-03-26T14:13:49.534425+00:00,6.814501,1774534429534425712,1136548,1774534429534033920,right,ON,68.4,97.12
2026-03-26T14:13:49.549562+00:00,6.829637,1774534429549561712,1136564,1774534429550028544,right,ON,69.0,98.09
2026-03-26T14:13:49.566005+00:00,6.846080,1774534429566004612,1136580,1774534429566062336,right,ON,69.1,98.35
2026-03-26T14:13:49.582467+00:00,6.862542,1774534429582466712,1136596,1774534429582133504,right,ON,69.3,98.61
2026-03-26T14:13:49.597883+00:00,6.877958,1774534429597882912,1136612,1774534429598168064,right,ON,69.5,98.96
2026-03-26T14:13:49.614334+00:00,6.894410,1774534429614334512,1136628,1774534429614220544,right,ON,69.9,99.58
2026-03-26T14:13:49.629831+00:00,6.909907,1774534429629831012,1136644,1774534429630217216,right,ON,70.2,100.2
2026-03-26T14:13:49.646236+00:00,6.926312,1774534429646236112,1136660,1774534429646247936,right,ON,70.5,100.9
2026-03-26T14:13:49.662651+00:00,6.942726,1774534429662650712,1136676,1774534429662315008,right,ON,70.6,101.25
2026-03-26T14:13:49.677906+00:00,6.957982,1774534429677906112,1136692,1774534429678311936,right,ON,70.7,101.43
2026-03-26T14:13:49.694405+00:00,6.974481,1774534429694405012,1136708,1774534429694353408,right,ON,70.8,101.78
2026-03-26T14:13:49.710838+00:00,6.990913,1774534429710837412,1136724,1774534429710433792,right,ON,71.0,102.13
2026-03-26T14:13:49.737767+00:00,7.017843,1774534429737767112,1136740,1774534429727155456,right,ON,71.1,102.57
2026-03-26T14:13:49.742725+00:00,7.022801,1774534429742725112,1136756,1774534429743207680,right,ON,71.2,102.66
2026-03-26T14:13:49.757989+00:00,7.038064,1774534429757988812,1136772,1774534429759177728,right,ON,71.2,102.66
2026-03-26T14:13:49.774418+00:00,7.054494,1774534429774418412,1136788,1774534429775183872,right,ON,71.1,102.57
2026-03-26T14:13:49.790880+00:00,7.070955,1774534429790879912,1136804,1774534429791234048,right,ON,71.2,102.66
2026-03-26T14:13:49.806320+00:00,7.086395,1774534429806319712,1136820,1774534429807222016,right,ON,71.2,102.66
2026-03-26T14:13:49.822761+00:00,7.102836,1774534429822760912,1136836,1774534429823252992,right,ON,71.2,102.66
2026-03-26T14:13:49.839194+00:00,7.119270,1774534429839194212,1136852,1774534429839315456,right,ON,71.2,102.66
2026-03-26T14:13:49.854499+00:00,7.134575,1774534429854499412,1136868,1774534429855310592,right,ON,71.2,102.66
2026-03-26T14:13:49.870926+00:00,7.151001,1774534429870925812,1136884,1774534429871342336,right,ON,71.1,102.57
2026-03-26T14:13:49.886346+00:00,7.166421,1774534429886345612,1136900,1774534429887314944,right,ON,71.1,102.57
2026-03-26T14:13:49.902839+00:00,7.182915,1774534429902839412,1136916,1774534429903331328,right,ON,71.1,102.39
2026-03-26T14:13:49.919228+00:00,7.199304,1774534429919228012,1136932,1774534429919388416,right,ON,71.0,102.22
2026-03-26T14:13:49.934707+00:00,7.214782,1774534429934706712,1136948,1774534429935385344,right,ON,70.8,101.78
2026-03-26T14:13:49.951124+00:00,7.231200,1774534429951124512,1136964,1774534429951429120,right,ON,70.4,100.81
2026-03-26T14:13:49.967422+00:00,7.247497,1774534429967421912,1136980,1774534429967488256,right,ON,70.0,99.67
2026-03-26T14:13:49.982850+00:00,7.262926,1774534429982850312,1136996,1774534429983489280,right,ON,69.1,98.26
2026-03-26T14:13:49.999338+00:00,7.279414,1774534429999338012,1137012,1774534429999531008,right,ON,68.1,96.77
2026-03-26T14:13:50.014715+00:00,7.294790,1774534430014714812,1137028,1774534430015508736,right,ON,67.3,95.54
2026-03-26T14:13:50.031156+00:00,7.311231,1774534430031155812,1137044,1774534430031525120,right,ON,66.5,94.22
2026-03-26T14:13:50.047620+00:00,7.327695,1774534430047619712,1137060,1774534430047581440,right,ON,65.6,92.81
2026-03-26T14:13:50.063050+00:00,7.343125,1774534430063049912,1137076,1774534430063574016,right,ON,64.9,91.67
2026-03-26T14:13:50.079313+00:00,7.359388,1774534430079312812,1137092,1774534430079600384,right,ON,64.2,90.53
2026-03-26T14:13:50.096629+00:00,7.376704,1774534430096628912,1137108,1774534430095731200,right,ON,63.1,88.86
2026-03-26T14:13:50.111195+00:00,7.391270,1774534430111194512,1137124,1774534430111729920,right,ON,61.6,86.48
2026-03-26T14:13:50.128164+00:00,7.408240,1774534430128164112,1137140,1774534430127803904,right,ON,59.9,83.85
2026-03-26T14:13:50.143039+00:00,7.423114,1774534430143038812,1137156,1774534430143792896,right,ON,58.7,82.27
2026-03-26T14:13:50.159511+00:00,7.439587,1774534430159511012,1137172,1774534430159814400,right,ON,57.9,81.21
2026-03-26T14:13:50.175893+00:00,7.455968,1774534430175892712,1137188,1774534430175866112,right,ON,57.1,80.16
2026-03-26T14:13:50.191184+00:00,7.471260,1774534430191184412,1137204,1774534430191848448,right,ON,56.4,79.19
2026-03-26T14:13:50.207628+00:00,7.487704,1774534430207628212,1137220,1774534430207875584,right,ON,55.6,78.13
2026-03-26T14:13:50.224063+00:00,7.504139,1774534430224063012,1137236,1774534430223940096,right,ON,54.6,76.82
2026-03-26T14:13:50.239483+00:00,7.519559,1774534430239483412,1137252,1774534430239942144,right,ON,53.6,75.5
2026-03-26T14:13:50.255940+00:00,7.536015,1774534430255939912,1137268,1774534430255994112,right,ON,52.2,73.56
2026-03-26T14:13:50.271374+00:00,7.551449,1774534430271373612,1137284,1774534430271972608,right,ON,50.3,71.1
2026-03-26T14:13:50.287658+00:00,7.567733,1774534430287657912,1137300,1774534430287981568,right,ON,48.0,68.2
2026-03-26T14:13:50.304596+00:00,7.584672,1774534430304596412,1137316,1774534430304057856,right,ON,45.6,65.21
2026-03-26T14:13:50.319564+00:00,7.599640,1774534430319564312,1137332,1774534430320049920,right,ON,42.9,61.88
2026-03-26T14:13:50.336180+00:00,7.616255,1774534430336179812,1137348,1774534430336089856,right,ON,39.0,57.13
2026-03-26T14:13:50.352419+00:00,7.632494,1774534430352418512,1137364,1774534430352151552,right,ON,35.1,52.47
2026-03-26T14:13:50.367881+00:00,7.647957,1774534430367881312,1137380,1774534430368154880,right,ON,31.9,48.6
2026-03-26T14:13:50.384094+00:00,7.664169,1774534430384093412,1137396,1774534430384181504,right,ON,29.1,45.0
2026-03-26T14:13:50.399553+00:00,7.679629,1774534430399553212,1137412,1774534430400151296,right,ON,26.9,41.66
2026-03-26T14:13:50.415995+00:00,7.696070,1774534430415994812,1137428,1774534430416159744,right,ON,24.1,37.53
2026-03-26T14:13:50.432458+00:00,7.712534,1774534430432458412,1137444,1774534430432219392,right,ON,21.5,33.57
2026-03-26T14:13:50.447861+00:00,7.727937,1774534430447861612,1137460,1774534430448207616,right,ON,19.5,30.5
2026-03-26T14:13:50.464605+00:00,7.744681,1774534430464605112,1137476,1774534430464250112,right,ON,17.6,27.77
2026-03-26T14:13:50.480541+00:00,7.760616,1774534430480540412,1137492,1774534430480296448,right,ON,15.7,24.87
2026-03-26T14:13:50.496038+00:00,7.776114,1774534430496038112,1137508,1774534430496291584,right,ON,13.9,22.24
2026-03-26T14:13:50.512428+00:00,7.792503,1774534430512427412,1137524,1774534430512321024,right,ON,11.4,18.63
2026-03-26T14:13:50.528552+00:00,7.808627,1774534430528551912,1137540,1774534430528336128,right,ON,9.1,15.03
2026-03-26T14:13:50.544360+00:00,7.824435,1774534430544359612,1137556,1774534430544349440,right,ON,7.6,12.57
2026-03-26T14:13:50.562362+00:00,7.842437,1774534430562361912,1137572,1774534430560498432,right,ON,6.4,10.55
2026-03-26T14:13:50.576228+00:00,7.856303,1774534430576227812,1137588,1774534430576484608,right,ON,4.8,7.91
2026-03-26T14:13:50.592499+00:00,7.872574,1774534430592498912,1137604,1774534430592497152,right,ON,4.4,7.29
2026-03-26T14:13:50.608958+00:00,7.889033,1774534430608957612,1137620,1774534430608548352,right,ON,4.1,6.77
2026-03-26T14:13:50.624341+00:00,7.904417,1774534430624341412,1137636,1774534430624540160,right,ON,3.2,5.36
2026-03-26T14:13:50.640874+00:00,7.920950,1774534430640874212,1137652,1774534430640574976,right,ON,3.2,5.27
2026-03-26T14:13:50.656318+00:00,7.936394,1774534430656318112,1137668,1774534430656556800,right,ON,3.1,5.1
2026-03-26T14:13:50.672881+00:00,7.952957,1774534430672881412,1137684,1774534430672581888,right,ON,3.1,5.1
2026-03-26T14:13:50.689185+00:00,7.969261,1774534430689185112,1137700,1774534430688634880,right,ON,3.0,5.01
2026-03-26T14:13:50.704430+00:00,7.984506,1774534430704430312,1137716,1774534430704614656,right,ON,3.0,5.01
2026-03-26T14:13:50.720881+00:00,8.000957,1774534430720881412,1137732,1774534430720633856,right,ON,3.0,5.01
2026-03-26T14:13:50.737692+00:00,8.017767,1774534430737691812,1137748,1774534430736712448,right,ON,3.0,5.01
2026-03-26T14:13:50.752778+00:00,8.032853,1774534430752777512,1137764,1774534430753072896,right,ON,3.0,5.01
2026-03-26T14:13:50.770251+00:00,8.050326,1774534430770250812,1137780,1774534430769190912,right,ON,3.0,5.01
2026-03-26T14:13:50.784640+00:00,8.064715,1774534430784639712,1137796,1774534430785182720,right,ON,3.0,5.01
2026-03-26T14:13:50.800932+00:00,8.081008,1774534430800932312,1137812,1774534430801201920,right,ON,3.0,5.01
2026-03-26T14:13:50.817310+00:00,8.097386,1774534430817310212,1137828,1774534430817254656,right,ON,3.0,5.01
2026-03-26T14:13:50.832795+00:00,8.112870,1774534430832794812,1137844,1774534430833255424,right,ON,3.0,5.01
2026-03-26T14:13:50.849180+00:00,8.129255,1774534430849179412,1137860,1774534430849289472,right,ON,3.0,5.01
2026-03-26T14:13:50.865688+00:00,8.145764,1774534430865688312,1137876,1774534430865364992,right,ON,3.0,5.01
2026-03-26T14:13:50.881078+00:00,8.161154,1774534430881078112,1137892,1774534430881377792,right,ON,3.0,5.01
2026-03-26T14:13:50.897578+00:00,8.177654,1774534430897578412,1137908,1774534430897431040,right,ON,3.1,5.1
2026-03-26T14:13:50.912779+00:00,8.192855,1774534430912779212,1137924,1774534430913412864,right,ON,3.1,5.1
2026-03-26T14:13:50.929347+00:00,8.209423,1774534430929347212,1137940,1774534430929441792,right,ON,3.1,5.1
2026-03-26T14:13:50.945665+00:00,8.225741,1774534430945665012,1137956,1774534430945498624,right,ON,3.1,5.1
2026-03-26T14:13:50.962656+00:00,8.242731,1774534430962655812,1137972,1774534430961595904,right,ON,3.1,5.1
2026-03-26T14:13:50.977579+00:00,8.257654,1774534430977578812,1137988,1774534430977635072,right,ON,3.0,5.01
2026-03-26T14:13:50.994759+00:00,8.274834,1774534430994758912,1138004,1774534430993752064,right,ON,3.1,5.1
2026-03-26T14:13:51.009463+00:00,8.289538,1774534431009462912,1138020,1774534431009766912,right,ON,3.1,5.1
2026-03-26T14:13:51.025698+00:00,8.305774,1774534431025698412,1138036,1774534431025807872,right,ON,3.0,5.01
2026-03-26T14:13:51.041180+00:00,8.321255,1774534431041179912,1138052,1774534431041794048,right,ON,3.1,5.1
2026-03-26T14:13:51.057571+00:00,8.337646,1774534431057570812,1138068,1774534431057814528,right,ON,3.1,5.1
2026-03-26T14:13:51.074037+00:00,8.354112,1774534431074036712,1138084,1774534431073874688,right,ON,3.1,5.1
2026-03-26T14:13:51.089463+00:00,8.369538,1774534431089462412,1138100,1774534431089878272,right,ON,3.1,5.1
2026-03-26T14:13:51.105918+00:00,8.385994,1774534431105918312,1138116,1774534431105914368,right,ON,3.1,5.19
2026-03-26T14:13:51.122438+00:00,8.402513,1774534431122437712,1138132,1774534431122019584,right,ON,3.1,5.1
2026-03-26T14:13:51.137640+00:00,8.417716,1774534431137640512,1138148,1774534431138028544,right,ON,3.1,5.1
2026-03-26T14:13:51.154160+00:00,8.434235,1774534431154159712,1138164,1774534431154096128,right,ON,3.1,5.1
2026-03-26T14:13:51.170722+00:00,8.450797,1774534431170721812,1138180,1774534431170160128,right,ON,3.1,5.1
2026-03-26T14:13:51.185972+00:00,8.466048,1774534431185972312,1138196,1774534431186187520,right,ON,3.1,5.1
2026-03-26T14:13:51.203626+00:00,8.483701,1774534431203625612,1138212,1774534431202324480,right,ON,3.1,5.1
2026-03-26T14:13:51.217810+00:00,8.497886,1774534431217810212,1138228,1774534431218322944,right,ON,3.0,5.01
2026-03-26T14:13:51.234334+00:00,8.514409,1774534431234333412,1138244,1774534431234363392,right,ON,3.0,5.01
2026-03-26T14:13:51.250513+00:00,8.530588,1774534431250512812,1138260,1774534431250424576,right,ON,3.1,5.1
2026-03-26T14:13:51.266153+00:00,8.546229,1774534431266153112,1138276,1774534431266441984,right,ON,3.1,5.19
2026-03-26T14:13:51.282557+00:00,8.562633,1774534431282557512,1138292,1774534431282494720,right,ON,3.1,5.1
2026-03-26T14:13:51.297891+00:00,8.577967,1774534431297891412,1138308,1774534431298485248,right,ON,3.1,5.1
2026-03-26T14:13:51.314331+00:00,8.594407,1774534431314331512,1138324,1774534431314508032,right,ON,3.0,5.01
2026-03-26T14:13:51.330784+00:00,8.610859,1774534431330783612,1138340,1774534431330583552,right,ON,3.1,5.1
2026-03-26T14:13:51.345998+00:00,8.626074,1774534431345998012,1138356,1774534431346575872,right,ON,3.1,5.1
2026-03-26T14:13:51.362474+00:00,8.642549,1774534431362473912,1138372,1774534431362613248,right,ON,3.1,5.1
2026-03-26T14:13:51.378932+00:00,8.659007,1774534431378931512,1138388,1774534431378682112,right,ON,3.1,5.1
2026-03-26T14:13:51.394361+00:00,8.674437,1774534431394361312,1138404,1774534431394696192,right,ON,3.1,5.1
2026-03-26T14:13:51.411106+00:00,8.691181,1774534431411105912,1138420,1774534431410758912,right,ON,3.1,5.1
2026-03-26T14:13:51.426261+00:00,8.706336,1774534431426260912,1138436,1774534431426748416,right,ON,3.1,5.1
2026-03-26T14:13:51.442848+00:00,8.722923,1774534431442847712,1138452,1774534431442784000,right,ON,3.1,5.1
2026-03-26T14:13:51.458958+00:00,8.739033,1774534431458957612,1138468,1774534431458836224,right,ON,3.1,5.1
2026-03-26T14:13:51.474393+00:00,8.754468,1774534431474392912,1138484,1774534431474832128,right,ON,3.1,5.1
2026-03-26T14:13:51.490849+00:00,8.770925,1774534431490849012,1138500,1774534431490875392,right,ON,3.1,5.1
2026-03-26T14:13:51.507303+00:00,8.787379,1774534431507303512,1138516,1774534431506940928,right,ON,3.1,5.1
2026-03-26T14:13:51.522723+00:00,8.802799,1774534431522723112,1138532,1774534431522951680,right,ON,3.1,5.19
2026-03-26T14:13:51.539156+00:00,8.819232,1774534431539156512,1138548,1774534431538996992,right,ON,3.1,5.19
2026-03-26T14:13:51.554607+00:00,8.834683,1774534431554607012,1138564,1774534431555008512,right,ON,3.1,5.1
2026-03-26T14:13:51.570918+00:00,8.850993,1774534431570917512,1138580,1774534431571030272,right,ON,3.1,5.1
2026-03-26T14:13:51.587306+00:00,8.867381,1774534431587305412,1138596,1774534431587134464,right,ON,3.1,5.19
2026-03-26T14:13:51.602745+00:00,8.882821,1774534431602745412,1138612,1774534431603136512,right,ON,3.1,5.19
2026-03-26T14:13:51.619170+00:00,8.899246,1774534431619170212,1138628,1774534431619169536,right,ON,3.2,5.27
2026-03-26T14:13:51.635618+00:00,8.915694,1774534431635618312,1138644,1774534431635240192,right,ON,3.2,5.36
2026-03-26T14:13:51.651044+00:00,8.931119,1774534431651043912,1138660,1774534431651252480,right,ON,3.4,5.54
2026-03-26T14:13:51.667482+00:00,8.947558,1774534431667482312,1138676,1774534431667304448,right,ON,3.4,5.54
2026-03-26T14:13:51.682918+00:00,8.962993,1774534431682917712,1138692,1774534431683300864,right,ON,3.3,5.45
2026-03-26T14:13:51.699216+00:00,8.979292,1774534431699216312,1138708,1774534431699329280,right,ON,3.3,5.45
2026-03-26T14:13:51.715629+00:00,8.995704,1774534431715628712,1138724,1774534431715389184,right,ON,3.3,5.45
2026-03-26T14:13:51.731084+00:00,9.011160,1774534431731084012,1138740,1774534431731388416,right,ON,3.4,5.54
2026-03-26T14:13:51.747532+00:00,9.027608,1774534431747532412,1138756,1774534431747425536,right,ON,3.5,5.71
2026-03-26T14:13:51.763974+00:00,9.044050,1774534431763974512,1138772,1774534431763511040,right,ON,3.7,6.15
2026-03-26T14:13:51.779448+00:00,9.059523,1774534431779447512,1138788,1774534431779532544,right,ON,4.0,6.68
2026-03-26T14:13:51.795678+00:00,9.075754,1774534431795678412,1138804,1774534431795610368,right,ON,4.5,7.47
2026-03-26T14:13:51.811287+00:00,9.091362,1774534431811286812,1138820,1774534431811611904,right,ON,4.7,7.73
2026-03-26T14:13:51.827566+00:00,9.107641,1774534431827565612,1138836,1774534431827635712,right,ON,4.8,7.91
2026-03-26T14:13:51.844035+00:00,9.124110,1774534431844034512,1138852,1774534431843696128,right,ON,4.9,8.09
2026-03-26T14:13:51.859470+00:00,9.139546,1774534431859470412,1138868,1774534431859702016,right,ON,5.2,8.53
2026-03-26T14:13:51.875941+00:00,9.156017,1774534431875941412,1138884,1774534431875745024,right,ON,5.3,8.79
2026-03-26T14:13:51.892328+00:00,9.172404,1774534431892328212,1138900,1774534431891823360,right,ON,5.4,8.88
2026-03-26T14:13:51.907703+00:00,9.187779,1774534431907703112,1138916,1774534431907841024,right,ON,5.9,9.76
2026-03-26T14:13:51.924045+00:00,9.204120,1774534431924044612,1138932,1774534431923890944,right,ON,7.2,11.87
2026-03-26T14:13:51.939530+00:00,9.219606,1774534431939530112,1138948,1774534431939881216,right,ON,9.0,14.85
2026-03-26T14:13:51.955939+00:00,9.236015,1774534431955939112,1138964,1774534431955910144,right,ON,11.5,18.72
2026-03-26T14:13:51.972496+00:00,9.252572,1774534431972496312,1138980,1774534431971979008,right,ON,14.8,23.64
2026-03-26T14:13:51.987809+00:00,9.267885,1774534431987809112,1138996,1774534431988033280,right,ON,18.3,28.74
2026-03-26T14:13:52.004303+00:00,9.284379,1774534432004303112,1139012,1774534432004082176,right,ON,21.5,33.49
2026-03-26T14:13:52.020672+00:00,9.300748,1774534432020672312,1139028,1774534432020186368,right,ON,24.0,37.35
2026-03-26T14:13:52.036120+00:00,9.316195,1774534432036119812,1139044,1774534432036213760,right,ON,25.8,40.08
2026-03-26T14:13:52.052372+00:00,9.332447,1774534432052371812,1139060,1774534432052260096,right,ON,27.7,42.89
2026-03-26T14:13:52.067771+00:00,9.347846,1774534432067770812,1139076,1774534432068249600,right,ON,29.4,45.53
2026-03-26T14:13:52.084548+00:00,9.364623,1774534432084547812,1139092,1774534432084295168,right,ON,31.1,47.72
2026-03-26T14:13:52.100734+00:00,9.380809,1774534432100733412,1139108,1774534432100362240,right,ON,32.8,49.75
2026-03-26T14:13:52.116120+00:00,9.396195,1774534432116119712,1139124,1774534432116369920,right,ON,34.5,51.77
2026-03-26T14:13:52.132561+00:00,9.412637,1774534432132561512,1139140,1774534432132414976,right,ON,36.8,54.49
2026-03-26T14:13:52.149002+00:00,9.429077,1774534432149001712,1139156,1774534432148499456,right,ON,39.9,58.1
2026-03-26T14:13:52.164479+00:00,9.444555,1774534432164479112,1139172,1774534432164523264,right,ON,42.6,61.44
2026-03-26T14:13:52.180790+00:00,9.460866,1774534432180790612,1139188,1774534432180578560,right,ON,45.0,64.51
2026-03-26T14:13:52.196146+00:00,9.476222,1774534432196146412,1139204,1774534432196608000,right,ON,47.2,67.24
2026-03-26T14:13:52.212605+00:00,9.492680,1774534432212604312,1139220,1774534432212640256,right,ON,50.1,70.75
2026-03-26T14:13:52.229029+00:00,9.509104,1774534432229028512,1139236,1774534432228745728,right,ON,52.8,74.36
2026-03-26T14:13:52.244534+00:00,9.524610,1774534432244534312,1139252,1774534432244762624,right,ON,54.0,76.03
2026-03-26T14:13:52.260903+00:00,9.540979,1774534432260903412,1139268,1774534432260814592,right,ON,54.0,76.03
2026-03-26T14:13:52.277576+00:00,9.557652,1774534432277576312,1139284,1774534432276909312,right,ON,54.0,76.03
2026-03-26T14:13:52.292615+00:00,9.572691,1774534432292615012,1139300,1774534432292929536,right,ON,54.1,76.2
2026-03-26T14:13:52.309073+00:00,9.589148,1774534432309072712,1139316,1774534432308986880,right,ON,54.9,77.26
2026-03-26T14:13:52.324542+00:00,9.604618,1774534432324542312,1139332,1774534432324987648,right,ON,56.1,78.75
2026-03-26T14:13:52.340939+00:00,9.621015,1774534432340939212,1139348,1774534432341022208,right,ON,57.1,80.16
2026-03-26T14:13:52.357361+00:00,9.637436,1774534432357360712,1139364,1774534432357093376,right,ON,57.9,81.21
2026-03-26T14:13:52.372846+00:00,9.652922,1774534432372846312,1139380,1774534432373104640,right,ON,58.6,82.09
2026-03-26T14:13:52.389131+00:00,9.669206,1774534432389130912,1139396,1774534432389143808,right,ON,58.9,82.62
2026-03-26T14:13:52.405560+00:00,9.685636,1774534432405560512,1139412,1774534432405220096,right,ON,59.0,82.71
2026-03-26T14:13:52.420934+00:00,9.701009,1774534432420933812,1139428,1774534432421235968,right,ON,59.1,82.88
2026-03-26T14:13:52.437453+00:00,9.717528,1774534432437452712,1139444,1774534432437303552,right,ON,59.8,83.76
2026-03-26T14:13:52.452826+00:00,9.732902,1774534432452826412,1139460,1774534432453303040,right,ON,60.8,85.34
2026-03-26T14:13:52.469356+00:00,9.749432,1774534432469356012,1139476,1774534432469349376,right,ON,61.9,86.92
2026-03-26T14:13:52.485738+00:00,9.765813,1774534432485737912,1139492,1774534432485418752,right,ON,62.4,87.8
2026-03-26T14:13:52.501089+00:00,9.781164,1774534432501088912,1139508,1774534432501426944,right,ON,62.5,87.98
2026-03-26T14:13:52.517520+00:00,9.797596,1774534432517520512,1139524,1774534432517471744,right,ON,62.5,87.98
2026-03-26T14:13:52.533937+00:00,9.814012,1774534432533936912,1139540,1774534432533552640,right,ON,62.5,87.98
2026-03-26T14:13:52.549383+00:00,9.829459,1774534432549383512,1139556,1774534432549577472,right,ON,62.7,88.33
2026-03-26T14:13:52.565807+00:00,9.845882,1774534432565806512,1139572,1774534432565638144,right,ON,63.2,89.03
2026-03-26T14:13:52.581294+00:00,9.861370,1774534432581294012,1139588,1774534432581646592,right,ON,63.3,89.12
2026-03-26T14:13:52.597491+00:00,9.877566,1774534432597490912,1139604,1774534432597672448,right,ON,63.3,89.12
2026-03-26T14:13:52.613976+00:00,9.894051,1774534432613975712,1139620,1774534432613736448,right,ON,63.3,89.12
2026-03-26T14:13:52.629482+00:00,9.909557,1774534432629481512,1139636,1774534432629749248,right,ON,63.3,89.21
2026-03-26T14:13:52.645869+00:00,9.925944,1774534432645868512,1139652,1774534432645794560,right,ON,63.3,89.21
2026-03-26T14:13:52.662252+00:00,9.942328,1774534432662252212,1139668,1774534432661873664,right,ON,63.3,89.21
2026-03-26T14:13:52.677756+00:00,9.957832,1774534432677756312,1139684,1774534432677900800,right,ON,63.3,89.21
2026-03-26T14:13:52.694075+00:00,9.974150,1774534432694074712,1139700,1774534432693956864,right,ON,63.3,89.12
2026-03-26T14:13:52.710201+00:00,9.990276,1774534432710200612,1139716,1774534432709999616,right,ON,63.3,89.12
2026-03-26T14:13:52.725927+00:00,10.006003,1774534432725927212,1139732,1774534432726030080,right,ON,63.3,89.12
2026-03-26T14:13:52.742389+00:00,10.022465,1774534432742389012,1139748,1774534432742097664,right,ON,63.3,89.21
2026-03-26T14:13:52.757881+00:00,10.037957,1774534432757881212,1139764,1774534432758113024,right,ON,63.3,89.21
2026-03-26T14:13:52.774328+00:00,10.054403,1774534432774327612,1139780,1774534432774166016,right,ON,63.3,89.12
2026-03-26T14:13:52.790469+00:00,10.070545,1774534432790469112,1139796,1774534432790237440,right,ON,62.6,88.07
2026-03-26T14:13:52.805987+00:00,10.086063,1774534432805987312,1139812,1774534432806259200,right,ON,61.4,86.22
2026-03-26T14:13:52.822447+00:00,10.102522,1774534432822446712,1139828,1774534432822312704,right,ON,60.6,84.99
2026-03-26T14:13:52.837879+00:00,10.117955,1774534432837879412,1139844,1774534432838315008,right,ON,59.7,83.58
2026-03-26T14:13:52.854358+00:00,10.134434,1774534432854358112,1139860,1774534432854351872,right,ON,59.5,83.41
2026-03-26T14:13:52.870626+00:00,10.150702,1774534432870626012,1139876,1774534432870415616,right,ON,59.4,83.23
2026-03-26T14:13:52.886045+00:00,10.166120,1774534432886044512,1139892,1774534432886422528,right,ON,59.1,82.88
2026-03-26T14:13:52.903018+00:00,10.183094,1774534432903018412,1139908,1774534432902499840,right,ON,58.9,82.62
2026-03-26T14:13:52.918996+00:00,10.199072,1774534432918996312,1139924,1774534432918583296,right,ON,58.8,82.44
2026-03-26T14:13:52.934355+00:00,10.214430,1774534432934354712,1139940,1774534432934604544,right,ON,58.6,82.18
2026-03-26T14:13:52.950839+00:00,10.230914,1774534432950838912,1139956,1774534432950662144,right,ON,58.4,81.91
2026-03-26T14:13:52.966030+00:00,10.246105,1774534432966029812,1139972,1774534432966649856,right,ON,58.2,81.56
2026-03-26T14:13:52.982545+00:00,10.262620,1774534432982544912,1139988,1774534432982678528,right,ON,58.0,81.39
2026-03-26T14:13:52.998928+00:00,10.279003,1774534432998927612,1140004,1774534432998744064,right,ON,57.9,81.21
2026-03-26T14:13:53.014426+00:00,10.294501,1774534433014425612,1140020,1774534433014754048,right,ON,57.8,81.04
2026-03-26T14:13:53.030788+00:00,10.310863,1774534433030787812,1140036,1774534433030797824,right,ON,57.6,80.77
2026-03-26T14:13:53.047360+00:00,10.327435,1774534433047359812,1140052,1774534433046884608,right,ON,57.5,80.68
2026-03-26T14:13:53.062571+00:00,10.342646,1774534433062570912,1140068,1774534433062901760,right,ON,57.4,80.6
2026-03-26T14:13:53.079054+00:00,10.359130,1774534433079054412,1140084,1774534433078953216,right,ON,57.2,80.33
2026-03-26T14:13:53.094411+00:00,10.374487,1774534433094411012,1140100,1774534433094942464,right,ON,57.1,80.16
2026-03-26T14:13:53.110944+00:00,10.391020,1774534433110944112,1140116,1774534433110984704,right,ON,57.0,80.07
2026-03-26T14:13:53.127312+00:00,10.407387,1774534433127311812,1140132,1774534433127051776,right,ON,57.0,79.98
2026-03-26T14:13:53.142830+00:00,10.422905,1774534433142829712,1140148,1774534433143066368,right,ON,56.8,79.8
2026-03-26T14:13:53.159246+00:00,10.439322,1774534433159246012,1140164,1774534433159116544,right,ON,56.8,79.72
2026-03-26T14:13:53.175515+00:00,10.455590,1774534433175514712,1140180,1774534433175192832,right,ON,56.6,79.54
2026-03-26T14:13:53.190949+00:00,10.471025,1774534433190949112,1140196,1774534433191214592,right,ON,56.6,79.45
2026-03-26T14:13:53.207403+00:00,10.487479,1774534433207403412,1140212,1774534433207270400,right,ON,56.5,79.37
2026-03-26T14:13:53.222772+00:00,10.502848,1774534433222772212,1140228,1774534433223264000,right,ON,56.5,79.37
2026-03-26T14:13:53.239315+00:00,10.519391,1774534433239315112,1140244,1774534433239300864,right,ON,56.5,79.37
2026-03-26T14:13:53.255879+00:00,10.535954,1774534433255878812,1140260,1774534433255381504,right,ON,56.5,79.37
2026-03-26T14:13:53.271012+00:00,10.551088,1774534433271012112,1140276,1774534433271389952,right,ON,56.4,79.28
2026-03-26T14:13:53.287451+00:00,10.567527,1774534433287451212,1140292,1774534433287432704,right,ON,56.4,79.28
2026-03-26T14:13:53.303894+00:00,10.583969,1774534433303893412,1140308,1774534433303520256,right,ON,56.4,79.28
2026-03-26T14:13:53.319353+00:00,10.599428,1774534433319352512,1140324,1774534433319541248,right,ON,56.4,79.28
2026-03-26T14:13:53.335807+00:00,10.615883,1774534433335807012,1140340,1774534433335600384,right,ON,56.4,79.28
2026-03-26T14:13:53.351247+00:00,10.631323,1774534433351247112,1140356,1774534433351604992,right,ON,56.4,79.28
2026-03-26T14:13:53.367482+00:00,10.647557,1774534433367481712,1140372,1774534433367632128,right,ON,56.4,79.28
2026-03-26T14:13:53.383963+00:00,10.664038,1774534433383962912,1140388,1774534433383698176,right,ON,56.4,79.19
2026-03-26T14:13:53.399385+00:00,10.679461,1774534433399385012,1140404,1774534433399709184,right,ON,56.4,79.28
2026-03-26T14:13:53.415871+00:00,10.695946,1774534433415870912,1140420,1774534433415755264,right,ON,56.4,79.19
2026-03-26T14:13:53.432294+00:00,10.712369,1774534433432293812,1140436,1774534433431836416,right,ON,56.4,79.19
2026-03-26T14:13:53.447541+00:00,10.727617,1774534433447541012,1140452,1774534433447848192,right,ON,56.4,79.19
2026-03-26T14:13:53.463975+00:00,10.744051,1774534433463975412,1140468,1774534433463898624,right,ON,56.4,79.19
2026-03-26T14:13:53.479462+00:00,10.759537,1774534433479461612,1140484,1774534433479894784,right,ON,56.4,79.19
2026-03-26T14:13:53.495899+00:00,10.775975,1774534433495899012,1140500,1774534433495930368,right,ON,56.4,79.19
2026-03-26T14:13:53.512362+00:00,10.792437,1774534433512361412,1140516,1774534433512002560,right,ON,56.4,79.19
2026-03-26T14:13:53.527687+00:00,10.807762,1774534433527686612,1140532,1774534433528009216,right,ON,56.4,79.19
2026-03-26T14:13:53.544074+00:00,10.824150,1774534433544074312,1140548,1774534433544049408,right,ON,56.4,79.19
2026-03-26T14:13:53.560526+00:00,10.840601,1774534433560525812,1140564,1774534433560126464,right,ON,56.4,79.19
2026-03-26T14:13:53.575963+00:00,10.856039,1774534433575963212,1140580,1774534433576148480,right,ON,56.4,79.19
2026-03-26T14:13:53.592406+00:00,10.872482,1774534433592406312,1140596,1774534433592206592,right,ON,56.4,79.19
2026-03-26T14:13:53.607870+00:00,10.887945,1774534433607869812,1140612,1774534433608212224,right,ON,56.4,79.19
2026-03-26T14:13:53.624144+00:00,10.904219,1774534433624143712,1140628,1774534433624237312,right,ON,56.4,79.19
2026-03-26T14:13:53.640617+00:00,10.920692,1774534433640616812,1140644,1774534433640302336,right,ON,56.4,79.19
2026-03-26T14:13:53.656006+00:00,10.936082,1774534433656006512,1140660,1774534433656311040,right,ON,56.4,79.19
2026-03-26T14:13:53.672466+00:00,10.952541,1774534433672465812,1140676,1774534433672356096,right,ON,56.4,79.19
2026-03-26T14:13:53.688946+00:00,10.969021,1774534433688945612,1140692,1774534433688438784,right,ON,56.4,79.19
2026-03-26T14:13:53.704321+00:00,10.984396,1774534433704320912,1140708,1774534433704463872,right,ON,56.3,79.1
2026-03-26T14:13:53.720679+00:00,11.000755,1774534433720679212,1140724,1774534433720517120,right,ON,56.4,79.19
2026-03-26T14:13:53.736259+00:00,11.016335,1774534433736259112,1140740,1774534433736544768,right,ON,56.4,79.19
2026-03-26T14:13:53.752536+00:00,11.032611,1774534433752535512,1140756,1774534433752578048,right,ON,56.4,79.19
2026-03-26T14:13:53.768982+00:00,11.049057,1774534433768981812,1140772,1774534433768648960,right,ON,56.3,79.1
2026-03-26T14:13:53.784413+00:00,11.064489,1774534433784413012,1140788,1774534433784665856,right,ON,56.4,79.19
2026-03-26T14:13:53.800844+00:00,11.080920,1774534433800844312,1140804,1774534433800719104,right,ON,56.4,79.19
2026-03-26T14:13:53.817156+00:00,11.097231,1774534433817155612,1140820,1774534433816792320,right,ON,56.3,79.1
2026-03-26T14:13:53.832564+00:00,11.112639,1774534433832563812,1140836,1774534433832810240,right,ON,56.3,79.1
2026-03-26T14:13:53.849029+00:00,11.129105,1774534433849029012,1140852,1774534433848867328,right,ON,56.4,79.19
2026-03-26T14:13:53.864506+00:00,11.144581,1774534433864505612,1140868,1774534433864871168,right,ON,56.4,79.19
2026-03-26T14:13:53.880905+00:00,11.160981,1774534433880905512,1140884,1774534433880910592,right,ON,56.3,79.1
2026-03-26T14:13:53.897319+00:00,11.177395,1774534433897319112,1140900,1774534433896979712,right,ON,56.3,79.1
2026-03-26T14:13:53.912751+00:00,11.192827,1774534433912751012,1140916,1774534433912992512,right,ON,56.3,79.1
2026-03-26T14:13:53.929017+00:00,11.209093,1774534433929017012,1140932,1774534433929047552,right,ON,56.4,79.19
2026-03-26T14:13:53.945466+00:00,11.225541,1774534433945465812,1140948,1774534433945126656,right,ON,56.4,79.19
2026-03-26T14:13:53.960903+00:00,11.240979,1774534433960903112,1140964,1774534433961147904,right,ON,56.3,79.1
2026-03-26T14:13:53.977355+00:00,11.257430,1774534433977354912,1140980,1774534433977208064,right,ON,56.3,79.1
2026-03-26T14:13:53.992763+00:00,11.272839,1774534433992763312,1140996,1774534433993203200,right,ON,56.4,79.19
2026-03-26T14:13:54.009203+00:00,11.289279,1774534434009203112,1141012,1774534434009237504,right,ON,56.4,79.19
2026-03-26T14:13:54.025685+00:00,11.305761,1774534434025685012,1141028,1774534434025309184,right,ON,56.4,79.19
2026-03-26T14:13:54.041148+00:00,11.321224,1774534434041148112,1141044,1774534434041328384,right,ON,56.3,79.1
2026-03-26T14:13:54.057371+00:00,11.337447,1774534434057371312,1141060,1774534434057368576,right,ON,56.3,79.1
2026-03-26T14:13:54.073824+00:00,11.353900,1774534434073824112,1141076,1774534434073451008,right,ON,56.3,79.1
2026-03-26T14:13:54.089275+00:00,11.369351,1774534434089275212,1141092,1774534434089470976,right,ON,56.3,79.1
2026-03-26T14:13:54.105709+00:00,11.385784,1774534434105708612,1141108,1774534434105529088,right,ON,56.4,79.19
2026-03-26T14:13:54.121128+00:00,11.401204,1774534434121128112,1141124,1774534434121527808,right,ON,56.3,79.1
2026-03-26T14:13:54.137603+00:00,11.417678,1774534434137602612,1141140,1774534434137568256,right,ON,56.3,79.1
2026-03-26T14:13:54.153867+00:00,11.433943,1774534434153867012,1141156,1774534434153632512,right,ON,56.4,79.19
2026-03-26T14:13:54.169269+00:00,11.449344,1774534434169268612,1141172,1774534434169641472,right,ON,56.3,79.1
2026-03-26T14:13:54.185709+00:00,11.465785,1774534434185709412,1141188,1774534434185686528,right,ON,56.4,79.19
2026-03-26T14:13:54.202112+00:00,11.482187,1774534434202111712,1141204,1774534434201761280,right,ON,56.3,79.1
2026-03-26T14:13:54.217671+00:00,11.497746,1774534434217670812,1141220,1774534434217787648,right,ON,56.4,79.19
2026-03-26T14:13:54.233995+00:00,11.514071,1774534434233995512,1141236,1774534434233843968,right,ON,56.3,79.1
2026-03-26T14:13:54.250461+00:00,11.530537,1774534434250461212,1141252,1774534434249905664,right,ON,56.3,79.1
2026-03-26T14:13:54.265846+00:00,11.545922,1774534434265846512,1141268,1774534434265940992,right,ON,56.3,79.1
2026-03-26T14:13:54.282204+00:00,11.562279,1774534434282203912,1141284,1774534434282012416,right,ON,56.4,79.19
2026-03-26T14:13:54.297551+00:00,11.577626,1774534434297550512,1141300,1774534434298013184,right,ON,56.4,79.19
2026-03-26T14:13:54.314021+00:00,11.594096,1774534434314020512,1141316,1774534434314053120,right,ON,56.4,79.19
2026-03-26T14:13:54.330420+00:00,11.610496,1774534434330420212,1141332,1774534434330127360,right,ON,56.4,79.19
2026-03-26T14:13:54.345905+00:00,11.625980,1774534434345904712,1141348,1774534434346149632,right,ON,56.4,79.19
2026-03-26T14:13:54.362359+00:00,11.642434,1774534434362358912,1141364,1774534434362210048,right,ON,56.4,79.19
2026-03-26T14:13:54.377800+00:00,11.657876,1774534434377800212,1141380,1774534434378215168,right,ON,56.4,79.19
2026-03-26T14:13:54.394252+00:00,11.674327,1774534434394251512,1141396,1774534434394251776,right,ON,56.4,79.19
2026-03-26T14:13:54.410469+00:00,11.690545,1774534434410469212,1141412,1774534434410312448,right,ON,56.4,79.19
2026-03-26T14:13:54.425950+00:00,11.706026,1774534434425950312,1141428,1774534434426319872,right,ON,56.4,79.28
2026-03-26T14:13:54.442462+00:00,11.722538,1774534434442462412,1141444,1774534434442370048,right,ON,56.4,79.19
2026-03-26T14:13:54.458821+00:00,11.738896,1774534434458820912,1141460,1774534434458451456,right,ON,56.4,79.19
2026-03-26T14:13:54.474278+00:00,11.754354,1774534434474278212,1141476,1774534434474472704,right,ON,56.4,79.28
2026-03-26T14:13:54.491279+00:00,11.771354,1774534434491278512,1141492,1774534434490564608,right,ON,56.6,79.45
2026-03-26T14:13:54.506145+00:00,11.786220,1774534434506144912,1141508,1774534434506566656,right,ON,56.6,79.54
2026-03-26T14:13:54.522416+00:00,11.802491,1774534434522415812,1141524,1774534434522594816,right,ON,56.8,79.72
2026-03-26T14:13:54.538802+00:00,11.818877,1774534434538801712,1141540,1774534434538657280,right,ON,56.8,79.8
2026-03-26T14:13:54.554369+00:00,11.834444,1774534434554368912,1141556,1774534434554668800,right,ON,56.9,79.89
2026-03-26T14:13:54.570687+00:00,11.850762,1774534434570686712,1141572,1774534434570707968,right,ON,57.0,79.98
2026-03-26T14:13:54.587189+00:00,11.867265,1774534434587189312,1141588,1774534434586788096,right,ON,57.0,80.07
2026-03-26T14:13:54.602575+00:00,11.882651,1774534434602575012,1141604,1774534434602809600,right,ON,57.3,80.42
2026-03-26T14:13:54.619110+00:00,11.899185,1774534434619109912,1141620,1774534434618873344,right,ON,57.7,80.95
2026-03-26T14:13:54.634411+00:00,11.914487,1774534434634411012,1141636,1774534434634874112,right,ON,58.0,81.3
2026-03-26T14:13:54.650899+00:00,11.930975,1774534434650899412,1141652,1774534434650909696,right,ON,58.3,81.74
2026-03-26T14:13:54.667238+00:00,11.947313,1774534434667237812,1141668,1774534434666976512,right,ON,58.4,81.91
2026-03-26T14:13:54.682664+00:00,11.962739,1774534434682663712,1141684,1774534434682985728,right,ON,58.5,82.0
2026-03-26T14:13:54.699098+00:00,11.979173,1774534434699097812,1141700,1774534434699031552,right,ON,59.1,82.79
2026-03-26T14:13:54.716023+00:00,11.996099,1774534434716023212,1141716,1774534434715145472,right,ON,60.6,84.9
2026-03-26T14:13:54.731048+00:00,12.011124,1774534434731048412,1141732,1774534434731175424,right,ON,63.6,89.65
2026-03-26T14:13:54.747284+00:00,12.027359,1774534434747283812,1141748,1774534434747227392,right,ON,66.9,94.83
2026-03-26T14:13:54.762634+00:00,12.042709,1774534434762633612,1141764,1774534434763222784,right,ON,68.5,97.29
2026-03-26T14:13:54.779137+00:00,12.059212,1774534434779136912,1141780,1774534434779253760,right,ON,69.9,99.58
2026-03-26T14:13:54.795529+00:00,12.075604,1774534434795528912,1141796,1774534434795319296,right,ON,70.5,100.99
2026-03-26T14:13:54.811272+00:00,12.091347,1774534434811271712,1141812,1774534434811347456,right,ON,70.7,101.6
2026-03-26T14:13:54.827679+00:00,12.107755,1774534434827679412,1141828,1774534434827409920,right,ON,70.7,101.6
2026-03-26T14:13:54.844007+00:00,12.124083,1774534434844007312,1141844,1774534434843497984,right,ON,70.7,101.6
2026-03-26T14:13:54.859921+00:00,12.139996,1774534434859920312,1141860,1774534434859558400,right,ON,70.8,101.78
2026-03-26T14:13:54.875879+00:00,12.155954,1774534434875878612,1141876,1774534434875625472,right,ON,71.0,102.13
2026-03-26T14:13:54.891466+00:00,12.171542,1774534434891466012,1141892,1774534434891647232,right,ON,71.0,102.13
2026-03-26T14:13:54.907577+00:00,12.187653,1774534434907577412,1141908,1774534434907684096,right,ON,71.0,102.22
2026-03-26T14:13:54.923858+00:00,12.203933,1774534434923857612,1141924,1774534434923747072,right,ON,71.1,102.39
2026-03-26T14:13:54.939705+00:00,12.219781,1774534434939705312,1141940,1774534434939779072,right,ON,71.1,102.57
2026-03-26T14:13:54.955975+00:00,12.236051,1774534434955975212,1141956,1774534434955831808,right,ON,71.1,102.57
2026-03-26T14:13:54.972332+00:00,12.252407,1774534434972331412,1141972,1774534434971916032,right,ON,71.1,102.57
2026-03-26T14:13:54.987998+00:00,12.268073,1774534434987997812,1141988,1774534434987958272,right,ON,71.1,102.57
2026-03-26T14:13:55.003997+00:00,12.284072,1774534435003996812,1142004,1774534435004009984,right,ON,71.1,102.57
2026-03-26T14:13:55.019480+00:00,12.299556,1774534435019480512,1142020,1774534435020007936,right,ON,71.2,102.66
2026-03-26T14:13:55.035915+00:00,12.315991,1774534435035915212,1142036,1774534435036041984,right,ON,71.2,102.66
2026-03-26T14:13:55.052523+00:00,12.332599,1774534435052523012,1142052,1774534435052124672,right,ON,71.1,102.57
2026-03-26T14:13:55.067875+00:00,12.347950,1774534435067874912,1142068,1774534435068146688,right,ON,71.2,102.66
2026-03-26T14:13:55.084290+00:00,12.364366,1774534435084290112,1142084,1774534435084197120,right,ON,71.1,102.57
2026-03-26T14:13:55.100743+00:00,12.380819,1774534435100743112,1142100,1774534435100285184,right,ON,71.2,102.66
2026-03-26T14:13:55.116035+00:00,12.396110,1774534435116034812,1142116,1774534435116308736,right,ON,71.1,102.57
2026-03-26T14:13:55.132344+00:00,12.412419,1774534435132343712,1142132,1774534435132360704,right,ON,71.2,102.66
2026-03-26T14:13:55.147937+00:00,12.428012,1774534435147936412,1142148,1774534435148365568,right,ON,71.2,102.66
2026-03-26T14:13:55.164566+00:00,12.444642,1774534435164566312,1142164,1774534435164420096,right,ON,71.2,102.66
2026-03-26T14:13:55.180663+00:00,12.460739,1774534435180663412,1142180,1774534435180484352,right,ON,71.1,102.57
2026-03-26T14:13:55.196019+00:00,12.476094,1774534435196018812,1142196,1774534435196486400,right,ON,71.1,102.57
2026-03-26T14:13:55.212550+00:00,12.492625,1774534435212549512,1142212,1774534435212530688,right,ON,71.1,102.39
2026-03-26T14:13:55.229042+00:00,12.509117,1774534435229041712,1142228,1774534435228613632,right,ON,70.9,102.04
2026-03-26T14:13:55.244601+00:00,12.524677,1774534435244601312,1142244,1774534435244651520,right,ON,70.7,101.43
2026-03-26T14:13:55.260569+00:00,12.540644,1774534435260568512,1142260,1774534435260693504,right,ON,70.1,100.02
2026-03-26T14:13:55.276378+00:00,12.556453,1774534435276377712,1142276,1774534435276734720,right,ON,69.0,98.09
2026-03-26T14:13:55.292473+00:00,12.572549,1774534435292473012,1142292,1774534435292759552,right,ON,66.9,94.83
2026-03-26T14:13:55.308911+00:00,12.588987,1774534435308911212,1142308,1774534435308818688,right,ON,64.4,90.88
2026-03-26T14:13:55.324339+00:00,12.604415,1774534435324339012,1142324,1774534435324818688,right,ON,62.0,87.19
2026-03-26T14:13:55.340592+00:00,12.620668,1774534435340592012,1142340,1774534435340844544,right,ON,59.5,83.32
2026-03-26T14:13:55.357062+00:00,12.637138,1774534435357062212,1142356,1774534435356907776,right,ON,57.2,80.24
2026-03-26T14:13:55.372586+00:00,12.652661,1774534435372585512,1142372,1774534435372922112,right,ON,55.3,77.7
2026-03-26T14:13:55.388947+00:00,12.669022,1774534435388946312,1142388,1774534435388968960,right,ON,53.3,75.06
2026-03-26T14:13:55.404422+00:00,12.684498,1774534435404422312,1142404,1774534435404962560,right,ON,51.1,72.07
2026-03-26T14:13:55.420795+00:00,12.700871,1774534435420795112,1142420,1774534435420989184,right,ON,48.0,68.2
2026-03-26T14:13:55.437262+00:00,12.717337,1774534435437261712,1142436,1774534435437047552,right,ON,44.8,64.25
2026-03-26T14:13:55.452701+00:00,12.732777,1774534435452701412,1142452,1774534435453051392,right,ON,42.2,61.0
2026-03-26T14:13:55.469136+00:00,12.749211,1774534435469135612,1142468,1774534435469093632,right,ON,40.1,58.45
2026-03-26T14:13:55.485343+00:00,12.765418,1774534435485342812,1142484,1774534435485156096,right,ON,38.5,56.51
2026-03-26T14:13:55.500901+00:00,12.780977,1774534435500901212,1142500,1774534435501170944,right,ON,36.4,54.05
2026-03-26T14:13:55.517351+00:00,12.797427,1774534435517351012,1142516,1774534435517240832,right,ON,33.0,50.01
2026-03-26T14:13:55.532841+00:00,12.812916,1774534435532840812,1142532,1774534435533240832,right,ON,29.7,45.97
2026-03-26T14:13:55.549873+00:00,12.829949,1774534435549873112,1142548,1774534435549308672,right,ON,26.7,41.48
2026-03-26T14:13:55.565529+00:00,12.845604,1774534435565528512,1142564,1774534435565362688,right,ON,24.1,37.44
2026-03-26T14:13:55.580994+00:00,12.861070,1774534435580994212,1142580,1774534435581366272,right,ON,21.8,34.01
2026-03-26T14:13:55.597292+00:00,12.877368,1774534435597292212,1142596,1774534435597394176,right,ON,19.5,30.5
2026-03-26T14:13:55.613749+00:00,12.893824,1774534435613748812,1142612,1774534435613462272,right,ON,17.1,27.07
2026-03-26T14:13:55.629566+00:00,12.909642,1774534435629566412,1142628,1774534435629496064,right,ON,14.8,23.55
2026-03-26T14:13:55.645760+00:00,12.925835,1774534435645759712,1142644,1774534435645554176,right,ON,12.6,20.39
2026-03-26T14:13:55.661124+00:00,12.941199,1774534435661123512,1142660,1774534435661547776,right,ON,11.1,18.11
2026-03-26T14:13:55.677449+00:00,12.957524,1774534435677448412,1142676,1774534435677572608,right,ON,9.6,15.82
2026-03-26T14:13:55.693961+00:00,12.974036,1774534435693960912,1142692,1774534435693635584,right,ON,7.9,13.01
2026-03-26T14:13:55.709126+00:00,12.989201,1774534435709125812,1142708,1774534435709625600,right,ON,5.9,9.76
2026-03-26T14:13:55.725738+00:00,13.005813,1774534435725737912,1142724,1774534435725663232,right,ON,4.0,6.68
2026-03-26T14:13:55.742078+00:00,13.022154,1774534435742078112,1142740,1774534435741746432,right,ON,3.2,5.27
2026-03-26T14:13:55.757444+00:00,13.037519,1774534435757443512,1142756,1774534435757757696,right,ON,3.1,5.19
2026-03-26T14:13:55.773914+00:00,13.053989,1774534435773913912,1142772,1774534435773801728,right,ON,3.1,5.19
2026-03-26T14:13:55.789362+00:00,13.069438,1774534435789362112,1142788,1774534435789787648,right,ON,3.0,5.01
2026-03-26T14:13:55.805857+00:00,13.085933,1774534435805857212,1142804,1774534435805815552,right,ON,3.0,5.01
2026-03-26T14:13:55.822120+00:00,13.102196,1774534435822120512,1142820,1774534435821868032,right,ON,3.0,4.92
2026-03-26T14:13:55.837513+00:00,13.117589,1774534435837513012,1142836,1774534435837871616,right,ON,3.0,4.92
2026-03-26T14:13:55.854060+00:00,13.134135,1774534435854059812,1142852,1774534435853918208,right,ON,2.9,4.83
2026-03-26T14:13:55.870510+00:00,13.150585,1774534435870509912,1142868,1774534435869998848,right,ON,2.9,4.83
2026-03-26T14:13:55.885828+00:00,13.165904,1774534435885828712,1142884,1774534435886031616,right,ON,2.9,4.83
2026-03-26T14:13:55.902275+00:00,13.182350,1774534435902274612,1142900,1774534435902087680,right,ON,2.9,4.83
2026-03-26T14:13:55.917574+00:00,13.197650,1774534435917574112,1142916,1774534435918084608,right,ON,2.9,4.83
2026-03-26T14:13:55.933978+00:00,13.214054,1774534435933978312,1142932,1774534435934106624,right,ON,2.9,4.83
2026-03-26T14:13:55.950832+00:00,13.230908,1774534435950832312,1142948,1774534435950185984,right,ON,2.9,4.75
2026-03-26T14:13:55.965835+00:00,13.245911,1774534435965835212,1142964,1774534435966195456,right,ON,2.9,4.75
2026-03-26T14:13:55.982341+00:00,13.262417,1774534435982341412,1142980,1774534435982241536,right,ON,2.9,4.75
2026-03-26T14:13:55.998963+00:00,13.279039,1774534435998963212,1142996,1774534435998332672,right,ON,2.9,4.75
2026-03-26T14:13:56.014179+00:00,13.294254,1774534436014178812,1143012,1774534436014362368,right,ON,2.9,4.75
2026-03-26T14:13:56.030517+00:00,13.310592,1774534436030516912,1143028,1774534436030409216,right,ON,2.9,4.75
2026-03-26T14:13:56.045882+00:00,13.325957,1774534436045881512,1143044,1774534436046397440,right,ON,2.9,4.75
2026-03-26T14:13:56.062418+00:00,13.342493,1774534436062417412,1143060,1774534436062428416,right,ON,2.9,4.75
2026-03-26T14:13:56.078801+00:00,13.358876,1774534436078800912,1143076,1774534436078498304,right,ON,2.9,4.75
2026-03-26T14:13:56.094303+00:00,13.374379,1774534436094303412,1143092,1774534436094514176,right,ON,2.9,4.75
2026-03-26T14:13:56.110654+00:00,13.390730,1774534436110654312,1143108,1774534436110561280,right,ON,2.9,4.75
2026-03-26T14:13:56.127128+00:00,13.407203,1774534436127127812,1143124,1774534436126647808,right,ON,2.9,4.83
2026-03-26T14:13:56.142463+00:00,13.422539,1774534436142463412,1143140,1774534436142668288,right,ON,2.9,4.83
2026-03-26T14:13:56.158769+00:00,13.438845,1774534436158769312,1143156,1774534436158713600,right,ON,2.9,4.83
2026-03-26T14:13:56.174782+00:00,13.454857,1774534436174781812,1143172,1774534436174743040,right,ON,2.9,4.83
2026-03-26T14:13:56.190773+00:00,13.470848,1774534436190772712,1143188,1774534436190787840,right,ON,2.9,4.83
2026-03-26T14:13:56.207165+00:00,13.487241,1774534436207165112,1143204,1774534436206856448,right,ON,2.9,4.83
2026-03-26T14:13:56.222709+00:00,13.502784,1774534436222708612,1143220,1774534436222873600,right,ON,2.9,4.83
2026-03-26T14:13:56.239213+00:00,13.519289,1774534436239213112,1143236,1774534436238934016,right,ON,2.9,4.83
2026-03-26T14:13:56.255342+00:00,13.535418,1774534436255342012,1143252,1774534436255013888,right,ON,2.9,4.83
2026-03-26T14:13:56.270875+00:00,13.550951,1774534436270875212,1143268,1774534436271048448,right,ON,2.9,4.83
2026-03-26T14:13:56.287187+00:00,13.567263,1774534436287187112,1143284,1774534436287097344,right,ON,2.9,4.83
2026-03-26T14:13:56.302627+00:00,13.582703,1774534436302627412,1143300,1774534436303102464,right,ON,2.9,4.83
2026-03-26T14:13:56.319303+00:00,13.599378,1774534436319302812,1143316,1774534436319148544,right,ON,2.9,4.83
2026-03-26T14:13:56.335503+00:00,13.615578,1774534436335502712,1143332,1774534436335216384,right,ON,2.9,4.83
2026-03-26T14:13:56.351400+00:00,13.631476,1774534436351400212,1143348,1774534436351256576,right,ON,2.9,4.83
2026-03-26T14:13:56.367529+00:00,13.647604,1774534436367528712,1143364,1774534436367308032,right,ON,2.9,4.83
2026-03-26T14:13:56.383667+00:00,13.663742,1774534436383666712,1143380,1774534436383378176,right,ON,2.9,4.75
2026-03-26T14:13:56.399129+00:00,13.679205,1774534436399129112,1143396,1774534436399397120,right,ON,2.9,4.83
2026-03-26T14:13:56.415626+00:00,13.695702,1774534436415626212,1143412,1774534436415453952,right,ON,2.9,4.83
2026-03-26T14:13:56.431257+00:00,13.711332,1774534436431256712,1143428,1774534436431467776,right,ON,2.9,4.83
2026-03-26T14:13:56.448633+00:00,13.728709,1774534436448633112,1143444,1774534436447573504,right,ON,2.9,4.83
2026-03-26T14:13:56.464555+00:00,13.744631,1774534436464555012,1143460,1774534436463683072,right,ON,2.9,4.83
2026-03-26T14:13:56.480008+00:00,13.760083,1774534436480007812,1143476,1774534436479737344,right,ON,2.9,4.83
2026-03-26T14:13:56.495663+00:00,13.775739,1774534436495663312,1143492,1774534436495779072,right,ON,2.9,4.83
2026-03-26T14:13:56.512144+00:00,13.792220,1774534436512144312,1143508,1774534436511853312,right,ON,2.9,4.83
2026-03-26T14:13:56.527692+00:00,13.807768,1774534436527692412,1143524,1774534436527881984,right,ON,2.9,4.83
2026-03-26T14:13:56.543897+00:00,13.823972,1774534436543896812,1143540,1774534436543933184,right,ON,2.9,4.83
2026-03-26T14:13:56.559788+00:00,13.839863,1774534436559787512,1143556,1774534436559958272,right,ON,2.9,4.83
2026-03-26T14:13:56.575686+00:00,13.855762,1774534436575686012,1143572,1774534436576005120,right,ON,2.9,4.83
2026-03-26T14:13:56.592183+00:00,13.872258,1774534436592182512,1143588,1774534436592068608,right,ON,2.9,4.83
2026-03-26T14:13:56.607517+00:00,13.887593,1774534436607517512,1143604,1774534436608071168,right,ON,2.9,4.83
2026-03-26T14:13:56.624411+00:00,13.904487,1774534436624411312,1143620,1774534436624133888,right,ON,2.9,4.83
2026-03-26T14:13:56.640429+00:00,13.920505,1774534436640429512,1143636,1774534436640207616,right,ON,2.9,4.83
2026-03-26T14:13:56.655729+00:00,13.935804,1774534436655728912,1143652,1774534436656228864,right,ON,2.9,4.83
2026-03-26T14:13:56.672205+00:00,13.952281,1774534436672205212,1143668,1774534436672282368,right,ON,2.9,4.83
2026-03-26T14:13:56.687607+00:00,13.967682,1774534436687606512,1143684,1774534436688275712,right,ON,2.9,4.83
2026-03-26T14:13:56.704400+00:00,13.984475,1774534436704399512,1143700,1774534436704324096,right,ON,2.9,4.83
2026-03-26T14:13:56.720447+00:00,14.000522,1774534436720446712,1143716,1774534436720387072,right,ON,2.9,4.83
2026-03-26T14:13:56.736117+00:00,14.016192,1774534436736116912,1143732,1774534436736400128,right,ON,2.9,4.83
2026-03-26T14:13:56.752450+00:00,14.032526,1774534436752450312,1143748,1774534436752448512,right,ON,2.9,4.83
2026-03-26T14:13:56.768835+00:00,14.048911,1774534436768835312,1143764,1774534436768527104,right,ON,2.9,4.83
2026-03-26T14:13:56.784041+00:00,14.064116,1774534436784040712,1143780,1774534436784533248,right,ON,2.9,4.83
2026-03-26T14:13:56.800614+00:00,14.080689,1774534436800613912,1143796,1774534436800585472,right,ON,3.0,4.92
2026-03-26T14:13:56.816109+00:00,14.096185,1774534436816109212,1143812,1774534436816585728,right,ON,3.0,4.92
2026-03-26T14:13:56.832488+00:00,14.112564,1774534436832488312,1143828,1774534436832620544,right,ON,2.9,4.83
2026-03-26T14:13:56.848917+00:00,14.128992,1774534436848916712,1143844,1774534436848686080,right,ON,2.9,4.83
2026-03-26T14:13:56.864172+00:00,14.144248,1774534436864172312,1143860,1774534436864683008,right,ON,2.9,4.83
2026-03-26T14:13:56.880560+00:00,14.160635,1774534436880559712,1143876,1774534436880716800,right,ON,3.0,4.92
2026-03-26T14:13:56.896966+00:00,14.177042,1774534436896966112,1143892,1774534436896786176,right,ON,2.9,4.83
2026-03-26T14:13:56.912351+00:00,14.192427,1774534436912351112,1143908,1774534436912793088,right,ON,2.9,4.83
2026-03-26T14:13:56.928959+00:00,14.209034,1774534436928958912,1143924,1774534436928847360,right,ON,3.0,4.92
2026-03-26T14:13:56.944257+00:00,14.224333,1774534436944257312,1143940,1774534436944833024,right,ON,2.9,4.83
2026-03-26T14:13:56.961061+00:00,14.241137,1774534436961061412,1143956,1774534436960876544,right,ON,3.0,4.92
2026-03-26T14:13:56.977309+00:00,14.257384,1774534436977308412,1143972,1774534436976957184,right,ON,2.9,4.83
2026-03-26T14:13:56.992579+00:00,14.272654,1774534436992578512,1143988,1774534436992958720,right,ON,3.0,4.92
2026-03-26T14:13:57.009090+00:00,14.289166,1774534437009090012,1144004,1774534437009003264,right,ON,3.0,4.92
2026-03-26T14:13:57.025442+00:00,14.305518,1774534437025442412,1144020,1774534437025084928,right,ON,2.9,4.83
2026-03-26T14:13:57.041162+00:00,14.321237,1774534437041161512,1144036,1774534437041121280,right,ON,3.0,4.92
2026-03-26T14:13:57.057385+00:00,14.337460,1774534437057384912,1144052,1774534437057177600,right,ON,3.0,4.92
2026-03-26T14:13:57.072776+00:00,14.352852,1774534437072776212,1144068,1774534437073172480,right,ON,3.0,4.92
2026-03-26T14:13:57.089024+00:00,14.369099,1774534437089023912,1144084,1774534437089195264,right,ON,3.0,4.92
2026-03-26T14:13:57.106392+00:00,14.386467,1774534437106391912,1144100,1774534437105309952,right,ON,3.0,4.92
2026-03-26T14:13:57.142398+00:00,14.422474,1774534437142398312,1144116,1774534437122625024,right,ON,3.0,4.92
2026-03-26T14:13:57.145959+00:00,14.426035,1774534437145959212,1144132,1774534437139157248,right,ON,3.0,4.92
2026-03-26T14:13:57.153913+00:00,14.433989,1774534437153913412,1144148,1774534437155196672,right,ON,3.0,4.92
2026-03-26T14:13:57.169204+00:00,14.449280,1774534437169204112,1144164,1774534437171168000,right,ON,3.0,4.92
2026-03-26T14:13:57.185545+00:00,14.465620,1774534437185544612,1144180,1774534437187165184,right,ON,3.0,4.92
2026-03-26T14:13:57.200894+00:00,14.480970,1774534437200894012,1144196,1774534437203119616,right,ON,3.0,4.92
2026-03-26T14:13:57.217687+00:00,14.497763,1774534437217687112,1144212,1774534437219119104,right,ON,3.0,4.92
2026-03-26T14:13:57.233798+00:00,14.513874,1774534437233798012,1144228,1774534437235133440,right,ON,3.0,4.92
2026-03-26T14:13:57.249304+00:00,14.529379,1774534437249303912,1144244,1774534437251099136,right,ON,3.0,4.92
2026-03-26T14:13:57.265718+00:00,14.545794,1774534437265718012,1144260,1774534437267102464,right,ON,3.0,4.92
2026-03-26T14:13:57.282099+00:00,14.562174,1774534437282098812,1144276,1774534437283129344,right,ON,3.0,4.92
2026-03-26T14:13:57.298006+00:00,14.578081,1774534437298005412,1144292,1774534437299132160,right,ON,2.9,4.83
2026-03-26T14:13:57.314368+00:00,14.594443,1774534437314367912,1144308,1774534437315162112,right,ON,3.0,4.92
2026-03-26T14:13:57.329163+00:00,14.609238,1774534437329162412,1144324,1774534437331096576,right,ON,3.0,4.92
2026-03-26T14:13:57.347252+00:00,14.627327,1774534437347251712,1144340,1774534437347175680,right,ON,3.0,4.92
2026-03-26T14:13:57.362747+00:00,14.642822,1774534437362746712,1144356,1774534437363224832,right,ON,3.0,4.92
2026-03-26T14:13:57.377465+00:00,14.657540,1774534437377464912,1144372,1774534437379187968,right,ON,3.0,4.92
2026-03-26T14:13:57.394113+00:00,14.674189,1774534437394113312,1144388,1774534437395191552,right,ON,3.0,4.92
2026-03-26T14:13:57.410325+00:00,14.690400,1774534437410324612,1144404,1774534437411208448,right,ON,3.0,4.92
2026-03-26T14:13:57.425620+00:00,14.705695,1774534437425619812,1144420,1774534437427161856,right,ON,3.0,4.92
2026-03-26T14:13:57.442114+00:00,14.722190,1774534437442114212,1144436,1774534437443157504,right,ON,3.0,4.92
2026-03-26T14:13:57.457750+00:00,14.737825,1774534437457749512,1144452,1774534437459115520,right,ON,3.0,4.92
2026-03-26T14:13:57.473989+00:00,14.754065,1774534437473989212,1144468,1774534437475127808,right,ON,3.0,4.92
2026-03-26T14:13:57.490615+00:00,14.770691,1774534437490615012,1144484,1774534437491173888,right,ON,3.0,4.92
2026-03-26T14:13:57.505663+00:00,14.785739,1774534437505663412,1144500,1774534437507141632,right,ON,3.0,4.92
2026-03-26T14:13:57.522354+00:00,14.802430,1774534437522354312,1144516,1774534437523138560,right,ON,3.0,4.92
2026-03-26T14:13:57.538750+00:00,14.818826,1774534437538750112,1144532,1774534437539170304,right,ON,3.0,4.92
2026-03-26T14:13:57.554382+00:00,14.834458,1774534437554382112,1144548,1774534437555162368,right,ON,3.0,4.92
2026-03-26T14:13:57.570583+00:00,14.850659,1774534437570583012,1144564,1774534437571169024,right,ON,3.0,4.92
2026-03-26T14:13:57.586510+00:00,14.866586,1774534437586510212,1144580,1774534437587163648,right,ON,3.0,4.92
2026-03-26T14:13:57.602497+00:00,14.882572,1774534437602496412,1144596,1774534437603150592,right,ON,3.0,4.92
2026-03-26T14:13:57.618796+00:00,14.898872,1774534437618796312,1144612,1774534437619167232,right,ON,3.0,4.92
2026-03-26T14:13:57.634440+00:00,14.914515,1774534437634439612,1144628,1774534437635137792,right,ON,3.0,5.01
2026-03-26T14:13:57.650496+00:00,14.930571,1774534437650495912,1144644,1774534437651135232,right,ON,3.0,4.92
2026-03-26T14:13:57.667049+00:00,14.947125,1774534437667049312,1144660,1774534437667163904,right,ON,3.0,4.92
2026-03-26T14:13:57.682426+00:00,14.962502,1774534437682426212,1144676,1774534437683129344,right,ON,3.0,4.92
2026-03-26T14:13:57.699011+00:00,14.979087,1774534437699011312,1144692,1774534437699141120,right,ON,3.0,5.01
2026-03-26T14:13:57.714297+00:00,14.994373,1774534437714297012,1144708,1774534437715086592,right,ON,3.0,5.01
2026-03-26T14:13:57.730617+00:00,15.010693,1774534437730617212,1144724,1774534437731072512,right,ON,3.0,5.01
2026-03-26T14:13:57.746964+00:00,15.027039,1774534437746963912,1144740,1774534437747077888,right,ON,3.0,4.92
2026-03-26T14:13:57.762552+00:00,15.042628,1774534437762552612,1144756,1774534437763044096,right,ON,3.0,5.01
2026-03-26T14:13:57.781807+00:00,15.061882,1774534437781806912,1144772,1774534437779216128,right,ON,3.0,4.92
2026-03-26T14:13:57.795295+00:00,15.075371,1774534437795295612,1144788,1774534437795238912,right,ON,3.0,5.01
2026-03-26T14:13:57.810750+00:00,15.090825,1774534437810749612,1144804,1774534437811200256,right,ON,3.0,4.92
2026-03-26T14:13:57.827007+00:00,15.107083,1774534437827007312,1144820,1774534437827191296,right,ON,3.0,5.01
2026-03-26T14:13:57.842457+00:00,15.122533,1774534437842457212,1144836,1774534437843129088,right,ON,3.0,4.92
2026-03-26T14:13:57.858846+00:00,15.138921,1774534437858845712,1144852,1774534437859099648,right,ON,3.0,4.92
2026-03-26T14:13:57.875336+00:00,15.155412,1774534437875336112,1144868,1774534437875109888,right,ON,3.0,4.92
2026-03-26T14:13:57.890771+00:00,15.170846,1774534437890770812,1144884,1774534437891058688,right,ON,3.0,4.92
2026-03-26T14:13:57.907252+00:00,15.187328,1774534437907252012,1144900,1774534437907045376,right,ON,3.0,4.92
2026-03-26T14:13:57.923658+00:00,15.203734,1774534437923658112,1144916,1774534437923065856,right,ON,3.0,4.92
2026-03-26T14:13:57.939067+00:00,15.219143,1774534437939067412,1144932,1774534437939026944,right,ON,3.0,4.92
2026-03-26T14:13:57.955366+00:00,15.235442,1774534437955366412,1144948,1774534437955021312,right,ON,3.0,4.92
2026-03-26T14:13:57.970756+00:00,15.250831,1774534437970755812,1144964,1774534437970953216,right,ON,3.0,4.92
2026-03-26T14:13:57.987264+00:00,15.267340,1774534437987264112,1144980,1774534437986937600,right,ON,3.0,4.92
2026-03-26T14:13:58.003705+00:00,15.283781,1774534438003705112,1144996,1774534438002953472,right,ON,3.0,4.92
2026-03-26T14:13:58.019095+00:00,15.299170,1774534438019094812,1145012,1774534438018905600,right,ON,3.0,4.92
2026-03-26T14:13:58.035550+00:00,15.315625,1774534438035549712,1145028,1774534438034897920,right,ON,3.0,4.92
2026-03-26T14:13:58.051849+00:00,15.331924,1774534438051848912,1145044,1774534438050916352,right,ON,3.0,4.92
2026-03-26T14:13:58.067240+00:00,15.347315,1774534438067239912,1145060,1774534438066885120,right,ON,3.0,4.92
2026-03-26T14:13:58.083758+00:00,15.363834,1774534438083758112,1145076,1774534438082889216,right,ON,3.0,4.92
2026-03-26T14:13:58.099140+00:00,15.379216,1774534438099140012,1145092,1774534438098833664,right,ON,3.0,5.01
2026-03-26T14:13:58.115582+00:00,15.395657,1774534438115581912,1145108,1774534438114808832,right,ON,3.0,4.92
2026-03-26T14:13:58.132038+00:00,15.412113,1774534438132037912,1145124,1774534438130851328,right,ON,3.0,4.92
2026-03-26T14:13:58.147317+00:00,15.427392,1774534438147316712,1145140,1774534438147472640,right,ON,3.0,4.92
2026-03-26T14:13:58.163780+00:00,15.443855,1774534438163779912,1145156,1774534438163760640,right,ON,3.0,4.92
2026-03-26T14:13:58.180571+00:00,15.460647,1774534438180571512,1145172,1774534438179855104,right,ON,3.0,4.92
2026-03-26T14:13:58.195670+00:00,15.475746,1774534438195670112,1145188,1774534438195867904,right,ON,3.0,4.92
2026-03-26T14:13:58.212074+00:00,15.492149,1774534438212073812,1145204,1774534438211912704,right,ON,3.0,4.92
2026-03-26T14:13:58.227527+00:00,15.507603,1774534438227527412,1145220,1774534438227900160,right,ON,3.0,4.92
2026-03-26T14:13:58.243895+00:00,15.523970,1774534438243894912,1145236,1774534438243930880,right,ON,3.0,4.92
2026-03-26T14:13:58.260417+00:00,15.540492,1774534438260416812,1145252,1774534438259993856,right,ON,3.0,5.01
2026-03-26T14:13:58.275651+00:00,15.555726,1774534438275650912,1145268,1774534438275991040,right,ON,3.0,4.92
2026-03-26T14:13:58.292086+00:00,15.572161,1774534438292085812,1145284,1774534438292024064,right,ON,3.0,4.92
2026-03-26T14:13:58.308710+00:00,15.588785,1774534438308709612,1145300,1774534438308103936,right,ON,3.0,4.92
2026-03-26T14:13:58.324020+00:00,15.604095,1774534438324019912,1145316,1774534438324134912,right,ON,3.0,4.92
2026-03-26T14:13:58.340569+00:00,15.620644,1774534438340568812,1145332,1774534438340207616,right,ON,3.0,4.92
2026-03-26T14:13:58.355881+00:00,15.635957,1774534438355881412,1145348,1774534438356197632,right,ON,3.0,4.92
2026-03-26T14:13:58.372177+00:00,15.652253,1774534438372177312,1145364,1774534438372267008,right,ON,3.0,5.01
2026-03-26T14:13:58.388758+00:00,15.668834,1774534438388758012,1145380,1774534438388354816,right,ON,3.0,4.92
2026-03-26T14:13:58.404002+00:00,15.684078,1774534438404002112,1145396,1774534438404353536,right,ON,3.0,4.92
2026-03-26T14:13:58.420644+00:00,15.700720,1774534438420644412,1145412,1774534438420408064,right,ON,3.0,4.92
2026-03-26T14:13:58.436862+00:00,15.716938,1774534438436862212,1145428,1774534438436478720,right,ON,3.0,4.92
2026-03-26T14:13:58.452404+00:00,15.732480,1774534438452404512,1145444,1774534438452496128,right,ON,3.0,4.92
2026-03-26T14:13:58.468745+00:00,15.748821,1774534438468745212,1145460,1774534438468545280,right,ON,3.0,4.92
2026-03-26T14:13:58.484051+00:00,15.764126,1774534438484050712,1145476,1774534438484537088,right,ON,3.0,4.92
2026-03-26T14:13:58.500474+00:00,15.780550,1774534438500474112,1145492,1774534438500558848,right,ON,3.0,4.92
2026-03-26T14:13:58.516957+00:00,15.797032,1774534438516956812,1145508,1774534438516626176,right,ON,3.0,4.92
2026-03-26T14:13:58.532507+00:00,15.812583,1774534438532507212,1145524,1774534438532632832,right,ON,3.0,4.92
2026-03-26T14:13:58.548828+00:00,15.828904,1774534438548828312,1145540,1774534438548676608,right,ON,3.0,4.92
2026-03-26T14:13:58.565371+00:00,15.845446,1774534438565370612,1145556,1774534438564762112,right,ON,3.0,4.92
2026-03-26T14:13:58.580708+00:00,15.860784,1774534438580708112,1145572,1774534438580792064,right,ON,3.0,4.92
2026-03-26T14:13:58.596960+00:00,15.877036,1774534438596960312,1145588,1774534438596840448,right,ON,3.0,4.92
2026-03-26T14:13:58.612486+00:00,15.892562,1774534438612486112,1145604,1774534438612854016,right,ON,3.0,5.01
2026-03-26T14:13:58.628860+00:00,15.908935,1774534438628859712,1145620,1774534438628887040,right,ON,3.0,4.92
2026-03-26T14:13:58.645427+00:00,15.925503,1774534438645427212,1145636,1774534438644961024,right,ON,3.0,4.92
2026-03-26T14:13:58.660775+00:00,15.940851,1774534438660775112,1145652,1774534438660979968,right,ON,3.0,4.92
2026-03-26T14:13:58.677183+00:00,15.957258,1774534438677182912,1145668,1774534438677022208,right,ON,3.0,4.92
2026-03-26T14:13:58.693735+00:00,15.973810,1774534438693734612,1145684,1774534438693111552,right,ON,3.0,4.92
2026-03-26T14:13:58.708870+00:00,15.988946,1774534438708870512,1145700,1774534438709124864,right,ON,3.0,4.92
2026-03-26T14:13:58.725335+00:00,16.005411,1774534438725335112,1145716,1774534438725181440,right,ON,3.0,5.01
2026-03-26T14:13:58.740741+00:00,16.020816,1774534438740740912,1145732,1774534438741175552,right,ON,3.0,5.01
2026-03-26T14:13:58.757277+00:00,16.037352,1774534438757276512,1145748,1774534438757209344,right,ON,3.0,4.92
2026-03-26T14:13:58.773661+00:00,16.053737,1774534438773661112,1145764,1774534438773273600,right,ON,3.0,4.92
2026-03-26T14:13:58.789120+00:00,16.069196,1774534438789120012,1145780,1774534438789287680,right,ON,3.0,4.92
2026-03-26T14:13:58.805533+00:00,16.085608,1774534438805532812,1145796,1774534438805425152,right,ON,3.0,5.01
2026-03-26T14:13:58.821803+00:00,16.101878,1774534438821802912,1145812,1774534438821501440,right,ON,3.0,4.92
2026-03-26T14:13:58.837270+00:00,16.117345,1774534438837269612,1145828,1774534438837523968,right,ON,3.0,4.92
2026-03-26T14:13:58.853773+00:00,16.133849,1774534438853773412,1145844,1774534438853581824,right,ON,3.0,4.92
2026-03-26T14:13:58.869144+00:00,16.149219,1774534438869143812,1145860,1774534438869580288,right,ON,3.0,4.92
2026-03-26T14:13:58.885669+00:00,16.165745,1774534438885669312,1145876,1774534438885618944,right,ON,3.0,4.92
2026-03-26T14:13:58.902097+00:00,16.182172,1774534438902096612,1145892,1774534438901694720,right,ON,3.0,4.92
2026-03-26T14:13:58.917286+00:00,16.197361,1774534438917285712,1145908,1774534438917699584,right,ON,3.0,4.92
2026-03-26T14:13:58.933743+00:00,16.213819,1774534438933743012,1145924,1774534438933743872,right,ON,3.0,4.92
2026-03-26T14:13:58.950168+00:00,16.230243,1774534438950167712,1145940,1774534438949822976,right,ON,3.0,4.92
2026-03-26T14:13:58.965621+00:00,16.245697,1774534438965621312,1145956,1774534438965846528,right,ON,3.0,4.92
2026-03-26T14:13:58.982031+00:00,16.262107,1774534438982031412,1145972,1774534438981901056,right,ON,3.0,4.92
2026-03-26T14:13:58.997458+00:00,16.277533,1774534438997457712,1145988,1774534438997897472,right,ON,3.0,4.92
2026-03-26T14:13:59.013920+00:00,16.293995,1774534439013919712,1146004,1774534439013934080,right,ON,3.0,4.92
2026-03-26T14:13:59.030340+00:00,16.310416,1774534439030340312,1146020,1774534439030006528,right,ON,3.0,4.92
2026-03-26T14:13:59.045711+00:00,16.325787,1774534439045711112,1146036,1774534439046017536,right,ON,3.0,4.92
2026-03-26T14:13:59.062069+00:00,16.342145,1774534439062069412,1146052,1774534439062060800,right,ON,3.0,4.92
2026-03-26T14:13:59.078466+00:00,16.358541,1774534439078465912,1146068,1774534439078134016,right,ON,3.0,4.92
2026-03-26T14:13:59.093935+00:00,16.374011,1774534439093935212,1146084,1774534439094151936,right,ON,3.0,5.01
2026-03-26T14:13:59.110341+00:00,16.390416,1774534439110340512,1146100,1774534439110207232,right,ON,3.0,4.92
2026-03-26T14:13:59.125812+00:00,16.405888,1774534439125812212,1146116,1774534439126206976,right,ON,3.0,4.92
2026-03-26T14:13:59.142069+00:00,16.422145,1774534439142069312,1146132,1774534439142232320,right,ON,3.0,4.92
2026-03-26T14:13:59.158566+00:00,16.438642,1774534439158566312,1146148,1774534439158298880,right,ON,3.0,4.92
2026-03-26T14:13:59.173899+00:00,16.453975,1774534439173899512,1146164,1774534439174298368,right,ON,3.0,4.92
2026-03-26T14:13:59.190487+00:00,16.470563,1774534439190487412,1146180,1774534439190344448,right,ON,3.0,4.92
2026-03-26T14:13:59.206841+00:00,16.486917,1774534439206841112,1146196,1774534439206433280,right,ON,3.0,4.92
2026-03-26T14:13:59.222357+00:00,16.502432,1774534439222356812,1146212,1774534439222460928,right,ON,3.0,4.92
2026-03-26T14:13:59.238586+00:00,16.518661,1774534439238585612,1146228,1774534439238511360,right,ON,3.0,4.92
2026-03-26T14:13:59.254067+00:00,16.534143,1774534439254067012,1146244,1774534439254509056,right,ON,3.0,4.92
2026-03-26T14:13:59.270461+00:00,16.550536,1774534439270460612,1146260,1774534439270539008,right,ON,3.0,5.01
2026-03-26T14:13:59.286965+00:00,16.567041,1774534439286965212,1146276,1774534439286612224,right,ON,3.0,4.92
2026-03-26T14:13:59.302370+00:00,16.582446,1774534439302370212,1146292,1774534439302621440,right,ON,3.0,4.92
2026-03-26T14:13:59.318871+00:00,16.598946,1774534439318870812,1146308,1774534439318671104,right,ON,3.0,4.92
2026-03-26T14:13:59.335242+00:00,16.615318,1774534439335242312,1146324,1774534439334758912,right,ON,3.0,4.92
2026-03-26T14:13:59.350552+00:00,16.630627,1774534439350551712,1146340,1774534439350779136,right,ON,3.0,4.92
2026-03-26T14:13:59.366982+00:00,16.647058,1774534439366982312,1146356,1774534439366839296,right,ON,3.0,4.92
2026-03-26T14:13:59.382451+00:00,16.662526,1774534439382450912,1146372,1774534439382842112,right,ON,3.0,4.92
2026-03-26T14:13:59.398840+00:00,16.678915,1774534439398839912,1146388,1774534439398873856,right,ON,3.0,4.92
2026-03-26T14:13:59.415292+00:00,16.695368,1774534439415292112,1146404,1774534439414947840,right,ON,3.0,4.92
2026-03-26T14:13:59.430712+00:00,16.710788,1774534439430712512,1146420,1774534439430959104,right,ON,3.0,4.92
2026-03-26T14:13:59.446963+00:00,16.727039,1774534439446963212,1146436,1774534439447001856,right,ON,3.0,4.92
2026-03-26T14:13:59.463451+00:00,16.743526,1774534439463450612,1146452,1774534439463077888,right,ON,3.0,4.92
2026-03-26T14:13:59.478947+00:00,16.759022,1774534439478946712,1146468,1774534439479105024,right,ON,3.0,4.92
2026-03-26T14:13:59.495342+00:00,16.775417,1774534439495341712,1146484,1774534439495163136,right,ON,3.0,4.92
2026-03-26T14:13:59.510749+00:00,16.790824,1774534439510748712,1146500,1774534439511159808,right,ON,3.0,4.92
2026-03-26T14:13:59.527318+00:00,16.807393,1774534439527317612,1146516,1774534439527200512,right,ON,3.0,4.92
2026-03-26T14:13:59.543655+00:00,16.823731,1774534439543655012,1146532,1774534439543272704,right,ON,3.0,4.92
2026-03-26T14:13:59.558917+00:00,16.838992,1774534439558916512,1146548,1774534439559281920,right,ON,3.0,4.92
2026-03-26T14:13:59.575368+00:00,16.855444,1774534439575368412,1146564,1774534439575325184,right,ON,3.0,4.92
2026-03-26T14:13:59.591797+00:00,16.871872,1774534439591796712,1146580,1774534439591408128,right,ON,3.0,4.92
2026-03-26T14:13:59.607237+00:00,16.887313,1774534439607237012,1146596,1774534439607432448,right,ON,3.0,4.92
2026-03-26T14:13:59.623688+00:00,16.903763,1774534439623687712,1146612,1774534439623488768,right,ON,3.0,4.92
2026-03-26T14:13:59.639133+00:00,16.919209,1774534439639133512,1146628,1774534439639492096,right,ON,3.0,4.92
2026-03-26T14:13:59.655415+00:00,16.935490,1774534439655414612,1146644,1774534439655520768,right,ON,3.0,4.92
2026-03-26T14:13:59.671850+00:00,16.951926,1774534439671850212,1146660,1774534439671590144,right,ON,3.0,4.92
2026-03-26T14:13:59.687316+00:00,16.967391,1774534439687315712,1146676,1774534439687602944,right,ON,3.0,4.92
2026-03-26T14:13:59.703761+00:00,16.983836,1774534439703760612,1146692,1774534439703651840,right,ON,3.0,4.92
2026-03-26T14:13:59.720232+00:00,17.000308,1774534439720232512,1146708,1774534439719742976,right,ON,3.0,4.92
2026-03-26T14:13:59.735457+00:00,17.015533,1774534439735457312,1146724,1774534439735756288,right,ON,3.0,4.92
2026-03-26T14:13:59.751931+00:00,17.032006,1774534439751930912,1146740,1774534439751809536,right,ON,3.0,4.92
2026-03-26T14:13:59.767363+00:00,17.047438,1774534439767362812,1146756,1774534439767805440,right,ON,3.0,4.92
2026-03-26T14:13:59.783854+00:00,17.063930,1774534439783854012,1146772,1774534439783844864,right,ON,3.0,4.92
2026-03-26T14:13:59.800248+00:00,17.080323,1774534439800247812,1146788,1774534439799916032,right,ON,3.0,4.92
2026-03-26T14:13:59.815677+00:00,17.095752,1774534439815676912,1146804,1774534439815932160,right,ON,3.0,4.92
2026-03-26T14:13:59.831959+00:00,17.112034,1774534439831958412,1146820,1774534439831974400,right,ON,3.0,4.92
2026-03-26T14:13:59.848427+00:00,17.128502,1774534439848426912,1146836,1774534439848049920,right,ON,3.0,4.92
2026-03-26T14:13:59.863861+00:00,17.143936,1774534439863860712,1146852,1774534439864070656,right,ON,3.0,4.92
2026-03-26T14:13:59.880311+00:00,17.160387,1774534439880311412,1146868,1774534439880131072,right,ON,3.0,4.92
2026-03-26T14:13:59.895804+00:00,17.175879,1774534439895803612,1146884,1774534439896137216,right,ON,3.0,4.92
2026-03-26T14:13:59.912217+00:00,17.192293,1774534439912217112,1146900,1774534439912180992,right,ON,3.0,4.92
2026-03-26T14:13:59.928482+00:00,17.208557,1774534439928481512,1146916,1774534439928250624,right,ON,3.0,4.92
2026-03-26T14:13:59.943928+00:00,17.224003,1774534439943927612,1146932,1774534439944257792,right,ON,3.0,5.01
2026-03-26T14:13:59.960844+00:00,17.240919,1774534439960843612,1146948,1774534439960331264,right,ON,3.0,4.92
2026-03-26T14:13:59.976807+00:00,17.256882,1774534439976806712,1146964,1774534439976411136,right,ON,3.0,4.92
2026-03-26T14:13:59.992276+00:00,17.272352,1774534439992276512,1146980,1774534439992437760,right,ON,3.0,4.92
2026-03-26T14:14:00.008546+00:00,17.288622,1774534440008546312,1146996,1774534440008489984,right,ON,3.0,4.92
2026-03-26T14:14:00.023963+00:00,17.304039,1774534440023963412,1147012,1774534440024485120,right,ON,3.0,4.92
2026-03-26T14:14:00.040412+00:00,17.320487,1774534440040411812,1147028,1774534440040518400,right,ON,3.0,4.92
2026-03-26T14:14:00.056872+00:00,17.336947,1774534440056871612,1147044,1774534440056589312,right,ON,3.0,4.92
2026-03-26T14:14:00.072288+00:00,17.352364,1774534440072288212,1147060,1774534440072601344,right,ON,3.0,4.92
2026-03-26T14:14:00.088767+00:00,17.368842,1774534440088766712,1147076,1774534440088649728,right,ON,3.0,4.92
2026-03-26T14:14:00.105218+00:00,17.385294,1774534440105218212,1147092,1774534440104734464,right,ON,3.0,4.92
2026-03-26T14:14:00.120430+00:00,17.400506,1774534440120430312,1147108,1774534440120750848,right,ON,3.0,4.92
2026-03-26T14:14:00.136863+00:00,17.416939,1774534440136863112,1147124,1774534440136802304,right,ON,3.0,4.92
2026-03-26T14:14:00.152304+00:00,17.432379,1774534440152303512,1147140,1774534440152799488,right,ON,3.0,4.92
2026-03-26T14:14:00.168710+00:00,17.448785,1774534440168709812,1147156,1774534440168826112,right,ON,3.0,4.92
2026-03-26T14:14:00.185775+00:00,17.465850,1774534440185774512,1147172,1774534440184929280,right,ON,3.0,4.92
2026-03-26T14:14:00.200600+00:00,17.480676,1774534440200600212,1147188,1774534440200935168,right,ON,3.0,4.92
2026-03-26T14:14:00.216903+00:00,17.496979,1774534440216903112,1147204,1774534440216974336,right,ON,3.0,4.92
2026-03-26T14:14:00.233395+00:00,17.513471,1774534440233395212,1147220,1774534440233050880,right,ON,3.0,4.92
2026-03-26T14:14:00.248775+00:00,17.528851,1774534440248775212,1147236,1774534440249070848,right,ON,3.0,4.92
2026-03-26T14:14:00.265282+00:00,17.545358,1774534440265282312,1147252,1774534440265125376,right,ON,3.0,4.92
2026-03-26T14:14:00.280713+00:00,17.560788,1774534440280712812,1147268,1774534440281125120,right,ON,3.0,4.92
2026-03-26T14:14:00.297143+00:00,17.577219,1774534440297143012,1147284,1774534440297159680,right,ON,3.0,4.92
2026-03-26T14:14:00.313576+00:00,17.593652,1774534440313576012,1147300,1774534440313232640,right,ON,2.9,4.83
2026-03-26T14:14:00.328824+00:00,17.608899,1774534440328823512,1147316,1774534440329236992,right,ON,3.0,4.92
2026-03-26T14:14:00.345424+00:00,17.625500,1774534440345424412,1147332,1774534440345290240,right,ON,3.0,4.92
2026-03-26T14:14:00.361697+00:00,17.641772,1774534440361696812,1147348,1774534440361368320,right,ON,3.0,4.92
2026-03-26T14:14:00.377181+00:00,17.657257,1774534440377181312,1147364,1774534440377389568,right,ON,3.0,4.92
2026-03-26T14:14:00.395003+00:00,17.675079,1774534440395003512,1147380,1774534440393531648,right,ON,3.0,4.92
2026-03-26T14:14:00.409073+00:00,17.689148,1774534440409072812,1147396,1774534440409533440,right,ON,3.0,4.92
2026-03-26T14:14:00.425491+00:00,17.705567,1774534440425491312,1147412,1774534440425569280,right,ON,3.0,4.92
2026-03-26T14:14:00.441694+00:00,17.721770,1774534440441694412,1147428,1774534440441627904,right,ON,3.0,4.92
2026-03-26T14:14:00.457204+00:00,17.737280,1774534440457204012,1147444,1774534440457634816,right,ON,3.0,4.92
2026-03-26T14:14:00.473574+00:00,17.753649,1774534440473573712,1147460,1774534440473668608,right,ON,3.0,4.92
2026-03-26T14:14:00.490091+00:00,17.770166,1774534440490090512,1147476,1774534440489745664,right,ON,3.0,5.01
2026-03-26T14:14:00.505570+00:00,17.785645,1774534440505569712,1147492,1774534440505771008,right,ON,3.0,5.01
2026-03-26T14:14:00.521951+00:00,17.802026,1774534440521950812,1147508,1774534440521828096,right,ON,3.0,5.01
2026-03-26T14:14:00.537379+00:00,17.817454,1774534440537378612,1147524,1774534440537828096,right,ON,3.0,4.92
2026-03-26T14:14:00.553758+00:00,17.833834,1774534440553758012,1147540,1774534440553865472,right,ON,3.0,5.01
2026-03-26T14:14:00.570061+00:00,17.850136,1774534440570060812,1147556,1774534440569928448,right,ON,3.0,4.92
2026-03-26T14:14:00.585517+00:00,17.865592,1774534440585516712,1147572,1774534440585931264,right,ON,3.0,5.01
2026-03-26T14:14:00.602016+00:00,17.882091,1774534440602015712,1147588,1774534440601975040,right,ON,3.0,5.01
2026-03-26T14:14:00.618484+00:00,17.898560,1774534440618484112,1147604,1774534440618057216,right,ON,3.0,5.01
2026-03-26T14:14:00.635825+00:00,17.915901,1774534440635825312,1147620,1774534440634199552,right,ON,3.0,5.01
2026-03-26T14:14:00.650199+00:00,17.930274,1774534440650198912,1147636,1774534440650250240,right,ON,3.0,5.01
2026-03-26T14:14:00.665618+00:00,17.945693,1774534440665617712,1147652,1774534440666244352,right,ON,3.0,5.01
2026-03-26T14:14:00.681999+00:00,17.962075,1774534440681999112,1147668,1774534440682267136,right,ON,3.1,5.1
2026-03-26T14:14:00.698536+00:00,17.978612,1774534440698536112,1147684,1774534440698332672,right,ON,3.1,5.1
2026-03-26T14:14:00.713933+00:00,17.994009,1774534440713933012,1147700,1774534440714340608,right,ON,3.1,5.1
2026-03-26T14:14:00.730395+00:00,18.010470,1774534440730394512,1147716,1774534440730386944,right,ON,3.1,5.1
2026-03-26T14:14:00.746717+00:00,18.026793,1774534440746717512,1147732,1774534440746464000,right,ON,3.1,5.1
2026-03-26T14:14:00.762114+00:00,18.042190,1774534440762114212,1147748,1774534440762476288,right,ON,3.1,5.19
2026-03-26T14:14:00.778527+00:00,18.058603,1774534440778527312,1147764,1774534440778524672,right,ON,3.1,5.1
2026-03-26T14:14:00.793983+00:00,18.074058,1774534440793982712,1147780,1774534440794518528,right,ON,3.1,5.1
2026-03-26T14:14:00.810392+00:00,18.090468,1774534440810392212,1147796,1774534440810548992,right,ON,3.1,5.1
2026-03-26T14:14:00.826849+00:00,18.106924,1774534440826848612,1147812,1774534440826615808,right,ON,3.1,5.1
2026-03-26T14:14:00.842159+00:00,18.122235,1774534440842159312,1147828,1774534440842619136,right,ON,3.1,5.1
2026-03-26T14:14:00.859517+00:00,18.139592,1774534440859516612,1147844,1774534440858710272,right,ON,3.1,5.19
2026-03-26T14:14:00.875007+00:00,18.155083,1774534440875007212,1147860,1774534440874779904,right,ON,3.1,5.1
2026-03-26T14:14:00.890542+00:00,18.170618,1774534440890542312,1147876,1774534440890799616,right,ON,3.1,5.19
2026-03-26T14:14:00.906942+00:00,18.187017,1774534440906941812,1147892,1774534440906854400,right,ON,3.1,5.1
2026-03-26T14:14:00.922328+00:00,18.202404,1774534440922328412,1147908,1774534440922851584,right,ON,3.1,5.19
2026-03-26T14:14:00.938579+00:00,18.218655,1774534440938579112,1147924,1774534440938873600,right,ON,3.1,5.1
2026-03-26T14:14:00.955148+00:00,18.235224,1774534440955148512,1147940,1774534440954935040,right,ON,3.1,5.19
2026-03-26T14:14:00.970477+00:00,18.250553,1774534440970477012,1147956,1774534440970934528,right,ON,3.1,5.19
2026-03-26T14:14:00.986979+00:00,18.267054,1774534440986978912,1147972,1774534440986989568,right,ON,3.1,5.19
2026-03-26T14:14:01.003460+00:00,18.283536,1774534441003460412,1147988,1774534441003069696,right,ON,3.1,5.1
2026-03-26T14:14:01.018867+00:00,18.298942,1774534441018866312,1148004,1774534441019093248,right,ON,3.1,5.19
2026-03-26T14:14:01.035206+00:00,18.315281,1774534441035205512,1148020,1774534441035142144,right,ON,3.1,5.19
2026-03-26T14:14:01.050601+00:00,18.330677,1774534441050601012,1148036,1774534441051132160,right,ON,3.1,5.1
2026-03-26T14:14:01.067452+00:00,18.347527,1774534441067451912,1148052,1774534441067184384,right,ON,3.1,5.1
2026-03-26T14:14:01.083437+00:00,18.363512,1774534441083436912,1148068,1774534441083245568,right,ON,3.1,5.1
2026-03-26T14:14:01.098941+00:00,18.379016,1774534441098940712,1148084,1774534441099254528,right,ON,3.1,5.1
2026-03-26T14:14:01.115215+00:00,18.395290,1774534441115214612,1148100,1774534441115291392,right,ON,3.1,5.19
2026-03-26T14:14:01.131743+00:00,18.411819,1774534441131743112,1148116,1774534441131371008,right,ON,3.1,5.19
2026-03-26T14:14:01.147077+00:00,18.427152,1774534441147076812,1148132,1774534441147381760,right,ON,3.1,5.19
2026-03-26T14:14:01.163781+00:00,18.443856,1774534441163780612,1148148,1774534441163445248,right,ON,3.1,5.1
2026-03-26T14:14:01.178962+00:00,18.459038,1774534441178962212,1148164,1774534441179436800,right,ON,3.1,5.19
2026-03-26T14:14:01.195425+00:00,18.475501,1774534441195425112,1148180,1774534441195465728,right,ON,3.1,5.19
2026-03-26T14:14:01.211845+00:00,18.491921,1774534441211845312,1148196,1774534441211549696,right,ON,3.1,5.1
2026-03-26T14:14:01.227144+00:00,18.507220,1774534441227144112,1148212,1774534441227550976,right,ON,3.1,5.1
2026-03-26T14:14:01.243592+00:00,18.523667,1774534441243591912,1148228,1774534441243585280,right,ON,3.1,5.1
2026-03-26T14:14:01.260068+00:00,18.540143,1774534441260067712,1148244,1774534441259660288,right,ON,3.1,5.1
2026-03-26T14:14:01.275483+00:00,18.555558,1774534441275482612,1148260,1774534441275676416,right,ON,3.1,5.1
2026-03-26T14:14:01.292054+00:00,18.572130,1774534441292054112,1148276,1774534441291739392,right,ON,3.1,5.1
2026-03-26T14:14:01.307369+00:00,18.587445,1774534441307369512,1148292,1774534441307738880,right,ON,3.1,5.1
2026-03-26T14:14:01.323719+00:00,18.603795,1774534441323719012,1148308,1774534441323769088,right,ON,3.1,5.1
2026-03-26T14:14:01.340067+00:00,18.620142,1774534441340066512,1148324,1774534441339830528,right,ON,3.0,5.01
2026-03-26T14:14:01.355502+00:00,18.635578,1774534441355502312,1148340,1774534441355830272,right,ON,3.1,5.1
2026-03-26T14:14:01.372058+00:00,18.652133,1774534441372057912,1148356,1774534441371878912,right,ON,3.0,5.01
2026-03-26T14:14:01.388426+00:00,18.668501,1774534441388425812,1148372,1774534441387954432,right,ON,3.0,5.01
2026-03-26T14:14:01.403830+00:00,18.683905,1774534441403829412,1148388,1774534441403973888,right,ON,3.0,5.01
2026-03-26T14:14:01.420354+00:00,18.700430,1774534441420354212,1148404,1774534441420078592,right,ON,3.1,5.1
2026-03-26T14:14:01.435567+00:00,18.715642,1774534441435566712,1148420,1774534441436072448,right,ON,3.0,5.01
2026-03-26T14:14:01.451957+00:00,18.732032,1774534441451956612,1148436,1774534441452100096,right,ON,3.0,5.01
2026-03-26T14:14:01.468417+00:00,18.748492,1774534441468416912,1148452,1774534441468158208,right,ON,3.0,5.01
2026-03-26T14:14:01.483882+00:00,18.763958,1774534441483882112,1148468,1774534441484164608,right,ON,3.0,5.01
2026-03-26T14:14:01.500437+00:00,18.780512,1774534441500436612,1148484,1774534441500212736,right,ON,3.0,5.01
2026-03-26T14:14:01.516776+00:00,18.796851,1774534441516775612,1148500,1774534441516293376,right,ON,3.0,5.01
2026-03-26T14:14:01.532295+00:00,18.812371,1774534441532295512,1148516,1774534441532324608,right,ON,3.0,4.92
2026-03-26T14:14:01.548459+00:00,18.828534,1774534441548458512,1148532,1774534441548373760,right,ON,3.0,4.92
2026-03-26T14:14:01.563890+00:00,18.843966,1774534441563890112,1148548,1774534441564366592,right,ON,3.0,5.01
2026-03-26T14:14:01.580442+00:00,18.860518,1774534441580442012,1148564,1774534441580401408,right,ON,3.0,4.92
2026-03-26T14:14:01.596800+00:00,18.876876,1774534441596800012,1148580,1774534441596463872,right,ON,3.0,4.92
2026-03-26T14:14:01.612229+00:00,18.892304,1774534441612228912,1148596,1774534441612470272,right,ON,3.0,5.01
2026-03-26T14:14:01.628698+00:00,18.908773,1774534441628697912,1148612,1774534441628517376,right,ON,3.0,4.92
2026-03-26T14:14:01.644977+00:00,18.925053,1774534441644977212,1148628,1774534441644591872,right,ON,3.0,4.92
2026-03-26T14:14:01.660436+00:00,18.940511,1774534441660435912,1148644,1774534441660671744,right,ON,3.0,4.92
2026-03-26T14:14:01.676872+00:00,18.956947,1774534441676871712,1148660,1774534441676726528,right,ON,3.0,4.92
2026-03-26T14:14:01.692264+00:00,18.972340,1774534441692264312,1148676,1774534441692722176,right,ON,3.0,4.92
2026-03-26T14:14:01.708767+00:00,18.988842,1774534441708766912,1148692,1774534441708756736,right,ON,3.0,4.92
2026-03-26T14:14:01.725252+00:00,19.005327,1774534441725251812,1148708,1774534441724833792,right,ON,3.0,4.92
2026-03-26T14:14:01.740518+00:00,19.020594,1774534441740518212,1148724,1774534441740843008,right,ON,3.0,4.92
2026-03-26T14:14:01.756884+00:00,19.036960,1774534441756884012,1148740,1774534441756885248,right,ON,3.0,4.92
2026-03-26T14:14:01.773338+00:00,19.053414,1774534441773338112,1148756,1774534441772962048,right,ON,3.0,4.92
2026-03-26T14:14:01.788762+00:00,19.068837,1774534441788761712,1148772,1774534441788980480,right,ON,3.0,4.92
2026-03-26T14:14:01.805213+00:00,19.085289,1774534441805213012,1148788,1774534441805036032,right,ON,2.9,4.83
2026-03-26T14:14:01.820627+00:00,19.100702,1774534441820626612,1148804,1774534441821035008,right,ON,3.0,4.92
2026-03-26T14:14:01.837091+00:00,19.117167,1774534441837091212,1148820,1774534441837070848,right,ON,3.0,4.92
2026-03-26T14:14:01.853364+00:00,19.133440,1774534441853364212,1148836,1774534441853134080,right,ON,3.0,4.92
2026-03-26T14:14:01.868792+00:00,19.148867,1774534441868791612,1148852,1774534441869136896,right,ON,3.0,4.92
2026-03-26T14:14:01.885241+00:00,19.165316,1774534441885240812,1148868,1774534441885206016,right,ON,3.0,4.92
2026-03-26T14:14:01.901723+00:00,19.181799,1774534441901723212,1148884,1774534441901286144,right,ON,3.0,4.92
2026-03-26T14:14:01.917149+00:00,19.197225,1774534441917149212,1148900,1774534441917312512,right,ON,3.0,4.92
2026-03-26T14:14:01.933592+00:00,19.213668,1774534441933592212,1148916,1774534441933374976,right,ON,2.9,4.83
2026-03-26T14:14:01.948865+00:00,19.228941,1774534441948865012,1148932,1774534441949370112,right,ON,3.0,4.92
2026-03-26T14:14:01.965301+00:00,19.245376,1774534441965300912,1148948,1774534441965395712,right,ON,3.0,4.92
2026-03-26T14:14:01.982102+00:00,19.262177,1774534441982101812,1148964,1774534441981484288,right,ON,3.0,4.92
2026-03-26T14:14:01.997206+00:00,19.277282,1774534441997206212,1148980,1774534441997492736,right,ON,3.0,4.92
2026-03-26T14:14:02.013677+00:00,19.293752,1774534442013676912,1148996,1774534442013541888,right,ON,3.0,4.92
2026-03-26T14:14:02.030034+00:00,19.310110,1774534442030034112,1149012,1774534442029624064,right,ON,3.0,4.92
2026-03-26T14:14:02.045366+00:00,19.325441,1774534442045365612,1149028,1774534442045643008,right,ON,3.0,4.92
2026-03-26T14:14:02.061762+00:00,19.341838,1774534442061762012,1149044,1774534442061692928,right,ON,3.0,4.92
2026-03-26T14:14:02.077239+00:00,19.357314,1774534442077238812,1149060,1774534442077688576,right,ON,3.0,4.92
2026-03-26T14:14:02.093680+00:00,19.373756,1774534442093680112,1149076,1774534442093733888,right,ON,3.0,4.92
2026-03-26T14:14:02.110166+00:00,19.390241,1774534442110165812,1149092,1774534442109805312,right,ON,3.0,4.92
2026-03-26T14:14:02.125787+00:00,19.405863,1774534442125787512,1149108,1774534442125833984,right,ON,3.0,4.92
2026-03-26T14:14:02.141828+00:00,19.421904,1774534442141828012,1149124,1774534442141869824,right,ON,3.0,4.92
2026-03-26T14:14:02.158667+00:00,19.438742,1774534442158666712,1149140,1774534442157969664,right,ON,3.0,4.92
2026-03-26T14:14:02.173829+00:00,19.453905,1774534442173829012,1149156,1774534442173992960,right,ON,3.0,4.92
2026-03-26T14:14:02.190226+00:00,19.470302,1774534442190226412,1149172,1774534442190058752,right,ON,3.0,4.92
2026-03-26T14:14:02.205620+00:00,19.485696,1774534442205620112,1149188,1774534442206058240,right,ON,3.0,4.92
2026-03-26T14:14:02.221890+00:00,19.501966,1774534442221890312,1149204,1774534442222085120,right,ON,3.0,4.92
2026-03-26T14:14:02.238330+00:00,19.518405,1774534442238329912,1149220,1774534442238148352,right,ON,3.0,4.92
2026-03-26T14:14:02.253829+00:00,19.533905,1774534442253829312,1149236,1774534442254155520,right,ON,3.0,4.92
2026-03-26T14:14:02.270232+00:00,19.550308,1774534442270232412,1149252,1774534442270197504,right,ON,3.0,4.92
2026-03-26T14:14:02.286719+00:00,19.566794,1774534442286718712,1149268,1774534442286279936,right,ON,3.0,4.92
2026-03-26T14:14:02.302083+00:00,19.582158,1774534442302082912,1149284,1774534442302301696,right,ON,3.0,4.92
2026-03-26T14:14:02.318408+00:00,19.598483,1774534442318407912,1149300,1774534442318357248,right,ON,3.0,4.92
2026-03-26T14:14:02.333809+00:00,19.613885,1774534442333809112,1149316,1774534442334351616,right,ON,2.9,4.83
2026-03-26T14:14:02.350299+00:00,19.630375,1774534442350299512,1149332,1774534442350383360,right,ON,3.0,4.92
2026-03-26T14:14:02.366696+00:00,19.646772,1774534442366696212,1149348,1774534442366446336,right,ON,3.0,4.92
2026-03-26T14:14:02.382662+00:00,19.662737,1774534442382661512,1149364,1774534442382485760,right,ON,3.0,4.92
2026-03-26T14:14:02.398633+00:00,19.678708,1774534442398632412,1149380,1774534442398536192,right,ON,3.0,4.92
2026-03-26T14:14:02.414927+00:00,19.695002,1774534442414926912,1149396,1774534442414612480,right,ON,3.0,4.92
2026-03-26T14:14:02.430304+00:00,19.710379,1774534442430303712,1149412,1774534442430628608,right,ON,3.0,4.92
2026-03-26T14:14:02.446800+00:00,19.726876,1774534442446800112,1149428,1774534442446687488,right,ON,3.0,4.92
2026-03-26T14:14:02.462205+00:00,19.742280,1774534442462204612,1149444,1774534442462682112,right,ON,3.0,4.92
2026-03-26T14:14:02.478707+00:00,19.758782,1774534442478706612,1149460,1774534442478715904,right,ON,3.0,4.92
2026-03-26T14:14:02.494898+00:00,19.774974,1774534442494898312,1149476,1774534442494771456,right,ON,3.0,4.92
2026-03-26T14:14:02.510491+00:00,19.790566,1774534442510490612,1149492,1774534442510782208,right,ON,3.0,4.92
2026-03-26T14:14:02.526870+00:00,19.806946,1774534442526870012,1149508,1774534442526829312,right,ON,3.0,4.92
2026-03-26T14:14:02.543319+00:00,19.823395,1774534442543319412,1149524,1774534442542910976,right,ON,3.0,4.92
2026-03-26T14:14:02.558761+00:00,19.838837,1774534442558761012,1149540,1774534442558940160,right,ON,3.0,4.92
2026-03-26T14:14:02.575247+00:00,19.855322,1774534442575246812,1149556,1774534442575000576,right,ON,2.9,4.83
2026-03-26T14:14:02.590600+00:00,19.870675,1774534442590599512,1149572,1774534442590999552,right,ON,3.0,4.92
2026-03-26T14:14:02.606963+00:00,19.887038,1774534442606962612,1149588,1774534442607033856,right,ON,3.0,4.92
2026-03-26T14:14:02.624207+00:00,19.904282,1774534442624206712,1149604,1774534442623151872,right,ON,3.0,4.92
2026-03-26T14:14:02.638804+00:00,19.918880,1774534442638804112,1149620,1774534442639161344,right,ON,3.0,4.92
2026-03-26T14:14:02.655252+00:00,19.935327,1774534442655251912,1149636,1774534442655209216,right,ON,3.0,4.92
2026-03-26T14:14:02.671664+00:00,19.951740,1774534442671664112,1149652,1774534442671287296,right,ON,3.0,4.92
2026-03-26T14:14:02.686940+00:00,19.967016,1774534442686940412,1149668,1774534442687300352,right,ON,3.0,4.92
2026-03-26T14:14:02.703426+00:00,19.983501,1774534442703425612,1149684,1774534442703353088,right,ON,3.0,4.92
2026-03-26T14:14:02.718920+00:00,19.998996,1774534442718920112,1149700,1774534442719352320,right,ON,3.0,4.92
2026-03-26T14:14:02.735339+00:00,20.015415,1774534442735339312,1149716,1774534442735388928,right,ON,3.0,4.92
2026-03-26T14:14:02.751807+00:00,20.031883,1774534442751807412,1149732,1774534442751465728,right,ON,3.0,4.92
2026-03-26T14:14:02.766972+00:00,20.047048,1774534442766972312,1149748,1774534442767464704,right,ON,2.9,4.83
2026-03-26T14:14:02.783446+00:00,20.063521,1774534442783445512,1149764,1774534442783500544,right,ON,3.0,4.92
2026-03-26T14:14:02.799891+00:00,20.079966,1774534442799890612,1149780,1774534442799574016,right,ON,3.0,4.92
2026-03-26T14:14:02.816381+00:00,20.096456,1774534442816380812,1149796,1774534442815655936,right,ON,3.0,4.92
2026-03-26T14:14:02.831788+00:00,20.111863,1774534442831787712,1149812,1774534442831710464,right,ON,3.0,4.92
2026-03-26T14:14:02.848063+00:00,20.128139,1774534442848063312,1149828,1774534442847759872,right,ON,3.0,4.92
2026-03-26T14:14:02.863484+00:00,20.143560,1774534442863484512,1149844,1774534442863783168,right,ON,3.0,4.92
2026-03-26T14:14:02.879948+00:00,20.160023,1774534442879947912,1149860,1774534442879840000,right,ON,3.0,4.92
2026-03-26T14:14:02.895380+00:00,20.175456,1774534442895380312,1149876,1774534442895840512,right,ON,3.0,5.01
2026-03-26T14:14:02.911844+00:00,20.191920,1774534442911844012,1149892,1774534442911879680,right,ON,3.0,4.92
2026-03-26T14:14:02.928363+00:00,20.208438,1774534442928362812,1149908,1774534442927961856,right,ON,3.0,4.92
2026-03-26T14:14:02.943595+00:00,20.223671,1774534442943595312,1149924,1774534442943975424,right,ON,3.0,4.92
2026-03-26T14:14:02.960066+00:00,20.240142,1774534442960066212,1149940,1774534442960028160,right,ON,3.0,4.92
2026-03-26T14:14:02.975487+00:00,20.255563,1774534442975487012,1149956,1774534442976019200,right,ON,3.0,4.92
2026-03-26T14:14:02.991938+00:00,20.272014,1774534442991938212,1149972,1774534442992047360,right,ON,3.0,4.92
2026-03-26T14:14:03.008385+00:00,20.288460,1774534443008384812,1149988,1774534443008124416,right,ON,3.0,4.92
2026-03-26T14:14:03.024263+00:00,20.304339,1774534443024263112,1150004,1774534443024162304,right,ON,3.0,4.92
2026-03-26T14:14:03.040078+00:00,20.320153,1774534443040077612,1150020,1774534443040199680,right,ON,3.0,4.92
2026-03-26T14:14:03.056557+00:00,20.336633,1774534443056557312,1150036,1774534443056273408,right,ON,3.0,4.92
2026-03-26T14:14:03.071977+00:00,20.352052,1774534443071976612,1150052,1774534443072287744,right,ON,3.0,4.92
2026-03-26T14:14:03.088445+00:00,20.368520,1774534443088444612,1150068,1774534443088338944,right,ON,3.0,4.92
2026-03-26T14:14:03.103839+00:00,20.383915,1774534443103839012,1150084,1774534443104333312,right,ON,3.0,4.92
2026-03-26T14:14:03.120306+00:00,20.400382,1774534443120306412,1150100,1774534443120365824,right,ON,3.0,5.01
2026-03-26T14:14:03.136743+00:00,20.416818,1774534443136742812,1150116,1774534443136436480,right,ON,3.0,4.92
2026-03-26T14:14:03.152033+00:00,20.432109,1774534443152033112,1150132,1774534443152448512,right,ON,3.0,4.92
2026-03-26T14:14:03.168457+00:00,20.448533,1774534443168457312,1150148,1774534443168484352,right,ON,3.0,5.01
2026-03-26T14:14:03.184977+00:00,20.465053,1774534443184977112,1150164,1774534443184574464,right,ON,3.0,4.92
2026-03-26T14:14:03.200349+00:00,20.480425,1774534443200349012,1150180,1774534443200596480,right,ON,3.0,4.92
2026-03-26T14:14:03.216821+00:00,20.496897,1774534443216821412,1150196,1774534443216656128,right,ON,3.0,4.92
2026-03-26T14:14:03.232059+00:00,20.512135,1774534443232059412,1150212,1774534443232646656,right,ON,3.0,4.92
2026-03-26T14:14:03.250066+00:00,20.530141,1774534443250065912,1150228,1774534443248764416,right,ON,3.0,4.92
2026-03-26T14:14:03.264981+00:00,20.545056,1774534443264980812,1150244,1774534443264824064,right,ON,3.0,4.92
2026-03-26T14:14:03.280424+00:00,20.560500,1774534443280424412,1150260,1774534443280829696,right,ON,3.0,4.92
2026-03-26T14:14:03.296849+00:00,20.576924,1774534443296848712,1150276,1774534443296870656,right,ON,3.0,4.92
2026-03-26T14:14:03.313302+00:00,20.593377,1774534443313301412,1150292,1774534443312950272,right,ON,3.0,4.92
2026-03-26T14:14:03.328779+00:00,20.608855,1774534443328779012,1150308,1774534443328974592,right,ON,3.0,5.01
2026-03-26T14:14:03.344990+00:00,20.625065,1774534443344989912,1150324,1774534443345018112,right,ON,3.0,5.01
2026-03-26T14:14:03.360466+00:00,20.640541,1774534443360465912,1150340,1774534443361006848,right,ON,3.0,4.92
2026-03-26T14:14:03.376855+00:00,20.656931,1774534443376855412,1150356,1774534443377031424,right,ON,3.0,4.92
2026-03-26T14:14:03.393326+00:00,20.673401,1774534443393325612,1150372,1774534443393093120,right,ON,3.0,4.92
2026-03-26T14:14:03.408750+00:00,20.688826,1774534443408750112,1150388,1774534443409114880,right,ON,3.0,4.92
2026-03-26T14:14:03.425141+00:00,20.705216,1774534443425140812,1150404,1774534443425156352,right,ON,3.0,5.01
2026-03-26T14:14:03.441542+00:00,20.721618,1774534443441542012,1150420,1774534443441228032,right,ON,3.0,5.01
2026-03-26T14:14:03.458696+00:00,20.738771,1774534443458695912,1150436,1774534443457347072,right,ON,3.0,5.01
2026-03-26T14:14:03.473428+00:00,20.753503,1774534443473427712,1150452,1774534443473397760,right,ON,3.0,4.92
2026-03-26T14:14:03.490337+00:00,20.770413,1774534443490337312,1150468,1774534443489481472,right,ON,3.0,4.92
2026-03-26T14:14:03.505245+00:00,20.785321,1774534443505245312,1150484,1774534443505508352,right,ON,3.0,5.01
2026-03-26T14:14:03.521744+00:00,20.801820,1774534443521744112,1150500,1774534443521568000,right,ON,3.0,5.01
2026-03-26T14:14:03.536953+00:00,20.817028,1774534443536952712,1150516,1774534443537562368,right,ON,3.0,4.92
2026-03-26T14:14:03.553593+00:00,20.833669,1774534443553593012,1150532,1774534443553604096,right,ON,3.0,5.01
2026-03-26T14:14:03.569882+00:00,20.849958,1774534443569882412,1150548,1774534443569673728,right,ON,3.0,4.92
2026-03-26T14:14:03.585325+00:00,20.865401,1774534443585325112,1150564,1774534443585688320,right,ON,3.0,5.01
2026-03-26T14:14:03.601794+00:00,20.881869,1774534443601793412,1150580,1774534443601742848,right,ON,3.0,5.01
2026-03-26T14:14:03.617318+00:00,20.897393,1774534443617317712,1150596,1774534443617744640,right,ON,3.0,5.01
2026-03-26T14:14:03.633630+00:00,20.913706,1774534443633630212,1150612,1774534443633772544,right,ON,3.0,5.01
2026-03-26T14:14:03.650079+00:00,20.930155,1774534443650079512,1150628,1774534443649863424,right,ON,3.0,5.01
2026-03-26T14:14:03.665452+00:00,20.945528,1774534443665452512,1150644,1774534443665869056,right,ON,3.0,4.92
2026-03-26T14:14:03.681847+00:00,20.961923,1774534443681847412,1150660,1774534443681908992,right,ON,3.0,5.01
2026-03-26T14:14:03.698821+00:00,20.978896,1774534443698820812,1150676,1774534443698017792,right,ON,3.0,5.01
2026-03-26T14:14:03.713791+00:00,20.993867,1774534443713791512,1150692,1774534443714036224,right,ON,3.0,5.01
2026-03-26T14:14:03.730793+00:00,21.010869,1774534443730793512,1150708,1774534443730127104,right,ON,3.0,5.01
2026-03-26T14:14:03.745486+00:00,21.025562,1774534443745486012,1150724,1774534443746117376,right,ON,3.0,5.01
2026-03-26T14:14:03.761998+00:00,21.042074,1774534443761998112,1150740,1774534443762148608,right,ON,3.0,4.92
2026-03-26T14:14:03.778440+00:00,21.058515,1774534443778439612,1150756,1774534443778217216,right,ON,3.0,4.92
2026-03-26T14:14:03.794005+00:00,21.074080,1774534443794004912,1150772,1774534443794229504,right,ON,3.0,5.01
2026-03-26T14:14:03.810220+00:00,21.090295,1774534443810219512,1150788,1774534443810265600,right,ON,3.0,5.01
2026-03-26T14:14:03.826530+00:00,21.106606,1774534443826530512,1150804,1774534443826330368,right,ON,3.0,5.01
2026-03-26T14:14:03.841997+00:00,21.122073,1774534443841997012,1150820,1774534443842373888,right,ON,3.0,5.01
2026-03-26T14:14:03.858624+00:00,21.138700,1774534443858624512,1150836,1774534443858434816,right,ON,3.0,5.01
2026-03-26T14:14:03.873921+00:00,21.153997,1774534443873921212,1150852,1774534443874457600,right,ON,3.0,5.01
2026-03-26T14:14:03.890503+00:00,21.170578,1774534443890502712,1150868,1774534443890495232,right,ON,3.0,4.92
2026-03-26T14:14:03.906551+00:00,21.186626,1774534443906550612,1150884,1774534443906545408,right,ON,3.0,5.01
2026-03-26T14:14:03.923370+00:00,21.203446,1774534443923370212,1150900,1774534443922624768,right,ON,3.0,5.01
2026-03-26T14:14:03.938500+00:00,21.218575,1774534443938499512,1150916,1774534443938659328,right,ON,3.0,5.01
2026-03-26T14:14:03.955937+00:00,21.236013,1774534443955937312,1150932,1774534443954793984,right,ON,3.0,4.92
2026-03-26T14:14:03.970270+00:00,21.250346,1774534443970270212,1150948,1774534443970798080,right,ON,3.0,5.01
2026-03-26T14:14:03.987005+00:00,21.267081,1774534443987005312,1150964,1774534443986857472,right,ON,3.0,4.92
2026-03-26T14:14:04.002008+00:00,21.282084,1774534444002008112,1150980,1774534444002833920,right,ON,3.0,5.01
2026-03-26T14:14:04.018465+00:00,21.298540,1774534444018464412,1150996,1774534444018848512,right,ON,3.0,5.01
2026-03-26T14:14:04.034889+00:00,21.314964,1774534444034888512,1151012,1774534444034899456,right,ON,3.0,4.92
2026-03-26T14:14:04.050659+00:00,21.330735,1774534444050659212,1151028,1774534444050928896,right,ON,3.0,4.92
2026-03-26T14:14:04.066860+00:00,21.346936,1774534444066860212,1151044,1774534444066961408,right,ON,3.0,4.92
2026-03-26T14:14:04.083258+00:00,21.363334,1774534444083258012,1151060,1774534444083029504,right,ON,3.0,4.92
2026-03-26T14:14:04.098617+00:00,21.378692,1774534444098616712,1151076,1774534444099035904,right,ON,3.0,4.92
2026-03-26T14:14:04.114960+00:00,21.395035,1774534444114959612,1151092,1774534444115074304,right,ON,3.0,4.92
2026-03-26T14:14:04.131405+00:00,21.411480,1774534444131404512,1151108,1774534444131117312,right,ON,3.0,4.92
2026-03-26T14:14:04.147087+00:00,21.427163,1774534444147087312,1151124,1774534444147150336,right,ON,3.0,4.92
2026-03-26T14:14:04.163848+00:00,21.443923,1774534444163847912,1151140,1774534444163239168,right,ON,3.0,5.01
2026-03-26T14:14:04.178714+00:00,21.458789,1774534444178713612,1151156,1774534444179232512,right,ON,3.0,4.92
2026-03-26T14:14:04.195046+00:00,21.475122,1774534444195046412,1151172,1774534444195255552,right,ON,3.0,4.92
2026-03-26T14:14:04.211452+00:00,21.491527,1774534444211451612,1151188,1774534444211315456,right,ON,3.0,4.92
2026-03-26T14:14:04.226906+00:00,21.506982,1774534444226906212,1151204,1774534444227319296,right,ON,3.0,4.92
2026-03-26T14:14:04.243323+00:00,21.523398,1774534444243322712,1151220,1774534444243359488,right,ON,3.0,5.01
2026-03-26T14:14:04.258838+00:00,21.538914,1774534444258838012,1151236,1774534444259342592,right,ON,3.0,4.92
2026-03-26T14:14:04.275060+00:00,21.555135,1774534444275059812,1151252,1774534444275397888,right,ON,3.0,4.92
2026-03-26T14:14:04.291783+00:00,21.571859,1774534444291783412,1151268,1774534444291462144,right,ON,3.0,4.92
2026-03-26T14:14:04.306969+00:00,21.587044,1774534444306968512,1151284,1774534444307455232,right,ON,3.0,4.92
2026-03-26T14:14:04.323575+00:00,21.603650,1774534444323574612,1151300,1774534444323494912,right,ON,3.0,4.92
2026-03-26T14:14:04.339847+00:00,21.619922,1774534444339846612,1151316,1774534444339561216,right,ON,3.0,4.92
2026-03-26T14:14:04.355860+00:00,21.635935,1774534444355859412,1151332,1774534444355608576,right,ON,3.0,4.92
2026-03-26T14:14:04.371588+00:00,21.651664,1774534444371588312,1151348,1774534444371641344,right,ON,3.0,4.92
2026-03-26T14:14:04.388144+00:00,21.668220,1774534444388144012,1151364,1774534444387687936,right,ON,3.0,4.92
2026-03-26T14:14:04.403487+00:00,21.683563,1774534444403487012,1151380,1774534444403701504,right,ON,3.0,4.92
2026-03-26T14:14:04.420078+00:00,21.700153,1774534444420077712,1151396,1774534444419761920,right,ON,3.0,4.92
2026-03-26T14:14:04.435380+00:00,21.715456,1774534444435380412,1151412,1774534444435757568,right,ON,3.0,4.92
2026-03-26T14:14:04.451847+00:00,21.731923,1774534444451847112,1151428,1774534444451790336,right,ON,3.0,4.92
2026-03-26T14:14:04.468188+00:00,21.748264,1774534444468188212,1151444,1774534444467852544,right,ON,3.0,4.92
2026-03-26T14:14:04.483577+00:00,21.763652,1774534444483576512,1151460,1774534444483909632,right,ON,3.0,4.92
2026-03-26T14:14:04.500115+00:00,21.780190,1774534444500114612,1151476,1774534444499958784,right,ON,3.0,4.92
2026-03-26T14:14:04.515466+00:00,21.795542,1774534444515466012,1151492,1774534444515992576,right,ON,3.0,4.92
2026-03-26T14:14:04.531938+00:00,21.812014,1774534444531938312,1151508,1774534444532019968,right,ON,3.0,4.92
2026-03-26T14:14:04.548400+00:00,21.828475,1774534444548399812,1151524,1774534444548087040,right,ON,3.0,4.92
2026-03-26T14:14:04.563607+00:00,21.843683,1774534444563607312,1151540,1774534444564077056,right,ON,3.0,4.92
2026-03-26T14:14:04.580067+00:00,21.860143,1774534444580067312,1151556,1774534444580111104,right,ON,3.0,4.92
2026-03-26T14:14:04.596496+00:00,21.876572,1774534444596496012,1151572,1774534444596177152,right,ON,3.0,4.92
2026-03-26T14:14:04.611942+00:00,21.892018,1774534444611942212,1151588,1774534444612188160,right,ON,3.0,4.92
2026-03-26T14:14:04.628422+00:00,21.908498,1774534444628422012,1151604,1774534444628239104,right,ON,3.0,4.92
2026-03-26T14:14:04.643738+00:00,21.923814,1774534444643738112,1151620,1774534444644229888,right,ON,3.0,4.92
2026-03-26T14:14:04.660301+00:00,21.940377,1774534444660301412,1151636,1774534444660261120,right,ON,3.0,4.92
2026-03-26T14:14:04.676610+00:00,21.956686,1774534444676610012,1151652,1774534444676321536,right,ON,3.0,4.92
2026-03-26T14:14:04.692007+00:00,21.972082,1774534444692006812,1151668,1774534444692321792,right,ON,3.0,4.92
2026-03-26T14:14:04.708427+00:00,21.988503,1774534444708427012,1151684,1774534444708356608,right,ON,3.0,4.92
2026-03-26T14:14:04.724881+00:00,22.004956,1774534444724880812,1151700,1774534444724445440,right,ON,3.0,4.92
2026-03-26T14:14:04.740219+00:00,22.020294,1774534444740218712,1151716,1774534444740459008,right,ON,3.0,4.92
2026-03-26T14:14:04.756667+00:00,22.036743,1774534444756667112,1151732,1774534444756527616,right,ON,3.0,4.92
2026-03-26T14:14:04.772215+00:00,22.052290,1774534444772214812,1151748,1774534444772525056,right,ON,3.0,4.92
2026-03-26T14:14:04.788616+00:00,22.068692,1774534444788616312,1151764,1774534444788559104,right,ON,3.0,4.92
2026-03-26T14:14:04.804996+00:00,22.085072,1774534444804996312,1151780,1774534444804626432,right,ON,3.0,4.92
2026-03-26T14:14:04.820190+00:00,22.100265,1774534444820189612,1151796,1774534444820627200,right,ON,3.0,4.92
2026-03-26T14:14:04.836700+00:00,22.116776,1774534444836700212,1151812,1774534444836662784,right,ON,3.0,4.92
2026-03-26T14:14:04.853112+00:00,22.133188,1774534444853112512,1151828,1774534444852729600,right,ON,3.0,5.01
2026-03-26T14:14:04.868617+00:00,22.148692,1774534444868616612,1151844,1774534444868745472,right,ON,3.0,4.92
2026-03-26T14:14:04.885020+00:00,22.165096,1774534444885020512,1151860,1774534444884802304,right,ON,3.0,4.92
2026-03-26T14:14:04.900411+00:00,22.180486,1774534444900410512,1151876,1774534444900796160,right,ON,3.0,5.01
2026-03-26T14:14:04.916867+00:00,22.196943,1774534444916867612,1151892,1774534444916832512,right,ON,3.0,4.92
2026-03-26T14:14:04.933275+00:00,22.213351,1774534444933275212,1151908,1774534444932891904,right,ON,3.0,5.01
2026-03-26T14:14:04.948600+00:00,22.228675,1774534444948599712,1151924,1774534444948931840,right,ON,3.0,4.92
2026-03-26T14:14:04.965251+00:00,22.245327,1774534444965251012,1151940,1774534444964982272,right,ON,3.0,4.92
2026-03-26T14:14:04.981479+00:00,22.261554,1774534444981478712,1151956,1774534444981088000,right,ON,3.0,5.01
2026-03-26T14:14:04.997057+00:00,22.277133,1774534444997057412,1151972,1774534444997113600,right,ON,3.0,4.92
2026-03-26T14:14:05.013229+00:00,22.293304,1774534445013228512,1151988,1774534445013168128,right,ON,3.0,4.92
2026-03-26T14:14:05.028683+00:00,22.308758,1774534445028682912,1152004,1774534445029155328,right,ON,3.0,4.92
2026-03-26T14:14:05.045096+00:00,22.325171,1774534445045095812,1152020,1774534445045178112,right,ON,3.0,4.92
2026-03-26T14:14:05.061641+00:00,22.341717,1774534445061641312,1152036,1774534445061243904,right,ON,3.0,5.01
2026-03-26T14:14:05.076967+00:00,22.357042,1774534445076966612,1152052,1774534445077256960,right,ON,3.0,4.92
2026-03-26T14:14:05.093458+00:00,22.373534,1774534445093458212,1152068,1774534445093303040,right,ON,3.0,4.92
2026-03-26T14:14:05.110000+00:00,22.390076,1774534445110000012,1152084,1774534445109391104,right,ON,3.0,4.92
2026-03-26T14:14:05.125205+00:00,22.405280,1774534445125204712,1152100,1774534445125406464,right,ON,3.0,4.92
2026-03-26T14:14:05.141581+00:00,22.421657,1774534445141581012,1152116,1774534445141451776,right,ON,3.0,5.01
2026-03-26T14:14:05.157050+00:00,22.437125,1774534445157049512,1152132,1774534445157474816,right,ON,3.0,4.92
2026-03-26T14:14:05.173446+00:00,22.453522,1774534445173446512,1152148,1774534445173509632,right,ON,3.0,4.92
2026-03-26T14:14:05.189931+00:00,22.470007,1774534445189931112,1152164,1774534445189594624,right,ON,3.0,4.92
2026-03-26T14:14:05.205399+00:00,22.485474,1774534445205398812,1152180,1774534445205608704,right,ON,3.0,4.92
2026-03-26T14:14:05.221638+00:00,22.501714,1774534445221638212,1152196,1774534445221643776,right,ON,3.0,4.92
2026-03-26T14:14:05.238680+00:00,22.518755,1774534445238679712,1152212,1774534445237751296,right,ON,3.0,5.01
2026-03-26T14:14:05.253525+00:00,22.533601,1774534445253525412,1152228,1774534445253766656,right,ON,3.0,4.92
2026-03-26T14:14:05.269987+00:00,22.550062,1774534445269986812,1152244,1774534445269819648,right,ON,3.0,4.92
2026-03-26T14:14:05.285400+00:00,22.565476,1774534445285400112,1152260,1774534445285817600,right,ON,3.0,4.92
2026-03-26T14:14:05.301707+00:00,22.581782,1774534445301706412,1152276,1774534445301837824,right,ON,3.0,5.01
2026-03-26T14:14:05.318139+00:00,22.598215,1774534445318139012,1152292,1774534445317902848,right,ON,3.0,4.92
2026-03-26T14:14:05.333661+00:00,22.613736,1774534445333660812,1152308,1774534445333910016,right,ON,3.0,4.92
2026-03-26T14:14:05.350025+00:00,22.630100,1774534445350024612,1152324,1774534445349954560,right,ON,3.0,4.92
2026-03-26T14:14:05.366572+00:00,22.646647,1774534445366571712,1152340,1774534445366037248,right,ON,3.0,4.92
2026-03-26T14:14:05.381886+00:00,22.661962,1774534445381886112,1152356,1774534445382074624,right,ON,3.0,4.92
2026-03-26T14:14:05.398374+00:00,22.678449,1774534445398373512,1152372,1774534445398130432,right,ON,3.0,4.92
2026-03-26T14:14:05.413616+00:00,22.693692,1774534445413616212,1152388,1774534445414153216,right,ON,3.0,4.92
2026-03-26T14:14:05.430079+00:00,22.710155,1774534445430079412,1152404,1774534445430181888,right,ON,3.0,5.01
2026-03-26T14:14:05.446505+00:00,22.726581,1774534445446505112,1152420,1774534445446251008,right,ON,3.0,4.92
2026-03-26T14:14:05.461925+00:00,22.742001,1774534445461925012,1152436,1774534445462259456,right,ON,3.0,4.92
2026-03-26T14:14:05.478442+00:00,22.758518,1774534445478442412,1152452,1774534445478310400,right,ON,3.0,4.92
2026-03-26T14:14:05.495004+00:00,22.775080,1774534445495004312,1152468,1774534445494402816,right,ON,3.0,4.92
2026-03-26T14:14:05.510289+00:00,22.790364,1774534445510288612,1152484,1774534445510428160,right,ON,3.0,4.92
2026-03-26T14:14:05.526583+00:00,22.806659,1774534445526583312,1152500,1774534445526484224,right,ON,3.0,4.92
2026-03-26T14:14:05.542008+00:00,22.822084,1774534445542008012,1152516,1774534445542481408,right,ON,3.0,4.92
2026-03-26T14:14:05.558518+00:00,22.838594,1774534445558518312,1152532,1774534445558521088,right,ON,3.0,4.92
2026-03-26T14:14:05.574921+00:00,22.854996,1774534445574920812,1152548,1774534445574595840,right,ON,3.0,4.92
2026-03-26T14:14:05.590161+00:00,22.870237,1774534445590161312,1152564,1774534445590595840,right,ON,3.0,4.92
2026-03-26T14:14:05.606652+00:00,22.886728,1774534445606652512,1152580,1774534445606636800,right,ON,3.0,4.92
2026-03-26T14:14:05.623091+00:00,22.903166,1774534445623090312,1152596,1774534445622713600,right,ON,3.0,4.92
2026-03-26T14:14:05.638572+00:00,22.918648,1774534445638572212,1152612,1774534445638737920,right,ON,3.0,4.92
2026-03-26T14:14:05.654943+00:00,22.935018,1774534445654942812,1152628,1774534445654796544,right,ON,3.0,4.92
2026-03-26T14:14:05.670420+00:00,22.950495,1774534445670419712,1152644,1774534445670797568,right,ON,3.0,4.92
2026-03-26T14:14:05.686723+00:00,22.966799,1774534445686723412,1152660,1774534445686831360,right,ON,3.0,4.92
2026-03-26T14:14:05.703112+00:00,22.983188,1774534445703112512,1152676,1774534445702894848,right,ON,3.0,4.92
2026-03-26T14:14:05.718538+00:00,22.998614,1774534445718538112,1152692,1774534445718900736,right,ON,3.0,4.92
2026-03-26T14:14:05.734998+00:00,23.015074,1774534445734998212,1152708,1774534445734944512,right,ON,3.0,4.92
2026-03-26T14:14:05.751419+00:00,23.031495,1774534445751419512,1152724,1774534445751024128,right,ON,3.0,4.92
2026-03-26T14:14:05.767089+00:00,23.047165,1774534445767089312,1152740,1774534445767059456,right,ON,3.0,4.92
2026-03-26T14:14:05.783191+00:00,23.063267,1774534445783191512,1152756,1774534445783110656,right,ON,3.0,4.92
2026-03-26T14:14:05.798708+00:00,23.078783,1774534445798707612,1152772,1774534445799114496,right,ON,3.0,4.92
2026-03-26T14:14:05.815111+00:00,23.095186,1774534445815110912,1152788,1774534445815152384,right,ON,3.0,4.92
2026-03-26T14:14:05.831527+00:00,23.111603,1774534445831527312,1152804,1774534445831223808,right,ON,3.0,4.92
2026-03-26T14:14:05.847041+00:00,23.127117,1774534445847041112,1152820,1774534445847236352,right,ON,3.0,4.92
2026-03-26T14:14:05.863376+00:00,23.143452,1774534445863376112,1152836,1774534445863281408,right,ON,3.0,5.01
2026-03-26T14:14:05.879663+00:00,23.159738,1774534445879662612,1152852,1774534445879353088,right,ON,3.0,4.92
2026-03-26T14:14:05.895354+00:00,23.175429,1774534445895353812,1152868,1774534445895386368,right,ON,3.0,4.92
2026-03-26T14:14:05.911564+00:00,23.191640,1774534445911564312,1152884,1774534445911441664,right,ON,3.0,4.92
2026-03-26T14:14:05.927060+00:00,23.207136,1774534445927060312,1152900,1774534445927443200,right,ON,3.0,4.92
2026-03-26T14:14:05.943545+00:00,23.223621,1774534445943545312,1152916,1774534445943484672,right,ON,3.0,4.92
2026-03-26T14:14:05.959733+00:00,23.239808,1774534445959732912,1152932,1774534445959546880,right,ON,3.0,4.92
2026-03-26T14:14:05.975209+00:00,23.255285,1774534445975209112,1152948,1774534445975552256,right,ON,3.0,4.92
2026-03-26T14:14:05.991611+00:00,23.271686,1774534445991610512,1152964,1774534445991598592,right,ON,3.0,4.92
2026-03-26T14:14:06.008153+00:00,23.288229,1774534446008153012,1152980,1774534446007682048,right,ON,3.0,4.92
2026-03-26T14:14:06.023603+00:00,23.303678,1774534446023602812,1152996,1774534446023714560,right,ON,3.0,4.92
2026-03-26T14:14:06.040007+00:00,23.320082,1774534446040006812,1153012,1774534446039773440,right,ON,3.0,4.92
2026-03-26T14:14:06.055266+00:00,23.335342,1774534446055266212,1153028,1774534446055766272,right,ON,3.0,4.92
2026-03-26T14:14:06.071709+00:00,23.351784,1774534446071708712,1153044,1774534446071794944,right,ON,3.0,4.92
2026-03-26T14:14:06.088182+00:00,23.368257,1774534446088181712,1153060,1774534446087866112,right,ON,3.0,4.92
2026-03-26T14:14:06.103671+00:00,23.383747,1774534446103671012,1153076,1774534446103881216,right,ON,3.0,5.01
2026-03-26T14:14:06.120064+00:00,23.400140,1774534446120064012,1153092,1774534446119931904,right,ON,3.0,5.01
2026-03-26T14:14:06.136531+00:00,23.416606,1774534446136530912,1153108,1774534446136024064,right,ON,3.0,5.01
2026-03-26T14:14:06.152138+00:00,23.432213,1774534446152137612,1153124,1774534446152064000,right,ON,3.0,5.01
2026-03-26T14:14:06.168245+00:00,23.448320,1774534446168244912,1153140,1774534446168117760,right,ON,3.1,5.1
2026-03-26T14:14:06.183630+00:00,23.463706,1774534446183630412,1153156,1774534446184113408,right,ON,3.1,5.1
2026-03-26T14:14:06.200129+00:00,23.480204,1774534446200128412,1153172,1774534446200148480,right,ON,3.1,5.19
2026-03-26T14:14:06.216578+00:00,23.496654,1774534446216578112,1153188,1774534446216222208,right,ON,3.1,5.19
2026-03-26T14:14:06.231976+00:00,23.512052,1774534446231976012,1153204,1774534446232238592,right,ON,3.2,5.27
2026-03-26T14:14:06.248317+00:00,23.528393,1774534446248317512,1153220,1774534446248280064,right,ON,3.5,5.8
2026-03-26T14:14:06.264699+00:00,23.544775,1774534446264699012,1153236,1774534446264372992,right,ON,4.0,6.68
2026-03-26T14:14:06.280169+00:00,23.560245,1774534446280169112,1153252,1774534446280394752,right,ON,4.5,7.38
2026-03-26T14:14:06.296743+00:00,23.576819,1774534446296743312,1153268,1774534446296462080,right,ON,4.8,8.0
2026-03-26T14:14:06.312407+00:00,23.592482,1774534446312406912,1153284,1774534446312486656,right,ON,5.2,8.61
2026-03-26T14:14:06.331618+00:00,23.611694,1774534446331618312,1153300,1774534446328712448,right,ON,5.6,9.23
2026-03-26T14:14:06.344712+00:00,23.624788,1774534446344712112,1153316,1774534446344765952,right,ON,6.0,9.93
2026-03-26T14:14:06.360404+00:00,23.640480,1774534446360404212,1153332,1774534446360781824,right,ON,6.4,10.55
2026-03-26T14:14:06.376664+00:00,23.656739,1774534446376663812,1153348,1774534446376820992,right,ON,6.6,10.9
2026-03-26T14:14:06.393064+00:00,23.673140,1774534446393064412,1153364,1774534446392898048,right,ON,6.9,11.34
2026-03-26T14:14:06.408666+00:00,23.688742,1774534446408666212,1153380,1774534446408925696,right,ON,7.1,11.69
2026-03-26T14:14:06.425022+00:00,23.705098,1774534446425022212,1153396,1774534446424986112,right,ON,7.3,12.13
2026-03-26T14:14:06.440398+00:00,23.720473,1774534446440397912,1153412,1774534446440981248,right,ON,7.5,12.3
2026-03-26T14:14:06.456756+00:00,23.736832,1774534446456756112,1153428,1774534446457008640,right,ON,7.7,12.66
2026-03-26T14:14:06.473277+00:00,23.753353,1774534446473277212,1153444,1774534446473077248,right,ON,7.7,12.74
2026-03-26T14:14:06.488547+00:00,23.768622,1774534446488546912,1153460,1774534446489079040,right,ON,7.5,12.39
2026-03-26T14:14:06.505141+00:00,23.785217,1774534446505141612,1153476,1774534446505129728,right,ON,7.1,11.69
2026-03-26T14:14:06.521575+00:00,23.801650,1774534446521574712,1153492,1774534446521220096,right,ON,7.1,11.69
2026-03-26T14:14:06.537029+00:00,23.817105,1774534446537029012,1153508,1774534446537251328,right,ON,7.0,11.6
2026-03-26T14:14:06.553137+00:00,23.833213,1774534446553137012,1153524,1774534446553294592,right,ON,7.0,11.51
2026-03-26T14:14:06.568648+00:00,23.848723,1774534446568647612,1153540,1774534446569286144,right,ON,7.0,11.6
2026-03-26T14:14:06.585019+00:00,23.865095,1774534446585019012,1153556,1774534446585312512,right,ON,6.9,11.34
2026-03-26T14:14:06.601901+00:00,23.881976,1774534446601900712,1153572,1774534446601401856,right,ON,6.8,11.25
2026-03-26T14:14:06.616882+00:00,23.896958,1774534446616882212,1153588,1774534446617400576,right,ON,6.8,11.25
2026-03-26T14:14:06.633292+00:00,23.913367,1774534446633291712,1153604,1774534446633436416,right,ON,6.4,10.63
2026-03-26T14:14:06.649664+00:00,23.929739,1774534446649663812,1153620,1774534446649504256,right,ON,6.2,10.28
2026-03-26T14:14:06.665148+00:00,23.945224,1774534446665148412,1153636,1774534446665520640,right,ON,6.0,9.84
2026-03-26T14:14:06.681534+00:00,23.961609,1774534446681533912,1153652,1774534446681569024,right,ON,5.8,9.58
2026-03-26T14:14:06.697082+00:00,23.977157,1774534446697081812,1153668,1774534446697569280,right,ON,5.8,9.58
2026-03-26T14:14:06.713474+00:00,23.993549,1774534446713473512,1153684,1774534446713599232,right,ON,5.7,9.49
2026-03-26T14:14:06.729965+00:00,24.010041,1774534446729965112,1153700,1774534446729667328,right,ON,5.7,9.4
2026-03-26T14:14:06.745186+00:00,24.025262,1774534446745186312,1153716,1774534446745665792,right,ON,5.7,9.49
2026-03-26T14:14:06.761601+00:00,24.041677,1774534446761601412,1153732,1774534446761700096,right,ON,5.7,9.4
2026-03-26T14:14:06.779566+00:00,24.059641,1774534446779565612,1153748,1774534446777864192,right,ON,5.7,9.4
2026-03-26T14:14:06.793453+00:00,24.073529,1774534446793453212,1153764,1774534446793882624,right,ON,5.7,9.4
2026-03-26T14:14:06.809948+00:00,24.090024,1774534446809948312,1153780,1774534446809931008,right,ON,5.7,9.4
2026-03-26T14:14:06.825379+00:00,24.105455,1774534446825379412,1153796,1774534446825925632,right,ON,5.9,9.67
2026-03-26T14:14:06.841635+00:00,24.121710,1774534446841634612,1153812,1774534446841944832,right,ON,5.9,9.67
2026-03-26T14:14:06.858086+00:00,24.138162,1774534446858086312,1153828,1774534446858000640,right,ON,5.8,9.58
2026-03-26T14:14:06.873549+00:00,24.153624,1774534446873548512,1153844,1774534446874004736,right,ON,5.8,9.58
2026-03-26T14:14:06.889938+00:00,24.170014,1774534446889938412,1153860,1774534446890039808,right,ON,5.8,9.58
2026-03-26T14:14:06.906401+00:00,24.186477,1774534446906401212,1153876,1774534446906108160,right,ON,5.9,9.67
2026-03-26T14:14:06.921860+00:00,24.201936,1774534446921860412,1153892,1774534446922129920,right,ON,5.8,9.58
2026-03-26T14:14:06.938164+00:00,24.218240,1774534446938164012,1153908,1774534446938173184,right,ON,5.9,9.67
2026-03-26T14:14:06.953574+00:00,24.233649,1774534446953573912,1153924,1774534446954160896,right,ON,5.9,9.67
2026-03-26T14:14:06.970040+00:00,24.250116,1774534446970040012,1153940,1774534446970188800,right,ON,6.0,9.93
2026-03-26T14:14:06.986428+00:00,24.266504,1774534446986428412,1153956,1774534446986242560,right,ON,6.4,10.55
2026-03-26T14:14:07.003275+00:00,24.283350,1774534447003274812,1153972,1774534447002327552,right,ON,6.7,10.99
2026-03-26T14:14:07.018331+00:00,24.298406,1774534447018330712,1153988,1774534447018361856,right,ON,6.9,11.34
2026-03-26T14:14:07.034806+00:00,24.314882,1774534447034806212,1154004,1774534447034437888,right,ON,7.0,11.51
2026-03-26T14:14:07.050043+00:00,24.330119,1774534447050043512,1154020,1774534447050446592,right,ON,7.0,11.51
2026-03-26T14:14:07.066525+00:00,24.346600,1774534447066524712,1154036,1774534447066493952,right,ON,6.9,11.43
2026-03-26T14:14:07.081922+00:00,24.361997,1774534447081921612,1154052,1774534447082477312,right,ON,6.9,11.43
2026-03-26T14:14:07.098357+00:00,24.378432,1774534447098356712,1154068,1774534447098497536,right,ON,6.9,11.43
2026-03-26T14:14:07.114799+00:00,24.394875,1774534447114799012,1154084,1774534447114555392,right,ON,7.0,11.51
2026-03-26T14:14:07.130267+00:00,24.410342,1774534447130266812,1154100,1774534447130561280,right,ON,7.0,11.51
2026-03-26T14:14:07.146688+00:00,24.426763,1774534447146687412,1154116,1774534447146601472,right,ON,6.9,11.43
2026-03-26T14:14:07.162930+00:00,24.443005,1774534447162929912,1154132,1774534447162667008,right,ON,7.0,11.51
2026-03-26T14:14:07.178407+00:00,24.458483,1774534447178407412,1154148,1774534447178685184,right,ON,7.0,11.51
2026-03-26T14:14:07.194864+00:00,24.474939,1774534447194863612,1154164,1774534447194731008,right,ON,7.0,11.51
2026-03-26T14:14:07.211470+00:00,24.491545,1774534447211469812,1154180,1774534447210791168,right,ON,6.9,11.43
2026-03-26T14:14:07.226766+00:00,24.506841,1774534447226765812,1154196,1774534447226818048,right,ON,7.0,11.51
2026-03-26T14:14:07.243175+00:00,24.523250,1774534447243174612,1154212,1774534447242880256,right,ON,6.9,11.43
2026-03-26T14:14:07.258430+00:00,24.538506,1774534447258430412,1154228,1774534447258874368,right,ON,7.2,11.95
2026-03-26T14:14:07.274898+00:00,24.554973,1774534447274897612,1154244,1774534447274904576,right,ON,7.7,12.74
2026-03-26T14:14:07.291344+00:00,24.571419,1774534447291343812,1154260,1774534447290969856,right,ON,7.9,13.1
2026-03-26T14:14:07.306790+00:00,24.586865,1774534447306789912,1154276,1774534447306980864,right,ON,8.0,13.18
2026-03-26T14:14:07.323174+00:00,24.603249,1774534447323173812,1154292,1774534447323029760,right,ON,8.0,13.18
2026-03-26T14:14:07.338648+00:00,24.618724,1774534447338648412,1154308,1774534447339032320,right,ON,8.0,13.18
2026-03-26T14:14:07.355084+00:00,24.635160,1774534447355084412,1154324,1774534447355158784,right,ON,8.0,13.18
2026-03-26T14:14:07.371583+00:00,24.651659,1774534447371583412,1154340,1774534447371225344,right,ON,8.0,13.18
2026-03-26T14:14:07.386756+00:00,24.666832,1774534447386756112,1154356,1774534447387227904,right,ON,8.0,13.27
2026-03-26T14:14:07.403470+00:00,24.683545,1774534447403469512,1154372,1774534447403278848,right,ON,8.0,13.18
2026-03-26T14:14:07.419687+00:00,24.699762,1774534447419686912,1154388,1774534447419351296,right,ON,8.0,13.27
2026-03-26T14:14:07.435665+00:00,24.715741,1774534447435665412,1154404,1774534447435406336,right,ON,8.0,13.18
2026-03-26T14:14:07.451507+00:00,24.731582,1774534447451506712,1154420,1774534447451458560,right,ON,8.0,13.18
2026-03-26T14:14:07.466981+00:00,24.747056,1774534447466980612,1154436,1774534447467455488,right,ON,8.0,13.27
2026-03-26T14:14:07.483402+00:00,24.763477,1774534447483401412,1154452,1774534447483485440,right,ON,8.0,13.27
2026-03-26T14:14:07.499821+00:00,24.779896,1774534447499820712,1154468,1774534447499553536,right,ON,8.0,13.27
2026-03-26T14:14:07.515058+00:00,24.795134,1774534447515058112,1154484,1774534447515548672,right,ON,8.0,13.27
2026-03-26T14:14:07.531593+00:00,24.811669,1774534447531593312,1154500,1774534447531591424,right,ON,8.0,13.18
2026-03-26T14:14:07.548014+00:00,24.828090,1774534447548014312,1154516,1774534447547670016,right,ON,7.9,13.1
2026-03-26T14:14:07.563322+00:00,24.843397,1774534447563321812,1154532,1774534447563685376,right,ON,7.9,13.01
2026-03-26T14:14:07.579807+00:00,24.859882,1774534447579806712,1154548,1774534447579730944,right,ON,7.9,13.01
2026-03-26T14:14:07.595213+00:00,24.875288,1774534447595212712,1154564,1774534447595720704,right,ON,7.9,13.01
2026-03-26T14:14:07.611712+00:00,24.891788,1774534447611712512,1154580,1774534447611749120,right,ON,7.9,13.01
2026-03-26T14:14:07.628140+00:00,24.908215,1774534447628139712,1154596,1774534447627826944,right,ON,7.9,13.01
2026-03-26T14:14:07.644295+00:00,24.924370,1774534447644294312,1154612,1774534447643879424,right,ON,7.9,13.01
2026-03-26T14:14:07.661433+00:00,24.941508,1774534447661432812,1154628,1774534447660008960,right,ON,7.9,13.01
2026-03-26T14:14:07.676388+00:00,24.956464,1774534447676388112,1154644,1774534447676080896,right,ON,7.9,13.01
2026-03-26T14:14:07.692958+00:00,24.973033,1774534447692957712,1154660,1774534447692167168,right,ON,7.9,13.01
2026-03-26T14:14:07.708231+00:00,24.988306,1774534447708230712,1154676,1774534447708215808,right,ON,7.8,12.92
2026-03-26T14:14:07.723565+00:00,25.003641,1774534447723565112,1154692,1774534447724205824,right,ON,7.9,13.01
2026-03-26T14:14:07.740061+00:00,25.020137,1774534447740061112,1154708,1774534447740234496,right,ON,7.8,12.92
2026-03-26T14:14:07.756349+00:00,25.036424,1774534447756348812,1154724,1774534447756292608,right,ON,7.8,12.83
2026-03-26T14:14:07.771717+00:00,25.051792,1774534447771716512,1154740,1774534447772284416,right,ON,7.8,12.83
2026-03-26T14:14:07.788133+00:00,25.068209,1774534447788133212,1154756,1774534447788310784,right,ON,7.8,12.83
2026-03-26T14:14:07.804797+00:00,25.084872,1774534447804796812,1154772,1774534447804435456,right,ON,7.8,12.83
2026-03-26T14:14:07.820070+00:00,25.100146,1774534447820070212,1154788,1774534447820448000,right,ON,7.8,12.83
2026-03-26T14:14:07.836587+00:00,25.116662,1774534447836586712,1154804,1774534447836503552,right,ON,7.7,12.74
2026-03-26T14:14:07.851897+00:00,25.131973,1774534447851897112,1154820,1774534447852495616,right,ON,7.7,12.66
2026-03-26T14:14:07.868237+00:00,25.148312,1774534447868236512,1154836,1774534447868513024,right,ON,7.7,12.66
2026-03-26T14:14:07.885948+00:00,25.166023,1774534447885947912,1154852,1774534447884644864,right,ON,7.6,12.57
2026-03-26T14:14:07.900078+00:00,25.180154,1774534447900078012,1154868,1774534447900640512,right,ON,7.6,12.57
2026-03-26T14:14:07.916556+00:00,25.196631,1774534447916555912,1154884,1774534447916673536,right,ON,7.6,12.57
2026-03-26T14:14:07.933121+00:00,25.213196,1774534447933120712,1154900,1774534447932751872,right,ON,7.6,12.57
2026-03-26T14:14:07.948400+00:00,25.228476,1774534447948400312,1154916,1774534447948765440,right,ON,7.6,12.48
2026-03-26T14:14:07.965800+00:00,25.245875,1774534447965799612,1154932,1774534447964870144,right,ON,7.5,12.3
2026-03-26T14:14:07.980091+00:00,25.260167,1774534447980091212,1154948,1774534447980847104,right,ON,7.3,12.04
2026-03-26T14:14:07.997021+00:00,25.277097,1774534447997021412,1154964,1774534447996891648,right,ON,7.2,11.95
2026-03-26T14:14:08.013061+00:00,25.293137,1774534448013061212,1154980,1774534448012946176,right,ON,7.1,11.78
2026-03-26T14:14:08.028414+00:00,25.308489,1774534448028413512,1154996,1774534448028984064,right,ON,7.0,11.51
2026-03-26T14:14:08.044868+00:00,25.324944,1774534448044868412,1155012,1774534448045018880,right,ON,6.8,11.25
2026-03-26T14:14:08.061706+00:00,25.341782,1774534448061706312,1155028,1774534448061115648,right,ON,6.7,11.07
2026-03-26T14:14:08.076798+00:00,25.356873,1774534448076797812,1155044,1774534448077128960,right,ON,6.6,10.9
2026-03-26T14:14:08.093117+00:00,25.373193,1774534448093117312,1155060,1774534448093172992,right,ON,6.6,10.9
2026-03-26T14:14:08.108472+00:00,25.388547,1774534448108471512,1155076,1774534448109155072,right,ON,6.6,10.9
2026-03-26T14:14:08.124969+00:00,25.405045,1774534448124969512,1155092,1774534448125177344,right,ON,6.6,10.9
2026-03-26T14:14:08.141382+00:00,25.421457,1774534448141381712,1155108,1774534448141234944,right,ON,6.5,10.81
2026-03-26T14:14:08.156839+00:00,25.436915,1774534448156839012,1155124,1774534448157238784,right,ON,6.5,10.81
2026-03-26T14:14:08.173277+00:00,25.453353,1774534448173277512,1155140,1774534448173278976,right,ON,6.5,10.72
2026-03-26T14:14:08.189635+00:00,25.469710,1774534448189634512,1155156,1774534448189345024,right,ON,6.5,10.81
2026-03-26T14:14:08.204966+00:00,25.485042,1774534448204966312,1155172,1774534448205349632,right,ON,6.5,10.72
2026-03-26T14:14:08.221614+00:00,25.501690,1774534448221614312,1155188,1774534448221404672,right,ON,6.5,10.81
2026-03-26T14:14:08.236851+00:00,25.516927,1774534448236851012,1155204,1774534448237427968,right,ON,6.5,10.81
2026-03-26T14:14:08.253506+00:00,25.533582,1774534448253506112,1155220,1774534448253467392,right,ON,6.5,10.72
2026-03-26T14:14:08.269748+00:00,25.549824,1774534448269748412,1155236,1774534448269530368,right,ON,6.5,10.81
2026-03-26T14:14:08.285188+00:00,25.565264,1774534448285188412,1155252,1774534448285532160,right,ON,6.5,10.72
2026-03-26T14:14:08.301651+00:00,25.581726,1774534448301650612,1155268,1774534448301572864,right,ON,6.5,10.72
2026-03-26T14:14:08.318035+00:00,25.598110,1774534448318034812,1155284,1774534448317646848,right,ON,6.5,10.72
2026-03-26T14:14:08.334903+00:00,25.614979,1774534448334903112,1155300,1774534448333752832,right,ON,6.5,10.72
2026-03-26T14:14:08.349764+00:00,25.629839,1774534448349763912,1155316,1774534448349795072,right,ON,6.5,10.72
2026-03-26T14:14:08.365369+00:00,25.645444,1774534448365368912,1155332,1774534448365793280,right,ON,6.5,10.72
2026-03-26T14:14:08.383165+00:00,25.663241,1774534448383165512,1155348,1774534448381911040,right,ON,6.5,10.72
2026-03-26T14:14:08.398389+00:00,25.678464,1774534448398388812,1155364,1774534448397990656,right,ON,6.5,10.72
2026-03-26T14:14:08.414561+00:00,25.694637,1774534448414561112,1155380,1774534448414051072,right,ON,6.5,10.72
2026-03-26T14:14:08.430052+00:00,25.710128,1774534448430052412,1155396,1774534448430097408,right,ON,6.5,10.72
2026-03-26T14:14:08.446599+00:00,25.726674,1774534448446598612,1155412,1774534448446179840,right,ON,6.4,10.63
2026-03-26T14:14:08.462016+00:00,25.742092,1774534448462016212,1155428,1774534448462222080,right,ON,6.3,10.37
2026-03-26T14:14:08.479467+00:00,25.759543,1774534448479467012,1155444,1774534448478344448,right,ON,6.3,10.37
2026-03-26T14:14:08.493845+00:00,25.773921,1774534448493845412,1155460,1774534448494345728,right,ON,6.3,10.37
2026-03-26T14:14:08.511424+00:00,25.791500,1774534448511424212,1155476,1774534448510452480,right,ON,6.2,10.28
2026-03-26T14:14:08.526320+00:00,25.806395,1774534448526319612,1155492,1774534448526498816,right,ON,6.2,10.2
2026-03-26T14:14:08.541729+00:00,25.821805,1774534448541729312,1155508,1774534448542481920,right,ON,6.2,10.2
2026-03-26T14:14:08.558202+00:00,25.838278,1774534448558202312,1155524,1774534448558506752,right,ON,6.1,10.11
2026-03-26T14:14:08.574627+00:00,25.854702,1774534448574626812,1155540,1774534448574566912,right,ON,6.1,10.11
2026-03-26T14:14:08.590248+00:00,25.870323,1774534448590247812,1155556,1774534448590578432,right,ON,6.1,10.11
2026-03-26T14:14:08.606506+00:00,25.886582,1774534448606506012,1155572,1774534448606616576,right,ON,6.1,10.02
2026-03-26T14:14:08.621808+00:00,25.901883,1774534448621807812,1155588,1774534448622589696,right,ON,5.9,9.76
2026-03-26T14:14:08.638556+00:00,25.918631,1774534448638555712,1155604,1774534448638620416,right,ON,5.7,9.49
2026-03-26T14:14:08.654703+00:00,25.934779,1774534448654703212,1155620,1774534448654669568,right,ON,5.7,9.4
2026-03-26T14:14:08.670113+00:00,25.950188,1774534448670112412,1155636,1774534448670683392,right,ON,5.6,9.32
2026-03-26T14:14:08.686581+00:00,25.966656,1774534448686580812,1155652,1774534448686758912,right,ON,5.6,9.32
2026-03-26T14:14:08.702982+00:00,25.983057,1774534448702981512,1155668,1774534448702824704,right,ON,5.6,9.32
2026-03-26T14:14:08.718924+00:00,25.999000,1774534448718924212,1155684,1774534448718900992,right,ON,5.5,9.14
2026-03-26T14:14:08.734705+00:00,26.014780,1774534448734704712,1155700,1774534448734938368,right,ON,5.5,9.05
2026-03-26T14:14:08.750172+00:00,26.030247,1774534448750171912,1155716,1774534448750918912,right,ON,5.4,8.88
2026-03-26T14:14:08.766651+00:00,26.046726,1774534448766650512,1155732,1774534448766940416,right,ON,5.4,8.88
2026-03-26T14:14:08.783028+00:00,26.063104,1774534448783028112,1155748,1774534448782990080,right,ON,5.3,8.79
2026-03-26T14:14:08.798488+00:00,26.078564,1774534448798488212,1155764,1774534448798982912,right,ON,5.2,8.61
2026-03-26T14:14:08.814883+00:00,26.094958,1774534448814882712,1155780,1774534448815009280,right,ON,5.2,8.53
2026-03-26T14:14:08.831569+00:00,26.111645,1774534448831569212,1155796,1774534448831094016,right,ON,5.1,8.35
2026-03-26T14:14:08.846645+00:00,26.126720,1774534448846644612,1155812,1774534448847096064,right,ON,4.9,8.09
2026-03-26T14:14:08.863077+00:00,26.143152,1774534448863076812,1155828,1774534448863136512,right,ON,4.9,8.09
2026-03-26T14:14:08.878476+00:00,26.158551,1774534448878475912,1155844,1774534448879115264,right,ON,4.8,8.0
2026-03-26T14:14:08.894957+00:00,26.175033,1774534448894957012,1155860,1774534448895130368,right,ON,4.8,8.0
2026-03-26T14:14:08.911753+00:00,26.191829,1774534448911753512,1155876,1774534448911243520,right,ON,4.8,8.0
2026-03-26T14:14:08.926780+00:00,26.206855,1774534448926779612,1155892,1774534448927236352,right,ON,4.8,7.91
2026-03-26T14:14:08.943387+00:00,26.223462,1774534448943386512,1155908,1774534448943277056,right,ON,4.7,7.73
2026-03-26T14:14:08.959582+00:00,26.239657,1774534448959581612,1155924,1774534448959343360,right,ON,4.6,7.65
2026-03-26T14:14:08.974965+00:00,26.255041,1774534448974965012,1155940,1774534448975345920,right,ON,4.6,7.65
2026-03-26T14:14:08.992130+00:00,26.272206,1774534448992130312,1155956,1774534448991459584,right,ON,4.6,7.56
2026-03-26T14:14:09.007063+00:00,26.287139,1774534449007063112,1155972,1774534449007451392,right,ON,4.6,7.56
2026-03-26T14:14:09.023409+00:00,26.303485,1774534449023409312,1155988,1774534449023489024,right,ON,4.5,7.47
2026-03-26T14:14:09.040035+00:00,26.320111,1774534449040035212,1156004,1774534449039563008,right,ON,4.4,7.29
2026-03-26T14:14:09.055174+00:00,26.335250,1774534449055174312,1156020,1774534449055559680,right,ON,4.4,7.29
2026-03-26T14:14:09.071436+00:00,26.351511,1774534449071435712,1156036,1774534449071582464,right,ON,4.4,7.29
2026-03-26T14:14:09.088023+00:00,26.368099,1774534449088023412,1156052,1774534449087663616,right,ON,4.4,7.29
2026-03-26T14:14:09.103273+00:00,26.383349,1774534449103273012,1156068,1774534449103667456,right,ON,4.4,7.29
2026-03-26T14:14:09.119792+00:00,26.399868,1774534449119792312,1156084,1774534449119709184,right,ON,4.4,7.29
2026-03-26T14:14:09.135198+00:00,26.415274,1774534449135198412,1156100,1774534449135690752,right,ON,4.4,7.29
2026-03-26T14:14:09.151755+00:00,26.431830,1774534449151754712,1156116,1774534449151717632,right,ON,4.4,7.29
2026-03-26T14:14:09.169009+00:00,26.449084,1774534449169008912,1156132,1774534449167830272,right,ON,4.4,7.21
2026-03-26T14:14:09.183323+00:00,26.463398,1774534449183322912,1156148,1774534449183817728,right,ON,4.4,7.29
2026-03-26T14:14:09.200095+00:00,26.480171,1774534449200095212,1156164,1774534449199862528,right,ON,4.4,7.21
2026-03-26T14:14:09.216232+00:00,26.496308,1774534449216232312,1156180,1774534449215922688,right,ON,4.4,7.21
2026-03-26T14:14:09.231660+00:00,26.511735,1774534449231659712,1156196,1774534449231923200,right,ON,4.4,7.21
2026-03-26T14:14:09.248177+00:00,26.528253,1774534449248177012,1156212,1774534449247971584,right,ON,4.4,7.21
2026-03-26T14:14:09.263677+00:00,26.543753,1774534449263677012,1156228,1774534449263962112,right,ON,4.4,7.21
2026-03-26T14:14:09.279870+00:00,26.559945,1774534449279869712,1156244,1774534449279980800,right,ON,4.4,7.21
2026-03-26T14:14:09.296539+00:00,26.576615,1774534449296539512,1156260,1774534449296044288,right,ON,4.4,7.21
2026-03-26T14:14:09.311834+00:00,26.591910,1774534449311834112,1156276,1774534449312043520,right,ON,4.4,7.21
2026-03-26T14:14:09.328146+00:00,26.608222,1774534449328146212,1156292,1774534449328071936,right,ON,4.4,7.21
2026-03-26T14:14:09.344594+00:00,26.624669,1774534449344593412,1156308,1774534449344136448,right,ON,4.4,7.21
2026-03-26T14:14:09.360100+00:00,26.640176,1774534449360100212,1156324,1774534449360194304,right,ON,4.3,7.03
2026-03-26T14:14:09.376468+00:00,26.656543,1774534449376467612,1156340,1774534449376237312,right,ON,4.2,6.86
2026-03-26T14:14:09.391699+00:00,26.671775,1774534449391699212,1156356,1774534449392216832,right,ON,4.2,6.86
2026-03-26T14:14:09.408136+00:00,26.688211,1774534449408135812,1156372,1774534449408275968,right,ON,4.1,6.77
2026-03-26T14:14:09.426450+00:00,26.706526,1774534449426450112,1156388,1774534449424450816,right,OFF,4.0,6.59
