timestamp,time_seconds,timestamp_ns,tracker_head_x,tracker_head_y,tracker_head_z,tracker_head_qw,tracker_head_qx,tracker_head_qy,tracker_head_qz,tracker_left_x,tracker_left_y,tracker_left_z,tracker_left_qw,tracker_left_qx,tracker_left_qy,tracker_left_qz,tracker_right_x,tracker_right_y,tracker_right_z,tracker_right_qw,tracker_right_qx,tracker_right_qy,tracker_right_qz
2026-03-26T14:13:42.664771+00:00,-0.055154,1774534422664770800,0.546000,0.515614,-0.069911,0.809434,-0.036980,-0.580197,-0.083163,0.573135,0.049441,-0.385725,0.421844,-0.710527,-0.329355,0.457181,0.719115,0.059457,0.198521,0.429754,0.219542,-0.342508,-0.806181
2026-03-26T14:13:42.680733+00:00,-0.039191,1774534422680733300,0.545978,0.515630,-0.069899,0.809130,-0.036903,-0.580521,-0.083166,0.573086,0.049408,-0.385763,0.421687,-0.711149,-0.329395,0.457688,0.719236,0.059476,0.198576,0.429083,0.219659,-0.342180,-0.806840
2026-03-26T14:13:42.697749+00:00,-0.022175,1774534422697749200,0.545958,0.515631,-0.069862,0.809061,-0.036873,-0.580608,-0.083246,0.573091,0.049402,-0.385809,0.421776,-0.711063,-0.329423,0.457718,0.719230,0.059396,0.198629,0.429097,0.219722,-0.341497,-0.807105
2026-03-26T14:13:42.714859+00:00,-0.005065,1774534422714859400,0.545918,0.515651,-0.069846,0.809115,-0.036836,-0.580540,-0.083197,0.573043,0.049386,-0.385857,0.421735,-0.711104,-0.329430,0.457688,0.719277,0.059373,0.198678,0.429551,0.220024,-0.340278,-0.806056
2026-03-26T14:13:42.731973+00:00,0.012048,1774534422731972900,0.545886,0.515669,-0.069830,0.809115,-0.036774,-0.580543,-0.083190,0.573042,0.049376,-0.385905,0.421752,-0.711106,-0.329429,0.457669,0.719353,0.059283,0.198650,0.429108,0.219145,-0.339650,-0.807380
2026-03-26T14:13:42.748890+00:00,0.028966,1774534422748890400,0.545860,0.515691,-0.069826,0.809124,-0.036741,-0.580536,-0.083125,0.573055,0.049384,-0.385931,0.421697,-0.711122,-0.329401,0.457716,0.719557,0.059202,0.198501,0.428800,0.217695,-0.339400,-0.808870
2026-03-26T14:13:42.765977+00:00,0.046052,1774534422765976500,0.545802,0.515726,-0.069814,0.809485,-0.036757,-0.579787,-0.083018,0.573047,0.049381,-0.385956,0.421753,-0.710709,-0.329193,0.457415,0.719807,0.059130,0.198351,0.429537,0.215462,-0.339480,-0.808702
2026-03-26T14:13:42.783050+00:00,0.063125,1774534422783049500,0.545778,0.515733,-0.069846,0.809495,-0.036812,-0.580130,-0.082946,0.573060,0.049390,-0.385959,0.421279,-0.711073,-0.329607,0.457891,0.720022,0.059122,0.198000,0.429910,0.213836,-0.340536,-0.808510
2026-03-26T14:13:42.800035+00:00,0.080110,1774534422800034700,0.545748,0.515750,-0.069850,0.809496,-0.036879,-0.580131,-0.082879,0.573068,0.049403,-0.385970,0.421638,-0.709953,-0.329581,0.457753,0.720053,0.059062,0.197667,0.429831,0.214664,-0.345070,-0.806488
2026-03-26T14:13:42.817028+00:00,0.097103,1774534422817027700,0.545725,0.515769,-0.069855,0.809504,-0.036906,-0.580121,-0.082829,0.573071,0.049443,-0.385942,0.421633,-0.709881,-0.329697,0.457786,0.719970,0.059231,0.197358,0.430080,0.215926,-0.350336,-0.802339
2026-03-26T14:13:42.834129+00:00,0.114205,1774534422834129400,0.545711,0.515776,-0.069868,0.809497,-0.036949,-0.580131,-0.082821,0.573093,0.049466,-0.385941,0.421422,-0.710260,-0.330064,0.457942,0.719899,0.059591,0.197005,0.429900,0.218694,-0.358146,-0.798685
2026-03-26T14:13:42.851383+00:00,0.131459,1774534422851383200,0.545688,0.515803,-0.069868,0.809486,-0.036929,-0.580143,-0.082881,0.573020,0.049511,-0.385963,0.421565,-0.709697,-0.329961,0.457400,0.719655,0.060025,0.196543,0.430242,0.221198,-0.365785,-0.794496
2026-03-26T14:13:42.868150+00:00,0.148226,1774534422868150300,0.545669,0.515816,-0.069862,0.809465,-0.036947,-0.580169,-0.082950,0.573036,0.049553,-0.385937,0.421412,-0.709614,-0.330017,0.457404,0.719457,0.060523,0.195990,0.430676,0.223730,-0.372677,-0.791230
2026-03-26T14:13:42.885339+00:00,0.165414,1774534422885338700,0.545677,0.515808,-0.069888,0.809474,-0.037022,-0.580147,-0.083018,0.573089,0.049563,-0.385876,0.420780,-0.711076,-0.330568,0.457704,0.719245,0.061088,0.195330,0.432003,0.226310,-0.378970,-0.787570
2026-03-26T14:13:42.902436+00:00,0.182512,1774534422902436400,0.545676,0.515804,-0.069911,0.809480,-0.037123,-0.580141,-0.082950,0.573150,0.049590,-0.385841,0.421397,-0.709528,-0.330343,0.457004,0.718988,0.061666,0.194713,0.434246,0.228334,-0.382767,-0.782419
2026-03-26T14:13:42.919444+00:00,0.199519,1774534422919443800,0.545677,0.515798,-0.069933,0.809490,-0.037250,-0.580132,-0.082819,0.573205,0.049605,-0.385796,0.421378,-0.709529,-0.330370,0.456998,0.718633,0.062217,0.194066,0.435683,0.231002,-0.386386,-0.779988
2026-03-26T14:13:42.936465+00:00,0.216541,1774534422936465200,0.545680,0.515792,-0.069954,0.809488,-0.037347,-0.580135,-0.082767,0.573240,0.049597,-0.385770,0.421862,-0.709166,-0.329948,0.456519,0.718213,0.062707,0.193443,0.438354,0.232727,-0.387944,-0.775331
2026-03-26T14:13:42.953543+00:00,0.233618,1774534422953542700,0.545682,0.515787,-0.069966,0.809465,-0.037404,-0.580157,-0.082858,0.573312,0.049576,-0.385743,0.421226,-0.711135,-0.330386,0.457467,0.717873,0.063108,0.192786,0.440162,0.234097,-0.389206,-0.774526
2026-03-26T14:13:42.970664+00:00,0.250740,1774534422970664300,0.545687,0.515788,-0.069964,0.809439,-0.037374,-0.580184,-0.082999,0.573413,0.049580,-0.385733,0.421390,-0.710431,-0.329788,0.456982,0.717636,0.063476,0.192225,0.442055,0.234780,-0.388905,-0.772925
2026-03-26T14:13:42.987660+00:00,0.267736,1774534422987660300,0.545692,0.515794,-0.069962,0.809417,-0.037366,-0.580214,-0.083035,0.573552,0.049539,-0.385714,0.420988,-0.711159,-0.329636,0.456860,0.717403,0.063761,0.191683,0.443289,0.235719,-0.388481,-0.772135
2026-03-26T14:13:43.004655+00:00,0.284730,1774534423004654500,0.545700,0.515811,-0.069921,0.809410,-0.037321,-0.579876,-0.082978,0.573713,0.049488,-0.385699,0.421006,-0.710309,-0.329256,0.456351,0.717262,0.064019,0.191257,0.444181,0.236344,-0.387791,-0.771982
2026-03-26T14:13:43.021984+00:00,0.302060,1774534423021984100,0.545761,0.515797,-0.069919,0.809046,-0.037199,-0.580630,-0.083118,0.573854,0.049425,-0.385677,0.420245,-0.712164,-0.329904,0.457231,0.717287,0.064083,0.191060,0.445306,0.236165,-0.386850,-0.772867
2026-03-26T14:13:43.038719+00:00,0.318795,1774534423038719000,0.545809,0.515781,-0.069901,0.809021,-0.037182,-0.580645,-0.083348,0.573961,0.049432,-0.385646,0.420506,-0.711830,-0.329507,0.456977,0.717254,0.064126,0.190842,0.445851,0.236307,-0.386188,-0.772984
2026-03-26T14:13:43.055709+00:00,0.335784,1774534423055708900,0.545876,0.515746,-0.069881,0.809000,-0.037341,-0.580649,-0.083563,0.574058,0.049419,-0.385661,0.421368,-0.710221,-0.329323,0.456018,0.717210,0.064236,0.190515,0.446272,0.236716,-0.386081,-0.771647
2026-03-26T14:13:43.073826+00:00,0.353902,1774534423073826400,0.545959,0.515695,-0.069870,0.808953,-0.037537,-0.580688,-0.083788,0.574147,0.049414,-0.385610,0.421398,-0.710492,-0.329803,0.455952,0.717279,0.064231,0.190514,0.445050,0.237616,-0.386142,-0.772230
2026-03-26T14:13:43.090325+00:00,0.370400,1774534423090324800,0.546047,0.515659,-0.069812,0.808649,-0.037694,-0.581020,-0.083851,0.574237,0.049401,-0.385536,0.421000,-0.710749,-0.330265,0.456178,0.717251,0.064327,0.190552,0.443853,0.238021,-0.384483,-0.772988
2026-03-26T14:13:43.107456+00:00,0.387532,1774534423107456300,0.546071,0.515631,-0.069799,0.808989,-0.037761,-0.580290,-0.083819,0.574319,0.049432,-0.385452,0.421103,-0.710614,-0.330362,0.455910,0.717285,0.064290,0.190699,0.443326,0.238124,-0.382932,-0.774057
2026-03-26T14:13:43.124613+00:00,0.404688,1774534423124612700,0.546119,0.515593,-0.069840,0.808990,-0.037783,-0.580636,-0.083930,0.574412,0.049487,-0.385387,0.421151,-0.710496,-0.330579,0.455581,0.717356,0.064113,0.191117,0.442558,0.237889,-0.381957,-0.775050
2026-03-26T14:13:43.141453+00:00,0.421528,1774534423141452600,0.546161,0.515568,-0.069863,0.808990,-0.037850,-0.580628,-0.084000,0.574509,0.049560,-0.385336,0.421132,-0.710522,-0.330586,0.455554,0.717450,0.063911,0.191619,0.441908,0.238452,-0.380397,-0.776384
2026-03-26T14:13:43.158272+00:00,0.438347,1774534423158271700,0.546166,0.515549,-0.069893,0.809313,-0.037957,-0.579909,-0.084151,0.574569,0.049625,-0.385300,0.421205,-0.710830,-0.330953,0.455476,0.717564,0.063715,0.192146,0.441709,0.238600,-0.377957,-0.777265
2026-03-26T14:13:43.175410+00:00,0.455485,1774534423175409600,0.546206,0.515518,-0.069970,0.809300,-0.037991,-0.579912,-0.084349,0.574624,0.049693,-0.385271,0.420764,-0.711589,-0.331572,0.456207,0.717640,0.063496,0.192724,0.441931,0.237491,-0.374191,-0.779639
2026-03-26T14:13:43.192437+00:00,0.472513,1774534423192437000,0.546245,0.515477,-0.070090,0.809316,-0.038184,-0.580254,-0.084195,0.574633,0.049735,-0.385282,0.420765,-0.711530,-0.331646,0.456244,0.717653,0.063279,0.193291,0.443188,0.235494,-0.369191,-0.781818
2026-03-26T14:13:43.209608+00:00,0.489684,1774534423209608000,0.546272,0.515468,-0.070207,0.809366,-0.038305,-0.580206,-0.083851,0.574641,0.049787,-0.385278,0.421592,-0.709692,-0.330939,0.455331,0.717554,0.063108,0.193862,0.444407,0.233738,-0.365473,-0.784502
2026-03-26T14:13:43.226684+00:00,0.506760,1774534423226684300,0.546269,0.515469,-0.070313,0.809728,-0.038329,-0.579460,-0.083618,0.574651,0.049799,-0.385286,0.421526,-0.709819,-0.330719,0.455660,0.717434,0.063052,0.194527,0.445045,0.233687,-0.361618,-0.784896
2026-03-26T14:13:43.243801+00:00,0.523877,1774534423243801200,0.546306,0.515458,-0.070400,0.809731,-0.038332,-0.579442,-0.083718,0.574637,0.049765,-0.385341,0.420920,-0.711400,-0.330781,0.456418,0.717248,0.063068,0.195065,0.445272,0.234682,-0.360126,-0.785185
2026-03-26T14:13:43.260697+00:00,0.540772,1774534423260696500,0.546346,0.515464,-0.070474,0.809669,-0.038393,-0.579521,-0.083863,0.574664,0.049826,-0.385366,0.421010,-0.711173,-0.330477,0.456400,0.717116,0.063055,0.195487,0.444695,0.235753,-0.359745,-0.785944
2026-03-26T14:13:43.277688+00:00,0.557764,1774534423277688300,0.546419,0.515449,-0.070513,0.809672,-0.038509,-0.579517,-0.083790,0.574669,0.049806,-0.385479,0.420934,-0.711296,-0.330295,0.456723,0.716781,0.063104,0.195931,0.445357,0.235640,-0.358880,-0.785350
2026-03-26T14:13:43.295170+00:00,0.575246,1774534423295170300,0.546494,0.515442,-0.070564,0.809697,-0.038582,-0.579483,-0.083741,0.574656,0.049750,-0.385607,0.421676,-0.709540,-0.329440,0.456184,0.716412,0.063197,0.196298,0.446453,0.235559,-0.358680,-0.784103
2026-03-26T14:13:43.312384+00:00,0.592460,1774534423312384300,0.546588,0.515432,-0.070569,0.809657,-0.038639,-0.579539,-0.083727,0.574639,0.049668,-0.385722,0.421871,-0.709627,-0.329217,0.456259,0.716068,0.063477,0.196618,0.446254,0.236376,-0.360415,-0.784157
2026-03-26T14:13:43.329290+00:00,0.609366,1774534423329290300,0.546690,0.515417,-0.070573,0.809647,-0.038719,-0.579547,-0.083742,0.574635,0.049588,-0.385803,0.421055,-0.711503,-0.329849,0.457152,0.715643,0.063872,0.196892,0.446686,0.237212,-0.362585,-0.781830
2026-03-26T14:13:43.346303+00:00,0.626378,1774534423346302500,0.546800,0.515393,-0.070568,0.809619,-0.038807,-0.579568,-0.083915,0.574644,0.049539,-0.385893,0.421813,-0.710151,-0.329205,0.456861,0.715224,0.064325,0.197062,0.446045,0.238321,-0.365535,-0.782154
2026-03-26T14:13:43.363351+00:00,0.643426,1774534423363350900,0.546950,0.515345,-0.070580,0.809234,-0.038885,-0.580337,-0.084204,0.574647,0.049495,-0.385949,0.421811,-0.710141,-0.329207,0.456877,0.714772,0.064806,0.197180,0.447832,0.237835,-0.366018,-0.779341
2026-03-26T14:13:43.380332+00:00,0.660408,1774534423380332200,0.547063,0.515323,-0.070535,0.809211,-0.038871,-0.580007,-0.084298,0.574671,0.049457,-0.385989,0.421527,-0.710594,-0.329411,0.457416,0.714263,0.065354,0.197216,0.449053,0.238791,-0.367434,-0.779405
2026-03-26T14:13:43.397328+00:00,0.677404,1774534423397328500,0.547172,0.515263,-0.070520,0.809199,-0.038797,-0.580018,-0.084457,0.574676,0.049434,-0.386012,0.421712,-0.710292,-0.329015,0.457187,0.713687,0.065945,0.197238,0.452296,0.239176,-0.367985,-0.776246
2026-03-26T14:13:43.414313+00:00,0.694388,1774534423414312800,0.547278,0.515230,-0.070474,0.809200,-0.038749,-0.580010,-0.084576,0.574742,0.049428,-0.386016,0.421692,-0.710314,-0.329027,0.457164,0.713005,0.066568,0.197217,0.453910,0.240528,-0.369764,-0.774679
2026-03-26T14:13:43.431201+00:00,0.711276,1774534423431200600,0.547397,0.515179,-0.070417,0.808875,-0.038747,-0.580714,-0.084738,0.574786,0.049351,-0.386073,0.421418,-0.711159,-0.329450,0.457971,0.712277,0.067272,0.197208,0.456140,0.241826,-0.370573,-0.772637
2026-03-26T14:13:43.448332+00:00,0.728407,1774534423448331400,0.547473,0.515150,-0.070328,0.808856,-0.038704,-0.580726,-0.084946,0.574896,0.049347,-0.386075,0.421476,-0.711149,-0.329380,0.457983,0.711521,0.068029,0.197143,0.459759,0.242278,-0.370494,-0.769068
2026-03-26T14:13:43.465392+00:00,0.745467,1774534423465391600,0.547557,0.515121,-0.070251,0.808844,-0.038711,-0.580733,-0.085043,0.575009,0.049361,-0.386059,0.421509,-0.710765,-0.329133,0.457685,0.710893,0.068750,0.196947,0.462701,0.242447,-0.370734,-0.766938
2026-03-26T14:13:43.482692+00:00,0.762767,1774534423482691800,0.547631,0.515103,-0.070181,0.808832,-0.038737,-0.580745,-0.085101,0.575120,0.049372,-0.386014,0.421115,-0.711402,-0.329924,0.458119,0.710403,0.069434,0.196593,0.464936,0.242661,-0.371281,-0.766702
2026-03-26T14:13:43.499507+00:00,0.779582,1774534423499506800,0.547710,0.515088,-0.070122,0.808825,-0.038763,-0.580750,-0.085164,0.575206,0.049435,-0.385931,0.422006,-0.709385,-0.329460,0.456939,0.710054,0.070036,0.196252,0.466748,0.242581,-0.371860,-0.765289
2026-03-26T14:13:43.516494+00:00,0.796570,1774534423516494100,0.547798,0.515070,-0.070057,0.808815,-0.038799,-0.580758,-0.085229,0.575313,0.049542,-0.385818,0.421800,-0.709293,-0.329698,0.456873,0.709950,0.070380,0.196119,0.467325,0.243112,-0.373586,-0.763423
2026-03-26T14:13:43.533261+00:00,0.813337,1774534423533261300,0.547867,0.515065,-0.069955,0.808790,-0.038809,-0.580426,-0.085371,0.575432,0.049628,-0.385691,0.421868,-0.709177,-0.329891,0.456538,0.709841,0.070828,0.195875,0.467253,0.243209,-0.375260,-0.762718
2026-03-26T14:13:43.550285+00:00,0.830360,1774534423550284500,0.547939,0.515044,-0.069853,0.808768,-0.038806,-0.580447,-0.085503,0.575562,0.049715,-0.385578,0.421826,-0.709173,-0.330037,0.456477,0.709701,0.071295,0.195503,0.467841,0.242829,-0.375229,-0.762429
2026-03-26T14:13:43.567192+00:00,0.847268,1774534423567192200,0.547991,0.515033,-0.069755,0.808718,-0.038759,-0.580506,-0.085622,0.575696,0.049781,-0.385469,0.421634,-0.709492,-0.330421,0.456697,0.709658,0.071581,0.195166,0.468449,0.242382,-0.374831,-0.763045
2026-03-26T14:13:43.584193+00:00,0.864269,1774534423584193200,0.548055,0.515017,-0.069690,0.808377,-0.038708,-0.581232,-0.085747,0.575816,0.049834,-0.385354,0.420891,-0.710867,-0.331027,0.456967,0.709632,0.071752,0.194889,0.469988,0.241166,-0.373913,-0.761656
2026-03-26T14:13:43.601182+00:00,0.881257,1774534423601181700,0.548071,0.515015,-0.069631,0.808407,-0.038619,-0.581200,-0.085708,0.575922,0.049879,-0.385267,0.421126,-0.710464,-0.330808,0.456403,0.709636,0.071893,0.194610,0.469924,0.240685,-0.374782,-0.761798
2026-03-26T14:13:43.618174+00:00,0.898250,1774534423618174300,0.548091,0.514991,-0.069577,0.808420,-0.038570,-0.581180,-0.085713,0.576038,0.049913,-0.385184,0.421010,-0.710694,-0.331125,0.456744,0.709700,0.071982,0.194383,0.469542,0.240318,-0.376180,-0.761619
2026-03-26T14:13:43.635159+00:00,0.915235,1774534423635159500,0.548094,0.514993,-0.069545,0.808429,-0.038469,-0.581174,-0.085659,0.576080,0.049960,-0.385098,0.421254,-0.709860,-0.330731,0.455924,0.709815,0.072034,0.194171,0.469574,0.239243,-0.376436,-0.761180
2026-03-26T14:13:43.652253+00:00,0.932328,1774534423652252800,0.548096,0.514995,-0.069521,0.808443,-0.038374,-0.581166,-0.085536,0.576146,0.049976,-0.385038,0.421241,-0.710262,-0.330959,0.456190,0.709993,0.072063,0.193964,0.468676,0.238575,-0.376649,-0.763253
2026-03-26T14:13:43.669082+00:00,0.949157,1774534423669081900,0.548066,0.515013,-0.069496,0.808807,-0.038290,-0.580414,-0.085430,0.576186,0.049999,-0.384991,0.421248,-0.710248,-0.330990,0.456183,0.710166,0.072055,0.193803,0.468879,0.237557,-0.375684,-0.763425
2026-03-26T14:13:43.686164+00:00,0.966239,1774534423686163900,0.548069,0.515018,-0.069493,0.808839,-0.038223,-0.580387,-0.085236,0.576231,0.050014,-0.384964,0.421261,-0.710245,-0.330983,0.456180,0.710376,0.072018,0.193670,0.468793,0.236580,-0.374850,-0.763200
2026-03-26T14:13:43.703371+00:00,0.983447,1774534423703371300,0.548082,0.515007,-0.069528,0.808842,-0.038182,-0.580727,-0.085373,0.576241,0.050024,-0.384939,0.420706,-0.711273,-0.331215,0.456275,0.710591,0.071866,0.193521,0.467792,0.236198,-0.375250,-0.764669
2026-03-26T14:13:43.720152+00:00,1.000227,1774534423720151800,0.548095,0.515000,-0.069530,0.808809,-0.038231,-0.580754,-0.085588,0.576258,0.050029,-0.384938,0.420697,-0.711280,-0.331214,0.456274,0.710793,0.071693,0.193400,0.467030,0.235643,-0.375552,-0.765160
2026-03-26T14:13:43.737346+00:00,1.017422,1774534423737346000,0.548093,0.515004,-0.069521,0.809135,-0.038375,-0.580030,-0.085729,0.576276,0.050034,-0.384938,0.420431,-0.711728,-0.331423,0.456807,0.711022,0.071447,0.193285,0.465928,0.235144,-0.376338,-0.766068
2026-03-26T14:13:43.754092+00:00,1.034168,1774534423754092200,0.548151,0.515006,-0.069500,0.809117,-0.038527,-0.580051,-0.085767,0.576275,0.050042,-0.384959,0.421270,-0.710248,-0.330967,0.456180,0.711256,0.071187,0.193203,0.465446,0.233945,-0.375586,-0.766586
2026-03-26T14:13:43.771108+00:00,1.051183,1774534423771107800,0.548199,0.514997,-0.069529,0.809133,-0.038595,-0.580038,-0.085654,0.576274,0.050045,-0.384974,0.421295,-0.710646,-0.331155,0.456445,0.711495,0.070919,0.193124,0.464686,0.233207,-0.375097,-0.767904
2026-03-26T14:13:43.788181+00:00,1.068257,1774534423788181200,0.548252,0.514995,-0.069537,0.809148,-0.038604,-0.580024,-0.085573,0.576266,0.050055,-0.385005,0.421296,-0.711053,-0.331341,0.456720,0.711646,0.070695,0.193089,0.464828,0.232339,-0.373987,-0.767107
2026-03-26T14:13:43.805162+00:00,1.085238,1774534423805162100,0.548326,0.514987,-0.069537,0.809076,-0.038616,-0.580130,-0.085442,0.576271,0.050101,-0.385046,0.421806,-0.709753,-0.330944,0.456174,0.711737,0.070582,0.193029,0.464308,0.232802,-0.374523,-0.768088
2026-03-26T14:13:43.822650+00:00,1.102726,1774534423822650400,0.548408,0.514984,-0.069590,0.809088,-0.038673,-0.580112,-0.085478,0.576193,0.050110,-0.385154,0.421743,-0.709792,-0.330737,0.456632,0.711818,0.070461,0.193028,0.464004,0.232808,-0.374616,-0.767718
2026-03-26T14:13:43.839443+00:00,1.119519,1774534423839443100,0.548469,0.514982,-0.069669,0.809445,-0.038730,-0.579705,-0.085590,0.576112,0.050111,-0.385264,0.421479,-0.710228,-0.330943,0.457177,0.711855,0.070371,0.193041,0.463983,0.232671,-0.374357,-0.767361
2026-03-26T14:13:43.856781+00:00,1.136857,1774534423856781100,0.548559,0.514964,-0.069708,0.809468,-0.038718,-0.579657,-0.085733,0.576020,0.050113,-0.385371,0.421135,-0.710791,-0.330946,0.458064,0.711936,0.070277,0.193037,0.463208,0.232717,-0.374614,-0.768798
2026-03-26T14:13:43.873616+00:00,1.153691,1774534423873615900,0.548648,0.514953,-0.069746,0.809458,-0.038815,-0.579669,-0.085753,0.575924,0.050131,-0.385475,0.421060,-0.710507,-0.330571,0.458118,0.711997,0.070200,0.193041,0.462910,0.232448,-0.374093,-0.769420
2026-03-26T14:13:43.890758+00:00,1.170833,1774534423890757600,0.548748,0.514942,-0.069770,0.809461,-0.038882,-0.579671,-0.085622,0.575846,0.050128,-0.385560,0.421058,-0.710511,-0.330577,0.458109,0.712050,0.070121,0.193091,0.462828,0.232048,-0.373007,-0.769255
2026-03-26T14:13:43.907701+00:00,1.187776,1774534423907700900,0.548846,0.514932,-0.069779,0.809450,-0.038840,-0.579684,-0.085667,0.575790,0.050125,-0.385615,0.421093,-0.710484,-0.330591,0.458108,0.712101,0.070065,0.193135,0.462286,0.232254,-0.373422,-0.770540
2026-03-26T14:13:43.924735+00:00,1.204811,1774534423924735200,0.548949,0.514921,-0.069784,0.809434,-0.038756,-0.579701,-0.085762,0.575730,0.050119,-0.385663,0.421962,-0.708993,-0.330141,0.457480,0.712127,0.070027,0.193250,0.462252,0.232497,-0.373509,-0.770041
2026-03-26T14:13:43.941673+00:00,1.221748,1774534423941672800,0.549052,0.514901,-0.069793,0.809435,-0.038806,-0.579685,-0.085895,0.575675,0.050097,-0.385689,0.421983,-0.709416,-0.330310,0.457724,0.712163,0.069980,0.193369,0.461649,0.232940,-0.374448,-0.770419
2026-03-26T14:13:43.959227+00:00,1.239303,1774534423959227500,0.549159,0.514885,-0.069764,0.809424,-0.038868,-0.579342,-0.085910,0.575625,0.050066,-0.385714,0.422231,-0.709408,-0.330273,0.457445,0.712193,0.069927,0.193532,0.461789,0.233122,-0.374464,-0.769213
2026-03-26T14:13:43.975960+00:00,1.256036,1774534423975960200,0.549270,0.514847,-0.069767,0.809398,-0.038920,-0.579362,-0.086107,0.575612,0.050029,-0.385743,0.422175,-0.709868,-0.330415,0.457719,0.712244,0.069869,0.193672,0.461399,0.233341,-0.374525,-0.769521
2026-03-26T14:13:43.993269+00:00,1.273345,1774534423993269000,0.549395,0.514794,-0.069787,0.809047,-0.038980,-0.580103,-0.086198,0.575566,0.049996,-0.385769,0.422797,-0.708746,-0.329495,0.456806,0.712276,0.069791,0.193806,0.460924,0.233329,-0.374242,-0.770368
2026-03-26T14:13:44.010012+00:00,1.290088,1774534424010012200,0.549479,0.514755,-0.069782,0.809048,-0.039001,-0.580103,-0.086188,0.575547,0.049904,-0.385800,0.422388,-0.709520,-0.329239,0.456994,0.712310,0.069715,0.193916,0.460251,0.233583,-0.374178,-0.771151
2026-03-26T14:13:44.027103+00:00,1.307179,1774534424027103100,0.549518,0.514756,-0.069775,0.809405,-0.038959,-0.579358,-0.086096,0.575553,0.049822,-0.385848,0.422362,-0.709569,-0.329143,0.457011,0.712341,0.069643,0.194022,0.460434,0.233271,-0.374044,-0.770522
2026-03-26T14:13:44.044123+00:00,1.324199,1774534424044123300,0.549574,0.514750,-0.069787,0.809414,-0.038956,-0.579352,-0.086027,0.575555,0.049784,-0.385867,0.422360,-0.709542,-0.329188,0.457022,0.712347,0.069624,0.194061,0.460393,0.233201,-0.374170,-0.770506
2026-03-26T14:13:44.061205+00:00,1.341281,1774534424061205600,0.549627,0.514748,-0.069810,0.809421,-0.038925,-0.579347,-0.085964,0.575574,0.049738,-0.385894,0.421879,-0.710359,-0.329743,0.457735,0.712340,0.069600,0.194094,0.460382,0.232937,-0.374520,-0.770588
2026-03-26T14:13:44.078226+00:00,1.358301,1774534424078225900,0.549677,0.514749,-0.069837,0.809423,-0.038894,-0.579346,-0.085960,0.575578,0.049737,-0.385916,0.422751,-0.708827,-0.329315,0.457164,0.712342,0.069585,0.194106,0.460278,0.232949,-0.374843,-0.770794
2026-03-26T14:13:44.095217+00:00,1.375293,1774534424095217100,0.549725,0.514751,-0.069875,0.809431,-0.038890,-0.579342,-0.085879,0.575588,0.049730,-0.385926,0.422734,-0.708847,-0.329291,0.457166,0.712347,0.069565,0.194125,0.460924,0.232522,-0.374665,-0.769655
2026-03-26T14:13:44.111964+00:00,1.392039,1774534424111963300,0.549771,0.514744,-0.069917,0.809415,-0.038890,-0.579363,-0.085890,0.575612,0.049726,-0.385932,0.422404,-0.709334,-0.329526,0.457669,0.712395,0.069532,0.194117,0.460108,0.232454,-0.374987,-0.771005
2026-03-26T14:13:44.129015+00:00,1.409091,1774534424129015400,0.549855,0.514726,-0.069973,0.809050,-0.038905,-0.580120,-0.085947,0.575578,0.049732,-0.385933,0.422341,-0.708828,-0.329455,0.457297,0.712408,0.069490,0.194115,0.460150,0.232191,-0.374864,-0.770845
2026-03-26T14:13:44.146056+00:00,1.426132,1774534424146056400,0.549903,0.514723,-0.070022,0.809088,-0.038962,-0.580066,-0.085941,0.575594,0.049732,-0.385942,0.422290,-0.708852,-0.329478,0.457290,0.712395,0.069456,0.194158,0.460388,0.231598,-0.374653,-0.769794
2026-03-26T14:13:44.163646+00:00,1.443721,1774534424163645900,0.549959,0.514717,-0.070080,0.809084,-0.039002,-0.580075,-0.085881,0.575627,0.049727,-0.385950,0.421796,-0.709619,-0.330096,0.458050,0.712483,0.069377,0.194131,0.459468,0.231639,-0.375442,-0.771393
2026-03-26T14:13:44.180499+00:00,1.460575,1774534424180499100,0.550011,0.514714,-0.070136,0.809066,-0.038997,-0.580106,-0.085841,0.575656,0.049734,-0.385943,0.421853,-0.709478,-0.330202,0.458139,0.712580,0.069279,0.194093,0.459222,0.231229,-0.375583,-0.771594
2026-03-26T14:13:44.197684+00:00,1.477759,1774534424197683500,0.550063,0.514714,-0.070212,0.809089,-0.039001,-0.580073,-0.085814,0.575651,0.049735,-0.385957,0.422055,-0.709131,-0.329921,0.457566,0.712679,0.069141,0.194118,0.458742,0.230970,-0.375805,-0.772213
2026-03-26T14:13:44.214678+00:00,1.494753,1774534424214677400,0.550107,0.514715,-0.070275,0.809082,-0.038979,-0.580084,-0.085807,0.575702,0.049723,-0.385964,0.422068,-0.709532,-0.330123,0.457826,0.712772,0.068961,0.194163,0.458712,0.230495,-0.375164,-0.770913
2026-03-26T14:13:44.231552+00:00,1.511627,1774534424231551700,0.550146,0.514717,-0.070342,0.809089,-0.038928,-0.580075,-0.085821,0.575750,0.049720,-0.385968,0.422345,-0.709087,-0.329907,0.457290,0.712884,0.068761,0.194207,0.457685,0.230754,-0.375306,-0.771711
2026-03-26T14:13:44.248662+00:00,1.528737,1774534424248661500,0.550182,0.514717,-0.070417,0.809097,-0.038943,-0.580064,-0.085806,0.575815,0.049698,-0.385976,0.422343,-0.709097,-0.329905,0.457279,0.712999,0.068568,0.194291,0.456693,0.231009,-0.375252,-0.772181
2026-03-26T14:13:44.265811+00:00,1.545887,1774534424265811400,0.550209,0.514717,-0.070519,0.809110,-0.038972,-0.580052,-0.085731,0.575863,0.049634,-0.385979,0.421710,-0.710655,-0.330139,0.457961,0.713105,0.068396,0.194387,0.455863,0.231203,-0.375340,-0.772919
2026-03-26T14:13:44.282835+00:00,1.562911,1774534424282835100,0.550238,0.514718,-0.070633,0.809123,-0.039011,-0.580039,-0.085654,0.575879,0.049558,-0.386004,0.421903,-0.710333,-0.329729,0.457763,0.713188,0.068255,0.194467,0.455077,0.231495,-0.375694,-0.774028
2026-03-26T14:13:44.300004+00:00,1.580080,1774534424300004000,0.550271,0.514717,-0.070755,0.809146,-0.039046,-0.580016,-0.085518,0.575880,0.049478,-0.386038,0.421908,-0.710313,-0.329733,0.457786,0.713231,0.068169,0.194548,0.455179,0.231359,-0.375556,-0.773526
2026-03-26T14:13:44.316987+00:00,1.597062,1774534424316986600,0.550291,0.514713,-0.070906,0.809514,-0.039099,-0.579610,-0.085401,0.575886,0.049414,-0.386076,0.421831,-0.710440,-0.329559,0.458102,0.713248,0.068125,0.194593,0.455369,0.231333,-0.375581,-0.773409
2026-03-26T14:13:44.334054+00:00,1.614130,1774534424334054400,0.550340,0.514703,-0.071041,0.809536,-0.039156,-0.579583,-0.085295,0.575886,0.049355,-0.386128,0.421838,-0.710437,-0.329554,0.458103,0.713272,0.068120,0.194633,0.455399,0.231247,-0.375626,-0.773395
2026-03-26T14:13:44.351063+00:00,1.631138,1774534424351062900,0.550395,0.514705,-0.071155,0.809474,-0.039212,-0.579671,-0.085261,0.575899,0.049325,-0.386201,0.422570,-0.708711,-0.328765,0.457500,0.713289,0.068097,0.194666,0.455854,0.230904,-0.375869,-0.772424
2026-03-26T14:13:44.368257+00:00,1.648332,1774534424368256600,0.550488,0.514706,-0.071255,0.809484,-0.039269,-0.579652,-0.085307,0.575876,0.049281,-0.386285,0.422795,-0.708390,-0.328445,0.457214,0.713325,0.068059,0.194685,0.455502,0.231004,-0.376493,-0.773066
2026-03-26T14:13:44.385395+00:00,1.665470,1774534424385394700,0.550604,0.514709,-0.071333,0.809478,-0.039302,-0.579652,-0.085424,0.575858,0.049229,-0.386392,0.422547,-0.708844,-0.328584,0.457761,0.713341,0.068077,0.194664,0.455285,0.231026,-0.377013,-0.773388
2026-03-26T14:13:44.402554+00:00,1.682630,1774534424402554400,0.550733,0.514670,-0.071396,0.809409,-0.039344,-0.579721,-0.085587,0.575812,0.049200,-0.386496,0.422436,-0.708817,-0.328529,0.457945,0.713350,0.068120,0.194630,0.455252,0.230883,-0.377198,-0.773361
2026-03-26T14:13:44.419523+00:00,1.699599,1774534424419523400,0.550852,0.514676,-0.071478,0.809411,-0.039544,-0.579711,-0.085670,0.575781,0.049177,-0.386597,0.422237,-0.709259,-0.328787,0.458382,0.713391,0.068072,0.194671,0.455392,0.230383,-0.376550,-0.772775
2026-03-26T14:13:44.436510+00:00,1.716585,1774534424436509700,0.550957,0.514694,-0.071517,0.809414,-0.039775,-0.579352,-0.085658,0.575737,0.049132,-0.386696,0.421983,-0.710067,-0.329316,0.458831,0.713408,0.068079,0.194670,0.455499,0.230130,-0.376499,-0.772534
2026-03-26T14:13:44.453582+00:00,1.733657,1774534424453581500,0.551086,0.514662,-0.071623,0.809052,-0.040009,-0.580099,-0.085696,0.575680,0.049127,-0.386775,0.422128,-0.709938,-0.329375,0.458854,0.713445,0.068118,0.194657,0.454835,0.230530,-0.377011,-0.773875
2026-03-26T14:13:44.470541+00:00,1.750616,1774534424470540800,0.551165,0.514641,-0.071719,0.809040,-0.040140,-0.580107,-0.085764,0.575641,0.049109,-0.386870,0.422575,-0.709421,-0.329315,0.459002,0.713423,0.068186,0.194669,0.455765,0.230412,-0.376627,-0.772371
2026-03-26T14:13:44.487467+00:00,1.767542,1774534424487466800,0.551221,0.514620,-0.071818,0.809052,-0.040233,-0.580081,-0.085791,0.575602,0.049077,-0.386963,0.422792,-0.709078,-0.328824,0.458878,0.713447,0.068254,0.194656,0.455500,0.230814,-0.377281,-0.773230
2026-03-26T14:13:44.504540+00:00,1.784616,1774534424504540500,0.551216,0.514624,-0.071934,0.809438,-0.040281,-0.579301,-0.085678,0.575582,0.049029,-0.387066,0.422439,-0.709568,-0.328992,0.459450,0.713450,0.068312,0.194674,0.456181,0.230442,-0.376741,-0.771890
2026-03-26T14:13:44.521638+00:00,1.801714,1774534424521638500,0.551257,0.514583,-0.072081,0.809381,-0.040362,-0.579732,-0.085654,0.575537,0.048983,-0.387161,0.421937,-0.709925,-0.328658,0.459486,0.713484,0.068352,0.194674,0.455354,0.230585,-0.377135,-0.773317
2026-03-26T14:13:44.538406+00:00,1.818482,1774534424538406100,0.551264,0.514578,-0.072172,0.809391,-0.040317,-0.579718,-0.085661,0.575529,0.048900,-0.387249,0.421592,-0.709992,-0.328641,0.459807,0.713508,0.068367,0.194672,0.455406,0.230427,-0.377084,-0.773219
2026-03-26T14:13:44.555419+00:00,1.835494,1774534424555418700,0.551269,0.514572,-0.072248,0.809406,-0.040379,-0.579702,-0.085554,0.575505,0.048825,-0.387313,0.421518,-0.710453,-0.328801,0.460085,0.713530,0.068366,0.194687,0.455391,0.230307,-0.376888,-0.772810
2026-03-26T14:13:44.572452+00:00,1.852527,1774534424572451600,0.551267,0.514570,-0.072316,0.809430,-0.040414,-0.579687,-0.085293,0.575455,0.048814,-0.387364,0.422308,-0.708599,-0.328148,0.459206,0.713556,0.068353,0.194703,0.455105,0.230457,-0.377158,-0.772847
2026-03-26T14:13:44.589478+00:00,1.869554,1774534424589478100,0.551246,0.514592,-0.072342,0.809442,-0.040325,-0.579333,-0.085104,0.575429,0.048803,-0.387367,0.422436,-0.708929,-0.328388,0.459442,0.713562,0.068343,0.194741,0.455089,0.230310,-0.376966,-0.772443
2026-03-26T14:13:44.607307+00:00,1.887382,1774534424607306800,0.551190,0.514652,-0.072380,0.809382,-0.040243,-0.579438,-0.084993,0.575411,0.048816,-0.387344,0.422676,-0.708785,-0.328494,0.459368,0.713567,0.068275,0.194787,0.454843,0.230302,-0.377084,-0.772532
2026-03-26T14:13:44.624031+00:00,1.904106,1774534424624030600,0.551181,0.514611,-0.072450,0.809129,-0.040146,-0.580042,-0.084949,0.575390,0.048780,-0.387386,0.422718,-0.708800,-0.328529,0.458873,0.713604,0.068317,0.194820,0.454066,0.230708,-0.377882,-0.774261
2026-03-26T14:13:44.641075+00:00,1.921150,1774534424641074800,0.551134,0.514631,-0.072497,0.809147,-0.040090,-0.580024,-0.084881,0.575387,0.048790,-0.387381,0.422708,-0.708401,-0.328342,0.458599,0.713615,0.068284,0.194876,0.453931,0.230471,-0.378079,-0.774081
2026-03-26T14:13:44.658367+00:00,1.938442,1774534424658366600,0.551069,0.514649,-0.072564,0.809495,-0.040067,-0.579636,-0.084906,0.575375,0.048775,-0.387371,0.422154,-0.709817,-0.328771,0.458962,0.713616,0.068257,0.194925,0.453860,0.230418,-0.378199,-0.774080
2026-03-26T14:13:44.675221+00:00,1.955297,1774534424675221200,0.551024,0.514661,-0.072595,0.809491,-0.040100,-0.579643,-0.084851,0.575390,0.048777,-0.387382,0.422686,-0.708455,-0.328334,0.458540,0.713608,0.068212,0.195004,0.454394,0.230200,-0.377945,-0.772444
2026-03-26T14:13:44.692373+00:00,1.972449,1774534424692373100,0.551002,0.514666,-0.072637,0.809483,-0.040134,-0.579657,-0.084823,0.575383,0.048784,-0.387387,0.422722,-0.708364,-0.328354,0.458633,0.713590,0.068204,0.195059,0.454417,0.230189,-0.378048,-0.772383
2026-03-26T14:13:44.709225+00:00,1.989301,1774534424709225400,0.550991,0.514671,-0.072664,0.809172,-0.040180,-0.579992,-0.084740,0.575395,0.048774,-0.387378,0.422300,-0.709183,-0.328881,0.459307,0.713595,0.068180,0.195112,0.454599,0.230379,-0.378925,-0.771983
2026-03-26T14:13:44.726267+00:00,2.006343,1774534424726267100,0.550965,0.514678,-0.072682,0.809172,-0.040217,-0.579995,-0.084717,0.575386,0.048797,-0.387381,0.422302,-0.708737,-0.328747,0.459054,0.713587,0.068145,0.195136,0.454407,0.230562,-0.380573,-0.772212
2026-03-26T14:13:44.742978+00:00,2.023053,1774534424742977500,0.550950,0.514684,-0.072693,0.809160,-0.040224,-0.580012,-0.084735,0.575398,0.048789,-0.387397,0.422267,-0.708744,-0.328751,0.459074,0.713556,0.068122,0.195132,0.454523,0.230323,-0.381709,-0.771901
2026-03-26T14:13:44.759773+00:00,2.039848,1774534424759772900,0.550953,0.514680,-0.072684,0.809125,-0.040216,-0.580050,-0.084845,0.575401,0.048787,-0.387410,0.422261,-0.708747,-0.328750,0.459075,0.713552,0.068104,0.195123,0.454686,0.229754,-0.382539,-0.771124
2026-03-26T14:13:44.776851+00:00,2.056927,1774534424776851200,0.550949,0.514678,-0.072681,0.809106,-0.040221,-0.580071,-0.084918,0.575413,0.048767,-0.387423,0.422225,-0.708771,-0.328701,0.459107,0.713567,0.068058,0.195112,0.454915,0.228754,-0.383034,-0.769777
2026-03-26T14:13:44.793709+00:00,2.073785,1774534424793709300,0.550946,0.514678,-0.072677,0.809088,-0.040224,-0.580087,-0.085034,0.575417,0.048771,-0.387434,0.422181,-0.708875,-0.328562,0.459406,0.713611,0.068008,0.195074,0.453950,0.228425,-0.383949,-0.771547
2026-03-26T14:13:44.811074+00:00,2.091150,1774534424811074200,0.550976,0.514666,-0.072681,0.808709,-0.040229,-0.580863,-0.085138,0.575418,0.048765,-0.387430,0.422177,-0.708468,-0.328375,0.459136,0.713596,0.067962,0.195063,0.454068,0.227874,-0.383978,-0.771398
2026-03-26T14:13:44.828074+00:00,2.108149,1774534424828073600,0.550964,0.514683,-0.072627,0.808703,-0.040205,-0.580521,-0.085082,0.575438,0.048738,-0.387428,0.421988,-0.708801,-0.328776,0.459316,0.713597,0.067905,0.195076,0.454150,0.227588,-0.383699,-0.770742
2026-03-26T14:13:44.845117+00:00,2.125193,1774534424845117400,0.550957,0.514684,-0.072604,0.808749,-0.040183,-0.580456,-0.085127,0.575437,0.048719,-0.387439,0.421683,-0.709731,-0.328992,0.459233,0.713645,0.067775,0.195053,0.453169,0.227682,-0.384541,-0.772393
2026-03-26T14:13:44.862278+00:00,2.142354,1774534424862278200,0.550986,0.514670,-0.072578,0.808377,-0.040159,-0.581229,-0.085158,0.575501,0.048692,-0.387410,0.421749,-0.710212,-0.329162,0.459343,0.713664,0.067623,0.195062,0.453241,0.227395,-0.384273,-0.771875
2026-03-26T14:13:44.879122+00:00,2.159198,1774534424879122400,0.550981,0.514677,-0.072535,0.808381,-0.040162,-0.581219,-0.085250,0.575565,0.048677,-0.387440,0.422140,-0.709823,-0.328748,0.458982,0.713675,0.067475,0.195079,0.453278,0.227029,-0.384145,-0.771106
2026-03-26T14:13:44.896182+00:00,2.176257,1774534424896181400,0.550979,0.514670,-0.072504,0.808374,-0.040197,-0.581221,-0.085329,0.575598,0.048662,-0.387392,0.422018,-0.710129,-0.329110,0.459169,0.713683,0.067357,0.195067,0.453117,0.227129,-0.384581,-0.771425
2026-03-26T14:13:44.913464+00:00,2.193539,1774534424913463900,0.550945,0.514675,-0.072469,0.808715,-0.040211,-0.580485,-0.085376,0.575602,0.048668,-0.387334,0.422035,-0.709716,-0.328909,0.458900,0.713685,0.067267,0.195060,0.453016,0.226918,-0.384777,-0.771226
2026-03-26T14:13:44.930670+00:00,2.210746,1774534424930670200,0.550940,0.514669,-0.072456,0.808721,-0.040183,-0.580477,-0.085378,0.575609,0.048659,-0.387292,0.421798,-0.710054,-0.329329,0.459103,0.713690,0.067217,0.195046,0.452866,0.226899,-0.385144,-0.771469
2026-03-26T14:13:44.947762+00:00,2.227838,1774534424947762500,0.550930,0.514663,-0.072441,0.808730,-0.040191,-0.580468,-0.085317,0.575609,0.048660,-0.387259,0.421749,-0.710065,-0.329343,0.459121,0.713697,0.067179,0.195036,0.452700,0.226863,-0.385491,-0.771737
2026-03-26T14:13:44.964606+00:00,2.244681,1774534424964605600,0.550917,0.514663,-0.072425,0.808740,-0.040155,-0.580461,-0.085253,0.575608,0.048663,-0.387226,0.421736,-0.710066,-0.329369,0.459114,0.713695,0.067169,0.195042,0.452701,0.226912,-0.385483,-0.771727
2026-03-26T14:13:44.981679+00:00,2.261755,1774534424981679100,0.550898,0.514663,-0.072408,0.808740,-0.040154,-0.580462,-0.085250,0.575607,0.048671,-0.387220,0.422580,-0.708598,-0.328927,0.458478,0.713692,0.067153,0.195067,0.453304,0.226801,-0.385174,-0.770280
2026-03-26T14:13:44.998579+00:00,2.278655,1774534424998579300,0.550877,0.514663,-0.072384,0.808741,-0.040119,-0.580459,-0.085260,0.575607,0.048689,-0.387205,0.422606,-0.708602,-0.328926,0.458449,0.713710,0.067125,0.195066,0.453286,0.226758,-0.385141,-0.770320
2026-03-26T14:13:45.015629+00:00,2.295704,1774534425015628700,0.550859,0.514664,-0.072354,0.808722,-0.040089,-0.580478,-0.085384,0.575604,0.048715,-0.387204,0.422356,-0.709040,-0.329121,0.458986,0.713727,0.067082,0.195053,0.453297,0.226639,-0.385143,-0.770347
2026-03-26T14:13:45.033782+00:00,2.313858,1774534425033782500,0.550847,0.514660,-0.072309,0.808708,-0.040088,-0.580492,-0.085451,0.575554,0.048751,-0.387218,0.421918,-0.709057,-0.329160,0.459424,0.713728,0.067041,0.195024,0.453456,0.226380,-0.385417,-0.770471
2026-03-26T14:13:45.049829+00:00,2.329904,1774534425049828900,0.550871,0.514642,-0.072273,0.808333,-0.040069,-0.581255,-0.085642,0.575502,0.048794,-0.387191,0.421791,-0.708692,-0.328972,0.459296,0.713723,0.066994,0.195014,0.453113,0.226574,-0.386242,-0.771008
2026-03-26T14:13:45.066952+00:00,2.347028,1774534425066952500,0.550880,0.514628,-0.072197,0.808232,-0.039985,-0.581379,-0.085816,0.575449,0.048838,-0.387200,0.421472,-0.709086,-0.329261,0.459903,0.713765,0.066951,0.195003,0.453148,0.226544,-0.386464,-0.770885
2026-03-26T14:13:45.083998+00:00,2.364073,1774534425083997800,0.550877,0.514614,-0.072085,0.807995,-0.040212,-0.581607,-0.085883,0.575374,0.048867,-0.387217,0.421912,-0.708386,-0.329449,0.459615,0.713792,0.066879,0.195008,0.453382,0.226300,-0.386724,-0.770498
2026-03-26T14:13:45.101014+00:00,2.381090,1774534425101014200,0.550898,0.514549,-0.071971,0.807598,-0.040527,-0.582045,-0.085940,0.575304,0.048952,-0.387222,0.421926,-0.708779,-0.329665,0.459878,0.713889,0.066788,0.195006,0.453455,0.226136,-0.386658,-0.770398
2026-03-26T14:13:45.117985+00:00,2.398060,1774534425117984600,0.550918,0.514457,-0.071862,0.807187,-0.041051,-0.582501,-0.085862,0.575227,0.049064,-0.387234,0.422588,-0.707222,-0.329427,0.459181,0.714013,0.066667,0.194993,0.453503,0.226077,-0.386835,-0.770715
2026-03-26T14:13:45.135026+00:00,2.415102,1774534425135026100,0.550958,0.514312,-0.071716,0.806425,-0.041827,-0.583343,-0.085692,0.575166,0.049161,-0.387234,0.422156,-0.707979,-0.330035,0.459905,0.714165,0.066548,0.194992,0.453620,0.225789,-0.386761,-0.770491
2026-03-26T14:13:45.152233+00:00,2.432308,1774534425152232600,0.551038,0.514121,-0.071563,0.805242,-0.043003,-0.585021,-0.085301,0.575086,0.049249,-0.387233,0.422159,-0.707961,-0.330049,0.459921,0.714326,0.066398,0.194987,0.453477,0.225728,-0.387146,-0.770735
2026-03-26T14:13:45.169490+00:00,2.449566,1774534425169490300,0.551123,0.513938,-0.071381,0.804024,-0.044173,-0.586751,-0.084826,0.575033,0.049324,-0.387227,0.421683,-0.708317,-0.330470,0.460409,0.714490,0.066224,0.195001,0.453577,0.225598,-0.387056,-0.770621
2026-03-26T14:13:45.186611+00:00,2.466686,1774534425186610700,0.551229,0.513786,-0.071133,0.802456,-0.045269,-0.588860,-0.084347,0.574970,0.049407,-0.387220,0.421678,-0.707907,-0.330285,0.460145,0.714711,0.066031,0.195000,0.453707,0.225450,-0.387200,-0.770933
2026-03-26T14:13:45.203152+00:00,2.483228,1774534425203152400,0.551335,0.513640,-0.070897,0.800949,-0.046316,-0.591255,-0.083725,0.574919,0.049474,-0.387217,0.421686,-0.707903,-0.330279,0.460147,0.715045,0.065822,0.195011,0.453849,0.225183,-0.387352,-0.771129
2026-03-26T14:13:45.220043+00:00,2.500119,1774534425220043000,0.551393,0.513557,-0.070610,0.799830,-0.047179,-0.592496,-0.083040,0.574892,0.049540,-0.387212,0.421238,-0.708650,-0.330894,0.460909,0.715407,0.065559,0.195050,0.454320,0.224544,-0.387505,-0.769614
2026-03-26T14:13:45.237215+00:00,2.517291,1774534425237215100,0.551482,0.513489,-0.070350,0.798378,-0.047907,-0.594457,-0.082384,0.574829,0.049619,-0.387212,0.422046,-0.706773,-0.330298,0.460012,0.715889,0.065291,0.195092,0.454184,0.224104,-0.387818,-0.769726
2026-03-26T14:13:45.254276+00:00,2.534352,1774534425254276400,0.551607,0.513401,-0.070154,0.797516,-0.048335,-0.595878,-0.081824,0.574742,0.049685,-0.387219,0.421744,-0.707428,-0.330950,0.460433,0.716440,0.065021,0.195139,0.454356,0.223345,-0.387894,-0.769524
2026-03-26T14:13:45.271389+00:00,2.551464,1774534425271388600,0.551571,0.513442,-0.069993,0.796799,-0.048513,-0.596889,-0.081335,0.574761,0.049681,-0.387185,0.421626,-0.707470,-0.331068,0.460391,0.717046,0.064712,0.195233,0.454597,0.222796,-0.388070,-0.769453
2026-03-26T14:13:45.288169+00:00,2.568245,1774534425288169300,0.551589,0.513376,-0.069856,0.796269,-0.048480,-0.597687,-0.080927,0.574678,0.049731,-0.387150,0.421123,-0.708351,-0.331337,0.460616,0.717841,0.064355,0.195364,0.454744,0.222849,-0.388777,-0.770447
2026-03-26T14:13:45.305355+00:00,2.585431,1774534425305355200,0.551521,0.513466,-0.069821,0.796022,-0.048351,-0.598073,-0.080589,0.574776,0.049686,-0.387133,0.421110,-0.708574,-0.331198,0.460384,0.718622,0.063962,0.195545,0.455461,0.222572,-0.388943,-0.770017
2026-03-26T14:13:45.322287+00:00,2.602362,1774534425322286600,0.551446,0.513471,-0.069768,0.796223,-0.048155,-0.597792,-0.080517,0.574709,0.049734,-0.387110,0.421023,-0.709066,-0.331118,0.460172,0.720002,0.063221,0.195932,0.456244,0.222415,-0.388728,-0.768938
2026-03-26T14:13:45.339342+00:00,2.619417,1774534425339341700,0.551374,0.513508,-0.069770,0.796235,-0.048069,-0.597782,-0.080467,0.574826,0.049687,-0.387093,0.421019,-0.709137,-0.331084,0.460091,0.721650,0.062255,0.196275,0.455759,0.221433,-0.389016,-0.769295
2026-03-26T14:13:45.356301+00:00,2.636376,1774534425356300800,0.551284,0.513526,-0.069859,0.796614,-0.048160,-0.597375,-0.080302,0.574935,0.049696,-0.387075,0.421543,-0.707831,-0.330350,0.459168,0.723790,0.060971,0.196610,0.454439,0.218395,-0.388477,-0.770170
2026-03-26T14:13:45.373447+00:00,2.653522,1774534425373446600,0.551197,0.513554,-0.070091,0.797016,-0.048364,-0.596573,-0.080001,0.575116,0.049624,-0.387047,0.421177,-0.708535,-0.330186,0.459043,0.726672,0.059419,0.196922,0.451493,0.214537,-0.389254,-0.773369
2026-03-26T14:13:45.390883+00:00,2.670958,1774534425390882900,0.551110,0.513563,-0.070388,0.797414,-0.048608,-0.596146,-0.079677,0.575345,0.049535,-0.387005,0.421017,-0.708757,-0.330112,0.458901,0.730147,0.057670,0.197171,0.448514,0.208863,-0.388049,-0.776960
2026-03-26T14:13:45.407606+00:00,2.687682,1774534425407606300,0.551060,0.513570,-0.070655,0.797414,-0.048897,-0.596148,-0.079432,0.575557,0.049470,-0.386930,0.420701,-0.708945,-0.329988,0.458143,0.733821,0.055846,0.197497,0.445005,0.205049,-0.389767,-0.780352
2026-03-26T14:13:45.424437+00:00,2.704512,1774534425424436900,0.551009,0.513546,-0.070894,0.797412,-0.049172,-0.596147,-0.079301,0.575800,0.049395,-0.386816,0.420152,-0.709958,-0.330306,0.458187,0.737362,0.053929,0.197829,0.442592,0.202387,-0.391341,-0.781414
2026-03-26T14:13:45.441417+00:00,2.721492,1774534425441416700,0.550957,0.513567,-0.071129,0.797407,-0.049485,-0.596147,-0.079254,0.576039,0.049324,-0.386639,0.420165,-0.709979,-0.330522,0.457562,0.741030,0.051969,0.198218,0.442830,0.201344,-0.393798,-0.779457
2026-03-26T14:13:45.458561+00:00,2.738637,1774534425458561300,0.550957,0.513536,-0.071385,0.797025,-0.049837,-0.596928,-0.079155,0.576273,0.049286,-0.386349,0.419935,-0.710848,-0.330945,0.457068,0.744869,0.049819,0.198520,0.443068,0.200228,-0.397041,-0.777974
2026-03-26T14:13:45.475593+00:00,2.755668,1774534425475592900,0.550932,0.513529,-0.071591,0.797014,-0.050123,-0.596573,-0.078977,0.576535,0.049267,-0.386002,0.419529,-0.711610,-0.331596,0.456523,0.749037,0.047427,0.198736,0.442229,0.198319,-0.401233,-0.777425
2026-03-26T14:13:45.492744+00:00,2.772820,1774534425492744300,0.550923,0.513476,-0.071861,0.796982,-0.050551,-0.596600,-0.078969,0.576763,0.049253,-0.385638,0.419503,-0.711759,-0.331488,0.455482,0.753927,0.044872,0.198902,0.439983,0.194772,-0.405432,-0.777930
2026-03-26T14:13:45.509717+00:00,2.789792,1774534425509716900,0.550863,0.513372,-0.072133,0.796956,-0.051157,-0.596623,-0.079024,0.576970,0.049212,-0.385272,0.419646,-0.711498,-0.331501,0.454538,0.759011,0.042255,0.199036,0.436403,0.190032,-0.409448,-0.779059
2026-03-26T14:13:45.527306+00:00,2.807382,1774534425527306000,0.550933,0.513163,-0.072413,0.796886,-0.051963,-0.596672,-0.078962,0.577165,0.049117,-0.384900,0.418938,-0.713292,-0.331996,0.454462,0.764445,0.039529,0.199138,0.432708,0.185338,-0.413155,-0.779968
2026-03-26T14:13:45.544528+00:00,2.824603,1774534425544527500,0.551030,0.512946,-0.072685,0.796819,-0.053041,-0.596733,-0.078696,0.577309,0.049043,-0.384569,0.419150,-0.713027,-0.331626,0.452913,0.770081,0.036700,0.199220,0.429715,0.180932,-0.415123,-0.780380
2026-03-26T14:13:45.561378+00:00,2.841453,1774534425561377800,0.551233,0.512715,-0.072897,0.796356,-0.054216,-0.597221,-0.078437,0.577401,0.048975,-0.384260,0.419113,-0.713615,-0.331657,0.452172,0.775652,0.033902,0.199179,0.427152,0.177382,-0.416905,-0.782237
2026-03-26T14:13:45.578570+00:00,2.858645,1774534425578569800,0.551501,0.512447,-0.073058,0.795821,-0.055506,-0.597785,-0.078365,0.577406,0.048910,-0.383971,0.419101,-0.714595,-0.331883,0.451715,0.781587,0.031086,0.199075,0.425732,0.174170,-0.418573,-0.783113
2026-03-26T14:13:45.595611+00:00,2.875686,1774534425595610500,0.551825,0.512104,-0.073129,0.794870,-0.056790,-0.599150,-0.078722,0.577359,0.048857,-0.383722,0.419651,-0.714096,-0.331661,0.450931,0.787173,0.028269,0.198958,0.425197,0.171687,-0.421003,-0.782993
2026-03-26T14:13:45.612856+00:00,2.892932,1774534425612856300,0.552099,0.511750,-0.073170,0.794235,-0.057969,-0.599347,-0.079203,0.577349,0.048805,-0.383501,0.419836,-0.714047,-0.331663,0.450756,0.793114,0.025227,0.198958,0.424743,0.168981,-0.424001,-0.781093
2026-03-26T14:13:45.629711+00:00,2.909786,1774534425629710600,0.552417,0.511408,-0.073127,0.793358,-0.059023,-0.600681,-0.079547,0.577066,0.048689,-0.383343,0.420052,-0.713695,-0.331315,0.450530,0.799129,0.022124,0.198773,0.423768,0.166178,-0.428251,-0.780097
2026-03-26T14:13:45.646842+00:00,2.926917,1774534425646841700,0.552720,0.511125,-0.073097,0.792425,-0.059956,-0.601614,-0.079634,0.576749,0.048454,-0.383218,0.419615,-0.714930,-0.331185,0.451015,0.805313,0.018815,0.198389,0.421669,0.162476,-0.433449,-0.779162
2026-03-26T14:13:45.663910+00:00,2.943986,1774534425663910000,0.552978,0.510911,-0.073052,0.791719,-0.060726,-0.602784,-0.079532,0.576436,0.048197,-0.383140,0.419153,-0.716210,-0.331001,0.451501,0.811902,0.015333,0.197923,0.419582,0.157435,-0.438013,-0.778735
2026-03-26T14:13:45.681072+00:00,2.961148,1774534425681072200,0.553194,0.510716,-0.073048,0.791464,-0.061352,-0.603021,-0.079508,0.576096,0.047940,-0.383109,0.420072,-0.714690,-0.329755,0.450011,0.818602,0.011626,0.197227,0.416834,0.151963,-0.442615,-0.779384
2026-03-26T14:13:45.698012+00:00,2.978087,1774534425698011600,0.553438,0.510517,-0.072947,0.790850,-0.061948,-0.603678,-0.079649,0.575721,0.047675,-0.383097,0.419934,-0.716320,-0.329760,0.450485,0.825452,0.007725,0.196300,0.414556,0.146632,-0.446272,-0.779009
2026-03-26T14:13:45.715058+00:00,2.995133,1774534425715057700,0.553656,0.510327,-0.072869,0.790519,-0.062462,-0.604005,-0.079922,0.575273,0.047434,-0.383086,0.421215,-0.714847,-0.328614,0.449781,0.832221,0.003595,0.195390,0.411129,0.141516,-0.451586,-0.779717
2026-03-26T14:13:45.732188+00:00,3.012264,1774534425732188300,0.553857,0.510156,-0.072726,0.790369,-0.062838,-0.604140,-0.080298,0.574725,0.047157,-0.383141,0.421767,-0.714838,-0.328014,0.449952,0.839109,-0.000710,0.194501,0.408287,0.135556,-0.456039,-0.777511
2026-03-26T14:13:45.749142+00:00,3.029218,1774534425749142000,0.554021,0.510046,-0.072634,0.790387,-0.062997,-0.604111,-0.080635,0.574180,0.046876,-0.383122,0.422018,-0.715370,-0.327383,0.450653,0.845947,-0.005061,0.193447,0.404125,0.129700,-0.462021,-0.778904
2026-03-26T14:13:45.766250+00:00,3.046325,1774534425766249900,0.554168,0.509941,-0.072485,0.790369,-0.063112,-0.604096,-0.080978,0.573591,0.046594,-0.383228,0.422543,-0.714797,-0.326084,0.450381,0.852672,-0.009529,0.192405,0.400971,0.123887,-0.465294,-0.778265
2026-03-26T14:13:45.783167+00:00,3.063242,1774534425783166900,0.554285,0.509802,-0.072370,0.790332,-0.063201,-0.604142,-0.081168,0.573022,0.046326,-0.383334,0.422164,-0.716287,-0.325551,0.451251,0.859403,-0.014258,0.191441,0.396376,0.119688,-0.468754,-0.780940
2026-03-26T14:13:45.800056+00:00,3.080132,1774534425800056500,0.554359,0.509710,-0.072237,0.790747,-0.063302,-0.603276,-0.081410,0.572438,0.046127,-0.383459,0.422293,-0.716069,-0.325032,0.451350,0.865816,-0.019177,0.190590,0.392277,0.116158,-0.471039,-0.780288
2026-03-26T14:13:45.817075+00:00,3.097150,1774534425817074700,0.554448,0.509578,-0.072153,0.790936,-0.063500,-0.603120,-0.081654,0.571838,0.045940,-0.383587,0.423087,-0.715115,-0.324246,0.451295,0.872492,-0.024447,0.189492,0.385438,0.112089,-0.476371,-0.783586
2026-03-26T14:13:45.834224+00:00,3.114299,1774534425834223600,0.554518,0.509483,-0.072077,0.790924,-0.063709,-0.603122,-0.081678,0.571226,0.045842,-0.383663,0.422957,-0.716192,-0.324229,0.452459,0.879111,-0.029663,0.188373,0.379448,0.106687,-0.480164,-0.783916
2026-03-26T14:13:45.851229+00:00,3.131305,1774534425851229500,0.554548,0.509421,-0.072039,0.791284,-0.063846,-0.602734,-0.081640,0.570667,0.045804,-0.383710,0.423820,-0.714753,-0.323571,0.452224,0.885519,-0.034941,0.186931,0.373501,0.100731,-0.484125,-0.786394
2026-03-26T14:13:45.868438+00:00,3.148513,1774534425868437700,0.554556,0.509398,-0.072018,0.791699,-0.063867,-0.602284,-0.081515,0.570152,0.045764,-0.383740,0.424018,-0.714919,-0.323159,0.452638,0.892127,-0.040567,0.185258,0.368722,0.094235,-0.486718,-0.786289
2026-03-26T14:13:45.885460+00:00,3.165536,1774534425885460000,0.554540,0.509393,-0.071967,0.792093,-0.063836,-0.601481,-0.081536,0.569709,0.045733,-0.383755,0.423964,-0.715040,-0.322902,0.452999,0.898319,-0.045969,0.183674,0.363147,0.088020,-0.491818,-0.787109
2026-03-26T14:13:45.902525+00:00,3.182600,1774534425902524700,0.554523,0.509362,-0.071943,0.792477,-0.063910,-0.601053,-0.081677,0.569292,0.045725,-0.383751,0.424130,-0.714338,-0.322289,0.452553,0.904563,-0.051426,0.182010,0.358044,0.081269,-0.496902,-0.785263
2026-03-26T14:13:45.919523+00:00,3.199598,1774534425919522500,0.554470,0.509336,-0.071907,0.793230,-0.063960,-0.599857,-0.081786,0.568921,0.045702,-0.383746,0.424117,-0.714756,-0.322469,0.452821,0.910511,-0.056802,0.180358,0.352274,0.074688,-0.503420,-0.786199
2026-03-26T14:13:45.937307+00:00,3.217382,1774534425937306800,0.554447,0.509294,-0.071883,0.793603,-0.064032,-0.599448,-0.081847,0.568585,0.045697,-0.383678,0.424149,-0.715152,-0.322648,0.453079,0.916460,-0.062419,0.178770,0.347303,0.068908,-0.509730,-0.786499
2026-03-26T14:13:45.953619+00:00,3.233695,1774534425953619300,0.554425,0.509272,-0.071868,0.793986,-0.063953,-0.599037,-0.081862,0.568314,0.045705,-0.383549,0.424323,-0.715257,-0.322449,0.453142,0.921897,-0.067727,0.177378,0.342961,0.062929,-0.512836,-0.785404
2026-03-26T14:13:45.970872+00:00,3.250947,1774534425970871900,0.554390,0.509274,-0.071825,0.794382,-0.064000,-0.598235,-0.081786,0.568060,0.045781,-0.383394,0.424323,-0.715663,-0.322649,0.453400,0.927488,-0.073273,0.176030,0.337781,0.056695,-0.514787,-0.784626
2026-03-26T14:13:45.987907+00:00,3.267983,1774534425987907400,0.554365,0.509274,-0.071819,0.794798,-0.064006,-0.597781,-0.081673,0.567825,0.045922,-0.383242,0.425205,-0.713668,-0.322240,0.452193,0.932803,-0.078546,0.174720,0.331954,0.051222,-0.518240,-0.785896
2026-03-26T14:13:46.004926+00:00,3.285002,1774534426004926500,0.554347,0.509283,-0.071830,0.795215,-0.063980,-0.597334,-0.081518,0.567608,0.046065,-0.383091,0.425054,-0.713963,-0.322636,0.452375,0.937529,-0.083370,0.173422,0.326628,0.046592,-0.524034,-0.788077
2026-03-26T14:13:46.022021+00:00,3.302097,1774534426022021500,0.554329,0.509237,-0.071835,0.795626,-0.063956,-0.596966,-0.081369,0.567416,0.046227,-0.382914,0.424792,-0.714869,-0.323061,0.452652,0.942081,-0.087994,0.172159,0.322899,0.041883,-0.526766,-0.786411
2026-03-26T14:13:46.039014+00:00,3.319090,1774534426039014300,0.554343,0.509307,-0.071862,0.796041,-0.063845,-0.596445,-0.081219,0.567170,0.046378,-0.382811,0.425297,-0.714560,-0.323199,0.452564,0.946500,-0.092499,0.170910,0.318574,0.037390,-0.530350,-0.786031
2026-03-26T14:13:46.056013+00:00,3.336089,1774534426056013100,0.554354,0.509355,-0.071837,0.796454,-0.063728,-0.595709,-0.081033,0.566958,0.046542,-0.382678,0.426490,-0.713156,-0.322884,0.452114,0.950245,-0.096326,0.169676,0.315265,0.033515,-0.534150,-0.781792
2026-03-26T14:13:46.073083+00:00,3.353159,1774534426073083000,0.554452,0.509414,-0.071850,0.796875,-0.063676,-0.595254,-0.080841,0.566723,0.046643,-0.382605,0.426531,-0.713630,-0.322978,0.452611,0.953880,-0.099962,0.168248,0.311281,0.028715,-0.541761,-0.783110
2026-03-26T14:13:46.090082+00:00,3.370158,1774534426090082000,0.554592,0.509482,-0.071848,0.796915,-0.063549,-0.595214,-0.080752,0.566466,0.046690,-0.382578,0.426569,-0.714097,-0.323004,0.453170,0.957244,-0.103224,0.166771,0.310546,0.023281,-0.544772,-0.778168
2026-03-26T14:13:46.107131+00:00,3.387206,1774534426107130600,0.554746,0.509541,-0.071863,0.797312,-0.063486,-0.594784,-0.080691,0.566180,0.046728,-0.382580,0.427281,-0.712501,-0.321977,0.452925,0.960426,-0.106375,0.165355,0.308473,0.018079,-0.550578,-0.774968
2026-03-26T14:13:46.124126+00:00,3.404202,1774534426124126000,0.554949,0.509581,-0.071881,0.797699,-0.063427,-0.594359,-0.080759,0.565853,0.046738,-0.382584,0.427111,-0.712765,-0.321592,0.453580,0.963389,-0.109269,0.164015,0.305831,0.013167,-0.555441,-0.772047
2026-03-26T14:13:46.141293+00:00,3.421368,1774534426141292700,0.555192,0.509618,-0.071865,0.798049,-0.063400,-0.593606,-0.080908,0.565519,0.046717,-0.382634,0.426665,-0.713461,-0.321385,0.454791,0.966073,-0.111933,0.162791,0.303181,0.008600,-0.560421,-0.772016
2026-03-26T14:13:46.158320+00:00,3.438396,1774534426158320200,0.555514,0.509609,-0.071893,0.798041,-0.063501,-0.593964,-0.081159,0.565122,0.046651,-0.382756,0.427326,-0.711844,-0.320360,0.454642,0.968514,-0.114398,0.161736,0.302263,0.004714,-0.562331,-0.768998
2026-03-26T14:13:46.175348+00:00,3.455423,1774534426175347900,0.555815,0.509616,-0.071864,0.798474,-0.063411,-0.593088,-0.081387,0.564696,0.046532,-0.382923,0.427400,-0.712224,-0.320061,0.455537,0.970701,-0.116681,0.160868,0.300072,0.001428,-0.565361,-0.769698
2026-03-26T14:13:46.192377+00:00,3.472452,1774534426192376800,0.556188,0.509628,-0.071848,0.798378,-0.063415,-0.593215,-0.081570,0.564289,0.046399,-0.383101,0.427833,-0.711474,-0.319490,0.456058,0.972769,-0.118924,0.160081,0.298163,-0.002049,-0.565362,-0.768519
2026-03-26T14:13:46.209463+00:00,3.489538,1774534426209462800,0.556560,0.509612,-0.071844,0.798499,-0.063417,-0.593032,-0.081716,0.563835,0.046227,-0.383301,0.427713,-0.712525,-0.319420,0.457276,0.974774,-0.121046,0.159263,0.294443,-0.005926,-0.567903,-0.770428
2026-03-26T14:13:46.226391+00:00,3.506466,1774534426226390800,0.556945,0.509635,-0.071816,0.798653,-0.063584,-0.592920,-0.081883,0.563361,0.046067,-0.383542,0.428434,-0.711313,-0.318726,0.457657,0.976424,-0.122690,0.158444,0.293244,-0.009425,-0.566363,-0.766969
2026-03-26T14:13:46.243474+00:00,3.523550,1774534426243474400,0.557351,0.509612,-0.071809,0.798626,-0.063723,-0.592937,-0.082032,0.562877,0.045811,-0.383785,0.428506,-0.711618,-0.318132,0.458455,0.977913,-0.124002,0.157519,0.291556,-0.012279,-0.569308,-0.768166
2026-03-26T14:13:46.260498+00:00,3.540573,1774534426260497700,0.557765,0.509580,-0.071798,0.798969,-0.063882,-0.592187,-0.082135,0.562452,0.045490,-0.384063,0.429352,-0.710123,-0.316920,0.458394,0.979145,-0.124961,0.156548,0.291557,-0.014887,-0.571125,-0.766066
2026-03-26T14:13:46.277499+00:00,3.557575,1774534426277499200,0.558219,0.509526,-0.071805,0.798960,-0.064081,-0.592184,-0.082203,0.562089,0.045103,-0.384349,0.429536,-0.710197,-0.315987,0.458943,0.980395,-0.125871,0.155539,0.290447,-0.017920,-0.575843,-0.767372
2026-03-26T14:13:46.294562+00:00,3.574638,1774534426294562100,0.558653,0.509443,-0.071852,0.799296,-0.064359,-0.591798,-0.082415,0.561798,0.044648,-0.384652,0.429571,-0.710962,-0.315564,0.459972,0.981660,-0.126770,0.154550,0.291078,-0.021630,-0.575171,-0.763529
2026-03-26T14:13:46.311557+00:00,3.591633,1774534426311557100,0.559113,0.509331,-0.071903,0.799270,-0.064625,-0.591809,-0.082559,0.561570,0.044177,-0.384959,0.429976,-0.710734,-0.314199,0.460354,0.982751,-0.127545,0.153672,0.290802,-0.025309,-0.574442,-0.761853
2026-03-26T14:13:46.328603+00:00,3.608678,1774534426328602900,0.559558,0.509226,-0.071954,0.799581,-0.064857,-0.591086,-0.082814,0.561419,0.043679,-0.385274,0.430365,-0.710536,-0.312799,0.460746,0.983830,-0.128356,0.152818,0.287998,-0.028583,-0.577046,-0.765295
2026-03-26T14:13:46.345639+00:00,3.625715,1774534426345639100,0.560051,0.509118,-0.072007,0.799517,-0.065091,-0.591142,-0.083126,0.561314,0.043231,-0.385542,0.430174,-0.710945,-0.311456,0.460949,0.984562,-0.128748,0.152105,0.287827,-0.030458,-0.574675,-0.761886
2026-03-26T14:13:46.362537+00:00,3.642613,1774534426362537300,0.560519,0.509023,-0.072047,0.799446,-0.065269,-0.591204,-0.083519,0.561317,0.042932,-0.385624,0.430426,-0.710515,-0.310509,0.460915,0.985271,-0.129072,0.151350,0.286495,-0.031855,-0.577007,-0.762952
2026-03-26T14:13:46.379469+00:00,3.659545,1774534426379469400,0.560975,0.508948,-0.072076,0.799410,-0.065352,-0.591239,-0.083880,0.561315,0.042479,-0.385861,0.429717,-0.711781,-0.310353,0.461672,0.985749,-0.129034,0.150552,0.287442,-0.033236,-0.579004,-0.761096
2026-03-26T14:13:46.396504+00:00,3.676580,1774534426396504300,0.561413,0.508865,-0.072090,0.799312,-0.065476,-0.591325,-0.084235,0.561284,0.042132,-0.386106,0.429853,-0.711589,-0.309813,0.461832,0.986280,-0.129022,0.149679,0.288745,-0.034935,-0.580674,-0.759052
2026-03-26T14:13:46.413547+00:00,3.693622,1774534426413546500,0.561835,0.508757,-0.072102,0.799020,-0.065672,-0.591632,-0.084426,0.561199,0.041921,-0.386255,0.430590,-0.710558,-0.309084,0.461548,0.986586,-0.129125,0.148651,0.289132,-0.038282,-0.583165,-0.758580
2026-03-26T14:13:46.430582+00:00,3.710657,1774534426430581400,0.562221,0.508650,-0.072140,0.798978,-0.065965,-0.591659,-0.084634,0.561183,0.041829,-0.386301,0.430525,-0.710779,-0.309330,0.461824,0.986933,-0.129163,0.147651,0.289750,-0.041648,-0.584587,-0.756040
2026-03-26T14:13:46.447733+00:00,3.727809,1774534426447733600,0.562630,0.508530,-0.072213,0.798541,-0.066341,-0.592483,-0.084886,0.561269,0.041781,-0.386316,0.430620,-0.710607,-0.309523,0.461517,0.987260,-0.129316,0.146712,0.288710,-0.045009,-0.587443,-0.756621
2026-03-26T14:13:46.464687+00:00,3.744762,1774534426464686500,0.562979,0.508439,-0.072260,0.798440,-0.066580,-0.592218,-0.084978,0.561489,0.041784,-0.386291,0.430632,-0.710588,-0.309663,0.461443,0.987503,-0.129536,0.145900,0.288921,-0.047814,-0.587256,-0.752714
2026-03-26T14:13:46.481685+00:00,3.761761,1774534426481685200,0.563336,0.508300,-0.072365,0.798420,-0.066893,-0.592230,-0.085163,0.561755,0.041776,-0.386287,0.430456,-0.710877,-0.310039,0.461629,0.987643,-0.129757,0.145274,0.288003,-0.049749,-0.588804,-0.752151
2026-03-26T14:13:46.498817+00:00,3.778892,1774534426498816900,0.563669,0.508170,-0.072484,0.798367,-0.067229,-0.592270,-0.085361,0.562044,0.041779,-0.386272,0.430425,-0.710890,-0.310047,0.461632,0.987728,-0.129979,0.145124,0.285792,-0.049392,-0.591583,-0.755525
2026-03-26T14:13:46.515854+00:00,3.795930,1774534426515854200,0.563968,0.508058,-0.072622,0.798335,-0.067490,-0.592268,-0.085592,0.562367,0.041790,-0.386230,0.430225,-0.710784,-0.310284,0.461543,0.987829,-0.130220,0.145260,0.284094,-0.048633,-0.591110,-0.756449
2026-03-26T14:13:46.532900+00:00,3.812975,1774534426532899800,0.564241,0.507975,-0.072779,0.798360,-0.067568,-0.592227,-0.085702,0.562702,0.041815,-0.386141,0.430119,-0.710142,-0.310521,0.460838,0.987976,-0.130633,0.145472,0.281743,-0.048319,-0.589044,-0.756008
2026-03-26T14:13:46.549925+00:00,3.830000,1774534426549924500,0.564463,0.507901,-0.072949,0.798666,-0.067789,-0.591551,-0.085531,0.563043,0.041816,-0.386015,0.429259,-0.712091,-0.311695,0.461540,0.988116,-0.131027,0.145740,0.276784,-0.048522,-0.590250,-0.760393
2026-03-26T14:13:46.566927+00:00,3.847002,1774534426566926900,0.564694,0.507851,-0.073179,0.798824,-0.068050,-0.591709,-0.085324,0.563368,0.041858,-0.385870,0.429150,-0.712355,-0.312039,0.461734,0.988332,-0.131769,0.146288,0.273067,-0.048672,-0.587701,-0.760917
2026-03-26T14:13:46.583851+00:00,3.863927,1774534426583851000,0.564886,0.507823,-0.073329,0.799162,-0.068110,-0.590973,-0.085290,0.563645,0.041924,-0.385737,0.430047,-0.710402,-0.311574,0.460545,0.988764,-0.132679,0.146941,0.270211,-0.048968,-0.585899,-0.760536
2026-03-26T14:13:46.600728+00:00,3.880803,1774534426600727500,0.565121,0.507768,-0.073426,0.799092,-0.068252,-0.591030,-0.085519,0.563941,0.041932,-0.385609,0.429142,-0.712314,-0.312152,0.461378,0.988957,-0.133387,0.147366,0.267306,-0.049216,-0.585758,-0.761301
2026-03-26T14:13:46.617928+00:00,3.898003,1774534426617927800,0.565351,0.507697,-0.073499,0.798954,-0.068457,-0.591211,-0.085772,0.564254,0.042007,-0.385489,0.429076,-0.712126,-0.312080,0.460593,0.989097,-0.134091,0.147602,0.265412,-0.049802,-0.585921,-0.762962
2026-03-26T14:13:46.634851+00:00,3.914926,1774534426634850600,0.565548,0.507638,-0.073521,0.798944,-0.068480,-0.591209,-0.085967,0.564593,0.042004,-0.385388,0.429067,-0.712008,-0.312343,0.460257,0.989324,-0.135106,0.147718,0.262903,-0.051346,-0.585145,-0.764975
2026-03-26T14:13:46.651986+00:00,3.932062,1774534426651986300,0.565759,0.507589,-0.073531,0.798576,-0.068392,-0.591973,-0.086084,0.564956,0.041934,-0.385285,0.428924,-0.713072,-0.312420,0.460156,0.989667,-0.136577,0.147746,0.259946,-0.054150,-0.580421,-0.766497
2026-03-26T14:13:46.669309+00:00,3.949384,1774534426669308600,0.565916,0.507578,-0.073445,0.798552,-0.068280,-0.591639,-0.086159,0.565310,0.041835,-0.385203,0.429895,-0.711503,-0.311487,0.458343,0.990138,-0.138150,0.147864,0.253316,-0.055968,-0.582407,-0.773683
2026-03-26T14:13:46.685906+00:00,3.965982,1774534426685906500,0.566109,0.507538,-0.073320,0.798179,-0.068121,-0.592412,-0.086333,0.565674,0.041691,-0.385135,0.429813,-0.712610,-0.311470,0.458182,0.990409,-0.139547,0.148238,0.248536,-0.056076,-0.579896,-0.772876
2026-03-26T14:13:46.702917+00:00,3.982993,1774534426702917100,0.566269,0.507523,-0.073091,0.798138,-0.067948,-0.592088,-0.086613,0.565987,0.041560,-0.385064,0.429455,-0.713750,-0.311462,0.458297,0.990608,-0.140844,0.148739,0.244681,-0.055279,-0.577041,-0.772400
2026-03-26T14:13:46.719984+00:00,4.000060,1774534426719984100,0.566459,0.507477,-0.072902,0.797747,-0.067853,-0.592865,-0.087032,0.566237,0.041479,-0.384991,0.429711,-0.712936,-0.311085,0.457489,0.990755,-0.142010,0.149246,0.239792,-0.054619,-0.579400,-0.777472
2026-03-26T14:13:46.736952+00:00,4.017028,1774534426736952100,0.566667,0.507442,-0.072693,0.797361,-0.067650,-0.593278,-0.087351,0.566445,0.041417,-0.384917,0.429787,-0.712807,-0.311280,0.457142,0.990836,-0.142950,0.149672,0.237797,-0.053724,-0.577317,-0.778842
2026-03-26T14:13:46.754002+00:00,4.034078,1774534426754002200,0.566844,0.507400,-0.072538,0.797353,-0.067457,-0.593280,-0.087652,0.566631,0.041377,-0.384829,0.428802,-0.714938,-0.312245,0.458195,0.990867,-0.143940,0.150045,0.234828,-0.052644,-0.577821,-0.782862
2026-03-26T14:13:46.771206+00:00,4.051282,1774534426771206100,0.567022,0.507371,-0.072420,0.797381,-0.067316,-0.593238,-0.087835,0.566741,0.041424,-0.384760,0.429114,-0.714512,-0.312141,0.457553,0.990803,-0.144825,0.150448,0.234003,-0.051431,-0.573932,-0.777784
2026-03-26T14:13:46.788115+00:00,4.068191,1774534426788115000,0.567179,0.507348,-0.072346,0.797404,-0.067151,-0.593204,-0.088017,0.566788,0.041409,-0.384734,0.429985,-0.712516,-0.311678,0.456454,0.990811,-0.145891,0.150833,0.230899,-0.051554,-0.576831,-0.782009
2026-03-26T14:13:46.805453+00:00,4.085529,1774534426805453200,0.567316,0.507333,-0.072290,0.797788,-0.067058,-0.592411,-0.088114,0.566783,0.041412,-0.384748,0.429827,-0.713167,-0.312274,0.456927,0.990740,-0.146583,0.150926,0.229948,-0.051339,-0.576304,-0.778382
2026-03-26T14:13:46.822313+00:00,4.102389,1774534426822313300,0.567423,0.507307,-0.072248,0.798000,-0.067111,-0.592210,-0.088323,0.566944,0.041618,-0.384664,0.429848,-0.713100,-0.312512,0.457051,0.990670,-0.147021,0.150804,0.229223,-0.052747,-0.582316,-0.780935
2026-03-26T14:13:46.840895+00:00,4.120971,1774534426840895500,0.567557,0.507273,-0.072246,0.797999,-0.067171,-0.592200,-0.088408,0.566946,0.041820,-0.384667,0.430253,-0.712324,-0.312818,0.457142,0.990451,-0.147519,0.150628,0.229226,-0.053603,-0.584346,-0.779358
2026-03-26T14:13:46.856531+00:00,4.136607,1774534426856531500,0.567680,0.507232,-0.072279,0.797994,-0.067223,-0.592564,-0.088533,0.566903,0.041966,-0.384662,0.430588,-0.711693,-0.312875,0.457588,0.990368,-0.147194,0.150475,0.231691,-0.052210,-0.582652,-0.782786
2026-03-26T14:13:46.873602+00:00,4.153678,1774534426873602000,0.567736,0.507215,-0.072266,0.798362,-0.067243,-0.591798,-0.088450,0.566752,0.042078,-0.384745,0.430141,-0.712528,-0.313266,0.458592,0.990180,-0.147105,0.150323,0.233418,-0.051064,-0.580700,-0.779329
2026-03-26T14:13:46.890760+00:00,4.170836,1774534426890760000,0.567824,0.507190,-0.072276,0.798369,-0.067303,-0.591789,-0.088431,0.566590,0.042157,-0.385001,0.430606,-0.711229,-0.312702,0.458639,0.990066,-0.147111,0.150232,0.233116,-0.050677,-0.581001,-0.779765
2026-03-26T14:13:46.907863+00:00,4.187939,1774534426907863400,0.567891,0.507156,-0.072298,0.798364,-0.067434,-0.591785,-0.088495,0.566405,0.042180,-0.385278,0.430315,-0.711556,-0.312780,0.459426,0.990001,-0.147144,0.150238,0.233285,-0.050325,-0.579047,-0.776279
2026-03-26T14:13:46.924778+00:00,4.204853,1774534426924777500,0.567937,0.507115,-0.072353,0.798716,-0.067577,-0.591391,-0.088575,0.566214,0.042215,-0.385575,0.430815,-0.710265,-0.312179,0.459459,0.989985,-0.147131,0.150252,0.231721,-0.050264,-0.581461,-0.780657
2026-03-26T14:13:46.941576+00:00,4.221652,1774534426941576200,0.568007,0.507073,-0.072396,0.798745,-0.067689,-0.591337,-0.088616,0.566021,0.042213,-0.385860,0.430508,-0.711206,-0.312345,0.460599,0.989944,-0.147075,0.150300,0.232509,-0.049843,-0.576562,-0.776466
2026-03-26T14:13:46.958637+00:00,4.238712,1774534426958636700,0.568047,0.507048,-0.072430,0.798702,-0.067797,-0.591389,-0.088664,0.565822,0.042224,-0.386156,0.430966,-0.709957,-0.311716,0.460633,0.989951,-0.147003,0.150323,0.230547,-0.050232,-0.579853,-0.782805
2026-03-26T14:13:46.975760+00:00,4.255836,1774534426975760100,0.568087,0.507039,-0.072445,0.798652,-0.067729,-0.591465,-0.088655,0.565655,0.042201,-0.386442,0.430551,-0.710946,-0.311872,0.461811,0.989835,-0.146701,0.150514,0.231908,-0.049279,-0.576658,-0.779737
2026-03-26T14:13:46.992921+00:00,4.272997,1774534426992921300,0.568102,0.507046,-0.072458,0.798603,-0.067594,-0.591530,-0.088776,0.565501,0.042217,-0.386700,0.430316,-0.710904,-0.311321,0.462163,0.989661,-0.146213,0.150838,0.233901,-0.047774,-0.574511,-0.776864
2026-03-26T14:13:47.009835+00:00,4.289911,1774534427009835100,0.568155,0.507025,-0.072470,0.798371,-0.067347,-0.591757,-0.088723,0.565362,0.042237,-0.386958,0.431019,-0.709399,-0.310567,0.461732,0.989413,-0.145282,0.151273,0.234279,-0.045561,-0.578473,-0.780727
2026-03-26T14:13:47.027041+00:00,4.307117,1774534427027041600,0.568161,0.507031,-0.072494,0.798386,-0.067260,-0.591760,-0.088478,0.565234,0.042200,-0.387147,0.430932,-0.709467,-0.310525,0.461737,0.988922,-0.144040,0.151770,0.235586,-0.043007,-0.580160,-0.782900
2026-03-26T14:13:47.044090+00:00,4.324165,1774534427044089800,0.568161,0.507037,-0.072600,0.798407,-0.067250,-0.591753,-0.088208,0.565119,0.042165,-0.387293,0.430477,-0.710603,-0.311251,0.462719,0.988455,-0.142562,0.152456,0.239464,-0.039553,-0.575095,-0.777134
2026-03-26T14:13:47.061368+00:00,4.341443,1774534427061367600,0.568120,0.507042,-0.072812,0.798805,-0.067324,-0.591325,-0.087953,0.564973,0.042147,-0.387415,0.431057,-0.709998,-0.311222,0.462905,0.987979,-0.140815,0.153274,0.239643,-0.036144,-0.577709,-0.782160
2026-03-26T14:13:47.078183+00:00,4.358258,1774534427078182900,0.568057,0.507056,-0.073084,0.798855,-0.067388,-0.591277,-0.087627,0.564836,0.042146,-0.387516,0.431646,-0.708980,-0.311039,0.462828,0.987663,-0.138955,0.154322,0.240504,-0.032146,-0.576781,-0.784481
2026-03-26T14:13:47.094892+00:00,4.374968,1774534427094892300,0.567932,0.507076,-0.073388,0.799262,-0.067466,-0.590839,-0.087312,0.564830,0.042169,-0.387508,0.431623,-0.708676,-0.310698,0.462900,0.987320,-0.136858,0.155552,0.242080,-0.027427,-0.572523,-0.783983
2026-03-26T14:13:47.111801+00:00,4.391876,1774534427111800800,0.567779,0.507098,-0.073725,0.799639,-0.067606,-0.590432,-0.087088,0.564778,0.042182,-0.387539,0.430735,-0.709819,-0.310722,0.463597,0.987124,-0.134625,0.156966,0.243198,-0.022192,-0.568352,-0.785003
2026-03-26T14:13:47.128855+00:00,4.408930,1774534427128854600,0.567596,0.507123,-0.073996,0.800018,-0.067778,-0.589655,-0.086811,0.564650,0.042129,-0.387724,0.430424,-0.709469,-0.310546,0.463620,0.986945,-0.132082,0.158515,0.244055,-0.016612,-0.564670,-0.786835
2026-03-26T14:13:47.146029+00:00,4.426105,1774534427146029200,0.567359,0.507126,-0.074278,0.800376,-0.067959,-0.589250,-0.086871,0.564621,0.042089,-0.387778,0.429328,-0.710523,-0.310793,0.464238,0.986901,-0.129113,0.160261,0.243444,-0.010522,-0.564817,-0.793210
2026-03-26T14:13:47.163066+00:00,4.443142,1774534427163066100,0.567140,0.507130,-0.074525,0.800379,-0.068162,-0.589239,-0.086833,0.564640,0.042109,-0.387770,0.429215,-0.710538,-0.310882,0.464261,0.986917,-0.125627,0.162288,0.244794,-0.003324,-0.561890,-0.792490
2026-03-26T14:13:47.179996+00:00,4.460071,1774534427179995800,0.566861,0.507154,-0.074779,0.800782,-0.068194,-0.588805,-0.086659,0.564638,0.042113,-0.387782,0.429843,-0.709255,-0.311034,0.463684,0.986893,-0.121511,0.164496,0.246475,0.004794,-0.558953,-0.790207
2026-03-26T14:13:47.196925+00:00,4.477001,1774534427196925500,0.566542,0.507173,-0.075017,0.800949,-0.067973,-0.588674,-0.086488,0.564560,0.042008,-0.387861,0.430024,-0.709228,-0.311362,0.463275,0.987018,-0.116731,0.166795,0.246877,0.014199,-0.560767,-0.794362
2026-03-26T14:13:47.214012+00:00,4.494087,1774534427214011800,0.566186,0.507291,-0.075224,0.801388,-0.067547,-0.587852,-0.086161,0.564624,0.042149,-0.387827,0.430085,-0.709384,-0.311953,0.462957,0.987074,-0.111449,0.169184,0.250830,0.023936,-0.554653,-0.788736
2026-03-26T14:13:47.231091+00:00,4.511166,1774534427231090700,0.565843,0.507398,-0.075477,0.801811,-0.067321,-0.587407,-0.085896,0.564677,0.042317,-0.387771,0.430276,-0.708879,-0.311942,0.462213,0.987021,-0.105410,0.171559,0.253008,0.035005,-0.554763,-0.792613
2026-03-26T14:13:47.249326+00:00,4.529402,1774534427249326000,0.565499,0.507506,-0.075751,0.801894,-0.067094,-0.587328,-0.085627,0.564721,0.042456,-0.387713,0.429627,-0.709538,-0.312741,0.462796,0.986942,-0.098259,0.174041,0.257046,0.047587,-0.551678,-0.793323
2026-03-26T14:13:47.265175+00:00,4.545251,1774534427265175000,0.565212,0.507585,-0.076042,0.802034,-0.067010,-0.587538,-0.085387,0.564726,0.042554,-0.387686,0.429075,-0.709659,-0.313575,0.463019,0.986752,-0.091220,0.176134,0.262005,0.058674,-0.547669,-0.790360
2026-03-26T14:13:47.282298+00:00,4.562374,1774534427282298200,0.564844,0.507696,-0.076318,0.802449,-0.066930,-0.586738,-0.084958,0.564754,0.042643,-0.387665,0.428627,-0.709982,-0.313987,0.463476,0.986695,-0.083059,0.178155,0.266926,0.070533,-0.545949,-0.791250
2026-03-26T14:13:47.299201+00:00,4.579277,1774534427299201600,0.564538,0.507755,-0.076615,0.802472,-0.066987,-0.587079,-0.084724,0.564805,0.042682,-0.387690,0.428463,-0.710307,-0.314405,0.463582,0.986641,-0.074355,0.179951,0.273280,0.081640,-0.542601,-0.790002
2026-03-26T14:13:47.316289+00:00,4.596365,1774534427316289400,0.564183,0.507814,-0.076845,0.802810,-0.067042,-0.586346,-0.084643,0.564845,0.042725,-0.387679,0.428935,-0.709594,-0.313702,0.462893,0.986708,-0.065057,0.181537,0.279246,0.093113,-0.540083,-0.791341
2026-03-26T14:13:47.333285+00:00,4.613360,1774534427333284700,0.563861,0.507839,-0.077056,0.802785,-0.067087,-0.586374,-0.084672,0.564964,0.042746,-0.387687,0.429337,-0.708864,-0.313170,0.462186,0.986684,-0.055156,0.183034,0.287318,0.104340,-0.534925,-0.787562
2026-03-26T14:13:47.350378+00:00,4.630453,1774534427350377600,0.563510,0.507860,-0.077252,0.802760,-0.067098,-0.586395,-0.084828,0.565085,0.042735,-0.387717,0.428719,-0.710292,-0.313604,0.462513,0.986640,-0.044739,0.184303,0.295672,0.115711,-0.529036,-0.783227
2026-03-26T14:13:47.367487+00:00,4.647562,1774534427367486600,0.563143,0.507892,-0.077432,0.802742,-0.067058,-0.586419,-0.084892,0.565197,0.042759,-0.387776,0.428465,-0.709788,-0.313684,0.462191,0.986535,-0.033780,0.185407,0.302436,0.128087,-0.527117,-0.784420
2026-03-26T14:13:47.384568+00:00,4.664644,1774534427384568100,0.562722,0.507922,-0.077575,0.802774,-0.066871,-0.586387,-0.084892,0.565305,0.042768,-0.387850,0.427877,-0.710403,-0.314031,0.462264,0.986304,-0.022203,0.186263,0.310955,0.140033,-0.522133,-0.782333
2026-03-26T14:13:47.401524+00:00,4.681599,1774534427401523700,0.562296,0.507967,-0.077736,0.802779,-0.066737,-0.586384,-0.084955,0.565358,0.042758,-0.387901,0.427669,-0.710197,-0.314446,0.461876,0.985943,-0.010346,0.187041,0.319621,0.152132,-0.517382,-0.779716
2026-03-26T14:13:47.418715+00:00,4.698790,1774534427418714900,0.561890,0.508017,-0.077955,0.802430,-0.066568,-0.587132,-0.084999,0.565382,0.042767,-0.387927,0.427687,-0.710071,-0.314681,0.461545,0.985380,0.001759,0.187642,0.329051,0.163918,-0.511076,-0.775707
2026-03-26T14:13:47.435286+00:00,4.715361,1774534427435285700,0.561409,0.508083,-0.078158,0.802442,-0.066509,-0.587123,-0.084894,0.565389,0.042843,-0.387938,0.427807,-0.709941,-0.314871,0.461159,0.984697,0.014074,0.187977,0.337667,0.175820,-0.506565,-0.774585
2026-03-26T14:13:47.452355+00:00,4.732431,1774534427452355200,0.560888,0.508182,-0.078388,0.802481,-0.066314,-0.587099,-0.084638,0.565376,0.042966,-0.387944,0.427923,-0.709818,-0.315031,0.460789,0.983938,0.026873,0.188089,0.347323,0.186848,-0.499384,-0.771209
2026-03-26T14:13:47.469411+00:00,4.749487,1774534427469411300,0.560307,0.508323,-0.078626,0.802886,-0.066146,-0.586315,-0.084267,0.565191,0.043107,-0.387941,0.427561,-0.710023,-0.315622,0.460884,0.982949,0.039584,0.188038,0.357728,0.197497,-0.490962,-0.767834
2026-03-26T14:13:47.486658+00:00,4.766734,1774534427486658200,0.559735,0.508487,-0.078900,0.802966,-0.065877,-0.586254,-0.083801,0.564862,0.043254,-0.387941,0.427174,-0.710221,-0.316240,0.460999,0.982196,0.052541,0.187543,0.366531,0.207077,-0.483987,-0.767015
2026-03-26T14:13:47.503524+00:00,4.783599,1774534427503523900,0.559163,0.508633,-0.079222,0.803046,-0.065641,-0.586544,-0.083462,0.564464,0.043396,-0.387977,0.427024,-0.710036,-0.316649,0.461141,0.981205,0.065198,0.186448,0.375872,0.215628,-0.475653,-0.766143
2026-03-26T14:13:47.520608+00:00,4.800683,1774534427520607800,0.558528,0.508791,-0.079547,0.803471,-0.065305,-0.585736,-0.083120,0.563983,0.043532,-0.388025,0.427055,-0.709696,-0.316974,0.461734,0.980116,0.078045,0.185027,0.385855,0.224290,-0.465618,-0.764792
2026-03-26T14:13:47.537750+00:00,4.817825,1774534427537749900,0.557950,0.508921,-0.079880,0.803692,-0.065046,-0.585484,-0.082839,0.563441,0.043660,-0.388105,0.426784,-0.710120,-0.317146,0.462311,0.978653,0.090611,0.183326,0.395485,0.233044,-0.454898,-0.764421
2026-03-26T14:13:47.554832+00:00,4.834907,1774534427554831900,0.557361,0.509042,-0.080251,0.804147,-0.064812,-0.584978,-0.082657,0.562850,0.043790,-0.388253,0.427130,-0.708619,-0.316930,0.461914,0.977111,0.103415,0.181264,0.405651,0.240964,-0.443162,-0.763201
2026-03-26T14:13:47.571985+00:00,4.852061,1774534427571985200,0.556816,0.509176,-0.080619,0.804684,-0.064532,-0.584162,-0.082688,0.562232,0.043894,-0.388442,0.426994,-0.708649,-0.317172,0.462504,0.975151,0.116371,0.178623,0.416922,0.248426,-0.431410,-0.760608
2026-03-26T14:13:47.588890+00:00,4.868966,1774534427588890400,0.556338,0.509236,-0.081023,0.805037,-0.064381,-0.583782,-0.082777,0.561531,0.043961,-0.388707,0.426700,-0.709492,-0.317571,0.463319,0.972951,0.129022,0.175821,0.427919,0.256042,-0.419899,-0.758524
2026-03-26T14:13:47.605979+00:00,4.886054,1774534427605978500,0.555866,0.509248,-0.081478,0.805707,-0.064265,-0.582945,-0.082964,0.560771,0.044040,-0.389053,0.426981,-0.708927,-0.317574,0.463769,0.970397,0.141951,0.172721,0.439161,0.263532,-0.407824,-0.755101
2026-03-26T14:13:47.623063+00:00,4.903139,1774534427623063200,0.555419,0.509273,-0.081946,0.806401,-0.064195,-0.581808,-0.083254,0.559929,0.044115,-0.389466,0.427467,-0.708045,-0.317167,0.464054,0.967488,0.154706,0.169439,0.449391,0.272276,-0.396328,-0.753660
2026-03-26T14:13:47.640060+00:00,4.920136,1774534427640060300,0.554995,0.509265,-0.082467,0.807136,-0.064291,-0.580965,-0.083488,0.559029,0.044179,-0.389944,0.427680,-0.707612,-0.316940,0.464881,0.964280,0.167490,0.166113,0.460312,0.280706,-0.383029,-0.749811
2026-03-26T14:13:47.657234+00:00,4.937309,1774534427657233800,0.554558,0.509271,-0.082961,0.807866,-0.064260,-0.579763,-0.083898,0.558049,0.044260,-0.390468,0.428067,-0.706473,-0.316150,0.465267,0.960840,0.180092,0.162558,0.470915,0.288722,-0.368734,-0.747199
2026-03-26T14:13:47.674170+00:00,4.954245,1774534427674169800,0.554167,0.509245,-0.083475,0.808580,-0.064358,-0.578930,-0.084327,0.557008,0.044333,-0.391043,0.428277,-0.706033,-0.315924,0.466120,0.957226,0.192378,0.158870,0.481188,0.296522,-0.352921,-0.745347
2026-03-26T14:13:47.691234+00:00,4.971310,1774534427691234100,0.553682,0.509242,-0.083992,0.809588,-0.064322,-0.577195,-0.084835,0.555895,0.044412,-0.391646,0.428772,-0.705118,-0.315494,0.466727,0.953520,0.204689,0.155020,0.491497,0.304616,-0.334943,-0.744377
2026-03-26T14:13:47.708240+00:00,4.988315,1774534427708239700,0.553302,0.509151,-0.084477,0.810310,-0.064334,-0.576208,-0.085510,0.554710,0.044553,-0.392284,0.429107,-0.704407,-0.315114,0.467752,0.949363,0.216694,0.151057,0.502767,0.311954,-0.315401,-0.741417
2026-03-26T14:13:47.725284+00:00,5.005359,1774534427725283800,0.552900,0.509100,-0.084980,0.810932,-0.064247,-0.575140,-0.086168,0.553443,0.044689,-0.392938,0.429329,-0.703888,-0.314879,0.468987,0.944894,0.228727,0.146773,0.512817,0.319728,-0.296793,-0.739404
2026-03-26T14:13:47.742315+00:00,5.022391,1774534427742315200,0.552527,0.509016,-0.085474,0.811587,-0.064272,-0.574371,-0.086816,0.552169,0.044828,-0.393583,0.428969,-0.704336,-0.315095,0.470924,0.940032,0.240675,0.142507,0.523473,0.327280,-0.278404,-0.735536
2026-03-26T14:13:47.759419+00:00,5.039494,1774534427759418700,0.552118,0.508952,-0.085989,0.812264,-0.064204,-0.573217,-0.087442,0.550832,0.044992,-0.394272,0.429709,-0.702545,-0.314485,0.471455,0.934921,0.252562,0.138025,0.534253,0.334832,-0.259869,-0.732123
2026-03-26T14:13:47.776399+00:00,5.056475,1774534427776399100,0.551718,0.508886,-0.086547,0.812943,-0.064142,-0.571969,-0.087939,0.549484,0.045120,-0.394982,0.429950,-0.701980,-0.314377,0.472660,0.929579,0.264061,0.133284,0.545844,0.340766,-0.240966,-0.726532
2026-03-26T14:13:47.793369+00:00,5.073444,1774534427793368600,0.551358,0.508807,-0.087134,0.813639,-0.064097,-0.571154,-0.088367,0.548085,0.045296,-0.395703,0.429989,-0.702169,-0.314231,0.474090,0.924336,0.275718,0.128408,0.557108,0.345724,-0.222961,-0.721021
2026-03-26T14:13:47.810474+00:00,5.090550,1774534427810474000,0.550972,0.508756,-0.087694,0.814606,-0.064108,-0.569357,-0.088802,0.546647,0.045489,-0.396484,0.430936,-0.700906,-0.313632,0.474947,0.919322,0.287163,0.123258,0.567035,0.349189,-0.205615,-0.716913
2026-03-26T14:13:47.827531+00:00,5.107607,1774534427827531100,0.550636,0.508659,-0.088334,0.815280,-0.064257,-0.568546,-0.089400,0.545124,0.045683,-0.397291,0.431794,-0.699445,-0.312634,0.475863,0.914304,0.298523,0.117913,0.576598,0.351593,-0.188544,-0.713412
2026-03-26T14:13:47.844461+00:00,5.124536,1774534427844460900,0.550313,0.508543,-0.088921,0.815918,-0.064385,-0.567417,-0.090219,0.543536,0.045851,-0.398130,0.432439,-0.697863,-0.311856,0.476766,0.909469,0.309412,0.112279,0.585637,0.352738,-0.171412,-0.709588
2026-03-26T14:13:47.861552+00:00,5.141627,1774534427861551600,0.549958,0.508415,-0.089550,0.816896,-0.064456,-0.565901,-0.091084,0.541892,0.045965,-0.398989,0.431801,-0.698772,-0.312228,0.479318,0.904588,0.319864,0.106495,0.594390,0.353156,-0.154746,-0.706077
2026-03-26T14:13:47.878550+00:00,5.158626,1774534427878550100,0.549598,0.508320,-0.090169,0.817546,-0.064445,-0.564763,-0.091848,0.540197,0.046058,-0.399887,0.432384,-0.697198,-0.311480,0.480275,0.899799,0.329831,0.100329,0.602437,0.352266,-0.138621,-0.702696
2026-03-26T14:13:47.896653+00:00,5.176729,1774534427896653100,0.549177,0.508251,-0.090857,0.818597,-0.064366,-0.563175,-0.092362,0.538426,0.046110,-0.400849,0.432891,-0.696148,-0.310705,0.481914,0.894927,0.339673,0.093894,0.610456,0.350982,-0.122543,-0.699704
2026-03-26T14:13:47.912622+00:00,5.192698,1774534427912622100,0.548747,0.508216,-0.091513,0.819460,-0.064305,-0.561650,-0.092701,0.536745,0.046177,-0.401780,0.433460,-0.695059,-0.309880,0.483337,0.890408,0.347461,0.087423,0.617734,0.349838,-0.104331,-0.696937
2026-03-26T14:13:47.929684+00:00,5.209759,1774534427929683600,0.548295,0.508190,-0.092283,0.820256,-0.064324,-0.560553,-0.093024,0.534995,0.046139,-0.402752,0.433899,-0.694123,-0.308693,0.485164,0.885915,0.355478,0.080788,0.624579,0.346760,-0.087464,-0.693879
2026-03-26T14:13:47.946955+00:00,5.227031,1774534427946955400,0.547840,0.508156,-0.093088,0.820949,-0.064350,-0.559712,-0.093463,0.533214,0.046061,-0.403737,0.434398,-0.692541,-0.307459,0.486573,0.881802,0.362917,0.073519,0.630745,0.340957,-0.072679,-0.693365
2026-03-26T14:13:47.963995+00:00,5.244070,1774534427963994700,0.547328,0.508145,-0.093867,0.821891,-0.064316,-0.558078,-0.093655,0.531485,0.045984,-0.404712,0.434843,-0.691183,-0.306273,0.488196,0.878032,0.369441,0.065493,0.636493,0.334473,-0.062403,-0.692614
2026-03-26T14:13:47.981044+00:00,5.261119,1774534427981043800,0.546812,0.508117,-0.094695,0.822821,-0.064346,-0.556792,-0.093783,0.529813,0.045691,-0.405680,0.434396,-0.691360,-0.305552,0.490558,0.874432,0.375688,0.057302,0.642292,0.326594,-0.053454,-0.691077
2026-03-26T14:13:47.997740+00:00,5.277815,1774534427997739500,0.546283,0.508155,-0.095509,0.823976,-0.064253,-0.554967,-0.093789,0.528340,0.045543,-0.406423,0.434855,-0.689578,-0.303948,0.491853,0.871066,0.381103,0.048868,0.647592,0.318308,-0.046025,-0.690978
2026-03-26T14:13:48.014802+00:00,5.294878,1774534428014802500,0.545786,0.508150,-0.096402,0.824646,-0.064281,-0.554185,-0.093832,0.526777,0.045285,-0.407330,0.434813,-0.689106,-0.302651,0.493482,0.867954,0.385930,0.039878,0.652549,0.308699,-0.038976,-0.690824
2026-03-26T14:13:48.031870+00:00,5.311945,1774534428031869600,0.545285,0.508156,-0.097270,0.825678,-0.064352,-0.552623,-0.093965,0.525109,0.044863,-0.408343,0.434591,-0.689340,-0.301966,0.495497,0.864942,0.389771,0.030406,0.657474,0.298694,-0.031703,-0.691096
2026-03-26T14:13:48.048991+00:00,5.329067,1774534428048991000,0.544828,0.508152,-0.098153,0.826717,-0.064511,-0.551048,-0.094030,0.523550,0.044633,-0.409152,0.435275,-0.687646,-0.300874,0.496344,0.862241,0.392616,0.020494,0.661569,0.288287,-0.023995,-0.691495
2026-03-26T14:13:48.065854+00:00,5.345930,1774534428065854200,0.544403,0.508148,-0.099027,0.827743,-0.064679,-0.549163,-0.094030,0.522041,0.044461,-0.409871,0.435962,-0.686346,-0.299993,0.497456,0.859910,0.394623,0.010205,0.664849,0.276591,-0.016360,-0.693513
2026-03-26T14:13:48.082947+00:00,5.363023,1774534428082947400,0.543989,0.508118,-0.099972,0.828759,-0.064949,-0.547609,-0.094092,0.520549,0.044296,-0.410576,0.436478,-0.685681,-0.299653,0.499073,0.857886,0.395955,-0.000625,0.667688,0.264026,-0.009690,-0.696539
2026-03-26T14:13:48.100044+00:00,5.380119,1774534428100043500,0.543571,0.508053,-0.100880,0.829785,-0.065121,-0.546037,-0.094186,0.519098,0.044170,-0.411250,0.436679,-0.684718,-0.299172,0.500700,0.856180,0.396503,-0.011853,0.670728,0.249440,-0.004604,-0.698282
2026-03-26T14:13:48.117033+00:00,5.397109,1774534428117033400,0.543195,0.508003,-0.101843,0.830810,-0.065310,-0.544477,-0.094160,0.517736,0.044020,-0.411953,0.436840,-0.684212,-0.298812,0.502590,0.854709,0.396244,-0.023259,0.672636,0.235175,-0.001203,-0.701682
2026-03-26T14:13:48.134260+00:00,5.414336,1774534428134260300,0.542831,0.507909,-0.102872,0.831791,-0.065531,-0.543294,-0.094260,0.516342,0.043885,-0.412658,0.436929,-0.683517,-0.297943,0.503451,0.853474,0.395406,-0.035088,0.674020,0.221214,0.000632,-0.704761
2026-03-26T14:13:48.151098+00:00,5.431173,1774534428151097700,0.542485,0.507881,-0.103910,0.832864,-0.065692,-0.541677,-0.094032,0.515031,0.043753,-0.413377,0.437102,-0.682161,-0.297261,0.504911,0.852295,0.393340,-0.046676,0.675592,0.208193,0.000742,-0.707008
2026-03-26T14:13:48.168149+00:00,5.448225,1774534428168149300,0.542135,0.507830,-0.105051,0.834104,-0.065831,-0.539597,-0.093822,0.513708,0.043613,-0.414081,0.436905,-0.682002,-0.296735,0.506903,0.851433,0.390299,-0.058634,0.677333,0.195284,-0.000747,-0.708944
2026-03-26T14:13:48.185198+00:00,5.465273,1774534428185197900,0.541781,0.507818,-0.106207,0.835437,-0.065930,-0.537344,-0.093777,0.512354,0.043467,-0.414766,0.437241,-0.680475,-0.295784,0.508074,0.850687,0.386530,-0.070409,0.678773,0.182404,-0.002847,-0.711727
2026-03-26T14:13:48.202185+00:00,5.482260,1774534428202184700,0.541500,0.507784,-0.107332,0.836429,-0.066117,-0.535801,-0.093857,0.510986,0.043305,-0.415445,0.436994,-0.680348,-0.294939,0.509997,0.850342,0.381913,-0.082339,0.680383,0.169506,-0.006074,-0.712764
2026-03-26T14:13:48.218954+00:00,5.499030,1774534428218954300,0.541212,0.507724,-0.108490,0.837665,-0.066322,-0.533997,-0.093830,0.509597,0.043140,-0.416112,0.437113,-0.679639,-0.294012,0.510973,0.850143,0.376416,-0.093894,0.681066,0.157401,-0.010314,-0.714972
2026-03-26T14:13:48.236016+00:00,5.516092,1774534428236016000,0.540950,0.507677,-0.109680,0.838674,-0.066525,-0.532438,-0.093707,0.508154,0.042979,-0.416760,0.437194,-0.678848,-0.293536,0.512645,0.850112,0.369783,-0.105704,0.680842,0.145979,-0.016426,-0.717324
2026-03-26T14:13:48.253049+00:00,5.533124,1774534428253048600,0.540657,0.507630,-0.110882,0.839982,-0.066637,-0.530197,-0.093672,0.506685,0.042840,-0.417407,0.437094,-0.678766,-0.293208,0.514131,0.850430,0.362450,-0.117217,0.680570,0.134664,-0.023073,-0.719597
2026-03-26T14:13:48.270060+00:00,5.550136,1774534428270060200,0.540427,0.507561,-0.112159,0.840986,-0.066774,-0.528628,-0.093683,0.505113,0.042747,-0.418028,0.437918,-0.677198,-0.292256,0.514721,0.851277,0.354047,-0.128823,0.679072,0.123405,-0.030242,-0.722677
2026-03-26T14:13:48.287167+00:00,5.567243,1774534428287167100,0.540166,0.507509,-0.113554,0.842612,-0.066836,-0.525978,-0.093746,0.503501,0.042666,-0.418710,0.439377,-0.675099,-0.291018,0.514483,0.852375,0.344879,-0.140294,0.676431,0.112177,-0.037078,-0.726971
2026-03-26T14:13:48.304148+00:00,5.584224,1774534428304148300,0.539970,0.507437,-0.114982,0.843911,-0.067063,-0.524013,-0.093906,0.501842,0.042595,-0.419387,0.439678,-0.675303,-0.290304,0.516079,0.854058,0.334615,-0.151772,0.672969,0.100829,-0.043075,-0.731714
2026-03-26T14:13:48.321235+00:00,5.601310,1774534428321234600,0.539801,0.507350,-0.116423,0.845320,-0.067173,-0.521639,-0.093968,0.500092,0.042530,-0.420144,0.441090,-0.673763,-0.289321,0.515950,0.855827,0.323581,-0.163097,0.669249,0.088301,-0.049610,-0.735732
2026-03-26T14:13:48.338314+00:00,5.618390,1774534428338314300,0.539606,0.507224,-0.117926,0.846979,-0.067392,-0.518894,-0.094414,0.498276,0.042455,-0.420933,0.441462,-0.674303,-0.288728,0.517842,0.858036,0.312088,-0.174383,0.665068,0.075409,-0.058184,-0.740587
2026-03-26T14:13:48.355312+00:00,5.635387,1774534428355311500,0.539477,0.507086,-0.119404,0.848327,-0.067576,-0.516551,-0.094705,0.496277,0.042374,-0.421806,0.442984,-0.672830,-0.287746,0.518380,0.860372,0.299781,-0.185407,0.660288,0.063008,-0.069175,-0.745306
2026-03-26T14:13:48.372490+00:00,5.652566,1774534428372490300,0.539313,0.506895,-0.120892,0.849670,-0.067857,-0.514172,-0.094950,0.494102,0.042334,-0.422733,0.444827,-0.670401,-0.286098,0.518630,0.862663,0.286186,-0.195680,0.654737,0.053006,-0.081368,-0.749368
2026-03-26T14:13:48.389442+00:00,5.669518,1774534428389442300,0.539172,0.506705,-0.122382,0.851030,-0.068043,-0.511808,-0.095347,0.491877,0.042186,-0.423754,0.445041,-0.671057,-0.285353,0.521806,0.864856,0.272672,-0.205686,0.649825,0.044134,-0.093462,-0.753182
2026-03-26T14:13:48.406378+00:00,5.686454,1774534428406378100,0.539055,0.506525,-0.123890,0.852391,-0.068279,-0.509698,-0.095707,0.489473,0.041969,-0.424810,0.446552,-0.668112,-0.283231,0.522252,0.866958,0.258926,-0.215341,0.646322,0.035907,-0.106780,-0.755050
2026-03-26T14:13:48.423424+00:00,5.703500,1774534428423424100,0.538913,0.506370,-0.125401,0.853806,-0.068431,-0.506974,-0.096032,0.486983,0.041600,-0.425976,0.446852,-0.667773,-0.281719,0.524897,0.868724,0.244542,-0.224738,0.643914,0.026866,-0.121108,-0.754633
2026-03-26T14:13:48.440520+00:00,5.720595,1774534428440519700,0.538769,0.506201,-0.126880,0.855309,-0.068612,-0.504398,-0.096299,0.484403,0.041185,-0.427120,0.447424,-0.665779,-0.279441,0.527157,0.870757,0.230118,-0.233997,0.641257,0.016994,-0.136228,-0.754422
2026-03-26T14:13:48.457509+00:00,5.737585,1774534428457509200,0.538652,0.506076,-0.128336,0.856503,-0.068651,-0.502218,-0.096626,0.481784,0.040719,-0.428338,0.448271,-0.664640,-0.277563,0.528682,0.872546,0.214998,-0.242777,0.636641,0.006559,-0.150731,-0.756423
2026-03-26T14:13:48.474568+00:00,5.754644,1774534428474568500,0.538540,0.505942,-0.129752,0.857681,-0.068634,-0.500344,-0.097047,0.479140,0.040245,-0.429547,0.449530,-0.663154,-0.275339,0.530651,0.874785,0.199585,-0.251440,0.631378,-0.005148,-0.164094,-0.757728
2026-03-26T14:13:48.491567+00:00,5.771642,1774534428491566900,0.538408,0.505831,-0.130949,0.858969,-0.068678,-0.497880,-0.097479,0.476458,0.039771,-0.430748,0.450640,-0.662442,-0.273289,0.532721,0.876813,0.183645,-0.260015,0.624153,-0.017903,-0.176465,-0.761190
2026-03-26T14:13:48.508483+00:00,5.788559,1774534428508483200,0.538283,0.505773,-0.132180,0.860076,-0.068856,-0.495780,-0.098022,0.473719,0.039317,-0.431930,0.452614,-0.660155,-0.270943,0.534506,0.879138,0.167396,-0.267955,0.615783,-0.032600,-0.186013,-0.764708
2026-03-26T14:13:48.525601+00:00,5.805676,1774534428525600800,0.538165,0.505453,-0.133608,0.861120,-0.069176,-0.494062,-0.098594,0.470947,0.038836,-0.433104,0.453998,-0.659167,-0.268561,0.537140,0.881155,0.150472,-0.275482,0.606422,-0.045549,-0.195216,-0.769022
2026-03-26T14:13:48.542686+00:00,5.822761,1774534428542685900,0.538036,0.505269,-0.134827,0.862101,-0.069178,-0.491997,-0.099059,0.468181,0.038350,-0.434233,0.455779,-0.656656,-0.266007,0.538832,0.883093,0.133895,-0.282230,0.596715,-0.056658,-0.205049,-0.773644
2026-03-26T14:13:48.559814+00:00,5.839890,1774534428559814400,0.537935,0.505143,-0.136037,0.863224,-0.069213,-0.490212,-0.099371,0.465410,0.037836,-0.435342,0.456548,-0.655453,-0.263590,0.540921,0.884414,0.116866,-0.288347,0.587114,-0.066758,-0.215076,-0.777709
2026-03-26T14:13:48.577472+00:00,5.857547,1774534428577471700,0.537672,0.505109,-0.137214,0.864318,-0.069070,-0.488245,-0.099641,0.462662,0.037317,-0.436488,0.456957,-0.654199,-0.261312,0.543193,0.885957,0.099999,-0.294470,0.577781,-0.077646,-0.225529,-0.780729
2026-03-26T14:13:48.594576+00:00,5.874652,1774534428594576100,0.537472,0.505040,-0.138308,0.865384,-0.068937,-0.486296,-0.099731,0.460027,0.036858,-0.437525,0.457015,-0.653272,-0.259398,0.545960,0.886880,0.083444,-0.299883,0.568667,-0.089560,-0.236233,-0.782637
2026-03-26T14:13:48.611521+00:00,5.891596,1774534428611520400,0.537187,0.505010,-0.139436,0.866486,-0.068806,-0.484334,-0.099864,0.457385,0.036447,-0.438474,0.457804,-0.651964,-0.257435,0.548189,0.888089,0.067441,-0.305023,0.558526,-0.100626,-0.246955,-0.786092
2026-03-26T14:13:48.628552+00:00,5.908627,1774534428628551700,0.536902,0.504999,-0.140583,0.867603,-0.068669,-0.482286,-0.099801,0.454898,0.036140,-0.439318,0.458540,-0.650437,-0.255573,0.550384,0.888675,0.051416,-0.309628,0.549668,-0.110454,-0.257075,-0.787417
2026-03-26T14:13:48.645524+00:00,5.925599,1774534428645523500,0.536593,0.505000,-0.141662,0.868773,-0.068594,-0.480134,-0.099718,0.452500,0.035892,-0.440122,0.459740,-0.648302,-0.253758,0.551519,0.889376,0.036366,-0.313793,0.542089,-0.119632,-0.267860,-0.787442
2026-03-26T14:13:48.662247+00:00,5.942322,1774534428662246800,0.536345,0.504999,-0.142727,0.869930,-0.068523,-0.478004,-0.099580,0.450278,0.035668,-0.440858,0.460194,-0.647742,-0.252178,0.553872,0.889734,0.021299,-0.317688,0.533958,-0.129339,-0.278825,-0.787991
2026-03-26T14:13:48.679259+00:00,5.959335,1774534428679259300,0.536069,0.504983,-0.143773,0.871089,-0.068485,-0.476118,-0.099573,0.448114,0.035474,-0.441527,0.461501,-0.645420,-0.250288,0.554451,0.890332,0.006777,-0.321355,0.525374,-0.139586,-0.289375,-0.787643
2026-03-26T14:13:48.696417+00:00,5.976492,1774534428696416400,0.535820,0.504971,-0.144769,0.872224,-0.068406,-0.473967,-0.099732,0.446035,0.035308,-0.442175,0.462223,-0.644143,-0.248764,0.555463,0.890700,-0.007925,-0.324419,0.516191,-0.148655,-0.299144,-0.788225
2026-03-26T14:13:48.713444+00:00,5.993519,1774534428713443700,0.535576,0.504941,-0.145668,0.873305,-0.068268,-0.471907,-0.100043,0.444083,0.035175,-0.442715,0.462597,-0.643287,-0.247416,0.557048,0.891170,-0.021400,-0.327040,0.507344,-0.156447,-0.308624,-0.789713
2026-03-26T14:13:48.730600+00:00,6.010676,1774534428730600100,0.535352,0.504925,-0.146513,0.874301,-0.068101,-0.469950,-0.100560,0.442257,0.035117,-0.443045,0.463041,-0.642365,-0.246419,0.558481,0.891382,-0.034736,-0.329044,0.500478,-0.163185,-0.317593,-0.787979
2026-03-26T14:13:48.747620+00:00,6.027696,1774534428747620200,0.535174,0.504904,-0.147285,0.875225,-0.067776,-0.468085,-0.100749,0.440525,0.035068,-0.443428,0.463749,-0.640990,-0.245291,0.559358,0.891648,-0.047411,-0.330678,0.491830,-0.170575,-0.327134,-0.788264
2026-03-26T14:13:48.764634+00:00,6.044710,1774534428764634300,0.534984,0.504917,-0.148002,0.876131,-0.067438,-0.466495,-0.100688,0.438842,0.034816,-0.443969,0.463877,-0.640921,-0.244353,0.560994,0.891838,-0.059289,-0.332364,0.482729,-0.177650,-0.336007,-0.789491
2026-03-26T14:13:48.781873+00:00,6.061948,1774534428781872900,0.534811,0.504905,-0.148750,0.876994,-0.067157,-0.465043,-0.100832,0.437364,0.034577,-0.444406,0.463995,-0.640605,-0.243272,0.562255,0.892107,-0.070735,-0.333703,0.474863,-0.184173,-0.343917,-0.789626
2026-03-26T14:13:48.798749+00:00,6.078825,1774534428798749000,0.534691,0.504918,-0.149326,0.877628,-0.066870,-0.463712,-0.100950,0.436040,0.034345,-0.444777,0.464749,-0.639767,-0.241848,0.562508,0.892226,-0.081040,-0.334862,0.468505,-0.189614,-0.351153,-0.788720
2026-03-26T14:13:48.815781+00:00,6.095856,1774534428815780800,0.534568,0.504919,-0.149862,0.878331,-0.066649,-0.462274,-0.101217,0.434819,0.034107,-0.445069,0.465360,-0.638780,-0.240610,0.562628,0.892226,-0.091066,-0.335635,0.463702,-0.194505,-0.358519,-0.786487
2026-03-26T14:13:48.832900+00:00,6.112976,1774534428832900200,0.534482,0.504899,-0.150373,0.878840,-0.066502,-0.461542,-0.101443,0.433727,0.033835,-0.445344,0.465405,-0.639390,-0.239605,0.563671,0.892113,-0.100208,-0.336474,0.458314,-0.199268,-0.366632,-0.785072
2026-03-26T14:13:48.849957+00:00,6.130032,1774534428849956500,0.534390,0.504905,-0.150813,0.879414,-0.066161,-0.460326,-0.101441,0.432742,0.033582,-0.445562,0.466009,-0.638427,-0.238382,0.563780,0.891871,-0.109069,-0.337287,0.453510,-0.204288,-0.373917,-0.782925
2026-03-26T14:13:48.867074+00:00,6.147150,1774534428867074500,0.534307,0.504940,-0.151242,0.879986,-0.065780,-0.459425,-0.101347,0.431857,0.033312,-0.445768,0.465941,-0.639204,-0.237637,0.564999,0.891611,-0.117507,-0.338131,0.449162,-0.210550,-0.379903,-0.780168
2026-03-26T14:13:48.884155+00:00,6.164231,1774534428884155400,0.534235,0.504966,-0.151614,0.880553,-0.065372,-0.458378,-0.101289,0.431048,0.033056,-0.445920,0.466375,-0.638953,-0.236633,0.564779,0.891505,-0.125539,-0.339290,0.444214,-0.218110,-0.386357,-0.778054
2026-03-26T14:13:48.901305+00:00,6.181381,1774534428901305200,0.534194,0.504980,-0.151960,0.880971,-0.064927,-0.457642,-0.101476,0.430359,0.032834,-0.446094,0.466810,-0.637885,-0.235641,0.564711,0.891441,-0.133414,-0.340194,0.439446,-0.225428,-0.393309,-0.775081
2026-03-26T14:13:48.918240+00:00,6.198316,1774534428918240100,0.534158,0.504990,-0.152256,0.881355,-0.064630,-0.456948,-0.101724,0.429752,0.032596,-0.446221,0.466459,-0.639238,-0.235331,0.565393,0.891378,-0.140272,-0.340936,0.435439,-0.230829,-0.401007,-0.771878
2026-03-26T14:13:48.935210+00:00,6.215286,1774534428935210600,0.534125,0.505036,-0.152503,0.881737,-0.064135,-0.456028,-0.101906,0.429198,0.032366,-0.446347,0.466917,-0.638709,-0.234502,0.564860,0.891331,-0.146489,-0.341169,0.432598,-0.234307,-0.408928,-0.769296
2026-03-26T14:13:48.952151+00:00,6.232226,1774534428952150400,0.534066,0.505050,-0.152770,0.882063,-0.063628,-0.455596,-0.102113,0.428681,0.032196,-0.446451,0.466698,-0.639469,-0.234072,0.565930,0.891499,-0.151745,-0.341167,0.432351,-0.235160,-0.414249,-0.764662
2026-03-26T14:13:48.969116+00:00,6.249192,1774534428969116100,0.534038,0.505127,-0.152971,0.882484,-0.062956,-0.454606,-0.102343,0.428134,0.032055,-0.446522,0.466958,-0.639193,-0.233476,0.565730,0.891521,-0.156432,-0.341167,0.430817,-0.236365,-0.419338,-0.763219
2026-03-26T14:13:48.986676+00:00,6.266752,1774534428986676400,0.534063,0.505225,-0.153243,0.882794,-0.062201,-0.454169,-0.102579,0.427585,0.031982,-0.446593,0.467673,-0.637383,-0.232753,0.564606,0.891587,-0.160843,-0.341119,0.428709,-0.237429,-0.424117,-0.762023
2026-03-26T14:13:49.003486+00:00,6.283561,1774534429003485600,0.534122,0.505344,-0.153533,0.883106,-0.061518,-0.453742,-0.102677,0.427278,0.031943,-0.446619,0.467057,-0.638488,-0.232998,0.566056,0.891714,-0.164801,-0.340901,0.425911,-0.238479,-0.428498,-0.761122
2026-03-26T14:13:49.020438+00:00,6.300513,1774534429020437700,0.534186,0.505482,-0.153808,0.883515,-0.060870,-0.452796,-0.102749,0.426772,0.031942,-0.446637,0.467741,-0.637344,-0.232698,0.565477,0.892032,-0.168165,-0.340717,0.424328,-0.239106,-0.431099,-0.757986
2026-03-26T14:13:49.037316+00:00,6.317392,1774534429037316300,0.534286,0.505581,-0.154131,0.883811,-0.060361,-0.452380,-0.102842,0.426124,0.031888,-0.446698,0.467955,-0.637720,-0.232503,0.565860,0.892234,-0.171089,-0.340543,0.422600,-0.240391,-0.434343,-0.757706
2026-03-26T14:13:49.054595+00:00,6.334671,1774534429054595700,0.534405,0.505652,-0.154476,0.884104,-0.059949,-0.451961,-0.102937,0.425649,0.031832,-0.446829,0.468394,-0.637010,-0.231798,0.566195,0.892484,-0.173607,-0.340366,0.421517,-0.241221,-0.437006,-0.756769
2026-03-26T14:13:49.071831+00:00,6.351906,1774534429071830800,0.534542,0.505726,-0.154802,0.884370,-0.059576,-0.451311,-0.103112,0.425195,0.031733,-0.446967,0.468723,-0.636916,-0.231142,0.566129,0.892620,-0.175621,-0.340223,0.421004,-0.241766,-0.439180,-0.755974
2026-03-26T14:13:49.088649+00:00,6.368724,1774534429088648700,0.534697,0.505764,-0.155153,0.884641,-0.059303,-0.450910,-0.103264,0.424810,0.031586,-0.447161,0.468310,-0.637143,-0.230820,0.566834,0.892570,-0.177331,-0.340115,0.421316,-0.242068,-0.440670,-0.754812
2026-03-26T14:13:49.105523+00:00,6.385599,1774534429105523100,0.534860,0.505809,-0.155478,0.884887,-0.059052,-0.450294,-0.103409,0.424483,0.031385,-0.447367,0.468551,-0.636817,-0.230183,0.566553,0.892595,-0.178656,-0.340142,0.422623,-0.242390,-0.441745,-0.752506
2026-03-26T14:13:49.122591+00:00,6.402667,1774534429122591100,0.535029,0.505817,-0.155828,0.885151,-0.058907,-0.449898,-0.103508,0.424151,0.031158,-0.447617,0.468882,-0.636720,-0.229501,0.566503,0.892454,-0.180033,-0.340209,0.423201,-0.243385,-0.443791,-0.751998
2026-03-26T14:13:49.139699+00:00,6.419775,1774534429139699200,0.535217,0.505827,-0.156152,0.885393,-0.058864,-0.449263,-0.103658,0.423887,0.030890,-0.447883,0.468626,-0.637780,-0.229195,0.567938,0.892481,-0.179608,-0.339774,0.426112,-0.238343,-0.438252,-0.755490
2026-03-26T14:13:49.156506+00:00,6.436582,1774534429156506400,0.535446,0.505892,-0.156506,0.885578,-0.059007,-0.448915,-0.103948,0.423634,0.030636,-0.448132,0.469059,-0.637397,-0.228267,0.567529,0.892817,-0.179422,-0.339895,0.426226,-0.236518,-0.439546,-0.754328
2026-03-26T14:13:49.173385+00:00,6.453461,1774534429173385400,0.535656,0.505851,-0.156771,0.885574,-0.059164,-0.448864,-0.104184,0.423462,0.030355,-0.448413,0.469478,-0.636874,-0.227334,0.567104,0.892864,-0.179465,-0.339934,0.425449,-0.236449,-0.440887,-0.754814
2026-03-26T14:13:49.190386+00:00,6.470461,1774534429190385800,0.535867,0.505781,-0.157043,0.885694,-0.059349,-0.448517,-0.104333,0.423367,0.030076,-0.448717,0.469140,-0.637032,-0.226840,0.567725,0.892925,-0.179432,-0.340379,0.425902,-0.236532,-0.440991,-0.753727
2026-03-26T14:13:49.207553+00:00,6.487629,1774534429207553100,0.536059,0.505702,-0.157233,0.885678,-0.059596,-0.448507,-0.104439,0.423289,0.029784,-0.448962,0.468688,-0.637801,-0.226395,0.567952,0.892958,-0.179376,-0.340892,0.427068,-0.237261,-0.441540,-0.752136
2026-03-26T14:13:49.224488+00:00,6.504564,1774534429224488000,0.536299,0.505581,-0.157397,0.885523,-0.059832,-0.448824,-0.104625,0.423277,0.029562,-0.449206,0.468254,-0.638042,-0.226081,0.568667,0.892995,-0.179039,-0.341710,0.428237,-0.238762,-0.442859,-0.750887
2026-03-26T14:13:49.241609+00:00,6.521684,1774534429241608700,0.536486,0.505498,-0.157463,0.885467,-0.059986,-0.448614,-0.104885,0.423266,0.029420,-0.449384,0.468408,-0.637483,-0.225493,0.568166,0.892941,-0.178841,-0.342239,0.429500,-0.240110,-0.443774,-0.749422
2026-03-26T14:13:49.258673+00:00,6.538748,1774534429258672900,0.536696,0.505381,-0.157541,0.885286,-0.060129,-0.448953,-0.105289,0.423274,0.029351,-0.449539,0.468445,-0.637084,-0.225243,0.567795,0.892839,-0.178488,-0.342884,0.431161,-0.241155,-0.444562,-0.747030
2026-03-26T14:13:49.275788+00:00,6.555863,1774534429275787500,0.536851,0.505295,-0.157579,0.885228,-0.060238,-0.448983,-0.105697,0.423338,0.029339,-0.449610,0.467647,-0.638295,-0.225827,0.568443,0.892759,-0.178438,-0.343148,0.431805,-0.242327,-0.445631,-0.745788
2026-03-26T14:13:49.292721+00:00,6.572797,1774534429292721100,0.536969,0.505235,-0.157573,0.885151,-0.060310,-0.449072,-0.105964,0.423481,0.029373,-0.449642,0.467415,-0.638263,-0.226405,0.568415,0.892732,-0.178348,-0.343450,0.431462,-0.243229,-0.446824,-0.745262
2026-03-26T14:13:49.309809+00:00,6.589884,1774534429309808800,0.537088,0.505183,-0.157588,0.884904,-0.060356,-0.449397,-0.106189,0.423682,0.029432,-0.449666,0.467766,-0.637320,-0.227023,0.568023,0.892761,-0.178296,-0.343443,0.430951,-0.243426,-0.447483,-0.744960
2026-03-26T14:13:49.327115+00:00,6.607191,1774534429327115100,0.537163,0.505117,-0.157590,0.884718,-0.060506,-0.449762,-0.106475,0.423919,0.029635,-0.449659,0.467426,-0.637773,-0.227988,0.568454,0.892893,-0.178231,-0.343410,0.429580,-0.243564,-0.447957,-0.745844
2026-03-26T14:13:49.344106+00:00,6.624181,1774534429344105900,0.537207,0.505026,-0.157541,0.884420,-0.060789,-0.450346,-0.106645,0.424171,0.029893,-0.449645,0.467094,-0.637886,-0.228675,0.568483,0.893065,-0.178198,-0.343335,0.428185,-0.243070,-0.447066,-0.745582
2026-03-26T14:13:49.361216+00:00,6.641291,1774534429361215500,0.537215,0.504950,-0.157496,0.884117,-0.061145,-0.450760,-0.106753,0.424435,0.030118,-0.449608,0.467231,-0.637652,-0.229320,0.567681,0.893399,-0.178314,-0.343155,0.425845,-0.243456,-0.447797,-0.747483
2026-03-26T14:13:49.378460+00:00,6.658536,1774534429378460000,0.537287,0.504856,-0.157465,0.883922,-0.061378,-0.451073,-0.106740,0.424734,0.030346,-0.449506,0.466743,-0.638045,-0.230064,0.567343,0.893892,-0.178069,-0.343269,0.424134,-0.243374,-0.446959,-0.748916
2026-03-26T14:13:49.395021+00:00,6.675096,1774534429395020800,0.537265,0.504813,-0.157358,0.883794,-0.061392,-0.451394,-0.106703,0.425065,0.030532,-0.449432,0.466376,-0.638140,-0.230756,0.567427,0.894306,-0.178175,-0.343032,0.422647,-0.243298,-0.446459,-0.749749
2026-03-26T14:13:49.412182+00:00,6.692257,1774534429412181900,0.537109,0.504812,-0.157188,0.883813,-0.061206,-0.451397,-0.106571,0.425406,0.030687,-0.449323,0.466051,-0.638534,-0.231519,0.567837,0.894697,-0.178262,-0.342815,0.420963,-0.243964,-0.446210,-0.751069
2026-03-26T14:13:49.429320+00:00,6.709396,1774534429429320300,0.536867,0.504830,-0.157010,0.883845,-0.060910,-0.451387,-0.106439,0.425736,0.030847,-0.449231,0.466329,-0.638135,-0.232057,0.566977,0.895024,-0.178270,-0.342759,0.419505,-0.244615,-0.446013,-0.752548
2026-03-26T14:13:49.446219+00:00,6.726295,1774534429446219600,0.536623,0.504840,-0.156808,0.883767,-0.060543,-0.451648,-0.106344,0.426085,0.030997,-0.449111,0.466076,-0.638642,-0.232492,0.566476,0.895296,-0.178324,-0.342474,0.419266,-0.244645,-0.445568,-0.751579
2026-03-26T14:13:49.464426+00:00,6.744501,1774534429464425400,0.536328,0.504979,-0.156587,0.883812,-0.060103,-0.451665,-0.106082,0.426441,0.031142,-0.449030,0.465877,-0.638596,-0.232879,0.566352,0.895512,-0.178343,-0.342392,0.418026,-0.244800,-0.446421,-0.752772
2026-03-26T14:13:49.480883+00:00,6.760958,1774534429480882800,0.536043,0.505127,-0.156365,0.883880,-0.059721,-0.451647,-0.105646,0.426682,0.031250,-0.448912,0.465666,-0.639032,-0.233112,0.565801,0.895629,-0.178364,-0.342226,0.417445,-0.244832,-0.447397,-0.753090
2026-03-26T14:13:49.497817+00:00,6.777893,1774534429497817200,0.535785,0.505280,-0.156157,0.883822,-0.059415,-0.451945,-0.105137,0.426905,0.031354,-0.448808,0.465458,-0.638955,-0.233479,0.565727,0.895621,-0.178232,-0.342097,0.418306,-0.244459,-0.446846,-0.751438
2026-03-26T14:13:49.514988+00:00,6.795063,1774534429514987800,0.535538,0.505417,-0.155921,0.883745,-0.059118,-0.452240,-0.104824,0.427129,0.031452,-0.448671,0.465213,-0.638958,-0.233985,0.565719,0.895585,-0.177997,-0.341965,0.418459,-0.244325,-0.447503,-0.752143
2026-03-26T14:13:49.532046+00:00,6.812122,1774534429532046000,0.535301,0.505540,-0.155654,0.883639,-0.058912,-0.452556,-0.104680,0.427335,0.031536,-0.448552,0.465039,-0.638883,-0.234337,0.565623,0.895516,-0.177553,-0.341750,0.419868,-0.243958,-0.447895,-0.750720
2026-03-26T14:13:49.549069+00:00,6.829145,1774534429549069100,0.535094,0.505639,-0.155363,0.883529,-0.058765,-0.452885,-0.104497,0.427569,0.031587,-0.448420,0.464877,-0.639159,-0.234783,0.565810,0.895453,-0.176864,-0.341613,0.420964,-0.242943,-0.449591,-0.750749
2026-03-26T14:13:49.566083+00:00,6.846159,1774534429566083000,0.534860,0.505740,-0.155044,0.883459,-0.058568,-0.452925,-0.104350,0.427798,0.031643,-0.448278,0.465245,-0.638847,-0.234693,0.564728,0.895276,-0.175961,-0.341596,0.422766,-0.241732,-0.449858,-0.749213
2026-03-26T14:13:49.583123+00:00,6.863198,1774534429583122800,0.534705,0.505793,-0.154699,0.883209,-0.058391,-0.453550,-0.104437,0.428088,0.031656,-0.448190,0.465178,-0.639496,-0.234865,0.564396,0.895130,-0.175172,-0.341405,0.424177,-0.240629,-0.449027,-0.748118
2026-03-26T14:13:49.600134+00:00,6.880210,1774534429600134200,0.534543,0.505857,-0.154300,0.882978,-0.058163,-0.453895,-0.104421,0.428383,0.031658,-0.448113,0.465039,-0.640277,-0.235078,0.563959,0.894980,-0.174368,-0.341398,0.424722,-0.240780,-0.446927,-0.748955
2026-03-26T14:13:49.617251+00:00,6.897326,1774534429617250900,0.534405,0.505894,-0.153897,0.882705,-0.057990,-0.454572,-0.104453,0.428675,0.031675,-0.448039,0.464903,-0.640218,-0.235244,0.563708,0.894923,-0.173661,-0.341323,0.424847,-0.240786,-0.444882,-0.750050
2026-03-26T14:13:49.634327+00:00,6.914403,1774534429634327100,0.534236,0.505940,-0.153457,0.882464,-0.057865,-0.454931,-0.104420,0.428905,0.031680,-0.447924,0.464702,-0.640998,-0.235559,0.563468,0.894887,-0.172771,-0.341203,0.425163,-0.240090,-0.443018,-0.750605
2026-03-26T14:13:49.651378+00:00,6.931453,1774534429651377900,0.534103,0.505952,-0.153009,0.882155,-0.057808,-0.455535,-0.104423,0.429140,0.031749,-0.447809,0.464587,-0.641092,-0.235884,0.563319,0.894896,-0.171937,-0.341044,0.425268,-0.239607,-0.441457,-0.751620
2026-03-26T14:13:49.668423+00:00,6.948499,1774534429668423400,0.533964,0.505977,-0.152624,0.881774,-0.057776,-0.456318,-0.104620,0.429404,0.031804,-0.447682,0.464311,-0.641160,-0.236417,0.563444,0.894826,-0.169790,-0.340888,0.427242,-0.235209,-0.444346,-0.751678
2026-03-26T14:13:49.685466+00:00,6.965542,1774534429685466000,0.533814,0.506001,-0.152151,0.881483,-0.057664,-0.456735,-0.104787,0.429671,0.031872,-0.447508,0.463980,-0.641786,-0.236913,0.563243,0.894763,-0.168043,-0.340512,0.428876,-0.232531,-0.442358,-0.753080
2026-03-26T14:13:49.702522+00:00,6.982598,1774534429702522200,0.533668,0.505998,-0.151727,0.881098,-0.057595,-0.457674,-0.104888,0.430013,0.031981,-0.447384,0.463643,-0.642224,-0.237735,0.563615,0.894673,-0.166227,-0.340084,0.430571,-0.229706,-0.439966,-0.754179
2026-03-26T14:13:49.719506+00:00,6.999581,1774534429719505700,0.533488,0.506023,-0.151257,0.880832,-0.057412,-0.458081,-0.104854,0.430339,0.032125,-0.447233,0.464047,-0.641346,-0.237798,0.562306,0.894590,-0.164328,-0.339537,0.431800,-0.227155,-0.437649,-0.755824
2026-03-26T14:13:49.742374+00:00,7.022450,1774534429742374300,0.533257,0.506072,-0.150658,0.880445,-0.057213,-0.458929,-0.104806,0.430800,0.032335,-0.447044,0.463809,-0.642274,-0.238530,0.561761,0.894422,-0.161806,-0.338910,0.433759,-0.223939,-0.433745,-0.756607
2026-03-26T14:13:49.754613+00:00,7.034689,1774534429754613000,0.533147,0.506083,-0.150316,0.880075,-0.057288,-0.459534,-0.104619,0.431060,0.032456,-0.446911,0.463824,-0.642156,-0.239117,0.561745,0.894264,-0.160470,-0.338672,0.433648,-0.223284,-0.431435,-0.758864
2026-03-26T14:13:49.771675+00:00,7.051750,1774534429771674800,0.532965,0.506094,-0.149891,0.879674,-0.057436,-0.460514,-0.104525,0.431437,0.032626,-0.446721,0.464086,-0.641433,-0.239548,0.560607,0.894118,-0.158463,-0.338095,0.434592,-0.221444,-0.428312,-0.759588
2026-03-26T14:13:49.788668+00:00,7.068743,1774534429788667700,0.532775,0.506104,-0.149429,0.879248,-0.057596,-0.461258,-0.104510,0.431903,0.032741,-0.446558,0.463694,-0.642439,-0.240442,0.560608,0.893864,-0.156261,-0.337510,0.435199,-0.219822,-0.426462,-0.762000
2026-03-26T14:13:49.805834+00:00,7.085909,1774534429805833600,0.532610,0.506110,-0.148959,0.878722,-0.057690,-0.462265,-0.104512,0.432446,0.032821,-0.446420,0.463360,-0.643390,-0.241137,0.560525,0.893512,-0.153812,-0.336666,0.436606,-0.217784,-0.424630,-0.763486
2026-03-26T14:13:49.822882+00:00,7.102958,1774534429822882000,0.532410,0.506139,-0.148477,0.878321,-0.057612,-0.463001,-0.104365,0.433097,0.032887,-0.446310,0.462941,-0.644131,-0.241870,0.560196,0.893010,-0.151199,-0.335761,0.439216,-0.215159,-0.421877,-0.763256
2026-03-26T14:13:49.839811+00:00,7.119887,1774534429839811400,0.532372,0.506135,-0.148207,0.877780,-0.057556,-0.464057,-0.104302,0.433792,0.032922,-0.446233,0.463788,-0.642976,-0.242072,0.558131,0.892513,-0.148547,-0.334668,0.440960,-0.213035,-0.420068,-0.764673
2026-03-26T14:13:49.856851+00:00,7.136926,1774534429856850700,0.532200,0.506121,-0.147737,0.877220,-0.057614,-0.465131,-0.104253,0.434547,0.032921,-0.446149,0.463372,-0.643721,-0.242809,0.557797,0.891906,-0.145877,-0.333398,0.443022,-0.210892,-0.417287,-0.765193
2026-03-26T14:13:49.873637+00:00,7.153712,1774534429873636700,0.531828,0.506160,-0.147082,0.876643,-0.057717,-0.466217,-0.104286,0.435296,0.032905,-0.446092,0.463147,-0.644516,-0.243156,0.557580,0.891229,-0.143184,-0.331875,0.444707,-0.208566,-0.414687,-0.766526
2026-03-26T14:13:49.890865+00:00,7.170941,1774534429890865400,0.531626,0.506150,-0.146573,0.876000,-0.057826,-0.467394,-0.104365,0.436100,0.032709,-0.446090,0.462844,-0.645002,-0.243280,0.557216,0.890516,-0.140367,-0.330197,0.446553,-0.206051,-0.411819,-0.767673
2026-03-26T14:13:49.907875+00:00,7.187950,1774534429907874700,0.531355,0.506240,-0.146006,0.875108,-0.057506,-0.469117,-0.104199,0.437010,0.032586,-0.445968,0.461185,-0.646947,-0.243632,0.557895,0.889236,-0.137272,-0.327702,0.449475,-0.201313,-0.407999,-0.767921
2026-03-26T14:13:49.924835+00:00,7.204910,1774534429924834800,0.531086,0.506312,-0.145486,0.874324,-0.057182,-0.470773,-0.103797,0.437921,0.032357,-0.445931,0.460453,-0.647515,-0.243715,0.556800,0.887781,-0.133844,-0.324767,0.452297,-0.196047,-0.404888,-0.769155
2026-03-26T14:13:49.941890+00:00,7.221965,1774534429941889700,0.530790,0.506479,-0.144957,0.873539,-0.056848,-0.472308,-0.103267,0.438885,0.032174,-0.445870,0.459562,-0.647788,-0.243929,0.556631,0.886194,-0.130409,-0.321803,0.454576,-0.191303,-0.402329,-0.772137
2026-03-26T14:13:49.958897+00:00,7.238973,1774534429958897100,0.530454,0.506652,-0.144463,0.872792,-0.056514,-0.473809,-0.102840,0.439842,0.031985,-0.445860,0.458602,-0.648570,-0.244665,0.556054,0.883980,-0.126752,-0.318259,0.458410,-0.186905,-0.397573,-0.771676
2026-03-26T14:13:49.975957+00:00,7.256033,1774534429975957300,0.530160,0.506820,-0.143971,0.871881,-0.056116,-0.475564,-0.102329,0.440905,0.031911,-0.445615,0.457705,-0.649514,-0.245792,0.555821,0.881718,-0.122999,-0.314641,0.461415,-0.183342,-0.393235,-0.774201
2026-03-26T14:13:49.992965+00:00,7.273041,1774534429992965300,0.529822,0.507042,-0.143580,0.871190,-0.055848,-0.477155,-0.101471,0.442048,0.031944,-0.445298,0.457875,-0.649258,-0.246819,0.554501,0.879074,-0.119226,-0.310767,0.465543,-0.179818,-0.388055,-0.774721
2026-03-26T14:13:50.009997+00:00,7.290073,1774534430009997400,0.529540,0.507258,-0.143170,0.870323,-0.055666,-0.478881,-0.100481,0.443072,0.031928,-0.445056,0.457514,-0.650011,-0.248073,0.553513,0.876197,-0.115131,-0.306548,0.470205,-0.175979,-0.383503,-0.774508
2026-03-26T14:13:50.027115+00:00,7.307190,1774534430027114700,0.529300,0.507453,-0.142759,0.869384,-0.055689,-0.480654,-0.099884,0.444498,0.031928,-0.444686,0.456897,-0.651073,-0.249192,0.552664,0.872948,-0.110790,-0.301895,0.474535,-0.172386,-0.381213,-0.774905
2026-03-26T14:13:50.044161+00:00,7.324236,1774534430044160700,0.529092,0.507569,-0.142304,0.868392,-0.055684,-0.482469,-0.099600,0.446197,0.031926,-0.444092,0.455490,-0.652959,-0.250398,0.552750,0.869390,-0.106182,-0.296671,0.479654,-0.168018,-0.378749,-0.772789
2026-03-26T14:13:50.061209+00:00,7.341285,1774534430061209300,0.528908,0.507695,-0.141874,0.867424,-0.055584,-0.484265,-0.099139,0.447908,0.031940,-0.443629,0.455239,-0.652481,-0.250739,0.549811,0.865445,-0.101483,-0.290808,0.484043,-0.162457,-0.376778,-0.773595
2026-03-26T14:13:50.078254+00:00,7.358329,1774534430078253700,0.528731,0.507902,-0.141513,0.866539,-0.055372,-0.486284,-0.098109,0.449796,0.031870,-0.443136,0.453567,-0.654618,-0.252328,0.549117,0.861127,-0.096825,-0.284268,0.489510,-0.154835,-0.372683,-0.772805
2026-03-26T14:13:50.095308+00:00,7.375384,1774534430095308000,0.528530,0.508147,-0.141105,0.865840,-0.055213,-0.487611,-0.096908,0.451753,0.031754,-0.442506,0.452495,-0.656358,-0.254103,0.547684,0.856603,-0.092281,-0.277370,0.493542,-0.147317,-0.368945,-0.774210
2026-03-26T14:13:50.113711+00:00,7.393786,1774534430113710600,0.528396,0.508326,-0.140645,0.864775,-0.055212,-0.489692,-0.095927,0.453991,0.031608,-0.441785,0.452213,-0.657348,-0.255843,0.545846,0.851624,-0.087686,-0.269813,0.496814,-0.140542,-0.365473,-0.774988
2026-03-26T14:13:50.129427+00:00,7.409502,1774534430129426800,0.528329,0.508387,-0.140156,0.863687,-0.055628,-0.491597,-0.095737,0.456039,0.031417,-0.441052,0.451571,-0.659436,-0.257687,0.544589,0.847178,-0.083843,-0.262936,0.497900,-0.136497,-0.362352,-0.776188
2026-03-26T14:13:50.146461+00:00,7.426536,1774534430146460900,0.528288,0.508406,-0.139583,0.862487,-0.055942,-0.493730,-0.095587,0.458349,0.031162,-0.440316,0.451534,-0.660077,-0.258916,0.542161,0.842093,-0.079989,-0.255332,0.498744,-0.131787,-0.359074,-0.778305
2026-03-26T14:13:50.163404+00:00,7.443480,1774534430163404200,0.528244,0.508500,-0.138940,0.861322,-0.055526,-0.495977,-0.095414,0.460782,0.030802,-0.439559,0.450711,-0.660957,-0.260059,0.540417,0.836496,-0.076272,-0.247019,0.501306,-0.124610,-0.356017,-0.779349
2026-03-26T14:13:50.180537+00:00,7.460613,1774534430180537000,0.528189,0.508741,-0.138299,0.860262,-0.055005,-0.498083,-0.094323,0.463332,0.030344,-0.438798,0.448836,-0.663517,-0.261586,0.539305,0.830728,-0.072419,-0.238421,0.505096,-0.116675,-0.353096,-0.778474
2026-03-26T14:13:50.197567+00:00,7.477643,1774534430197567100,0.528095,0.509042,-0.137641,0.859395,-0.054502,-0.499748,-0.093318,0.465964,0.029840,-0.438075,0.447583,-0.665099,-0.262474,0.536841,0.824744,-0.068704,-0.229585,0.508888,-0.108821,-0.352021,-0.778512
2026-03-26T14:13:50.214569+00:00,7.494644,1774534430214568700,0.528054,0.509268,-0.136977,0.858403,-0.054150,-0.501550,-0.092804,0.468604,0.029354,-0.437314,0.446238,-0.666844,-0.263607,0.534657,0.818572,-0.064976,-0.220559,0.513187,-0.101468,-0.351519,-0.776675
2026-03-26T14:13:50.231591+00:00,7.511667,1774534430231591000,0.528085,0.509397,-0.136284,0.857207,-0.054020,-0.503718,-0.092651,0.471296,0.028918,-0.436518,0.445112,-0.668153,-0.264539,0.532822,0.812083,-0.061432,-0.211240,0.517490,-0.094465,-0.350268,-0.774251
2026-03-26T14:13:50.248605+00:00,7.528681,1774534430248605500,0.528119,0.509525,-0.135588,0.856326,-0.053610,-0.505194,-0.092524,0.473965,0.028497,-0.435664,0.443853,-0.670037,-0.265957,0.531489,0.805588,-0.058132,-0.201822,0.521747,-0.087469,-0.349213,-0.773239
2026-03-26T14:13:50.265788+00:00,7.545864,1774534430265788500,0.528173,0.509737,-0.134926,0.855543,-0.052952,-0.506614,-0.091658,0.476677,0.028146,-0.434782,0.441812,-0.673210,-0.267711,0.530758,0.799083,-0.055050,-0.192443,0.526553,-0.080976,-0.346953,-0.770926
2026-03-26T14:13:50.282719+00:00,7.562794,1774534430282718800,0.528258,0.510013,-0.134339,0.854795,-0.052359,-0.508279,-0.090551,0.479294,0.027888,-0.433871,0.441077,-0.673529,-0.268515,0.527688,0.793014,-0.052183,-0.183257,0.530668,-0.076147,-0.345828,-0.769969
2026-03-26T14:13:50.299737+00:00,7.579813,1774534430299737300,0.528380,0.510216,-0.133736,0.853998,-0.051947,-0.509924,-0.089995,0.481956,0.027663,-0.432931,0.438991,-0.676403,-0.270152,0.526718,0.787257,-0.049426,-0.174069,0.533976,-0.072307,-0.345216,-0.769002
2026-03-26T14:13:50.316842+00:00,7.596918,1774534430316842200,0.528518,0.510308,-0.133056,0.853033,-0.051855,-0.511463,-0.090003,0.484584,0.027497,-0.431938,0.438100,-0.677357,-0.271496,0.524137,0.781658,-0.046707,-0.164808,0.536854,-0.068902,-0.344946,-0.766782
2026-03-26T14:13:50.333824+00:00,7.613899,1774534430333823900,0.528764,0.510355,-0.132303,0.852174,-0.051997,-0.512660,-0.090392,0.487197,0.027390,-0.430931,0.437125,-0.678281,-0.272922,0.522176,0.776361,-0.044116,-0.155458,0.538217,-0.066159,-0.346189,-0.766088
2026-03-26T14:13:50.350862+00:00,7.630937,1774534430350861800,0.529174,0.510335,-0.131529,0.851027,-0.052078,-0.514574,-0.090696,0.489807,0.027377,-0.429889,0.435850,-0.680493,-0.274674,0.520586,0.771016,-0.041629,-0.145924,0.540426,-0.063439,-0.345430,-0.763751
2026-03-26T14:13:50.367881+00:00,7.647956,1774534430367880700,0.529608,0.510334,-0.130692,0.850119,-0.051762,-0.515984,-0.090692,0.492440,0.027217,-0.428803,0.434914,-0.682566,-0.276658,0.518639,0.765823,-0.039415,-0.135926,0.541373,-0.058293,-0.344697,-0.764647
2026-03-26T14:13:50.384900+00:00,7.664975,1774534430384899500,0.530043,0.510409,-0.129823,0.848942,-0.051408,-0.518113,-0.090300,0.495040,0.027292,-0.427674,0.434094,-0.684509,-0.278749,0.516259,0.760498,-0.037435,-0.125839,0.541645,-0.050555,-0.344593,-0.764560
2026-03-26T14:13:50.402064+00:00,7.682140,1774534430402064000,0.530456,0.510559,-0.128884,0.848098,-0.051057,-0.519505,-0.089974,0.497592,0.027493,-0.426514,0.433860,-0.685801,-0.281157,0.513699,0.755346,-0.035830,-0.115422,0.539247,-0.041911,-0.345719,-0.767363
2026-03-26T14:13:50.419130+00:00,7.699206,1774534430419130400,0.530944,0.510659,-0.127894,0.846854,-0.050854,-0.521697,-0.089895,0.500093,0.027711,-0.425347,0.434675,-0.685490,-0.282941,0.510302,0.750357,-0.034434,-0.105355,0.536470,-0.034286,-0.346286,-0.768625
2026-03-26T14:13:50.436381+00:00,7.716457,1774534430436381300,0.531474,0.510716,-0.126822,0.845527,-0.050797,-0.523674,-0.089995,0.502580,0.027877,-0.424156,0.434782,-0.686768,-0.285196,0.507997,0.745604,-0.033413,-0.095275,0.532455,-0.027981,-0.346476,-0.771534
2026-03-26T14:13:50.453323+00:00,7.733399,1774534430453323000,0.532017,0.510732,-0.125754,0.843927,-0.050797,-0.526593,-0.089994,0.505012,0.027948,-0.423034,0.434794,-0.687748,-0.286464,0.505776,0.741099,-0.032558,-0.085768,0.528394,-0.021930,-0.347172,-0.775360
2026-03-26T14:13:50.470565+00:00,7.750640,1774534430470564900,0.532516,0.510814,-0.124582,0.842586,-0.050590,-0.528534,-0.089886,0.507499,0.027975,-0.421932,0.433744,-0.690016,-0.287934,0.504106,0.736600,-0.031892,-0.076037,0.525127,-0.014921,-0.348509,-0.776538
2026-03-26T14:13:50.487571+00:00,7.767647,1774534430487571300,0.533027,0.510927,-0.123458,0.841347,-0.050279,-0.530774,-0.089718,0.509953,0.027974,-0.420873,0.433371,-0.690781,-0.288562,0.500825,0.732287,-0.031331,-0.066830,0.522193,-0.007779,-0.351563,-0.777530
2026-03-26T14:13:50.504443+00:00,7.784518,1774534430504442900,0.533504,0.511047,-0.122255,0.840175,-0.049888,-0.532413,-0.089759,0.512396,0.027993,-0.419799,0.431747,-0.693340,-0.289811,0.499052,0.728189,-0.030904,-0.057631,0.519709,-0.000197,-0.356898,-0.775708
2026-03-26T14:13:50.521459+00:00,7.801535,1774534430521459000,0.534006,0.511126,-0.121071,0.838943,-0.049788,-0.534461,-0.089649,0.514828,0.028036,-0.418658,0.430819,-0.694869,-0.290929,0.497282,0.724333,-0.030604,-0.048893,0.515485,0.006715,-0.363831,-0.776242
2026-03-26T14:13:50.538476+00:00,7.818552,1774534430538476200,0.534523,0.511173,-0.119897,0.837997,-0.049814,-0.535929,-0.089952,0.517063,0.027934,-0.417628,0.430375,-0.696476,-0.292253,0.495370,0.720814,-0.030593,-0.040287,0.511310,0.013142,-0.370148,-0.775015
2026-03-26T14:13:50.555519+00:00,7.835594,1774534430555518700,0.534998,0.511217,-0.118700,0.836975,-0.049755,-0.537488,-0.090081,0.519173,0.027926,-0.416406,0.430725,-0.696523,-0.293316,0.493073,0.717599,-0.030581,-0.032003,0.505022,0.020047,-0.376503,-0.776749
2026-03-26T14:13:50.572579+00:00,7.852655,1774534430572579000,0.535509,0.511287,-0.117445,0.836025,-0.049578,-0.538946,-0.090142,0.521204,0.028108,-0.415096,0.430096,-0.698296,-0.294900,0.492085,0.714429,-0.030625,-0.023726,0.498603,0.027438,-0.382298,-0.777840
2026-03-26T14:13:50.589604+00:00,7.869680,1774534430589604200,0.535980,0.511372,-0.116137,0.835027,-0.049312,-0.540485,-0.090142,0.523198,0.028440,-0.413697,0.429916,-0.697987,-0.295906,0.490173,0.711380,-0.030606,-0.015725,0.492556,0.035591,-0.387461,-0.779056
2026-03-26T14:13:50.606610+00:00,7.886685,1774534430606609900,0.536505,0.511448,-0.114750,0.834009,-0.048984,-0.542049,-0.090204,0.525082,0.028629,-0.412432,0.428904,-0.698622,-0.296561,0.488831,0.708092,-0.030492,-0.007660,0.487302,0.045967,-0.392378,-0.779386
2026-03-26T14:13:50.623678+00:00,7.903754,1774534430623678400,0.537042,0.511488,-0.113326,0.832636,-0.048776,-0.544343,-0.090389,0.526929,0.028747,-0.411152,0.427933,-0.699517,-0.297539,0.487429,0.704914,-0.030215,0.000094,0.482823,0.056769,-0.395917,-0.778656
2026-03-26T14:13:50.640709+00:00,7.920784,1774534430640708600,0.537639,0.511532,-0.111815,0.831223,-0.048542,-0.546352,-0.090723,0.528759,0.028861,-0.409817,0.425879,-0.702296,-0.299106,0.487230,0.701671,-0.029807,0.007678,0.477908,0.066557,-0.397797,-0.780646
2026-03-26T14:13:50.657804+00:00,7.937880,1774534430657804200,0.538245,0.511550,-0.110296,0.829809,-0.048328,-0.548678,-0.091141,0.530558,0.028974,-0.408406,0.425213,-0.703158,-0.300095,0.485534,0.698731,-0.029155,0.014828,0.473654,0.076806,-0.396161,-0.782608
2026-03-26T14:13:50.674918+00:00,7.954993,1774534430674917600,0.538838,0.511576,-0.108700,0.828717,-0.048144,-0.549972,-0.091431,0.532319,0.029091,-0.406955,0.425405,-0.702597,-0.300679,0.483191,0.695761,-0.028444,0.021677,0.468885,0.088183,-0.394989,-0.784441
2026-03-26T14:13:50.692061+00:00,7.972137,1774534430692061200,0.539479,0.511564,-0.107075,0.827248,-0.048004,-0.552024,-0.091866,0.534105,0.029142,-0.405388,0.424596,-0.704952,-0.302490,0.482602,0.692954,-0.027448,0.027797,0.464499,0.098834,-0.394384,-0.786120
2026-03-26T14:13:50.708978+00:00,7.989053,1774534430708977600,0.540163,0.511522,-0.105478,0.825495,-0.048059,-0.554674,-0.092601,0.535882,0.029153,-0.403807,0.424190,-0.706259,-0.303581,0.480899,0.690196,-0.026464,0.033311,0.460372,0.109040,-0.395143,-0.787911
2026-03-26T14:13:50.726003+00:00,8.006079,1774534430726003500,0.540825,0.511475,-0.103797,0.823942,-0.048164,-0.556767,-0.093573,0.537676,0.029109,-0.402134,0.424183,-0.706842,-0.304112,0.478481,0.687534,-0.025282,0.038682,0.457211,0.118717,-0.395635,-0.787353
2026-03-26T14:13:50.743602+00:00,8.023677,1774534430743601900,0.541508,0.511374,-0.102025,0.822272,-0.048202,-0.559018,-0.094677,0.539590,0.029032,-0.400369,0.423822,-0.707570,-0.304800,0.476223,0.684979,-0.024116,0.043098,0.454489,0.127681,-0.397504,-0.786631
2026-03-26T14:13:50.760508+00:00,8.040584,1774534430760508500,0.542158,0.511284,-0.100370,0.820295,-0.048049,-0.561841,-0.095629,0.541494,0.028822,-0.398607,0.423027,-0.709276,-0.305581,0.474218,0.682652,-0.023073,0.046846,0.452287,0.135876,-0.399543,-0.785695
2026-03-26T14:13:50.777662+00:00,8.057738,1774534430777662000,0.542731,0.511208,-0.098640,0.818518,-0.047866,-0.564177,-0.096329,0.543459,0.028433,-0.396837,0.423213,-0.709478,-0.305864,0.470440,0.680572,-0.022160,0.050378,0.449882,0.143583,-0.401677,-0.784957
2026-03-26T14:13:50.794672+00:00,8.074748,1774534430794672200,0.543275,0.511112,-0.096873,0.816315,-0.047615,-0.567370,-0.096893,0.545468,0.027995,-0.395118,0.422082,-0.713010,-0.307310,0.468767,0.678796,-0.021471,0.053446,0.447949,0.150312,-0.403081,-0.783750
2026-03-26T14:13:50.811512+00:00,8.091587,1774534430811511700,0.543798,0.511051,-0.095234,0.814461,-0.047347,-0.570165,-0.097387,0.547435,0.027556,-0.393469,0.422180,-0.713659,-0.307259,0.465518,0.677392,-0.021039,0.055907,0.445634,0.155884,-0.403762,-0.783606
2026-03-26T14:13:50.828514+00:00,8.108590,1774534430828514300,0.544231,0.511002,-0.093532,0.812576,-0.047038,-0.572653,-0.097822,0.549404,0.027070,-0.391890,0.421313,-0.716059,-0.307850,0.463247,0.676352,-0.020896,0.058103,0.442178,0.160849,-0.404120,-0.785111
2026-03-26T14:13:50.845428+00:00,8.125504,1774534430845428100,0.544659,0.510940,-0.091942,0.810699,-0.046762,-0.575465,-0.098314,0.551340,0.026616,-0.390398,0.419814,-0.718770,-0.308387,0.461661,0.675676,-0.020917,0.059882,0.439788,0.164597,-0.403061,-0.784943
2026-03-26T14:13:50.862412+00:00,8.142488,1774534430862412400,0.545010,0.510903,-0.090352,0.809162,-0.046471,-0.577193,-0.098711,0.553226,0.026228,-0.389002,0.419149,-0.719159,-0.308153,0.458916,0.675180,-0.020934,0.061296,0.437233,0.167611,-0.402382,-0.785999
2026-03-26T14:13:50.879529+00:00,8.159605,1774534430879529600,0.545386,0.510874,-0.088872,0.807713,-0.046148,-0.579141,-0.099201,0.555069,0.025947,-0.387682,0.417106,-0.722429,-0.308977,0.458153,0.675021,-0.021110,0.062142,0.434176,0.169708,-0.402503,-0.788771
2026-03-26T14:13:50.896601+00:00,8.176677,1774534430896601200,0.545728,0.510850,-0.087473,0.806137,-0.045814,-0.581447,-0.099662,0.556867,0.025835,-0.386453,0.416049,-0.723975,-0.309706,0.456380,0.674843,-0.021348,0.062902,0.432466,0.170599,-0.401830,-0.789229
2026-03-26T14:13:50.913755+00:00,8.193831,1774534430913755300,0.546078,0.510841,-0.086160,0.804715,-0.045452,-0.583352,-0.100078,0.558555,0.025892,-0.385260,0.415292,-0.724147,-0.310706,0.454355,0.674843,-0.021436,0.063260,0.431102,0.171040,-0.401882,-0.789600
2026-03-26T14:13:50.930743+00:00,8.210819,1774534430930743000,0.546420,0.510829,-0.085003,0.803349,-0.045093,-0.585252,-0.100593,0.560199,0.025815,-0.384129,0.414594,-0.725421,-0.312527,0.453066,0.674745,-0.021485,0.063589,0.430566,0.171202,-0.402230,-0.789250
2026-03-26T14:13:50.947707+00:00,8.227783,1774534430947707500,0.546728,0.510834,-0.083924,0.802161,-0.044746,-0.586925,-0.101012,0.561695,0.026246,-0.383092,0.415102,-0.724507,-0.313919,0.450601,0.674643,-0.021442,0.063863,0.430674,0.171148,-0.403515,-0.789060
2026-03-26T14:13:50.965096+00:00,8.245171,1774534430965095900,0.547023,0.510846,-0.082891,0.800980,-0.044320,-0.588601,-0.101295,0.563152,0.026779,-0.382118,0.414552,-0.726004,-0.316234,0.449584,0.674479,-0.021086,0.064053,0.431534,0.170981,-0.404908,-0.788010
2026-03-26T14:13:50.981928+00:00,8.262003,1774534430981927800,0.547307,0.510839,-0.081965,0.799930,-0.043849,-0.590012,-0.101391,0.564457,0.027315,-0.381310,0.414579,-0.725570,-0.317873,0.447961,0.674310,-0.020767,0.064233,0.432403,0.170599,-0.406633,-0.787755
2026-03-26T14:13:50.998946+00:00,8.279021,1774534430998945900,0.547567,0.510912,-0.081226,0.799161,-0.043493,-0.590975,-0.101394,0.565664,0.027852,-0.380590,0.414497,-0.725291,-0.319328,0.446689,0.674195,-0.020575,0.064453,0.433432,0.169358,-0.406843,-0.785570
2026-03-26T14:13:51.015891+00:00,8.295966,1774534431015890600,0.547804,0.510944,-0.080570,0.798779,-0.043238,-0.591407,-0.101372,0.566744,0.028350,-0.379974,0.414459,-0.724641,-0.320280,0.445335,0.674141,-0.020437,0.064665,0.433467,0.168961,-0.408706,-0.785889
2026-03-26T14:13:51.032974+00:00,8.313050,1774534431032974700,0.548088,0.510986,-0.080038,0.798101,-0.043073,-0.592234,-0.101369,0.567538,0.028549,-0.379670,0.413893,-0.725458,-0.321958,0.445480,0.673934,-0.020313,0.065008,0.434511,0.168152,-0.409838,-0.784020
2026-03-26T14:13:51.049988+00:00,8.330063,1774534431049987700,0.548372,0.511012,-0.079615,0.797675,-0.043079,-0.592991,-0.101298,0.568557,0.029013,-0.379132,0.413572,-0.725567,-0.322789,0.445284,0.673842,-0.020179,0.065124,0.434995,0.167586,-0.412077,-0.783522
2026-03-26T14:13:51.067046+00:00,8.347121,1774534431067045900,0.548689,0.511060,-0.079314,0.797321,-0.043055,-0.593389,-0.101122,0.569408,0.029263,-0.378794,0.413245,-0.725698,-0.323583,0.445094,0.673603,-0.020091,0.065469,0.436281,0.166634,-0.413411,-0.781147
2026-03-26T14:13:51.084196+00:00,8.364272,1774534431084196100,0.549021,0.511087,-0.079090,0.797017,-0.043096,-0.593718,-0.100904,0.570190,0.029380,-0.378547,0.412604,-0.726855,-0.323821,0.445215,0.673532,-0.020144,0.065770,0.436795,0.166118,-0.413878,-0.780488
2026-03-26T14:13:51.101209+00:00,8.381284,1774534431101208700,0.549414,0.511086,-0.078982,0.796674,-0.043239,-0.594454,-0.100784,0.570844,0.029422,-0.378407,0.412815,-0.725583,-0.323176,0.444167,0.673530,-0.020364,0.066182,0.436030,0.165837,-0.414564,-0.781488
2026-03-26T14:13:51.118335+00:00,8.398411,1774534431118335100,0.549771,0.511109,-0.078792,0.796455,-0.043427,-0.594644,-0.100943,0.571453,0.029532,-0.378274,0.411586,-0.727677,-0.323721,0.445102,0.673731,-0.020543,0.066657,0.433098,0.166351,-0.414860,-0.783106
2026-03-26T14:13:51.135198+00:00,8.415274,1774534431135198300,0.550167,0.511076,-0.078704,0.796398,-0.043745,-0.594696,-0.101103,0.571907,0.029493,-0.378183,0.411874,-0.727000,-0.323040,0.444372,0.673793,-0.020921,0.067068,0.432356,0.166247,-0.415234,-0.782205
2026-03-26T14:13:51.152316+00:00,8.432391,1774534431152315600,0.550622,0.511007,-0.078654,0.795963,-0.044174,-0.595159,-0.101195,0.572271,0.029402,-0.378118,0.411737,-0.727497,-0.323250,0.444642,0.673854,-0.021203,0.067433,0.431764,0.166099,-0.415957,-0.781997
2026-03-26T14:13:51.169506+00:00,8.449581,1774534431169505700,0.551035,0.510928,-0.078649,0.795935,-0.044580,-0.595181,-0.101162,0.572540,0.029288,-0.378040,0.411880,-0.727475,-0.323185,0.444591,0.673997,-0.021445,0.067756,0.430985,0.166627,-0.416941,-0.782543
2026-03-26T14:13:51.186633+00:00,8.466708,1774534431186632800,0.551458,0.510883,-0.078812,0.795882,-0.044934,-0.595254,-0.100997,0.572774,0.029155,-0.377971,0.412229,-0.727408,-0.323101,0.444437,0.674069,-0.021667,0.068138,0.430467,0.166951,-0.417507,-0.782456
2026-03-26T14:13:51.203993+00:00,8.484068,1774534431203992700,0.551839,0.510801,-0.078804,0.795910,-0.045280,-0.595213,-0.100890,0.572946,0.028991,-0.377956,0.412555,-0.727661,-0.322699,0.444405,0.674243,-0.021743,0.068325,0.430161,0.167905,-0.418894,-0.781636
2026-03-26T14:13:51.220883+00:00,8.500958,1774534431220882900,0.552227,0.510738,-0.079027,0.796260,-0.045683,-0.594824,-0.100907,0.573090,0.028812,-0.377947,0.412991,-0.726903,-0.322067,0.443647,0.674393,-0.021748,0.068341,0.430882,0.167722,-0.420837,-0.780213
2026-03-26T14:13:51.237998+00:00,8.518074,1774534431237998100,0.552647,0.510670,-0.079288,0.796349,-0.046157,-0.594675,-0.100918,0.573190,0.028591,-0.377957,0.412790,-0.728205,-0.321911,0.443900,0.674602,-0.021750,0.068230,0.432243,0.166317,-0.422818,-0.778084
2026-03-26T14:13:51.255036+00:00,8.535112,1774534431255036300,0.552998,0.510588,-0.079482,0.796715,-0.046568,-0.593908,-0.100783,0.573264,0.028368,-0.377986,0.413227,-0.727911,-0.321278,0.443817,0.674911,-0.021698,0.068079,0.432904,0.165096,-0.424892,-0.777960
2026-03-26T14:13:51.272079+00:00,8.552154,1774534431272078600,0.553408,0.510506,-0.079730,0.796682,-0.046966,-0.593923,-0.100899,0.573292,0.028146,-0.378091,0.413665,-0.727638,-0.320581,0.443749,0.675168,-0.021573,0.067998,0.433382,0.164126,-0.425858,-0.777824
2026-03-26T14:13:51.289068+00:00,8.569143,1774534431289067800,0.553737,0.510403,-0.079904,0.796862,-0.047438,-0.593786,-0.100785,0.573317,0.027918,-0.378288,0.413916,-0.727639,-0.320127,0.443816,0.675609,-0.021496,0.067893,0.433487,0.163723,-0.424940,-0.777091
2026-03-26T14:13:51.306136+00:00,8.586212,1774534431306136400,0.554090,0.510308,-0.080080,0.796859,-0.047816,-0.593778,-0.100768,0.573331,0.027696,-0.378533,0.414053,-0.727855,-0.319712,0.444213,0.675971,-0.021438,0.067723,0.432828,0.163834,-0.424367,-0.778377
2026-03-26T14:13:51.323214+00:00,8.603290,1774534431323214300,0.554428,0.510231,-0.080228,0.797211,-0.048108,-0.593019,-0.100778,0.573338,0.027517,-0.378823,0.414333,-0.727545,-0.319007,0.444119,0.676238,-0.021402,0.067568,0.432988,0.163398,-0.422924,-0.778166
2026-03-26T14:13:51.340211+00:00,8.620287,1774534431340211300,0.554776,0.510126,-0.080378,0.797186,-0.048371,-0.593397,-0.100967,0.573363,0.027354,-0.379118,0.414299,-0.727924,-0.318616,0.444731,0.676608,-0.021395,0.067281,0.432877,0.162630,-0.422567,-0.778885
2026-03-26T14:13:51.357227+00:00,8.637302,1774534431357226500,0.555123,0.510031,-0.080475,0.797158,-0.048633,-0.593413,-0.101104,0.573380,0.027243,-0.379443,0.414405,-0.728198,-0.318187,0.445080,0.676943,-0.021372,0.066940,0.433124,0.161701,-0.422454,-0.778671
2026-03-26T14:13:51.374149+00:00,8.654224,1774534431374148700,0.555417,0.509924,-0.080553,0.797109,-0.048914,-0.593450,-0.101359,0.573407,0.027164,-0.379732,0.414759,-0.727553,-0.318088,0.445478,0.677265,-0.021384,0.066561,0.433269,0.160891,-0.423235,-0.778727
2026-03-26T14:13:51.391188+00:00,8.671264,1774534431391188100,0.555699,0.509836,-0.080586,0.797059,-0.049112,-0.593124,-0.101558,0.573382,0.027122,-0.380053,0.415290,-0.726562,-0.317626,0.445704,0.677488,-0.021392,0.066196,0.434204,0.160351,-0.424247,-0.777308
2026-03-26T14:13:51.408258+00:00,8.688333,1774534431408257800,0.555948,0.509750,-0.080649,0.797026,-0.049309,-0.593152,-0.101681,0.573332,0.027108,-0.380315,0.415374,-0.725924,-0.317561,0.446410,0.677645,-0.021253,0.065804,0.434062,0.160372,-0.426575,-0.778309
2026-03-26T14:13:51.425481+00:00,8.705556,1774534431425480800,0.556153,0.509699,-0.080714,0.797031,-0.049429,-0.593147,-0.101647,0.573255,0.027104,-0.380594,0.415034,-0.726492,-0.317568,0.447310,0.677630,-0.021241,0.065672,0.436228,0.159560,-0.426641,-0.775263
2026-03-26T14:13:51.443000+00:00,8.723075,1774534431442999600,0.556310,0.509688,-0.080784,0.797051,-0.049464,-0.593134,-0.101533,0.573217,0.027113,-0.380829,0.415361,-0.725410,-0.317315,0.447482,0.677897,-0.020926,0.065164,0.437464,0.159013,-0.427276,-0.774383
2026-03-26T14:13:51.459552+00:00,8.739628,1774534431459552200,0.556434,0.509691,-0.080851,0.797098,-0.049458,-0.593092,-0.101266,0.573187,0.027113,-0.381068,0.414838,-0.726308,-0.317708,0.448580,0.678140,-0.020847,0.064807,0.437767,0.158443,-0.427813,-0.774905
2026-03-26T14:13:51.476620+00:00,8.756696,1774534431476620500,0.556542,0.509635,-0.080964,0.797072,-0.049471,-0.593491,-0.101196,0.573158,0.027116,-0.381252,0.415097,-0.725498,-0.317313,0.448821,0.678502,-0.020860,0.064529,0.437357,0.157475,-0.427220,-0.775533
2026-03-26T14:13:51.493654+00:00,8.773729,1774534431493653700,0.556649,0.509643,-0.081053,0.797096,-0.049511,-0.593459,-0.101187,0.573144,0.027144,-0.381434,0.415429,-0.724006,-0.316866,0.448716,0.678844,-0.020964,0.064389,0.436545,0.156910,-0.426969,-0.775560
2026-03-26T14:13:51.510685+00:00,8.790760,1774534431510684800,0.556746,0.509647,-0.081125,0.797092,-0.049585,-0.593462,-0.101172,0.573166,0.027145,-0.381545,0.414908,-0.724894,-0.317257,0.449834,0.679165,-0.021238,0.064294,0.435867,0.156644,-0.426796,-0.775620
2026-03-26T14:13:51.527602+00:00,8.807678,1774534431527602400,0.556843,0.509633,-0.081193,0.797110,-0.049704,-0.593439,-0.101086,0.573165,0.027157,-0.381649,0.414892,-0.724454,-0.317073,0.449605,0.679433,-0.021549,0.064197,0.435218,0.156559,-0.427350,-0.776986
2026-03-26T14:13:51.544729+00:00,8.824804,1774534431544728500,0.556947,0.509644,-0.081260,0.797097,-0.049774,-0.593469,-0.100944,0.573219,0.027145,-0.381704,0.414883,-0.724456,-0.317071,0.449612,0.679725,-0.021900,0.064134,0.435120,0.156407,-0.428005,-0.777661
2026-03-26T14:13:51.561564+00:00,8.841639,1774534431561563800,0.557039,0.509656,-0.081293,0.797107,-0.049807,-0.593100,-0.100758,0.573276,0.027139,-0.381711,0.415075,-0.724135,-0.316674,0.449405,0.680050,-0.022374,0.064137,0.435092,0.155833,-0.427641,-0.777092
2026-03-26T14:13:51.578651+00:00,8.858727,1774534431578651000,0.557139,0.509646,-0.081370,0.797124,-0.049917,-0.593080,-0.100639,0.573395,0.027127,-0.381690,0.414403,-0.725805,-0.316930,0.450114,0.680468,-0.022951,0.064183,0.434641,0.155111,-0.427612,-0.776487
2026-03-26T14:13:51.595691+00:00,8.875766,1774534431595690900,0.557238,0.509633,-0.081432,0.797131,-0.050011,-0.593068,-0.100602,0.573718,0.027028,-0.381688,0.414647,-0.725350,-0.316731,0.449585,0.681063,-0.023710,0.064245,0.433466,0.154473,-0.428244,-0.777304
2026-03-26T14:13:51.612725+00:00,8.892801,1774534431612725400,0.557362,0.509621,-0.081512,0.797124,-0.050111,-0.593077,-0.100541,0.573916,0.026925,-0.381666,0.414884,-0.724482,-0.316351,0.448775,0.681823,-0.024518,0.064474,0.432415,0.153644,-0.429341,-0.778330
2026-03-26T14:13:51.629904+00:00,8.909979,1774534431629903600,0.557504,0.509609,-0.081585,0.797090,-0.050203,-0.593107,-0.100649,0.574105,0.026832,-0.381597,0.414190,-0.725758,-0.316427,0.449185,0.682756,-0.025350,0.065064,0.431778,0.152657,-0.430215,-0.777646
2026-03-26T14:13:51.647291+00:00,8.927367,1774534431647291100,0.557667,0.509596,-0.081649,0.797013,-0.050312,-0.593196,-0.100745,0.574278,0.026769,-0.381432,0.414436,-0.724881,-0.316069,0.448362,0.683854,-0.026191,0.066079,0.430367,0.152522,-0.432089,-0.777468
2026-03-26T14:13:51.664383+00:00,8.944459,1774534431664383200,0.557850,0.509608,-0.081657,0.796625,-0.050456,-0.593636,-0.100632,0.574424,0.026717,-0.381234,0.414280,-0.725690,-0.316481,0.448014,0.684892,-0.026921,0.067527,0.429558,0.153810,-0.434264,-0.776412
2026-03-26T14:13:51.681550+00:00,8.961626,1774534431681550300,0.558048,0.509584,-0.081679,0.795854,-0.050520,-0.594758,-0.100499,0.574558,0.026660,-0.380988,0.413937,-0.726607,-0.316818,0.447728,0.685842,-0.027251,0.069290,0.429634,0.155690,-0.437004,-0.773687
2026-03-26T14:13:51.698605+00:00,8.978680,1774534431698604900,0.558248,0.509562,-0.081660,0.795107,-0.050658,-0.595957,-0.100211,0.574622,0.026653,-0.380756,0.414018,-0.726970,-0.317217,0.447529,0.687240,-0.027760,0.071460,0.428574,0.157873,-0.440727,-0.773036
2026-03-26T14:13:51.715513+00:00,8.995589,1774534431715513400,0.558479,0.509540,-0.081564,0.793980,-0.050861,-0.597571,-0.099889,0.574655,0.026688,-0.380576,0.414771,-0.725730,-0.317148,0.446996,0.688771,-0.028083,0.073827,0.428351,0.159722,-0.443526,-0.770417
2026-03-26T14:13:51.732527+00:00,9.012603,1774534431732527200,0.558733,0.509517,-0.081357,0.792813,-0.051032,-0.599221,-0.099756,0.574662,0.026744,-0.380449,0.414353,-0.726512,-0.317771,0.447683,0.690515,-0.028266,0.076444,0.427795,0.161695,-0.446305,-0.769555
2026-03-26T14:13:51.749526+00:00,9.029601,1774534431749525400,0.558983,0.509506,-0.081072,0.791985,-0.051151,-0.600126,-0.099795,0.574542,0.026792,-0.380373,0.414090,-0.726523,-0.317839,0.447949,0.692501,-0.028446,0.079456,0.428094,0.163315,-0.448423,-0.766437
2026-03-26T14:13:51.766599+00:00,9.046675,1774534431766599100,0.559294,0.509472,-0.080774,0.790767,-0.051252,-0.601806,-0.100096,0.574348,0.026806,-0.380358,0.413996,-0.726641,-0.317673,0.448308,0.694803,-0.028569,0.082595,0.427640,0.165119,-0.452397,-0.764464
2026-03-26T14:13:51.783636+00:00,9.063712,1774534431783636200,0.559581,0.509433,-0.080474,0.789912,-0.051318,-0.602715,-0.100478,0.574139,0.026826,-0.380360,0.414096,-0.726017,-0.316899,0.448192,0.697243,-0.028637,0.085975,0.427456,0.166757,-0.457699,-0.761786
2026-03-26T14:13:51.800347+00:00,9.080423,1774534431800347400,0.559857,0.509355,-0.080195,0.789110,-0.051443,-0.603547,-0.100957,0.573943,0.026767,-0.380506,0.413999,-0.726192,-0.316439,0.448670,0.699954,-0.028689,0.089372,0.428553,0.167652,-0.463714,-0.757519
2026-03-26T14:13:51.817509+00:00,9.097584,1774534431817508900,0.560099,0.509234,-0.079951,0.788237,-0.051719,-0.604467,-0.101373,0.573694,0.026735,-0.380720,0.414132,-0.725962,-0.316091,0.448681,0.702930,-0.028697,0.093100,0.430490,0.168180,-0.469772,-0.751495
2026-03-26T14:13:51.834506+00:00,9.114582,1774534431834506300,0.560333,0.509084,-0.079765,0.787355,-0.052112,-0.605778,-0.101770,0.573411,0.026628,-0.381066,0.413986,-0.726650,-0.315908,0.449618,0.706071,-0.028517,0.097001,0.431411,0.169640,-0.477494,-0.747579
2026-03-26T14:13:51.851609+00:00,9.131685,1774534431851609300,0.560499,0.508957,-0.079557,0.786471,-0.052483,-0.606730,-0.101882,0.573041,0.026551,-0.381426,0.415200,-0.724590,-0.314888,0.449002,0.709321,-0.028317,0.101337,0.433606,0.171337,-0.483007,-0.740621
2026-03-26T14:13:51.868652+00:00,9.148728,1774534431868652100,0.560675,0.508827,-0.079369,0.785373,-0.052894,-0.608104,-0.101858,0.572663,0.026474,-0.381825,0.415454,-0.724181,-0.314729,0.449798,0.712812,-0.028197,0.105993,0.434876,0.174167,-0.488527,-0.735863
2026-03-26T14:13:51.885618+00:00,9.165693,1774534431885617600,0.560836,0.508723,-0.079227,0.784535,-0.053409,-0.609392,-0.101697,0.572223,0.026436,-0.382271,0.415553,-0.724548,-0.314476,0.450727,0.716456,-0.028157,0.110596,0.436192,0.176527,-0.494010,-0.730144
2026-03-26T14:13:51.902653+00:00,9.182728,1774534431902652700,0.560987,0.508634,-0.079063,0.783675,-0.053935,-0.610397,-0.101543,0.571752,0.026414,-0.382702,0.415820,-0.724169,-0.314038,0.451396,0.720341,-0.028213,0.115251,0.437615,0.179005,-0.500077,-0.725301
2026-03-26T14:13:51.919859+00:00,9.199934,1774534431919858700,0.561111,0.508555,-0.078891,0.782792,-0.054455,-0.611271,-0.101533,0.571245,0.026388,-0.383134,0.415412,-0.724758,-0.314004,0.452753,0.724675,-0.028377,0.120153,0.439458,0.180961,-0.505147,-0.720211
2026-03-26T14:13:51.936797+00:00,9.216873,1774534431936797100,0.561239,0.508403,-0.078742,0.781952,-0.054935,-0.612588,-0.101822,0.570729,0.026378,-0.383548,0.415836,-0.723508,-0.313174,0.453084,0.729394,-0.028595,0.124969,0.440475,0.181848,-0.508562,-0.716608
2026-03-26T14:13:51.953725+00:00,9.233801,1774534431953725400,0.561333,0.508271,-0.078538,0.781100,-0.055347,-0.613478,-0.102038,0.570240,0.026362,-0.383916,0.416071,-0.722615,-0.312754,0.453557,0.734871,-0.029214,0.129909,0.439975,0.181927,-0.512918,-0.714154
2026-03-26T14:13:51.970838+00:00,9.250913,1774534431970837600,0.561400,0.508171,-0.078374,0.780691,-0.055586,-0.613917,-0.102019,0.569818,0.026333,-0.384240,0.415470,-0.724097,-0.313136,0.455255,0.741055,-0.030071,0.134737,0.437883,0.180424,-0.516879,-0.713180
2026-03-26T14:13:51.987846+00:00,9.267922,1774534431987846100,0.561467,0.508090,-0.078214,0.780176,-0.055809,-0.614804,-0.101784,0.569443,0.026316,-0.384544,0.416308,-0.722436,-0.312231,0.454668,0.748399,-0.031351,0.139420,0.434354,0.176157,-0.520672,-0.713582
2026-03-26T14:13:52.004968+00:00,9.285043,1774534432004967600,0.561531,0.508061,-0.078057,0.779603,-0.055954,-0.615454,-0.101642,0.569098,0.026326,-0.384772,0.416505,-0.722791,-0.312271,0.454961,0.756535,-0.033105,0.143859,0.429494,0.169801,-0.523863,-0.715358
2026-03-26T14:13:52.022001+00:00,9.302076,1774534432022000700,0.561552,0.508013,-0.077890,0.779542,-0.056121,-0.615507,-0.101748,0.568741,0.026317,-0.384945,0.416715,-0.722860,-0.312103,0.455041,0.765673,-0.035452,0.148290,0.421956,0.162952,-0.528325,-0.720138
2026-03-26T14:13:52.039246+00:00,9.319321,1774534432039245600,0.561582,0.507931,-0.077690,0.779070,-0.056360,-0.615976,-0.102068,0.568432,0.026286,-0.385109,0.417316,-0.722121,-0.312055,0.455297,0.775457,-0.038374,0.152478,0.413856,0.153608,-0.529755,-0.723510
2026-03-26T14:13:52.056247+00:00,9.336323,1774534432056247300,0.561626,0.507813,-0.077482,0.778519,-0.056742,-0.616509,-0.102616,0.568088,0.026386,-0.385247,0.417410,-0.721876,-0.312039,0.455682,0.786205,-0.041843,0.156164,0.401891,0.141848,-0.533594,-0.730578
2026-03-26T14:13:52.073402+00:00,9.353477,1774534432073401800,0.561565,0.507649,-0.077274,0.778038,-0.057153,-0.617016,-0.102986,0.567952,0.026211,-0.385268,0.417376,-0.721792,-0.311644,0.456116,0.796750,-0.045319,0.159760,0.390428,0.129977,-0.536791,-0.736640
2026-03-26T14:13:52.090453+00:00,9.370528,1774534432090452900,0.561630,0.507546,-0.077040,0.777629,-0.057425,-0.617415,-0.102838,0.567788,0.026176,-0.385337,0.417144,-0.721902,-0.310936,0.456181,0.808372,-0.048714,0.162667,0.376841,0.116315,-0.540291,-0.744782
2026-03-26T14:13:52.107373+00:00,9.387448,1774534432107372800,0.561528,0.507496,-0.076860,0.777226,-0.057541,-0.618235,-0.102759,0.567735,0.025967,-0.385343,0.417232,-0.721741,-0.310296,0.455140,0.818668,-0.051685,0.166100,0.369279,0.109401,-0.540946,-0.746201
2026-03-26T14:13:52.124447+00:00,9.404523,1774534432124447300,0.561379,0.507491,-0.076648,0.776830,-0.057441,-0.618665,-0.102613,0.567927,0.025817,-0.385313,0.416247,-0.723940,-0.310722,0.455092,0.827907,-0.054100,0.169172,0.363598,0.107739,-0.545667,-0.747825
2026-03-26T14:13:52.141393+00:00,9.421469,1774534432141393200,0.561233,0.507490,-0.076460,0.776449,-0.057429,-0.619082,-0.102334,0.568193,0.025724,-0.385128,0.416231,-0.724885,-0.311089,0.454270,0.836640,-0.056011,0.171809,0.361901,0.107944,-0.550777,-0.744818
2026-03-26T14:13:52.158400+00:00,9.438476,1774534432158400200,0.561096,0.507472,-0.076328,0.776088,-0.057560,-0.619867,-0.101984,0.568421,0.025698,-0.384785,0.416850,-0.724297,-0.311050,0.453042,0.846215,-0.057995,0.174120,0.359475,0.104529,-0.556171,-0.744131
2026-03-26T14:13:52.175202+00:00,9.455278,1774534432175202000,0.560990,0.507474,-0.076182,0.776146,-0.057741,-0.619428,-0.101416,0.568588,0.025685,-0.384362,0.417631,-0.723358,-0.311364,0.452474,0.856323,-0.060283,0.175768,0.354499,0.095857,-0.558018,-0.745098
2026-03-26T14:13:52.192331+00:00,9.472407,1774534432192331300,0.560972,0.507458,-0.076085,0.775792,-0.057957,-0.620199,-0.101085,0.568698,0.025783,-0.383874,0.417763,-0.723142,-0.311874,0.451988,0.867238,-0.062688,0.177427,0.345758,0.085160,-0.559253,-0.748089
2026-03-26T14:13:52.209330+00:00,9.489406,1774534432209330500,0.560967,0.507478,-0.075993,0.775856,-0.058061,-0.620146,-0.100666,0.568832,0.025915,-0.383425,0.417496,-0.723462,-0.312357,0.451826,0.877391,-0.064862,0.178447,0.335523,0.076493,-0.563319,-0.751943
2026-03-26T14:13:52.226475+00:00,9.506551,1774534432226475100,0.560988,0.507531,-0.075873,0.775948,-0.058031,-0.620065,-0.100181,0.568962,0.026087,-0.382942,0.416399,-0.724886,-0.313149,0.452029,0.887352,-0.066885,0.179170,0.328004,0.068807,-0.567252,-0.753278
2026-03-26T14:13:52.243498+00:00,9.523573,1774534432243497700,0.560846,0.507642,-0.075793,0.776294,-0.058062,-0.619729,-0.099718,0.569118,0.026274,-0.382507,0.416093,-0.725349,-0.313643,0.451744,0.897022,-0.069084,0.179072,0.324149,0.059459,-0.567506,-0.753460
2026-03-26T14:13:52.260452+00:00,9.540528,1774534432260452100,0.561061,0.507710,-0.075694,0.776333,-0.058271,-0.619704,-0.099735,0.569190,0.026512,-0.382086,0.416750,-0.723651,-0.313588,0.450620,0.906661,-0.071622,0.178864,0.318412,0.048885,-0.569380,-0.757212
2026-03-26T14:13:52.277568+00:00,9.557644,1774534432277568000,0.561363,0.507606,-0.075502,0.776254,-0.058721,-0.619720,-0.100230,0.569216,0.026693,-0.381652,0.417214,-0.723200,-0.314141,0.450570,0.915961,-0.073890,0.178374,0.313587,0.039170,-0.571259,-0.756970
2026-03-26T14:13:52.294491+00:00,9.574567,1774534432294491400,0.561682,0.507525,-0.075285,0.776130,-0.059197,-0.619849,-0.100923,0.569234,0.026750,-0.381434,0.417647,-0.722824,-0.314513,0.450908,0.924500,-0.075962,0.177241,0.309905,0.031377,-0.575630,-0.753450
2026-03-26T14:13:52.312332+00:00,9.592407,1774534432312331700,0.562003,0.507333,-0.075037,0.776048,-0.059592,-0.619482,-0.101284,0.569222,0.026753,-0.381153,0.417699,-0.722761,-0.314550,0.450936,0.932836,-0.078084,0.175687,0.305468,0.024488,-0.584772,-0.752091
2026-03-26T14:13:52.328477+00:00,9.608553,1774534432328477500,0.562319,0.507177,-0.074888,0.776043,-0.059928,-0.619869,-0.101430,0.569217,0.026751,-0.380803,0.417227,-0.724070,-0.314421,0.451461,0.940241,-0.080331,0.174207,0.301994,0.017370,-0.589112,-0.747522
2026-03-26T14:13:52.345481+00:00,9.625556,1774534432345480600,0.562624,0.507077,-0.074735,0.776448,-0.060161,-0.619040,-0.101379,0.569222,0.026723,-0.380640,0.417172,-0.723818,-0.313294,0.450698,0.947942,-0.083271,0.172607,0.295234,0.008277,-0.594592,-0.747590
2026-03-26T14:13:52.362474+00:00,9.642550,1774534432362474100,0.562922,0.506964,-0.074585,0.776813,-0.060496,-0.618238,-0.101527,0.569288,0.026525,-0.380551,0.416566,-0.725891,-0.312982,0.450868,0.955598,-0.086904,0.170948,0.285767,-0.003032,-0.598865,-0.748233
2026-03-26T14:13:52.379540+00:00,9.659616,1774534432379540600,0.563310,0.506772,-0.074486,0.776747,-0.061040,-0.618657,-0.101931,0.569313,0.026351,-0.380501,0.417174,-0.724884,-0.311836,0.450304,0.963026,-0.091112,0.169147,0.274308,-0.016199,-0.603539,-0.748870
2026-03-26T14:13:52.396636+00:00,9.676712,1774534432396636300,0.563632,0.506587,-0.074304,0.777032,-0.061477,-0.617937,-0.102432,0.569294,0.026182,-0.380457,0.417423,-0.725342,-0.311836,0.450679,0.970002,-0.095425,0.167215,0.263643,-0.028995,-0.608044,-0.748631
2026-03-26T14:13:52.413589+00:00,9.693664,1774534432413588400,0.563995,0.506435,-0.074123,0.776942,-0.061693,-0.618013,-0.102969,0.569274,0.026048,-0.380437,0.418235,-0.724350,-0.311364,0.450631,0.976167,-0.099298,0.165122,0.256695,-0.039921,-0.610374,-0.745879
2026-03-26T14:13:52.430988+00:00,9.711064,1774534432430988300,0.564287,0.506292,-0.073884,0.777106,-0.061478,-0.617897,-0.103366,0.569332,0.026040,-0.380370,0.418668,-0.724378,-0.310847,0.450568,0.981267,-0.102318,0.162769,0.254838,-0.047049,-0.614660,-0.739245
2026-03-26T14:13:52.447866+00:00,9.727942,1774534432447866100,0.564576,0.506246,-0.073668,0.777511,-0.061030,-0.617471,-0.103501,0.569026,0.025929,-0.380348,0.419035,-0.723816,-0.310049,0.450103,0.985723,-0.104696,0.160234,0.252578,-0.053605,-0.625688,-0.736943
2026-03-26T14:13:52.464886+00:00,9.744961,1774534432464885900,0.564896,0.506265,-0.073519,0.777965,-0.060545,-0.616614,-0.103343,0.568687,0.025785,-0.380379,0.418835,-0.724657,-0.309756,0.450922,0.989453,-0.106998,0.157871,0.252944,-0.059486,-0.630022,-0.726050
2026-03-26T14:13:52.482038+00:00,9.762113,1774534432482037500,0.565296,0.506282,-0.073457,0.778393,-0.060237,-0.616181,-0.103203,0.568231,0.025732,-0.380523,0.419457,-0.723989,-0.309014,0.451099,0.993018,-0.109592,0.155378,0.250476,-0.067232,-0.637369,-0.720744
2026-03-26T14:13:52.499237+00:00,9.779312,1774534432499236700,0.565769,0.506280,-0.073470,0.778426,-0.060165,-0.616536,-0.103249,0.567652,0.025713,-0.380742,0.419438,-0.724389,-0.309130,0.452651,0.996568,-0.112816,0.153094,0.244375,-0.077325,-0.645480,-0.721109
2026-03-26T14:13:52.516105+00:00,9.796181,1774534432516105200,0.566261,0.506279,-0.073458,0.778803,-0.060344,-0.615740,-0.103318,0.566958,0.025707,-0.381031,0.420548,-0.722769,-0.308654,0.453069,0.999808,-0.116015,0.150924,0.239427,-0.085912,-0.647327,-0.717114
2026-03-26T14:13:52.533306+00:00,9.813382,1774534432533306000,0.566775,0.506214,-0.073505,0.779155,-0.060751,-0.615341,-0.103603,0.566230,0.025726,-0.381427,0.421084,-0.721910,-0.308192,0.454326,1.002687,-0.119131,0.149014,0.233552,-0.093605,-0.654352,-0.718696
2026-03-26T14:13:52.550265+00:00,9.830340,1774534432550264900,0.567258,0.506112,-0.073648,0.779697,-0.061182,-0.614288,-0.103805,0.565479,0.025705,-0.381874,0.421223,-0.721988,-0.307863,0.455790,1.004959,-0.121609,0.147147,0.232937,-0.098454,-0.652868,-0.709398
2026-03-26T14:13:52.567494+00:00,9.847570,1774534432567494200,0.567760,0.506003,-0.073873,0.780125,-0.061532,-0.613816,-0.103937,0.564742,0.025685,-0.382439,0.422120,-0.720299,-0.306744,0.456685,1.006895,-0.123631,0.145263,0.231156,-0.103492,-0.660390,-0.705469
2026-03-26T14:13:52.584335+00:00,9.864410,1774534432584334800,0.568235,0.505928,-0.074177,0.780545,-0.061873,-0.613376,-0.103818,0.564043,0.025649,-0.383049,0.422407,-0.720225,-0.305819,0.458291,1.008539,-0.125436,0.143640,0.230845,-0.107346,-0.666126,-0.696313
2026-03-26T14:13:52.601453+00:00,9.881528,1774534432601452800,0.568663,0.505876,-0.074478,0.781201,-0.062220,-0.612412,-0.103499,0.563348,0.025578,-0.383735,0.422777,-0.719984,-0.304704,0.459544,1.010196,-0.127294,0.141884,0.228062,-0.112169,-0.675223,-0.692753
2026-03-26T14:13:52.618626+00:00,9.898702,1774534432618626100,0.569083,0.505825,-0.074822,0.782014,-0.062639,-0.611540,-0.103308,0.562709,0.025363,-0.384453,0.424032,-0.718157,-0.303063,0.460336,1.011785,-0.129299,0.140336,0.226152,-0.116244,-0.678932,-0.686906
2026-03-26T14:13:52.635777+00:00,9.915852,1774534432635776400,0.569541,0.505760,-0.075135,0.782417,-0.062988,-0.611097,-0.103297,0.562092,0.025141,-0.385156,0.424627,-0.717568,-0.301549,0.461481,1.013265,-0.131474,0.139180,0.223746,-0.120872,-0.681075,-0.684099
2026-03-26T14:13:52.652637+00:00,9.932712,1774534432652636300,0.569994,0.505689,-0.075365,0.783188,-0.063172,-0.609876,-0.103395,0.561503,0.024902,-0.385849,0.425346,-0.716778,-0.300108,0.462418,1.014572,-0.133809,0.138064,0.221037,-0.125475,-0.681199,-0.682572
2026-03-26T14:13:52.669660+00:00,9.949735,1774534432669659800,0.570468,0.505602,-0.075580,0.783531,-0.063307,-0.609497,-0.103661,0.560969,0.024700,-0.386496,0.424747,-0.717827,-0.299455,0.464444,1.015788,-0.136173,0.137321,0.217023,-0.129471,-0.682240,-0.684209
2026-03-26T14:13:52.686586+00:00,9.966662,1774534432686586300,0.570916,0.505547,-0.075770,0.784300,-0.063353,-0.608285,-0.103755,0.560461,0.024513,-0.387066,0.425013,-0.717271,-0.298612,0.465490,1.016745,-0.138564,0.136592,0.213305,-0.132699,-0.682528,-0.683913
2026-03-26T14:13:52.703593+00:00,9.983669,1774534432703593000,0.571387,0.505478,-0.075958,0.784688,-0.063424,-0.607860,-0.103848,0.559988,0.024402,-0.387546,0.425547,-0.716275,-0.297617,0.465973,1.017702,-0.140737,0.136034,0.209186,-0.136014,-0.685624,-0.686060
2026-03-26T14:13:52.721725+00:00,10.001800,1774534432721724800,0.571915,0.505382,-0.076120,0.784892,-0.063514,-0.607671,-0.104151,0.559549,0.024323,-0.387950,0.425974,-0.715933,-0.297154,0.466932,1.018436,-0.142767,0.135313,0.208174,-0.138523,-0.682754,-0.680651
2026-03-26T14:13:52.738824+00:00,10.018900,1774534432738824100,0.572404,0.505266,-0.076239,0.785234,-0.063733,-0.606903,-0.104433,0.559208,0.024266,-0.388275,0.426478,-0.715870,-0.297086,0.467752,1.019080,-0.144627,0.134699,0.206141,-0.141463,-0.684229,-0.678716
2026-03-26T14:13:52.755400+00:00,10.035475,1774534432755399700,0.572918,0.505096,-0.076392,0.785325,-0.064055,-0.607097,-0.104867,0.558933,0.024235,-0.388505,0.427210,-0.714996,-0.296680,0.467724,1.019718,-0.146428,0.134138,0.202269,-0.145200,-0.690936,-0.682439
2026-03-26T14:13:52.772590+00:00,10.052665,1774534432772589600,0.573409,0.504946,-0.076488,0.785667,-0.064348,-0.606319,-0.105169,0.558757,0.024210,-0.388682,0.427917,-0.714145,-0.296260,0.467702,1.020218,-0.148190,0.133660,0.200127,-0.146578,-0.689768,-0.679425
2026-03-26T14:13:52.789577+00:00,10.069652,1774534432789576700,0.573900,0.504790,-0.076592,0.786043,-0.064490,-0.605646,-0.105483,0.558602,0.024189,-0.388836,0.427966,-0.714997,-0.296215,0.468396,1.020539,-0.149720,0.133474,0.196663,-0.147988,-0.691101,-0.682804
2026-03-26T14:13:52.806592+00:00,10.086667,1774534432806591400,0.574381,0.504658,-0.076712,0.786381,-0.064665,-0.605251,-0.105912,0.558542,0.024150,-0.388936,0.428366,-0.714403,-0.295387,0.468085,1.020790,-0.151081,0.133371,0.193980,-0.148552,-0.689477,-0.680545
2026-03-26T14:13:52.823632+00:00,10.103708,1774534432823632400,0.574851,0.504575,-0.076797,0.786728,-0.064766,-0.604480,-0.106157,0.558581,0.024100,-0.388984,0.428404,-0.714448,-0.295218,0.468090,1.021038,-0.152139,0.133215,0.190273,-0.149026,-0.694528,-0.681936
2026-03-26T14:13:52.840633+00:00,10.120709,1774534432840633100,0.575318,0.504477,-0.076922,0.787082,-0.064955,-0.604077,-0.106451,0.558585,0.024063,-0.389034,0.428577,-0.714175,-0.294847,0.467897,1.021191,-0.152638,0.133212,0.190693,-0.147256,-0.690383,-0.672796
2026-03-26T14:13:52.857696+00:00,10.137771,1774534432857695700,0.575794,0.504360,-0.077004,0.787054,-0.065139,-0.604093,-0.106674,0.558633,0.024025,-0.389055,0.428868,-0.714134,-0.294824,0.467617,1.021320,-0.153120,0.133149,0.187749,-0.148338,-0.700507,-0.681161
2026-03-26T14:13:52.874679+00:00,10.154754,1774534432874678500,0.576251,0.504220,-0.077100,0.787400,-0.065423,-0.603686,-0.107041,0.558799,0.023990,-0.389070,0.429311,-0.714218,-0.294612,0.467438,1.021324,-0.153197,0.133263,0.189083,-0.144052,-0.691547,-0.675290
2026-03-26T14:13:52.891788+00:00,10.171863,1774534432891787600,0.576687,0.504089,-0.077117,0.787711,-0.065589,-0.602953,-0.107427,0.559004,0.023969,-0.389071,0.429298,-0.714641,-0.294770,0.467696,1.021495,-0.153055,0.133470,0.187802,-0.141624,-0.694635,-0.680135
2026-03-26T14:13:52.908937+00:00,10.189012,1774534432908936900,0.577151,0.503952,-0.077128,0.787658,-0.065728,-0.602982,-0.107836,0.559247,0.023963,-0.389064,0.429665,-0.713968,-0.294247,0.466957,1.021643,-0.153067,0.134013,0.185226,-0.140336,-0.697431,-0.685141
2026-03-26T14:13:52.925759+00:00,10.205835,1774534432925759000,0.577581,0.503843,-0.077129,0.787596,-0.065861,-0.603026,-0.108232,0.559530,0.023943,-0.389036,0.428920,-0.715266,-0.294829,0.467202,1.021675,-0.153205,0.134454,0.183852,-0.138812,-0.692550,-0.681446
2026-03-26T14:13:52.942977+00:00,10.223053,1774534432942977400,0.577997,0.503745,-0.077116,0.787547,-0.065935,-0.603065,-0.108500,0.559841,0.023939,-0.389003,0.429234,-0.714420,-0.294486,0.466349,1.021654,-0.153357,0.134811,0.182522,-0.138479,-0.689004,-0.679012
2026-03-26T14:13:52.961383+00:00,10.241459,1774534432961383200,0.578385,0.503661,-0.077013,0.787433,-0.066076,-0.603166,-0.108773,0.560207,0.023920,-0.388936,0.428799,-0.715798,-0.294845,0.466646,1.021597,-0.153553,0.134935,0.181131,-0.139760,-0.691408,-0.681638
2026-03-26T14:13:52.976809+00:00,10.256884,1774534432976808400,0.578724,0.503589,-0.076869,0.787007,-0.066187,-0.603610,-0.109228,0.560580,0.023903,-0.388858,0.429113,-0.715728,-0.294871,0.466359,1.021577,-0.153489,0.134919,0.179945,-0.141694,-0.698522,-0.688922
2026-03-26T14:13:52.993784+00:00,10.273860,1774534432993784400,0.579051,0.503486,-0.076633,0.786529,-0.066305,-0.604102,-0.109683,0.560973,0.023865,-0.388760,0.429827,-0.714953,-0.294712,0.465347,1.021564,-0.153547,0.134938,0.181177,-0.141684,-0.697501,-0.688164
2026-03-26T14:13:53.010839+00:00,10.290914,1774534433010838900,0.579340,0.503383,-0.076396,0.786216,-0.066342,-0.604408,-0.110118,0.561429,0.023852,-0.388625,0.429462,-0.716151,-0.295273,0.465331,1.021516,-0.153528,0.134946,0.181549,-0.141242,-0.697909,-0.688580
2026-03-26T14:13:53.027691+00:00,10.307766,1774534433027690700,0.579582,0.503307,-0.076175,0.785813,-0.066347,-0.604869,-0.110462,0.561778,0.023859,-0.388551,0.429844,-0.715157,-0.295123,0.464137,1.021304,-0.153473,0.134994,0.184151,-0.138282,-0.688037,-0.679350
2026-03-26T14:13:53.044834+00:00,10.324909,1774534433044833700,0.579765,0.503245,-0.075954,0.785738,-0.066276,-0.604909,-0.110521,0.562259,0.023843,-0.388519,0.429276,-0.716604,-0.295531,0.464421,1.021033,-0.153460,0.135026,0.183197,-0.138027,-0.692661,-0.684434
2026-03-26T14:13:53.061985+00:00,10.342061,1774534433061985400,0.579908,0.503225,-0.075786,0.785347,-0.066200,-0.605333,-0.110507,0.562911,0.023843,-0.388336,0.429350,-0.716077,-0.295539,0.463768,1.020799,-0.153451,0.135073,0.183884,-0.136934,-0.691170,-0.682924
2026-03-26T14:13:53.078962+00:00,10.359038,1774534433078962200,0.580034,0.503199,-0.075675,0.784975,-0.066173,-0.606107,-0.110566,0.563373,0.023832,-0.388149,0.428620,-0.717374,-0.296124,0.464018,1.020663,-0.153434,0.135062,0.184146,-0.137048,-0.692326,-0.684012
2026-03-26T14:13:53.095685+00:00,10.375760,1774534433095684600,0.580078,0.503184,-0.075548,0.784947,-0.066169,-0.606136,-0.110689,0.563794,0.023841,-0.388005,0.428708,-0.716815,-0.296140,0.463397,1.020541,-0.153410,0.135034,0.184158,-0.137542,-0.694652,-0.686231
2026-03-26T14:13:53.112782+00:00,10.392858,1774534433112782600,0.580133,0.503179,-0.075440,0.784569,-0.066093,-0.606544,-0.110662,0.564220,0.023853,-0.387864,0.428516,-0.716698,-0.296359,0.463306,1.020416,-0.153367,0.134992,0.184180,-0.137900,-0.696522,-0.687999
2026-03-26T14:13:53.130080+00:00,10.410156,1774534433130080600,0.580137,0.503193,-0.075375,0.784590,-0.065951,-0.606535,-0.110562,0.564631,0.023864,-0.387700,0.427614,-0.717870,-0.297135,0.463493,1.020181,-0.153268,0.134951,0.185963,-0.136930,-0.691187,-0.682108
2026-03-26T14:13:53.146921+00:00,10.426996,1774534433146920600,0.580132,0.503206,-0.075339,0.784630,-0.065799,-0.606503,-0.110427,0.565012,0.023895,-0.387555,0.427688,-0.717318,-0.297164,0.462862,1.020004,-0.152970,0.134742,0.185813,-0.137948,-0.694665,-0.684366
2026-03-26T14:13:53.163939+00:00,10.444014,1774534433163938900,0.580164,0.503201,-0.075341,0.784311,-0.065623,-0.607231,-0.110293,0.565363,0.023978,-0.387419,0.427598,-0.717039,-0.297578,0.462415,1.019728,-0.152464,0.134479,0.185954,-0.138822,-0.698726,-0.687146
2026-03-26T14:13:53.181158+00:00,10.461233,1774534433181157600,0.580154,0.503232,-0.075359,0.784375,-0.065299,-0.607161,-0.110282,0.565657,0.024135,-0.387290,0.427522,-0.716737,-0.298010,0.461980,1.019264,-0.151211,0.134170,0.190051,-0.136465,-0.691368,-0.676884
2026-03-26T14:13:53.198259+00:00,10.478335,1774534433198259500,0.580108,0.503259,-0.075279,0.784636,-0.064875,-0.606898,-0.110211,0.565854,0.024390,-0.387164,0.427199,-0.716839,-0.298632,0.462117,1.018393,-0.149348,0.133899,0.190578,-0.135333,-0.701977,-0.682438
2026-03-26T14:13:53.215187+00:00,10.495263,1774534433215187300,0.580040,0.503408,-0.075460,0.785058,-0.064311,-0.606482,-0.109925,0.566041,0.024660,-0.387051,0.427147,-0.716697,-0.299288,0.462107,1.017215,-0.146640,0.133589,0.196092,-0.130585,-0.696671,-0.672905
2026-03-26T14:13:53.232209+00:00,10.512284,1774534433232208800,0.579952,0.503622,-0.075776,0.785933,-0.063725,-0.605208,-0.109421,0.566137,0.025032,-0.386971,0.427153,-0.716188,-0.300035,0.462240,1.015888,-0.143071,0.133092,0.200559,-0.126543,-0.699428,-0.672700
2026-03-26T14:13:53.249423+00:00,10.529499,1774534433249423000,0.579883,0.503823,-0.076178,0.786766,-0.063302,-0.603970,-0.109058,0.566092,0.025433,-0.386929,0.427341,-0.715758,-0.300646,0.462477,1.014300,-0.138970,0.132717,0.205144,-0.120926,-0.701933,-0.675149
2026-03-26T14:13:53.266217+00:00,10.546293,1774534433266217500,0.579866,0.503937,-0.076709,0.787276,-0.063298,-0.603808,-0.108720,0.565795,0.025795,-0.386915,0.427267,-0.715777,-0.301423,0.463250,1.012616,-0.134437,0.132544,0.211353,-0.111737,-0.697433,-0.673726
2026-03-26T14:13:53.283005+00:00,10.563081,1774534433283005300,0.579812,0.504027,-0.077267,0.788054,-0.063532,-0.602611,-0.108326,0.565376,0.026101,-0.386930,0.427910,-0.714486,-0.301652,0.463768,1.010811,-0.129493,0.132320,0.217288,-0.101129,-0.695384,-0.677692
2026-03-26T14:13:53.299989+00:00,10.580065,1774534433299989200,0.579763,0.504052,-0.077896,0.788850,-0.064003,-0.601753,-0.108010,0.564932,0.026280,-0.387004,0.427959,-0.714695,-0.302080,0.465049,1.008933,-0.124163,0.131961,0.224799,-0.090380,-0.691856,-0.680478
2026-03-26T14:13:53.317045+00:00,10.597121,1774534433317045600,0.579703,0.504058,-0.078506,0.789633,-0.064509,-0.600522,-0.107777,0.564479,0.026338,-0.387306,0.428918,-0.713059,-0.301319,0.465217,1.007086,-0.118738,0.131161,0.232415,-0.081031,-0.688065,-0.682741
2026-03-26T14:13:53.334104+00:00,10.614179,1774534433334103500,0.579638,0.504047,-0.079082,0.790385,-0.065077,-0.599310,-0.107754,0.564102,0.026428,-0.387704,0.429165,-0.712575,-0.300339,0.465962,1.005354,-0.113613,0.130097,0.238146,-0.073703,-0.688393,-0.687074
2026-03-26T14:13:53.351114+00:00,10.631189,1774534433351113900,0.579581,0.504027,-0.079637,0.791085,-0.065528,-0.598534,-0.107926,0.563786,0.026313,-0.388202,0.429149,-0.712097,-0.299059,0.466225,1.003853,-0.108304,0.128354,0.244817,-0.067375,-0.685553,-0.686510
2026-03-26T14:13:53.367973+00:00,10.648049,1774534433367973300,0.579515,0.504004,-0.080123,0.791812,-0.065930,-0.597715,-0.108172,0.563534,0.026127,-0.388727,0.428193,-0.713758,-0.298503,0.467708,1.002441,-0.103245,0.126280,0.253956,-0.062272,-0.678279,-0.679523
2026-03-26T14:13:53.385226+00:00,10.665302,1774534433385226200,0.579423,0.503981,-0.080519,0.792528,-0.066222,-0.596538,-0.108420,0.563272,0.025825,-0.389280,0.428372,-0.713515,-0.297411,0.468010,1.001178,-0.098057,0.123430,0.260370,-0.058864,-0.681688,-0.683136
2026-03-26T14:13:53.402196+00:00,10.682272,1774534433402196300,0.579237,0.503946,-0.080846,0.793316,-0.066336,-0.595377,-0.108785,0.563010,0.025584,-0.389778,0.428608,-0.713168,-0.296729,0.468168,1.000009,-0.093236,0.120264,0.268738,-0.055814,-0.678365,-0.681061
2026-03-26T14:13:53.419196+00:00,10.699271,1774534433419195900,0.578960,0.503929,-0.081110,0.793772,-0.066421,-0.594706,-0.109074,0.562722,0.025396,-0.390216,0.428471,-0.713734,-0.296334,0.468785,0.998947,-0.088577,0.116723,0.274634,-0.053694,-0.678565,-0.684169
2026-03-26T14:13:53.436057+00:00,10.716132,1774534433436056500,0.578560,0.503917,-0.081338,0.794084,-0.066160,-0.594143,-0.109110,0.562387,0.025281,-0.390605,0.428957,-0.713302,-0.296034,0.469355,0.997985,-0.084137,0.112844,0.282443,-0.051796,-0.672187,-0.680985
2026-03-26T14:13:53.453116+00:00,10.733191,1774534433453115600,0.578163,0.503914,-0.081616,0.794123,-0.065892,-0.594476,-0.109111,0.562074,0.025249,-0.390930,0.429379,-0.712149,-0.295968,0.469241,0.997212,-0.079996,0.108610,0.288381,-0.051015,-0.669729,-0.683096
2026-03-26T14:13:53.469855+00:00,10.749931,1774534433469855200,0.577720,0.503958,-0.081862,0.794549,-0.065535,-0.593660,-0.108929,0.561777,0.025236,-0.391197,0.429224,-0.712413,-0.296335,0.469432,0.996579,-0.076202,0.104054,0.293147,-0.050808,-0.667950,-0.685565
2026-03-26T14:13:53.486876+00:00,10.766952,1774534433486876500,0.577234,0.504039,-0.082176,0.794981,-0.065282,-0.593201,-0.108806,0.561476,0.025255,-0.391417,0.428781,-0.713134,-0.296885,0.470163,0.996027,-0.072679,0.099180,0.298906,-0.050805,-0.663562,-0.685807
2026-03-26T14:13:53.503878+00:00,10.783954,1774534433503878000,0.576751,0.504153,-0.082539,0.795417,-0.065102,-0.592734,-0.108625,0.561169,0.025405,-0.391592,0.429153,-0.712010,-0.296886,0.470009,0.995374,-0.069416,0.093837,0.304570,-0.051041,-0.658925,-0.684831
2026-03-26T14:13:53.520952+00:00,10.801028,1774534433520952100,0.576277,0.504262,-0.082955,0.795851,-0.064988,-0.592259,-0.108514,0.560809,0.025642,-0.391727,0.429355,-0.711157,-0.297266,0.470051,0.994793,-0.066569,0.088074,0.308952,-0.052046,-0.656995,-0.687214
2026-03-26T14:13:53.538035+00:00,10.818110,1774534433538034800,0.575747,0.504347,-0.083410,0.796644,-0.064913,-0.591028,-0.108359,0.560443,0.025887,-0.391817,0.428739,-0.711736,-0.298041,0.470711,0.994207,-0.064044,0.081770,0.313944,-0.053787,-0.653447,-0.688280
2026-03-26T14:13:53.555127+00:00,10.835202,1774534433555126800,0.575275,0.504411,-0.083953,0.797089,-0.064872,-0.590524,-0.108333,0.560054,0.026122,-0.391915,0.428922,-0.710906,-0.298413,0.470743,0.993601,-0.061842,0.075001,0.319138,-0.056262,-0.650075,-0.689915
2026-03-26T14:13:53.571854+00:00,10.851929,1774534433571853600,0.574750,0.504460,-0.084524,0.797861,-0.064786,-0.589313,-0.108292,0.559656,0.026337,-0.392005,0.428484,-0.711235,-0.298774,0.471201,0.992874,-0.059856,0.068162,0.324780,-0.058501,-0.645264,-0.690335
2026-03-26T14:13:53.588978+00:00,10.869053,1774534433588977800,0.574241,0.504475,-0.085268,0.798571,-0.064873,-0.588728,-0.108288,0.559228,0.026539,-0.392121,0.428843,-0.709746,-0.298569,0.470765,0.991994,-0.058290,0.060627,0.330768,-0.060382,-0.640155,-0.690435
2026-03-26T14:13:53.605688+00:00,10.885764,1774534433605688400,0.573769,0.504503,-0.086068,0.799523,-0.064934,-0.587439,-0.108217,0.558769,0.026690,-0.392243,0.428582,-0.710192,-0.298743,0.471303,0.991036,-0.056724,0.053208,0.336087,-0.062477,-0.636259,-0.691291
2026-03-26T14:13:53.622795+00:00,10.902871,1774534433622795000,0.573235,0.504523,-0.086934,0.800776,-0.065080,-0.585585,-0.108083,0.558222,0.026833,-0.392370,0.428368,-0.710202,-0.298828,0.471130,0.989859,-0.055599,0.045055,0.341334,-0.064907,-0.632805,-0.692193
2026-03-26T14:13:53.640525+00:00,10.920601,1774534433640525400,0.572735,0.504535,-0.087957,0.801948,-0.065207,-0.583914,-0.107955,0.557483,0.026994,-0.392577,0.428007,-0.711213,-0.299638,0.472187,0.988544,-0.054453,0.036612,0.346852,-0.066785,-0.629042,-0.693162
2026-03-26T14:13:53.657234+00:00,10.937310,1774534433657234100,0.572235,0.504543,-0.089044,0.803348,-0.065413,-0.582029,-0.107745,0.556629,0.027190,-0.392805,0.428838,-0.709760,-0.299253,0.471577,0.987266,-0.053723,0.028415,0.351681,-0.068668,-0.623985,-0.694889
2026-03-26T14:13:53.674370+00:00,10.954446,1774534433674370000,0.571777,0.504543,-0.090199,0.804480,-0.065732,-0.580580,-0.107410,0.555597,0.027387,-0.393121,0.428991,-0.709851,-0.299770,0.472538,0.985917,-0.053249,0.019835,0.356856,-0.071025,-0.617070,-0.696133
2026-03-26T14:13:53.691476+00:00,10.971552,1774534433691476100,0.571268,0.504555,-0.091441,0.806021,-0.066119,-0.578321,-0.107186,0.554393,0.027574,-0.393513,0.430107,-0.707834,-0.299337,0.472467,0.984637,-0.053095,0.010953,0.361036,-0.074183,-0.610796,-0.698846
2026-03-26T14:13:53.708500+00:00,10.988576,1774534433708500400,0.570815,0.504513,-0.092660,0.807497,-0.066563,-0.576425,-0.107156,0.553074,0.027681,-0.394024,0.430243,-0.707873,-0.299252,0.473619,0.983328,-0.053095,0.001956,0.364717,-0.078115,-0.604996,-0.702601
2026-03-26T14:13:53.725502+00:00,11.005578,1774534433725502300,0.570361,0.504509,-0.093829,0.808954,-0.066880,-0.574049,-0.107207,0.551664,0.027734,-0.394647,0.430811,-0.706292,-0.298413,0.474571,0.982053,-0.053458,-0.007374,0.368183,-0.082489,-0.599056,-0.705736
2026-03-26T14:13:53.742475+00:00,11.022550,1774534433742474500,0.569875,0.504504,-0.095042,0.810383,-0.067315,-0.572047,-0.107341,0.550185,0.027728,-0.395385,0.430997,-0.705858,-0.297561,0.475631,0.980682,-0.054303,-0.016714,0.371384,-0.087040,-0.594455,-0.708328
2026-03-26T14:13:53.759359+00:00,11.039435,1774534433759359100,0.569430,0.504457,-0.096254,0.811860,-0.067666,-0.570118,-0.107404,0.548617,0.027712,-0.396196,0.430361,-0.706935,-0.296928,0.477683,0.979205,-0.055314,-0.026245,0.374979,-0.091465,-0.589524,-0.710342
2026-03-26T14:13:53.776459+00:00,11.056534,1774534433776458700,0.568893,0.504394,-0.097343,0.813487,-0.067970,-0.567317,-0.107563,0.547037,0.027747,-0.396909,0.431034,-0.705761,-0.295730,0.478660,0.977761,-0.056860,-0.036339,0.378706,-0.096440,-0.585103,-0.711236
2026-03-26T14:13:53.793397+00:00,11.073473,1774534433793397500,0.568414,0.504227,-0.098424,0.814871,-0.068231,-0.565238,-0.107916,0.545177,0.027506,-0.397988,0.431859,-0.704111,-0.294334,0.479687,0.976258,-0.058560,-0.046186,0.382512,-0.101894,-0.580165,-0.712033
2026-03-26T14:13:53.810524+00:00,11.090599,1774534433810523900,0.567932,0.504089,-0.099582,0.816265,-0.068454,-0.563249,-0.108292,0.543267,0.027212,-0.398939,0.432424,-0.703444,-0.293186,0.481713,0.974681,-0.060637,-0.056163,0.384915,-0.107853,-0.576547,-0.714598
2026-03-26T14:13:53.827561+00:00,11.107636,1774534433827560700,0.567435,0.504016,-0.100740,0.817647,-0.068607,-0.561172,-0.108550,0.541334,0.026913,-0.399852,0.433049,-0.702411,-0.291893,0.483442,0.973068,-0.062932,-0.066124,0.387645,-0.113708,-0.572023,-0.715816
2026-03-26T14:13:53.845530+00:00,11.125606,1774534433845530100,0.566880,0.503931,-0.101849,0.819116,-0.068642,-0.558897,-0.108424,0.539344,0.026578,-0.400753,0.433445,-0.701212,-0.289959,0.484787,0.971499,-0.065857,-0.076289,0.390531,-0.119766,-0.566082,-0.716232
2026-03-26T14:13:53.861701+00:00,11.141776,1774534433861700800,0.566353,0.503926,-0.103067,0.820557,-0.068691,-0.556791,-0.108350,0.537411,0.026173,-0.401599,0.433512,-0.700672,-0.288262,0.486516,0.969801,-0.068813,-0.086336,0.393108,-0.125891,-0.560948,-0.717806
2026-03-26T14:13:53.878696+00:00,11.158772,1774534433878696100,0.565720,0.503810,-0.104327,0.821867,-0.068857,-0.555019,-0.108472,0.535449,0.025753,-0.402323,0.433164,-0.700275,-0.286825,0.488512,0.968095,-0.072512,-0.096471,0.395957,-0.132371,-0.554041,-0.719268
2026-03-26T14:13:53.895708+00:00,11.175783,1774534433895707600,0.565188,0.503705,-0.105583,0.823274,-0.068940,-0.553011,-0.108624,0.533498,0.025307,-0.402890,0.432812,-0.700300,-0.285724,0.490720,0.966503,-0.076389,-0.106665,0.397656,-0.139282,-0.548099,-0.722499
2026-03-26T14:13:53.912554+00:00,11.192629,1774534433912553500,0.564636,0.503625,-0.106948,0.825015,-0.069065,-0.550289,-0.108575,0.531549,0.024880,-0.403305,0.432623,-0.700112,-0.284382,0.492647,0.964696,-0.080593,-0.116591,0.399801,-0.146028,-0.541656,-0.724297
2026-03-26T14:13:53.929529+00:00,11.209604,1774534433929528900,0.564092,0.503582,-0.108380,0.826800,-0.069174,-0.547513,-0.108373,0.529678,0.024444,-0.403535,0.432658,-0.699533,-0.283296,0.493916,0.962764,-0.085287,-0.126665,0.401323,-0.153142,-0.536911,-0.726219
2026-03-26T14:13:53.946573+00:00,11.226649,1774534433946573500,0.563549,0.503559,-0.109892,0.828765,-0.069406,-0.544551,-0.108148,0.527886,0.024021,-0.403605,0.432593,-0.699218,-0.281869,0.494454,0.960939,-0.090194,-0.137006,0.402687,-0.160771,-0.533041,-0.727778
2026-03-26T14:13:53.963630+00:00,11.243706,1774534433963630100,0.563068,0.503481,-0.111443,0.830540,-0.069594,-0.542053,-0.108198,0.526238,0.023576,-0.403563,0.432358,-0.698794,-0.280676,0.494850,0.958701,-0.095340,-0.147163,0.405792,-0.168788,-0.526147,-0.726874
2026-03-26T14:13:53.980666+00:00,11.260741,1774534433980665700,0.562579,0.503399,-0.112925,0.832627,-0.069727,-0.538565,-0.108417,0.524645,0.023079,-0.403482,0.431460,-0.700396,-0.280359,0.495116,0.956507,-0.100470,-0.157416,0.407527,-0.177935,-0.519377,-0.729851
2026-03-26T14:13:53.997696+00:00,11.277772,1774534433997696100,0.562168,0.503246,-0.114471,0.834293,-0.069959,-0.536192,-0.108600,0.523319,0.022643,-0.402972,0.431906,-0.700456,-0.279807,0.494216,0.954002,-0.105639,-0.167466,0.409331,-0.186241,-0.513080,-0.730749
2026-03-26T14:13:54.014770+00:00,11.294845,1774534434014769700,0.561733,0.503163,-0.115995,0.836279,-0.070080,-0.532806,-0.108618,0.521995,0.022205,-0.402407,0.432529,-0.700765,-0.279213,0.492995,0.951234,-0.110745,-0.177010,0.408877,-0.193716,-0.509227,-0.732257
2026-03-26T14:13:54.031563+00:00,11.311639,1774534434031563000,0.561351,0.503082,-0.117490,0.838221,-0.070200,-0.529760,-0.108645,0.520679,0.021811,-0.401823,0.433280,-0.701581,-0.278613,0.492218,0.948456,-0.115576,-0.186190,0.409039,-0.200632,-0.505486,-0.732410
2026-03-26T14:13:54.049623+00:00,11.329699,1774534434049623100,0.560946,0.503025,-0.119068,0.840285,-0.070269,-0.526466,-0.108669,0.519257,0.021411,-0.401207,0.434548,-0.701754,-0.277750,0.491342,0.945316,-0.120711,-0.195810,0.408967,-0.208007,-0.501654,-0.733028
2026-03-26T14:13:54.066070+00:00,11.346146,1774534434066070100,0.560631,0.502943,-0.120449,0.842363,-0.070043,-0.523062,-0.109013,0.517897,0.021044,-0.400723,0.435937,-0.701157,-0.276591,0.490577,0.942459,-0.124750,-0.203882,0.410306,-0.213548,-0.496839,-0.732945
2026-03-26T14:13:54.083160+00:00,11.363236,1774534434083160300,0.560356,0.502842,-0.121798,0.843933,-0.070059,-0.520440,-0.109379,0.516457,0.020612,-0.400249,0.435891,-0.702917,-0.276283,0.491223,0.939412,-0.128886,-0.212176,0.410413,-0.220527,-0.492562,-0.736420
2026-03-26T14:13:54.100249+00:00,11.380325,1774534434100249400,0.560090,0.502689,-0.123149,0.845747,-0.070115,-0.517505,-0.109890,0.514970,0.020177,-0.399878,0.436300,-0.702575,-0.275351,0.491041,0.936576,-0.132749,-0.219871,0.411444,-0.226141,-0.486590,-0.736478
2026-03-26T14:13:54.117095+00:00,11.397170,1774534434117094500,0.559854,0.502543,-0.124319,0.847207,-0.070239,-0.514711,-0.110308,0.513474,0.019673,-0.399580,0.436551,-0.702044,-0.274063,0.491012,0.933591,-0.136134,-0.227105,0.411287,-0.231131,-0.483269,-0.736991
2026-03-26T14:13:54.134107+00:00,11.414183,1774534434134107300,0.559664,0.502415,-0.125600,0.848597,-0.070395,-0.512596,-0.110761,0.511974,0.019085,-0.399330,0.435437,-0.703798,-0.273434,0.492698,0.930908,-0.139255,-0.233899,0.411296,-0.235651,-0.482130,-0.737810
2026-03-26T14:13:54.151155+00:00,11.431230,1774534434151154600,0.559451,0.502305,-0.126712,0.849858,-0.070500,-0.510383,-0.111007,0.510472,0.018471,-0.399115,0.435471,-0.702534,-0.271390,0.492492,0.928002,-0.141924,-0.240588,0.412896,-0.239615,-0.480569,-0.736865
2026-03-26T14:13:54.168042+00:00,11.448118,1774534434168042600,0.559257,0.502197,-0.127796,0.850939,-0.070731,-0.508433,-0.111065,0.509021,0.017769,-0.398911,0.434644,-0.703670,-0.270362,0.493329,0.925416,-0.144362,-0.246753,0.416711,-0.242839,-0.477653,-0.733808
2026-03-26T14:13:54.185069+00:00,11.465144,1774534434185068900,0.559130,0.502063,-0.128856,0.852215,-0.071010,-0.506327,-0.111262,0.507709,0.017112,-0.398751,0.435081,-0.702969,-0.269231,0.492723,0.923025,-0.146742,-0.252433,0.418733,-0.246784,-0.476996,-0.733106
2026-03-26T14:13:54.202212+00:00,11.482287,1774534434202211500,0.558947,0.501963,-0.129805,0.853111,-0.071179,-0.504521,-0.111563,0.506509,0.016468,-0.398617,0.435317,-0.704505,-0.268677,0.492936,0.920785,-0.149105,-0.258007,0.420022,-0.250804,-0.475992,-0.731207
2026-03-26T14:13:54.219311+00:00,11.499387,1774534434219311000,0.558737,0.501828,-0.130663,0.854016,-0.071335,-0.503016,-0.111729,0.505381,0.015861,-0.398552,0.436590,-0.704582,-0.267241,0.492656,0.918850,-0.151455,-0.263001,0.421200,-0.254350,-0.474443,-0.728479
2026-03-26T14:13:54.236341+00:00,11.516417,1774534434236341600,0.558543,0.501759,-0.131575,0.854925,-0.071355,-0.501516,-0.111879,0.504297,0.015234,-0.398533,0.437963,-0.703869,-0.265456,0.491795,0.917080,-0.153567,-0.267658,0.420534,-0.258378,-0.474635,-0.729152
2026-03-26T14:13:54.253491+00:00,11.533566,1774534434253490600,0.558357,0.501698,-0.132290,0.855537,-0.071214,-0.500405,-0.112072,0.503205,0.014529,-0.398540,0.437961,-0.705029,-0.264105,0.492436,0.915456,-0.155290,-0.271754,0.421413,-0.260730,-0.472983,-0.728266
2026-03-26T14:13:54.270506+00:00,11.550582,1774534434270506600,0.558209,0.501671,-0.133024,0.856081,-0.071029,-0.499398,-0.112371,0.502264,0.013921,-0.398705,0.437812,-0.704616,-0.262429,0.493047,0.913889,-0.156657,-0.275421,0.422188,-0.262549,-0.471938,-0.728564
2026-03-26T14:13:54.287488+00:00,11.567564,1774534434287488000,0.558037,0.501639,-0.133643,0.856669,-0.070895,-0.498327,-0.112546,0.501253,0.013331,-0.398965,0.437245,-0.704294,-0.261217,0.493848,0.912516,-0.157663,-0.278414,0.423907,-0.262723,-0.471029,-0.726948
2026-03-26T14:13:54.304437+00:00,11.584512,1774534434304436700,0.557888,0.501631,-0.134307,0.857130,-0.070765,-0.497586,-0.112534,0.500128,0.012654,-0.399494,0.436673,-0.704754,-0.260330,0.495209,0.911290,-0.158597,-0.281182,0.424091,-0.263561,-0.471810,-0.727731
2026-03-26T14:13:54.321465+00:00,11.601540,1774534434321464700,0.557718,0.501646,-0.134889,0.857614,-0.070544,-0.496834,-0.112423,0.499031,0.012136,-0.400032,0.436802,-0.704047,-0.259467,0.496121,0.910266,-0.159455,-0.283740,0.424199,-0.264279,-0.472198,-0.727032
2026-03-26T14:13:54.338277+00:00,11.618353,1774534434338277100,0.557624,0.501668,-0.135336,0.858118,-0.070283,-0.496066,-0.112164,0.498062,0.011794,-0.400477,0.437102,-0.704080,-0.258660,0.497094,0.909609,-0.160503,-0.285915,0.424200,-0.265751,-0.472067,-0.725189
2026-03-26T14:13:54.355267+00:00,11.635342,1774534434355266900,0.557421,0.501650,-0.136088,0.858538,-0.069996,-0.495535,-0.112004,0.497209,0.011525,-0.400943,0.438255,-0.702173,-0.257577,0.497190,0.909217,-0.161661,-0.287875,0.423249,-0.268075,-0.471412,-0.725238
2026-03-26T14:13:54.372520+00:00,11.652596,1774534434372520400,0.557276,0.501685,-0.136562,0.858893,-0.069826,-0.494961,-0.111924,0.496482,0.011266,-0.401408,0.437942,-0.703161,-0.257180,0.498674,0.908790,-0.162707,-0.289783,0.422817,-0.269414,-0.470498,-0.724661
2026-03-26T14:13:54.389513+00:00,11.669589,1774534434389513100,0.557104,0.501708,-0.137013,0.859192,-0.069778,-0.494484,-0.111900,0.495872,0.011042,-0.401860,0.438373,-0.701644,-0.256022,0.498729,0.908481,-0.163819,-0.291253,0.422307,-0.270837,-0.470590,-0.725074
2026-03-26T14:13:54.406785+00:00,11.686861,1774534434406785500,0.556979,0.501745,-0.137469,0.859511,-0.069694,-0.493793,-0.111729,0.495376,0.010823,-0.402261,0.438088,-0.701664,-0.255493,0.499322,0.908180,-0.164933,-0.292728,0.421525,-0.272282,-0.471096,-0.725455
2026-03-26T14:13:54.423682+00:00,11.703758,1774534434423682000,0.556870,0.501747,-0.137860,0.859661,-0.069785,-0.493735,-0.111715,0.495015,0.010638,-0.402590,0.437372,-0.702375,-0.255470,0.500624,0.907962,-0.166122,-0.293851,0.421468,-0.273253,-0.472132,-0.723909
2026-03-26T14:13:54.440729+00:00,11.720805,1774534434440729400,0.556771,0.501788,-0.138216,0.859949,-0.069764,-0.493081,-0.111616,0.494732,0.010496,-0.402840,0.437504,-0.702143,-0.255123,0.500485,0.907781,-0.167370,-0.295020,0.420655,-0.274895,-0.474535,-0.723575
2026-03-26T14:13:54.457759+00:00,11.737835,1774534434457759000,0.556669,0.501811,-0.138502,0.860112,-0.069739,-0.492731,-0.111519,0.494581,0.010421,-0.403004,0.437522,-0.702138,-0.255135,0.500470,0.907616,-0.168687,-0.295916,0.420139,-0.276153,-0.476824,-0.721876
2026-03-26T14:13:54.474800+00:00,11.754876,1774534434474800400,0.556644,0.501811,-0.138658,0.860290,-0.069693,-0.492640,-0.111488,0.494537,0.010365,-0.403091,0.437415,-0.703145,-0.255792,0.501145,0.907494,-0.170045,-0.296702,0.420125,-0.277004,-0.479125,-0.719525
2026-03-26T14:13:54.492052+00:00,11.772128,1774534434492052200,0.556610,0.501818,-0.138862,0.860472,-0.069602,-0.492274,-0.111317,0.494501,0.010359,-0.403109,0.438156,-0.702423,-0.255834,0.499824,0.907335,-0.171439,-0.297311,0.419482,-0.278093,-0.481520,-0.718294
2026-03-26T14:13:54.508960+00:00,11.789036,1774534434508960400,0.556398,0.501868,-0.139298,0.860693,-0.069531,-0.492027,-0.111225,0.494498,0.010331,-0.403117,0.438408,-0.702781,-0.256445,0.499585,0.907137,-0.172620,-0.297631,0.420358,-0.278445,-0.480691,-0.716938
2026-03-26T14:13:54.526055+00:00,11.806131,1774534434526055500,0.556345,0.501874,-0.139437,0.860754,-0.069498,-0.491941,-0.111131,0.494546,0.010332,-0.403115,0.438661,-0.702746,-0.256915,0.499073,0.906849,-0.172556,-0.297464,0.423336,-0.273521,-0.477363,-0.719308
2026-03-26T14:13:54.543059+00:00,11.823135,1774534434543059200,0.556271,0.501922,-0.139571,0.860742,-0.069479,-0.491943,-0.111259,0.494701,0.010393,-0.403126,0.438987,-0.702037,-0.256772,0.498459,0.907113,-0.172212,-0.297518,0.422473,-0.271057,-0.480005,-0.720403
2026-03-26T14:13:54.560249+00:00,11.840325,1774534434560249000,0.556273,0.501928,-0.139589,0.860482,-0.069459,-0.492268,-0.111276,0.494887,0.010424,-0.403045,0.438122,-0.703180,-0.257272,0.498969,0.907215,-0.172388,-0.297644,0.421303,-0.270587,-0.482047,-0.719907
2026-03-26T14:13:54.577297+00:00,11.857372,1774534434577296700,0.556292,0.501918,-0.139615,0.860214,-0.069422,-0.492909,-0.111259,0.495098,0.010466,-0.402960,0.437794,-0.702473,-0.256980,0.498726,0.907205,-0.172390,-0.297465,0.420594,-0.269417,-0.480523,-0.720391
2026-03-26T14:13:54.594297+00:00,11.874373,1774534434594297100,0.556315,0.501932,-0.139552,0.859938,-0.069402,-0.493289,-0.111132,0.495325,0.010476,-0.402831,0.437044,-0.703225,-0.257319,0.498748,0.907222,-0.172471,-0.297473,0.419743,-0.269091,-0.481585,-0.720824
2026-03-26T14:13:54.611216+00:00,11.891291,1774534434611215800,0.556353,0.501936,-0.139304,0.859477,-0.069394,-0.494032,-0.111287,0.495630,0.010483,-0.402660,0.437102,-0.702214,-0.257195,0.497875,0.907203,-0.172595,-0.297502,0.419389,-0.269473,-0.481766,-0.720296
2026-03-26T14:13:54.628169+00:00,11.908244,1774534434628168900,0.556396,0.501939,-0.138911,0.858981,-0.069331,-0.494800,-0.111671,0.496050,0.010430,-0.402453,0.436685,-0.703269,-0.257695,0.497879,0.907085,-0.172639,-0.297628,0.419192,-0.270407,-0.482682,-0.720642
2026-03-26T14:13:54.645233+00:00,11.925308,1774534434645232800,0.556466,0.501938,-0.138446,0.858340,-0.069209,-0.495906,-0.112080,0.496557,0.010388,-0.402198,0.436094,-0.704497,-0.257946,0.497519,0.907011,-0.172638,-0.297545,0.419473,-0.271372,-0.483657,-0.720230
2026-03-26T14:13:54.662369+00:00,11.942445,1774534434662369000,0.556541,0.501947,-0.137921,0.857747,-0.068963,-0.496955,-0.112392,0.497080,0.010335,-0.401936,0.436228,-0.704750,-0.258099,0.496291,0.906872,-0.172635,-0.297598,0.419948,-0.271670,-0.483460,-0.718227
2026-03-26T14:13:54.679393+00:00,11.959469,1774534434679393100,0.556592,0.501971,-0.137337,0.857305,-0.068553,-0.497710,-0.112438,0.497629,0.010320,-0.401633,0.435792,-0.705082,-0.258337,0.495664,0.906781,-0.172481,-0.297651,0.420880,-0.271585,-0.483196,-0.717477
2026-03-26T14:13:54.696636+00:00,11.976712,1774534434696636300,0.556653,0.502001,-0.136746,0.856698,-0.068095,-0.498817,-0.112614,0.498149,0.010307,-0.401291,0.435587,-0.705347,-0.258600,0.494796,0.906567,-0.172357,-0.297756,0.422731,-0.271748,-0.482663,-0.716747
2026-03-26T14:13:54.713454+00:00,11.993530,1774534434713454700,0.556687,0.502053,-0.136127,0.856087,-0.067648,-0.499734,-0.112902,0.498649,0.010322,-0.400914,0.434725,-0.706343,-0.259364,0.494921,0.906405,-0.172202,-0.297755,0.425679,-0.271942,-0.481446,-0.715468
2026-03-26T14:13:54.730668+00:00,12.010744,1774534434730668100,0.556773,0.502104,-0.135519,0.855433,-0.067270,-0.500928,-0.113320,0.499125,0.010318,-0.400496,0.434697,-0.705897,-0.259864,0.493556,0.906064,-0.172116,-0.297666,0.429053,-0.271543,-0.478270,-0.716270
2026-03-26T14:13:54.747541+00:00,12.027617,1774534434747541300,0.556760,0.502186,-0.134953,0.855127,-0.066734,-0.501354,-0.113445,0.499634,0.010251,-0.400056,0.433404,-0.708150,-0.261436,0.493937,0.906000,-0.171635,-0.297509,0.432447,-0.269212,-0.473360,-0.719126
2026-03-26T14:13:54.764621+00:00,12.044696,1774534434764620500,0.556688,0.502295,-0.134474,0.854877,-0.066137,-0.502001,-0.113481,0.500094,0.010390,-0.399635,0.434013,-0.707493,-0.262013,0.492430,0.905706,-0.171399,-0.296832,0.434647,-0.266275,-0.471063,-0.719611
2026-03-26T14:13:54.781387+00:00,12.061462,1774534434781386400,0.556576,0.502456,-0.134025,0.854635,-0.065472,-0.502360,-0.113383,0.500567,0.010570,-0.399240,0.434410,-0.707263,-0.262750,0.491477,0.905366,-0.171204,-0.296084,0.435477,-0.262834,-0.470215,-0.722163
2026-03-26T14:13:54.798455+00:00,12.078531,1774534434798455300,0.556441,0.502624,-0.133637,0.854681,-0.064884,-0.502344,-0.113312,0.500968,0.010760,-0.398854,0.434197,-0.708183,-0.263454,0.490964,0.905159,-0.170808,-0.295282,0.437110,-0.259182,-0.467654,-0.722854
2026-03-26T14:13:54.815638+00:00,12.095714,1774534434815638000,0.556343,0.502759,-0.133309,0.854434,-0.064461,-0.502980,-0.113280,0.501325,0.010920,-0.398512,0.433814,-0.708942,-0.263824,0.490578,0.904946,-0.170491,-0.294714,0.437029,-0.256601,-0.465942,-0.725081
2026-03-26T14:13:54.832651+00:00,12.112726,1774534434832650800,0.556237,0.502867,-0.133015,0.854464,-0.064235,-0.502954,-0.113221,0.501596,0.011037,-0.398219,0.434068,-0.708137,-0.264013,0.489513,0.904856,-0.170333,-0.294331,0.436129,-0.255636,-0.464732,-0.727782
2026-03-26T14:13:54.849781+00:00,12.129856,1774534434849780600,0.556151,0.502945,-0.132732,0.854458,-0.064060,-0.502964,-0.113302,0.501853,0.011111,-0.397934,0.432945,-0.709635,-0.264901,0.490185,0.904959,-0.170382,-0.294254,0.433791,-0.256867,-0.463580,-0.729208
2026-03-26T14:13:54.866871+00:00,12.146946,1774534434866870800,0.556087,0.502998,-0.132432,0.854438,-0.063951,-0.502994,-0.113383,0.502045,0.011157,-0.397698,0.433220,-0.709200,-0.264737,0.489603,0.905003,-0.170444,-0.294233,0.431442,-0.258011,-0.462187,-0.729674
2026-03-26T14:13:54.883968+00:00,12.164044,1774534434883968000,0.556064,0.503018,-0.132140,0.854140,-0.063905,-0.503669,-0.113473,0.502245,0.011181,-0.397483,0.433374,-0.709017,-0.264894,0.489160,0.905129,-0.170480,-0.294252,0.429534,-0.258763,-0.461898,-0.731808
2026-03-26T14:13:54.901005+00:00,12.181081,1774534434901005000,0.556018,0.503057,-0.131763,0.854103,-0.063891,-0.503425,-0.113498,0.502450,0.011188,-0.397284,0.433160,-0.709943,-0.265033,0.488883,0.905111,-0.170184,-0.294139,0.430012,-0.257938,-0.461169,-0.732644
2026-03-26T14:13:54.919137+00:00,12.199212,1774534434919136400,0.556013,0.503053,-0.131358,0.853721,-0.063795,-0.504196,-0.113862,0.502644,0.011188,-0.397115,0.434004,-0.709052,-0.264684,0.487390,0.905059,-0.169543,-0.293946,0.433413,-0.254671,-0.460926,-0.730022
2026-03-26T14:13:54.935949+00:00,12.216025,1774534434935949400,0.555976,0.503093,-0.130927,0.853575,-0.063531,-0.504293,-0.114304,0.502838,0.011184,-0.396957,0.433971,-0.709529,-0.264921,0.486959,0.905113,-0.167984,-0.293316,0.436420,-0.251668,-0.462346,-0.728719
2026-03-26T14:13:54.953078+00:00,12.233154,1774534434953078000,0.555945,0.503110,-0.130531,0.853541,-0.063168,-0.504344,-0.114499,0.502944,0.011169,-0.396840,0.434282,-0.709525,-0.264919,0.486576,0.905298,-0.166518,-0.292846,0.438345,-0.249964,-0.461583,-0.729153
2026-03-26T14:13:54.970128+00:00,12.250204,1774534434970128100,0.555924,0.503157,-0.130199,0.853278,-0.062669,-0.505010,-0.114484,0.503010,0.011162,-0.396749,0.434265,-0.709959,-0.265088,0.486804,0.905255,-0.165364,-0.292442,0.438745,-0.249279,-0.459695,-0.730535
2026-03-26T14:13:54.987155+00:00,12.267230,1774534434987154900,0.555878,0.503254,-0.129894,0.853311,-0.062247,-0.504999,-0.114414,0.503035,0.011164,-0.396685,0.434135,-0.710598,-0.265604,0.487217,0.905167,-0.164272,-0.292002,0.438181,-0.249247,-0.455951,-0.732729
2026-03-26T14:13:55.004232+00:00,12.284307,1774534435004231600,0.555860,0.503315,-0.129689,0.853306,-0.061998,-0.505033,-0.114412,0.503023,0.011206,-0.396661,0.435113,-0.708971,-0.264945,0.486382,0.905060,-0.163015,-0.291511,0.437655,-0.249172,-0.453399,-0.734597
2026-03-26T14:13:55.021154+00:00,12.301229,1774534435021153900,0.555860,0.503307,-0.129533,0.853311,-0.062024,-0.504719,-0.114403,0.502928,0.011243,-0.396645,0.434872,-0.709416,-0.265116,0.486902,0.904929,-0.161371,-0.290802,0.438049,-0.248111,-0.452600,-0.735622
2026-03-26T14:13:55.038338+00:00,12.318414,1774534435038338400,0.555855,0.503328,-0.129132,0.852991,-0.062268,-0.505404,-0.114503,0.502746,0.011245,-0.396685,0.434612,-0.709708,-0.265206,0.487707,0.904638,-0.159385,-0.290010,0.440273,-0.245805,-0.452504,-0.736064
2026-03-26T14:13:55.055510+00:00,12.335585,1774534435055509800,0.555850,0.503349,-0.128838,0.852664,-0.062525,-0.505826,-0.114409,0.502576,0.011241,-0.396717,0.434958,-0.708589,-0.264693,0.487784,0.904209,-0.157274,-0.289059,0.443416,-0.243184,-0.451328,-0.734904
2026-03-26T14:13:55.072356+00:00,12.352432,1774534435072356300,0.555869,0.503325,-0.128551,0.852336,-0.062866,-0.506542,-0.114331,0.502475,0.011231,-0.396750,0.434527,-0.708887,-0.264478,0.488444,0.904010,-0.155341,-0.288430,0.445402,-0.241735,-0.449084,-0.735413
2026-03-26T14:13:55.089302+00:00,12.369377,1774534435089301600,0.555905,0.503274,-0.128237,0.851924,-0.063155,-0.507205,-0.114298,0.502441,0.011203,-0.396852,0.434411,-0.709162,-0.264275,0.488739,0.903851,-0.153537,-0.287511,0.446088,-0.240853,-0.446055,-0.738022
2026-03-26T14:13:55.106288+00:00,12.386363,1774534435106287600,0.555921,0.503294,-0.127801,0.851317,-0.063337,-0.508106,-0.114623,0.502339,0.011143,-0.397005,0.434651,-0.708419,-0.263526,0.488425,0.903437,-0.151607,-0.286095,0.446346,-0.238796,-0.442007,-0.739803
2026-03-26T14:13:55.123521+00:00,12.403596,1774534435123520500,0.555938,0.503312,-0.127331,0.850897,-0.063279,-0.508564,-0.114701,0.502378,0.011008,-0.397171,0.434088,-0.709790,-0.263799,0.488784,0.903057,-0.149642,-0.284618,0.446540,-0.236270,-0.439794,-0.742005
2026-03-26T14:13:55.140390+00:00,12.420465,1774534435140389900,0.555927,0.503303,-0.126845,0.850318,-0.063172,-0.509594,-0.114725,0.502602,0.010886,-0.397349,0.434079,-0.710212,-0.263948,0.489034,0.902600,-0.147455,-0.282938,0.446953,-0.233307,-0.438749,-0.743900
2026-03-26T14:13:55.157466+00:00,12.437541,1774534435157465700,0.555908,0.503251,-0.126363,0.849684,-0.062952,-0.510900,-0.114722,0.502896,0.010802,-0.397527,0.434897,-0.708825,-0.263616,0.488384,0.901972,-0.144893,-0.280990,0.448803,-0.229628,-0.437216,-0.744982
2026-03-26T14:13:55.175888+00:00,12.455964,1774534435175888200,0.555828,0.503376,-0.125789,0.849111,-0.062572,-0.511811,-0.114474,0.503250,0.010732,-0.397680,0.434927,-0.708803,-0.263602,0.488398,0.901079,-0.141842,-0.278631,0.451505,-0.224839,-0.434475,-0.745680
2026-03-26T14:13:55.191515+00:00,12.471590,1774534435191514600,0.555728,0.503494,-0.125287,0.848849,-0.062214,-0.512335,-0.114340,0.503626,0.010685,-0.397816,0.434940,-0.708793,-0.263587,0.488409,0.900019,-0.138838,-0.276200,0.454270,-0.219982,-0.431224,-0.747458
2026-03-26T14:13:55.208652+00:00,12.488727,1774534435208651400,0.555608,0.503712,-0.124716,0.848291,-0.061621,-0.513254,-0.114019,0.504115,0.010660,-0.397958,0.434260,-0.709984,-0.264103,0.488637,0.898714,-0.135236,-0.273143,0.456844,-0.213683,-0.427297,-0.750387
2026-03-26T14:13:55.225521+00:00,12.505596,1774534435225520600,0.555496,0.503961,-0.124192,0.847777,-0.060989,-0.514294,-0.113499,0.504654,0.010658,-0.398104,0.434108,-0.710224,-0.264453,0.488802,0.897058,-0.131438,-0.269710,0.459786,-0.206355,-0.424040,-0.752291
2026-03-26T14:13:55.242809+00:00,12.522885,1774534435242809100,0.555420,0.504239,-0.123689,0.847000,-0.060355,-0.515956,-0.112892,0.505226,0.010684,-0.398266,0.434761,-0.708646,-0.264341,0.488092,0.895110,-0.127157,-0.265835,0.462990,-0.198184,-0.420782,-0.754249
2026-03-26T14:13:55.259806+00:00,12.539882,1774534435259806300,0.555345,0.504509,-0.123198,0.846473,-0.059868,-0.517020,-0.112176,0.505856,0.010749,-0.398390,0.434187,-0.709534,-0.265205,0.489032,0.892860,-0.122766,-0.261827,0.466432,-0.190437,-0.416918,-0.756501
2026-03-26T14:13:55.276794+00:00,12.556870,1774534435276794200,0.555301,0.504703,-0.122724,0.845897,-0.059624,-0.518129,-0.111550,0.506473,0.010915,-0.398552,0.435092,-0.707010,-0.264980,0.488595,0.890452,-0.118119,-0.257540,0.469975,-0.183364,-0.411891,-0.758514
2026-03-26T14:13:55.293933+00:00,12.574009,1774534435293933100,0.555282,0.504864,-0.122243,0.845119,-0.059611,-0.519441,-0.111095,0.507161,0.011075,-0.398680,0.434189,-0.708239,-0.266282,0.490561,0.887601,-0.113434,-0.252969,0.473056,-0.176430,-0.405281,-0.761601
2026-03-26T14:13:55.310995+00:00,12.591071,1774534435310995200,0.555298,0.504984,-0.121755,0.844521,-0.059648,-0.520522,-0.110759,0.507946,0.011221,-0.398844,0.434618,-0.706203,-0.266838,0.490580,0.884561,-0.108775,-0.248232,0.475578,-0.169081,-0.398374,-0.765461
2026-03-26T14:13:55.327932+00:00,12.608007,1774534435327931900,0.555346,0.505115,-0.121217,0.843639,-0.059441,-0.521987,-0.110214,0.508869,0.011337,-0.398968,0.434765,-0.705548,-0.267530,0.491121,0.881043,-0.104079,-0.243124,0.478054,-0.161294,-0.391837,-0.769188
2026-03-26T14:13:55.345095+00:00,12.625171,1774534435345095400,0.555399,0.505281,-0.120692,0.842841,-0.059325,-0.523641,-0.109492,0.510008,0.011406,-0.399050,0.435055,-0.705579,-0.268074,0.490974,0.877164,-0.099281,-0.237898,0.480152,-0.154025,-0.386660,-0.772349
2026-03-26T14:13:55.361979+00:00,12.642054,1774534435361978700,0.555458,0.505456,-0.120119,0.842087,-0.059246,-0.525038,-0.108641,0.511194,0.011458,-0.399098,0.435455,-0.705455,-0.268202,0.490728,0.873292,-0.094687,-0.232702,0.482331,-0.146855,-0.381469,-0.774963
2026-03-26T14:13:55.379021+00:00,12.659097,1774534435379021200,0.555521,0.505589,-0.119434,0.841210,-0.059306,-0.526293,-0.108161,0.512707,0.011497,-0.399105,0.435378,-0.706900,-0.268654,0.489721,0.868790,-0.090223,-0.227264,0.484335,-0.141224,-0.377359,-0.776458
2026-03-26T14:13:55.396047+00:00,12.676123,1774534435396047000,0.555607,0.505654,-0.118751,0.840092,-0.059440,-0.528418,-0.108136,0.514288,0.011554,-0.399091,0.435802,-0.706708,-0.268918,0.488300,0.863969,-0.086028,-0.221565,0.486491,-0.135360,-0.371991,-0.778378
2026-03-26T14:13:55.413079+00:00,12.693155,1774534435413079400,0.555674,0.505730,-0.117988,0.839266,-0.059348,-0.529651,-0.107951,0.515921,0.011634,-0.399053,0.436069,-0.707168,-0.269518,0.486952,0.858979,-0.081901,-0.215744,0.488028,-0.128775,-0.366759,-0.781478
2026-03-26T14:13:55.430060+00:00,12.710136,1774534435430060200,0.555770,0.505852,-0.117225,0.838253,-0.059196,-0.531410,-0.107107,0.517604,0.011764,-0.398912,0.435777,-0.708110,-0.270748,0.486330,0.853718,-0.078076,-0.209964,0.489479,-0.121957,-0.361990,-0.783752
2026-03-26T14:13:55.447170+00:00,12.727246,1774534435447170600,0.555810,0.506047,-0.116453,0.837611,-0.059029,-0.532456,-0.106240,0.519252,0.011970,-0.398583,0.436588,-0.707189,-0.271580,0.484533,0.848382,-0.074272,-0.204113,0.491109,-0.115197,-0.357933,-0.785461
2026-03-26T14:13:55.464317+00:00,12.744392,1774534435464316900,0.555894,0.506200,-0.115658,0.836647,-0.059088,-0.534244,-0.105702,0.520920,0.012228,-0.398134,0.437112,-0.706450,-0.272870,0.483456,0.842824,-0.070675,-0.198424,0.492154,-0.109596,-0.355781,-0.787507
2026-03-26T14:13:55.481295+00:00,12.761370,1774534435481294900,0.555958,0.506218,-0.114747,0.835599,-0.059297,-0.535885,-0.105566,0.522577,0.012459,-0.397603,0.437331,-0.706144,-0.274441,0.482818,0.837160,-0.067269,-0.192841,0.493781,-0.104521,-0.353171,-0.788347
2026-03-26T14:13:55.498446+00:00,12.778521,1774534435498445600,0.556001,0.506257,-0.113756,0.834548,-0.059558,-0.537418,-0.105928,0.524288,0.012651,-0.397023,0.436885,-0.707038,-0.276412,0.482690,0.831311,-0.063967,-0.187056,0.496967,-0.100861,-0.349804,-0.787083
2026-03-26T14:13:55.515358+00:00,12.795434,1774534435515358100,0.556024,0.506254,-0.112745,0.833518,-0.059677,-0.538951,-0.106187,0.526049,0.012820,-0.396430,0.436428,-0.707221,-0.277740,0.482073,0.825401,-0.060817,-0.181321,0.499466,-0.097191,-0.347085,-0.787175
2026-03-26T14:13:55.532628+00:00,12.812703,1774534435532627700,0.556044,0.506318,-0.111690,0.832559,-0.059034,-0.540451,-0.106212,0.527875,0.013021,-0.395793,0.435528,-0.707767,-0.278752,0.481125,0.819096,-0.057811,-0.174968,0.501596,-0.092933,-0.345755,-0.787960
2026-03-26T14:13:55.549991+00:00,12.830067,1774534435549991500,0.555990,0.506505,-0.110664,0.831941,-0.058312,-0.541576,-0.105961,0.529767,0.013249,-0.395119,0.434831,-0.708190,-0.280129,0.480044,0.812614,-0.055075,-0.168458,0.502755,-0.088147,-0.344231,-0.788960
2026-03-26T14:13:55.566631+00:00,12.846707,1774534435566631200,0.555935,0.506774,-0.109667,0.831030,-0.057568,-0.543043,-0.105620,0.531502,0.013553,-0.394384,0.434051,-0.709063,-0.281779,0.479191,0.806136,-0.052734,-0.161869,0.503730,-0.083124,-0.342732,-0.788959
2026-03-26T14:13:55.585353+00:00,12.865428,1774534435585352600,0.555840,0.507023,-0.108594,0.830317,-0.057098,-0.544303,-0.105293,0.533206,0.013805,-0.393657,0.434530,-0.708165,-0.283622,0.478033,0.798907,-0.050658,-0.154164,0.503148,-0.078519,-0.339679,-0.791114
2026-03-26T14:13:55.601271+00:00,12.881347,1774534435601271300,0.555757,0.507216,-0.107668,0.829481,-0.056825,-0.545475,-0.105099,0.534650,0.014077,-0.392860,0.434853,-0.707547,-0.285535,0.477213,0.792783,-0.049177,-0.147456,0.503474,-0.075596,-0.335762,-0.792201
2026-03-26T14:13:55.618402+00:00,12.898478,1774534435618402400,0.555680,0.507390,-0.106714,0.828404,-0.056386,-0.547269,-0.104980,0.536314,0.014508,-0.391822,0.434411,-0.708241,-0.287371,0.477160,0.786240,-0.047805,-0.140271,0.503581,-0.072553,-0.332261,-0.793874
2026-03-26T14:13:55.635406+00:00,12.915481,1774534435635405500,0.555683,0.507421,-0.105970,0.827904,-0.055817,-0.548242,-0.104506,0.537856,0.014757,-0.390993,0.434676,-0.707561,-0.288199,0.476078,0.779924,-0.046895,-0.132931,0.503800,-0.069863,-0.328200,-0.796206
2026-03-26T14:13:55.652424+00:00,12.932500,1774534435652424500,0.555609,0.507713,-0.105124,0.827387,-0.055284,-0.549111,-0.103433,0.539394,0.014893,-0.390198,0.434158,-0.707591,-0.288844,0.475130,0.773668,-0.046144,-0.125687,0.503109,-0.066283,-0.326343,-0.797918
2026-03-26T14:13:55.669370+00:00,12.949445,1774534435669369800,0.555513,0.508044,-0.104232,0.826812,-0.054950,-0.550199,-0.102574,0.540937,0.014945,-0.389398,0.433161,-0.710037,-0.289992,0.475053,0.767525,-0.045690,-0.118272,0.502374,-0.062411,-0.325118,-0.798227
2026-03-26T14:13:55.686152+00:00,12.966227,1774534435686151300,0.555382,0.508341,-0.103280,0.825844,-0.054921,-0.552026,-0.102188,0.542419,0.014991,-0.388602,0.433970,-0.709049,-0.289854,0.473268,0.761766,-0.045471,-0.111133,0.499508,-0.059435,-0.324935,-0.801190
2026-03-26T14:13:55.703262+00:00,12.983337,1774534435703261700,0.555357,0.508458,-0.102338,0.825133,-0.054972,-0.552878,-0.102037,0.543821,0.014997,-0.387787,0.434798,-0.709373,-0.289986,0.472650,0.756239,-0.045467,-0.103927,0.496028,-0.058212,-0.323260,-0.803453
2026-03-26T14:13:55.720319+00:00,13.000394,1774534435720318500,0.555393,0.508526,-0.101371,0.824098,-0.054898,-0.554419,-0.102120,0.545124,0.014998,-0.386954,0.435664,-0.709261,-0.289953,0.471797,0.751078,-0.045529,-0.096997,0.491778,-0.058404,-0.320518,-0.807715
2026-03-26T14:13:55.737232+00:00,13.017308,1774534435737232400,0.555429,0.508621,-0.100393,0.823473,-0.054573,-0.555490,-0.102097,0.546448,0.014967,-0.386151,0.435509,-0.710848,-0.290639,0.471707,0.746040,-0.046221,-0.089959,0.487403,-0.057838,-0.318176,-0.811983
2026-03-26T14:13:55.754359+00:00,13.034434,1774534435754358800,0.555494,0.508787,-0.099367,0.822831,-0.054085,-0.556294,-0.101715,0.547763,0.014975,-0.385369,0.435776,-0.710060,-0.290367,0.469465,0.741352,-0.046572,-0.083038,0.483968,-0.056166,-0.316225,-0.813296
2026-03-26T14:13:55.771343+00:00,13.051419,1774534435771343100,0.555578,0.508939,-0.098363,0.822176,-0.053668,-0.557418,-0.101489,0.549075,0.014954,-0.384604,0.434277,-0.712711,-0.291347,0.468895,0.736889,-0.046749,-0.076218,0.479624,-0.053995,-0.315115,-0.816582
2026-03-26T14:13:55.788358+00:00,13.068434,1774534435788358100,0.555704,0.509039,-0.097399,0.821131,-0.053415,-0.559324,-0.101428,0.550307,0.014925,-0.383819,0.433469,-0.713457,-0.291757,0.467857,0.732690,-0.046482,-0.069040,0.475387,-0.049827,-0.316407,-0.819116
2026-03-26T14:13:55.805443+00:00,13.085518,1774534435805442700,0.555845,0.509111,-0.096289,0.820340,-0.053263,-0.560237,-0.101644,0.551432,0.014856,-0.382996,0.433457,-0.713506,-0.291986,0.466990,0.728363,-0.045980,-0.061779,0.472323,-0.045238,-0.317201,-0.820899
2026-03-26T14:13:55.822496+00:00,13.102572,1774534435822496100,0.556130,0.509151,-0.095223,0.819242,-0.053176,-0.561850,-0.101790,0.552474,0.014879,-0.382142,0.433909,-0.713461,-0.292145,0.466463,0.724120,-0.044745,-0.054628,0.471357,-0.042645,-0.314714,-0.823233
2026-03-26T14:13:55.839673+00:00,13.119748,1774534435839672600,0.556418,0.509187,-0.094123,0.818400,-0.052889,-0.563223,-0.101993,0.553494,0.014779,-0.381263,0.434312,-0.713188,-0.292542,0.465987,0.719905,-0.042919,-0.047480,0.471331,-0.037808,-0.311960,-0.824556
2026-03-26T14:13:55.856595+00:00,13.136671,1774534435856595000,0.556709,0.509279,-0.092975,0.817659,-0.052460,-0.564099,-0.102092,0.554542,0.014809,-0.380379,0.434407,-0.713691,-0.293057,0.465149,0.715708,-0.040678,-0.040457,0.470598,-0.032006,-0.311175,-0.825534
2026-03-26T14:13:55.873575+00:00,13.153650,1774534435873574900,0.557038,0.509379,-0.091906,0.816926,-0.051912,-0.565292,-0.102375,0.555616,0.014882,-0.379472,0.434402,-0.713494,-0.293229,0.463743,0.711416,-0.037936,-0.033323,0.469941,-0.026017,-0.311404,-0.825061
2026-03-26T14:13:55.890618+00:00,13.170694,1774534435890618200,0.557372,0.509506,-0.090753,0.816189,-0.051307,-0.566153,-0.102593,0.556674,0.014974,-0.378511,0.433393,-0.715286,-0.294019,0.463077,0.706906,-0.034548,-0.026093,0.467863,-0.019547,-0.313521,-0.826808
2026-03-26T14:13:55.907828+00:00,13.187903,1774534435907827600,0.557589,0.509573,-0.089835,0.815453,-0.050731,-0.567339,-0.102954,0.557684,0.015121,-0.377513,0.433147,-0.715278,-0.294739,0.462160,0.702158,-0.030645,-0.018725,0.466537,-0.012818,-0.314919,-0.826430
2026-03-26T14:13:55.924882+00:00,13.204958,1774534435924882400,0.557830,0.509671,-0.088759,0.815097,-0.049977,-0.567764,-0.103130,0.558666,0.015283,-0.376488,0.433365,-0.715616,-0.295169,0.461111,0.697500,-0.026496,-0.011622,0.465091,-0.005966,-0.314921,-0.826570
2026-03-26T14:13:55.941995+00:00,13.222071,1774534435941995300,0.558329,0.510054,-0.087561,0.814452,-0.049141,-0.568862,-0.103145,0.559606,0.015522,-0.375388,0.433773,-0.715814,-0.296138,0.460034,0.692725,-0.022230,-0.004587,0.462765,0.001943,-0.313918,-0.830063
2026-03-26T14:13:55.958956+00:00,13.239032,1774534435958956600,0.558707,0.510296,-0.086530,0.813772,-0.048441,-0.570016,-0.103032,0.560522,0.015777,-0.374247,0.433956,-0.716948,-0.297576,0.458829,0.687978,-0.018273,0.002191,0.462062,0.011043,-0.309839,-0.831401
2026-03-26T14:13:55.976172+00:00,13.256247,1774534435976171800,0.559037,0.510451,-0.085528,0.813018,-0.048011,-0.570896,-0.103025,0.561472,0.016050,-0.373084,0.434753,-0.716564,-0.298939,0.456879,0.683357,-0.014689,0.008434,0.462262,0.022935,-0.305889,-0.832085
2026-03-26T14:13:55.993208+00:00,13.273284,1774534435993208100,0.559399,0.510484,-0.084483,0.811814,-0.047981,-0.572599,-0.103433,0.562470,0.016255,-0.371899,0.435561,-0.716481,-0.300521,0.454970,0.679067,-0.011758,0.014018,0.464593,0.033739,-0.302124,-0.831302
2026-03-26T14:13:56.010316+00:00,13.290392,1774534436010316400,0.559741,0.510512,-0.083423,0.810504,-0.048227,-0.574259,-0.103818,0.563546,0.016426,-0.370756,0.435983,-0.716314,-0.301920,0.452889,0.675634,-0.009567,0.018243,0.467637,0.041561,-0.301606,-0.830953
2026-03-26T14:13:56.027263+00:00,13.307339,1774534436027263400,0.560062,0.510403,-0.082374,0.809094,-0.048487,-0.576180,-0.104045,0.564677,0.016400,-0.369675,0.435871,-0.716924,-0.303112,0.451231,0.672678,-0.007631,0.022203,0.470717,0.049197,-0.301199,-0.828923
2026-03-26T14:13:56.044333+00:00,13.324409,1774534436044333100,0.560343,0.510444,-0.081393,0.807566,-0.048581,-0.578585,-0.104141,0.565877,0.016506,-0.368656,0.434922,-0.718327,-0.304228,0.450612,0.671546,-0.006366,0.024349,0.472316,0.050335,-0.305094,-0.825004
2026-03-26T14:13:56.061342+00:00,13.341418,1774534436061342400,0.560609,0.510396,-0.080354,0.806007,-0.048823,-0.580871,-0.104231,0.567095,0.016416,-0.367689,0.433885,-0.718624,-0.304242,0.449322,0.670989,-0.005513,0.026305,0.472657,0.051365,-0.310284,-0.823403
2026-03-26T14:13:56.078592+00:00,13.358668,1774534436078592300,0.560842,0.510279,-0.079259,0.804454,-0.049203,-0.582764,-0.104475,0.568377,0.016098,-0.366761,0.431685,-0.721232,-0.304947,0.449454,0.670975,-0.004969,0.027590,0.472469,0.051592,-0.316182,-0.821767
2026-03-26T14:13:56.095395+00:00,13.375471,1774534436095395000,0.561069,0.510148,-0.078136,0.802872,-0.049585,-0.584679,-0.105048,0.569744,0.015788,-0.365854,0.430270,-0.721604,-0.304904,0.448522,0.671169,-0.004846,0.028623,0.471814,0.050962,-0.321355,-0.819397
2026-03-26T14:13:56.112630+00:00,13.392705,1774534436112629800,0.561253,0.509960,-0.077004,0.801150,-0.049870,-0.587089,-0.105778,0.571133,0.015517,-0.364926,0.428354,-0.723308,-0.305493,0.447567,0.671694,-0.004933,0.029146,0.469650,0.048930,-0.324308,-0.818672
2026-03-26T14:13:56.129630+00:00,13.409705,1774534436129629600,0.561441,0.509816,-0.075789,0.799319,-0.049839,-0.589250,-0.106302,0.572590,0.015301,-0.364013,0.427150,-0.724457,-0.306460,0.446300,0.672661,-0.005116,0.029721,0.465219,0.046326,-0.325851,-0.821749
2026-03-26T14:13:56.146614+00:00,13.426689,1774534436146613800,0.561514,0.509760,-0.074674,0.797709,-0.049628,-0.591587,-0.106556,0.574054,0.015275,-0.363068,0.426563,-0.725221,-0.307624,0.444818,0.673518,-0.005209,0.030141,0.462121,0.045090,-0.324358,-0.823494
2026-03-26T14:13:56.163616+00:00,13.443692,1774534436163616100,0.561659,0.509719,-0.073572,0.796191,-0.049273,-0.593448,-0.106436,0.575557,0.015152,-0.362135,0.426937,-0.724655,-0.308980,0.442196,0.673884,-0.005311,0.030852,0.459357,0.045801,-0.322306,-0.826721
2026-03-26T14:13:56.180696+00:00,13.460772,1774534436180696100,0.561695,0.509749,-0.072583,0.794703,-0.049025,-0.595640,-0.106431,0.577140,0.015216,-0.361196,0.426837,-0.725734,-0.310765,0.439700,0.673943,-0.005379,0.031644,0.457830,0.047731,-0.320394,-0.828498
2026-03-26T14:13:56.197782+00:00,13.477857,1774534436197781700,0.561725,0.509717,-0.071647,0.793427,-0.048918,-0.597230,-0.106569,0.578754,0.015280,-0.360315,0.426927,-0.726578,-0.312822,0.437204,0.673632,-0.005160,0.032417,0.459796,0.051748,-0.318321,-0.826964
2026-03-26T14:13:56.214697+00:00,13.494773,1774534436214697100,0.561734,0.509702,-0.070813,0.792018,-0.048956,-0.599279,-0.106626,0.580305,0.015503,-0.359488,0.427002,-0.728063,-0.314650,0.434946,0.673138,-0.004989,0.032994,0.461242,0.054421,-0.316555,-0.826369
2026-03-26T14:13:56.231748+00:00,13.511823,1774534436231747800,0.561683,0.509670,-0.070037,0.791212,-0.049032,-0.600270,-0.106387,0.581820,0.015778,-0.358725,0.427737,-0.728003,-0.315677,0.432132,0.672545,-0.004991,0.033353,0.462190,0.055018,-0.315996,-0.826773
2026-03-26T14:13:56.248974+00:00,13.529050,1774534436248974000,0.561704,0.509720,-0.069357,0.790252,-0.049082,-0.601605,-0.105965,0.583207,0.016014,-0.358072,0.428054,-0.728406,-0.317247,0.429985,0.671910,-0.004854,0.033748,0.463692,0.055071,-0.315482,-0.826125
2026-03-26T14:13:56.265776+00:00,13.545852,1774534436265776200,0.561723,0.509669,-0.068709,0.789347,-0.049380,-0.602714,-0.105416,0.584484,0.016217,-0.357543,0.428271,-0.728674,-0.318971,0.428063,0.671469,-0.004888,0.033670,0.464713,0.053279,-0.316765,-0.825438
2026-03-26T14:13:56.282797+00:00,13.562873,1774534436282797200,0.561773,0.509653,-0.068109,0.788563,-0.049884,-0.603954,-0.105043,0.585522,0.016347,-0.357219,0.428419,-0.728785,-0.320994,0.426232,0.671003,-0.004956,0.033625,0.465672,0.051575,-0.318242,-0.824079
2026-03-26T14:13:56.300073+00:00,13.580148,1774534436300072900,0.561824,0.509637,-0.067515,0.787749,-0.050470,-0.604841,-0.104730,0.586722,0.016564,-0.356891,0.428951,-0.729210,-0.323023,0.424829,0.670466,-0.005198,0.033658,0.466214,0.050068,-0.320083,-0.823066
2026-03-26T14:13:56.316849+00:00,13.596925,1774534436316849000,0.561879,0.509617,-0.066871,0.786920,-0.050980,-0.605731,-0.104633,0.587968,0.016849,-0.356571,0.430199,-0.728029,-0.325166,0.422301,0.669980,-0.005506,0.033664,0.466561,0.048594,-0.321633,-0.821438
2026-03-26T14:13:56.333913+00:00,13.613989,1774534436333913100,0.562000,0.509580,-0.066250,0.785720,-0.051303,-0.607777,-0.104654,0.589520,0.017329,-0.356089,0.431825,-0.727298,-0.327496,0.419669,0.669499,-0.006107,0.033681,0.464932,0.046984,-0.323573,-0.822788
2026-03-26T14:13:56.350925+00:00,13.631000,1774534436350924700,0.562075,0.509585,-0.065534,0.784971,-0.051333,-0.608584,-0.104493,0.591154,0.017648,-0.355758,0.434078,-0.727396,-0.330359,0.416645,0.669041,-0.006820,0.033808,0.463530,0.046074,-0.323673,-0.824132
2026-03-26T14:13:56.368129+00:00,13.648205,1774534436368129200,0.562166,0.509640,-0.064825,0.784186,-0.051215,-0.609539,-0.104313,0.593030,0.018041,-0.355429,0.437268,-0.726990,-0.332488,0.412491,0.668493,-0.007565,0.034205,0.462567,0.045803,-0.322802,-0.824666
2026-03-26T14:13:56.384970+00:00,13.665045,1774534436384969700,0.562253,0.509701,-0.064123,0.783459,-0.050976,-0.610717,-0.104113,0.595228,0.018530,-0.355040,0.440693,-0.726510,-0.334288,0.408128,0.667979,-0.008264,0.034751,0.461331,0.046057,-0.321850,-0.825700
2026-03-26T14:13:56.402160+00:00,13.682236,1774534436402160200,0.562289,0.509772,-0.063376,0.783018,-0.050702,-0.611027,-0.103768,0.597853,0.019187,-0.354559,0.442923,-0.726234,-0.337263,0.403757,0.667449,-0.008815,0.035391,0.461199,0.046264,-0.321334,-0.825197
2026-03-26T14:13:56.419105+00:00,13.699180,1774534436419104900,0.562360,0.509861,-0.062657,0.782279,-0.050587,-0.612207,-0.103606,0.600905,0.019993,-0.353927,0.443864,-0.726382,-0.340930,0.398906,0.666962,-0.009179,0.036220,0.460341,0.046203,-0.321795,-0.826781
2026-03-26T14:13:56.436207+00:00,13.716282,1774534436436206700,0.562435,0.509972,-0.061891,0.781490,-0.050416,-0.613067,-0.103382,0.604767,0.021090,-0.352999,0.443962,-0.726427,-0.346222,0.392949,0.666453,-0.009383,0.037195,0.460710,0.046273,-0.322189,-0.825178
2026-03-26T14:13:56.453400+00:00,13.733475,1774534436453399600,0.562525,0.510056,-0.061149,0.780714,-0.050204,-0.614296,-0.103217,0.609476,0.022451,-0.351732,0.443360,-0.727769,-0.352600,0.386279,0.665955,-0.009460,0.038388,0.460884,0.046955,-0.323380,-0.824795
2026-03-26T14:13:56.470335+00:00,13.750410,1774534436470334800,0.562593,0.510153,-0.060343,0.780183,-0.049906,-0.615202,-0.103172,0.615005,0.024186,-0.350036,0.443655,-0.728991,-0.360279,0.378110,0.665437,-0.009448,0.039682,0.461088,0.048417,-0.324576,-0.824496
2026-03-26T14:13:56.488253+00:00,13.768329,1774534436488253500,0.562680,0.510209,-0.059480,0.779899,-0.049594,-0.615188,-0.103142,0.621701,0.026422,-0.347657,0.445467,-0.728849,-0.368683,0.368978,0.664970,-0.009455,0.041218,0.461862,0.050434,-0.325809,-0.823533
2026-03-26T14:13:56.504846+00:00,13.784921,1774534436504845700,0.562786,0.510242,-0.058655,0.779285,-0.049545,-0.616185,-0.103403,0.628536,0.028796,-0.344853,0.447727,-0.727530,-0.376836,0.359598,0.664676,-0.009465,0.042764,0.462798,0.052263,-0.326169,-0.821634
2026-03-26T14:13:56.521826+00:00,13.801901,1774534436521825600,0.562878,0.510213,-0.057802,0.779049,-0.049646,-0.616053,-0.103679,0.636157,0.031364,-0.341317,0.449356,-0.725791,-0.386415,0.350302,0.664461,-0.009525,0.044251,0.462704,0.054196,-0.326932,-0.821466
2026-03-26T14:13:56.538832+00:00,13.818907,1774534436538831700,0.562980,0.510195,-0.056946,0.778560,-0.049804,-0.616555,-0.104069,0.644272,0.033902,-0.337144,0.451027,-0.723027,-0.396649,0.340243,0.664477,-0.009690,0.045883,0.461816,0.055723,-0.327569,-0.821649
2026-03-26T14:13:56.555841+00:00,13.835917,1774534436555841100,0.563048,0.510152,-0.056032,0.778066,-0.049927,-0.617457,-0.104515,0.653035,0.036274,-0.332215,0.451628,-0.721018,-0.409122,0.329342,0.664582,-0.009978,0.047576,0.459194,0.057443,-0.328888,-0.823191
2026-03-26T14:13:56.573014+00:00,13.853089,1774534436573013500,0.563134,0.510092,-0.054990,0.777286,-0.049911,-0.618205,-0.104772,0.662479,0.038509,-0.326704,0.451883,-0.719789,-0.422899,0.317141,0.664597,-0.010409,0.049397,0.456987,0.059599,-0.329937,-0.823716
2026-03-26T14:13:56.589969+00:00,13.870044,1774534436589968600,0.563164,0.510037,-0.054005,0.776830,-0.049925,-0.618684,-0.104883,0.672597,0.040310,-0.320336,0.453238,-0.717330,-0.433631,0.302429,0.664686,-0.010788,0.051280,0.455254,0.061753,-0.330590,-0.824169
2026-03-26T14:13:56.607237+00:00,13.887312,1774534436607236800,0.563195,0.509978,-0.052969,0.776404,-0.049990,-0.619524,-0.104924,0.682747,0.041743,-0.313208,0.453475,-0.716627,-0.444135,0.289606,0.664757,-0.011234,0.053228,0.453963,0.064024,-0.330277,-0.824221
2026-03-26T14:13:56.624408+00:00,13.904484,1774534436624408700,0.563226,0.509934,-0.051922,0.775646,-0.050121,-0.620709,-0.104794,0.692812,0.042834,-0.305649,0.454080,-0.713949,-0.454646,0.278284,0.664838,-0.011721,0.055216,0.451479,0.066159,-0.330838,-0.825820
2026-03-26T14:13:56.641367+00:00,13.921443,1774534436641367000,0.563181,0.509930,-0.050796,0.775287,-0.050013,-0.621098,-0.104517,0.702449,0.043378,-0.297718,0.453484,-0.710920,-0.466196,0.268170,0.664926,-0.012136,0.057256,0.448973,0.068524,-0.331382,-0.827423
2026-03-26T14:13:56.658582+00:00,13.938658,1774534436658582100,0.563141,0.509941,-0.049550,0.774516,-0.049808,-0.621928,-0.104267,0.712391,0.043547,-0.289255,0.451989,-0.707326,-0.479530,0.257140,0.664833,-0.012590,0.059404,0.447430,0.071023,-0.331663,-0.827222
2026-03-26T14:13:56.675750+00:00,13.955826,1774534436675750400,0.563131,0.509939,-0.048242,0.773694,-0.049622,-0.623202,-0.104231,0.722516,0.043010,-0.280381,0.449360,-0.705236,-0.491991,0.245031,0.664720,-0.012962,0.061679,0.445828,0.073623,-0.331706,-0.827300
2026-03-26T14:13:56.692864+00:00,13.972940,1774534436692864000,0.563108,0.509940,-0.046826,0.772911,-0.049531,-0.623943,-0.104141,0.732631,0.042186,-0.271489,0.447802,-0.703551,-0.502042,0.233137,0.664413,-0.013452,0.064031,0.443779,0.076427,-0.332145,-0.828280
2026-03-26T14:13:56.710314+00:00,13.990389,1774534436710313600,0.563165,0.509939,-0.045390,0.772000,-0.049525,-0.625018,-0.103906,0.742560,0.040664,-0.262452,0.448211,-0.699963,-0.509030,0.224038,0.664196,-0.013903,0.066462,0.441779,0.079168,-0.332444,-0.828966
2026-03-26T14:13:56.727068+00:00,14.007143,1774534436727067700,0.563241,0.509927,-0.043985,0.770859,-0.049459,-0.626617,-0.103613,0.751891,0.038880,-0.253685,0.448282,-0.697689,-0.515158,0.218043,0.663970,-0.014220,0.068799,0.439484,0.081241,-0.333627,-0.829643
2026-03-26T14:13:56.744118+00:00,14.024194,1774534436744118100,0.563313,0.509942,-0.042544,0.770063,-0.049158,-0.627484,-0.103173,0.761554,0.036452,-0.244333,0.447928,-0.694202,-0.521333,0.211241,0.663671,-0.014687,0.071229,0.437252,0.082904,-0.335570,-0.830928
2026-03-26T14:13:56.761050+00:00,14.041126,1774534436761050100,0.563467,0.509990,-0.041108,0.769175,-0.048766,-0.628563,-0.102766,0.771210,0.033900,-0.234967,0.446341,-0.692007,-0.529743,0.202030,0.662921,-0.015356,0.073882,0.436355,0.084660,-0.336619,-0.829803
2026-03-26T14:13:56.778136+00:00,14.058212,1774534436778136100,0.563641,0.509967,-0.039649,0.767783,-0.048325,-0.630603,-0.102468,0.781386,0.031005,-0.225244,0.444485,-0.691138,-0.537079,0.190652,0.662182,-0.015855,0.076591,0.435177,0.086871,-0.338598,-0.828857
2026-03-26T14:13:56.795186+00:00,14.075262,1774534436795186000,0.564018,0.510022,-0.038215,0.766720,-0.048102,-0.632022,-0.102191,0.791647,0.027895,-0.215512,0.443863,-0.689679,-0.541856,0.179526,0.661502,-0.016338,0.079407,0.433225,0.089577,-0.340931,-0.829984
2026-03-26T14:13:56.812366+00:00,14.092442,1774534436812366000,0.564479,0.510034,-0.036768,0.765699,-0.048064,-0.633229,-0.101809,0.801560,0.024652,-0.205864,0.443637,-0.690806,-0.544751,0.169588,0.660666,-0.016980,0.082343,0.431056,0.092293,-0.343006,-0.830284
2026-03-26T14:13:56.829437+00:00,14.109512,1774534436829436800,0.565017,0.510043,-0.035431,0.764460,-0.048138,-0.634947,-0.101366,0.811583,0.021327,-0.196010,0.442544,-0.692987,-0.547412,0.159381,0.659970,-0.017714,0.085338,0.429136,0.094783,-0.344133,-0.829388
2026-03-26T14:13:56.846484+00:00,14.126560,1774534436846484100,0.565566,0.510075,-0.034056,0.763334,-0.048144,-0.636136,-0.100506,0.821138,0.018110,-0.186137,0.441455,-0.694408,-0.548080,0.149166,0.659252,-0.018683,0.088344,0.426404,0.097090,-0.345365,-0.829959
2026-03-26T14:13:56.863311+00:00,14.143387,1774534436863311200,0.566223,0.510105,-0.032841,0.762162,-0.048186,-0.638204,-0.099671,0.830653,0.014860,-0.176275,0.439930,-0.696426,-0.549139,0.139765,0.658732,-0.019793,0.091301,0.422913,0.099097,-0.346568,-0.831477
2026-03-26T14:13:56.880396+00:00,14.160472,1774534436880396400,0.566946,0.510162,-0.031573,0.761347,-0.048295,-0.639073,-0.098903,0.839842,0.011625,-0.166449,0.439283,-0.697821,-0.548619,0.130541,0.658103,-0.021068,0.094381,0.419293,0.101200,-0.347445,-0.832134
2026-03-26T14:13:56.897417+00:00,14.177493,1774534436897417300,0.567744,0.510208,-0.030307,0.760177,-0.048531,-0.640202,-0.098482,0.848882,0.008451,-0.156644,0.438994,-0.699751,-0.548445,0.121591,0.657615,-0.022364,0.097430,0.415376,0.103315,-0.348547,-0.833367
2026-03-26T14:13:56.914848+00:00,14.194923,1774534436914847700,0.568593,0.510086,-0.029099,0.759062,-0.049054,-0.641530,-0.098184,0.857677,0.005646,-0.146493,0.442575,-0.700405,-0.549964,0.112758,0.657105,-0.023779,0.100558,0.410902,0.106173,-0.350053,-0.835269
2026-03-26T14:13:56.931981+00:00,14.212057,1774534436931981300,0.569471,0.510067,-0.028009,0.758439,-0.049913,-0.642502,-0.097543,0.865723,0.003138,-0.136473,0.448379,-0.695812,-0.550434,0.102577,0.656468,-0.025176,0.103675,0.407511,0.108441,-0.350990,-0.836101
2026-03-26T14:13:56.948775+00:00,14.228850,1774534436948774700,0.570331,0.510009,-0.027001,0.757704,-0.050812,-0.643268,-0.096648,0.873494,0.000678,-0.126717,0.451457,-0.692819,-0.555297,0.092426,0.656055,-0.026518,0.106584,0.403961,0.110339,-0.352010,-0.837059
2026-03-26T14:13:56.965864+00:00,14.245940,1774534436965864100,0.571213,0.509915,-0.025973,0.756967,-0.051657,-0.644356,-0.095848,0.881085,-0.001809,-0.117012,0.454606,-0.688935,-0.559797,0.083307,0.655534,-0.027785,0.109454,0.400651,0.111603,-0.352773,-0.837606
2026-03-26T14:13:56.982524+00:00,14.262599,1774534436982523700,0.572052,0.509790,-0.025004,0.756933,-0.052300,-0.644404,-0.095456,0.888423,-0.004901,-0.107757,0.458518,-0.684005,-0.561862,0.073708,0.655070,-0.028973,0.112262,0.397118,0.113322,-0.354194,-0.839487
2026-03-26T14:13:56.999652+00:00,14.279728,1774534436999652100,0.572972,0.509614,-0.023996,0.756463,-0.052889,-0.644894,-0.095161,0.895896,-0.008806,-0.098713,0.462522,-0.681556,-0.562656,0.062710,0.654728,-0.030098,0.115034,0.393569,0.115008,-0.355443,-0.840886
2026-03-26T14:13:57.016625+00:00,14.296701,1774534437016625200,0.573889,0.509440,-0.022956,0.756017,-0.053493,-0.645351,-0.094843,0.903536,-0.013255,-0.089965,0.467113,-0.682013,-0.561294,0.049708,0.654270,-0.031122,0.117823,0.391175,0.116513,-0.355956,-0.840235
2026-03-26T14:13:57.033551+00:00,14.313626,1774534437033550500,0.574807,0.509281,-0.021994,0.755989,-0.054201,-0.645382,-0.094406,0.911239,-0.017642,-0.081468,0.473058,-0.681234,-0.556702,0.035689,0.653912,-0.032059,0.120504,0.388658,0.118255,-0.356725,-0.840168
2026-03-26T14:13:57.050613+00:00,14.330689,1774534437050613100,0.575723,0.509133,-0.021014,0.755935,-0.054809,-0.645466,-0.093802,0.918611,-0.022469,-0.073404,0.477940,-0.682837,-0.553663,0.021696,0.653512,-0.032905,0.123090,0.384962,0.120322,-0.358665,-0.843577
2026-03-26T14:13:57.067627+00:00,14.347703,1774534437067627300,0.576651,0.508977,-0.020065,0.755631,-0.055338,-0.646184,-0.093109,0.925690,-0.027238,-0.065475,0.485002,-0.680865,-0.548653,0.007935,0.653199,-0.033740,0.125647,0.382845,0.121809,-0.358685,-0.843149
2026-03-26T14:13:57.084665+00:00,14.364741,1774534437084665300,0.577537,0.508863,-0.019072,0.755627,-0.055674,-0.646231,-0.092464,0.932198,-0.032283,-0.058118,0.492267,-0.678552,-0.544860,-0.005711,0.652881,-0.034504,0.128067,0.380773,0.123270,-0.358682,-0.842737
2026-03-26T14:13:57.101706+00:00,14.381782,1774534437101706000,0.578439,0.508768,-0.018061,0.755653,-0.055874,-0.646207,-0.092035,0.938503,-0.037526,-0.051016,0.500027,-0.676574,-0.540548,-0.019640,0.652600,-0.035284,0.130470,0.378797,0.124874,-0.359179,-0.842784
2026-03-26T14:13:57.119316+00:00,14.399391,1774534437119315900,0.579371,0.508661,-0.017015,0.755652,-0.056107,-0.645791,-0.091670,0.944715,-0.042753,-0.044346,0.510562,-0.673396,-0.534507,-0.032613,0.652410,-0.035916,0.132708,0.376603,0.126663,-0.359981,-0.843469
2026-03-26T14:13:57.145413+00:00,14.425489,1774534437145413300,0.580789,0.508474,-0.015587,0.755301,-0.056656,-0.646557,-0.091285,0.953433,-0.050582,-0.035030,0.527058,-0.667189,-0.523967,-0.049234,0.652066,-0.037071,0.136000,0.373398,0.128576,-0.362026,-0.844185
2026-03-26T14:13:57.162231+00:00,14.442307,1774534437162231100,0.581701,0.508379,-0.014681,0.755345,-0.056920,-0.646522,-0.090806,0.958622,-0.055630,-0.029475,0.535253,-0.664833,-0.518569,-0.059693,0.651843,-0.037841,0.138036,0.370833,0.129888,-0.363468,-0.845813
2026-03-26T14:13:57.179279+00:00,14.459355,1774534437179279200,0.582615,0.508289,-0.013808,0.755387,-0.057200,-0.646488,-0.090268,0.963638,-0.060878,-0.024039,0.540791,-0.662258,-0.513391,-0.070978,0.651702,-0.038601,0.140019,0.369711,0.130640,-0.363197,-0.843944
2026-03-26T14:13:57.196483+00:00,14.476558,1774534437196482700,0.583560,0.508202,-0.012942,0.755391,-0.057461,-0.646483,-0.089948,0.968327,-0.066028,-0.019011,0.544888,-0.661261,-0.508710,-0.082405,0.651565,-0.039396,0.141851,0.367627,0.131614,-0.363443,-0.844553
2026-03-26T14:13:57.213266+00:00,14.493342,1774534437213266400,0.584527,0.508068,-0.012134,0.754970,-0.057715,-0.647315,-0.089998,0.972687,-0.071094,-0.014229,0.549790,-0.659556,-0.504063,-0.092647,0.651557,-0.040248,0.143534,0.364975,0.132445,-0.363879,-0.846937
2026-03-26T14:13:57.230167+00:00,14.510242,1774534437230166900,0.585485,0.507935,-0.011372,0.754978,-0.057906,-0.647297,-0.090042,0.976829,-0.075875,-0.009644,0.555443,-0.656997,-0.500390,-0.102023,0.651522,-0.041145,0.145114,0.363253,0.132666,-0.363770,-0.846549
2026-03-26T14:13:57.247413+00:00,14.527489,1774534437247413400,0.586411,0.507791,-0.010600,0.755324,-0.058070,-0.646544,-0.090078,0.980730,-0.080379,-0.005186,0.562231,-0.652021,-0.496577,-0.111260,0.651536,-0.042030,0.146577,0.360489,0.133353,-0.364499,-0.849336
2026-03-26T14:13:57.264319+00:00,14.544394,1774534437264318800,0.587352,0.507646,-0.009928,0.755322,-0.058347,-0.646537,-0.090086,0.984448,-0.084307,-0.001341,0.569571,-0.646264,-0.492544,-0.120148,0.651573,-0.042896,0.147993,0.358494,0.133848,-0.364938,-0.849553
2026-03-26T14:13:57.281623+00:00,14.561698,1774534437281622700,0.588294,0.507525,-0.009294,0.755324,-0.058551,-0.646525,-0.090104,0.988455,-0.088449,0.001979,0.576711,-0.642784,-0.486617,-0.127466,0.651596,-0.043684,0.149351,0.356869,0.134215,-0.364808,-0.849181
2026-03-26T14:13:57.298811+00:00,14.578886,1774534437298810700,0.589231,0.507437,-0.008699,0.755338,-0.058647,-0.646505,-0.089964,0.992619,-0.092217,0.004808,0.581825,-0.642813,-0.479305,-0.133253,0.651602,-0.044444,0.150591,0.354725,0.134472,-0.365442,-0.850581
2026-03-26T14:13:57.316505+00:00,14.596580,1774534437316504900,0.590167,0.507391,-0.008129,0.755409,-0.058685,-0.646444,-0.089343,0.996791,-0.096033,0.007323,0.585708,-0.644897,-0.471833,-0.137830,0.651631,-0.045128,0.151810,0.353722,0.134128,-0.364885,-0.849160
2026-03-26T14:13:57.333204+00:00,14.613279,1774534437333203800,0.591089,0.507400,-0.007633,0.755385,-0.058654,-0.646566,-0.088679,1.000727,-0.099473,0.009518,0.589309,-0.646398,-0.463639,-0.143116,0.651743,-0.045818,0.152970,0.351940,0.134017,-0.365229,-0.849751
2026-03-26T14:13:57.352838+00:00,14.632914,1774534437352838100,0.592166,0.507328,-0.007113,0.755009,-0.058691,-0.647340,-0.088278,1.004823,-0.102555,0.011735,0.592684,-0.646732,-0.456061,-0.151008,0.651586,-0.046375,0.154221,0.350106,0.135034,-0.366374,-0.850689
2026-03-26T14:13:57.367991+00:00,14.648067,1774534437367991000,0.592951,0.507295,-0.006679,0.755084,-0.058845,-0.646811,-0.088077,1.007848,-0.104542,0.013399,0.597300,-0.645299,-0.450982,-0.154509,0.651494,-0.046837,0.155226,0.348545,0.136196,-0.367064,-0.852335
2026-03-26T14:13:57.384620+00:00,14.664696,1774534437384620000,0.593865,0.507224,-0.006281,0.754674,-0.059114,-0.647656,-0.087830,1.010877,-0.106542,0.015002,0.602567,-0.643156,-0.446252,-0.157269,0.651427,-0.047381,0.156300,0.347890,0.136772,-0.366353,-0.850938
2026-03-26T14:13:57.401703+00:00,14.681779,1774534437401703300,0.594715,0.507182,-0.005879,0.754782,-0.059328,-0.647111,-0.087228,1.013640,-0.108160,0.016483,0.607583,-0.640707,-0.440924,-0.160052,0.651379,-0.048003,0.157279,0.345334,0.137228,-0.366833,-0.853919
2026-03-26T14:13:57.418719+00:00,14.698795,1774534437418719100,0.595570,0.507183,-0.005532,0.754688,-0.059499,-0.647292,-0.086582,1.016310,-0.110203,0.017975,0.611008,-0.640134,-0.435452,-0.164245,0.651533,-0.048661,0.158248,0.343414,0.137311,-0.366397,-0.854880
2026-03-26T14:13:57.436052+00:00,14.716128,1774534437436052200,0.596417,0.507133,-0.005235,0.754477,-0.059646,-0.647872,-0.085911,1.018756,-0.112178,0.019572,0.612997,-0.640466,-0.429487,-0.170650,0.651426,-0.049315,0.159173,0.341641,0.137037,-0.365385,-0.855597
2026-03-26T14:13:57.452861+00:00,14.732936,1774534437452860800,0.597227,0.507117,-0.004947,0.754505,-0.059862,-0.647854,-0.085444,1.020999,-0.114277,0.021358,0.615033,-0.639726,-0.424477,-0.178214,0.651449,-0.049867,0.160088,0.340832,0.136927,-0.364154,-0.854295
2026-03-26T14:13:57.469870+00:00,14.749945,1774534437469869600,0.598040,0.507082,-0.004662,0.754504,-0.060059,-0.647856,-0.085248,1.022866,-0.115923,0.023214,0.616845,-0.638145,-0.421627,-0.185659,0.651489,-0.050420,0.160999,0.339440,0.137438,-0.364400,-0.855125
2026-03-26T14:13:57.486576+00:00,14.766652,1774534437486576300,0.598836,0.507003,-0.004396,0.754139,-0.060387,-0.648644,-0.085086,1.024356,-0.117277,0.025051,0.619857,-0.634175,-0.420369,-0.191628,0.651538,-0.050860,0.161885,0.337645,0.138467,-0.365326,-0.857028
2026-03-26T14:13:57.503639+00:00,14.783715,1774534437503639200,0.599591,0.506894,-0.004075,0.754066,-0.060492,-0.648307,-0.084929,1.025513,-0.118027,0.026863,0.623852,-0.628714,-0.420470,-0.195789,0.651574,-0.051338,0.162779,0.336780,0.139009,-0.365640,-0.856540
2026-03-26T14:13:57.520542+00:00,14.800617,1774534437520541600,0.600302,0.506794,-0.003789,0.754061,-0.060618,-0.648316,-0.084792,1.026496,-0.118692,0.028640,0.627460,-0.624025,-0.420840,-0.198996,0.651534,-0.051723,0.163665,0.336162,0.139458,-0.365323,-0.855428
2026-03-26T14:13:57.537844+00:00,14.817919,1774534437537843800,0.601070,0.506695,-0.003518,0.753603,-0.060730,-0.649206,-0.084810,1.027549,-0.119260,0.030300,0.629943,-0.621020,-0.420376,-0.202226,0.651634,-0.052210,0.164488,0.333879,0.140544,-0.366587,-0.858491
2026-03-26T14:13:57.555080+00:00,14.835156,1774534437555080300,0.601756,0.506609,-0.003208,0.753551,-0.060760,-0.648833,-0.084887,1.028580,-0.119994,0.031938,0.631490,-0.619510,-0.418743,-0.205184,0.651676,-0.052687,0.165270,0.333518,0.140789,-0.365537,-0.856633
2026-03-26T14:13:57.571809+00:00,14.851885,1774534437571809300,0.602481,0.506459,-0.002946,0.752925,-0.060886,-0.649885,-0.085302,1.029535,-0.120690,0.033434,0.632171,-0.619319,-0.417424,-0.207832,0.651696,-0.053080,0.165968,0.331309,0.141800,-0.366082,-0.859289
2026-03-26T14:13:57.588933+00:00,14.869009,1774534437588933400,0.603140,0.506305,-0.002692,0.752560,-0.061040,-0.650242,-0.085700,1.030368,-0.121383,0.034991,0.633131,-0.617762,-0.416281,-0.209697,0.651749,-0.053424,0.166650,0.329910,0.142585,-0.365899,-0.859893
2026-03-26T14:13:57.605851+00:00,14.885926,1774534437605850500,0.603754,0.506173,-0.002471,0.752089,-0.061302,-0.650726,-0.085785,1.030986,-0.121968,0.036393,0.633531,-0.616679,-0.416598,-0.211500,0.651780,-0.053706,0.167292,0.329996,0.143093,-0.364315,-0.856909
2026-03-26T14:13:57.622995+00:00,14.903070,1774534437622994800,0.604304,0.506055,-0.002271,0.752048,-0.061551,-0.650342,-0.085819,1.031410,-0.122662,0.037983,0.634020,-0.614979,-0.417227,-0.213719,0.651849,-0.053916,0.167798,0.328802,0.144495,-0.364649,-0.859170
2026-03-26T14:13:57.639930+00:00,14.920005,1774534437639929500,0.604806,0.505938,-0.002156,0.751858,-0.061842,-0.650519,-0.085846,1.031767,-0.123509,0.039467,0.634815,-0.612956,-0.417500,-0.217398,0.651870,-0.054096,0.168223,0.328039,0.145281,-0.364154,-0.859781
2026-03-26T14:13:57.656867+00:00,14.936943,1774534437656867300,0.605292,0.505819,-0.002071,0.751398,-0.061938,-0.651404,-0.086057,1.032184,-0.124699,0.041284,0.637303,-0.609039,-0.416374,-0.222260,0.651989,-0.054253,0.168596,0.327262,0.145695,-0.363309,-0.860211
2026-03-26T14:13:57.674000+00:00,14.954076,1774534437674000200,0.605777,0.505745,-0.001925,0.750958,-0.061870,-0.651855,-0.086068,1.032497,-0.126176,0.043027,0.640446,-0.604272,-0.415376,-0.227966,0.652191,-0.054395,0.168920,0.326375,0.145947,-0.362995,-0.861013
2026-03-26T14:13:57.690987+00:00,14.971062,1774534437690986700,0.606177,0.505706,-0.001788,0.750930,-0.061845,-0.651465,-0.086009,1.032780,-0.127973,0.044630,0.643833,-0.599227,-0.413491,-0.234418,0.652359,-0.054470,0.169181,0.325355,0.146399,-0.363311,-0.862448
2026-03-26T14:13:57.707991+00:00,14.988066,1774534437707990900,0.606650,0.505631,-0.001722,0.750469,-0.062063,-0.652359,-0.086062,1.033103,-0.130015,0.046101,0.646733,-0.595240,-0.410883,-0.241228,0.652537,-0.054486,0.169471,0.325587,0.146689,-0.362776,-0.861412
2026-03-26T14:13:57.725063+00:00,15.005138,1774534437725062800,0.607053,0.505566,-0.001654,0.750017,-0.062340,-0.652817,-0.086059,1.033412,-0.132020,0.047438,0.651047,-0.589982,-0.408437,-0.246682,0.652625,-0.054454,0.169654,0.325445,0.147355,-0.362841,-0.861247
2026-03-26T14:13:57.742199+00:00,15.022274,1774534437742198700,0.607447,0.505516,-0.001626,0.749993,-0.062569,-0.652842,-0.085985,1.033616,-0.133728,0.048650,0.654958,-0.584824,-0.407487,-0.250851,0.652609,-0.054421,0.169882,0.326157,0.147925,-0.362369,-0.858889
2026-03-26T14:13:57.759317+00:00,15.039393,1774534437759317000,0.607808,0.505532,-0.001616,0.749949,-0.062555,-0.652922,-0.085666,1.033664,-0.135158,0.049758,0.657489,-0.580550,-0.407992,-0.253781,0.652703,-0.054411,0.170314,0.325451,0.149229,-0.363262,-0.860659
2026-03-26T14:13:57.776588+00:00,15.056664,1774534437776588500,0.608111,0.505518,-0.001621,0.749677,-0.062285,-0.653620,-0.085209,1.033678,-0.136543,0.050665,0.658701,-0.577318,-0.408687,-0.256354,0.652829,-0.054410,0.170674,0.324946,0.150260,-0.363365,-0.861098
2026-03-26T14:13:57.794381+00:00,15.074457,1774534437794381000,0.608408,0.505542,-0.001613,0.749751,-0.061892,-0.653561,-0.084820,1.033647,-0.137980,0.051522,0.659242,-0.575566,-0.408001,-0.259380,0.652934,-0.054444,0.170979,0.324664,0.151013,-0.362935,-0.860861
2026-03-26T14:13:57.811268+00:00,15.091344,1774534437811268000,0.608651,0.505567,-0.001637,0.749902,-0.061546,-0.653367,-0.084574,1.033568,-0.139533,0.052106,0.661368,-0.573259,-0.406836,-0.260571,0.652978,-0.054411,0.171210,0.324215,0.151120,-0.362983,-0.860187
2026-03-26T14:13:57.828421+00:00,15.108496,1774534437828420700,0.608977,0.505647,-0.001582,0.749867,-0.061147,-0.653006,-0.084494,1.033487,-0.140423,0.052732,0.664891,-0.569205,-0.407920,-0.259713,0.653056,-0.054528,0.171409,0.323843,0.151169,-0.363100,-0.859762
2026-03-26T14:13:57.845461+00:00,15.125537,1774534437845461300,0.609367,0.505685,-0.001583,0.749441,-0.060917,-0.653871,-0.084603,1.033382,-0.140856,0.053387,0.667341,-0.565681,-0.408983,-0.259044,0.653187,-0.054698,0.171637,0.323469,0.151382,-0.363257,-0.859476
2026-03-26T14:13:57.862430+00:00,15.142505,1774534437862429600,0.609657,0.505719,-0.001528,0.749420,-0.060785,-0.653468,-0.084617,1.033297,-0.141300,0.054045,0.669325,-0.563223,-0.409484,-0.258503,0.653294,-0.054904,0.171786,0.322794,0.151729,-0.363946,-0.859942
2026-03-26T14:13:57.879747+00:00,15.159822,1774534437879746600,0.610060,0.505700,-0.001529,0.748949,-0.060940,-0.654374,-0.084724,1.033223,-0.141528,0.054773,0.671152,-0.560833,-0.410187,-0.258803,0.653452,-0.055132,0.171996,0.322331,0.151905,-0.364043,-0.859725
2026-03-26T14:13:57.896650+00:00,15.176726,1774534437896650100,0.610368,0.505685,-0.001512,0.748482,-0.061212,-0.654847,-0.084719,1.033191,-0.141532,0.055488,0.672963,-0.557527,-0.410819,-0.259477,0.653544,-0.055343,0.172134,0.321867,0.151973,-0.364087,-0.859366
2026-03-26T14:13:57.913711+00:00,15.193786,1774534437913710900,0.610724,0.505668,-0.001525,0.748452,-0.061491,-0.654871,-0.084726,1.033090,-0.141558,0.056000,0.674526,-0.555342,-0.411328,-0.260737,0.653697,-0.055565,0.172329,0.320427,0.152634,-0.364846,-0.861706
2026-03-26T14:13:57.930821+00:00,15.210897,1774534437930821500,0.611059,0.505648,-0.001540,0.748037,-0.061794,-0.655279,-0.084869,1.033023,-0.141490,0.056272,0.674894,-0.554651,-0.410247,-0.261796,0.653743,-0.055718,0.172518,0.320249,0.152920,-0.364131,-0.860206
2026-03-26T14:13:57.947726+00:00,15.227802,1774534437947726400,0.611392,0.505614,-0.001649,0.748034,-0.062092,-0.655259,-0.085131,1.032960,-0.141522,0.056351,0.675539,-0.554618,-0.409102,-0.261670,0.653839,-0.055852,0.172707,0.318929,0.154199,-0.364789,-0.863126
2026-03-26T14:13:57.964802+00:00,15.244877,1774534437964801800,0.611652,0.505565,-0.001818,0.748020,-0.062303,-0.655244,-0.085626,1.032917,-0.141546,0.056348,0.675746,-0.555393,-0.407971,-0.262012,0.653903,-0.055925,0.172843,0.319186,0.154601,-0.363342,-0.861305
2026-03-26T14:13:57.981898+00:00,15.261973,1774534437981897800,0.611856,0.505516,-0.002016,0.748432,-0.062495,-0.654381,-0.086009,1.032880,-0.141735,0.056376,0.676104,-0.554983,-0.407182,-0.261830,0.654040,-0.055987,0.172955,0.319427,0.154889,-0.362247,-0.859978
2026-03-26T14:13:57.999209+00:00,15.279284,1774534437999208600,0.612000,0.505465,-0.002286,0.748909,-0.062613,-0.653882,-0.086360,1.032864,-0.141798,0.056355,0.675461,-0.555829,-0.407999,-0.262105,0.654215,-0.055999,0.172970,0.318445,0.155628,-0.362583,-0.862536
2026-03-26T14:13:58.015908+00:00,15.295983,1774534438015907700,0.612080,0.505400,-0.002564,0.749346,-0.062774,-0.653510,-0.086487,1.032922,-0.141937,0.056327,0.675652,-0.554737,-0.408078,-0.261976,0.654458,-0.055988,0.172954,0.318056,0.155790,-0.362486,-0.863883
2026-03-26T14:13:58.033166+00:00,15.313241,1774534438033165700,0.612067,0.505461,-0.002904,0.749822,-0.062874,-0.652954,-0.086492,1.032830,-0.141829,0.056124,0.675681,-0.554999,-0.407878,-0.261662,0.654783,-0.055921,0.172860,0.318068,0.155798,-0.361935,-0.864108
2026-03-26T14:13:58.050152+00:00,15.330228,1774534438050152000,0.612107,0.505404,-0.003205,0.749882,-0.062666,-0.652948,-0.086341,1.032710,-0.142002,0.055858,0.675503,-0.556561,-0.407778,-0.260771,0.655073,-0.055883,0.172830,0.319086,0.155327,-0.361173,-0.862017
2026-03-26T14:13:58.067352+00:00,15.347427,1774534438067351900,0.612053,0.505479,-0.003526,0.750379,-0.062463,-0.652446,-0.086151,1.032559,-0.141893,0.055640,0.675925,-0.556657,-0.407095,-0.259504,0.655325,-0.055696,0.172569,0.319557,0.155283,-0.361160,-0.862353
2026-03-26T14:13:58.084302+00:00,15.364378,1774534438084302400,0.611880,0.505605,-0.003862,0.750867,-0.062299,-0.651952,-0.085955,1.032387,-0.141873,0.055505,0.676133,-0.556971,-0.406704,-0.258241,0.655631,-0.055387,0.172311,0.321044,0.154912,-0.360152,-0.859610
2026-03-26T14:13:58.101366+00:00,15.381442,1774534438101366000,0.611599,0.505753,-0.004203,0.751329,-0.062177,-0.651486,-0.085773,1.032229,-0.141734,0.055315,0.675790,-0.558379,-0.406227,-0.257569,0.655938,-0.055002,0.171936,0.321359,0.155073,-0.360264,-0.860899
2026-03-26T14:13:58.118359+00:00,15.398434,1774534438118358800,0.611294,0.505936,-0.004492,0.751845,-0.061962,-0.650546,-0.085367,1.032057,-0.141695,0.055146,0.675148,-0.560163,-0.405001,-0.257152,0.656334,-0.054688,0.171563,0.321643,0.154995,-0.360334,-0.862068
2026-03-26T14:13:58.135372+00:00,15.415447,1774534438135371700,0.610969,0.506132,-0.004799,0.751907,-0.061735,-0.650918,-0.085044,1.031841,-0.141590,0.054913,0.673540,-0.563332,-0.403802,-0.257341,0.656601,-0.054354,0.171176,0.322306,0.154681,-0.359511,-0.861651
2026-03-26T14:13:58.152472+00:00,15.432548,1774534438152472400,0.610615,0.506381,-0.005074,0.752538,-0.061299,-0.649882,-0.084591,1.031581,-0.141471,0.054799,0.671133,-0.566612,-0.402686,-0.257734,0.656939,-0.054042,0.170817,0.323313,0.154299,-0.358160,-0.860474
2026-03-26T14:13:58.169486+00:00,15.449561,1774534438169485800,0.610246,0.506584,-0.005371,0.752505,-0.061040,-0.650326,-0.084348,1.031269,-0.141234,0.054712,0.667762,-0.570553,-0.402345,-0.258321,0.657129,-0.053732,0.170466,0.323908,0.154566,-0.357607,-0.860262
2026-03-26T14:13:58.186503+00:00,15.466578,1774534438186502900,0.609865,0.506806,-0.005651,0.753042,-0.060800,-0.649803,-0.084264,1.030873,-0.140472,0.054600,0.666009,-0.572559,-0.402389,-0.257574,0.657318,-0.053448,0.170149,0.324358,0.155114,-0.356973,-0.860183
2026-03-26T14:13:58.203482+00:00,15.483557,1774534438203481500,0.609567,0.506955,-0.005962,0.753297,-0.060572,-0.649525,-0.084239,1.030408,-0.139200,0.054484,0.665496,-0.573684,-0.403991,-0.255076,0.657580,-0.053218,0.169822,0.324734,0.155549,-0.356575,-0.860533
2026-03-26T14:13:58.220675+00:00,15.500750,1774534438220674700,0.609217,0.507116,-0.006272,0.754168,-0.060262,-0.648218,-0.084195,1.029861,-0.137181,0.054303,0.665194,-0.574050,-0.406070,-0.251332,0.657833,-0.053046,0.169463,0.324272,0.155877,-0.356543,-0.863014
2026-03-26T14:13:58.237785+00:00,15.517861,1774534438237785000,0.608905,0.507243,-0.006613,0.754638,-0.059972,-0.647736,-0.084265,1.029395,-0.134881,0.054251,0.663841,-0.575400,-0.409155,-0.246805,0.658154,-0.052928,0.169105,0.325069,0.155585,-0.355132,-0.861563
2026-03-26T14:13:58.254755+00:00,15.534831,1774534438254755600,0.608600,0.507331,-0.006992,0.754854,-0.059776,-0.647967,-0.084396,1.028881,-0.132084,0.054062,0.661598,-0.578063,-0.412263,-0.242314,0.658469,-0.052830,0.168706,0.324614,0.155670,-0.354956,-0.863185
2026-03-26T14:13:58.271838+00:00,15.551914,1774534438271838100,0.608271,0.507412,-0.007405,0.755561,-0.059636,-0.646780,-0.084487,1.028465,-0.129083,0.053881,0.658607,-0.581571,-0.414609,-0.237678,0.658766,-0.052722,0.168306,0.325255,0.155412,-0.354122,-0.862225
2026-03-26T14:13:58.288905+00:00,15.568980,1774534438288904700,0.607960,0.507472,-0.007878,0.755998,-0.059597,-0.646321,-0.084689,1.028053,-0.125623,0.053517,0.654901,-0.586313,-0.416494,-0.233079,0.659043,-0.052602,0.167865,0.325643,0.155183,-0.353778,-0.862007
2026-03-26T14:13:58.305887+00:00,15.585962,1774534438305886800,0.607540,0.507544,-0.008362,0.756871,-0.059531,-0.645008,-0.084675,1.027780,-0.121828,0.053304,0.651735,-0.589987,-0.419078,-0.227031,0.659336,-0.052446,0.167420,0.326108,0.154856,-0.353268,-0.861849
2026-03-26T14:13:58.322936+00:00,15.603012,1774534438322936200,0.607175,0.507636,-0.008908,0.757325,-0.059458,-0.644551,-0.084508,1.027228,-0.117208,0.052886,0.649266,-0.592867,-0.423023,-0.220013,0.659667,-0.052235,0.166946,0.325566,0.154997,-0.353638,-0.864709
2026-03-26T14:13:58.339777+00:00,15.619853,1774534438339777200,0.606770,0.507759,-0.009501,0.757809,-0.059360,-0.644471,-0.084429,1.026465,-0.112196,0.052386,0.647200,-0.593861,-0.427788,-0.212607,0.659912,-0.051977,0.166454,0.326048,0.154830,-0.353444,-0.864971
2026-03-26T14:13:58.356691+00:00,15.636767,1774534438356691500,0.606265,0.507904,-0.010072,0.758519,-0.059307,-0.643404,-0.084193,1.025745,-0.106661,0.052030,0.644629,-0.594956,-0.433056,-0.205468,0.660140,-0.051637,0.165961,0.327107,0.154587,-0.352108,-0.863705
2026-03-26T14:13:58.373802+00:00,15.653878,1774534438373802500,0.605783,0.508007,-0.010743,0.759390,-0.059327,-0.642504,-0.084148,1.025101,-0.100703,0.051734,0.641400,-0.597567,-0.438720,-0.198681,0.660432,-0.051324,0.165448,0.327743,0.154227,-0.351427,-0.863326
2026-03-26T14:13:58.390970+00:00,15.671046,1774534438390970400,0.605270,0.508136,-0.011419,0.759793,-0.059287,-0.642039,-0.084025,1.024327,-0.093953,0.051323,0.638096,-0.598886,-0.444468,-0.190812,0.660703,-0.050954,0.164891,0.328763,0.153583,-0.350115,-0.862117
2026-03-26T14:13:58.408206+00:00,15.688282,1774534438408206200,0.604675,0.508295,-0.012138,0.760680,-0.059116,-0.641141,-0.083688,1.023434,-0.086812,0.050932,0.634784,-0.600091,-0.451140,-0.182772,0.661050,-0.050588,0.164284,0.328543,0.153654,-0.350477,-0.865381
2026-03-26T14:13:58.425167+00:00,15.705242,1774534438425166800,0.604091,0.508524,-0.012827,0.761210,-0.058805,-0.640605,-0.083234,1.022439,-0.079082,0.050471,0.631425,-0.600800,-0.458624,-0.174481,0.661340,-0.050205,0.163699,0.329338,0.153172,-0.350065,-0.865277
2026-03-26T14:13:58.441964+00:00,15.722040,1774534438441964000,0.603456,0.508770,-0.013512,0.762242,-0.058508,-0.639165,-0.082806,1.021465,-0.071040,0.050071,0.628789,-0.600036,-0.465714,-0.166121,0.661630,-0.049798,0.163107,0.331116,0.152311,-0.348841,-0.862202
2026-03-26T14:13:58.459070+00:00,15.739146,1774534438459070400,0.602861,0.508941,-0.014281,0.762618,-0.058494,-0.639152,-0.082592,1.020405,-0.062143,0.049368,0.625799,-0.599882,-0.472709,-0.157046,0.661931,-0.049343,0.162457,0.332080,0.151649,-0.348463,-0.862666
2026-03-26T14:13:58.475927+00:00,15.756002,1774534438475926900,0.602165,0.509109,-0.015009,0.763605,-0.058417,-0.637763,-0.082355,1.019489,-0.053052,0.048678,0.622602,-0.600430,-0.480368,-0.147473,0.662266,-0.048885,0.161771,0.332719,0.151148,-0.348633,-0.863803
2026-03-26T14:13:58.492935+00:00,15.773010,1774534438492934600,0.601535,0.509293,-0.015780,0.764013,-0.058275,-0.637310,-0.082055,1.018234,-0.043047,0.047545,0.619264,-0.600054,-0.487489,-0.136728,0.662606,-0.048412,0.161027,0.333459,0.150410,-0.349010,-0.865267
2026-03-26T14:13:58.510076+00:00,15.790152,1774534438510076100,0.600805,0.509507,-0.016592,0.764941,-0.058040,-0.636360,-0.081662,1.016666,-0.032386,0.046160,0.615477,-0.599966,-0.495243,-0.125332,0.662908,-0.047927,0.160317,0.335292,0.149325,-0.347993,-0.862472
2026-03-26T14:13:58.526985+00:00,15.807061,1774534438526985500,0.600110,0.509709,-0.017410,0.765860,-0.057975,-0.635109,-0.081249,1.015020,-0.021266,0.044719,0.611025,-0.599572,-0.504120,-0.113039,0.663173,-0.047415,0.159595,0.336273,0.149048,-0.348134,-0.862858
2026-03-26T14:13:58.544069+00:00,15.824145,1774534438544069400,0.599468,0.509856,-0.018312,0.766745,-0.058064,-0.634192,-0.081022,1.012783,-0.009146,0.042721,0.605797,-0.599795,-0.513686,-0.098619,0.663402,-0.046943,0.158879,0.338171,0.148634,-0.347061,-0.860841
2026-03-26T14:13:58.560814+00:00,15.840889,1774534438560813800,0.598753,0.509995,-0.019176,0.768026,-0.058042,-0.632445,-0.080901,1.010120,0.003363,0.040281,0.600383,-0.599401,-0.522604,-0.082738,0.663643,-0.046537,0.158144,0.339037,0.148717,-0.346691,-0.861360
2026-03-26T14:13:58.577950+00:00,15.858025,1774534438577949800,0.598074,0.510159,-0.020068,0.768955,-0.057728,-0.631478,-0.080689,1.007056,0.016518,0.037833,0.594067,-0.599228,-0.531832,-0.065934,0.663927,-0.046199,0.157397,0.339735,0.148620,-0.346044,-0.861887
2026-03-26T14:13:58.594939+00:00,15.875015,1774534438594939500,0.597322,0.510386,-0.020970,0.770239,-0.057373,-0.630160,-0.080217,1.003731,0.030066,0.034952,0.586463,-0.599707,-0.542137,-0.049369,0.664186,-0.045920,0.156631,0.340721,0.148263,-0.344806,-0.860937
2026-03-26T14:13:58.611985+00:00,15.892060,1774534438611984800,0.596625,0.510628,-0.021879,0.771168,-0.057047,-0.629201,-0.079879,1.000144,0.044100,0.032065,0.579198,-0.598796,-0.552073,-0.032801,0.664544,-0.045715,0.155821,0.341585,0.147620,-0.343591,-0.860127
2026-03-26T14:13:58.628963+00:00,15.909039,1774534438628963300,0.595863,0.510835,-0.022751,0.772475,-0.056794,-0.627437,-0.079649,0.996159,0.058648,0.028590,0.571783,-0.597506,-0.561134,-0.015634,0.664956,-0.045565,0.154912,0.341069,0.147410,-0.344115,-0.863210
2026-03-26T14:13:58.646895+00:00,15.926971,1774534438646895300,0.595139,0.511000,-0.023697,0.773400,-0.056600,-0.626458,-0.079594,0.991545,0.074273,0.024658,0.562810,-0.596971,-0.572663,0.003238,0.665412,-0.045421,0.153953,0.342092,0.146409,-0.342791,-0.861964
2026-03-26T14:13:58.663555+00:00,15.943630,1774534438663554900,0.594397,0.511164,-0.024573,0.774250,-0.056363,-0.625243,-0.079448,0.986794,0.089484,0.020528,0.554394,-0.593144,-0.582615,0.021579,0.665871,-0.045284,0.152935,0.342255,0.145402,-0.342234,-0.862785
2026-03-26T14:13:58.681293+00:00,15.961368,1774534438681292600,0.593675,0.511317,-0.025530,0.775161,-0.056278,-0.624210,-0.079306,0.981262,0.105691,0.015879,0.544558,-0.589934,-0.595154,0.040750,0.666332,-0.045087,0.151906,0.343290,0.144482,-0.341096,-0.862517
2026-03-26T14:13:58.698375+00:00,15.978450,1774534438698374900,0.592945,0.511444,-0.026513,0.775977,-0.056339,-0.623346,-0.079232,0.975669,0.121543,0.011116,0.535885,-0.585427,-0.605395,0.058491,0.666714,-0.044843,0.150844,0.343516,0.143973,-0.341191,-0.865058
2026-03-26T14:13:58.715351+00:00,15.995426,1774534438715350900,0.592210,0.511573,-0.027499,0.777076,-0.056526,-0.621979,-0.079235,0.969697,0.137320,0.006016,0.526963,-0.581292,-0.616361,0.075895,0.667025,-0.044557,0.149792,0.344771,0.142811,-0.340215,-0.864080
2026-03-26T14:13:58.732383+00:00,16.012459,1774534438732383300,0.591501,0.511652,-0.028490,0.778253,-0.056820,-0.620337,-0.079266,0.963546,0.153313,0.000474,0.518422,-0.575989,-0.625541,0.093388,0.667259,-0.044216,0.148709,0.345786,0.141836,-0.339563,-0.864063
2026-03-26T14:13:58.749411+00:00,16.029486,1774534438749410800,0.590792,0.511715,-0.029486,0.779066,-0.057090,-0.619466,-0.079287,0.956527,0.169071,-0.005812,0.508807,-0.570466,-0.634266,0.112214,0.667534,-0.043824,0.147656,0.346945,0.140891,-0.338655,-0.863842
2026-03-26T14:13:58.766298+00:00,16.046374,1774534438766298400,0.590050,0.511806,-0.030452,0.780252,-0.057339,-0.617814,-0.079358,0.949321,0.184573,-0.012644,0.498439,-0.564940,-0.644775,0.131805,0.667720,-0.043381,0.146564,0.347983,0.140275,-0.338131,-0.864343
2026-03-26T14:13:58.783347+00:00,16.063423,1774534438783347200,0.589287,0.511894,-0.031396,0.781447,-0.057571,-0.616140,-0.079535,0.941341,0.199948,-0.020244,0.488558,-0.557393,-0.653852,0.151897,0.667910,-0.042906,0.145543,0.349027,0.139652,-0.337350,-0.864384
2026-03-26T14:13:58.800373+00:00,16.080448,1774534438800372900,0.588421,0.511992,-0.032291,0.782597,-0.057771,-0.614520,-0.079723,0.933004,0.214806,-0.028280,0.478395,-0.549496,-0.662742,0.172577,0.668048,-0.042410,0.144483,0.351260,0.138747,-0.335657,-0.861720
2026-03-26T14:13:58.817714+00:00,16.097790,1774534438817714100,0.587577,0.512083,-0.033146,0.783579,-0.057850,-0.613339,-0.079793,0.923953,0.229356,-0.037187,0.467311,-0.541221,-0.672027,0.193787,0.668226,-0.041908,0.143456,0.352556,0.138041,-0.334669,-0.861826
2026-03-26T14:13:58.834635+00:00,16.114711,1774534438834635200,0.586638,0.512211,-0.033921,0.784770,-0.057759,-0.611684,-0.079876,0.914848,0.242931,-0.046282,0.456930,-0.531934,-0.679338,0.214837,0.668408,-0.041473,0.142406,0.353570,0.137414,-0.334205,-0.862374
2026-03-26T14:13:58.851986+00:00,16.132061,1774534438851985700,0.585726,0.512344,-0.034663,0.785607,-0.057646,-0.610783,-0.079896,0.905204,0.255891,-0.056244,0.446460,-0.523015,-0.686294,0.236812,0.668581,-0.041019,0.141417,0.354611,0.136893,-0.333762,-0.863030
2026-03-26T14:13:58.868654+00:00,16.148730,1774534438868654200,0.584758,0.512418,-0.035310,0.786351,-0.057546,-0.610079,-0.079982,0.895942,0.267625,-0.066103,0.437781,-0.514264,-0.690958,0.257179,0.668757,-0.040617,0.140366,0.356517,0.136072,-0.332633,-0.860935
2026-03-26T14:13:58.886318+00:00,16.166393,1774534438886317700,0.583729,0.512570,-0.035923,0.787603,-0.057363,-0.608260,-0.079991,0.886184,0.279072,-0.077018,0.429149,-0.505381,-0.695184,0.278545,0.668976,-0.040286,0.139383,0.357189,0.135684,-0.332648,-0.862346
2026-03-26T14:13:58.903580+00:00,16.183656,1774534438903580500,0.582661,0.512747,-0.036444,0.788411,-0.057065,-0.607013,-0.080102,0.876596,0.289319,-0.087818,0.421926,-0.496429,-0.696553,0.297539,0.669212,-0.040052,0.138323,0.358014,0.134871,-0.331908,-0.862459
2026-03-26T14:13:58.920372+00:00,16.200447,1774534438920371400,0.581603,0.512944,-0.036931,0.789190,-0.056625,-0.606198,-0.080110,0.867273,0.298351,-0.098912,0.413833,-0.490031,-0.700008,0.316028,0.669493,-0.039923,0.137411,0.358473,0.134056,-0.331119,-0.862148
2026-03-26T14:13:58.937558+00:00,16.217634,1774534438937558400,0.580463,0.513179,-0.037331,0.790040,-0.055986,-0.605067,-0.080112,0.857735,0.306648,-0.110265,0.406423,-0.482666,-0.700884,0.334023,0.669804,-0.039838,0.136400,0.358931,0.133323,-0.329826,-0.862081
2026-03-26T14:13:58.954538+00:00,16.234614,1774534438954538100,0.579352,0.513451,-0.037740,0.790888,-0.055309,-0.604162,-0.080147,0.848159,0.313789,-0.121842,0.400073,-0.474675,-0.700683,0.351352,0.670086,-0.039778,0.135448,0.358867,0.133019,-0.329306,-0.863997
2026-03-26T14:13:58.971472+00:00,16.251547,1774534438971471500,0.578201,0.513700,-0.038143,0.791740,-0.054632,-0.603254,-0.080099,0.838575,0.319866,-0.133483,0.394219,-0.466675,-0.700509,0.369338,0.670331,-0.039719,0.134589,0.359869,0.132599,-0.327869,-0.862802
2026-03-26T14:13:58.988543+00:00,16.268618,1774534438988542600,0.577073,0.513968,-0.038497,0.792589,-0.053891,-0.601972,-0.080126,0.828920,0.324933,-0.145255,0.389656,-0.457342,-0.698857,0.386296,0.670536,-0.039639,0.133686,0.360897,0.132243,-0.326587,-0.862231
2026-03-26T14:13:59.005666+00:00,16.285741,1774534439005665500,0.575960,0.514252,-0.038872,0.793754,-0.053012,-0.600357,-0.080295,0.819419,0.329102,-0.156982,0.385569,-0.448571,-0.698217,0.402477,0.670799,-0.039541,0.132744,0.360714,0.132196,-0.326140,-0.864390
2026-03-26T14:13:59.022565+00:00,16.302641,1774534439022565200,0.574872,0.514510,-0.039250,0.794595,-0.052146,-0.599453,-0.080441,0.810253,0.332454,-0.168485,0.383030,-0.440306,-0.696624,0.417211,0.671056,-0.039441,0.131757,0.361844,0.131265,-0.324537,-0.862950
2026-03-26T14:13:59.039767+00:00,16.319842,1774534439039766900,0.573774,0.514733,-0.039648,0.795466,-0.051351,-0.598511,-0.080458,0.801138,0.334991,-0.180125,0.382086,-0.432850,-0.694017,0.431320,0.671372,-0.039324,0.130674,0.361871,0.130739,-0.323951,-0.864785
2026-03-26T14:13:59.056732+00:00,16.336807,1774534439056731900,0.572691,0.514959,-0.040109,0.796691,-0.050795,-0.596806,-0.080437,0.792409,0.336614,-0.191526,0.382581,-0.426284,-0.690297,0.444468,0.671730,-0.039166,0.129503,0.362219,0.129830,-0.323093,-0.866357
2026-03-26T14:13:59.073616+00:00,16.353692,1774534439073616100,0.571613,0.515117,-0.040564,0.797886,-0.050395,-0.595126,-0.080510,0.783912,0.337385,-0.202720,0.384420,-0.419482,-0.684609,0.456627,0.672067,-0.038956,0.128286,0.363531,0.128531,-0.321639,-0.865196
2026-03-26T14:13:59.090911+00:00,16.370987,1774534439090911400,0.570583,0.515270,-0.041136,0.799108,-0.050065,-0.593411,-0.080540,0.775185,0.337654,-0.214119,0.386653,-0.412187,-0.678651,0.468412,0.672472,-0.038734,0.126994,0.364958,0.126898,-0.320120,-0.863858
2026-03-26T14:13:59.107832+00:00,16.387908,1774534439107832400,0.569614,0.515377,-0.041708,0.800374,-0.049754,-0.591813,-0.080602,0.766941,0.336951,-0.224978,0.388850,-0.405329,-0.673140,0.479525,0.672848,-0.038487,0.125679,0.365409,0.125758,-0.319376,-0.865736
2026-03-26T14:13:59.124892+00:00,16.404967,1774534439124891900,0.568712,0.515472,-0.042398,0.801480,-0.049518,-0.590419,-0.080653,0.759015,0.334903,-0.235826,0.390962,-0.399849,-0.669247,0.490774,0.673235,-0.038198,0.124291,0.366911,0.124447,-0.318272,-0.865550
2026-03-26T14:13:59.141839+00:00,16.421915,1774534439141839300,0.567847,0.515537,-0.043151,0.803077,-0.049416,-0.588443,-0.080908,0.751055,0.332478,-0.246579,0.394820,-0.393754,-0.662706,0.500580,0.673536,-0.037972,0.122895,0.368375,0.122899,-0.317103,-0.865159
2026-03-26T14:13:59.158735+00:00,16.438811,1774534439158735200,0.567009,0.515595,-0.043900,0.804534,-0.049403,-0.586309,-0.081143,0.743717,0.329022,-0.256978,0.400618,-0.388213,-0.654348,0.509126,0.673917,-0.037754,0.121429,0.369763,0.121229,-0.316098,-0.865308
2026-03-26T14:13:59.175728+00:00,16.455804,1774534439175728400,0.566241,0.515601,-0.044758,0.806010,-0.049646,-0.584281,-0.081480,0.736354,0.324842,-0.267176,0.406544,-0.383613,-0.646636,0.517862,0.674396,-0.037599,0.119827,0.371212,0.118935,-0.314872,-0.864728
2026-03-26T14:13:59.192824+00:00,16.472899,1774534439192823500,0.565492,0.515609,-0.045647,0.807772,-0.049879,-0.581601,-0.081655,0.729376,0.319703,-0.277249,0.413101,-0.378483,-0.639095,0.526096,0.674965,-0.037471,0.118114,0.371708,0.116504,-0.314264,-0.866527
2026-03-26T14:13:59.209839+00:00,16.489914,1774534439209838900,0.564801,0.515598,-0.046573,0.809271,-0.049971,-0.579540,-0.081824,0.722574,0.313822,-0.287106,0.420412,-0.374047,-0.630122,0.533264,0.675487,-0.037356,0.116422,0.373323,0.113978,-0.312760,-0.865237
2026-03-26T14:13:59.226950+00:00,16.507025,1774534439226949700,0.564162,0.515607,-0.047584,0.810788,-0.049861,-0.577467,-0.081855,0.716461,0.307240,-0.296932,0.427267,-0.371147,-0.621328,0.541135,0.675938,-0.037228,0.114703,0.373940,0.112002,-0.312083,-0.866645
2026-03-26T14:13:59.243999+00:00,16.524074,1774534439243998400,0.563545,0.515639,-0.048612,0.812634,-0.049701,-0.574684,-0.081825,0.710678,0.299949,-0.306673,0.433747,-0.370545,-0.612549,0.548519,0.676373,-0.037125,0.113002,0.375174,0.110074,-0.310911,-0.866320
2026-03-26T14:13:59.261026+00:00,16.541102,1774534439261026000,0.563034,0.515644,-0.049784,0.814110,-0.049829,-0.572645,-0.081896,0.705459,0.292058,-0.316204,0.441520,-0.370038,-0.600868,0.553856,0.676785,-0.037072,0.111284,0.376397,0.108077,-0.309666,-0.866105
2026-03-26T14:13:59.278031+00:00,16.558106,1774534439278030600,0.562547,0.515620,-0.051011,0.815889,-0.050299,-0.570234,-0.082197,0.700369,0.283285,-0.325594,0.449038,-0.369860,-0.590865,0.558760,0.677168,-0.037069,0.109554,0.376664,0.106066,-0.308340,-0.866918
2026-03-26T14:13:59.295053+00:00,16.575129,1774534439295053000,0.562053,0.515613,-0.052248,0.817555,-0.050584,-0.567637,-0.082535,0.695850,0.273928,-0.334692,0.457028,-0.369403,-0.580490,0.563558,0.677571,-0.037050,0.107793,0.376680,0.103794,-0.307292,-0.868885
2026-03-26T14:13:59.312254+00:00,16.592329,1774534439312253900,0.561573,0.515610,-0.053528,0.819060,-0.050465,-0.565568,-0.082355,0.691702,0.263926,-0.343632,0.465850,-0.369082,-0.569885,0.568019,0.677976,-0.037096,0.105991,0.377936,0.101118,-0.305405,-0.867517
2026-03-26T14:13:59.329252+00:00,16.609327,1774534439329251800,0.561082,0.515652,-0.054791,0.820914,-0.050028,-0.562784,-0.081906,0.687801,0.253252,-0.352297,0.476219,-0.368581,-0.557347,0.571420,0.678254,-0.037093,0.104248,0.378816,0.098564,-0.304839,-0.868165
2026-03-26T14:13:59.346663+00:00,16.626738,1774534439346662700,0.560654,0.515647,-0.056163,0.822773,-0.049775,-0.560280,-0.081696,0.684432,0.241774,-0.360878,0.486780,-0.368520,-0.545192,0.574712,0.678537,-0.037177,0.102346,0.379809,0.095773,-0.304127,-0.867590
2026-03-26T14:13:59.363247+00:00,16.643322,1774534439363246600,0.560341,0.515774,-0.057510,0.824302,-0.050092,-0.557997,-0.081951,0.681512,0.230271,-0.368904,0.496760,-0.370400,-0.533207,0.576416,0.679014,-0.037378,0.100363,0.379721,0.093361,-0.304314,-0.869081
2026-03-26T14:13:59.380303+00:00,16.660379,1774534439380303100,0.560039,0.515531,-0.058891,0.825685,-0.050853,-0.555694,-0.082682,0.678945,0.217851,-0.377001,0.507922,-0.374141,-0.519494,0.574945,0.679387,-0.037646,0.098426,0.379785,0.090815,-0.303639,-0.870070
2026-03-26T14:13:59.397338+00:00,16.677413,1774534439397337800,0.559838,0.515233,-0.060315,0.826897,-0.051585,-0.553802,-0.083342,0.676920,0.205186,-0.384692,0.518335,-0.380403,-0.507504,0.574691,0.679736,-0.037872,0.096474,0.380302,0.087943,-0.302298,-0.870636
2026-03-26T14:13:59.414340+00:00,16.694416,1774534439414340700,0.559538,0.515104,-0.061719,0.828277,-0.051854,-0.551591,-0.083427,0.675179,0.191920,-0.392192,0.530043,-0.386901,-0.493221,0.571394,0.680090,-0.038097,0.094520,0.380673,0.084809,-0.301252,-0.870965
2026-03-26T14:13:59.431387+00:00,16.711463,1774534439431387400,0.559248,0.515034,-0.063187,0.829677,-0.051928,-0.549605,-0.083295,0.673831,0.178554,-0.399146,0.542443,-0.394078,-0.478188,0.567921,0.680379,-0.038192,0.092580,0.381947,0.081746,-0.300077,-0.869313
2026-03-26T14:13:59.448458+00:00,16.728534,1774534439448458100,0.558997,0.514980,-0.064712,0.831061,-0.052256,-0.547619,-0.083121,0.672712,0.164817,-0.405740,0.555210,-0.401285,-0.462560,0.563040,0.680561,-0.038225,0.090759,0.382802,0.079210,-0.299952,-0.869168
2026-03-26T14:13:59.465523+00:00,16.745599,1774534439465523400,0.558744,0.514884,-0.066226,0.832408,-0.052929,-0.545318,-0.083111,0.671484,0.150984,-0.411889,0.567525,-0.409027,-0.446563,0.557526,0.680691,-0.038231,0.088993,0.383383,0.077210,-0.300374,-0.870346
2026-03-26T14:13:59.483432+00:00,16.763508,1774534439483432100,0.558537,0.514703,-0.067842,0.833729,-0.053784,-0.543085,-0.083423,0.669896,0.136224,-0.418036,0.578558,-0.418501,-0.429944,0.552476,0.680792,-0.038225,0.087231,0.384045,0.075244,-0.300263,-0.871294
2026-03-26T14:13:59.500074+00:00,16.780150,1774534439500074400,0.558356,0.514554,-0.069338,0.835004,-0.054498,-0.541132,-0.083550,0.668279,0.122371,-0.423417,0.587241,-0.427980,-0.415340,0.547580,0.680891,-0.038225,0.085649,0.384576,0.073371,-0.299584,-0.871460
2026-03-26T14:13:59.517138+00:00,16.797213,1774534439517137900,0.558218,0.514445,-0.070852,0.836175,-0.054932,-0.539184,-0.083622,0.666546,0.108092,-0.428454,0.593395,-0.437804,-0.401745,0.542686,0.680999,-0.038248,0.084095,0.385262,0.071341,-0.298455,-0.870586
2026-03-26T14:13:59.534235+00:00,16.814311,1774534439534235200,0.558123,0.514340,-0.072287,0.837211,-0.055112,-0.537504,-0.083636,0.664685,0.093763,-0.433141,0.597395,-0.447965,-0.389595,0.539383,0.681136,-0.038297,0.082571,0.384937,0.069460,-0.297869,-0.871579
2026-03-26T14:13:59.551293+00:00,16.831369,1774534439551293100,0.557984,0.514217,-0.073744,0.838359,-0.055684,-0.535518,-0.084065,0.662841,0.079592,-0.437475,0.601092,-0.457440,-0.377302,0.535565,0.681255,-0.038240,0.081141,0.385116,0.068014,-0.297285,-0.871362
2026-03-26T14:13:59.568315+00:00,16.848390,1774534439568314800,0.557942,0.513936,-0.075092,0.839299,-0.056305,-0.533858,-0.084842,0.660838,0.065827,-0.441340,0.604936,-0.467093,-0.364466,0.531787,0.681348,-0.038465,0.079777,0.385150,0.066655,-0.296811,-0.871614
2026-03-26T14:13:59.585335+00:00,16.865410,1774534439585334700,0.557826,0.513615,-0.076431,0.839830,-0.057087,-0.533204,-0.085875,0.658591,0.052327,-0.444805,0.609619,-0.476077,-0.350992,0.527293,0.681439,-0.038696,0.078485,0.385039,0.065307,-0.296395,-0.871534
2026-03-26T14:13:59.602492+00:00,16.882567,1774534439602491800,0.557734,0.513463,-0.077520,0.840669,-0.057725,-0.531482,-0.086575,0.656570,0.039136,-0.447783,0.613689,-0.485250,-0.338559,0.522704,0.681561,-0.038997,0.077204,0.384518,0.063714,-0.295865,-0.872053
2026-03-26T14:13:59.619199+00:00,16.899274,1774534439619198400,0.557668,0.513280,-0.078687,0.841239,-0.058283,-0.530404,-0.087104,0.654611,0.026483,-0.450309,0.616437,-0.494702,-0.327246,0.518123,0.681696,-0.039277,0.076051,0.384624,0.061939,-0.294950,-0.871015
2026-03-26T14:13:59.636222+00:00,16.916298,1774534439636222500,0.557596,0.512955,-0.080042,0.841826,-0.058835,-0.529312,-0.087501,0.652686,0.013692,-0.452708,0.618267,-0.503913,-0.316898,0.513709,0.681847,-0.039387,0.074892,0.384498,0.060475,-0.294802,-0.871530
2026-03-26T14:13:59.653272+00:00,16.933347,1774534439653271900,0.557518,0.512725,-0.081163,0.842410,-0.059486,-0.528230,-0.087762,0.650948,0.001153,-0.454586,0.620927,-0.511699,-0.306666,0.508394,0.681879,-0.039422,0.073923,0.384739,0.059229,-0.294758,-0.871294
2026-03-26T14:13:59.670320+00:00,16.950396,1774534439670320000,0.557427,0.512586,-0.082112,0.842971,-0.060272,-0.527163,-0.088097,0.649440,-0.011103,-0.456249,0.625120,-0.519066,-0.295710,0.502056,0.681844,-0.039367,0.073082,0.385086,0.058549,-0.295170,-0.871915
2026-03-26T14:13:59.687375+00:00,16.967450,1774534439687374800,0.557212,0.512313,-0.083184,0.843464,-0.061078,-0.526207,-0.088537,0.648012,-0.023110,-0.457568,0.629531,-0.525433,-0.284235,0.496039,0.681810,-0.039307,0.072333,0.385146,0.058217,-0.295816,-0.873166
2026-03-26T14:13:59.704401+00:00,16.984477,1774534439704401300,0.557122,0.512064,-0.084271,0.844029,-0.061969,-0.525110,-0.088896,0.646775,-0.034915,-0.458633,0.632142,-0.533023,-0.274544,0.491004,0.681763,-0.039197,0.071762,0.386326,0.057656,-0.295120,-0.871193
2026-03-26T14:13:59.721498+00:00,17.001573,1774534439721497500,0.556764,0.511745,-0.085380,0.844564,-0.062624,-0.524274,-0.089131,0.645863,-0.046579,-0.459595,0.634444,-0.540226,-0.265817,0.484568,0.681791,-0.039043,0.071140,0.386166,0.056846,-0.295258,-0.872294
2026-03-26T14:13:59.738596+00:00,17.018672,1774534439738596100,0.556430,0.511510,-0.086317,0.844906,-0.063331,-0.523623,-0.089059,0.645511,-0.058048,-0.460637,0.636529,-0.548773,-0.258110,0.476488,0.681808,-0.038937,0.070606,0.386276,0.055578,-0.294865,-0.872252
2026-03-26T14:13:59.755647+00:00,17.035723,1774534439755647100,0.556087,0.511277,-0.087260,0.845463,-0.064051,-0.522744,-0.089236,0.645372,-0.069160,-0.461718,0.639425,-0.557068,-0.249145,0.467575,0.681780,-0.038959,0.070158,0.386656,0.054423,-0.293928,-0.871164
2026-03-26T14:13:59.772580+00:00,17.052656,1774534439772580100,0.555701,0.510962,-0.088160,0.845832,-0.064919,-0.521958,-0.089732,0.645464,-0.079572,-0.462403,0.642669,-0.563339,-0.239596,0.460091,0.681708,-0.038787,0.069498,0.386242,0.054066,-0.294181,-0.872590
2026-03-26T14:13:59.789654+00:00,17.069729,1774534439789653700,0.555340,0.510677,-0.088916,0.846122,-0.065566,-0.521304,-0.090329,0.645575,-0.089829,-0.463166,0.645702,-0.569294,-0.230517,0.453110,0.681678,-0.038728,0.068985,0.386432,0.053503,-0.294034,-0.872590
2026-03-26T14:13:59.806656+00:00,17.086731,1774534439806655900,0.554930,0.510390,-0.089658,0.846335,-0.066163,-0.520846,-0.090746,0.646006,-0.099463,-0.463798,0.647594,-0.576253,-0.222942,0.446323,0.681673,-0.038665,0.068481,0.386382,0.052797,-0.294250,-0.872804
2026-03-26T14:13:59.823742+00:00,17.103818,1774534439823742400,0.554526,0.510202,-0.090337,0.846545,-0.066683,-0.520393,-0.091009,0.646633,-0.108750,-0.464525,0.648927,-0.583389,-0.214832,0.439456,0.681651,-0.038660,0.067966,0.386439,0.051844,-0.294157,-0.872583
2026-03-26T14:13:59.840848+00:00,17.120924,1774534439840848500,0.554043,0.510029,-0.090966,0.846960,-0.067114,-0.519301,-0.091202,0.647210,-0.117529,-0.465406,0.650139,-0.588644,-0.206722,0.433198,0.681610,-0.038659,0.067527,0.386709,0.050766,-0.293516,-0.871331
2026-03-26T14:13:59.857865+00:00,17.137941,1774534439857865300,0.553629,0.509820,-0.091606,0.846895,-0.067651,-0.519632,-0.091551,0.647789,-0.125770,-0.466229,0.651093,-0.593954,-0.199012,0.428291,0.681591,-0.038665,0.067017,0.385724,0.050057,-0.294063,-0.873517
2026-03-26T14:13:59.874908+00:00,17.154984,1774534439874908300,0.553166,0.509652,-0.092164,0.847129,-0.067995,-0.518997,-0.091861,0.648507,-0.133574,-0.467103,0.651741,-0.599547,-0.191867,0.423467,0.681532,-0.038657,0.066566,0.385872,0.049564,-0.293982,-0.873316
2026-03-26T14:13:59.891974+00:00,17.172050,1774534439891974400,0.552746,0.509499,-0.092706,0.847089,-0.068222,-0.519003,-0.092222,0.649585,-0.140926,-0.467984,0.652260,-0.604992,-0.184503,0.416918,0.681463,-0.038649,0.066156,0.385908,0.049265,-0.293862,-0.873239
2026-03-26T14:13:59.908992+00:00,17.189067,1774534439908991900,0.552337,0.509389,-0.093256,0.847352,-0.068346,-0.518325,-0.092672,0.650758,-0.147799,-0.468945,0.652065,-0.611167,-0.177145,0.411540,0.681302,-0.038625,0.065792,0.386031,0.048978,-0.293390,-0.872801
2026-03-26T14:13:59.925992+00:00,17.206068,1774534439925992500,0.551947,0.509280,-0.093810,0.847655,-0.068424,-0.517855,-0.093378,0.651663,-0.154091,-0.469769,0.651408,-0.616379,-0.170746,0.407846,0.681095,-0.038571,0.065404,0.385290,0.048685,-0.293232,-0.874348
2026-03-26T14:13:59.943038+00:00,17.223114,1774534439943038300,0.551570,0.509183,-0.094403,0.848093,-0.068387,-0.516842,-0.094192,0.652299,-0.159796,-0.470494,0.651885,-0.619672,-0.164591,0.405022,0.680819,-0.038527,0.065033,0.385891,0.048146,-0.292436,-0.872583
2026-03-26T14:13:59.960518+00:00,17.240594,1774534439960518100,0.551190,0.509036,-0.094929,0.848525,-0.068283,-0.515962,-0.095195,0.652949,-0.164789,-0.470951,0.652610,-0.622258,-0.160221,0.401628,0.680539,-0.038339,0.064648,0.386066,0.047676,-0.292245,-0.872596
2026-03-26T14:13:59.977061+00:00,17.257137,1774534439977061100,0.550894,0.508939,-0.095471,0.848876,-0.068106,-0.515397,-0.096153,0.653814,-0.169262,-0.471294,0.652754,-0.625572,-0.156216,0.397764,0.680171,-0.038144,0.064339,0.386917,0.047096,-0.292567,-0.871980
2026-03-26T14:13:59.994143+00:00,17.274218,1774534439994142600,0.550562,0.508814,-0.095962,0.849259,-0.067920,-0.514628,-0.097012,0.654724,-0.173306,-0.471639,0.652859,-0.628740,-0.151624,0.394359,0.679827,-0.037851,0.064034,0.387550,0.046573,-0.293065,-0.871564
2026-03-26T14:14:00.011116+00:00,17.291192,1774534440011116300,0.550268,0.508680,-0.096486,0.849376,-0.067995,-0.514343,-0.097599,0.655518,-0.176868,-0.471880,0.652651,-0.631052,-0.148102,0.392052,0.679374,-0.037522,0.063840,0.387069,0.046585,-0.294825,-0.873488
2026-03-26T14:14:00.028276+00:00,17.308351,1774534440028275600,0.549967,0.508510,-0.096944,0.849620,-0.068162,-0.513676,-0.098116,0.656200,-0.179801,-0.471993,0.651854,-0.633556,-0.146403,0.390545,0.678905,-0.037217,0.063702,0.387642,0.046654,-0.295723,-0.873411
2026-03-26T14:14:00.045179+00:00,17.325254,1774534440045178800,0.549709,0.508325,-0.097404,0.849557,-0.068490,-0.513702,-0.098521,0.656829,-0.182107,-0.472026,0.651573,-0.634408,-0.146000,0.389114,0.678456,-0.036973,0.063649,0.388513,0.046741,-0.295437,-0.871485
2026-03-26T14:14:00.062213+00:00,17.342289,1774534440062213400,0.549458,0.508169,-0.097853,0.849509,-0.068811,-0.513697,-0.098840,0.657438,-0.183944,-0.471984,0.651058,-0.635454,-0.146509,0.388056,0.678100,-0.036830,0.063606,0.388351,0.046808,-0.296125,-0.872408
2026-03-26T14:14:00.079240+00:00,17.359316,1774534440079240300,0.549415,0.508166,-0.098156,0.849434,-0.069199,-0.513781,-0.099042,0.658089,-0.185548,-0.471902,0.650887,-0.636537,-0.146783,0.386617,0.677731,-0.036768,0.063613,0.388078,0.046575,-0.295956,-0.871959
2026-03-26T14:14:00.096284+00:00,17.376359,1774534440096283900,0.549194,0.508067,-0.098549,0.849372,-0.069534,-0.513831,-0.099237,0.658950,-0.186966,-0.471849,0.650389,-0.638163,-0.146618,0.385048,0.677414,-0.036767,0.063667,0.387759,0.046538,-0.296239,-0.871834
2026-03-26T14:14:00.113306+00:00,17.393381,1774534440113305500,0.548835,0.507832,-0.099098,0.849296,-0.069878,-0.513601,-0.099391,0.659788,-0.188314,-0.471823,0.650189,-0.639435,-0.146060,0.383464,0.677038,-0.036781,0.063758,0.387381,0.047000,-0.296829,-0.871532
2026-03-26T14:14:00.130197+00:00,17.410272,1774534440130196600,0.548655,0.507685,-0.099473,0.848880,-0.070160,-0.514314,-0.099654,0.660711,-0.189557,-0.471797,0.649747,-0.640952,-0.144768,0.381927,0.676641,-0.036757,0.063913,0.386633,0.047839,-0.297865,-0.872309
2026-03-26T14:14:00.147124+00:00,17.427199,1774534440147123900,0.548381,0.507637,-0.099717,0.848701,-0.070297,-0.514575,-0.099778,0.661596,-0.190718,-0.471724,0.649105,-0.642667,-0.142981,0.381025,0.676309,-0.036780,0.064202,0.386143,0.048384,-0.298336,-0.872217
2026-03-26T14:14:00.164125+00:00,17.444201,1774534440164125000,0.548088,0.507600,-0.099916,0.848373,-0.070413,-0.514984,-0.099771,0.662239,-0.191680,-0.471902,0.648965,-0.643054,-0.141522,0.380309,0.676002,-0.036811,0.064496,0.385841,0.048747,-0.298175,-0.871135
2026-03-26T14:14:00.181110+00:00,17.461186,1774534440181110300,0.547829,0.507566,-0.100139,0.848062,-0.070502,-0.515686,-0.099673,0.662768,-0.192420,-0.472056,0.648147,-0.643949,-0.141389,0.380903,0.675735,-0.036860,0.064758,0.384690,0.049228,-0.298497,-0.872588
2026-03-26T14:14:00.198040+00:00,17.478115,1774534440198039500,0.547526,0.507550,-0.100270,0.847700,-0.070445,-0.516068,-0.099415,0.663128,-0.193055,-0.472211,0.647529,-0.644522,-0.142002,0.382023,0.675424,-0.036906,0.065044,0.384661,0.049641,-0.298211,-0.871574
2026-03-26T14:14:00.216437+00:00,17.496512,1774534440216436800,0.547183,0.507554,-0.100387,0.847174,-0.070419,-0.517156,-0.099208,0.663514,-0.193567,-0.472390,0.647927,-0.643571,-0.142206,0.381860,0.675107,-0.036911,0.065306,0.384473,0.050074,-0.298508,-0.871522
2026-03-26T14:14:00.232171+00:00,17.512246,1774534440232170900,0.546848,0.507548,-0.100475,0.846583,-0.070370,-0.518219,-0.099015,0.663895,-0.193993,-0.472561,0.647515,-0.643992,-0.142553,0.381564,0.674806,-0.036891,0.065532,0.384268,0.050486,-0.298985,-0.872029
2026-03-26T14:14:00.249223+00:00,17.529299,1774534440249223000,0.546521,0.507562,-0.100595,0.846286,-0.070365,-0.518620,-0.098714,0.664219,-0.194242,-0.472798,0.646991,-0.644483,-0.143706,0.382377,0.674505,-0.036864,0.065753,0.383879,0.050994,-0.299806,-0.872990
2026-03-26T14:14:00.266402+00:00,17.546478,1774534440266402400,0.546129,0.507577,-0.100724,0.846008,-0.070389,-0.519298,-0.098420,0.664439,-0.194307,-0.473070,0.647290,-0.643718,-0.143943,0.382459,0.674174,-0.036754,0.065984,0.384770,0.051346,-0.299377,-0.870545
2026-03-26T14:14:00.283364+00:00,17.563439,1774534440283363700,0.545762,0.507627,-0.100854,0.845458,-0.070383,-0.520290,-0.098194,0.664686,-0.194351,-0.473409,0.647268,-0.643744,-0.143674,0.382425,0.673860,-0.036557,0.066159,0.384508,0.051790,-0.300003,-0.871657
2026-03-26T14:14:00.300413+00:00,17.580488,1774534440300412800,0.545346,0.507691,-0.100975,0.845209,-0.070457,-0.520614,-0.097815,0.664953,-0.194392,-0.473783,0.646446,-0.644022,-0.143376,0.382858,0.673605,-0.036348,0.066297,0.384293,0.051993,-0.300363,-0.872184
2026-03-26T14:14:00.317452+00:00,17.597527,1774534440317451900,0.544916,0.507753,-0.101130,0.845173,-0.070483,-0.520727,-0.097432,0.665138,-0.194556,-0.474182,0.645765,-0.644718,-0.143256,0.383154,0.673254,-0.036132,0.066476,0.384282,0.052246,-0.300617,-0.872771
2026-03-26T14:14:00.334428+00:00,17.614504,1774534440334428400,0.544534,0.507851,-0.101309,0.845078,-0.070559,-0.521060,-0.097286,0.665428,-0.194775,-0.474592,0.644938,-0.645194,-0.143081,0.383403,0.672888,-0.035939,0.066649,0.385076,0.052647,-0.300113,-0.870431
2026-03-26T14:14:00.351706+00:00,17.631782,1774534440351706000,0.544117,0.507903,-0.101447,0.845078,-0.070567,-0.521068,-0.097208,0.665461,-0.194909,-0.474930,0.644379,-0.646094,-0.143748,0.383651,0.672570,-0.035776,0.066766,0.384756,0.053231,-0.300725,-0.871675
2026-03-26T14:14:00.368524+00:00,17.648599,1774534440368523600,0.543718,0.507929,-0.101580,0.845092,-0.070577,-0.521058,-0.097083,0.665456,-0.195032,-0.475175,0.643929,-0.646520,-0.144159,0.383389,0.672241,-0.035699,0.066851,0.384721,0.053632,-0.300760,-0.871719
2026-03-26T14:14:00.385552+00:00,17.665628,1774534440385552500,0.543307,0.507950,-0.101679,0.845102,-0.070576,-0.521052,-0.097011,0.665467,-0.195147,-0.475354,0.644013,-0.646421,-0.144461,0.382806,0.671939,-0.035680,0.066898,0.384689,0.053772,-0.300712,-0.871827
2026-03-26T14:14:00.402666+00:00,17.682742,1774534440402666200,0.542931,0.507976,-0.101758,0.844901,-0.070460,-0.521272,-0.096930,0.665427,-0.195179,-0.475429,0.644334,-0.646086,-0.144784,0.381874,0.671624,-0.035647,0.066935,0.385083,0.053602,-0.299981,-0.870926
2026-03-26T14:14:00.419963+00:00,17.700038,1774534440419962500,0.542536,0.508019,-0.101753,0.844830,-0.070315,-0.521407,-0.096914,0.665410,-0.195183,-0.475444,0.644068,-0.646880,-0.145273,0.381467,0.671371,-0.035682,0.066889,0.385026,0.053396,-0.299714,-0.870403
2026-03-26T14:14:00.436766+00:00,17.716841,1774534440436765700,0.542195,0.508045,-0.101772,0.844528,-0.070209,-0.522092,-0.096947,0.665406,-0.195193,-0.475464,0.644341,-0.647134,-0.145637,0.381042,0.671115,-0.035653,0.066898,0.384176,0.053439,-0.300039,-0.872328
2026-03-26T14:14:00.453807+00:00,17.733882,1774534440453806500,0.541819,0.508096,-0.101733,0.844525,-0.070038,-0.521807,-0.096890,0.665429,-0.195164,-0.475463,0.644341,-0.646691,-0.145705,0.380671,0.670825,-0.035677,0.066816,0.384128,0.053403,-0.299939,-0.872375
2026-03-26T14:14:00.470984+00:00,17.751059,1774534440470983500,0.541462,0.508127,-0.101690,0.844111,-0.069956,-0.522677,-0.096906,0.665439,-0.195170,-0.475468,0.644202,-0.646812,-0.145591,0.381021,0.670515,-0.035662,0.066749,0.384284,0.053556,-0.299504,-0.871983
2026-03-26T14:14:00.487927+00:00,17.768003,1774534440487927400,0.541086,0.508159,-0.101624,0.844092,-0.069852,-0.522720,-0.096900,0.665409,-0.195169,-0.475513,0.643758,-0.647820,-0.145625,0.380872,0.670228,-0.035681,0.066665,0.384418,0.053753,-0.298824,-0.871106
2026-03-26T14:14:00.505108+00:00,17.785183,1774534440505107700,0.540702,0.508209,-0.101490,0.843916,-0.069638,-0.522901,-0.096888,0.665384,-0.195123,-0.475574,0.643491,-0.648169,-0.145243,0.380406,0.669999,-0.035732,0.066533,0.383425,0.053868,-0.299013,-0.873232
2026-03-26T14:14:00.522018+00:00,17.802094,1774534440522018400,0.540369,0.508268,-0.101334,0.843627,-0.069453,-0.523582,-0.096842,0.665350,-0.195055,-0.475736,0.643651,-0.648053,-0.144867,0.380001,0.669800,-0.035795,0.066382,0.383692,0.053463,-0.297864,-0.871918
2026-03-26T14:14:00.539076+00:00,17.819152,1774534440539076100,0.540015,0.508365,-0.101164,0.843547,-0.069120,-0.523620,-0.096639,0.665328,-0.195005,-0.475941,0.643267,-0.649533,-0.144470,0.379561,0.669638,-0.035844,0.066219,0.383703,0.053088,-0.297249,-0.871613
2026-03-26T14:14:00.556123+00:00,17.836199,1774534440556123300,0.539658,0.508476,-0.101026,0.843270,-0.068851,-0.524306,-0.096455,0.665254,-0.194766,-0.476153,0.643290,-0.649580,-0.143538,0.378655,0.669511,-0.035914,0.066084,0.382962,0.053013,-0.296930,-0.872631
2026-03-26T14:14:00.573071+00:00,17.853147,1774534440573071200,0.539326,0.508593,-0.100886,0.843209,-0.068601,-0.524452,-0.096315,0.665164,-0.194599,-0.476390,0.642565,-0.650863,-0.142607,0.378717,0.669404,-0.035976,0.065957,0.382962,0.053020,-0.296770,-0.872073
2026-03-26T14:14:00.590266+00:00,17.870342,1774534440590266200,0.539022,0.508710,-0.100735,0.842940,-0.068398,-0.524806,-0.096102,0.664943,-0.194473,-0.476666,0.642167,-0.651284,-0.141279,0.378880,0.669308,-0.036029,0.065851,0.381804,0.053246,-0.297478,-0.874585
2026-03-26T14:14:00.607333+00:00,17.887409,1774534440607333400,0.538735,0.508800,-0.100592,0.843015,-0.068214,-0.524713,-0.095912,0.664672,-0.194393,-0.476919,0.641241,-0.652209,-0.139944,0.379092,0.669211,-0.036091,0.065740,0.381757,0.053323,-0.297264,-0.874081
2026-03-26T14:14:00.624341+00:00,17.904417,1774534440624341400,0.538490,0.508866,-0.100494,0.842712,-0.068086,-0.525417,-0.095813,0.664336,-0.194300,-0.477173,0.639889,-0.653978,-0.138727,0.379509,0.669108,-0.036160,0.065680,0.381924,0.053304,-0.296665,-0.873123
2026-03-26T14:14:00.641745+00:00,17.921820,1774534440641744800,0.538250,0.508926,-0.100404,0.842732,-0.067970,-0.525416,-0.095684,0.664005,-0.194313,-0.477313,0.638968,-0.654987,-0.137819,0.379491,0.669045,-0.036267,0.065595,0.380797,0.053438,-0.297352,-0.875628
2026-03-26T14:14:00.658747+00:00,17.938823,1774534440658747000,0.538046,0.508977,-0.100320,0.842755,-0.067826,-0.525386,-0.095713,0.663615,-0.194304,-0.477425,0.638418,-0.655534,-0.137181,0.379767,0.668939,-0.036375,0.065577,0.380995,0.053482,-0.296789,-0.874636
2026-03-26T14:14:00.675561+00:00,17.955636,1774534440675560600,0.537868,0.509041,-0.100221,0.843038,-0.067686,-0.524748,-0.095673,0.663178,-0.194302,-0.477462,0.638006,-0.655925,-0.136695,0.379736,0.668824,-0.036509,0.065571,0.381042,0.053459,-0.296574,-0.874074
2026-03-26T14:14:00.692672+00:00,17.972748,1774534440692672200,0.537734,0.509063,-0.100187,0.843095,-0.067581,-0.524967,-0.095808,0.662722,-0.194326,-0.477442,0.637183,-0.656721,-0.136810,0.380448,0.668705,-0.036677,0.065561,0.381020,0.053400,-0.296511,-0.874109
2026-03-26T14:14:00.709814+00:00,17.989890,1774534440709814400,0.537612,0.509093,-0.100119,0.843112,-0.067404,-0.524939,-0.095905,0.662262,-0.194343,-0.477405,0.636970,-0.656429,-0.136795,0.380475,0.668577,-0.036885,0.065580,0.381049,0.053228,-0.295913,-0.873162
2026-03-26T14:14:00.726713+00:00,18.006789,1774534440726713400,0.537513,0.509095,-0.100059,0.843134,-0.067314,-0.524889,-0.096058,0.661847,-0.194387,-0.477357,0.636336,-0.657103,-0.137281,0.380429,0.668473,-0.037144,0.065591,0.379917,0.053166,-0.296009,-0.874729
2026-03-26T14:14:00.743725+00:00,18.023801,1774534440743725300,0.537435,0.509138,-0.099984,0.843305,-0.067559,-0.524400,-0.096164,0.661472,-0.194514,-0.477289,0.636035,-0.657389,-0.137625,0.380090,0.668356,-0.037467,0.065541,0.378617,0.053200,-0.296003,-0.876298
2026-03-26T14:14:00.760832+00:00,18.040907,1774534440760831400,0.537363,0.509124,-0.099936,0.843292,-0.067708,-0.524398,-0.096241,0.661107,-0.194562,-0.477051,0.636335,-0.657097,-0.138203,0.379746,0.668186,-0.037773,0.065594,0.378964,0.052887,-0.294782,-0.874269
2026-03-26T14:14:00.778225+00:00,18.058301,1774534440778225000,0.537307,0.509098,-0.099890,0.843275,-0.067907,-0.524402,-0.096306,0.660682,-0.194382,-0.476748,0.637212,-0.656272,-0.138703,0.379643,0.668058,-0.038095,0.065654,0.377757,0.052709,-0.294887,-0.876518
2026-03-26T14:14:00.795094+00:00,18.075169,1774534440795093400,0.537246,0.509067,-0.099833,0.843259,-0.068037,-0.524417,-0.096311,0.660170,-0.194056,-0.476420,0.638146,-0.655358,-0.139016,0.379894,0.667909,-0.038356,0.065745,0.376841,0.052486,-0.295103,-0.877935
2026-03-26T14:14:00.812072+00:00,18.092148,1774534440812072300,0.537217,0.509055,-0.099805,0.843253,-0.068111,-0.524419,-0.096314,0.659617,-0.193634,-0.476098,0.639121,-0.653940,-0.138734,0.380131,0.667712,-0.038568,0.065899,0.376940,0.052357,-0.294813,-0.876673
2026-03-26T14:14:00.829115+00:00,18.109191,1774534440829115300,0.537209,0.509048,-0.099798,0.843235,-0.068240,-0.524431,-0.096378,0.658921,-0.193212,-0.475851,0.639272,-0.653327,-0.138434,0.381113,0.667486,-0.038725,0.066098,0.376849,0.052372,-0.295132,-0.876455
2026-03-26T14:14:00.846171+00:00,18.126247,1774534440846171100,0.537157,0.509024,-0.099668,0.843227,-0.068239,-0.524435,-0.096448,0.658234,-0.192766,-0.475642,0.638684,-0.653510,-0.138524,0.382458,0.667280,-0.038838,0.066331,0.376507,0.052605,-0.295787,-0.876760
2026-03-26T14:14:00.863233+00:00,18.143308,1774534440863232800,0.537077,0.508981,-0.099519,0.843200,-0.068384,-0.524453,-0.096572,0.657352,-0.192251,-0.475444,0.637956,-0.652698,-0.138725,0.383964,0.667088,-0.038933,0.066576,0.376280,0.052739,-0.296062,-0.877301
2026-03-26T14:14:00.880166+00:00,18.160242,1774534440880166200,0.537037,0.508960,-0.099440,0.843193,-0.068442,-0.524460,-0.096572,0.656443,-0.191624,-0.475258,0.637161,-0.652449,-0.139040,0.386183,0.666908,-0.039037,0.066855,0.376172,0.052706,-0.295921,-0.877419
2026-03-26T14:14:00.897218+00:00,18.177294,1774534440897218100,0.537060,0.508946,-0.099411,0.842871,-0.068511,-0.525166,-0.096601,0.655355,-0.190918,-0.475086,0.636856,-0.651184,-0.139380,0.388162,0.666756,-0.039166,0.067157,0.376056,0.052727,-0.295696,-0.876919
2026-03-26T14:14:00.914538+00:00,18.194614,1774534440914538100,0.537027,0.508938,-0.099119,0.842835,-0.068469,-0.524904,-0.096645,0.654269,-0.190096,-0.474904,0.636433,-0.650313,-0.139676,0.390855,0.666615,-0.039290,0.067496,0.376144,0.052789,-0.294887,-0.875400
2026-03-26T14:14:00.931353+00:00,18.211429,1774534440931353300,0.536987,0.508862,-0.098892,0.842676,-0.068466,-0.525347,-0.096723,0.653058,-0.189221,-0.474756,0.636225,-0.648932,-0.139946,0.393340,0.666514,-0.039413,0.067786,0.375082,0.053399,-0.295972,-0.877865
2026-03-26T14:14:00.948483+00:00,18.228559,1774534440948483300,0.536936,0.508865,-0.098631,0.842680,-0.068344,-0.525051,-0.096622,0.651924,-0.188272,-0.474592,0.635659,-0.647891,-0.140216,0.396078,0.666391,-0.039486,0.068124,0.375023,0.053803,-0.295838,-0.877421
2026-03-26T14:14:00.965472+00:00,18.245548,1774534440965472400,0.536906,0.508856,-0.098404,0.842274,-0.068294,-0.525895,-0.096683,0.650752,-0.187331,-0.474476,0.635150,-0.646912,-0.140712,0.398313,0.666295,-0.039538,0.068465,0.374752,0.054312,-0.296275,-0.878023
2026-03-26T14:14:00.982638+00:00,18.262714,1774534440982638200,0.536869,0.508859,-0.098164,0.842266,-0.068162,-0.525911,-0.096742,0.649576,-0.186248,-0.474362,0.635164,-0.644815,-0.140772,0.400326,0.666302,-0.039532,0.068641,0.374677,0.054716,-0.296105,-0.877611
2026-03-26T14:14:00.999626+00:00,18.279701,1774534440999625900,0.536853,0.508851,-0.097936,0.841980,-0.068055,-0.526580,-0.096699,0.648338,-0.185065,-0.474231,0.634720,-0.644191,-0.141003,0.402947,0.666287,-0.039520,0.068973,0.374593,0.055148,-0.295956,-0.877195
2026-03-26T14:14:01.016820+00:00,18.296896,1774534441016820100,0.536793,0.508880,-0.097659,0.841993,-0.067875,-0.526274,-0.096576,0.647058,-0.183682,-0.474074,0.634797,-0.642539,-0.140984,0.405265,0.666162,-0.039493,0.069378,0.374775,0.055482,-0.295596,-0.876854
2026-03-26T14:14:01.033760+00:00,18.313836,1774534441033760100,0.536731,0.508932,-0.097418,0.841959,-0.067615,-0.526373,-0.096451,0.645640,-0.182154,-0.473862,0.634540,-0.640716,-0.140937,0.407982,0.666090,-0.039469,0.069683,0.374796,0.055875,-0.295683,-0.876921
2026-03-26T14:14:01.050744+00:00,18.330819,1774534441050743600,0.536714,0.508917,-0.097191,0.841733,-0.067358,-0.526955,-0.096343,0.644216,-0.180467,-0.473554,0.633445,-0.640174,-0.141492,0.411479,0.666070,-0.039449,0.069862,0.374560,0.056480,-0.296223,-0.877496
2026-03-26T14:14:01.067883+00:00,18.347959,1774534441067883000,0.536709,0.508955,-0.096954,0.841442,-0.067098,-0.527636,-0.096339,0.642820,-0.178770,-0.473349,0.632091,-0.639361,-0.142556,0.414763,0.666013,-0.039401,0.070142,0.375443,0.056981,-0.296033,-0.875512
2026-03-26T14:14:01.084805+00:00,18.364881,1774534441084805200,0.536674,0.509021,-0.096681,0.841525,-0.066824,-0.527202,-0.096347,0.641403,-0.176774,-0.472887,0.630437,-0.637896,-0.144142,0.417779,0.666024,-0.039372,0.070217,0.375200,0.057492,-0.296485,-0.876126
2026-03-26T14:14:01.101847+00:00,18.381923,1774534441101847300,0.536713,0.509047,-0.096453,0.841130,-0.066689,-0.528024,-0.096502,0.639823,-0.174569,-0.472097,0.628076,-0.638340,-0.146306,0.420910,0.666052,-0.039345,0.070271,0.374918,0.058027,-0.297044,-0.877349
2026-03-26T14:14:01.118907+00:00,18.398982,1774534441118906600,0.536735,0.509085,-0.096221,0.841056,-0.066476,-0.528139,-0.096652,0.638390,-0.172082,-0.471308,0.627104,-0.636779,-0.148459,0.423195,0.666065,-0.039152,0.070468,0.374719,0.058460,-0.297017,-0.877601
2026-03-26T14:14:01.135935+00:00,18.416010,1774534441135934800,0.536731,0.509118,-0.095969,0.840868,-0.066299,-0.528323,-0.096761,0.636848,-0.169305,-0.470371,0.626703,-0.634927,-0.150527,0.425501,0.666044,-0.039067,0.070603,0.374693,0.058634,-0.296706,-0.876651
2026-03-26T14:14:01.152881+00:00,18.432956,1774534441152880900,0.536752,0.509134,-0.095774,0.840658,-0.066050,-0.528858,-0.096890,0.635348,-0.166185,-0.469266,0.626256,-0.634158,-0.153216,0.427658,0.666048,-0.039051,0.070686,0.374824,0.058905,-0.296337,-0.876309
2026-03-26T14:14:01.169723+00:00,18.449799,1774534441169723000,0.536806,0.509168,-0.095557,0.840383,-0.065829,-0.529195,-0.096885,0.633967,-0.162847,-0.468038,0.626179,-0.632142,-0.155270,0.428551,0.666059,-0.039044,0.070740,0.374769,0.059217,-0.296369,-0.876427
2026-03-26T14:14:01.186712+00:00,18.466788,1774534441186712100,0.536901,0.509172,-0.095378,0.840086,-0.065713,-0.529885,-0.096789,0.632697,-0.159444,-0.466695,0.624702,-0.632826,-0.157440,0.430079,0.666089,-0.039046,0.070773,0.374626,0.059594,-0.296888,-0.876856
2026-03-26T14:14:01.203731+00:00,18.483806,1774534441203730600,0.536996,0.509194,-0.095183,0.839772,-0.065629,-0.530283,-0.096701,0.631596,-0.156026,-0.465297,0.621344,-0.635593,-0.159826,0.429559,0.666075,-0.039030,0.070814,0.375449,0.059845,-0.296578,-0.874955
2026-03-26T14:14:01.220695+00:00,18.500770,1774534441220694800,0.537139,0.509227,-0.095016,0.839455,-0.065486,-0.530689,-0.096611,0.630622,-0.152724,-0.463797,0.615426,-0.641161,-0.163162,0.428571,0.666111,-0.038995,0.070828,0.375411,0.060280,-0.297426,-0.875860
2026-03-26T14:14:01.237691+00:00,18.517766,1774534441237690600,0.537275,0.509267,-0.094838,0.839136,-0.065404,-0.531099,-0.096454,0.629658,-0.149399,-0.462088,0.608004,-0.647309,-0.166575,0.429143,0.666136,-0.038965,0.070861,0.376156,0.060563,-0.297630,-0.874268
2026-03-26T14:14:01.254710+00:00,18.534785,1774534441254709800,0.537462,0.509282,-0.094709,0.838529,-0.065313,-0.532490,-0.096258,0.628506,-0.145981,-0.459982,0.600683,-0.651673,-0.170083,0.431144,0.666207,-0.038921,0.070859,0.375769,0.061134,-0.298852,-0.876428
2026-03-26T14:14:01.271784+00:00,18.551859,1774534441271783700,0.537619,0.509340,-0.094534,0.838220,-0.065162,-0.532893,-0.096055,0.627233,-0.142442,-0.457348,0.594816,-0.653887,-0.173463,0.434520,0.666287,-0.038913,0.070903,0.376487,0.061522,-0.299027,-0.874881
2026-03-26T14:14:01.288797+00:00,18.568873,1774534441288797200,0.537808,0.509380,-0.094350,0.837915,-0.064962,-0.533266,-0.096069,0.625966,-0.138740,-0.454241,0.590030,-0.655015,-0.177935,0.437713,0.666433,-0.038910,0.070950,0.377061,0.062062,-0.299495,-0.873956
2026-03-26T14:14:01.305836+00:00,18.585911,1774534441305835900,0.538008,0.509408,-0.094180,0.837446,-0.064837,-0.534081,-0.096267,0.624726,-0.134868,-0.450796,0.587262,-0.654364,-0.183497,0.439025,0.666644,-0.038914,0.071019,0.377212,0.062717,-0.299659,-0.872721
2026-03-26T14:14:01.322900+00:00,18.602976,1774534441322900000,0.538203,0.509394,-0.093981,0.836895,-0.064792,-0.534796,-0.096518,0.623569,-0.130799,-0.446964,0.585613,-0.653468,-0.190187,0.439710,0.666895,-0.038963,0.071093,0.376866,0.063440,-0.300317,-0.873242
2026-03-26T14:14:01.339982+00:00,18.620058,1774534441339982100,0.538377,0.509404,-0.093801,0.836574,-0.064646,-0.535365,-0.096871,0.622421,-0.126632,-0.442984,0.584903,-0.652444,-0.197788,0.439152,0.667218,-0.038878,0.071160,0.376362,0.064166,-0.300625,-0.874241
2026-03-26T14:14:01.356926+00:00,18.637002,1774534441356926200,0.538522,0.509404,-0.093591,0.836251,-0.064393,-0.535756,-0.096913,0.621306,-0.122535,-0.438854,0.583698,-0.651873,-0.205736,0.438397,0.667545,-0.038872,0.071267,0.376285,0.064789,-0.300717,-0.874442
2026-03-26T14:14:01.373982+00:00,18.654058,1774534441373982200,0.538671,0.509425,-0.093423,0.835765,-0.064134,-0.536764,-0.096808,0.620315,-0.118760,-0.434602,0.582402,-0.650933,-0.213475,0.438490,0.667857,-0.038855,0.071418,0.377122,0.065457,-0.300529,-0.872618
2026-03-26T14:14:01.390680+00:00,18.670756,1774534441390680300,0.538828,0.509439,-0.093267,0.835474,-0.063885,-0.537124,-0.096736,0.619327,-0.115221,-0.430441,0.581231,-0.649476,-0.220275,0.438017,0.668162,-0.038815,0.071579,0.376841,0.066444,-0.301277,-0.873911
2026-03-26T14:14:01.407765+00:00,18.687841,1774534441407765600,0.539003,0.509435,-0.093088,0.834810,-0.063784,-0.538247,-0.096816,0.618550,-0.111889,-0.426227,0.578987,-0.649615,-0.226816,0.437897,0.668419,-0.038718,0.071826,0.377681,0.067346,-0.301160,-0.872141
2026-03-26T14:14:01.424961+00:00,18.705036,1774534441424960500,0.539142,0.509440,-0.092877,0.834438,-0.063705,-0.538699,-0.096948,0.617815,-0.108821,-0.422027,0.576813,-0.649750,-0.232193,0.436923,0.668657,-0.038459,0.072103,0.378325,0.068363,-0.301608,-0.871406
2026-03-26T14:14:01.441990+00:00,18.722066,1774534441441990300,0.539289,0.509442,-0.092645,0.834070,-0.063782,-0.539142,-0.096989,0.617210,-0.106103,-0.417896,0.574287,-0.651270,-0.236667,0.436706,0.668871,-0.038128,0.072421,0.378931,0.069298,-0.302071,-0.870698
2026-03-26T14:14:01.458902+00:00,18.738978,1774534441458902200,0.539476,0.509435,-0.092416,0.833408,-0.063794,-0.540255,-0.097045,0.616578,-0.103665,-0.413812,0.572268,-0.651694,-0.239727,0.435517,0.669088,-0.037765,0.072761,0.378539,0.070427,-0.303035,-0.872649
2026-03-26T14:14:01.475939+00:00,18.756015,1774534441475939200,0.539660,0.509435,-0.092162,0.832743,-0.063745,-0.541382,-0.097050,0.616007,-0.101500,-0.409717,0.569343,-0.654090,-0.242774,0.435470,0.669263,-0.037375,0.073139,0.379134,0.071323,-0.303428,-0.871983
2026-03-26T14:14:01.493801+00:00,18.773876,1774534441493800600,0.539819,0.509446,-0.091871,0.832428,-0.063615,-0.541765,-0.097018,0.615525,-0.099621,-0.405663,0.565989,-0.655834,-0.245660,0.434938,0.669353,-0.037022,0.073608,0.379783,0.072334,-0.303931,-0.871255
2026-03-26T14:14:01.510008+00:00,18.790083,1774534441510007900,0.540006,0.509438,-0.091576,0.831780,-0.063471,-0.542878,-0.096945,0.615063,-0.098010,-0.401676,0.562392,-0.657789,-0.248946,0.434234,0.669454,-0.036636,0.074046,0.380430,0.073238,-0.304491,-0.870498
2026-03-26T14:14:01.528327+00:00,18.808403,1774534441528327000,0.540178,0.509437,-0.091228,0.831419,-0.063336,-0.543332,-0.096872,0.614676,-0.096571,-0.397536,0.557797,-0.660665,-0.252701,0.433738,0.669524,-0.036315,0.074603,0.381000,0.074240,-0.304953,-0.869869
2026-03-26T14:14:01.544113+00:00,18.824189,1774534441544113200,0.540365,0.509430,-0.090931,0.830907,-0.063334,-0.544417,-0.096952,0.614333,-0.095567,-0.393778,0.553160,-0.663764,-0.256045,0.433106,0.669583,-0.036107,0.075055,0.381621,0.075029,-0.305311,-0.869019
2026-03-26T14:14:01.561162+00:00,18.841238,1774534441561162100,0.540546,0.509401,-0.090564,0.830435,-0.063264,-0.545142,-0.096968,0.614134,-0.094930,-0.389953,0.548293,-0.667242,-0.258674,0.432378,0.669654,-0.035916,0.075527,0.382049,0.075913,-0.305797,-0.868583
2026-03-26T14:14:01.578195+00:00,18.858271,1774534441578195200,0.540755,0.509424,-0.090159,0.829886,-0.063253,-0.545956,-0.097110,0.613895,-0.094540,-0.386218,0.542656,-0.672412,-0.260114,0.431979,0.669721,-0.035870,0.076010,0.381689,0.076730,-0.306705,-0.869542
2026-03-26T14:14:01.595172+00:00,18.875247,1774534441595171600,0.540932,0.509415,-0.089736,0.829512,-0.063186,-0.546396,-0.097288,0.613724,-0.094325,-0.382665,0.537818,-0.676306,-0.260699,0.429866,0.669765,-0.035858,0.076472,0.382465,0.077290,-0.306352,-0.867272
2026-03-26T14:14:01.612280+00:00,18.892356,1774534441612280100,0.541087,0.509395,-0.089291,0.829158,-0.063111,-0.546821,-0.097340,0.613893,-0.094195,-0.379198,0.533425,-0.681556,-0.261154,0.426786,0.669857,-0.035888,0.076895,0.381952,0.077853,-0.307067,-0.867829
2026-03-26T14:14:01.629243+00:00,18.909319,1774534441629243400,0.541234,0.509380,-0.088824,0.828805,-0.063033,-0.547242,-0.097390,0.614293,-0.094120,-0.375832,0.529736,-0.686799,-0.262338,0.423175,0.669955,-0.035973,0.077267,0.381654,0.078225,-0.307364,-0.867891
2026-03-26T14:14:01.646308+00:00,18.926384,1774534441646308000,0.541378,0.509355,-0.088378,0.828453,-0.062988,-0.547987,-0.097491,0.614668,-0.094049,-0.372475,0.527014,-0.691074,-0.262938,0.419179,0.670073,-0.036206,0.077597,0.381214,0.078424,-0.308031,-0.868313
2026-03-26T14:14:01.663324+00:00,18.943400,1774534441663324200,0.541542,0.509343,-0.087897,0.827964,-0.062832,-0.548833,-0.097594,0.614995,-0.094024,-0.369269,0.525637,-0.694014,-0.262930,0.415227,0.670164,-0.036454,0.077921,0.380980,0.078696,-0.308301,-0.868304
2026-03-26T14:14:01.680349+00:00,18.960424,1774534441680348700,0.541645,0.509372,-0.087350,0.827755,-0.062550,-0.548819,-0.097735,0.615158,-0.094017,-0.366125,0.523533,-0.698084,-0.262678,0.411718,0.670224,-0.036700,0.078223,0.380662,0.079029,-0.308981,-0.868748
2026-03-26T14:14:01.697545+00:00,18.977620,1774534441697544800,0.541815,0.509376,-0.086816,0.827109,-0.062297,-0.549906,-0.097862,0.615346,-0.093990,-0.363105,0.521563,-0.701079,-0.263386,0.408146,0.670235,-0.036965,0.078527,0.381335,0.079242,-0.308855,-0.866789
2026-03-26T14:14:01.714590+00:00,18.994665,1774534441714589800,0.541946,0.509381,-0.086310,0.826779,-0.062030,-0.550636,-0.097933,0.615434,-0.093869,-0.360149,0.518810,-0.705495,-0.265012,0.404932,0.670258,-0.037177,0.078789,0.381035,0.079554,-0.309094,-0.866850
2026-03-26T14:14:01.731680+00:00,19.011756,1774534441731680600,0.542073,0.509402,-0.085748,0.826445,-0.061716,-0.551049,-0.097907,0.615403,-0.093824,-0.357357,0.517228,-0.706933,-0.267247,0.401557,0.670276,-0.037377,0.079039,0.380724,0.079856,-0.309127,-0.867025
2026-03-26T14:14:01.748780+00:00,19.028855,1774534441748779600,0.542219,0.509389,-0.085183,0.826142,-0.061424,-0.551618,-0.097934,0.615526,-0.093614,-0.354657,0.514897,-0.709382,-0.269486,0.399044,0.670297,-0.037542,0.079266,0.379549,0.080308,-0.309620,-0.869112
2026-03-26T14:14:01.765790+00:00,19.045866,1774534441765790200,0.542372,0.509428,-0.084647,0.825850,-0.061134,-0.551971,-0.097891,0.615466,-0.093295,-0.352176,0.512905,-0.710959,-0.271453,0.396715,0.670318,-0.037672,0.079503,0.379589,0.080730,-0.309507,-0.868763
2026-03-26T14:14:01.782704+00:00,19.062779,1774534441782703500,0.542579,0.509460,-0.084103,0.825508,-0.060942,-0.552391,-0.097874,0.614989,-0.092656,-0.349795,0.511287,-0.712424,-0.273308,0.395642,0.670277,-0.037790,0.079730,0.379528,0.081108,-0.309388,-0.868399
2026-03-26T14:14:01.799926+00:00,19.080002,1774534441799926400,0.542789,0.509477,-0.083565,0.825130,-0.060833,-0.552832,-0.098055,0.614223,-0.091793,-0.347448,0.509810,-0.712917,-0.275755,0.394829,0.670214,-0.037889,0.079940,0.379473,0.081418,-0.309464,-0.868536
2026-03-26T14:14:01.816941+00:00,19.097016,1774534441816940700,0.543053,0.509465,-0.083040,0.824423,-0.060761,-0.553985,-0.098268,0.613434,-0.090946,-0.345254,0.508722,-0.712970,-0.278134,0.394577,0.670156,-0.037987,0.080144,0.379432,0.081573,-0.309557,-0.868609
2026-03-26T14:14:01.833955+00:00,19.114031,1774534441833955000,0.543270,0.509448,-0.082556,0.824193,-0.060706,-0.554312,-0.098408,0.612788,-0.090162,-0.343304,0.508431,-0.711635,-0.280893,0.394700,0.670118,-0.038070,0.080327,0.379417,0.081594,-0.309577,-0.868641
2026-03-26T14:14:01.851117+00:00,19.131193,1774534441851117300,0.543497,0.509454,-0.082067,0.823847,-0.060652,-0.554716,-0.098448,0.611997,-0.089099,-0.341384,0.508448,-0.711300,-0.283540,0.395346,0.670101,-0.038160,0.080482,0.379238,0.081617,-0.310001,-0.869083
2026-03-26T14:14:01.868045+00:00,19.148120,1774534441868044500,0.543751,0.509444,-0.081615,0.823489,-0.060506,-0.555466,-0.098628,0.611123,-0.087884,-0.339569,0.509325,-0.709260,-0.285764,0.395063,0.670062,-0.038244,0.080669,0.380097,0.081568,-0.309600,-0.866508
2026-03-26T14:14:01.885067+00:00,19.165142,1774534441885066400,0.543975,0.509440,-0.081145,0.823144,-0.060304,-0.555849,-0.098881,0.610447,-0.086756,-0.337879,0.510092,-0.707383,-0.288581,0.394552,0.670060,-0.038336,0.080857,0.379817,0.081922,-0.310071,-0.867046
2026-03-26T14:14:01.902148+00:00,19.182223,1774534441902147800,0.544216,0.509420,-0.080653,0.822749,-0.060170,-0.556290,-0.099238,0.609956,-0.085795,-0.336391,0.510863,-0.705537,-0.291427,0.393822,0.670074,-0.038450,0.081044,0.379470,0.082226,-0.310442,-0.867692
2026-03-26T14:14:01.919105+00:00,19.199181,1774534441919105000,0.544432,0.509371,-0.080231,0.822383,-0.060203,-0.556676,-0.099627,0.609590,-0.084945,-0.335098,0.511164,-0.704910,-0.294289,0.393519,0.670102,-0.038581,0.081246,0.379224,0.082513,-0.309983,-0.866837
2026-03-26T14:14:01.937661+00:00,19.217737,1774534441937661300,0.544691,0.509301,-0.079823,0.821991,-0.060270,-0.557432,-0.100081,0.609372,-0.084252,-0.333989,0.511932,-0.704469,-0.296366,0.393139,0.670155,-0.038732,0.081418,0.377925,0.083065,-0.310398,-0.869019
2026-03-26T14:14:01.954175+00:00,19.234250,1774534441954174700,0.544884,0.509274,-0.079450,0.821821,-0.060169,-0.557574,-0.100423,0.609243,-0.083720,-0.333207,0.512858,-0.703981,-0.296916,0.392509,0.670118,-0.038880,0.081596,0.378347,0.083595,-0.309707,-0.867192
2026-03-26T14:14:01.970909+00:00,19.250985,1774534441970909100,0.545061,0.509204,-0.079106,0.821468,-0.060019,-0.558307,-0.100681,0.609222,-0.083344,-0.332570,0.513160,-0.703172,-0.296936,0.391598,0.670162,-0.039006,0.081748,0.377295,0.084236,-0.309910,-0.868930
2026-03-26T14:14:01.988025+00:00,19.268101,1774534441988025200,0.545139,0.509204,-0.078811,0.821453,-0.059880,-0.558324,-0.100807,0.609240,-0.083073,-0.332122,0.512272,-0.703685,-0.297017,0.392024,0.670194,-0.039161,0.081893,0.377196,0.084692,-0.309797,-0.868616
2026-03-26T14:14:02.005014+00:00,19.285090,1774534442005014200,0.545205,0.509202,-0.078559,0.821462,-0.059716,-0.558319,-0.100808,0.609268,-0.082921,-0.331810,0.510438,-0.704571,-0.296980,0.392687,0.670257,-0.039245,0.081998,0.377138,0.085007,-0.309839,-0.868775
2026-03-26T14:14:02.022024+00:00,19.302100,1774534442022024100,0.545259,0.509207,-0.078333,0.821468,-0.059555,-0.558314,-0.100872,0.609391,-0.082845,-0.331640,0.508334,-0.706252,-0.297257,0.393868,0.670378,-0.039297,0.082070,0.377117,0.085054,-0.309579,-0.868269
2026-03-26T14:14:02.039085+00:00,19.319160,1774534442039084700,0.545303,0.509211,-0.078139,0.821484,-0.059489,-0.558304,-0.100792,0.609577,-0.082782,-0.331563,0.507069,-0.706968,-0.297318,0.394477,0.670516,-0.039330,0.082113,0.377226,0.084880,-0.309190,-0.867852
2026-03-26T14:14:02.056122+00:00,19.336197,1774534442056121600,0.545316,0.509235,-0.077934,0.821837,-0.059354,-0.557572,-0.100688,0.609762,-0.082618,-0.331529,0.506622,-0.706846,-0.297241,0.394928,0.670657,-0.039353,0.082140,0.377204,0.084671,-0.309187,-0.867812
2026-03-26T14:14:02.073138+00:00,19.353214,1774534442073138500,0.545363,0.509252,-0.077754,0.821860,-0.059063,-0.557561,-0.100629,0.609829,-0.082513,-0.331551,0.507133,-0.706328,-0.297245,0.395187,0.670788,-0.039344,0.082154,0.376258,0.084966,-0.309986,-0.870184
2026-03-26T14:14:02.090118+00:00,19.370193,1774534442090117900,0.545430,0.509267,-0.077556,0.821865,-0.058812,-0.557565,-0.100646,0.609967,-0.082202,-0.331580,0.507698,-0.705755,-0.297488,0.395123,0.670833,-0.039325,0.082216,0.377520,0.084928,-0.309242,-0.866993
2026-03-26T14:14:02.107526+00:00,19.387601,1774534442107525600,0.545510,0.509297,-0.077371,0.821869,-0.058576,-0.557574,-0.100637,0.610287,-0.081692,-0.331601,0.507976,-0.705509,-0.297965,0.394672,0.670934,-0.039366,0.082202,0.376869,0.085299,-0.310136,-0.868824
2026-03-26T14:14:02.124355+00:00,19.404430,1774534442124354700,0.545613,0.509331,-0.077217,0.821644,-0.058456,-0.558140,-0.100644,0.610619,-0.081251,-0.331628,0.508755,-0.704611,-0.298377,0.394279,0.671042,-0.039366,0.082220,0.376813,0.085375,-0.309932,-0.868346
2026-03-26T14:14:02.141417+00:00,19.421493,1774534442141417100,0.545706,0.509370,-0.077035,0.821616,-0.058398,-0.557842,-0.100696,0.610831,-0.080842,-0.331649,0.509140,-0.703608,-0.298707,0.393888,0.671138,-0.039377,0.082237,0.376791,0.085294,-0.309719,-0.867800
2026-03-26T14:14:02.158458+00:00,19.438533,1774534442158457500,0.545884,0.509377,-0.076914,0.821259,-0.058396,-0.558592,-0.100781,0.611002,-0.080487,-0.331696,0.509360,-0.704161,-0.299678,0.394750,0.671284,-0.039383,0.082228,0.375863,0.085375,-0.310032,-0.869836
2026-03-26T14:14:02.176235+00:00,19.456311,1774534442176235600,0.546024,0.509380,-0.076794,0.821227,-0.058433,-0.558622,-0.100919,0.611147,-0.080106,-0.331739,0.510467,-0.702343,-0.299859,0.394321,0.671384,-0.039412,0.082242,0.375866,0.085256,-0.309870,-0.869226
2026-03-26T14:14:02.192430+00:00,19.472505,1774534442192429700,0.546175,0.509379,-0.076684,0.821184,-0.058382,-0.558671,-0.101044,0.611310,-0.079761,-0.331758,0.510747,-0.702142,-0.300775,0.394528,0.671491,-0.039454,0.082246,0.375685,0.085253,-0.310155,-0.869090
2026-03-26T14:14:02.209560+00:00,19.489636,1774534442209560300,0.546322,0.509399,-0.076578,0.821192,-0.058288,-0.558653,-0.101185,0.611579,-0.079456,-0.331728,0.510355,-0.702669,-0.302052,0.394545,0.671567,-0.039520,0.082247,0.375492,0.085255,-0.310568,-0.869520
2026-03-26T14:14:02.226613+00:00,19.506689,1774534442226613100,0.546479,0.509399,-0.076475,0.821146,-0.058213,-0.558711,-0.101303,0.611919,-0.079245,-0.331649,0.510488,-0.702507,-0.302746,0.393645,0.671632,-0.039579,0.082256,0.375280,0.085222,-0.310774,-0.869430
2026-03-26T14:14:02.243803+00:00,19.523878,1774534442243802900,0.546660,0.509415,-0.076356,0.820836,-0.058194,-0.559055,-0.101369,0.612357,-0.079056,-0.331547,0.510839,-0.702091,-0.303023,0.392707,0.671690,-0.039656,0.082271,0.375048,0.085135,-0.310930,-0.869336
2026-03-26T14:14:02.260815+00:00,19.540891,1774534442260815000,0.546836,0.509396,-0.076268,0.820765,-0.058255,-0.559131,-0.101561,0.612728,-0.078898,-0.331374,0.511710,-0.701154,-0.303395,0.391977,0.671769,-0.039731,0.082291,0.375048,0.085089,-0.310662,-0.868792
2026-03-26T14:14:02.277810+00:00,19.557886,1774534442277810100,0.547018,0.509390,-0.076177,0.820720,-0.058310,-0.559178,-0.101705,0.613124,-0.078759,-0.331170,0.512538,-0.700891,-0.304108,0.391636,0.671828,-0.039825,0.082331,0.375017,0.085153,-0.310468,-0.868261
2026-03-26T14:14:02.294835+00:00,19.574910,1774534442294834600,0.547218,0.509393,-0.076072,0.820688,-0.058332,-0.559214,-0.101825,0.613501,-0.078633,-0.330851,0.513082,-0.700220,-0.304932,0.391051,0.671892,-0.039938,0.082364,0.374763,0.085181,-0.310913,-0.868742
2026-03-26T14:14:02.312061+00:00,19.592137,1774534442312061300,0.547447,0.509398,-0.075935,0.820323,-0.058307,-0.559626,-0.101993,0.614032,-0.078589,-0.330525,0.513432,-0.699859,-0.306071,0.390459,0.671980,-0.040039,0.082434,0.373540,0.085466,-0.311478,-0.870784
2026-03-26T14:14:02.329008+00:00,19.609084,1774534442329008000,0.547648,0.509399,-0.075810,0.820309,-0.058314,-0.559642,-0.102043,0.614736,-0.078626,-0.330092,0.513301,-0.700859,-0.307771,0.389925,0.672030,-0.040155,0.082554,0.373540,0.085587,-0.311368,-0.870239
2026-03-26T14:14:02.346053+00:00,19.626128,1774534442346052800,0.547881,0.509401,-0.075646,0.820079,-0.058378,-0.559869,-0.102120,0.615628,-0.078642,-0.329585,0.514945,-0.698894,-0.308421,0.387154,0.672095,-0.040272,0.082690,0.373492,0.085765,-0.311315,-0.869728
2026-03-26T14:14:02.363161+00:00,19.643237,1774534442363161000,0.548084,0.509363,-0.075482,0.820048,-0.058470,-0.559893,-0.102304,0.616661,-0.078735,-0.328860,0.516554,-0.698969,-0.310640,0.385506,0.672165,-0.040372,0.082851,0.373431,0.085910,-0.311143,-0.869266
2026-03-26T14:14:02.380262+00:00,19.660338,1774534442380262100,0.548317,0.509293,-0.075313,0.819680,-0.058628,-0.560636,-0.102486,0.617764,-0.078717,-0.327897,0.519159,-0.697401,-0.312914,0.382956,0.672251,-0.040464,0.083032,0.373379,0.085988,-0.310958,-0.868774
2026-03-26T14:14:02.397239+00:00,19.677315,1774534442397239300,0.548538,0.509243,-0.075114,0.819490,-0.058650,-0.560792,-0.102634,0.619001,-0.078627,-0.326803,0.521731,-0.695903,-0.315366,0.380156,0.672345,-0.040540,0.083215,0.373364,0.086073,-0.310801,-0.868255
2026-03-26T14:14:02.414213+00:00,19.694288,1774534442414212500,0.548766,0.509215,-0.074790,0.818933,-0.058610,-0.561490,-0.102709,0.620563,-0.078454,-0.325534,0.523462,-0.694642,-0.318079,0.376567,0.672430,-0.040571,0.083439,0.373352,0.086219,-0.310853,-0.868302
2026-03-26T14:14:02.431261+00:00,19.711336,1774534442431260700,0.548990,0.509195,-0.074401,0.818548,-0.058496,-0.561951,-0.102692,0.622403,-0.078236,-0.324101,0.524248,-0.695010,-0.321395,0.373154,0.672505,-0.040575,0.083704,0.373138,0.086484,-0.311359,-0.868838
2026-03-26T14:14:02.448260+00:00,19.728335,1774534442448259700,0.549241,0.509170,-0.073989,0.817827,-0.058431,-0.563129,-0.102707,0.624581,-0.077810,-0.322428,0.523759,-0.695535,-0.325044,0.369758,0.672555,-0.040573,0.084021,0.372742,0.086795,-0.312240,-0.869857
2026-03-26T14:14:02.465322+00:00,19.745398,1774534442465322400,0.549505,0.509152,-0.073535,0.817115,-0.058372,-0.564294,-0.102726,0.627123,-0.077170,-0.320480,0.522989,-0.696333,-0.329390,0.366228,0.672533,-0.040559,0.084391,0.373602,0.087103,-0.312017,-0.867936
2026-03-26T14:14:02.482474+00:00,19.762550,1774534442482474200,0.549774,0.509154,-0.072998,0.816416,-0.058282,-0.565101,-0.102683,0.630041,-0.076205,-0.318156,0.521717,-0.695817,-0.333976,0.361953,0.672543,-0.040518,0.084858,0.373018,0.087873,-0.313212,-0.869713
2026-03-26T14:14:02.499451+00:00,19.779527,1774534442499451400,0.550067,0.509141,-0.072428,0.815662,-0.058166,-0.566317,-0.102766,0.633338,-0.075034,-0.315505,0.519644,-0.696903,-0.340378,0.358597,0.672542,-0.040472,0.085393,0.372598,0.088563,-0.313521,-0.869953
2026-03-26T14:14:02.516354+00:00,19.796430,1774534442516354100,0.550392,0.509130,-0.071759,0.814537,-0.057900,-0.567957,-0.102985,0.637097,-0.073583,-0.312482,0.517692,-0.696679,-0.347471,0.354546,0.672455,-0.040424,0.086028,0.373287,0.089120,-0.313044,-0.867717
2026-03-26T14:14:02.533380+00:00,19.813456,1774534442533380200,0.550692,0.509124,-0.070992,0.813749,-0.057671,-0.568871,-0.103139,0.641410,-0.071874,-0.308950,0.515600,-0.696616,-0.355233,0.349977,0.672312,-0.040414,0.086743,0.372846,0.090043,-0.313393,-0.868084
2026-03-26T14:14:02.550369+00:00,19.830445,1774534442550369300,0.551028,0.509092,-0.070196,0.812637,-0.057556,-0.570527,-0.103336,0.646235,-0.069960,-0.305121,0.512827,-0.696981,-0.363882,0.345151,0.672112,-0.040411,0.087510,0.372202,0.091160,-0.314065,-0.868660
2026-03-26T14:14:02.567238+00:00,19.847314,1774534442567238300,0.551364,0.509047,-0.069369,0.811535,-0.057537,-0.572113,-0.103576,0.651989,-0.067886,-0.300834,0.510227,-0.697304,-0.372270,0.338526,0.671851,-0.040422,0.088329,0.371695,0.092281,-0.314333,-0.868589
2026-03-26T14:14:02.584235+00:00,19.864311,1774534442584235300,0.551717,0.509001,-0.068455,0.810405,-0.057479,-0.573733,-0.103848,0.658319,-0.065676,-0.295976,0.507371,-0.697389,-0.380962,0.331612,0.671563,-0.040470,0.089201,0.370968,0.093549,-0.314995,-0.869056
2026-03-26T14:14:02.601303+00:00,19.881379,1774534442601303300,0.552078,0.508958,-0.067452,0.808909,-0.057316,-0.575757,-0.104188,0.664893,-0.063459,-0.290702,0.504001,-0.697480,-0.391281,0.325308,0.671223,-0.040613,0.090133,0.370440,0.094737,-0.315225,-0.869101
2026-03-26T14:14:02.618475+00:00,19.898551,1774534442618475500,0.552416,0.508923,-0.066412,0.807763,-0.056981,-0.577407,-0.104450,0.671903,-0.061217,-0.284823,0.500990,-0.696167,-0.402311,0.319531,0.670852,-0.040818,0.091093,0.369748,0.096140,-0.315740,-0.869468
2026-03-26T14:14:02.635330+00:00,19.915405,1774534442635329700,0.552766,0.508896,-0.065289,0.806276,-0.056575,-0.579426,-0.104772,0.679142,-0.059103,-0.278586,0.497599,-0.695422,-0.413355,0.313599,0.670437,-0.041071,0.092141,0.368958,0.097428,-0.316150,-0.869189
2026-03-26T14:14:02.652374+00:00,19.932449,1774534442652373600,0.553102,0.508864,-0.064155,0.805119,-0.056313,-0.581082,-0.104989,0.686928,-0.057224,-0.271870,0.494526,-0.694648,-0.424021,0.307031,0.669972,-0.041342,0.093282,0.368048,0.098779,-0.316673,-0.869298
2026-03-26T14:14:02.669383+00:00,19.949458,1774534442669382700,0.553461,0.508836,-0.062962,0.803754,-0.056196,-0.582763,-0.105077,0.695216,-0.055624,-0.264769,0.491329,-0.694404,-0.433799,0.299062,0.669392,-0.041628,0.094550,0.367427,0.100156,-0.316533,-0.868349
2026-03-26T14:14:02.686582+00:00,19.966657,1774534442686581500,0.553846,0.508802,-0.061719,0.802151,-0.055951,-0.585097,-0.105235,0.704167,-0.054076,-0.257153,0.488546,-0.694110,-0.442415,0.289548,0.668745,-0.041850,0.095976,0.366584,0.102009,-0.316939,-0.867957
2026-03-26T14:14:02.703498+00:00,19.983574,1774534442703498100,0.554121,0.508777,-0.060618,0.800643,-0.055724,-0.587329,-0.105371,0.713068,-0.052842,-0.249334,0.485996,-0.694269,-0.450660,0.280061,0.668017,-0.041996,0.097489,0.365662,0.104327,-0.317703,-0.868374
2026-03-26T14:14:02.720558+00:00,20.000634,1774534442720558200,0.554453,0.508768,-0.059302,0.799115,-0.055551,-0.589404,-0.105281,0.722073,-0.051814,-0.241169,0.483528,-0.693447,-0.460776,0.271393,0.667252,-0.042119,0.099157,0.364595,0.106748,-0.318526,-0.868994
2026-03-26T14:14:02.737456+00:00,20.017532,1774534442737456300,0.555124,0.508726,-0.057798,0.797561,-0.055578,-0.591463,-0.105280,0.730852,-0.050978,-0.232844,0.483195,-0.689894,-0.470295,0.263917,0.666448,-0.042237,0.100962,0.364392,0.108761,-0.318519,-0.867347
2026-03-26T14:14:02.754483+00:00,20.034558,1774534442754482400,0.555649,0.508656,-0.056399,0.795984,-0.055610,-0.593563,-0.105458,0.739944,-0.050260,-0.224165,0.484744,-0.686400,-0.478194,0.254374,0.665668,-0.042346,0.102858,0.363051,0.111086,-0.319566,-0.868034
2026-03-26T14:14:02.771239+00:00,20.051315,1774534442771239200,0.556214,0.508559,-0.054938,0.794035,-0.055607,-0.596227,-0.105724,0.748955,-0.049930,-0.215385,0.485168,-0.684087,-0.486771,0.244747,0.664876,-0.042488,0.104905,0.361449,0.113535,-0.321108,-0.869332
2026-03-26T14:14:02.788404+00:00,20.068479,1774534442788403500,0.556818,0.508494,-0.053367,0.792158,-0.055451,-0.598452,-0.105831,0.758103,-0.049594,-0.206413,0.484373,-0.683048,-0.494463,0.234060,0.663998,-0.042653,0.107197,0.360691,0.115901,-0.321947,-0.867430
2026-03-26T14:14:02.805376+00:00,20.085451,1774534442805375700,0.557434,0.508438,-0.051824,0.790220,-0.055407,-0.601329,-0.105558,0.767211,-0.049435,-0.197545,0.482841,-0.681353,-0.501400,0.224112,0.663080,-0.042798,0.109637,0.359723,0.118528,-0.323258,-0.866334
2026-03-26T14:14:02.822656+00:00,20.102732,1774534442822656300,0.558104,0.508413,-0.050211,0.788267,-0.055398,-0.603863,-0.105007,0.775984,-0.049490,-0.188805,0.480985,-0.680042,-0.508903,0.215325,0.662104,-0.042916,0.112251,0.358630,0.121410,-0.324931,-0.865864
2026-03-26T14:14:02.839492+00:00,20.119567,1774534442839491900,0.558831,0.508381,-0.048598,0.786172,-0.055403,-0.606665,-0.104546,0.784723,-0.049677,-0.180097,0.479488,-0.678296,-0.515642,0.207075,0.661118,-0.043045,0.115010,0.357193,0.124510,-0.327089,-0.866138
2026-03-26T14:14:02.856656+00:00,20.136732,1774534442856656100,0.559617,0.508348,-0.046930,0.783912,-0.055489,-0.609742,-0.104217,0.793384,-0.050304,-0.171340,0.478083,-0.677671,-0.522372,0.197918,0.660048,-0.043204,0.117969,0.355575,0.127686,-0.328924,-0.865423
2026-03-26T14:14:02.873724+00:00,20.153800,1774534442873724000,0.560430,0.508326,-0.045183,0.782003,-0.055617,-0.611775,-0.103908,0.801937,-0.050987,-0.162769,0.475645,-0.678471,-0.528717,0.188439,0.658972,-0.043411,0.121068,0.353615,0.131279,-0.331239,-0.865786
2026-03-26T14:14:02.890862+00:00,20.170938,1774534442890862100,0.561313,0.508269,-0.043475,0.779546,-0.055727,-0.615177,-0.103833,0.810116,-0.051864,-0.154420,0.472406,-0.678207,-0.533512,0.179545,0.657820,-0.043694,0.124352,0.351446,0.135069,-0.333297,-0.865163
2026-03-26T14:14:02.908062+00:00,20.188137,1774534442908061600,0.562202,0.508208,-0.041740,0.777492,-0.055890,-0.617772,-0.103501,0.818226,-0.053195,-0.146286,0.468120,-0.678564,-0.539454,0.173319,0.656640,-0.044025,0.127732,0.350092,0.138508,-0.334216,-0.862385
2026-03-26T14:14:02.925179+00:00,20.205254,1774534442925178800,0.563109,0.508130,-0.040077,0.775722,-0.056169,-0.620054,-0.103130,0.825827,-0.054410,-0.138506,0.464970,-0.677697,-0.543375,0.167424,0.655438,-0.044507,0.131213,0.347326,0.142334,-0.335860,-0.862906
2026-03-26T14:14:02.942201+00:00,20.222276,1774534442942200800,0.564070,0.508007,-0.038457,0.773618,-0.056458,-0.622707,-0.102764,0.833607,-0.055729,-0.130701,0.462263,-0.678634,-0.547886,0.162039,0.654272,-0.045061,0.134669,0.344208,0.146357,-0.337849,-0.864033
2026-03-26T14:14:02.959285+00:00,20.239360,1774534442959284600,0.565050,0.507830,-0.036858,0.771876,-0.056701,-0.624962,-0.102706,0.841668,-0.056936,-0.122910,0.461941,-0.680386,-0.548503,0.154806,0.653080,-0.045718,0.138142,0.341269,0.150146,-0.339227,-0.864110
2026-03-26T14:14:02.976147+00:00,20.256223,1774534442976147100,0.566023,0.507620,-0.035297,0.770188,-0.056939,-0.626869,-0.102733,0.850028,-0.058161,-0.115233,0.462850,-0.682294,-0.547096,0.147532,0.651874,-0.046371,0.141582,0.339423,0.153291,-0.340085,-0.861630
2026-03-26T14:14:02.993107+00:00,20.273182,1774534442993106700,0.566989,0.507408,-0.033796,0.768857,-0.057315,-0.628529,-0.102928,0.858416,-0.059297,-0.107604,0.464213,-0.683804,-0.544390,0.139868,0.650685,-0.047032,0.144998,0.336056,0.157167,-0.342523,-0.863236
2026-03-26T14:14:03.010136+00:00,20.290212,1774534443010136100,0.567986,0.507143,-0.032319,0.767083,-0.057894,-0.630780,-0.103091,0.866812,-0.060392,-0.100088,0.466006,-0.685371,-0.542260,0.132449,0.649479,-0.047749,0.148398,0.333798,0.160369,-0.343661,-0.861047
2026-03-26T14:14:03.027228+00:00,20.307304,1774534443027228400,0.568936,0.506880,-0.030875,0.765676,-0.058519,-0.632240,-0.103322,0.875210,-0.061579,-0.092606,0.469018,-0.686625,-0.540105,0.124592,0.648299,-0.048437,0.151723,0.330489,0.163709,-0.345519,-0.861851
2026-03-26T14:14:03.044274+00:00,20.324349,1774534443044273700,0.569860,0.506616,-0.029438,0.764452,-0.058995,-0.633423,-0.103506,0.883858,-0.062794,-0.085094,0.473723,-0.687960,-0.536780,0.115998,0.647195,-0.049165,0.154970,0.327202,0.166891,-0.347286,-0.862711
2026-03-26T14:14:03.062287+00:00,20.342362,1774534443062286600,0.570881,0.506381,-0.028014,0.762977,-0.059474,-0.635441,-0.103535,0.892842,-0.064372,-0.077351,0.481092,-0.688334,-0.531402,0.107544,0.646003,-0.049873,0.158297,0.324216,0.169936,-0.348286,-0.862158
2026-03-26T14:14:03.078794+00:00,20.358870,1774534443078794200,0.571746,0.506194,-0.026685,0.762093,-0.059819,-0.636355,-0.103516,0.901353,-0.065851,-0.070161,0.488099,-0.690378,-0.526144,0.099859,0.644930,-0.050462,0.161334,0.321568,0.173098,-0.349347,-0.861983
2026-03-26T14:14:03.095895+00:00,20.375971,1774534443095895200,0.572652,0.505962,-0.025302,0.761170,-0.060173,-0.637303,-0.103603,0.909970,-0.067475,-0.062994,0.496584,-0.690557,-0.518960,0.090138,0.643838,-0.050990,0.164338,0.318960,0.176630,-0.350860,-0.863021
2026-03-26T14:14:03.112900+00:00,20.392976,1774534443112900200,0.573531,0.505688,-0.023955,0.759787,-0.060575,-0.639125,-0.104068,0.918460,-0.069087,-0.056080,0.505771,-0.689147,-0.512366,0.078401,0.642807,-0.051465,0.167247,0.317427,0.179420,-0.351105,-0.860358
2026-03-26T14:14:03.129994+00:00,20.410070,1774534443129994100,0.574360,0.505421,-0.022574,0.758832,-0.060946,-0.640097,-0.104430,0.926513,-0.071265,-0.049507,0.514909,-0.688346,-0.507245,0.067916,0.641913,-0.051894,0.170011,0.314608,0.182356,-0.352627,-0.861651
2026-03-26T14:14:03.147019+00:00,20.427094,1774534443147018900,0.575127,0.505194,-0.021242,0.757916,-0.061218,-0.641000,-0.104440,0.934479,-0.073454,-0.043166,0.523981,-0.686717,-0.500483,0.059577,0.641191,-0.052211,0.172563,0.312350,0.184699,-0.353807,-0.863321
2026-03-26T14:14:03.164031+00:00,20.444106,1774534443164030500,0.575859,0.505023,-0.019996,0.757055,-0.061542,-0.642238,-0.104120,0.942278,-0.076605,-0.037233,0.529289,-0.688727,-0.493224,0.050488,0.640438,-0.052497,0.175094,0.311667,0.186205,-0.353440,-0.860195
2026-03-26T14:14:03.181037+00:00,20.461112,1774534443181036700,0.576534,0.504939,-0.018724,0.756651,-0.061890,-0.642317,-0.103664,0.950271,-0.079668,-0.031424,0.532041,-0.692532,-0.484967,0.040107,0.639824,-0.052645,0.177467,0.309692,0.188592,-0.355070,-0.862132
2026-03-26T14:14:03.198117+00:00,20.478193,1774534443198117300,0.577254,0.504825,-0.017501,0.755778,-0.062343,-0.643638,-0.103378,0.957741,-0.083170,-0.026272,0.533705,-0.697391,-0.477776,0.030202,0.639211,-0.052704,0.179769,0.309058,0.190370,-0.355490,-0.860769
2026-03-26T14:14:03.215168+00:00,20.495244,1774534443215168300,0.577955,0.504717,-0.016271,0.754928,-0.062759,-0.644941,-0.103013,0.964757,-0.086416,-0.021548,0.536504,-0.699763,-0.470641,0.022003,0.638681,-0.052696,0.181991,0.308330,0.192239,-0.356814,-0.860940
2026-03-26T14:14:03.232159+00:00,20.512235,1774534443232159200,0.578623,0.504680,-0.014983,0.754552,-0.062956,-0.644937,-0.102221,0.970844,-0.089948,-0.017212,0.540535,-0.701510,-0.463926,0.015292,0.638164,-0.052658,0.184185,0.307813,0.194130,-0.357693,-0.860554
2026-03-26T14:14:03.249279+00:00,20.529354,1774534443249278800,0.579320,0.504651,-0.013808,0.754218,-0.063148,-0.645738,-0.101281,0.976763,-0.093395,-0.013094,0.544234,-0.703102,-0.457301,0.008715,0.637676,-0.052543,0.186339,0.307322,0.196027,-0.358765,-0.860688
2026-03-26T14:14:03.266420+00:00,20.546495,1774534443266419900,0.580092,0.504625,-0.012538,0.753491,-0.063231,-0.646913,-0.100442,0.982263,-0.097111,-0.009103,0.546736,-0.705816,-0.450251,0.001802,0.637206,-0.052346,0.188493,0.307396,0.197500,-0.359123,-0.858468
2026-03-26T14:14:03.283587+00:00,20.563663,1774534443283587400,0.580845,0.504607,-0.011311,0.753112,-0.063344,-0.647323,-0.099680,0.987602,-0.100387,-0.005456,0.548527,-0.708409,-0.444267,-0.004724,0.636802,-0.052168,0.190620,0.306073,0.199772,-0.360581,-0.860749
2026-03-26T14:14:03.300417+00:00,20.580493,1774534443300417100,0.581642,0.504609,-0.010041,0.752746,-0.063459,-0.647718,-0.099002,0.992137,-0.103641,-0.001959,0.550057,-0.710399,-0.439401,-0.010309,0.636408,-0.052040,0.192717,0.306040,0.201235,-0.360206,-0.858990
2026-03-26T14:14:03.317555+00:00,20.597631,1774534443317555000,0.582451,0.504637,-0.008820,0.752379,-0.063498,-0.648130,-0.098138,0.996331,-0.106454,0.001377,0.553208,-0.709664,-0.435405,-0.015426,0.636047,-0.051979,0.194812,0.305599,0.203017,-0.360581,-0.858011
2026-03-26T14:14:03.334706+00:00,20.614781,1774534443334705900,0.583272,0.504673,-0.007568,0.752022,-0.063492,-0.648531,-0.097294,0.999915,-0.109358,0.004779,0.556089,-0.708717,-0.432618,-0.020684,0.635715,-0.051999,0.196887,0.305099,0.204396,-0.360595,-0.856203
2026-03-26T14:14:03.351534+00:00,20.631610,1774534443351534100,0.584137,0.504682,-0.006391,0.751393,-0.063364,-0.649869,-0.096631,1.003372,-0.112045,0.008195,0.558690,-0.708858,-0.430405,-0.027017,0.635471,-0.052031,0.198905,0.302825,0.206543,-0.362033,-0.858677
2026-03-26T14:14:03.368631+00:00,20.648707,1774534443368631300,0.585029,0.504735,-0.005172,0.751035,-0.063211,-0.650273,-0.095781,1.006580,-0.114568,0.011672,0.562871,-0.706275,-0.427858,-0.033473,0.635148,-0.052090,0.200992,0.302178,0.207954,-0.361917,-0.856694
2026-03-26T14:14:03.385743+00:00,20.665819,1774534443385743300,0.585961,0.504794,-0.004030,0.750664,-0.063059,-0.650684,-0.095065,1.009435,-0.116818,0.015073,0.567832,-0.703438,-0.425807,-0.039145,0.634875,-0.052410,0.203036,0.300522,0.209927,-0.362692,-0.857001
2026-03-26T14:14:03.402804+00:00,20.682880,1774534443402804400,0.586964,0.504813,-0.002864,0.749825,-0.063114,-0.651984,-0.094692,1.011993,-0.118539,0.018218,0.573153,-0.699610,-0.423769,-0.043461,0.634605,-0.052836,0.205105,0.298244,0.212224,-0.364257,-0.859075
2026-03-26T14:14:03.419865+00:00,20.699941,1774534443419865000,0.587927,0.504821,-0.001792,0.749416,-0.063183,-0.652417,-0.094212,1.014303,-0.119942,0.021087,0.578296,-0.696063,-0.421781,-0.046367,0.634359,-0.053326,0.207077,0.297727,0.213057,-0.363312,-0.855343
2026-03-26T14:14:03.437018+00:00,20.717093,1774534443437017900,0.588931,0.504823,-0.000717,0.749019,-0.063108,-0.652840,-0.093738,1.016441,-0.121189,0.023586,0.581987,-0.694561,-0.420775,-0.048745,0.634165,-0.053932,0.209032,0.295065,0.214652,-0.364378,-0.857699
2026-03-26T14:14:03.454028+00:00,20.734104,1774534443454028300,0.589862,0.504848,0.000240,0.749109,-0.062823,-0.652776,-0.093000,1.018491,-0.122505,0.025810,0.585662,-0.692233,-0.417792,-0.051054,0.634000,-0.054497,0.210834,0.293728,0.215628,-0.364194,-0.856946
2026-03-26T14:14:03.471239+00:00,20.751315,1774534443471239400,0.590835,0.504882,0.001271,0.748796,-0.062365,-0.653115,-0.092297,1.020672,-0.124113,0.027764,0.589612,-0.691384,-0.413887,-0.053838,0.633806,-0.055172,0.212585,0.292439,0.216472,-0.364416,-0.855731
2026-03-26T14:14:03.488227+00:00,20.768303,1774534443488227300,0.591830,0.504896,0.002159,0.748435,-0.061937,-0.653921,-0.091956,1.022977,-0.125970,0.029418,0.593928,-0.691265,-0.408426,-0.056904,0.633631,-0.055722,0.214208,0.290878,0.217925,-0.365413,-0.856446
2026-03-26T14:14:03.505264+00:00,20.785340,1774534443505264200,0.592833,0.504886,0.003166,0.747974,-0.061642,-0.654379,-0.092190,1.025491,-0.127927,0.030982,0.598554,-0.690280,-0.401860,-0.059621,0.633420,-0.056342,0.215705,0.289118,0.219125,-0.366424,-0.857108
2026-03-26T14:14:03.522422+00:00,20.802498,1774534443522422300,0.593790,0.504858,0.004018,0.747911,-0.061433,-0.654438,-0.092597,1.027905,-0.129903,0.032288,0.603605,-0.689587,-0.395682,-0.061301,0.633314,-0.056915,0.217092,0.287410,0.220243,-0.367783,-0.858340
2026-03-26T14:14:03.539287+00:00,20.819363,1774534443539287200,0.594758,0.504736,0.004880,0.747313,-0.061360,-0.655008,-0.092808,1.030033,-0.131643,0.033276,0.608240,-0.688054,-0.390299,-0.061278,0.633316,-0.057557,0.218257,0.286739,0.219630,-0.366869,-0.855599
2026-03-26T14:14:03.556486+00:00,20.836561,1774534443556485800,0.595668,0.504607,0.005621,0.746933,-0.061442,-0.655805,-0.092647,1.032143,-0.133268,0.034353,0.612244,-0.687418,-0.386023,-0.061244,0.633348,-0.058074,0.219321,0.284872,0.220045,-0.367836,-0.857783
2026-03-26T14:14:03.573451+00:00,20.853527,1774534443573451100,0.596508,0.504582,0.006267,0.746802,-0.061445,-0.655570,-0.092070,1.033967,-0.134802,0.035268,0.616292,-0.685613,-0.382047,-0.062053,0.633438,-0.058542,0.220332,0.283655,0.220005,-0.368019,-0.858122
2026-03-26T14:14:03.590578+00:00,20.870654,1774534443590578300,0.597369,0.504528,0.006841,0.746392,-0.061543,-0.656429,-0.091657,1.035832,-0.136367,0.036409,0.619338,-0.684214,-0.379398,-0.065009,0.633395,-0.058828,0.221135,0.282631,0.220634,-0.369061,-0.859724
2026-03-26T14:14:03.607603+00:00,20.887679,1774534443607603300,0.598160,0.504479,0.007477,0.745962,-0.061530,-0.656874,-0.091408,1.037563,-0.137953,0.037420,0.622335,-0.682789,-0.376863,-0.068083,0.633417,-0.059084,0.221936,0.281767,0.221233,-0.369826,-0.860258
2026-03-26T14:14:03.624652+00:00,20.904727,1774534443624651700,0.598963,0.504433,0.008069,0.745524,-0.061512,-0.657332,-0.091126,1.039265,-0.139539,0.038314,0.626100,-0.680593,-0.373919,-0.070310,0.633400,-0.059244,0.222718,0.282546,0.221004,-0.368719,-0.856626
2026-03-26T14:14:03.641634+00:00,20.921709,1774534443641633900,0.599732,0.504368,0.008662,0.745120,-0.061480,-0.657742,-0.090955,1.040891,-0.141171,0.039006,0.629386,-0.678768,-0.370497,-0.071981,0.633413,-0.059408,0.223430,0.281672,0.221893,-0.369316,-0.857602
2026-03-26T14:14:03.658783+00:00,20.938858,1774534443658782800,0.600498,0.504300,0.009163,0.744676,-0.061499,-0.658642,-0.090691,1.042520,-0.142935,0.039630,0.631849,-0.678414,-0.366850,-0.073823,0.633427,-0.059546,0.224101,0.280877,0.222602,-0.369769,-0.858314
2026-03-26T14:14:03.675863+00:00,20.955939,1774534443675863400,0.601229,0.504267,0.009658,0.744306,-0.061422,-0.659029,-0.090331,1.044235,-0.144782,0.040456,0.633026,-0.679338,-0.363298,-0.076716,0.633458,-0.059707,0.224753,0.280245,0.223119,-0.369426,-0.857775
2026-03-26T14:14:03.692843+00:00,20.972918,1774534443692842700,0.601908,0.504280,0.010105,0.744367,-0.061363,-0.658553,-0.089739,1.045705,-0.146771,0.041091,0.634385,-0.680016,-0.359263,-0.080459,0.633477,-0.059861,0.225315,0.280300,0.223124,-0.368523,-0.856331
2026-03-26T14:14:03.710665+00:00,20.990740,1774534443710664600,0.602618,0.504273,0.010489,0.744009,-0.061247,-0.659370,-0.089181,1.047235,-0.148552,0.042119,0.636029,-0.679855,-0.356102,-0.084326,0.633515,-0.060038,0.225858,0.278885,0.224327,-0.369669,-0.859751
2026-03-26T14:14:03.726947+00:00,21.007023,1774534443726947300,0.603320,0.504246,0.010889,0.743734,-0.061049,-0.659607,-0.088968,1.048365,-0.150203,0.042799,0.639371,-0.677445,-0.353429,-0.087236,0.633518,-0.060220,0.226383,0.279629,0.223896,-0.368493,-0.855222
2026-03-26T14:14:03.743989+00:00,21.024064,1774534443743988500,0.604027,0.504233,0.011291,0.743583,-0.060720,-0.659781,-0.089089,1.049288,-0.151406,0.043812,0.643714,-0.673516,-0.352111,-0.088601,0.633588,-0.060444,0.226796,0.278433,0.224685,-0.369880,-0.856917
2026-03-26T14:14:03.761044+00:00,21.041119,1774534443761043500,0.604712,0.504243,0.011645,0.742965,-0.060611,-0.660804,-0.089343,1.049898,-0.152603,0.044653,0.648099,-0.669371,-0.351650,-0.089262,0.633583,-0.060715,0.227208,0.278332,0.223736,-0.368849,-0.854488
2026-03-26T14:14:03.778180+00:00,21.058255,1774534443778179500,0.605317,0.504224,0.011954,0.742957,-0.060563,-0.660382,-0.089134,1.050412,-0.153861,0.045607,0.650911,-0.666596,-0.351851,-0.091059,0.633788,-0.060977,0.227556,0.276633,0.224398,-0.370633,-0.858542
2026-03-26T14:14:03.795253+00:00,21.075328,1774534443795252400,0.605914,0.504195,0.012160,0.742977,-0.060638,-0.660366,-0.088816,1.051025,-0.155019,0.046739,0.653408,-0.663516,-0.351648,-0.093810,0.633958,-0.061208,0.227920,0.276812,0.223581,-0.369728,-0.856420
2026-03-26T14:14:03.812251+00:00,21.092327,1774534443812251400,0.606510,0.504162,0.012311,0.742568,-0.060737,-0.661224,-0.088471,1.051515,-0.156428,0.047431,0.655038,-0.662346,-0.351194,-0.097020,0.634119,-0.061366,0.228254,0.276709,0.223256,-0.369840,-0.856042
2026-03-26T14:14:03.829200+00:00,21.109275,1774534443829199700,0.607028,0.504147,0.012453,0.742153,-0.060827,-0.661654,-0.088068,1.052036,-0.157737,0.048200,0.656656,-0.660723,-0.350410,-0.099878,0.634248,-0.061438,0.228575,0.276385,0.223494,-0.370774,-0.856953
2026-03-26T14:14:03.846223+00:00,21.126299,1774534443846223100,0.607457,0.504136,0.012462,0.742157,-0.061016,-0.661650,-0.087888,1.052475,-0.159098,0.048575,0.657905,-0.659010,-0.349302,-0.102533,0.634288,-0.061468,0.228845,0.275856,0.223859,-0.372131,-0.858614
2026-03-26T14:14:03.863379+00:00,21.143455,1774534443863379500,0.608076,0.504107,0.012542,0.741687,-0.061321,-0.662124,-0.087766,1.052970,-0.160162,0.048783,0.657268,-0.659627,-0.349150,-0.104905,0.634347,-0.061485,0.229175,0.276663,0.223169,-0.371456,-0.855478
2026-03-26T14:14:03.880579+00:00,21.160655,1774534443880579000,0.608735,0.503982,0.012724,0.741614,-0.061715,-0.662190,-0.087929,1.053347,-0.160880,0.048868,0.656550,-0.660826,-0.348251,-0.106167,0.634405,-0.061494,0.229445,0.276304,0.223363,-0.372072,-0.856553
2026-03-26T14:14:03.897415+00:00,21.177491,1774534443897415400,0.609269,0.503857,0.012823,0.741119,-0.062228,-0.662682,-0.088034,1.053584,-0.160964,0.048887,0.657532,-0.659873,-0.347478,-0.104662,0.634492,-0.061501,0.229731,0.275616,0.223760,-0.373145,-0.857824
2026-03-26T14:14:03.914471+00:00,21.194546,1774534443914470600,0.609736,0.503731,0.012875,0.741077,-0.062637,-0.662713,-0.088146,1.053764,-0.160955,0.048771,0.657077,-0.661359,-0.347146,-0.102805,0.634535,-0.061483,0.229949,0.275299,0.224102,-0.373903,-0.858801
2026-03-26T14:14:03.931767+00:00,21.211842,1774534443931766500,0.610261,0.503582,0.012937,0.740590,-0.062929,-0.663181,-0.088578,1.054024,-0.160794,0.048806,0.656746,-0.662581,-0.346120,-0.101588,0.634569,-0.061467,0.230226,0.276211,0.223613,-0.372965,-0.855124
2026-03-26T14:14:03.948535+00:00,21.228611,1774534443948535500,0.610752,0.503430,0.012964,0.740503,-0.063182,-0.663348,-0.089409,1.054339,-0.160634,0.048668,0.656580,-0.663177,-0.344696,-0.101867,0.634636,-0.061449,0.230368,0.276475,0.223701,-0.372644,-0.853758
2026-03-26T14:14:03.965683+00:00,21.245759,1774534443965683500,0.611180,0.503209,0.013017,0.740377,-0.063526,-0.663002,-0.090280,1.054687,-0.160622,0.048851,0.657815,-0.661900,-0.343582,-0.102730,0.634754,-0.061444,0.230473,0.275894,0.224377,-0.373564,-0.855426
2026-03-26T14:14:03.982469+00:00,21.262545,1774534443982469300,0.611548,0.502985,0.013037,0.740272,-0.063831,-0.663071,-0.091066,1.054887,-0.160421,0.049452,0.658606,-0.660829,-0.344595,-0.104015,0.634914,-0.061493,0.230556,0.275727,0.224230,-0.373111,-0.854759
2026-03-26T14:14:03.999453+00:00,21.279528,1774534443999452700,0.611805,0.502826,0.013048,0.740220,-0.064004,-0.663097,-0.091496,1.055012,-0.160269,0.050083,0.659483,-0.659418,-0.345444,-0.105237,0.635156,-0.061455,0.230561,0.274961,0.224651,-0.373276,-0.856651
2026-03-26T14:14:04.016620+00:00,21.296696,1774534444016620200,0.612031,0.502743,0.013072,0.739734,-0.064079,-0.663581,-0.091723,1.055086,-0.160117,0.050509,0.660529,-0.657835,-0.345999,-0.106875,0.635370,-0.061433,0.230543,0.275331,0.224373,-0.372615,-0.855596
2026-03-26T14:14:04.033612+00:00,21.313687,1774534444033611700,0.612148,0.502707,0.013071,0.739693,-0.064135,-0.663622,-0.091795,1.055128,-0.160011,0.051048,0.661208,-0.656656,-0.346171,-0.108190,0.635592,-0.061410,0.230494,0.275755,0.224062,-0.371954,-0.854539
2026-03-26T14:14:04.050834+00:00,21.330910,1774534444050834200,0.612217,0.502699,0.012992,0.739666,-0.064247,-0.663641,-0.091834,1.055172,-0.159853,0.051255,0.661702,-0.656206,-0.346119,-0.108097,0.635830,-0.061392,0.230325,0.275930,0.223976,-0.372173,-0.854978
2026-03-26T14:14:04.067743+00:00,21.347819,1774534444067743200,0.612253,0.502694,0.012882,0.739698,-0.064221,-0.663606,-0.091893,1.055197,-0.159666,0.051318,0.662034,-0.656421,-0.345623,-0.107627,0.636085,-0.061378,0.230034,0.276149,0.223648,-0.372261,-0.855135
2026-03-26T14:14:04.084788+00:00,21.364863,1774534444084787700,0.612260,0.502684,0.012689,0.739670,-0.064156,-0.663642,-0.091870,1.055171,-0.159559,0.051360,0.662160,-0.656865,-0.344443,-0.106943,0.636337,-0.061366,0.229690,0.276530,0.222978,-0.372065,-0.854683
2026-03-26T14:14:04.101820+00:00,21.381896,1774534444101820100,0.612228,0.502698,0.012451,0.740145,-0.064028,-0.663166,-0.091738,1.055125,-0.159532,0.051381,0.662255,-0.657313,-0.343313,-0.106272,0.636590,-0.061305,0.229268,0.275421,0.223591,-0.373885,-0.859418
2026-03-26T14:14:04.118545+00:00,21.398621,1774534444118545500,0.612159,0.502753,0.012207,0.740253,-0.063906,-0.663073,-0.091490,1.055085,-0.159499,0.051318,0.662478,-0.658008,-0.342611,-0.105786,0.636770,-0.061180,0.228866,0.276233,0.223164,-0.373353,-0.858949
2026-03-26T14:14:04.136948+00:00,21.417023,1774534444136947600,0.612078,0.502775,0.011922,0.740292,-0.063973,-0.663032,-0.091225,1.054946,-0.159424,0.051243,0.662839,-0.657655,-0.341672,-0.105103,0.636976,-0.061044,0.228410,0.276529,0.222962,-0.373313,-0.859103
2026-03-26T14:14:04.153302+00:00,21.433378,1774534444153302100,0.611930,0.502797,0.011630,0.740631,-0.064072,-0.662680,-0.091012,1.054756,-0.159345,0.051088,0.663221,-0.657331,-0.341453,-0.104767,0.637132,-0.060891,0.228000,0.277629,0.222022,-0.372012,-0.857235
2026-03-26T14:14:04.170219+00:00,21.450294,1774534444170218700,0.611808,0.502855,0.011330,0.740772,-0.064151,-0.662550,-0.090759,1.054402,-0.159028,0.051293,0.663579,-0.656419,-0.342479,-0.104873,0.637314,-0.060778,0.227597,0.277964,0.221586,-0.371629,-0.857406
2026-03-26T14:14:04.187236+00:00,21.467312,1774534444187236100,0.611651,0.502920,0.011016,0.740711,-0.064149,-0.662609,-0.090417,1.053981,-0.158687,0.051244,0.664203,-0.654975,-0.344633,-0.105311,0.637429,-0.060626,0.227186,0.278905,0.220894,-0.370622,-0.855583
2026-03-26T14:14:04.204224+00:00,21.484300,1774534444204224000,0.611514,0.502993,0.010715,0.740736,-0.064145,-0.662587,-0.090276,1.053432,-0.158141,0.051616,0.665092,-0.653049,-0.346755,-0.105676,0.637520,-0.060454,0.226764,0.279438,0.220375,-0.370219,-0.854859
2026-03-26T14:14:04.221375+00:00,21.501451,1774534444221375100,0.611381,0.503039,0.010394,0.741281,-0.064245,-0.662029,-0.090162,1.052793,-0.157501,0.051906,0.666423,-0.650707,-0.349099,-0.105804,0.637621,-0.060310,0.226421,0.279653,0.220146,-0.370279,-0.855021
2026-03-26T14:14:04.238409+00:00,21.518485,1774534444238409200,0.611276,0.503093,0.010119,0.741208,-0.064274,-0.662107,-0.090148,1.052117,-0.156649,0.052179,0.667508,-0.648073,-0.350976,-0.105426,0.637704,-0.060167,0.226018,0.278780,0.220862,-0.371838,-0.859736
2026-03-26T14:14:04.255539+00:00,21.535615,1774534444255539300,0.611177,0.503137,0.009821,0.741656,-0.064277,-0.661653,-0.090100,1.051232,-0.155742,0.052329,0.667647,-0.646866,-0.353073,-0.104553,0.637774,-0.060066,0.225718,0.278892,0.220865,-0.372034,-0.860182
2026-03-26T14:14:04.272449+00:00,21.552525,1774534444272449100,0.611122,0.503159,0.009569,0.741658,-0.064303,-0.661643,-0.090186,1.050364,-0.154714,0.052412,0.666575,-0.647393,-0.354697,-0.103143,0.637837,-0.060005,0.225390,0.278945,0.220720,-0.371920,-0.859880
2026-03-26T14:14:04.289734+00:00,21.569810,1774534444289734000,0.611059,0.503151,0.009301,0.742050,-0.064514,-0.661229,-0.090505,1.049425,-0.153671,0.052437,0.664219,-0.649746,-0.355829,-0.101325,0.637907,-0.059984,0.225112,0.279111,0.220652,-0.371318,-0.859223
2026-03-26T14:14:04.306607+00:00,21.586683,1774534444306607300,0.611027,0.503134,0.009062,0.741981,-0.064642,-0.661281,-0.091022,1.048523,-0.152552,0.052073,0.661259,-0.652742,-0.355949,-0.099245,0.638017,-0.060007,0.224786,0.279496,0.220145,-0.370373,-0.858018
2026-03-26T14:14:04.323537+00:00,21.603613,1774534444323537500,0.610955,0.503146,0.008838,0.742371,-0.064667,-0.660429,-0.091595,1.047585,-0.151328,0.051708,0.658001,-0.656449,-0.356715,-0.096838,0.638205,-0.060031,0.224414,0.278695,0.220500,-0.370844,-0.860903
2026-03-26T14:14:04.340671+00:00,21.620747,1774534444340671300,0.610902,0.503143,0.008574,0.742363,-0.064692,-0.660430,-0.092067,1.046654,-0.150191,0.051419,0.656111,-0.657802,-0.357226,-0.094263,0.638418,-0.060070,0.223969,0.278370,0.220078,-0.370722,-0.861678
2026-03-26T14:14:04.358128+00:00,21.638204,1774534444358128400,0.610798,0.503139,0.008255,0.742752,-0.064698,-0.660029,-0.092558,1.045467,-0.148429,0.050817,0.654531,-0.658774,-0.359044,-0.091492,0.638696,-0.060248,0.223526,0.278134,0.219577,-0.370335,-0.862055
2026-03-26T14:14:04.374323+00:00,21.654399,1774534444374323500,0.610637,0.503115,0.007912,0.743212,-0.064729,-0.659201,-0.092957,1.044191,-0.146475,0.050074,0.652656,-0.660424,-0.361717,-0.087785,0.638968,-0.060340,0.223009,0.279082,0.218042,-0.368194,-0.858659
2026-03-26T14:14:04.393260+00:00,21.673336,1774534444393260000,0.610441,0.503082,0.007456,0.743659,-0.064795,-0.658719,-0.093293,1.042491,-0.143987,0.048833,0.651408,-0.660440,-0.363648,-0.082116,0.639302,-0.060362,0.222387,0.279837,0.217345,-0.367422,-0.857530
2026-03-26T14:14:04.408457+00:00,21.688532,1774534444408456700,0.610188,0.503073,0.007001,0.744061,-0.064799,-0.658315,-0.093344,1.041079,-0.141508,0.047549,0.648851,-0.662172,-0.365980,-0.076281,0.639611,-0.060322,0.221776,0.279452,0.217658,-0.368249,-0.860925
2026-03-26T14:14:04.425672+00:00,21.705747,1774534444425671800,0.609938,0.503072,0.006477,0.744502,-0.064912,-0.657861,-0.093437,1.039333,-0.138610,0.045904,0.644310,-0.666679,-0.369029,-0.069071,0.639949,-0.060258,0.221056,0.280175,0.217341,-0.368119,-0.861304
2026-03-26T14:14:04.442355+00:00,21.722431,1774534444442355500,0.609589,0.503075,0.005920,0.745315,-0.065108,-0.657038,-0.093446,1.037644,-0.135458,0.043770,0.639182,-0.671346,-0.370662,-0.061057,0.640320,-0.060102,0.220286,0.281150,0.216944,-0.367619,-0.861494
2026-03-26T14:14:04.459493+00:00,21.739568,1774534444459492500,0.609295,0.503100,0.005316,0.746213,-0.065155,-0.656115,-0.093577,1.035705,-0.132010,0.041198,0.633622,-0.676405,-0.371340,-0.051847,0.640791,-0.059869,0.219429,0.282279,0.215880,-0.366510,-0.860438
2026-03-26T14:14:04.476509+00:00,21.756584,1774534444476508900,0.608976,0.503182,0.004763,0.747145,-0.064958,-0.654669,-0.093747,1.033684,-0.128454,0.038180,0.628156,-0.681299,-0.372252,-0.042242,0.641294,-0.059606,0.218534,0.283865,0.214491,-0.364712,-0.858106
2026-03-26T14:14:04.493602+00:00,21.773678,1774534444493602300,0.608695,0.503269,0.004167,0.748116,-0.064568,-0.653673,-0.093913,1.031389,-0.124909,0.035028,0.622749,-0.686697,-0.373157,-0.032361,0.641854,-0.059333,0.217540,0.284060,0.214487,-0.365227,-0.861421
2026-03-26T14:14:04.510624+00:00,21.790700,1774534444510624100,0.608417,0.503370,0.003571,0.749507,-0.064070,-0.651798,-0.094325,1.029034,-0.121266,0.031506,0.618398,-0.690584,-0.373294,-0.022193,0.642365,-0.059073,0.216540,0.285203,0.213742,-0.364645,-0.861084
2026-03-26T14:14:04.527594+00:00,21.807669,1774534444527593700,0.608183,0.503400,0.002934,0.750396,-0.064033,-0.650823,-0.095127,1.026548,-0.117720,0.027930,0.613588,-0.695947,-0.373599,-0.011957,0.642879,-0.058889,0.215434,0.285929,0.213648,-0.364774,-0.861883
2026-03-26T14:14:04.544611+00:00,21.824687,1774534444544611000,0.607909,0.503514,0.002223,0.751596,-0.064022,-0.649383,-0.096420,1.024054,-0.114097,0.024186,0.609277,-0.699376,-0.373689,-0.002335,0.643540,-0.058769,0.214227,0.286685,0.212759,-0.363371,-0.861892
2026-03-26T14:14:04.561868+00:00,21.841944,1774534444561868300,0.607689,0.503448,0.001427,0.752915,-0.063887,-0.647972,-0.097564,1.021524,-0.110352,0.020500,0.604983,-0.702416,-0.375064,0.006211,0.644354,-0.058718,0.212928,0.287534,0.211480,-0.361658,-0.861499
2026-03-26T14:14:04.578737+00:00,21.858813,1774534444578737200,0.607412,0.503408,0.000604,0.754489,-0.063701,-0.645507,-0.098265,1.019002,-0.106644,0.016977,0.601806,-0.703501,-0.377152,0.013274,0.645262,-0.058686,0.211518,0.288631,0.209803,-0.359944,-0.861083
2026-03-26T14:14:04.595860+00:00,21.875935,1774534444595859900,0.607166,0.503349,-0.000460,0.756185,-0.063832,-0.643736,-0.098850,1.016414,-0.102722,0.013295,0.599348,-0.704204,-0.379555,0.019480,0.646230,-0.058648,0.209973,0.288496,0.208756,-0.359864,-0.865017
2026-03-26T14:14:04.612812+00:00,21.892887,1774534444612811800,0.606879,0.503312,-0.001596,0.757866,-0.064144,-0.641555,-0.099359,1.013690,-0.098709,0.009262,0.597733,-0.704655,-0.380824,0.025780,0.647201,-0.058593,0.208352,0.289726,0.206776,-0.358982,-0.865668
2026-03-26T14:14:04.629886+00:00,21.909961,1774534444629885600,0.606647,0.503214,-0.002884,0.759518,-0.064773,-0.639796,-0.100138,1.010651,-0.094606,0.004655,0.595868,-0.705466,-0.381341,0.033212,0.648175,-0.058407,0.206663,0.291882,0.204207,-0.357408,-0.864135
2026-03-26T14:14:04.646854+00:00,21.926929,1774534444646853900,0.606319,0.503133,-0.004201,0.761871,-0.065289,-0.636520,-0.100752,1.007272,-0.090555,-0.000504,0.593336,-0.707590,-0.381891,0.042242,0.649145,-0.058121,0.204902,0.294239,0.201213,-0.356205,-0.862120
2026-03-26T14:14:04.663714+00:00,21.943790,1774534444663714400,0.606037,0.503056,-0.005589,0.763971,-0.065663,-0.633903,-0.101052,1.003696,-0.086757,-0.005869,0.590048,-0.708800,-0.382704,0.052035,0.650115,-0.057751,0.203094,0.295176,0.199327,-0.356867,-0.865368
2026-03-26T14:14:04.680768+00:00,21.960843,1774534444680767700,0.605686,0.503020,-0.007035,0.766112,-0.065978,-0.631237,-0.101230,0.999900,-0.082973,-0.011742,0.586562,-0.710906,-0.384276,0.061332,0.650992,-0.057359,0.201316,0.297310,0.196880,-0.355743,-0.864042
2026-03-26T14:14:04.697846+00:00,21.977921,1774534444697845900,0.605358,0.502982,-0.008494,0.768200,-0.066429,-0.628597,-0.101627,0.995988,-0.079311,-0.017913,0.584226,-0.711644,-0.384360,0.069438,0.651796,-0.056994,0.199545,0.299422,0.194870,-0.353935,-0.862293
2026-03-26T14:14:04.714906+00:00,21.994982,1774534444714906000,0.604957,0.502933,-0.009862,0.770624,-0.066944,-0.625203,-0.102108,0.992048,-0.075859,-0.024434,0.583263,-0.712152,-0.383463,0.076898,0.652607,-0.056690,0.197767,0.300493,0.193665,-0.352588,-0.864092
2026-03-26T14:14:04.731887+00:00,22.011962,1774534444731886700,0.604562,0.502863,-0.011231,0.772580,-0.067411,-0.622721,-0.102653,0.987715,-0.072667,-0.031306,0.582512,-0.712941,-0.382328,0.084790,0.653434,-0.056444,0.195975,0.301727,0.192122,-0.350871,-0.865382
2026-03-26T14:14:04.748912+00:00,22.028987,1774534444748911900,0.604122,0.502713,-0.012498,0.774311,-0.067549,-0.620856,-0.103001,0.982972,-0.069674,-0.038574,0.582572,-0.711628,-0.381383,0.093680,0.654334,-0.056236,0.194115,0.302424,0.190018,-0.350017,-0.867815
2026-03-26T14:14:04.766078+00:00,22.046154,1774534444766078200,0.603656,0.502739,-0.013704,0.776107,-0.067206,-0.618569,-0.102671,0.977871,-0.067014,-0.046191,0.582225,-0.710397,-0.381267,0.103220,0.655013,-0.056055,0.192421,0.304863,0.186812,-0.348129,-0.864740
2026-03-26T14:14:04.783259+00:00,22.063335,1774534444783259100,0.603172,0.502870,-0.014895,0.777849,-0.066950,-0.616357,-0.102381,0.972563,-0.064831,-0.054096,0.581624,-0.709948,-0.380752,0.112455,0.655734,-0.055873,0.190647,0.306566,0.184741,-0.348191,-0.865119
2026-03-26T14:14:04.801027+00:00,22.081103,1774534444801027200,0.602689,0.503011,-0.016025,0.779575,-0.066821,-0.614121,-0.102534,0.967166,-0.063136,-0.062615,0.581311,-0.710245,-0.378817,0.121070,0.656570,-0.055497,0.188808,0.307877,0.182842,-0.348546,-0.865898
2026-03-26T14:14:04.817202+00:00,22.097277,1774534444817201600,0.602246,0.503052,-0.017068,0.781025,-0.066852,-0.612383,-0.103054,0.962209,-0.062062,-0.070643,0.580976,-0.710550,-0.375955,0.128122,0.657244,-0.055237,0.187165,0.309269,0.181055,-0.347993,-0.865579
2026-03-26T14:14:04.834467+00:00,22.114543,1774534444834467000,0.601764,0.503103,-0.018086,0.782203,-0.066791,-0.610727,-0.103431,0.956859,-0.061405,-0.079271,0.581076,-0.710431,-0.373288,0.135403,0.657981,-0.055152,0.185514,0.309368,0.179590,-0.347585,-0.867943
2026-03-26T14:14:04.851438+00:00,22.131513,1774534444851437600,0.601259,0.503176,-0.018991,0.783700,-0.066541,-0.608773,-0.103540,0.951572,-0.061102,-0.087898,0.582281,-0.709223,-0.370910,0.142414,0.658716,-0.055157,0.183937,0.309938,0.177586,-0.345981,-0.868016
2026-03-26T14:14:04.868507+00:00,22.148583,1774534444868507200,0.600733,0.503268,-0.019943,0.784928,-0.066209,-0.607089,-0.103464,0.946263,-0.061108,-0.096705,0.583684,-0.708507,-0.368721,0.148878,0.659423,-0.055128,0.182414,0.309808,0.176210,-0.345009,-0.870767
2026-03-26T14:14:04.885567+00:00,22.165643,1774534444885567600,0.600264,0.503327,-0.020885,0.785774,-0.066120,-0.606152,-0.103559,0.941135,-0.061210,-0.105615,0.587073,-0.705779,-0.365100,0.153946,0.660019,-0.055043,0.180931,0.311137,0.174557,-0.343061,-0.869369
2026-03-26T14:14:04.902792+00:00,22.182867,1774534444902791600,0.599740,0.503347,-0.021909,0.786966,-0.066351,-0.604802,-0.103957,0.935909,-0.061659,-0.114971,0.591470,-0.703044,-0.361025,0.158449,0.660576,-0.054939,0.179514,0.311853,0.173549,-0.342611,-0.870594
2026-03-26T14:14:04.919835+00:00,22.199911,1774534444919835200,0.599404,0.503348,-0.022703,0.788149,-0.066545,-0.603033,-0.104155,0.930550,-0.062474,-0.124520,0.595590,-0.701085,-0.356727,0.163682,0.661093,-0.054927,0.178117,0.313755,0.171744,-0.341692,-0.869363
2026-03-26T14:14:04.936959+00:00,22.217035,1774534444936959000,0.598694,0.503433,-0.023819,0.789394,-0.066494,-0.601301,-0.103919,0.924929,-0.063618,-0.134335,0.599379,-0.698387,-0.352050,0.170074,0.661651,-0.054703,0.176717,0.315109,0.169579,-0.341049,-0.868407
2026-03-26T14:14:04.954006+00:00,22.234082,1774534444954006400,0.598131,0.503633,-0.024822,0.790601,-0.066228,-0.600033,-0.103402,0.919119,-0.065112,-0.144504,0.601983,-0.697344,-0.347187,0.176757,0.662205,-0.054382,0.175414,0.316372,0.167742,-0.340829,-0.868539
2026-03-26T14:14:04.971191+00:00,22.251267,1774534444971191300,0.597618,0.503894,-0.025784,0.791861,-0.065993,-0.598326,-0.102866,0.913214,-0.066759,-0.154681,0.603860,-0.696975,-0.341981,0.183316,0.662666,-0.054087,0.174129,0.317513,0.166281,-0.340783,-0.869030
2026-03-26T14:14:04.988133+00:00,22.268208,1774534444988132900,0.597151,0.504076,-0.026766,0.793050,-0.065964,-0.596658,-0.102875,0.907012,-0.068535,-0.165055,0.606595,-0.695202,-0.335331,0.189068,0.663041,-0.053780,0.172984,0.319348,0.165098,-0.340178,-0.867016
2026-03-26T14:14:05.005242+00:00,22.285318,1774534445005242400,0.596719,0.504150,-0.027763,0.794209,-0.065999,-0.595367,-0.103189,0.900511,-0.070356,-0.175220,0.609165,-0.694531,-0.329542,0.194927,0.663403,-0.053579,0.171883,0.320003,0.164243,-0.339891,-0.867153
2026-03-26T14:14:05.022211+00:00,22.302286,1774534445022210800,0.596307,0.504255,-0.028685,0.795358,-0.065917,-0.593734,-0.103347,0.893693,-0.072202,-0.185238,0.611762,-0.693233,-0.324093,0.200521,0.663845,-0.053464,0.170771,0.319370,0.163885,-0.340359,-0.870899
2026-03-26T14:14:05.039259+00:00,22.319334,1774534445039258600,0.595874,0.504397,-0.029577,0.796566,-0.065552,-0.592067,-0.103100,0.886493,-0.074060,-0.194939,0.614956,-0.691089,-0.318828,0.206112,0.664261,-0.053400,0.169710,0.319989,0.162754,-0.338674,-0.870158
2026-03-26T14:14:05.056369+00:00,22.336445,1774534445056369000,0.595446,0.504575,-0.030482,0.797355,-0.065260,-0.591230,-0.102815,0.878904,-0.076061,-0.204682,0.618825,-0.688248,-0.313227,0.211606,0.664647,-0.053375,0.168686,0.320816,0.161677,-0.336966,-0.868460
2026-03-26T14:14:05.073333+00:00,22.353408,1774534445073332500,0.595086,0.504723,-0.031324,0.798151,-0.065020,-0.589992,-0.102704,0.871189,-0.078172,-0.214057,0.622213,-0.686150,-0.307274,0.216370,0.664977,-0.053322,0.167666,0.320786,0.161410,-0.337058,-0.870052
2026-03-26T14:14:05.090501+00:00,22.370577,1774534445090501000,0.594778,0.504821,-0.032208,0.798907,-0.065025,-0.589142,-0.102842,0.863113,-0.080469,-0.223295,0.624904,-0.685675,-0.300982,0.220524,0.665209,-0.053303,0.166624,0.321447,0.160871,-0.337055,-0.869862
2026-03-26T14:14:05.107434+00:00,22.387509,1774534445107433900,0.594492,0.504888,-0.033037,0.799696,-0.065075,-0.588076,-0.103157,0.854910,-0.082925,-0.232155,0.627853,-0.684439,-0.295094,0.224862,0.665490,-0.053318,0.165600,0.322231,0.159610,-0.336454,-0.868987
2026-03-26T14:14:05.124336+00:00,22.404412,1774534445124336200,0.594224,0.504937,-0.033834,0.800384,-0.065057,-0.586855,-0.103255,0.846398,-0.085628,-0.240917,0.631121,-0.682569,-0.289417,0.229343,0.665856,-0.053338,0.164514,0.321396,0.159106,-0.337572,-0.872416
2026-03-26T14:14:05.141330+00:00,22.421405,1774534445141329700,0.593967,0.504973,-0.034710,0.801087,-0.065017,-0.586074,-0.103476,0.837852,-0.088370,-0.249003,0.634764,-0.679431,-0.284072,0.232886,0.666161,-0.053344,0.163491,0.322065,0.158033,-0.336837,-0.871261
2026-03-26T14:14:05.158393+00:00,22.438468,1774534445158392900,0.593702,0.505016,-0.035550,0.801823,-0.065005,-0.584883,-0.103655,0.829287,-0.091309,-0.256854,0.638113,-0.677577,-0.279501,0.235681,0.666482,-0.053354,0.162399,0.321691,0.157323,-0.336669,-0.872848
2026-03-26T14:14:05.175397+00:00,22.455472,1774534445175396800,0.593468,0.505029,-0.036408,0.802169,-0.065009,-0.584464,-0.104143,0.820862,-0.094339,-0.264256,0.642482,-0.675244,-0.274464,0.237409,0.666713,-0.053368,0.161309,0.322853,0.156136,-0.334936,-0.870502
2026-03-26T14:14:05.192463+00:00,22.472538,1774534445192462500,0.593203,0.505053,-0.037267,0.802866,-0.064999,-0.583303,-0.104574,0.812338,-0.097531,-0.271607,0.647315,-0.672498,-0.268158,0.238802,0.666995,-0.053390,0.160166,0.322644,0.155675,-0.334699,-0.872366
2026-03-26T14:14:05.209195+00:00,22.489270,1774534445209194900,0.592935,0.505082,-0.038138,0.803572,-0.064891,-0.582158,-0.104777,0.803941,-0.100804,-0.278585,0.651929,-0.670099,-0.260806,0.240413,0.667265,-0.053415,0.159010,0.323663,0.154393,-0.333792,-0.871016
2026-03-26T14:14:05.226277+00:00,22.506353,1774534445226277200,0.592654,0.505111,-0.039061,0.804304,-0.064769,-0.581346,-0.104934,0.795308,-0.104369,-0.285601,0.656100,-0.668374,-0.252743,0.243174,0.667591,-0.053404,0.157751,0.323416,0.153630,-0.334231,-0.873720
2026-03-26T14:14:05.243555+00:00,22.523631,1774534445243555300,0.592383,0.505149,-0.039974,0.804719,-0.064657,-0.580881,-0.104898,0.786689,-0.108050,-0.292362,0.659544,-0.666476,-0.244474,0.246115,0.667892,-0.053393,0.156446,0.324101,0.152240,-0.334213,-0.873425
2026-03-26T14:14:05.260346+00:00,22.540421,1774534445260345700,0.592081,0.505172,-0.040919,0.805152,-0.064517,-0.580115,-0.105029,0.778213,-0.111826,-0.298842,0.661998,-0.665943,-0.237050,0.249440,0.668179,-0.053363,0.155154,0.324932,0.151069,-0.333937,-0.873311
2026-03-26T14:14:05.277377+00:00,22.557452,1774534445277376900,0.591794,0.505194,-0.041863,0.805782,-0.064497,-0.579312,-0.105238,0.769813,-0.115604,-0.305061,0.663934,-0.665542,-0.229669,0.252587,0.668480,-0.053315,0.153817,0.325443,0.149952,-0.333830,-0.873279
2026-03-26T14:14:05.294465+00:00,22.574540,1774534445294464800,0.591466,0.505217,-0.042764,0.806504,-0.064437,-0.578129,-0.105481,0.761488,-0.119336,-0.311082,0.666193,-0.664505,-0.222197,0.255684,0.668777,-0.053224,0.152466,0.326206,0.148847,-0.333438,-0.873254
2026-03-26T14:14:05.311462+00:00,22.591537,1774534445311461700,0.591195,0.505246,-0.043758,0.806904,-0.064407,-0.577672,-0.105610,0.753507,-0.122877,-0.316519,0.669040,-0.663056,-0.214595,0.258486,0.669095,-0.053127,0.151098,0.327207,0.147543,-0.332268,-0.872117
2026-03-26T14:14:05.328523+00:00,22.608598,1774534445328522900,0.590882,0.505261,-0.044742,0.807767,-0.064221,-0.576172,-0.105593,0.745714,-0.126255,-0.321730,0.672303,-0.660754,-0.207001,0.261174,0.669447,-0.053049,0.149654,0.327287,0.146674,-0.332384,-0.874051
2026-03-26T14:14:05.345520+00:00,22.625595,1774534445345519900,0.590568,0.505288,-0.045836,0.808457,-0.064158,-0.575406,-0.105757,0.738225,-0.129615,-0.326588,0.675071,-0.659085,-0.199800,0.264349,0.669766,-0.052984,0.148229,0.327984,0.145625,-0.331705,-0.873530
2026-03-26T14:14:05.362726+00:00,22.642802,1774534445362726200,0.590294,0.505296,-0.046918,0.808805,-0.064142,-0.574983,-0.106166,0.731087,-0.132922,-0.331340,0.676694,-0.658465,-0.192547,0.267666,0.670081,-0.052924,0.146770,0.328954,0.144334,-0.330677,-0.872408
2026-03-26T14:14:05.379660+00:00,22.659735,1774534445379659900,0.589993,0.505298,-0.048040,0.809475,-0.064315,-0.573844,-0.106544,0.724502,-0.136169,-0.335821,0.677608,-0.658128,-0.185203,0.270775,0.670431,-0.052877,0.145289,0.328596,0.143415,-0.330733,-0.874600
2026-03-26T14:14:05.396779+00:00,22.676854,1774534445396778500,0.589647,0.505285,-0.049176,0.810514,-0.064515,-0.572293,-0.106814,0.718462,-0.139263,-0.340091,0.678303,-0.657957,-0.178376,0.273776,0.670775,-0.052828,0.143753,0.329971,0.141527,-0.329073,-0.872439
2026-03-26T14:14:05.413764+00:00,22.693839,1774534445413763600,0.589261,0.505269,-0.050366,0.811228,-0.064628,-0.571119,-0.106917,0.712971,-0.142360,-0.344115,0.678647,-0.658602,-0.171857,0.276087,0.671124,-0.052780,0.142150,0.329874,0.140325,-0.329462,-0.875327
2026-03-26T14:14:05.430806+00:00,22.710882,1774534445430806300,0.588870,0.505266,-0.051479,0.811961,-0.064678,-0.569935,-0.106885,0.708242,-0.145171,-0.347783,0.678526,-0.659763,-0.165550,0.277741,0.671463,-0.052710,0.140520,0.331392,0.138224,-0.327918,-0.873003
2026-03-26T14:14:05.447931+00:00,22.728006,1774534445447930800,0.588444,0.505255,-0.052702,0.812667,-0.064697,-0.569142,-0.106849,0.703867,-0.147794,-0.351275,0.679248,-0.659605,-0.159532,0.279235,0.671827,-0.052630,0.138820,0.332477,0.136253,-0.327383,-0.872760
2026-03-26T14:14:05.465141+00:00,22.745216,1774534445465140800,0.588009,0.505257,-0.053795,0.813408,-0.064750,-0.567943,-0.106784,0.700051,-0.150010,-0.354367,0.680984,-0.658741,-0.154082,0.280407,0.672125,-0.052510,0.137017,0.332684,0.134321,-0.328140,-0.875324
2026-03-26T14:14:05.482031+00:00,22.762107,1774534445482031300,0.587582,0.505243,-0.054988,0.814109,-0.064848,-0.567119,-0.106994,0.696756,-0.151853,-0.357123,0.683069,-0.656826,-0.150051,0.281250,0.672406,-0.052412,0.135276,0.333968,0.131897,-0.327373,-0.874579
2026-03-26T14:14:05.499123+00:00,22.779198,1774534445499122800,0.587140,0.505246,-0.056051,0.814806,-0.064931,-0.566072,-0.107174,0.693942,-0.153463,-0.359544,0.684304,-0.656073,-0.147363,0.282336,0.672723,-0.052337,0.133535,0.334241,0.129819,-0.327125,-0.875904
2026-03-26T14:14:05.516118+00:00,22.796193,1774534445516117700,0.586637,0.505245,-0.057182,0.815518,-0.065051,-0.564899,-0.107221,0.691545,-0.154881,-0.361892,0.684818,-0.655148,-0.145571,0.283688,0.672980,-0.052290,0.131846,0.335757,0.127446,-0.325619,-0.874014
2026-03-26T14:14:05.533348+00:00,22.813424,1774534445533348300,0.586141,0.505243,-0.058229,0.816219,-0.065202,-0.563850,-0.107265,0.689520,-0.156256,-0.364127,0.683997,-0.655440,-0.144355,0.285249,0.673215,-0.052244,0.130137,0.335954,0.125707,-0.325408,-0.876086
2026-03-26T14:14:05.550140+00:00,22.830216,1774534445550140200,0.585633,0.505227,-0.059223,0.816899,-0.065317,-0.562956,-0.107308,0.687824,-0.157596,-0.366354,0.683209,-0.656151,-0.143039,0.286733,0.673324,-0.052233,0.128567,0.337316,0.123728,-0.324061,-0.874439
2026-03-26T14:14:05.567222+00:00,22.847297,1774534445567221900,0.585094,0.505208,-0.060196,0.817606,-0.065469,-0.562123,-0.107422,0.686762,-0.158723,-0.368300,0.682799,-0.656539,-0.141200,0.287274,0.673465,-0.052217,0.126984,0.337385,0.122260,-0.323983,-0.876793
2026-03-26T14:14:05.584230+00:00,22.864305,1774534445584229800,0.584487,0.505227,-0.061108,0.818636,-0.065495,-0.560250,-0.107475,0.685921,-0.159807,-0.370181,0.682807,-0.657046,-0.139234,0.287028,0.673534,-0.052221,0.125532,0.338508,0.120280,-0.322886,-0.875319
2026-03-26T14:14:05.601225+00:00,22.881301,1774534445601225500,0.583939,0.505232,-0.061934,0.818988,-0.065494,-0.559832,-0.107580,0.685482,-0.160744,-0.371713,0.683237,-0.657574,-0.137749,0.287017,0.673611,-0.052225,0.124091,0.339787,0.118420,-0.321629,-0.873972
2026-03-26T14:14:05.618460+00:00,22.898536,1774534445618460500,0.583301,0.505256,-0.062696,0.819660,-0.065380,-0.558720,-0.107684,0.685004,-0.161801,-0.373312,0.683928,-0.656884,-0.136693,0.286972,0.673729,-0.052245,0.122731,0.339443,0.116974,-0.321854,-0.876323
2026-03-26T14:14:05.635399+00:00,22.915475,1774534445635399100,0.582693,0.505282,-0.063341,0.820312,-0.065214,-0.557626,-0.107887,0.684706,-0.162800,-0.374624,0.684368,-0.656412,-0.136391,0.287555,0.673823,-0.052260,0.121445,0.340386,0.115121,-0.320613,-0.874453
2026-03-26T14:14:05.652444+00:00,22.932519,1774534445652443700,0.582083,0.505285,-0.063926,0.820612,-0.065199,-0.557283,-0.108015,0.684499,-0.164030,-0.375899,0.685988,-0.654397,-0.136378,0.287147,0.673967,-0.052265,0.120243,0.340147,0.113912,-0.320550,-0.876398
2026-03-26T14:14:05.670247+00:00,22.950322,1774534445670246700,0.581443,0.505301,-0.064446,0.820930,-0.065020,-0.556920,-0.108173,0.684497,-0.165327,-0.376866,0.687908,-0.653626,-0.136751,0.285353,0.674044,-0.052249,0.119049,0.340094,0.113085,-0.320333,-0.878581
2026-03-26T14:14:05.687210+00:00,22.967286,1774534445687210300,0.580817,0.505318,-0.064836,0.821099,-0.064632,-0.556446,-0.108321,0.684729,-0.166573,-0.377613,0.690926,-0.651068,-0.137150,0.283111,0.674066,-0.052257,0.118067,0.341369,0.112057,-0.318856,-0.875978
2026-03-26T14:14:05.705281+00:00,22.985356,1774534445705280500,0.580176,0.505436,-0.065145,0.821167,-0.064181,-0.556376,-0.108432,0.684951,-0.168060,-0.378512,0.693266,-0.649230,-0.137087,0.281634,0.674093,-0.052187,0.117039,0.341756,0.111343,-0.318194,-0.876162
2026-03-26T14:14:05.721865+00:00,23.001940,1774534445721864800,0.579542,0.505487,-0.065407,0.820878,-0.063676,-0.557042,-0.108475,0.685261,-0.169407,-0.379240,0.694343,-0.648328,-0.136100,0.280937,0.674148,-0.052210,0.116099,0.341553,0.110807,-0.318571,-0.878711
2026-03-26T14:14:05.738973+00:00,23.019049,1774534445738973300,0.578963,0.505649,-0.065599,0.820807,-0.063153,-0.557214,-0.108337,0.685360,-0.171015,-0.380266,0.694413,-0.648720,-0.134542,0.281204,0.674197,-0.052041,0.115236,0.342308,0.109833,-0.318015,-0.878380
2026-03-26T14:14:05.755820+00:00,23.035895,1774534445755819400,0.578395,0.505816,-0.065794,0.820649,-0.062692,-0.557363,-0.108184,0.685453,-0.172628,-0.381217,0.693761,-0.649424,-0.132388,0.281516,0.674218,-0.051785,0.114500,0.344081,0.108641,-0.317037,-0.875157
2026-03-26T14:14:05.772897+00:00,23.052972,1774534445772896400,0.577909,0.505950,-0.065974,0.820168,-0.062474,-0.558339,-0.108082,0.685524,-0.174262,-0.382270,0.692927,-0.650341,-0.129725,0.282100,0.674256,-0.051418,0.113860,0.343667,0.108403,-0.318588,-0.878055
2026-03-26T14:14:05.789749+00:00,23.069824,1774534445789748700,0.577420,0.506092,-0.066162,0.820020,-0.062201,-0.558475,-0.107874,0.685453,-0.175798,-0.383285,0.691919,-0.651347,-0.127413,0.283475,0.674176,-0.050984,0.113365,0.345390,0.107906,-0.317989,-0.875341
2026-03-26T14:14:05.806812+00:00,23.086888,1774534445806812000,0.576988,0.506199,-0.066350,0.819704,-0.061986,-0.559200,-0.107720,0.685467,-0.177200,-0.384144,0.691511,-0.651743,-0.125627,0.284448,0.674128,-0.050524,0.112958,0.345382,0.108342,-0.318945,-0.877614
2026-03-26T14:14:05.823807+00:00,23.103883,1774534445823807400,0.576566,0.506316,-0.066525,0.819388,-0.061705,-0.559589,-0.107562,0.685510,-0.178517,-0.385029,0.691247,-0.652609,-0.124263,0.284753,0.674077,-0.050080,0.112677,0.346466,0.108653,-0.318760,-0.876615
2026-03-26T14:14:05.840857+00:00,23.120932,1774534445840856900,0.576206,0.506418,-0.066692,0.819094,-0.061464,-0.559945,-0.107352,0.685545,-0.179581,-0.385775,0.691719,-0.652247,-0.122824,0.284126,0.674022,-0.049744,0.112483,0.347192,0.108720,-0.318654,-0.875067
2026-03-26T14:14:05.858408+00:00,23.138483,1774534445858407900,0.575837,0.506517,-0.066930,0.818718,-0.061307,-0.560630,-0.107246,0.685765,-0.180598,-0.386515,0.692023,-0.652141,-0.122000,0.283859,0.673992,-0.049477,0.112333,0.347699,0.108536,-0.318368,-0.873660
2026-03-26T14:14:05.874940+00:00,23.155015,1774534445874939700,0.575536,0.506558,-0.067144,0.818567,-0.061240,-0.560861,-0.107222,0.685949,-0.181214,-0.387287,0.689277,-0.653679,-0.124315,0.286289,0.673895,-0.049314,0.112233,0.347451,0.108694,-0.318862,-0.874261
2026-03-26T14:14:05.892000+00:00,23.172076,1774534445892000300,0.575267,0.506595,-0.067352,0.818210,-0.061224,-0.561277,-0.107198,0.685754,-0.181329,-0.387983,0.687474,-0.653603,-0.126440,0.289723,0.673748,-0.049178,0.112199,0.346891,0.109276,-0.319881,-0.875672
2026-03-26T14:14:05.908979+00:00,23.189055,1774534445908979000,0.575048,0.506606,-0.067590,0.817860,-0.061249,-0.562024,-0.107178,0.685670,-0.181348,-0.388718,0.686758,-0.653576,-0.126786,0.291127,0.673527,-0.049076,0.112256,0.347438,0.109778,-0.319655,-0.873121
2026-03-26T14:14:05.926397+00:00,23.206472,1774534445926396700,0.574830,0.506628,-0.067829,0.817495,-0.061242,-0.562449,-0.107157,0.685843,-0.181485,-0.389384,0.686997,-0.653795,-0.126229,0.291093,0.673268,-0.049006,0.112306,0.346919,0.110712,-0.320361,-0.874275
2026-03-26T14:14:05.943249+00:00,23.223324,1774534445943248600,0.574665,0.506618,-0.068084,0.817133,-0.061377,-0.563192,-0.107273,0.686357,-0.181724,-0.389966,0.685946,-0.654426,-0.126947,0.290844,0.673030,-0.049013,0.112456,0.346190,0.111350,-0.321017,-0.874702
2026-03-26T14:14:05.960209+00:00,23.240284,1774534445960208800,0.574507,0.506612,-0.068367,0.816781,-0.061569,-0.563575,-0.107334,0.686877,-0.181949,-0.390498,0.684724,-0.655154,-0.128125,0.292131,0.672799,-0.049053,0.112669,0.345506,0.111850,-0.321612,-0.875046
2026-03-26T14:14:05.977272+00:00,23.257347,1774534445977271800,0.574346,0.506588,-0.068625,0.816722,-0.061876,-0.563616,-0.107566,0.687233,-0.181970,-0.391069,0.683632,-0.655714,-0.128274,0.293461,0.672568,-0.049102,0.112891,0.345066,0.112084,-0.321508,-0.874099
2026-03-26T14:14:05.994479+00:00,23.274555,1774534445994479000,0.574227,0.506571,-0.068886,0.816310,-0.062084,-0.564053,-0.107921,0.687524,-0.181907,-0.391697,0.682138,-0.656690,-0.127696,0.294755,0.672338,-0.049211,0.113083,0.344444,0.112349,-0.321891,-0.873646
2026-03-26T14:14:06.011372+00:00,23.291447,1774534446011371900,0.574081,0.506543,-0.069110,0.816217,-0.062267,-0.564147,-0.108272,0.687909,-0.181851,-0.392268,0.680251,-0.658576,-0.126825,0.296130,0.672129,-0.049371,0.113219,0.342913,0.112809,-0.322880,-0.876225
2026-03-26T14:14:06.028598+00:00,23.308674,1774534446028598100,0.573973,0.506511,-0.069319,0.815807,-0.062379,-0.564623,-0.108368,0.688153,-0.181784,-0.392828,0.678962,-0.659389,-0.125983,0.296738,0.671905,-0.049516,0.113338,0.342725,0.112800,-0.322844,-0.875669
2026-03-26T14:14:06.045270+00:00,23.325346,1774534446045270100,0.573844,0.506471,-0.069522,0.815446,-0.062479,-0.565387,-0.108349,0.688398,-0.181804,-0.393331,0.676686,-0.662127,-0.125348,0.297782,0.671653,-0.049610,0.113448,0.342558,0.112805,-0.322891,-0.875014
2026-03-26T14:14:06.062290+00:00,23.342365,1774534446062289600,0.573734,0.506444,-0.069680,0.815060,-0.062607,-0.565746,-0.108162,0.688695,-0.181833,-0.393825,0.674894,-0.663296,-0.124324,0.298658,0.671429,-0.049635,0.113511,0.342021,0.113149,-0.323914,-0.876417
2026-03-26T14:14:06.079294+00:00,23.359370,1774534446079294100,0.573580,0.506408,-0.069895,0.814661,-0.062840,-0.566543,-0.108212,0.688796,-0.182118,-0.394216,0.673331,-0.663880,-0.123385,0.299971,0.671131,-0.049601,0.113600,0.341881,0.113503,-0.323944,-0.875934
2026-03-26T14:14:06.096340+00:00,23.376416,1774534446096340300,0.573376,0.506398,-0.070062,0.814617,-0.063004,-0.566258,-0.108096,0.688862,-0.182227,-0.394485,0.671409,-0.665268,-0.122631,0.301598,0.670837,-0.049595,0.113683,0.342783,0.113630,-0.323236,-0.873187
2026-03-26T14:14:06.113573+00:00,23.393649,1774534446113573100,0.573179,0.506381,-0.070268,0.814436,-0.063144,-0.566516,-0.108026,0.688707,-0.182504,-0.394901,0.669122,-0.667034,-0.121829,0.303087,0.670577,-0.049515,0.113728,0.342734,0.114061,-0.323214,-0.873158
2026-03-26T14:14:06.131223+00:00,23.411299,1774534446131223300,0.573000,0.506348,-0.070535,0.814248,-0.063242,-0.567031,-0.107948,0.688756,-0.182936,-0.395509,0.666485,-0.669889,-0.120805,0.304455,0.670484,-0.049539,0.113738,0.341693,0.114293,-0.323271,-0.875590
2026-03-26T14:14:06.148108+00:00,23.428183,1774534446148107900,0.572796,0.506351,-0.070735,0.814254,-0.063321,-0.566688,-0.107759,0.688598,-0.183220,-0.395936,0.664650,-0.671236,-0.119528,0.305335,0.670367,-0.049511,0.113771,0.341785,0.114166,-0.322468,-0.873864
2026-03-26T14:14:06.165130+00:00,23.445206,1774534446165130300,0.572597,0.506338,-0.070973,0.814212,-0.063477,-0.566752,-0.107633,0.688458,-0.183411,-0.396289,0.662491,-0.673375,-0.118425,0.306196,0.670318,-0.049484,0.113747,0.340494,0.114618,-0.323482,-0.877039
2026-03-26T14:14:06.182156+00:00,23.462231,1774534446182155400,0.572390,0.506316,-0.071209,0.814228,-0.063692,-0.566723,-0.107532,0.688319,-0.183497,-0.396610,0.661288,-0.674016,-0.117767,0.307217,0.670269,-0.049473,0.113739,0.340589,0.114452,-0.323200,-0.876403
2026-03-26T14:14:06.199023+00:00,23.479098,1774534446199022600,0.572250,0.506275,-0.071427,0.813898,-0.063990,-0.567424,-0.107504,0.688079,-0.183523,-0.396885,0.660693,-0.674142,-0.117429,0.307784,0.670256,-0.049477,0.113732,0.340829,0.113994,-0.322411,-0.875129
2026-03-26T14:14:06.216178+00:00,23.496254,1774534446216178400,0.572026,0.506267,-0.071620,0.814230,-0.064157,-0.566696,-0.107521,0.687829,-0.183528,-0.397103,0.660097,-0.674757,-0.116490,0.308715,0.670272,-0.049503,0.113703,0.339690,0.114107,-0.322894,-0.877515
2026-03-26T14:14:06.233326+00:00,23.513402,1774534446233326300,0.571821,0.506250,-0.071796,0.814246,-0.064233,-0.566659,-0.107564,0.687552,-0.183545,-0.397269,0.659869,-0.674920,-0.115325,0.310039,0.670286,-0.049550,0.113694,0.339593,0.113864,-0.322369,-0.876203
2026-03-26T14:14:06.250355+00:00,23.530430,1774534446250354900,0.571629,0.506227,-0.071947,0.814192,-0.064254,-0.566735,-0.107637,0.687282,-0.183539,-0.397399,0.659485,-0.674987,-0.114755,0.310630,0.670268,-0.049502,0.113705,0.339236,0.113864,-0.321409,-0.874826
2026-03-26T14:14:06.267238+00:00,23.547314,1774534446267238400,0.571400,0.506231,-0.072082,0.814195,-0.064259,-0.566739,-0.107560,0.687113,-0.183571,-0.397461,0.657933,-0.676540,-0.114917,0.310743,0.670312,-0.049626,0.113663,0.338076,0.114015,-0.321232,-0.875600
2026-03-26T14:14:06.284205+00:00,23.564281,1774534446284205100,0.571164,0.506218,-0.072206,0.814210,-0.064251,-0.566721,-0.107516,0.686994,-0.183598,-0.397508,0.657265,-0.676739,-0.115121,0.310099,0.670420,-0.049809,0.113612,0.335756,0.114294,-0.321990,-0.879380
2026-03-26T14:14:06.301080+00:00,23.581155,1774534446301079600,0.570939,0.506205,-0.072322,0.813882,-0.064276,-0.567443,-0.107430,0.686774,-0.183388,-0.397528,0.656434,-0.678146,-0.115469,0.310856,0.670554,-0.050031,0.113586,0.334956,0.113857,-0.320973,-0.878629
2026-03-26T14:14:06.318226+00:00,23.598302,1774534446318226200,0.570660,0.506211,-0.072425,0.813922,-0.064146,-0.567417,-0.107174,0.686367,-0.182637,-0.397497,0.655946,-0.677647,-0.116317,0.311385,0.670749,-0.050246,0.113550,0.334211,0.113441,-0.320197,-0.878443
2026-03-26T14:14:06.335660+00:00,23.615736,1774534446335660000,0.570383,0.506230,-0.072528,0.813964,-0.064012,-0.567394,-0.106895,0.685843,-0.181612,-0.397376,0.654784,-0.678276,-0.117781,0.312240,0.670913,-0.050436,0.113534,0.333433,0.113111,-0.319532,-0.878285
2026-03-26T14:14:06.352800+00:00,23.632876,1774534446352800300,0.570121,0.506268,-0.072644,0.814005,-0.063952,-0.567365,-0.106630,0.685260,-0.180371,-0.397094,0.652927,-0.679087,-0.119264,0.313189,0.671071,-0.050571,0.113526,0.332206,0.113290,-0.320133,-0.880135
2026-03-26T14:14:06.369749+00:00,23.649825,1774534446369749100,0.569887,0.506305,-0.072766,0.814033,-0.063968,-0.567348,-0.106376,0.684558,-0.178927,-0.396818,0.650949,-0.680519,-0.120839,0.314715,0.671178,-0.050648,0.113557,0.332217,0.113191,-0.319737,-0.878800
2026-03-26T14:14:06.386875+00:00,23.666951,1774534446386875300,0.569714,0.506319,-0.072903,0.813705,-0.064032,-0.568048,-0.106409,0.683712,-0.177186,-0.396420,0.649232,-0.681158,-0.122471,0.316668,0.671296,-0.050693,0.113590,0.331901,0.113362,-0.319839,-0.878278
2026-03-26T14:14:06.403943+00:00,23.684019,1774534446403943200,0.569507,0.506328,-0.073012,0.814070,-0.064208,-0.567292,-0.106212,0.682722,-0.175143,-0.396003,0.647908,-0.680968,-0.124430,0.318598,0.671477,-0.050712,0.113605,0.330333,0.113891,-0.321041,-0.881747
2026-03-26T14:14:06.421047+00:00,23.701123,1774534446421047400,0.569323,0.506342,-0.073135,0.813995,-0.064317,-0.567402,-0.106158,0.681661,-0.172863,-0.395520,0.646700,-0.680094,-0.126638,0.320485,0.671669,-0.050724,0.113701,0.330695,0.113792,-0.320100,-0.879938
2026-03-26T14:14:06.438079+00:00,23.718154,1774534446438078900,0.569196,0.506338,-0.073218,0.814084,-0.064334,-0.567259,-0.106226,0.680524,-0.170330,-0.395006,0.644366,-0.681079,-0.128739,0.323146,0.671948,-0.050723,0.113861,0.329482,0.114424,-0.320685,-0.882878
2026-03-26T14:14:06.455162+00:00,23.735238,1774534446455162200,0.569068,0.506358,-0.073318,0.814308,-0.064296,-0.567034,-0.106450,0.679332,-0.167664,-0.394498,0.641743,-0.682152,-0.130611,0.325481,0.672280,-0.050703,0.114139,0.329684,0.114800,-0.319463,-0.880828
2026-03-26T14:14:06.472137+00:00,23.752212,1774534446472136600,0.568974,0.506364,-0.073374,0.814299,-0.064231,-0.567031,-0.106649,0.677987,-0.164805,-0.394060,0.639125,-0.682701,-0.132196,0.328834,0.672689,-0.050676,0.114456,0.329728,0.115534,-0.318656,-0.879567
2026-03-26T14:14:06.489883+00:00,23.769959,1774534446489883300,0.568888,0.506356,-0.073412,0.814288,-0.064231,-0.567025,-0.106853,0.676391,-0.161526,-0.393537,0.635967,-0.683145,-0.133680,0.333124,0.673292,-0.050575,0.114794,0.330505,0.116553,-0.317639,-0.879146
2026-03-26T14:14:06.506890+00:00,23.786965,1774534446506889500,0.568804,0.506337,-0.073439,0.814327,-0.064142,-0.566954,-0.106997,0.674607,-0.157978,-0.393068,0.632668,-0.683244,-0.135795,0.337130,0.674002,-0.050400,0.115079,0.332413,0.117253,-0.315509,-0.879401
2026-03-26T14:14:06.524226+00:00,23.804302,1774534446524226200,0.568698,0.506341,-0.073444,0.814621,-0.064082,-0.566293,-0.107030,0.672764,-0.154143,-0.392550,0.628611,-0.684826,-0.138566,0.341914,0.674784,-0.050066,0.115561,0.334652,0.119161,-0.315799,-0.879161
2026-03-26T14:14:06.540959+00:00,23.821034,1774534446540958900,0.568628,0.506345,-0.073460,0.814662,-0.063947,-0.566243,-0.107042,0.670778,-0.150011,-0.392096,0.624907,-0.685363,-0.141195,0.346698,0.675472,-0.049501,0.116235,0.336142,0.122530,-0.316721,-0.879181
2026-03-26T14:14:06.558077+00:00,23.838153,1774534446558077200,0.568543,0.506333,-0.073469,0.814639,-0.063884,-0.566279,-0.107031,0.668613,-0.145574,-0.391634,0.621441,-0.685014,-0.143860,0.351774,0.676308,-0.048809,0.117034,0.338363,0.125865,-0.315658,-0.879027
2026-03-26T14:14:06.575087+00:00,23.855162,1774534446575086600,0.568485,0.506332,-0.073466,0.814614,-0.063819,-0.566314,-0.107060,0.666287,-0.140981,-0.391345,0.617646,-0.685048,-0.146293,0.357828,0.677198,-0.048139,0.117951,0.341307,0.128940,-0.312790,-0.877409
2026-03-26T14:14:06.591984+00:00,23.872060,1774534446591984400,0.568425,0.506309,-0.073459,0.814562,-0.063841,-0.566371,-0.107164,0.663821,-0.136142,-0.390924,0.613841,-0.684017,-0.148111,0.364293,0.678280,-0.047455,0.118976,0.344224,0.131924,-0.307991,-0.875766
2026-03-26T14:14:06.608805+00:00,23.888881,1774534446608805300,0.568354,0.506314,-0.073481,0.814289,-0.063978,-0.566646,-0.107347,0.661174,-0.131136,-0.390306,0.609371,-0.684276,-0.150243,0.371196,0.679469,-0.046881,0.120008,0.346152,0.134718,-0.302415,-0.878431
2026-03-26T14:14:06.625554+00:00,23.905629,1774534446625553900,0.568327,0.506257,-0.073496,0.813931,-0.064123,-0.567375,-0.107528,0.658644,-0.126213,-0.389901,0.604108,-0.684786,-0.152388,0.378133,0.680713,-0.046280,0.121140,0.347288,0.137983,-0.296695,-0.879141
2026-03-26T14:14:06.642450+00:00,23.922525,1774534446642449700,0.568262,0.506227,-0.073434,0.813898,-0.064166,-0.567063,-0.107596,0.656213,-0.121332,-0.389505,0.596620,-0.687218,-0.154775,0.385056,0.682064,-0.045686,0.122394,0.346818,0.140960,-0.291380,-0.881227
2026-03-26T14:14:06.659452+00:00,23.939528,1774534446659452500,0.568213,0.506175,-0.073387,0.813523,-0.064259,-0.567821,-0.107774,0.653766,-0.116486,-0.389180,0.588804,-0.689371,-0.157552,0.391493,0.683479,-0.045099,0.123765,0.346622,0.143504,-0.284545,-0.880751
2026-03-26T14:14:06.676502+00:00,23.956578,1774534446676502300,0.568146,0.506140,-0.073273,0.813140,-0.064320,-0.568249,-0.107889,0.651331,-0.111729,-0.388859,0.579229,-0.693274,-0.160380,0.398110,0.684976,-0.044526,0.125105,0.345046,0.146302,-0.277039,-0.884741
2026-03-26T14:14:06.693554+00:00,23.973630,1774534446693554400,0.568072,0.506099,-0.073176,0.812779,-0.064348,-0.569002,-0.107936,0.648805,-0.106960,-0.388577,0.570275,-0.695962,-0.163119,0.404751,0.686549,-0.043980,0.126435,0.344040,0.148754,-0.268321,-0.887407
2026-03-26T14:14:06.710644+00:00,23.990719,1774534446710643900,0.567939,0.506085,-0.073030,0.812750,-0.064371,-0.568691,-0.107942,0.646143,-0.102181,-0.388268,0.562480,-0.697518,-0.165916,0.412502,0.688271,-0.043208,0.127721,0.344017,0.150350,-0.256984,-0.889313
2026-03-26T14:14:06.727695+00:00,24.007771,1774534446727695200,0.567814,0.506036,-0.072918,0.812400,-0.064469,-0.569419,-0.108057,0.643340,-0.097363,-0.387736,0.556058,-0.697022,-0.168661,0.419543,0.689868,-0.042303,0.129002,0.342961,0.153867,-0.247700,-0.893496
2026-03-26T14:14:06.744771+00:00,24.024847,1774534446744771600,0.567643,0.505996,-0.072793,0.812377,-0.064466,-0.569437,-0.108202,0.640363,-0.092472,-0.387211,0.550454,-0.696719,-0.172267,0.426354,0.691237,-0.041060,0.130325,0.344220,0.157012,-0.238658,-0.892664
2026-03-26T14:14:06.761825+00:00,24.041901,1774534446761825200,0.567467,0.505967,-0.072654,0.812369,-0.064449,-0.569440,-0.108315,0.637410,-0.087667,-0.386595,0.544789,-0.697218,-0.176745,0.432200,0.692597,-0.039535,0.131650,0.343829,0.161585,-0.232793,-0.895619
2026-03-26T14:14:06.779804+00:00,24.059879,1774534446779803600,0.567244,0.505977,-0.072468,0.812384,-0.064282,-0.569086,-0.108296,0.634168,-0.082638,-0.386017,0.539685,-0.695982,-0.181902,0.437329,0.693730,-0.037751,0.133040,0.343148,0.171068,-0.230373,-0.894952
2026-03-26T14:14:06.796422+00:00,24.076498,1774534446796422200,0.567028,0.505963,-0.072326,0.812094,-0.063964,-0.569766,-0.108207,0.631052,-0.078068,-0.385398,0.533400,-0.696620,-0.187167,0.442122,0.694720,-0.035990,0.134560,0.337426,0.182716,-0.238153,-0.893678
2026-03-26T14:14:06.813497+00:00,24.093572,1774534446813496800,0.566771,0.505967,-0.072188,0.812146,-0.063666,-0.570076,-0.108068,0.627975,-0.073821,-0.384760,0.525881,-0.697427,-0.192614,0.446167,0.695952,-0.034262,0.135964,0.329812,0.190495,-0.245735,-0.892202
2026-03-26T14:14:06.830477+00:00,24.110552,1774534446830476500,0.566507,0.506015,-0.071989,0.812197,-0.063164,-0.570041,-0.107952,0.624852,-0.069918,-0.384117,0.516363,-0.700862,-0.198842,0.451174,0.697612,-0.032728,0.137136,0.321116,0.194658,-0.253389,-0.893209
2026-03-26T14:14:06.847510+00:00,24.127586,1774534446847510000,0.566224,0.506105,-0.071718,0.812209,-0.062596,-0.569701,-0.107969,0.621537,-0.066191,-0.383620,0.506674,-0.702648,-0.204166,0.456108,0.699507,-0.031331,0.138004,0.315651,0.193253,-0.257215,-0.891590
2026-03-26T14:14:06.864704+00:00,24.144780,1774534446864704000,0.565944,0.506178,-0.071457,0.812173,-0.062153,-0.569742,-0.108311,0.617968,-0.062469,-0.382640,0.498260,-0.703056,-0.208401,0.462450,0.701737,-0.029946,0.138420,0.312644,0.188186,-0.257835,-0.896134
2026-03-26T14:14:06.881852+00:00,24.161927,1774534446881851800,0.565650,0.506242,-0.071169,0.811911,-0.061771,-0.570010,-0.108554,0.614310,-0.058864,-0.381524,0.491310,-0.702817,-0.211421,0.469739,0.703768,-0.028485,0.138768,0.314602,0.180913,-0.255443,-0.896679
2026-03-26T14:14:06.898814+00:00,24.178890,1774534446898814000,0.565361,0.506267,-0.070895,0.811439,-0.061445,-0.570926,-0.108769,0.610674,-0.055444,-0.380398,0.486631,-0.701229,-0.213082,0.475963,0.705637,-0.026736,0.139011,0.317635,0.175725,-0.253629,-0.896963
2026-03-26T14:14:06.915907+00:00,24.195983,1774534446915907200,0.564989,0.506321,-0.070653,0.811442,-0.061111,-0.570942,-0.108816,0.607048,-0.052120,-0.379304,0.482897,-0.699170,-0.213811,0.481252,0.706400,-0.024464,0.139674,0.322148,0.176985,-0.256526,-0.893395
2026-03-26T14:14:06.932923+00:00,24.212999,1774534446932923000,0.564630,0.506391,-0.070422,0.811164,-0.060774,-0.571285,-0.108535,0.603754,-0.048999,-0.378279,0.479725,-0.698062,-0.214333,0.485224,0.706820,-0.022025,0.140471,0.326006,0.180178,-0.260306,-0.889608
2026-03-26T14:14:06.949714+00:00,24.229790,1774534446949714500,0.564257,0.506468,-0.070273,0.810886,-0.060474,-0.571980,-0.108239,0.600488,-0.046163,-0.377286,0.475573,-0.699899,-0.215172,0.488729,0.706951,-0.019705,0.141423,0.328427,0.185041,-0.264124,-0.889360
2026-03-26T14:14:06.966804+00:00,24.246879,1774534446966803700,0.563848,0.506554,-0.070125,0.810944,-0.060218,-0.571938,-0.107929,0.597451,-0.043512,-0.376336,0.471682,-0.700078,-0.216342,0.490740,0.707019,-0.017354,0.142266,0.332411,0.187382,-0.264298,-0.884977
2026-03-26T14:14:06.983793+00:00,24.263868,1774534446983792900,0.563427,0.506631,-0.069980,0.810768,-0.060003,-0.572079,-0.107796,0.594440,-0.041043,-0.375471,0.466739,-0.701138,-0.217460,0.494015,0.707266,-0.015085,0.142855,0.335505,0.186609,-0.262629,-0.885880
2026-03-26T14:14:07.000913+00:00,24.280988,1774534447000912800,0.563042,0.506651,-0.069945,0.810661,-0.059936,-0.572259,-0.107682,0.591637,-0.039095,-0.374602,0.460484,-0.702765,-0.217791,0.497443,0.707626,-0.012757,0.143385,0.339979,0.184030,-0.259874,-0.883994
2026-03-26T14:14:07.017874+00:00,24.297949,1774534447017873300,0.562624,0.506679,-0.069877,0.810763,-0.060145,-0.572125,-0.107288,0.588799,-0.037419,-0.373699,0.453713,-0.704473,-0.217509,0.500769,0.707952,-0.010327,0.143846,0.344013,0.181625,-0.257827,-0.883327
2026-03-26T14:14:07.034940+00:00,24.315015,1774534447034939900,0.562241,0.506671,-0.069907,0.810796,-0.060366,-0.572451,-0.106948,0.586168,-0.036140,-0.372596,0.445444,-0.708190,-0.216753,0.504385,0.708093,-0.007713,0.144320,0.347437,0.180341,-0.256678,-0.884190
2026-03-26T14:14:07.051946+00:00,24.332022,1774534447051946100,0.561847,0.506690,-0.069958,0.811181,-0.060410,-0.571687,-0.106621,0.583793,-0.035173,-0.371404,0.436621,-0.711984,-0.214232,0.506642,0.708020,-0.004984,0.144741,0.351305,0.179739,-0.256469,-0.883623
2026-03-26T14:14:07.068969+00:00,24.349044,1774534447068968400,0.561482,0.506690,-0.070164,0.811576,-0.060451,-0.571252,-0.106377,0.581631,-0.034451,-0.369992,0.425174,-0.717774,-0.210817,0.509262,0.707855,-0.002196,0.145018,0.355310,0.179584,-0.256897,-0.879962
2026-03-26T14:14:07.086022+00:00,24.366098,1774534447086022500,0.561156,0.506681,-0.070428,0.811959,-0.060597,-0.570816,-0.106262,0.579743,-0.034082,-0.368494,0.411672,-0.725472,-0.207768,0.511589,0.707667,0.000564,0.145303,0.357089,0.180014,-0.259074,-0.880186
2026-03-26T14:14:07.103048+00:00,24.383123,1774534447103047900,0.560864,0.506660,-0.070726,0.812332,-0.060844,-0.570375,-0.106236,0.578040,-0.033814,-0.366924,0.398135,-0.731902,-0.204942,0.512032,0.707306,0.003323,0.145709,0.358441,0.179705,-0.261597,-0.877919
2026-03-26T14:14:07.120044+00:00,24.400120,1774534447120044300,0.560570,0.506647,-0.071029,0.813011,-0.061138,-0.569231,-0.106374,0.576238,-0.033706,-0.365053,0.385493,-0.738533,-0.202209,0.513985,0.707114,0.005888,0.145760,0.358895,0.179856,-0.263932,-0.877672
2026-03-26T14:14:07.137137+00:00,24.417213,1774534447137137200,0.560290,0.506609,-0.071355,0.813304,-0.061491,-0.568877,-0.106593,0.574210,-0.033309,-0.362982,0.376050,-0.743731,-0.198470,0.514861,0.707005,0.008265,0.145689,0.360127,0.179072,-0.264290,-0.875277
2026-03-26T14:14:07.154212+00:00,24.434288,1774534447154212200,0.559997,0.506561,-0.071592,0.813949,-0.061731,-0.567445,-0.106682,0.572068,-0.032735,-0.360770,0.369750,-0.747773,-0.196088,0.516073,0.706856,0.010593,0.145608,0.359396,0.179477,-0.265437,-0.878136
2026-03-26T14:14:07.171203+00:00,24.451278,1774534447171202500,0.559761,0.506443,-0.071841,0.814092,-0.061949,-0.567329,-0.106844,0.569900,-0.031589,-0.358663,0.365996,-0.750688,-0.196638,0.516918,0.706124,0.012891,0.145820,0.362279,0.180092,-0.264113,-0.874643
2026-03-26T14:14:07.188254+00:00,24.468329,1774534447188253800,0.559506,0.506404,-0.072003,0.814129,-0.062029,-0.567269,-0.106851,0.567623,-0.029700,-0.356668,0.362831,-0.750617,-0.197442,0.517314,0.705455,0.015125,0.145813,0.364058,0.181734,-0.263365,-0.876310
2026-03-26T14:14:07.205412+00:00,24.485487,1774534447205411700,0.559246,0.506373,-0.072135,0.814135,-0.061996,-0.567269,-0.106780,0.565280,-0.027552,-0.354774,0.359243,-0.750084,-0.199814,0.518225,0.704808,0.017288,0.145827,0.367937,0.182311,-0.260466,-0.873913
2026-03-26T14:14:07.222405+00:00,24.502480,1774534447222404900,0.558988,0.506350,-0.072269,0.813829,-0.061923,-0.567976,-0.106564,0.562940,-0.025203,-0.353083,0.355038,-0.750599,-0.202897,0.519867,0.703986,0.019329,0.145805,0.371903,0.182607,-0.257926,-0.872588
2026-03-26T14:14:07.240194+00:00,24.520269,1774534447240193500,0.558685,0.506356,-0.072386,0.813862,-0.061781,-0.567989,-0.106072,0.560445,-0.022084,-0.351869,0.351741,-0.747004,-0.205832,0.521687,0.703265,0.021344,0.145745,0.376227,0.182378,-0.255925,-0.871926
2026-03-26T14:14:07.256508+00:00,24.536584,1774534447256508500,0.558397,0.506319,-0.072515,0.813393,-0.061725,-0.568820,-0.105641,0.558159,-0.018894,-0.350996,0.347582,-0.747318,-0.209867,0.526493,0.702475,0.023069,0.145681,0.381253,0.181184,-0.254124,-0.869221
2026-03-26T14:14:07.273546+00:00,24.553621,1774534447273545700,0.558125,0.506356,-0.072622,0.813263,-0.061683,-0.568750,-0.104968,0.555881,-0.015203,-0.350414,0.344236,-0.744007,-0.213872,0.530181,0.701840,0.024693,0.145562,0.384516,0.180219,-0.254714,-0.869923
2026-03-26T14:14:07.290611+00:00,24.570687,1774534447290611200,0.557930,0.506323,-0.072801,0.812617,-0.061770,-0.570200,-0.104526,0.553767,-0.011200,-0.350130,0.340206,-0.741438,-0.218946,0.534442,0.701248,0.026098,0.145431,0.388330,0.177849,-0.255577,-0.867524
2026-03-26T14:14:07.307734+00:00,24.587810,1774534447307734300,0.557692,0.506308,-0.072981,0.812281,-0.061947,-0.570600,-0.104081,0.551819,-0.006915,-0.350087,0.335579,-0.738322,-0.224423,0.538349,0.700759,0.027258,0.145276,0.390759,0.175132,-0.258472,-0.866296
2026-03-26T14:14:07.324786+00:00,24.604861,1774534447324785900,0.557496,0.506274,-0.073126,0.811933,-0.062162,-0.570997,-0.103807,0.550095,-0.002385,-0.350168,0.329837,-0.737955,-0.231070,0.544747,0.700311,0.028138,0.145135,0.391702,0.173218,-0.262055,-0.865795
2026-03-26T14:14:07.341738+00:00,24.621813,1774534447341737800,0.557333,0.506228,-0.073278,0.811554,-0.062471,-0.571750,-0.103845,0.548504,0.002390,-0.350445,0.325753,-0.733650,-0.236731,0.547952,0.699911,0.028882,0.145043,0.394047,0.171480,-0.264169,-0.862736
2026-03-26T14:14:07.358560+00:00,24.638635,1774534447358559700,0.557154,0.506179,-0.073391,0.811151,-0.062827,-0.572179,-0.103964,0.547130,0.007248,-0.351014,0.321334,-0.730868,-0.242969,0.551811,0.699515,0.029431,0.144938,0.396152,0.170016,-0.265952,-0.862692
2026-03-26T14:14:07.375631+00:00,24.655707,1774534447375631000,0.556988,0.506086,-0.073475,0.810721,-0.063118,-0.572579,-0.104155,0.545848,0.012250,-0.351656,0.317045,-0.728203,-0.249522,0.555031,0.699051,0.029672,0.144835,0.398592,0.167893,-0.266123,-0.861187
2026-03-26T14:14:07.392303+00:00,24.672379,1774534447392303100,0.556818,0.505935,-0.073623,0.810285,-0.063471,-0.573398,-0.104460,0.545028,0.017188,-0.352385,0.314316,-0.724477,-0.255778,0.555866,0.698602,0.029738,0.144799,0.399312,0.166477,-0.267766,-0.860661
2026-03-26T14:14:07.409407+00:00,24.689483,1774534447409407200,0.556559,0.505793,-0.073723,0.810179,-0.063791,-0.573148,-0.104763,0.544497,0.022075,-0.353109,0.310653,-0.724418,-0.262881,0.556821,0.698315,0.029644,0.144782,0.397856,0.165090,-0.271047,-0.861072
2026-03-26T14:14:07.426413+00:00,24.706489,1774534447426413300,0.556301,0.505612,-0.073853,0.809741,-0.064081,-0.573952,-0.105308,0.544259,0.026731,-0.353885,0.308191,-0.722967,-0.269448,0.554552,0.697974,0.029564,0.144800,0.396993,0.164561,-0.272279,-0.860269
2026-03-26T14:14:07.443374+00:00,24.723450,1774534447443374000,0.555983,0.505468,-0.073948,0.809554,-0.064278,-0.574105,-0.105797,0.544712,0.031066,-0.354667,0.305448,-0.723732,-0.276608,0.551499,0.697728,0.029311,0.144725,0.397144,0.164277,-0.272075,-0.860319
2026-03-26T14:14:07.460661+00:00,24.740737,1774534447460661500,0.555587,0.505381,-0.074025,0.809578,-0.064330,-0.573726,-0.106190,0.545154,0.035022,-0.355450,0.302252,-0.726705,-0.283165,0.548205,0.697303,0.029260,0.144701,0.398993,0.163753,-0.268115,-0.862355
2026-03-26T14:14:07.477428+00:00,24.757504,1774534447477428500,0.555174,0.505329,-0.074128,0.809555,-0.064331,-0.573740,-0.106388,0.545530,0.038460,-0.356130,0.299924,-0.726028,-0.287176,0.543807,0.696848,0.029041,0.144706,0.399518,0.163491,-0.266160,-0.862225
2026-03-26T14:14:07.494536+00:00,24.774612,1774534447494536100,0.554699,0.505329,-0.074242,0.809923,-0.064231,-0.572986,-0.106317,0.545589,0.041559,-0.356677,0.296443,-0.728750,-0.292846,0.545537,0.696326,0.028838,0.144584,0.399306,0.163237,-0.265515,-0.861179
2026-03-26T14:14:07.511581+00:00,24.791657,1774534447511581200,0.554230,0.505325,-0.074415,0.809992,-0.064127,-0.573279,-0.106019,0.545454,0.044315,-0.357062,0.295375,-0.726188,-0.296102,0.545007,0.695896,0.028653,0.144409,0.396774,0.163421,-0.268245,-0.862658
2026-03-26T14:14:07.528569+00:00,24.808645,1774534447528569200,0.553743,0.505340,-0.074530,0.810414,-0.063979,-0.572494,-0.105457,0.545064,0.046774,-0.357307,0.293891,-0.725307,-0.300293,0.547033,0.695490,0.028454,0.144194,0.395283,0.162543,-0.270755,-0.861499
2026-03-26T14:14:07.545941+00:00,24.826017,1774534447545941300,0.553296,0.505342,-0.074680,0.810467,-0.063912,-0.572791,-0.105236,0.544507,0.048985,-0.357441,0.294660,-0.719712,-0.302976,0.545748,0.695222,0.028230,0.143866,0.393445,0.161290,-0.273619,-0.863948
2026-03-26T14:14:07.562969+00:00,24.843045,1774534447562969200,0.552881,0.505382,-0.074783,0.810457,-0.063977,-0.572815,-0.105133,0.544134,0.050771,-0.357538,0.294731,-0.719680,-0.306870,0.545988,0.694839,0.028091,0.143525,0.394571,0.159191,-0.273530,-0.863856
2026-03-26T14:14:07.579584+00:00,24.859660,1774534447579584100,0.552490,0.505383,-0.074797,0.810423,-0.063979,-0.572840,-0.105287,0.543956,0.052131,-0.357565,0.294956,-0.720557,-0.310559,0.545210,0.694400,0.028054,0.143268,0.396673,0.157443,-0.272631,-0.862200
2026-03-26T14:14:07.596628+00:00,24.876703,1774534447596627800,0.552105,0.505399,-0.074808,0.810407,-0.063915,-0.572853,-0.105426,0.543844,0.053097,-0.357498,0.295471,-0.721082,-0.313529,0.542729,0.693856,0.028026,0.143034,0.398708,0.155867,-0.271799,-0.860688
2026-03-26T14:14:07.613454+00:00,24.893530,1774534447613454100,0.551730,0.505439,-0.074787,0.810082,-0.063639,-0.573235,-0.105331,0.543770,0.053615,-0.357249,0.296817,-0.720247,-0.315890,0.538531,0.693343,0.028024,0.142877,0.399098,0.155499,-0.272114,-0.862352
2026-03-26T14:14:07.630672+00:00,24.910747,1774534447630671500,0.551322,0.505520,-0.074778,0.810134,-0.063317,-0.573202,-0.105074,0.543805,0.053816,-0.356920,0.297656,-0.720074,-0.317354,0.535764,0.692785,0.028000,0.142794,0.399143,0.155378,-0.271847,-0.862395
2026-03-26T14:14:07.647669+00:00,24.927744,1774534447647668700,0.550938,0.505630,-0.074744,0.809841,-0.062886,-0.573912,-0.104856,0.543819,0.053783,-0.356556,0.298009,-0.721023,-0.317908,0.534962,0.692343,0.027999,0.142740,0.399232,0.155302,-0.271389,-0.862106
2026-03-26T14:14:07.665395+00:00,24.945470,1774534447665394800,0.550533,0.505760,-0.074614,0.809879,-0.062494,-0.573902,-0.104639,0.543792,0.053285,-0.356216,0.298524,-0.721589,-0.317105,0.534469,0.691933,0.027996,0.142677,0.398770,0.155250,-0.270620,-0.863220
2026-03-26T14:14:07.681723+00:00,24.961799,1774534447681723200,0.550160,0.505876,-0.074444,0.809561,-0.062191,-0.574283,-0.104431,0.543777,0.052309,-0.355919,0.298474,-0.723264,-0.315174,0.534969,0.691573,0.028033,0.142672,0.399580,0.155048,-0.269001,-0.861774
2026-03-26T14:14:07.698722+00:00,24.978798,1774534447698722100,0.549825,0.505973,-0.074288,0.809219,-0.061938,-0.575033,-0.104362,0.543778,0.051107,-0.355723,0.297431,-0.727297,-0.313577,0.536666,0.691258,0.028086,0.142647,0.399111,0.155577,-0.268569,-0.863708
2026-03-26T14:14:07.715748+00:00,24.995824,1774534447715748300,0.549444,0.506088,-0.074077,0.809219,-0.061676,-0.574712,-0.104167,0.543891,0.049718,-0.355604,0.296727,-0.728927,-0.310221,0.534157,0.690929,0.028152,0.142696,0.399343,0.156070,-0.267729,-0.863035
2026-03-26T14:14:07.732780+00:00,25.012855,1774534447732779700,0.549121,0.506170,-0.073918,0.808897,-0.061499,-0.575439,-0.104045,0.544377,0.048286,-0.355542,0.295263,-0.730811,-0.307078,0.530961,0.690648,0.028219,0.142742,0.399490,0.156352,-0.267264,-0.862610
2026-03-26T14:14:07.749828+00:00,25.029904,1774534447749828400,0.548799,0.506268,-0.073723,0.808568,-0.061276,-0.575830,-0.103837,0.544862,0.046763,-0.355593,0.292668,-0.734276,-0.304864,0.529770,0.690442,0.028338,0.142782,0.399493,0.156576,-0.267072,-0.862578
2026-03-26T14:14:07.766769+00:00,25.046844,1774534447766768700,0.548467,0.506325,-0.073507,0.808169,-0.061081,-0.576543,-0.103675,0.545136,0.045324,-0.355862,0.290498,-0.737028,-0.302161,0.528505,0.690290,0.028467,0.142731,0.398729,0.156859,-0.267194,-0.864261
2026-03-26T14:14:07.783849+00:00,25.063925,1774534447783849600,0.548130,0.506400,-0.073323,0.808173,-0.060855,-0.576560,-0.103578,0.545315,0.043947,-0.356155,0.289423,-0.737756,-0.299067,0.528019,0.690204,0.028632,0.142869,0.398712,0.157219,-0.266919,-0.864241
2026-03-26T14:14:07.800771+00:00,25.080846,1774534447800770900,0.547831,0.506477,-0.073110,0.807840,-0.060607,-0.576939,-0.103557,0.545331,0.042942,-0.356526,0.288421,-0.739840,-0.296708,0.529320,0.690163,0.028760,0.143005,0.399580,0.157488,-0.266482,-0.862415
2026-03-26T14:14:07.817879+00:00,25.097955,1774534447817879500,0.547545,0.506541,-0.072938,0.807507,-0.060348,-0.577675,-0.103541,0.545290,0.042215,-0.357003,0.289445,-0.738519,-0.293257,0.528095,0.689975,0.029173,0.143390,0.399187,0.158364,-0.267145,-0.863814
2026-03-26T14:14:07.834835+00:00,25.114911,1774534447834835100,0.547260,0.506643,-0.072714,0.807519,-0.060016,-0.577326,-0.103428,0.545303,0.041743,-0.357515,0.288283,-0.742838,-0.292838,0.530515,0.689802,0.029469,0.143766,0.399959,0.158758,-0.267168,-0.861557
2026-03-26T14:14:07.851935+00:00,25.132011,1774534447851935500,0.546984,0.506736,-0.072553,0.807198,-0.059710,-0.578060,-0.103282,0.545362,0.041555,-0.358106,0.288442,-0.742508,-0.292032,0.529851,0.689708,0.029731,0.144100,0.399326,0.159451,-0.268186,-0.862676
2026-03-26T14:14:07.868910+00:00,25.148986,1774534447868910300,0.546736,0.506856,-0.072387,0.806884,-0.059435,-0.578790,-0.103058,0.545395,0.041425,-0.358699,0.288477,-0.742146,-0.292201,0.528536,0.689603,0.029965,0.144439,0.399567,0.159839,-0.268566,-0.861519
2026-03-26T14:14:07.885982+00:00,25.166057,1774534447885981600,0.546491,0.506976,-0.072231,0.806575,-0.059194,-0.579162,-0.102714,0.545449,0.041453,-0.359280,0.288402,-0.743473,-0.292767,0.529337,0.689524,0.030216,0.144776,0.399565,0.160578,-0.269230,-0.862410
2026-03-26T14:14:07.903046+00:00,25.183121,1774534447903045800,0.546256,0.507093,-0.072121,0.806606,-0.058967,-0.579147,-0.102515,0.545466,0.041883,-0.359873,0.289679,-0.742902,-0.292773,0.529231,0.689432,0.030405,0.145106,0.400453,0.160870,-0.268815,-0.861174
2026-03-26T14:14:07.919821+00:00,25.199897,1774534447919821000,0.546067,0.507169,-0.072057,0.806637,-0.058848,-0.579118,-0.102402,0.545240,0.042497,-0.360446,0.292754,-0.739149,-0.291007,0.528615,0.689391,0.030549,0.145419,0.400170,0.161406,-0.269058,-0.862082
2026-03-26T14:14:07.937050+00:00,25.217126,1774534447937050400,0.545948,0.507211,-0.072050,0.806315,-0.058873,-0.579822,-0.102388,0.544831,0.043235,-0.361017,0.294116,-0.742015,-0.291442,0.533258,0.689357,0.030616,0.145726,0.400809,0.161364,-0.268634,-0.860322
2026-03-26T14:14:07.954289+00:00,25.234364,1774534447954288800,0.545803,0.507246,-0.072043,0.806686,-0.058986,-0.579053,-0.102260,0.544309,0.044029,-0.361582,0.298638,-0.737289,-0.289168,0.532375,0.689409,0.030606,0.145972,0.399356,0.161713,-0.269052,-0.862890
2026-03-26T14:14:07.971289+00:00,25.251365,1774534447971289000,0.545731,0.507282,-0.071957,0.806566,-0.059176,-0.579218,-0.102244,0.543908,0.044863,-0.362122,0.301854,-0.735821,-0.288151,0.533146,0.689374,0.030643,0.146223,0.399122,0.161504,-0.268045,-0.861858
2026-03-26T14:14:07.988148+00:00,25.268224,1774534447988148200,0.545664,0.507283,-0.071966,0.806900,-0.059346,-0.578498,-0.102119,0.543568,0.045680,-0.362608,0.303465,-0.736701,-0.288328,0.534757,0.689389,0.030631,0.146420,0.398406,0.161608,-0.267671,-0.862872
2026-03-26T14:14:08.005245+00:00,25.285320,1774534448005244600,0.545657,0.507262,-0.072021,0.806931,-0.059525,-0.578800,-0.102153,0.543329,0.046435,-0.363096,0.305857,-0.735635,-0.287602,0.535281,0.689376,0.030573,0.146621,0.398493,0.161800,-0.267243,-0.862172
2026-03-26T14:14:08.022376+00:00,25.302451,1774534448022375600,0.545646,0.507264,-0.072129,0.806944,-0.059598,-0.578771,-0.102267,0.543042,0.047108,-0.363476,0.308807,-0.732608,-0.286297,0.533843,0.689370,0.030504,0.146812,0.398266,0.162485,-0.267494,-0.862557
2026-03-26T14:14:08.039279+00:00,25.319354,1774534448039278900,0.545640,0.507261,-0.072269,0.806924,-0.059728,-0.578779,-0.102416,0.542812,0.047709,-0.363839,0.311194,-0.730643,-0.284955,0.533640,0.689347,0.030441,0.146996,0.397690,0.163396,-0.267987,-0.863036
2026-03-26T14:14:08.056354+00:00,25.336429,1774534448056353600,0.545633,0.507235,-0.072344,0.807282,-0.059909,-0.578005,-0.102409,0.542612,0.048227,-0.364154,0.312306,-0.731249,-0.284607,0.534996,0.689284,0.030329,0.147151,0.396699,0.164295,-0.268811,-0.863346
2026-03-26T14:14:08.073416+00:00,25.353491,1774534448073415500,0.545652,0.507193,-0.072426,0.807292,-0.060145,-0.577967,-0.102481,0.542427,0.048674,-0.364461,0.313977,-0.729885,-0.283756,0.534389,0.689240,0.030200,0.147236,0.396338,0.164216,-0.268630,-0.862559
2026-03-26T14:14:08.090398+00:00,25.370473,1774534448090397700,0.545615,0.507186,-0.072490,0.807235,-0.060310,-0.578055,-0.102405,0.542314,0.049061,-0.364668,0.314011,-0.731609,-0.284438,0.535582,0.689238,0.030083,0.147207,0.395875,0.163677,-0.268406,-0.864182
2026-03-26T14:14:08.107484+00:00,25.387559,1774534448107483800,0.545636,0.507162,-0.072543,0.807257,-0.060429,-0.578018,-0.102393,0.542223,0.049434,-0.364901,0.314877,-0.730814,-0.284160,0.534470,0.689200,0.029973,0.147176,0.396749,0.162422,-0.267442,-0.862633
2026-03-26T14:14:08.124556+00:00,25.404632,1774534448124556400,0.545651,0.507145,-0.072584,0.807247,-0.060475,-0.578030,-0.102404,0.542135,0.049789,-0.365057,0.315585,-0.731009,-0.284594,0.534220,0.689152,0.029893,0.147139,0.397246,0.161586,-0.267383,-0.862038
2026-03-26T14:14:08.141694+00:00,25.421770,1774534448141694100,0.545674,0.507128,-0.072600,0.807231,-0.060526,-0.578044,-0.102424,0.542062,0.050127,-0.365204,0.316411,-0.731122,-0.285416,0.534662,0.689133,0.029856,0.147089,0.397179,0.161264,-0.268185,-0.862272
2026-03-26T14:14:08.158888+00:00,25.438963,1774534448158887800,0.545704,0.507100,-0.072598,0.807195,-0.060618,-0.578078,-0.102526,0.542052,0.050248,-0.365229,0.317914,-0.729550,-0.285263,0.533173,0.689157,0.029803,0.146999,0.396524,0.161440,-0.269811,-0.863415
2026-03-26T14:14:08.175909+00:00,25.455985,1774534448175909000,0.545729,0.507090,-0.072625,0.807199,-0.060655,-0.578064,-0.102710,0.541851,0.050689,-0.365298,0.318338,-0.731348,-0.285438,0.534060,0.689182,0.029756,0.146937,0.396884,0.161222,-0.269893,-0.861967
2026-03-26T14:14:08.192957+00:00,25.473033,1774534448192957200,0.545765,0.507065,-0.072622,0.807193,-0.060703,-0.578069,-0.102706,0.541748,0.050978,-0.365327,0.319958,-0.729223,-0.284813,0.533011,0.689197,0.029752,0.146838,0.397148,0.160858,-0.269498,-0.861386
2026-03-26T14:14:08.210071+00:00,25.490146,1774534448210070700,0.545798,0.507055,-0.072616,0.807182,-0.060618,-0.578083,-0.102771,0.541608,0.051249,-0.365378,0.320704,-0.728468,-0.284763,0.532774,0.689277,0.029739,0.146705,0.396235,0.160838,-0.270106,-0.863869
2026-03-26T14:14:08.227305+00:00,25.507381,1774534448227305100,0.545853,0.507037,-0.072605,0.806830,-0.060551,-0.578826,-0.102869,0.541537,0.051500,-0.365378,0.320285,-0.730036,-0.285891,0.533845,0.689360,0.029729,0.146631,0.396444,0.160535,-0.269550,-0.862869
2026-03-26T14:14:08.244160+00:00,25.524236,1774534448244160500,0.545869,0.507035,-0.072562,0.806815,-0.060481,-0.578838,-0.103002,0.541419,0.051778,-0.365371,0.320930,-0.729142,-0.286163,0.533554,0.689451,0.029706,0.146572,0.396272,0.160711,-0.269552,-0.863037
2026-03-26T14:14:08.261328+00:00,25.541404,1774534448261328000,0.545891,0.507028,-0.072517,0.806806,-0.060480,-0.578844,-0.103071,0.541362,0.052065,-0.365320,0.320978,-0.729949,-0.287135,0.534319,0.689547,0.029682,0.146536,0.396254,0.160684,-0.269321,-0.862520
2026-03-26T14:14:08.278384+00:00,25.558459,1774534448278383900,0.545917,0.507019,-0.072471,0.806801,-0.060447,-0.578847,-0.103137,0.541273,0.052356,-0.365262,0.321270,-0.729700,-0.287706,0.534357,0.689644,0.029689,0.146523,0.396476,0.160825,-0.268898,-0.862238
2026-03-26T14:14:08.295415+00:00,25.575491,1774534448295415100,0.545946,0.507008,-0.072431,0.806788,-0.060448,-0.578858,-0.103208,0.541167,0.052654,-0.365209,0.321602,-0.729076,-0.287686,0.534748,0.689760,0.029694,0.146502,0.395628,0.161349,-0.268974,-0.864077
2026-03-26T14:14:08.313375+00:00,25.593451,1774534448313375200,0.545986,0.507003,-0.072373,0.806781,-0.060379,-0.578869,-0.103265,0.541007,0.052977,-0.365193,0.322414,-0.726274,-0.287298,0.533666,0.689864,0.029675,0.146528,0.395499,0.161630,-0.268860,-0.864242
2026-03-26T14:14:08.330101+00:00,25.610177,1774534448330101300,0.546018,0.507001,-0.072331,0.806771,-0.060350,-0.578879,-0.103320,0.540866,0.053304,-0.365122,0.321259,-0.727010,-0.288357,0.535086,0.689978,0.029670,0.146523,0.395747,0.161556,-0.268365,-0.863723
2026-03-26T14:14:08.347296+00:00,25.627372,1774534448347296000,0.546042,0.507015,-0.072242,0.806785,-0.060273,-0.578520,-0.103182,0.540756,0.053656,-0.365135,0.321631,-0.724292,-0.288472,0.533745,0.690110,0.029652,0.146555,0.395683,0.161258,-0.268197,-0.863135
2026-03-26T14:14:08.364286+00:00,25.644361,1774534448364285700,0.546077,0.507009,-0.072193,0.806790,-0.060262,-0.578506,-0.103252,0.540626,0.054075,-0.365090,0.320837,-0.725957,-0.289962,0.535250,0.690239,0.029640,0.146526,0.395477,0.161524,-0.268855,-0.863313
2026-03-26T14:14:08.381200+00:00,25.661276,1774534448381200100,0.546121,0.506999,-0.072151,0.806779,-0.060250,-0.578520,-0.103256,0.540526,0.054569,-0.365127,0.321604,-0.725091,-0.290524,0.535802,0.690327,0.029637,0.146564,0.395261,0.161742,-0.269246,-0.863784
2026-03-26T14:14:08.398288+00:00,25.678363,1774534448398287900,0.546156,0.506998,-0.072124,0.806787,-0.060207,-0.578513,-0.103235,0.540408,0.055129,-0.365175,0.323426,-0.723394,-0.290820,0.535355,0.690410,0.029639,0.146638,0.395220,0.161872,-0.269200,-0.863916
2026-03-26T14:14:08.415726+00:00,25.695801,1774534448415725700,0.546180,0.507001,-0.072104,0.806791,-0.060153,-0.578505,-0.103270,0.540268,0.055673,-0.365212,0.324239,-0.724083,-0.291837,0.536318,0.690490,0.029645,0.146716,0.395389,0.161766,-0.268731,-0.863594
2026-03-26T14:14:08.432481+00:00,25.712557,1774534448432481300,0.546204,0.506990,-0.072127,0.806806,-0.060127,-0.578842,-0.103276,0.540224,0.056174,-0.365241,0.324946,-0.723744,-0.292427,0.536451,0.690581,0.029656,0.146779,0.395757,0.161487,-0.267967,-0.862772
2026-03-26T14:14:08.449929+00:00,25.730004,1774534448449928400,0.546215,0.507001,-0.072123,0.806828,-0.060062,-0.578827,-0.103141,0.540179,0.056609,-0.365290,0.326447,-0.721639,-0.292302,0.534777,0.690708,0.029661,0.146807,0.394798,0.161892,-0.268315,-0.865256
2026-03-26T14:14:08.466954+00:00,25.747030,1774534448466954400,0.546219,0.507013,-0.072121,0.806840,-0.060022,-0.578818,-0.103079,0.540189,0.056973,-0.365381,0.326523,-0.722051,-0.292958,0.536005,0.690792,0.029668,0.146874,0.395084,0.161639,-0.267576,-0.863978
2026-03-26T14:14:08.484004+00:00,25.764080,1774534448484004100,0.546223,0.507021,-0.072119,0.806853,-0.060046,-0.578812,-0.102943,0.540144,0.057242,-0.365482,0.327373,-0.720218,-0.292665,0.534980,0.690886,0.029661,0.146929,0.395034,0.161765,-0.267453,-0.863535
2026-03-26T14:14:08.500892+00:00,25.780968,1774534448500892300,0.546224,0.507024,-0.072133,0.806862,-0.060112,-0.578803,-0.102863,0.540136,0.057446,-0.365602,0.327173,-0.721793,-0.293515,0.536117,0.690955,0.029661,0.147012,0.394965,0.161977,-0.267488,-0.863035
2026-03-26T14:14:08.518122+00:00,25.798198,1774534448518122400,0.546231,0.507023,-0.072131,0.806861,-0.060140,-0.578793,-0.102922,0.540132,0.057615,-0.365724,0.326907,-0.722308,-0.293903,0.536492,0.690998,0.029667,0.147113,0.394531,0.162999,-0.268042,-0.863900
2026-03-26T14:14:08.535076+00:00,25.815152,1774534448535076100,0.546235,0.507031,-0.072135,0.806865,-0.060196,-0.578792,-0.102910,0.540140,0.057718,-0.365834,0.326854,-0.722308,-0.293949,0.536500,0.691026,0.029670,0.147231,0.394209,0.163737,-0.268313,-0.864254
2026-03-26T14:14:08.552078+00:00,25.832154,1774534448552078300,0.546257,0.507031,-0.072109,0.806860,-0.060097,-0.578806,-0.102837,0.540009,0.057796,-0.365942,0.327673,-0.720446,-0.293241,0.534825,0.691035,0.029692,0.147368,0.395145,0.163681,-0.267416,-0.861937
2026-03-26T14:14:08.569108+00:00,25.849184,1774534448569108200,0.546273,0.507073,-0.072135,0.806888,-0.060030,-0.578787,-0.102766,0.540152,0.057806,-0.366028,0.327686,-0.720681,-0.293158,0.534545,0.691091,0.029664,0.147415,0.395160,0.163735,-0.267289,-0.861959
2026-03-26T14:14:08.586173+00:00,25.866249,1774534448586173000,0.546264,0.507084,-0.072101,0.807251,-0.059938,-0.578035,-0.102587,0.540135,0.057835,-0.366115,0.327974,-0.720655,-0.292836,0.534843,0.691133,0.029623,0.147434,0.394328,0.163308,-0.267793,-0.863676
2026-03-26T14:14:08.603200+00:00,25.883276,1774534448603200600,0.546323,0.507107,-0.072134,0.806936,-0.059918,-0.578730,-0.102680,0.540216,0.057839,-0.366159,0.327963,-0.721807,-0.292925,0.534794,0.691263,0.029541,0.147425,0.394108,0.162918,-0.267839,-0.863836
2026-03-26T14:14:08.620214+00:00,25.900290,1774534448620214500,0.546372,0.507109,-0.072126,0.806897,-0.059895,-0.578775,-0.102746,0.540268,0.057833,-0.366211,0.328463,-0.721393,-0.292225,0.534458,0.691359,0.029517,0.147483,0.394220,0.162909,-0.267786,-0.862752
2026-03-26T14:14:08.637158+00:00,25.917233,1774534448637157600,0.546410,0.507119,-0.072101,0.806941,-0.059873,-0.578345,-0.102801,0.540288,0.057756,-0.366254,0.328708,-0.720718,-0.291910,0.534289,0.691406,0.029510,0.147524,0.394144,0.163223,-0.267820,-0.862967
2026-03-26T14:14:08.654506+00:00,25.934582,1774534448654506600,0.546477,0.507132,-0.072106,0.806543,-0.059778,-0.579183,-0.102655,0.540415,0.057534,-0.366277,0.327853,-0.723257,-0.292258,0.535554,0.691433,0.029497,0.147564,0.394120,0.163262,-0.267630,-0.862550
2026-03-26T14:14:08.671385+00:00,25.951461,1774534448671385200,0.546506,0.507161,-0.072102,0.806569,-0.059645,-0.579172,-0.102452,0.540561,0.057305,-0.366304,0.328002,-0.723422,-0.291617,0.534803,0.691452,0.029509,0.147589,0.394301,0.163386,-0.267395,-0.862837
2026-03-26T14:14:08.688515+00:00,25.968591,1774534448688515000,0.546532,0.507197,-0.072098,0.806577,-0.059511,-0.579175,-0.102345,0.540718,0.057005,-0.366340,0.328160,-0.724155,-0.291167,0.534427,0.691466,0.029534,0.147601,0.394589,0.163301,-0.266866,-0.862476
2026-03-26T14:14:08.705872+00:00,25.985948,1774534448705872100,0.546585,0.507217,-0.072079,0.806226,-0.059469,-0.579555,-0.102382,0.540887,0.056738,-0.366387,0.329411,-0.722018,-0.289779,0.532328,0.691484,0.029546,0.147599,0.394841,0.163085,-0.266836,-0.862482
2026-03-26T14:14:08.723049+00:00,26.003125,1774534448723049100,0.546626,0.507218,-0.072082,0.806188,-0.059528,-0.579574,-0.102678,0.541015,0.056442,-0.366423,0.329667,-0.722058,-0.289554,0.532388,0.691519,0.029544,0.147594,0.394822,0.163037,-0.267281,-0.862841
2026-03-26T14:14:08.739958+00:00,26.020034,1774534448739958000,0.546681,0.507219,-0.072081,0.806136,-0.059593,-0.579621,-0.102940,0.541158,0.056122,-0.366454,0.330180,-0.722707,-0.289298,0.532870,0.691560,0.029499,0.147598,0.394172,0.163128,-0.268325,-0.863777
2026-03-26T14:14:08.756950+00:00,26.037026,1774534448756950100,0.546761,0.507243,-0.072068,0.805807,-0.059529,-0.579976,-0.103131,0.541252,0.055751,-0.366481,0.330397,-0.725093,-0.289407,0.533952,0.691585,0.029492,0.147617,0.394027,0.163200,-0.268330,-0.863759
2026-03-26T14:14:08.774182+00:00,26.054258,1774534448774182000,0.546824,0.507241,-0.072044,0.805674,-0.059490,-0.580140,-0.103262,0.541452,0.055368,-0.366506,0.331332,-0.725429,-0.288380,0.533449,0.691600,0.029520,0.147630,0.393917,0.163175,-0.268448,-0.863778
2026-03-26T14:14:08.791063+00:00,26.071139,1774534448791063300,0.546871,0.507254,-0.072050,0.805811,-0.059386,-0.579986,-0.103050,0.541577,0.054964,-0.366516,0.331749,-0.724686,-0.286745,0.531849,0.691588,0.029560,0.147649,0.394230,0.163061,-0.268236,-0.863597
2026-03-26T14:14:08.808112+00:00,26.088187,1774534448808111700,0.546943,0.507250,-0.072059,0.805478,-0.059257,-0.580719,-0.102970,0.541737,0.054576,-0.366544,0.331510,-0.724642,-0.285474,0.531411,0.691593,0.029559,0.147653,0.393892,0.163461,-0.268995,-0.864585
2026-03-26T14:14:08.825162+00:00,26.105237,1774534448825161900,0.546973,0.507253,-0.072044,0.805555,-0.059185,-0.580622,-0.102831,0.541828,0.054212,-0.366582,0.330564,-0.726072,-0.285152,0.531246,0.691589,0.029541,0.147683,0.394225,0.163746,-0.269580,-0.863157
2026-03-26T14:14:08.842100+00:00,26.122175,1774534448842099700,0.547006,0.507302,-0.072031,0.805510,-0.059151,-0.580348,-0.102644,0.541929,0.053953,-0.366641,0.330715,-0.724566,-0.284310,0.530120,0.691623,0.029699,0.147805,0.393707,0.164223,-0.270308,-0.863677
2026-03-26T14:14:08.859239+00:00,26.139315,1774534448859239300,0.547078,0.507319,-0.072050,0.805172,-0.059167,-0.581080,-0.102573,0.541998,0.053746,-0.366682,0.329510,-0.727329,-0.285448,0.531765,0.691634,0.029747,0.147938,0.394075,0.164316,-0.270493,-0.861796
2026-03-26T14:14:08.876303+00:00,26.156378,1774534448876302900,0.547137,0.507350,-0.072066,0.805198,-0.059128,-0.581052,-0.102515,0.542070,0.053649,-0.366741,0.330614,-0.725701,-0.284502,0.529991,0.691656,0.029777,0.148053,0.393809,0.164531,-0.270620,-0.861899
2026-03-26T14:14:08.893432+00:00,26.173508,1774534448893432200,0.547216,0.507378,-0.072106,0.805211,-0.059137,-0.581028,-0.102540,0.542198,0.053627,-0.366820,0.331185,-0.725917,-0.284080,0.529744,0.691655,0.029776,0.148182,0.393518,0.164846,-0.270756,-0.861991
2026-03-26T14:14:08.910446+00:00,26.190521,1774534448910445900,0.547313,0.507397,-0.072180,0.805215,-0.059165,-0.581022,-0.102530,0.542269,0.053582,-0.366902,0.330702,-0.728026,-0.284773,0.530901,0.691656,0.029780,0.148356,0.393314,0.165448,-0.270678,-0.861895
2026-03-26T14:14:08.927514+00:00,26.207590,1774534448927514400,0.547434,0.507427,-0.072277,0.805201,-0.059270,-0.581041,-0.102479,0.542304,0.053564,-0.367014,0.331497,-0.725633,-0.284286,0.529574,0.691673,0.029834,0.148476,0.392329,0.166082,-0.271115,-0.864373
2026-03-26T14:14:08.944597+00:00,26.224672,1774534448944596600,0.547559,0.507441,-0.072400,0.805191,-0.059329,-0.581053,-0.102480,0.542371,0.053541,-0.367121,0.330511,-0.726773,-0.285020,0.530618,0.691661,0.029836,0.148601,0.392483,0.166040,-0.270750,-0.864005
2026-03-26T14:14:08.961678+00:00,26.241753,1774534448961677700,0.547668,0.507448,-0.072519,0.805192,-0.059437,-0.581046,-0.102475,0.542348,0.053587,-0.367272,0.330470,-0.725547,-0.285021,0.530685,0.691700,0.029814,0.148683,0.392597,0.166037,-0.270777,-0.864554
2026-03-26T14:14:08.978706+00:00,26.258782,1774534448978706100,0.547776,0.507452,-0.072630,0.805211,-0.059490,-0.581015,-0.102476,0.542270,0.053751,-0.367437,0.330205,-0.725339,-0.285346,0.530957,0.691778,0.029773,0.148763,0.392818,0.165829,-0.270509,-0.864575
2026-03-26T14:14:08.995959+00:00,26.276035,1774534448995959100,0.547844,0.507468,-0.072684,0.805541,-0.059488,-0.580302,-0.102443,0.542161,0.053898,-0.367610,0.329914,-0.725874,-0.285752,0.531096,0.691728,0.029742,0.148810,0.392638,0.165824,-0.271009,-0.864727
2026-03-26T14:14:09.012825+00:00,26.292901,1774534449012825400,0.547981,0.507460,-0.072768,0.805187,-0.059477,-0.581046,-0.102536,0.542108,0.054101,-0.367805,0.329695,-0.726856,-0.286419,0.531849,0.691754,0.029697,0.148917,0.393296,0.165573,-0.270927,-0.862185
2026-03-26T14:14:09.030027+00:00,26.310103,1774534449030027300,0.548093,0.507460,-0.072827,0.805171,-0.059511,-0.581060,-0.102603,0.542071,0.054313,-0.368014,0.329701,-0.726842,-0.286440,0.531853,0.691801,0.029658,0.149014,0.392879,0.165773,-0.271537,-0.862504
2026-03-26T14:14:09.046958+00:00,26.327034,1774534449046958000,0.548222,0.507458,-0.072872,0.805161,-0.059541,-0.581073,-0.102603,0.542034,0.054472,-0.368245,0.330500,-0.725649,-0.285982,0.530482,0.691838,0.029623,0.149104,0.392574,0.166029,-0.272036,-0.862986
2026-03-26T14:14:09.063949+00:00,26.344024,1774534449063948900,0.548336,0.507457,-0.072913,0.805150,-0.059615,-0.581079,-0.102665,0.542021,0.054600,-0.368476,0.330719,-0.725200,-0.285546,0.530124,0.691851,0.029610,0.149165,0.392888,0.165670,-0.271661,-0.862901
2026-03-26T14:14:09.080957+00:00,26.361033,1774534449080957100,0.548421,0.507456,-0.072960,0.805156,-0.059634,-0.581077,-0.102595,0.541982,0.054698,-0.368686,0.330721,-0.725735,-0.285756,0.530516,0.691858,0.029603,0.149201,0.393404,0.165375,-0.271192,-0.862930
2026-03-26T14:14:09.098026+00:00,26.378101,1774534449098025800,0.548519,0.507459,-0.073004,0.805165,-0.059595,-0.581066,-0.102592,0.541824,0.054778,-0.368865,0.330840,-0.726049,-0.286019,0.531110,0.691845,0.029585,0.149228,0.393562,0.165118,-0.271303,-0.863156
2026-03-26T14:14:09.114836+00:00,26.394912,1774534449114836500,0.548606,0.507459,-0.073039,0.805177,-0.059599,-0.581058,-0.102511,0.541620,0.054872,-0.369022,0.331141,-0.724803,-0.285859,0.531255,0.691836,0.029581,0.149257,0.393582,0.165160,-0.271586,-0.863530
2026-03-26T14:14:09.131984+00:00,26.412060,1774534449131984200,0.548696,0.507457,-0.073083,0.805212,-0.059591,-0.581010,-0.102485,0.541395,0.054928,-0.369183,0.331253,-0.724824,-0.286519,0.532517,0.691862,0.029553,0.149347,0.394043,0.165177,-0.271600,-0.861743
2026-03-26T14:14:09.148932+00:00,26.429008,1774534449148932100,0.548841,0.507443,-0.073121,0.804858,-0.059654,-0.581754,-0.102543,0.541203,0.054980,-0.369328,0.332333,-0.723255,-0.285819,0.531617,0.691871,0.029540,0.149391,0.393884,0.165231,-0.271921,-0.862124
2026-03-26T14:14:09.165966+00:00,26.446041,1774534449165965500,0.548960,0.507463,-0.073102,0.804880,-0.059536,-0.581373,-0.102521,0.541175,0.055018,-0.369463,0.332602,-0.723793,-0.285956,0.531872,0.691859,0.029538,0.149452,0.394134,0.165005,-0.271475,-0.861648
2026-03-26T14:14:09.183116+00:00,26.463192,1774534449183116200,0.549106,0.507463,-0.073041,0.804734,-0.059442,-0.581557,-0.102678,0.541200,0.055055,-0.369593,0.333103,-0.723835,-0.285835,0.531570,0.691841,0.029495,0.149471,0.394290,0.164863,-0.271258,-0.861672
2026-03-26T14:14:09.200142+00:00,26.480217,1774534449200141600,0.549222,0.507476,-0.073099,0.804835,-0.059404,-0.581412,-0.102865,0.541018,0.055062,-0.369719,0.333709,-0.724162,-0.285512,0.529969,0.691843,0.029479,0.149540,0.394233,0.165113,-0.271275,-0.861833
2026-03-26T14:14:09.217175+00:00,26.497250,1774534449217174800,0.549380,0.507447,-0.073085,0.804394,-0.059457,-0.582260,-0.103029,0.541128,0.055041,-0.369815,0.334059,-0.723900,-0.284917,0.529383,0.691874,0.029400,0.149571,0.393127,0.165556,-0.271557,-0.863928
2026-03-26T14:14:09.234176+00:00,26.514251,1774534449234175800,0.549491,0.507450,-0.073041,0.804372,-0.059514,-0.581920,-0.103106,0.541230,0.055019,-0.369885,0.333208,-0.726778,-0.285603,0.531123,0.691884,0.029281,0.149624,0.393062,0.165464,-0.271238,-0.862987
2026-03-26T14:14:09.251158+00:00,26.531234,1774534449251158200,0.549470,0.507462,-0.073055,0.804383,-0.059613,-0.581895,-0.103238,0.541287,0.055016,-0.369928,0.333194,-0.726749,-0.285608,0.531169,0.691895,0.029166,0.149661,0.393089,0.165252,-0.271050,-0.862465
2026-03-26T14:14:09.268197+00:00,26.548272,1774534449268196900,0.549544,0.507447,-0.073042,0.804348,-0.059632,-0.581926,-0.103358,0.541305,0.055020,-0.369942,0.333197,-0.726709,-0.285638,0.531207,0.691921,0.029066,0.149664,0.392361,0.165115,-0.271223,-0.864160
2026-03-26T14:14:09.285260+00:00,26.565336,1774534449285260500,0.549754,0.507437,-0.073022,0.804363,-0.059620,-0.581905,-0.103403,0.541343,0.055038,-0.369955,0.333522,-0.725585,-0.285447,0.531204,0.691923,0.028973,0.149683,0.392289,0.164805,-0.271432,-0.863741
2026-03-26T14:14:09.302457+00:00,26.582532,1774534449302456900,0.549870,0.507427,-0.072992,0.804367,-0.059606,-0.581903,-0.103388,0.541341,0.055033,-0.369957,0.334123,-0.724939,-0.285409,0.530106,0.691897,0.028931,0.149710,0.392499,0.164622,-0.271374,-0.863442
2026-03-26T14:14:09.319436+00:00,26.599511,1774534449319435700,0.549959,0.507412,-0.072972,0.804349,-0.059582,-0.581925,-0.103441,0.541333,0.055004,-0.369976,0.334602,-0.724238,-0.285299,0.529213,0.691889,0.028897,0.149743,0.392393,0.164914,-0.271879,-0.864307
2026-03-26T14:14:09.336355+00:00,26.616430,1774534449336354700,0.550032,0.507412,-0.072948,0.804341,-0.059534,-0.581933,-0.103508,0.541452,0.055077,-0.369952,0.334459,-0.724846,-0.285795,0.529249,0.691863,0.028905,0.149795,0.392476,0.164990,-0.271973,-0.864225
2026-03-26T14:14:09.353613+00:00,26.633689,1774534449353613300,0.550129,0.507390,-0.072944,0.803994,-0.059634,-0.582669,-0.103534,0.541549,0.055156,-0.369966,0.333904,-0.726824,-0.286529,0.530205,0.691889,0.028869,0.149889,0.393185,0.164642,-0.271477,-0.861997
2026-03-26T14:14:09.370615+00:00,26.650691,1774534449370615400,0.550189,0.507386,-0.072911,0.803974,-0.059700,-0.582681,-0.103576,0.541568,0.055226,-0.369902,0.333925,-0.726771,-0.286731,0.530155,0.691850,0.028888,0.149954,0.393145,0.164693,-0.271557,-0.861980
2026-03-26T14:14:09.387489+00:00,26.667564,1774534449387488900,0.550250,0.507386,-0.072882,0.803982,-0.059562,-0.582677,-0.103659,0.541643,0.055306,-0.369877,0.333769,-0.726701,-0.287122,0.530805,0.691881,0.028860,0.150031,0.392936,0.164764,-0.271719,-0.861950
2026-03-26T14:14:09.404618+00:00,26.684694,1774534449404618200,0.550309,0.507387,-0.072833,0.803971,-0.059468,-0.582685,-0.103787,0.541634,0.055356,-0.369831,0.334772,-0.724415,-0.286469,0.529564,0.691893,0.028849,0.150109,0.391692,0.165193,-0.272166,-0.863884
2026-03-26T14:14:09.421765+00:00,26.701840,1774534449421764500,0.550368,0.507381,-0.072777,0.803990,-0.059391,-0.582662,-0.103785,0.541634,0.055400,-0.369788,0.334520,-0.725377,-0.287128,0.530322,0.691921,0.028813,0.150226,0.390927,0.165606,-0.272516,-0.862961
