timestamp,time_seconds,timestamp_ns,tracker_head_x,tracker_head_y,tracker_head_z,tracker_head_qw,tracker_head_qx,tracker_head_qy,tracker_head_qz,tracker_right_x,tracker_right_y,tracker_right_z,tracker_right_qw,tracker_right_qx,tracker_right_qy,tracker_right_qz,tracker_left_x,tracker_left_y,tracker_left_z,tracker_left_qw,tracker_left_qx,tracker_left_qy,tracker_left_qz
2026-03-27T18:23:45.341652+00:00,-0.024522,1774635825341652300,-0.145004,0.506838,0.875841,0.03086,0.120023,-1.033397,-0.423942,-1.213968,-1.368092,0.58984,0.277407,-0.675126,-0.649748,-0.211252,-1.332671,-0.336576,1.489026,0.296813,-0.791305,0.467367,0.266339
2026-03-27T18:23:45.359205+00:00,-0.006969,1774635825359204900,-0.145018,0.506835,0.875628,0.03082,0.121295,-1.042901,-0.427855,-1.214108,-1.367943,0.589855,0.277492,-0.673709,-0.648393,-0.210686,-1.332566,-0.336646,1.489111,0.297543,-0.78869,0.464983,0.26748
2026-03-27T18:23:45.375932+00:00,0.009758,1774635825375932200,-0.145033,0.506852,0.875431,0.029816,0.126449,-1.085504,-0.445329,-1.214225,-1.367888,0.589837,0.276331,-0.676509,-0.651576,-0.211551,-1.332486,-0.337059,1.489152,0.296177,-0.790766,0.464162,0.269291
2026-03-27T18:23:45.392927+00:00,0.026752,1774635825392926700,-0.145058,0.506861,0.875262,0.029588,0.128855,-1.103188,-0.452555,-1.214326,-1.36784,0.589804,0.276325,-0.67593,-0.650981,-0.21138,-1.332489,-0.337513,1.489111,0.295224,-0.790958,0.461928,0.269583
2026-03-27T18:23:45.409592+00:00,0.043418,1774635825409592200,-0.145129,0.506899,0.875097,0.040728,0.094875,-0.809053,-0.33209,-1.332502,-0.338061,1.489084,0.294904,-0.792089,0.460585,0.269594,-1.214347,-1.367846,0.589791,0.276233,-0.675588,-0.650587,-0.21142
2026-03-27T18:23:45.428054+00:00,0.061879,1774635825428053600,-0.145152,0.50691,0.87494,0.03962,0.098995,-0.840477,-0.345001,-1.332476,-0.338801,1.489055,0.294409,-0.794876,0.460505,0.270326,-1.214473,-1.367841,0.589694,0.276134,-0.676419,-0.650388,-0.211695
2026-03-27T18:23:45.444314+00:00,0.078139,1774635825444313600,-0.145165,0.506911,0.8748,0.038974,0.102007,-0.864424,-0.354836,-1.332414,-0.339262,1.489008,0.294472,-0.794662,0.45963,0.270736,-1.214721,-1.367837,0.589438,0.275914,-0.676864,-0.65085,-0.212107
2026-03-27T18:23:45.461253+00:00,0.095079,1774635825461253100,-0.145163,0.506913,0.874686,0.038682,0.104201,-0.882282,-0.362152,-1.332348,-0.339717,1.488948,0.294423,-0.794804,0.459307,0.271704,-1.214853,-1.367839,0.589273,0.275757,-0.677095,-0.65106,-0.212418
2026-03-27T18:23:45.478233+00:00,0.112059,1774635825478233300,-0.145134,0.506928,0.874589,0.039143,0.104336,-0.883143,-0.362519,-1.332286,-0.34009,1.488869,0.296002,-0.791445,0.457708,0.271118,-1.215096,-1.3678,0.589152,0.275562,-0.676782,-0.65117,-0.212444
2026-03-27T18:23:45.495235+00:00,0.12906,1774635825495234700,-0.145177,0.506923,0.874505,0.03905,0.105487,-0.894682,-0.367192,-1.332188,-0.340388,1.488764,0.295506,-0.794299,0.459843,0.27211,-1.215338,-1.367723,0.589034,0.276621,-0.672807,-0.648197,-0.211627
2026-03-27T18:23:45.512249+00:00,0.146075,1774635825512249400,-0.145202,0.506912,0.874424,0.041671,0.099735,-0.846953,-0.347417,-1.332118,-0.340667,1.488582,0.29576,-0.793517,0.459589,0.272066,-1.215706,-1.367833,0.588917,0.274818,-0.676779,-0.653234,-0.213754
2026-03-27T18:23:45.529326+00:00,0.163152,1774635825529326300,-0.145229,0.506917,0.874362,0.041848,0.100255,-0.851858,-0.349432,-1.332049,-0.34095,1.488422,0.296133,-0.792492,0.458771,0.271733,-1.216135,-1.367626,0.588986,0.274482,-0.675768,-0.654141,-0.214645
2026-03-27T18:23:45.546295+00:00,0.180121,1774635825546295200,-0.145297,0.506933,0.874329,0.044004,0.096286,-0.818053,-0.335342,-1.331976,-0.341213,1.488274,0.296508,-0.791492,0.457928,0.271389,-1.216629,-1.36731,0.589094,0.276188,-0.670148,-0.650747,-0.214348
2026-03-27T18:23:45.563381+00:00,0.197207,1774635825563380900,-0.145393,0.506948,0.874301,0.043863,0.097498,-0.827924,-0.339382,-1.331892,-0.341484,1.488137,0.296696,-0.792372,0.458189,0.271965,-1.217238,-1.366978,0.58948,0.275046,-0.672078,-0.655479,-0.216554
2026-03-27T18:23:45.580456+00:00,0.214282,1774635825580455800,-0.145539,0.506966,0.874288,0.043867,0.098257,-0.834327,-0.342005,-1.331802,-0.341745,1.488091,0.297535,-0.790232,0.457262,0.271968,-1.2179,-1.36651,0.590074,0.275827,-0.668383,-0.65488,-0.217399
2026-03-27T18:23:45.597421+00:00,0.231247,1774635825597421200,-0.145742,0.506992,0.874296,0.045766,0.094751,-0.803877,-0.329309,-1.331704,-0.341988,1.488065,0.296858,-0.792674,0.458685,0.273523,-1.218692,-1.366025,0.590861,0.275763,-0.667593,-0.656792,-0.219707
2026-03-27T18:23:45.614495+00:00,0.248321,1774635825614495100,-0.145994,0.507002,0.874299,0.045293,0.096173,-0.813875,-0.333424,-1.331611,-0.342223,1.488047,0.297373,-0.790899,0.458206,0.273575,-1.21954,-1.365455,0.591861,0.276619,-0.664137,-0.656665,-0.221842
2026-03-27T18:23:45.631503+00:00,0.265329,1774635825631503400,-0.146289,0.507006,0.874302,0.04225,0.103381,-0.871682,-0.357367,-1.331503,-0.342421,1.488034,0.297156,-0.792149,0.458922,0.274251,-1.220507,-1.364833,0.593053,0.276916,-0.662254,-0.659104,-0.225204
2026-03-27T18:23:45.649807+00:00,0.283633,1774635825649807300,-0.146675,0.507015,0.874332,0.041414,0.105441,-0.886295,-0.363342,-1.331411,-0.342645,1.488041,0.297257,-0.791992,0.459,0.274461,-1.221698,-1.364085,0.59448,0.278182,-0.657031,-0.65951,-0.228181
2026-03-27T18:23:45.666795+00:00,0.300621,1774635825666795300,-0.147048,0.507026,0.874376,0.040607,0.107576,-0.901997,-0.369746,-1.331319,-0.342833,1.488044,0.297878,-0.791492,0.459301,0.274894,-1.222842,-1.363337,0.595891,0.278741,-0.654877,-0.662824,-0.231706
2026-03-27T18:23:45.683812+00:00,0.317638,1774635825683811800,-0.147468,0.507037,0.874429,0.039798,0.109603,-0.917336,-0.376048,-1.331249,-0.343069,1.488048,0.299539,-0.787787,0.458004,0.27451,-1.22424,-1.362519,0.597596,0.279033,-0.65051,-0.66375,-0.235624
2026-03-27T18:23:45.700865+00:00,0.334691,1774635825700865400,-0.147913,0.507042,0.87453,0.038932,0.111825,-0.933088,-0.382503,-1.331134,-0.343286,1.48801,0.297894,-0.791817,0.460533,0.276299,-1.225597,-1.361759,0.59936,0.277327,-0.650514,-0.668821,-0.240768
2026-03-27T18:23:45.717860+00:00,0.351685,1774635825717859600,-0.148375,0.50705,0.874635,0.037615,0.115557,-0.961193,-0.394035,-1.331088,-0.343542,1.487994,0.298953,-0.788526,0.458868,0.275539,-1.226947,-1.360939,0.601235,0.277088,-0.645424,-0.667392,-0.244188
2026-03-27T18:23:45.734898+00:00,0.368724,1774635825734898000,-0.14889,0.507058,0.874753,0.038938,0.111353,-0.923042,-0.378149,-1.331041,-0.343777,1.487985,0.29793,-0.791212,0.460109,0.275988,-1.228362,-1.360206,0.60312,0.274682,-0.64325,-0.668679,-0.247962
2026-03-27T18:23:45.752010+00:00,0.385836,1774635825752009800,-0.149387,0.507059,0.874888,0.038038,0.113754,-0.93999,-0.385086,-1.33103,-0.344066,1.487968,0.298407,-0.790854,0.459611,0.275857,-1.229688,-1.359446,0.604965,0.271073,-0.644494,-0.673163,-0.25285
2026-03-27T18:23:45.768713+00:00,0.402538,1774635825768712600,-0.149888,0.507067,0.875051,0.037392,0.115537,-0.951453,-0.389745,-1.33103,-0.344348,1.487918,0.299076,-0.790507,0.45919,0.275577,-1.231067,-1.358679,0.606761,0.269532,-0.640058,-0.671155,-0.254463
2026-03-27T18:23:45.785774+00:00,0.4196,1774635825785773800,-0.15025,0.507077,0.875032,0.035615,0.121193,-0.994039,-0.407226,-1.331039,-0.344693,1.487856,0.299231,-0.791406,0.459391,0.27623,-1.23244,-1.357821,0.608585,0.266963,-0.640164,-0.673408,-0.257516
2026-03-27T18:23:45.802504+00:00,0.43633,1774635825802504000,-0.150781,0.507087,0.875201,0.034907,0.123429,-1.008734,-0.413204,-1.331067,-0.345041,1.487768,0.299643,-0.790734,0.458376,0.276319,-1.233811,-1.356975,0.610364,0.266019,-0.636539,-0.672261,-0.258692
2026-03-27T18:23:45.819597+00:00,0.453423,1774635825819597000,-0.151536,0.507088,0.875508,0.033927,0.12657,-1.030046,-0.421958,-1.331084,-0.34544,1.487656,0.299944,-0.790683,0.457708,0.276668,-1.235182,-1.356083,0.61216,0.26266,-0.6382,-0.676566,-0.261667
2026-03-27T18:23:45.836660+00:00,0.470486,1774635825836659900,-0.15215,0.507078,0.8758,0.034424,0.123793,-1.00262,-0.410462,-1.33115,-0.34583,1.487467,0.299857,-0.792314,0.457547,0.276906,-1.236579,-1.355223,0.613881,0.260639,-0.636953,-0.677349,-0.263289
2026-03-27T18:23:45.853877+00:00,0.487702,1774635825853876700,-0.152571,0.507075,0.87592,0.032914,0.128363,-1.035642,-0.423971,-1.331275,-0.346218,1.487271,0.301057,-0.790001,0.455426,0.276188,-1.23794,-1.354304,0.615619,0.25844,-0.63599,-0.678513,-0.264843
2026-03-27T18:23:45.872551+00:00,0.506377,1774635825872551100,-0.153315,0.507069,0.876258,0.030909,0.135466,-1.088964,-0.445848,-1.331424,-0.346657,1.487035,0.301964,-0.789094,0.45427,0.276479,-1.239394,-1.353383,0.617369,0.25637,-0.635667,-0.679635,-0.265891
2026-03-27T18:23:45.888779+00:00,0.522605,1774635825888779600,-0.153939,0.50704,0.876623,0.04224,0.098431,-0.78884,-0.323163,-1.331583,-0.346996,1.486847,0.301243,-0.79198,0.455168,0.277465,-1.240637,-1.352539,0.618946,0.254507,-0.635005,-0.68055,-0.266994
2026-03-27T18:23:45.905889+00:00,0.539715,1774635825905888900,-0.1545,0.506971,0.876918,0.038719,0.106623,-0.851761,-0.349139,-1.331767,-0.347332,1.486519,0.30164,-0.792577,0.455489,0.277408,-1.241843,-1.35186,0.620456,0.252476,-0.635126,-0.681201,-0.268242
2026-03-27T18:23:45.922780+00:00,0.556606,1774635825922780100,-0.15504,0.506907,0.877255,0.037606,0.109081,-0.868545,-0.356016,-1.33193,-0.347626,1.486168,0.303508,-0.789126,0.453541,0.276125,-1.242971,-1.351134,0.622004,0.251538,-0.632794,-0.679195,-0.268577
2026-03-27T18:23:45.939831+00:00,0.573657,1774635825939831500,-0.155596,0.506842,0.877603,0.036833,0.110599,-0.878732,-0.360197,-1.332119,-0.347927,1.485859,0.304014,-0.790503,0.454325,0.276102,-1.244085,-1.350441,0.623568,0.24896,-0.633004,-0.679344,-0.270959
2026-03-27T18:23:45.957068+00:00,0.590894,1774635825957068000,-0.156129,0.506778,0.877986,0.03606,0.112319,-0.890608,-0.365065,-1.332314,-0.348258,1.485541,0.304424,-0.791464,0.454597,0.27642,-1.245172,-1.349849,0.625133,0.245156,-0.635673,-0.681437,-0.274199
2026-03-27T18:23:45.974015+00:00,0.60784,1774635825974014400,-0.156656,0.506697,0.878377,0.032732,0.122969,-0.973221,-0.399215,-1.332574,-0.348596,1.485241,0.305373,-0.7903,0.453365,0.275769,-1.24621,-1.349247,0.626708,0.242783,-0.635015,-0.680946,-0.275481
2026-03-27T18:23:45.990968+00:00,0.624793,1774635825990967700,-0.157178,0.506604,0.878793,0.031858,0.125773,-0.99294,-0.40733,-1.332857,-0.34896,1.484948,0.306077,-0.789085,0.452108,0.275387,-1.247256,-1.348647,0.628283,0.240114,-0.635176,-0.681098,-0.277147
2026-03-27T18:23:46.008058+00:00,0.641883,1774635826008057700,-0.157727,0.506496,0.879222,0.030937,0.128693,-1.013868,-0.415934,-1.333164,-0.349358,1.484676,0.305468,-0.792681,0.453061,0.276495,-1.248481,-1.348127,0.629883,0.240378,-0.632734,-0.678773,-0.277215
2026-03-27T18:23:46.025067+00:00,0.658893,1774635826025066800,-0.158279,0.506388,0.879661,0.040151,0.098633,-0.774911,-0.318324,-1.333488,-0.349747,1.484392,0.30711,-0.789778,0.450698,0.275382,-1.24957,-1.347554,0.631472,0.238728,-0.632551,-0.678986,-0.278422
2026-03-27T18:23:46.042064+00:00,0.675889,1774635826042063700,-0.158798,0.506244,0.880104,0.036845,0.1073,-0.840173,-0.345387,-1.33381,-0.350135,1.484132,0.307856,-0.789797,0.450263,0.275381,-1.250627,-1.347094,0.633072,0.236046,-0.633428,-0.681316,-0.280136
2026-03-27T18:23:46.059155+00:00,0.69298,1774635826059154700,-0.159334,0.506078,0.880551,0.032944,0.119486,-0.931894,-0.383391,-1.334158,-0.350487,1.483902,0.307463,-0.792687,0.451167,0.275897,-1.251681,-1.34657,0.634626,0.234431,-0.632658,-0.681862,-0.281261
2026-03-27T18:23:46.076416+00:00,0.710242,1774635826076416600,-0.159899,0.505908,0.881007,0.027898,0.140084,-1.087479,-0.447764,-1.334477,-0.350846,1.483666,0.307973,-0.79292,0.45118,0.276008,-1.252744,-1.346034,0.636156,0.233045,-0.63157,-0.681475,-0.281819
2026-03-27T18:23:46.094398+00:00,0.728224,1774635826094398500,-0.160518,0.505752,0.881482,0.034197,0.11315,-0.8753,-0.360919,-1.334848,-0.351143,1.483427,0.309968,-0.789359,0.449033,0.274701,-1.253768,-1.345547,0.637588,0.232561,-0.628863,-0.680621,-0.281531
2026-03-27T18:23:46.111331+00:00,0.745156,1774635826111330600,-0.161078,0.505589,0.88193,0.026926,0.142365,-1.099317,-0.453673,-1.335178,-0.351365,1.483196,0.309426,-0.792257,0.44996,0.275458,-1.254669,-1.345151,0.638846,0.229471,-0.633818,-0.687328,-0.28411
2026-03-27T18:23:46.128343+00:00,0.762168,1774635826128342400,-0.161665,0.50547,0.882363,0.037272,0.101608,-0.782808,-0.323466,-1.335505,-0.351547,1.482981,0.309889,-0.792353,0.449854,0.275113,-1.255495,-1.344713,0.640008,0.230436,-0.627809,-0.681333,-0.281885
2026-03-27T18:23:46.145364+00:00,0.779189,1774635826145363400,-0.16224,0.50534,0.882778,0.033614,0.111259,-0.854843,-0.35347,-1.335837,-0.351676,1.482821,0.310507,-0.792094,0.449541,0.274798,-1.256223,-1.344421,0.641055,0.228706,-0.629986,-0.684089,-0.283066
2026-03-27T18:23:46.162481+00:00,0.796307,1774635826162481200,-0.162801,0.505221,0.883179,0.03295,0.112032,-0.858883,-0.355263,-1.336149,-0.351762,1.482686,0.310516,-0.793276,0.450329,0.275263,-1.256863,-1.34416,0.641973,0.227042,-0.633431,-0.687181,-0.284625
2026-03-27T18:23:46.179382+00:00,0.813208,1774635826179381900,-0.163361,0.505102,0.88354,0.028749,0.127231,-0.973406,-0.402772,-1.336469,-0.351802,1.482581,0.311623,-0.790555,0.449393,0.274264,-1.257485,-1.343964,0.642799,0.227145,-0.632292,-0.684826,-0.283882
2026-03-27T18:23:46.196500+00:00,0.830325,1774635826196499600,-0.163893,0.504989,0.883889,0.024102,0.15045,-1.148349,-0.47549,-1.336786,-0.351816,1.482511,0.312013,-0.790309,0.449599,0.274197,-1.257996,-1.343824,0.643517,0.226798,-0.631819,-0.684224,-0.283967
2026-03-27T18:23:46.213636+00:00,0.847462,1774635826213636300,-0.164446,0.504892,0.884233,0.023261,0.154447,-1.176261,-0.48713,-1.337083,-0.351848,1.482412,0.312464,-0.790606,0.450297,0.274077,-1.258509,-1.343735,0.644174,0.226573,-0.631558,-0.682768,-0.283879
2026-03-27T18:23:46.230386+00:00,0.864212,1774635826230386100,-0.165008,0.504825,0.884539,0.034506,0.10317,-0.783245,-0.324765,-1.337391,-0.35185,1.48233,0.312344,-0.791598,0.451077,0.274093,-1.258966,-1.343693,0.644728,0.2262,-0.632162,-0.681886,-0.284222
2026-03-27T18:23:46.247501+00:00,0.881327,1774635826247500800,-0.165554,0.504755,0.884853,0.032886,0.10717,-0.81142,-0.336366,-1.337725,-0.351889,1.482229,0.313517,-0.789251,0.449997,0.272982,-1.259409,-1.343653,0.645147,0.225873,-0.632941,-0.68163,-0.284789
2026-03-27T18:23:46.264478+00:00,0.898304,1774635826264478400,-0.166086,0.504685,0.885117,0.028025,0.124471,-0.939564,-0.389693,-1.338042,-0.351876,1.482139,0.312501,-0.792301,0.451497,0.273613,-1.259816,-1.343671,0.645523,0.224165,-0.637172,-0.685621,-0.286733
2026-03-27T18:23:46.281858+00:00,0.915684,1774635826281858500,-0.166641,0.504645,0.885399,0.029416,0.117263,-0.881819,-0.365502,-1.33843,-0.351889,1.48207,0.313641,-0.790083,0.44972,0.272325,-1.260236,-1.34366,0.645855,0.22532,-0.63315,-0.680835,-0.285213
2026-03-27T18:23:46.299099+00:00,0.932925,1774635826299098800,-0.167183,0.504606,0.885639,0.027564,0.123672,-0.9266,-0.384059,-1.338802,-0.351954,1.481986,0.314221,-0.789304,0.44899,0.271781,-1.260633,-1.343732,0.646124,0.224965,-0.6337,-0.681303,-0.285914
2026-03-27T18:23:46.316103+00:00,0.949928,1774635826316102400,-0.16771,0.504571,0.885868,0.025862,0.130072,-0.971577,-0.402702,-1.33917,-0.352059,1.481957,0.313933,-0.791223,0.449274,0.272007,-1.261013,-1.343825,0.646369,0.224161,-0.635954,-0.68392,-0.28731
2026-03-27T18:23:46.333145+00:00,0.966971,1774635826333144800,-0.168207,0.504529,0.886081,0.024626,0.134736,-1.0044,-0.416312,-1.339517,-0.352208,1.481957,0.314116,-0.791307,0.449072,0.271887,-1.261397,-1.343946,0.646608,0.22401,-0.635808,-0.683872,-0.287877
2026-03-27T18:23:46.350204+00:00,0.98403,1774635826350204200,-0.168681,0.504492,0.886288,0.023356,0.140082,-1.042103,-0.431955,-1.339875,-0.352387,1.481948,0.315007,-0.790265,0.447947,0.27132,-1.26177,-1.344062,0.646857,0.224087,-0.633672,-0.680685,-0.287619
2026-03-27T18:23:46.367427+00:00,1.001253,1774635826367426900,-0.169125,0.504445,0.886485,0.022037,0.146648,-1.088745,-0.451317,-1.340185,-0.352562,1.481961,0.31446,-0.792722,0.448518,0.272032,-1.262111,-1.34419,0.647081,0.223137,-0.634711,-0.680352,-0.288422
2026-03-27T18:23:46.384260+00:00,1.018086,1774635826384260100,-0.169541,0.50439,0.886683,0.01599,0.199936,-1.481992,-0.614726,-1.340473,-0.352716,1.48197,0.315005,-0.791929,0.447826,0.271535,-1.262267,-1.344199,0.647198,0.222931,-0.63431,-0.678499,-0.28798
2026-03-27T18:23:46.401452+00:00,1.035278,1774635826401452300,-0.169931,0.504326,0.886878,0.014779,0.21439,-1.58629,-0.658001,-1.340749,-0.352853,1.481974,0.315722,-0.790733,0.446788,0.271177,-1.262576,-1.344298,0.647415,0.222267,-0.635337,-0.677654,-0.288167
2026-03-27T18:23:46.418344+00:00,1.052169,1774635826418343700,-0.170342,0.504307,0.887089,0.032243,0.09805,-0.724502,-0.300633,-1.340947,-0.352961,1.481933,0.315863,-0.79041,0.446651,0.271111,-1.262991,-1.344435,0.647919,0.221717,-0.63867,-0.676772,-0.288902
2026-03-27T18:23:46.435510+00:00,1.069336,1774635826435509800,-0.170684,0.504241,0.887284,0.031529,0.099932,-0.737329,-0.305957,-1.341136,-0.353048,1.481949,0.315869,-0.791022,0.446994,0.271317,-1.263266,-1.344501,0.64837,0.22024,-0.643795,-0.678317,-0.290605
2026-03-27T18:23:46.452444+00:00,1.08627,1774635826452444100,-0.171013,0.504153,0.887466,0.027615,0.113565,-0.836573,-0.347359,-1.341364,-0.35309,1.481968,0.316101,-0.790487,0.446701,0.270891,-1.263513,-1.344468,0.648984,0.221442,-0.641737,-0.671228,-0.289374
2026-03-27T18:23:46.469490+00:00,1.103316,1774635826469490100,-0.171346,0.50405,0.88765,0.026968,0.115611,-0.850185,-0.353071,-1.341498,-0.353126,1.481991,0.316122,-0.791085,0.447043,0.271123,-1.26374,-1.34447,0.649903,0.220474,-0.647213,-0.672247,-0.29275
2026-03-27T18:23:46.486546+00:00,1.120371,1774635826486545700,-0.171679,0.503948,0.887862,0.02235,0.138348,-1.016381,-0.422298,-1.341672,-0.353168,1.482022,0.315876,-0.792232,0.447671,0.271792,-1.263953,-1.344398,0.651104,0.220887,-0.648712,-0.668678,-0.294758
2026-03-27T18:23:46.505531+00:00,1.139356,1774635826505530700,-0.172036,0.503802,0.888048,0.021823,0.140216,-1.028856,-0.42765,-1.341813,-0.3532,1.482038,0.315691,-0.792771,0.447932,0.272213,-1.264193,-1.344318,0.652801,0.221571,-0.647881,-0.662631,-0.296756
2026-03-27T18:23:46.521103+00:00,1.154929,1774635826521103000,-0.172367,0.503689,0.888229,0.030972,0.097625,-0.715331,-0.297778,-1.341953,-0.353237,1.482058,0.315959,-0.793135,0.447963,0.272283,-1.264406,-1.344231,0.654444,0.220547,-0.650095,-0.659737,-0.299838
2026-03-27T18:23:46.537993+00:00,1.171818,1774635826537992600,-0.172698,0.503551,0.888414,0.030211,0.098774,-0.72267,-0.300835,-1.342075,-0.353287,1.482062,0.317335,-0.790476,0.446482,0.271781,-1.264599,-1.344107,0.65629,0.219412,-0.652509,-0.65619,-0.303128
2026-03-27T18:23:46.555107+00:00,1.188933,1774635826555106800,-0.173021,0.503391,0.888567,0.026777,0.109688,-0.802114,-0.334239,-1.342213,-0.353344,1.482137,0.318316,-0.790704,0.446134,0.272058,-1.26484,-1.344,0.65874,0.215231,-0.660675,-0.655101,-0.30894
2026-03-27T18:23:46.572359+00:00,1.206185,1774635826572359200,-0.173321,0.503212,0.888713,0.026164,0.110494,-0.807033,-0.336368,-1.342274,-0.353451,1.482252,0.320156,-0.789918,0.445708,0.272737,-1.26502,-1.343822,0.661287,0.212875,-0.664858,-0.64871,-0.313013
2026-03-27T18:23:46.589177+00:00,1.223003,1774635826589177000,-0.173617,0.503017,0.88883,0.028588,0.099851,-0.728839,-0.304443,-1.342322,-0.353702,1.482474,0.323364,-0.788887,0.445244,0.274169,-1.265181,-1.343511,0.664723,0.210014,-0.667487,-0.636893,-0.318257
2026-03-27T18:23:46.606238+00:00,1.240064,1774635826606238100,-0.173843,0.502779,0.888936,0.025092,0.11244,-0.820743,-0.343087,-1.342333,-0.353911,1.482972,0.326864,-0.788469,0.445946,0.276445,-1.265207,-1.343212,0.66829,0.204812,-0.678721,-0.633579,-0.326437
2026-03-27T18:23:46.623335+00:00,1.257161,1774635826623334800,-0.17403,0.502525,0.888999,0.014968,0.186299,-1.3585,-0.568687,-1.342281,-0.354003,1.48358,0.331516,-0.783601,0.44529,0.2775,-1.265341,-1.342673,0.672164,0.202089,-0.680394,-0.621116,-0.329822
2026-03-27T18:23:46.640152+00:00,1.273978,1774635826640152300,-0.174226,0.50229,0.889033,0.026101,0.105379,-0.766468,-0.32145,-1.342204,-0.354074,1.484201,0.334178,-0.780396,0.445398,0.279972,-1.265646,-1.341784,0.676154,0.198753,-0.683109,-0.610478,-0.332877
2026-03-27T18:23:46.657219+00:00,1.291045,1774635826657219000,-0.174371,0.502053,0.889052,0.015636,0.173699,-1.260868,-0.529508,-1.341956,-0.353973,1.48475,0.330616,-0.779257,0.448136,0.28354,-1.266084,-1.3406,0.68033,0.194552,-0.69432,-0.607598,-0.338427
2026-03-27T18:23:46.674258+00:00,1.308084,1774635826674257800,-0.174507,0.501886,0.889055,0.030319,0.088929,-0.644552,-0.271006,-1.341567,-0.35378,1.484846,0.324009,-0.780265,0.452071,0.286699,-1.266564,-1.339407,0.684672,0.191429,-0.700326,-0.600505,-0.341419
2026-03-27T18:23:46.691285+00:00,1.32511,1774635826691284700,-0.174569,0.501773,0.889003,0.026997,0.099293,-0.719608,-0.30285,-1.341287,-0.353512,1.484858,0.318586,-0.780222,0.454254,0.288005,-1.267266,-1.338014,0.689397,0.18678,-0.70507,-0.592069,-0.344632
2026-03-27T18:23:46.708566+00:00,1.342392,1774635826708566200,-0.174628,0.50174,0.889034,0.026463,0.101082,-0.731801,-0.307797,-1.340957,-0.353313,1.48478,0.314276,-0.780768,0.454999,0.288742,-1.268454,-1.33664,0.694454,0.180442,-0.712233,-0.585291,-0.350473
2026-03-27T18:23:46.725313+00:00,1.359139,1774635826725313300,-0.174667,0.501776,0.888988,0.029233,0.09111,-0.65867,-0.276743,-1.340639,-0.353235,1.484776,0.310757,-0.783433,0.454338,0.290136,-1.27037,-1.335457,0.700023,0.175065,-0.71102,-0.572535,-0.355064
2026-03-27T18:23:46.742301+00:00,1.376126,1774635826742300500,-0.174699,0.501706,0.888952,0.01759,0.151052,-1.092368,-0.458436,-1.340377,-0.353311,1.48458,0.307268,-0.786687,0.452934,0.291603,-1.272441,-1.334525,0.705854,0.168756,-0.720582,-0.56973,-0.365438
2026-03-27T18:23:46.758995+00:00,1.39282,1774635826758994700,-0.17462,0.501775,0.88879,0.017602,0.151047,-1.092215,-0.458146,-1.340135,-0.353551,1.484344,0.304705,-0.788016,0.449906,0.292355,-1.274891,-1.333634,0.711992,0.165573,-0.725491,-0.565782,-0.374523
2026-03-27T18:23:46.776213+00:00,1.410038,1774635826776212700,-0.174573,0.50177,0.888599,0.018529,0.143831,-1.042123,-0.437273,-1.339967,-0.354055,1.484026,0.302849,-0.789115,0.446355,0.29324,-1.27787,-1.332725,0.71858,0.165921,-0.717682,-0.553575,-0.378082
2026-03-27T18:23:46.793083+00:00,1.426909,1774635826793082900,-0.174534,0.501806,0.888429,0.019335,0.13808,-1.002713,-0.420628,-1.339801,-0.35459,1.483768,0.299989,-0.793212,0.444839,0.295274,-1.281317,-1.332021,0.72523,0.162335,-0.714554,-0.54788,-0.384803
2026-03-27T18:23:46.810171+00:00,1.443997,1774635826810170800,-0.174366,0.50188,0.888235,0.019407,0.137687,-1.002191,-0.420244,-1.339656,-0.355096,1.483551,0.298602,-0.792915,0.441127,0.295635,-1.285271,-1.331376,0.73209,0.154798,-0.723056,-0.553716,-0.399263
2026-03-27T18:23:46.827182+00:00,1.461008,1774635826827182400,-0.174257,0.501994,0.888145,0.010113,0.265509,-1.946566,-0.814852,-1.339442,-0.355567,1.483335,0.296111,-0.79554,0.439887,0.297084,-1.289713,-1.330507,0.739218,0.151109,-0.70883,-0.544336,-0.403084
2026-03-27T18:23:46.844425+00:00,1.47825,1774635826844424600,-0.17405,0.502107,0.888044,0.026793,0.100759,-0.742799,-0.310687,-1.33917,-0.355974,1.483097,0.294398,-0.795786,0.438008,0.29808,-1.294614,-1.329532,0.746523,0.146071,-0.704021,-0.543961,-0.412349
2026-03-27T18:23:46.861321+00:00,1.495147,1774635826861321200,-0.173794,0.502158,0.88797,0.011493,0.235898,-1.74721,-0.729946,-1.33886,-0.35631,1.482888,0.29222,-0.798428,0.437659,0.300046,-1.300042,-1.328657,0.753835,0.138891,-0.710721,-0.555268,-0.429969
2026-03-27T18:23:46.878445+00:00,1.512271,1774635826878444900,-0.173562,0.50218,0.887916,0.015457,0.176463,-1.311625,-0.548075,-1.338477,-0.35657,1.482679,0.291808,-0.794549,0.434564,0.300473,-1.3057,-1.327613,0.761286,0.134103,-0.706066,-0.558896,-0.441066
2026-03-27T18:23:46.895263+00:00,1.529089,1774635826895263100,-0.173343,0.502165,0.887899,0.018582,0.147848,-1.102754,-0.460883,-1.338026,-0.356767,1.482522,0.28926,-0.797495,0.435494,0.303321,-1.311746,-1.326797,0.768664,0.128844,-0.694954,-0.558893,-0.449153
2026-03-27T18:23:46.912909+00:00,1.546735,1774635826912909400,-0.173138,0.502129,0.887895,0.015806,0.175662,-1.31417,-0.549646,-1.337493,-0.356906,1.482375,0.287436,-0.797324,0.43527,0.305563,-1.318048,-1.325975,0.776337,0.12449,-0.678712,-0.555909,-0.453829
2026-03-27T18:23:46.929879+00:00,1.563704,1774635826929878700,-0.173076,0.502103,0.887903,0.011127,0.252759,-1.893783,-0.792627,-1.336923,-0.357014,1.482202,0.286157,-0.794812,0.434209,0.307349,-1.324312,-1.32515,0.783883,0.117677,-0.667973,-0.55599,-0.461984
2026-03-27T18:23:46.946927+00:00,1.580752,1774635826946926600,-0.172944,0.502071,0.88793,0.012991,0.218599,-1.639445,-0.686284,-1.336297,-0.357133,1.482047,0.283838,-0.796983,0.435141,0.310892,-1.330708,-1.324427,0.791297,0.112983,-0.673537,-0.573125,-0.479274
2026-03-27T18:23:46.964126+00:00,1.597952,1774635826964125800,-0.172826,0.502045,0.887989,0.026499,0.108035,-0.809852,-0.339703,-1.335671,-0.357251,1.481862,0.282651,-0.794276,0.433547,0.312914,-1.336986,-1.323914,0.798589,0.112058,-0.648635,-0.563913,-0.475115
2026-03-27T18:23:46.980749+00:00,1.614575,1774635826980748900,-0.172564,0.501744,0.888367,0.017453,0.164982,-1.236142,-0.518662,-1.33495,-0.357441,1.481708,0.280746,-0.793831,0.432884,0.316336,-1.342896,-1.323422,0.805501,0.104391,-0.663801,-0.587606,-0.495765
2026-03-27T18:23:46.997792+00:00,1.631617,1774635826997791400,-0.1725,0.501528,0.88862,0.028699,0.100805,-0.754894,-0.317354,-1.334199,-0.357663,1.481522,0.277904,-0.796064,0.43333,0.320919,-1.348658,-1.323138,0.812699,0.101623,-0.644207,-0.579284,-0.490351
2026-03-27T18:23:47.014807+00:00,1.648633,1774635827014806900,-0.172488,0.501374,0.88882,0.025248,0.114906,-0.860349,-0.362136,-1.333457,-0.357909,1.481286,0.27685,-0.794624,0.432059,0.323667,-1.354324,-1.322941,0.819861,0.09681,-0.638247,-0.583112,-0.494703
2026-03-27T18:23:47.032041+00:00,1.665867,1774635827032041100,-0.172465,0.501294,0.88903,0.015665,0.184733,-1.382654,-0.582434,-1.332666,-0.358163,1.48093,0.276637,-0.791939,0.429846,0.325582,-1.36001,-1.322742,0.827059,0.091968,-0.632211,-0.586908,-0.499033
2026-03-27T18:23:47.049229+00:00,1.683055,1774635827049229100,-0.172538,0.501017,0.889493,0.014997,0.191604,-1.432286,-0.603636,-1.331825,-0.358422,1.480464,0.274878,-0.794191,0.430224,0.328963,-1.364514,-1.323488,0.834117,0.09478,-0.631746,-0.593045,-0.504864
2026-03-27T18:23:47.065734+00:00,1.69956,1774635827065733800,-0.172615,0.500778,0.889929,0.02968,0.095566,-0.712714,-0.3007,-1.330997,-0.358663,1.479873,0.273703,-0.796293,0.430596,0.331618,-1.369199,-1.324773,0.84119,0.094165,-0.62687,-0.594124,-0.508727
2026-03-27T18:23:47.082580+00:00,1.716406,1774635827082580200,-0.172781,0.500599,0.890336,0.025075,0.111184,-0.826925,-0.349098,-1.33013,-0.358907,1.479119,0.27296,-0.795395,0.429284,0.332462,-1.373754,-1.326579,0.848207,0.09587,-0.617576,-0.590014,-0.508131
2026-03-27T18:23:47.099655+00:00,1.733481,1774635827099655000,-0.173048,0.500423,0.890747,0.024661,0.111063,-0.823724,-0.347947,-1.32928,-0.359203,1.478205,0.271271,-0.79572,0.42792,0.333358,-1.378065,-1.328655,0.855219,0.09741,-0.615976,-0.591797,-0.514296
2026-03-27T18:23:47.116740+00:00,1.750566,1774635827116739800,-0.173317,0.500247,0.891159,0.024248,0.110914,-0.82034,-0.346718,-1.328413,-0.359596,1.47718,0.269188,-0.794086,0.425388,0.333799,-1.382264,-1.330914,0.86213,0.097875,-0.621729,-0.599707,-0.527184
2026-03-27T18:23:47.133608+00:00,1.767434,1774635827133607900,-0.173581,0.500073,0.891564,0.023843,0.110745,-0.816849,-0.345439,-1.327546,-0.360041,1.476118,0.26466,-0.797808,0.424692,0.336271,-1.386249,-1.333256,0.868661,0.100493,-0.609046,-0.589351,-0.524599
2026-03-27T18:23:47.150565+00:00,1.78439,1774635827150564500,-0.174351,0.500055,0.892458,0.009081,0.27346,-2.005513,-0.846537,-1.326647,-0.360602,1.475011,0.260021,-0.801338,0.423516,0.339308,-1.389928,-1.336126,0.87476,0.103396,-0.599273,-0.580695,-0.52482
2026-03-27T18:23:47.167342+00:00,1.801168,1774635827167342200,-0.174901,0.499877,0.893162,1e-06,2369.254827,-17300.879583,-7306.564599,-1.325782,-0.361125,1.473839,0.258532,-0.799807,0.420173,0.339423,-1.393452,-1.33908,0.880534,0.10692,-0.594054,-0.575212,-0.530511
2026-03-27T18:23:47.185662+00:00,1.819488,1774635827185661900,-0.175519,0.499681,0.893945,0.02511,0.089802,-0.652245,-0.275666,-1.324855,-0.361644,1.472441,0.257689,-0.801234,0.418339,0.339899,-1.397068,-1.342265,0.886463,0.109336,-0.600249,-0.580618,-0.545627
2026-03-27T18:23:47.202003+00:00,1.835829,1774635827202003100,-0.176063,0.499465,0.894675,0.024457,0.087788,-0.634967,-0.268522,-1.324034,-0.36212,1.471071,0.258086,-0.802067,0.416587,0.339792,-1.400166,-1.345196,0.891491,0.113817,-0.600198,-0.580895,-0.554977
2026-03-27T18:23:47.219099+00:00,1.852925,1774635827219099100,-0.176692,0.499221,0.895584,0.015495,0.130944,-0.943583,-0.399058,-1.323221,-0.362702,1.46959,0.259334,-0.801874,0.414496,0.339168,-1.403233,-1.348154,0.896394,0.121021,-0.594761,-0.575784,-0.560914
2026-03-27T18:23:47.236138+00:00,1.869964,1774635827236138200,-0.177378,0.498956,0.896519,1e-06,1893.460751,-13567.494228,-5736.570805,-1.322402,-0.363315,1.468087,0.259147,-0.805102,0.413745,0.340009,-1.40631,-1.351148,0.901252,0.128939,-0.589767,-0.571465,-0.567239
2026-03-27T18:23:47.253195+00:00,1.887021,1774635827253195000,-0.178046,0.498683,0.897448,1e-06,1758.977771,-12534.819543,-5302.365869,-1.321604,-0.363966,1.466553,0.259926,-0.803049,0.410952,0.338979,-1.408874,-1.354277,0.905549,0.134014,-0.585701,-0.566495,-0.572711
2026-03-27T18:23:47.270270+00:00,1.904096,1774635827270270100,-0.178723,0.498311,0.898414,0.012599,0.129109,-0.914357,-0.387392,-1.320805,-0.364665,1.464984,0.259024,-0.807856,0.411586,0.340903,-1.411506,-1.357374,0.909868,0.139928,-0.582364,-0.561775,-0.57859
2026-03-27T18:23:47.287288+00:00,1.921114,1774635827287288000,-0.179391,0.497959,0.899383,0.011488,0.129882,-0.914423,-0.3878,-1.32005,-0.365364,1.463378,0.261288,-0.803293,0.408187,0.338898,-1.413451,-1.360194,0.913417,0.146562,-0.57614,-0.552019,-0.576191
2026-03-27T18:23:47.304455+00:00,1.938281,1774635827304454900,-0.180068,0.497677,0.900379,0.022668,0.061469,-0.430398,-0.182512,-1.319324,-0.366138,1.461774,0.262058,-0.804938,0.408156,0.339309,-1.415447,-1.362887,0.916909,0.151964,-0.574953,-0.550634,-0.580722
2026-03-27T18:23:47.321245+00:00,1.955071,1774635827321245200,-0.180735,0.497437,0.901346,0.02211,0.058849,-0.410298,-0.173855,-1.318641,-0.366882,1.460163,0.263275,-0.805948,0.407884,0.33972,-1.417301,-1.365243,0.920077,0.157458,-0.572189,-0.549189,-0.583706
2026-03-27T18:23:47.338306+00:00,1.972132,1774635827338306000,-0.181387,0.497217,0.902371,1e-06,1203.075051,-8358.765393,-3537.416458,-1.31798,-0.367687,1.458575,0.264428,-0.806965,0.407655,0.340145,-1.419083,-1.367225,0.922967,0.164537,-0.566065,-0.546362,-0.583315
2026-03-27T18:23:47.355058+00:00,1.988884,1774635827355058100,-0.182074,0.497046,0.903392,1e-06,1100.733876,-7614.083588,-3218.326718,-1.317407,-0.368476,1.45701,0.26711,-0.803031,0.405149,0.3387,-1.420789,-1.368928,0.925537,0.166961,-0.570405,-0.554537,-0.593318
2026-03-27T18:23:47.372068+00:00,2.005894,1774635827372068400,-0.182871,0.496858,0.90435,1e-06,968.590379,-6657.604128,-2812.128514,-1.316812,-0.369275,1.455528,0.267955,-0.804462,0.405354,0.339313,-1.422521,-1.370355,0.927822,0.172875,-0.56078,-0.550609,-0.589578
2026-03-27T18:23:47.390271+00:00,2.024096,1774635827390270600,-0.183689,0.496657,0.905416,1e-06,822.409987,-5618.641153,-2371.27766,-1.316254,-0.370129,1.453951,0.26894,-0.806597,0.405882,0.340224,-1.424415,-1.371518,0.929957,0.176274,-0.555741,-0.553349,-0.592284
2026-03-27T18:23:47.407834+00:00,2.04166,1774635827407834200,-0.184371,0.496568,0.906183,1e-06,637.233257,-4326.749593,-1825.403422,-1.315772,-0.370968,1.452521,0.271691,-0.803554,0.403783,0.339202,-1.426269,-1.372368,0.931721,0.177826,-0.554929,-0.561603,-0.599724
2026-03-27T18:23:47.424247+00:00,2.058073,1774635827424247100,-0.185158,0.496345,0.907111,1e-06,470.608473,-3178.792074,-1340.836287,-1.315343,-0.371771,1.451308,0.272447,-0.806269,0.404405,0.340664,-1.427934,-1.372863,0.933125,0.180354,-0.548942,-0.564982,-0.601723
2026-03-27T18:23:47.441354+00:00,2.075179,1774635827441353500,-0.18597,0.496114,0.908069,1e-06,296.607614,-1992.877573,-840.444118,-1.314941,-0.372543,1.450197,0.274491,-0.804362,0.403002,0.340705,-1.42941,-1.37253,0.93383,0.185442,-0.539871,-0.566438,-0.597885
2026-03-27T18:23:47.458447+00:00,2.092273,1774635827458447000,-0.186988,0.495628,0.909052,0.020337,0.005578,-0.03744,-0.015814,-1.314568,-0.373309,1.449254,0.276067,-0.804263,0.40285,0.34149,-1.43086,-1.372369,0.934482,0.189193,-0.532582,-0.569257,-0.594024
2026-03-27T18:23:47.475415+00:00,2.10924,1774635827475414500,-0.187754,0.495292,0.909806,0.017655,-0.003929,0.026205,0.011086,-1.314184,-0.374003,1.448488,0.277951,-0.801119,0.402033,0.34137,-1.431941,-1.372009,0.934583,0.187,-0.532582,-0.576045,-0.598026
2026-03-27T18:23:47.492515+00:00,2.12634,1774635827492514700,-0.18853,0.494927,0.910607,0.017738,-0.013772,0.091363,0.038694,-1.313819,-0.374673,1.447889,0.278588,-0.801906,0.403224,0.342433,-1.432751,-1.371145,0.934307,0.183353,-0.530296,-0.57833,-0.598362
2026-03-27T18:23:47.509254+00:00,2.14308,1774635827509253900,-0.189291,0.494569,0.911393,0.017906,-0.023331,0.153967,0.065279,-1.313451,-0.375327,1.447481,0.279101,-0.802879,0.404231,0.343619,-1.433415,-1.370216,0.934235,0.180594,-0.525639,-0.580011,-0.597262
2026-03-27T18:23:47.526298+00:00,2.160124,1774635827526298100,-0.18986,0.494182,0.91202,0.01534,-0.032843,0.21595,0.091639,-1.313126,-0.375981,1.447262,0.280689,-0.799537,0.403289,0.343424,-1.433995,-1.369238,0.933578,0.178732,-0.519391,-0.579648,-0.593056
2026-03-27T18:23:47.543384+00:00,2.177209,1774635827543383600,-0.190492,0.493804,0.912735,0.015567,-0.040238,0.263295,0.111844,-1.312792,-0.376615,1.447239,0.281161,-0.79971,0.403613,0.344523,-1.43441,-1.368329,0.93272,0.173424,-0.518317,-0.583998,-0.595526
2026-03-27T18:23:47.560468+00:00,2.194294,1774635827560468500,-0.190932,0.493408,0.913321,0.012195,-0.057047,0.371528,0.157991,-1.312461,-0.377238,1.447299,0.281276,-0.800103,0.404015,0.345866,-1.434745,-1.367626,0.931871,0.167078,-0.519376,-0.589453,-0.600762
2026-03-27T18:23:47.577538+00:00,2.211364,1774635827577538600,-0.191336,0.492987,0.913873,1e-06,-761.732459,4942.843691,2104.751766,-1.312147,-0.377816,1.447592,0.282013,-0.797965,0.402878,0.345933,-1.434999,-1.367137,0.930973,0.161589,-0.516544,-0.58735,-0.601141
2026-03-27T18:23:47.594666+00:00,2.228492,1774635827594666000,-0.191702,0.492574,0.914396,1e-06,-819.265842,5295.822397,2258.621156,-1.311792,-0.378341,1.448312,0.280972,-0.800566,0.404123,0.347847,-1.435268,-1.366916,0.930253,0.156366,-0.514908,-0.586247,-0.604101
2026-03-27T18:23:47.613909+00:00,2.247734,1774635827613908400,-0.19211,0.492114,0.914978,1e-06,-883.862376,5688.961595,2430.565655,-1.311375,-0.378833,1.449424,0.280197,-0.800738,0.403966,0.348911,-1.435505,-1.366687,0.929263,0.150987,-0.513819,-0.58565,-0.606859
2026-03-27T18:23:47.632392+00:00,2.266217,1774635827632391600,-0.192199,0.491829,0.915272,0.014915,-0.056371,0.363249,0.155405,-1.310915,-0.379171,1.450919,0.279862,-0.798631,0.40338,0.349505,-1.435853,-1.366459,0.928415,0.150399,-0.509267,-0.586129,-0.605783
2026-03-27T18:23:47.649390+00:00,2.283215,1774635827649389500,-0.192304,0.491556,0.915636,0.014893,-0.055812,0.359807,0.154026,-1.310451,-0.379375,1.452464,0.279181,-0.797306,0.403647,0.350873,-1.436302,-1.366235,0.927492,0.146015,-0.509881,-0.592311,-0.611401
2026-03-27T18:23:47.666424+00:00,2.30025,1774635827666424400,-0.192329,0.491297,0.915911,1e-06,-795.677304,5147.149786,2206.772566,-1.309933,-0.379437,1.454313,0.278292,-0.796547,0.405068,0.352566,-1.43664,-1.365762,0.926192,0.142946,-0.504734,-0.593824,-0.610954
2026-03-27T18:23:47.683345+00:00,2.317171,1774635827683345200,-0.192318,0.491079,0.916179,1e-06,-762.313604,4942.38548,2121.686935,-1.309372,-0.379421,1.456415,0.277741,-0.793554,0.40617,0.353757,-1.436986,-1.365242,0.924837,0.139361,-0.501081,-0.596715,-0.612018
2026-03-27T18:23:47.700480+00:00,2.334306,1774635827700480600,-0.19236,0.490885,0.916402,0.010974,-0.06435,0.418437,0.179862,-1.308769,-0.379253,1.458743,0.276403,-0.791961,0.408583,0.355607,-1.437278,-1.364342,0.923085,0.134631,-0.497933,-0.599771,-0.613079
2026-03-27T18:23:47.717504+00:00,2.351329,1774635827717503400,-0.192283,0.490691,0.916609,0.010811,-0.06035,0.393779,0.169505,-1.30816,-0.378763,1.461282,0.274661,-0.791507,0.411922,0.357966,-1.43745,-1.363543,0.921334,0.130213,-0.494494,-0.602782,-0.613958
2026-03-27T18:23:47.734425+00:00,2.368251,1774635827734425400,-0.192343,0.490673,0.916627,1e-06,-583.8871,3828.847781,1649.912447,-1.307539,-0.378068,1.463996,0.272851,-0.789647,0.415473,0.359738,-1.437167,-1.361935,0.918669,0.128612,-0.489412,-0.59903,-0.606495
2026-03-27T18:23:47.751479+00:00,2.385305,1774635827751479300,-0.192313,0.490543,0.916804,1e-06,-523.045659,3441.710025,1485.049725,-1.30698,-0.377321,1.46695,0.271575,-0.78647,0.417969,0.3611,-1.436842,-1.3606,0.916218,0.124659,-0.487844,-0.60041,-0.606287
2026-03-27T18:23:47.768547+00:00,2.402373,1774635827768547100,-0.192313,0.490221,0.917184,0.004587,-0.106911,0.704975,0.304862,-1.306514,-0.376556,1.470138,0.269164,-0.785504,0.420661,0.363498,-1.436502,-1.358612,0.913124,0.113675,-0.501573,-0.613435,-0.622753
2026-03-27T18:23:47.785673+00:00,2.419499,1774635827785673300,-0.192293,0.48999,0.917374,1e-06,-470.399857,3110.53358,1347.288489,-1.306181,-0.375743,1.473448,0.266028,-0.785794,0.423181,0.366173,-1.435564,-1.35626,0.909631,0.107115,-0.495792,-0.603014,-0.614505
2026-03-27T18:23:47.802876+00:00,2.436702,1774635827802875900,-0.192309,0.489743,0.917576,0.012272,-0.037806,0.250551,0.108825,-1.305971,-0.374911,1.476971,0.263497,-0.784449,0.424383,0.367967,-1.434492,-1.353483,0.905709,0.097539,-0.506452,-0.614343,-0.625684
2026-03-27T18:23:47.822545+00:00,2.456371,1774635827822545000,-0.192354,0.489466,0.917773,0.019186,-0.024566,0.163166,0.071106,-1.305947,-0.373831,1.481053,0.259422,-0.786402,0.42606,0.370092,-1.433052,-1.349934,0.900848,0.092289,-0.492381,-0.594668,-0.605785
2026-03-27T18:23:47.837809+00:00,2.471635,1774635827837809300,-0.192433,0.489241,0.917932,0.019194,-0.024822,0.165176,0.072141,-1.305996,-0.372979,1.484431,0.258373,-0.782366,0.423699,0.36862,-1.431757,-1.346563,0.896211,0.085849,-0.487012,-0.586066,-0.596309
2026-03-27T18:23:47.855966+00:00,2.489792,1774635827855966000,-0.192384,0.488971,0.918123,1e-06,-568.166375,3792.330623,1658.447087,-1.306503,-0.372011,1.488591,0.25397,-0.787759,0.424734,0.371112,-1.430125,-1.342433,0.890449,0.071825,-0.504212,-0.60541,-0.614469
2026-03-27T18:23:47.872994+00:00,2.50682,1774635827872994400,-0.192506,0.488747,0.918266,1e-06,-620.946288,4156.813025,1821.659505,-1.307183,-0.371103,1.492722,0.250504,-0.787422,0.422547,0.371352,-1.428359,-1.338441,0.884665,0.057199,-0.542163,-0.651405,-0.657596
2026-03-27T18:23:47.889779+00:00,2.523605,1774635827889779000,-0.192593,0.488505,0.918356,0.0076,-0.089943,0.603711,0.265307,-1.308022,-0.37022,1.496928,0.246847,-0.787119,0.419647,0.371419,-1.426488,-1.334423,0.878844,0.046366,-0.561983,-0.675668,-0.678303
2026-03-27T18:23:47.906754+00:00,2.54058,1774635827906754000,-0.19268,0.488258,0.918437,0.007907,-0.093828,0.631631,0.278215,-1.308941,-0.369376,1.501417,0.241375,-0.790654,0.418944,0.373126,-1.424538,-1.330593,0.872974,0.043724,-0.509743,-0.61303,-0.611888
2026-03-27T18:23:47.923861+00:00,2.557687,1774635827923861100,-0.192767,0.488009,0.918518,0.008229,-0.097268,0.656722,0.289936,-1.309961,-0.368535,1.506107,0.236618,-0.792776,0.416998,0.374305,-1.422519,-1.326928,0.867052,0.031803,-0.58199,-0.698995,-0.693826
2026-03-27T18:23:47.940851+00:00,2.574677,1774635827940851400,-0.192724,0.487818,0.918477,0.015472,-0.056896,0.385024,0.170279,-1.31112,-0.367738,1.511109,0.231646,-0.793435,0.415434,0.374809,-1.420298,-1.323191,0.861014,0.022759,-0.646462,-0.774938,-0.76556
2026-03-27T18:23:47.957856+00:00,2.591682,1774635827957855900,-0.192708,0.48765,0.918471,0.011914,-0.078264,0.531047,0.235003,-1.312256,-0.367013,1.516094,0.226894,-0.793661,0.414143,0.374894,-1.418177,-1.320058,0.855303,0.011595,-1.035369,-1.232453,-1.213936
2026-03-27T18:23:47.974954+00:00,2.60878,1774635827974953800,-0.192576,0.487512,0.918398,1e-06,-975.430012,6634.69173,2939.708531,-1.313426,-0.366326,1.521385,0.221056,-0.799689,0.417082,0.378071,-1.415889,-1.31668,0.849427,1e-06,-8823.901415,-10444.030166,-10254.68111
2026-03-27T18:23:47.991911+00:00,2.625737,1774635827991911200,-0.192355,0.487405,0.918422,0.018365,-0.052661,0.359782,0.159718,-1.314501,-0.365545,1.526829,0.218262,-0.794651,0.418071,0.377294,-1.413926,-1.314021,0.844216,0.022199,-0.302742,-0.355909,-0.348977
2026-03-27T18:23:48.008682+00:00,2.642508,1774635828008681800,-0.191956,0.487354,0.918228,0.018326,-0.051808,0.355691,0.158081,-1.315332,-0.364583,1.53227,0.215107,-0.793785,0.424425,0.378565,-1.411699,-1.311298,0.83905,0.009118,-0.503783,-0.588555,-0.575714
2026-03-27T18:23:48.025863+00:00,2.659689,1774635828025862800,-0.191421,0.487325,0.918021,0.018159,-0.048724,0.336753,0.149726,-1.316093,-0.363438,1.53793,0.213679,-0.788202,0.432508,0.378888,-1.409389,-1.308527,0.833826,0.005356,-0.46992,-0.54528,-0.532652
2026-03-27T18:23:48.045682+00:00,2.679508,1774635828045681800,-0.190873,0.487313,0.917759,0.018027,-0.046142,0.320938,0.142836,-1.316797,-0.362074,1.544092,0.212727,-0.782233,0.44311,0.379511,-1.406892,-1.30553,0.828179,0.002431,-0.10136,-0.116753,-0.113878
2026-03-27T18:23:48.063323+00:00,2.697149,1774635828063323400,-0.190353,0.487302,0.917511,0.017908,-0.043676,0.305628,0.136149,-1.317466,-0.360789,1.54993,0.211795,-0.776468,0.453097,0.380048,-1.404525,-1.302688,0.822826,0.004349,0.443816,0.507728,0.494524
2026-03-27T18:23:48.078197+00:00,2.712023,1774635828078197100,-0.18944,0.487351,0.91715,1e-06,-662.982464,4663.614556,2071.168274,-1.316614,-0.358792,1.555427,0.216339,-0.766238,0.470894,0.382397,-1.401215,-1.301165,0.820278,0.001145,1.84574,2.057783,2.008074
2026-03-27T18:23:48.095184+00:00,2.72901,1774635828095184100,-0.188693,0.487543,0.916873,0.019163,-0.028068,0.198934,0.088289,-1.315994,-0.356863,1.561221,0.215322,-0.759067,0.486745,0.386459,-1.397989,-1.298614,0.816209,0.017332,0.192837,0.211738,0.206799
2026-03-27T18:23:48.112275+00:00,2.746101,1774635828112274900,-0.187826,0.487773,0.916565,1e-06,-372.737646,2668.075264,1182.701439,-1.31519,-0.354717,1.566892,0.214104,-0.747369,0.501347,0.388355,-1.394348,-1.296013,0.812536,1e-06,4384.249449,4742.130637,4621.326923
2026-03-27T18:23:48.132233+00:00,2.766059,1774635828132233200,-0.186831,0.488071,0.916219,1e-06,-155.970454,1128.701493,499.874353,-1.313323,-0.351946,1.573152,0.212192,-0.731947,0.519603,0.389272,-1.389872,-1.292682,0.808376,0.006092,0.954819,1.018013,0.985439
2026-03-27T18:23:48.149164+00:00,2.78299,1774635828149164000,-0.185935,0.488349,0.915912,0.012651,0.003403,-0.024778,-0.01097,-1.311088,-0.349196,1.578366,0.211488,-0.715261,0.535535,0.38889,-1.385714,-1.289489,0.804731,0.014168,0.536588,0.565654,0.544477
2026-03-27T18:23:48.166205+00:00,2.800031,1774635828166205400,-0.185024,0.488594,0.915591,1e-06,249.549747,-1827.761531,-808.261335,-1.308437,-0.346342,1.58345,0.209418,-0.700621,0.553566,0.390145,-1.381391,-1.286108,0.80108,0.016919,0.570102,0.59517,0.568042
2026-03-27T18:23:48.183371+00:00,2.817196,1774635828183370400,-0.184146,0.488867,0.915288,1e-06,471.279025,-3468.468785,-1532.819122,-1.305317,-0.343458,1.588419,0.20427,-0.691198,0.575456,0.395435,-1.376928,-1.282599,0.797361,0.013814,0.842355,0.872566,0.825121
2026-03-27T18:23:48.200177+00:00,2.834003,1774635828200177500,-0.18329,0.489126,0.91498,0.007675,0.090552,-0.669033,-0.295646,-1.301959,-0.340782,1.593099,0.199897,-0.675226,0.591,0.396879,-1.372532,-1.279344,0.793801,0.023719,0.542091,0.559285,0.523376
2026-03-27T18:23:48.217129+00:00,2.850955,1774635828217129500,-0.182438,0.489382,0.91466,0.01772,0.052354,-0.38802,-0.171319,-1.298311,-0.338225,1.597553,0.194641,-0.661747,0.606612,0.39937,-1.368087,-1.276182,0.790269,0.018477,0.704425,0.724368,0.671568
2026-03-27T18:23:48.234377+00:00,2.868203,1774635828234377000,-0.181565,0.489629,0.914324,0.018645,0.062482,-0.464546,-0.205007,-1.29435,-0.335844,1.601774,0.190004,-0.646477,0.620356,0.399775,-1.363556,-1.273397,0.786828,0.009105,1.336841,1.373335,1.261683
2026-03-27T18:23:48.252357+00:00,2.886183,1774635828252357100,-0.180704,0.489783,0.913901,0.022159,0.062785,-0.468028,-0.206724,-1.290057,-0.333741,1.605777,0.18292,-0.637462,0.639522,0.404102,-1.358949,-1.270929,0.783533,0.019455,0.56228,0.576124,0.525045
2026-03-27T18:23:48.269278+00:00,2.903103,1774635828269277600,-0.179907,0.489934,0.913499,0.019585,0.081603,-0.60967,-0.269459,-1.285675,-0.332124,1.60931,0.179682,-0.61622,0.644212,0.399658,-1.354427,-1.269036,0.780339,0.013569,0.716686,0.730283,0.662839
2026-03-27T18:23:48.285977+00:00,2.919803,1774635828285977000,-0.179069,0.490047,0.913057,0.02153,0.083544,-0.625935,-0.27667,-1.281247,-0.33091,1.612553,0.173941,-0.606974,0.660924,0.402194,-1.350099,-1.26763,0.777408,1e-06,8502.483368,8587.390184,7782.772183
2026-03-27T18:23:48.303158+00:00,2.936983,1774635828303157700,-0.178196,0.490129,0.912583,0.018481,0.108097,-0.81249,-0.359456,-1.276633,-0.33034,1.615681,0.168322,-0.594709,0.673314,0.404205,-1.345679,-1.266761,0.774482,0.019981,0.371632,0.371109,0.336813
2026-03-27T18:23:48.320050+00:00,2.953875,1774635828320049300,-0.177289,0.49019,0.912116,0.017823,0.122765,-0.927143,-0.410203,-1.271805,-0.33034,1.61866,0.164043,-0.582865,0.686188,0.407918,-1.341639,-1.266358,0.771844,1e-06,6357.088685,6255.373359,5713.59694
2026-03-27T18:23:48.336985+00:00,2.970811,1774635828336985300,-0.176341,0.490252,0.911624,0.015659,0.151819,-1.151793,-0.509925,-1.26688,-0.330647,1.62139,0.159768,-0.57318,0.700999,0.412796,-1.337787,-1.266199,0.76938,0.013406,0.384337,0.37292,0.343238
2026-03-27T18:23:48.354025+00:00,2.987851,1774635828354025400,-0.175329,0.49033,0.91115,0.019886,0.129413,-0.987212,-0.437053,-1.261875,-0.331378,1.623872,0.157143,-0.557763,0.707251,0.412945,-1.334065,-1.266075,0.766974,1e-06,3779.754043,3620.520234,3352.38874
2026-03-27T18:23:48.371028+00:00,3.004854,1774635828371028600,-0.174261,0.490442,0.910687,0.023004,0.120794,-0.927468,-0.410557,-1.256773,-0.332979,1.626054,0.15259,-0.545455,0.716582,0.416385,-1.33074,-1.265931,0.764654,1e-06,2416.968346,2292.886376,2130.538225
2026-03-27T18:23:48.388115+00:00,3.021941,1774635828388115100,-0.173232,0.490542,0.910321,0.027764,0.108216,-0.836976,-0.370511,-1.25156,-0.334946,1.628049,0.148625,-0.526576,0.714809,0.416941,-1.327713,-1.265846,0.762344,1e-06,1091.718674,1029.759645,956.475735
2026-03-27T18:23:48.405135+00:00,3.038961,1774635828405135000,-0.172038,0.490638,0.909995,0.030607,0.105876,-0.82526,-0.365307,-1.246188,-0.337128,1.629771,0.141322,-0.519508,0.729446,0.428005,-1.324955,-1.265787,0.76011,1e-06,-189.572573,-178.396702,-165.253878
2026-03-27T18:23:48.422186+00:00,3.056012,1774635828422186000,-0.170667,0.490766,0.909603,0.034659,0.100965,-0.79357,-0.351317,-1.240515,-0.339222,1.631128,0.134895,-0.508016,0.740281,0.436115,-1.322568,-1.265742,0.758,0.018439,-0.078093,-0.073549,-0.067863
2026-03-27T18:23:48.439214+00:00,3.07304,1774635828439213800,-0.169186,0.491055,0.90916,0.037266,0.100991,-0.799794,-0.354082,-1.234769,-0.341051,1.631573,0.131181,-0.486622,0.73907,0.432873,-1.320361,-1.265571,0.755967,0.013643,-0.185249,-0.17422,-0.160528
2026-03-27T18:23:48.456209+00:00,3.090035,1774635828456209300,-0.167732,0.491271,0.908862,0.040493,0.099681,-0.79612,-0.352459,-1.228857,-0.342715,1.631359,0.123141,-0.472659,0.748758,0.436056,-1.318609,-1.26553,0.754121,0.012117,-0.300765,-0.282893,-0.260502
2026-03-27T18:23:48.473407+00:00,3.107233,1774635828473406800,-0.166243,0.491439,0.90862,0.043228,0.099711,-0.803568,-0.355807,-1.223256,-0.34441,1.630578,0.11271,-0.453177,0.746845,0.434528,-1.317005,-1.265503,0.752278,0.008933,-0.541806,-0.507317,-0.46843
2026-03-27T18:23:48.491765+00:00,3.12559,1774635828491764400,-0.164601,0.491592,0.908395,0.046119,0.099831,-0.813154,-0.360133,-1.217359,-0.346034,1.629507,0.101014,-0.439711,0.755217,0.437812,-1.315494,-1.265617,0.75042,0.010736,-0.566974,-0.529116,-0.48942
2026-03-27T18:23:48.509248+00:00,3.143074,1774635828509248300,-0.162966,0.491719,0.908199,0.047117,0.103384,-0.851958,-0.377571,-1.212114,-0.347489,1.628352,0.091776,-0.43145,0.771918,0.445027,-1.314596,-1.26561,0.748773,0.022133,-0.294554,-0.273253,-0.253607
2026-03-27T18:23:48.526035+00:00,3.159861,1774635828526035200,-0.161448,0.491789,0.908033,0.046403,0.1099,-0.917147,-0.406725,-1.207356,-0.348854,1.627084,0.081369,-0.434575,0.805199,0.463667,-1.313698,-1.265732,0.747228,0.013031,-0.534613,-0.494632,-0.458485
2026-03-27T18:23:48.543148+00:00,3.176973,1774635828543147600,-0.159923,0.491823,0.907913,0.049095,0.108345,-0.916045,-0.406582,-1.20306,-0.350189,1.625829,0.076415,-0.41628,0.798187,0.45889,-1.31295,-1.265906,0.745717,0.006066,-1.202774,-1.11001,-1.028827
2026-03-27T18:23:48.560172+00:00,3.193998,1774635828560172300,-0.158466,0.491849,0.907771,0.055247,0.09976,-0.854449,-0.37987,-1.199241,-0.351522,1.624657,0.073353,-0.39888,0.789541,0.453147,-1.312086,-1.266045,0.744254,1e-06,-7523.417473,-6907.120347,-6401.449442
2026-03-27T18:23:48.577211+00:00,3.211037,1774635828577211300,-0.157063,0.491811,0.907656,0.055924,0.101703,-0.882453,-0.39287,-1.195965,-0.352843,1.623669,0.071948,-0.382123,0.778781,0.445588,-1.311445,-1.266235,0.742915,1e-06,-7715.22522,-7051.39339,-6537.601352
2026-03-27T18:23:48.594354+00:00,3.22818,1774635828594354200,-0.155757,0.491789,0.907534,0.054548,0.106992,-0.938345,-0.418309,-1.193085,-0.354063,1.622885,0.070403,-0.371874,0.776658,0.443503,-1.310869,-1.266343,0.74171,1e-06,-7606.625557,-6933.242083,-6435.871124
2026-03-27T18:23:48.611371+00:00,3.245196,1774635828611370500,-0.154629,0.491799,0.90743,0.060606,0.098132,-0.868975,-0.388,-1.190763,-0.355264,1.622331,0.063615,-0.394287,0.838647,0.478425,-1.310488,-1.266433,0.740593,1e-06,-7629.513741,-6949.722767,-6448.77553
2026-03-27T18:23:48.628427+00:00,3.262252,1774635828628426600,-0.153595,0.491795,0.907321,0.058936,0.102512,-0.916026,-0.409484,-1.188979,-0.356417,1.621993,0.065298,-0.366174,0.788412,0.450534,-1.31014,-1.266464,0.739486,1e-06,-7843.017578,-7158.085704,-6618.365645
2026-03-27T18:23:48.645429+00:00,3.279255,1774635828645429200,-0.152665,0.491797,0.90721,0.058706,0.104337,-0.940273,-0.420534,-1.187628,-0.357578,1.621832,0.062813,-0.367683,0.798663,0.457539,-1.309962,-1.266478,0.738441,0.019398,-0.413718,-0.378865,-0.348822
2026-03-27T18:23:48.662494+00:00,3.29632,1774635828662494000,-0.15172,0.491805,0.907049,0.060126,0.103247,-0.938608,-0.420128,-1.186547,-0.358708,1.621827,0.061898,-0.362839,0.793503,0.455845,-1.309813,-1.266492,0.737384,0.020797,-0.390433,-0.359159,-0.329556
2026-03-27T18:23:48.679504+00:00,3.31333,1774635828679504000,-0.151131,0.491802,0.90681,0.062882,0.100085,-0.909569,-0.407677,-1.185775,-0.359831,1.621884,0.062741,-0.348443,0.766912,0.441902,-1.309787,-1.266407,0.736378,0.020897,-0.392704,-0.362818,-0.331648
2026-03-27T18:23:48.696542+00:00,3.330367,1774635828696541400,-0.150438,0.4918,0.906513,0.06153,0.103554,-0.943868,-0.423113,-1.185204,-0.360892,1.622227,0.058537,-0.362714,0.803452,0.463996,-1.309578,-1.266394,0.735432,1e-06,-8305.564523,-7687.136531,-7022.39573
2026-03-27T18:23:48.713730+00:00,3.347556,1774635828713729800,-0.149826,0.491875,0.906161,0.067571,0.095343,-0.871049,-0.39103,-1.184858,-0.36197,1.622704,0.061184,-0.337561,0.75165,0.435062,-1.309481,-1.266392,0.734586,0.023016,-0.365523,-0.338495,-0.308889
2026-03-27T18:23:48.730628+00:00,3.364454,1774635828730628500,-0.149249,0.491941,0.90574,0.067905,0.095797,-0.878589,-0.394277,-1.184646,-0.362936,1.623282,0.058583,-0.345234,0.771893,0.448187,-1.309296,-1.266374,0.733663,0.022872,-0.357023,-0.330311,-0.30163
2026-03-27T18:23:48.747726+00:00,3.381552,1774635828747726100,-0.148711,0.492122,0.905308,0.070025,0.09371,-0.862383,-0.386641,-1.184481,-0.363824,1.623982,0.053635,-0.370115,0.831094,0.484505,-1.309157,-1.266412,0.732827,1e-06,-7717.326283,-7127.076387,-6521.612406
2026-03-27T18:23:48.764695+00:00,3.39852,1774635828764694700,-0.148176,0.492337,0.904814,0.065218,0.101602,-0.938348,-0.420299,-1.18435,-0.364398,1.62471,0.052421,-0.371504,0.836072,0.489583,-1.30894,-1.26655,0.731962,1e-06,-7239.52055,-6669.774652,-6120.711565
2026-03-27T18:23:48.781814+00:00,3.415639,1774635828781813600,-0.147672,0.492636,0.904289,0.067291,0.099354,-0.920943,-0.412177,-1.184196,-0.364802,1.625391,0.050995,-0.371895,0.838841,0.493475,-1.308833,-1.266801,0.731226,1e-06,-6757.512689,-6216.838956,-5717.754364
2026-03-27T18:23:48.798868+00:00,3.432693,1774635828798867600,-0.147171,0.493002,0.903731,0.070673,0.095671,-0.889601,-0.39757,-1.183989,-0.365041,1.625954,0.049431,-0.369777,0.836305,0.494329,-1.30861,-1.267047,0.730507,1e-06,-6662.890315,-6144.359708,-5659.326911
2026-03-27T18:23:48.815861+00:00,3.449686,1774635828815860400,-0.146644,0.493404,0.903143,0.067531,0.101269,-0.944493,-0.421285,-1.183656,-0.365392,1.626506,0.045408,-0.387962,0.882577,0.525301,-1.308484,-1.267275,0.729927,0.017086,-0.39385,-0.363996,-0.335491
2026-03-27T18:23:48.832855+00:00,3.466681,1774635828832855000,-0.146131,0.493904,0.902521,0.07215,0.095822,-0.895952,-0.398845,-1.183212,-0.365812,1.627081,0.047466,-0.358404,0.821912,0.493231,-1.308314,-1.267484,0.729255,0.021783,-0.317233,-0.293735,-0.271263
2026-03-27T18:23:48.849956+00:00,3.483782,1774635828849956100,-0.145557,0.494434,0.901852,0.07046,0.09941,-0.932037,-0.413868,-1.182567,-0.366335,1.62761,0.051442,-0.336933,0.784894,0.471581,-1.308154,-1.267732,0.728657,0.009509,-0.746406,-0.692798,-0.640202
2026-03-27T18:23:48.867000+00:00,3.500825,1774635828866999700,-0.14491,0.495063,0.901122,0.072371,0.098173,-0.924594,-0.409695,-1.181874,-0.366826,1.628239,0.052142,-0.336251,0.793698,0.476609,-1.307974,-1.267867,0.727988,0.014667,-0.489305,-0.454529,-0.419847
2026-03-27T18:23:48.884060+00:00,3.517886,1774635828884060000,-0.144207,0.49577,0.900383,0.076118,0.094797,-0.897408,-0.396517,-1.181405,-0.367106,1.628885,0.053563,-0.330746,0.784908,0.472549,-1.307833,-1.268072,0.727274,1e-06,-7283.493876,-6776.630878,-6260.946393
2026-03-27T18:23:48.901093+00:00,3.534918,1774635828901092700,-0.143346,0.496546,0.899594,0.074993,0.097934,-0.933064,-0.410462,-1.181045,-0.36718,1.629738,0.051007,-0.351405,0.831679,0.505549,-1.307664,-1.268155,0.726535,0.018633,-0.403579,-0.37623,-0.347347
2026-03-27T18:23:48.918144+00:00,3.55197,1774635828918144100,-0.142456,0.497427,0.898802,0.080274,0.093141,-0.895028,-0.39212,-1.180877,-0.367106,1.630974,0.054179,-0.330318,0.774946,0.480453,-1.307479,-1.268247,0.725795,1e-06,-7660.999894,-7159.516215,-6590.8283
2026-03-27T18:23:48.935059+00:00,3.568885,1774635828935059300,-0.141455,0.498331,0.897988,0.080688,0.094321,-0.915407,-0.399071,-1.180806,-0.366946,1.632222,0.053581,-0.352239,0.817601,0.511124,-1.307169,-1.268211,0.724963,1e-06,-7516.860962,-7037.222385,-6471.589208
2026-03-27T18:23:48.952219+00:00,3.586045,1774635828952219000,-0.140431,0.499279,0.89714,0.085743,0.090425,-0.885093,-0.38418,-1.180826,-0.366136,1.633503,0.062636,-0.324274,0.742841,0.467105,-1.306795,-1.267843,0.724165,1e-06,-7079.24366,-6638.407707,-6085.440516
2026-03-27T18:23:48.969146+00:00,3.602971,1774635828969145700,-0.139354,0.500249,0.896266,0.086876,0.090788,-0.896908,-0.387275,-1.180902,-0.364888,1.634884,0.062335,-0.345394,0.778381,0.493409,-1.306192,-1.267015,0.723217,1e-06,-6018.519402,-5653.992295,-5159.541965
2026-03-27T18:23:48.986269+00:00,3.620094,1774635828986268600,-0.138243,0.501217,0.895376,0.086659,0.092397,-0.922798,-0.396407,-1.181146,-0.363186,1.636153,0.063434,-0.356327,0.788115,0.502209,-1.305564,-1.26597,0.722295,0.008319,-0.577067,-0.543055,-0.492691
2026-03-27T18:23:49.003326+00:00,3.637151,1774635829003325600,-0.137153,0.502227,0.894481,0.092531,0.087832,-0.88613,-0.378613,-1.181778,-0.360762,1.637296,0.061074,-0.384514,0.833509,0.53118,-1.304814,-1.264546,0.72132,1e-06,-3550.66359,-3349.721432,-3014.862537
2026-03-27T18:23:49.020406+00:00,3.654232,1774635829020406400,-0.136073,0.503206,0.893511,0.093622,0.087903,-0.896722,-0.381097,-1.182872,-0.35767,1.638369,0.067836,-0.353346,0.747803,0.475814,-1.304075,-1.263172,0.72035,1e-06,-2311.214805,-2185.627818,-1952.916384
2026-03-27T18:23:49.037546+00:00,3.671372,1774635829037546000,-0.134969,0.504141,0.89255,0.093315,0.089186,-0.919673,-0.388866,-1.184032,-0.353829,1.639446,0.064817,-0.374458,0.771792,0.489699,-1.302796,-1.260559,0.719378,1e-06,-1023.754478,-971.496105,-859.901309
2026-03-27T18:23:49.054382+00:00,3.688208,1774635829054382300,-0.133957,0.50501,0.891465,0.094178,0.089225,-0.929661,-0.391239,-1.185492,-0.349353,1.640685,0.059965,-0.405136,0.812129,0.513323,-1.301423,-1.257985,0.718654,0.007514,0.136044,0.129307,0.113204
2026-03-27T18:23:49.071302+00:00,3.705128,1774635829071302400,-0.132974,0.505846,0.890327,0.095479,0.088824,-0.934464,-0.39168,-1.187083,-0.344108,1.642063,0.061843,-0.388274,0.756756,0.476341,-1.299892,-1.25503,0.717947,0.005418,0.593588,0.564272,0.489098
2026-03-27T18:23:49.088308+00:00,3.722134,1774635829088307800,-0.13197,0.506688,0.889164,0.097453,0.08772,-0.932287,-0.388989,-1.188744,-0.338069,1.643506,0.055077,-0.424639,0.805937,0.503004,-1.298121,-1.251711,0.717348,0.019663,0.286452,0.272545,0.233381
2026-03-27T18:23:49.105396+00:00,3.739222,1774635829105396000,-0.131001,0.507552,0.887929,0.102867,0.083735,-0.898681,-0.373684,-1.190582,-0.33121,1.64509,0.054998,-0.404938,0.748333,0.462511,-1.296147,-1.247992,0.716941,0.009348,0.851524,0.810331,0.684847
2026-03-27T18:23:49.122437+00:00,3.756263,1774635829122436900,-0.130135,0.508297,0.886728,0.104644,0.082896,-0.898946,-0.372084,-1.192543,-0.323687,1.646821,0.051308,-0.404462,0.728742,0.444752,-1.294078,-1.243838,0.716706,1e-06,9976.029396,9498.104453,7916.867733
2026-03-27T18:23:49.139381+00:00,3.773207,1774635829139381300,-0.129226,0.509076,0.885356,0.106372,0.082041,-0.899166,-0.370473,-1.19458,-0.31538,1.648697,0.043741,-0.426597,0.749387,0.451138,-1.291974,-1.239184,0.716624,0.023673,0.499157,0.476368,0.3909
2026-03-27T18:23:49.156663+00:00,3.790489,1774635829156663400,-0.128208,0.509982,0.88381,0.107344,0.081654,-0.906138,-0.371765,-1.196775,-0.30624,1.650853,0.036531,-0.445806,0.76266,0.452332,-1.289877,-1.234085,0.716707,0.02269,0.598699,0.574295,0.462588
2026-03-27T18:23:49.173365+00:00,3.807191,1774635829173365200,-0.127119,0.51097,0.882084,0.106317,0.08259,-0.929888,-0.379855,-1.198955,-0.296555,1.653149,0.024416,-0.561839,0.937531,0.546839,-1.28785,-1.228511,0.716806,0.020954,0.746986,0.721919,0.56959
2026-03-27T18:23:49.190349+00:00,3.824175,1774635829190349300,-0.126189,0.511864,0.880409,0.108011,0.081406,-0.930026,-0.378169,-1.201208,-0.286299,1.655589,0.0198,-0.55315,0.901388,0.515654,-1.28592,-1.222463,0.717059,0.031275,0.567402,0.553788,0.427281
2026-03-27T18:23:49.207395+00:00,3.841221,1774635829207395100,-0.125257,0.512761,0.878731,0.109707,0.080221,-0.930175,-0.376487,-1.203287,-0.275318,1.658068,0.003728,-2.150965,3.433554,1.919591,-1.284167,-1.215939,0.71733,0.032279,0.614657,0.606861,0.456603
2026-03-27T18:23:49.224328+00:00,3.858154,1774635829224328100,-0.124746,0.513539,0.876794,0.114122,0.077219,-0.905323,-0.364517,-1.205233,-0.263881,1.660578,1e-06,-4734.098911,7431.462407,4055.127501,-1.282617,-1.209026,0.717632,0.035921,0.620178,0.621452,0.454197
2026-03-27T18:23:49.241371+00:00,3.875197,1774635829241371300,-0.123822,0.514648,0.874685,0.113774,0.077444,-0.92038,-0.368631,-1.207047,-0.251841,1.663145,0.015014,-0.055223,0.085455,0.045534,-1.281309,-1.201764,0.717619,0.038363,0.679211,0.69185,0.488393
2026-03-27T18:23:49.258353+00:00,3.892179,1774635829258353000,-0.123104,0.515656,0.872604,0.115324,0.076253,-0.919798,-0.366618,-1.208645,-0.239453,1.665591,0.003589,0.936277,-1.430348,-0.741562,-1.280268,-1.194159,0.717572,0.047068,0.645984,0.670403,0.456596
2026-03-27T18:23:49.275373+00:00,3.909199,1774635829275373600,-0.122443,0.516758,0.870468,0.118298,0.074252,-0.908144,-0.359707,-1.210002,-0.226856,1.667854,1e-06,7832.78048,-11842.243373,-5961.418152,-1.279464,-1.186369,0.717553,0.055785,0.619357,0.654304,0.431093
2026-03-27T18:23:49.292423+00:00,3.926249,1774635829292422800,-0.121809,0.517935,0.868285,0.118044,0.074439,-0.921949,-0.362418,-1.2111,-0.214052,1.670032,0.023922,0.52154,-0.781622,-0.382564,-1.278765,-1.178413,0.717902,0.06013,0.641723,0.686952,0.441263
2026-03-27T18:23:49.309519+00:00,3.943345,1774635829309519400,-0.121236,0.519189,0.866064,0.118847,0.074037,-0.926625,-0.361323,-1.211938,-0.201204,1.67216,0.033328,0.513416,-0.764521,-0.363693,-1.278034,-1.170287,0.718241,0.068157,0.618156,0.667479,0.419537
2026-03-27T18:23:49.326459+00:00,3.960285,1774635829326458900,-0.120731,0.520547,0.863824,0.121648,0.072466,-0.915054,-0.354,-1.212541,-0.188409,1.674187,0.03558,0.614057,-0.909203,-0.420635,-1.277241,-1.162033,0.718661,0.077328,0.588389,0.641017,0.393455
2026-03-27T18:23:49.343547+00:00,3.977373,1774635829343547200,-0.120229,0.521927,0.86149,0.122613,0.071928,-0.918797,-0.352201,-1.212914,-0.175444,1.676111,0.052004,0.513827,-0.757521,-0.341313,-1.276429,-1.153699,0.719086,0.080942,0.60918,0.667622,0.400692
2026-03-27T18:23:49.361780+00:00,3.995606,1774635829361779800,-0.119698,0.523408,0.858994,0.122946,0.071641,-0.927825,-0.352484,-1.213229,-0.161886,1.677949,0.060761,0.529808,-0.778644,-0.340924,-1.275312,-1.144779,0.719512,0.090543,0.59708,0.654889,0.385448
2026-03-27T18:23:49.378224+00:00,4.01205,1774635829378224400,-0.119244,0.52476,0.856682,0.124288,0.070815,-0.927793,-0.349256,-1.213374,-0.149563,1.679549,0.07453,0.49991,-0.7328,-0.312902,-1.274273,-1.136731,0.719922,0.096632,0.603235,0.661845,0.382547
2026-03-27T18:23:49.395242+00:00,4.029068,1774635829395242100,-0.11882,0.526186,0.854289,0.123837,0.070988,-0.941967,-0.351419,-1.213533,-0.137212,1.681078,0.081897,0.516678,-0.755043,-0.314633,-1.273099,-1.128322,0.720353,0.100216,0.62142,0.681638,0.387122
2026-03-27T18:23:49.412360+00:00,4.046186,1774635829412360300,-0.118473,0.527684,0.851829,0.128795,0.06806,-0.915047,-0.338005,-1.213571,-0.124583,1.68266,0.089612,0.528613,-0.771089,-0.313425,-1.271915,-1.11974,0.720918,0.10538,0.628161,0.689867,0.384189
2026-03-27T18:23:49.429219+00:00,4.063045,1774635829429219500,-0.118082,0.529096,0.849372,0.129399,0.067589,-0.921828,-0.3373,-1.21366,-0.112662,1.684126,0.097394,0.529164,-0.773073,-0.306675,-1.270668,-1.111153,0.721508,0.112591,0.620891,0.683947,0.373668
2026-03-27T18:23:49.446261+00:00,4.080087,1774635829446261200,-0.117683,0.530513,0.84693,0.12998,0.067051,-0.928514,-0.336348,-1.213767,-0.10068,1.685652,0.103099,0.53092,-0.777707,-0.301294,-1.26938,-1.102377,0.722368,0.12119,0.607339,0.67164,0.360106
2026-03-27T18:23:49.463254+00:00,4.09708,1774635829463254000,-0.117289,0.531876,0.844465,0.13116,0.066091,-0.931999,-0.334174,-1.213542,-0.088879,1.687503,0.106266,0.533516,-0.787362,-0.2985,-1.26806,-1.093564,0.723264,0.127095,0.608831,0.676429,0.355296
2026-03-27T18:23:49.480413+00:00,4.114239,1774635829480412800,-0.116875,0.533268,0.841992,0.131725,0.065347,-0.940877,-0.334114,-1.213154,-0.077053,1.689438,0.110483,0.531273,-0.790047,-0.293197,-1.266598,-1.084464,0.724218,0.131602,0.618933,0.690251,0.354494
2026-03-27T18:23:49.497504+00:00,4.13133,1774635829497504500,-0.116514,0.534649,0.839552,0.136176,0.062806,-0.922093,-0.324214,-1.21306,-0.066104,1.691212,0.11534,0.532835,-0.795873,-0.291189,-1.265073,-1.075275,0.725242,0.138794,0.614417,0.687099,0.345171
2026-03-27T18:23:49.514497+00:00,4.148322,1774635829514496600,-0.116126,0.536017,0.837136,0.137482,0.061994,-0.926209,-0.322392,-1.212947,-0.055156,1.693089,0.123217,0.522093,-0.78177,-0.281023,-1.263528,-1.065892,0.726445,0.144055,0.616417,0.6913,0.340199
2026-03-27T18:23:49.531727+00:00,4.165552,1774635829531726600,-0.115758,0.537321,0.834693,0.139545,0.060853,-0.925433,-0.319366,-1.212904,-0.044431,1.694843,0.125013,0.532251,-0.79815,-0.281137,-1.261995,-1.056336,0.727778,0.150465,0.615665,0.690797,0.333861
2026-03-27T18:23:49.548628+00:00,4.182454,1774635829548628300,-0.115359,0.538573,0.832322,0.140303,0.060217,-0.933453,-0.319358,-1.212953,-0.034234,1.696715,0.130039,0.526848,-0.791366,-0.274029,-1.260475,-1.046834,0.729155,0.156664,0.615151,0.691038,0.32878
2026-03-27T18:23:49.565567+00:00,4.199392,1774635829565566400,-0.114947,0.539829,0.829959,0.143256,0.058506,-0.927564,-0.314663,-1.213053,-0.02423,1.698627,0.133706,0.528522,-0.793446,-0.271782,-1.258988,-1.037221,0.73055,0.160871,0.62309,0.70029,0.327779
2026-03-27T18:23:49.583575+00:00,4.217401,1774635829583575300,-0.114483,0.541136,0.827498,0.143146,0.057901,-0.944019,-0.317068,-1.213322,-0.013672,1.700695,0.140345,0.521486,-0.781768,-0.264806,-1.257596,-1.027219,0.731992,0.168711,0.619434,0.695476,0.320603
2026-03-27T18:23:49.600920+00:00,4.234746,1774635829600920000,-0.114036,0.542447,0.825171,0.144846,0.056638,-0.947497,-0.315301,-1.213936,-0.003806,1.70241,0.141175,0.535832,-0.801227,-0.268271,-1.256442,-1.017707,0.733312,0.174025,0.624722,0.701362,0.318343
2026-03-27T18:23:49.617572+00:00,4.251398,1774635829617571800,-0.113618,0.543733,0.822978,0.148167,0.054772,-0.940552,-0.309854,-1.214572,0.005614,1.703937,0.144192,0.538654,-0.803673,-0.266393,-1.255638,-1.008605,0.734584,0.18211,0.620593,0.69681,0.312583
2026-03-27T18:23:49.634773+00:00,4.268599,1774635829634773400,-0.11318,0.545012,0.82079,0.149982,0.053442,-0.944807,-0.308259,-1.215278,0.015327,1.705526,0.150497,0.527886,-0.786257,-0.25765,-1.255096,-0.999605,0.735874,0.189158,0.621913,0.697806,0.310532
2026-03-27T18:23:49.651753+00:00,4.285579,1774635829651753300,-0.112751,0.546321,0.818675,0.153952,0.051353,-0.935072,-0.302277,-1.215902,0.024614,1.706611,0.152663,0.531466,-0.790044,-0.255451,-1.254791,-0.990782,0.737259,0.198273,0.615584,0.691361,0.305977
2026-03-27T18:23:49.668830+00:00,4.302656,1774635829668829800,-0.112304,0.547596,0.816645,0.156423,0.049793,-0.936409,-0.299275,-1.216739,0.034073,1.707963,0.153342,0.53822,-0.798968,-0.253942,-1.254771,-0.982345,0.738633,0.205411,0.618456,0.694102,0.30678
2026-03-27T18:23:49.685877+00:00,4.319703,1774635829685876800,-0.111842,0.54884,0.81465,0.157457,0.048617,-0.946498,-0.299444,-1.217656,0.043465,1.70931,0.15544,0.53925,-0.798847,-0.249962,-1.254927,-0.97407,0.739981,0.21338,0.617618,0.693368,0.306465
2026-03-27T18:23:49.702960+00:00,4.336786,1774635829702960000,-0.11143,0.550026,0.812774,0.162101,0.04653,-0.934884,-0.2927,-1.219158,0.052562,1.710602,0.157584,0.538951,-0.796842,-0.245927,-1.255222,-0.966051,0.741209,0.219922,0.61899,0.695053,0.307037
2026-03-27T18:23:49.720075+00:00,4.353901,1774635829720075200,-0.111034,0.551188,0.810946,0.164632,0.04533,-0.936288,-0.290198,-1.220475,0.061693,1.711865,0.159921,0.536609,-0.791911,-0.239972,-1.255883,-0.958143,0.742296,0.228669,0.613544,0.690081,0.304292
2026-03-27T18:23:49.737262+00:00,4.371088,1774635829737262000,-0.110656,0.552309,0.809169,0.165497,0.044818,-0.946624,-0.290466,-1.222144,0.07051,1.712902,0.162256,0.534446,-0.786243,-0.233469,-1.2567,-0.950211,0.743363,0.23609,0.612052,0.689383,0.303475
2026-03-27T18:23:49.754540+00:00,4.388366,1774635829754540400,-0.110365,0.55331,0.807487,0.168487,0.043826,-0.943625,-0.286975,-1.223848,0.079306,1.71411,0.16281,0.538266,-0.788817,-0.229302,-1.258381,-0.942949,0.744271,0.240882,0.612342,0.689826,0.302399
2026-03-27T18:23:49.771516+00:00,4.405342,1774635829771516300,-0.110128,0.554243,0.805875,0.171468,0.042849,-0.940008,-0.283571,-1.225855,0.087605,1.715114,0.162295,0.544323,-0.794153,-0.22549,-1.260073,-0.935815,0.745225,0.248764,0.608942,0.686704,0.300989
2026-03-27T18:23:49.789340+00:00,4.423165,1774635829789339700,-0.110092,0.555169,0.804259,0.173687,0.042325,-0.940343,-0.281397,-1.228142,0.096119,1.716148,0.161954,0.549253,-0.797495,-0.220259,-1.262059,-0.928596,0.746188,0.25503,0.610339,0.689595,0.30198
2026-03-27T18:23:49.806865+00:00,4.440691,1774635829806865100,-0.109983,0.556032,0.802783,0.175474,0.042796,-0.939476,-0.279102,-1.230552,0.10401,1.717106,0.162112,0.551448,-0.79592,-0.213248,-1.264248,-0.921927,0.747053,0.263276,0.606704,0.686771,0.300674
2026-03-27T18:23:49.823089+00:00,4.456915,1774635829823088900,-0.110206,0.556881,0.801395,0.175035,0.044149,-0.949095,-0.279491,-1.233309,0.111701,1.718036,0.16147,0.555195,-0.795404,-0.205993,-1.266639,-0.91544,0.74794,0.270766,0.605129,0.685532,0.300077
2026-03-27T18:23:49.840060+00:00,4.473886,1774635829840060000,-0.110605,0.557697,0.800024,0.176412,0.045506,-0.947015,-0.276554,-1.236469,0.119067,1.71867,0.16208,0.555118,-0.78701,-0.196718,-1.269672,-0.909377,0.748917,0.277477,0.604808,0.683891,0.301642
2026-03-27T18:23:49.856974+00:00,4.4908,1774635829856973800,-0.111139,0.558471,0.798757,0.178027,0.046746,-0.941447,-0.272873,-1.239926,0.126418,1.719601,0.162475,0.559286,-0.784608,-0.189397,-1.272927,-0.90342,0.750016,0.284541,0.603698,0.682284,0.3033
2026-03-27T18:23:49.873978+00:00,4.507804,1774635829873978400,-0.111669,0.559148,0.797514,0.177615,0.048368,-0.946288,-0.27242,-1.243681,0.133615,1.720325,0.160833,0.570937,-0.791665,-0.183971,-1.276626,-0.897567,0.75111,0.291795,0.601141,0.678552,0.305
2026-03-27T18:23:49.890845+00:00,4.52467,1774635829890844700,-0.112186,0.559772,0.796343,0.176831,0.049689,-0.951018,-0.272025,-1.247644,0.140704,1.72092,0.163475,0.568778,-0.779563,-0.175273,-1.280615,-0.891928,0.75215,0.298629,0.599022,0.676099,0.307111
2026-03-27T18:23:49.907801+00:00,4.541626,1774635829907800600,-0.112693,0.560372,0.795202,0.179081,0.049828,-0.939346,-0.267042,-1.251757,0.147784,1.721379,0.163925,0.573898,-0.778288,-0.169263,-1.285162,-0.886354,0.753052,0.305752,0.59585,0.673019,0.309263
2026-03-27T18:23:49.924936+00:00,4.558762,1774635829924936300,-0.113133,0.56095,0.794098,0.178418,0.050533,-0.942158,-0.266117,-1.255916,0.154952,1.721685,0.162944,0.582267,-0.7829,-0.164552,-1.289996,-0.88074,0.753919,0.312622,0.593122,0.671395,0.311804
2026-03-27T18:23:49.942125+00:00,4.575951,1774635829942124800,-0.113527,0.561517,0.793007,0.177096,0.051363,-0.949278,-0.266168,-1.260165,0.162169,1.721833,0.163408,0.584575,-0.780085,-0.158192,-1.294766,-0.875109,0.754812,0.31955,0.590306,0.669507,0.314361
2026-03-27T18:23:49.959132+00:00,4.592958,1774635829959131800,-0.11378,0.562015,0.791968,0.177034,0.051305,-0.948566,-0.264542,-1.264418,0.169307,1.722039,0.163762,0.584316,-0.774217,-0.150898,-1.301161,-0.869689,0.755211,0.324934,0.587234,0.672542,0.319058
2026-03-27T18:23:49.976192+00:00,4.610017,1774635829976191600,-0.113959,0.562528,0.790933,0.176256,0.051434,-0.953252,-0.264329,-1.268624,0.176281,1.72178,0.160859,0.596214,-0.785067,-0.146625,-1.306886,-0.864173,0.755837,0.33256,0.581706,0.669387,0.321526
2026-03-27T18:23:49.993225+00:00,4.627051,1774635829993225100,-0.114061,0.563043,0.789893,0.177794,0.050665,-0.94504,-0.261022,-1.272892,0.18333,1.721344,0.1636,0.5861,-0.767879,-0.137244,-1.312807,-0.858777,0.75656,0.339841,0.57739,0.666358,0.324628
2026-03-27T18:23:50.010228+00:00,4.644054,1774635830010228400,-0.114053,0.563538,0.788836,0.177127,0.050399,-0.949825,-0.260933,-1.27708,0.190301,1.720737,0.159571,0.59967,-0.782174,-0.133305,-1.318748,-0.853354,0.757238,0.346661,0.575265,0.664798,0.329238
2026-03-27T18:23:50.029356+00:00,4.663182,1774635830029355900,-0.113856,0.564079,0.787701,0.177291,0.049807,-0.950142,-0.259767,-1.281553,0.197624,1.720004,0.158226,0.601924,-0.782037,-0.12633,-1.32521,-0.847703,0.758062,0.354432,0.571684,0.661616,0.333476
2026-03-27T18:23:50.045456+00:00,4.679281,1774635830045455600,-0.113703,0.564754,0.786515,0.178297,0.048392,-0.948126,-0.257731,-1.285838,0.204655,1.719255,0.158724,0.594063,-0.769566,-0.117938,-1.331751,-0.842142,0.758949,0.361649,0.568862,0.659048,0.338409
2026-03-27T18:23:50.062371+00:00,4.696197,1774635830062371700,-0.113231,0.565386,0.785383,0.17874,0.047226,-0.948506,-0.256242,-1.290067,0.21155,1.718506,0.156934,0.595795,-0.769287,-0.111682,-1.338196,-0.836789,0.75981,0.369077,0.565194,0.655772,0.34265
2026-03-27T18:23:50.079453+00:00,4.713279,1774635830079453300,-0.112573,0.565898,0.784266,0.179559,0.044956,-0.949648,-0.254582,-1.294258,0.218908,1.717918,0.155407,0.594271,-0.766041,-0.105506,-1.345016,-0.831234,0.760705,0.37683,0.559068,0.651471,0.345579
2026-03-27T18:23:50.096438+00:00,4.730264,1774635830096438300,-0.111633,0.566509,0.782966,0.181389,0.042462,-0.945587,-0.251976,-1.298387,0.22628,1.71736,0.150521,0.605736,-0.779506,-0.101808,-1.351871,-0.82574,0.761487,0.38318,0.555314,0.649943,0.350035
2026-03-27T18:23:50.113468+00:00,4.747294,1774635830113468500,-0.110388,0.567294,0.781431,0.181544,0.040063,-0.951573,-0.251913,-1.302527,0.233615,1.716806,0.148872,0.603317,-0.775325,-0.095989,-1.358912,-0.820165,0.762259,0.390165,0.550529,0.646908,0.354505
2026-03-27T18:23:50.130541+00:00,4.764366,1774635830130540600,-0.109257,0.567916,0.780002,0.183916,0.036724,-0.945066,-0.248773,-1.306533,0.24114,1.716422,0.14506,0.607818,-0.779931,-0.091518,-1.366094,-0.814761,0.763033,0.396823,0.546509,0.643648,0.360106
2026-03-27T18:23:50.147556+00:00,4.781382,1774635830147555900,-0.108045,0.568503,0.778506,0.183364,0.032824,-0.956694,-0.249937,-1.310211,0.249126,1.716394,0.143316,0.605814,-0.775327,-0.086392,-1.373338,-0.80926,0.763723,0.402765,0.542064,0.641426,0.365944
2026-03-27T18:23:50.164623+00:00,4.798449,1774635830164623200,-0.106758,0.56915,0.776996,0.185264,0.028036,-0.95687,-0.247914,-1.313832,0.257037,1.716488,0.140752,0.607021,-0.775284,-0.081554,-1.380607,-0.803746,0.764336,0.408973,0.536776,0.639031,0.370941
2026-03-27T18:23:50.181752+00:00,4.815578,1774635830181751900,-0.105603,0.5699,0.775464,0.187955,0.022665,-0.954962,-0.244924,-1.316728,0.265776,1.716882,0.137135,0.611293,-0.780139,-0.076694,-1.387885,-0.798062,0.76483,0.415989,0.529957,0.636243,0.374142
2026-03-27T18:23:50.198668+00:00,4.832494,1774635830198668200,-0.104531,0.570573,0.773957,0.191357,0.017389,-0.948773,-0.240994,-1.319325,0.274658,1.7179,0.134467,0.604252,-0.769802,-0.071342,-1.394937,-0.792498,0.76531,0.420961,0.525719,0.636378,0.378511
2026-03-27T18:23:50.215775+00:00,4.8496,1774635830215774600,-0.103549,0.571082,0.77244,0.193967,0.012435,-0.94738,-0.238814,-1.32149,0.283825,1.719089,0.12869,0.605408,-0.768913,-0.068543,-1.401979,-0.786939,0.765878,0.426806,0.520334,0.633957,0.38059
2026-03-27T18:23:50.232943+00:00,4.866769,1774635830232943200,-0.102606,0.571399,0.770904,0.195207,0.008215,-0.952656,-0.23937,-1.323243,0.293421,1.720234,0.120529,0.617903,-0.780676,-0.068606,-1.408816,-0.781406,0.766474,0.431475,0.517648,0.633211,0.382982
2026-03-27T18:23:50.251577+00:00,4.885403,1774635830251577300,-0.101765,0.571634,0.769382,0.198297,0.004394,-0.947462,-0.237816,-1.324585,0.303233,1.72112,0.116747,0.609178,-0.765605,-0.066906,-1.415795,-0.775803,0.767163,0.436829,0.514289,0.631237,0.384624
2026-03-27T18:23:50.267508+00:00,4.901334,1774635830267508100,-0.10098,0.571811,0.768021,0.198773,0.001301,-0.953385,-0.23904,-1.325348,0.312462,1.721534,0.110516,0.618142,-0.774108,-0.066928,-1.421806,-0.77079,0.767855,0.442518,0.512285,0.625641,0.386943
2026-03-27T18:23:50.284155+00:00,4.91798,1774635830284154500,-0.100214,0.572008,0.766677,0.200483,-0.001691,-0.953041,-0.238772,-1.325788,0.321548,1.721638,0.105909,0.619373,-0.773742,-0.065901,-1.427896,-0.765767,0.768706,0.447628,0.510919,0.621191,0.390051
2026-03-27T18:23:50.301186+00:00,4.935012,1774635830301186200,-0.099288,0.572387,0.765347,0.202426,-0.004605,-0.950325,-0.237052,-1.325556,0.330716,1.721255,0.100278,0.632484,-0.794394,-0.064191,-1.433877,-0.76067,0.769466,0.452896,0.511083,0.61522,0.393548
2026-03-27T18:23:50.318247+00:00,4.952073,1774635830318246800,-0.098302,0.572831,0.764093,0.203658,-0.007641,-0.950968,-0.235942,-1.325233,0.339797,1.720072,0.099005,0.614501,-0.778703,-0.058374,-1.439657,-0.755718,0.769875,0.458247,0.511645,0.609623,0.396996
2026-03-27T18:23:50.334948+00:00,4.968774,1774635830334948200,-0.097273,0.573353,0.762961,0.205229,-0.010607,-0.948704,-0.233952,-1.324543,0.348785,1.718828,0.095501,0.609587,-0.781865,-0.05336,-1.445115,-0.750816,0.7699,0.465085,0.511192,0.602046,0.399852
2026-03-27T18:23:50.351997+00:00,4.985823,1774635830351997400,-0.09616,0.57385,0.761916,0.206512,-0.01333,-0.94698,-0.23224,-1.323222,0.357815,1.717001,0.090403,0.622231,-0.807478,-0.04952,-1.450472,-0.745909,0.76962,0.472215,0.510925,0.595563,0.402618
2026-03-27T18:23:50.369153+00:00,5.002979,1774635830369153400,-0.095013,0.574283,0.760932,0.207462,-0.015898,-0.945567,-0.230875,-1.321743,0.365819,1.714916,0.093876,0.590574,-0.77434,-0.042218,-1.455431,-0.740959,0.769111,0.479426,0.509587,0.589378,0.403699
2026-03-27T18:23:50.385747+00:00,5.019573,1774635830385747000,-0.093788,0.574659,0.760037,0.206118,-0.018785,-0.955151,-0.23207,-1.320254,0.373245,1.712868,0.094088,0.590939,-0.781077,-0.037617,-1.459875,-0.736271,0.767883,0.485918,0.509571,0.584923,0.404465
2026-03-27T18:23:50.402828+00:00,5.036654,1774635830402828200,-0.092556,0.575059,0.759153,0.207125,-0.02169,-0.954089,-0.230641,-1.318661,0.380125,1.71087,0.09598,0.590636,-0.785036,-0.032955,-1.463865,-0.731695,0.766348,0.493547,0.508015,0.579165,0.403673
2026-03-27T18:23:50.419780+00:00,5.053606,1774635830419779800,-0.09127,0.575442,0.758386,0.208162,-0.024391,-0.953094,-0.22918,-1.316894,0.386316,1.70888,0.096254,0.604246,-0.807576,-0.028908,-1.467286,-0.727561,0.764721,0.499839,0.507309,0.57554,0.403389
2026-03-27T18:23:50.436984+00:00,5.070809,1774635830436983500,-0.089945,0.575775,0.75765,0.209008,-0.027036,-0.953447,-0.228265,-1.315245,0.392243,1.707267,0.101736,0.585935,-0.786623,-0.023233,-1.470327,-0.723774,0.763076,0.506693,0.505458,0.571144,0.402403
2026-03-27T18:23:50.454347+00:00,5.088173,1774635830454347300,-0.088607,0.576045,0.757057,0.209868,-0.029658,-0.954469,-0.227552,-1.313342,0.397445,1.705819,0.10357,0.588071,-0.791852,-0.01938,-1.472401,-0.720793,0.761579,0.5114,0.50613,0.56809,0.400529
2026-03-27T18:23:50.471025+00:00,5.10485,1774635830471024700,-0.087296,0.576223,0.756496,0.211853,-0.03194,-0.950518,-0.226289,-1.311605,0.402382,1.704946,0.106905,0.582927,-0.785642,-0.017338,-1.4739,-0.718375,0.760443,0.516095,0.506245,0.56399,0.398445
2026-03-27T18:23:50.488101+00:00,5.121927,1774635830488101100,-0.085992,0.576302,0.756113,0.212604,-0.034131,-0.953062,-0.226766,-1.309595,0.406503,1.704332,0.108502,0.590004,-0.795279,-0.016796,-1.474734,-0.716885,0.759628,0.51959,0.50801,0.559731,0.397822
2026-03-27T18:23:50.505108+00:00,5.138934,1774635830505108100,-0.084798,0.576334,0.755857,0.214417,-0.035533,-0.950037,-0.226403,-1.307561,0.410275,1.704159,0.111393,0.590218,-0.796312,-0.016911,-1.474999,-0.716175,0.759261,0.521444,0.510913,0.554821,0.398453
2026-03-27T18:23:50.522199+00:00,5.156025,1774635830522199000,-0.083695,0.576328,0.755645,0.216201,-0.036684,-0.94639,-0.225783,-1.305271,0.413421,1.704251,0.112743,0.596581,-0.805366,-0.017388,-1.474745,-0.716227,0.759285,0.522621,0.51405,0.549347,0.400164
2026-03-27T18:23:50.539169+00:00,5.172995,1774635830539169200,-0.082632,0.576316,0.755489,0.216566,-0.038679,-0.94958,-0.226529,-1.302682,0.415814,1.704828,0.116744,0.583626,-0.790457,-0.018224,-1.474139,-0.716425,0.759178,0.522491,0.518045,0.544642,0.402538
2026-03-27T18:23:50.555958+00:00,5.189784,1774635830555958100,-0.081571,0.576262,0.755405,0.21809,-0.040712,-0.948249,-0.226648,-1.299995,0.41779,1.70593,0.118128,0.583109,-0.791681,-0.019986,-1.47258,-0.717826,0.759749,0.52192,0.521683,0.540733,0.404482
2026-03-27T18:23:50.572963+00:00,5.206789,1774635830572963100,-0.080591,0.576171,0.755387,0.219146,-0.042479,-0.94945,-0.227867,-1.296948,0.419151,1.707302,0.119341,0.582239,-0.792413,-0.022542,-1.470338,-0.719674,0.76059,0.520629,0.524749,0.537545,0.405437
2026-03-27T18:23:50.590152+00:00,5.223978,1774635830590151900,-0.079737,0.575959,0.755639,0.221229,-0.043264,-0.944323,-0.227849,-1.293584,0.419842,1.708956,0.120449,0.582228,-0.79422,-0.025701,-1.467313,-0.722294,0.761524,0.518442,0.528443,0.536228,0.405838
2026-03-27T18:23:50.607227+00:00,5.241052,1774635830607226500,-0.079002,0.575716,0.75598,0.222175,-0.043906,-0.943966,-0.228864,-1.289977,0.419878,1.710863,0.122311,0.580852,-0.792928,-0.029121,-1.463667,-0.725375,0.762684,0.515382,0.53255,0.535056,0.405471
2026-03-27T18:23:50.624176+00:00,5.258001,1774635830624175600,-0.078334,0.575437,0.756397,0.223289,-0.044565,-0.942562,-0.229526,-1.286101,0.419522,1.712946,0.123964,0.582988,-0.796352,-0.03313,-1.459517,-0.72924,0.763942,0.512188,0.536729,0.533911,0.405009
2026-03-27T18:23:50.640912+00:00,5.274738,1774635830640912200,-0.077693,0.575074,0.756904,0.222353,-0.045506,-0.950394,-0.232498,-1.281888,0.417963,1.71527,0.125462,0.587916,-0.803755,-0.037855,-1.454872,-0.733789,0.765363,0.507967,0.54251,0.533285,0.405195
2026-03-27T18:23:50.657809+00:00,5.291635,1774635830657808900,-0.07719,0.574641,0.757514,0.223051,-0.045491,-0.949784,-0.23391,-1.277417,0.415793,1.717807,0.129827,0.581291,-0.79496,-0.042356,-1.449736,-0.739397,0.76689,0.503434,0.548194,0.531227,0.40575
2026-03-27T18:23:50.674908+00:00,5.308734,1774635830674908300,-0.076657,0.574201,0.758091,0.223702,-0.04519,-0.948906,-0.23522,-1.272472,0.412796,1.720707,0.133795,0.579081,-0.792331,-0.047767,-1.44418,-0.746029,0.768603,0.497771,0.55525,0.528167,0.407173
2026-03-27T18:23:50.692822+00:00,5.326648,1774635830692822000,-0.076181,0.573699,0.758776,0.225861,-0.045105,-0.942921,-0.235019,-1.266925,0.408855,1.724049,0.136641,0.582464,-0.798793,-0.054465,-1.437976,-0.754297,0.770441,0.492242,0.563065,0.522202,0.408769
2026-03-27T18:23:50.708866+00:00,5.342692,1774635830708866300,-0.075654,0.573205,0.75943,0.226149,-0.04549,-0.945345,-0.236531,-1.261574,0.404672,1.727292,0.139801,0.581554,-0.800461,-0.060707,-1.43214,-0.762578,0.772059,0.485891,0.571816,0.518229,0.411157
2026-03-27T18:23:50.725823+00:00,5.359649,1774635830725823100,-0.075007,0.572767,0.760048,0.227295,-0.045718,-0.944813,-0.237415,-1.255584,0.399607,1.730841,0.144274,0.574764,-0.795137,-0.06685,-1.425781,-0.772073,0.773552,0.47989,0.579592,0.512419,0.41255
2026-03-27T18:23:50.742865+00:00,5.376691,1774635830742865500,-0.074455,0.572278,0.760693,0.228486,-0.045722,-0.944166,-0.238271,-1.248889,0.393743,1.734888,0.145539,0.580574,-0.807403,-0.075257,-1.419274,-0.782088,0.77476,0.471942,0.589704,0.508256,0.414552
2026-03-27T18:23:50.759592+00:00,5.393418,1774635830759591900,-0.073815,0.571819,0.761416,0.229409,-0.045641,-0.944519,-0.239607,-1.242025,0.387483,1.739059,0.150525,0.568663,-0.795668,-0.082077,-1.412517,-0.79261,0.775532,0.463955,0.597751,0.504063,0.414727
2026-03-27T18:23:50.776635+00:00,5.410461,1774635830776634900,-0.073261,0.571285,0.762178,0.230213,-0.045612,-0.945434,-0.241257,-1.234627,0.380513,1.743421,0.152795,0.567703,-0.798615,-0.091424,-1.405498,-0.80366,0.775892,0.454544,0.607732,0.502203,0.414732
2026-03-27T18:23:50.793747+00:00,5.427572,1774635830793746700,-0.072635,0.570848,0.763065,0.233069,-0.045078,-0.937733,-0.240939,-1.22666,0.372655,1.748073,0.155532,0.565105,-0.799459,-0.101352,-1.398144,-0.815406,0.775889,0.446556,0.615685,0.499745,0.413241
2026-03-27T18:23:50.810508+00:00,5.444334,1774635830810508500,-0.072013,0.570403,0.763973,0.232825,-0.045004,-0.942348,-0.243691,-1.218685,0.364241,1.752427,0.157901,0.56482,-0.803599,-0.111756,-1.390855,-0.827366,0.775566,0.43855,0.624956,0.497839,0.411121
2026-03-27T18:23:50.827523+00:00,5.461349,1774635830827523600,-0.071513,0.569983,0.765013,0.234374,-0.044186,-0.937898,-0.243997,-1.209962,0.354903,1.757144,0.162688,0.556761,-0.795384,-0.120925,-1.383171,-0.840302,0.774543,0.429899,0.635066,0.496112,0.408218
2026-03-27T18:23:50.844384+00:00,5.47821,1774635830844384100,-0.070927,0.569628,0.766122,0.234037,-0.043677,-0.94102,-0.246,-1.201137,0.345086,1.761524,0.163977,0.560879,-0.805473,-0.13318,-1.375547,-0.853251,0.773085,0.421317,0.643588,0.494261,0.403749
2026-03-27T18:23:50.861354+00:00,5.49518,1774635830861353900,-0.070361,0.569365,0.767352,0.235004,-0.042898,-0.938266,-0.246354,-1.191585,0.334345,1.766042,0.167842,0.554188,-0.801704,-0.143104,-1.367719,-0.866709,0.771214,0.412142,0.652467,0.493824,0.398928
2026-03-27T18:23:50.878454+00:00,5.51228,1774635830878454600,-0.06965,0.569086,0.768694,0.234188,-0.042716,-0.942451,-0.248402,-1.181923,0.322822,1.770044,0.172056,0.546507,-0.796525,-0.152445,-1.359767,-0.880866,0.76875,0.403202,0.661899,0.494336,0.39503
2026-03-27T18:23:50.895820+00:00,5.529646,1774635830895819800,-0.068976,0.568766,0.770043,0.235048,-0.04222,-0.939423,-0.249043,-1.171649,0.310574,1.774088,0.172566,0.549784,-0.807477,-0.164448,-1.351761,-0.895932,0.765674,0.393368,0.672218,0.492737,0.389764
2026-03-27T18:23:50.912526+00:00,5.546351,1774635830912525700,-0.068146,0.5685,0.771504,0.23529,-0.041727,-0.939041,-0.25,-1.161365,0.297748,1.777576,0.178002,0.537163,-0.795846,-0.172461,-1.343723,-0.911232,0.76234,0.383834,0.681722,0.491026,0.383496
2026-03-27T18:23:50.929574+00:00,5.5634,1774635830929573800,-0.067143,0.568369,0.773075,0.236769,-0.041193,-0.934571,-0.248964,-1.150823,0.284335,1.780887,0.178535,0.540205,-0.807286,-0.185487,-1.335955,-0.92707,0.758179,0.373054,0.69217,0.490754,0.376163
2026-03-27T18:23:50.946634+00:00,5.58046,1774635830946634300,-0.065995,0.56831,0.77464,0.237162,-0.040929,-0.936693,-0.249271,-1.140095,0.270402,1.784183,0.181271,0.536283,-0.808181,-0.195841,-1.32835,-0.942971,0.753976,0.363968,0.699824,0.489008,0.369126
2026-03-27T18:23:50.963751+00:00,5.597576,1774635830963750600,-0.064631,0.568252,0.776368,0.237303,-0.040642,-0.940243,-0.250303,-1.129253,0.255963,1.78705,0.185666,0.527135,-0.801975,-0.203515,-1.320742,-0.959428,0.749515,0.353194,0.7093,0.487395,0.363425
2026-03-27T18:23:50.980783+00:00,5.614608,1774635830980782600,-0.063238,0.568149,0.778031,0.23875,-0.039869,-0.93808,-0.250611,-1.11808,0.241162,1.790022,0.188588,0.521433,-0.801946,-0.212028,-1.313229,-0.97611,0.744701,0.341558,0.7191,0.48539,0.35765
2026-03-27T18:23:50.997766+00:00,5.631592,1774635830997766200,-0.0617,0.568013,0.779884,0.240109,-0.038759,-0.936772,-0.251169,-1.106963,0.226167,1.792652,0.191247,0.516947,-0.805844,-0.221874,-1.305793,-0.99297,0.739535,0.327502,0.732109,0.484888,0.351975
2026-03-27T18:23:51.014816+00:00,5.648641,1774635831014815500,-0.060087,0.567889,0.78172,0.241813,-0.037445,-0.934014,-0.251025,-1.095582,0.210726,1.795314,0.194332,0.511057,-0.806226,-0.23036,-1.298322,-1.009833,0.734359,0.314397,0.742363,0.482976,0.345316
2026-03-27T18:23:51.031871+00:00,5.665697,1774635831031871200,-0.058298,0.56779,0.783643,0.241814,-0.036404,-0.938521,-0.252445,-1.083982,0.195138,1.798192,0.196346,0.504881,-0.806985,-0.237609,-1.291351,-1.026579,0.72911,0.301474,0.751255,0.477621,0.338582
2026-03-27T18:23:51.048992+00:00,5.682818,1774635831048992200,-0.056429,0.567678,0.785514,0.243412,-0.03516,-0.936235,-0.252607,-1.072086,0.179225,1.801056,0.197107,0.499966,-0.811161,-0.245795,-1.28453,-1.043513,0.723749,0.287697,0.764354,0.472689,0.332627
2026-03-27T18:23:51.066028+00:00,5.699854,1774635831066027800,-0.054423,0.567512,0.787449,0.244778,-0.034348,-0.935543,-0.253444,-1.060028,0.16331,1.804063,0.19884,0.490887,-0.808831,-0.253267,-1.277728,-1.060819,0.718103,0.273902,0.775694,0.466135,0.326063
2026-03-27T18:23:51.082786+00:00,5.716612,1774635831082786400,-0.052371,0.567319,0.789299,0.246101,-0.033527,-0.935013,-0.254295,-1.047974,0.147921,1.807265,0.199999,0.481065,-0.805228,-0.262269,-1.27098,-1.077827,0.712565,0.260301,0.786744,0.459912,0.319557
2026-03-27T18:23:51.099831+00:00,5.733657,1774635831099831100,-0.050131,0.567158,0.791208,0.24733,-0.032436,-0.935425,-0.255334,-1.035751,0.132281,1.810397,0.199439,0.476882,-0.809557,-0.273966,-1.265367,-1.094007,0.706994,0.244148,0.796251,0.449562,0.314269
2026-03-27T18:23:51.117274+00:00,5.751099,1774635831117273600,-0.047687,0.567064,0.793245,0.248938,-0.031383,-0.934879,-0.255835,-1.023067,0.116261,1.813679,0.199153,0.470772,-0.809485,-0.284729,-1.259292,-1.11058,0.701442,0.228032,0.806832,0.441615,0.309252
2026-03-27T18:23:51.135351+00:00,5.769177,1774635831135351000,-0.045085,0.566871,0.795162,0.251468,-0.031095,-0.932783,-0.256064,-1.01027,0.100616,1.816944,0.196453,0.468109,-0.813778,-0.297735,-1.253494,-1.126173,0.695795,0.208512,0.820143,0.436101,0.304321
2026-03-27T18:23:51.150939+00:00,5.784765,1774635831150939000,-0.042529,0.566597,0.797022,0.252707,-0.030939,-0.93494,-0.257938,-0.997718,0.085648,1.819998,0.194246,0.463342,-0.813573,-0.309337,-1.24803,-1.140477,0.690492,0.189059,0.834381,0.430735,0.299533
2026-03-27T18:23:51.167993+00:00,5.801819,1774635831167993100,-0.039814,0.566261,0.799111,0.255361,-0.030044,-0.931202,-0.258563,-0.984714,0.070696,1.822738,0.19338,0.453513,-0.807368,-0.317439,-1.242583,-1.154915,0.685044,0.170513,0.845659,0.422314,0.294029
2026-03-27T18:23:51.185051+00:00,5.818877,1774635831185051100,-0.037112,0.565916,0.801182,0.25787,-0.028973,-0.927624,-0.259136,-0.971402,0.055927,1.825083,0.191621,0.444882,-0.807866,-0.325538,-1.237462,-1.168214,0.67996,0.153986,0.851642,0.41031,0.287482
2026-03-27T18:23:51.202045+00:00,5.83587,1774635831202044600,-0.034189,0.565553,0.803345,0.258584,-0.028494,-0.931958,-0.261786,-0.957964,0.041744,1.826764,0.188688,0.438402,-0.81696,-0.335456,-1.23254,-1.180957,0.674942,0.136675,0.865676,0.404459,0.283912
2026-03-27T18:23:51.219075+00:00,5.852901,1774635831219075200,-0.031214,0.565129,0.805418,0.26076,-0.028431,-0.93147,-0.263509,-0.944348,0.027879,1.828258,0.188082,0.426205,-0.818862,-0.341586,-1.227736,-1.192552,0.67003,0.122614,0.857863,0.390871,0.273163
2026-03-27T18:23:51.236171+00:00,5.869996,1774635831236170600,-0.028036,0.564661,0.807597,0.264492,-0.028423,-0.925402,-0.264191,-0.930848,0.014592,1.829147,0.188867,0.410904,-0.816192,-0.345888,-1.223053,-1.20351,0.665109,0.10587,0.867755,0.387057,0.268208
2026-03-27T18:23:51.253182+00:00,5.887008,1774635831253181900,-0.024807,0.564142,0.809677,0.266282,-0.028524,-0.926112,-0.266458,-0.917499,0.001866,1.829851,0.187042,0.401987,-0.826395,-0.355318,-1.218426,-1.214203,0.66024,0.089775,0.871233,0.380727,0.261431
2026-03-27T18:23:51.270165+00:00,5.903991,1774635831270165600,-0.021435,0.563647,0.8119,0.268314,-0.028484,-0.926012,-0.268218,-0.904394,-0.010375,1.830374,0.1876,0.388627,-0.825461,-0.360782,-1.214004,-1.222555,0.65541,0.074319,0.869038,0.376463,0.255147
2026-03-27T18:23:51.287246+00:00,5.921071,1774635831287245700,-0.018024,0.563167,0.814108,0.270508,-0.028449,-0.92582,-0.269965,-0.891685,-0.02203,1.830737,0.188183,0.378446,-0.826486,-0.368371,-1.209505,-1.231934,0.65053,0.058442,0.864036,0.369292,0.24719
2026-03-27T18:23:51.304313+00:00,5.938139,1774635831304312800,-0.014556,0.562711,0.816316,0.272538,-0.028327,-0.925269,-0.271512,-0.879543,-0.032883,1.830744,0.189733,0.369741,-0.824274,-0.376084,-1.205003,-1.241312,0.645654,0.042824,0.84675,0.357051,0.235951
2026-03-27T18:23:51.322279+00:00,5.956105,1774635831322279100,-0.010875,0.562231,0.818678,0.27509,-0.027961,-0.922982,-0.272336,-0.867103,-0.043673,1.830724,0.191003,0.362419,-0.824228,-0.385089,-1.201073,-1.244807,0.640635,0.030695,0.831249,0.352691,0.227845
2026-03-27T18:23:51.339158+00:00,5.972984,1774635831339158000,-0.007263,0.56172,0.820931,0.276995,-0.027688,-0.922158,-0.273872,-0.855839,-0.053167,1.830432,0.192509,0.357084,-0.824599,-0.392779,-1.196928,-1.25104,0.636146,0.010937,1.421711,0.601056,0.38177
2026-03-27T18:23:51.355924+00:00,5.98975,1774635831355923900,-0.003655,0.561164,0.823091,0.27887,-0.0276,-0.920816,-0.275309,-0.845009,-0.062027,1.830114,0.195195,0.350951,-0.820645,-0.397874,-1.192812,-1.256829,0.631623,1e-06,6803.315133,2855.554223,1786.023378
2026-03-27T18:23:51.372934+00:00,6.00676,1774635831372933900,0.000155,0.560595,0.825333,0.280847,-0.027603,-0.919525,-0.276848,-0.834335,-0.070324,1.829612,0.197487,0.347226,-0.820658,-0.404666,-1.188587,-1.262379,0.627141,1e-06,-751.018524,-310.853124,-192.344189
2026-03-27T18:23:51.389984+00:00,6.02381,1774635831389983800,0.003982,0.56001,0.82753,0.282657,-0.027529,-0.919146,-0.278599,-0.823943,-0.077997,1.828942,0.200749,0.343157,-0.817904,-0.410466,-1.184304,-1.26762,0.62271,0.01891,-0.354678,-0.144072,-0.088618
2026-03-27T18:23:51.407111+00:00,6.040937,1774635831407111300,0.007922,0.559404,0.829766,0.284415,-0.02732,-0.918012,-0.280136,-0.813909,-0.085259,1.828049,0.204847,0.338932,-0.812666,-0.415244,-1.179956,-1.272487,0.618372,0.013981,-0.851691,-0.339148,-0.207311
2026-03-27T18:23:51.424096+00:00,6.057921,1774635831424095700,0.011822,0.558769,0.831974,0.286166,-0.027157,-0.916151,-0.281476,-0.804091,-0.091909,1.827161,0.206515,0.339259,-0.816471,-0.424679,-1.175551,-1.277199,0.614015,0.021612,-0.794842,-0.311073,-0.188467
2026-03-27T18:23:51.441201+00:00,6.075027,1774635831441201200,0.01587,0.558156,0.834192,0.287865,-0.027164,-0.914787,-0.282875,-0.794844,-0.097927,1.82604,0.21012,0.33682,-0.808617,-0.428159,-1.170967,-1.281252,0.609717,0.015361,-1.540263,-0.594925,-0.354313
2026-03-27T18:23:51.458214+00:00,6.09204,1774635831458214500,0.019862,0.557556,0.836364,0.288523,-0.027237,-0.916651,-0.285288,-0.785788,-0.103602,1.824824,0.211641,0.337467,-0.809469,-0.434922,-1.166407,-1.285393,0.605393,0.026983,-1.136658,-0.433082,-0.253768
2026-03-27T18:23:51.475239+00:00,6.109064,1774635831475238700,0.02387,0.556987,0.83859,0.290494,-0.027106,-0.912766,-0.285717,-0.776923,-0.10872,1.823541,0.214691,0.336276,-0.804738,-0.43879,-1.16182,-1.289464,0.60119,0.040272,-0.93174,-0.349742,-0.2019
2026-03-27T18:23:51.492399+00:00,6.126225,1774635831492398900,0.028018,0.556355,0.840802,0.290603,-0.027302,-0.915085,-0.288151,-0.768235,-0.11351,1.822166,0.216246,0.337365,-0.806033,-0.445421,-1.157233,-1.293529,0.597194,0.048469,-0.903444,-0.333693,-0.190093
2026-03-27T18:23:51.509413+00:00,6.143238,1774635831509412700,0.032097,0.555728,0.843024,0.292476,-0.027515,-0.911422,-0.288616,-0.759779,-0.118262,1.820754,0.21887,0.335549,-0.801774,-0.448725,-1.152743,-1.29775,0.593283,0.057402,-0.860752,-0.312023,-0.176062
2026-03-27T18:23:51.526342+00:00,6.160168,1774635831526342000,0.036258,0.555101,0.84523,0.294107,-0.027778,-0.908832,-0.289357,-0.751458,-0.12263,1.819332,0.22207,0.331913,-0.794564,-0.450281,-1.148306,-1.302007,0.589703,0.058255,-0.939041,-0.332874,-0.186756
2026-03-27T18:23:51.543146+00:00,6.176972,1774635831543146000,0.040415,0.554426,0.847403,0.293835,-0.028101,-0.91222,-0.292043,-0.743408,-0.127015,1.817998,0.223473,0.329958,-0.793156,-0.454633,-1.14408,-1.306317,0.586214,0.066602,-0.900299,-0.31192,-0.174132
2026-03-27T18:23:51.562012+00:00,6.195838,1774635831562011900,0.044482,0.553706,0.849648,0.295708,-0.028115,-0.907637,-0.292633,-0.735205,-0.131267,1.816573,0.224895,0.327234,-0.792182,-0.458815,-1.139789,-1.310698,0.582766,0.072153,-0.907081,-0.306702,-0.170452
2026-03-27T18:23:51.577666+00:00,6.211492,1774635831577666300,0.048607,0.552935,0.85189,0.296151,-0.028269,-0.908267,-0.294596,-0.72726,-0.135592,1.815224,0.226457,0.32307,-0.791055,-0.462195,-1.136055,-1.315055,0.579428,0.073274,-0.961811,-0.317307,-0.176228
2026-03-27T18:23:51.594558+00:00,6.228384,1774635831594558300,0.052644,0.552142,0.854107,0.297473,-0.02821,-0.904784,-0.295721,-0.71958,-0.139699,1.813839,0.227673,0.318606,-0.791382,-0.465921,-1.132292,-1.319364,0.576377,0.076843,-0.971699,-0.312157,-0.174226
2026-03-27T18:23:51.611653+00:00,6.245479,1774635831611652900,0.056746,0.551278,0.856348,0.296692,-0.028186,-0.908069,-0.299019,-0.712091,-0.143968,1.812595,0.22794,0.314846,-0.794881,-0.471306,-1.128623,-1.323768,0.573381,0.084211,-0.930111,-0.290013,-0.163213
2026-03-27T18:23:51.628738+00:00,6.262564,1774635831628737900,0.060638,0.550424,0.858601,0.297633,-0.028097,-0.9047,-0.300268,-0.704794,-0.148247,1.811473,0.228745,0.309763,-0.794549,-0.475395,-1.125237,-1.328317,0.570111,0.089933,-0.914341,-0.276177,-0.156557
2026-03-27T18:23:51.645690+00:00,6.279516,1774635831645690000,0.064506,0.549641,0.860846,0.29816,-0.028133,-0.903101,-0.301871,-0.697845,-0.152422,1.810294,0.231027,0.302865,-0.789212,-0.476742,-1.122169,-1.332613,0.566849,0.092457,-0.94064,-0.276851,-0.156481
2026-03-27T18:23:51.662816+00:00,6.296642,1774635831662816000,0.06849,0.548847,0.86313,0.29818,-0.028156,-0.903307,-0.303778,-0.691075,-0.156666,1.809118,0.230676,0.299242,-0.79309,-0.483417,-1.119107,-1.336794,0.563783,0.094931,-0.963073,-0.276854,-0.155812
2026-03-27T18:23:51.679807+00:00,6.313633,1774635831679807600,0.072356,0.54806,0.865392,0.298183,-0.028015,-0.902806,-0.305322,-0.684509,-0.160981,1.808006,0.231981,0.293742,-0.791194,-0.486309,-1.116231,-1.340955,0.560771,0.102888,-0.927717,-0.260222,-0.146519
2026-03-27T18:23:51.696831+00:00,6.330657,1774635831696831000,0.076234,0.547247,0.867641,0.297932,-0.027755,-0.903789,-0.307618,-0.678337,-0.165277,1.806836,0.233679,0.28776,-0.788153,-0.488569,-1.113511,-1.345162,0.557879,0.107115,-0.929755,-0.254259,-0.143809
2026-03-27T18:23:51.713977+00:00,6.347803,1774635831713977400,0.080053,0.546421,0.869882,0.297932,-0.027508,-0.903309,-0.309169,-0.672259,-0.169795,1.80592,0.234736,0.28265,-0.78728,-0.491992,-1.110828,-1.34931,0.555095,0.109435,-0.952938,-0.254271,-0.144355
2026-03-27T18:23:51.730985+00:00,6.364811,1774635831730985500,0.083898,0.545578,0.872109,0.298201,-0.027296,-0.902069,-0.310302,-0.666429,-0.174383,1.804785,0.234524,0.278539,-0.79049,-0.497699,-1.108307,-1.353263,0.552375,0.117159,-0.936443,-0.244906,-0.139885
2026-03-27T18:23:51.748096+00:00,6.381921,1774635831748095600,0.087685,0.544728,0.874286,0.298197,-0.027238,-0.903139,-0.312382,-0.66051,-0.179307,1.803505,0.236347,0.27125,-0.786559,-0.498462,-1.105956,-1.357086,0.549783,0.120517,-0.957122,-0.2456,-0.141435
2026-03-27T18:23:51.765025+00:00,6.398851,1774635831765024800,0.091492,0.54385,0.876482,0.299673,-0.027003,-0.898551,-0.312709,-0.654936,-0.184211,1.802385,0.236591,0.265422,-0.788266,-0.502348,-1.103596,-1.360924,0.547541,0.125791,-0.960257,-0.242243,-0.140946
2026-03-27T18:23:51.782198+00:00,6.416024,1774635831782198100,0.095368,0.542903,0.878618,0.299175,-0.026822,-0.901156,-0.315414,-0.649375,-0.189505,1.801323,0.237005,0.258396,-0.788415,-0.504584,-1.101493,-1.364633,0.545394,0.13388,-0.940241,-0.233224,-0.137466
2026-03-27T18:23:51.798928+00:00,6.432753,1774635831798927600,0.099077,0.541933,0.880706,0.300883,-0.026574,-0.897327,-0.316241,-0.644096,-0.194632,1.800378,0.237189,0.251435,-0.786905,-0.50676,-1.099372,-1.36833,0.543499,0.136607,-0.958886,-0.23424,-0.139705
2026-03-27T18:23:51.816024+00:00,6.449849,1774635831816023500,0.102875,0.540845,0.882757,0.300695,-0.026624,-0.899361,-0.319073,-0.638877,-0.200017,1.799542,0.236589,0.245467,-0.787722,-0.509768,-1.097497,-1.372007,0.541577,0.142185,-0.957595,-0.23189,-0.138831
2026-03-27T18:23:51.832901+00:00,6.466726,1774635831832900700,0.106647,0.5398,0.884768,0.301918,-0.026565,-0.896627,-0.320505,-0.633823,-0.20542,1.798715,0.235325,0.240412,-0.789947,-0.513633,-1.095619,-1.375615,0.539968,0.146846,-0.960043,-0.230068,-0.138552
2026-03-27T18:23:51.849906+00:00,6.483732,1774635831849905900,0.110376,0.538738,0.886744,0.302995,-0.02639,-0.895118,-0.321991,-0.629073,-0.210677,1.798026,0.234311,0.235508,-0.790574,-0.516796,-1.093987,-1.379293,0.538363,0.152506,-0.950484,-0.224699,-0.136232
2026-03-27T18:23:51.866913+00:00,6.500739,1774635831866913400,0.114093,0.537647,0.888696,0.302658,-0.026268,-0.897108,-0.324694,-0.624479,-0.216052,1.797407,0.233278,0.231224,-0.791141,-0.51965,-1.092294,-1.383073,0.537121,0.155281,-0.956744,-0.222503,-0.136254
2026-03-27T18:23:51.883965+00:00,6.517791,1774635831883965300,0.117758,0.536541,0.890614,0.303408,-0.026153,-0.895686,-0.326441,-0.620193,-0.221209,1.796989,0.233045,0.22676,-0.788792,-0.521077,-1.090791,-1.386842,0.535875,0.160048,-0.952181,-0.217718,-0.13505
2026-03-27T18:23:51.900972+00:00,6.534798,1774635831900972300,0.121305,0.535351,0.892475,0.30485,-0.026222,-0.89244,-0.327469,-0.616065,-0.226429,1.796627,0.232477,0.223007,-0.787959,-0.523433,-1.089205,-1.390575,0.53485,0.164988,-0.948996,-0.213227,-0.134051
2026-03-27T18:23:51.917976+00:00,6.551802,1774635831917976200,0.124815,0.534124,0.894336,0.304389,-0.026173,-0.894556,-0.330235,-0.612203,-0.231505,1.796376,0.231136,0.219589,-0.789046,-0.526083,-1.087606,-1.394308,0.533828,0.169314,-0.949373,-0.20951,-0.133543
2026-03-27T18:23:51.935082+00:00,6.568907,1774635831935081700,0.12814,0.532926,0.896172,0.305017,-0.025957,-0.892069,-0.331744,-0.60846,-0.236706,1.796162,0.229384,0.215679,-0.789071,-0.527123,-1.086447,-1.397831,0.533126,0.17063,-0.960538,-0.207727,-0.133446
2026-03-27T18:23:51.952161+00:00,6.585987,1774635831952160800,0.131302,0.531636,0.897961,0.304164,-0.026046,-0.893558,-0.334728,-0.604977,-0.241721,1.795978,0.227151,0.211762,-0.788393,-0.527922,-1.085037,-1.40147,0.532403,0.173961,-0.960699,-0.203762,-0.132237
2026-03-27T18:23:51.969147+00:00,6.602973,1774635831969147400,0.134242,0.530288,0.899655,0.304384,-0.026373,-0.889764,-0.33641,-0.601744,-0.246665,1.795827,0.222781,0.209557,-0.793109,-0.532075,-1.084209,-1.404816,0.532119,0.178414,-0.956259,-0.199792,-0.130285
2026-03-27T18:23:51.986253+00:00,6.620079,1774635831986252800,0.137035,0.528845,0.901204,0.302328,-0.027316,-0.892524,-0.340972,-0.598839,-0.251348,1.795668,0.219818,0.206093,-0.791585,-0.532226,-1.082994,-1.408227,0.531635,0.182831,-0.954953,-0.196936,-0.129206
2026-03-27T18:23:52.004308+00:00,6.638134,1774635832004308300,0.139719,0.527429,0.902711,0.301664,-0.028503,-0.890081,-0.343608,-0.596143,-0.255965,1.7955,0.216637,0.202634,-0.790348,-0.532422,-1.081762,-1.411767,0.531232,0.187061,-0.955439,-0.194731,-0.128261
2026-03-27T18:23:52.020607+00:00,6.654433,1774635832020607400,0.141926,0.526354,0.903926,0.301084,-0.030041,-0.888046,-0.345348,-0.594078,-0.260046,1.795321,0.212896,0.200651,-0.793059,-0.534252,-1.081023,-1.414886,0.531045,0.190224,-0.959513,-0.195026,-0.128435
2026-03-27T18:23:52.038525+00:00,6.672351,1774635832038525200,0.144107,0.525437,0.904989,0.300242,-0.0318,-0.887325,-0.347378,-0.592173,-0.264184,1.795058,0.209158,0.198506,-0.795491,-0.535979,-1.080069,-1.418362,0.530907,0.196934,-0.948661,-0.19251,-0.126516
2026-03-27T18:23:52.055316+00:00,6.689142,1774635832055316500,0.145928,0.524797,0.905914,0.300048,-0.033483,-0.885821,-0.348296,-0.59066,-0.267653,1.794908,0.205967,0.196282,-0.7967,-0.536336,-1.079456,-1.421634,0.530738,0.200623,-0.956222,-0.194051,-0.127221
2026-03-27T18:23:52.072314+00:00,6.70614,1774635832072314300,0.147513,0.524422,0.906658,0.299285,-0.035161,-0.887299,-0.349402,-0.589615,-0.271038,1.794745,0.20297,0.193757,-0.7951,-0.535186,-1.078759,-1.425003,0.530651,0.206051,-0.953913,-0.193204,-0.126624
2026-03-27T18:23:52.089289+00:00,6.723115,1774635832089289100,0.148798,0.524256,0.907341,0.298825,-0.036664,-0.88792,-0.349892,-0.588739,-0.27439,1.794782,0.198277,0.192617,-0.797713,-0.539143,-1.07829,-1.428548,0.530521,0.211968,-0.947353,-0.190667,-0.125679
2026-03-27T18:23:52.106355+00:00,6.74018,1774635832106354700,0.149706,0.5242,0.907919,0.298682,-0.037821,-0.887615,-0.349761,-0.588129,-0.27812,1.795039,0.192857,0.190939,-0.794328,-0.544754,-1.077727,-1.432264,0.530428,0.216687,-0.946778,-0.189056,-0.125379
2026-03-27T18:23:52.123394+00:00,6.757219,1774635832123393500,0.150303,0.524194,0.908479,0.298839,-0.038752,-0.887112,-0.349297,-0.587518,-0.281981,1.796136,0.182373,0.190888,-0.79238,-0.555341,-1.077465,-1.436304,0.530053,0.222633,-0.948557,-0.184832,-0.125329
2026-03-27T18:23:52.140432+00:00,6.774258,1774635832140432500,0.150491,0.524228,0.908945,0.298711,-0.039366,-0.886665,-0.349104,-0.587064,-0.285907,1.797976,0.168263,0.190815,-0.787045,-0.565377,-1.077058,-1.440373,0.52944,0.231812,-0.946987,-0.179681,-0.124833
2026-03-27T18:23:52.157461+00:00,6.791287,1774635832157461400,0.150377,0.524406,0.909403,0.298457,-0.039704,-0.886833,-0.349098,-0.58701,-0.289482,1.800047,0.153604,0.189459,-0.779684,-0.575482,-1.076808,-1.444343,0.528581,0.24164,-0.949863,-0.174052,-0.124875
2026-03-27T18:23:52.174699+00:00,6.808524,1774635832174698600,0.150089,0.524601,0.909864,0.296993,-0.03936,-0.888719,-0.349784,-0.587316,-0.292861,1.80211,0.139254,0.188168,-0.773769,-0.586712,-1.076389,-1.448375,0.527614,0.252659,-0.94739,-0.166709,-0.124442
2026-03-27T18:23:52.191708+00:00,6.825534,1774635832191708400,0.149106,0.524839,0.910311,0.29656,-0.038551,-0.887227,-0.349511,-0.588649,-0.29553,1.803888,0.129793,0.184458,-0.763558,-0.589192,-1.07613,-1.452013,0.526527,0.263269,-0.946129,-0.15977,-0.123607
2026-03-27T18:23:52.208719+00:00,6.842545,1774635832208719400,0.147851,0.525038,0.910732,0.294392,-0.037682,-0.890419,-0.350766,-0.591162,-0.297282,1.804898,0.117734,0.191177,-0.786018,-0.605995,-1.075829,-1.455328,0.525481,0.273452,-0.943015,-0.153316,-0.123162
2026-03-27T18:23:52.227560+00:00,6.861386,1774635832227560200,0.14619,0.525264,0.911142,0.292945,-0.036504,-0.890563,-0.350692,-0.594735,-0.298352,1.805787,0.110554,0.191763,-0.775511,-0.5935,-1.075567,-1.458315,0.524432,0.283457,-0.939065,-0.148464,-0.123255
2026-03-27T18:23:52.242871+00:00,6.876697,1774635832242871000,0.144541,0.525453,0.911523,0.291363,-0.035372,-0.891578,-0.351157,-0.598899,-0.299046,1.806821,0.104581,0.195877,-0.77729,-0.592761,-1.075174,-1.460331,0.523492,0.290906,-0.937073,-0.146011,-0.124028
2026-03-27T18:23:52.260251+00:00,6.894077,1774635832260251200,0.142459,0.525637,0.911873,0.290526,-0.033999,-0.889432,-0.350226,-0.604027,-0.299081,1.807948,0.100692,0.200791,-0.776165,-0.593506,-1.074749,-1.461752,0.522487,0.297476,-0.93439,-0.14497,-0.124978
2026-03-27T18:23:52.276956+00:00,6.910782,1774635832276956300,0.140307,0.525764,0.91218,0.288975,-0.032818,-0.889689,-0.350131,-0.609624,-0.298789,1.80928,0.098825,0.205469,-0.770267,-0.592597,-1.074251,-1.462325,0.521372,0.301749,-0.935006,-0.146721,-0.12581
2026-03-27T18:23:52.293946+00:00,6.927772,1774635832293946000,0.138099,0.52583,0.912509,0.287185,-0.031711,-0.890101,-0.350394,-0.616179,-0.298232,1.810549,0.09748,0.211131,-0.759845,-0.589707,-1.073825,-1.462266,0.520237,0.30554,-0.933624,-0.150825,-0.126054
2026-03-27T18:23:52.310884+00:00,6.94471,1774635832310884300,0.135611,0.52586,0.91277,0.285375,-0.030532,-0.889786,-0.35037,-0.623322,-0.296932,1.811743,0.092479,0.224347,-0.774919,-0.603022,-1.073364,-1.46173,0.518989,0.309508,-0.931433,-0.155758,-0.125947
2026-03-27T18:23:52.327847+00:00,6.961673,1774635832327847300,0.133076,0.525855,0.913021,0.283223,-0.029331,-0.890441,-0.351012,-0.631057,-0.295151,1.812806,0.08922,0.233881,-0.775215,-0.60355,-1.073043,-1.460052,0.517802,0.312322,-0.926475,-0.161814,-0.125185
2026-03-27T18:23:52.345035+00:00,6.978861,1774635832345035200,0.130256,0.525825,0.913184,0.280917,-0.028047,-0.891203,-0.351703,-0.639939,-0.292872,1.813819,0.088635,0.240262,-0.763388,-0.592128,-1.072701,-1.458574,0.516522,0.314628,-0.924649,-0.167978,-0.124937
2026-03-27T18:23:52.362060+00:00,6.995886,1774635832362060400,0.127424,0.525743,0.913267,0.278463,-0.026916,-0.892949,-0.35304,-0.649155,-0.290371,1.814859,0.089451,0.246151,-0.75051,-0.580553,-1.072513,-1.456266,0.515382,0.31303,-0.926612,-0.176847,-0.124806
2026-03-27T18:23:52.379112+00:00,7.012937,1774635832379111600,0.124428,0.525547,0.913291,0.276089,-0.026108,-0.894859,-0.354342,-0.658814,-0.287762,1.815889,0.088829,0.256699,-0.750889,-0.580126,-1.072259,-1.454303,0.514188,0.313983,-0.924897,-0.184189,-0.124425
2026-03-27T18:23:52.396099+00:00,7.029924,1774635832396098700,0.121478,0.525276,0.913434,0.274439,-0.025545,-0.894839,-0.355016,-0.66886,-0.285099,1.816915,0.086333,0.269974,-0.760069,-0.587043,-1.072095,-1.451232,0.513916,0.316837,-0.918005,-0.19791,-0.126891
2026-03-27T18:23:52.413178+00:00,7.047004,1774635832413178300,0.1184,0.524964,0.913275,0.273052,-0.02487,-0.894055,-0.35574,-0.679337,-0.282335,1.817875,0.086462,0.273672,-0.741542,-0.573806,-1.071873,-1.448648,0.513181,0.318741,-0.914594,-0.209319,-0.128525
2026-03-27T18:23:52.430293+00:00,7.064119,1774635832430293000,0.115113,0.524617,0.913024,0.271747,-0.024068,-0.892435,-0.356116,-0.690274,-0.279479,1.818794,0.082832,0.290357,-0.756461,-0.586393,-1.071637,-1.446057,0.512444,0.320601,-0.911038,-0.22072,-0.130143
2026-03-27T18:23:52.447958+00:00,7.081784,1774635832447957800,0.111672,0.52421,0.912693,0.270045,-0.023246,-0.89244,-0.357407,-0.701992,-0.276527,1.81951,0.081346,0.30114,-0.753397,-0.585333,-1.071538,-1.442713,0.512692,0.326727,-0.905993,-0.239121,-0.135184
2026-03-27T18:23:52.464259+00:00,7.098085,1774635832464259000,0.10854,0.523704,0.912302,0.268479,-0.022628,-0.893854,-0.359236,-0.713548,-0.273679,1.819934,0.082589,0.301287,-0.726121,-0.564782,-1.071381,-1.439769,0.512613,0.331208,-0.896877,-0.253408,-0.139366
2026-03-27T18:23:52.481312+00:00,7.115137,1774635832481311400,0.105205,0.523151,0.91186,0.268135,-0.021925,-0.890251,-0.359521,-0.725751,-0.270716,1.82017,0.075266,0.334888,-0.780526,-0.606708,-1.071211,-1.436695,0.512946,0.33523,-0.891116,-0.269001,-0.144378
2026-03-27T18:23:52.498325+00:00,7.132151,1774635832498325200,0.101852,0.522559,0.91136,0.266104,-0.021267,-0.894209,-0.362761,-0.738332,-0.26776,1.820217,0.07878,0.324865,-0.735066,-0.569452,-1.07108,-1.433606,0.513208,0.341536,-0.882187,-0.282261,-0.14867
2026-03-27T18:23:52.515061+00:00,7.148887,1774635832515060800,0.098436,0.522006,0.910863,0.265128,-0.020436,-0.893924,-0.36425,-0.751017,-0.264808,1.819643,0.075691,0.34254,-0.755461,-0.582519,-1.071055,-1.430568,0.513426,0.34714,-0.875026,-0.295263,-0.152873
2026-03-27T18:23:52.532290+00:00,7.166115,1774635832532289500,0.094974,0.521516,0.910404,0.264138,-0.018876,-0.893447,-0.365407,-0.764278,-0.261961,1.818721,0.074792,0.350425,-0.754691,-0.579499,-1.07103,-1.427347,0.51375,0.350105,-0.870883,-0.30872,-0.156835
2026-03-27T18:23:52.548988+00:00,7.182814,1774635832548988300,0.09145,0.521066,0.909956,0.263004,-0.017477,-0.893867,-0.366633,-0.777482,-0.259248,1.817571,0.075367,0.350274,-0.738455,-0.564919,-1.071235,-1.424223,0.513975,0.352271,-0.865278,-0.321926,-0.160701
2026-03-27T18:23:52.566026+00:00,7.199852,1774635832566026400,0.087973,0.520548,0.909523,0.2617,-0.016255,-0.894853,-0.368103,-0.791135,-0.256709,1.816185,0.07728,0.342425,-0.707533,-0.539344,-1.071434,-1.420896,0.514461,0.352865,-0.858072,-0.335778,-0.164636
2026-03-27T18:23:52.583134+00:00,7.216959,1774635832583133600,0.084393,0.51991,0.909063,0.260604,-0.014699,-0.894489,-0.369782,-0.805111,-0.254205,1.814434,0.071063,0.36915,-0.749043,-0.568983,-1.071697,-1.417334,0.515251,0.353758,-0.851162,-0.352523,-0.169575
2026-03-27T18:23:52.600082+00:00,7.233908,1774635832600082500,0.08074,0.519229,0.908569,0.259521,-0.01321,-0.893333,-0.371549,-0.819173,-0.252023,1.812421,0.069958,0.369685,-0.737174,-0.557329,-1.072106,-1.413607,0.516087,0.356502,-0.841118,-0.369908,-0.174594
2026-03-27T18:23:52.617082+00:00,7.250908,1774635832617082000,0.077107,0.518547,0.908089,0.259102,-0.011819,-0.889866,-0.371858,-0.833349,-0.249927,1.810028,0.068273,0.371614,-0.730005,-0.549661,-1.072585,-1.409691,0.517189,0.359029,-0.830911,-0.389669,-0.180765
2026-03-27T18:23:52.634257+00:00,7.268083,1774635832634256900,0.073448,0.517849,0.907567,0.256885,-0.010773,-0.892784,-0.374737,-0.847611,-0.248071,1.807258,0.064835,0.381719,-0.740905,-0.555191,-1.073277,-1.405699,0.518536,0.361709,-0.816983,-0.408875,-0.187031
2026-03-27T18:23:52.652098+00:00,7.285923,1774635832652097700,0.069717,0.517106,0.907008,0.256028,-0.009804,-0.890662,-0.375954,-0.86243,-0.246444,1.804296,0.060905,0.392632,-0.754548,-0.563175,-1.074027,-1.401707,0.520178,0.362649,-0.804314,-0.428839,-0.194416
2026-03-27T18:23:52.669035+00:00,7.302861,1774635832669034900,0.066113,0.516317,0.906397,0.255188,-0.008923,-0.889445,-0.37754,-0.87672,-0.245096,1.801251,0.062741,0.364328,-0.694439,-0.515922,-1.074862,-1.398076,0.521881,0.363312,-0.792919,-0.447515,-0.201479
2026-03-27T18:23:52.685969+00:00,7.319795,1774635832685968800,0.06256,0.515533,0.905745,0.253999,-0.008146,-0.888751,-0.379448,-0.890847,-0.243975,1.797922,0.053425,0.402964,-0.763089,-0.563394,-1.075644,-1.394632,0.523801,0.363861,-0.779167,-0.463496,-0.208702
2026-03-27T18:23:52.703039+00:00,7.336865,1774635832703039000,0.059056,0.514846,0.905081,0.253515,-0.007456,-0.88648,-0.380064,-0.905115,-0.242922,1.794491,0.052216,0.38249,-0.719858,-0.528941,-1.076503,-1.391438,0.525925,0.362682,-0.769057,-0.480372,-0.217785
2026-03-27T18:23:52.720129+00:00,7.353955,1774635832720128900,0.055507,0.514258,0.90439,0.251554,-0.00669,-0.889458,-0.38262,-0.919018,-0.242369,1.79072,0.042093,0.43369,-0.813156,-0.593796,-1.077336,-1.3885,0.528293,0.363124,-0.755955,-0.494009,-0.226921
2026-03-27T18:23:52.737166+00:00,7.370992,1774635832737166300,0.052025,0.51376,0.903671,0.251312,-0.005661,-0.885916,-0.382538,-0.933115,-0.241633,1.786886,0.03633,0.453941,-0.848857,-0.616119,-1.078033,-1.38582,0.53094,0.362693,-0.74575,-0.507874,-0.237337
2026-03-27T18:23:52.754217+00:00,7.388042,1774635832754216600,0.048464,0.513295,0.90294,0.24971,-0.004409,-0.886362,-0.383726,-0.947154,-0.241052,1.782556,0.033799,0.43013,-0.802977,-0.578293,-1.078755,-1.383201,0.533591,0.362664,-0.733707,-0.520598,-0.247144
2026-03-27T18:23:52.771250+00:00,7.405076,1774635832771250500,0.044978,0.512972,0.902168,0.247258,-0.003086,-0.890936,-0.386083,-0.960988,-0.24088,1.777966,0.032206,0.371239,-0.694392,-0.493878,-1.079447,-1.380561,0.536254,0.362489,-0.721369,-0.533115,-0.256853
2026-03-27T18:23:52.788271+00:00,7.422097,1774635832788271100,0.041516,0.512875,0.901414,0.245812,-0.001759,-0.891958,-0.386182,-0.974943,-0.240749,1.773356,0.021864,0.417859,-0.783957,-0.549234,-1.08017,-1.379189,0.540614,0.36726,-0.708112,-0.53772,-0.269326
2026-03-27T18:23:52.805353+00:00,7.439178,1774635832805352700,0.037999,0.512898,0.900663,0.245133,-0.000465,-0.890295,-0.384492,-0.988652,-0.240798,1.768337,0.018395,0.327018,-0.616295,-0.424002,-1.080852,-1.377507,0.544136,0.368312,-0.697939,-0.547821,-0.280484
2026-03-27T18:23:52.822313+00:00,7.456139,1774635832822313200,0.034568,0.512979,0.899864,0.243015,0.000889,-0.893553,-0.384996,-1.002461,-0.241015,1.763221,1e-06,2687.081695,-5090.460181,-3433.376551,-1.081357,-1.376022,0.547689,0.371224,-0.684297,-0.55436,-0.290278
2026-03-27T18:23:52.839338+00:00,7.473163,1774635832839337700,0.031114,0.51302,0.899046,0.241457,0.00224,-0.893873,-0.384738,-1.015949,-0.241316,1.757734,1e-06,-810.578465,1544.773579,1020.178199,-1.082047,-1.374639,0.551336,0.373516,-0.671747,-0.562864,-0.299647
2026-03-27T18:23:52.857832+00:00,7.491658,1774635832857832200,0.027413,0.513148,0.898156,0.240162,0.003451,-0.892442,-0.383274,-1.030613,-0.241943,1.751798,1e-06,-4718.199372,9048.134089,5845.531821,-1.083029,-1.373088,0.555379,0.373245,-0.660206,-0.574617,-0.310344
2026-03-27T18:23:52.874465+00:00,7.508291,1774635832874465000,0.024097,0.513349,0.897372,0.23833,0.004369,-0.893807,-0.382933,-1.043562,-0.242948,1.746088,0.023043,-0.361797,0.695464,0.442197,-1.083791,-1.371778,0.558877,0.373537,-0.646518,-0.583956,-0.318223
2026-03-27T18:23:52.891469+00:00,7.525295,1774635832891469300,0.020753,0.513628,0.896627,0.236321,0.005211,-0.895501,-0.382351,-1.056875,-0.244116,1.740534,0.033098,-0.364816,0.700574,0.439584,-1.084576,-1.370439,0.562393,0.373305,-0.633521,-0.593915,-0.326106
2026-03-27T18:23:52.908279+00:00,7.542105,1774635832908279300,0.01751,0.513736,0.89616,0.23545,0.006033,-0.891639,-0.379744,-1.069898,-0.245484,1.735006,0.042989,-0.367372,0.702312,0.436281,-1.085508,-1.369074,0.565743,0.374958,-0.619675,-0.604205,-0.331219
2026-03-27T18:23:52.925344+00:00,7.559169,1774635832925343400,0.014172,0.513961,0.89552,0.232635,0.006839,-0.894896,-0.380032,-1.082665,-0.247208,1.729156,0.045368,-0.436751,0.828905,0.510867,-1.08646,-1.367683,0.569189,0.375318,-0.605977,-0.614888,-0.337492
2026-03-27T18:23:52.942212+00:00,7.576038,1774635832942211900,0.01082,0.514383,0.894845,0.23049,0.007736,-0.894003,-0.378894,-1.095098,-0.248993,1.723376,0.060039,-0.398904,0.749714,0.459555,-1.087632,-1.366314,0.572515,0.375866,-0.590782,-0.626444,-0.342426
2026-03-27T18:23:52.959330+00:00,7.593156,1774635832959329800,0.007479,0.514633,0.894337,0.227713,0.008715,-0.894841,-0.378053,-1.107637,-0.250696,1.7175,0.069558,-0.406445,0.756095,0.459922,-1.088997,-1.364858,0.575871,0.376637,-0.573537,-0.639498,-0.347154
2026-03-27T18:23:52.976324+00:00,7.610149,1774635832976323700,0.004151,0.514866,0.893932,0.22449,0.00967,-0.896982,-0.378012,-1.119523,-0.25266,1.711511,0.078436,-0.415185,0.765289,0.462105,-1.090615,-1.363443,0.579156,0.377455,-0.555239,-0.651868,-0.351278
2026-03-27T18:23:52.993117+00:00,7.626943,1774635832993117100,0.000872,0.515059,0.893521,0.221237,0.010603,-0.899356,-0.378087,-1.131022,-0.254465,1.705664,0.086154,-0.426269,0.780834,0.467926,-1.092251,-1.362086,0.582403,0.377754,-0.53707,-0.664445,-0.355619
2026-03-27T18:23:53.010120+00:00,7.643946,1774635833010120200,-0.002429,0.515204,0.893207,0.219306,0.011533,-0.895531,-0.375999,-1.142087,-0.256531,1.699637,0.09466,-0.430322,0.784088,0.466131,-1.094136,-1.361389,0.58545,0.376719,-0.519401,-0.677667,-0.361863
2026-03-27T18:23:53.027175+00:00,7.661,1774635833027174700,-0.005714,0.515285,0.892856,0.215052,0.012712,-0.901341,-0.378032,-1.152982,-0.258517,1.693571,0.104073,-0.427833,0.777039,0.458048,-1.096204,-1.36041,0.58867,0.376631,-0.499621,-0.688736,-0.366691
2026-03-27T18:23:53.044234+00:00,7.678059,1774635833044233600,-0.00898,0.515365,0.892613,0.212788,0.013878,-0.898432,-0.376575,-1.163277,-0.260642,1.6875,0.113123,-0.42563,0.773583,0.451783,-1.098493,-1.359738,0.591695,0.376388,-0.478546,-0.700382,-0.37145
2026-03-27T18:23:53.061289+00:00,7.695115,1774635833061289200,-0.012214,0.515411,0.892351,0.208406,0.015257,-0.905632,-0.379141,-1.173057,-0.26304,1.681618,0.120735,-0.427997,0.780026,0.452294,-1.100928,-1.359197,0.594654,0.374798,-0.457989,-0.713418,-0.376479
2026-03-27T18:23:53.078012+00:00,7.711838,1774635833078012400,-0.015376,0.515468,0.892201,0.206363,0.016502,-0.902151,-0.3772,-1.182466,-0.265424,1.676036,0.130863,-0.420403,0.767236,0.444123,-1.103694,-1.35891,0.597312,0.372066,-0.436269,-0.725409,-0.381184
2026-03-27T18:23:53.095184+00:00,7.72901,1774635833095184100,-0.018631,0.515501,0.892038,0.203931,0.017896,-0.899594,-0.375965,-1.191616,-0.268247,1.670515,0.13729,-0.421969,0.7693,0.446025,-1.106561,-1.358609,0.599923,0.368726,-0.414076,-0.736676,-0.386303
2026-03-27T18:23:53.112196+00:00,7.746022,1774635833112196000,-0.021819,0.515531,0.891948,0.200259,0.019459,-0.901872,-0.376876,-1.200436,-0.271292,1.664929,0.140455,-0.425478,0.773847,0.449606,-1.109711,-1.358566,0.602272,0.363646,-0.391759,-0.748548,-0.392357
2026-03-27T18:23:53.129166+00:00,7.762992,1774635833129166100,-0.025044,0.51545,0.891859,0.196125,0.021157,-0.905315,-0.378209,-1.209031,-0.274358,1.659166,0.14428,-0.421725,0.768302,0.446238,-1.112864,-1.358555,0.604476,0.358591,-0.369285,-0.759947,-0.398134
2026-03-27T18:23:53.146355+00:00,7.780181,1774635833146355200,-0.028326,0.515461,0.891827,0.193411,0.022755,-0.899947,-0.376441,-1.217031,-0.277786,1.653437,0.144428,-0.422734,0.777866,0.451937,-1.116243,-1.359031,0.606533,0.353331,-0.345593,-0.770178,-0.403499
2026-03-27T18:23:53.163460+00:00,7.797286,1774635833163460700,-0.031598,0.515276,0.891796,0.187367,0.024781,-0.910575,-0.380956,-1.224615,-0.281251,1.647701,0.146172,-0.416327,0.777852,0.452869,-1.11963,-1.359569,0.608519,0.34761,-0.321929,-0.780169,-0.408826
2026-03-27T18:23:53.180690+00:00,7.814516,1774635833180690200,-0.034838,0.515085,0.89184,0.184026,0.026335,-0.907106,-0.379541,-1.231728,-0.284955,1.642226,0.14658,-0.411891,0.784406,0.459311,-1.122865,-1.361014,0.610039,0.339443,-0.300504,-0.789139,-0.416454
2026-03-27T18:23:53.197604+00:00,7.83143,1774635833197604000,-0.038032,0.514846,0.89185,0.180256,0.027655,-0.906209,-0.379448,-1.238491,-0.288662,1.636795,0.150381,-0.398322,0.774708,0.457077,-1.125825,-1.362218,0.611477,0.333208,-0.279624,-0.794614,-0.421991
2026-03-27T18:23:53.214462+00:00,7.848288,1774635833214462000,-0.041064,0.514577,0.891937,0.176721,0.028764,-0.904046,-0.378662,-1.24479,-0.292569,1.631731,0.152059,-0.391378,0.778532,0.463848,-1.12847,-1.363436,0.612787,0.327643,-0.260708,-0.798655,-0.427965
2026-03-27T18:23:53.231533+00:00,7.865359,1774635833231533200,-0.044141,0.514235,0.892008,0.172463,0.029965,-0.905142,-0.379748,-1.251062,-0.296512,1.626543,0.154596,-0.382688,0.779462,0.470361,-1.130782,-1.364911,0.614019,0.320798,-0.244694,-0.806586,-0.436064
2026-03-27T18:23:53.248605+00:00,7.882431,1774635833248604900,-0.047101,0.513849,0.89214,0.167631,0.031235,-0.909535,-0.382189,-1.257069,-0.300423,1.621705,0.157937,-0.372235,0.775351,0.475386,-1.132744,-1.366187,0.615182,0.315753,-0.230409,-0.809507,-0.441497
2026-03-27T18:23:53.265585+00:00,7.899411,1774635833265585500,-0.050092,0.513445,0.892331,0.163488,0.03234,-0.910347,-0.382792,-1.263009,-0.30414,1.616815,0.161165,-0.36352,0.774244,0.481444,-1.134642,-1.367414,0.616363,0.310375,-0.215914,-0.812595,-0.447061
2026-03-27T18:23:53.282342+00:00,7.916168,1774635833282342100,-0.052964,0.513005,0.89253,0.158636,0.033559,-0.915133,-0.385331,-1.268788,-0.307645,1.612019,0.164019,-0.356243,0.774763,0.488634,-1.135365,-1.368252,0.617212,0.307469,-0.208417,-0.810859,-0.449346
2026-03-27T18:23:53.299391+00:00,7.933217,1774635833299391000,-0.056023,0.51244,0.89277,0.154601,0.034458,-0.911092,-0.384321,-1.274432,-0.310973,1.607461,0.167402,-0.3493,0.777892,0.495002,-1.136245,-1.369389,0.618522,0.304134,-0.200532,-0.813578,-0.453112
2026-03-27T18:23:53.316651+00:00,7.950477,1774635833316651100,-0.059158,0.511738,0.893251,0.149137,0.035729,-0.912697,-0.386047,-1.280107,-0.314251,1.602944,0.172294,-0.341065,0.777557,0.49955,-1.136601,-1.370321,0.619889,0.301945,-0.19416,-0.814403,-0.45707
2026-03-27T18:23:53.333474+00:00,7.9673,1774635833333474000,-0.062229,0.510927,0.893833,0.14349,0.037048,-0.913125,-0.387642,-1.285541,-0.317163,1.598752,0.178012,-0.333253,0.777121,0.50347,-1.136842,-1.371016,0.621279,0.30036,-0.188049,-0.81473,-0.460092
2026-03-27T18:23:53.350615+00:00,7.98444,1774635833350614700,-0.06549,0.509957,0.894438,0.13882,0.037767,-0.902292,-0.385127,-1.291002,-0.319962,1.594883,0.184112,-0.326594,0.776784,0.507487,-1.136844,-1.371526,0.622775,0.300433,-0.183169,-0.813293,-0.461155
2026-03-27T18:23:53.367558+00:00,8.001384,1774635833367557900,-0.068606,0.508945,0.895106,0.130077,0.039476,-0.920562,-0.394376,-1.296417,-0.322514,1.591301,0.19143,-0.319924,0.77149,0.508926,-1.136658,-1.371872,0.624306,0.29942,-0.1809,-0.815413,-0.463551
2026-03-27T18:23:53.384594+00:00,8.01842,1774635833384594400,-0.071675,0.507881,0.895825,0.123825,0.040412,-0.921762,-0.396973,-1.301822,-0.324945,1.587978,0.196582,-0.31892,0.777763,0.517221,-1.136489,-1.372049,0.625878,0.299083,-0.178961,-0.815661,-0.464703
2026-03-27T18:23:53.401822+00:00,8.035648,1774635833401822300,-0.074806,0.506749,0.896507,0.120946,0.040201,-0.895822,-0.388204,-1.307368,-0.327154,1.584845,0.206199,-0.313288,0.769069,0.515426,-1.136034,-1.372107,0.627497,0.299184,-0.177582,-0.815455,-0.465143
2026-03-27T18:23:53.418646+00:00,8.052472,1774635833418645800,-0.077663,0.505589,0.897164,0.113353,0.041649,-0.90853,-0.396108,-1.312832,-0.329186,1.582131,0.214463,-0.312566,0.767048,0.516771,-1.135482,-1.372125,0.629112,0.300516,-0.176987,-0.813212,-0.464123
2026-03-27T18:23:53.435630+00:00,8.069456,1774635833435630000,-0.080516,0.504522,0.897792,0.109316,0.041865,-0.894667,-0.392445,-1.318382,-0.331074,1.579479,0.222613,-0.313079,0.765332,0.516463,-1.134733,-1.372169,0.630684,0.301037,-0.177147,-0.813944,-0.464286
2026-03-27T18:23:53.452667+00:00,8.086492,1774635833452666700,-0.083178,0.503571,0.898423,0.101727,0.043518,-0.914142,-0.402739,-1.324028,-0.332948,1.577036,0.230467,-0.31562,0.762835,0.515818,-1.134105,-1.372232,0.632284,0.301243,-0.177371,-0.814428,-0.464803
2026-03-27T18:23:53.469787+00:00,8.103613,1774635833469787200,-0.085787,0.502738,0.899053,0.095231,0.044926,-0.927153,-0.409806,-1.329743,-0.334764,1.574693,0.23796,-0.319554,0.758957,0.515185,-1.133439,-1.372376,0.633798,0.302389,-0.176547,-0.811705,-0.463773
2026-03-27T18:23:53.486904+00:00,8.12073,1774635833486904400,-0.08827,0.501982,0.89965,0.093678,0.044272,-0.897944,-0.398235,-1.335545,-0.336681,1.572703,0.244585,-0.325433,0.755735,0.515951,-1.133005,-1.372694,0.635162,0.301819,-0.174569,-0.813819,-0.464503
2026-03-27T18:23:53.503836+00:00,8.137662,1774635833503835900,-0.09058,0.501181,0.900209,0.087651,0.045866,-0.913965,-0.406618,-1.341074,-0.338472,1.5708,0.25154,-0.330762,0.75054,0.515753,-1.132817,-1.373124,0.636374,0.30215,-0.171151,-0.813399,-0.463942
2026-03-27T18:23:53.520549+00:00,8.154375,1774635833520548800,-0.092789,0.500396,0.900747,0.082225,0.04733,-0.927477,-0.413749,-1.346342,-0.340185,1.569074,0.258928,-0.335119,0.744441,0.513536,-1.132687,-1.37372,0.637423,0.301472,-0.167204,-0.814683,-0.464123
2026-03-27T18:23:53.537937+00:00,8.171763,1774635833537937400,-0.095085,0.499612,0.901294,0.080878,0.046262,-0.890919,-0.398927,-1.351397,-0.341778,1.567261,0.263778,-0.342323,0.745739,0.515632,-1.132782,-1.374493,0.638357,0.300398,-0.162076,-0.815607,-0.464587
2026-03-27T18:23:53.554482+00:00,8.188308,1774635833554482300,-0.097232,0.498848,0.901792,0.073188,0.049001,-0.930063,-0.417539,-1.356025,-0.343172,1.565646,0.270254,-0.345508,0.739569,0.511438,-1.133018,-1.375411,0.639167,0.298414,-0.157099,-0.81857,-0.4659
2026-03-27T18:23:53.571529+00:00,8.205355,1774635833571529100,-0.099311,0.497997,0.902292,0.072702,0.047037,-0.881229,-0.39733,-1.360421,-0.344505,1.564026,0.275353,-0.350509,0.736151,0.50917,-1.133556,-1.376479,0.639838,0.296756,-0.152048,-0.820981,-0.467982
2026-03-27T18:23:53.588493+00:00,8.222318,1774635833588492500,-0.101224,0.497043,0.902741,0.063259,0.05145,-0.955009,-0.432461,-1.364583,-0.345853,1.562597,0.280424,-0.355289,0.731859,0.506766,-1.134062,-1.377567,0.640386,0.295252,-0.147095,-0.820905,-0.469551
2026-03-27T18:23:53.605262+00:00,8.239088,1774635833605261800,-0.103052,0.496134,0.90313,0.064545,0.047994,-0.883887,-0.402541,-1.368299,-0.347172,1.561336,0.28482,-0.360086,0.727046,0.505538,-1.134423,-1.37871,0.640798,0.294244,-0.14213,-0.819135,-0.47038
2026-03-27T18:23:53.622273+00:00,8.256099,1774635833622273300,-0.104725,0.495233,0.903523,0.057609,0.051197,-0.93656,-0.428433,-1.371754,-0.348463,1.560215,0.287894,-0.365794,0.72421,0.505484,-1.13504,-1.380088,0.641155,0.291783,-0.138033,-0.820512,-0.472873
2026-03-27T18:23:53.639422+00:00,8.273248,1774635833639421800,-0.106267,0.494558,0.90394,0.060394,0.046735,-0.850884,-0.390439,-1.374946,-0.349658,1.559168,0.290002,-0.371012,0.722876,0.505811,-1.135675,-1.381534,0.641502,0.289731,-0.133676,-0.821258,-0.474818
2026-03-27T18:23:53.656364+00:00,8.29019,1774635833656364000,-0.107667,0.493905,0.904348,0.053822,0.050314,-0.912223,-0.419844,-1.377839,-0.350729,1.558315,0.293083,-0.374354,0.721108,0.504707,-1.136277,-1.382907,0.641742,0.288686,-0.129522,-0.819219,-0.475687
2026-03-27T18:23:53.673470+00:00,8.307295,1774635833673469400,-0.108735,0.493533,0.904544,0.0554,0.047618,-0.853916,-0.394059,-1.380512,-0.351862,1.557703,0.296325,-0.376721,0.719147,0.504888,-1.136595,-1.384292,0.642004,0.287217,-0.125832,-0.819082,-0.478063
2026-03-27T18:23:53.690552+00:00,8.324378,1774635833690552000,-0.110004,0.492817,0.905067,0.048514,0.053416,-0.94306,-0.436096,-1.382936,-0.353018,1.557244,0.300093,-0.37857,0.717485,0.506063,-1.136658,-1.385501,0.642252,0.286299,-0.123514,-0.818431,-0.481249
2026-03-27T18:23:53.707446+00:00,8.341271,1774635833707445600,-0.111008,0.492407,0.905426,0.05214,0.049198,-0.85437,-0.396199,-1.385253,-0.354134,1.557023,0.30561,-0.378424,0.71363,0.505199,-1.136746,-1.386629,0.642504,0.284744,-0.121561,-0.819995,-0.484857
2026-03-27T18:23:53.724559+00:00,8.358384,1774635833724558500,-0.111955,0.492031,0.905777,0.051007,0.049832,-0.851779,-0.395706,-1.387452,-0.355173,1.556931,0.311342,-0.377812,0.709402,0.504031,-1.13677,-1.387443,0.642787,0.284847,-0.119462,-0.817678,-0.48629
2026-03-27T18:23:53.741562+00:00,8.375387,1774635833741561500,-0.112628,0.491819,0.906146,0.044361,0.057451,-0.97224,-0.451613,-1.3895,-0.356098,1.556865,0.315796,-0.378633,0.707883,0.50524,-1.136689,-1.388033,0.643031,0.284723,-0.118215,-0.816754,-0.488305
2026-03-27T18:23:53.758768+00:00,8.392594,1774635833758768500,-0.113377,0.491615,0.906493,0.04859,0.052351,-0.873897,-0.406479,-1.391693,-0.356838,1.556872,0.320604,-0.37907,0.704233,0.504698,-1.13647,-1.388243,0.643301,0.285159,-0.117714,-0.813997,-0.488926
2026-03-27T18:23:53.775990+00:00,8.409816,1774635833775990000,-0.11406,0.491405,0.906811,0.045553,0.055817,-0.917427,-0.427242,-1.393847,-0.357377,1.556893,0.324448,-0.381449,0.700973,0.505192,-1.136088,-1.388229,0.643573,0.284234,-0.118155,-0.816023,-0.491518
2026-03-27T18:23:53.792665+00:00,8.426491,1774635833792665400,-0.114677,0.491222,0.907121,0.042292,0.059968,-0.972999,-0.453305,-1.396164,-0.357765,1.556959,0.327993,-0.385624,0.697379,0.505098,-1.135586,-1.388124,0.643889,0.285364,-0.118211,-0.812057,-0.490959
2026-03-27T18:23:53.809651+00:00,8.443477,1774635833809651200,-0.115297,0.491083,0.907452,0.048909,0.051691,-0.828636,-0.386453,-1.398648,-0.35801,1.557053,0.332248,-0.390721,0.692519,0.504003,-1.134865,-1.388009,0.644242,0.285234,-0.118849,-0.812353,-0.494032
2026-03-27T18:23:53.826755+00:00,8.460581,1774635833826755400,-0.115826,0.490927,0.90777,0.046004,0.054644,-0.867085,-0.404624,-1.401462,-0.358267,1.557152,0.335418,-0.398727,0.689332,0.503889,-1.134334,-1.387739,0.644566,0.284998,-0.119072,-0.812845,-0.496699
2026-03-27T18:23:53.843917+00:00,8.477742,1774635833843916700,-0.116297,0.490786,0.908098,0.045359,0.055105,-0.866512,-0.404399,-1.404437,-0.358451,1.557303,0.340119,-0.406379,0.682739,0.500589,-1.13364,-1.387352,0.644851,0.2855,-0.118131,-0.810823,-0.496576
2026-03-27T18:23:53.861093+00:00,8.494919,1774635833861093200,-0.116671,0.490593,0.908385,0.042506,0.058536,-0.914088,-0.426948,-1.407635,-0.358759,1.557421,0.343952,-0.416294,0.678739,0.499268,-1.133229,-1.387102,0.645024,0.285205,-0.117003,-0.809782,-0.497334
2026-03-27T18:23:53.877975+00:00,8.511801,1774635833877974900,-0.116946,0.490442,0.908661,0.045123,0.055155,-0.857273,-0.401029,-1.411044,-0.359162,1.55754,0.348655,-0.426074,0.670627,0.495639,-1.132629,-1.386984,0.645168,0.284266,-0.116023,-0.809751,-0.499369
2026-03-27T18:23:53.895025+00:00,8.528851,1774635833895025000,-0.117125,0.49026,0.90895,0.0426,0.058544,-0.90786,-0.424962,-1.414578,-0.359706,1.557662,0.352398,-0.438517,0.664455,0.493328,-1.132074,-1.386941,0.645278,0.283545,-0.114929,-0.809901,-0.501265
2026-03-27T18:23:53.912160+00:00,8.545986,1774635833912159800,-0.117239,0.490078,0.909209,0.040005,0.062678,-0.968806,-0.453917,-1.418205,-0.360353,1.557755,0.357658,-0.450143,0.655318,0.489198,-1.131792,-1.386974,0.645327,0.283327,-0.113475,-0.80797,-0.502831
2026-03-27T18:23:53.928849+00:00,8.562675,1774635833928849500,-0.11732,0.489908,0.909471,0.03706,0.068052,-1.048317,-0.491491,-1.421829,-0.361209,1.557823,0.362466,-0.462313,0.646618,0.486021,-1.131359,-1.387204,0.645379,0.281776,-0.11237,-0.810414,-0.506738
2026-03-27T18:23:53.946002+00:00,8.579828,1774635833946002300,-0.117418,0.489797,0.909806,0.045077,0.05613,-0.863973,-0.405381,-1.425386,-0.362053,1.557803,0.366852,-0.47428,0.638029,0.482355,-1.131213,-1.387472,0.645424,0.282467,-0.110273,-0.805892,-0.506043
2026-03-27T18:23:53.965422+00:00,8.599247,1774635833965421700,-0.117406,0.489612,0.910123,0.042934,0.059191,-0.912501,-0.428621,-1.429287,-0.363181,1.557668,0.372251,-0.486123,0.62814,0.477721,-1.130987,-1.387726,0.645472,0.281654,-0.108401,-0.80502,-0.50753
2026-03-27T18:23:53.982232+00:00,8.616058,1774635833982232400,-0.117383,0.489501,0.910452,0.040765,0.062847,-0.972654,-0.457013,-1.432556,-0.364183,1.557441,0.376214,-0.496707,0.620825,0.47503,-1.130926,-1.387949,0.645526,0.280419,-0.106594,-0.805731,-0.508589
2026-03-27T18:23:53.999032+00:00,8.632858,1774635833999032500,-0.117364,0.489395,0.910786,0.048713,0.053103,-0.825404,-0.388243,-1.43564,-0.365377,1.557204,0.379835,-0.506625,0.612303,0.472398,-1.131013,-1.388158,0.645531,0.279531,-0.10461,-0.805777,-0.5094
2026-03-27T18:23:54.016005+00:00,8.649831,1774635834016005400,-0.117197,0.489272,0.91111,0.046941,0.055916,-0.872538,-0.410665,-1.438637,-0.366699,1.556887,0.382567,-0.516443,0.603728,0.47097,-1.130817,-1.388323,0.645688,0.278246,-0.10281,-0.807534,-0.511854
2026-03-27T18:23:54.033127+00:00,8.666953,1774635834033126900,-0.116922,0.48912,0.911413,0.045355,0.058864,-0.922265,-0.434499,-1.441477,-0.368188,1.556623,0.385806,-0.525905,0.594399,0.469069,-1.130842,-1.388511,0.645885,0.277031,-0.101388,-0.808775,-0.513945
2026-03-27T18:23:54.050169+00:00,8.683994,1774635834050168700,-0.11656,0.488985,0.911802,0.047442,0.057451,-0.902083,-0.425457,-1.443983,-0.369847,1.556234,0.387805,-0.535936,0.586583,0.467947,-1.130963,-1.388655,0.646184,0.277694,-0.0991,-0.804988,-0.512226
2026-03-27T18:23:54.067214+00:00,8.701039,1774635834067213600,-0.116152,0.488814,0.912157,0.043188,0.064189,-1.01197,-0.477837,-1.446316,-0.371548,1.555803,0.38991,-0.544163,0.577976,0.466813,-1.131231,-1.388778,0.646464,0.276645,-0.09684,-0.805119,-0.513395
2026-03-27T18:23:54.084349+00:00,8.718175,1774635834084349300,-0.115753,0.488618,0.912476,0.051079,0.055277,-0.875084,-0.413978,-1.448336,-0.373242,1.555457,0.391288,-0.552548,0.570727,0.466262,-1.13177,-1.388897,0.646723,0.275506,-0.093921,-0.805107,-0.514257
2026-03-27T18:23:54.101223+00:00,8.735049,1774635834101223100,-0.115251,0.488422,0.912865,0.049488,0.058118,-0.926004,-0.438355,-1.449939,-0.373509,1.554835,0.389837,-0.560457,0.566903,0.461423,-1.132154,-1.389045,0.646987,0.272864,-0.090917,-0.80886,-0.516729
2026-03-27T18:23:54.118224+00:00,8.752049,1774635834118223500,-0.114705,0.48822,0.913202,0.054535,0.054031,-0.865139,-0.410315,-1.451301,-0.373908,1.554543,0.390088,-0.567225,0.562188,0.459584,-1.132782,-1.389244,0.647224,0.271539,-0.087429,-0.808137,-0.516448
2026-03-27T18:23:54.135175+00:00,8.769001,1774635834135175100,-0.113982,0.487995,0.913579,0.051129,0.059537,-0.957882,-0.454878,-1.452529,-0.374193,1.554323,0.391647,-0.57164,0.556381,0.456882,-1.133264,-1.389546,0.647531,0.269661,-0.084311,-0.80896,-0.516744
2026-03-27T18:23:54.152471+00:00,8.786297,1774635834152470800,-0.113211,0.487752,0.913911,0.054232,0.058321,-0.942797,-0.448827,-1.453331,-0.374396,1.554275,0.391788,-0.576419,0.553075,0.456411,-1.133828,-1.389996,0.647902,0.268123,-0.08149,-0.809621,-0.517452
2026-03-27T18:23:54.169292+00:00,8.803118,1774635834169291900,-0.112383,0.487495,0.914264,0.058824,0.055981,-0.908865,-0.4335,-1.453875,-0.374555,1.55427,0.39201,-0.579019,0.55084,0.455504,-1.134173,-1.390513,0.648357,0.267957,-0.079009,-0.806704,-0.515711
2026-03-27T18:23:54.186105+00:00,8.819931,1774635834186105400,-0.111555,0.487194,0.914568,0.061354,0.055906,-0.911223,-0.435674,-1.454107,-0.374697,1.554292,0.3926,-0.580431,0.550121,0.455339,-1.134507,-1.391249,0.648869,0.26602,-0.078258,-0.812138,-0.518078
2026-03-27T18:23:54.203110+00:00,8.836936,1774635834203110400,-0.110713,0.486868,0.914881,0.061977,0.057557,-0.940285,-0.450919,-1.454028,-0.374733,1.554384,0.393187,-0.580232,0.550092,0.454927,-1.134722,-1.392136,0.649617,0.266759,-0.076402,-0.807652,-0.516074
2026-03-27T18:23:54.220182+00:00,8.854008,1774635834220182600,-0.110029,0.486582,0.915196,0.067978,0.054314,-0.885372,-0.425575,-1.453795,-0.374717,1.554522,0.394207,-0.578317,0.551113,0.455131,-1.135036,-1.39317,0.650391,0.264767,-0.075126,-0.812146,-0.518815
2026-03-27T18:23:54.237204+00:00,8.87103,1774635834237203800,-0.10938,0.486328,0.91555,0.068805,0.055289,-0.898303,-0.432397,-1.452808,-0.374733,1.555011,0.396418,-0.573481,0.552817,0.455185,-1.13532,-1.394163,0.651342,0.266041,-0.073019,-0.807034,-0.514446
2026-03-27T18:23:54.254077+00:00,8.887902,1774635834254076600,-0.108913,0.486072,0.91582,0.07059,0.055187,-0.893516,-0.431125,-1.451215,-0.374338,1.555772,0.398254,-0.568032,0.555775,0.456038,-1.13577,-1.395138,0.652328,0.264873,-0.072024,-0.811096,-0.516639
2026-03-27T18:23:54.271140+00:00,8.904965,1774635834271139500,-0.108487,0.485846,0.916193,0.073681,0.053955,-0.870543,-0.420775,-1.449287,-0.373951,1.556603,0.399528,-0.562738,0.560314,0.458356,-1.136178,-1.396061,0.653504,0.264611,-0.070985,-0.812397,-0.516669
2026-03-27T18:23:54.288188+00:00,8.922014,1774635834288188300,-0.108109,0.485548,0.916466,0.069095,0.058682,-0.942465,-0.456353,-1.446936,-0.373561,1.557578,0.401808,-0.554194,0.563766,0.459427,-1.136864,-1.396801,0.654701,0.264781,-0.069939,-0.811018,-0.515679
2026-03-27T18:23:54.305267+00:00,8.939093,1774635834305267100,-0.107756,0.485293,0.916823,0.070577,0.058775,-0.936881,-0.454714,-1.444282,-0.373065,1.558544,0.402548,-0.54782,0.570396,0.462151,-1.13748,-1.397278,0.655807,0.26293,-0.0691,-0.816003,-0.517613
2026-03-27T18:23:54.322237+00:00,8.956063,1774635834322237100,-0.107424,0.485005,0.917108,0.07199,0.059158,-0.934917,-0.454825,-1.441623,-0.37237,1.559452,0.4039,-0.540167,0.574358,0.461954,-1.138404,-1.397523,0.656806,0.263643,-0.067377,-0.812136,-0.513596
2026-03-27T18:23:54.339460+00:00,8.973286,1774635834339459800,-0.107027,0.484715,0.917479,0.079091,0.055498,-0.867927,-0.423486,-1.439071,-0.371836,1.56044,0.400758,-0.537375,0.578235,0.466214,-1.139187,-1.397799,0.657756,0.263878,-0.066439,-0.811294,-0.511062
2026-03-27T18:23:54.356510+00:00,8.990336,1774635834356510400,-0.10663,0.484374,0.91776,0.080724,0.056144,-0.868411,-0.424862,-1.436585,-0.371884,1.561566,0.399039,-0.534079,0.576557,0.470831,-1.140098,-1.398232,0.658491,0.263734,-0.065682,-0.814391,-0.512133
2026-03-27T18:23:54.373668+00:00,9.007494,1774635834373668300,-0.105929,0.483939,0.918101,0.080309,0.059302,-0.902979,-0.44311,-1.434071,-0.372077,1.56255,0.399013,-0.531399,0.575884,0.474408,-1.140831,-1.398606,0.65905,0.26348,-0.064584,-0.816038,-0.51078
2026-03-27T18:23:54.391071+00:00,9.024896,1774635834391070600,-0.105292,0.483511,0.918371,0.08302,0.059969,-0.901497,-0.443951,-1.431664,-0.371781,1.563266,0.400002,-0.528144,0.578473,0.474363,-1.141715,-1.399109,0.659429,0.26206,-0.06422,-0.817565,-0.510758
2026-03-27T18:23:54.407952+00:00,9.041778,1774635834407952000,-0.104269,0.483017,0.918678,0.088897,0.059165,-0.882331,-0.436489,-1.429565,-0.371456,1.563849,0.401214,-0.52481,0.583187,0.473431,-1.142499,-1.399679,0.659629,0.261501,-0.064009,-0.81638,-0.509344
2026-03-27T18:23:54.424835+00:00,9.058661,1774635834424834800,-0.103306,0.482484,0.918909,0.092577,0.059966,-0.88411,-0.439255,-1.427669,-0.370961,1.564459,0.402577,-0.520786,0.585624,0.472828,-1.143303,-1.400585,0.659736,0.260167,-0.061945,-0.816602,-0.508383
2026-03-27T18:23:54.441881+00:00,9.075707,1774635834441881200,-0.102198,0.48191,0.919224,0.095885,0.061046,-0.889591,-0.443787,-1.426224,-0.370574,1.564949,0.40298,-0.517744,0.587989,0.473473,-1.143998,-1.401507,0.659749,0.257205,-0.060519,-0.821641,-0.510843
2026-03-27T18:23:54.458754+00:00,9.092579,1774635834458753700,-0.101156,0.481345,0.919432,0.097925,0.062834,-0.905673,-0.453868,-1.425179,-0.370406,1.565368,0.403684,-0.516106,0.589982,0.473611,-1.144821,-1.402374,0.659676,0.257045,-0.058484,-0.816626,-0.506727
2026-03-27T18:23:54.475760+00:00,9.109586,1774635834475760200,-0.100085,0.480832,0.91972,0.105238,0.061262,-0.874021,-0.439985,-1.424656,-0.370334,1.565591,0.403988,-0.516563,0.588168,0.474572,-1.145513,-1.40318,0.659286,0.254455,-0.057302,-0.82074,-0.506772
2026-03-27T18:23:54.492942+00:00,9.126767,1774635834492941600,-0.09906,0.480325,0.919931,0.108191,0.062168,-0.879596,-0.444565,-1.424421,-0.370609,1.565832,0.402408,-0.519549,0.584416,0.477768,-1.146141,-1.403984,0.658845,0.252314,-0.05617,-0.821862,-0.507632
2026-03-27T18:23:54.509966+00:00,9.143792,1774635834509966000,-0.098029,0.479863,0.920171,0.112194,0.062379,-0.875214,-0.443986,-1.424374,-0.371582,1.565921,0.400083,-0.523478,0.577623,0.481478,-1.146722,-1.404798,0.658445,0.250288,-0.05514,-0.822092,-0.508373
2026-03-27T18:23:54.527253+00:00,9.161079,1774635834527253600,-0.097072,0.479402,0.920351,0.11581,0.062735,-0.872051,-0.443869,-1.424774,-0.372697,1.565859,0.396973,-0.529974,0.57146,0.485164,-1.146767,-1.405716,0.657722,0.248265,-0.055613,-0.82062,-0.509684
2026-03-27T18:23:54.544083+00:00,9.177908,1774635834544082600,-0.096098,0.478963,0.920534,0.115479,0.065009,-0.89623,-0.457449,-1.425366,-0.372898,1.565742,0.399212,-0.533176,0.570618,0.480627,-1.146888,-1.406542,0.65703,0.246206,-0.055448,-0.820687,-0.510582
2026-03-27T18:23:54.561101+00:00,9.194927,1774635834561101200,-0.095221,0.478549,0.920679,0.11868,0.065062,-0.891921,-0.456692,-1.426095,-0.373201,1.565464,0.400129,-0.536075,0.567138,0.478924,-1.146866,-1.407251,0.655953,0.243543,-0.055805,-0.821516,-0.513289
2026-03-27T18:23:54.578372+00:00,9.212197,1774635834578371600,-0.094336,0.478184,0.920858,0.123551,0.063785,-0.873797,-0.448779,-1.426966,-0.373452,1.56544,0.399832,-0.539442,0.565415,0.480347,-1.146875,-1.407649,0.654911,0.242182,-0.056028,-0.818544,-0.511181
2026-03-27T18:23:54.595386+00:00,9.229212,1774635834595385900,-0.093438,0.477792,0.921042,0.12298,0.0652,-0.894714,-0.460441,-1.427785,-0.373666,1.565453,0.400368,-0.541197,0.562406,0.480293,-1.146826,-1.408122,0.653499,0.239863,-0.057586,-0.82244,-0.511951
2026-03-27T18:23:54.612437+00:00,9.246263,1774635834612437500,-0.092676,0.477427,0.921223,0.1283,0.063566,-0.871709,-0.449685,-1.428635,-0.373869,1.565469,0.400556,-0.543335,0.559889,0.480886,-1.146428,-1.408524,0.651927,0.238483,-0.060154,-0.825732,-0.510159
2026-03-27T18:23:54.629619+00:00,9.263444,1774635834629618700,-0.091832,0.477016,0.92137,0.128102,0.064917,-0.888385,-0.459506,-1.42926,-0.374063,1.565513,0.400014,-0.545541,0.559081,0.482095,-1.145638,-1.408685,0.650483,0.239237,-0.064167,-0.824083,-0.505838
2026-03-27T18:23:54.646591+00:00,9.280417,1774635834646591300,-0.091085,0.476599,0.921475,0.132237,0.064252,-0.874888,-0.453878,-1.429833,-0.374246,1.565631,0.400657,-0.544956,0.556151,0.481932,-1.144646,-1.408894,0.649108,0.238552,-0.070489,-0.830253,-0.50693
2026-03-27T18:23:54.663576+00:00,9.297401,1774635834663575500,-0.09041,0.476232,0.921498,0.135217,0.064377,-0.869597,-0.452665,-1.43035,-0.374394,1.565915,0.400421,-0.545801,0.555346,0.482938,-1.14343,-1.409062,0.647799,0.240532,-0.077418,-0.82726,-0.503086
2026-03-27T18:23:54.680597+00:00,9.314423,1774635834680597300,-0.08969,0.475872,0.921424,0.134954,0.06607,-0.884941,-0.461966,-1.430752,-0.374489,1.56622,0.400587,-0.54579,0.554158,0.4838,-1.142087,-1.409196,0.646392,0.241251,-0.085207,-0.827743,-0.50192
2026-03-27T18:23:54.697665+00:00,9.331491,1774635834697665000,-0.08896,0.475417,0.921379,0.137443,0.066317,-0.881159,-0.461509,-1.430934,-0.374589,1.566718,0.400714,-0.545688,0.553346,0.485053,-1.14067,-1.409373,0.644886,0.241118,-0.093058,-0.827447,-0.501605
2026-03-27T18:23:54.714655+00:00,9.348481,1774635834714655000,-0.08823,0.475,0.921353,0.138553,0.066921,-0.885186,-0.464783,-1.431016,-0.374652,1.567183,0.400492,-0.545102,0.553254,0.4866,-1.139238,-1.409576,0.643248,0.241594,-0.099711,-0.823185,-0.496972
2026-03-27T18:23:54.731783+00:00,9.365609,1774635834731783400,-0.087571,0.474622,0.92128,0.141612,0.066433,-0.875049,-0.460551,-1.43096,-0.374685,1.567805,0.400408,-0.544058,0.553641,0.488059,-1.137879,-1.409898,0.641478,0.238748,-0.106868,-0.82817,-0.499172
2026-03-27T18:23:54.748556+00:00,9.382382,1774635834748556400,-0.086715,0.474108,0.921316,0.142137,0.066894,-0.879999,-0.464029,-1.430867,-0.374725,1.56834,0.400639,-0.542075,0.553467,0.489391,-1.136749,-1.409889,0.639774,0.238647,-0.111497,-0.827285,-0.490928
2026-03-27T18:23:54.765743+00:00,9.399569,1774635834765742800,-0.086015,0.473796,0.921345,0.143704,0.066696,-0.879605,-0.464518,-1.430792,-0.374845,1.568985,0.400856,-0.539683,0.553761,0.490311,-1.135421,-1.409924,0.638337,0.236668,-0.118612,-0.833724,-0.490795
2026-03-27T18:23:54.782622+00:00,9.416447,1774635834782621600,-0.085348,0.473529,0.92125,0.145363,0.066294,-0.877306,-0.464131,-1.430515,-0.374818,1.569588,0.401378,-0.537781,0.553472,0.491332,-1.133933,-1.409722,0.637396,0.238074,-0.126469,-0.831454,-0.486766
2026-03-27T18:23:54.799761+00:00,9.433587,1774635834799761000,-0.084657,0.473289,0.921065,0.146923,0.065911,-0.875193,-0.463806,-1.430275,-0.374751,1.570089,0.400435,-0.537453,0.555094,0.493503,-1.132043,-1.409515,0.636997,0.239903,-0.137406,-0.832007,-0.485943
2026-03-27T18:23:54.816943+00:00,9.450769,1774635834816942800,-0.083998,0.473094,0.920758,0.148454,0.065543,-0.87323,-0.463546,-1.430145,-0.3747,1.570546,0.401248,-0.535284,0.554291,0.493914,-1.129648,-1.408998,0.636853,0.243114,-0.150948,-0.829833,-0.485752
2026-03-27T18:23:54.834191+00:00,9.468016,1774635834834190500,-0.083312,0.472959,0.92042,0.150774,0.064824,-0.867618,-0.461076,-1.430032,-0.374684,1.571027,0.4014,-0.534569,0.554377,0.495076,-1.126626,-1.4081,0.636748,0.24831,-0.16626,-0.821897,-0.483412
2026-03-27T18:23:54.851048+00:00,9.484873,1774635834851047300,-0.082594,0.472852,0.920079,0.151165,0.064756,-0.874119,-0.464538,-1.430006,-0.374672,1.571339,0.401187,-0.534901,0.554914,0.496388,-1.123354,-1.407233,0.637065,0.252549,-0.18329,-0.818243,-0.483282
2026-03-27T18:23:54.868255+00:00,9.502081,1774635834868254800,-0.081863,0.472777,0.91971,0.152831,0.06421,-0.873775,-0.464552,-1.430072,-0.374672,1.571629,0.401492,-0.534476,0.554444,0.497119,-1.120026,-1.406342,0.637473,0.257017,-0.200415,-0.813259,-0.482524
2026-03-27T18:23:54.885136+00:00,9.518961,1774635834885135500,-0.081155,0.472713,0.919404,0.155754,0.063471,-0.865453,-0.460605,-1.429917,-0.374646,1.571856,0.401892,-0.534119,0.553256,0.496942,-1.115624,-1.405651,0.637745,0.262828,-0.221638,-0.805655,-0.481835
2026-03-27T18:23:54.902184+00:00,9.53601,1774635834902184500,-0.080497,0.472616,0.919049,0.157119,0.063281,-0.865243,-0.460764,-1.430015,-0.374668,1.571889,0.401894,-0.534152,0.553,0.497189,-1.11166,-1.404938,0.63786,0.268118,-0.241129,-0.799069,-0.480174
2026-03-27T18:23:54.919387+00:00,9.553213,1774635834919386900,-0.079841,0.472523,0.918768,0.15706,0.063663,-0.871699,-0.46419,-1.430032,-0.374674,1.571896,0.401792,-0.534211,0.553101,0.497097,-1.107676,-1.404317,0.637834,0.273411,-0.260253,-0.79136,-0.477561
2026-03-27T18:23:54.936426+00:00,9.570252,1774635834936426300,-0.079268,0.472413,0.918506,0.158261,0.063199,-0.870175,-0.463678,-1.430038,-0.374624,1.571989,0.401928,-0.534216,0.552323,0.496728,-1.103727,-1.40393,0.637812,0.277614,-0.279849,-0.785718,-0.476178
2026-03-27T18:23:54.953565+00:00,9.58739,1774635834953564600,-0.078724,0.472275,0.918223,0.160404,0.062328,-0.862919,-0.46034,-1.43009,-0.374598,1.57194,0.401872,-0.534444,0.552045,0.496005,-1.099964,-1.403452,0.637334,0.282296,-0.298378,-0.778617,-0.473855
2026-03-27T18:23:54.970628+00:00,9.604454,1774635834970628000,-0.078196,0.472103,0.917959,0.159847,0.062527,-0.870056,-0.464424,-1.430099,-0.374601,1.571755,0.40115,-0.535932,0.553522,0.496369,-1.096326,-1.402993,0.636948,0.28675,-0.315084,-0.772348,-0.4718
2026-03-27T18:23:54.987664+00:00,9.62149,1774635834987664300,-0.077717,0.471963,0.917717,0.161893,0.061819,-0.862661,-0.460978,-1.43011,-0.374591,1.571546,0.401098,-0.536498,0.553613,0.495903,-1.092999,-1.402504,0.636304,0.291228,-0.330976,-0.765672,-0.469028
2026-03-27T18:23:55.004725+00:00,9.638551,1774635835004725000,-0.077218,0.471824,0.917459,0.161665,0.06202,-0.868076,-0.464275,-1.430096,-0.374587,1.571324,0.401026,-0.536592,0.554244,0.495453,-1.089979,-1.402002,0.635549,0.295765,-0.344025,-0.758287,-0.464849
2026-03-27T18:23:55.021995+00:00,9.65582,1774635835021994700,-0.07677,0.471749,0.917286,0.164075,0.061314,-0.859864,-0.459982,-1.430024,-0.374573,1.57111,0.40127,-0.53631,0.554442,0.49437,-1.087055,-1.401535,0.634794,0.299009,-0.357254,-0.753612,-0.462059
2026-03-27T18:23:55.038948+00:00,9.672774,1774635835038948200,-0.076303,0.471647,0.917078,0.163453,0.061736,-0.867136,-0.464135,-1.429893,-0.37457,1.570924,0.401217,-0.536444,0.555016,0.493934,-1.084523,-1.401069,0.633949,0.301974,-0.368409,-0.748458,-0.459441
2026-03-27T18:23:55.055916+00:00,9.689742,1774635835055916200,-0.075867,0.471546,0.916933,0.163484,0.061819,-0.870174,-0.4658,-1.429817,-0.374561,1.57071,0.401496,-0.536971,0.554948,0.493192,-1.082073,-1.40062,0.633146,0.304201,-0.379524,-0.745175,-0.457728
2026-03-27T18:23:55.074067+00:00,9.707893,1774635835074067500,-0.075421,0.471456,0.916737,0.165512,0.06118,-0.863267,-0.462662,-1.42972,-0.374558,1.570572,0.40147,-0.53794,0.555312,0.49301,-1.079612,-1.400125,0.632262,0.307047,-0.390403,-0.74006,-0.454938
2026-03-27T18:23:55.090724+00:00,9.72455,1774635835090724400,-0.074985,0.471355,0.916594,0.166942,0.06064,-0.859387,-0.460831,-1.429654,-0.374536,1.570451,0.401626,-0.537913,0.555006,0.492219,-1.077354,-1.399393,0.631332,0.310352,-0.398553,-0.737017,-0.450526
2026-03-27T18:23:55.107702+00:00,9.741528,1774635835107702200,-0.074523,0.471277,0.916454,0.16638,0.0609,-0.865794,-0.464528,-1.429633,-0.374535,1.570325,0.402223,-0.537459,0.554519,0.491277,-1.074988,-1.398629,0.630281,0.312809,-0.408238,-0.733777,-0.446598
2026-03-27T18:23:55.124720+00:00,9.758546,1774635835124719800,-0.074155,0.471206,0.916333,0.166466,0.060983,-0.868731,-0.46612,-1.42959,-0.374529,1.570232,0.401867,-0.53842,0.555009,0.49147,-1.072616,-1.39786,0.629197,0.316024,-0.416613,-0.727663,-0.441176
2026-03-27T18:23:55.141805+00:00,9.775631,1774635835141805300,-0.073798,0.47112,0.91624,0.16585,0.061309,-0.874682,-0.469569,-1.429575,-0.374529,1.570144,0.402166,-0.53804,0.554583,0.490855,-1.069997,-1.397192,0.628187,0.317699,-0.427833,-0.725302,-0.438271
2026-03-27T18:23:55.158873+00:00,9.792699,1774635835158873200,-0.073534,0.471057,0.916172,0.168485,0.060362,-0.862688,-0.463407,-1.429563,-0.374525,1.57007,0.402205,-0.538514,0.554051,0.490823,-1.067462,-1.396575,0.627159,0.321225,-0.436494,-0.717768,-0.43392
2026-03-27T18:23:55.176008+00:00,9.809834,1774635835176008500,-0.073229,0.470961,0.916112,0.16785,0.060664,-0.867934,-0.466482,-1.429552,-0.374528,1.570038,0.402488,-0.538052,0.553668,0.490266,-1.064816,-1.396029,0.626137,0.322684,-0.447353,-0.714896,-0.431902
2026-03-27T18:23:55.192915+00:00,9.826741,1774635835192915500,-0.072995,0.47085,0.91607,0.167191,0.060964,-0.872659,-0.469282,-1.429545,-0.374529,1.57,0.402455,-0.538063,0.553706,0.490238,-1.062417,-1.395404,0.625078,0.325065,-0.455448,-0.708499,-0.427721
2026-03-27T18:23:55.210025+00:00,9.843851,1774635835210024900,-0.072814,0.47076,0.916051,0.169028,0.060379,-0.86335,-0.464796,-1.429507,-0.374533,1.569993,0.401821,-0.538633,0.554748,0.490775,-1.060046,-1.394761,0.624034,0.326456,-0.46389,-0.704151,-0.424198
2026-03-27T18:23:55.227026+00:00,9.860851,1774635835227025400,-0.072632,0.470642,0.916028,0.168353,0.060712,-0.867478,-0.4673,-1.429544,-0.374541,1.569957,0.401718,-0.538691,0.554743,0.490803,-1.057913,-1.39416,0.623001,0.327296,-0.472025,-0.701499,-0.421975
2026-03-27T18:23:55.244077+00:00,9.877903,1774635835244076800,-0.072447,0.470529,0.916009,0.167644,0.061166,-0.871831,-0.469919,-1.429571,-0.374529,1.569947,0.401715,-0.538917,0.553827,0.490472,-1.055863,-1.393579,0.622048,0.329173,-0.478517,-0.696656,-0.418526
2026-03-27T18:23:55.261103+00:00,9.894928,1774635835261102500,-0.072302,0.47044,0.915996,0.169421,0.060791,-0.863438,-0.465913,-1.429598,-0.374535,1.569902,0.401071,-0.540132,0.554303,0.49088,-1.053858,-1.393011,0.621087,0.330496,-0.485546,-0.692851,-0.415717
2026-03-27T18:23:55.278141+00:00,9.911967,1774635835278141200,-0.072145,0.47033,0.915985,0.169553,0.061014,-0.863261,-0.466174,-1.429749,-0.374572,1.569835,0.401438,-0.540367,0.553243,0.49017,-1.052076,-1.392676,0.62027,0.331618,-0.490447,-0.690405,-0.414519
2026-03-27T18:23:55.297498+00:00,9.931323,1774635835297497600,-0.071965,0.47021,0.915976,0.168852,0.061413,-0.867617,-0.468761,-1.429946,-0.374616,1.569683,0.401697,-0.540309,0.551888,0.489174,-1.050285,-1.392289,0.619358,0.332796,-0.496966,-0.68787,-0.412707
2026-03-27T18:23:55.313019+00:00,9.946845,1774635835313019000,-0.071811,0.470118,0.915956,0.169802,0.061265,-0.863726,-0.467124,-1.430138,-0.374677,1.569548,0.401067,-0.542367,0.552583,0.489641,-1.048567,-1.391903,0.618491,0.334197,-0.502588,-0.684461,-0.410413
2026-03-27T18:23:55.329993+00:00,9.963819,1774635835329993500,-0.071642,0.470013,0.915933,0.168865,0.061741,-0.86901,-0.469997,-1.4303,-0.374752,1.5694,0.401053,-0.543528,0.551864,0.489353,-1.046865,-1.391369,0.617545,0.338431,-0.505703,-0.681018,-0.40472
2026-03-27T18:23:55.347039+00:00,9.980864,1774635835347038700,-0.071494,0.469948,0.915955,0.168968,0.061922,-0.869682,-0.470453,-1.430423,-0.374812,1.569196,0.40099,-0.544162,0.551928,0.488913,-1.045221,-1.390858,0.616602,0.341228,-0.510264,-0.67864,-0.40067
2026-03-27T18:23:55.364140+00:00,9.997966,1774635835364140400,-0.071377,0.469907,0.915976,0.170729,0.061553,-0.861476,-0.466515,-1.430516,-0.374852,1.569008,0.401603,-0.543869,0.550606,0.487647,-1.043052,-1.390376,0.61547,0.34446,-0.518909,-0.674814,-0.395464
2026-03-27T18:23:55.381133+00:00,10.014958,1774635835381132600,-0.071246,0.469859,0.916031,0.170595,0.061967,-0.862591,-0.467136,-1.430555,-0.374896,1.568802,0.401536,-0.544778,0.551049,0.487527,-1.040631,-1.390218,0.614528,0.345699,-0.529452,-0.668621,-0.393308
2026-03-27T18:23:55.398211+00:00,10.032037,1774635835398211400,-0.071149,0.469803,0.916101,0.170437,0.06236,-0.86321,-0.467482,-1.430572,-0.374912,1.568608,0.401491,-0.545391,0.551147,0.487068,-1.037879,-1.390271,0.613784,0.34855,-0.54139,-0.656784,-0.391794
2026-03-27T18:23:55.415246+00:00,10.049072,1774635835415246700,-0.071062,0.469731,0.916173,0.169603,0.062951,-0.86663,-0.46961,-1.430597,-0.374923,1.568383,0.401747,-0.545952,0.551175,0.48628,-1.035015,-1.390699,0.613082,0.350704,-0.554064,-0.645566,-0.390807
2026-03-27T18:23:55.432245+00:00,10.06607,1774635835432244700,-0.070981,0.46964,0.916238,0.168827,0.06343,-0.869917,-0.471699,-1.430619,-0.374929,1.56818,0.401972,-0.546497,0.551198,0.485547,-1.031565,-1.392174,0.612743,0.354776,-0.57179,-0.627123,-0.392721
2026-03-27T18:23:55.449228+00:00,10.083053,1774635835449227400,-0.070935,0.469569,0.916309,0.170545,0.062975,-0.860017,-0.466864,-1.430611,-0.374928,1.567974,0.401888,-0.547097,0.551336,0.485105,-1.028389,-1.393614,0.612385,0.358894,-0.587272,-0.609482,-0.393698
2026-03-27T18:23:55.466309+00:00,10.100135,1774635835466309000,-0.070859,0.46947,0.916378,0.170445,0.063104,-0.859117,-0.466391,-1.430583,-0.374942,1.567802,0.401793,-0.548003,0.551764,0.485049,-1.025221,-1.395643,0.612057,0.364373,-0.600429,-0.589873,-0.395055
2026-03-27T18:23:55.483381+00:00,10.117207,1774635835483380900,-0.070749,0.46936,0.916408,0.169654,0.063498,-0.862591,-0.468656,-1.430572,-0.374948,1.567635,0.402101,-0.547871,0.551278,0.484225,-1.022258,-1.397704,0.611752,0.367533,-0.615297,-0.572771,-0.397095
2026-03-27T18:23:55.500835+00:00,10.134661,1774635835500835400,-0.070596,0.46927,0.916446,0.169157,0.063619,-0.865713,-0.470401,-1.430604,-0.374948,1.567526,0.402326,-0.548431,0.550355,0.483506,-1.019747,-1.399973,0.611315,0.369389,-0.62618,-0.556169,-0.398868
2026-03-27T18:23:55.518075+00:00,10.1519,1774635835518074500,-0.070386,0.46917,0.91647,0.168543,0.063872,-0.869724,-0.472768,-1.43061,-0.374968,1.567425,0.402585,-0.548675,0.549871,0.483342,-1.017632,-1.402214,0.610796,0.370445,-0.637782,-0.544728,-0.40155
2026-03-27T18:23:55.534931+00:00,10.168757,1774635835534931200,-0.070198,0.469093,0.916496,0.170242,0.063423,-0.861496,-0.468715,-1.430647,-0.375004,1.567368,0.402877,-0.549095,0.549294,0.483063,-1.015789,-1.404321,0.610515,0.372895,-0.644637,-0.532525,-0.401966
2026-03-27T18:23:55.552209+00:00,10.186035,1774635835552209400,-0.069965,0.468976,0.916489,0.169529,0.063869,-0.865773,-0.471308,-1.430727,-0.375041,1.567332,0.402201,-0.551027,0.54964,0.483909,-1.014512,-1.406261,0.610241,0.373572,-0.648811,-0.52534,-0.40391
2026-03-27T18:23:55.569151+00:00,10.202976,1774635835569150600,-0.06974,0.468857,0.916472,0.168831,0.064242,-0.869991,-0.473862,-1.430891,-0.375076,1.567306,0.402571,-0.551042,0.54809,0.483745,-1.013517,-1.407987,0.610188,0.374605,-0.652249,-0.520471,-0.405845
2026-03-27T18:23:55.586092+00:00,10.219917,1774635835586091400,-0.069574,0.468778,0.916465,0.170649,0.06349,-0.860178,-0.469021,-1.431079,-0.375123,1.567308,0.402323,-0.551973,0.547907,0.484377,-1.012876,-1.409563,0.610177,0.376782,-0.652339,-0.515941,-0.407141
2026-03-27T18:23:55.603226+00:00,10.237052,1774635835603226300,-0.06938,0.468696,0.916457,0.170599,0.063437,-0.859566,-0.468689,-1.431287,-0.375178,1.567327,0.402761,-0.55232,0.546658,0.484505,-1.012457,-1.411213,0.610391,0.378127,-0.651528,-0.512207,-0.410346
2026-03-27T18:23:55.620176+00:00,10.254002,1774635835620175800,-0.069212,0.468622,0.916413,0.17042,0.063269,-0.858221,-0.467988,-1.431471,-0.375226,1.567352,0.403201,-0.552665,0.545428,0.484624,-1.012239,-1.412983,0.611079,0.378004,-0.651271,-0.509139,-0.415392
2026-03-27T18:23:55.636992+00:00,10.270818,1774635835636991900,-0.069029,0.468549,0.916366,0.169904,0.063259,-0.85904,-0.468634,-1.431622,-0.375276,1.567393,0.403591,-0.553269,0.544664,0.485025,-1.012311,-1.414978,0.612109,0.377653,-0.649301,-0.506283,-0.422802
2026-03-27T18:23:55.654367+00:00,10.288193,1774635835654367500,-0.068783,0.46846,0.916231,0.167234,0.063861,-0.870904,-0.474869,-1.431739,-0.375321,1.567513,0.404025,-0.553037,0.543957,0.485201,-1.012496,-1.417041,0.613147,0.377772,-0.647293,-0.503081,-0.429543
2026-03-27T18:23:55.671301+00:00,10.305126,1774635835671300700,-0.068504,0.468404,0.916086,0.167728,0.063411,-0.867596,-0.473026,-1.431836,-0.37539,1.567755,0.404706,-0.552754,0.543041,0.485494,-1.013131,-1.418988,0.614442,0.381005,-0.6415,-0.501381,-0.435891
2026-03-27T18:23:55.688329+00:00,10.322155,1774635835688329000,-0.068171,0.46835,0.915884,0.167805,0.063059,-0.866494,-0.472435,-1.43188,-0.375431,1.568045,0.405065,-0.553295,0.543,0.486201,-1.014192,-1.420539,0.615684,0.383832,-0.637009,-0.503652,-0.441254
2026-03-27T18:23:55.705373+00:00,10.339199,1774635835705372900,-0.067791,0.468302,0.915653,0.167236,0.062946,-0.869459,-0.4743,-1.43189,-0.37545,1.568327,0.406169,-0.552014,0.541749,0.485855,-1.015279,-1.421232,0.616781,0.386118,-0.630504,-0.508073,-0.442958
2026-03-27T18:23:55.723523+00:00,10.357348,1774635835723522700,-0.06737,0.468273,0.915415,0.167339,0.0627,-0.869611,-0.474387,-1.431837,-0.375476,1.568591,0.407254,-0.550915,0.541673,0.486044,-1.016236,-1.421498,0.617873,0.386714,-0.625421,-0.511759,-0.444089
2026-03-27T18:23:55.739471+00:00,10.373297,1774635835739470800,-0.066998,0.468244,0.915182,0.167451,0.06245,-0.869537,-0.474339,-1.431598,-0.375429,1.568832,0.407942,-0.549992,0.542264,0.486117,-1.016838,-1.421552,0.618937,0.387082,-0.622153,-0.514401,-0.446088
2026-03-27T18:23:55.756598+00:00,10.390424,1774635835756598200,-0.066616,0.468234,0.914949,0.167509,0.062116,-0.869256,-0.474177,-1.43123,-0.375295,1.569059,0.408793,-0.548944,0.542642,0.486169,-1.017385,-1.421581,0.620101,0.38785,-0.618581,-0.51629,-0.448199
2026-03-27T18:23:55.773671+00:00,10.407496,1774635835773670600,-0.066267,0.468223,0.914729,0.167557,0.061815,-0.868223,-0.473621,-1.430754,-0.375166,1.569235,0.409044,-0.548148,0.544188,0.486397,-1.017294,-1.421503,0.621121,0.392397,-0.614935,-0.513998,-0.448505
2026-03-27T18:23:55.790723+00:00,10.424549,1774635835790723400,-0.065964,0.468217,0.914512,0.167544,0.061652,-0.867304,-0.473143,-1.430273,-0.375022,1.56938,0.410362,-0.546263,0.544264,0.485714,-1.017194,-1.421546,0.621953,0.396634,-0.613216,-0.513982,-0.449033
2026-03-27T18:23:55.807789+00:00,10.441615,1774635835807789200,-0.065685,0.468217,0.914281,0.167605,0.061251,-0.865706,-0.472268,-1.429789,-0.374884,1.569514,0.41081,-0.545555,0.545456,0.485803,-1.017175,-1.421707,0.622627,0.39992,-0.613058,-0.511494,-0.450113
2026-03-27T18:23:55.824943+00:00,10.458769,1774635835824943300,-0.065435,0.468206,0.914033,0.167018,0.061255,-0.868232,-0.473883,-1.4293,-0.374729,1.569595,0.411457,-0.545333,0.546157,0.485353,-1.017068,-1.421903,0.623062,0.403523,-0.612137,-0.508911,-0.449525
2026-03-27T18:23:55.842093+00:00,10.475919,1774635835842093400,-0.065185,0.468167,0.913801,0.167363,0.06072,-0.865258,-0.472278,-1.428848,-0.374609,1.569657,0.411613,-0.545092,0.547526,0.485448,-1.016812,-1.422017,0.623542,0.406061,-0.611443,-0.509013,-0.449195
2026-03-27T18:23:55.859006+00:00,10.492832,1774635835859005800,-0.064988,0.468213,0.913576,0.168182,0.060017,-0.860411,-0.469422,-1.428485,-0.374461,1.569673,0.41283,-0.543151,0.547055,0.484102,-1.016582,-1.422036,0.624117,0.408835,-0.608289,-0.509399,-0.448449
2026-03-27T18:23:55.875723+00:00,10.509549,1774635835875722900,-0.064824,0.468287,0.913375,0.168158,0.059566,-0.859515,-0.468827,-1.428202,-0.374349,1.569673,0.412445,-0.543619,0.548074,0.484254,-1.016496,-1.422253,0.624752,0.405291,-0.609008,-0.510323,-0.4523
2026-03-27T18:23:55.892710+00:00,10.526535,1774635835892709700,-0.064661,0.468344,0.91321,0.166363,0.059876,-0.867784,-0.472792,-1.42806,-0.374261,1.569662,0.412026,-0.544089,0.547755,0.483898,-1.01693,-1.422753,0.625416,0.403167,-0.608549,-0.51017,-0.454983
2026-03-27T18:23:55.909607+00:00,10.543433,1774635835909606800,-0.064573,0.468413,0.913066,0.166399,0.059525,-0.866137,-0.471866,-1.428091,-0.374223,1.569475,0.41131,-0.545398,0.545395,0.483983,-1.017432,-1.422789,0.626112,0.40133,-0.606479,-0.512204,-0.456839
2026-03-27T18:23:55.927178+00:00,10.561004,1774635835927177900,-0.064514,0.46847,0.912973,0.16717,0.058805,-0.860219,-0.468415,-1.428476,-0.374321,1.569025,0.409102,-0.550825,0.542257,0.485031,-1.018388,-1.422904,0.627107,0.400797,-0.603328,-0.514362,-0.458292
2026-03-27T18:23:55.943750+00:00,10.577576,1774635835943749900,-0.064441,0.468473,0.912914,0.164718,0.059353,-0.872191,-0.47469,-1.429646,-0.374725,1.568331,0.405727,-0.559216,0.535851,0.485535,-1.019727,-1.422987,0.627977,0.398722,-0.604256,-0.513839,-0.461805
2026-03-27T18:23:55.960790+00:00,10.594615,1774635835960789700,-0.064411,0.468509,0.9129,0.165593,0.05879,-0.865522,-0.470877,-1.431309,-0.375239,1.567155,0.401105,-0.571186,0.52689,0.485065,-1.020969,-1.42285,0.62861,0.402784,-0.601498,-0.516324,-0.459063
2026-03-27T18:23:55.977749+00:00,10.611575,1774635835977748800,-0.064423,0.468483,0.912978,0.165317,0.058738,-0.864293,-0.470186,-1.433436,-0.375786,1.565692,0.395546,-0.587021,0.514686,0.482632,-1.021808,-1.422678,0.629057,0.39903,-0.604487,-0.511962,-0.462575
2026-03-27T18:23:55.994876+00:00,10.628702,1774635835994876000,-0.064423,0.468456,0.913041,0.16459,0.05888,-0.865387,-0.471147,-1.435914,-0.376284,1.563815,0.389475,-0.604954,0.501278,0.478854,-1.022534,-1.422145,0.629552,0.399116,-0.604785,-0.510548,-0.462627
2026-03-27T18:23:56.011909+00:00,10.645735,1774635836011909200,-0.064418,0.468436,0.913187,0.163867,0.058995,-0.86661,-0.472077,-1.438613,-0.376652,1.561689,0.382704,-0.625091,0.488431,0.474268,-1.02307,-1.421422,0.629886,0.398472,-0.6055,-0.510039,-0.462807
2026-03-27T18:23:56.028874+00:00,10.6627,1774635836028874200,-0.064396,0.468455,0.913501,0.163543,0.059029,-0.866037,-0.471865,-1.441436,-0.376848,1.559328,0.375786,-0.643805,0.474926,0.467638,-1.023126,-1.420042,0.630021,0.395968,-0.609351,-0.510862,-0.461287
2026-03-27T18:23:56.045955+00:00,10.679781,1774635836045955000,-0.064398,0.468368,0.913898,0.16348,0.058979,-0.864218,-0.470887,-1.444278,-0.376989,1.556859,0.368953,-0.661544,0.461208,0.460606,-1.023181,-1.418622,0.629968,0.393197,-0.612266,-0.50911,-0.458846
2026-03-27T18:23:56.062942+00:00,10.696768,1774635836062942200,-0.064388,0.468264,0.914363,0.162737,0.059128,-0.865487,-0.471829,-1.447006,-0.377123,1.554532,0.361568,-0.680102,0.448467,0.455525,-1.022467,-1.416839,0.629375,0.388664,-0.618472,-0.506888,-0.456855
2026-03-27T18:23:56.080033+00:00,10.713859,1774635836080033100,-0.06437,0.46814,0.914898,0.161978,0.059237,-0.866137,-0.472437,-1.449572,-0.377107,1.552359,0.355532,-0.69369,0.435016,0.448966,-1.021365,-1.414715,0.628604,0.383763,-0.625516,-0.503327,-0.453625
2026-03-27T18:23:56.097032+00:00,10.730858,1774635836097032300,-0.064352,0.468013,0.915523,0.161902,0.05916,-0.863117,-0.470796,-1.451894,-0.376917,1.550358,0.348181,-0.708682,0.425349,0.444734,-1.01982,-1.412284,0.62754,0.37822,-0.635111,-0.500243,-0.451
2026-03-27T18:23:56.114017+00:00,10.747843,1774635836114017000,-0.06433,0.467857,0.916202,0.160717,0.05953,-0.865178,-0.472237,-1.454007,-0.376435,1.548512,0.341716,-0.720313,0.417055,0.43954,-1.017954,-1.409573,0.626535,0.373342,-0.644879,-0.494349,-0.447303
2026-03-27T18:23:56.131009+00:00,10.764835,1774635836131008900,-0.064302,0.467669,0.916928,0.160132,0.059709,-0.863226,-0.471387,-1.455931,-0.375908,1.546815,0.33617,-0.729589,0.409359,0.434063,-1.015804,-1.406715,0.625401,0.36809,-0.655106,-0.489196,-0.444577
2026-03-27T18:23:56.148052+00:00,10.781878,1774635836148052400,-0.064287,0.467435,0.917703,0.159518,0.059847,-0.860849,-0.470298,-1.457686,-0.375324,1.545336,0.331403,-0.736967,0.401521,0.42849,-1.013555,-1.403766,0.624419,0.362462,-0.665089,-0.48262,-0.441539
2026-03-27T18:23:56.165147+00:00,10.798973,1774635836165147300,-0.064224,0.467097,0.918473,0.15764,0.060326,-0.864786,-0.473105,-1.459066,-0.374789,1.544215,0.325005,-0.745579,0.396308,0.425337,-1.011226,-1.400685,0.623348,0.356009,-0.675289,-0.476167,-0.438735
2026-03-27T18:23:56.182112+00:00,10.815938,1774635836182112500,-0.064152,0.466662,0.919209,0.155346,0.060865,-0.871828,-0.477808,-1.46021,-0.374011,1.543356,0.3186,-0.753335,0.391069,0.421967,-1.008956,-1.397571,0.622313,0.349585,-0.684039,-0.469767,-0.435501
2026-03-27T18:23:56.199104+00:00,10.83293,1774635836199103800,-0.064106,0.466197,0.919972,0.156699,0.059902,-0.857613,-0.471023,-1.461208,-0.373343,1.542758,0.312303,-0.760156,0.386407,0.418631,-1.006942,-1.394608,0.621636,0.343427,-0.691657,-0.46527,-0.432838
2026-03-27T18:23:56.216092+00:00,10.849918,1774635836216091900,-0.064045,0.465674,0.920716,0.155175,0.059943,-0.858187,-0.472514,-1.461795,-0.372584,1.542534,0.306495,-0.766818,0.383285,0.416506,-1.005085,-1.391722,0.621097,0.337044,-0.700357,-0.461491,-0.43111
2026-03-27T18:23:56.233087+00:00,10.866913,1774635836233087000,-0.063981,0.465145,0.921473,0.152923,0.060127,-0.863575,-0.476255,-1.462259,-0.371696,1.542461,0.301991,-0.77151,0.380257,0.413536,-1.003322,-1.38887,0.620619,0.330905,-0.707375,-0.457224,-0.429094
2026-03-27T18:23:56.250270+00:00,10.884096,1774635836250270500,-0.063923,0.464616,0.922225,0.150749,0.060223,-0.868468,-0.479947,-1.462579,-0.370823,1.54253,0.298386,-0.774777,0.377376,0.40984,-1.001839,-1.38627,0.620535,0.324248,-0.714153,-0.45395,-0.427389
2026-03-27T18:23:56.267325+00:00,10.901151,1774635836267325500,-0.063892,0.46413,0.92297,0.15111,0.05928,-0.859033,-0.475621,-1.462766,-0.369842,1.542817,0.294351,-0.779193,0.375129,0.407061,-1.00033,-1.383551,0.620386,0.317825,-0.720432,-0.450632,-0.425388
2026-03-27T18:23:56.284302+00:00,10.918128,1774635836284301900,-0.063825,0.463633,0.923683,0.148851,0.059398,-0.865426,-0.479908,-1.462876,-0.368972,1.543585,0.290787,-0.781065,0.372145,0.403501,-0.999353,-1.381188,0.620775,0.313398,-0.722675,-0.446111,-0.421846
2026-03-27T18:23:56.301340+00:00,10.935166,1774635836301340200,-0.063769,0.463186,0.924424,0.147305,0.059216,-0.8669,-0.481214,-1.462865,-0.368084,1.544616,0.285934,-0.78552,0.370117,0.400987,-0.998121,-1.3787,0.621104,0.307932,-0.729251,-0.442417,-0.420861
2026-03-27T18:23:56.318373+00:00,10.952199,1774635836318373200,-0.063698,0.462778,0.925157,0.144958,0.059508,-0.874193,-0.486016,-1.462822,-0.367021,1.545916,0.280671,-0.790486,0.367862,0.398197,-0.996966,-1.376349,0.621587,0.301995,-0.737028,-0.439709,-0.420463
2026-03-27T18:23:56.335378+00:00,10.969204,1774635836335378300,-0.063659,0.462426,0.925937,0.147049,0.057926,-0.854349,-0.47552,-1.462638,-0.366019,1.547312,0.274728,-0.798363,0.366977,0.396877,-0.995858,-1.373903,0.622326,0.296666,-0.742561,-0.435626,-0.418985
2026-03-27T18:23:56.352296+00:00,10.986122,1774635836352296200,-0.063536,0.462055,0.926689,0.145585,0.057799,-0.857283,-0.477688,-1.462528,-0.364934,1.54899,0.27197,-0.79857,0.363146,0.392142,-0.995165,-1.371541,0.623742,0.290577,-0.746398,-0.43212,-0.416286
2026-03-27T18:23:56.369645+00:00,11.00347,1774635836369644500,-0.06335,0.461698,0.927489,0.144158,0.057735,-0.861714,-0.480651,-1.462217,-0.363689,1.551098,0.268045,-0.802679,0.361314,0.389464,-0.994308,-1.369011,0.625083,0.283963,-0.751764,-0.429482,-0.414528
2026-03-27T18:23:56.386402+00:00,11.020228,1774635836386402200,-0.063153,0.461369,0.928275,0.142733,0.057685,-0.866282,-0.483645,-1.46191,-0.362485,1.553158,0.26434,-0.806131,0.359325,0.386634,-0.993458,-1.366554,0.626347,0.277736,-0.756726,-0.42678,-0.412628
2026-03-27T18:23:56.404788+00:00,11.038614,1774635836404788100,-0.062916,0.461028,0.929163,0.141825,0.057694,-0.867883,-0.484875,-1.461377,-0.360817,1.556068,0.258114,-0.811898,0.357758,0.383986,-0.992516,-1.363838,0.62774,0.270843,-0.762139,-0.423764,-0.410498
2026-03-27T18:23:56.421809+00:00,11.055635,1774635836421809400,-0.062728,0.460714,0.930024,0.142915,0.05704,-0.856363,-0.479054,-1.461103,-0.359408,1.558833,0.253313,-0.816516,0.357016,0.381908,-0.991644,-1.361325,0.629024,0.264455,-0.767081,-0.420946,-0.408499
2026-03-27T18:23:56.438800+00:00,11.072626,1774635836438799900,-0.062477,0.460396,0.930949,0.142079,0.057061,-0.857489,-0.479945,-1.460825,-0.357933,1.561936,0.249373,-0.820215,0.356516,0.379835,-0.990768,-1.358806,0.630307,0.258047,-0.771968,-0.418099,-0.406471
2026-03-27T18:23:56.455793+00:00,11.089619,1774635836455793400,-0.0622,0.460104,0.931915,0.141279,0.056919,-0.857688,-0.480318,-1.46056,-0.35646,1.56536,0.246788,-0.821373,0.355643,0.376883,-0.990182,-1.357122,0.631162,0.253757,-0.775201,-0.41618,-0.405101
2026-03-27T18:23:56.472824+00:00,11.106649,1774635836472823700,-0.061873,0.459819,0.93294,0.140473,0.056824,-0.858673,-0.481122,-1.460355,-0.3549,1.569001,0.244583,-0.823595,0.355623,0.374592,-0.990182,-1.357122,0.631162,0.253757,-0.775201,-0.41618,-0.405101
2026-03-27T18:23:56.489961+00:00,11.123787,1774635836489961000,-0.061495,0.459537,0.933992,0.139684,0.056655,-0.85955,-0.481861,-1.460166,-0.353317,1.573053,0.24305,-0.824554,0.355485,0.372163,-0.990182,-1.357122,0.631162,0.253757,-0.775201,-0.41618,-0.405101
2026-03-27T18:23:56.506899+00:00,11.140725,1774635836506899100,-0.061078,0.459253,0.935123,0.139709,0.056183,-0.855998,-0.479888,-1.459998,-0.351695,1.577348,0.241949,-0.824025,0.355288,0.369901,-0.990182,-1.357122,0.631162,0.253757,-0.775201,-0.41618,-0.405101
2026-03-27T18:23:56.524073+00:00,11.157899,1774635836524073600,-0.060575,0.45895,0.936291,0.138907,0.056026,-0.856887,-0.480648,-1.459858,-0.350001,1.582039,0.239474,-0.827048,0.356832,0.369614,-0.990182,-1.357122,0.631162,0.253757,-0.775201,-0.41618,-0.405101
2026-03-27T18:23:56.541034+00:00,11.17486,1774635836541034000,-0.060058,0.458665,0.93756,0.138095,0.05591,-0.857907,-0.48145,-1.45973,-0.34833,1.587022,0.23733,-0.828671,0.357456,0.368176,-0.990182,-1.357122,0.631162,0.253757,-0.775201,-0.41618,-0.405101
2026-03-27T18:23:56.558068+00:00,11.191893,1774635836558067400,-0.059513,0.458416,0.938909,0.138139,0.055374,-0.853568,-0.478987,-1.459664,-0.346642,1.592074,0.235889,-0.827721,0.356626,0.365719,-0.990182,-1.357122,0.631162,0.253757,-0.775201,-0.41618,-0.405101
2026-03-27T18:23:56.575231+00:00,11.209057,1774635836575231200,-0.058867,0.458157,0.940345,0.134806,0.056287,-0.87184,-0.488919,-1.459535,-0.344981,1.597545,0.234767,-0.826361,0.355487,0.363067,-0.990182,-1.357122,0.631162,0.253757,-0.775201,-0.41618,-0.405101
2026-03-27T18:23:56.592183+00:00,11.226009,1774635836592182900,-0.058126,0.457953,0.941877,0.135549,0.055516,-0.86479,-0.485006,-1.459419,-0.343307,1.603104,0.233143,-0.82751,0.355751,0.361806,-0.990182,-1.357122,0.631162,0.253757,-0.775201,-0.41618,-0.405101
2026-03-27T18:23:56.609588+00:00,11.243414,1774635836609588500,-0.057351,0.457714,0.943527,0.135197,0.055208,-0.864929,-0.484917,-1.459158,-0.341581,1.609063,0.2315,-0.828369,0.356211,0.360369,-0.990182,-1.357122,0.631162,0.253757,-0.775201,-0.41618,-0.405101
2026-03-27T18:23:56.626243+00:00,11.260069,1774635836626243000,-0.056493,0.457493,0.945289,0.136624,0.054309,-0.854814,-0.479155,-1.458838,-0.339977,1.615036,0.229284,-0.83274,0.35882,0.360842,-0.987096,-1.336708,0.675921,0.191054,-0.792449,-0.441582,-0.382258
2026-03-27T18:23:56.643372+00:00,11.277197,1774635836643371700,-0.055569,0.457197,0.947169,0.134421,0.054985,-0.868382,-0.4862,-1.458443,-0.338376,1.621216,0.229227,-0.829645,0.358808,0.358174,-0.986546,-1.335244,0.680631,0.186221,-0.790075,-0.4411,-0.378144
2026-03-27T18:23:56.660447+00:00,11.294273,1774635836660447000,-0.054638,0.456896,0.949134,0.134419,0.054873,-0.866742,-0.485266,-1.457904,-0.336757,1.627704,0.228403,-0.830242,0.360917,0.35713,-0.985964,-1.333866,0.685425,0.181923,-0.788476,-0.440525,-0.374044
2026-03-27T18:23:56.677072+00:00,11.310897,1774635836677071500,-0.053698,0.456569,0.951197,0.13526,0.054554,-0.860505,-0.481552,-1.457297,-0.335357,1.634074,0.227536,-0.8309,0.362776,0.356409,-0.985441,-1.332928,0.690167,0.176317,-0.795683,-0.444485,-0.374412
2026-03-27T18:23:56.694173+00:00,11.327999,1774635836694172900,-0.052875,0.45637,0.953317,0.136066,0.054228,-0.853691,-0.477501,-1.456579,-0.333928,1.640898,0.225965,-0.833591,0.365992,0.356593,-0.984902,-1.331953,0.695023,0.171835,-0.797281,-0.445518,-0.372004
2026-03-27T18:23:56.711155+00:00,11.344981,1774635836711154900,-0.051806,0.455947,0.955592,0.132896,0.05547,-0.872904,-0.487958,-1.455792,-0.332674,1.64754,0.226218,-0.831036,0.367296,0.354696,-0.984277,-1.331789,0.699946,0.168102,-0.803066,-0.446923,-0.371176
2026-03-27T18:23:56.728223+00:00,11.362049,1774635836728223000,-0.050554,0.455327,0.957995,0.132811,0.055397,-0.871441,-0.48708,-1.454962,-0.331422,1.654517,0.226867,-0.827618,0.368671,0.352608,-0.983643,-1.331557,0.704869,0.165917,-0.798362,-0.442497,-0.36633
2026-03-27T18:23:56.745561+00:00,11.379387,1774635836745561100,-0.04947,0.454868,0.960525,0.133612,0.054934,-0.863422,-0.48229,-1.454034,-0.330321,1.66178,0.226519,-0.830154,0.372576,0.353295,-0.982885,-1.331641,0.709886,0.162418,-0.802204,-0.442608,-0.364634
2026-03-27T18:23:56.762569+00:00,11.396394,1774635836762568700,-0.0484,0.454428,0.963066,0.134457,0.054318,-0.854652,-0.477122,-1.453056,-0.329458,1.668811,0.227651,-0.826382,0.373667,0.351387,-0.982151,-1.331851,0.714741,0.159018,-0.807349,-0.443582,-0.363805
2026-03-27T18:23:56.779577+00:00,11.413403,1774635836779577400,-0.047285,0.453935,0.965659,0.132634,0.054815,-0.863159,-0.481646,-1.45212,-0.328894,1.675944,0.22809,-0.826528,0.37627,0.350735,-0.981345,-1.3324,0.719616,0.157236,-0.808894,-0.441949,-0.361656
2026-03-27T18:23:56.796590+00:00,11.430416,1774635836796590100,-0.046156,0.453392,0.968347,0.130322,0.055504,-0.87487,-0.487639,-1.451256,-0.328354,1.683255,0.228617,-0.828042,0.379256,0.350267,-0.980724,-1.333082,0.72435,0.156642,-0.805992,-0.438182,-0.358285
2026-03-27T18:23:56.813765+00:00,11.44759,1774635836813764500,-0.045055,0.452876,0.971122,0.131261,0.054616,-0.863553,-0.481086,-1.450424,-0.328134,1.690404,0.230704,-0.824888,0.379238,0.347511,-0.979714,-1.334336,0.729283,0.156488,-0.80578,-0.436022,-0.356531
2026-03-27T18:23:56.830910+00:00,11.464736,1774635836830910300,-0.043932,0.452333,0.973972,0.131812,0.053919,-0.855967,-0.476405,-1.449654,-0.32809,1.697709,0.232161,-0.824422,0.379222,0.345583,-0.978677,-1.335815,0.734164,0.155381,-0.814547,-0.438032,-0.358913
2026-03-27T18:23:56.848023+00:00,11.481849,1774635836848023400,-0.042803,0.451771,0.976826,0.131102,0.053693,-0.856129,-0.476103,-1.448906,-0.328207,1.704988,0.233347,-0.824922,0.379155,0.343709,-0.97768,-1.337445,0.739026,0.156185,-0.815873,-0.435722,-0.358244
2026-03-27T18:23:56.864680+00:00,11.498506,1774635836864680100,-0.041749,0.451106,0.979719,0.12752,0.054507,-0.87225,-0.484565,-1.448143,-0.328447,1.711802,0.234053,-0.82843,0.379861,0.34222,-0.976695,-1.33914,0.743557,0.158141,-0.820104,-0.433423,-0.358633
2026-03-27T18:23:56.881763+00:00,11.515589,1774635836881763300,-0.040721,0.450441,0.982746,0.128458,0.053329,-0.857191,-0.475952,-1.447237,-0.329074,1.718848,0.234998,-0.830862,0.380847,0.341299,-0.975612,-1.341098,0.748149,0.161416,-0.816168,-0.427377,-0.355512
2026-03-27T18:23:56.898720+00:00,11.532546,1774635836898719900,-0.039655,0.449655,0.985784,0.125206,0.0538,-0.871077,-0.483406,-1.44637,-0.329655,1.726071,0.237636,-0.827283,0.379214,0.338207,-0.974581,-1.342923,0.752369,0.164197,-0.818806,-0.425037,-0.354248
2026-03-27T18:23:56.916211+00:00,11.550037,1774635836916211100,-0.038579,0.448778,0.988955,0.124607,0.053009,-0.866282,-0.480802,-1.445236,-0.330463,1.733376,0.239603,-0.82667,0.378976,0.336843,-0.973471,-1.345018,0.756705,0.168845,-0.812649,-0.41795,-0.349265
2026-03-27T18:23:56.933115+00:00,11.566941,1774635836933115000,-0.037563,0.447879,0.992065,0.123691,0.05238,-0.863437,-0.479507,-1.444056,-0.331248,1.740648,0.24112,-0.827678,0.379606,0.336425,-0.972361,-1.347052,0.760619,0.169987,-0.823863,-0.419032,-0.351496
2026-03-27T18:23:56.950139+00:00,11.583964,1774635836950138600,-0.036535,0.446888,0.995242,0.123407,0.051344,-0.855692,-0.47556,-1.442551,-0.332264,1.747844,0.243127,-0.825128,0.379108,0.335554,-0.971016,-1.349125,0.764369,0.173902,-0.824384,-0.413728,-0.348908
2026-03-27T18:23:56.967208+00:00,11.601034,1774635836967208100,-0.03549,0.445771,0.998426,0.121659,0.05093,-0.858787,-0.477767,-1.440943,-0.333288,1.75505,0.245168,-0.822906,0.378284,0.334565,-0.969574,-1.351384,0.768097,0.177562,-0.827302,-0.409895,-0.347401
2026-03-27T18:23:56.984106+00:00,11.617931,1774635836984105600,-0.034428,0.444601,1.001564,0.119966,0.050426,-0.863028,-0.480635,-1.439159,-0.334352,1.762259,0.245803,-0.826744,0.380707,0.336529,-0.968118,-1.353579,0.771645,0.182807,-0.823068,-0.402823,-0.343441
2026-03-27T18:23:57.001259+00:00,11.635085,1774635837001259000,-0.033335,0.443311,1.004737,0.117145,0.050495,-0.876648,-0.489071,-1.437201,-0.33553,1.769448,0.248993,-0.821589,0.380024,0.335294,-0.966636,-1.355983,0.775212,0.187087,-0.824992,-0.398511,-0.342157
2026-03-27T18:23:57.018372+00:00,11.652197,1774635837018371700,-0.032301,0.441989,1.007877,0.117922,0.049134,-0.862792,-0.482423,-1.435057,-0.336719,1.776664,0.250411,-0.824,0.383716,0.337715,-0.965173,-1.358571,0.778529,0.192155,-0.834107,-0.396179,-0.344902
2026-03-27T18:23:57.035742+00:00,11.669567,1774635837035741600,-0.031265,0.4406,1.011031,0.117683,0.048242,-0.856996,-0.480493,-1.432801,-0.337922,1.783884,0.254501,-0.817239,0.383749,0.336726,-0.963662,-1.361118,0.781844,0.199672,-0.832184,-0.388236,-0.343063
2026-03-27T18:23:57.053226+00:00,11.687052,1774635837053225800,-0.030216,0.439164,1.014196,0.115304,0.048291,-0.867796,-0.487641,-1.430391,-0.339142,1.790952,0.257042,-0.816243,0.386407,0.337971,-0.962242,-1.363812,0.785008,0.20824,-0.830217,-0.378541,-0.341701
2026-03-27T18:23:57.069802+00:00,11.703627,1774635837069801600,-0.029268,0.437793,1.01719,0.113434,0.048427,-0.875855,-0.493441,-1.428027,-0.340358,1.79777,0.258214,-0.818144,0.389821,0.340146,-0.960985,-1.366706,0.788075,0.214388,-0.83519,-0.371837,-0.342904
2026-03-27T18:23:57.086803+00:00,11.720629,1774635837086803300,-0.028405,0.436421,1.020247,0.113939,0.047614,-0.864225,-0.487977,-1.4255,-0.341686,1.804399,0.261339,-0.812944,0.390165,0.339441,-0.959799,-1.369655,0.791152,0.220097,-0.838337,-0.363806,-0.343697
2026-03-27T18:23:57.103610+00:00,11.737435,1774635837103609600,-0.027642,0.435068,1.023211,0.114476,0.046791,-0.851139,-0.481577,-1.423037,-0.342889,1.811085,0.263667,-0.810983,0.392161,0.340401,-0.958638,-1.372617,0.794211,0.225945,-0.840296,-0.35531,-0.343872
2026-03-27T18:23:57.120770+00:00,11.754596,1774635837120769800,-0.026876,0.433643,1.026214,0.111281,0.047426,-0.865821,-0.490681,-1.420525,-0.344014,1.817547,0.266664,-0.809256,0.39427,0.341274,-0.957763,-1.375173,0.797269,0.22909,-0.840842,-0.347722,-0.344211
2026-03-27T18:23:57.137800+00:00,11.771625,1774635837137799700,-0.026194,0.432202,1.029103,0.110753,0.046983,-0.859634,-0.488597,-1.41818,-0.344963,1.823949,0.269065,-0.809593,0.39809,0.342702,-0.956866,-1.377508,0.800435,0.234917,-0.839624,-0.340896,-0.344572
2026-03-27T18:23:57.154683+00:00,11.788509,1774635837154683200,-0.025493,0.430751,1.031916,0.107006,0.047922,-0.879037,-0.500835,-1.415904,-0.345769,1.829865,0.272385,-0.804581,0.399461,0.341356,-0.956121,-1.379582,0.80368,0.238853,-0.841523,-0.337404,-0.346855
2026-03-27T18:23:57.171743+00:00,11.805569,1774635837171743500,-0.024829,0.429306,1.03474,0.107581,0.046919,-0.863892,-0.493292,-1.413751,-0.34653,1.835763,0.275047,-0.80169,0.401693,0.340765,-0.955466,-1.381539,0.806982,0.242018,-0.842652,-0.334021,-0.348779
2026-03-27T18:23:57.188794+00:00,11.82262,1774635837188794400,-0.024157,0.427877,1.037494,0.107057,0.046439,-0.858863,-0.491726,-1.411706,-0.34725,1.84151,0.277673,-0.799531,0.404014,0.340771,-0.954898,-1.383086,0.8103,0.245837,-0.839067,-0.329821,-0.348827
2026-03-27T18:23:57.205857+00:00,11.839683,1774635837205856900,-0.023503,0.426474,1.04021,0.10418,0.047063,-0.872717,-0.500768,-1.409775,-0.34783,1.847079,0.279803,-0.797829,0.406285,0.341143,-0.95434,-1.384469,0.813585,0.248272,-0.840171,-0.32859,-0.350823
2026-03-27T18:23:57.223053+00:00,11.856879,1774635837223053400,-0.022879,0.425068,1.042895,0.102903,0.04714,-0.872561,-0.501716,-1.407994,-0.348493,1.852534,0.281419,-0.798498,0.409231,0.342446,-0.953839,-1.385371,0.816845,0.250894,-0.837886,-0.327892,-0.351044
2026-03-27T18:23:57.239938+00:00,11.873763,1774635837239937600,-0.022299,0.423754,1.045406,0.103318,0.046498,-0.858946,-0.495,-1.40632,-0.349183,1.857638,0.284402,-0.795515,0.410685,0.342302,-0.953324,-1.38616,0.819995,0.251579,-0.839651,-0.33009,-0.353302
2026-03-27T18:23:57.257406+00:00,11.891232,1774635837257406500,-0.021667,0.422393,1.047909,0.100367,0.047486,-0.87499,-0.505462,-1.404487,-0.349898,1.862684,0.287085,-0.794241,0.413518,0.342806,-0.952709,-1.386737,0.823267,0.253384,-0.838474,-0.331701,-0.354833
2026-03-27T18:23:57.274036+00:00,11.907861,1774635837274035700,-0.021099,0.421179,1.050198,0.101855,0.046484,-0.853491,-0.494469,-1.402934,-0.350381,1.867133,0.290126,-0.792449,0.416341,0.34285,-0.952117,-1.387386,0.82621,0.255375,-0.836329,-0.332993,-0.355332
2026-03-27T18:23:57.290999+00:00,11.924824,1774635837290998700,-0.020563,0.420052,1.052445,0.102247,0.046057,-0.841514,-0.488554,-1.401532,-0.350902,1.871526,0.293784,-0.78967,0.418938,0.342862,-0.951496,-1.388125,0.829143,0.257307,-0.834686,-0.334532,-0.356312
2026-03-27T18:23:57.308002+00:00,11.941827,1774635837308001700,-0.020055,0.418944,1.054547,0.099216,0.04725,-0.858343,-0.499317,-1.40031,-0.35142,1.875532,0.299535,-0.784065,0.419958,0.342366,-0.950704,-1.389067,0.83189,0.260179,-0.831158,-0.33379,-0.35608
2026-03-27T18:23:57.324816+00:00,11.958642,1774635837324816000,-0.019596,0.417939,1.056515,0.09651,0.048347,-0.872935,-0.508305,-1.399056,-0.351918,1.879356,0.303127,-0.783452,0.422307,0.34378,-0.949892,-1.390165,0.834449,0.262028,-0.83047,-0.333963,-0.357034
2026-03-27T18:23:57.341844+00:00,11.97567,1774635837341844300,-0.019192,0.417015,1.058428,0.099505,0.046702,-0.835976,-0.487771,-1.39801,-0.35253,1.882905,0.307214,-0.779549,0.421756,0.34335,-0.949068,-1.391423,0.836871,0.263118,-0.832851,-0.334367,-0.358388
2026-03-27T18:23:57.358842+00:00,11.992668,1774635837358842300,-0.018715,0.416103,1.060164,0.094284,0.048975,-0.872254,-0.509991,-1.39682,-0.353081,1.886351,0.30963,-0.779066,0.421511,0.344076,-0.948167,-1.393083,0.839099,0.264828,-0.834365,-0.331989,-0.358628
2026-03-27T18:23:57.375668+00:00,12.009494,1774635837375668300,-0.018317,0.415341,1.061782,0.094106,0.048753,-0.865194,-0.505926,-1.395735,-0.353542,1.889623,0.312113,-0.778419,0.421152,0.34501,-0.947224,-1.394908,0.841066,0.267738,-0.832018,-0.328217,-0.356867
2026-03-27T18:23:57.392844+00:00,12.02667,1774635837392844300,-0.017902,0.41467,1.06337,0.095839,0.047512,-0.840959,-0.492527,-1.394732,-0.353856,1.892691,0.314541,-0.777749,0.421071,0.346219,-0.946396,-1.396909,0.842957,0.268904,-0.834212,-0.325314,-0.35655
2026-03-27T18:23:57.409755+00:00,12.04358,1774635837409754500,-0.017516,0.414073,1.064771,0.093117,0.048592,-0.85724,-0.502554,-1.393589,-0.354087,1.895594,0.317254,-0.776567,0.421794,0.34714,-0.945597,-1.399117,0.844663,0.270564,-0.834879,-0.321592,-0.355743
2026-03-27T18:23:57.426693+00:00,12.060519,1774635837426692900,-0.017156,0.413539,1.066095,0.092991,0.048279,-0.848964,-0.497683,-1.392383,-0.354257,1.898363,0.319617,-0.774524,0.422161,0.347432,-0.944799,-1.401372,0.846361,0.272063,-0.836004,-0.318164,-0.355033
2026-03-27T18:23:57.443834+00:00,12.077659,1774635837443833700,-0.016811,0.413082,1.067267,0.088186,0.050475,-0.885727,-0.518908,-1.391239,-0.354468,1.900961,0.321423,-0.772179,0.422079,0.347876,-0.944365,-1.404173,0.84799,0.274246,-0.834998,-0.31336,-0.352227
2026-03-27T18:23:57.461581+00:00,12.095407,1774635837461581100,-0.016474,0.412689,1.068398,0.088076,0.050039,-0.876737,-0.513623,-1.389963,-0.354716,1.903483,0.320884,-0.773774,0.423046,0.348873,-0.943765,-1.406869,0.849569,0.275789,-0.83651,-0.309816,-0.350659
2026-03-27T18:23:57.477911+00:00,12.111737,1774635837477910800,-0.016196,0.412378,1.069353,0.090757,0.048061,-0.841274,-0.492381,-1.388765,-0.355209,1.905568,0.318492,-0.774259,0.422944,0.348651,-0.943468,-1.409547,0.851038,0.274469,-0.842892,-0.309113,-0.349452
2026-03-27T18:23:57.494924+00:00,12.128749,1774635837494923500,-0.015853,0.412077,1.070276,0.086503,0.049787,-0.872931,-0.510666,-1.387717,-0.355948,1.907333,0.314439,-0.776914,0.423452,0.349145,-0.943099,-1.412306,0.852305,0.27473,-0.842287,-0.305319,-0.344056
2026-03-27T18:23:57.512161+00:00,12.145986,1774635837512160400,-0.01557,0.411831,1.071037,0.085933,0.049426,-0.867479,-0.507456,-1.386793,-0.356847,1.908808,0.311483,-0.775649,0.421449,0.34807,-0.942746,-1.415231,0.853163,0.272764,-0.846954,-0.302279,-0.338734
2026-03-27T18:23:57.529103+00:00,12.162929,1774635837529103000,-0.01529,0.411648,1.071794,0.086995,0.048109,-0.845108,-0.494412,-1.386001,-0.357936,1.909985,0.308682,-0.779635,0.420255,0.350148,-0.942384,-1.418135,0.853972,0.271063,-0.850715,-0.299177,-0.333342
2026-03-27T18:23:57.545885+00:00,12.17971,1774635837545884600,-0.015045,0.41151,1.07238,0.086376,0.047623,-0.838551,-0.490532,-1.385485,-0.359131,1.910832,0.306242,-0.782488,0.417116,0.352306,-0.942244,-1.420851,0.854506,0.270517,-0.854565,-0.292277,-0.325196
2026-03-27T18:23:57.563032+00:00,12.196858,1774635837563032100,-0.014762,0.411402,1.073003,0.081455,0.049448,-0.876159,-0.512204,-1.385406,-0.360262,1.911214,0.306284,-0.780638,0.411063,0.352063,-0.942007,-1.423549,0.854507,0.270435,-0.862312,-0.286318,-0.318354
2026-03-27T18:23:57.579995+00:00,12.213821,1774635837579994800,-0.014516,0.411358,1.073524,0.08161,0.048186,-0.860977,-0.50329,-1.38546,-0.361131,1.911279,0.304626,-0.78615,0.409218,0.353337,-0.941638,-1.425838,0.853783,0.271857,-0.867976,-0.279113,-0.309423
2026-03-27T18:23:57.596729+00:00,12.230555,1774635837596729100,-0.014228,0.411325,1.074082,0.079619,0.04809,-0.869409,-0.507387,-1.385746,-0.361802,1.910819,0.304348,-0.786755,0.405649,0.350821,-0.941077,-1.427577,0.852832,0.273794,-0.873157,-0.272871,-0.29881
2026-03-27T18:23:57.613793+00:00,12.247619,1774635837613792800,-0.013949,0.411313,1.074513,0.079951,0.046577,-0.853815,-0.498231,-1.386319,-0.362337,1.909655,0.301817,-0.78963,0.403481,0.348524,-0.940281,-1.429072,0.851502,0.274089,-0.879806,-0.267534,-0.288886
2026-03-27T18:23:57.630881+00:00,12.264707,1774635837630881300,-0.013596,0.411336,1.074979,0.078153,0.046249,-0.862501,-0.502469,-1.387113,-0.362861,1.908117,0.297164,-0.794574,0.403276,0.34782,-0.939457,-1.430564,0.850135,0.274887,-0.884753,-0.261551,-0.278257
2026-03-27T18:23:57.647808+00:00,12.281633,1774635837647807400,-0.013257,0.411465,1.075354,0.076352,0.046012,-0.873844,-0.508272,-1.387983,-0.363269,1.906292,0.29584,-0.794259,0.401175,0.344749,-0.938003,-1.431369,0.848356,0.2655,-0.884802,-0.255636,-0.274751
2026-03-27T18:23:57.664778+00:00,12.298604,1774635837664778300,-0.012933,0.411672,1.075741,0.079934,0.042785,-0.826399,-0.480224,-1.389058,-0.363754,1.904257,0.295173,-0.794886,0.399529,0.342936,-0.936837,-1.432542,0.846742,0.261457,-0.88943,-0.250287,-0.268176
2026-03-27T18:23:57.681953+00:00,12.315779,1774635837681952800,-0.01259,0.41188,1.075999,0.074968,0.044461,-0.87578,-0.508624,-1.390199,-0.364298,1.902069,0.293193,-0.799341,0.398977,0.342999,-0.935369,-1.432237,0.844577,0.26008,-0.891917,-0.247904,-0.26874
2026-03-27T18:23:57.699015+00:00,12.332841,1774635837699015000,-0.012284,0.412116,1.076277,0.078716,0.041281,-0.830487,-0.481845,-1.391524,-0.364967,1.89977,0.292644,-0.798718,0.395816,0.341523,-0.93415,-1.432192,0.842188,0.258727,-0.897514,-0.246792,-0.266321
2026-03-27T18:23:57.716097+00:00,12.349923,1774635837716097200,-0.012024,0.412339,1.076481,0.075354,0.042086,-0.865173,-0.501433,-1.392898,-0.365659,1.897112,0.28938,-0.802351,0.395092,0.341578,-0.932994,-1.431956,0.839304,0.259566,-0.897809,-0.244332,-0.26262
2026-03-27T18:23:57.733023+00:00,12.366849,1774635837733023200,-0.011809,0.412564,1.076729,0.074055,0.04196,-0.877652,-0.508229,-1.394372,-0.36628,1.894339,0.2874,-0.803024,0.394767,0.340193,-0.931973,-1.431653,0.836131,0.260299,-0.897469,-0.241583,-0.259461
2026-03-27T18:23:57.750048+00:00,12.383874,1774635837750048300,-0.01177,0.412826,1.07688,0.075992,0.04003,-0.852134,-0.493168,-1.395918,-0.366868,1.891473,0.284988,-0.804868,0.394736,0.339094,-0.931001,-1.430924,0.832617,0.25988,-0.901478,-0.240232,-0.257748
2026-03-27T18:23:57.767117+00:00,12.400942,1774635837767116500,-0.011782,0.413074,1.077025,0.077911,0.038262,-0.82897,-0.479517,-1.397637,-0.367566,1.888579,0.281949,-0.807968,0.395453,0.338256,-0.930054,-1.43012,0.828875,0.260331,-0.902481,-0.238484,-0.255363
2026-03-27T18:23:57.784206+00:00,12.418031,1774635837784205700,-0.01183,0.413321,1.07713,0.074283,0.039379,-0.867718,-0.501382,-1.399175,-0.368091,1.88563,0.279345,-0.808965,0.395506,0.336136,-0.929266,-1.428983,0.824771,0.261836,-0.898543,-0.23726,-0.252668
2026-03-27T18:23:57.801219+00:00,12.435044,1774635837801218700,-0.012183,0.413573,1.077273,0.076105,0.037837,-0.843295,-0.487011,-1.400925,-0.368975,1.882601,0.27705,-0.810715,0.395778,0.333954,-0.9288,-1.427881,0.820529,0.261676,-0.900751,-0.237858,-0.251578
2026-03-27T18:23:57.818274+00:00,12.4521,1774635837818274100,-0.012828,0.41382,1.077353,0.075892,0.037536,-0.840661,-0.485284,-1.402702,-0.370111,1.879577,0.275586,-0.811229,0.394684,0.331478,-0.928169,-1.426567,0.815758,0.262448,-0.90268,-0.239494,-0.250668
2026-03-27T18:23:57.835303+00:00,12.469129,1774635837835303400,-0.013603,0.414014,1.07748,0.071778,0.03947,-0.88185,-0.508564,-1.404476,-0.371473,1.876728,0.274786,-0.811183,0.392746,0.328931,-0.92756,-1.425204,0.810907,0.263556,-0.902352,-0.240762,-0.249397
2026-03-27T18:23:57.852500+00:00,12.486326,1774635837852500000,-0.014635,0.414242,1.077587,0.073244,0.038601,-0.856222,-0.49344,-1.40617,-0.37291,1.87413,0.272765,-0.815925,0.392664,0.329236,-0.927113,-1.4237,0.805729,0.266827,-0.897728,-0.241716,-0.247685
2026-03-27T18:23:57.869345+00:00,12.503171,1774635837869345400,-0.01574,0.414438,1.077706,0.070552,0.03997,-0.880293,-0.506328,-1.407913,-0.374511,1.871718,0.272744,-0.816906,0.392015,0.328513,-0.926901,-1.422649,0.800454,0.267124,-0.89935,-0.243119,-0.246741
2026-03-27T18:23:57.886388+00:00,12.520213,1774635837886387700,-0.017007,0.414597,1.077845,0.070009,0.040246,-0.876839,-0.503878,-1.40958,-0.376135,1.869545,0.271824,-0.81621,0.39145,0.327862,-0.926915,-1.422123,0.794837,0.26799,-0.897882,-0.24108,-0.244221
2026-03-27T18:23:57.903405+00:00,12.537231,1774635837903405000,-0.018413,0.41475,1.077868,0.069173,0.04078,-0.877396,-0.503689,-1.41118,-0.377883,1.86752,0.271224,-0.815352,0.391428,0.327166,-0.926968,-1.421775,0.789056,0.268047,-0.903257,-0.240388,-0.243435
2026-03-27T18:23:57.920447+00:00,12.554272,1774635837920446700,-0.019914,0.41484,1.077964,0.066518,0.042696,-0.901078,-0.516926,-1.412655,-0.37964,1.865693,0.271522,-0.815137,0.39232,0.327214,-0.927322,-1.421669,0.783004,0.270124,-0.900521,-0.23788,-0.240795
2026-03-27T18:23:57.937584+00:00,12.57141,1774635837937584000,-0.021527,0.414946,1.077967,0.065492,0.043621,-0.90243,-0.517245,-1.414086,-0.381427,1.864047,0.272537,-0.814206,0.393262,0.327567,-0.927777,-1.421633,0.77692,0.271149,-0.901162,-0.236112,-0.239005
2026-03-27T18:23:57.954585+00:00,12.58841,1774635837954584600,-0.023218,0.415006,1.078055,0.068736,0.041792,-0.846235,-0.484715,-1.415334,-0.383041,1.862681,0.27404,-0.813149,0.394379,0.327751,-0.92823,-1.421597,0.770866,0.272166,-0.901793,-0.23435,-0.237222
2026-03-27T18:23:57.971670+00:00,12.605496,1774635837971670300,-0.024884,0.415016,1.078102,0.065546,0.044014,-0.875434,-0.500766,-1.416495,-0.384755,1.861431,0.273769,-0.814816,0.396498,0.328905,-0.930235,-1.423083,0.765174,0.279095,-0.903181,-0.231177,-0.23927
2026-03-27T18:23:57.988571+00:00,12.622396,1774635837988570500,-0.02665,0.415024,1.078158,0.065233,0.044339,-0.866862,-0.496018,-1.417477,-0.386308,1.86035,0.273073,-0.813776,0.39728,0.329244,-0.931392,-1.424168,0.75931,0.285755,-0.898075,-0.228057,-0.239156
2026-03-27T18:23:58.005675+00:00,12.6395,1774635838005674500,-0.028353,0.41503,1.078171,0.064619,0.045034,-0.862933,-0.493782,-1.418351,-0.387951,1.859393,0.272809,-0.810289,0.396905,0.32885,-0.932775,-1.425449,0.753648,0.291133,-0.898227,-0.22641,-0.240584
2026-03-27T18:23:58.022776+00:00,12.656601,1774635838022775700,-0.030201,0.415053,1.078153,0.065804,0.04444,-0.833779,-0.476837,-1.418939,-0.389411,1.858616,0.271407,-0.810301,0.398301,0.330572,-0.934293,-1.427106,0.7479,0.295553,-0.8964,-0.222641,-0.241124
2026-03-27T18:23:58.039712+00:00,12.673538,1774635838039711900,-0.031954,0.415071,1.078119,0.065066,0.045206,-0.830051,-0.474631,-1.419384,-0.390843,1.858032,0.270435,-0.810147,0.399722,0.33195,-0.936011,-1.429006,0.742383,0.299914,-0.896937,-0.2182,-0.241748
2026-03-27T18:23:58.062342+00:00,12.696167,1774635838062341700,-0.034352,0.415054,1.078065,0.061425,0.047836,-0.855683,-0.488686,-1.4196,-0.392512,1.857587,0.26904,-0.808633,0.401932,0.334292,-0.938585,-1.431944,0.735161,0.304082,-0.898216,-0.210514,-0.242782
2026-03-27T18:23:58.079288+00:00,12.713113,1774635838079287600,-0.036215,0.415014,1.07796,0.055488,0.052678,-0.925582,-0.528027,-1.419603,-0.393728,1.857475,0.266587,-0.806291,0.403121,0.335819,-0.940571,-1.434269,0.729799,0.307416,-0.897739,-0.20432,-0.24351
2026-03-27T18:23:58.096399+00:00,12.730224,1774635838096398600,-0.038006,0.414985,1.077849,0.056957,0.050736,-0.87871,-0.501025,-1.419374,-0.394847,1.857481,0.260745,-0.807953,0.406016,0.340152,-0.942661,-1.436766,0.724916,0.311229,-0.896002,-0.197309,-0.24368
2026-03-27T18:23:58.113286+00:00,12.747111,1774635838113285600,-0.03983,0.414958,1.077709,0.058477,0.04874,-0.835189,-0.475937,-1.419089,-0.396066,1.857695,0.256438,-0.805594,0.407396,0.34309,-0.944761,-1.439229,0.720087,0.313352,-0.897671,-0.191151,-0.244338
2026-03-27T18:23:58.130226+00:00,12.764052,1774635838130226000,-0.041602,0.414939,1.077551,0.057609,0.048746,-0.827439,-0.471307,-1.418808,-0.3971,1.858322,0.253009,-0.805122,0.409556,0.346728,-0.946954,-1.441834,0.715709,0.315051,-0.897967,-0.185133,-0.244597
2026-03-27T18:23:58.148366+00:00,12.782192,1774635838148365800,-0.043331,0.414892,1.077422,0.053833,0.05129,-0.863135,-0.490745,-1.418526,-0.398171,1.859274,0.251992,-0.803966,0.410984,0.349646,-0.949341,-1.444629,0.711347,0.31674,-0.898906,-0.179271,-0.245325
2026-03-27T18:23:58.164821+00:00,12.798647,1774635838164821600,-0.044948,0.414869,1.077259,0.055707,0.048849,-0.816031,-0.463679,-1.418182,-0.399195,1.860355,0.251148,-0.803894,0.411826,0.352541,-0.951475,-1.44715,0.707668,0.31905,-0.898207,-0.173544,-0.245946
2026-03-27T18:23:58.181848+00:00,12.815673,1774635838181847700,-0.046399,0.414808,1.077126,0.049348,0.0544,-0.907239,-0.51447,-1.417924,-0.400398,1.86167,0.248859,-0.804877,0.411178,0.355297,-0.953706,-1.449779,0.704568,0.322086,-0.8972,-0.167982,-0.246491
2026-03-27T18:23:58.198968+00:00,12.832794,1774635838198968200,-0.047852,0.41477,1.076991,0.051575,0.051441,-0.856874,-0.485604,-1.417718,-0.401679,1.86301,0.246705,-0.802096,0.407453,0.355741,-0.95581,-1.452262,0.702105,0.325238,-0.896868,-0.162985,-0.247317
2026-03-27T18:23:58.215935+00:00,12.84976,1774635838215934400,-0.049277,0.414686,1.076838,0.045065,0.058381,-0.969588,-0.548875,-1.417613,-0.403071,1.864374,0.245008,-0.801485,0.404391,0.356428,-0.957938,-1.454614,0.699658,0.327871,-0.896559,-0.158013,-0.248261
2026-03-27T18:23:58.232920+00:00,12.866745,1774635838232919700,-0.050673,0.414573,1.076688,0.047253,0.055449,-0.914664,-0.517512,-1.417601,-0.40454,1.865917,0.243792,-0.803593,0.401837,0.357535,-0.960026,-1.456735,0.698149,0.329694,-0.895437,-0.153582,-0.248866
2026-03-27T18:23:58.249746+00:00,12.883572,1774635838249746000,-0.052062,0.414417,1.076538,0.049163,0.053311,-0.870329,-0.49217,-1.41767,-0.406091,1.867417,0.242558,-0.809892,0.400173,0.359972,-0.962096,-1.458829,0.6966,0.331395,-0.89534,-0.149335,-0.249634
2026-03-27T18:23:58.266827+00:00,12.900653,1774635838266826800,-0.053366,0.414217,1.076365,0.048522,0.054205,-0.874589,-0.49458,-1.41783,-0.407814,1.868975,0.243654,-0.809259,0.393842,0.35877,-0.964088,-1.460516,0.696109,0.330356,-0.896901,-0.145898,-0.250876
2026-03-27T18:23:58.283832+00:00,12.917658,1774635838283832300,-0.054684,0.414024,1.076231,0.050452,0.052376,-0.835187,-0.47203,-1.418071,-0.409705,1.870535,0.242106,-0.815277,0.389112,0.360552,-0.966072,-1.462143,0.69562,0.329647,-0.899742,-0.142917,-0.252078
2026-03-27T18:23:58.300934+00:00,12.934759,1774635838300933700,-0.055859,0.413835,1.076094,0.049611,0.053618,-0.845186,-0.477707,-1.418427,-0.411789,1.872113,0.241346,-0.816078,0.380557,0.359865,-0.967988,-1.463363,0.695669,0.330603,-0.89825,-0.140681,-0.252404
2026-03-27T18:23:58.318035+00:00,12.951861,1774635838318034800,-0.05709,0.413643,1.075962,0.04915,0.05446,-0.84877,-0.479693,-1.418752,-0.413904,1.873562,0.240515,-0.817567,0.372228,0.358522,-0.969936,-1.464582,0.69586,0.331126,-0.89827,-0.139357,-0.253081
2026-03-27T18:23:58.335052+00:00,12.968878,1774635838335052000,-0.058289,0.413469,1.075846,0.050841,0.052971,-0.815883,-0.460834,-1.419016,-0.415979,1.87504,0.239499,-0.821471,0.365548,0.358149,-0.971724,-1.465452,0.696481,0.331731,-0.898923,-0.139584,-0.255126
2026-03-27T18:23:58.352149+00:00,12.985975,1774635838352149200,-0.059346,0.413295,1.075718,0.049833,0.054453,-0.826973,-0.467184,-1.4192,-0.417954,1.87644,0.237075,-0.830666,0.361716,0.35989,-0.973485,-1.466276,0.697569,0.332947,-0.896456,-0.139393,-0.256369
2026-03-27T18:23:58.369486+00:00,13.003312,1774635838369486200,-0.060408,0.413141,1.07562,0.051412,0.053299,-0.798178,-0.450697,-1.41933,-0.419663,1.877602,0.237047,-0.834036,0.356518,0.358949,-0.975315,-1.467221,0.698604,0.333751,-0.895669,-0.139409,-0.258061
2026-03-27T18:23:58.386188+00:00,13.020013,1774635838386187500,-0.061411,0.413015,1.075528,0.050534,0.054906,-0.810399,-0.457545,-1.419459,-0.421022,1.878668,0.238112,-0.830045,0.350034,0.354534,-0.976835,-1.467648,0.700629,0.334631,-0.894347,-0.142198,-0.259013
2026-03-27T18:23:58.403259+00:00,13.037085,1774635838403259000,-0.062353,0.412908,1.075457,0.041898,0.067063,-0.974433,-0.549756,-1.419278,-0.422205,1.879719,0.236533,-0.833759,0.347471,0.353002,-0.978382,-1.468347,0.702366,0.33584,-0.894028,-0.143116,-0.260831
2026-03-27T18:23:58.420215+00:00,13.054041,1774635838420215100,-0.063319,0.412886,1.075412,0.046095,0.061615,-0.881286,-0.496729,-1.419045,-0.422911,1.880387,0.234045,-0.840159,0.346353,0.352237,-0.979915,-1.469197,0.704245,0.337313,-0.892893,-0.143883,-0.262378
2026-03-27T18:23:58.437510+00:00,13.071336,1774635838437510500,-0.064229,0.412901,1.075381,0.047554,0.060296,-0.850111,-0.478898,-1.418488,-0.42373,1.881307,0.233884,-0.838775,0.342232,0.348378,-0.981376,-1.469885,0.706239,0.338685,-0.891921,-0.144532,-0.263444
2026-03-27T18:23:58.454116+00:00,13.087941,1774635838454115600,-0.065022,0.412908,1.075364,0.042416,0.068111,-0.949183,-0.533856,-1.417611,-0.424562,1.882171,0.232241,-0.844049,0.340002,0.347526,-0.9828,-1.470715,0.708278,0.340065,-0.890974,-0.145232,-0.264476
2026-03-27T18:23:58.471268+00:00,13.105093,1774635838471267600,-0.065776,0.413015,1.075361,0.044457,0.065489,-0.900866,-0.506162,-1.416763,-0.425288,1.882984,0.230778,-0.848095,0.336038,0.347027,-0.984215,-1.471455,0.710387,0.341038,-0.891025,-0.145958,-0.265212
2026-03-27T18:23:58.488422+00:00,13.122248,1774635838488422100,-0.066476,0.413125,1.075355,0.045995,0.063721,-0.86473,-0.485605,-1.41592,-0.425931,1.883567,0.232542,-0.847817,0.329544,0.345189,-0.985569,-1.47226,0.712579,0.343031,-0.888335,-0.146513,-0.265237
2026-03-27T18:23:58.505590+00:00,13.139416,1774635838505590600,-0.067086,0.413314,1.07536,0.047393,0.06201,-0.831228,-0.466533,-1.41494,-0.426362,1.884093,0.233408,-0.849126,0.322886,0.343941,-0.986873,-1.473114,0.714873,0.344533,-0.887488,-0.147431,-0.265641
2026-03-27T18:23:58.522482+00:00,13.156307,1774635838522481600,-0.067606,0.413534,1.075371,0.042066,0.06976,-0.925454,-0.518535,-1.413961,-0.426565,1.884454,0.234691,-0.852346,0.31807,0.342741,-0.988009,-1.47379,0.717146,0.343969,-0.888993,-0.148727,-0.265014
2026-03-27T18:23:58.539506+00:00,13.173332,1774635838539506200,-0.068064,0.413812,1.07537,0.043577,0.066963,-0.878219,-0.491833,-1.412966,-0.426443,1.884322,0.23434,-0.856826,0.314784,0.340909,-0.989127,-1.474436,0.719367,0.342145,-0.890017,-0.149784,-0.263363
2026-03-27T18:23:58.556466+00:00,13.190292,1774635838556466100,-0.068417,0.414139,1.075372,0.045381,0.06349,-0.827525,-0.463094,-1.411925,-0.426161,1.884211,0.23356,-0.856353,0.309391,0.336406,-0.990151,-1.474903,0.721555,0.338638,-0.892324,-0.15039,-0.261003
2026-03-27T18:23:58.574183+00:00,13.208008,1774635838574182300,-0.068571,0.414466,1.075401,0.040578,0.069962,-0.910621,-0.508643,-1.410929,-0.425276,1.884002,0.230749,-0.86089,0.308335,0.33275,-0.990946,-1.474872,0.723754,0.340247,-0.893742,-0.147805,-0.25803
2026-03-27T18:23:58.591481+00:00,13.225307,1774635838591481100,-0.068519,0.414794,1.075469,0.042002,0.066582,-0.868748,-0.484198,-1.410083,-0.423723,1.883572,0.228907,-0.863631,0.309035,0.328614,-0.991676,-1.474894,0.725991,0.342062,-0.890991,-0.147514,-0.25626
2026-03-27T18:23:58.607574+00:00,13.2414,1774635838607574100,-0.068715,0.415382,1.075466,0.040874,0.067501,-0.882949,-0.491493,-1.409473,-0.421898,1.883049,0.227396,-0.867082,0.312256,0.32461,-0.992439,-1.475022,0.728056,0.342924,-0.891375,-0.149461,-0.255217
2026-03-27T18:23:58.624738+00:00,13.258564,1774635838624738200,-0.068681,0.415788,1.075478,0.036249,0.075185,-0.987137,-0.548548,-1.40902,-0.419872,1.882518,0.227304,-0.86288,0.312742,0.317945,-0.993136,-1.475155,0.730489,0.343696,-0.890167,-0.152091,-0.254298
2026-03-27T18:23:58.641797+00:00,13.275622,1774635838641796600,-0.068522,0.416198,1.075487,0.039991,0.067395,-0.89022,-0.494415,-1.40872,-0.41783,1.882208,0.224786,-0.867774,0.31507,0.314892,-0.993873,-1.475309,0.732738,0.344234,-0.891481,-0.155596,-0.254713
2026-03-27T18:23:58.658751+00:00,13.292576,1774635838658750700,-0.068049,0.41657,1.0755,0.03586,0.074417,-0.991484,-0.549784,-1.408701,-0.415909,1.881875,0.224423,-0.868518,0.314782,0.311188,-0.994401,-1.475408,0.735114,0.347414,-0.887634,-0.158964,-0.254015
2026-03-27T18:23:58.676046+00:00,13.309871,1774635838676045700,-0.067532,0.416969,1.075519,0.042957,0.061378,-0.827011,-0.458076,-1.408889,-0.413921,1.881444,0.225907,-0.867435,0.313081,0.305764,-0.994928,-1.47546,0.737497,0.349803,-0.886103,-0.162606,-0.253827
2026-03-27T18:23:58.692828+00:00,13.326653,1774635838692827700,-0.066874,0.417304,1.075523,0.036356,0.071502,-0.975646,-0.539829,-1.409219,-0.41195,1.880674,0.226854,-0.873246,0.313024,0.301751,-0.995469,-1.475397,0.738926,0.351514,-0.886581,-0.165774,-0.251882
2026-03-27T18:23:58.709626+00:00,13.343452,1774635838709625800,-0.066259,0.417655,1.075564,0.040587,0.062947,-0.87037,-0.481312,-1.409792,-0.409945,1.87983,0.228506,-0.875937,0.310992,0.296761,-0.99602,-1.475482,0.740506,0.353521,-0.884655,-0.16715,-0.250872
2026-03-27T18:23:58.726660+00:00,13.360486,1774635838726660100,-0.065545,0.417978,1.075628,0.044699,0.055934,-0.78607,-0.434494,-1.410617,-0.408011,1.878899,0.22898,-0.87432,0.306761,0.290619,-0.996421,-1.475601,0.742056,0.35428,-0.885087,-0.168515,-0.25074
2026-03-27T18:23:58.743376+00:00,13.377201,1774635838743375700,-0.064837,0.418278,1.075718,0.038707,0.063269,-0.904083,-0.499121,-1.411634,-0.406105,1.878096,0.228695,-0.875173,0.302741,0.285775,-0.99683,-1.475714,0.74317,0.355156,-0.883637,-0.169036,-0.25008
2026-03-27T18:23:58.760597+00:00,13.394422,1774635838760596600,-0.064064,0.418585,1.075829,0.043078,0.055526,-0.807805,-0.445724,-1.412741,-0.404039,1.877285,0.225861,-0.882372,0.301253,0.28371,-0.997158,-1.475964,0.744255,0.354637,-0.885029,-0.169989,-0.250514
2026-03-27T18:23:58.777467+00:00,13.411292,1774635838777466500,-0.063334,0.41887,1.075953,0.040818,0.057312,-0.849491,-0.468172,-1.413817,-0.401815,1.876476,0.224146,-0.881358,0.298908,0.278651,-0.997611,-1.476364,0.744877,0.353693,-0.884873,-0.170342,-0.249851
2026-03-27T18:23:58.796110+00:00,13.429935,1774635838796109600,-0.062524,0.419132,1.076118,0.035169,0.064798,-0.981711,-0.540573,-1.414911,-0.399305,1.875512,0.220124,-0.885403,0.299536,0.275221,-0.997902,-1.476775,0.745359,0.351566,-0.886045,-0.171134,-0.248956
2026-03-27T18:23:58.813237+00:00,13.447063,1774635838813237100,-0.061745,0.419343,1.076275,0.035979,0.061666,-0.95484,-0.525616,-1.41589,-0.396754,1.874649,0.216235,-0.888263,0.301593,0.272234,-0.998013,-1.477058,0.745604,0.350557,-0.887377,-0.172313,-0.247564
2026-03-27T18:23:58.830005+00:00,13.463831,1774635838830005200,-0.061013,0.419526,1.07643,0.040631,0.053214,-0.840307,-0.462377,-1.416783,-0.394274,1.873621,0.214193,-0.890207,0.30564,0.269537,-0.997884,-1.477248,0.745681,0.350074,-0.886133,-0.173066,-0.246181
2026-03-27T18:23:58.846898+00:00,13.480724,1774635838846897800,-0.060356,0.419698,1.076594,0.041959,0.050033,-0.805366,-0.443194,-1.417649,-0.391761,1.872301,0.214799,-0.890753,0.31067,0.26649,-0.997898,-1.477401,0.745684,0.34658,-0.889431,-0.174713,-0.246298
2026-03-27T18:23:58.863872+00:00,13.497697,1774635838863871400,-0.059674,0.419844,1.076715,0.040179,0.050655,-0.830304,-0.457159,-1.418406,-0.389528,1.870649,0.219049,-0.883252,0.312799,0.261725,-0.99749,-1.47768,0.745576,0.343002,-0.890495,-0.176186,-0.245703
2026-03-27T18:23:58.880957+00:00,13.514782,1774635838880956600,-0.059077,0.420022,1.076827,0.04141,0.047422,-0.792903,-0.436598,-1.419062,-0.38772,1.868731,0.222395,-0.885665,0.316646,0.260447,-0.997157,-1.477971,0.745334,0.340331,-0.88959,-0.176442,-0.245501
2026-03-27T18:23:58.897952+00:00,13.531777,1774635838897951500,-0.058426,0.420231,1.076905,0.039814,0.047484,-0.811617,-0.447079,-1.41957,-0.386656,1.866701,0.226334,-0.886096,0.317298,0.260329,-0.996655,-1.478316,0.745076,0.33719,-0.890147,-0.176764,-0.246078
2026-03-27T18:23:58.915067+00:00,13.548892,1774635838915066700,-0.057958,0.420382,1.07691,0.029013,0.062605,-1.09588,-0.603182,-1.420003,-0.386115,1.864595,0.230494,-0.883775,0.316178,0.260583,-0.996483,-1.478459,0.744377,0.333597,-0.894222,-0.178348,-0.24659
2026-03-27T18:23:58.932140+00:00,13.565966,1774635838932140300,-0.057366,0.420778,1.076896,0.039366,0.044361,-0.793365,-0.436426,-1.420085,-0.386674,1.862313,0.233957,-0.883243,0.312547,0.263721,-0.996342,-1.478543,0.74347,0.331879,-0.892731,-0.179149,-0.243936
2026-03-27T18:23:58.949121+00:00,13.582946,1774635838949120700,-0.056717,0.421169,1.076923,0.035451,0.047357,-0.865693,-0.475446,-1.42021,-0.387555,1.859972,0.237831,-0.880893,0.308187,0.266556,-0.996319,-1.478608,0.742638,0.328957,-0.893744,-0.178988,-0.242079
2026-03-27T18:23:58.966080+00:00,13.599906,1774635838966080200,-0.056108,0.421618,1.07694,0.039689,0.040762,-0.760346,-0.417368,-1.41984,-0.389164,1.85752,0.241535,-0.877324,0.303017,0.270005,-0.996396,-1.478727,0.741697,0.325554,-0.896453,-0.178577,-0.239815
2026-03-27T18:23:58.983132+00:00,13.616958,1774635838983131800,-0.055441,0.422061,1.076957,0.035737,0.043656,-0.832833,-0.456416,-1.41915,-0.391138,1.855056,0.243177,-0.877995,0.298844,0.275583,-0.996595,-1.478814,0.740595,0.322065,-0.898025,-0.177703,-0.235896
2026-03-27T18:23:59.000258+00:00,13.634084,1774635839000258300,-0.054783,0.422517,1.076969,0.031346,0.048068,-0.940005,-0.514296,-1.418164,-0.393654,1.852581,0.244154,-0.878464,0.294053,0.282083,-0.997195,-1.478886,0.739322,0.317787,-0.902633,-0.177487,-0.231731
2026-03-27T18:23:59.017233+00:00,13.651058,1774635839017232700,-0.054104,0.422954,1.07698,0.026063,0.055898,-1.121036,-0.612288,-1.416999,-0.396423,1.850066,0.246403,-0.877028,0.287709,0.288389,-0.997891,-1.478964,0.738048,0.314335,-0.905466,-0.17625,-0.227211
2026-03-27T18:23:59.034192+00:00,13.668018,1774635839034192500,-0.0533,0.423541,1.077064,0.035133,0.040299,-0.828039,-0.451783,-1.4157,-0.399336,1.847477,0.250193,-0.876103,0.280837,0.295298,-0.998726,-1.479173,0.736728,0.312571,-0.90556,-0.173991,-0.222282
2026-03-27T18:23:59.051351+00:00,13.685176,1774635839051350600,-0.052601,0.42391,1.077119,0.026427,0.052218,-1.101217,-0.600175,-1.414248,-0.402255,1.844722,0.25554,-0.878267,0.274161,0.302737,-0.999682,-1.479533,0.735332,0.311071,-0.907326,-0.171162,-0.218008
2026-03-27T18:23:59.068299+00:00,13.702125,1774635839068299000,-0.051959,0.424243,1.077145,0.031274,0.043177,-0.933947,-0.508537,-1.412664,-0.405264,1.841851,0.262185,-0.874785,0.265553,0.306884,-1.000658,-1.480005,0.733858,0.308822,-0.912873,-0.16823,-0.214543
2026-03-27T18:23:59.085568+00:00,13.719394,1774635839085568100,-0.051342,0.424539,1.077163,0.032035,0.041392,-0.917666,-0.499475,-1.410887,-0.408142,1.838819,0.266531,-0.875505,0.258267,0.310879,-1.001689,-1.480661,0.732304,0.30807,-0.914811,-0.163386,-0.209429
2026-03-27T18:23:59.102560+00:00,13.736385,1774635839102559400,-0.050818,0.424799,1.077187,0.036971,0.035379,-0.802815,-0.436976,-1.408913,-0.411012,1.83575,0.269825,-0.874015,0.251535,0.313297,-1.002743,-1.481513,0.730579,0.306923,-0.917854,-0.157728,-0.203898
2026-03-27T18:23:59.119507+00:00,13.753332,1774635839119506600,-0.050384,0.425006,1.077208,0.029252,0.044203,-1.024918,-0.557528,-1.406887,-0.413682,1.832742,0.272576,-0.873108,0.245923,0.314474,-1.003786,-1.482389,0.728862,0.307121,-0.91887,-0.15159,-0.198482
2026-03-27T18:23:59.136592+00:00,13.770418,1774635839136592400,-0.050028,0.425223,1.07725,0.033694,0.037936,-0.894886,-0.486534,-1.404794,-0.416071,1.829786,0.275297,-0.874397,0.241116,0.316551,-1.004531,-1.483246,0.727385,0.309393,-0.920008,-0.144029,-0.194502
2026-03-27T18:23:59.153615+00:00,13.78744,1774635839153614700,-0.049758,0.425434,1.077284,0.034032,0.037143,-0.888566,-0.482993,-1.40266,-0.418215,1.826845,0.278705,-0.873788,0.235988,0.317193,-1.005517,-1.4844,0.725835,0.311957,-0.918707,-0.136195,-0.190278
2026-03-27T18:23:59.170686+00:00,13.804512,1774635839170686100,-0.049597,0.425641,1.077338,0.037824,0.033045,-0.799194,-0.434246,-1.400417,-0.420078,1.823991,0.281161,-0.875003,0.231684,0.317207,-1.006598,-1.485723,0.724359,0.314396,-0.921386,-0.128455,-0.187999
2026-03-27T18:23:59.187669+00:00,13.821495,1774635839187669100,-0.04952,0.42586,1.077396,0.04113,0.030014,-0.734187,-0.398695,-1.398095,-0.421803,1.821295,0.282304,-0.876519,0.227466,0.316578,-1.007533,-1.486994,0.72295,0.317302,-0.921965,-0.120337,-0.185655
2026-03-27T18:23:59.204717+00:00,13.838543,1774635839204717200,-0.049483,0.426064,1.077467,0.032934,0.037085,-0.914126,-0.495824,-1.395769,-0.423431,1.818873,0.283425,-0.876435,0.2227,0.315396,-1.008465,-1.488505,0.721939,0.317936,-0.922329,-0.113044,-0.188043
2026-03-27T18:23:59.221812+00:00,13.855638,1774635839221811900,-0.049519,0.42629,1.077557,0.036429,0.033202,-0.821671,-0.445434,-1.393488,-0.42493,1.816677,0.284818,-0.876773,0.218196,0.313996,-1.00947,-1.490046,0.72072,0.320286,-0.922184,-0.106225,-0.188747
2026-03-27T18:23:59.239221+00:00,13.873047,1774635839239221000,-0.049557,0.426476,1.077659,0.030695,0.039099,-0.971113,-0.525516,-1.391176,-0.426417,1.814667,0.285391,-0.880584,0.214183,0.312623,-1.010631,-1.49164,0.719704,0.318987,-0.922231,-0.100267,-0.189065
2026-03-27T18:23:59.256052+00:00,13.889877,1774635839256051500,-0.049676,0.426644,1.077773,0.037562,0.031896,-0.791471,-0.428073,-1.388924,-0.427861,1.812905,0.286159,-0.883656,0.210375,0.3104,-1.011907,-1.492917,0.718492,0.305476,-0.927876,-0.094041,-0.187308
2026-03-27T18:23:59.273022+00:00,13.906847,1774635839273021600,-0.049957,0.426761,1.077875,0.037483,0.031943,-0.791236,-0.42758,-1.386744,-0.429431,1.81145,0.287381,-0.885416,0.206139,0.307031,-1.013101,-1.493556,0.717456,0.303381,-0.932638,-0.089655,-0.184853
2026-03-27T18:23:59.290052+00:00,13.923877,1774635839290051700,-0.050236,0.426794,1.078007,0.027331,0.044128,-1.077008,-0.581663,-1.38466,-0.431205,1.810445,0.289162,-0.886726,0.201553,0.303159,-1.014261,-1.494173,0.71631,0.29957,-0.934979,-0.08472,-0.181854
2026-03-27T18:23:59.306966+00:00,13.940792,1774635839306965900,-0.050623,0.426811,1.078123,0.030793,0.03926,-0.94708,-0.511289,-1.382637,-0.433191,1.809761,0.291326,-0.887449,0.196689,0.299319,-1.015411,-1.494785,0.715169,0.295766,-0.93726,-0.079809,-0.178865
2026-03-27T18:23:59.324157+00:00,13.957983,1774635839324157400,-0.050965,0.426777,1.078225,0.030415,0.03982,-0.953234,-0.51472,-1.380637,-0.435523,1.809506,0.291115,-0.890471,0.190997,0.297337,-1.015897,-1.493902,0.715716,0.298038,-0.933485,-0.080126,-0.178733
2026-03-27T18:23:59.341026+00:00,13.974852,1774635839341026300,-0.051324,0.426742,1.078294,0.030221,0.040041,-0.954694,-0.515609,-1.378923,-0.437946,1.809446,0.292206,-0.889201,0.185001,0.293492,-1.016667,-1.49371,0.715512,0.296845,-0.934193,-0.078333,-0.177781
2026-03-27T18:23:59.358112+00:00,13.991938,1774635839358111900,-0.051636,0.426698,1.078381,0.025788,0.047004,-1.115855,-0.602842,-1.377546,-0.43991,1.809248,0.282923,-0.894949,0.180108,0.285941,-1.016876,-1.493044,0.716363,0.297055,-0.933452,-0.084108,-0.179869
2026-03-27T18:23:59.375084+00:00,14.00891,1774635839375084100,-0.051958,0.42654,1.078453,0.038897,0.03135,-0.741089,-0.400603,-1.376398,-0.441695,1.809389,0.277268,-0.904184,0.175008,0.281481,-1.017068,-1.492171,0.717477,0.298063,-0.934718,-0.08742,-0.181885
2026-03-27T18:23:59.391850+00:00,14.025676,1774635839391849800,-0.052203,0.426364,1.078473,0.035651,0.034695,-0.81657,-0.441646,-1.375541,-0.443349,1.80971,0.275247,-0.90299,0.167165,0.27488,-1.017153,-1.49148,0.718691,0.298959,-0.932769,-0.090077,-0.183867
2026-03-27T18:23:59.408852+00:00,14.042677,1774635839408851700,-0.05239,0.426183,1.078495,0.035413,0.035579,-0.831641,-0.449804,-1.374693,-0.444963,1.810576,0.270787,-0.909098,0.160764,0.271318,-1.017225,-1.490812,0.720188,0.300178,-0.930928,-0.092461,-0.1859
2026-03-27T18:23:59.425926+00:00,14.059752,1774635839425926300,-0.052588,0.426038,1.078485,0.0316,0.040836,-0.945455,-0.511632,-1.373995,-0.446417,1.811626,0.265955,-0.915066,0.15523,0.268327,-1.017244,-1.490372,0.7217,0.30079,-0.929193,-0.094296,-0.18799
2026-03-27T18:23:59.442928+00:00,14.076754,1774635839442928100,-0.052774,0.425937,1.078446,0.031672,0.041841,-0.95749,-0.518185,-1.373182,-0.447825,1.813096,0.263154,-0.913698,0.149962,0.264459,-1.017334,-1.49025,0.723397,0.299714,-0.932546,-0.095335,-0.190658
2026-03-27T18:23:59.460005+00:00,14.093831,1774635839460005200,-0.052948,0.425874,1.078453,0.030595,0.044407,-1.003138,-0.542815,-1.372251,-0.449096,1.81486,0.258773,-0.918071,0.147134,0.26319,-1.017431,-1.490209,0.72498,0.300443,-0.92901,-0.095442,-0.191534
2026-03-27T18:23:59.477065+00:00,14.110891,1774635839477064900,-0.052979,0.425872,1.078512,0.033184,0.041731,-0.929406,-0.502718,-1.371377,-0.45028,1.816676,0.256135,-0.916436,0.144294,0.260274,-1.017359,-1.490156,0.72662,0.299971,-0.930001,-0.095084,-0.191584
2026-03-27T18:23:59.494098+00:00,14.127923,1774635839494097700,-0.053174,0.425893,1.078513,0.036227,0.038602,-0.852445,-0.460838,-1.370587,-0.451358,1.81835,0.252907,-0.918248,0.141777,0.258104,-1.017638,-1.490303,0.728073,0.299554,-0.930132,-0.094772,-0.191759
2026-03-27T18:23:59.511095+00:00,14.144921,1774635839511094800,-0.053525,0.4259,1.078341,0.039117,0.035867,-0.788276,-0.425936,-1.369773,-0.452253,1.819789,0.249383,-0.923694,0.13922,0.256449,-1.017826,-1.490593,0.729421,0.299184,-0.930556,-0.093747,-0.190925
2026-03-27T18:23:59.528218+00:00,14.162044,1774635839528217800,-0.053702,0.425914,1.078211,0.029966,0.046725,-1.025632,-0.553544,-1.368963,-0.453156,1.821078,0.246485,-0.925839,0.135221,0.253855,-1.018059,-1.490935,0.73059,0.298728,-0.930874,-0.092097,-0.189846
2026-03-27T18:23:59.545302+00:00,14.179128,1774635839545301800,-0.053848,0.426013,1.078119,0.033524,0.041562,-0.910889,-0.491346,-1.368138,-0.45421,1.822386,0.24325,-0.929226,0.131161,0.251754,-1.018262,-1.491429,0.731594,0.298449,-0.930508,-0.089687,-0.188451
2026-03-27T18:23:59.562206+00:00,14.196031,1774635839562205500,-0.053991,0.426175,1.078006,0.036744,0.037776,-0.826593,-0.445628,-1.36731,-0.455123,1.823521,0.241682,-0.927658,0.126784,0.248944,-1.018461,-1.491868,0.7325,0.29768,-0.931237,-0.087254,-0.187178
2026-03-27T18:23:59.579340+00:00,14.213166,1774635839579340300,-0.054062,0.426336,1.077902,0.03086,0.044864,-0.981557,-0.5283,-1.366586,-0.456096,1.824742,0.239237,-0.930484,0.123573,0.247433,-1.018577,-1.492632,0.733046,0.296896,-0.930954,-0.08391,-0.185041
2026-03-27T18:23:59.596695+00:00,14.230521,1774635839596695400,-0.054147,0.426547,1.077773,0.034333,0.040373,-0.881579,-0.474218,-1.365859,-0.456811,1.825806,0.236549,-0.934879,0.120993,0.246311,-1.018756,-1.493316,0.733516,0.295599,-0.932294,-0.080437,-0.18312
2026-03-27T18:23:59.613667+00:00,14.247492,1774635839613666500,-0.054208,0.426755,1.077641,0.037427,0.037162,-0.808323,-0.434519,-1.365215,-0.457531,1.826946,0.235188,-0.934808,0.118278,0.244126,-1.018938,-1.494001,0.733976,0.294328,-0.933358,-0.076956,-0.181145
2026-03-27T18:23:59.630767+00:00,14.264593,1774635839630767100,-0.054237,0.426937,1.077498,0.031448,0.044494,-0.963579,-0.51716,-1.364657,-0.458056,1.828054,0.234295,-0.934893,0.11623,0.242383,-1.019117,-1.494682,0.734433,0.293057,-0.934399,-0.07349,-0.179176
2026-03-27T18:23:59.647770+00:00,14.281595,1774635839647769500,-0.054273,0.427104,1.077318,0.034749,0.040572,-0.874598,-0.469192,-1.364173,-0.458397,1.829186,0.232871,-0.938034,0.115141,0.241945,-1.019294,-1.49536,0.734888,0.291786,-0.935418,-0.070036,-0.177212
2026-03-27T18:23:59.664789+00:00,14.298615,1774635839664789400,-0.054303,0.427253,1.077129,0.037708,0.037771,-0.80927,-0.433907,-1.363703,-0.458601,1.830366,0.233712,-0.935464,0.114364,0.240571,-1.019321,-1.496595,0.734028,0.29002,-0.937571,-0.0653,-0.175707
2026-03-27T18:23:59.681872+00:00,14.315697,1774635839681871500,-0.054326,0.427379,1.076922,0.040406,0.035665,-0.758039,-0.406192,-1.363269,-0.45881,1.831676,0.234187,-0.934623,0.113958,0.239901,-1.019632,-1.497797,0.734002,0.288443,-0.941252,-0.062583,-0.174094
2026-03-27T18:23:59.699369+00:00,14.333195,1774635839699369200,-0.054303,0.427448,1.076788,0.034282,0.042486,-0.896525,-0.479905,-1.36286,-0.458963,1.833155,0.234243,-0.937002,0.113784,0.241137,-1.019813,-1.498792,0.733828,0.288737,-0.937405,-0.059239,-0.17148
2026-03-27T18:23:59.716406+00:00,14.350232,1774635839716406200,-0.054292,0.427472,1.076629,0.033946,0.04338,-0.908627,-0.486343,-1.362524,-0.459176,1.83465,0.236116,-0.931034,0.112441,0.240304,-1.019924,-1.499893,0.733611,0.28597,-0.944063,-0.056866,-0.1709
2026-03-27T18:23:59.733492+00:00,14.367318,1774635839733492600,-0.054305,0.427514,1.076252,0.036919,0.040242,-0.838082,-0.448332,-1.362241,-0.459315,1.836114,0.235744,-0.936345,0.112304,0.242547,-1.019995,-1.500943,0.733419,0.285343,-0.94385,-0.054135,-0.169366
2026-03-27T18:23:59.750202+00:00,14.384028,1774635839750202100,-0.054353,0.427538,1.075908,0.036777,0.040686,-0.841276,-0.450028,-1.362063,-0.459508,1.837514,0.239141,-0.931856,0.111128,0.242728,-1.020024,-1.50205,0.733268,0.284816,-0.941879,-0.051533,-0.167627
2026-03-27T18:23:59.767423+00:00,14.401249,1774635839767423200,-0.054408,0.427574,1.075555,0.03627,0.041591,-0.850446,-0.454931,-1.361901,-0.459599,1.838804,0.241477,-0.930438,0.110323,0.242687,-1.020063,-1.503178,0.733104,0.283936,-0.942492,-0.049075,-0.166388
2026-03-27T18:23:59.784465+00:00,14.418291,1774635839784465400,-0.054426,0.427592,1.075194,0.035714,0.042504,-0.859707,-0.459895,-1.36174,-0.459862,1.840044,0.245552,-0.92848,0.108828,0.243424,-1.020092,-1.504247,0.732977,0.282083,-0.943662,-0.046551,-0.164772
2026-03-27T18:23:59.801467+00:00,14.435293,1774635839801466900,-0.054416,0.42761,1.074759,0.035297,0.04337,-0.87008,-0.46548,-1.361532,-0.460059,1.841203,0.245253,-0.934359,0.107632,0.24506,-1.020199,-1.505383,0.732959,0.279578,-0.945324,-0.04384,-0.163607
2026-03-27T18:23:59.818297+00:00,14.452123,1774635839818297300,-0.05438,0.427632,1.07428,0.034953,0.044187,-0.880379,-0.470923,-1.361315,-0.460508,1.842455,0.246915,-0.932029,0.104703,0.245413,-1.020314,-1.506512,0.732968,0.277325,-0.946353,-0.041139,-0.162216
2026-03-27T18:23:59.835234+00:00,14.46906,1774635839835234100,-0.054328,0.42766,1.073736,0.0346,0.045137,-0.892569,-0.477407,-1.361098,-0.461183,1.843622,0.249846,-0.927414,0.101305,0.245741,-1.020413,-1.507618,0.733027,0.27738,-0.944049,-0.038338,-0.160339
2026-03-27T18:23:59.852296+00:00,14.486122,1774635839852296500,-0.054243,0.427688,1.073103,0.034155,0.046203,-0.90551,-0.484308,-1.3609,-0.461954,1.844762,0.254495,-0.927459,0.098298,0.249643,-1.020647,-1.508674,0.733143,0.274491,-0.945273,-0.035273,-0.158606
2026-03-27T18:23:59.869286+00:00,14.503112,1774635839869286000,-0.05401,0.42769,1.07241,0.036589,0.043742,-0.853215,-0.456191,-1.360608,-0.461734,1.845701,0.261112,-0.9253,0.102647,0.253802,-1.020946,-1.509342,0.733189,0.273828,-0.946786,-0.033945,-0.15696
2026-03-27T18:23:59.886257+00:00,14.520083,1774635839886257200,-0.053553,0.427753,1.071677,0.036466,0.044825,-0.871549,-0.465989,-1.36041,-0.46129,1.846634,0.2666,-0.921916,0.10559,0.257893,-1.021119,-1.509534,0.733491,0.274137,-0.950908,-0.035825,-0.156687
2026-03-27T18:23:59.903518+00:00,14.537344,1774635839903518100,-0.05294,0.427852,1.070908,0.036351,0.046248,-0.896665,-0.479415,-1.360281,-0.460795,1.847465,0.27163,-0.919297,0.10852,0.2598,-1.021244,-1.509381,0.734187,0.274797,-0.950664,-0.038011,-0.15641
2026-03-27T18:23:59.920319+00:00,14.554144,1774635839920318700,-0.052245,0.428006,1.070111,0.037397,0.046322,-0.895735,-0.478902,-1.360001,-0.460418,1.848203,0.274744,-0.917843,0.110773,0.2608,-1.021415,-1.509494,0.735045,0.277756,-0.945194,-0.039073,-0.155937
2026-03-27T18:23:59.937412+00:00,14.571238,1774635839937412300,-0.051325,0.428189,1.069186,0.036117,0.049558,-0.954849,-0.510527,-1.359956,-0.460266,1.848575,0.271778,-0.921803,0.111299,0.2623,-1.021531,-1.509488,0.735765,0.277741,-0.949169,-0.040948,-0.156559
2026-03-27T18:23:59.954530+00:00,14.588356,1774635839954530400,-0.050308,0.428429,1.068222,0.036238,0.050888,-0.98158,-0.524796,-1.359833,-0.46009,1.848747,0.271202,-0.920414,0.111066,0.262054,-1.021559,-1.509353,0.736432,0.280585,-0.94719,-0.042936,-0.156336
2026-03-27T18:23:59.971431+00:00,14.605257,1774635839971431000,-0.049148,0.428759,1.067238,0.039749,0.047664,-0.925763,-0.494639,-1.359822,-0.459989,1.848694,0.268926,-0.922451,0.110942,0.262452,-1.021551,-1.509199,0.737023,0.283509,-0.944046,-0.045181,-0.156319
2026-03-27T18:23:59.988551+00:00,14.622377,1774635839988551000,-0.047839,0.429183,1.066233,0.043143,0.045137,-0.886322,-0.47324,-1.359799,-0.459831,1.848567,0.266946,-0.920455,0.109784,0.261897,-1.021411,-1.509063,0.737641,0.285808,-0.943192,-0.047647,-0.156663
2026-03-27T18:24:00.005668+00:00,14.639493,1774635840005667600,-0.046448,0.429692,1.065211,0.048798,0.040891,-0.814346,-0.434292,-1.359772,-0.459572,1.848107,0.263337,-0.92305,0.109366,0.262104,-1.021229,-1.509043,0.738421,0.285453,-0.943937,-0.05053,-0.15855
2026-03-27T18:24:00.022628+00:00,14.656453,1774635840022627600,-0.045012,0.43025,1.064153,0.047649,0.042731,-0.865015,-0.460259,-1.359778,-0.459098,1.847224,0.260563,-0.923766,0.109757,0.261152,-1.02094,-1.508884,0.738927,0.285324,-0.943378,-0.052827,-0.159377
2026-03-27T18:24:00.039721+00:00,14.673547,1774635840039721000,-0.043505,0.43087,1.06309,0.044137,0.046838,-0.967299,-0.513716,-1.359823,-0.458221,1.84596,0.259208,-0.920477,0.111585,0.258912,-1.020648,-1.508834,0.739558,0.28517,-0.943114,-0.055245,-0.160392
2026-03-27T18:24:00.056743+00:00,14.690568,1774635840056742600,-0.042034,0.431559,1.062032,0.047776,0.043514,-0.922446,-0.488746,-1.359836,-0.456779,1.844468,0.25709,-0.925054,0.116117,0.257587,-1.020357,-1.508783,0.740185,0.285015,-0.942844,-0.05765,-0.1614
2026-03-27T18:24:00.073844+00:00,14.70767,1774635840073844500,-0.040585,0.432291,1.060962,0.051314,0.040563,-0.884218,-0.467509,-1.360059,-0.455158,1.842931,0.255187,-0.925702,0.120132,0.255353,-1.020065,-1.508733,0.740814,0.284857,-0.942568,-0.06006,-0.16241
2026-03-27T18:24:00.090821+00:00,14.724647,1774635840090821100,-0.039156,0.433041,1.059899,0.052586,0.039494,-0.884587,-0.466519,-1.36029,-0.453392,1.841252,0.253138,-0.924038,0.123734,0.251986,-1.019048,-1.508803,0.740082,0.281346,-0.94219,-0.057382,-0.164994
2026-03-27T18:24:00.108158+00:00,14.741983,1774635840108157600,-0.037773,0.433804,1.058823,0.053681,0.038519,-0.884428,-0.465147,-1.360684,-0.451639,1.839386,0.247717,-0.93095,0.127761,0.250139,-1.01862,-1.508851,0.740263,0.27986,-0.94231,-0.058098,-0.166484
2026-03-27T18:24:00.125486+00:00,14.759312,1774635840125486100,-0.036375,0.434576,1.057729,0.054763,0.037523,-0.884847,-0.46418,-1.361153,-0.449768,1.837532,0.243891,-0.932442,0.13127,0.246974,-1.018185,-1.5089,0.740446,0.278354,-0.942428,-0.058823,-0.167991
2026-03-27T18:24:00.142433+00:00,14.776259,1774635840142433400,-0.035188,0.435281,1.056611,0.055697,0.036575,-0.884187,-0.462946,-1.361814,-0.448121,1.835421,0.240502,-0.933754,0.131981,0.243946,-1.017533,-1.508813,0.73956,0.272879,-0.947754,-0.057398,-0.169764
2026-03-27T18:24:00.159603+00:00,14.793429,1774635840159603400,-0.033998,0.436037,1.055508,0.058489,0.034462,-0.856243,-0.447313,-1.362416,-0.446539,1.833514,0.23675,-0.935803,0.133222,0.241723,-1.017338,-1.508649,0.739124,0.269678,-0.946613,-0.056796,-0.168794
2026-03-27T18:24:00.176529+00:00,14.810355,1774635840176529100,-0.032907,0.436734,1.054455,0.057424,0.034703,-0.884951,-0.461275,-1.363017,-0.444979,1.831832,0.233374,-0.934822,0.133713,0.239441,-1.017103,-1.508546,0.738469,0.266311,-0.946539,-0.055791,-0.168097
2026-03-27T18:24:00.193527+00:00,14.827353,1774635840193527500,-0.031929,0.437469,1.053378,0.061758,0.031841,-0.83269,-0.433062,-1.363628,-0.443475,1.830344,0.229831,-0.935404,0.134497,0.238777,-1.016988,-1.508326,0.737831,0.262846,-0.947637,-0.054606,-0.167601
2026-03-27T18:24:00.210295+00:00,14.84412,1774635840210294700,-0.031072,0.438158,1.052302,0.0606,0.032004,-0.856474,-0.444361,-1.364202,-0.442137,1.829075,0.227775,-0.932165,0.135103,0.237685,-1.016876,-1.508084,0.737161,0.257194,-0.949016,-0.052062,-0.166674
2026-03-27T18:24:00.227329+00:00,14.861154,1774635840227328700,-0.03057,0.438632,1.051382,0.059628,0.032068,-0.875168,-0.452848,-1.364779,-0.44071,1.827971,0.225538,-0.932017,0.136767,0.237886,-1.016735,-1.50789,0.736402,0.250804,-0.954394,-0.049905,-0.166456
2026-03-27T18:24:00.244438+00:00,14.878264,1774635840244438000,-0.030017,0.439306,1.050297,0.059649,0.031551,-0.875637,-0.451991,-1.365427,-0.439093,1.826896,0.223654,-0.932018,0.138758,0.238316,-1.016671,-1.507281,0.735725,0.245449,-0.956095,-0.047626,-0.165905
2026-03-27T18:24:00.261491+00:00,14.895317,1774635840261490800,-0.029487,0.440128,1.04902,0.0569,0.032207,-0.911138,-0.469252,-1.366056,-0.43753,1.826165,0.222935,-0.932756,0.14173,0.24013,-1.016508,-1.506514,0.735006,0.242326,-0.951405,-0.045424,-0.164872
2026-03-27T18:24:00.278481+00:00,14.912306,1774635840278480600,-0.029258,0.440733,1.047916,0.055449,0.032132,-0.927592,-0.476636,-1.366718,-0.435909,1.825407,0.222389,-0.931448,0.143928,0.241091,-1.0163,-1.505436,0.734396,0.23769,-0.951854,-0.044041,-0.165044
2026-03-27T18:24:00.295637+00:00,14.929462,1774635840295636700,-0.029164,0.44133,1.046825,0.06139,0.028211,-0.828962,-0.425218,-1.367362,-0.434265,1.824638,0.222143,-0.930592,0.145831,0.241997,-1.01607,-1.504172,0.733898,0.231216,-0.957341,-0.043312,-0.165981
2026-03-27T18:24:00.312575+00:00,14.946401,1774635840312575200,-0.029111,0.441861,1.045694,0.058011,0.029181,-0.868969,-0.444984,-1.367849,-0.432755,1.823887,0.22228,-0.928474,0.146899,0.242394,-1.015777,-1.502728,0.733457,0.225894,-0.955536,-0.043214,-0.165718
2026-03-27T18:24:00.329702+00:00,14.963527,1774635840329701700,-0.029106,0.442369,1.044558,0.054325,0.030726,-0.921646,-0.471159,-1.368321,-0.43119,1.82311,0.220655,-0.932916,0.148595,0.244267,-1.015513,-1.501254,0.733019,0.219824,-0.956708,-0.043253,-0.165936
2026-03-27T18:24:00.347016+00:00,14.980842,1774635840347015800,-0.029166,0.442877,1.043375,0.058193,0.028553,-0.854069,-0.436064,-1.368591,-0.429725,1.822328,0.219603,-0.934049,0.149033,0.245017,-1.01508,-1.498991,0.732739,0.216106,-0.959487,-0.045585,-0.167174
2026-03-27T18:24:00.363676+00:00,14.997502,1774635840363676300,-0.029396,0.443358,1.042225,0.05781,0.028707,-0.85387,-0.435328,-1.368846,-0.428209,1.821483,0.218652,-0.934167,0.149093,0.245433,-1.014854,-1.497007,0.732448,0.211853,-0.960211,-0.04715,-0.167684
2026-03-27T18:24:00.380475+00:00,15.014301,1774635840380475300,-0.029642,0.443873,1.041018,0.055883,0.030129,-0.87677,-0.446344,-1.36893,-0.426655,1.820422,0.218739,-0.929512,0.147899,0.244193,-1.014633,-1.494831,0.732231,0.205992,-0.967592,-0.049327,-0.169257
2026-03-27T18:24:00.397403+00:00,15.031229,1774635840397402900,-0.030032,0.444417,1.039741,0.051649,0.032863,-0.941206,-0.478348,-1.368983,-0.424947,1.819262,0.216493,-0.933655,0.14808,0.244943,-1.014531,-1.492719,0.732041,0.203382,-0.959874,-0.05033,-0.168338
2026-03-27T18:24:00.414757+00:00,15.048583,1774635840414756900,-0.030376,0.444797,1.038528,0.057607,0.029571,-0.835256,-0.4243,-1.368971,-0.423242,1.817948,0.214361,-0.932821,0.147337,0.244279,-1.014429,-1.490534,0.731928,0.199294,-0.958119,-0.051038,-0.168565
2026-03-27T18:24:00.431598+00:00,15.065424,1774635840431598300,-0.030858,0.445324,1.037109,0.051346,0.033296,-0.926087,-0.469908,-1.369026,-0.421656,1.816657,0.210764,-0.93554,0.147417,0.244578,-1.014375,-1.48851,0.731813,0.192985,-0.968668,-0.051746,-0.171161
2026-03-27T18:24:00.448799+00:00,15.082624,1774635840448798600,-0.031594,0.446105,1.035454,0.053133,0.032206,-0.882519,-0.447537,-1.369014,-0.41972,1.815048,0.208307,-0.935077,0.147477,0.244157,-1.014309,-1.486449,0.731718,0.190614,-0.964012,-0.051216,-0.171316
2026-03-27T18:24:00.465707+00:00,15.099533,1774635840465706900,-0.03214,0.44678,1.033906,0.048656,0.035113,-0.951466,-0.481677,-1.368962,-0.417754,1.813116,0.205698,-0.936104,0.148074,0.244272,-1.014296,-1.48445,0.731508,0.187626,-0.965769,-0.050428,-0.172274
2026-03-27T18:24:00.482662+00:00,15.116488,1774635840482662000,-0.03269,0.447567,1.032306,0.052719,0.032366,-0.867377,-0.438523,-1.368923,-0.415776,1.811045,0.202986,-0.939462,0.148391,0.245285,-1.014345,-1.482549,0.731209,0.18599,-0.960839,-0.049343,-0.172133
2026-03-27T18:24:00.499656+00:00,15.133482,1774635840499655900,-0.033225,0.44849,1.030654,0.050466,0.033738,-0.896116,-0.451988,-1.368885,-0.413876,1.808639,0.200583,-0.94015,0.147917,0.245708,-1.014451,-1.480688,0.730886,0.183402,-0.961085,-0.048667,-0.172861
2026-03-27T18:24:00.516721+00:00,15.150546,1774635840516720600,-0.033768,0.449515,1.028928,0.054309,0.031276,-0.824679,-0.414945,-1.368855,-0.411943,1.805918,0.19783,-0.941301,0.14779,0.246249,-1.014346,-1.478804,0.730436,0.179221,-0.971914,-0.050277,-0.175572
2026-03-27T18:24:00.533743+00:00,15.167569,1774635840533743400,-0.03425,0.450636,1.027085,0.050215,0.033778,-0.8845,-0.443522,-1.368849,-0.410091,1.802862,0.19497,-0.942932,0.148304,0.246673,-1.014426,-1.476978,0.729935,0.177003,-0.972264,-0.05082,-0.176472
2026-03-27T18:24:00.550678+00:00,15.184504,1774635840550678100,-0.034749,0.451834,1.025204,0.05014,0.033685,-0.879397,-0.439642,-1.368858,-0.408357,1.799547,0.194075,-0.934709,0.147404,0.244929,-1.014505,-1.475162,0.729436,0.174797,-0.972612,-0.05136,-0.177367
2026-03-27T18:24:00.567931+00:00,15.201757,1774635840567931300,-0.035273,0.453147,1.023258,0.050169,0.03348,-0.872936,-0.434559,-1.36896,-0.406849,1.795872,0.191309,-0.93782,0.148026,0.245883,-1.014585,-1.473329,0.728933,0.172568,-0.972962,-0.051905,-0.178271
2026-03-27T18:24:00.584794+00:00,15.21862,1774635840584794200,-0.035783,0.454499,1.021257,0.045418,0.03676,-0.959084,-0.4756,-1.369346,-0.405525,1.791967,0.19068,-0.932912,0.147313,0.245186,-1.014664,-1.47151,0.728433,0.170354,-0.97331,-0.052447,-0.179168
2026-03-27T18:24:00.601823+00:00,15.235649,1774635840601823200,-0.036351,0.455919,1.019226,0.052064,0.031926,-0.83393,-0.411534,-1.369937,-0.404379,1.787865,0.187414,-0.943976,0.148879,0.248654,-1.014743,-1.469687,0.727932,0.168134,-0.973658,-0.052989,-0.180067
2026-03-27T18:24:00.618789+00:00,15.252615,1774635840618789300,-0.036903,0.457316,1.017105,0.051824,0.031996,-0.836559,-0.411157,-1.370897,-0.403714,1.783334,0.189293,-0.934413,0.146926,0.247255,-1.014781,-1.468817,0.727692,0.167073,-0.973824,-0.053248,-0.180497
2026-03-27T18:24:00.635713+00:00,15.269538,1774635840635712600,-0.037503,0.458715,1.014964,0.047055,0.035248,-0.920622,-0.450264,-1.372056,-0.403197,1.778687,0.188246,-0.940309,0.147352,0.249946,-1.014781,-1.468817,0.727692,0.167073,-0.973824,-0.053248,-0.180497
2026-03-27T18:24:00.652797+00:00,15.286622,1774635840652796400,-0.038021,0.459949,1.012811,0.051075,0.032543,-0.846953,-0.41253,-1.373481,-0.402849,1.773806,0.189349,-0.937102,0.146422,0.250656,-1.014781,-1.468817,0.727692,0.167073,-0.973824,-0.053248,-0.180497
2026-03-27T18:24:00.670093+00:00,15.303918,1774635840670092500,-0.038742,0.461322,1.010587,0.046025,0.036242,-0.938897,-0.455176,-1.375126,-0.40274,1.768697,0.190788,-0.934354,0.14585,0.251089,-1.014781,-1.468817,0.727692,0.167073,-0.973824,-0.053248,-0.180497
2026-03-27T18:24:00.686782+00:00,15.320608,1774635840686782500,-0.039729,0.462863,1.008338,0.052081,0.032176,-0.829593,-0.400326,-1.377044,-0.402786,1.763471,0.192541,-0.93195,0.14527,0.25138,-1.014781,-1.468817,0.727692,0.167073,-0.973824,-0.053248,-0.180497
2026-03-27T18:24:00.703850+00:00,15.337676,1774635840703850000,-0.040509,0.464125,1.006112,0.046929,0.035998,-0.92108,-0.442395,-1.379195,-0.402945,1.758009,0.194124,-0.930936,0.144434,0.252296,-1.014781,-1.468817,0.727692,0.167073,-0.973824,-0.053248,-0.180497
2026-03-27T18:24:00.720927+00:00,15.354753,1774635840720927400,-0.041252,0.465285,1.003924,0.050609,0.033747,-0.854107,-0.408412,-1.381592,-0.40332,1.75236,0.193788,-0.940615,0.143916,0.256153,-1.014781,-1.468817,0.727692,0.167073,-0.973824,-0.053248,-0.180497
2026-03-27T18:24:00.737547+00:00,15.371373,1774635840737547000,-0.042122,0.466465,1.001724,0.047984,0.036008,-0.902931,-0.429848,-1.384056,-0.404092,1.746633,0.196637,-0.932924,0.139894,0.25518,-1.014781,-1.468817,0.727692,0.167073,-0.973824,-0.053248,-0.180497
2026-03-27T18:24:00.754798+00:00,15.388624,1774635840754798100,-0.043019,0.467595,0.999455,0.04525,0.038493,-0.960355,-0.455259,-1.386715,-0.404938,1.740622,0.198186,-0.932777,0.135995,0.255823,-1.014781,-1.468817,0.727692,0.167073,-0.973824,-0.053248,-0.180497
2026-03-27T18:24:00.771760+00:00,15.405586,1774635840771759800,-0.043905,0.468559,0.997163,0.051189,0.034373,-0.855486,-0.404657,-1.389424,-0.405822,1.734495,0.199903,-0.931471,0.131441,0.255939,-1.014781,-1.468817,0.727692,0.167073,-0.973824,-0.053248,-0.180497
2026-03-27T18:24:00.788852+00:00,15.422678,1774635840788852000,-0.044925,0.46963,0.994843,0.050706,0.035268,-0.872056,-0.411316,-1.392181,-0.406646,1.728221,0.199926,-0.934892,0.127364,0.256523,-1.014781,-1.468817,0.727692,0.167073,-0.973824,-0.053248,-0.180497
2026-03-27T18:24:00.805841+00:00,15.439667,1774635840805841200,-0.045812,0.470545,0.992576,0.050383,0.036072,-0.891462,-0.419202,-1.394937,-0.40739,1.721898,0.200297,-0.933964,0.122393,0.256077,-1.014781,-1.468817,0.727692,0.167073,-0.973824,-0.053248,-0.180497
2026-03-27T18:24:00.822927+00:00,15.456753,1774635840822927300,-0.046572,0.47136,0.990333,0.046406,0.040127,-0.99192,-0.465223,-1.397783,-0.407976,1.715474,0.198899,-0.940719,0.118496,0.25755,-1.014781,-1.468817,0.727692,0.167073,-0.973824,-0.053248,-0.180497
2026-03-27T18:24:00.839974+00:00,15.4738,1774635840839973800,-0.047288,0.472023,0.988152,0.05272,0.036204,-0.895018,-0.419001,-1.400664,-0.408335,1.708981,0.199175,-0.937401,0.114291,0.256013,-1.014781,-1.468817,0.727692,0.167073,-0.973824,-0.053248,-0.180497
2026-03-27T18:24:00.857031+00:00,15.490857,1774635840857031200,-0.048053,0.472642,0.985971,0.056578,0.034697,-0.855341,-0.399891,-1.403672,-0.408563,1.70247,0.198616,-0.935099,0.1116,0.254721,-1.014781,-1.468817,0.727692,0.167073,-0.973824,-0.053248,-0.180497
2026-03-27T18:24:00.874024+00:00,15.50785,1774635840874024400,-0.048946,0.473332,0.983799,0.05409,0.037367,-0.915761,-0.427121,-1.406783,-0.408614,1.695917,0.197869,-0.93436,0.110214,0.253659,-1.014781,-1.468817,0.727692,0.167073,-0.973824,-0.053248,-0.180497
2026-03-27T18:24:00.891088+00:00,15.524913,1774635840891087600,-0.049884,0.474028,0.98162,0.056398,0.036875,-0.89542,-0.416961,-1.409996,-0.408623,1.689276,0.196409,-0.939861,0.110848,0.254215,-1.014781,-1.468817,0.727692,0.167073,-0.973824,-0.053248,-0.180497
2026-03-27T18:24:00.908197+00:00,15.542023,1774635840908197000,-0.05092,0.474682,0.979438,0.055017,0.038865,-0.934066,-0.434108,-1.413304,-0.40861,1.682588,0.197335,-0.938144,0.112085,0.252432,-1.014781,-1.468817,0.727692,0.167073,-0.973824,-0.053248,-0.180497
2026-03-27T18:24:00.925214+00:00,15.55904,1774635840925214200,-0.05214,0.475526,0.977169,0.058474,0.037482,-0.893138,-0.414579,-1.416795,-0.408649,1.675903,0.198383,-0.938722,0.114573,0.251151,-1.014781,-1.468817,0.727692,0.167073,-0.973824,-0.053248,-0.180497
2026-03-27T18:24:00.942302+00:00,15.576128,1774635840942301900,-0.053252,0.476172,0.974933,0.054126,0.041533,-0.980036,-0.454038,-1.420448,-0.408832,1.669309,0.201479,-0.934455,0.117494,0.249179,-1.014781,-1.468817,0.727692,0.167073,-0.973824,-0.053248,-0.180497
2026-03-27T18:24:00.959312+00:00,15.593138,1774635840959311900,-0.054408,0.476874,0.972697,0.059282,0.038833,-0.906535,-0.419186,-1.42429,-0.409271,1.662898,0.203643,-0.940848,0.122401,0.251032,-1.014781,-1.468817,0.727692,0.167073,-0.973824,-0.053248,-0.180497
2026-03-27T18:24:00.976340+00:00,15.610165,1774635840976339600,-0.055646,0.477578,0.970417,0.062358,0.037804,-0.871329,-0.40241,-1.428376,-0.410079,1.656518,0.209867,-0.934871,0.126278,0.249851,-1.014781,-1.468817,0.727692,0.167073,-0.973824,-0.053248,-0.180497
2026-03-27T18:24:00.993399+00:00,15.627225,1774635840993399200,-0.056866,0.478303,0.96808,0.05978,0.040452,-0.918636,-0.423233,-1.432539,-0.411212,1.650059,0.215583,-0.938609,0.131508,0.250751,-1.014781,-1.468817,0.727692,0.167073,-0.973824,-0.053248,-0.180497
2026-03-27T18:24:01.011853+00:00,15.645679,1774635841011852800,-0.058238,0.479135,0.965522,0.064501,0.038481,-0.861052,-0.39582,-1.437039,-0.412823,1.643123,0.224376,-0.932448,0.134989,0.248709,-1.039635,-1.455458,0.62734,0.19476,-0.951316,-0.010132,-0.223794
2026-03-27T18:24:01.028442+00:00,15.662267,1774635841028441600,-0.059407,0.479935,0.963161,0.065985,0.038341,-0.850897,-0.390335,-1.440892,-0.414868,1.636978,0.231509,-0.928461,0.135762,0.246716,-1.041793,-1.455792,0.622747,0.197026,-0.954763,-0.00949,-0.227156
2026-03-27T18:24:01.045739+00:00,15.679565,1774635841045738900,-0.060522,0.480721,0.96064,0.060996,0.04234,-0.93451,-0.427704,-1.444804,-0.417207,1.630686,0.236982,-0.93138,0.136192,0.246184,-1.044257,-1.456924,0.617984,0.199449,-0.954222,-0.008504,-0.229698
2026-03-27T18:24:01.062408+00:00,15.696234,1774635841062408500,-0.061513,0.481523,0.95813,0.065874,0.039919,-0.880697,-0.402341,-1.448331,-0.419839,1.624772,0.241454,-0.932473,0.13478,0.2447,-1.046809,-1.45821,0.613414,0.201998,-0.953089,-0.007107,-0.232029
2026-03-27T18:24:01.079350+00:00,15.713176,1774635841079350600,-0.062391,0.482355,0.955564,0.064063,0.04193,-0.928338,-0.422989,-1.451637,-0.422652,1.619031,0.246446,-0.927066,0.131485,0.241285,-1.049517,-1.459952,0.608953,0.204893,-0.95085,-0.004082,-0.232968
2026-03-27T18:24:01.096371+00:00,15.730196,1774635841096370600,-0.063211,0.483222,0.952979,0.068137,0.040254,-0.896149,-0.407194,-1.454556,-0.425458,1.613701,0.249713,-0.926726,0.128739,0.239276,-1.05207,-1.461638,0.604783,0.208159,-0.94592,-0.001335,-0.233059
2026-03-27T18:24:01.113306+00:00,15.747131,1774635841113305500,-0.063903,0.484158,0.950366,0.070165,0.040164,-0.899062,-0.407268,-1.457188,-0.42826,1.608672,0.252845,-0.926204,0.126293,0.237273,-1.054738,-1.463651,0.600705,0.209692,-0.950058,0.001205,-0.234516
2026-03-27T18:24:01.130160+00:00,15.763986,1774635841130160100,-0.064548,0.485032,0.947756,0.069779,0.041516,-0.931282,-0.420663,-1.459396,-0.430876,1.604207,0.255374,-0.928247,0.124579,0.236369,-1.057165,-1.465481,0.59695,0.213098,-0.945507,0.003418,-0.23357
2026-03-27T18:24:01.147281+00:00,15.781107,1774635841147280800,-0.065206,0.485922,0.94511,0.075478,0.0397,-0.887854,-0.40009,-1.461286,-0.433394,1.600046,0.257573,-0.930832,0.123083,0.235745,-1.059611,-1.4676,0.593399,0.215501,-0.945211,0.004585,-0.232814
2026-03-27T18:24:01.164363+00:00,15.798189,1774635841164363200,-0.065787,0.486759,0.942455,0.073767,0.041974,-0.935217,-0.420393,-1.46276,-0.435617,1.596439,0.261176,-0.927415,0.121336,0.233916,-1.061752,-1.469591,0.590189,0.217768,-0.9449,0.0046,-0.231281
2026-03-27T18:24:01.181269+00:00,15.815095,1774635841181269300,-0.066388,0.487626,0.939841,0.08063,0.03977,-0.87979,-0.394679,-1.463812,-0.437554,1.593286,0.262884,-0.930382,0.121238,0.233752,-1.063629,-1.471579,0.587212,0.218947,-0.950696,0.004949,-0.230547
2026-03-27T18:24:01.198403+00:00,15.832229,1774635841198403300,-0.066912,0.488476,0.937225,0.080053,0.041408,-0.91154,-0.407674,-1.464473,-0.439172,1.590718,0.266232,-0.925826,0.120585,0.23204,-1.065499,-1.473641,0.584401,0.221024,-0.950684,0.004947,-0.228396
2026-03-27T18:24:01.215493+00:00,15.849319,1774635841215493300,-0.067437,0.489313,0.9346,0.083671,0.040907,-0.895254,-0.399612,-1.464946,-0.440481,1.588481,0.268,-0.927909,0.120953,0.231812,-1.066951,-1.475505,0.581986,0.223995,-0.943822,0.00324,-0.223829
2026-03-27T18:24:01.232529+00:00,15.866355,1774635841232529300,-0.067899,0.490145,0.932037,0.083096,0.042622,-0.92356,-0.410921,-1.464942,-0.441429,1.586749,0.269307,-0.929044,0.121346,0.230968,-1.068379,-1.477398,0.579856,0.225117,-0.945832,0.002211,-0.220915
2026-03-27T18:24:01.249407+00:00,15.883232,1774635841249406400,-0.068395,0.491022,0.929513,0.087532,0.041822,-0.894553,-0.396991,-1.464864,-0.441967,1.585272,0.270537,-0.930012,0.121533,0.22946,-1.069643,-1.479096,0.577888,0.226357,-0.945107,0.001977,-0.216922
2026-03-27T18:24:01.266380+00:00,15.900206,1774635841266380300,-0.06883,0.491923,0.927028,0.087834,0.043047,-0.907694,-0.401304,-1.464238,-0.442117,1.58417,0.272209,-0.929767,0.121541,0.227164,-1.070951,-1.480911,0.576182,0.226993,-0.945833,0.001968,-0.213179
2026-03-27T18:24:01.283190+00:00,15.917016,1774635841283189900,-0.069218,0.49283,0.92461,0.088135,0.044073,-0.918641,-0.404634,-1.463241,-0.441891,1.583267,0.273892,-0.92797,0.121906,0.224104,-1.07224,-1.482701,0.574499,0.227617,-0.946534,0.00196,-0.209484
2026-03-27T18:24:01.300210+00:00,15.934035,1774635841300209400,-0.069546,0.493733,0.922214,0.08853,0.044928,-0.927406,-0.406886,-1.461934,-0.441074,1.582709,0.2755,-0.925162,0.122514,0.220455,-1.07285,-1.483684,0.574192,0.22583,-0.950066,0.006314,-0.207386
2026-03-27T18:24:01.317077+00:00,15.950903,1774635841317077600,-0.069823,0.494609,0.919895,0.092183,0.044068,-0.901352,-0.394025,-1.460632,-0.439331,1.582197,0.276016,-0.925878,0.123875,0.216757,-1.073775,-1.484728,0.57307,0.225896,-0.954344,0.009846,-0.205463
2026-03-27T18:24:01.334159+00:00,15.967985,1774635841334158800,-0.070003,0.495396,0.917566,0.091406,0.045284,-0.919164,-0.400702,-1.458934,-0.436951,1.58186,0.27663,-0.928004,0.126118,0.213015,-1.074513,-1.485596,0.572068,0.228318,-0.95359,0.013987,-0.202341
2026-03-27T18:24:01.351373+00:00,15.985199,1774635841351373300,-0.070098,0.49618,0.915287,0.093976,0.044468,-0.903906,-0.392987,-1.457082,-0.433548,1.581591,0.27783,-0.926013,0.129835,0.207812,-1.074994,-1.485783,0.57072,0.233516,-0.948573,0.018647,-0.198155
2026-03-27T18:24:01.368383+00:00,16.002209,1774635841368383600,-0.070067,0.496985,0.913114,0.093625,0.044913,-0.920389,-0.398827,-1.454888,-0.429558,1.58148,0.277142,-0.929246,0.13565,0.20364,-1.075538,-1.486019,0.569535,0.236715,-0.948363,0.022777,-0.195346
2026-03-27T18:24:01.385447+00:00,16.019273,1774635841385447200,-0.070034,0.497812,0.911002,0.09794,0.043073,-0.892496,-0.385727,-1.452229,-0.424942,1.581431,0.275546,-0.932729,0.143094,0.199268,-1.075784,-1.485907,0.568133,0.232674,-0.955613,0.025117,-0.194144
2026-03-27T18:24:01.402617+00:00,16.036443,1774635841402617300,-0.069703,0.498618,0.908954,0.096214,0.043954,-0.922873,-0.397506,-1.449275,-0.419739,1.581409,0.274776,-0.930078,0.150745,0.193658,-1.076164,-1.485756,0.566811,0.233049,-0.94997,0.027033,-0.189859
2026-03-27T18:24:01.419614+00:00,16.05344,1774635841419614000,-0.069278,0.499395,0.906998,0.097407,0.043397,-0.927062,-0.398127,-1.446028,-0.414176,1.581549,0.273146,-0.927503,0.15856,0.18868,-1.076413,-1.485627,0.565237,0.230408,-0.954307,0.027967,-0.187545
2026-03-27T18:24:01.438511+00:00,16.072337,1774635841438510800,-0.068717,0.50025,0.905019,0.101763,0.041636,-0.90427,-0.387217,-1.442208,-0.407831,1.581881,0.26912,-0.929756,0.167208,0.184729,-1.07682,-1.4851,0.56355,0.228299,-0.95645,0.028155,-0.184351
2026-03-27T18:24:01.456071+00:00,16.089897,1774635841456071300,-0.068121,0.501006,0.903152,0.102464,0.041575,-0.91483,-0.390218,-1.438095,-0.401315,1.582152,0.265088,-0.928305,0.174098,0.18029,-1.077125,-1.484156,0.561427,0.227605,-0.957004,0.027513,-0.179678
2026-03-27T18:24:01.471776+00:00,16.105602,1774635841471775900,-0.067531,0.501674,0.901557,0.105472,0.040576,-0.90316,-0.384534,-1.4339,-0.395169,1.582265,0.260076,-0.929773,0.180113,0.176238,-1.077571,-1.483256,0.559554,0.226688,-0.958043,0.026979,-0.175349
2026-03-27T18:24:01.488739+00:00,16.122565,1774635841488739400,-0.066874,0.502296,0.899943,0.105134,0.04068,-0.921333,-0.391121,-1.4289,-0.388501,1.582259,0.253429,-0.936299,0.187048,0.172343,-1.077921,-1.482073,0.557089,0.226521,-0.958081,0.025941,-0.169734
2026-03-27T18:24:01.505819+00:00,16.139644,1774635841505818600,-0.066204,0.5029,0.898399,0.108191,0.039248,-0.909467,-0.385333,-1.423124,-0.381621,1.582175,0.248347,-0.936369,0.192725,0.167298,-1.078402,-1.481028,0.554786,0.226151,-0.959185,0.024653,-0.165283
2026-03-27T18:24:01.522777+00:00,16.156603,1774635841522777000,-0.065527,0.503452,0.896941,0.110281,0.038118,-0.90556,-0.383251,-1.416921,-0.374666,1.582108,0.2424,-0.935565,0.198503,0.162798,-1.07882,-1.480009,0.552239,0.224648,-0.959066,0.023336,-0.160091
2026-03-27T18:24:01.539981+00:00,16.173807,1774635841539981000,-0.064878,0.503925,0.895513,0.108934,0.038235,-0.92984,-0.39284,-1.410103,-0.367574,1.582013,0.234929,-0.936483,0.205611,0.15923,-1.079289,-1.479098,0.549457,0.22327,-0.95811,0.022852,-0.153649
2026-03-27T18:24:01.556960+00:00,16.190786,1774635841556959900,-0.064298,0.504394,0.894128,0.110962,0.037227,-0.923132,-0.389501,-1.402427,-0.360395,1.581944,0.227158,-0.933814,0.213168,0.156027,-1.08005,-1.478321,0.546711,0.219111,-0.961104,0.023211,-0.14692
2026-03-27T18:24:01.573985+00:00,16.207811,1774635841573985200,-0.063681,0.504882,0.892899,0.112935,0.036271,-0.917409,-0.386594,-1.394406,-0.353283,1.582,0.217278,-0.936527,0.222943,0.154886,-1.081037,-1.477606,0.543926,0.212798,-0.969144,0.023894,-0.139124
2026-03-27T18:24:01.591008+00:00,16.224834,1774635841591008600,-0.063137,0.505373,0.891673,0.115694,0.035005,-0.905141,-0.380676,-1.385774,-0.346234,1.582322,0.206515,-0.941269,0.234879,0.155809,-1.082064,-1.476926,0.541112,0.207831,-0.971508,0.024726,-0.130541
2026-03-27T18:24:01.608073+00:00,16.241899,1774635841608073200,-0.062488,0.505822,0.890583,0.113796,0.035136,-0.930694,-0.390632,-1.376772,-0.339304,1.582829,0.197014,-0.940081,0.247129,0.157473,-1.082943,-1.476444,0.538129,0.206155,-0.965541,0.026407,-0.12208
2026-03-27T18:24:01.625060+00:00,16.258886,1774635841625060300,-0.061931,0.506239,0.889469,0.116189,0.034032,-0.921472,-0.385925,-1.36746,-0.332622,1.583417,0.188342,-0.937524,0.260739,0.159916,-1.084033,-1.476005,0.535386,0.202831,-0.966947,0.028131,-0.114543
2026-03-27T18:24:01.643359+00:00,16.277185,1774635841643359300,-0.061324,0.506604,0.888443,0.118072,0.03314,-0.915902,-0.383182,-1.357142,-0.325893,1.584179,0.179617,-0.935837,0.276968,0.163125,-1.08511,-1.475836,0.532469,0.197938,-0.973678,0.030383,-0.106591
2026-03-27T18:24:01.659182+00:00,16.293008,1774635841659182100,-0.060784,0.506866,0.887446,0.11942,0.032346,-0.915496,-0.38275,-1.347075,-0.319853,1.585195,0.173536,-0.924464,0.291531,0.163998,-1.086153,-1.475662,0.52985,0.193051,-0.97832,0.032556,-0.097653
2026-03-27T18:24:01.676329+00:00,16.310155,1774635841676328800,-0.060163,0.507122,0.886513,0.120769,0.031573,-0.915479,-0.382436,-1.33621,-0.314089,1.586042,0.16575,-0.919748,0.30869,0.166135,-1.08772,-1.475747,0.527227,0.188833,-0.980076,0.034823,-0.088252
2026-03-27T18:24:01.693210+00:00,16.327036,1774635841693210300,-0.059687,0.507246,0.885585,0.121513,0.031172,-0.920042,-0.38416,-1.325072,-0.309486,1.587002,0.15701,-0.921167,0.327838,0.170591,-1.089308,-1.475925,0.524641,0.18638,-0.980719,0.037417,-0.08
2026-03-27T18:24:01.709995+00:00,16.343821,1774635841709995200,-0.059186,0.507354,0.884756,0.12219,0.030881,-0.924028,-0.385822,-1.31329,-0.305497,1.588284,0.149923,-0.912071,0.342283,0.174164,-1.091031,-1.476361,0.522332,0.184397,-0.982119,0.040148,-0.072605
2026-03-27T18:24:01.727049+00:00,16.360875,1774635841727049000,-0.058822,0.507421,0.883887,0.125365,0.030169,-0.908527,-0.379666,-1.30116,-0.301928,1.590103,0.140571,-0.91255,0.359674,0.182676,-1.092682,-1.477159,0.520276,0.184869,-0.974937,0.042888,-0.066807
2026-03-27T18:24:01.744075+00:00,16.377901,1774635841744075200,-0.05842,0.507451,0.883124,0.124238,0.030629,-0.925361,-0.38689,-1.288948,-0.299165,1.592107,0.132277,-0.904135,0.372997,0.191111,-1.094426,-1.478091,0.518407,0.183797,-0.974161,0.046062,-0.062029
2026-03-27T18:24:01.761191+00:00,16.395017,1774635841761191400,-0.058166,0.507488,0.882332,0.127833,0.030065,-0.907094,-0.379466,-1.276285,-0.297154,1.594334,0.123381,-0.899519,0.387694,0.202079,-1.096216,-1.479207,0.516847,0.18077,-0.985393,0.050018,-0.058847
2026-03-27T18:24:01.778099+00:00,16.411925,1774635841778098800,-0.057857,0.507494,0.881666,0.127127,0.030607,-0.920366,-0.385283,-1.26368,-0.295616,1.596581,0.115841,-0.889794,0.400115,0.212495,-1.098065,-1.480345,0.515384,0.179732,-0.985671,0.053516,-0.055158
2026-03-27T18:24:01.795086+00:00,16.428912,1774635841795086200,-0.057697,0.507523,0.880985,0.129865,0.030408,-0.908415,-0.380735,-1.250836,-0.294661,1.598626,0.109731,-0.876325,0.410527,0.221507,-1.099601,-1.4815,0.514123,0.180749,-0.978515,0.056567,-0.052459
2026-03-27T18:24:01.811903+00:00,16.445729,1774635841811902900,-0.057491,0.507524,0.880432,0.129108,0.031118,-0.92083,-0.386192,-1.23792,-0.294253,1.60053,0.102268,-0.879704,0.427463,0.234738,-1.101291,-1.482638,0.513005,0.180489,-0.977148,0.059532,-0.050038
2026-03-27T18:24:01.828721+00:00,16.462547,1774635841828720900,-0.057383,0.507521,0.879893,0.132488,0.030908,-0.902237,-0.378634,-1.225012,-0.294274,1.602308,0.096414,-0.87499,0.438748,0.246575,-1.103006,-1.483775,0.511945,0.179996,-0.977142,0.062511,-0.047866
2026-03-27T18:24:01.845504+00:00,16.479329,1774635841845503700,-0.057251,0.507439,0.879448,0.131656,0.031804,-0.91292,-0.383407,-1.212052,-0.294934,1.603987,0.091697,-0.86473,0.445567,0.257694,-1.104412,-1.484793,0.511189,0.179652,-0.979003,0.065067,-0.04749
2026-03-27T18:24:01.862737+00:00,16.496563,1774635841862737000,-0.05718,0.507295,0.878949,0.133493,0.032121,-0.904142,-0.380482,-1.199261,-0.29642,1.605647,0.086502,-0.862478,0.45447,0.272269,-1.105708,-1.485736,0.510422,0.179097,-0.983278,0.067929,-0.04752
2026-03-27T18:24:01.879656+00:00,16.513482,1774635841879655800,-0.057056,0.507093,0.878559,0.130923,0.033504,-0.926305,-0.390342,-1.186997,-0.298519,1.607124,0.084462,-0.827875,0.444878,0.276591,-1.107163,-1.486587,0.509716,0.180919,-0.974559,0.069435,-0.047071
2026-03-27T18:24:01.896688+00:00,16.530514,1774635841896688300,-0.056953,0.5069,0.878135,0.132755,0.033645,-0.917181,-0.387188,-1.174562,-0.301201,1.608425,0.076191,-0.861593,0.471819,0.303997,-1.108314,-1.48725,0.509036,0.179956,-0.980776,0.071361,-0.0472
2026-03-27T18:24:01.913667+00:00,16.547493,1774635841913667000,-0.056782,0.506718,0.877765,0.134266,0.033826,-0.911993,-0.385445,-1.16279,-0.304326,1.609305,0.07405,-0.835902,0.466876,0.309717,-1.10945,-1.487766,0.508361,0.179491,-0.985513,0.072881,-0.047571
2026-03-27T18:24:01.930753+00:00,16.564579,1774635841930752800,-0.056459,0.506496,0.877432,0.133936,0.034477,-0.919391,-0.389176,-1.150966,-0.307792,1.609896,0.070708,-0.826258,0.471491,0.320578,-1.110581,-1.488186,0.507722,0.181745,-0.975662,0.072988,-0.047711
2026-03-27T18:24:01.947790+00:00,16.581616,1774635841947790400,-0.056137,0.506285,0.87707,0.13719,0.034273,-0.902351,-0.383058,-1.139837,-0.311684,1.610143,0.06955,-0.796944,0.465518,0.322889,-1.11165,-1.488559,0.507132,0.181218,-0.98019,0.073908,-0.048965
2026-03-27T18:24:01.964836+00:00,16.598662,1774635841964836300,-0.055638,0.506058,0.876745,0.137015,0.034993,-0.909476,-0.386698,-1.128981,-0.31574,1.610267,0.069471,-0.773661,0.462145,0.326587,-1.112561,-1.488831,0.506572,0.180382,-0.984984,0.07474,-0.05052
2026-03-27T18:24:01.981924+00:00,16.61575,1774635841981923800,-0.055042,0.505873,0.876447,0.139606,0.034928,-0.900188,-0.383211,-1.118632,-0.320109,1.610211,0.069471,-0.771417,0.471296,0.338515,-1.113371,-1.489093,0.506046,0.18239,-0.974319,0.074463,-0.051541
2026-03-27T18:24:01.998993+00:00,16.632819,1774635841998993200,-0.054299,0.505675,0.876089,0.138388,0.035744,-0.918099,-0.391309,-1.108841,-0.324568,1.610028,0.070654,-0.767215,0.479311,0.348892,-1.114299,-1.489312,0.505494,0.18248,-0.974185,0.074899,-0.053188
2026-03-27T18:24:02.015777+00:00,16.649603,1774635842015776800,-0.053466,0.505555,0.875818,0.141051,0.035434,-0.91148,-0.388925,-1.099773,-0.329134,1.609758,0.070544,-0.770163,0.491637,0.362288,-1.115215,-1.489528,0.50495,0.182567,-0.974051,0.075328,-0.054811
2026-03-27T18:24:02.032820+00:00,16.666645,1774635842032819700,-0.052575,0.505449,0.875522,0.143685,0.035235,-0.906093,-0.387116,-1.09122,-0.333681,1.609276,0.067484,-0.804537,0.524101,0.391283,-1.115817,-1.489585,0.504285,0.181409,-0.982609,0.076243,-0.056866
2026-03-27T18:24:02.049789+00:00,16.683615,1774635842049789000,-0.05159,0.505354,0.875281,0.146324,0.035224,-0.901275,-0.38561,-1.083395,-0.337953,1.608699,0.074276,-0.732757,0.488471,0.367837,-1.116585,-1.489711,0.503672,0.181608,-0.982445,0.076588,-0.058423
2026-03-27T18:24:02.066858+00:00,16.700684,1774635842066858300,-0.05057,0.505255,0.875037,0.148803,0.035293,-0.898489,-0.384945,-1.076001,-0.341912,1.608024,0.07461,-0.733531,0.501932,0.379592,-1.11686,-1.489654,0.502834,0.183154,-0.97421,0.075553,-0.058361
2026-03-27T18:24:02.084784+00:00,16.71861,1774635842084784500,-0.04943,0.505172,0.874822,0.150693,0.035439,-0.899723,-0.386216,-1.068972,-0.345667,1.607128,0.072752,-0.756575,0.533626,0.402882,-1.117283,-1.489659,0.502004,0.18296,-0.978883,0.075637,-0.059745
2026-03-27T18:24:02.101548+00:00,16.735374,1774635842101548300,-0.048332,0.505115,0.874645,0.150163,0.035999,-0.915259,-0.39306,-1.063062,-0.349002,1.605929,0.076251,-0.733741,0.532137,0.39989,-1.117446,-1.489693,0.501244,0.182329,-0.984251,0.07583,-0.061074
2026-03-27T18:24:02.118542+00:00,16.752368,1774635842118541800,-0.047227,0.505094,0.874505,0.152247,0.035954,-0.914585,-0.393264,-1.057506,-0.352109,1.604602,0.078864,-0.725756,0.540169,0.404204,-1.117777,-1.489668,0.500444,0.182717,-0.984109,0.075577,-0.062091
2026-03-27T18:24:02.135579+00:00,16.769404,1774635842135578600,-0.046195,0.505126,0.874422,0.154009,0.035446,-0.912561,-0.392548,-1.052513,-0.355067,1.603243,0.082565,-0.696179,0.529742,0.396354,-1.117824,-1.489708,0.499594,0.18466,-0.972333,0.073941,-0.061958
2026-03-27T18:24:02.152628+00:00,16.786454,1774635842152628400,-0.045185,0.505116,0.874327,0.155612,0.035177,-0.911381,-0.392385,-1.047791,-0.35794,1.602099,0.078211,-0.72533,0.563499,0.422802,-1.117859,-1.489763,0.498714,0.184744,-0.975162,0.073251,-0.062867
2026-03-27T18:24:02.169689+00:00,16.803515,1774635842169689000,-0.044212,0.505146,0.874297,0.158524,0.03459,-0.900732,-0.388014,-1.043411,-0.360522,1.601248,0.076499,-0.721691,0.573077,0.431903,-1.117869,-1.489808,0.497799,0.184928,-0.978708,0.072842,-0.063703
2026-03-27T18:24:02.186876+00:00,16.820702,1774635842186875900,-0.043239,0.505155,0.874326,0.158647,0.034482,-0.906617,-0.390554,-1.039362,-0.362896,1.60052,0.077229,-0.694745,0.563363,0.426669,-1.117791,-1.489901,0.496841,0.185649,-0.981605,0.072559,-0.064256
2026-03-27T18:24:02.203913+00:00,16.837739,1774635842203913200,-0.042285,0.505196,0.874519,0.159264,0.034239,-0.909742,-0.391967,-1.035608,-0.36482,1.599911,0.077772,-0.678506,0.562984,0.427389,-1.11766,-1.490011,0.495888,0.186837,-0.981345,0.072033,-0.064621
2026-03-27T18:24:02.220814+00:00,16.85464,1774635842220814100,-0.041408,0.505196,0.874817,0.16106,0.033901,-0.904857,-0.390335,-1.032122,-0.366391,1.599283,0.073569,-0.714457,0.606471,0.459527,-1.11753,-1.490121,0.494942,0.188015,-0.981086,0.071512,-0.064984
2026-03-27T18:24:02.237835+00:00,16.871661,1774635842237835300,-0.040559,0.505186,0.875167,0.160487,0.034129,-0.912231,-0.393829,-1.028923,-0.367779,1.59857,0.075417,-0.695668,0.603492,0.455443,-1.117002,-1.490357,0.493984,0.190562,-0.972312,0.072613,-0.062614
2026-03-27T18:24:02.254875+00:00,16.8887,1774635842254874500,-0.039747,0.505182,0.875636,0.162054,0.033866,-0.906975,-0.392302,-1.025937,-0.369129,1.597764,0.077239,-0.680139,0.602507,0.451956,-1.116771,-1.490746,0.493055,0.19174,-0.972132,0.073163,-0.062083
2026-03-27T18:24:02.272017+00:00,16.905842,1774635842272016700,-0.039031,0.505163,0.876121,0.16421,0.033392,-0.897938,-0.388967,-1.023211,-0.370496,1.5971,0.080533,-0.65824,0.594065,0.443588,-1.116311,-1.49134,0.49232,0.192877,-0.970942,0.07395,-0.061994
2026-03-27T18:24:02.288960+00:00,16.922786,1774635842288959800,-0.038364,0.505104,0.876626,0.163771,0.03341,-0.902064,-0.391568,-1.020734,-0.37182,1.596666,0.085328,-0.637743,0.583655,0.435789,-1.115906,-1.491925,0.491644,0.192935,-0.978222,0.075127,-0.062597
2026-03-27T18:24:02.305956+00:00,16.939782,1774635842305955900,-0.03779,0.504898,0.877264,0.163727,0.033438,-0.90182,-0.392141,-1.018651,-0.373071,1.596422,0.087177,-0.636783,0.591144,0.440971,-1.115465,-1.492559,0.49108,0.19588,-0.973196,0.075482,-0.062635
2026-03-27T18:24:02.324265+00:00,16.958091,1774635842324264900,-0.037173,0.504676,0.877948,0.16368,0.033467,-0.901559,-0.392755,-1.016664,-0.374378,1.596321,0.089092,-0.632041,0.595228,0.443997,-1.11499,-1.49329,0.490571,0.198102,-0.972726,0.076177,-0.063015
2026-03-27T18:24:02.340303+00:00,16.974129,1774635842340303200,-0.036875,0.50444,0.878673,0.16299,0.033621,-0.900947,-0.392909,-1.015184,-0.375538,1.596188,0.086707,-0.643021,0.609338,0.456957,-1.114524,-1.49385,0.490179,0.200179,-0.97353,0.076919,-0.063317
2026-03-27T18:24:02.357318+00:00,16.991144,1774635842357317900,-0.036514,0.50417,0.879421,0.161771,0.03384,-0.904246,-0.394858,-1.013737,-0.376902,1.596563,0.088138,-0.633734,0.602636,0.455607,-1.114045,-1.494413,0.489907,0.202575,-0.969547,0.077084,-0.063232
2026-03-27T18:24:02.374431+00:00,17.008257,1774635842374431200,-0.036181,0.503842,0.880268,0.160173,0.034166,-0.908933,-0.397789,-1.012521,-0.378405,1.597526,0.086305,-0.65444,0.622863,0.477258,-1.113618,-1.494967,0.48978,0.204201,-0.969245,0.077329,-0.063521
2026-03-27T18:24:02.391380+00:00,17.025205,1774635842391379700,-0.035922,0.503501,0.881162,0.161572,0.033898,-0.895854,-0.392896,-1.011274,-0.379802,1.59884,0.090976,-0.639143,0.607435,0.475206,-1.113236,-1.49541,0.489768,0.204592,-0.977827,0.078405,-0.064021
2026-03-27T18:24:02.408412+00:00,17.042238,1774635842408412100,-0.035645,0.503077,0.882008,0.159103,0.034353,-0.904749,-0.397819,-1.010449,-0.381031,1.600337,0.097043,-0.613482,0.581088,0.467468,-1.112834,-1.495805,0.489797,0.207766,-0.969653,0.077946,-0.064479
2026-03-27T18:24:02.425543+00:00,17.059369,1774635842425543200,-0.035438,0.50265,0.882939,0.159885,0.034066,-0.894162,-0.39428,-1.009607,-0.382031,1.601606,0.09669,-0.626096,0.589601,0.486267,-1.112456,-1.496218,0.489975,0.209454,-0.969295,0.077985,-0.065186
2026-03-27T18:24:02.442747+00:00,17.076573,1774635842442747500,-0.035218,0.502184,0.883844,0.1573,0.034439,-0.902529,-0.398997,-1.009218,-0.382644,1.602391,0.098636,-0.620448,0.579106,0.487448,-1.112162,-1.496347,0.490087,0.210585,-0.971071,0.076515,-0.065797
2026-03-27T18:24:02.459691+00:00,17.093516,1774635842459690400,-0.035053,0.501766,0.884706,0.156678,0.034515,-0.900802,-0.399195,-1.00872,-0.383025,1.60278,0.09595,-0.629808,0.58302,0.499184,-1.111851,-1.496573,0.490464,0.212611,-0.970682,0.075671,-0.066383
2026-03-27T18:24:02.476698+00:00,17.110524,1774635842476697800,-0.034843,0.501334,0.885628,0.154083,0.034829,-0.909724,-0.404191,-1.008604,-0.382911,1.602907,0.090846,-0.651386,0.599598,0.521587,-1.11165,-1.496823,0.491255,0.214368,-0.972989,0.074997,-0.067878
2026-03-27T18:24:02.493959+00:00,17.127785,1774635842493959100,-0.034655,0.50096,0.886504,0.154958,0.034308,-0.899907,-0.400879,-1.008512,-0.382698,1.602821,0.094273,-0.611756,0.561165,0.494799,-1.111428,-1.497104,0.491991,0.21618,-0.972542,0.07419,-0.069045
2026-03-27T18:24:02.510961+00:00,17.144787,1774635842510961300,-0.034393,0.500559,0.887407,0.153045,0.034393,-0.907309,-0.404961,-1.008521,-0.381817,1.602586,0.091284,-0.613095,0.561512,0.500606,-1.111205,-1.497385,0.492727,0.217993,-0.972089,0.073382,-0.070212
2026-03-27T18:24:02.527731+00:00,17.161557,1774635842527730800,-0.034156,0.50021,0.888238,0.154354,0.03387,-0.89587,-0.401052,-1.008738,-0.3806,1.602167,0.087396,-0.619572,0.567688,0.509763,-1.110987,-1.49766,0.493447,0.219764,-0.971643,0.072591,-0.071354
2026-03-27T18:24:02.545499+00:00,17.179325,1774635842545499300,-0.033846,0.499845,0.889131,0.152045,0.034154,-0.906602,-0.406449,-1.00946,-0.379063,1.601106,0.079442,-0.653463,0.599261,0.541836,-1.111346,-1.498017,0.494714,0.220924,-0.968548,0.074252,-0.073755
2026-03-27T18:24:02.562319+00:00,17.196144,1774635842562318600,-0.033566,0.499567,0.889981,0.153485,0.033634,-0.895816,-0.402727,-1.010308,-0.377443,1.599708,0.077873,-0.631982,0.579174,0.526929,-1.111449,-1.498308,0.495569,0.220967,-0.971879,0.075162,-0.075239
2026-03-27T18:24:02.579335+00:00,17.213161,1774635842579335200,-0.033248,0.499308,0.890766,0.152309,0.033557,-0.901703,-0.405834,-1.0118,-0.37573,1.598003,0.075288,-0.610357,0.558313,0.511192,-1.111543,-1.498521,0.496501,0.222311,-0.966345,0.075211,-0.075502
2026-03-27T18:24:02.596370+00:00,17.230195,1774635842596369300,-0.032917,0.49906,0.891599,0.151101,0.033485,-0.909113,-0.40968,-1.013503,-0.373967,1.59605,0.063659,-0.660382,0.600824,0.555005,-1.111789,-1.498752,0.497447,0.222613,-0.966181,0.075724,-0.076303
2026-03-27T18:24:02.613550+00:00,17.247376,1774635842613549900,-0.032641,0.498845,0.892388,0.152812,0.032724,-0.897986,-0.405408,-1.015864,-0.37223,1.593879,0.05922,-0.631393,0.568991,0.531938,-1.111846,-1.498698,0.498097,0.221996,-0.970373,0.075472,-0.076745
2026-03-27T18:24:02.630457+00:00,17.264283,1774635842630457000,-0.032341,0.49864,0.893116,0.153288,0.032233,-0.894471,-0.404451,-1.018429,-0.370643,1.591528,0.053793,-0.621106,0.55359,0.522916,-1.112129,-1.498796,0.499011,0.22226,-0.970272,0.075424,-0.077267
2026-03-27T18:24:02.647539+00:00,17.281365,1774635842647539300,-0.03208,0.49843,0.89392,0.15205,0.032059,-0.900934,-0.407927,-1.021458,-0.369115,1.588951,0.043945,-0.667738,0.587988,0.561186,-1.112262,-1.498481,0.499939,0.224616,-0.966682,0.071235,-0.077966
2026-03-27T18:24:02.664584+00:00,17.298409,1774635842664583700,-0.031855,0.49823,0.894663,0.150832,0.031798,-0.908166,-0.411721,-1.025075,-0.367677,1.586231,0.043646,-0.579027,0.502212,0.484865,-1.112427,-1.49819,0.500736,0.224742,-0.96974,0.069366,-0.079124
2026-03-27T18:24:02.681621+00:00,17.315447,1774635842681621100,-0.031718,0.498057,0.895459,0.153167,0.030688,-0.892323,-0.405022,-1.028962,-0.366376,1.583461,0.03335,-0.642262,0.548277,0.534662,-1.112644,-1.497946,0.501624,0.225264,-0.970597,0.067486,-0.080067
2026-03-27T18:24:02.698645+00:00,17.33247,1774635842698644700,-0.031587,0.497853,0.896182,0.151954,0.030307,-0.898602,-0.408386,-1.033303,-0.365207,1.580613,0.027261,-0.660124,0.554062,0.545563,-1.112879,-1.497711,0.502507,0.22599,-0.970471,0.065545,-0.080989
2026-03-27T18:24:02.715629+00:00,17.349454,1774635842715628700,-0.031522,0.497634,0.896929,0.150714,0.029863,-0.904325,-0.41154,-1.038061,-0.364157,1.577708,0.010273,-1.467674,1.21062,1.202795,-1.113112,-1.497476,0.503389,0.226714,-0.970341,0.063606,-0.081909
2026-03-27T18:24:02.732674+00:00,17.3665,1774635842732674000,-0.031515,0.497409,0.897628,0.150164,0.029271,-0.905423,-0.412301,-1.043107,-0.36321,1.574877,0.013841,-0.989958,0.803229,0.803111,-1.113345,-1.49724,0.504273,0.227438,-0.970206,0.061661,-0.082832
2026-03-27T18:24:02.749770+00:00,17.383596,1774635842749770500,-0.031569,0.497203,0.898354,0.151862,0.028323,-0.894105,-0.407877,-1.048622,-0.362391,1.571996,0.024163,-0.51908,0.413926,0.416145,-1.113925,-1.497646,0.504631,0.226748,-0.965133,0.065091,-0.082188
2026-03-27T18:24:02.767733+00:00,17.401559,1774635842767733200,-0.031617,0.49703,0.898915,0.150624,0.027967,-0.899911,-0.411067,-1.054613,-0.361707,1.569262,0.027264,-0.447418,0.351203,0.353723,-1.114399,-1.497645,0.505174,0.22655,-0.965723,0.065753,-0.082297
2026-03-27T18:24:02.784258+00:00,17.418083,1774635842784257700,-0.031667,0.496887,0.899545,0.149332,0.027778,-0.906724,-0.414716,-1.060556,-0.361182,1.566846,0.01576,-0.81253,0.628871,0.63348,-1.114852,-1.497858,0.505619,0.226558,-0.965972,0.06646,-0.082176
2026-03-27T18:24:02.801424+00:00,17.43525,1774635842801424500,-0.031981,0.496536,0.900366,0.150931,0.027085,-0.894156,-0.409753,-1.067103,-0.360773,1.564472,0.018085,-0.795038,0.606915,0.610359,-1.115268,-1.49811,0.505952,0.226511,-0.967382,0.067253,-0.081668
2026-03-27T18:24:02.818582+00:00,17.452407,1774635842818581700,-0.032441,0.49623,0.901055,0.149567,0.026943,-0.900363,-0.413085,-1.074031,-0.360523,1.562316,0.028287,-0.605406,0.4558,0.456193,-1.115735,-1.498378,0.506216,0.226589,-0.967233,0.067778,-0.080833
2026-03-27T18:24:02.835532+00:00,17.469358,1774635842835532000,-0.032948,0.495955,0.901658,0.148019,0.026899,-0.906364,-0.416133,-1.081297,-0.360463,1.560155,0.031114,-0.672939,0.500353,0.497175,-1.116136,-1.49865,0.506396,0.226627,-0.969312,0.068126,-0.080452
2026-03-27T18:24:02.852249+00:00,17.486075,1774635842852249400,-0.033644,0.495727,0.902298,0.149931,0.026245,-0.889861,-0.409254,-1.088734,-0.36051,1.558296,0.042495,-0.608967,0.44683,0.440584,-1.116576,-1.498876,0.506551,0.227001,-0.970103,0.068155,-0.080241
2026-03-27T18:24:02.869107+00:00,17.502932,1774635842869106500,-0.034396,0.495471,0.902878,0.149017,0.026074,-0.889647,-0.409445,-1.096408,-0.360713,1.556583,0.042349,-0.744938,0.538948,0.527874,-1.11699,-1.499129,0.506686,0.229003,-0.965932,0.067472,-0.079704
2026-03-27T18:24:02.886150+00:00,17.519976,1774635842886149800,-0.035277,0.495208,0.90349,0.14763,0.026079,-0.891141,-0.410628,-1.104307,-0.361278,1.555141,0.053435,-0.704843,0.502684,0.489353,-1.117477,-1.499275,0.506749,0.229741,-0.96732,0.066972,-0.079489
2026-03-27T18:24:02.903161+00:00,17.536986,1774635842903160500,-0.036254,0.494939,0.904093,0.146241,0.026083,-0.891519,-0.411282,-1.112288,-0.362089,1.553772,0.065351,-0.679691,0.478817,0.462379,-1.117966,-1.499435,0.506825,0.231693,-0.964122,0.066062,-0.07928
2026-03-27T18:24:02.920244+00:00,17.55407,1774635842920243900,-0.037309,0.494662,0.904696,0.144695,0.026021,-0.892413,-0.412193,-1.120191,-0.363038,1.552518,0.071602,-0.727432,0.506686,0.484992,-1.118516,-1.499555,0.506887,0.232398,-0.965771,0.065359,-0.0797
2026-03-27T18:24:02.937306+00:00,17.571132,1774635842937306400,-0.038403,0.49439,0.905299,0.143282,0.025976,-0.892093,-0.412536,-1.127984,-0.364092,1.551589,0.083316,-0.717402,0.494187,0.469789,-1.119081,-1.499726,0.506975,0.234056,-0.963534,0.064338,-0.080175
2026-03-27T18:24:02.954359+00:00,17.588185,1774635842954359300,-0.039596,0.494116,0.905838,0.142494,0.025971,-0.888596,-0.411208,-1.135683,-0.365314,1.550786,0.093485,-0.717975,0.488638,0.462374,-1.119703,-1.499841,0.50706,0.23424,-0.969719,0.063963,-0.081566
2026-03-27T18:24:02.971886+00:00,17.605712,1774635842971886000,-0.040829,0.493823,0.906397,0.140992,0.026166,-0.88914,-0.411991,-1.143291,-0.366707,1.549902,0.099932,-0.741361,0.497833,0.468749,-1.120342,-1.499877,0.507143,0.236164,-0.969167,0.06315,-0.082582
2026-03-27T18:24:02.988918+00:00,17.622744,1774635842988918200,-0.042094,0.493528,0.906881,0.139378,0.026831,-0.889917,-0.412953,-1.150386,-0.368123,1.549001,0.109724,-0.732939,0.486518,0.45523,-1.120965,-1.499794,0.507296,0.239545,-0.963548,0.060242,-0.082993
2026-03-27T18:24:03.005731+00:00,17.639557,1774635843005730900,-0.043418,0.493256,0.907308,0.138315,0.027299,-0.886306,-0.411448,-1.157034,-0.369465,1.548309,0.115168,-0.750025,0.492475,0.458402,-1.121583,-1.499596,0.507432,0.240477,-0.966722,0.057638,-0.083906
2026-03-27T18:24:03.022714+00:00,17.656539,1774635843022713600,-0.044745,0.492978,0.907736,0.134003,0.028411,-0.905899,-0.420683,-1.1632,-0.370858,1.547729,0.122519,-0.752234,0.48789,0.453737,-1.12217,-1.499142,0.507679,0.242143,-0.965224,0.053762,-0.084817
2026-03-27T18:24:03.039747+00:00,17.673573,1774635843039747400,-0.04614,0.492712,0.908107,0.132282,0.029015,-0.907236,-0.421808,-1.168852,-0.372295,1.547204,0.132792,-0.735682,0.472204,0.439442,-1.122799,-1.49867,0.507868,0.243783,-0.964898,0.050525,-0.085785
2026-03-27T18:24:03.056864+00:00,17.690689,1774635843056863500,-0.047604,0.492455,0.908477,0.131301,0.029554,-0.904312,-0.420715,-1.173875,-0.373648,1.547001,0.13774,-0.747629,0.475068,0.443768,-1.123219,-1.498012,0.508421,0.24542,-0.965478,0.046438,-0.088082
2026-03-27T18:24:03.073774+00:00,17.7076,1774635843073774000,-0.049064,0.492184,0.90878,0.129534,0.030314,-0.906946,-0.422455,-1.178127,-0.374946,1.546946,0.144419,-0.740905,0.466487,0.439084,-1.123787,-1.497396,0.508786,0.247619,-0.963761,0.042939,-0.089498
2026-03-27T18:24:03.090689+00:00,17.724515,1774635843090688800,-0.050557,0.491913,0.909049,0.127696,0.031111,-0.910635,-0.424732,-1.181773,-0.376062,1.547028,0.1474,-0.749491,0.468288,0.444075,-1.124257,-1.496777,0.509034,0.249761,-0.963897,0.039785,-0.091036
2026-03-27T18:24:03.107924+00:00,17.74175,1774635843107923900,-0.052079,0.491667,0.909257,0.129294,0.031211,-0.890871,-0.416255,-1.184685,-0.376907,1.547078,0.150804,-0.750857,0.467589,0.445421,-1.124787,-1.495959,0.509302,0.252192,-0.963242,0.036555,-0.092458
2026-03-27T18:24:03.124652+00:00,17.758478,1774635843124652400,-0.053602,0.491448,0.909441,0.127471,0.032263,-0.895691,-0.418994,-1.186966,-0.37744,1.547102,0.154292,-0.746216,0.465234,0.444114,-1.125056,-1.494698,0.509385,0.255291,-0.959471,0.031691,-0.09233
2026-03-27T18:24:03.141673+00:00,17.775498,1774635843141672700,-0.055129,0.491273,0.909583,0.126389,0.033244,-0.896139,-0.419417,-1.188838,-0.377853,1.547162,0.156592,-0.745116,0.465601,0.44496,-1.125513,-1.493495,0.509571,0.257782,-0.958924,0.027375,-0.092993
2026-03-27T18:24:03.158743+00:00,17.792569,1774635843158743100,-0.056709,0.49116,0.909727,0.125249,0.034205,-0.896589,-0.419854,-1.189724,-0.377899,1.547228,0.158017,-0.739142,0.465943,0.444637,-1.125637,-1.490773,0.510286,0.259972,-0.960405,0.01652,-0.094959
2026-03-27T18:24:03.177385+00:00,17.811211,1774635843177384800,-0.05831,0.491085,0.909852,0.123744,0.035341,-0.899927,-0.42172,-1.190795,-0.377996,1.54737,0.159242,-0.736952,0.467771,0.446159,-1.125734,-1.487861,0.510923,0.26279,-0.958464,0.003728,-0.095742
2026-03-27T18:24:03.192993+00:00,17.826819,1774635843192993100,-0.059883,0.491055,0.909977,0.124123,0.036039,-0.889823,-0.416841,-1.190451,-0.377748,1.547646,0.157264,-0.738524,0.475859,0.450763,-1.125818,-1.484519,0.511804,0.262922,-0.962743,-0.011069,-0.09785
2026-03-27T18:24:03.210015+00:00,17.843841,1774635843210015000,-0.061462,0.491033,0.910119,0.121005,0.037791,-0.905584,-0.423737,-1.190381,-0.37732,1.54772,0.156246,-0.738942,0.482617,0.453789,-1.125635,-1.480755,0.512895,0.264408,-0.961926,-0.027366,-0.100488
2026-03-27T18:24:03.226990+00:00,17.860816,1774635843226990300,-0.063067,0.491052,0.910268,0.120569,0.038809,-0.901299,-0.421703,-1.190267,-0.376809,1.547844,0.156472,-0.73466,0.486369,0.453376,-1.12542,-1.476664,0.514322,0.265873,-0.960478,-0.04425,-0.104034
2026-03-27T18:24:03.244041+00:00,17.877867,1774635843244041300,-0.064666,0.49108,0.910428,0.119876,0.03988,-0.899041,-0.420563,-1.190013,-0.376435,1.547871,0.155837,-0.733901,0.492459,0.455404,-1.125178,-1.472561,0.515752,0.267264,-0.958736,-0.061198,-0.107565
2026-03-27T18:24:03.261078+00:00,17.894904,1774635843261078000,-0.066256,0.49109,0.910592,0.120597,0.040492,-0.885888,-0.414282,-1.189716,-0.376101,1.547994,0.157383,-0.724779,0.492758,0.452354,-1.125272,-1.468031,0.518325,0.269019,-0.950465,-0.076779,-0.11407
2026-03-27T18:24:03.278090+00:00,17.911915,1774635843278089400,-0.067809,0.491068,0.910731,0.11988,0.041622,-0.883573,-0.413242,-1.189378,-0.376004,1.548072,0.158907,-0.720107,0.494252,0.451215,-1.125509,-1.463633,0.520622,0.269027,-0.948773,-0.092042,-0.119744
2026-03-27T18:24:03.295173+00:00,17.928998,1774635843295172500,-0.069305,0.491008,0.910859,0.114726,0.044584,-0.915599,-0.428375,-1.189333,-0.376042,1.54815,0.160344,-0.719792,0.496761,0.451418,-1.125783,-1.459112,0.523117,0.268274,-0.946791,-0.107011,-0.125646
2026-03-27T18:24:03.312156+00:00,17.945982,1774635843312156300,-0.070848,0.490968,0.911002,0.117336,0.044652,-0.887506,-0.415621,-1.189412,-0.37629,1.5481,0.160389,-0.727234,0.50281,0.455353,-1.126134,-1.454591,0.525644,0.267427,-0.944415,-0.12194,-0.131472
2026-03-27T18:24:03.329231+00:00,17.963057,1774635843329231300,-0.072315,0.490878,0.911162,0.116567,0.046011,-0.885689,-0.41477,-1.189987,-0.376575,1.54815,0.164489,-0.717474,0.494788,0.446775,-1.126514,-1.44939,0.528962,0.263969,-0.945793,-0.139247,-0.137503
2026-03-27T18:24:03.346352+00:00,17.980178,1774635843346352200,-0.073728,0.490765,0.911315,0.116288,0.046972,-0.881168,-0.412597,-1.190813,-0.377349,1.547945,0.16402,-0.729559,0.500506,0.45114,-1.127324,-1.444316,0.532247,0.262059,-0.941604,-0.156086,-0.143373
2026-03-27T18:24:03.363324+00:00,17.99715,1774635843363323900,-0.075086,0.490632,0.911443,0.114239,0.048774,-0.889524,-0.416868,-1.192768,-0.378538,1.547622,0.168774,-0.728439,0.493441,0.445126,-1.128626,-1.438869,0.536263,0.259841,-0.936062,-0.174,-0.151356
2026-03-27T18:24:03.380331+00:00,18.014157,1774635843380330900,-0.07636,0.490455,0.911593,0.112696,0.050337,-0.893909,-0.419203,-1.194629,-0.379941,1.547224,0.172009,-0.735294,0.490311,0.443755,-1.130103,-1.433275,0.54045,0.257155,-0.93189,-0.192421,-0.159846
2026-03-27T18:24:03.397709+00:00,18.031535,1774635843397708800,-0.077598,0.49027,0.911738,0.111179,0.051826,-0.898566,-0.421651,-1.197256,-0.38158,1.546767,0.176164,-0.740059,0.483274,0.439818,-1.131929,-1.427362,0.545128,0.2525,-0.929989,-0.21263,-0.169945
2026-03-27T18:24:03.414459+00:00,18.048285,1774635843414458900,-0.078698,0.490081,0.911872,0.109724,0.053241,-0.904624,-0.424751,-1.200009,-0.383392,1.54626,0.180301,-0.745582,0.476148,0.436036,-1.133987,-1.421489,0.549906,0.248202,-0.924703,-0.232106,-0.179663
2026-03-27T18:24:03.431454+00:00,18.06528,1774635843431453900,-0.079756,0.489881,0.911997,0.1083,0.054603,-0.911208,-0.428098,-1.202918,-0.385305,1.545685,0.185712,-0.748265,0.466967,0.430614,-1.13686,-1.415027,0.555444,0.243583,-0.912939,-0.253083,-0.190284
2026-03-27T18:24:03.448499+00:00,18.082325,1774635843448498900,-0.080778,0.489691,0.912114,0.110859,0.054021,-0.884711,-0.416157,-1.205832,-0.387164,1.545077,0.191344,-0.750927,0.458513,0.425291,-1.139896,-1.408494,0.561018,0.238245,-0.905252,-0.275399,-0.201564
2026-03-27T18:24:03.465532+00:00,18.099358,1774635843465532000,-0.081736,0.489475,0.912211,0.1094,0.055444,-0.891991,-0.420023,-1.209063,-0.388907,1.544488,0.195161,-0.758986,0.45386,0.423465,-1.144138,-1.401263,0.567362,0.23199,-0.900158,-0.304677,-0.216864
2026-03-27T18:24:03.482681+00:00,18.116506,1774635843482680700,-0.082714,0.489273,0.912299,0.107917,0.056871,-0.899271,-0.423679,-1.21203,-0.39054,1.543936,0.199352,-0.763713,0.448882,0.420632,-1.148713,-1.393889,0.573981,0.226249,-0.889151,-0.333397,-0.231605
2026-03-27T18:24:03.499706+00:00,18.133532,1774635843499706000,-0.083616,0.489094,0.912385,0.106451,0.058299,-0.906862,-0.427468,-1.215149,-0.391879,1.543481,0.203204,-0.768291,0.447093,0.418643,-1.15438,-1.386254,0.581211,0.221534,-0.869335,-0.361986,-0.24671
2026-03-27T18:24:03.516742+00:00,18.150568,1774635843516741900,-0.084548,0.488915,0.912457,0.105926,0.059008,-0.905515,-0.426818,-1.218059,-0.39307,1.543087,0.208276,-0.766782,0.44287,0.414248,-1.160774,-1.378617,0.588706,0.214011,-0.856008,-0.393857,-0.264824
2026-03-27T18:24:03.533866+00:00,18.167692,1774635843533866500,-0.085413,0.488728,0.912507,0.104478,0.060219,-0.912639,-0.43051,-1.221038,-0.394069,1.542789,0.212328,-0.769335,0.441971,0.412595,-1.168055,-1.371062,0.596532,0.207165,-0.832365,-0.421913,-0.280596
2026-03-27T18:24:03.550842+00:00,18.184668,1774635843550841800,-0.086277,0.488571,0.912568,0.106545,0.059311,-0.888826,-0.41973,-1.223803,-0.395012,1.542592,0.216088,-0.770495,0.44067,0.411436,-1.176202,-1.363858,0.60435,0.19646,-0.820406,-0.453894,-0.300232
2026-03-27T18:24:03.567828+00:00,18.201654,1774635843567827900,-0.087128,0.488373,0.912606,0.105153,0.060361,-0.894066,-0.422459,-1.226399,-0.396004,1.542498,0.220693,-0.767425,0.437305,0.40888,-1.184606,-1.3568,0.612168,0.186995,-0.800673,-0.481824,-0.316964
2026-03-27T18:24:03.584860+00:00,18.218685,1774635843584859600,-0.087971,0.488147,0.912602,0.103568,0.061559,-0.901055,-0.426242,-1.228907,-0.396982,1.542478,0.223059,-0.77159,0.437549,0.410534,-1.194266,-1.350453,0.619777,0.175528,-0.784097,-0.509585,-0.333779
2026-03-27T18:24:03.602097+00:00,18.235923,1774635843602097200,-0.088815,0.487895,0.912606,0.102085,0.062701,-0.907369,-0.429576,-1.231293,-0.397972,1.542513,0.226405,-0.772027,0.436304,0.410507,-1.204106,-1.344349,0.62733,0.166139,-0.756305,-0.528906,-0.345838
2026-03-27T18:24:03.620204+00:00,18.254029,1774635843620203700,-0.089779,0.487641,0.912637,0.103019,0.062363,-0.891618,-0.422892,-1.233696,-0.399023,1.542551,0.229629,-0.772371,0.434558,0.410947,-1.214738,-1.33826,0.635291,0.154962,-0.729944,-0.549641,-0.359923
2026-03-27T18:24:03.636559+00:00,18.270385,1774635843636559400,-0.090632,0.487351,0.912611,0.099639,0.064724,-0.914361,-0.43418,-1.235741,-0.399973,1.542592,0.232453,-0.772502,0.432773,0.411275,-1.22534,-1.3333,0.642653,0.141241,-0.718774,-0.577346,-0.380034
2026-03-27T18:24:03.653557+00:00,18.287383,1774635843653557100,-0.091546,0.487144,0.91252,0.103298,0.062685,-0.874542,-0.41571,-1.237663,-0.400922,1.542624,0.235469,-0.769885,0.429052,0.410142,-1.23591,-1.328382,0.649918,0.129085,-0.697425,-0.598202,-0.395367
2026-03-27T18:24:03.670645+00:00,18.304471,1774635843670645200,-0.09244,0.486939,0.912412,0.101833,0.06377,-0.880592,-0.418817,-1.239528,-0.401856,1.542635,0.237847,-0.769805,0.426074,0.410329,-1.246751,-1.324142,0.656612,0.120504,-0.674127,-0.618275,-0.407535
2026-03-27T18:24:03.687378+00:00,18.321204,1774635843687378100,-0.093371,0.486753,0.912305,0.100301,0.065066,-0.887195,-0.42219,-1.241123,-0.402773,1.542628,0.240168,-0.767844,0.421802,0.409568,-1.257143,-1.320213,0.663166,0.113964,-0.636243,-0.62177,-0.408967
2026-03-27T18:24:03.704558+00:00,18.338383,1774635843704557600,-0.094354,0.486572,0.912182,0.098559,0.066704,-0.894798,-0.42611,-1.242719,-0.403721,1.542567,0.241097,-0.770876,0.420182,0.411427,-1.267987,-1.316628,0.669416,0.101805,-0.628771,-0.653937,-0.429275
2026-03-27T18:24:03.721560+00:00,18.355386,1774635843721560700,-0.095322,0.486383,0.912059,0.095747,0.069192,-0.912898,-0.434973,-1.244104,-0.404592,1.542504,0.242839,-0.770289,0.416458,0.41119,-1.2785,-1.313524,0.6753,0.08962,-0.623253,-0.688122,-0.451207
2026-03-27T18:24:03.738591+00:00,18.372417,1774635843738591400,-0.096306,0.486236,0.911912,0.095028,0.070158,-0.912511,-0.434861,-1.24524,-0.405431,1.542286,0.243544,-0.77118,0.413487,0.411628,-1.288784,-1.310752,0.680884,0.082275,-0.587947,-0.688913,-0.450602
2026-03-27T18:24:03.755768+00:00,18.389593,1774635843755767700,-0.097324,0.48616,0.911736,0.09777,0.06856,-0.879331,-0.419557,-1.246297,-0.406181,1.541898,0.243457,-0.775311,0.412161,0.413024,-1.298957,-1.308155,0.686269,0.073138,-0.567181,-0.707056,-0.459529
2026-03-27T18:24:03.772796+00:00,18.406622,1774635843772796000,-0.098312,0.486084,0.911557,0.097031,0.069441,-0.879051,-0.4195,-1.247122,-0.406835,1.541367,0.244091,-0.776408,0.409811,0.413033,-1.309009,-1.306203,0.690526,0.067425,-0.527902,-0.703347,-0.449776
2026-03-27T18:24:03.789856+00:00,18.423682,1774635843789856600,-0.099341,0.486026,0.911395,0.0917,0.073909,-0.922864,-0.440051,-1.247848,-0.407428,1.540734,0.245049,-0.775917,0.406377,0.412214,-1.318864,-1.304571,0.694948,0.057548,-0.513299,-0.73264,-0.463216
2026-03-27T18:24:03.806871+00:00,18.440697,1774635843806871400,-0.100435,0.485997,0.911208,0.092071,0.073943,-0.910942,-0.43411,-1.248384,-0.407974,1.540024,0.243996,-0.781057,0.405898,0.414143,-1.328721,-1.303835,0.698778,0.054313,-0.443726,-0.68129,-0.427687
2026-03-27T18:24:03.823932+00:00,18.457757,1774635843823931600,-0.101545,0.48598,0.911009,0.091244,0.07495,-0.910296,-0.43377,-1.248761,-0.408486,1.539196,0.244071,-0.781334,0.403445,0.413721,-1.338372,-1.303381,0.702774,0.040196,-0.48614,-0.80578,-0.501988
2026-03-27T18:24:03.840963+00:00,18.474789,1774635843840962900,-0.102705,0.48598,0.910817,0.090336,0.076087,-0.910448,-0.433779,-1.249123,-0.409003,1.538343,0.244155,-0.781614,0.401094,0.41336,-1.347912,-1.303397,0.706187,0.041922,-0.377337,-0.675243,-0.417072
2026-03-27T18:24:03.859262+00:00,18.493088,1774635843859262200,-0.10399,0.485989,0.910646,0.09165,0.075345,-0.887427,-0.422414,-1.249348,-0.409532,1.537414,0.244672,-0.779548,0.398033,0.412183,-1.357204,-1.303885,0.709472,0.029702,-0.431658,-0.836674,-0.511314
2026-03-27T18:24:03.875050+00:00,18.508875,1774635843875049500,-0.105174,0.485981,0.910459,0.090706,0.076416,-0.886995,-0.422153,-1.249427,-0.409953,1.536467,0.243738,-0.782402,0.397953,0.413399,-1.365182,-1.305061,0.712018,0.032735,-0.337366,-0.69884,-0.424454
2026-03-27T18:24:03.892056+00:00,18.525882,1774635843892055900,-0.106492,0.485977,0.910257,0.089593,0.077623,-0.886206,-0.42185,-1.249473,-0.410393,1.535432,0.243799,-0.781985,0.396374,0.413277,-1.373057,-1.30691,0.714983,0.021624,-0.421552,-0.937892,-0.568609
2026-03-27T18:24:03.909104+00:00,18.54293,1774635843909103900,-0.107838,0.485965,0.910076,0.088442,0.078865,-0.885856,-0.42164,-1.249537,-0.410888,1.534435,0.243539,-0.783577,0.396294,0.414322,-1.380495,-1.309386,0.717531,0.020188,-0.359353,-0.856975,-0.520468
2026-03-27T18:24:03.926072+00:00,18.559898,1774635843926072000,-0.109201,0.485944,0.909923,0.084567,0.082714,-0.914435,-0.434608,-1.249539,-0.411347,1.533329,0.243936,-0.782733,0.395388,0.41416,-1.387116,-1.312109,0.720116,0.009936,-0.562165,-1.434316,-0.874273
2026-03-27T18:24:03.943188+00:00,18.577014,1774635843943187900,-0.11067,0.485952,0.909794,0.083131,0.084269,-0.915105,-0.434905,-1.249538,-0.411898,1.532279,0.243976,-0.783593,0.395351,0.41517,-1.393158,-1.315153,0.722288,0.024902,-0.177934,-0.483767,-0.296349
2026-03-27T18:24:03.960254+00:00,18.59408,1774635843960253900,-0.112199,0.485958,0.90971,0.082869,0.084555,-0.901696,-0.428256,-1.249555,-0.412436,1.531199,0.245232,-0.781881,0.394194,0.415025,-1.398701,-1.318196,0.724711,0.021279,-0.182242,-0.526921,-0.323902
2026-03-27T18:24:03.977289+00:00,18.611115,1774635843977289200,-0.113783,0.485968,0.909669,0.082537,0.084706,-0.887104,-0.42107,-1.249582,-0.412941,1.530009,0.246151,-0.782199,0.393425,0.415697,-1.403568,-1.321358,0.726812,0.016152,-0.225644,-0.688654,-0.423227
2026-03-27T18:24:03.994394+00:00,18.62822,1774635843994394400,-0.115414,0.485965,0.909665,0.082172,0.084687,-0.871312,-0.413329,-1.249655,-0.413438,1.528737,0.247331,-0.781853,0.391999,0.415439,-1.407677,-1.324135,0.728903,1e-06,-3297.686577,-10544.572026,-6478.957832
2026-03-27T18:24:04.011175+00:00,18.645001,1774635844011174800,-0.117012,0.485905,0.909688,0.074791,0.092386,-0.935036,-0.443208,-1.249808,-0.413909,1.52739,0.248489,-0.781104,0.389869,0.413834,-1.411056,-1.326814,0.73084,1e-06,-3079.965711,-10243.952274,-6287.306547
2026-03-27T18:24:04.028267+00:00,18.662093,1774635844028267200,-0.118706,0.48586,0.90974,0.074483,0.091912,-0.914485,-0.43332,-1.249992,-0.414372,1.525906,0.248802,-0.78281,0.388487,0.413188,-1.414034,-1.329122,0.732987,0.018096,-0.173046,-0.594094,-0.365188
2026-03-27T18:24:04.045263+00:00,18.679088,1774635844045262600,-0.120392,0.485751,0.909841,0.072475,0.093415,-0.914119,-0.433084,-1.250128,-0.414674,1.524577,0.248072,-0.788287,0.388614,0.413972,-1.41649,-1.331196,0.73512,0.020514,-0.173012,-0.610859,-0.37508
2026-03-27T18:24:04.062410+00:00,18.696236,1774635844062410200,-0.122104,0.485614,0.909972,0.071898,0.092999,-0.894283,-0.423507,-1.250354,-0.415159,1.522988,0.24858,-0.789685,0.38629,0.412449,-1.418601,-1.332826,0.737368,0.027114,-0.15322,-0.553255,-0.339742
2026-03-27T18:24:04.079544+00:00,18.71337,1774635844079544400,-0.123798,0.485435,0.910101,0.069727,0.094733,-0.89428,-0.423555,-1.250856,-0.415869,1.521373,0.250141,-0.786869,0.38256,0.4093,-1.420177,-1.334165,0.739499,1e-06,-4632.055759,-16938.846558,-10418.817401
2026-03-27T18:24:04.096498+00:00,18.730323,1774635844096497600,-0.125342,0.485374,0.910169,0.065747,0.098911,-0.916332,-0.434339,-1.251182,-0.416441,1.519977,0.250268,-0.788193,0.380561,0.40879,-1.421411,-1.334887,0.741566,0.015908,-0.299822,-1.095475,-0.676262
2026-03-27T18:24:04.113523+00:00,18.747349,1774635844113523500,-0.127085,0.484979,0.910302,0.067926,0.094306,-0.856747,-0.406472,-1.251469,-0.416983,1.518637,0.249433,-0.79317,0.380218,0.410067,-1.421796,-1.335215,0.743541,1e-06,-4729.539156,-17073.109746,-10588.012636
2026-03-27T18:24:04.130605+00:00,18.764431,1774635844130605000,-0.128662,0.484667,0.91049,0.06374,0.09897,-0.883206,-0.419314,-1.251752,-0.41754,1.517408,0.249632,-0.79445,0.378838,0.409439,-1.422264,-1.335298,0.745626,0.028645,-0.16825,-0.597091,-0.372015
2026-03-27T18:24:04.147594+00:00,18.781419,1774635844147593600,-0.13014,0.484357,0.910628,0.057505,0.107959,-0.947436,-0.450343,-1.252002,-0.417984,1.516201,0.249561,-0.794838,0.377454,0.408036,-1.422569,-1.335252,0.747704,0.028625,-0.170784,-0.595309,-0.372813
2026-03-27T18:24:04.164663+00:00,18.798489,1774635844164663000,-0.131561,0.484072,0.910781,0.060587,0.100882,-0.872001,-0.414957,-1.252235,-0.418383,1.515205,0.249836,-0.793305,0.37492,0.405682,-1.422661,-1.335591,0.750047,0.025149,-0.182549,-0.615665,-0.392036
2026-03-27T18:24:04.181774+00:00,18.8156,1774635844181774400,-0.132713,0.483855,0.910913,0.058451,0.102925,-0.876945,-0.417489,-1.252417,-0.418694,1.514346,0.249012,-0.795773,0.374665,0.406044,-1.422421,-1.335385,0.752305,0.024117,-0.180314,-0.591262,-0.382247
2026-03-27T18:24:04.198799+00:00,18.832624,1774635844198798500,-0.133844,0.483702,0.910932,0.051831,0.114447,-0.963245,-0.458928,-1.252618,-0.418979,1.513789,0.24812,-0.798443,0.374155,0.406713,-1.421317,-1.335584,0.754697,1e-06,-3477.931023,-10980.606079,-7295.534015
2026-03-27T18:24:04.215864+00:00,18.84969,1774635844215864000,-0.135136,0.483328,0.911051,0.055616,0.105141,-0.874339,-0.417057,-1.252824,-0.419192,1.513362,0.248045,-0.798864,0.373081,0.406708,-1.420205,-1.335482,0.757107,1e-06,-2740.889788,-8329.607546,-5660.749972
2026-03-27T18:24:04.232824+00:00,18.86665,1774635844232823800,-0.136171,0.483063,0.911134,0.053945,0.106877,-0.879906,-0.419903,-1.253074,-0.419381,1.513111,0.249188,-0.794942,0.370509,0.404738,-1.418671,-1.335403,0.759433,1e-06,-1490.712166,-4349.760711,-3044.67231
2026-03-27T18:24:04.249763+00:00,18.883589,1774635844249763600,-0.137011,0.482857,0.911201,0.04972,0.114604,-0.936894,-0.447162,-1.253302,-0.419517,1.513015,0.248722,-0.797378,0.370463,0.406096,-1.417217,-1.335257,0.761625,0.01966,-0.085002,-0.238944,-0.168648
2026-03-27T18:24:04.266876+00:00,18.900701,1774635844266875400,-0.137856,0.482668,0.911232,0.046198,0.121839,-0.98944,-0.472572,-1.253513,-0.419615,1.513038,0.248989,-0.796392,0.369285,0.406219,-1.415656,-1.335035,0.763816,0.004425,-0.526871,-1.435128,-1.022881
2026-03-27T18:24:04.284153+00:00,18.917979,1774635844284152900,-0.138637,0.482561,0.911275,0.053422,0.104131,-0.841085,-0.401723,-1.253723,-0.419689,1.51312,0.249334,-0.795795,0.368239,0.406582,-1.413955,-1.334637,0.766036,1e-06,-3126.66595,-8233.979344,-5929.537117
2026-03-27T18:24:04.301451+00:00,18.935276,1774635844301450700,-0.139348,0.48242,0.911318,0.051845,0.106016,-0.851274,-0.406642,-1.253903,-0.419735,1.513402,0.249182,-0.797403,0.368379,0.408177,-1.411196,-1.334027,0.768492,0.02553,-0.150613,-0.377585,-0.275299
2026-03-27T18:24:04.317980+00:00,18.951806,1774635844317980000,-0.139983,0.482288,0.911352,0.048352,0.11252,-0.899276,-0.429756,-1.254063,-0.419832,1.513866,0.250229,-0.79425,0.367274,0.407775,-1.408051,-1.333442,0.770883,0.010458,-0.407599,-0.966689,-0.715669
2026-03-27T18:24:04.334994+00:00,18.968819,1774635844334993700,-0.140574,0.482149,0.911307,0.047161,0.114334,-0.909618,-0.434712,-1.254142,-0.419724,1.514444,0.249036,-0.797239,0.369274,0.410413,-1.404436,-1.332614,0.773354,0.004092,-1.158701,-2.57532,-1.944986
2026-03-27T18:24:04.351826+00:00,18.985652,1774635844351826200,-0.141114,0.482027,0.911212,0.046609,0.114887,-0.909882,-0.434943,-1.254183,-0.419558,1.515022,0.249394,-0.794068,0.369138,0.410311,-1.400058,-1.332043,0.776231,0.024653,-0.219866,-0.454565,-0.351534
2026-03-27T18:24:04.368801+00:00,19.002627,1774635844368800800,-0.141594,0.481925,0.911098,0.04499,0.118345,-0.933841,-0.446298,-1.254193,-0.419326,1.51568,0.248974,-0.793479,0.369873,0.410736,-1.395236,-1.331409,0.779115,0.022771,-0.280238,-0.535938,-0.425955
2026-03-27T18:24:04.385911+00:00,19.019736,1774635844385910700,-0.142054,0.481845,0.910963,0.044106,0.119967,-0.942505,-0.450432,-1.254159,-0.419068,1.516319,0.248108,-0.79384,0.370964,0.411903,-1.389522,-1.331105,0.782373,0.012023,-0.650789,-1.147899,-0.939731
2026-03-27T18:24:04.402953+00:00,19.036779,1774635844402952900,-0.142485,0.481775,0.910824,0.043215,0.121745,-0.952507,-0.455121,-1.254118,-0.418813,1.517032,0.247704,-0.792188,0.370969,0.411743,-1.383577,-1.330769,0.785516,0.022794,-0.425279,-0.690985,-0.583529
2026-03-27T18:24:04.420018+00:00,19.053844,1774635844420018200,-0.142888,0.481696,0.910642,0.04169,0.125146,-0.976467,-0.466657,-1.254066,-0.41856,1.517756,0.246747,-0.792479,0.370963,0.412487,-1.376935,-1.330726,0.788869,0.025729,-0.453532,-0.676586,-0.592079
2026-03-27T18:24:04.437028+00:00,19.070854,1774635844437027900,-0.143277,0.481641,0.910479,0.041107,0.125909,-0.978685,-0.467652,-1.254003,-0.418311,1.518558,0.245432,-0.793353,0.371251,0.413632,-1.370416,-1.330775,0.792058,0.028903,-0.477352,-0.655562,-0.594288
2026-03-27T18:24:04.454182+00:00,19.088008,1774635844454181900,-0.143649,0.481571,0.910258,0.039327,0.130354,-1.007503,-0.481546,-1.253931,-0.418064,1.519331,0.244548,-0.79331,0.371179,0.414,-1.362756,-1.331983,0.795096,0.027445,-0.609974,-0.770517,-0.7207
2026-03-27T18:24:04.471163+00:00,19.104988,1774635844471162700,-0.144025,0.481541,0.910032,0.048128,0.105421,-0.809817,-0.387261,-1.253816,-0.417835,1.520111,0.24284,-0.796108,0.371777,0.415209,-1.355639,-1.332703,0.797988,0.040718,-0.487444,-0.569712,-0.54955
2026-03-27T18:24:04.488157+00:00,19.121983,1774635844488157200,-0.144284,0.481506,0.9097,0.046246,0.108091,-0.828106,-0.395941,-1.253663,-0.417664,1.52094,0.242365,-0.795221,0.370026,0.414502,-1.348212,-1.334015,0.800751,0.045415,-0.501925,-0.546558,-0.541132
2026-03-27T18:24:04.505533+00:00,19.139358,1774635844505532600,-0.144546,0.481502,0.909395,0.045569,0.10817,-0.82604,-0.394871,-1.253468,-0.417576,1.521789,0.241373,-0.796004,0.368878,0.4146,-1.340818,-1.335565,0.803317,0.04886,-0.528626,-0.5356,-0.545798
2026-03-27T18:24:04.523043+00:00,19.156869,1774635844523043000,-0.144667,0.48147,0.908936,0.037132,0.130003,-0.99443,-0.474924,-1.253282,-0.417529,1.522703,0.239648,-0.797884,0.367187,0.414803,-1.33323,-1.337838,0.806032,0.055717,-0.523984,-0.494097,-0.519605
2026-03-27T18:24:04.539264+00:00,19.17309,1774635844539263800,-0.144772,0.48145,0.908492,0.039865,0.119068,-0.910371,-0.434549,-1.253098,-0.417444,1.523569,0.238551,-0.796842,0.363412,0.413729,-1.326226,-1.340891,0.808546,0.04812,-0.683369,-0.599959,-0.654723
2026-03-27T18:24:04.556326+00:00,19.190152,1774635844556326100,-0.144788,0.481513,0.90799,0.039531,0.118032,-0.903021,-0.430855,-1.252846,-0.417755,1.524576,0.235438,-0.801324,0.361516,0.415246,-1.319035,-1.344902,0.811473,0.060949,-0.613085,-0.498306,-0.569389
2026-03-27T18:24:04.573375+00:00,19.207201,1774635844573375100,-0.144771,0.481544,0.907447,0.034655,0.132683,-1.018694,-0.485272,-1.252653,-0.418421,1.52559,0.232902,-0.804029,0.357608,0.416364,-1.312271,-1.349444,0.814135,0.063451,-0.670136,-0.503865,-0.605157
2026-03-27T18:24:04.590365+00:00,19.22419,1774635844590364700,-0.144654,0.481751,0.906875,0.037977,0.119652,-0.922404,-0.438869,-1.252464,-0.419291,1.526726,0.231214,-0.802199,0.349979,0.414862,-1.305494,-1.35462,0.816872,0.071884,-0.673157,-0.470311,-0.591531
2026-03-27T18:24:04.607487+00:00,19.241313,1774635844607487600,-0.14444,0.482009,0.906241,0.034304,0.132049,-1.023657,-0.486456,-1.252283,-0.420401,1.527788,0.228022,-0.807241,0.344738,0.416693,-1.299184,-1.359956,0.819056,0.07793,-0.695947,-0.453449,-0.596855
2026-03-27T18:24:04.624211+00:00,19.258037,1774635844624211300,-0.144059,0.482327,0.905596,0.041531,0.108963,-0.848889,-0.402901,-1.252132,-0.421762,1.528866,0.223971,-0.816172,0.339694,0.419966,-1.293233,-1.365937,0.821236,0.086686,-0.686404,-0.417389,-0.578193
2026-03-27T18:24:04.641263+00:00,19.275089,1774635844641262900,-0.143623,0.482654,0.904951,0.041684,0.108458,-0.849532,-0.402608,-1.252013,-0.423347,1.529984,0.222041,-0.815641,0.329693,0.418604,-1.287809,-1.372434,0.823016,0.094902,-0.683802,-0.386645,-0.567813
2026-03-27T18:24:04.658102+00:00,19.291928,1774635844658101800,-0.143065,0.483095,0.904282,0.043916,0.103297,-0.81348,-0.384804,-1.251944,-0.425311,1.531079,0.218065,-0.822849,0.320034,0.420785,-1.282693,-1.379205,0.824505,0.102517,-0.698127,-0.368994,-0.572531
2026-03-27T18:24:04.675092+00:00,19.308917,1774635844675091400,-0.142465,0.48354,0.903645,0.041026,0.111189,-0.881481,-0.415937,-1.251925,-0.427434,1.532138,0.21491,-0.827147,0.308584,0.421345,-1.277988,-1.386141,0.825386,0.112425,-0.705923,-0.349755,-0.572819
2026-03-27T18:24:04.692131+00:00,19.325956,1774635844692130600,-0.141848,0.484059,0.903043,0.036313,0.126113,-1.007156,-0.473717,-1.251967,-0.429597,1.533065,0.213685,-0.829337,0.296359,0.41945,-1.273842,-1.393364,0.825636,0.120484,-0.724251,-0.335758,-0.583516
2026-03-27T18:24:04.709215+00:00,19.343041,1774635844709215600,-0.141262,0.484604,0.902492,0.04342,0.10578,-0.850408,-0.398803,-1.252031,-0.43171,1.533896,0.21345,-0.831015,0.284281,0.416273,-1.270081,-1.400921,0.82572,0.129997,-0.729952,-0.315096,-0.585233
2026-03-27T18:24:04.726287+00:00,19.360113,1774635844726286800,-0.140603,0.485116,0.901961,0.038948,0.118218,-0.957767,-0.447751,-1.25209,-0.433808,1.534718,0.209847,-0.843889,0.275664,0.418429,-1.266855,-1.408702,0.825372,0.136637,-0.748048,-0.299707,-0.598109
2026-03-27T18:24:04.743264+00:00,19.37709,1774635844743264000,-0.139945,0.485582,0.901446,0.041258,0.11186,-0.913357,-0.426246,-1.25217,-0.435931,1.535602,0.208258,-0.843552,0.263407,0.41436,-1.264036,-1.416416,0.824495,0.149298,-0.732532,-0.27216,-0.584918
2026-03-27T18:24:04.760216+00:00,19.394041,1774635844760215500,-0.139264,0.486019,0.900986,0.044814,0.103399,-0.850242,-0.396153,-1.252252,-0.438075,1.536523,0.203625,-0.854349,0.254176,0.414839,-1.261586,-1.424182,0.823093,0.157869,-0.745754,-0.256346,-0.594582
2026-03-27T18:24:04.777478+00:00,19.411304,1774635844777478500,-0.138551,0.486425,0.900584,0.043367,0.107284,-0.888189,-0.412806,-1.252293,-0.44015,1.537419,0.201668,-0.854968,0.242668,0.410382,-1.259222,-1.431528,0.821358,0.169533,-0.754413,-0.239874,-0.59985
2026-03-27T18:24:04.794269+00:00,19.428095,1774635844794269400,-0.137858,0.486787,0.900249,0.039457,0.11827,-0.985904,-0.45743,-1.252437,-0.442009,1.538382,0.201157,-0.857553,0.233938,0.407206,-1.25692,-1.43822,0.819293,0.185476,-0.74854,-0.221504,-0.592027
2026-03-27T18:24:04.811229+00:00,19.445054,1774635844811228300,-0.137199,0.48717,0.89999,0.045226,0.103437,-0.867158,-0.401448,-1.252583,-0.443624,1.539355,0.200054,-0.863661,0.227688,0.40585,-1.254593,-1.444958,0.817137,0.199698,-0.750956,-0.20567,-0.590741
2026-03-27T18:24:04.828302+00:00,19.462128,1774635844828302200,-0.136591,0.4875,0.899839,0.044012,0.106222,-0.895011,-0.41377,-1.252744,-0.445052,1.540446,0.198584,-0.868984,0.2229,0.404197,-1.251769,-1.448495,0.813491,0.214409,-0.757198,-0.201054,-0.585668
2026-03-27T18:24:04.845161+00:00,19.478987,1774635844845161100,-0.136013,0.487826,0.899745,0.046845,0.09959,-0.843082,-0.38921,-1.252971,-0.445982,1.541316,0.197848,-0.866317,0.217455,0.399348,-1.249084,-1.451957,0.810307,0.225533,-0.755269,-0.193105,-0.578122
2026-03-27T18:24:04.862218+00:00,19.496044,1774635844862218500,-0.135507,0.488096,0.899777,0.047412,0.09716,-0.824101,-0.379982,-1.253077,-0.446958,1.542476,0.196118,-0.870017,0.214039,0.398096,-1.246464,-1.455084,0.807018,0.230687,-0.762137,-0.18821,-0.576693
2026-03-27T18:24:04.879237+00:00,19.513063,1774635844879237400,-0.134942,0.488289,0.89976,0.043294,0.105201,-0.895265,-0.412279,-1.253204,-0.447882,1.543595,0.19618,-0.868449,0.210036,0.394715,-1.243911,-1.457305,0.803582,0.233461,-0.7644,-0.183721,-0.570833
2026-03-27T18:24:04.896267+00:00,19.530093,1774635844896267500,-0.134369,0.488454,0.899798,0.044308,0.101518,-0.867573,-0.399515,-1.253172,-0.448808,1.544891,0.194939,-0.872661,0.20774,0.394546,-1.241415,-1.458769,0.800034,0.232696,-0.773391,-0.182272,-0.569343
2026-03-27T18:24:04.913308+00:00,19.547134,1774635844913307800,-0.133766,0.488586,0.900058,0.044016,0.100918,-0.867225,-0.399193,-1.253162,-0.449547,1.546034,0.194864,-0.870548,0.204137,0.392113,-1.238884,-1.459165,0.796421,0.234252,-0.770494,-0.180578,-0.560216
2026-03-27T18:24:04.930420+00:00,19.564246,1774635844930419800,-0.1331,0.488662,0.900375,0.038893,0.113277,-0.979659,-0.45062,-1.253086,-0.45025,1.547187,0.192245,-0.878095,0.202419,0.39399,-1.236391,-1.459101,0.792607,0.233564,-0.774194,-0.182371,-0.557607
2026-03-27T18:24:04.947741+00:00,19.581566,1774635844947740600,-0.132439,0.488746,0.900794,0.038663,0.112723,-0.980611,-0.451045,-1.252908,-0.450855,1.548319,0.190378,-0.880015,0.199561,0.39366,-1.233811,-1.458095,0.788667,0.23349,-0.772914,-0.1848,-0.552584
2026-03-27T18:24:04.964222+00:00,19.598048,1774635844964222400,-0.131965,0.488669,0.901114,0.03871,0.111528,-0.973055,-0.447926,-1.252679,-0.451453,1.549451,0.188478,-0.882807,0.197296,0.394518,-1.231278,-1.456349,0.7846,0.231311,-0.776687,-0.189401,-0.551573
2026-03-27T18:24:04.981266+00:00,19.615092,1774635844981266300,-0.13108,0.488678,0.901812,0.037064,0.115703,-1.013281,-0.46671,-1.252431,-0.452052,1.5507,0.189257,-0.873219,0.192593,0.39027,-1.228508,-1.453835,0.78013,0.228792,-0.781178,-0.195518,-0.549624
2026-03-27T18:24:04.998271+00:00,19.632096,1774635844998270400,-0.1303,0.488723,0.902433,0.035395,0.12097,-1.063901,-0.490274,-1.252118,-0.452654,1.552036,0.185789,-0.885769,0.192862,0.396049,-1.225579,-1.450535,0.775193,0.226945,-0.78472,-0.203295,-0.546963
2026-03-27T18:24:05.015228+00:00,19.649054,1774635845015227900,-0.129502,0.488757,0.90308,0.03692,0.116519,-1.029595,-0.474445,-1.251934,-0.453001,1.553128,0.184893,-0.882516,0.190105,0.394668,-1.222528,-1.446564,0.770022,0.225723,-0.785551,-0.211861,-0.541501
2026-03-27T18:24:05.032294+00:00,19.66612,1774635845032293800,-0.128667,0.488787,0.903772,0.046257,0.093913,-0.832413,-0.384003,-1.251398,-0.453597,1.554666,0.184296,-0.878343,0.187828,0.393531,-1.219311,-1.441924,0.764387,0.223746,-0.785679,-0.221389,-0.534101
2026-03-27T18:24:05.049334+00:00,19.68316,1774635845049334200,-0.127761,0.488795,0.904473,0.046832,0.094076,-0.83598,-0.385668,-1.250973,-0.454007,1.556117,0.183071,-0.879554,0.186995,0.395078,-1.215975,-1.436925,0.75847,0.22152,-0.785559,-0.231107,-0.526337
2026-03-27T18:24:05.066436+00:00,19.700261,1774635845066435700,-0.126791,0.488779,0.905182,0.043057,0.104076,-0.927814,-0.428567,-1.250523,-0.454326,1.557579,0.182969,-0.875914,0.18558,0.395125,-1.212523,-1.431724,0.752121,0.219372,-0.785124,-0.240841,-0.517407
2026-03-27T18:24:05.083376+00:00,19.717202,1774635845083376400,-0.125756,0.488748,0.905864,0.041529,0.110156,-0.985441,-0.455538,-1.250017,-0.454593,1.559131,0.182327,-0.877209,0.18518,0.397774,-1.208987,-1.426491,0.745732,0.214586,-0.796419,-0.254083,-0.516224
2026-03-27T18:24:05.100688+00:00,19.734514,1774635845100688200,-0.124701,0.488663,0.906534,0.045583,0.102836,-0.922767,-0.427635,-1.249494,-0.4548,1.560746,0.181982,-0.879175,0.184619,0.400783,-1.205328,-1.42129,0.738862,0.213103,-0.795208,-0.263443,-0.505772
2026-03-27T18:24:05.117505+00:00,19.75133,1774635845117504700,-0.123621,0.488492,0.907159,0.051208,0.093871,-0.844781,-0.392237,-1.248884,-0.454942,1.562311,0.183991,-0.872082,0.181702,0.400145,-1.201602,-1.416435,0.731902,0.210564,-0.797286,-0.272455,-0.497136
2026-03-27T18:24:05.134547+00:00,19.768373,1774635845134547400,-0.122435,0.48827,0.907752,0.04606,0.107107,-0.969318,-0.450877,-1.248222,-0.455038,1.563933,0.183617,-0.879913,0.181276,0.40657,-1.197768,-1.411963,0.724546,0.207594,-0.802548,-0.280797,-0.48842
2026-03-27T18:24:05.153283+00:00,19.787109,1774635845153283100,-0.121137,0.488073,0.90837,0.052622,0.096736,-0.881245,-0.411075,-1.247283,-0.455111,1.565798,0.185613,-0.876031,0.178937,0.409546,-1.193514,-1.407504,0.716373,0.205779,-0.805521,-0.288172,-0.477746
2026-03-27T18:24:05.168635+00:00,19.80246,1774635845168634500,-0.119931,0.487935,0.908794,0.056196,0.093595,-0.857572,-0.400587,-1.24638,-0.455044,1.567485,0.185608,-0.878683,0.179568,0.415076,-1.189865,-1.404684,0.709505,0.206947,-0.80653,-0.290648,-0.467121
2026-03-27T18:24:05.185776+00:00,19.819602,1774635845185776000,-0.118545,0.487781,0.909222,0.051888,0.105141,-0.969297,-0.45357,-1.245144,-0.454798,1.569398,0.186548,-0.874429,0.180876,0.418375,-1.185808,-1.402013,0.701839,0.208334,-0.809976,-0.292769,-0.457272
2026-03-27T18:24:05.202751+00:00,19.836577,1774635845202751300,-0.117177,0.487681,0.9096,0.0603,0.093977,-0.872186,-0.408947,-1.243769,-0.454491,1.571281,0.187147,-0.87265,0.183935,0.422733,-1.181749,-1.400144,0.694123,0.210057,-0.817483,-0.293775,-0.449324
2026-03-27T18:24:05.219972+00:00,19.853797,1774635845219971600,-0.11571,0.487601,0.909922,0.060247,0.097458,-0.913665,-0.428721,-1.242172,-0.454027,1.573088,0.188565,-0.869453,0.18763,0.425633,-1.177671,-1.398866,0.686426,0.215516,-0.818364,-0.290881,-0.438331
2026-03-27T18:24:05.236838+00:00,19.870664,1774635845236838000,-0.114249,0.487576,0.910192,0.062106,0.097649,-0.926371,-0.434734,-1.240645,-0.453311,1.574737,0.191833,-0.857794,0.190495,0.423726,-1.173743,-1.39826,0.678898,0.219848,-0.828293,-0.290347,-0.433558
2026-03-27T18:24:05.253895+00:00,19.887721,1774635845253895100,-0.112768,0.487591,0.910402,0.068928,0.090747,-0.871003,-0.409224,-1.239052,-0.452254,1.576419,0.19277,-0.856594,0.19658,0.426766,-1.169903,-1.398205,0.671424,0.227454,-0.830012,-0.28617,-0.425104
2026-03-27T18:24:05.270879+00:00,19.904705,1774635845270878800,-0.111264,0.487592,0.910568,0.07066,0.09099,-0.885355,-0.415977,-1.237683,-0.451077,1.57809,0.193401,-0.859883,0.204542,0.431872,-1.166165,-1.398184,0.664101,0.234338,-0.832376,-0.281119,-0.417842
2026-03-27T18:24:05.288046+00:00,19.921871,1774635845288045500,-0.109699,0.487611,0.910698,0.072356,0.091411,-0.901954,-0.423784,-1.236356,-0.449723,1.579791,0.19539,-0.856983,0.211595,0.434099,-1.162594,-1.398667,0.65683,0.240056,-0.834709,-0.274761,-0.41023
2026-03-27T18:24:05.305094+00:00,19.93892,1774635845305094500,-0.108122,0.487674,0.910788,0.074291,0.091357,-0.915888,-0.430334,-1.235255,-0.448381,1.581483,0.196852,-0.855869,0.219338,0.4374,-1.159191,-1.399608,0.649594,0.244619,-0.839554,-0.268534,-0.403287
2026-03-27T18:24:05.321987+00:00,19.955812,1774635845321986600,-0.106546,0.487779,0.910849,0.076793,0.090589,-0.923129,-0.433753,-1.234213,-0.447088,1.583162,0.199703,-0.85087,0.226305,0.439257,-1.155885,-1.40061,0.642456,0.249262,-0.843794,-0.262063,-0.395811
2026-03-27T18:24:05.339035+00:00,19.97286,1774635845339034600,-0.104976,0.487894,0.910906,0.080044,0.088854,-0.921096,-0.432826,-1.233346,-0.445968,1.584805,0.203262,-0.844475,0.232858,0.440614,-1.153095,-1.401922,0.635569,0.255247,-0.847441,-0.256865,-0.387273
2026-03-27T18:24:05.356100+00:00,19.989926,1774635845356100400,-0.103509,0.487919,0.910878,0.084213,0.085576,-0.90175,-0.424323,-1.232701,-0.445042,1.586354,0.207486,-0.839257,0.2392,0.442752,-1.150339,-1.403085,0.628781,0.26012,-0.853837,-0.253276,-0.380382
2026-03-27T18:24:05.373037+00:00,20.006862,1774635845373036500,-0.102066,0.487909,0.910846,0.085572,0.08522,-0.912499,-0.429526,-1.232309,-0.444331,1.587842,0.212634,-0.834953,0.244643,0.445434,-1.147649,-1.404135,0.622224,0.266533,-0.852154,-0.248298,-0.370698
2026-03-27T18:24:05.390554+00:00,20.024379,1774635845390553700,-0.100639,0.487853,0.910746,0.089644,0.08186,-0.892753,-0.421081,-1.232286,-0.443998,1.589321,0.217623,-0.829547,0.24788,0.447995,-1.145238,-1.405416,0.615814,0.271442,-0.854776,-0.24429,-0.362557
2026-03-27T18:24:05.408011+00:00,20.041837,1774635845408011500,-0.099208,0.487775,0.910613,0.089813,0.082194,-0.912045,-0.430673,-1.232471,-0.443953,1.590593,0.223111,-0.829859,0.251825,0.45243,-1.14288,-1.406681,0.609567,0.274801,-0.861512,-0.241372,-0.35661
2026-03-27T18:24:05.425147+00:00,20.058972,1774635845425146500,-0.097896,0.4878,0.910551,0.094233,0.078404,-0.88506,-0.418957,-1.233383,-0.444298,1.591478,0.22934,-0.826127,0.249954,0.453206,-1.140907,-1.408142,0.60376,0.279305,-0.862712,-0.236406,-0.349172
2026-03-27T18:24:05.442184+00:00,20.076009,1774635845442183600,-0.096617,0.487633,0.910373,0.093273,0.079181,-0.910454,-0.431552,-1.234508,-0.444701,1.592175,0.23431,-0.823347,0.246887,0.454379,-1.139125,-1.409699,0.598356,0.281971,-0.866724,-0.231644,-0.343755
2026-03-27T18:24:05.459303+00:00,20.093129,1774635845459302900,-0.095381,0.487517,0.910053,0.098132,0.07506,-0.879145,-0.41748,-1.235602,-0.445579,1.592791,0.23735,-0.822078,0.242433,0.456915,-1.137469,-1.411354,0.593255,0.285471,-0.866458,-0.225464,-0.337101
2026-03-27T18:24:05.476347+00:00,20.110173,1774635845476347200,-0.094135,0.48741,0.909633,0.095973,0.07635,-0.912875,-0.433937,-1.236762,-0.446699,1.593347,0.238236,-0.822508,0.237992,0.460256,-1.135931,-1.413063,0.588491,0.287934,-0.868521,-0.219783,-0.331805
2026-03-27T18:24:05.493389+00:00,20.127214,1774635845493388700,-0.092892,0.487389,0.909196,0.100643,0.072386,-0.884084,-0.420692,-1.237743,-0.447554,1.593843,0.237762,-0.822135,0.23331,0.462513,-1.134545,-1.414836,0.583936,0.28924,-0.874656,-0.215137,-0.328405
2026-03-27T18:24:05.510174+00:00,20.144,1774635845510173800,-0.091624,0.487424,0.908701,0.102109,0.070902,-0.886163,-0.421719,-1.238636,-0.448252,1.594204,0.237165,-0.819602,0.228464,0.463265,-1.133211,-1.416435,0.579939,0.292024,-0.873916,-0.209834,-0.323267
2026-03-27T18:24:05.527168+00:00,20.160994,1774635845527168200,-0.090398,0.487405,0.908368,0.103371,0.069578,-0.893513,-0.425007,-1.239375,-0.448581,1.594354,0.234643,-0.825128,0.226274,0.46685,-1.132035,-1.417975,0.576019,0.294337,-0.875528,-0.205332,-0.319067
2026-03-27T18:24:05.544104+00:00,20.17793,1774635845544103900,-0.088954,0.487472,0.907849,0.10584,0.067513,-0.892252,-0.424049,-1.240001,-0.448625,1.594346,0.234929,-0.823472,0.2234,0.465513,-1.130887,-1.419248,0.572553,0.295086,-0.88027,-0.202309,-0.315834
2026-03-27T18:24:05.561199+00:00,20.195025,1774635845561199400,-0.087278,0.48795,0.90717,0.10933,0.064792,-0.884955,-0.420003,-1.240542,-0.448399,1.594214,0.233412,-0.826254,0.222488,0.466438,-1.129955,-1.420373,0.569197,0.297481,-0.879167,-0.198142,-0.310688
2026-03-27T18:24:05.578132+00:00,20.211958,1774635845578132400,-0.085701,0.4883,0.906649,0.113037,0.062197,-0.878531,-0.416414,-1.241058,-0.447895,1.594167,0.23119,-0.823787,0.222746,0.463852,-1.128993,-1.42124,0.566119,0.29775,-0.883944,-0.195657,-0.307846
2026-03-27T18:24:05.595309+00:00,20.229135,1774635845595309000,-0.084062,0.488579,0.906091,0.114358,0.060998,-0.890401,-0.421928,-1.241684,-0.446848,1.593838,0.226685,-0.83061,0.225229,0.465742,-1.127848,-1.42195,0.563338,0.299155,-0.885398,-0.193009,-0.303902
2026-03-27T18:24:05.612742+00:00,20.246568,1774635845612742200,-0.082428,0.488813,0.905541,0.117037,0.059039,-0.890512,-0.421906,-1.24236,-0.445683,1.593365,0.223342,-0.832061,0.226421,0.464492,-1.126861,-1.422251,0.560727,0.300669,-0.885312,-0.191397,-0.299177
2026-03-27T18:24:05.629534+00:00,20.26336,1774635845629533900,-0.080828,0.489024,0.905059,0.118248,0.057604,-0.900718,-0.426546,-1.242994,-0.444365,1.592572,0.222502,-0.830698,0.226162,0.460832,-1.125767,-1.422437,0.558432,0.301527,-0.886714,-0.190244,-0.294863
2026-03-27T18:24:05.646371+00:00,20.280197,1774635845646370800,-0.079177,0.489237,0.904574,0.123079,0.054396,-0.884581,-0.418916,-1.243513,-0.443146,1.591822,0.222203,-0.828911,0.22556,0.457605,-1.124835,-1.42247,0.556351,0.301316,-0.89022,-0.190741,-0.290672
2026-03-27T18:24:05.663343+00:00,20.297169,1774635845663342800,-0.0775,0.489435,0.904083,0.125795,0.052164,-0.884632,-0.418622,-1.244025,-0.442084,1.590964,0.219877,-0.834245,0.226222,0.45812,-1.123778,-1.422343,0.554515,0.302456,-0.887892,-0.189877,-0.285086
2026-03-27T18:24:05.680443+00:00,20.314269,1774635845680443100,-0.075801,0.489605,0.903577,0.126847,0.050707,-0.895254,-0.423654,-1.244374,-0.441016,1.590085,0.220215,-0.83033,0.224286,0.453442,-1.122733,-1.422003,0.552903,0.301359,-0.891413,-0.190105,-0.280983
2026-03-27T18:24:05.697562+00:00,20.331388,1774635845697562000,-0.074098,0.489742,0.903112,0.128538,0.049044,-0.900995,-0.426162,-1.244727,-0.439933,1.589051,0.219178,-0.832137,0.223798,0.451177,-1.121876,-1.421496,0.551409,0.299993,-0.894658,-0.189951,-0.277409
2026-03-27T18:24:05.714724+00:00,20.34855,1774635845714723900,-0.072409,0.48989,0.902619,0.132636,0.046491,-0.888576,-0.420549,-1.244939,-0.438706,1.588,0.217267,-0.838814,0.224532,0.450734,-1.121001,-1.420979,0.550117,0.299462,-0.894615,-0.189083,-0.273037
2026-03-27T18:24:05.731643+00:00,20.365468,1774635845731642700,-0.070657,0.490015,0.902164,0.133333,0.045115,-0.898915,-0.425426,-1.245069,-0.437399,1.586876,0.217475,-0.836874,0.223362,0.445962,-1.120008,-1.420554,0.54923,0.298253,-0.895815,-0.188348,-0.269638
2026-03-27T18:24:05.748612+00:00,20.382437,1774635845748611600,-0.068889,0.490158,0.901705,0.134999,0.043229,-0.902548,-0.42689,-1.245145,-0.435877,1.585936,0.215514,-0.843125,0.224819,0.44589,-1.119128,-1.42008,0.548383,0.296588,-0.899175,-0.188079,-0.267507
2026-03-27T18:24:05.765778+00:00,20.399604,1774635845765778000,-0.067055,0.490327,0.901282,0.139028,0.04049,-0.891158,-0.421672,-1.245173,-0.434183,1.584988,0.215871,-0.841634,0.225394,0.442432,-1.118155,-1.419643,0.547863,0.295959,-0.898235,-0.187084,-0.264784
2026-03-27T18:24:05.782782+00:00,20.416607,1774635845782781600,-0.065126,0.490468,0.900851,0.139764,0.038693,-0.902216,-0.426689,-1.244965,-0.43219,1.584224,0.216424,-0.841577,0.227949,0.440039,-1.117306,-1.419103,0.547334,0.295583,-0.897472,-0.186722,-0.262623
2026-03-27T18:24:05.799823+00:00,20.433649,1774635845799822900,-0.063248,0.490448,0.900697,0.144112,0.035925,-0.889341,-0.420385,-1.244601,-0.429947,1.583567,0.216783,-0.840989,0.23137,0.437421,-1.116397,-1.418629,0.547069,0.294744,-0.898143,-0.186879,-0.261114
2026-03-27T18:24:05.818228+00:00,20.452054,1774635845818227900,-0.061107,0.490551,0.900296,0.145853,0.033725,-0.89381,-0.42248,-1.244141,-0.427243,1.582877,0.217019,-0.843562,0.237536,0.437047,-1.115581,-1.417991,0.546672,0.293479,-0.899894,-0.187613,-0.260009
2026-03-27T18:24:05.833777+00:00,20.467602,1774635845833776700,-0.059142,0.490791,0.89982,0.148415,0.031529,-0.891592,-0.421691,-1.243499,-0.424478,1.582373,0.217798,-0.844221,0.24417,0.435921,-1.11483,-1.417585,0.546481,0.292762,-0.901112,-0.188247,-0.259044
2026-03-27T18:24:05.850738+00:00,20.484564,1774635845850738300,-0.057,0.490837,0.899509,0.148992,0.029543,-0.901963,-0.426613,-1.242704,-0.421138,1.58183,0.220846,-0.836969,0.250626,0.431148,-1.114155,-1.417083,0.546167,0.292418,-0.900426,-0.18828,-0.257976
2026-03-27T18:24:05.867720+00:00,20.501546,1774635845867720400,-0.054843,0.490871,0.899242,0.152415,0.027001,-0.89468,-0.423421,-1.241629,-0.417338,1.581377,0.222298,-0.835765,0.260153,0.429557,-1.113443,-1.416841,0.545999,0.290958,-0.902982,-0.188646,-0.257595
2026-03-27T18:24:05.884726+00:00,20.518552,1774635845884726000,-0.052647,0.490864,0.898998,0.155047,0.024752,-0.892865,-0.423093,-1.24025,-0.413119,1.581062,0.223656,-0.833828,0.270121,0.428371,-1.112762,-1.416682,0.545799,0.290911,-0.901571,-0.187959,-0.256499
2026-03-27T18:24:05.901858+00:00,20.535684,1774635845901857800,-0.050404,0.490839,0.898818,0.158385,0.022449,-0.885952,-0.420111,-1.23868,-0.40851,1.580752,0.225722,-0.828167,0.278927,0.425508,-1.112267,-1.416502,0.545338,0.289745,-0.904766,-0.187604,-0.256037
2026-03-27T18:24:05.919047+00:00,20.552873,1774635845919047200,-0.048113,0.490793,0.898661,0.160905,0.020188,-0.884478,-0.419885,-1.236754,-0.403423,1.580581,0.226185,-0.827966,0.289493,0.425131,-1.111687,-1.416475,0.544936,0.289707,-0.902995,-0.186215,-0.253938
2026-03-27T18:24:05.935946+00:00,20.569772,1774635845935946400,-0.045815,0.490733,0.898543,0.16333,0.01783,-0.883979,-0.420173,-1.234557,-0.397947,1.580389,0.226925,-0.825087,0.298814,0.423072,-1.111278,-1.416462,0.544247,0.288372,-0.906916,-0.185969,-0.253423
2026-03-27T18:24:05.952938+00:00,20.586764,1774635845952938300,-0.0435,0.490646,0.898437,0.164993,0.015461,-0.885785,-0.421862,-1.231902,-0.392085,1.580305,0.227688,-0.820658,0.307474,0.419956,-1.11075,-1.416591,0.543723,0.287965,-0.907648,-0.185072,-0.251943
2026-03-27T18:24:05.969980+00:00,20.603806,1774635845969979800,-0.041246,0.490501,0.898345,0.166565,0.013169,-0.886521,-0.423081,-1.228996,-0.385959,1.580237,0.227199,-0.819424,0.316599,0.418338,-1.110377,-1.416579,0.542858,0.288871,-0.906354,-0.184171,-0.250227
2026-03-27T18:24:05.987103+00:00,20.620929,1774635845987103600,-0.039002,0.490256,0.898288,0.167539,0.011004,-0.889469,-0.425392,-1.225426,-0.379327,1.580205,0.22492,-0.8188,0.325335,0.417456,-1.110011,-1.416818,0.542023,0.288948,-0.907248,-0.183196,-0.248984
2026-03-27T18:24:06.004055+00:00,20.637881,1774635846004054800,-0.036776,0.48994,0.898363,0.168483,0.008854,-0.890955,-0.427126,-1.221714,-0.372588,1.58032,0.223248,-0.813962,0.333373,0.415318,-1.109584,-1.417359,0.541279,0.289156,-0.907848,-0.182134,-0.247782
2026-03-27T18:24:06.021163+00:00,20.654989,1774635846021163600,-0.034634,0.489643,0.898475,0.17109,0.006608,-0.882992,-0.424291,-1.217642,-0.36553,1.580816,0.219845,-0.812385,0.343106,0.415444,-1.109271,-1.417929,0.540364,0.289367,-0.907757,-0.180821,-0.246286
2026-03-27T18:24:06.038322+00:00,20.672148,1774635846038321800,-0.03247,0.489318,0.898618,0.170911,0.004583,-0.88801,-0.427577,-1.213143,-0.358219,1.581726,0.216467,-0.809135,0.352505,0.415458,-1.108885,-1.418685,0.539548,0.290343,-0.906114,-0.178918,-0.244554
2026-03-27T18:24:06.055324+00:00,20.68915,1774635846055324100,-0.030419,0.489034,0.898817,0.172296,0.002624,-0.88371,-0.42627,-1.208341,-0.350964,1.58257,0.211934,-0.807312,0.361502,0.416333,-1.108611,-1.419448,0.538605,0.290287,-0.906687,-0.177334,-0.243021
2026-03-27T18:24:06.072274+00:00,20.7061,1774635846072274300,-0.028345,0.48874,0.899048,0.171118,0.000778,-0.892425,-0.430996,-1.203207,-0.343926,1.583463,0.208298,-0.801181,0.366793,0.415149,-1.108277,-1.420347,0.537762,0.289095,-0.911522,-0.176632,-0.242739
2026-03-27T18:24:06.089475+00:00,20.7233,1774635846089474500,-0.026321,0.488492,0.89931,0.172442,-0.001087,-0.887068,-0.429161,-1.197489,-0.336987,1.584369,0.201783,-0.806361,0.375689,0.419808,-1.108124,-1.421071,0.537022,0.289416,-0.911945,-0.175019,-0.241546
2026-03-27T18:24:06.106741+00:00,20.740567,1774635846106741300,-0.024273,0.488253,0.899617,0.17262,-0.002812,-0.888214,-0.429991,-1.191326,-0.330401,1.585246,0.197298,-0.800587,0.378876,0.41927,-1.107861,-1.422049,0.536216,0.291066,-0.907671,-0.172713,-0.23939
2026-03-27T18:24:06.123502+00:00,20.757328,1774635846123501800,-0.022292,0.488016,0.899918,0.173099,-0.004313,-0.886376,-0.429885,-1.184823,-0.324343,1.58608,0.190741,-0.801218,0.384423,0.422937,-1.10743,-1.423149,0.535188,0.291154,-0.908555,-0.171177,-0.238662
2026-03-27T18:24:06.140570+00:00,20.774396,1774635846140569800,-0.020258,0.487754,0.900259,0.172571,-0.005762,-0.889428,-0.431956,-1.177752,-0.318463,1.586933,0.185294,-0.792202,0.385989,0.422292,-1.107112,-1.42417,0.534435,0.291019,-0.910054,-0.169766,-0.238171
2026-03-27T18:24:06.157997+00:00,20.791822,1774635846157996700,-0.018176,0.487489,0.900623,0.173916,-0.007245,-0.883789,-0.429994,-1.170177,-0.31293,1.587624,0.175831,-0.793709,0.39374,0.427485,-1.106794,-1.425204,0.533681,0.291015,-0.910554,-0.168107,-0.237442
2026-03-27T18:24:06.175162+00:00,20.808987,1774635846175161500,-0.016047,0.487221,0.901024,0.174201,-0.008647,-0.884467,-0.430727,-1.162141,-0.307849,1.58817,0.167355,-0.786107,0.397463,0.428661,-1.106565,-1.426071,0.532999,0.290106,-0.913982,-0.166941,-0.23789
2026-03-27T18:24:06.192338+00:00,20.826164,1774635846192337900,-0.013933,0.486942,0.901467,0.175422,-0.009886,-0.879757,-0.429183,-1.15372,-0.303088,1.588686,0.156999,-0.78819,0.405942,0.435656,-1.106238,-1.426992,0.532341,0.291012,-0.911088,-0.164857,-0.236965
2026-03-27T18:24:06.209260+00:00,20.843086,1774635846209260500,-0.011776,0.486612,0.901924,0.174821,-0.011216,-0.885561,-0.43233,-1.145075,-0.298827,1.589057,0.147581,-0.787054,0.413057,0.441503,-1.105873,-1.427836,0.531688,0.291462,-0.91012,-0.163324,-0.236648
2026-03-27T18:24:06.226012+00:00,20.859838,1774635846226011900,-0.009605,0.486258,0.902366,0.175445,-0.012496,-0.886445,-0.433769,-1.136268,-0.294995,1.589391,0.13972,-0.778231,0.415356,0.443558,-1.105535,-1.428558,0.531018,0.290869,-0.91356,-0.162661,-0.237338
2026-03-27T18:24:06.243001+00:00,20.876827,1774635846243001200,-0.007334,0.485863,0.902866,0.176701,-0.013782,-0.884979,-0.433832,-1.127164,-0.291607,1.589696,0.129671,-0.78188,0.423526,0.453306,-1.105116,-1.429203,0.530276,0.291335,-0.912776,-0.161394,-0.23704
2026-03-27T18:24:06.260229+00:00,20.894054,1774635846260228500,-0.004993,0.485441,0.903399,0.17841,-0.015048,-0.883031,-0.433882,-1.117824,-0.288396,1.590033,0.120796,-0.778467,0.427973,0.459634,-1.104681,-1.429826,0.529507,0.291708,-0.91291,-0.160218,-0.236863
2026-03-27T18:24:06.277170+00:00,20.910996,1774635846277170500,-0.00261,0.484955,0.903916,0.1791,-0.016247,-0.887624,-0.437219,-1.108419,-0.285719,1.59036,0.115193,-0.756431,0.423531,0.455713,-1.104249,-1.430125,0.528493,0.291869,-0.91492,-0.159551,-0.236597
2026-03-27T18:24:06.293897+00:00,20.927723,1774635846293897300,-0.000262,0.484469,0.904446,0.180787,-0.017237,-0.886726,-0.438059,-1.09911,-0.283182,1.590765,0.106105,-0.758669,0.43297,0.466182,-1.103763,-1.43043,0.527461,0.292576,-0.913506,-0.15839,-0.235394
2026-03-27T18:24:06.310927+00:00,20.944753,1774635846310927100,0.002081,0.483978,0.904997,0.184195,-0.01797,-0.878373,-0.435313,-1.089686,-0.280846,1.591285,0.098766,-0.747104,0.435171,0.468873,-1.10323,-1.430651,0.526316,0.293691,-0.911575,-0.157045,-0.234095
2026-03-27T18:24:06.328032+00:00,20.961858,1774635846328031900,0.004458,0.483501,0.905509,0.18664,-0.0188,-0.875896,-0.435618,-1.080209,-0.278798,1.591937,0.08899,-0.756309,0.449551,0.484467,-1.102671,-1.430803,0.525155,0.292828,-0.915402,-0.156777,-0.234139
2026-03-27T18:24:06.345243+00:00,20.979068,1774635846345242600,0.006923,0.482992,0.906064,0.186604,-0.019929,-0.885541,-0.441638,-1.070789,-0.27703,1.592637,0.082828,-0.733993,0.445341,0.480308,-1.102033,-1.430817,0.523861,0.29408,-0.912226,-0.155742,-0.232674
2026-03-27T18:24:06.362329+00:00,20.996155,1774635846362329700,0.009309,0.482504,0.906567,0.189824,-0.020663,-0.88033,-0.440519,-1.061496,-0.275633,1.593507,0.073552,-0.740652,0.458341,0.495373,-1.101383,-1.430819,0.522569,0.293089,-0.916248,-0.155831,-0.232765
2026-03-27T18:24:06.379416+00:00,21.013241,1774635846379415700,0.011649,0.481999,0.907034,0.193176,-0.021356,-0.8745,-0.438812,-1.05241,-0.274564,1.594503,0.067469,-0.718738,0.453138,0.49183,-1.100646,-1.430849,0.521222,0.294688,-0.912349,-0.155023,-0.230999
2026-03-27T18:24:06.396449+00:00,21.030275,1774635846396449400,0.014063,0.481524,0.907556,0.196081,-0.022043,-0.870868,-0.438352,-1.04354,-0.273936,1.595621,0.057471,-0.750708,0.48134,0.525779,-1.099863,-1.430805,0.519783,0.295351,-0.91179,-0.154623,-0.229947
2026-03-27T18:24:06.413483+00:00,21.047309,1774635846413483100,0.0165,0.481062,0.908078,0.198262,-0.022742,-0.870999,-0.439946,-1.034931,-0.273506,1.59681,0.054397,-0.701547,0.45683,0.503354,-1.099033,-1.43077,0.518349,0.294996,-0.91428,-0.154396,-0.229578
2026-03-27T18:24:06.430443+00:00,21.064268,1774635846430442700,0.018935,0.480557,0.908553,0.198819,-0.023572,-0.878707,-0.444885,-1.026512,-0.273356,1.598201,0.046002,-0.732441,0.483552,0.539475,-1.09814,-1.430696,0.516821,0.294638,-0.916709,-0.153928,-0.229005
2026-03-27T18:24:06.447551+00:00,21.081376,1774635846447550700,0.021377,0.4801,0.909058,0.201497,-0.024149,-0.876531,-0.445076,-1.018334,-0.27338,1.59963,0.043983,-0.676925,0.452568,0.512236,-1.097186,-1.43063,0.515262,0.295853,-0.913783,-0.152499,-0.227198
2026-03-27T18:24:06.464694+00:00,21.09852,1774635846464694000,0.023851,0.479649,0.909542,0.204189,-0.024708,-0.875043,-0.445634,-1.010348,-0.273454,1.600986,0.036976,-0.711187,0.480201,0.551379,-1.096156,-1.430573,0.513628,0.295821,-0.915243,-0.151662,-0.226192
2026-03-27T18:24:06.481961+00:00,21.115787,1774635846481961500,0.02636,0.479202,0.910051,0.206743,-0.02522,-0.873954,-0.446376,-1.002462,-0.273679,1.602287,0.032297,-0.709081,0.483804,0.562908,-1.095094,-1.43053,0.511967,0.296246,-0.915557,-0.150688,-0.22502
2026-03-27T18:24:06.498751+00:00,21.132576,1774635846498750600,0.02877,0.478769,0.910496,0.209183,-0.025542,-0.872582,-0.447142,-0.995179,-0.273759,1.603289,0.034095,-0.582156,0.400317,0.470635,-1.093922,-1.430485,0.510386,0.296442,-0.917308,-0.150342,-0.224301
2026-03-27T18:24:06.515669+00:00,21.149495,1774635846515668900,0.031199,0.478328,0.910993,0.211673,-0.025765,-0.870414,-0.447377,-0.98779,-0.274004,1.60437,0.024377,-0.679668,0.471241,0.560402,-1.092689,-1.430424,0.508769,0.297772,-0.914631,-0.14917,-0.222805
2026-03-27T18:24:06.532763+00:00,21.166589,1774635846532763100,0.033653,0.477872,0.911439,0.21422,-0.025962,-0.868373,-0.447656,-0.980398,-0.274156,1.605381,0.01831,-0.723222,0.506673,0.608491,-1.091402,-1.430378,0.507209,0.297366,-0.918056,-0.149005,-0.222474
2026-03-27T18:24:06.549628+00:00,21.183454,1774635846549627900,0.036127,0.477438,0.911925,0.216762,-0.026386,-0.866576,-0.447925,-0.973262,-0.274169,1.606379,1e-06,-10021.626949,7098.123431,8577.883244,-1.090084,-1.4303,0.505605,0.298121,-0.917208,-0.148162,-0.221323
2026-03-27T18:24:06.566596+00:00,21.200422,1774635846566595800,0.038659,0.477044,0.912352,0.219913,-0.026893,-0.862477,-0.446983,-0.96608,-0.274285,1.607173,1e-06,-7200.777531,5164.414644,6268.411875,-1.088682,-1.430205,0.504042,0.298192,-0.919037,-0.147883,-0.22051
2026-03-27T18:24:06.583647+00:00,21.217472,1774635846583646600,0.041278,0.476613,0.912812,0.220892,-0.027657,-0.868172,-0.450727,-0.958857,-0.274156,1.607885,0.019923,-0.225117,0.163679,0.199147,-1.087263,-1.430046,0.502393,0.298674,-0.919288,-0.147359,-0.219127
2026-03-27T18:24:06.600445+00:00,21.234271,1774635846600445300,0.043843,0.476213,0.913288,0.223502,-0.028085,-0.866068,-0.450665,-0.951865,-0.273984,1.60873,0.001693,-1.171355,0.861817,1.05281,-1.085814,-1.429833,0.50087,0.299427,-0.918106,-0.146597,-0.216847
2026-03-27T18:24:06.617461+00:00,21.251287,1774635846617460800,0.046468,0.475806,0.913789,0.226347,-0.028522,-0.863432,-0.450373,-0.944684,-0.273883,1.609492,0.012328,0.026502,-0.019749,-0.024226,-1.084324,-1.429601,0.499344,0.299275,-0.918953,-0.146146,-0.21534
2026-03-27T18:24:06.634646+00:00,21.268472,1774635846634646000,0.049131,0.475415,0.914228,0.228879,-0.029201,-0.862412,-0.451125,-0.937568,-0.273879,1.61035,1e-06,2302.780747,-1736.059785,-2141.013741,-1.082805,-1.429377,0.497781,0.299301,-0.91941,-0.14558,-0.213729
2026-03-27T18:24:06.651899+00:00,21.285725,1774635846651899000,0.051812,0.474986,0.914698,0.231675,-0.029848,-0.860048,-0.451083,-0.93052,-0.273934,1.611019,0.006173,0.64685,-0.493712,-0.611711,-1.081243,-1.42917,0.496449,0.298717,-0.919699,-0.14486,-0.21208
2026-03-27T18:24:06.668758+00:00,21.302584,1774635846668758100,0.054447,0.47456,0.915099,0.233998,-0.03046,-0.859911,-0.452229,-0.923708,-0.273996,1.611679,0.009913,0.561771,-0.433688,-0.539272,-1.079706,-1.428997,0.495167,0.297634,-0.922259,-0.144414,-0.21093
2026-03-27T18:24:06.685599+00:00,21.319425,1774635846685599300,0.057072,0.474131,0.915554,0.236627,-0.030886,-0.857548,-0.452013,-0.917139,-0.274043,1.61219,0.010222,0.712083,-0.555309,-0.692131,-1.078164,-1.42883,0.493969,0.297449,-0.921436,-0.143404,-0.208774
2026-03-27T18:24:06.704205+00:00,21.338031,1774635846704205100,0.059931,0.473663,0.916003,0.239473,-0.031307,-0.855236,-0.451884,-0.909867,-0.274076,1.612521,1e-06,9589.582682,-7564.231753,-9450.539947,-1.07647,-1.428689,0.492919,0.296677,-0.92103,-0.142441,-0.206634
2026-03-27T18:24:06.721208+00:00,21.355034,1774635846721208300,0.062593,0.473217,0.916419,0.240505,-0.031931,-0.859279,-0.454854,-0.903297,-0.274186,1.612893,1e-06,11749.088764,-9367.436171,-11725.440621,-1.074922,-1.428536,0.491993,0.294879,-0.923991,-0.141945,-0.205312
2026-03-27T18:24:06.738171+00:00,21.371996,1774635846738170500,0.065177,0.472728,0.916743,0.243369,-0.032414,-0.856187,-0.454311,-0.896671,-0.27434,1.613083,0.023204,0.588448,-0.47491,-0.595823,-1.073416,-1.428408,0.491353,0.294606,-0.921642,-0.140799,-0.202907
2026-03-27T18:24:06.755174+00:00,21.389,1774635846755174100,0.067683,0.472346,0.916893,0.245473,-0.033051,-0.855962,-0.455441,-0.89009,-0.274671,1.613278,0.024505,0.618093,-0.50438,-0.634411,-1.07195,-1.428263,0.490859,0.29255,-0.922625,-0.140112,-0.201345
2026-03-27T18:24:06.772271+00:00,21.406096,1774635846772270500,0.070236,0.471802,0.917125,0.247705,-0.033508,-0.854801,-0.4562,-0.883645,-0.275017,1.613475,0.022043,0.748002,-0.616868,-0.777549,-1.070483,-1.428041,0.490391,0.290534,-0.923674,-0.139583,-0.199702
2026-03-27T18:24:06.789081+00:00,21.422906,1774635846789080600,0.07268,0.471031,0.917482,0.249741,-0.033998,-0.854634,-0.457422,-0.877306,-0.27535,1.613481,0.027074,0.660318,-0.551218,-0.695373,-1.0691,-1.427852,0.490187,0.288555,-0.925646,-0.139323,-0.198265
2026-03-27T18:24:06.806110+00:00,21.439936,1774635846806110100,0.075101,0.470482,0.917705,0.251568,-0.034364,-0.854322,-0.458767,-0.87098,-0.275674,1.613484,0.0305,0.636247,-0.537993,-0.678842,-1.067731,-1.427565,0.490024,0.286548,-0.926804,-0.138882,-0.19695
2026-03-27T18:24:06.823131+00:00,21.456957,1774635846823131100,0.07744,0.469982,0.917919,0.253558,-0.034635,-0.852558,-0.459094,-0.864671,-0.275974,1.613401,0.031107,0.676269,-0.579583,-0.729519,-1.066411,-1.427278,0.489992,0.284038,-0.930705,-0.139141,-0.196355
2026-03-27T18:24:06.840177+00:00,21.474002,1774635846840176600,0.079579,0.469535,0.91803,0.255511,-0.035,-0.8517,-0.459914,-0.858456,-0.276343,1.613298,0.042688,0.528313,-0.458951,-0.575874,-1.065139,-1.426932,0.490086,0.283312,-0.926668,-0.138239,-0.19442
2026-03-27T18:24:06.856986+00:00,21.490811,1774635846856985500,0.081674,0.469159,0.918196,0.257499,-0.035178,-0.84925,-0.459874,-0.852278,-0.276655,1.613096,0.040306,0.593451,-0.52352,-0.653711,-1.063976,-1.426623,0.490147,0.280128,-0.929329,-0.138148,-0.194069
2026-03-27T18:24:06.873957+00:00,21.507783,1774635846873957300,0.083616,0.468871,0.918359,0.258155,-0.035405,-0.851267,-0.461636,-0.846003,-0.27711,1.612862,0.043109,0.582798,-0.521437,-0.648998,-1.06284,-1.42632,0.490434,0.277244,-0.930673,-0.137873,-0.19341
2026-03-27T18:24:06.891004+00:00,21.52483,1774635846891004500,0.085497,0.468712,0.918581,0.260914,-0.035256,-0.846156,-0.459441,-0.839564,-0.277875,1.612762,0.049593,0.528589,-0.478994,-0.595631,-1.061701,-1.426012,0.490799,0.274344,-0.93172,-0.137508,-0.192728
2026-03-27T18:24:06.908338+00:00,21.542164,1774635846908338000,0.087303,0.468619,0.918835,0.262533,-0.035267,-0.844592,-0.458643,-0.833132,-0.278684,1.612721,0.049184,0.556999,-0.510255,-0.634304,-1.060782,-1.425757,0.491421,0.271698,-0.931332,-0.136675,-0.191671
2026-03-27T18:24:06.925953+00:00,21.559779,1774635846925953000,0.089116,0.468551,0.919093,0.263245,-0.03531,-0.845999,-0.459439,-0.826611,-0.279554,1.612577,0.048593,0.593316,-0.549871,-0.682504,-1.059816,-1.425476,0.492039,0.269099,-0.932502,-0.13611,-0.191067
2026-03-27T18:24:06.943829+00:00,21.577654,1774635846943828700,0.090759,0.468494,0.919359,0.264133,-0.035199,-0.846393,-0.459599,-0.819937,-0.280612,1.612357,0.058013,0.524987,-0.492394,-0.608974,-1.058969,-1.425312,0.492997,0.264923,-0.936703,-0.136048,-0.192834
2026-03-27T18:24:06.959772+00:00,21.593598,1774635846959772300,0.092162,0.468449,0.919626,0.265207,-0.034994,-0.845636,-0.459392,-0.813845,-0.281689,1.612128,0.056682,0.557401,-0.529013,-0.651788,-1.058249,-1.42512,0.493918,0.262585,-0.934454,-0.13488,-0.192626
2026-03-27T18:24:06.977059+00:00,21.610885,1774635846977059000,0.09359,0.46837,0.919907,0.265273,-0.034927,-0.848664,-0.461041,-0.807402,-0.283044,1.611925,0.060964,0.5311,-0.509915,-0.627898,-1.057552,-1.425069,0.494882,0.2598,-0.935263,-0.134037,-0.192909
2026-03-27T18:24:06.993808+00:00,21.627634,1774635846993808200,0.094883,0.468308,0.920247,0.267315,-0.034533,-0.844135,-0.458596,-0.800913,-0.284472,1.6117,0.062588,0.52865,-0.511761,-0.631325,-1.056887,-1.424943,0.495926,0.256093,-0.940441,-0.133749,-0.194098
2026-03-27T18:24:07.010843+00:00,21.644669,1774635847010843200,0.096115,0.46821,0.920584,0.267438,-0.034343,-0.847086,-0.460214,-0.794377,-0.286103,1.611462,0.060664,0.558478,-0.545516,-0.674251,-1.056278,-1.424909,0.496934,0.254526,-0.939081,-0.132567,-0.193856
2026-03-27T18:24:07.027923+00:00,21.661749,1774635847027923200,0.097245,0.468103,0.920958,0.269042,-0.033896,-0.843904,-0.458801,-0.787901,-0.287928,1.611067,0.06831,0.509388,-0.501613,-0.621571,-1.055687,-1.424996,0.497975,0.251612,-0.94152,-0.131801,-0.194568
2026-03-27T18:24:07.044912+00:00,21.678737,1774635847044911500,0.098265,0.467917,0.921328,0.268683,-0.033635,-0.84735,-0.460971,-0.781374,-0.28996,1.610451,0.068368,0.525847,-0.522903,-0.648768,-1.055142,-1.42523,0.499059,0.248731,-0.940721,-0.130744,-0.194563
2026-03-27T18:24:07.061632+00:00,21.695458,1774635847061632500,0.09913,0.467712,0.921728,0.269839,-0.033043,-0.844688,-0.460093,-0.774947,-0.292066,1.609521,0.070161,0.532985,-0.535453,-0.66338,-1.054633,-1.425494,0.500108,0.245728,-0.94163,-0.1299,-0.194668
2026-03-27T18:24:07.078727+00:00,21.712553,1774635847078727000,0.099838,0.467486,0.922177,0.270973,-0.032218,-0.842021,-0.459182,-0.768595,-0.29446,1.608285,0.076053,0.513492,-0.520944,-0.644373,-1.05409,-1.425913,0.501407,0.244445,-0.938926,-0.12764,-0.194234
2026-03-27T18:24:07.095770+00:00,21.729595,1774635847095769700,0.100459,0.467237,0.922654,0.270692,-0.031445,-0.843078,-0.460271,-0.762323,-0.29697,1.606855,0.076481,0.525351,-0.538159,-0.665708,-1.053685,-1.42614,0.502432,0.240978,-0.945437,-0.127208,-0.195299
2026-03-27T18:24:07.112778+00:00,21.746604,1774635847112778100,0.100881,0.467039,0.923151,0.270952,-0.030431,-0.842088,-0.460269,-0.756253,-0.299779,1.605258,0.079239,0.509099,-0.525687,-0.652823,-1.053212,-1.426402,0.503475,0.241392,-0.940946,-0.125596,-0.193654
2026-03-27T18:24:07.129876+00:00,21.763702,1774635847129875800,0.101255,0.466826,0.923649,0.270208,-0.029563,-0.844366,-0.462026,-0.750122,-0.30283,1.603602,0.079935,0.50388,-0.525156,-0.654975,-1.052441,-1.426839,0.504751,0.239277,-0.946766,-0.125661,-0.193841
2026-03-27T18:24:07.147681+00:00,21.781507,1774635847147681300,0.101523,0.4666,0.924179,0.270089,-0.02857,-0.844224,-0.462417,-0.743764,-0.30636,1.601933,0.080598,0.498663,-0.525847,-0.658762,-1.051807,-1.42712,0.505887,0.238405,-0.947203,-0.125277,-0.193164
2026-03-27T18:24:07.165377+00:00,21.799203,1774635847165376800,0.101657,0.466383,0.924701,0.269017,-0.027654,-0.846171,-0.463872,-0.737081,-0.31067,1.60039,0.077915,0.514152,-0.551276,-0.695421,-1.051085,-1.427359,0.507063,0.238715,-0.94365,-0.124599,-0.192029
2026-03-27T18:24:07.181979+00:00,21.815805,1774635847181978900,0.101732,0.466215,0.925167,0.269622,-0.026689,-0.842173,-0.462456,-0.730919,-0.314964,1.599184,0.081512,0.492437,-0.539241,-0.686442,-1.049998,-1.427478,0.508302,0.236924,-0.944457,-0.12578,-0.193277
2026-03-27T18:24:07.199013+00:00,21.832839,1774635847199013000,0.101708,0.466059,0.925614,0.269021,-0.025893,-0.842137,-0.4629,-0.725035,-0.319565,1.598022,0.084396,0.472452,-0.528426,-0.678453,-1.04904,-1.427644,0.509488,0.236474,-0.944366,-0.126462,-0.193844
2026-03-27T18:24:07.216010+00:00,21.849835,1774635847216009600,0.101771,0.465946,0.926012,0.267414,-0.02525,-0.845432,-0.464382,-0.719932,-0.324179,1.596812,0.084029,0.45806,-0.521748,-0.6756,-1.047633,-1.427752,0.510692,0.237711,-0.94453,-0.127752,-0.195125
2026-03-27T18:24:07.233154+00:00,21.86698,1774635847233153800,0.101743,0.465881,0.926339,0.266679,-0.024541,-0.845986,-0.464976,-0.715034,-0.328786,1.595535,0.082118,0.449415,-0.521141,-0.680184,-1.046294,-1.427915,0.511847,0.240191,-0.939822,-0.128099,-0.194765
2026-03-27T18:24:07.250118+00:00,21.883944,1774635847250118200,0.101759,0.465902,0.926596,0.266793,-0.02387,-0.84433,-0.463814,-0.712372,-0.332585,1.594356,0.078871,0.455035,-0.522682,-0.70055,-1.044911,-1.427915,0.512823,0.241064,-0.944261,-0.128785,-0.195401
2026-03-27T18:24:07.267065+00:00,21.900891,1774635847267065200,0.101823,0.465965,0.926857,0.266096,-0.02316,-0.845774,-0.463885,-0.710197,-0.335956,1.59319,0.07939,0.443911,-0.504538,-0.698214,-1.043573,-1.427913,0.513828,0.24387,-0.940069,-0.128827,-0.194222
2026-03-27T18:24:07.284106+00:00,21.917931,1774635847284105400,0.101842,0.466095,0.927124,0.265967,-0.022306,-0.845114,-0.463129,-0.709457,-0.338355,1.591701,0.075691,0.457846,-0.51291,-0.730417,-1.042225,-1.427844,0.51494,0.244212,-0.94021,-0.13028,-0.193809
2026-03-27T18:24:07.300905+00:00,21.934731,1774635847300905600,0.1019,0.466149,0.927354,0.2659,-0.021405,-0.845265,-0.462452,-0.710094,-0.339571,1.590088,0.076037,0.458928,-0.506284,-0.734349,-1.040956,-1.427631,0.516084,0.243866,-0.942417,-0.132087,-0.194087
2026-03-27T18:24:07.317951+00:00,21.951777,1774635847317951500,0.101882,0.466316,0.927541,0.265627,-0.020658,-0.844967,-0.462047,-0.711882,-0.339618,1.588232,0.082628,0.44974,-0.488523,-0.718567,-1.039707,-1.427108,0.517569,0.243948,-0.940721,-0.134733,-0.194903
2026-03-27T18:24:07.335036+00:00,21.968861,1774635847335035700,0.102015,0.466478,0.927632,0.264493,-0.020441,-0.849029,-0.463735,-0.714541,-0.339408,1.586382,0.089489,0.453654,-0.486306,-0.725235,-1.038509,-1.426554,0.51911,0.245184,-0.937241,-0.137134,-0.195357
2026-03-27T18:24:07.353320+00:00,21.987146,1774635847353319800,0.10225,0.466627,0.927673,0.265327,-0.020562,-0.846367,-0.461746,-0.71809,-0.338543,1.584678,0.095647,0.46346,-0.493379,-0.742924,-1.037365,-1.425854,0.520894,0.245864,-0.935966,-0.141048,-0.197402
2026-03-27T18:24:07.370779+00:00,22.004604,1774635847370778700,0.102536,0.466734,0.927666,0.265709,-0.021064,-0.845139,-0.460818,-0.722234,-0.337225,1.583372,0.10513,0.451314,-0.47922,-0.72515,-1.036328,-1.425156,0.522688,0.245942,-0.934927,-0.144721,-0.199564
2026-03-27T18:24:07.387331+00:00,22.021157,1774635847387331100,0.102795,0.466798,0.927615,0.26566,-0.021754,-0.844531,-0.460459,-0.726678,-0.335871,1.582512,0.109561,0.45695,-0.484212,-0.736437,-1.035691,-1.424411,0.524595,0.246237,-0.939411,-0.150098,-0.20253
2026-03-27T18:24:07.404236+00:00,22.038062,1774635847404236100,0.103046,0.466856,0.927397,0.266075,-0.022573,-0.843329,-0.459432,-0.731991,-0.334703,1.582026,0.112912,0.463281,-0.488396,-0.747634,-1.035037,-1.423637,0.526592,0.248408,-0.932812,-0.153667,-0.20359
2026-03-27T18:24:07.421245+00:00,22.055071,1774635847421245200,0.103285,0.466882,0.927025,0.264837,-0.023643,-0.848499,-0.461893,-0.737876,-0.333648,1.581913,0.118104,0.457448,-0.477477,-0.737814,-1.034433,-1.422934,0.528599,0.249337,-0.931417,-0.157904,-0.205651
2026-03-27T18:24:07.438523+00:00,22.072349,1774635847438523200,0.103461,0.466924,0.926587,0.264931,-0.024552,-0.848587,-0.461915,-0.744607,-0.332926,1.582016,0.120926,0.456,-0.469568,-0.733242,-1.034314,-1.422544,0.531123,0.248569,-0.934073,-0.161605,-0.210173
2026-03-27T18:24:07.455077+00:00,22.088902,1774635847455076700,0.10353,0.467011,0.926088,0.266528,-0.02524,-0.844104,-0.459807,-0.751732,-0.332366,1.582458,0.120843,0.46036,-0.4672,-0.736471,-1.034155,-1.422183,0.533496,0.251381,-0.926981,-0.164845,-0.211592
2026-03-27T18:24:07.472071+00:00,22.105897,1774635847472070900,0.103559,0.467118,0.925543,0.266387,-0.02578,-0.845966,-0.460802,-0.759433,-0.331819,1.583154,0.118983,0.467692,-0.46692,-0.742089,-1.03405,-1.421821,0.535925,0.251255,-0.92907,-0.169104,-0.215034
2026-03-27T18:24:07.489212+00:00,22.123038,1774635847489212100,0.103517,0.467284,0.924951,0.26685,-0.026161,-0.846325,-0.460674,-0.768839,-0.331594,1.584092,0.116132,0.471333,-0.462823,-0.73565,-1.033979,-1.421727,0.538567,0.253541,-0.926014,-0.173446,-0.217865
2026-03-27T18:24:07.506169+00:00,22.139994,1774635847506168700,0.103612,0.4675,0.924364,0.267557,-0.026193,-0.846245,-0.460199,-0.778487,-0.331501,1.585082,0.1129,0.475633,-0.458986,-0.728486,-1.033864,-1.421678,0.5413,0.255069,-0.926817,-0.177842,-0.222111
2026-03-27T18:24:07.523222+00:00,22.157047,1774635847523221700,0.103276,0.467834,0.923802,0.268522,-0.025898,-0.845039,-0.459051,-0.788542,-0.331503,1.586012,0.108385,0.482411,-0.457749,-0.724028,-1.033702,-1.42175,0.544174,0.258596,-0.921814,-0.181455,-0.225011
2026-03-27T18:24:07.540220+00:00,22.174046,1774635847540219900,0.102816,0.468175,0.92324,0.267894,-0.025624,-0.849194,-0.460495,-0.799279,-0.331887,1.587018,0.101899,0.489934,-0.457795,-0.719862,-1.03353,-1.421885,0.547119,0.260953,-0.921901,-0.18594,-0.228886
2026-03-27T18:24:07.557360+00:00,22.191186,1774635847557360400,0.102176,0.468528,0.922686,0.268802,-0.025175,-0.848003,-0.459288,-0.810325,-0.332845,1.588049,0.094506,0.491566,-0.452427,-0.706665,-1.033284,-1.422018,0.550169,0.263885,-0.918491,-0.189935,-0.231329
2026-03-27T18:24:07.574616+00:00,22.208442,1774635847574615900,0.101414,0.468828,0.922131,0.269706,-0.02466,-0.846039,-0.457692,-0.821812,-0.333991,1.589138,0.083307,0.508956,-0.460692,-0.715507,-1.033018,-1.422212,0.553225,0.266393,-0.916876,-0.194052,-0.233736
2026-03-27T18:24:07.591496+00:00,22.225322,1774635847591496100,0.100534,0.469085,0.921583,0.26977,-0.024217,-0.846696,-0.458017,-0.833142,-0.335823,1.590184,0.074753,0.50557,-0.449232,-0.695655,-1.032678,-1.422439,0.556261,0.268812,-0.915331,-0.197962,-0.236119
2026-03-27T18:24:07.608508+00:00,22.242334,1774635847608508200,0.099532,0.469335,0.921076,0.270245,-0.023711,-0.84539,-0.456923,-0.844893,-0.337795,1.591191,0.064298,0.508942,-0.442902,-0.684726,-1.032346,-1.42282,0.559352,0.271139,-0.913182,-0.201684,-0.23842
2026-03-27T18:24:07.625573+00:00,22.259399,1774635847625573100,0.098412,0.469555,0.920594,0.269128,-0.023271,-0.849157,-0.458573,-0.856507,-0.340467,1.592124,0.048108,0.5418,-0.458964,-0.711383,-1.031816,-1.423081,0.562588,0.273395,-0.91049,-0.204172,-0.240935
2026-03-27T18:24:07.642632+00:00,22.276458,1774635847642632300,0.097136,0.469761,0.920152,0.268958,-0.022652,-0.848405,-0.458083,-0.868407,-0.343186,1.592989,0.034274,0.556927,-0.458779,-0.71431,-1.031313,-1.423706,0.565776,0.276314,-0.90748,-0.206571,-0.243006
2026-03-27T18:24:07.659741+00:00,22.293567,1774635847659740900,0.095688,0.469942,0.919749,0.268823,-0.021801,-0.846708,-0.457243,-0.880226,-0.346492,1.593755,0.017803,0.615187,-0.489714,-0.769798,-1.030741,-1.42435,0.568948,0.279322,-0.90326,-0.208809,-0.244478
2026-03-27T18:24:07.676642+00:00,22.310467,1774635847676641700,0.094188,0.470123,0.919397,0.267139,-0.020937,-0.850417,-0.458929,-0.891771,-0.349993,1.594406,1e-06,2625.152469,-2018.272877,-3201.067448,-1.03017,-1.424972,0.572057,0.281802,-0.901363,-0.211878,-0.246495
2026-03-27T18:24:07.693690+00:00,22.327515,1774635847693689700,0.092526,0.470356,0.91908,0.267168,-0.019831,-0.847909,-0.457481,-0.90307,-0.353653,1.594573,0.01193,-0.454745,0.337538,0.541202,-1.029643,-1.425551,0.575134,0.28443,-0.898515,-0.214796,-0.248468
2026-03-27T18:24:07.710802+00:00,22.344627,1774635847710801600,0.090815,0.470637,0.918822,0.265358,-0.018724,-0.851238,-0.458727,-0.913802,-0.357418,1.59443,0.017216,-0.734904,0.528203,0.854866,-1.029118,-1.426128,0.57818,0.28699,-0.896628,-0.218015,-0.250716
2026-03-27T18:24:07.727791+00:00,22.361617,1774635847727790800,0.089021,0.470973,0.918606,0.264683,-0.017507,-0.851468,-0.458075,-0.92404,-0.360981,1.594133,0.033048,-0.597808,0.417924,0.680641,-1.028621,-1.426716,0.581227,0.289564,-0.894453,-0.221147,-0.2529
2026-03-27T18:24:07.744741+00:00,22.378567,1774635847744740900,0.087094,0.471338,0.918458,0.264553,-0.016122,-0.847944,-0.455569,-0.933607,-0.364401,1.593628,0.037614,-0.71343,0.488712,0.797934,-1.02831,-1.427624,0.58383,0.292391,-0.895783,-0.224387,-0.255496
2026-03-27T18:24:07.761734+00:00,22.39556,1774635847761734100,0.085142,0.471605,0.918381,0.262746,-0.014795,-0.850253,-0.456051,-0.942318,-0.367896,1.592983,0.057331,-0.58843,0.397257,0.647857,-1.028038,-1.428627,0.58653,0.297244,-0.889449,-0.226562,-0.256977
2026-03-27T18:24:07.778901+00:00,22.412726,1774635847778900700,0.083027,0.471831,0.918418,0.261546,-0.01343,-0.849561,-0.455132,-0.950561,-0.371011,1.592099,0.063091,-0.633052,0.422156,0.687771,-1.027858,-1.429898,0.589342,0.300146,-0.88987,-0.230044,-0.261723
2026-03-27T18:24:07.796015+00:00,22.429841,1774635847796015200,0.080831,0.472192,0.918398,0.259149,-0.012171,-0.852426,-0.455618,-0.957882,-0.37374,1.591066,0.07447,-0.611828,0.40319,0.657117,-1.027751,-1.431313,0.592143,0.305165,-0.883471,-0.231625,-0.265824
2026-03-27T18:24:07.812974+00:00,22.4468,1774635847812973900,0.078575,0.47254,0.918325,0.257569,-0.010975,-0.852607,-0.454977,-0.964561,-0.376659,1.589957,0.082615,-0.615731,0.400456,0.654963,-1.027701,-1.432847,0.594845,0.309255,-0.881567,-0.234247,-0.271316
2026-03-27T18:24:07.830003+00:00,22.463829,1774635847830002900,0.076298,0.472698,0.918463,0.254897,-0.009706,-0.855575,-0.455983,-0.970383,-0.379624,1.588772,0.091516,-0.610524,0.39122,0.644156,-1.027818,-1.434457,0.597458,0.31412,-0.875792,-0.236256,-0.2762
2026-03-27T18:24:07.847006+00:00,22.480832,1774635847847005800,0.073933,0.472816,0.918595,0.253139,-0.008225,-0.854023,-0.454959,-0.975509,-0.382724,1.587494,0.093648,-0.643919,0.404627,0.675276,-1.027951,-1.436144,0.599943,0.31879,-0.87295,-0.239446,-0.281965
2026-03-27T18:24:07.864056+00:00,22.497882,1774635847864056000,0.071538,0.472861,0.91875,0.251368,-0.006654,-0.852479,-0.453948,-0.980056,-0.386044,1.586211,0.101661,-0.628619,0.385049,0.655752,-1.028307,-1.437862,0.602314,0.323267,-0.869423,-0.242407,-0.287359
2026-03-27T18:24:07.881186+00:00,22.515011,1774635847881185500,0.069128,0.472866,0.91898,0.249196,-0.005085,-0.852058,-0.453771,-0.983973,-0.389683,1.584878,0.104612,-0.639152,0.377717,0.662438,-1.028564,-1.439583,0.604353,0.327406,-0.863544,-0.245382,-0.290945
2026-03-27T18:24:07.898197+00:00,22.532023,1774635847898197300,0.066764,0.472976,0.919261,0.246979,-0.00348,-0.852349,-0.453871,-0.987281,-0.393812,1.583545,0.108812,-0.644793,0.365142,0.663432,-1.02881,-1.441252,0.606189,0.328159,-0.86411,-0.24913,-0.295261
2026-03-27T18:24:07.915139+00:00,22.548965,1774635847915139200,0.064419,0.472894,0.919577,0.244283,-0.0018,-0.854241,-0.455094,-0.990271,-0.397832,1.58199,0.114089,-0.647594,0.351771,0.66148,-1.029002,-1.442869,0.607803,0.329122,-0.860973,-0.251437,-0.298325
2026-03-27T18:24:07.932342+00:00,22.566167,1774635847932341700,0.06207,0.472708,0.919874,0.241491,-0.000123,-0.856327,-0.456408,-0.992749,-0.402122,1.580604,0.120641,-0.64429,0.335369,0.653865,-1.029124,-1.444513,0.609349,0.327111,-0.860197,-0.253006,-0.302457
2026-03-27T18:24:07.949259+00:00,22.583084,1774635847949258500,0.059793,0.472508,0.920171,0.239847,0.001594,-0.854244,-0.455714,-0.99472,-0.40622,1.579092,0.122688,-0.663608,0.330507,0.669566,-1.029192,-1.446234,0.610868,0.327805,-0.857653,-0.253244,-0.305471
2026-03-27T18:24:07.966303+00:00,22.600129,1774635847966303300,0.057564,0.47229,0.920443,0.237051,0.003417,-0.856521,-0.457179,-0.996221,-0.410408,1.577838,0.126175,-0.670334,0.319687,0.673068,-1.029263,-1.448205,0.612485,0.326221,-0.857546,-0.252254,-0.311268
2026-03-27T18:24:07.983413+00:00,22.617239,1774635847983413400,0.055423,0.47208,0.920656,0.234241,0.005253,-0.859473,-0.45896,-0.997276,-0.414262,1.576424,0.130555,-0.667557,0.306103,0.667045,-1.029339,-1.450493,0.614221,0.325179,-0.856045,-0.249235,-0.317552
2026-03-27T18:24:08.000386+00:00,22.634212,1774635848000386000,0.053361,0.471928,0.920872,0.233611,0.006883,-0.854643,-0.456611,-0.997955,-0.418047,1.575311,0.134286,-0.662346,0.292384,0.658253,-1.029424,-1.452815,0.615836,0.326525,-0.854711,-0.24572,-0.323103
2026-03-27T18:24:08.018507+00:00,22.652333,1774635848018506800,0.051425,0.471761,0.920987,0.231343,0.008364,-0.857363,-0.45802,-0.998269,-0.421645,1.574117,0.134714,-0.67035,0.284502,0.663176,-1.02944,-1.455032,0.61725,0.327576,-0.853885,-0.242961,-0.326666
2026-03-27T18:24:08.034433+00:00,22.668259,1774635848034433200,0.049691,0.471609,0.921067,0.229084,0.009626,-0.861105,-0.460057,-0.998393,-0.425039,1.573385,0.135029,-0.680657,0.278402,0.670785,-1.029333,-1.456967,0.618414,0.327461,-0.8523,-0.24088,-0.329257
2026-03-27T18:24:08.051375+00:00,22.685201,1774635848051375100,0.048008,0.471464,0.921087,0.228072,0.010767,-0.860784,-0.460457,-0.998376,-0.428139,1.572592,0.137682,-0.679774,0.268759,0.668011,-1.029028,-1.458551,0.619474,0.324441,-0.852855,-0.240412,-0.331855
2026-03-27T18:24:08.068495+00:00,22.70232,1774635848068494500,0.046431,0.471348,0.921105,0.227551,0.011788,-0.858627,-0.45939,-0.99815,-0.430984,1.572286,0.139306,-0.684996,0.263303,0.67184,-1.02848,-1.459527,0.620479,0.321308,-0.852976,-0.241648,-0.334066
2026-03-27T18:24:08.085593+00:00,22.719419,1774635848085593200,0.045039,0.471266,0.921197,0.226519,0.012779,-0.860404,-0.460062,-0.997507,-0.433546,1.572096,0.143028,-0.674645,0.252783,0.660994,-1.027905,-1.459519,0.621496,0.319528,-0.851315,-0.24484,-0.335601
2026-03-27T18:24:08.102610+00:00,22.736436,1774635848102610500,0.043717,0.471249,0.921216,0.226076,0.013789,-0.859234,-0.459363,-0.996336,-0.435982,1.572054,0.142316,-0.680958,0.249536,0.667943,-1.027264,-1.459341,0.622541,0.315502,-0.852006,-0.249359,-0.3398
2026-03-27T18:24:08.119650+00:00,22.753476,1774635848119650100,0.042455,0.471223,0.921224,0.226287,0.014685,-0.855303,-0.457313,-0.995084,-0.438208,1.572302,0.142392,-0.682337,0.245779,0.671561,-1.026514,-1.457804,0.623518,0.311907,-0.847954,-0.254712,-0.34185
2026-03-27T18:24:08.136817+00:00,22.770642,1774635848136816300,0.041263,0.471176,0.921241,0.223819,0.015617,-0.861288,-0.460489,-0.993567,-0.440173,1.572834,0.144855,-0.677326,0.242613,0.669734,-1.025759,-1.45608,0.624477,0.307216,-0.846571,-0.260929,-0.34473
2026-03-27T18:24:08.153768+00:00,22.787594,1774635848153767900,0.040183,0.471169,0.921292,0.223717,0.016348,-0.858225,-0.458841,-0.992192,-0.44159,1.573725,0.145932,-0.68196,0.244279,0.677433,-1.024924,-1.451679,0.624694,0.297529,-0.849119,-0.277297,-0.344062
2026-03-27T18:24:08.170981+00:00,22.804807,1774635848170981100,0.039118,0.471147,0.921365,0.222214,0.017148,-0.860021,-0.45928,-0.990444,-0.442915,1.574461,0.146808,-0.681261,0.243968,0.681,-1.02413,-1.447717,0.625033,0.290367,-0.843794,-0.288634,-0.341946
2026-03-27T18:24:08.188191+00:00,22.822017,1774635848188191600,0.038175,0.471141,0.921455,0.222042,0.017934,-0.856476,-0.457401,-0.988523,-0.444108,1.575285,0.146276,-0.673517,0.239081,0.678158,-1.023318,-1.443623,0.625125,0.279951,-0.845644,-0.302179,-0.34196
2026-03-27T18:24:08.205014+00:00,22.838839,1774635848205013600,0.037307,0.471087,0.921565,0.219494,0.018962,-0.862809,-0.460806,-0.986606,-0.444867,1.576242,0.143928,-0.672724,0.236075,0.68136,-1.022435,-1.439744,0.625115,0.270335,-0.846343,-0.315448,-0.342111
2026-03-27T18:24:08.222318+00:00,22.856144,1774635848222318000,0.036509,0.471018,0.921722,0.218882,0.01983,-0.860773,-0.460037,-0.98449,-0.445679,1.576998,0.141359,-0.677381,0.235509,0.689632,-1.021529,-1.436144,0.625021,0.262826,-0.843889,-0.327014,-0.340937
2026-03-27T18:24:08.239933+00:00,22.873759,1774635848239933000,0.035748,0.4709,0.921852,0.21829,0.020616,-0.859668,-0.459777,-0.982442,-0.445961,1.57776,0.14184,-0.670302,0.23185,0.684876,-1.020535,-1.433302,0.624966,0.256871,-0.840999,-0.337532,-0.340524
2026-03-27T18:24:08.256165+00:00,22.889991,1774635848256164800,0.035156,0.470767,0.921917,0.217291,0.021329,-0.861083,-0.461052,-0.980401,-0.446436,1.57849,0.139916,-0.672263,0.231318,0.689634,-1.019516,-1.431424,0.624849,0.254049,-0.834667,-0.3451,-0.338836
2026-03-27T18:24:08.273200+00:00,22.907026,1774635848273200400,0.034566,0.470634,0.921952,0.216422,0.02206,-0.863171,-0.462487,-0.978255,-0.446725,1.579663,0.138971,-0.66857,0.229898,0.688399,-1.018292,-1.430691,0.624705,0.251758,-0.833856,-0.352907,-0.33957
2026-03-27T18:24:08.290236+00:00,22.924061,1774635848290235700,0.034043,0.470539,0.921974,0.217227,0.022584,-0.858554,-0.460668,-0.976209,-0.446834,1.580584,0.136062,-0.675882,0.233027,0.69945,-1.016919,-1.430486,0.624365,0.249561,-0.835126,-0.358597,-0.340546
2026-03-27T18:24:08.307225+00:00,22.941051,1774635848307225200,0.03359,0.470506,0.921967,0.217267,0.023164,-0.859102,-0.461037,-0.974036,-0.446845,1.581495,0.136642,-0.663888,0.230537,0.690781,-1.015303,-1.431812,0.623776,0.249195,-0.833455,-0.359731,-0.340661
2026-03-27T18:24:08.324275+00:00,22.958101,1774635848324275000,0.033197,0.470498,0.92197,0.217238,0.023725,-0.860291,-0.461641,-0.97193,-0.446811,1.582404,0.133167,-0.672345,0.236165,0.70398,-1.013445,-1.434212,0.622945,0.250626,-0.831192,-0.356345,-0.339851
2026-03-27T18:24:08.341574+00:00,22.9754,1774635848341574100,0.032799,0.470532,0.921997,0.217718,0.024306,-0.859434,-0.460921,-0.969648,-0.446652,1.583398,0.130813,-0.67262,0.239849,0.709276,-1.011292,-1.437578,0.621848,0.252103,-0.835612,-0.351874,-0.340929
2026-03-27T18:24:08.358679+00:00,22.992505,1774635848358679100,0.032331,0.470525,0.921994,0.217525,0.025008,-0.860812,-0.461705,-0.967464,-0.446182,1.584393,0.132813,-0.650232,0.236005,0.690609,-1.00902,-1.441567,0.620345,0.255392,-0.837236,-0.340997,-0.339571
2026-03-27T18:24:08.375748+00:00,23.009573,1774635848375747500,0.031911,0.47061,0.922142,0.218052,0.025567,-0.859428,-0.460578,-0.965122,-0.445652,1.585371,0.131145,-0.647861,0.239614,0.693269,-1.006686,-1.445888,0.618449,0.258467,-0.840684,-0.328278,-0.336207
2026-03-27T18:24:08.392778+00:00,23.026604,1774635848392777800,0.031498,0.4707,0.922356,0.218012,0.026135,-0.859639,-0.460474,-0.963397,-0.445281,1.585899,0.129355,-0.646498,0.243656,0.697167,-1.004318,-1.449945,0.615757,0.260402,-0.849875,-0.315626,-0.330572
2026-03-27T18:24:08.409647+00:00,23.043473,1774635848409647400,0.030971,0.470741,0.922671,0.216847,0.026885,-0.86359,-0.461986,-0.961206,-0.444838,1.586387,0.127082,-0.647445,0.248727,0.703483,-1.001983,-1.453663,0.612355,0.26307,-0.860876,-0.30279,-0.321775
2026-03-27T18:24:08.426614+00:00,23.06044,1774635848426614000,0.030501,0.470855,0.923078,0.216575,0.027606,-0.863378,-0.461694,-0.959332,-0.444183,1.58708,0.127007,-0.63863,0.250392,0.698879,-0.999682,-1.456841,0.607955,0.26722,-0.867396,-0.287479,-0.30679
2026-03-27T18:24:08.443736+00:00,23.077562,1774635848443735800,0.029929,0.470956,0.923658,0.217366,0.028316,-0.856848,-0.457885,-0.957371,-0.44356,1.587881,0.123504,-0.646185,0.258546,0.712698,-0.99748,-1.459864,0.602863,0.26804,-0.880201,-0.272047,-0.291142
2026-03-27T18:24:08.461307+00:00,23.095133,1774635848461307300,0.029446,0.471009,0.924299,0.215121,0.029428,-0.862596,-0.460702,-0.955445,-0.442901,1.588809,0.120577,-0.652677,0.266201,0.724499,-0.995184,-1.462868,0.597583,0.269496,-0.890146,-0.255333,-0.274093
2026-03-27T18:24:08.479898+00:00,23.113724,1774635848479898100,0.028888,0.471039,0.924996,0.213769,0.030323,-0.864045,-0.46108,-0.954204,-0.442616,1.589237,0.122173,-0.636903,0.265016,0.711081,-0.993981,-1.46543,0.590769,0.258582,-0.906452,-0.232983,-0.249467
2026-03-27T18:24:08.495915+00:00,23.129741,1774635848495915600,0.028495,0.471034,0.925669,0.213224,0.030849,-0.862375,-0.460145,-0.953079,-0.442282,1.589777,0.123143,-0.628934,0.264562,0.704997,-0.992895,-1.467682,0.585687,0.254324,-0.914865,-0.216331,-0.232879
2026-03-27T18:24:08.512956+00:00,23.146782,1774635848512955900,0.028103,0.471055,0.926345,0.211414,0.031576,-0.865601,-0.461985,-0.951954,-0.441951,1.590405,0.120252,-0.643599,0.272495,0.723145,-0.992049,-1.469597,0.580736,0.252241,-0.922892,-0.200891,-0.218534
2026-03-27T18:24:08.530107+00:00,23.163933,1774635848530107200,0.027811,0.471043,0.927082,0.21075,0.032097,-0.864137,-0.461457,-0.951292,-0.441845,1.590721,0.120864,-0.639968,0.272147,0.720705,-0.991481,-1.471298,0.576434,0.253916,-0.923218,-0.187083,-0.206805
2026-03-27T18:24:08.547101+00:00,23.180927,1774635848547100900,0.027538,0.470982,0.927762,0.210657,0.03248,-0.860943,-0.459765,-0.950578,-0.441754,1.591217,0.123778,-0.624251,0.266924,0.704188,-0.991,-1.472924,0.572394,0.254872,-0.9275,-0.17486,-0.19704
2026-03-27T18:24:08.564227+00:00,23.198053,1774635848564226900,0.027412,0.470864,0.928435,0.210052,0.032859,-0.860848,-0.45999,-0.950182,-0.441773,1.591468,0.121819,-0.633369,0.271779,0.715559,-0.991157,-1.474634,0.570072,0.253356,-0.934679,-0.168591,-0.198017
2026-03-27T18:24:08.581165+00:00,23.21499,1774635848581164500,0.027324,0.470718,0.929003,0.209577,0.033116,-0.861669,-0.460706,-0.949678,-0.441805,1.591802,0.121474,-0.63304,0.271782,0.716206,-0.991535,-1.476456,0.567877,0.253213,-0.935579,-0.160519,-0.196575
2026-03-27T18:24:08.598551+00:00,23.232376,1774635848598550400,0.027387,0.470557,0.929573,0.209089,0.03336,-0.863852,-0.462304,-0.949398,-0.442118,1.591991,0.122084,-0.630229,0.270289,0.71301,-0.992614,-1.478559,0.566754,0.253896,-0.931908,-0.151967,-0.200027
2026-03-27T18:24:08.615224+00:00,23.24905,1774635848615224300,0.027369,0.470425,0.93003,0.210723,0.033086,-0.858928,-0.459993,-0.949175,-0.442417,1.59217,0.122786,-0.629675,0.269712,0.712355,-0.994005,-1.480736,0.566374,0.256396,-0.931217,-0.144669,-0.206065
2026-03-27T18:24:08.632303+00:00,23.266129,1774635848632303400,0.027482,0.47029,0.930534,0.210879,0.03312,-0.86136,-0.461279,-0.949039,-0.442922,1.592336,0.123947,-0.628021,0.268366,0.710402,-0.995728,-1.482793,0.566351,0.257891,-0.931565,-0.139328,-0.21528
2026-03-27T18:24:08.649484+00:00,23.283309,1774635848649483700,0.027736,0.470149,0.930997,0.211071,0.033208,-0.864245,-0.462874,-0.948962,-0.443348,1.592488,0.123721,-0.634791,0.269835,0.717424,-0.997603,-1.48481,0.566855,0.263256,-0.926179,-0.135405,-0.224924
2026-03-27T18:24:08.666731+00:00,23.300557,1774635848666730800,0.028053,0.470001,0.931433,0.212597,0.033305,-0.861289,-0.461913,-0.948913,-0.443966,1.592634,0.126159,-0.629774,0.266899,0.712117,-0.999606,-1.486684,0.568044,0.267434,-0.925325,-0.134107,-0.236962
2026-03-27T18:24:08.684123+00:00,23.317948,1774635848684122500,0.028355,0.46982,0.931793,0.214065,0.033414,-0.858463,-0.461066,-0.948855,-0.444428,1.592778,0.126796,-0.63619,0.270044,0.720772,-1.001529,-1.488489,0.569476,0.274533,-0.920954,-0.133902,-0.247914
2026-03-27T18:24:08.701219+00:00,23.335045,1774635848701219200,0.02868,0.46961,0.932116,0.215542,0.033333,-0.856182,-0.460418,-0.94873,-0.444975,1.592947,0.129103,-0.633545,0.269779,0.719666,-1.002979,-1.488883,0.570333,0.259181,-0.926029,-0.135586,-0.247795
2026-03-27T18:24:08.717826+00:00,23.351652,1774635848717825900,0.028959,0.469407,0.932343,0.215131,0.033444,-0.860855,-0.46338,-0.948626,-0.445313,1.593223,0.133553,-0.623554,0.267337,0.710226,-1.003696,-1.489098,0.57085,0.260951,-0.921655,-0.137174,-0.245412
2026-03-27T18:24:08.734848+00:00,23.368673,1774635848734847400,0.02919,0.46925,0.93256,0.216081,0.0334,-0.859195,-0.463271,-0.9484,-0.445577,1.593606,0.137146,-0.620069,0.269701,0.71048,-1.003966,-1.488658,0.571471,0.262445,-0.924328,-0.139495,-0.245789
2026-03-27T18:24:08.751647+00:00,23.385473,1774635848751647400,0.029379,0.469119,0.93274,0.215585,0.033476,-0.862694,-0.46542,-0.948183,-0.445753,1.594207,0.13669,-0.631793,0.277864,0.727145,-1.004009,-1.487886,0.572463,0.266224,-0.9187,-0.14031,-0.245706
2026-03-27T18:24:08.768687+00:00,23.402513,1774635848768686800,0.02949,0.46905,0.932887,0.217566,0.03309,-0.856353,-0.46228,-0.947684,-0.445934,1.594763,0.142146,-0.617624,0.274749,0.714969,-1.003922,-1.487035,0.573615,0.269168,-0.917309,-0.141869,-0.247036
2026-03-27T18:24:08.785731+00:00,23.419557,1774635848785731000,0.029579,0.468996,0.932939,0.217139,0.032995,-0.860192,-0.464611,-0.94718,-0.446178,1.595538,0.144437,-0.617113,0.277534,0.720874,-1.00406,-1.486264,0.574979,0.272198,-0.916891,-0.146265,-0.250412
2026-03-27T18:24:08.802566+00:00,23.436392,1774635848802565900,0.029623,0.469033,0.932963,0.217452,0.032793,-0.861013,-0.465076,-0.946288,-0.446395,1.596317,0.146541,-0.61664,0.280479,0.726767,-1.004113,-1.485317,0.576638,0.275731,-0.914254,-0.151079,-0.253403
2026-03-27T18:24:08.819968+00:00,23.453794,1774635848819967900,0.029602,0.469065,0.932981,0.219711,0.032525,-0.854774,-0.46161,-0.945516,-0.446714,1.597181,0.151385,-0.607197,0.279283,0.723486,-1.004227,-1.484567,0.578439,0.277901,-0.910603,-0.156174,-0.256631
2026-03-27T18:24:08.836658+00:00,23.470484,1774635848836658100,0.029533,0.469291,0.932943,0.22063,0.032535,-0.854238,-0.460834,-0.944234,-0.447122,1.597947,0.15248,-0.60669,0.279781,0.731065,-1.004542,-1.483997,0.580286,0.278581,-0.90897,-0.161929,-0.260171
2026-03-27T18:24:08.853583+00:00,23.487409,1774635848853583400,0.029485,0.469519,0.932904,0.21986,0.032972,-0.860643,-0.463278,-0.943384,-0.447715,1.598657,0.152788,-0.601442,0.274256,0.730353,-1.005256,-1.483552,0.582097,0.279991,-0.908256,-0.167236,-0.264578
2026-03-27T18:24:08.870656+00:00,23.504481,1774635848870655500,0.029389,0.469947,0.932881,0.221394,0.033386,-0.858226,-0.46104,-0.942409,-0.448125,1.599459,0.150044,-0.609106,0.271855,0.741326,-1.00606,-1.483112,0.583936,0.281467,-0.905755,-0.17201,-0.268467
2026-03-27T18:24:08.889468+00:00,23.523293,1774635848889467700,0.02892,0.470683,0.932866,0.222784,0.034052,-0.855566,-0.45867,-0.942129,-0.448104,1.600281,0.149086,-0.609707,0.26661,0.743079,-1.006924,-1.482675,0.585406,0.289493,-0.902118,-0.175761,-0.270773
2026-03-27T18:24:08.904452+00:00,23.538278,1774635848904452100,0.028392,0.471279,0.932789,0.22344,0.034929,-0.855935,-0.457593,-0.941813,-0.447792,1.601334,0.151099,-0.598866,0.258421,0.730276,-1.007916,-1.482634,0.587273,0.293464,-0.898964,-0.177004,-0.277452
2026-03-27T18:24:08.921430+00:00,23.555256,1774635848921429800,0.027843,0.471839,0.932641,0.223587,0.035795,-0.858298,-0.457874,-0.941665,-0.446869,1.602568,0.147437,-0.603481,0.258617,0.737477,-1.009172,-1.482605,0.58923,0.294646,-0.897798,-0.176266,-0.283337
2026-03-27T18:24:08.938477+00:00,23.572302,1774635848938476500,0.027218,0.472358,0.932406,0.224337,0.036538,-0.857641,-0.456875,-0.941669,-0.445084,1.60397,0.143605,-0.606134,0.260408,0.742322,-1.010456,-1.482282,0.590772,0.295619,-0.895579,-0.175419,-0.285
2026-03-27T18:24:08.955452+00:00,23.589278,1774635848955452000,0.026509,0.472853,0.932144,0.224005,0.037444,-0.861081,-0.457765,-0.942395,-0.442699,1.605539,0.140596,-0.601004,0.259731,0.737215,-1.011518,-1.481355,0.592142,0.295866,-0.893823,-0.17562,-0.285203
2026-03-27T18:24:08.972555+00:00,23.606381,1774635848972554900,0.025664,0.473403,0.93187,0.224848,0.037954,-0.858195,-0.455657,-0.943098,-0.439907,1.607326,0.132519,-0.613346,0.266344,0.753346,-1.01216,-1.479837,0.593467,0.294456,-0.895925,-0.178213,-0.286894
2026-03-27T18:24:08.989544+00:00,23.62337,1774635848989544200,0.024737,0.473983,0.931616,0.224787,0.038515,-0.858665,-0.454559,-0.944435,-0.436699,1.609108,0.127817,-0.607826,0.264645,0.746896,-1.012753,-1.477805,0.594801,0.295723,-0.891245,-0.181475,-0.28807
2026-03-27T18:24:09.006564+00:00,23.64039,1774635849006564300,0.023696,0.474574,0.931317,0.224189,0.039098,-0.860102,-0.454172,-0.945608,-0.433196,1.610995,0.124111,-0.598068,0.260707,0.732782,-1.013412,-1.475407,0.596176,0.295084,-0.890569,-0.186732,-0.291244
2026-03-27T18:24:09.023654+00:00,23.657479,1774635849023653600,0.022524,0.475198,0.931009,0.224022,0.039607,-0.858289,-0.451907,-0.947493,-0.429356,1.612828,0.114948,-0.616015,0.268924,0.751828,-1.014386,-1.472747,0.597646,0.292425,-0.89056,-0.192421,-0.295666
2026-03-27T18:24:09.040630+00:00,23.674456,1774635849040629900,0.021282,0.475806,0.930656,0.222053,0.040425,-0.863307,-0.452953,-0.949693,-0.425245,1.614755,0.110246,-0.614486,0.269713,0.745959,-1.015782,-1.469995,0.599153,0.290429,-0.885733,-0.196889,-0.298433
2026-03-27T18:24:09.057787+00:00,23.691613,1774635849057787400,0.019926,0.476489,0.93027,0.221478,0.040966,-0.862487,-0.451463,-0.952265,-0.420948,1.616826,0.107324,-0.606802,0.268973,0.731891,-1.01764,-1.467298,0.600605,0.285201,-0.885956,-0.20103,-0.302586
2026-03-27T18:24:09.074930+00:00,23.708756,1774635849074930100,0.018561,0.477181,0.929847,0.220317,0.041806,-0.864411,-0.451021,-0.955182,-0.416651,1.619046,0.102418,-0.614428,0.27675,0.736256,-1.019989,-1.464837,0.601971,0.277774,-0.888138,-0.203386,-0.306476
2026-03-27T18:24:09.092022+00:00,23.725848,1774635849092022400,0.01706,0.477875,0.929309,0.21874,0.042715,-0.867335,-0.45092,-0.959048,-0.412285,1.621279,0.101484,-0.59939,0.274573,0.713658,-1.023002,-1.462523,0.603366,0.269834,-0.888364,-0.204143,-0.309653
2026-03-27T18:24:09.108965+00:00,23.742791,1774635849108965400,0.01552,0.478619,0.928762,0.218619,0.043394,-0.864508,-0.447915,-0.963312,-0.407952,1.623864,0.098259,-0.601577,0.280105,0.711205,-1.026344,-1.460479,0.604768,0.261873,-0.887894,-0.203866,-0.313053
2026-03-27T18:24:09.126024+00:00,23.75985,1774635849126023800,0.013893,0.479365,0.928138,0.217452,0.044285,-0.865369,-0.446703,-0.968241,-0.403861,1.626187,0.095274,-0.602384,0.284837,0.70704,-1.030203,-1.458553,0.606232,0.253481,-0.888795,-0.203475,-0.317224
2026-03-27T18:24:09.142933+00:00,23.776759,1774635849142932900,0.012237,0.480147,0.927481,0.215342,0.045314,-0.869266,-0.446678,-0.974123,-0.400362,1.628645,0.0914,-0.61849,0.294874,0.720002,-1.034762,-1.456994,0.607832,0.245753,-0.890979,-0.203033,-0.322781
2026-03-27T18:24:09.160126+00:00,23.793952,1774635849160125900,0.010474,0.480918,0.926746,0.213667,0.046184,-0.870817,-0.445639,-0.980814,-0.397107,1.630884,0.0905,-0.616678,0.296312,0.713276,-1.039912,-1.455649,0.609563,0.237474,-0.893522,-0.202537,-0.32893
2026-03-27T18:24:09.177000+00:00,23.810825,1774635849176999700,0.008713,0.481674,0.926008,0.212016,0.046882,-0.871856,-0.444372,-0.987854,-0.393918,1.633391,0.089893,-0.618778,0.298056,0.709521,-1.045338,-1.454649,0.611373,0.230598,-0.891181,-0.200723,-0.333789
2026-03-27T18:24:09.194036+00:00,23.827862,1774635849194036300,0.006904,0.482395,0.925204,0.210606,0.047446,-0.872134,-0.442527,-0.99573,-0.391365,1.635354,0.087603,-0.635361,0.305988,0.722691,-1.051458,-1.453914,0.61329,0.222518,-0.892136,-0.199514,-0.340529
2026-03-27T18:24:09.211075+00:00,23.844901,1774635849211074900,0.005084,0.483083,0.924369,0.20893,0.047946,-0.873202,-0.441224,-1.003921,-0.388877,1.637444,0.087362,-0.641833,0.308553,0.723736,-1.05796,-1.453412,0.615318,0.213869,-0.894374,-0.198739,-0.34782
2026-03-27T18:24:09.228214+00:00,23.86204,1774635849228214400,0.003266,0.483785,0.923535,0.207538,0.048365,-0.873462,-0.439366,-1.012795,-0.386922,1.638989,0.090078,-0.630398,0.303267,0.705932,-1.065036,-1.453099,0.617443,0.206932,-0.889748,-0.196483,-0.352739
2026-03-27T18:24:09.245236+00:00,23.879062,1774635849245236300,0.001398,0.484328,0.922635,0.205268,0.048851,-0.875511,-0.438835,-1.02179,-0.385009,1.640364,0.088351,-0.654692,0.315423,0.727371,-1.072313,-1.452898,0.619684,0.198339,-0.892906,-0.195965,-0.361535
2026-03-27T18:24:09.262409+00:00,23.896235,1774635849262408900,-0.000464,0.484903,0.921747,0.203179,0.049225,-0.876934,-0.43803,-1.031205,-0.383285,1.641346,0.09123,-0.646917,0.313132,0.71326,-1.080097,-1.45272,0.621999,0.191372,-0.88788,-0.194044,-0.367318
2026-03-27T18:24:09.279325+00:00,23.91315,1774635849279324300,-0.002323,0.485364,0.920884,0.200963,0.049274,-0.878422,-0.4371,-1.040745,-0.381439,1.642123,0.096049,-0.628342,0.305894,0.689647,-1.087882,-1.452625,0.624361,0.184204,-0.884368,-0.19359,-0.374318
2026-03-27T18:24:09.296448+00:00,23.930274,1774635849296448000,-0.004215,0.485773,0.919975,0.198711,0.049294,-0.880346,-0.43651,-1.050381,-0.379904,1.642513,0.096751,-0.639822,0.313296,0.698951,-1.095943,-1.452643,0.626837,0.17639,-0.88959,-0.196167,-0.384849
2026-03-27T18:24:09.313402+00:00,23.947227,1774635849313401600,-0.006047,0.485998,0.919284,0.197963,0.04887,-0.875186,-0.432839,-1.0602,-0.378594,1.642671,0.099264,-0.639823,0.315634,0.69522,-1.104171,-1.4528,0.629265,0.171254,-0.882852,-0.196843,-0.390521
2026-03-27T18:24:09.331310+00:00,23.965136,1774635849331310200,-0.008015,0.486348,0.918356,0.195882,0.048756,-0.876047,-0.431924,-1.070338,-0.377384,1.642308,0.101767,-0.640676,0.318744,0.692571,-1.1127,-1.452959,0.631729,0.165008,-0.88025,-0.198568,-0.398137
2026-03-27T18:24:09.347301+00:00,23.981126,1774635849347300700,-0.009954,0.486784,0.917349,0.192822,0.049094,-0.882516,-0.433684,-1.079545,-0.375909,1.641806,0.101406,-0.658035,0.330272,0.707293,-1.120751,-1.453278,0.634062,0.159885,-0.874427,-0.200129,-0.404131
2026-03-27T18:24:09.364362+00:00,23.998188,1774635849364361900,-0.011983,0.487091,0.916431,0.19214,0.048834,-0.876839,-0.429892,-1.08909,-0.374659,1.640795,0.104955,-0.649974,0.328973,0.694537,-1.128826,-1.453644,0.636455,0.154978,-0.873947,-0.204138,-0.413919
2026-03-27T18:24:09.381335+00:00,24.015161,1774635849381334900,-0.014008,0.487331,0.915502,0.1885,0.049378,-0.885309,-0.433023,-1.098548,-0.373603,1.639472,0.109048,-0.638176,0.325565,0.677666,-1.137012,-1.454092,0.63878,0.150365,-0.870332,-0.207096,-0.421756
2026-03-27T18:24:09.398260+00:00,24.032086,1774635849398260100,-0.016117,0.487605,0.91456,0.1878,0.049139,-0.880201,-0.429488,-1.107771,-0.372944,1.637842,0.109984,-0.645309,0.331441,0.680308,-1.144616,-1.454842,0.640799,0.146346,-0.873847,-0.21069,-0.431922
2026-03-27T18:24:09.415243+00:00,24.049069,1774635849415242800,-0.018284,0.4879,0.913652,0.184761,0.049551,-0.886558,-0.431237,-1.116652,-0.371994,1.636123,0.112211,-0.644866,0.332928,0.675087,-1.152528,-1.455602,0.642828,0.142806,-0.870665,-0.212842,-0.439362
2026-03-27T18:24:09.432301+00:00,24.066127,1774635849432301400,-0.020587,0.488265,0.912696,0.183955,0.049421,-0.880939,-0.427419,-1.125342,-0.371809,1.634059,0.114896,-0.641362,0.332539,0.6671,-1.159824,-1.456886,0.644327,0.143212,-0.852848,-0.208086,-0.437346
2026-03-27T18:24:09.449430+00:00,24.083256,1774635849449429900,-0.022943,0.488539,0.911887,0.18057,0.05016,-0.888078,-0.429477,-1.133655,-0.37147,1.632014,0.114792,-0.655362,0.341418,0.677305,-1.167068,-1.458191,0.64567,0.139418,-0.862717,-0.209486,-0.449073
2026-03-27T18:24:09.466573+00:00,24.100399,1774635849466573100,-0.025492,0.488995,0.910857,0.179778,0.05027,-0.880961,-0.424704,-1.141706,-0.371528,1.629667,0.119131,-0.650178,0.340227,0.66719,-1.17406,-1.459733,0.646823,0.138603,-0.853185,-0.205581,-0.451509
2026-03-27T18:24:09.483584+00:00,24.11741,1774635849483584000,-0.02813,0.489582,0.909791,0.177592,0.050738,-0.880757,-0.422916,-1.149318,-0.371841,1.627239,0.122157,-0.655352,0.344165,0.667694,-1.181055,-1.461277,0.647988,0.136666,-0.850809,-0.203528,-0.45726
2026-03-27T18:24:09.500566+00:00,24.134392,1774635849500566300,-0.030785,0.490146,0.908841,0.173463,0.051777,-0.890873,-0.42556,-1.156515,-0.372772,1.624728,0.127432,-0.649548,0.341276,0.657419,-1.186757,-1.462814,0.648476,0.13478,-0.854194,-0.203302,-0.465442
2026-03-27T18:24:09.517684+00:00,24.15151,1774635849517683900,-0.033564,0.490782,0.907908,0.171689,0.052331,-0.888021,-0.422176,-1.163229,-0.374403,1.622028,0.128265,-0.66467,0.349127,0.669042,-1.192588,-1.46424,0.648985,0.133946,-0.852828,-0.202321,-0.470859
2026-03-27T18:24:09.534727+00:00,24.168553,1774635849534726800,-0.036464,0.491443,0.90697,0.169668,0.053056,-0.88485,-0.418527,-1.169488,-0.376408,1.619327,0.133394,-0.654828,0.343297,0.655985,-1.197867,-1.465646,0.649324,0.13505,-0.843283,-0.200652,-0.471998
2026-03-27T18:24:09.553188+00:00,24.187014,1774635849553188200,-0.039683,0.492157,0.905989,0.16479,0.054758,-0.894032,-0.420403,-1.175709,-0.378929,1.61643,0.136694,-0.656414,0.342447,0.653318,-1.202979,-1.467191,0.649598,0.134791,-0.843464,-0.202781,-0.479722
2026-03-27T18:24:09.568774+00:00,24.2026,1774635849568774200,-0.042598,0.492837,0.905155,0.161457,0.055985,-0.895534,-0.418529,-1.180485,-0.381586,1.613676,0.138727,-0.662658,0.343943,0.655412,-1.206835,-1.468518,0.649806,0.136819,-0.830547,-0.20248,-0.478898
2026-03-27T18:24:09.585912+00:00,24.219738,1774635849585912700,-0.04583,0.493475,0.904445,0.158904,0.056971,-0.888924,-0.412759,-1.18525,-0.384792,1.610827,0.142511,-0.663499,0.341108,0.650762,-1.210581,-1.469902,0.649758,0.136604,-0.83231,-0.206921,-0.487351
2026-03-27T18:24:09.602963+00:00,24.236789,1774635849602963100,-0.049152,0.494227,0.903533,0.153423,0.058923,-0.8978,-0.413986,-1.189256,-0.388559,1.607648,0.144602,-0.671194,0.341021,0.652693,-1.21371,-1.471462,0.649631,0.137941,-0.832953,-0.211856,-0.495025
2026-03-27T18:24:09.619924+00:00,24.253749,1774635849619923600,-0.052618,0.495154,0.902518,0.150126,0.059783,-0.892926,-0.409199,-1.192702,-0.392794,1.604666,0.148899,-0.667303,0.333714,0.643245,-1.216362,-1.472962,0.649329,0.140847,-0.834866,-0.217434,-0.503173
2026-03-27T18:24:09.636667+00:00,24.270492,1774635849636666500,-0.056021,0.496085,0.901496,0.146243,0.060781,-0.893067,-0.406489,-1.195517,-0.397365,1.601417,0.151708,-0.669434,0.329068,0.639932,-1.21871,-1.474634,0.648933,0.144863,-0.830278,-0.221261,-0.506981
2026-03-27T18:24:09.653777+00:00,24.287603,1774635849653777400,-0.059505,0.496992,0.900524,0.142448,0.062038,-0.892598,-0.403415,-1.19736,-0.402856,1.59831,0.153587,-0.679159,0.326331,0.643788,-1.219958,-1.476778,0.648504,0.149289,-0.828419,-0.223901,-0.510114
2026-03-27T18:24:09.670650+00:00,24.304476,1774635849670650000,-0.062916,0.497859,0.899557,0.137597,0.064038,-0.899858,-0.403804,-1.198772,-0.408512,1.595325,0.156894,-0.683649,0.321276,0.643675,-1.220325,-1.479201,0.647774,0.154924,-0.814821,-0.221719,-0.503444
2026-03-27T18:24:09.687439+00:00,24.321265,1774635849687439100,-0.066234,0.498723,0.898605,0.133459,0.06596,-0.904489,-0.402936,-1.199626,-0.414178,1.592131,0.160563,-0.686827,0.315731,0.641469,-1.220474,-1.481767,0.64693,0.158108,-0.813561,-0.222331,-0.504604
2026-03-27T18:24:09.704574+00:00,24.338399,1774635849704573700,-0.069567,0.499566,0.897592,0.1317,0.06695,-0.895403,-0.396374,-1.20029,-0.419953,1.589082,0.164239,-0.687734,0.308395,0.635881,-1.220235,-1.484718,0.64599,0.158947,-0.816176,-0.219126,-0.506335
2026-03-27T18:24:09.721660+00:00,24.355486,1774635849721660400,-0.072747,0.500363,0.896551,0.12647,0.069895,-0.91293,-0.401389,-1.200677,-0.425408,1.585938,0.165638,-0.693576,0.302628,0.633292,-1.219555,-1.48766,0.645146,0.159051,-0.818369,-0.214984,-0.507331
2026-03-27T18:24:09.738760+00:00,24.372586,1774635849738760500,-0.075871,0.501126,0.895533,0.123688,0.071623,-0.914361,-0.399579,-1.201023,-0.430542,1.583095,0.165524,-0.703244,0.297745,0.63316,-1.218679,-1.490323,0.644411,0.157953,-0.815569,-0.206954,-0.504525
2026-03-27T18:24:09.756269+00:00,24.390094,1774635849756268600,-0.078853,0.501865,0.894555,0.123792,0.071931,-0.897048,-0.390283,-1.201294,-0.435165,1.580227,0.167296,-0.702061,0.288549,0.622964,-1.217881,-1.492689,0.643777,0.155761,-0.820005,-0.2011,-0.506031
2026-03-27T18:24:09.773154+00:00,24.406979,1774635849773153600,-0.08174,0.502568,0.893596,0.121032,0.07395,-0.90164,-0.390068,-1.201572,-0.439146,1.577808,0.167167,-0.708982,0.283157,0.61987,-1.217056,-1.495001,0.643201,0.154073,-0.821823,-0.194658,-0.505966
2026-03-27T18:24:09.789914+00:00,24.423739,1774635849789913500,-0.084421,0.503067,0.892876,0.117329,0.076762,-0.915312,-0.394034,-1.201774,-0.442399,1.575444,0.166175,-0.719519,0.279759,0.619668,-1.216805,-1.4952,0.643247,0.151262,-0.830542,-0.192674,-0.513007
2026-03-27T18:24:09.806920+00:00,24.440746,1774635849806920300,-0.087156,0.503799,0.892014,0.118114,0.076724,-0.89515,-0.38339,-1.202073,-0.444953,1.573259,0.165213,-0.728684,0.276406,0.618287,-1.216344,-1.495301,0.643302,0.150925,-0.831536,-0.191143,-0.51535
2026-03-27T18:24:09.823933+00:00,24.457758,1774635849823932600,-0.089846,0.504683,0.890999,0.114218,0.079629,-0.910783,-0.388121,-1.202468,-0.446888,1.571599,0.167216,-0.721951,0.267624,0.603675,-1.216018,-1.494845,0.64332,0.152306,-0.824448,-0.191069,-0.513519
2026-03-27T18:24:09.841079+00:00,24.474905,1774635849841079500,-0.092496,0.505419,0.890164,0.112229,0.081314,-0.91157,-0.386478,-1.202786,-0.448153,1.569768,0.166508,-0.730118,0.265526,0.6022,-1.215673,-1.494359,0.643524,0.152265,-0.825944,-0.192896,-0.516775
2026-03-27T18:24:09.857992+00:00,24.491818,1774635849857992500,-0.095013,0.506202,0.889369,0.107785,0.08463,-0.931973,-0.393247,-1.203134,-0.448874,1.568427,0.166715,-0.732044,0.262955,0.59682,-1.215316,-1.493396,0.643788,0.153605,-0.816549,-0.192473,-0.513522
2026-03-27T18:24:09.875041+00:00,24.508867,1774635849875041300,-0.097556,0.507069,0.88862,0.108549,0.083935,-0.908406,-0.381334,-1.203508,-0.449168,1.56729,0.165439,-0.741993,0.264612,0.599177,-1.214737,-1.492375,0.643977,0.154857,-0.813785,-0.194408,-0.514265
2026-03-27T18:24:09.891944+00:00,24.52577,1774635849891944300,-0.099989,0.507938,0.887877,0.106245,0.085522,-0.911223,-0.380199,-1.203841,-0.449172,1.566198,0.166585,-0.740921,0.264531,0.594485,-1.213907,-1.491446,0.644064,0.153127,-0.825568,-0.199806,-0.524252
2026-03-27T18:24:09.908912+00:00,24.542738,1774635849908911900,-0.102391,0.50882,0.887129,0.102858,0.087998,-0.922593,-0.382688,-1.204159,-0.449168,1.5657,0.168639,-0.739593,0.264839,0.589423,-1.21303,-1.49056,0.64411,0.154486,-0.821863,-0.201335,-0.523753
2026-03-27T18:24:09.926108+00:00,24.559934,1774635849926108200,-0.104828,0.509731,0.886373,0.103117,0.087444,-0.900235,-0.371291,-1.204744,-0.448807,1.564989,0.170274,-0.739747,0.265598,0.587558,-1.212013,-1.489747,0.644008,0.155137,-0.823302,-0.203645,-0.526368
2026-03-27T18:24:09.942966+00:00,24.576791,1774635849942965600,-0.107108,0.510645,0.885655,0.10016,0.089557,-0.906903,-0.371589,-1.205904,-0.448352,1.564348,0.17214,-0.741742,0.265505,0.587703,-1.210821,-1.488958,0.644008,0.15778,-0.817232,-0.203786,-0.523133
2026-03-27T18:24:09.960009+00:00,24.593835,1774635849960009200,-0.109332,0.511603,0.884946,0.097118,0.09179,-0.915483,-0.372589,-1.207189,-0.447852,1.563795,0.173829,-0.748806,0.26505,0.590302,-1.209612,-1.488092,0.64369,0.160392,-0.812612,-0.204522,-0.520825
2026-03-27T18:24:09.977084+00:00,24.61091,1774635849977084300,-0.111497,0.512562,0.884325,0.093919,0.094166,-0.926366,-0.374268,-1.208971,-0.447566,1.563295,0.178271,-0.745504,0.258493,0.584394,-1.208277,-1.487225,0.643307,0.162331,-0.811748,-0.206217,-0.520922
2026-03-27T18:24:09.996435+00:00,24.630261,1774635849996435000,-0.113917,0.513638,0.883637,0.091435,0.095772,-0.927899,-0.371852,-1.211375,-0.447181,1.562531,0.181896,-0.745762,0.249755,0.578363,-1.206424,-1.485849,0.642662,0.162595,-0.807131,-0.208074,-0.51801
2026-03-27T18:24:10.012996+00:00,24.646822,1774635850012996200,-0.116027,0.514577,0.883038,0.089269,0.097174,-0.929251,-0.369752,-1.213995,-0.446947,1.561759,0.181199,-0.758571,0.243939,0.581247,-1.204758,-1.484597,0.642193,0.160363,-0.816187,-0.212733,-0.523732
2026-03-27T18:24:10.029867+00:00,24.663693,1774635850029867200,-0.117972,0.514905,0.88287,0.089021,0.096884,-0.904986,-0.358905,-1.217191,-0.446839,1.560779,0.181492,-0.763781,0.233897,0.575817,-1.202912,-1.482711,0.641843,0.157546,-0.812547,-0.213138,-0.519764
2026-03-27T18:24:10.046795+00:00,24.68062,1774635850046794700,-0.119864,0.515339,0.882625,0.084671,0.101105,-0.927134,-0.365889,-1.220737,-0.446653,1.559717,0.179892,-0.773537,0.224455,0.572777,-1.200988,-1.480526,0.641542,0.154247,-0.811706,-0.214906,-0.517535
2026-03-27T18:24:10.063574+00:00,24.697399,1774635850063573400,-0.121678,0.515586,0.882477,0.08438,0.100665,-0.905818,-0.356302,-1.224756,-0.446295,1.558472,0.177957,-0.781889,0.214131,0.566298,-1.198879,-1.477867,0.641513,0.15119,-0.808956,-0.216691,-0.512943
2026-03-27T18:24:10.080643+00:00,24.714469,1774635850080643000,-0.123328,0.515655,0.882389,0.078596,0.107288,-0.948138,-0.372228,-1.229162,-0.445824,1.55711,0.17594,-0.787235,0.202955,0.55678,-1.196505,-1.474436,0.641636,0.145768,-0.817844,-0.224212,-0.514632
2026-03-27T18:24:10.097633+00:00,24.731458,1774635850097632700,-0.124806,0.515655,0.882355,0.080724,0.103795,-0.900804,-0.354117,-1.233846,-0.445143,1.555768,0.17305,-0.79646,0.193304,0.548604,-1.19398,-1.470176,0.64187,0.143998,-0.81695,-0.233645,-0.51112
2026-03-27T18:24:10.114660+00:00,24.748486,1774635850114660200,-0.126016,0.515276,0.882372,0.077608,0.107399,-0.916331,-0.360917,-1.238678,-0.44437,1.55442,0.170184,-0.802776,0.184051,0.538724,-1.191312,-1.465666,0.642798,0.141861,-0.816363,-0.243358,-0.508236
2026-03-27T18:24:10.131647+00:00,24.765473,1774635850131647100,-0.126915,0.514663,0.882324,0.07409,0.112302,-0.944602,-0.373581,-1.243601,-0.443275,1.553101,0.165939,-0.816495,0.17784,0.533877,-1.18856,-1.459842,0.644904,0.139143,-0.816627,-0.259168,-0.508588
2026-03-27T18:24:10.148713+00:00,24.782539,1774635850148713100,-0.127665,0.51401,0.882345,0.076409,0.108858,-0.904302,-0.359149,-1.248662,-0.441888,1.551515,0.165888,-0.810869,0.169452,0.516892,-1.185786,-1.453964,0.647271,0.13893,-0.801783,-0.269313,-0.498266
2026-03-27T18:24:10.165791+00:00,24.799616,1774635850165790500,-0.128141,0.513326,0.882283,0.077134,0.108621,-0.894408,-0.356849,-1.253503,-0.440456,1.550253,0.16264,-0.824573,0.167613,0.514181,-1.183219,-1.447426,0.650241,0.136766,-0.810015,-0.290186,-0.502589
2026-03-27T18:24:10.182717+00:00,24.816543,1774635850182717300,-0.128415,0.512728,0.88223,0.076146,0.11113,-0.908205,-0.363752,-1.258142,-0.438849,1.549,0.163467,-0.820293,0.16489,0.501579,-1.180868,-1.440684,0.653877,0.137459,-0.801552,-0.306871,-0.498578
2026-03-27T18:24:10.199890+00:00,24.833716,1774635850199889800,-0.12854,0.51223,0.882154,0.076623,0.112079,-0.910385,-0.365863,-1.262548,-0.437134,1.548096,0.160231,-0.840466,0.169507,0.505838,-1.17889,-1.433593,0.658197,0.138084,-0.799854,-0.329012,-0.499732
2026-03-27T18:24:10.218082+00:00,24.851908,1774635850218082000,-0.128495,0.51184,0.882037,0.077385,0.113136,-0.915025,-0.368844,-1.266837,-0.435212,1.547056,0.163348,-0.829379,0.16999,0.492725,-1.177042,-1.425963,0.663305,0.140177,-0.784109,-0.34801,-0.493412
2026-03-27T18:24:10.235180+00:00,24.869006,1774635850235180200,-0.128491,0.51161,0.881893,0.078659,0.113694,-0.917461,-0.370304,-1.270338,-0.43345,1.546434,0.162188,-0.842668,0.177196,0.496338,-1.176623,-1.418511,0.668896,0.143882,-0.774218,-0.374555,-0.493373
2026-03-27T18:24:10.251893+00:00,24.885719,1774635850251892800,-0.128378,0.511461,0.88168,0.080895,0.113078,-0.91078,-0.36808,-1.273341,-0.431726,1.545699,0.164481,-0.838419,0.180789,0.490681,-1.175788,-1.411081,0.674781,0.150374,-0.75259,-0.396299,-0.487053
2026-03-27T18:24:10.268930+00:00,24.902756,1774635850268929900,-0.127949,0.51137,0.881332,0.080786,0.116003,-0.933273,-0.377652,-1.276066,-0.4302,1.545226,0.167278,-0.833734,0.184216,0.485395,-1.176173,-1.403761,0.681302,0.152428,-0.750358,-0.430051,-0.494733
2026-03-27T18:24:10.286067+00:00,24.919893,1774635850286067500,-0.127524,0.511331,0.880952,0.085156,0.112715,-0.906037,-0.367077,-1.278241,-0.428712,1.544603,0.168144,-0.838415,0.189276,0.486404,-1.177327,-1.396698,0.687922,0.156568,-0.727626,-0.452438,-0.490541
2026-03-27T18:24:10.303155+00:00,24.936981,1774635850303154800,-0.127026,0.511306,0.880501,0.084313,0.116566,-0.937727,-0.380145,-1.280002,-0.427531,1.544117,0.17121,-0.830117,0.190755,0.480451,-1.17916,-1.390201,0.694798,0.157516,-0.712613,-0.477172,-0.491155
2026-03-27T18:24:10.320075+00:00,24.953901,1774635850320075200,-0.126581,0.511332,0.880023,0.089714,0.112007,-0.901512,-0.365657,-1.281213,-0.426581,1.543706,0.170432,-0.83819,0.194933,0.484465,-1.18154,-1.38437,0.701482,0.157055,-0.69976,-0.499813,-0.493993
2026-03-27T18:24:10.337384+00:00,24.971209,1774635850337383500,-0.126106,0.511346,0.879485,0.088854,0.115576,-0.930365,-0.377588,-1.281952,-0.425847,1.543453,0.169841,-0.842141,0.197206,0.486323,-1.184359,-1.379124,0.70856,0.157515,-0.681679,-0.517638,-0.49487
2026-03-27T18:24:10.354714+00:00,24.988539,1774635850354713500,-0.125672,0.511397,0.878909,0.093867,0.111705,-0.897938,-0.36464,-1.282113,-0.425461,1.543134,0.17176,-0.832007,0.195422,0.480592,-1.18767,-1.374139,0.715751,0.157859,-0.66467,-0.535966,-0.498095
2026-03-27T18:24:10.371684+00:00,25.005509,1774635850371683700,-0.12529,0.511416,0.878331,0.092852,0.115036,-0.924136,-0.375522,-1.28206,-0.425062,1.542918,0.169228,-0.841835,0.197106,0.486073,-1.191288,-1.369873,0.722784,0.157969,-0.647253,-0.55298,-0.501894
2026-03-27T18:24:10.388813+00:00,25.022639,1774635850388812800,-0.124918,0.51144,0.877733,0.092765,0.117086,-0.939772,-0.381873,-1.281948,-0.42465,1.542234,0.168926,-0.838169,0.19527,0.484455,-1.195089,-1.36582,0.729892,0.155954,-0.631527,-0.570567,-0.507969
2026-03-27T18:24:10.405746+00:00,25.039571,1774635850405745300,-0.124687,0.511468,0.87719,0.095654,0.115391,-0.922965,-0.375124,-1.281515,-0.424468,1.541777,0.16828,-0.833124,0.192989,0.482443,-1.199328,-1.36309,0.736431,0.156275,-0.611668,-0.580741,-0.511557
2026-03-27T18:24:10.423270+00:00,25.057096,1774635850423270500,-0.124475,0.511508,0.876642,0.095374,0.117346,-0.935865,-0.38038,-1.280303,-0.424309,1.541534,0.166877,-0.830991,0.191074,0.482233,-1.203612,-1.360391,0.743016,0.155267,-0.595717,-0.594385,-0.518237
2026-03-27T18:24:10.440379+00:00,25.074205,1774635850440379000,-0.124286,0.511577,0.876072,0.096402,0.117613,-0.935296,-0.380216,-1.278897,-0.424181,1.541295,0.164951,-0.830956,0.189558,0.48324,-1.207767,-1.358037,0.749647,0.15441,-0.579051,-0.605942,-0.523976
2026-03-27T18:24:10.457296+00:00,25.091122,1774635850457296300,-0.124173,0.511656,0.875604,0.099405,0.115237,-0.913979,-0.371675,-1.277332,-0.424108,1.540791,0.161009,-0.840174,0.189924,0.489631,-1.211731,-1.356661,0.755501,0.152596,-0.56605,-0.614053,-0.530582
2026-03-27T18:24:10.474286+00:00,25.108111,1774635850474285700,-0.124061,0.511769,0.875111,0.100109,0.115627,-0.914938,-0.371791,-1.275591,-0.424001,1.540234,0.160014,-0.832485,0.186468,0.486151,-1.215695,-1.355117,0.76171,0.150872,-0.551654,-0.622512,-0.536398
2026-03-27T18:24:10.491463+00:00,25.125289,1774635850491463000,-0.123996,0.511908,0.874665,0.100831,0.115791,-0.914746,-0.371437,-1.273623,-0.423868,1.539802,0.156078,-0.841109,0.186465,0.491473,-1.219682,-1.353541,0.767996,0.149085,-0.536955,-0.630849,-0.542096
2026-03-27T18:24:10.508362+00:00,25.142187,1774635850508361600,-0.123957,0.512074,0.874258,0.102429,0.114962,-0.906668,-0.367644,-1.271684,-0.42378,1.539094,0.154407,-0.836669,0.18376,0.489292,-1.222121,-1.3552,0.772333,0.148147,-0.535146,-0.622307,-0.546759
2026-03-27T18:24:10.525133+00:00,25.158958,1774635850525132500,-0.123926,0.512256,0.873939,0.103052,0.115222,-0.906755,-0.367415,-1.269627,-0.423655,1.53853,0.150674,-0.844854,0.183673,0.49409,-1.225123,-1.355441,0.777521,0.14721,-0.528273,-0.622687,-0.552967
2026-03-27T18:24:10.542259+00:00,25.176085,1774635850542259100,-0.123917,0.512458,0.873639,0.10452,0.114558,-0.899342,-0.363885,-1.267486,-0.423548,1.537926,0.148669,-0.841387,0.181299,0.49207,-1.228196,-1.35621,0.782313,0.144482,-0.526721,-0.627375,-0.567428
2026-03-27T18:24:10.559662+00:00,25.193488,1774635850559662300,-0.123884,0.512642,0.87338,0.100627,0.119974,-0.938535,-0.37923,-1.265294,-0.423506,1.537079,0.144726,-0.847637,0.181123,0.496382,-1.231459,-1.357538,0.787152,0.144805,-0.5156,-0.625781,-0.574535
2026-03-27T18:24:10.576751+00:00,25.210577,1774635850576751000,-0.123885,0.512835,0.873174,0.101869,0.119263,-0.929397,-0.375061,-1.263116,-0.423452,1.536391,0.144618,-0.833964,0.176988,0.489089,-1.234771,-1.358883,0.79153,0.147433,-0.500158,-0.622713,-0.576034
2026-03-27T18:24:10.593775+00:00,25.227601,1774635850593775400,-0.123864,0.513042,0.873023,0.103618,0.117878,-0.916775,-0.36964,-1.261041,-0.423534,1.535448,0.141769,-0.841428,0.177502,0.494068,-1.238117,-1.360343,0.795506,0.148731,-0.491184,-0.630818,-0.584247
2026-03-27T18:24:10.610733+00:00,25.244559,1774635850610733300,-0.123889,0.513253,0.872906,0.105016,0.116878,-0.906856,-0.365136,-1.259061,-0.423641,1.534458,0.14074,-0.841238,0.176797,0.494477,-1.241406,-1.361887,0.799323,0.149812,-0.481327,-0.637418,-0.591268
2026-03-27T18:24:10.628022+00:00,25.261847,1774635850628021700,-0.123915,0.513465,0.872839,0.10587,0.116532,-0.901867,-0.362601,-1.257122,-0.423731,1.533478,0.140145,-0.840153,0.176322,0.494114,-1.244636,-1.363459,0.80286,0.150979,-0.469232,-0.640062,-0.594087
2026-03-27T18:24:10.645272+00:00,25.279098,1774635850645271800,-0.123909,0.513644,0.872793,0.102002,0.121595,-0.93812,-0.376679,-1.255311,-0.423939,1.532369,0.138467,-0.849132,0.178249,0.499969,-1.247599,-1.365042,0.806215,0.15193,-0.45905,-0.643178,-0.59672
2026-03-27T18:24:10.662085+00:00,25.295911,1774635850662085000,-0.12395,0.513884,0.872785,0.103805,0.119992,-0.921976,-0.369688,-1.253659,-0.424159,1.531357,0.141268,-0.832782,0.175112,0.491192,-1.250206,-1.366563,0.809207,0.152686,-0.449696,-0.645102,-0.598746
2026-03-27T18:24:10.679175+00:00,25.313001,1774635850679175400,-0.123986,0.514092,0.87286,0.103849,0.120409,-0.922113,-0.369186,-1.252118,-0.424538,1.530264,0.140275,-0.84252,0.177622,0.49828,-1.252829,-1.368129,0.812334,0.153144,-0.441279,-0.648017,-0.601736
2026-03-27T18:24:10.696166+00:00,25.329991,1774635850696165700,-0.124029,0.514358,0.872843,0.106041,0.118457,-0.902073,-0.360692,-1.25075,-0.424935,1.529224,0.142531,-0.834229,0.176585,0.494624,-1.254842,-1.369483,0.815014,0.152913,-0.434396,-0.648197,-0.603655
2026-03-27T18:24:10.713201+00:00,25.347027,1774635850713200900,-0.124042,0.514561,0.872981,0.105947,0.11908,-0.90214,-0.360269,-1.249516,-0.425441,1.528105,0.142284,-0.842741,0.179187,0.500716,-1.256816,-1.370556,0.817637,0.151542,-0.430266,-0.655349,-0.60957
2026-03-27T18:24:10.730284+00:00,25.36411,1774635850730284200,-0.124015,0.514758,0.873054,0.102489,0.12341,-0.931784,-0.371557,-1.248458,-0.425963,1.526996,0.145756,-0.830729,0.177497,0.494573,-1.258484,-1.371335,0.82007,0.151374,-0.421981,-0.654391,-0.60713
2026-03-27T18:24:10.747223+00:00,25.381049,1774635850747222800,-0.124005,0.514979,0.873213,0.103713,0.122236,-0.920211,-0.366451,-1.247543,-0.426528,1.525854,0.146339,-0.836259,0.179208,0.498577,-1.260154,-1.372133,0.822515,0.1505,-0.415894,-0.657409,-0.608265
2026-03-27T18:24:10.764753+00:00,25.398579,1774635850764753200,-0.123989,0.515207,0.873391,0.104241,0.121616,-0.914113,-0.363729,-1.246775,-0.427129,1.524751,0.147892,-0.835483,0.179455,0.498721,-1.260936,-1.372426,0.824704,0.147103,-0.412436,-0.66024,-0.609828
2026-03-27T18:24:10.781582+00:00,25.415407,1774635850781581700,-0.12402,0.515409,0.873572,0.102204,0.123796,-0.929617,-0.369364,-1.246116,-0.427725,1.523699,0.149448,-0.833237,0.179196,0.498201,-1.261679,-1.372628,0.826767,0.145285,-0.406793,-0.661265,-0.607745
2026-03-27T18:24:10.798609+00:00,25.432435,1774635850798608800,-0.12396,0.515589,0.873731,0.102989,0.12248,-0.919194,-0.364958,-1.245672,-0.428264,1.522699,0.149814,-0.837697,0.179923,0.500946,-1.262197,-1.372795,0.828673,0.140519,-0.409906,-0.675163,-0.617547
2026-03-27T18:24:10.815608+00:00,25.449434,1774635850815608100,-0.123869,0.515743,0.87387,0.103829,0.120967,-0.907813,-0.360185,-1.245315,-0.42876,1.52173,0.150866,-0.838439,0.179944,0.501196,-1.262627,-1.37286,0.83057,0.140616,-0.400103,-0.667726,-0.607023
2026-03-27T18:24:10.832698+00:00,25.466524,1774635850832697800,-0.123733,0.515879,0.873983,0.100431,0.124304,-0.934334,-0.370246,-1.24518,-0.429185,1.520805,0.152205,-0.83738,0.17965,0.500064,-1.262907,-1.372882,0.832377,0.13818,-0.39664,-0.671225,-0.606865
2026-03-27T18:24:10.849689+00:00,25.483515,1774635850849688800,-0.123602,0.516044,0.874068,0.101515,0.122174,-0.9198,-0.364226,-1.245073,-0.429565,1.519921,0.152579,-0.84075,0.180087,0.501066,-1.263113,-1.372742,0.834083,0.135489,-0.391617,-0.671935,-0.604286
2026-03-27T18:24:10.867562+00:00,25.501388,1774635850867562300,-0.123426,0.516216,0.874108,0.101083,0.121946,-0.920007,-0.363948,-1.245199,-0.429938,1.519039,0.153583,-0.841118,0.179866,0.500039,-1.263284,-1.372544,0.83579,0.131899,-0.387869,-0.674583,-0.604006
2026-03-27T18:24:10.884352+00:00,25.518178,1774635850884352500,-0.123152,0.516379,0.874174,0.099526,0.123498,-0.933951,-0.369225,-1.245228,-0.43022,1.518283,0.154464,-0.842385,0.179528,0.499244,-1.263417,-1.372766,0.837245,0.123785,-0.391956,-0.691045,-0.620914
2026-03-27T18:24:10.901300+00:00,25.535126,1774635850901300100,-0.122881,0.516578,0.874151,0.100541,0.121995,-0.924425,-0.365044,-1.245486,-0.43049,1.517627,0.155284,-0.843342,0.179362,0.49845,-1.263765,-1.372744,0.838838,0.122272,-0.381212,-0.681017,-0.614021
2026-03-27T18:24:10.918442+00:00,25.552267,1774635850918441600,-0.122586,0.516815,0.874139,0.101677,0.120444,-0.91451,-0.360761,-1.245891,-0.430722,1.517006,0.157402,-0.837139,0.177738,0.493623,-1.264063,-1.373215,0.840441,0.120097,-0.379187,-0.685503,-0.619497
2026-03-27T18:24:10.935550+00:00,25.569376,1774635850935550200,-0.122224,0.517088,0.874122,0.099386,0.123085,-0.937645,-0.369125,-1.246414,-0.430887,1.516533,0.15819,-0.838235,0.17769,0.492898,-1.264335,-1.374197,0.842096,0.123342,-0.372253,-0.677203,-0.613419
2026-03-27T18:24:10.952610+00:00,25.586436,1774635850952610200,-0.121887,0.517406,0.874051,0.101565,0.120428,-0.920236,-0.361747,-1.247008,-0.430978,1.516125,0.159588,-0.835517,0.176947,0.48964,-1.264655,-1.375407,0.843646,0.12456,-0.370123,-0.674492,-0.615299
2026-03-27T18:24:10.970151+00:00,25.603977,1774635850970151400,-0.121493,0.517714,0.873911,0.101359,0.120541,-0.924934,-0.362991,-1.247587,-0.431043,1.515797,0.159504,-0.840536,0.178192,0.491247,-1.264899,-1.376966,0.844956,0.125018,-0.377694,-0.691146,-0.631915
2026-03-27T18:24:10.987208+00:00,25.621034,1774635850987208300,-0.121311,0.517923,0.873847,0.104567,0.116735,-0.899857,-0.352439,-1.248232,-0.43106,1.515593,0.161386,-0.834827,0.177382,0.487119,-1.265132,-1.378546,0.846239,0.128981,-0.372019,-0.683723,-0.625952
2026-03-27T18:24:11.004299+00:00,25.638125,1774635851004299400,-0.120968,0.518277,0.873688,0.10263,0.118834,-0.92129,-0.360099,-1.248922,-0.431045,1.515532,0.160407,-0.844315,0.179934,0.491653,-1.265247,-1.38007,0.847393,0.131681,-0.369529,-0.679866,-0.624378
2026-03-27T18:24:11.021486+00:00,25.655312,1774635851021485900,-0.120691,0.518703,0.873475,0.1048,0.116045,-0.904639,-0.352599,-1.249508,-0.430797,1.515507,0.162914,-0.834208,0.178711,0.485792,-1.265302,-1.381674,0.848464,0.135053,-0.366748,-0.671614,-0.619594
2026-03-27T18:24:11.038344+00:00,25.672169,1774635851038343700,-0.120228,0.519333,0.873141,0.103569,0.116951,-0.916431,-0.356243,-1.250226,-0.430439,1.515532,0.163317,-0.835357,0.180053,0.485976,-1.264725,-1.383161,0.849444,0.138639,-0.36684,-0.663132,-0.614145
2026-03-27T18:24:11.055373+00:00,25.689199,1774635851055373000,-0.120043,0.519731,0.872923,0.102328,0.117723,-0.927637,-0.359653,-1.250829,-0.42989,1.515567,0.162699,-0.841072,0.182696,0.489005,-1.263519,-1.384738,0.850382,0.140774,-0.375352,-0.664651,-0.617947
2026-03-27T18:24:11.072450+00:00,25.706276,1774635851072450200,-0.119911,0.520133,0.872745,0.100999,0.118492,-0.938335,-0.362843,-1.251588,-0.429297,1.515702,0.162566,-0.843868,0.185003,0.490079,-1.261783,-1.386289,0.851262,0.14266,-0.389559,-0.670973,-0.626609
2026-03-27T18:24:11.089844+00:00,25.72367,1774635851089844400,-0.119833,0.5205,0.872569,0.10094,0.11766,-0.936812,-0.361385,-1.252287,-0.428578,1.515841,0.163853,-0.840022,0.186245,0.487606,-1.259548,-1.388019,0.852145,0.149985,-0.394665,-0.654976,-0.615895
2026-03-27T18:24:11.106519+00:00,25.740344,1774635851106518600,-0.119814,0.520829,0.872396,0.101905,0.115697,-0.925495,-0.35638,-1.253113,-0.427857,1.516056,0.164652,-0.840037,0.188485,0.486763,-1.256692,-1.389769,0.852886,0.155844,-0.406992,-0.648463,-0.614129
2026-03-27T18:24:11.123569+00:00,25.757395,1774635851123569100,-0.119802,0.521101,0.872232,0.100478,0.116593,-0.935986,-0.359543,-1.253864,-0.427023,1.516225,0.166967,-0.833675,0.189562,0.482698,-1.253305,-1.391786,0.853328,0.159318,-0.425597,-0.645528,-0.619268
2026-03-27T18:24:11.140663+00:00,25.774489,1774635851140663100,-0.119841,0.521349,0.872075,0.101302,0.114866,-0.924629,-0.354671,-1.254736,-0.426269,1.516464,0.168551,-0.831828,0.191736,0.481445,-1.249741,-1.394087,0.853718,0.165565,-0.437481,-0.631768,-0.613021
2026-03-27T18:24:11.157665+00:00,25.791491,1774635851157665000,-0.119797,0.521506,0.87193,0.10063,0.114906,-0.926805,-0.355314,-1.255547,-0.425425,1.516628,0.168889,-0.838999,0.196419,0.484504,-1.245809,-1.396735,0.85378,0.173273,-0.44901,-0.6173,-0.605993
2026-03-27T18:24:11.174754+00:00,25.80858,1774635851174754000,-0.119827,0.521649,0.87177,0.101803,0.112763,-0.912044,-0.349389,-1.256467,-0.424551,1.516767,0.171972,-0.832205,0.198157,0.479474,-1.241776,-1.399416,0.853689,0.178437,-0.467871,-0.611933,-0.609018
2026-03-27T18:24:11.191879+00:00,25.825705,1774635851191879200,-0.119879,0.521754,0.871598,0.101811,0.111973,-0.908573,-0.347951,-1.257413,-0.423728,1.516918,0.173394,-0.834808,0.202496,0.478944,-1.237748,-1.402303,0.853317,0.184062,-0.483824,-0.601678,-0.608921
2026-03-27T18:24:11.208900+00:00,25.842726,1774635851208900200,-0.119884,0.521844,0.871442,0.098898,0.114548,-0.932758,-0.356867,-1.258371,-0.42282,1.517063,0.175296,-0.836718,0.207358,0.477453,-1.233677,-1.404577,0.852278,0.198313,-0.49379,-0.599903,-0.599578
2026-03-27T18:24:11.225848+00:00,25.859674,1774635851225847800,-0.119952,0.521972,0.871274,0.100171,0.11242,-0.918574,-0.351176,-1.259365,-0.421875,1.517158,0.177494,-0.840442,0.21303,0.476689,-1.229477,-1.406573,0.851206,0.218111,-0.494893,-0.600418,-0.585415
2026-03-27T18:24:11.242949+00:00,25.876775,1774635851242948800,-0.120023,0.522106,0.871104,0.101419,0.110411,-0.905467,-0.345885,-1.260389,-0.420877,1.517292,0.182046,-0.833659,0.216539,0.470666,-1.225257,-1.408617,0.849988,0.238127,-0.494748,-0.602902,-0.573698
2026-03-27T18:24:11.260185+00:00,25.89401,1774635851260184500,-0.120052,0.5222,0.870925,0.098162,0.113472,-0.93416,-0.356398,-1.261439,-0.419793,1.517364,0.184592,-0.837923,0.223452,0.471006,-1.220863,-1.410975,0.848711,0.254883,-0.496462,-0.605257,-0.567265
2026-03-27T18:24:11.277324+00:00,25.91115,1774635851277324400,-0.120105,0.522302,0.870739,0.099455,0.111473,-0.920944,-0.351114,-1.262523,-0.418699,1.517476,0.189154,-0.832386,0.228091,0.465763,-1.216251,-1.413626,0.847161,0.266944,-0.500945,-0.602876,-0.564229
2026-03-27T18:24:11.294632+00:00,25.928458,1774635851294632100,-0.120158,0.522397,0.870537,0.100798,0.1094,-0.90763,-0.345795,-1.263714,-0.417492,1.517582,0.193934,-0.827551,0.233143,0.460457,-1.211255,-1.416437,0.845213,0.274732,-0.507405,-0.593778,-0.562421
2026-03-27T18:24:11.311774+00:00,25.9456,1774635851311774400,-0.120159,0.522483,0.870334,0.096748,0.113488,-0.946497,-0.360361,-1.264894,-0.416282,1.517647,0.196083,-0.834107,0.241462,0.461412,-1.206268,-1.418996,0.842876,0.277203,-0.517696,-0.583076,-0.561484
2026-03-27T18:24:11.328266+00:00,25.962092,1774635851328266600,-0.120209,0.522656,0.870197,0.099223,0.109979,-0.923219,-0.350919,-1.266111,-0.415099,1.517794,0.199678,-0.832198,0.247293,0.457937,-1.201342,-1.42084,0.839877,0.277304,-0.52966,-0.57388,-0.560306
2026-03-27T18:24:11.345283+00:00,25.979108,1774635851345282500,-0.120238,0.522887,0.870103,0.098318,0.110499,-0.933597,-0.354118,-1.267433,-0.413847,1.517957,0.20261,-0.830478,0.253231,0.454975,-1.196397,-1.421993,0.836366,0.277127,-0.541501,-0.564605,-0.554833
2026-03-27T18:24:11.362328+00:00,25.996154,1774635851362328200,-0.120301,0.523177,0.870055,0.100503,0.107729,-0.913816,-0.346088,-1.268777,-0.412578,1.518297,0.206272,-0.824819,0.258259,0.450341,-1.191658,-1.422303,0.832515,0.276249,-0.556088,-0.5599,-0.551587
2026-03-27T18:24:11.379430+00:00,26.013256,1774635851379429800,-0.120374,0.523471,0.870059,0.09879,0.10934,-0.930001,-0.351201,-1.270208,-0.411254,1.518673,0.207757,-0.826262,0.26581,0.450443,-1.187044,-1.422268,0.828172,0.276899,-0.567223,-0.553913,-0.545681
2026-03-27T18:24:11.396499+00:00,26.030325,1774635851396499300,-0.120504,0.523733,0.870081,0.100623,0.10707,-0.911831,-0.343876,-1.271735,-0.409947,1.519146,0.210212,-0.823657,0.272551,0.448878,-1.182509,-1.421949,0.823558,0.276837,-0.57757,-0.546935,-0.538166
2026-03-27T18:24:11.413575+00:00,26.047401,1774635851413575100,-0.120598,0.523938,0.870103,0.097992,0.1096,-0.93568,-0.352233,-1.273382,-0.408615,1.519607,0.213118,-0.823214,0.279009,0.448206,-1.178115,-1.421007,0.818573,0.275152,-0.589992,-0.541858,-0.532532
2026-03-27T18:24:11.430647+00:00,26.064473,1774635851430646900,-0.120701,0.524115,0.870121,0.099146,0.108063,-0.924991,-0.347991,-1.275151,-0.407408,1.520153,0.21623,-0.820941,0.283862,0.447516,-1.173743,-1.419922,0.813319,0.272754,-0.602828,-0.535438,-0.526226
2026-03-27T18:24:11.447844+00:00,26.08167,1774635851447843900,-0.12078,0.524289,0.870175,0.100279,0.106594,-0.914703,-0.343821,-1.277015,-0.406261,1.520708,0.21921,-0.819444,0.288845,0.447388,-1.169348,-1.418873,0.807456,0.269713,-0.616438,-0.527936,-0.51912
2026-03-27T18:24:11.466596+00:00,26.100421,1774635851466595500,-0.12084,0.524473,0.870298,0.101371,0.105181,-0.904772,-0.339755,-1.27907,-0.405046,1.521334,0.223531,-0.813836,0.293161,0.445589,-1.164635,-1.417518,0.800925,0.266874,-0.630258,-0.51922,-0.510016
2026-03-27T18:24:11.482552+00:00,26.116377,1774635851482551700,-0.120834,0.524607,0.870438,0.097964,0.108621,-0.93686,-0.351381,-1.280914,-0.403877,1.521934,0.226623,-0.812363,0.298799,0.445619,-1.160554,-1.416482,0.794382,0.264793,-0.642716,-0.512881,-0.50179
2026-03-27T18:24:11.499490+00:00,26.133315,1774635851499489600,-0.120899,0.524744,0.870593,0.099986,0.106492,-0.919805,-0.344806,-1.282798,-0.402597,1.522567,0.228667,-0.812752,0.306206,0.447165,-1.156355,-1.415424,0.787481,0.262546,-0.655,-0.504628,-0.492461
2026-03-27T18:24:11.516579+00:00,26.150405,1774635851516578800,-0.120908,0.524874,0.870791,0.101076,0.105414,-0.912567,-0.341853,-1.284716,-0.401387,1.523241,0.232162,-0.806557,0.311158,0.446255,-1.152086,-1.414303,0.780012,0.258439,-0.672217,-0.500481,-0.486031
2026-03-27T18:24:11.534028+00:00,26.167853,1774635851534027700,-0.120763,0.525024,0.871023,0.101448,0.105164,-0.912747,-0.341656,-1.286591,-0.400239,1.52404,0.234975,-0.80292,0.316808,0.447353,-1.147797,-1.413152,0.772462,0.255619,-0.685617,-0.492915,-0.476575
2026-03-27T18:24:11.551970+00:00,26.185796,1774635851551970400,-0.120666,0.525178,0.871296,0.102666,0.104147,-0.90645,-0.338981,-1.288496,-0.39902,1.524829,0.238746,-0.7977,0.32236,0.448321,-1.143525,-1.412495,0.763656,0.253014,-0.699931,-0.486178,-0.464427
2026-03-27T18:24:11.568697+00:00,26.202523,1774635851568696800,-0.120447,0.525285,0.871567,0.099914,0.107376,-0.936527,-0.349832,-1.290184,-0.397886,1.525617,0.241606,-0.794767,0.328119,0.450635,-1.139621,-1.411674,0.755247,0.252116,-0.7087,-0.478762,-0.450956
2026-03-27T18:24:11.585698+00:00,26.219523,1774635851585697600,-0.120213,0.525398,0.8719,0.10025,0.10746,-0.938122,-0.350357,-1.291753,-0.396777,1.526373,0.244277,-0.790932,0.333385,0.452857,-1.135875,-1.410779,0.746532,0.250396,-0.719103,-0.473535,-0.439477
2026-03-27T18:24:11.602841+00:00,26.236667,1774635851602841300,-0.119966,0.525471,0.872264,0.100945,0.107114,-0.935343,-0.34916,-1.29327,-0.395705,1.527132,0.246855,-0.784855,0.337441,0.453943,-1.132272,-1.410082,0.737649,0.248067,-0.730287,-0.469432,-0.429392
2026-03-27T18:24:11.619859+00:00,26.253684,1774635851619858500,-0.119676,0.525501,0.872659,0.101343,0.107049,-0.93523,-0.34916,-1.29467,-0.394646,1.527776,0.247968,-0.78259,0.34245,0.457015,-1.128952,-1.409376,0.728548,0.248018,-0.737911,-0.464947,-0.418063
2026-03-27T18:24:11.636862+00:00,26.270688,1774635851636862200,-0.119311,0.525519,0.87309,0.105073,0.103174,-0.905584,-0.338516,-1.295942,-0.393561,1.528326,0.249615,-0.778569,0.346981,0.458591,-1.125966,-1.408599,0.719425,0.248837,-0.744751,-0.462493,-0.408115
2026-03-27T18:24:11.654027+00:00,26.287853,1774635851654027400,-0.118874,0.525474,0.873551,0.104765,0.103445,-0.912629,-0.341535,-1.297105,-0.392461,1.528894,0.250559,-0.775975,0.352376,0.461225,-1.123259,-1.407861,0.710047,0.249604,-0.751831,-0.462154,-0.39887
2026-03-27T18:24:11.670994+00:00,26.304819,1774635851670993700,-0.118363,0.52549,0.874029,0.103664,0.10453,-0.926423,-0.346963,-1.298174,-0.391406,1.529389,0.251446,-0.772969,0.357081,0.463342,-1.120824,-1.407325,0.700944,0.251652,-0.75454,-0.460316,-0.387292
2026-03-27T18:24:11.688017+00:00,26.321843,1774635851688017300,-0.117783,0.525411,0.874542,0.102725,0.105359,-0.94007,-0.352596,-1.299186,-0.390418,1.529804,0.251866,-0.771786,0.361715,0.46602,-1.118659,-1.406849,0.69179,0.252567,-0.761743,-0.461567,-0.379032
2026-03-27T18:24:11.705066+00:00,26.338892,1774635851705066000,-0.117187,0.525264,0.875058,0.106187,0.101789,-0.91454,-0.343711,-1.30023,-0.389446,1.530096,0.252948,-0.768693,0.364982,0.465592,-1.116682,-1.406409,0.682729,0.25443,-0.765731,-0.461811,-0.369977
2026-03-27T18:24:11.722096+00:00,26.355922,1774635851722095800,-0.1165,0.525054,0.875606,0.106159,0.101645,-0.921032,-0.346687,-1.301082,-0.388567,1.530244,0.254209,-0.767198,0.36847,0.464874,-1.114923,-1.405836,0.673808,0.258443,-0.76542,-0.461079,-0.359394
2026-03-27T18:24:11.739093+00:00,26.372919,1774635851739093300,-0.11594,0.524931,0.875967,0.104691,0.102804,-0.940102,-0.354385,-1.301969,-0.387817,1.53039,0.257079,-0.761084,0.369176,0.461885,-1.113288,-1.405177,0.664854,0.261738,-0.767929,-0.462298,-0.35018
2026-03-27T18:24:11.756996+00:00,26.390822,1774635851756996100,-0.115141,0.524711,0.87653,0.107541,0.099815,-0.922079,-0.348627,-1.302716,-0.387118,1.530549,0.257959,-0.76089,0.372312,0.463049,-1.111926,-1.404465,0.655772,0.263429,-0.774437,-0.467294,-0.342709
2026-03-27T18:24:11.773783+00:00,26.407609,1774635851773783500,-0.114102,0.524213,0.877205,0.10692,0.100142,-0.934793,-0.353989,-1.30344,-0.386401,1.530766,0.258871,-0.761235,0.376136,0.464171,-1.110653,-1.403769,0.647166,0.267758,-0.772427,-0.467187,-0.332401
2026-03-27T18:24:11.790425+00:00,26.424251,1774635851790425200,-0.113264,0.523927,0.877714,0.109675,0.097515,-0.919028,-0.348966,-1.303932,-0.385521,1.530909,0.261475,-0.756717,0.379632,0.46237,-1.109617,-1.402982,0.638872,0.270555,-0.774605,-0.469751,-0.32405
2026-03-27T18:24:11.807341+00:00,26.441167,1774635851807340900,-0.112553,0.523766,0.877998,0.108305,0.098455,-0.938399,-0.357095,-1.304418,-0.384472,1.531064,0.263869,-0.755155,0.385376,0.461958,-1.108622,-1.402233,0.63082,0.274529,-0.774277,-0.470762,-0.315462
2026-03-27T18:24:11.824439+00:00,26.458265,1774635851824439100,-0.111644,0.523516,0.878472,0.111139,0.095756,-0.923387,-0.3523,-1.304863,-0.383405,1.531225,0.267342,-0.750781,0.390003,0.459828,-1.107758,-1.401423,0.622815,0.277464,-0.776441,-0.473132,-0.308235
2026-03-27T18:24:11.841544+00:00,26.47537,1774635851841544400,-0.110551,0.523059,0.879072,0.113913,0.093269,-0.910196,-0.348258,-1.305108,-0.382455,1.531387,0.269848,-0.74849,0.39481,0.459432,-1.106903,-1.400687,0.615201,0.280856,-0.777291,-0.474341,-0.3006
2026-03-27T18:24:11.858626+00:00,26.492451,1774635851858625700,-0.109641,0.522789,0.879471,0.115551,0.091892,-0.907721,-0.347772,-1.305358,-0.381654,1.531557,0.272966,-0.745494,0.397228,0.458881,-1.106175,-1.400018,0.607844,0.284293,-0.779139,-0.475685,-0.293178
2026-03-27T18:24:11.875628+00:00,26.509454,1774635851875628200,-0.108713,0.522521,0.879834,0.114122,0.093128,-0.929617,-0.356983,-1.305633,-0.380924,1.53174,0.275706,-0.743854,0.399804,0.458873,-1.105543,-1.399252,0.600501,0.287578,-0.780235,-0.476619,-0.285437
2026-03-27T18:24:11.892691+00:00,26.526517,1774635851892691500,-0.107846,0.522297,0.880157,0.117295,0.090651,-0.914115,-0.351679,-1.305827,-0.380272,1.531889,0.278097,-0.742788,0.401847,0.458594,-1.104959,-1.398608,0.593593,0.288701,-0.782667,-0.47782,-0.277813
2026-03-27T18:24:11.909560+00:00,26.543386,1774635851909560200,-0.106996,0.522046,0.88044,0.115799,0.091845,-0.935129,-0.360588,-1.30606,-0.379671,1.532008,0.279276,-0.743542,0.404372,0.458853,-1.104491,-1.397923,0.586748,0.2902,-0.78436,-0.478719,-0.269785
2026-03-27T18:24:11.926440+00:00,26.560266,1774635851926440500,-0.106232,0.521839,0.88068,0.118867,0.089407,-0.918979,-0.355077,-1.306277,-0.379139,1.532063,0.281727,-0.738772,0.403567,0.455442,-1.104064,-1.397449,0.580318,0.291389,-0.786002,-0.478124,-0.26105
2026-03-27T18:24:11.943503+00:00,26.577328,1774635851943502600,-0.105468,0.521636,0.880892,0.119003,0.089263,-0.926285,-0.35846,-1.306495,-0.37862,1.532099,0.281981,-0.741,0.405444,0.456026,-1.103707,-1.396937,0.573828,0.292453,-0.788549,-0.477967,-0.252331
2026-03-27T18:24:11.961314+00:00,26.59514,1774635851961314200,-0.104702,0.52144,0.881093,0.119064,0.089125,-0.933435,-0.361776,-1.306692,-0.378171,1.532109,0.282248,-0.74246,0.406597,0.455998,-1.103344,-1.396715,0.567817,0.293936,-0.790578,-0.476056,-0.243743
