timestamp,time_seconds,timestamp_ns,tracker_head_x,tracker_head_y,tracker_head_z,tracker_head_qw,tracker_head_qx,tracker_head_qy,tracker_head_qz,tracker_right_x,tracker_right_y,tracker_right_z,tracker_right_qw,tracker_right_qx,tracker_right_qy,tracker_right_qz,tracker_left_x,tracker_left_y,tracker_left_z,tracker_left_qw,tracker_left_qx,tracker_left_qy,tracker_left_qz
2026-03-27T17:06:24.555911+00:00,-0.044509,1774631184555910900,0.116954,0.708389,-0.227277,0.543121,-0.123556,-0.785839,-0.268369,0.319903,0.267806,-0.329462,0.196483,-0.707016,-0.669289,0.057917,0.063956,0.230096,0.021366,0.286364,0.413962,-0.552314,-0.663895
2026-03-27T17:06:24.572407+00:00,-0.028013,1774631184572407100,0.117144,0.708327,-0.227551,0.542933,-0.123887,-0.786222,-0.268347,0.320031,0.267845,-0.329558,0.194401,-0.715394,-0.676411,0.058255,0.064294,0.230135,0.021325,0.286354,0.412627,-0.551281,-0.666888
2026-03-27T17:06:24.589375+00:00,-0.011045,1774631184589375000,0.117274,0.70829,-0.227803,0.543721,-0.124127,-0.785325,-0.267966,0.320139,0.26779,-0.329652,0.196128,-0.70973,-0.670811,0.057593,0.064408,0.230069,0.021278,0.287834,0.411987,-0.54842,-0.668831
2026-03-27T17:06:24.606435+00:00,0.006015,1774631184606434600,0.117443,0.708243,-0.22799,0.543658,-0.124476,-0.785409,-0.268023,0.320175,0.267653,-0.329705,0.196118,-0.710746,-0.67078,0.057347,0.064513,0.229982,0.021293,0.290448,0.410793,-0.543895,-0.669534
2026-03-27T17:06:24.623574+00:00,0.023153,1774631184623573400,0.117592,0.708222,-0.228201,0.543604,-0.124681,-0.785505,-0.268027,0.320177,0.267516,-0.329718,0.1962,-0.710649,-0.670567,0.056979,0.064621,0.229834,0.021335,0.291652,0.410809,-0.540436,-0.672543
2026-03-27T17:06:24.640661+00:00,0.040241,1774631184640661100,0.117707,0.708228,-0.228372,0.544297,-0.124866,-0.784761,-0.267871,0.320153,0.26737,-0.329736,0.196299,-0.710265,-0.670266,0.056592,0.06485,0.229719,0.021344,0.293364,0.410195,-0.536792,-0.674599
2026-03-27T17:06:24.657606+00:00,0.057186,1774631184657606400,0.117807,0.708217,-0.228529,0.544326,-0.12506,-0.784691,-0.267614,0.065099,0.229685,0.021331,0.294478,0.409764,-0.535356,-0.675417,0.320087,0.267255,-0.329722,0.196321,-0.710019,-0.670169,0.056173
2026-03-27T17:06:24.675479+00:00,0.075059,1774631184675479100,0.117907,0.708197,-0.228647,0.544261,-0.125221,-0.784743,-0.267656,0.065333,0.229719,0.021212,0.295042,0.411172,-0.537327,-0.674068,0.320067,0.267171,-0.329729,0.196431,-0.709356,-0.669668,0.055665
2026-03-27T17:06:24.692096+00:00,0.091676,1774631184692096100,0.11797,0.708179,-0.22875,0.544116,-0.125444,-0.784856,-0.267786,0.065471,0.229988,0.020669,0.294766,0.414312,-0.541825,-0.672245,0.319996,0.267088,-0.329718,0.194822,-0.71498,-0.675564,0.05564
2026-03-27T17:06:24.713101+00:00,0.112681,1774631184713101200,0.118042,0.708164,-0.228841,0.544015,-0.12567,-0.784946,-0.267756,0.06555,0.230668,0.019796,0.295421,0.416643,-0.545064,-0.662732,0.319799,0.267054,-0.329618,0.19663,-0.706577,-0.668335,0.054445
2026-03-27T17:06:24.728491+00:00,0.128071,1774631184728491000,0.118063,0.708163,-0.22896,0.544019,-0.125873,-0.785042,-0.267778,0.065537,0.230955,0.019247,0.294683,0.419259,-0.549563,-0.658768,0.319677,0.266988,-0.329467,0.195466,-0.709808,-0.672345,0.054303
2026-03-27T17:06:24.745664+00:00,0.145244,1774631184745663900,0.118103,0.70814,-0.229047,0.543975,-0.12617,-0.78511,-0.267802,0.065686,0.231478,0.018363,0.293164,0.421557,-0.556155,-0.655505,0.319533,0.26696,-0.329265,0.195609,-0.708833,-0.671446,0.053655
2026-03-27T17:06:24.763186+00:00,0.162766,1774631184763186200,0.118135,0.708105,-0.22915,0.543902,-0.126437,-0.785182,-0.267887,0.065812,0.232019,0.017421,0.292299,0.422492,-0.561328,-0.6509,0.319432,0.266908,-0.329024,0.194119,-0.713907,-0.676735,0.053359
2026-03-27T17:06:24.779976+00:00,0.179556,1774631184779975800,0.118165,0.708039,-0.22925,0.543699,-0.126874,-0.78547,-0.268246,0.066138,0.232595,0.016494,0.292845,0.421124,-0.564171,-0.645243,0.319355,0.266898,-0.328783,0.196052,-0.706344,-0.670026,0.052196
2026-03-27T17:06:24.796940+00:00,0.19652,1774631184796940300,0.118156,0.707963,-0.229344,0.544339,-0.126971,-0.783957,-0.268066,0.066638,0.233011,0.0156,0.292219,0.421034,-0.569212,-0.645659,0.319312,0.266863,-0.328544,0.194476,-0.711548,-0.675389,0.05208
2026-03-27T17:06:24.814038+00:00,0.213618,1774631184814037600,0.118173,0.707853,-0.229491,0.544035,-0.127321,-0.784458,-0.268622,0.066978,0.233175,0.015086,0.294814,0.416795,-0.567879,-0.642339,0.319265,0.266862,-0.328344,0.194509,-0.710877,-0.674669,0.051843
2026-03-27T17:06:24.831074+00:00,0.230654,1774631184831073700,0.118196,0.707724,-0.229632,0.543992,-0.127655,-0.784435,-0.268756,0.067417,0.233166,0.014678,0.29669,0.414878,-0.569135,-0.644347,0.319216,0.266876,-0.328198,0.194367,-0.710431,-0.674168,0.051809
2026-03-27T17:06:24.848050+00:00,0.24763,1774631184848050200,0.118217,0.707583,-0.22981,0.543786,-0.128277,-0.784818,-0.269031,0.067935,0.23317,0.0141,0.298314,0.413018,-0.571197,-0.646162,0.319164,0.26688,-0.32809,0.192547,-0.716004,-0.67903,0.052655
2026-03-27T17:06:24.865168+00:00,0.264748,1774631184865167600,0.118218,0.707514,-0.229943,0.544398,-0.128704,-0.783427,-0.269114,0.068212,0.233162,0.013819,0.300078,0.410102,-0.572144,-0.646274,0.319095,0.266924,-0.328025,0.192289,-0.7153,-0.678337,0.052972
2026-03-27T17:06:24.882174+00:00,0.281754,1774631184882174100,0.118214,0.707352,-0.230353,0.544683,-0.129413,-0.783339,-0.269252,0.068402,0.233105,0.013663,0.30199,0.405068,-0.572371,-0.645505,0.318991,0.266972,-0.327976,0.194147,-0.708122,-0.671113,0.052826
2026-03-27T17:06:24.899223+00:00,0.298803,1774631184899222800,0.118323,0.707199,-0.230637,0.544936,-0.130057,-0.782993,-0.269436,0.068611,0.232928,0.013563,0.301952,0.400548,-0.574515,-0.644761,0.318893,0.267046,-0.327954,0.194012,-0.707891,-0.67083,0.053157
2026-03-27T17:06:24.916323+00:00,0.315903,1774631184916323400,0.118474,0.707011,-0.231068,0.545022,-0.130868,-0.783118,-0.269592,0.068964,0.232863,0.013445,0.300174,0.398346,-0.578655,-0.647848,0.31876,0.267065,-0.327933,0.193943,-0.70765,-0.670696,0.053568
2026-03-27T17:06:24.934019+00:00,0.333599,1774631184934018700,0.118626,0.706868,-0.231434,0.545456,-0.131568,-0.782662,-0.269698,0.069509,0.23242,0.01368,0.300313,0.393198,-0.579932,-0.649781,0.318619,0.267169,-0.32798,0.193717,-0.707682,-0.670677,0.053994
2026-03-27T17:06:24.950861+00:00,0.350441,1774631184950861200,0.118772,0.706761,-0.231896,0.546198,-0.132233,-0.781981,-0.269793,0.070092,0.232138,0.013919,0.301652,0.387069,-0.58028,-0.653157,0.318434,0.267211,-0.327935,0.193736,-0.707139,-0.670275,0.054447
2026-03-27T17:06:24.967952+00:00,0.367532,1774631184967952100,0.118941,0.706648,-0.232337,0.546893,-0.132971,-0.781237,-0.269448,0.070596,0.231739,0.014215,0.303973,0.379726,-0.579018,-0.653506,0.318254,0.267252,-0.328017,0.193683,-0.707292,-0.670472,0.054882
2026-03-27T17:06:24.984935+00:00,0.384515,1774631184984935000,0.119139,0.706518,-0.23285,0.547517,-0.133717,-0.781303,-0.269645,0.071116,0.231427,0.014417,0.305144,0.37484,-0.579957,-0.654519,0.318055,0.267237,-0.328122,0.191918,-0.714201,-0.67743,0.055689
2026-03-27T17:06:25.001646+00:00,0.401226,1774631185001646000,0.119319,0.706388,-0.233318,0.548331,-0.13448,-0.780364,-0.26963,0.071597,0.231084,0.014482,0.30595,0.372709,-0.581779,-0.656715,0.317983,0.267261,-0.328158,0.193496,-0.70864,-0.671628,0.05535
2026-03-27T17:06:25.018725+00:00,0.418305,1774631185018724700,0.119496,0.706243,-0.23379,0.549315,-0.135105,-0.778666,-0.269373,0.072199,0.230557,0.014651,0.308991,0.368289,-0.578118,-0.657661,0.317853,0.267191,-0.328287,0.19348,-0.708731,-0.671657,0.055463
2026-03-27T17:06:25.035745+00:00,0.435325,1774631185035744900,0.119714,0.70606,-0.234311,0.54984,-0.135928,-0.778873,-0.269897,0.072995,0.229957,0.014892,0.31119,0.364643,-0.576799,-0.661691,0.317575,0.267154,-0.32861,0.193581,-0.70909,-0.672034,0.05534
2026-03-27T17:06:25.052901+00:00,0.45248,1774631185052900500,0.119948,0.705853,-0.234791,0.550384,-0.136883,-0.77831,-0.26996,0.073972,0.229349,0.015187,0.311562,0.360291,-0.576002,-0.664977,0.317422,0.266941,-0.328826,0.193836,-0.709541,-0.672335,0.055273
2026-03-27T17:06:25.070009+00:00,0.469589,1774631185070008600,0.120131,0.705655,-0.235367,0.551517,-0.137698,-0.777092,-0.270255,0.075043,0.228731,0.015394,0.309545,0.356333,-0.577772,-0.665919,0.317317,0.266691,-0.329041,0.194024,-0.711298,-0.673824,0.05528
2026-03-27T17:06:25.087095+00:00,0.486675,1774631185087095000,0.120355,0.705431,-0.23595,0.552326,-0.138754,-0.776287,-0.270275,0.076347,0.228083,0.015573,0.306728,0.353459,-0.579818,-0.667013,0.31736,0.266607,-0.329071,0.195224,-0.709552,-0.671069,0.054936
2026-03-27T17:06:25.104345+00:00,0.503925,1774631185104345000,0.120626,0.705207,-0.2365,0.553233,-0.139762,-0.775403,-0.270439,0.077806,0.227238,0.015743,0.30544,0.349258,-0.580898,-0.668874,0.317331,0.266363,-0.329305,0.19569,-0.709866,-0.670639,0.05472
2026-03-27T17:06:25.121341+00:00,0.520921,1774631185121341300,0.120901,0.704997,-0.237142,0.553909,-0.14097,-0.775416,-0.270755,0.079359,0.226281,0.015886,0.306324,0.343971,-0.581628,-0.672423,0.317144,0.265971,-0.329742,0.196896,-0.706816,-0.666983,0.05448
2026-03-27T17:06:25.141574+00:00,0.541154,1774631185141573900,0.121257,0.704775,-0.237829,0.555059,-0.142123,-0.774378,-0.270753,0.081299,0.225031,0.015915,0.306562,0.337743,-0.583095,-0.674196,0.317111,0.265771,-0.330081,0.197346,-0.707209,-0.666478,0.054539
2026-03-27T17:06:25.158411+00:00,0.557991,1774631185158411000,0.12148,0.704664,-0.238435,0.556472,-0.142676,-0.772084,-0.270334,0.083052,0.223916,0.01596,0.306636,0.332588,-0.583103,-0.673177,0.317044,0.265679,-0.3304,0.196737,-0.710323,-0.66928,0.055285
2026-03-27T17:06:25.175523+00:00,0.575103,1774631185175522600,0.121797,0.704511,-0.239022,0.557001,-0.143439,-0.772272,-0.270283,0.084944,0.222638,0.015958,0.304875,0.329188,-0.586506,-0.675643,0.316991,0.265625,-0.33074,0.196604,-0.711494,-0.6705,0.055762
2026-03-27T17:06:25.192477+00:00,0.592057,1774631185192476600,0.122036,0.704384,-0.23964,0.558146,-0.144123,-0.771034,-0.270221,0.086909,0.221308,0.015958,0.304199,0.324842,-0.587867,-0.67537,0.316917,0.265631,-0.331062,0.196646,-0.711636,-0.670683,0.056154
2026-03-27T17:06:25.209665+00:00,0.609245,1774631185209665000,0.122288,0.704252,-0.24022,0.558659,-0.144991,-0.770508,-0.270204,0.088958,0.219854,0.015944,0.302536,0.320259,-0.590458,-0.67572,0.316826,0.265665,-0.331367,0.196531,-0.712231,-0.671633,0.056584
2026-03-27T17:06:25.226552+00:00,0.626132,1774631185226551900,0.122464,0.704138,-0.24084,0.559547,-0.145832,-0.769499,-0.27013,0.091067,0.2185,0.015842,0.300463,0.315491,-0.592608,-0.676425,0.31672,0.265617,-0.331653,0.196336,-0.713139,-0.673205,0.05706
2026-03-27T17:06:25.243709+00:00,0.643289,1774631185243708700,0.122711,0.704015,-0.241439,0.560043,-0.146712,-0.76967,-0.270389,0.093517,0.216736,0.015827,0.298192,0.310579,-0.594222,-0.677053,0.316631,0.265662,-0.331925,0.196308,-0.713566,-0.674563,0.057481
2026-03-27T17:06:25.260774+00:00,0.660354,1774631185260774100,0.122864,0.703932,-0.242044,0.561306,-0.147248,-0.767642,-0.269732,0.09602,0.214917,0.015907,0.296089,0.306455,-0.595191,-0.678794,0.316536,0.265798,-0.332186,0.19799,-0.707029,-0.668823,0.057273
2026-03-27T17:06:25.277748+00:00,0.677328,1774631185277748000,0.123073,0.703853,-0.242602,0.561893,-0.147883,-0.767064,-0.26972,0.098494,0.213023,0.015962,0.2937,0.303739,-0.597057,-0.684209,0.316458,0.26593,-0.332437,0.19794,-0.707502,-0.669446,0.057596
2026-03-27T17:06:25.294926+00:00,0.694506,1774631185294925900,0.123269,0.703777,-0.243238,0.562405,-0.148652,-0.767215,-0.269923,0.101079,0.210927,0.016084,0.293112,0.299503,-0.594133,-0.684554,0.316402,0.266008,-0.332669,0.196091,-0.714173,-0.675983,0.058577
2026-03-27T17:06:25.311961+00:00,0.711541,1774631185311960800,0.123468,0.703682,-0.243833,0.562662,-0.149475,-0.767565,-0.269968,0.103673,0.208762,0.016195,0.290759,0.297,-0.593918,-0.688802,0.316444,0.26598,-0.332755,0.19593,-0.714439,-0.676149,0.059041
2026-03-27T17:06:25.330091+00:00,0.729671,1774631185330090600,0.12363,0.703597,-0.244396,0.563585,-0.149965,-0.765932,-0.269711,0.106483,0.206378,0.016296,0.288572,0.293918,-0.59308,-0.69184,0.316441,0.265997,-0.332987,0.195851,-0.714271,-0.675772,0.059337
2026-03-27T17:06:25.346063+00:00,0.745643,1774631185346063400,0.123808,0.703492,-0.244924,0.564139,-0.150579,-0.765384,-0.269709,0.109109,0.204076,0.016398,0.285425,0.291978,-0.595111,-0.695325,0.316352,0.266115,-0.333347,0.197465,-0.708702,-0.669604,0.059002
2026-03-27T17:06:25.366018+00:00,0.765598,1774631185366017900,0.124004,0.703367,-0.245593,0.564736,-0.151463,-0.764801,-0.26971,0.112273,0.201236,0.016478,0.282638,0.288407,-0.59571,-0.697505,0.316405,0.266076,-0.333578,0.197425,-0.709289,-0.668976,0.059188
2026-03-27T17:06:25.383151+00:00,0.782731,1774631185383151300,0.124202,0.703265,-0.246157,0.565303,-0.152235,-0.764937,-0.269835,0.115263,0.198549,0.016495,0.281107,0.283406,-0.595216,-0.696699,0.316367,0.266098,-0.333698,0.197141,-0.713177,-0.66793,0.058878
2026-03-27T17:06:25.400178+00:00,0.799758,1774631185400178100,0.12435,0.703175,-0.246692,0.565763,-0.152731,-0.764401,-0.26989,0.118292,0.195926,0.016566,0.277189,0.280573,-0.599976,-0.700407,0.316421,0.266176,-0.333814,0.196525,-0.717382,-0.667622,0.058305
2026-03-27T17:06:25.417181+00:00,0.816761,1774631185417181200,0.124504,0.703125,-0.247159,0.566611,-0.153068,-0.762855,-0.269661,0.12118,0.193291,0.016534,0.275206,0.277027,-0.600949,-0.699113,0.316621,0.266101,-0.333934,0.196243,-0.719568,-0.665743,0.057758
2026-03-27T17:06:25.434223+00:00,0.833803,1774631185434223100,0.124623,0.703073,-0.247669,0.567166,-0.153569,-0.762299,-0.269616,0.12405,0.190529,0.016508,0.273564,0.273125,-0.601894,-0.697579,0.316779,0.266062,-0.334078,0.1976,-0.714859,-0.658467,0.056889
2026-03-27T17:06:25.451522+00:00,0.851102,1774631185451521600,0.124793,0.703036,-0.248193,0.567491,-0.15411,-0.762657,-0.269759,0.126962,0.187566,0.016462,0.270927,0.270272,-0.604265,-0.699562,0.316879,0.266024,-0.334242,0.197291,-0.716791,-0.658001,0.056779
2026-03-27T17:06:25.468439+00:00,0.868019,1774631185468438800,0.124945,0.703038,-0.248677,0.567733,-0.154583,-0.762522,-0.269655,0.12989,0.184569,0.016403,0.268299,0.266945,-0.606455,-0.700204,0.316938,0.266032,-0.334414,0.195568,-0.724119,-0.663537,0.057115
2026-03-27T17:06:25.485501+00:00,0.885081,1774631185485501000,0.125062,0.703033,-0.249141,0.568901,-0.154886,-0.761186,-0.269031,0.132714,0.181602,0.016236,0.266159,0.262813,-0.608612,-0.698462,0.316926,0.266121,-0.334579,0.197278,-0.719096,-0.658012,0.056446
2026-03-27T17:06:25.502561+00:00,0.902141,1774631185502560900,0.125219,0.703057,-0.249628,0.569179,-0.155283,-0.761653,-0.269192,0.135561,0.178599,0.015868,0.263507,0.259217,-0.614315,-0.698946,0.316907,0.266185,-0.334751,0.195479,-0.726136,-0.66452,0.056681
2026-03-27T17:06:25.519531+00:00,0.919111,1774631185519531000,0.125357,0.703036,-0.250043,0.569692,-0.15541,-0.760966,-0.268671,0.138264,0.1757,0.015392,0.26224,0.254821,-0.618634,-0.69625,0.316908,0.266364,-0.334925,0.1953,-0.724942,-0.663793,0.056079
2026-03-27T17:06:25.537699+00:00,0.937279,1774631185537698600,0.125465,0.70309,-0.25051,0.570615,-0.155571,-0.760099,-0.268498,0.141031,0.172649,0.014809,0.260783,0.251018,-0.624447,-0.695301,0.316825,0.266688,-0.335135,0.19488,-0.723367,-0.662509,0.055518
2026-03-27T17:06:25.553677+00:00,0.953257,1774631185553677300,0.125576,0.703077,-0.250911,0.57086,-0.155816,-0.760241,-0.268292,0.143548,0.169748,0.014294,0.260438,0.246334,-0.626843,-0.691378,0.316866,0.267063,-0.335323,0.194141,-0.721301,-0.661878,0.055001
2026-03-27T17:06:25.574842+00:00,0.974422,1774631185574841900,0.12575,0.703141,-0.251426,0.571484,-0.156067,-0.759804,-0.268055,0.146572,0.166086,0.013703,0.259267,0.241551,-0.631336,-0.68941,0.316678,0.267537,-0.335638,0.192841,-0.721056,-0.662552,0.054555
2026-03-27T17:06:25.591729+00:00,0.991309,1774631185591728600,0.125859,0.703158,-0.251837,0.57166,-0.156525,-0.760071,-0.268174,0.148914,0.163081,0.013417,0.257316,0.23795,-0.6345,-0.687206,0.316549,0.267971,-0.335873,0.192585,-0.72052,-0.663107,0.054802
2026-03-27T17:06:25.608782+00:00,1.008362,1774631185608782300,0.125966,0.703194,-0.252234,0.572244,-0.156711,-0.759448,-0.268171,0.151223,0.160137,0.013131,0.253798,0.235327,-0.64093,-0.688501,0.316413,0.268352,-0.336086,0.191092,-0.723797,-0.667651,0.054748
2026-03-27T17:06:25.625916+00:00,1.025496,1774631185625916100,0.126062,0.703229,-0.252591,0.572847,-0.156826,-0.75817,-0.267889,0.153437,0.15724,0.012778,0.251326,0.231704,-0.644833,-0.687375,0.316316,0.268742,-0.336246,0.191332,-0.720345,-0.66531,0.053492
2026-03-27T17:06:25.643236+00:00,1.042816,1774631185643236000,0.126195,0.703237,-0.253004,0.573068,-0.157114,-0.758612,-0.268133,0.155695,0.15427,0.012176,0.250281,0.226231,-0.645916,-0.68191,0.316292,0.269094,-0.336332,0.191776,-0.716454,-0.66222,0.051493
2026-03-27T17:06:25.660124+00:00,1.059704,1774631185660124200,0.126316,0.703263,-0.25339,0.573625,-0.15734,-0.758022,-0.267725,0.157819,0.151521,0.011705,0.246649,0.222634,-0.6537,-0.683682,0.316275,0.269391,-0.336369,0.190403,-0.72053,-0.665094,0.049627
2026-03-27T17:06:25.677161+00:00,1.076741,1774631185677161000,0.126424,0.703285,-0.25381,0.574082,-0.157649,-0.758119,-0.267675,0.159926,0.148763,0.011224,0.243773,0.218195,-0.658544,-0.683011,0.316176,0.269631,-0.336492,0.189841,-0.722493,-0.665841,0.047392
2026-03-27T17:06:25.694249+00:00,1.093829,1774631185694249400,0.12651,0.703323,-0.254198,0.574823,-0.157881,-0.757331,-0.267293,0.161831,0.146178,0.01071,0.241772,0.213483,-0.66113,-0.679265,0.316336,0.26983,-0.336535,0.19011,-0.721947,-0.664325,0.045395
2026-03-27T17:06:25.711185+00:00,1.110764,1774631185711184500,0.126612,0.703367,-0.254598,0.575439,-0.158086,-0.756708,-0.267228,0.163515,0.143754,0.010223,0.239348,0.209534,-0.664271,-0.67701,0.316491,0.269973,-0.336545,0.190332,-0.722986,-0.664332,0.043823
2026-03-27T17:06:25.728223+00:00,1.127803,1774631185728222800,0.126731,0.703387,-0.254994,0.575514,-0.158502,-0.757258,-0.267183,0.165174,0.141339,0.009691,0.236937,0.205623,-0.668235,-0.675531,0.316615,0.270089,-0.336528,0.190852,-0.723368,-0.663854,0.042336
2026-03-27T17:06:25.745257+00:00,1.144837,1774631185745256600,0.126822,0.703421,-0.255374,0.576242,-0.158761,-0.756462,-0.266843,0.166713,0.139082,0.009181,0.23464,0.201821,-0.673167,-0.676222,0.316697,0.270191,-0.336541,0.190731,-0.724909,-0.664939,0.041371
2026-03-27T17:06:25.762495+00:00,1.162075,1774631185762494600,0.126918,0.703448,-0.25574,0.57689,-0.159097,-0.755748,-0.266549,0.168159,0.136953,0.008586,0.233533,0.197601,-0.676038,-0.674407,0.316749,0.270267,-0.33657,0.190687,-0.724153,-0.664314,0.04056
2026-03-27T17:06:25.779316+00:00,1.178897,1774631185779316600,0.126986,0.703474,-0.256066,0.577292,-0.159433,-0.755268,-0.266278,0.169339,0.135163,0.007962,0.233567,0.192953,-0.676043,-0.669292,0.316783,0.270329,-0.336561,0.190872,-0.722057,-0.662497,0.04006
2026-03-27T17:06:25.800203+00:00,1.199783,1774631185800203100,0.127096,0.7035,-0.256418,0.577634,-0.159726,-0.754981,-0.265831,0.170546,0.133501,0.007216,0.231527,0.19056,-0.683553,-0.67042,0.316779,0.270377,-0.336621,0.190677,-0.721087,-0.661475,0.039638
2026-03-27T17:06:25.815319+00:00,1.214899,1774631185815318700,0.127158,0.703535,-0.256716,0.578316,-0.159912,-0.75426,-0.265442,0.171268,0.132498,0.006572,0.233025,0.187017,-0.681316,-0.661793,0.316767,0.270377,-0.336611,0.188878,-0.727586,-0.666895,0.039881
2026-03-27T17:06:25.832131+00:00,1.231711,1774631185832130800,0.127207,0.703549,-0.256974,0.578575,-0.160213,-0.754482,-0.265632,0.1718,0.131863,0.006013,0.232426,0.186495,-0.686228,-0.660929,0.316761,0.270436,-0.336589,0.191014,-0.71856,-0.65839,0.038864
2026-03-27T17:06:25.849210+00:00,1.24879,1774631185849210100,0.127306,0.703577,-0.257181,0.578665,-0.160306,-0.75437,-0.26536,0.172145,0.131432,0.0056,0.232727,0.186337,-0.688992,-0.659571,0.316751,0.270466,-0.336593,0.189388,-0.722554,-0.662573,0.038228
2026-03-27T17:06:25.866303+00:00,1.265883,1774631185866303200,0.127372,0.703621,-0.257383,0.579331,-0.160253,-0.753665,-0.265302,0.172216,0.131776,0.00548,0.23462,0.186619,-0.687911,-0.657824,0.31671,0.270583,-0.336541,0.189482,-0.71848,-0.658956,0.036879
2026-03-27T17:06:25.883447+00:00,1.283027,1774631185883447200,0.127489,0.703658,-0.25753,0.579482,-0.160205,-0.753496,-0.264998,0.172478,0.132598,0.005366,0.234598,0.188827,-0.692751,-0.660742,0.316693,0.270734,-0.336288,0.186252,-0.727347,-0.668302,0.035796
2026-03-27T17:06:25.900379+00:00,1.299959,1774631185900379300,0.127545,0.703729,-0.257668,0.580144,-0.160107,-0.752817,-0.26491,0.171983,0.134207,0.005237,0.237803,0.190348,-0.691311,-0.657033,0.316673,0.270991,-0.335844,0.187022,-0.720956,-0.664465,0.033655
2026-03-27T17:06:25.917404+00:00,1.316984,1774631185917403900,0.127654,0.703806,-0.257802,0.580183,-0.160133,-0.753417,-0.265064,0.171306,0.136094,0.005085,0.240894,0.192025,-0.69159,-0.654943,0.316656,0.27133,-0.335217,0.187724,-0.716365,-0.662466,0.031191
2026-03-27T17:06:25.934509+00:00,1.334089,1774631185934508900,0.127712,0.703926,-0.257875,0.580279,-0.159935,-0.753287,-0.264718,0.170355,0.138624,0.00497,0.24461,0.194249,-0.691618,-0.6526,0.316637,0.271689,-0.33445,0.186184,-0.720025,-0.668903,0.028706
2026-03-27T17:06:25.951565+00:00,1.351145,1774631185951565100,0.127775,0.704071,-0.257942,0.580522,-0.159719,-0.753605,-0.264266,0.169254,0.141452,0.004861,0.248289,0.196551,-0.692498,-0.650379,0.316663,0.272037,-0.33342,0.185553,-0.718795,-0.671224,0.025399
2026-03-27T17:06:25.970348+00:00,1.369928,1774631185970348300,0.127804,0.704244,-0.257973,0.580492,-0.159605,-0.753706,-0.26411,0.16782,0.144944,0.004861,0.25392,0.197799,-0.688421,-0.644906,0.316665,0.272405,-0.332131,0.186261,-0.712141,-0.668219,0.021245
2026-03-27T17:06:25.986186+00:00,1.385766,1774631185986186200,0.127799,0.704403,-0.257979,0.580737,-0.159462,-0.753306,-0.263549,0.166598,0.14837,0.004831,0.257501,0.199863,-0.68956,-0.643749,0.316682,0.272687,-0.330809,0.184961,-0.711593,-0.671041,0.017084
2026-03-27T17:06:26.008107+00:00,1.407688,1774631186008107600,0.127798,0.7046,-0.257979,0.580842,-0.159509,-0.753254,-0.262959,0.164739,0.153419,0.004848,0.26237,0.202699,-0.691702,-0.641043,0.316762,0.273032,-0.328944,0.182408,-0.713849,-0.67703,0.011681
2026-03-27T17:06:26.023568+00:00,1.423147,1774631186023567500,0.127815,0.704704,-0.257971,0.580602,-0.15965,-0.753862,-0.262634,0.163141,0.157609,0.004894,0.267121,0.204791,-0.691502,-0.635832,0.316739,0.273215,-0.327159,0.181858,-0.708438,-0.674048,0.008043
2026-03-27T17:06:26.040597+00:00,1.440177,1774631186040597000,0.127761,0.704824,-0.257911,0.580448,-0.159588,-0.754037,-0.262511,0.16147,0.162446,0.005142,0.270562,0.208013,-0.695918,-0.635418,0.316805,0.273409,-0.325205,0.178989,-0.710436,-0.679023,0.003792
2026-03-27T17:06:26.057636+00:00,1.457216,1774631186057635700,0.127715,0.704937,-0.257847,0.579868,-0.159471,-0.754593,-0.262274,0.159703,0.167603,0.005603,0.275679,0.210102,-0.694821,-0.630284,0.316863,0.273579,-0.322964,0.175299,-0.714261,-0.686205,-0.000671
2026-03-27T17:06:26.074715+00:00,1.474295,1774631186074714900,0.12756,0.705045,-0.257746,0.579325,-0.159379,-0.755128,-0.262004,0.157869,0.173049,0.006189,0.279317,0.21345,-0.697887,-0.628459,0.316909,0.273767,-0.320425,0.175688,-0.702769,-0.679538,-0.005609
2026-03-27T17:06:26.091748+00:00,1.491328,1774631186091748200,0.12739,0.705155,-0.257574,0.578749,-0.159342,-0.755727,-0.261735,0.155958,0.17872,0.006951,0.284279,0.215968,-0.69581,-0.622228,0.316934,0.27394,-0.317574,0.172112,-0.708746,-0.689759,-0.011148
2026-03-27T17:06:26.108756+00:00,1.508336,1774631186108755800,0.127138,0.705272,-0.257367,0.578148,-0.159313,-0.756946,-0.261733,0.154005,0.184635,0.007762,0.288358,0.219444,-0.696581,-0.61877,0.316982,0.274188,-0.314359,0.17223,-0.700752,-0.686864,-0.016758
2026-03-27T17:06:26.125984+00:00,1.525564,1774631186125984000,0.126852,0.705432,-0.257066,0.577516,-0.158782,-0.756909,-0.261285,0.152042,0.190785,0.008663,0.292644,0.223064,-0.697062,-0.614802,0.317016,0.274477,-0.310809,0.16962,-0.70182,-0.692773,-0.023167
2026-03-27T17:06:26.142949+00:00,1.542529,1774631186142949400,0.126433,0.705652,-0.25677,0.577187,-0.15837,-0.757248,-0.2609,0.150011,0.196842,0.009639,0.296707,0.226735,-0.698377,-0.612037,0.317007,0.274852,-0.30695,0.16559,-0.705544,-0.701156,-0.030076
2026-03-27T17:06:26.159872+00:00,1.559452,1774631186159871700,0.126,0.705905,-0.256444,0.576095,-0.157866,-0.758366,-0.260645,0.147895,0.202967,0.010732,0.302275,0.229805,-0.696855,-0.606598,0.316973,0.275373,-0.302917,0.164349,-0.69722,-0.698145,-0.035886
2026-03-27T17:06:26.176905+00:00,1.576485,1774631186176905300,0.125564,0.706215,-0.256097,0.575258,-0.157322,-0.75916,-0.25982,0.145784,0.209172,0.011901,0.306346,0.234101,-0.698344,-0.603262,0.316946,0.276035,-0.298658,0.162848,-0.690362,-0.697611,-0.041565
2026-03-27T17:06:26.194072+00:00,1.593652,1774631186194071900,0.125071,0.706584,-0.255756,0.574287,-0.156764,-0.760179,-0.259228,0.14354,0.215385,0.013231,0.310251,0.238872,-0.699673,-0.6007,0.316876,0.276937,-0.294115,0.161098,-0.684917,-0.699187,-0.047253
2026-03-27T17:06:26.211283+00:00,1.610863,1774631186211283500,0.124545,0.706993,-0.255451,0.573209,-0.156356,-0.761916,-0.258794,0.141259,0.221659,0.014617,0.316022,0.242425,-0.696854,-0.594499,0.316601,0.277992,-0.2894,0.156699,-0.690721,-0.713334,-0.053738
2026-03-27T17:06:26.228407+00:00,1.627987,1774631186228407000,0.123981,0.707465,-0.255137,0.572457,-0.155588,-0.762664,-0.257911,0.13905,0.227796,0.015926,0.319595,0.247238,-0.698223,-0.591976,0.316186,0.279291,-0.284512,0.153893,-0.687238,-0.718584,-0.059652
2026-03-27T17:06:26.245792+00:00,1.645372,1774631186245791700,0.123372,0.708003,-0.254823,0.571626,-0.154804,-0.763509,-0.256932,0.136756,0.234095,0.017303,0.323698,0.252168,-0.698502,-0.587963,0.315715,0.280756,-0.279399,0.150653,-0.683166,-0.723594,-0.065659
2026-03-27T17:06:26.262878+00:00,1.662458,1774631186262877800,0.122757,0.708585,-0.254556,0.571064,-0.153975,-0.764536,-0.255727,0.134384,0.240396,0.018858,0.328185,0.256448,-0.69677,-0.583043,0.315251,0.282418,-0.274258,0.148934,-0.670321,-0.719995,-0.070668
2026-03-27T17:06:26.279653+00:00,1.679233,1774631186279653100,0.122164,0.709148,-0.254293,0.570388,-0.153175,-0.765327,-0.25464,0.13221,0.246568,0.020221,0.330784,0.262148,-0.698865,-0.581184,0.314828,0.284157,-0.269068,0.145209,-0.667611,-0.7254,-0.076458
2026-03-27T17:06:26.296625+00:00,1.696205,1774631186296625100,0.121548,0.709709,-0.254059,0.569734,-0.152383,-0.766577,-0.253686,0.12991,0.252758,0.021489,0.334674,0.267315,-0.69842,-0.577077,0.314628,0.286,-0.26383,0.142065,-0.661567,-0.727385,-0.081417
2026-03-27T17:06:26.313358+00:00,1.712938,1774631186313358200,0.120854,0.710261,-0.253824,0.568882,-0.151772,-0.768201,-0.252868,0.12784,0.259029,0.022571,0.339306,0.271091,-0.695528,-0.571616,0.314174,0.288046,-0.25826,0.139086,-0.654696,-0.72909,-0.086753
2026-03-27T17:06:26.330591+00:00,1.730171,1774631186330591200,0.120136,0.710849,-0.253564,0.568057,-0.15078,-0.768976,-0.251974,0.125759,0.265289,0.02353,0.343451,0.275428,-0.695264,-0.568832,0.313968,0.290204,-0.25241,0.13249,-0.662121,-0.746518,-0.095016
2026-03-27T17:06:26.347703+00:00,1.747282,1774631186347702500,0.119401,0.711436,-0.253301,0.56799,-0.149699,-0.768886,-0.250738,0.123961,0.271455,0.024161,0.348443,0.278289,-0.693482,-0.564971,0.313818,0.292395,-0.246508,0.129665,-0.652553,-0.745517,-0.100528
2026-03-27T17:06:26.364772+00:00,1.764352,1774631186364772000,0.118654,0.712018,-0.253049,0.567175,-0.148853,-0.770325,-0.250028,0.122361,0.277429,0.024482,0.353597,0.280389,-0.692244,-0.561885,0.313677,0.294679,-0.240461,0.128832,-0.640627,-0.741556,-0.105244
2026-03-27T17:06:26.381657+00:00,1.781237,1774631186381657200,0.117953,0.7126,-0.252781,0.565817,-0.147899,-0.772309,-0.249126,0.121053,0.283251,0.024635,0.358011,0.282295,-0.692654,-0.560189,0.313704,0.296857,-0.234587,0.125595,-0.641597,-0.753539,-0.11198
2026-03-27T17:06:26.398925+00:00,1.798505,1774631186398924600,0.117161,0.713208,-0.252529,0.565094,-0.146997,-0.773613,-0.248177,0.119883,0.288881,0.024312,0.362603,0.283582,-0.692997,-0.557467,0.313666,0.299233,-0.228372,0.124767,-0.630157,-0.751121,-0.11661
2026-03-27T17:06:26.415699+00:00,1.815279,1774631186415698600,0.116422,0.713799,-0.252253,0.564352,-0.145745,-0.774242,-0.247178,0.118951,0.29426,0.023768,0.367863,0.28328,-0.69179,-0.55294,0.313343,0.301646,-0.222353,0.120957,-0.634872,-0.767355,-0.123874
2026-03-27T17:06:26.432871+00:00,1.832451,1774631186432871200,0.115823,0.714229,-0.252073,0.563546,-0.144765,-0.775618,-0.246378,0.118214,0.29942,0.022676,0.372757,0.282778,-0.692025,-0.549919,0.313197,0.304125,-0.216264,0.118901,-0.62631,-0.768389,-0.128471
2026-03-27T17:06:26.449776+00:00,1.849356,1774631186449775900,0.115119,0.714732,-0.251902,0.56268,-0.143842,-0.776425,-0.245499,0.117691,0.304215,0.021398,0.377385,0.281574,-0.692005,-0.547658,0.31298,0.306586,-0.210493,0.116584,-0.617375,-0.76843,-0.132785
2026-03-27T17:06:26.471731+00:00,1.871311,1774631186471730600,0.114198,0.715441,-0.251572,0.561633,-0.142676,-0.777588,-0.244133,0.117155,0.310057,0.019427,0.383777,0.279148,-0.690808,-0.544271,0.31272,0.309883,-0.202942,0.114643,-0.608121,-0.77132,-0.137329
2026-03-27T17:06:26.489285+00:00,1.888865,1774631186489285400,0.113316,0.716151,-0.251122,0.56075,-0.141944,-0.778735,-0.24336,0.11678,0.314314,0.017633,0.388519,0.277213,-0.691059,-0.541971,0.312349,0.312486,-0.197126,0.114368,-0.598618,-0.771489,-0.140632
2026-03-27T17:06:26.505948+00:00,1.905528,1774631186505948200,0.112846,0.716446,-0.250984,0.559878,-0.141217,-0.779502,-0.242704,0.116476,0.318147,0.015793,0.392997,0.275404,-0.692149,-0.540798,0.311979,0.314996,-0.191531,0.112445,-0.597319,-0.783325,-0.146543
2026-03-27T17:06:26.523393+00:00,1.922973,1774631186523393200,0.11224,0.71688,-0.250764,0.558932,-0.140595,-0.780447,-0.242023,0.116186,0.321731,0.013692,0.398807,0.271512,-0.692108,-0.537415,0.311528,0.317701,-0.185605,0.111258,-0.594843,-0.794422,-0.152894
2026-03-27T17:06:26.540180+00:00,1.93976,1774631186540179700,0.111482,0.717494,-0.250368,0.558035,-0.139956,-0.78138,-0.241286,0.116,0.324914,0.011578,0.404085,0.266891,-0.692499,-0.533845,0.31101,0.320382,-0.18004,0.11268,-0.582121,-0.794724,-0.156672
2026-03-27T17:06:26.557176+00:00,1.956756,1774631186557175600,0.11097,0.717949,-0.250148,0.557226,-0.139461,-0.782912,-0.240571,0.115891,0.3278,0.009311,0.407693,0.262713,-0.69592,-0.531699,0.310316,0.323093,-0.174713,0.114803,-0.566352,-0.79007,-0.159817
2026-03-27T17:06:26.574344+00:00,1.973924,1774631186574344300,0.110565,0.718285,-0.249995,0.557047,-0.138857,-0.782991,-0.239558,0.115779,0.330389,0.007277,0.411572,0.257772,-0.696588,-0.527115,0.309668,0.325779,-0.169367,0.113458,-0.56555,-0.807184,-0.167985
2026-03-27T17:06:26.591428+00:00,1.991008,1774631186591428100,0.110103,0.718661,-0.249879,0.556077,-0.138191,-0.784603,-0.239079,0.115712,0.332586,0.005426,0.414219,0.25399,-0.697792,-0.525993,0.308997,0.328285,-0.164421,0.111681,-0.564187,-0.821483,-0.176214
2026-03-27T17:06:26.608512+00:00,2.008092,1774631186608512500,0.109535,0.719056,-0.249645,0.555633,-0.137497,-0.784204,-0.238429,0.115633,0.334369,0.003917,0.417005,0.249798,-0.697428,-0.524584,0.308371,0.330705,-0.159585,0.114307,-0.54357,-0.806759,-0.17797
2026-03-27T17:06:26.625581+00:00,2.02516,1774631186625580500,0.10887,0.719441,-0.249353,0.554619,-0.13708,-0.785855,-0.238788,0.115664,0.335907,0.002527,0.418812,0.246253,-0.699613,-0.52577,0.307733,0.332771,-0.155054,0.11461,-0.535686,-0.809012,-0.184761
2026-03-27T17:06:26.643646+00:00,2.043226,1774631186643646000,0.108327,0.719744,-0.249119,0.553851,-0.136606,-0.786521,-0.238656,0.115591,0.337117,0.00113,0.421263,0.242715,-0.700374,-0.524417,0.307124,0.335032,-0.150029,0.1146,-0.527772,-0.812529,-0.191964
2026-03-27T17:06:26.660906+00:00,2.060486,1774631186660905900,0.10778,0.720126,-0.248824,0.553544,-0.135971,-0.786272,-0.237913,0.115566,0.33806,3.5e-05,0.424069,0.239456,-0.699007,-0.521958,0.306708,0.336,-0.145426,0.11267,-0.525299,-0.821964,-0.205784
2026-03-27T17:06:26.680194+00:00,2.079774,1774631186680194100,0.10721,0.720509,-0.248594,0.552809,-0.135352,-0.787055,-0.237384,0.115468,0.338845,-0.000994,0.426156,0.236662,-0.698841,-0.521775,0.306189,0.337382,-0.140071,0.112497,-0.516693,-0.824489,-0.217294
2026-03-27T17:06:26.696918+00:00,2.096498,1774631186696917600,0.10681,0.720765,-0.248606,0.552272,-0.134814,-0.788252,-0.236353,0.115437,0.33927,-0.001658,0.428422,0.234518,-0.697945,-0.521862,0.305586,0.337429,-0.135651,0.117671,-0.503616,-0.82417,-0.226785
2026-03-27T17:06:26.713679+00:00,2.113259,1774631186713679200,0.10627,0.721159,-0.248464,0.552019,-0.134182,-0.788451,-0.235441,0.115386,0.339551,-0.002256,0.430328,0.232443,-0.698577,-0.521879,0.304946,0.337593,-0.13139,0.122697,-0.488425,-0.820906,-0.233993
2026-03-27T17:06:26.731140+00:00,2.13072,1774631186731140300,0.105735,0.72154,-0.248334,0.551781,-0.133695,-0.788585,-0.23463,0.115253,0.33974,-0.002827,0.432701,0.230169,-0.697714,-0.521505,0.304228,0.337474,-0.127304,0.127494,-0.476143,-0.824675,-0.242548
2026-03-27T17:06:26.747740+00:00,2.14732,1774631186747740000,0.105022,0.722085,-0.248112,0.551605,-0.133303,-0.789408,-0.233938,0.115188,0.339809,-0.003244,0.434489,0.227564,-0.697608,-0.520908,0.303515,0.337232,-0.123537,0.131117,-0.466295,-0.83384,-0.25289
2026-03-27T17:06:26.764822+00:00,2.164402,1774631186764822300,0.104517,0.722475,-0.247974,0.551709,-0.132945,-0.789047,-0.232818,0.115207,0.339841,-0.003619,0.436125,0.22465,-0.697885,-0.520429,0.30295,0.337007,-0.120073,0.135506,-0.451501,-0.833208,-0.260829
2026-03-27T17:06:26.781669+00:00,2.181249,1774631186781668600,0.104068,0.722822,-0.247875,0.55145,-0.132732,-0.789939,-0.23204,0.115072,0.339876,-0.00414,0.438158,0.22131,-0.698037,-0.519182,0.302074,0.336267,-0.116782,0.13871,-0.442515,-0.840898,-0.270561
2026-03-27T17:06:26.798533+00:00,2.198112,1774631186798532500,0.103656,0.723189,-0.247754,0.55124,-0.132232,-0.790738,-0.231314,0.114873,0.339892,-0.004671,0.439516,0.218565,-0.699743,-0.519365,0.301384,0.335621,-0.113846,0.141972,-0.431777,-0.842554,-0.277904
2026-03-27T17:06:26.815412+00:00,2.214992,1774631186815411600,0.10326,0.723575,-0.247612,0.55168,-0.131791,-0.790887,-0.230509,0.114633,0.339888,-0.00525,0.44094,0.21555,-0.700961,-0.519233,0.300836,0.335002,-0.111154,0.141271,-0.424844,-0.847994,-0.288237
2026-03-27T17:06:26.832598+00:00,2.232178,1774631186832598400,0.10288,0.72396,-0.247399,0.551402,-0.131182,-0.791752,-0.229911,0.114387,0.339834,-0.005781,0.443193,0.211835,-0.700016,-0.517885,0.300237,0.334464,-0.10872,0.139703,-0.41992,-0.853151,-0.29855
2026-03-27T17:06:26.849605+00:00,2.249185,1774631186849605400,0.102506,0.72431,-0.247128,0.551844,-0.130575,-0.791122,-0.229051,0.114185,0.339752,-0.006342,0.444913,0.208581,-0.699367,-0.518198,0.299557,0.334102,-0.106532,0.142332,-0.407064,-0.84027,-0.299947
2026-03-27T17:06:26.866811+00:00,2.266391,1774631186866810800,0.10224,0.724554,-0.246853,0.551459,-0.130013,-0.792104,-0.228852,0.114016,0.339654,-0.006803,0.445796,0.206121,-0.699566,-0.519739,0.298912,0.333784,-0.104541,0.141206,-0.407152,-0.852842,-0.309202
2026-03-27T17:06:26.883874+00:00,2.283454,1774631186883873700,0.10203,0.724638,-0.246637,0.551644,-0.129428,-0.79178,-0.228663,0.113838,0.339422,-0.007169,0.447004,0.203816,-0.698773,-0.520082,0.298437,0.333553,-0.102591,0.141971,-0.401599,-0.850824,-0.313872
2026-03-27T17:06:26.903492+00:00,2.303072,1774631186903492100,0.10167,0.724856,-0.246169,0.551829,-0.128609,-0.791531,-0.22875,0.113664,0.338945,-0.007435,0.447536,0.201607,-0.698241,-0.521118,0.298067,0.333264,-0.100592,0.143217,-0.395531,-0.847968,-0.318722
2026-03-27T17:06:26.918624+00:00,2.318204,1774631186918623900,0.101313,0.725107,-0.245689,0.551978,-0.128191,-0.791324,-0.228714,0.113553,0.338466,-0.007503,0.447356,0.200314,-0.69899,-0.521123,0.298129,0.333004,-0.098911,0.143768,-0.391006,-0.842052,-0.322415
2026-03-27T17:06:26.935889+00:00,2.335469,1774631186935888700,0.10113,0.725263,-0.245301,0.552201,-0.127358,-0.791071,-0.228735,0.113362,0.337874,-0.00746,0.446838,0.199395,-0.699332,-0.521092,0.298414,0.332676,-0.097019,0.142346,-0.391142,-0.843388,-0.330422
2026-03-27T17:06:26.952914+00:00,2.352494,1774631186952914400,0.100983,0.725346,-0.245001,0.552294,-0.126846,-0.791487,-0.229045,0.11319,0.337176,-0.007427,0.446308,0.198905,-0.698748,-0.522044,0.298927,0.332425,-0.095168,0.141066,-0.395226,-0.848556,-0.338191
2026-03-27T17:06:26.969869+00:00,2.369449,1774631186969868700,0.100864,0.725422,-0.244726,0.553054,-0.126304,-0.790642,-0.229213,0.113043,0.336198,-0.006665,0.445169,0.199728,-0.698132,-0.524243,0.299866,0.332219,-0.093528,0.140082,-0.398028,-0.850301,-0.344588
2026-03-27T17:06:26.986705+00:00,2.386285,1774631186986705000,0.100843,0.725463,-0.244464,0.553143,-0.126031,-0.791256,-0.229524,0.112956,0.335086,-0.0057,0.443936,0.201825,-0.696746,-0.527391,0.301159,0.332144,-0.09178,0.139063,-0.400148,-0.848134,-0.349296
2026-03-27T17:06:27.003689+00:00,2.403269,1774631187003689200,0.10082,0.725526,-0.244236,0.553955,-0.125606,-0.79038,-0.229493,0.112924,0.333786,-0.004336,0.441933,0.205639,-0.693733,-0.531003,0.302521,0.332063,-0.090224,0.138962,-0.402036,-0.84248,-0.350679
2026-03-27T17:06:27.020752+00:00,2.420332,1774631187020751600,0.100824,0.725595,-0.24401,0.554804,-0.125137,-0.78943,-0.229384,0.112982,0.332448,-0.002851,0.43922,0.210071,-0.689852,-0.534709,0.304201,0.332,-0.088581,0.13978,-0.407502,-0.840913,-0.351621
2026-03-27T17:06:27.037799+00:00,2.437379,1774631187037799200,0.100844,0.725652,-0.243835,0.555673,-0.12482,-0.789162,-0.229462,0.112865,0.331187,-0.001,0.435434,0.217171,-0.685868,-0.539718,0.306102,0.331909,-0.087144,0.142622,-0.409838,-0.830143,-0.348245
2026-03-27T17:06:27.054927+00:00,2.454507,1774631187054927300,0.100888,0.72572,-0.243639,0.556543,-0.124466,-0.788212,-0.229333,0.112675,0.329941,0.00102,0.430717,0.225462,-0.682059,-0.546441,0.308575,0.331791,-0.085544,0.143206,-0.418455,-0.828796,-0.349153
2026-03-27T17:06:27.072662+00:00,2.472242,1774631187072661700,0.101076,0.725776,-0.24347,0.557141,-0.124367,-0.788477,-0.229511,0.112269,0.32875,0.00341,0.426801,0.235057,-0.675495,-0.554133,0.311507,0.331638,-0.084062,0.144357,-0.425256,-0.820873,-0.348228
2026-03-27T17:06:27.089060+00:00,2.488639,1774631187089059500,0.101239,0.725843,-0.243307,0.558203,-0.124241,-0.78779,-0.229502,0.111641,0.327743,0.005687,0.42465,0.244424,-0.667899,-0.560902,0.315002,0.331542,-0.08259,0.144898,-0.434461,-0.81552,-0.347654
2026-03-27T17:06:27.113247+00:00,2.512827,1774631187113247100,0.101589,0.725967,-0.243041,0.559895,-0.123939,-0.786357,-0.229311,0.1103,0.32644,0.008927,0.421313,0.259607,-0.658038,-0.56989,0.320764,0.331473,-0.080987,0.144458,-0.453097,-0.812763,-0.348433
2026-03-27T17:06:27.129719+00:00,2.529299,1774631187129719200,0.101809,0.726039,-0.242748,0.5607,-0.123539,-0.78606,-0.229278,0.108892,0.325673,0.011319,0.419946,0.270887,-0.650605,-0.573259,0.326343,0.331538,-0.080071,0.147308,-0.462441,-0.798702,-0.340624
2026-03-27T17:06:27.146770+00:00,2.54635,1774631187146770400,0.102088,0.726092,-0.242428,0.561437,-0.12341,-0.785946,-0.22954,0.107426,0.324942,0.013614,0.419414,0.281225,-0.64243,-0.5756,0.332343,0.331775,-0.079413,0.146459,-0.484537,-0.806535,-0.341487
2026-03-27T17:06:27.163838+00:00,2.563418,1774631187163838200,0.102371,0.726136,-0.242006,0.562439,-0.123034,-0.784235,-0.229379,0.10597,0.324184,0.015726,0.417865,0.291355,-0.63687,-0.579599,0.338948,0.332506,-0.079173,0.151987,-0.491492,-0.788462,-0.328221
2026-03-27T17:06:27.180900+00:00,2.58048,1774631187180899600,0.102646,0.726135,-0.24158,0.56264,-0.122912,-0.784569,-0.230073,0.104506,0.323296,0.017944,0.415782,0.29902,-0.631291,-0.580787,0.34645,0.333601,-0.079405,0.15678,-0.506256,-0.780691,-0.317135
2026-03-27T17:06:27.197994+00:00,2.597574,1774631187197994300,0.102952,0.72611,-0.241083,0.563465,-0.122662,-0.783684,-0.230574,0.103331,0.322067,0.020022,0.411406,0.305195,-0.629891,-0.581822,0.356123,0.335093,-0.080358,0.160989,-0.5277,-0.773127,-0.306316
2026-03-27T17:06:27.215208+00:00,2.614788,1774631187215207700,0.103213,0.726131,-0.240519,0.563642,-0.12252,-0.783505,-0.231113,0.102211,0.320488,0.022192,0.405248,0.311292,-0.631989,-0.584573,0.366803,0.33656,-0.082049,0.165442,-0.550081,-0.760218,-0.293549
2026-03-27T17:06:27.232181+00:00,2.63176,1774631187232180500,0.103528,0.72606,-0.239934,0.563687,-0.122221,-0.783462,-0.23169,0.101236,0.318402,0.024367,0.400286,0.314659,-0.631365,-0.584571,0.378181,0.338065,-0.08429,0.168581,-0.576274,-0.750507,-0.280776
2026-03-27T17:06:27.249127+00:00,2.648707,1774631187249127300,0.103748,0.725979,-0.239297,0.563856,-0.121668,-0.782601,-0.232217,0.100319,0.315838,0.026769,0.394906,0.318435,-0.631536,-0.585888,0.390932,0.339244,-0.088107,0.173164,-0.601632,-0.734919,-0.262367
2026-03-27T17:06:27.266464+00:00,2.666043,1774631187266463500,0.104026,0.725817,-0.238641,0.563709,-0.121233,-0.782649,-0.232953,0.099507,0.312668,0.029281,0.389729,0.321562,-0.629791,-0.58859,0.403623,0.340607,-0.091959,0.177353,-0.626537,-0.719064,-0.24452
2026-03-27T17:06:27.283420+00:00,2.683,1774631187283420400,0.104239,0.725588,-0.238027,0.563195,-0.121234,-0.783457,-0.23401,0.098842,0.309076,0.031955,0.383349,0.324837,-0.628995,-0.593541,0.418017,0.34113,-0.098909,0.180655,-0.654649,-0.704885,-0.223087
2026-03-27T17:06:27.300505+00:00,2.700085,1774631187300505000,0.104484,0.725379,-0.237382,0.562916,-0.12099,-0.783442,-0.234856,0.098314,0.305009,0.034586,0.376831,0.32731,-0.62704,-0.598418,0.43168,0.341754,-0.105353,0.184174,-0.678778,-0.687062,-0.202021
2026-03-27T17:06:27.317507+00:00,2.717087,1774631187317507100,0.104685,0.725202,-0.236792,0.562741,-0.120681,-0.783408,-0.23537,0.097743,0.300643,0.037253,0.369474,0.329313,-0.625371,-0.603622,0.445761,0.341892,-0.114314,0.187064,-0.702912,-0.669767,-0.17916
2026-03-27T17:06:27.335966+00:00,2.735546,1774631187335965800,0.104946,0.725014,-0.236151,0.562524,-0.120361,-0.783394,-0.236102,0.097228,0.295755,0.039855,0.361148,0.331207,-0.624647,-0.608373,0.460758,0.341718,-0.123646,0.190338,-0.726835,-0.648896,-0.154391
2026-03-27T17:06:27.352262+00:00,2.751842,1774631187352262000,0.105205,0.724875,-0.235715,0.562405,-0.120044,-0.783331,-0.236593,0.096806,0.291171,0.042072,0.353166,0.332015,-0.625337,-0.612483,0.473964,0.340269,-0.134729,0.195964,-0.740953,-0.622471,-0.129133
2026-03-27T17:06:27.369267+00:00,2.768847,1774631187369267300,0.105478,0.724782,-0.235269,0.563142,-0.1197,-0.781848,-0.236828,0.096496,0.286358,0.044157,0.34576,0.331413,-0.625321,-0.615992,0.48719,0.338628,-0.146638,0.198258,-0.764436,-0.604273,-0.104774
2026-03-27T17:06:27.386507+00:00,2.786087,1774631187386507100,0.105812,0.724683,-0.234917,0.56318,-0.119741,-0.782605,-0.237371,0.096249,0.281457,0.046053,0.338114,0.330589,-0.626737,-0.620106,0.500092,0.336426,-0.159437,0.201078,-0.783862,-0.582744,-0.079431
2026-03-27T17:06:27.403513+00:00,2.803093,1774631187403512900,0.106181,0.724637,-0.234619,0.563941,-0.119506,-0.781838,-0.237565,0.095956,0.27656,0.047815,0.331338,0.329021,-0.626283,-0.622791,0.511948,0.33365,-0.17322,0.203844,-0.801363,-0.562528,-0.054317
2026-03-27T17:06:27.420623+00:00,2.820203,1774631187420623400,0.10655,0.724623,-0.234367,0.564675,-0.119371,-0.78113,-0.237651,0.095669,0.271697,0.049361,0.323886,0.329115,-0.627988,-0.627628,0.523274,0.330249,-0.18794,0.208568,-0.813574,-0.539,-0.027721
2026-03-27T17:06:27.437668+00:00,2.837248,1774631187437667800,0.107009,0.724612,-0.234178,0.565462,-0.119279,-0.781034,-0.237789,0.095376,0.266855,0.050804,0.317409,0.328608,-0.627434,-0.630308,0.533326,0.326124,-0.203505,0.210908,-0.830454,-0.519664,-0.001472
2026-03-27T17:06:27.454673+00:00,2.854253,1774631187454673000,0.107475,0.724628,-0.233996,0.566558,-0.118947,-0.779691,-0.237812,0.095139,0.261892,0.052271,0.31117,0.327933,-0.626284,-0.633845,0.542472,0.3209,-0.219444,0.210999,-0.845968,-0.498055,0.023747
2026-03-27T17:06:27.471973+00:00,2.871553,1774631187471972800,0.108013,0.724618,-0.233878,0.567516,-0.118951,-0.779185,-0.237923,0.095027,0.256827,0.053774,0.304772,0.327915,-0.625352,-0.639141,0.550673,0.314946,-0.2362,0.212526,-0.853799,-0.471851,0.048944
2026-03-27T17:06:27.488815+00:00,2.888394,1774631187488814500,0.108623,0.72457,-0.2338,0.568129,-0.119011,-0.77939,-0.238205,0.094956,0.251902,0.055101,0.299162,0.3275,-0.623071,-0.642716,0.558138,0.308527,-0.252761,0.212722,-0.868185,-0.450044,0.074165
2026-03-27T17:06:27.506698+00:00,2.906278,1774631187506697900,0.10928,0.724543,-0.233729,0.569529,-0.119027,-0.777891,-0.238192,0.094937,0.246774,0.056417,0.291689,0.328773,-0.623859,-0.649086,0.564622,0.301108,-0.270835,0.215393,-0.877037,-0.42447,0.100194
2026-03-27T17:06:27.523332+00:00,2.922912,1774631187523332400,0.10995,0.724509,-0.233673,0.570945,-0.118885,-0.776198,-0.238251,0.094856,0.242041,0.057656,0.28607,0.328631,-0.622058,-0.651543,0.569291,0.293838,-0.287542,0.220057,-0.881528,-0.40143,0.12342
2026-03-27T17:06:27.544234+00:00,2.943814,1774631187544233900,0.110817,0.724391,-0.233638,0.572326,-0.118821,-0.774902,-0.238582,0.095063,0.236328,0.059076,0.27821,0.32918,-0.621924,-0.657534,0.574094,0.2846,-0.308547,0.225455,-0.886206,-0.375112,0.150823
2026-03-27T17:06:27.560934+00:00,2.960514,1774631187560933700,0.111621,0.724256,-0.233651,0.573108,-0.118865,-0.774533,-0.239156,0.095088,0.231774,0.060092,0.274048,0.327716,-0.618455,-0.658618,0.576495,0.276583,-0.325185,0.230447,-0.885569,-0.357175,0.170147
2026-03-27T17:06:27.578017+00:00,2.977597,1774631187578017400,0.112454,0.724106,-0.233702,0.574368,-0.11892,-0.773881,-0.239678,0.095408,0.227279,0.061074,0.26885,0.328101,-0.618631,-0.663191,0.578192,0.268433,-0.341858,0.232755,-0.894406,-0.342547,0.190418
2026-03-27T17:06:27.595211+00:00,2.994791,1774631187595210800,0.11334,0.723921,-0.233746,0.575603,-0.118723,-0.772592,-0.240194,0.095814,0.222813,0.061996,0.263532,0.328847,-0.618678,-0.66746,0.579025,0.260257,-0.357915,0.23958,-0.89018,-0.325124,0.206599
2026-03-27T17:06:27.612340+00:00,3.01192,1774631187612340100,0.114241,0.723701,-0.233821,0.576746,-0.118485,-0.771424,-0.241007,0.096374,0.218429,0.062977,0.259693,0.326539,-0.613961,-0.666394,0.579218,0.252112,-0.373191,0.246619,-0.892261,-0.313166,0.221611
2026-03-27T17:06:27.629643+00:00,3.029223,1774631187629643300,0.115222,0.723417,-0.233955,0.577944,-0.118296,-0.770845,-0.242061,0.09707,0.214199,0.063875,0.254588,0.32628,-0.613675,-0.669851,0.578543,0.243747,-0.388003,0.254216,-0.890204,-0.300981,0.232999
2026-03-27T17:06:27.646587+00:00,3.046167,1774631187646587400,0.116173,0.723148,-0.23411,0.579745,-0.117897,-0.769025,-0.243059,0.097768,0.210266,0.064606,0.249636,0.326294,-0.614653,-0.67329,0.577186,0.235236,-0.401779,0.260135,-0.891023,-0.290407,0.241816
2026-03-27T17:06:27.663480+00:00,3.06306,1774631187663480000,0.117206,0.722854,-0.234398,0.581613,-0.117431,-0.767155,-0.244054,0.098483,0.206499,0.065296,0.246354,0.324553,-0.612358,-0.672061,0.575429,0.226828,-0.414618,0.265846,-0.889718,-0.280485,0.248628
2026-03-27T17:06:27.680518+00:00,3.080098,1774631187680517800,0.118286,0.722556,-0.23491,0.584108,-0.116936,-0.764619,-0.244906,0.099314,0.202743,0.066079,0.242159,0.32387,-0.611772,-0.673904,0.573026,0.21822,-0.426938,0.272793,-0.88494,-0.270866,0.253807
2026-03-27T17:06:27.697554+00:00,3.097134,1774631187697554100,0.119436,0.722233,-0.23562,0.586861,-0.116549,-0.762492,-0.245911,0.100328,0.199058,0.06682,0.235824,0.32666,-0.616934,-0.682935,0.570045,0.209814,-0.438562,0.279968,-0.884596,-0.263714,0.25944
2026-03-27T17:06:27.714614+00:00,3.114194,1774631187714613800,0.120609,0.721909,-0.236451,0.589191,-0.116053,-0.760712,-0.247029,0.101386,0.19546,0.067656,0.233159,0.324562,-0.612395,-0.682385,0.566554,0.201561,-0.449642,0.289537,-0.880989,-0.257048,0.263665
2026-03-27T17:06:27.731629+00:00,3.131209,1774631187731629100,0.121805,0.721578,-0.23741,0.591733,-0.115622,-0.75876,-0.248212,0.102565,0.191945,0.068445,0.229106,0.324883,-0.612868,-0.686914,0.562718,0.193488,-0.459964,0.298108,-0.882231,-0.251469,0.268302
2026-03-27T17:06:27.748691+00:00,3.148271,1774631187748691200,0.122964,0.721271,-0.238402,0.594948,-0.115105,-0.755007,-0.2487,0.103834,0.188527,0.069351,0.226132,0.323495,-0.609644,-0.687785,0.558854,0.185288,-0.469739,0.306873,-0.880918,-0.244126,0.271007
2026-03-27T17:06:27.765639+00:00,3.165219,1774631187765639000,0.124164,0.72094,-0.239695,0.59727,-0.115626,-0.753271,-0.249319,0.105144,0.185302,0.070288,0.222302,0.322671,-0.607554,-0.689593,0.555041,0.177241,-0.478538,0.31473,-0.879445,-0.234727,0.272359
2026-03-27T17:06:27.783663+00:00,3.183243,1774631187783663200,0.125421,0.720614,-0.240991,0.599952,-0.115989,-0.750924,-0.249796,0.106527,0.182154,0.071262,0.218188,0.322712,-0.606925,-0.691386,0.550981,0.168562,-0.487994,0.322733,-0.878468,-0.225288,0.273938
2026-03-27T17:06:27.799967+00:00,3.199547,1774631187799966800,0.126522,0.720335,-0.242271,0.602057,-0.116883,-0.748995,-0.249798,0.107803,0.179465,0.072278,0.215489,0.322377,-0.60485,-0.690459,0.546914,0.161173,-0.495238,0.32938,-0.877378,-0.215675,0.276024
2026-03-27T17:06:27.817015+00:00,3.216595,1774631187817014800,0.127656,0.720055,-0.243624,0.604378,-0.117774,-0.746628,-0.249799,0.109206,0.176815,0.073427,0.212117,0.323388,-0.604384,-0.692482,0.542696,0.153628,-0.502705,0.33636,-0.87691,-0.206006,0.278599
2026-03-27T17:06:27.833987+00:00,3.233567,1774631187833987200,0.12879,0.719771,-0.244991,0.606424,-0.118793,-0.744819,-0.249781,0.110746,0.174286,0.074675,0.207076,0.327231,-0.609198,-0.701171,0.538679,0.146188,-0.509818,0.345094,-0.875814,-0.195253,0.279043
2026-03-27T17:06:27.850736+00:00,3.250316,1774631187850735700,0.129844,0.719468,-0.2464,0.607691,-0.12031,-0.744435,-0.249936,0.112305,0.171903,0.076143,0.205756,0.326273,-0.603086,-0.698034,0.534897,0.138943,-0.516092,0.347675,-0.875841,-0.187903,0.279679
2026-03-27T17:06:27.867808+00:00,3.267388,1774631187867808300,0.130903,0.719167,-0.247784,0.608956,-0.121755,-0.7432,-0.249714,0.113966,0.169688,0.077633,0.203597,0.327557,-0.600022,-0.69849,0.530983,0.131785,-0.522253,0.348124,-0.874561,-0.181029,0.281473
2026-03-27T17:06:27.884939+00:00,3.284519,1774631187884938800,0.131672,0.718994,-0.248982,0.610483,-0.123416,-0.741649,-0.249387,0.115758,0.167661,0.079248,0.201214,0.329457,-0.598117,-0.699129,0.527042,0.125752,-0.527791,0.347507,-0.876804,-0.175654,0.285154
2026-03-27T17:06:27.901904+00:00,3.301484,1774631187901904500,0.1326,0.718809,-0.250286,0.611327,-0.125018,-0.740773,-0.248897,0.1177,0.165948,0.080806,0.199247,0.33086,-0.595948,-0.699371,0.523097,0.120281,-0.533159,0.349568,-0.873891,-0.169937,0.287639
2026-03-27T17:06:27.918931+00:00,3.31851,1774631187918930500,0.133629,0.718377,-0.251661,0.611658,-0.12645,-0.740377,-0.24845,0.119896,0.164492,0.082439,0.197549,0.332044,-0.594574,-0.699602,0.519416,0.115888,-0.537815,0.349449,-0.874092,-0.166335,0.290949
2026-03-27T17:06:27.935971+00:00,3.335551,1774631187935971100,0.134468,0.718125,-0.25285,0.612296,-0.12796,-0.739691,-0.248143,0.122316,0.163294,0.084028,0.195852,0.334233,-0.595273,-0.70261,0.515735,0.111395,-0.542549,0.349494,-0.873752,-0.162459,0.294091
2026-03-27T17:06:27.953063+00:00,3.352643,1774631187953063100,0.135144,0.717844,-0.253822,0.611945,-0.129605,-0.739511,-0.247759,0.124944,0.162294,0.085677,0.193562,0.338176,-0.598603,-0.708563,0.512863,0.108623,-0.545937,0.346763,-0.876358,-0.162485,0.29686
2026-03-27T17:06:27.970587+00:00,3.370167,1774631187970587000,0.135851,0.717564,-0.254806,0.611478,-0.131397,-0.739697,-0.247412,0.127778,0.16139,0.087389,0.193007,0.340059,-0.596782,-0.709399,0.509811,0.105577,-0.54961,0.345932,-0.876194,-0.16149,0.298875
2026-03-27T17:06:27.987124+00:00,3.386704,1774631187987124100,0.136269,0.71729,-0.255359,0.609212,-0.133485,-0.741678,-0.246927,0.130656,0.160545,0.089119,0.193601,0.339785,-0.590412,-0.705935,0.507339,0.10387,-0.552217,0.34648,-0.874403,-0.163501,0.299503
2026-03-27T17:06:28.008257+00:00,3.407837,1774631188008256900,0.136828,0.716975,-0.25614,0.606871,-0.135919,-0.74333,-0.246395,0.134617,0.159569,0.091324,0.192364,0.342428,-0.587538,-0.707392,0.504099,0.101611,-0.555629,0.346532,-0.873513,-0.165393,0.300995
2026-03-27T17:06:28.025196+00:00,3.424776,1774631188025196400,0.136861,0.716819,-0.256195,0.603325,-0.138725,-0.745932,-0.245531,0.138084,0.158898,0.093052,0.191446,0.344158,-0.58552,-0.70811,0.501718,0.101096,-0.557415,0.346241,-0.87225,-0.167755,0.302822
2026-03-27T17:06:28.042284+00:00,3.441864,1774631188042283900,0.137096,0.716646,-0.256529,0.599832,-0.141286,-0.748789,-0.244291,0.141856,0.158294,0.094674,0.190906,0.345217,-0.584226,-0.709494,0.49923,0.100319,-0.559377,0.345662,-0.870252,-0.169313,0.304579
2026-03-27T17:06:28.059310+00:00,3.45889,1774631188059310300,0.13733,0.716402,-0.256834,0.596791,-0.143984,-0.751285,-0.243199,0.145902,0.157663,0.096184,0.189802,0.34706,-0.585754,-0.713702,0.496919,0.09982,-0.561071,0.343884,-0.870976,-0.171018,0.307298
2026-03-27T17:06:28.076340+00:00,3.47592,1774631188076340200,0.137459,0.716236,-0.257008,0.593684,-0.146721,-0.753977,-0.241879,0.150219,0.157015,0.097627,0.190612,0.34487,-0.580526,-0.710267,0.494668,0.09943,-0.562633,0.342541,-0.869407,-0.172415,0.30865
2026-03-27T17:06:28.093447+00:00,3.493027,1774631188093447200,0.137455,0.716124,-0.257042,0.591069,-0.149271,-0.755496,-0.240356,0.154757,0.156284,0.098958,0.190412,0.34382,-0.578491,-0.709974,0.492541,0.099244,-0.563933,0.341353,-0.868554,-0.174419,0.310459
2026-03-27T17:06:28.110458+00:00,3.510038,1774631188110457700,0.137584,0.715919,-0.257452,0.588461,-0.15203,-0.757801,-0.238847,0.159459,0.155532,0.100049,0.189966,0.343093,-0.57776,-0.709186,0.490528,0.099169,-0.564936,0.34009,-0.868649,-0.177145,0.312018
2026-03-27T17:06:28.127467+00:00,3.527047,1774631188127466900,0.13763,0.715815,-0.257663,0.586377,-0.154362,-0.75873,-0.237226,0.164314,0.154505,0.101039,0.188794,0.344073,-0.581663,-0.714854,0.488645,0.099139,-0.565859,0.338966,-0.868968,-0.180192,0.313369
2026-03-27T17:06:28.144509+00:00,3.544089,1774631188144508900,0.137669,0.715734,-0.257915,0.584316,-0.156552,-0.760278,-0.235925,0.16944,0.15328,0.101936,0.19017,0.340093,-0.577774,-0.711766,0.486877,0.099144,-0.566566,0.338332,-0.86881,-0.183173,0.31402
2026-03-27T17:06:28.161699+00:00,3.561279,1774631188161699400,0.1377,0.715694,-0.258185,0.581997,-0.158663,-0.762437,-0.234771,0.174682,0.151814,0.102752,0.190495,0.337495,-0.577339,-0.712345,0.485215,0.09928,-0.567189,0.339138,-0.86647,-0.185942,0.313786
2026-03-27T17:06:28.178630+00:00,3.57821,1774631188178629800,0.137698,0.715684,-0.258448,0.580076,-0.160634,-0.763872,-0.233525,0.179845,0.150223,0.10351,0.190268,0.335238,-0.577414,-0.713394,0.483659,0.099473,-0.567742,0.339387,-0.865673,-0.188888,0.313959
2026-03-27T17:06:28.195671+00:00,3.595251,1774631188195670600,0.137725,0.715697,-0.258789,0.578955,-0.161945,-0.764689,-0.232444,0.184984,0.148436,0.103996,0.187464,0.336198,-0.582752,-0.720847,0.482507,0.099614,-0.567945,0.338957,-0.867388,-0.192112,0.313951
2026-03-27T17:06:28.217102+00:00,3.616682,1774631188217101800,0.137683,0.71574,-0.259185,0.577238,-0.163652,-0.766177,-0.231267,0.1915,0.14562,0.105137,0.18532,0.333315,-0.581501,-0.720922,0.481216,0.099676,-0.568276,0.340338,-0.864646,-0.195334,0.311535
2026-03-27T17:06:28.233808+00:00,3.633388,1774631188233808400,0.137709,0.715811,-0.259545,0.576058,-0.164766,-0.767063,-0.230307,0.196379,0.143196,0.106031,0.183222,0.330535,-0.578273,-0.719592,0.480557,0.099685,-0.568348,0.341666,-0.863943,-0.197438,0.309158
2026-03-27T17:06:28.250830+00:00,3.65041,1774631188250829900,0.137676,0.715919,-0.259916,0.575416,-0.165734,-0.76663,-0.229114,0.201216,0.140651,0.106884,0.179164,0.330994,-0.577757,-0.722796,0.479943,0.099631,-0.56841,0.342425,-0.86639,-0.199639,0.307758
2026-03-27T17:06:28.267846+00:00,3.667426,1774631188267846200,0.137664,0.715982,-0.260363,0.574169,-0.16716,-0.768631,-0.228525,0.205789,0.137838,0.108118,0.175289,0.331441,-0.576552,-0.724378,0.479431,0.099566,-0.568449,0.344931,-0.863675,-0.200668,0.304597
2026-03-27T17:06:28.284916+00:00,3.684496,1774631188284915800,0.137657,0.71608,-0.260876,0.57365,-0.168367,-0.76921,-0.227487,0.210094,0.135025,0.109302,0.171181,0.331722,-0.574689,-0.726126,0.478992,0.099476,-0.568417,0.346071,-0.865853,-0.202593,0.303088
2026-03-27T17:06:28.301945+00:00,3.701525,1774631188301944800,0.137641,0.716192,-0.261387,0.573762,-0.169521,-0.768488,-0.226375,0.21428,0.132301,0.110432,0.166705,0.331891,-0.574687,-0.728521,0.478664,0.099416,-0.568271,0.347488,-0.866345,-0.203925,0.300704
2026-03-27T17:06:28.319008+00:00,3.718588,1774631188319008100,0.137659,0.716303,-0.261993,0.573996,-0.170508,-0.768256,-0.225328,0.218251,0.129751,0.111553,0.162769,0.331153,-0.572136,-0.728328,0.478408,0.099384,-0.568104,0.348848,-0.866372,-0.204974,0.298305
2026-03-27T17:06:28.336053+00:00,3.735633,1774631188336052800,0.137733,0.716381,-0.262608,0.574174,-0.171773,-0.768772,-0.22463,0.221884,0.127309,0.112611,0.158738,0.331466,-0.57141,-0.729109,0.478157,0.099395,-0.567963,0.351179,-0.863142,-0.20535,0.295584
2026-03-27T17:06:28.353049+00:00,3.752629,1774631188353049200,0.137907,0.716478,-0.263246,0.575047,-0.172576,-0.767871,-0.223784,0.225447,0.125031,0.113555,0.154078,0.333455,-0.572848,-0.733798,0.477939,0.099439,-0.567907,0.351648,-0.864147,-0.206549,0.295014
2026-03-27T17:06:28.370132+00:00,3.769712,1774631188370132000,0.138164,0.716561,-0.263833,0.575929,-0.173187,-0.766959,-0.22298,0.228725,0.122852,0.114439,0.151239,0.332693,-0.569867,-0.732303,0.47764,0.099517,-0.567802,0.353019,-0.86187,-0.207168,0.293618
2026-03-27T17:06:28.387172+00:00,3.786752,1774631188387171800,0.138481,0.716621,-0.264463,0.576788,-0.173604,-0.766703,-0.222541,0.231978,0.120933,0.115161,0.148558,0.332702,-0.569033,-0.733059,0.477453,0.099576,-0.567746,0.352923,-0.864504,-0.208564,0.294034
2026-03-27T17:06:28.404333+00:00,3.803913,1774631188404333000,0.138815,0.716665,-0.265011,0.577562,-0.173941,-0.766533,-0.222388,0.235001,0.1192,0.1158,0.144946,0.335845,-0.574094,-0.740679,0.477277,0.099647,-0.567645,0.354414,-0.862436,-0.208995,0.292629
2026-03-27T17:06:28.421204+00:00,3.820784,1774631188421203600,0.138976,0.716696,-0.265338,0.578886,-0.173842,-0.764443,-0.221934,0.237859,0.117939,0.116245,0.144673,0.333269,-0.571044,-0.735373,0.477214,0.099694,-0.567605,0.354545,-0.863974,-0.210263,0.292329
2026-03-27T17:06:28.440046+00:00,3.839626,1774631188440046200,0.139325,0.716684,-0.265795,0.579628,-0.174142,-0.764272,-0.221766,0.240867,0.116789,0.116589,0.143338,0.333511,-0.57526,-0.736431,0.477068,0.09974,-0.567486,0.356176,-0.861461,-0.210553,0.290605
2026-03-27T17:06:28.455739+00:00,3.855319,1774631188455738900,0.139791,0.716681,-0.266291,0.580082,-0.174374,-0.763716,-0.221642,0.24336,0.116204,0.116703,0.144145,0.329751,-0.573647,-0.729814,0.477039,0.09975,-0.567443,0.356094,-0.862538,-0.211423,0.29066
2026-03-27T17:06:28.472836+00:00,3.872417,1774631188472836700,0.140193,0.71668,-0.266632,0.580232,-0.174971,-0.764063,-0.221817,0.245999,0.115487,0.116847,0.144502,0.326836,-0.573007,-0.725278,0.476955,0.099774,-0.567296,0.356704,-0.862355,-0.212112,0.290265
2026-03-27T17:06:28.489949+00:00,3.889528,1774631188489948500,0.140549,0.716667,-0.266932,0.580679,-0.175506,-0.763579,-0.22185,0.248627,0.114718,0.116929,0.142527,0.327931,-0.579663,-0.731629,0.476955,0.099748,-0.567298,0.356791,-0.863438,-0.213037,0.290095
2026-03-27T17:06:28.507281+00:00,3.906861,1774631188507280600,0.140941,0.716643,-0.267156,0.580595,-0.175933,-0.763699,-0.221889,0.251189,0.1138,0.117135,0.141491,0.325472,-0.579662,-0.730028,0.476958,0.099722,-0.567326,0.357993,-0.861348,-0.213469,0.289041
2026-03-27T17:06:28.524158+00:00,3.923738,1774631188524157900,0.141333,0.716622,-0.26742,0.581154,-0.176327,-0.763126,-0.22186,0.253665,0.112864,0.117362,0.139283,0.323779,-0.58282,-0.731627,0.476977,0.09978,-0.567147,0.357972,-0.863195,-0.214726,0.289162
2026-03-27T17:06:28.541346+00:00,3.940926,1774631188541345700,0.14174,0.716606,-0.267626,0.581758,-0.176526,-0.761861,-0.22175,0.255942,0.111826,0.117727,0.137967,0.318842,-0.57975,-0.724614,0.477172,0.099832,-0.567188,0.358576,-0.862896,-0.215552,0.28867
2026-03-27T17:06:28.558399+00:00,3.957979,1774631188558398700,0.142163,0.716574,-0.267891,0.58223,-0.176982,-0.761368,-0.221878,0.258077,0.110689,0.118075,0.132737,0.322142,-0.590611,-0.735552,0.477361,0.099906,-0.567119,0.359069,-0.861198,-0.215953,0.287638
2026-03-27T17:06:28.575419+00:00,3.974999,1774631188575419300,0.142631,0.716515,-0.268133,0.582117,-0.177336,-0.762183,-0.222155,0.259912,0.10942,0.118564,0.129427,0.320937,-0.592677,-0.735112,0.477595,0.099981,-0.567011,0.358897,-0.861415,-0.216812,0.286965
2026-03-27T17:06:28.592388+00:00,3.991968,1774631188592388200,0.143082,0.716468,-0.268396,0.582231,-0.177638,-0.762117,-0.222308,0.26162,0.108038,0.119007,0.125313,0.321185,-0.596143,-0.737452,0.477832,0.100045,-0.566869,0.359141,-0.861964,-0.21801,0.286039
2026-03-27T17:06:28.611023+00:00,4.010603,1774631188611022900,0.14356,0.71643,-0.268641,0.582568,-0.17787,-0.761792,-0.222349,0.263223,0.10662,0.119532,0.121862,0.320302,-0.59737,-0.738137,0.478188,0.100184,-0.566854,0.35967,-0.861783,-0.219079,0.285093
2026-03-27T17:06:28.626181+00:00,4.025761,1774631188626181000,0.144041,0.716401,-0.268979,0.583546,-0.178108,-0.760756,-0.221902,0.264573,0.105408,0.119921,0.119535,0.318356,-0.595674,-0.73547,0.478377,0.100352,-0.566686,0.361715,-0.859225,-0.219797,0.283628
2026-03-27T17:06:28.648293+00:00,4.047873,1774631188648292600,0.144728,0.716385,-0.269405,0.5844,-0.178641,-0.760073,-0.221561,0.266165,0.103918,0.120284,0.117324,0.318112,-0.595855,-0.736084,0.478788,0.100617,-0.566635,0.36294,-0.858785,-0.221249,0.282292
2026-03-27T17:06:28.664874+00:00,4.064454,1774631188664873900,0.145333,0.716339,-0.269892,0.585726,-0.178607,-0.7587,-0.221587,0.267368,0.102939,0.120394,0.116085,0.319618,-0.598821,-0.741652,0.479012,0.100776,-0.566435,0.363357,-0.85922,-0.223069,0.280742
2026-03-27T17:06:28.682018+00:00,4.081597,1774631188682017500,0.145981,0.716311,-0.270383,0.587345,-0.178596,-0.757093,-0.22131,0.268533,0.102037,0.120454,0.117428,0.312987,-0.587681,-0.728758,0.479279,0.100935,-0.56633,0.36355,-0.859922,-0.224615,0.279598
2026-03-27T17:06:28.699146+00:00,4.098726,1774631188699145900,0.146493,0.71626,-0.270787,0.588856,-0.178847,-0.756137,-0.221566,0.269745,0.101329,0.120381,0.116962,0.310896,-0.586435,-0.727224,0.479465,0.101032,-0.566151,0.363566,-0.860857,-0.226078,0.278738
2026-03-27T17:06:28.716090+00:00,4.11567,1774631188716090000,0.147364,0.716056,-0.271554,0.590546,-0.179077,-0.754712,-0.222176,0.270874,0.100725,0.120291,0.114289,0.314332,-0.597905,-0.740046,0.479697,0.101115,-0.566068,0.363967,-0.859388,-0.22642,0.276802
2026-03-27T17:06:28.733160+00:00,4.132739,1774631188733159300,0.148075,0.715823,-0.272106,0.592376,-0.178963,-0.752831,-0.222682,0.272061,0.10014,0.119833,0.11515,0.308325,-0.591924,-0.732049,0.47986,0.101145,-0.565919,0.363076,-0.861945,-0.227747,0.276432
2026-03-27T17:06:28.750212+00:00,4.149792,1774631188750212200,0.148784,0.715519,-0.272695,0.594222,-0.178821,-0.751581,-0.223717,0.273258,0.099425,0.119159,0.1136,0.308513,-0.598356,-0.740206,0.480112,0.101179,-0.565891,0.363374,-0.861382,-0.228616,0.275277
2026-03-27T17:06:28.767156+00:00,4.166736,1774631188767156400,0.149531,0.715185,-0.273281,0.596104,-0.178584,-0.750308,-0.224849,0.274484,0.098596,0.118509,0.112075,0.30659,-0.601321,-0.744387,0.480235,0.10124,-0.565786,0.363583,-0.861016,-0.2296,0.274239
2026-03-27T17:06:28.784289+00:00,4.183869,1774631188784289200,0.150262,0.714808,-0.273883,0.598659,-0.177867,-0.747729,-0.226078,0.275095,0.098362,0.117786,0.117753,0.30006,-0.586812,-0.728356,0.480478,0.101268,-0.565759,0.364656,-0.859263,-0.230429,0.273058
2026-03-27T17:06:28.801167+00:00,4.200747,1774631188801167400,0.151029,0.714387,-0.274559,0.601843,-0.176747,-0.745108,-0.22797,0.275848,0.098232,0.117045,0.117292,0.301878,-0.592384,-0.734633,0.480612,0.10133,-0.565628,0.364801,-0.859594,-0.231391,0.272137
2026-03-27T17:06:28.818005+00:00,4.217585,1774631188818004800,0.151824,0.713902,-0.275315,0.605715,-0.174922,-0.741226,-0.230291,0.27646,0.098193,0.116193,0.11615,0.305672,-0.601287,-0.746055,0.480829,0.10134,-0.565554,0.364862,-0.85985,-0.231952,0.271503
2026-03-27T17:06:28.835500+00:00,4.23508,1774631188835500300,0.152715,0.713344,-0.276261,0.610549,-0.172772,-0.736997,-0.233148,0.277075,0.098178,0.115372,0.118124,0.29978,-0.591315,-0.73491,0.480966,0.101317,-0.565375,0.364506,-0.860011,-0.232627,0.271103
2026-03-27T17:06:28.852161+00:00,4.251741,1774631188852161400,0.153555,0.712786,-0.277303,0.616331,-0.170242,-0.731162,-0.235827,0.277692,0.098128,0.114415,0.11572,0.304848,-0.60423,-0.751931,0.481138,0.101287,-0.565263,0.364273,-0.858805,-0.232824,0.270323
2026-03-27T17:06:28.872832+00:00,4.272412,1774631188872832300,0.154615,0.712051,-0.278697,0.622942,-0.167305,-0.725717,-0.239801,0.278364,0.098208,0.113077,0.119437,0.291992,-0.58595,-0.728111,0.481274,0.101189,-0.565008,0.362538,-0.860908,-0.233826,0.270662
2026-03-27T17:06:28.887358+00:00,4.286938,1774631188887357700,0.155217,0.711568,-0.279661,0.627711,-0.16428,-0.720931,-0.242909,0.278849,0.098464,0.111861,0.118935,0.291702,-0.592597,-0.734127,0.481301,0.101037,-0.564737,0.361848,-0.860153,-0.2337,0.270535
2026-03-27T17:06:28.904311+00:00,4.303891,1774631188904310700,0.155819,0.711074,-0.280676,0.633035,-0.161243,-0.715577,-0.246197,0.279258,0.098662,0.110133,0.117615,0.295055,-0.607323,-0.749963,0.481372,0.10064,-0.564524,0.360693,-0.86093,-0.233624,0.270624
2026-03-27T17:06:28.921502+00:00,4.321082,1774631188921502000,0.156214,0.71076,-0.28153,0.637815,-0.158252,-0.710792,-0.2492,0.279536,0.099001,0.108271,0.119847,0.290454,-0.605527,-0.742234,0.481432,0.100199,-0.564219,0.359513,-0.861781,-0.23328,0.271004
2026-03-27T17:06:28.939422+00:00,4.339002,1774631188939421700,0.156651,0.710402,-0.282495,0.642042,-0.155781,-0.707108,-0.25169,0.279593,0.099449,0.1064,0.121882,0.284879,-0.601424,-0.730993,0.481436,0.099647,-0.563942,0.358553,-0.862674,-0.232521,0.271416
2026-03-27T17:06:28.955590+00:00,4.35517,1774631188955590000,0.157117,0.709979,-0.283474,0.645197,-0.153754,-0.703947,-0.253683,0.279692,0.099628,0.104586,0.12197,0.282223,-0.604317,-0.731422,0.48144,0.099087,-0.563577,0.357547,-0.863206,-0.231644,0.27194
2026-03-27T17:06:28.972543+00:00,4.372123,1774631188972542900,0.1573,0.709816,-0.284204,0.648452,-0.151833,-0.700711,-0.254986,0.279776,0.099586,0.102882,0.123419,0.276713,-0.599689,-0.726839,0.481427,0.098479,-0.563277,0.356512,-0.863621,-0.230442,0.272487
2026-03-27T17:06:28.989497+00:00,4.389077,1774631188989497000,0.157305,0.709763,-0.284656,0.649745,-0.150772,-0.699917,-0.256415,0.27986,0.099456,0.101254,0.122444,0.275823,-0.60519,-0.736272,0.481349,0.097884,-0.562969,0.355816,-0.863407,-0.228821,0.272848
2026-03-27T17:06:29.006656+00:00,4.406236,1774631189006655800,0.157126,0.709821,-0.284974,0.650983,-0.149995,-0.698645,-0.256998,0.279916,0.099015,0.099886,0.123296,0.274951,-0.606748,-0.746434,0.481126,0.097314,-0.56265,0.354647,-0.864135,-0.22742,0.274091
2026-03-27T17:06:29.023804+00:00,4.423384,1774631189023804400,0.157084,0.709711,-0.285351,0.65087,-0.149762,-0.698776,-0.257031,0.280023,0.098602,0.098758,0.1263,0.268114,-0.592343,-0.73395,0.480837,0.096792,-0.562415,0.353247,-0.865356,-0.226156,0.275774
2026-03-27T17:06:29.043498+00:00,4.443078,1774631189043498000,0.15688,0.709752,-0.285555,0.650837,-0.149628,-0.698852,-0.256888,0.279455,0.098722,0.09785,0.122821,0.273998,-0.604451,-0.749641,0.480417,0.096242,-0.562164,0.352163,-0.864863,-0.224348,0.277388
2026-03-27T17:06:29.059997+00:00,4.459577,1774631189059996700,0.15674,0.709773,-0.28547,0.650317,-0.150026,-0.698827,-0.255784,0.278326,0.098866,0.097463,0.124769,0.269907,-0.591715,-0.734195,0.480059,0.095888,-0.562115,0.350993,-0.864557,-0.222641,0.279007
2026-03-27T17:06:29.081533+00:00,4.481113,1774631189081533300,0.156268,0.709851,-0.285365,0.648732,-0.150626,-0.700938,-0.255253,0.276411,0.099652,0.097381,0.124284,0.2733,-0.590297,-0.736696,0.479459,0.095505,-0.562101,0.349121,-0.865862,-0.220939,0.281262
2026-03-27T17:06:29.098472+00:00,4.498052,1774631189098472300,0.155878,0.709951,-0.285188,0.646613,-0.151424,-0.703073,-0.253884,0.274003,0.100597,0.097467,0.123862,0.282128,-0.593606,-0.746126,0.479036,0.095285,-0.561973,0.347332,-0.866819,-0.21908,0.282754
2026-03-27T17:06:29.115520+00:00,4.5151,1774631189115520000,0.155569,0.710171,-0.285093,0.646089,-0.151723,-0.703587,-0.25328,0.270946,0.101822,0.098058,0.127257,0.283777,-0.579554,-0.733349,0.478748,0.095018,-0.5622,0.345234,-0.868884,-0.217384,0.28453
2026-03-27T17:06:29.132768+00:00,4.532348,1774631189132768200,0.15509,0.710505,-0.284728,0.644496,-0.152329,-0.705163,-0.252185,0.267181,0.103424,0.099181,0.12692,0.295742,-0.584611,-0.743222,0.478391,0.094791,-0.562527,0.344117,-0.868166,-0.215204,0.28509
2026-03-27T17:06:29.149692+00:00,4.549272,1774631189149692100,0.154684,0.710718,-0.284285,0.642766,-0.152996,-0.706819,-0.251527,0.262804,0.105238,0.100704,0.126506,0.307642,-0.587307,-0.749547,0.478046,0.094585,-0.562881,0.342741,-0.867323,-0.213211,0.285889
2026-03-27T17:06:29.167020+00:00,4.5666,1774631189167020300,0.154326,0.710853,-0.283738,0.640413,-0.153857,-0.709649,-0.250998,0.257658,0.1072,0.102648,0.127655,0.314687,-0.57952,-0.742182,0.477732,0.094317,-0.563337,0.340225,-0.869235,-0.211942,0.287092
2026-03-27T17:06:29.183959+00:00,4.58354,1774631189183959600,0.153977,0.710957,-0.283083,0.638465,-0.154795,-0.711113,-0.250079,0.252089,0.109113,0.104896,0.127935,0.323121,-0.572843,-0.737004,0.477464,0.094011,-0.563824,0.338732,-0.869509,-0.210328,0.287495
2026-03-27T17:06:29.201235+00:00,4.600815,1774631189201235000,0.153607,0.711047,-0.282425,0.636761,-0.155872,-0.712808,-0.249194,0.245897,0.111051,0.107549,0.127276,0.333978,-0.568263,-0.736317,0.47718,0.093666,-0.564296,0.336678,-0.871798,-0.208901,0.288411
2026-03-27T17:06:29.218345+00:00,4.617925,1774631189218344600,0.1533,0.711068,-0.281695,0.63449,-0.157123,-0.715074,-0.248361,0.239115,0.113095,0.110328,0.126931,0.343738,-0.563097,-0.731368,0.477038,0.093288,-0.564918,0.334825,-0.874245,-0.207521,0.289129
2026-03-27T17:06:29.235344+00:00,4.634924,1774631189235344300,0.152967,0.71109,-0.28091,0.632056,-0.158026,-0.716942,-0.2479,0.231816,0.115344,0.11326,0.12623,0.353923,-0.559449,-0.725788,0.476849,0.092911,-0.565444,0.334094,-0.872491,-0.205418,0.288628
2026-03-27T17:06:29.252104+00:00,4.651684,1774631189252103700,0.152635,0.711087,-0.280144,0.629915,-0.158934,-0.718942,-0.247581,0.224107,0.117675,0.116204,0.122302,0.373472,-0.571098,-0.739264,0.476762,0.092494,-0.566114,0.332052,-0.874595,-0.204132,0.289243
2026-03-27T17:06:29.269089+00:00,4.668669,1774631189269088600,0.152327,0.711079,-0.279348,0.62791,-0.159623,-0.720399,-0.247226,0.21585,0.120118,0.119319,0.123791,0.376278,-0.557299,-0.718629,0.47665,0.092051,-0.566694,0.330435,-0.874963,-0.202367,0.289201
2026-03-27T17:06:29.285893+00:00,4.685473,1774631189285893400,0.15202,0.711072,-0.278565,0.625745,-0.160278,-0.72263,-0.246931,0.207301,0.122632,0.122363,0.121178,0.390128,-0.561765,-0.71993,0.476547,0.091608,-0.567384,0.328375,-0.876857,-0.200689,0.290056
2026-03-27T17:06:29.302997+00:00,4.702577,1774631189302996800,0.15173,0.711061,-0.277743,0.623666,-0.161131,-0.724329,-0.246364,0.198328,0.125339,0.125435,0.117356,0.40751,-0.573148,-0.727019,0.476349,0.091156,-0.568001,0.326453,-0.878446,-0.198545,0.290609
2026-03-27T17:06:29.320102+00:00,4.719682,1774631189320102000,0.151427,0.711063,-0.276922,0.621561,-0.161855,-0.726325,-0.245956,0.188949,0.128148,0.128392,0.11556,0.417701,-0.575603,-0.721643,0.476207,0.09066,-0.568724,0.324498,-0.88007,-0.196433,0.291278
2026-03-27T17:06:29.337036+00:00,4.736616,1774631189337036200,0.151137,0.711056,-0.276074,0.61964,-0.162689,-0.727649,-0.245521,0.179343,0.130982,0.131364,0.116846,0.415824,-0.560547,-0.695728,0.476002,0.090152,-0.569322,0.322806,-0.879382,-0.193298,0.290873
2026-03-27T17:06:29.354034+00:00,4.753614,1774631189354034500,0.150876,0.711037,-0.275136,0.617293,-0.163502,-0.729251,-0.245086,0.169034,0.133775,0.134147,0.112813,0.432332,-0.569044,-0.698426,0.475846,0.089665,-0.569999,0.320488,-0.88094,-0.190445,0.290977
2026-03-27T17:06:29.370989+00:00,4.770568,1774631189370988500,0.150599,0.711008,-0.274202,0.615336,-0.164382,-0.730651,-0.244668,0.158286,0.136523,0.136717,0.110212,0.445009,-0.570921,-0.691384,0.475679,0.089278,-0.570655,0.317522,-0.884371,-0.188449,0.291846
2026-03-27T17:06:29.388171+00:00,4.787751,1774631189388171300,0.150511,0.710927,-0.273418,0.612692,-0.16532,-0.732756,-0.244423,0.146949,0.139112,0.138982,0.109449,0.44982,-0.561978,-0.671443,0.475518,0.08901,-0.571381,0.315928,-0.884972,-0.186389,0.291685
2026-03-27T17:06:29.405104+00:00,4.804684,1774631189405104000,0.150323,0.710812,-0.272409,0.609858,-0.166514,-0.735635,-0.244784,0.135704,0.141409,0.141051,0.103281,0.47639,-0.581169,-0.684543,0.475304,0.088885,-0.57204,0.315652,-0.883008,-0.184659,0.29051
2026-03-27T17:06:29.422082+00:00,4.821662,1774631189422081900,0.149901,0.710735,-0.271186,0.607703,-0.167305,-0.736646,-0.244694,0.124673,0.143272,0.142862,0.103343,0.47323,-0.564987,-0.65788,0.475125,0.088837,-0.572734,0.313918,-0.887105,-0.184808,0.29095
2026-03-27T17:06:29.438967+00:00,4.838547,1774631189438966600,0.149624,0.710607,-0.270063,0.604782,-0.168239,-0.739067,-0.245105,0.113646,0.144751,0.14456,0.098518,0.490081,-0.573138,-0.660906,0.474877,0.088869,-0.573401,0.314933,-0.883326,-0.184041,0.28894
2026-03-27T17:06:29.456078+00:00,4.855658,1774631189456077600,0.149343,0.710404,-0.268933,0.601853,-0.168936,-0.740915,-0.245431,0.102692,0.145879,0.146052,0.097357,0.486831,-0.558229,-0.638139,0.474651,0.08887,-0.574162,0.314202,-0.88612,-0.184954,0.288949
2026-03-27T17:06:29.472934+00:00,4.872514,1774631189472933700,0.14903,0.710179,-0.267766,0.599609,-0.169409,-0.742053,-0.245755,0.092011,0.146693,0.14727,0.089152,0.51849,-0.584206,-0.662,0.4743,0.088838,-0.574844,0.314731,-0.885665,-0.185323,0.288122
2026-03-27T17:06:29.490053+00:00,4.889633,1774631189490053000,0.148748,0.709918,-0.266629,0.596776,-0.170133,-0.744426,-0.246266,0.081357,0.147297,0.148267,0.088273,0.511416,-0.566012,-0.635486,0.473963,0.088788,-0.575679,0.31505,-0.885321,-0.185245,0.287578
2026-03-27T17:06:29.507809+00:00,4.907389,1774631189507808800,0.148437,0.709639,-0.265415,0.593953,-0.170839,-0.746937,-0.246964,0.070532,0.147672,0.149039,0.083437,0.525581,-0.573241,-0.636394,0.473679,0.088691,-0.576295,0.314991,-0.885183,-0.184696,0.287708
2026-03-27T17:06:29.524726+00:00,4.924306,1774631189524726300,0.148052,0.709337,-0.264226,0.591873,-0.170487,-0.747563,-0.24779,0.060243,0.148112,0.149661,0.082982,0.519658,-0.557309,-0.613418,0.473183,0.088665,-0.577242,0.313963,-0.887477,-0.183772,0.288727
2026-03-27T17:06:29.544290+00:00,4.94387,1774631189544290000,0.147626,0.708998,-0.262842,0.58907,-0.170493,-0.749402,-0.248897,0.04877,0.147804,0.15022,0.080154,0.527668,-0.555561,-0.606369,0.472653,0.088204,-0.578318,0.313377,-0.887868,-0.18226,0.289143
2026-03-27T17:06:29.560909+00:00,4.960489,1774631189560908700,0.147252,0.708688,-0.261743,0.586591,-0.169928,-0.751705,-0.250401,0.039158,0.147329,0.150735,0.07227,0.56222,-0.582172,-0.632328,0.471946,0.087443,-0.579356,0.312337,-0.888392,-0.179792,0.290176
2026-03-27T17:06:29.578022+00:00,4.977602,1774631189578021700,0.146806,0.708421,-0.260559,0.584933,-0.169312,-0.751691,-0.251267,0.029416,0.146408,0.15124,0.07082,0.553649,-0.561716,-0.609094,0.471445,0.086785,-0.580482,0.312843,-0.885576,-0.176959,0.290077
2026-03-27T17:06:29.595049+00:00,4.994629,1774631189595049200,0.146402,0.708139,-0.259402,0.582421,-0.168871,-0.753948,-0.252511,0.020093,0.145232,0.151689,0.066636,0.574564,-0.570569,-0.618449,0.470964,0.086118,-0.581624,0.312413,-0.885844,-0.174674,0.291093
2026-03-27T17:06:29.611790+00:00,5.01137,1774631189611789800,0.145941,0.7079,-0.258275,0.580878,-0.168163,-0.755015,-0.253537,0.011052,0.144047,0.152133,0.063905,0.579252,-0.56328,-0.610333,0.470531,0.085482,-0.582792,0.312121,-0.887929,-0.172782,0.292635
2026-03-27T17:06:29.629004+00:00,5.028584,1774631189629004100,0.145488,0.707644,-0.257161,0.578629,-0.167573,-0.756794,-0.254659,0.002097,0.142729,0.152528,0.059864,0.588455,-0.562242,-0.607867,0.470177,0.084811,-0.584043,0.31297,-0.887072,-0.170376,0.292879
2026-03-27T17:06:29.646125+00:00,5.045705,1774631189646125200,0.144999,0.707406,-0.256048,0.577075,-0.166867,-0.757191,-0.255521,-0.006397,0.141308,0.15274,0.057478,0.576156,-0.540834,-0.584148,0.469865,0.084154,-0.585075,0.313991,-0.887226,-0.168899,0.292427
2026-03-27T17:06:29.663128+00:00,5.062708,1774631189663127700,0.144548,0.707146,-0.255029,0.574912,-0.166507,-0.759073,-0.256733,-0.014133,0.13956,0.152857,0.055794,0.567722,-0.523226,-0.568865,0.469661,0.083501,-0.585841,0.314921,-0.887769,-0.168592,0.29054
2026-03-27T17:06:29.680181+00:00,5.079761,1774631189680181100,0.144063,0.706898,-0.253969,0.573127,-0.165964,-0.760208,-0.257719,-0.021283,0.137393,0.152965,0.053555,0.570342,-0.516381,-0.566904,0.469549,0.082859,-0.586586,0.315878,-0.888078,-0.168505,0.288599
2026-03-27T17:06:29.697212+00:00,5.096791,1774631189697211300,0.143564,0.706685,-0.252978,0.571488,-0.165411,-0.760859,-0.258715,-0.027479,0.135081,0.152759,0.047121,0.615802,-0.551197,-0.610118,0.469365,0.08244,-0.586918,0.317804,-0.887215,-0.170008,0.286457
2026-03-27T17:06:29.714648+00:00,5.114228,1774631189714647800,0.143085,0.70644,-0.251991,0.569805,-0.165069,-0.762018,-0.259518,-0.033562,0.132802,0.152282,0.042326,0.635119,-0.562805,-0.625834,0.469222,0.082047,-0.587311,0.319031,-0.88912,-0.171394,0.285193
2026-03-27T17:06:29.731289+00:00,5.130869,1774631189731288900,0.142627,0.706208,-0.251075,0.568051,-0.164736,-0.762671,-0.260409,-0.03872,0.130463,0.151561,0.037277,0.677815,-0.59564,-0.665888,0.469064,0.081724,-0.587563,0.321697,-0.885757,-0.171312,0.282363
2026-03-27T17:06:29.751973+00:00,5.151553,1774631189751972600,0.142067,0.70588,-0.249982,0.566039,-0.164422,-0.763568,-0.261216,-0.044443,0.127476,0.15048,0.034513,0.692004,-0.601782,-0.678244,0.468965,0.081233,-0.587883,0.323698,-0.885616,-0.171724,0.28033
2026-03-27T17:06:29.768925+00:00,5.168505,1774631189768925100,0.141654,0.705528,-0.249286,0.564194,-0.164707,-0.765404,-0.262701,-0.048476,0.125058,0.149571,0.042387,0.548028,-0.473005,-0.537499,0.468835,0.080746,-0.588106,0.323185,-0.885786,-0.170531,0.280101
2026-03-27T17:06:29.785951+00:00,5.185531,1774631189785950600,0.14122,0.705191,-0.248544,0.56253,-0.164708,-0.766151,-0.263683,-0.052173,0.122499,0.148617,0.038244,0.567488,-0.487834,-0.558101,0.468716,0.080283,-0.588354,0.321638,-0.889375,-0.169924,0.280802
2026-03-27T17:06:29.803050+00:00,5.20263,1774631189803050000,0.140787,0.70491,-0.247981,0.561817,-0.164913,-0.766024,-0.264317,-0.055332,0.119913,0.147786,0.0235,0.817653,-0.701288,-0.809227,0.468637,0.08009,-0.58855,0.319914,-0.889065,-0.16664,0.280947
2026-03-27T17:06:29.819997+00:00,5.219577,1774631189819996600,0.140379,0.704688,-0.247353,0.56014,-0.165072,-0.76725,-0.264838,-0.058049,0.117469,0.146874,0.029091,0.582608,-0.499395,-0.580714,0.46854,0.079829,-0.589018,0.319269,-0.888613,-0.164417,0.280858
2026-03-27T17:06:29.837028+00:00,5.236608,1774631189837028300,0.13992,0.70455,-0.246728,0.559061,-0.165152,-0.767808,-0.265258,-0.060704,0.115187,0.145715,0.023586,0.655911,-0.562029,-0.65887,0.46828,0.079587,-0.58971,0.317789,-0.89277,-0.163374,0.28145
2026-03-27T17:06:29.854043+00:00,5.253623,1774631189854043300,0.139474,0.704459,-0.246062,0.557509,-0.165162,-0.768874,-0.265395,-0.0631,0.113097,0.144433,0.016165,0.883569,-0.756264,-0.893151,0.468214,0.079574,-0.590349,0.317909,-0.893368,-0.162179,0.280438
2026-03-27T17:06:29.871189+00:00,5.270769,1774631189871189100,0.139019,0.704394,-0.245352,0.555768,-0.165322,-0.770072,-0.265632,-0.065595,0.111229,0.142934,0.032185,0.412894,-0.352984,-0.420357,0.468171,0.079642,-0.590998,0.319698,-0.889737,-0.16146,0.277388
2026-03-27T17:06:29.888149+00:00,5.287729,1774631189888149500,0.138747,0.704314,-0.244768,0.553588,-0.16586,-0.772462,-0.265926,-0.067773,0.109706,0.141353,0.011252,1.110253,-0.947186,-1.136351,0.468113,0.079787,-0.59178,0.320453,-0.892336,-0.162669,0.275798
2026-03-27T17:06:29.905476+00:00,5.305056,1774631189905475800,0.138408,0.704261,-0.244017,0.55185,-0.166044,-0.772962,-0.266072,-0.0702,0.108184,0.13949,0.017269,0.6559,-0.557836,-0.674305,0.468091,0.080284,-0.592638,0.323816,-0.889151,-0.163996,0.27253
2026-03-27T17:06:29.922336+00:00,5.321916,1774631189922336000,0.137962,0.704178,-0.243141,0.55031,-0.16651,-0.773987,-0.266048,-0.072527,0.106676,0.137647,0.019191,0.518924,-0.439247,-0.535253,0.468094,0.08078,-0.593607,0.32629,-0.890075,-0.166678,0.271181
2026-03-27T17:06:29.939389+00:00,5.338969,1774631189939388800,0.137613,0.704009,-0.242353,0.548656,-0.167121,-0.774477,-0.26614,-0.07495,0.105457,0.135796,0.005652,1.528674,-1.289932,-1.580915,0.468032,0.081301,-0.594644,0.329417,-0.888321,-0.169165,0.269401
2026-03-27T17:06:29.956360+00:00,5.35594,1774631189956359800,0.137386,0.703786,-0.241684,0.546985,-0.167775,-0.775695,-0.26666,-0.077383,0.104491,0.134054,0.014942,0.521929,-0.437857,-0.539315,0.467921,0.081619,-0.595782,0.332243,-0.8872,-0.17108,0.268118
2026-03-27T17:06:29.975632+00:00,5.375212,1774631189975632400,0.137177,0.703523,-0.240948,0.545914,-0.168036,-0.775459,-0.266933,-0.080202,0.103539,0.132181,1e-06,7076.29323,-5896.240473,-7303.908467,0.467778,0.081819,-0.597003,0.335096,-0.885472,-0.171874,0.267076
2026-03-27T17:06:29.991459+00:00,5.391039,1774631189991459400,0.137101,0.703287,-0.240456,0.544883,-0.168473,-0.776618,-0.267651,-0.082478,0.103055,0.130839,0.007408,0.79559,-0.659055,-0.817393,0.467556,0.081813,-0.598102,0.336245,-0.886733,-0.172281,0.267459
2026-03-27T17:06:30.008588+00:00,5.408167,1774631190008587500,0.137022,0.703083,-0.239962,0.544533,-0.168464,-0.776143,-0.267965,-0.085169,0.102744,0.129596,0.023485,0.195826,-0.161296,-0.199877,0.467141,0.081801,-0.59926,0.339063,-0.88462,-0.172056,0.267239
2026-03-27T17:06:30.025570+00:00,5.42515,1774631190025570400,0.137001,0.702903,-0.239678,0.5448,-0.16847,-0.776544,-0.268753,-0.087669,0.102586,0.128578,0.012329,0.268231,-0.220052,-0.271191,0.466664,0.081817,-0.600292,0.34195,-0.882694,-0.172255,0.267179
2026-03-27T17:06:30.042540+00:00,5.44212,1774631190042539600,0.136982,0.702753,-0.239405,0.54544,-0.168035,-0.775214,-0.269029,-0.090234,0.103226,0.127685,1e-06,1675.367355,-1382.410526,-1675.188541,0.466191,0.081837,-0.601343,0.344293,-0.881648,-0.17248,0.267456
2026-03-27T17:06:30.059646+00:00,5.459226,1774631190059645900,0.136989,0.70257,-0.239245,0.546081,-0.167819,-0.775269,-0.269848,-0.092403,0.104882,0.126885,1e-06,496.536493,-416.278839,-491.589308,0.465765,0.081861,-0.602334,0.345384,-0.883449,-0.172929,0.268317
2026-03-27T17:06:30.076690+00:00,5.47627,1774631190076689800,0.137033,0.702428,-0.239116,0.547136,-0.167102,-0.773583,-0.270494,-0.093612,0.107293,0.1266,1e-06,799.536705,-685.766339,-788.509846,0.465393,0.081962,-0.603196,0.346725,-0.883342,-0.173312,0.2681
2026-03-27T17:06:30.093752+00:00,5.493332,1774631190093751700,0.137119,0.702256,-0.239129,0.548127,-0.166868,-0.773953,-0.271484,-0.094053,0.110148,0.126291,0.01286,0.129989,-0.114324,-0.128112,0.465094,0.082044,-0.603946,0.348289,-0.88292,-0.173859,0.267359
2026-03-27T17:06:30.110972+00:00,5.510552,1774631190110971600,0.137304,0.702141,-0.239172,0.549635,-0.166319,-0.772571,-0.271975,-0.093735,0.113103,0.126384,0.008608,0.335401,-0.301979,-0.331264,0.464822,0.082147,-0.604654,0.349854,-0.882426,-0.174498,0.266479
2026-03-27T17:06:30.127946+00:00,5.527526,1774631190127946200,0.137375,0.702118,-0.239285,0.551715,-0.165896,-0.770822,-0.272388,-0.092602,0.116314,0.126743,0.007076,0.626947,-0.576961,-0.621663,0.464539,0.082712,-0.604912,0.35442,-0.879021,-0.176603,0.264674
2026-03-27T17:06:30.146543+00:00,5.546123,1774631190146542600,0.137556,0.702039,-0.239436,0.553372,-0.165359,-0.769333,-0.272878,-0.090483,0.119895,0.12719,1e-06,6768.658757,-6370.261312,-6747.037172,0.464267,0.083307,-0.6052,0.35753,-0.878566,-0.179328,0.263559
2026-03-27T17:06:30.162481+00:00,5.562061,1774631190162481500,0.137847,0.701816,-0.239541,0.555012,-0.164997,-0.767969,-0.273693,-0.087883,0.123351,0.127568,1e-06,9637.281299,-9237.989783,-9644.463658,0.464098,0.084108,-0.605281,0.360938,-0.876341,-0.18186,0.261504
2026-03-27T17:06:30.184004+00:00,5.583583,1774631190184003500,0.138112,0.701631,-0.239838,0.556844,-0.164701,-0.766992,-0.274616,-0.084014,0.12799,0.127994,0.005688,2.418183,-2.370649,-2.432591,0.464002,0.085424,-0.605346,0.365726,-0.873503,-0.185834,0.258013
2026-03-27T17:06:30.199634+00:00,5.599214,1774631190199633800,0.138277,0.701548,-0.240113,0.55839,-0.164378,-0.765157,-0.274951,-0.079748,0.132069,0.128138,0.023118,0.803477,-0.803227,-0.8127,0.463831,0.086999,-0.605555,0.370821,-0.873368,-0.190927,0.254831
2026-03-27T17:06:30.216716+00:00,5.616296,1774631190216716000,0.138503,0.701504,-0.240618,0.560233,-0.164165,-0.763733,-0.27535,-0.075058,0.136517,0.128115,0.046352,0.500233,-0.511163,-0.508818,0.463771,0.088947,-0.605557,0.378244,-0.870259,-0.196246,0.25093
2026-03-27T17:06:30.233761+00:00,5.633341,1774631190233761000,0.138765,0.701488,-0.241237,0.562446,-0.163951,-0.762096,-0.275522,-0.069789,0.141035,0.128002,0.055488,0.502483,-0.524373,-0.513513,0.463678,0.091287,-0.605614,0.387455,-0.865495,-0.201867,0.247016
2026-03-27T17:06:30.250998+00:00,5.650578,1774631190250998500,0.139093,0.701503,-0.242014,0.565125,-0.163798,-0.759624,-0.275161,-0.064036,0.145535,0.127783,0.058124,0.56424,-0.600318,-0.579408,0.463624,0.094158,-0.605753,0.397837,-0.859722,-0.208557,0.243847
2026-03-27T17:06:30.267877+00:00,5.667457,1774631190267877000,0.139514,0.701536,-0.242929,0.567193,-0.163981,-0.759202,-0.275473,-0.057909,0.14986,0.127627,0.069368,0.544601,-0.587864,-0.561904,0.463308,0.097232,-0.606052,0.408862,-0.85244,-0.215493,0.240697
2026-03-27T17:06:30.284892+00:00,5.684472,1774631190284892200,0.140033,0.701586,-0.244074,0.570538,-0.163631,-0.75656,-0.275158,-0.051373,0.153794,0.127405,0.079206,0.540977,-0.591326,-0.561907,0.46263,0.100825,-0.606459,0.419355,-0.845775,-0.224426,0.238413
2026-03-27T17:06:30.301982+00:00,5.701562,1774631190301982100,0.140588,0.701703,-0.245333,0.574596,-0.163197,-0.752928,-0.274758,-0.044229,0.157405,0.127312,0.08467,0.563603,-0.621298,-0.590221,0.461832,0.104525,-0.606964,0.429473,-0.839784,-0.233532,0.236683
2026-03-27T17:06:30.319062+00:00,5.718642,1774631190319062100,0.141333,0.701737,-0.246928,0.578858,-0.163122,-0.75045,-0.274749,-0.036702,0.160542,0.127287,0.097179,0.537723,-0.596881,-0.569039,0.460839,0.108486,-0.607382,0.438035,-0.833219,-0.243658,0.23491
2026-03-27T17:06:30.336091+00:00,5.735671,1774631190336091300,0.142105,0.701774,-0.248684,0.58424,-0.162651,-0.746081,-0.274857,-0.028681,0.163382,0.127352,0.104838,0.540027,-0.602093,-0.578079,0.459659,0.112571,-0.607804,0.447052,-0.824983,-0.253818,0.233419
2026-03-27T17:06:30.353124+00:00,5.752703,1774631190353123500,0.142846,0.701873,-0.250526,0.589713,-0.162352,-0.741515,-0.274815,-0.020439,0.165998,0.127348,0.113245,0.538325,-0.603178,-0.582827,0.458312,0.116918,-0.608116,0.455256,-0.817701,-0.26493,0.232228
2026-03-27T17:06:30.370452+00:00,5.770032,1774631190370451600,0.143748,0.701865,-0.252525,0.595036,-0.162058,-0.737289,-0.274909,-0.011863,0.168101,0.127192,0.121957,0.534954,-0.600999,-0.585683,0.457025,0.121238,-0.60843,0.463664,-0.80987,-0.275588,0.230626
2026-03-27T17:06:30.386971+00:00,5.786551,1774631190386971100,0.144825,0.70197,-0.254768,0.600186,-0.162114,-0.733715,-0.274913,-0.003287,0.170075,0.127075,0.132441,0.522783,-0.588755,-0.579302,0.455808,0.125508,-0.608229,0.469844,-0.803121,-0.287024,0.22637
2026-03-27T17:06:30.408044+00:00,5.807624,1774631190408044300,0.14601,0.70199,-0.257454,0.606878,-0.161919,-0.728344,-0.274593,0.007834,0.171993,0.126884,0.142302,0.519634,-0.586855,-0.584864,0.454358,0.130722,-0.607798,0.477469,-0.794789,-0.300896,0.221818
2026-03-27T17:06:30.425068+00:00,5.824648,1774631190425067700,0.147032,0.702003,-0.259831,0.612509,-0.161719,-0.723035,-0.274154,0.017132,0.173246,0.126721,0.147234,0.526282,-0.595249,-0.599677,0.452934,0.135179,-0.606693,0.483322,-0.788398,-0.31251,0.217418
2026-03-27T17:06:30.442076+00:00,5.841656,1774631190442076000,0.148045,0.701996,-0.26227,0.617386,-0.162231,-0.719715,-0.274045,0.026508,0.17432,0.126542,0.15546,0.51825,-0.587656,-0.598357,0.451431,0.139545,-0.605573,0.488627,-0.782021,-0.324233,0.213458
2026-03-27T17:06:30.459396+00:00,5.858975,1774631190459395500,0.149101,0.702029,-0.264787,0.622464,-0.162942,-0.715672,-0.273385,0.036261,0.175186,0.126377,0.161506,0.516294,-0.586018,-0.604576,0.449663,0.143975,-0.604299,0.493909,-0.773967,-0.336518,0.20956
2026-03-27T17:06:30.476375+00:00,5.875955,1774631190476375300,0.150092,0.702081,-0.267258,0.627945,-0.163609,-0.710073,-0.272068,0.046123,0.175853,0.126294,0.1683,0.508792,-0.579337,-0.605971,0.447509,0.148492,-0.60307,0.499189,-0.764859,-0.349018,0.208323
2026-03-27T17:06:30.493422+00:00,5.893002,1774631190493421900,0.151133,0.702063,-0.269871,0.632821,-0.164813,-0.705997,-0.271189,0.056214,0.176485,0.126179,0.172961,0.507145,-0.580479,-0.614838,0.444991,0.153101,-0.601878,0.503085,-0.757413,-0.361787,0.208875
2026-03-27T17:06:30.510528+00:00,5.910108,1774631190510528200,0.152211,0.702093,-0.272502,0.63778,-0.16607,-0.701604,-0.270353,0.06631,0.177012,0.125896,0.179922,0.49862,-0.57443,-0.614937,0.442272,0.157685,-0.600639,0.50654,-0.749083,-0.372782,0.20939
2026-03-27T17:06:30.527429+00:00,5.927009,1774631190527429000,0.153289,0.702137,-0.275136,0.642202,-0.167288,-0.697929,-0.269493,0.076445,0.177465,0.125524,0.184835,0.495669,-0.575305,-0.621849,0.439516,0.161943,-0.599688,0.509881,-0.741473,-0.382025,0.210221
2026-03-27T17:06:30.544691+00:00,5.944271,1774631190544691100,0.154389,0.70218,-0.277846,0.647189,-0.168668,-0.693457,-0.268308,0.086644,0.17783,0.125109,0.189926,0.492322,-0.575923,-0.6283,0.4367,0.166127,-0.598764,0.512905,-0.735201,-0.389417,0.211575
2026-03-27T17:06:30.561692+00:00,5.961272,1774631190561691700,0.155451,0.702212,-0.280517,0.652059,-0.170042,-0.688521,-0.266777,0.09664,0.178057,0.124675,0.196681,0.482833,-0.569975,-0.626171,0.433873,0.169839,-0.59799,0.513756,-0.731265,-0.395832,0.21328
2026-03-27T17:06:30.578718+00:00,5.978298,1774631190578717700,0.156544,0.702239,-0.283232,0.656555,-0.171928,-0.68453,-0.265368,0.106728,0.178101,0.124101,0.199639,0.479562,-0.572537,-0.633661,0.43109,0.173248,-0.597217,0.512869,-0.727178,-0.401382,0.214311
2026-03-27T17:06:30.595764+00:00,5.995344,1774631190595763700,0.157587,0.702252,-0.285891,0.66098,-0.174157,-0.680429,-0.263416,0.117158,0.178148,0.123492,0.202759,0.473297,-0.572758,-0.638912,0.428307,0.176346,-0.596444,0.510129,-0.726106,-0.40784,0.215302
2026-03-27T17:06:30.616197+00:00,6.015777,1774631190616197500,0.158852,0.702295,-0.289082,0.666192,-0.177089,-0.675902,-0.261023,0.129295,0.177771,0.122715,0.206607,0.46385,-0.571688,-0.64304,0.424953,0.179973,-0.595421,0.507713,-0.723169,-0.414701,0.215655
2026-03-27T17:06:30.633098+00:00,6.032678,1774631190633097600,0.159854,0.702282,-0.2916,0.669648,-0.179485,-0.672831,-0.259462,0.139479,0.177368,0.121975,0.209271,0.456955,-0.571654,-0.647094,0.422162,0.182858,-0.594132,0.505297,-0.722381,-0.421057,0.214941
2026-03-27T17:06:30.650208+00:00,6.049788,1774631190650208500,0.160747,0.702271,-0.293863,0.673091,-0.181219,-0.668726,-0.257481,0.149431,0.17649,0.121262,0.210717,0.452721,-0.573461,-0.654193,0.419226,0.185618,-0.592682,0.503605,-0.719658,-0.427172,0.213562
2026-03-27T17:06:30.667259+00:00,6.066838,1774631190667258500,0.161667,0.702207,-0.296132,0.675648,-0.183476,-0.666622,-0.256124,0.159352,0.175271,0.120688,0.212448,0.444052,-0.570434,-0.655983,0.416219,0.1883,-0.59111,0.500774,-0.718649,-0.433888,0.212257
2026-03-27T17:06:30.684292+00:00,6.083872,1774631190684291700,0.162523,0.70214,-0.298215,0.67808,-0.185593,-0.664158,-0.254601,0.169051,0.173685,0.120081,0.213155,0.436445,-0.569706,-0.66101,0.413214,0.19084,-0.589361,0.498476,-0.716682,-0.4397,0.210217
2026-03-27T17:06:30.701249+00:00,6.100829,1774631190701249000,0.16327,0.702066,-0.300124,0.68023,-0.187888,-0.661485,-0.253229,0.178908,0.171829,0.119159,0.214712,0.427018,-0.566569,-0.662667,0.410256,0.193245,-0.58748,0.495509,-0.716075,-0.445682,0.207903
2026-03-27T17:06:30.718281+00:00,6.117861,1774631190718280700,0.16403,0.701944,-0.301875,0.681353,-0.190428,-0.660326,-0.25193,0.188215,0.16978,0.118501,0.213557,0.42275,-0.569548,-0.671946,0.40726,0.195562,-0.585381,0.492206,-0.71615,-0.451864,0.205308
2026-03-27T17:06:30.735363+00:00,6.134944,1774631190735363600,0.164693,0.701782,-0.303394,0.682356,-0.193023,-0.658822,-0.250232,0.197524,0.167519,0.117741,0.212592,0.415878,-0.5695,-0.676867,0.404268,0.197845,-0.583239,0.489813,-0.714927,-0.457551,0.202321
2026-03-27T17:06:30.752308+00:00,6.151888,1774631190752308300,0.16535,0.701585,-0.304717,0.682318,-0.195832,-0.658843,-0.248726,0.20632,0.165256,0.11711,0.211862,0.407902,-0.568804,-0.679986,0.401137,0.200017,-0.580939,0.488243,-0.712307,-0.46228,0.199102
2026-03-27T17:06:30.769481+00:00,6.169061,1774631190769481000,0.165957,0.701403,-0.305861,0.681843,-0.198648,-0.659309,-0.247187,0.2151,0.163053,0.116197,0.210247,0.403006,-0.573614,-0.687613,0.398048,0.202228,-0.578645,0.485446,-0.711286,-0.46771,0.196364
2026-03-27T17:06:30.786351+00:00,6.185931,1774631190786351300,0.166527,0.701265,-0.306778,0.68147,-0.201204,-0.659225,-0.245346,0.22305,0.160851,0.115377,0.211334,0.394389,-0.571617,-0.687537,0.394992,0.204247,-0.57627,0.481925,-0.711694,-0.473325,0.194057
2026-03-27T17:06:30.803530+00:00,6.203111,1774631190803530600,0.167107,0.701123,-0.307615,0.680682,-0.20371,-0.660044,-0.24379,0.231045,0.158358,0.11453,0.210537,0.389028,-0.573689,-0.692632,0.391969,0.206312,-0.573943,0.478218,-0.711418,-0.479022,0.191441
2026-03-27T17:06:30.820583+00:00,6.220163,1774631190820583100,0.167673,0.700999,-0.308332,0.679998,-0.206093,-0.660719,-0.24221,0.238527,0.155627,0.113909,0.21067,0.379459,-0.567809,-0.690434,0.388919,0.208265,-0.571596,0.474999,-0.710842,-0.484047,0.188857
2026-03-27T17:06:30.837618+00:00,6.237198,1774631190837617900,0.168217,0.700887,-0.308921,0.679157,-0.207954,-0.661133,-0.240753,0.245812,0.15277,0.113302,0.206473,0.376276,-0.570756,-0.698167,0.386,0.210147,-0.569273,0.472212,-0.71005,-0.488737,0.186552
2026-03-27T17:06:30.856140+00:00,6.25572,1774631190856140000,0.168812,0.700797,-0.309571,0.678376,-0.210095,-0.661786,-0.239294,0.252869,0.149771,0.112709,0.203184,0.370994,-0.571455,-0.701316,0.382909,0.212185,-0.566803,0.469043,-0.709266,-0.493861,0.184059
2026-03-27T17:06:30.872746+00:00,6.272326,1774631190872745800,0.169309,0.700698,-0.309999,0.677929,-0.211583,-0.662343,-0.238247,0.258906,0.146999,0.112043,0.200243,0.367192,-0.574545,-0.705801,0.38042,0.213796,-0.564585,0.46636,-0.708297,-0.498026,0.181345
2026-03-27T17:06:30.889569+00:00,6.289149,1774631190889569400,0.169776,0.700621,-0.310346,0.677127,-0.212958,-0.663185,-0.237332,0.264544,0.144146,0.111552,0.198115,0.362239,-0.574695,-0.707834,0.377985,0.215424,-0.562383,0.463481,-0.707945,-0.501997,0.178713
2026-03-27T17:06:30.906573+00:00,6.306153,1774631190906572800,0.170195,0.700559,-0.310657,0.67683,-0.214394,-0.663463,-0.236307,0.269941,0.141063,0.111025,0.194023,0.359906,-0.579067,-0.71568,0.375687,0.217023,-0.560238,0.460257,-0.708144,-0.506161,0.176261
2026-03-27T17:06:30.923359+00:00,6.322939,1774631190923358900,0.170796,0.700515,-0.311114,0.676511,-0.215325,-0.663338,-0.235277,0.27481,0.13799,0.110729,0.192822,0.352201,-0.573118,-0.710738,0.373501,0.218464,-0.558239,0.457322,-0.708205,-0.509342,0.174048
2026-03-27T17:06:30.940461+00:00,6.340041,1774631190940460800,0.171349,0.700452,-0.311481,0.675825,-0.216488,-0.664491,-0.234508,0.279152,0.13474,0.110534,0.188479,0.349888,-0.575092,-0.715963,0.37149,0.21992,-0.556272,0.454462,-0.707944,-0.512262,0.17195
2026-03-27T17:06:30.957410+00:00,6.35699,1774631190957409900,0.171837,0.700397,-0.311744,0.675279,-0.217316,-0.665015,-0.233866,0.283175,0.131437,0.110387,0.18475,0.34561,-0.573649,-0.71681,0.36962,0.221198,-0.55442,0.451789,-0.707922,-0.514967,0.170037
2026-03-27T17:06:30.974454+00:00,6.374034,1774631190974454100,0.172253,0.700361,-0.311988,0.675186,-0.218076,-0.664594,-0.233156,0.286851,0.127925,0.110104,0.179586,0.343253,-0.575441,-0.721962,0.368022,0.222419,-0.552625,0.448479,-0.709579,-0.518546,0.168533
2026-03-27T17:06:30.991480+00:00,6.39106,1774631190991479800,0.172705,0.700294,-0.312281,0.674443,-0.219207,-0.665877,-0.232822,0.290177,0.124436,0.109967,0.175347,0.339558,-0.574772,-0.723544,0.366614,0.223549,-0.550937,0.446268,-0.709336,-0.520318,0.16655
2026-03-27T17:06:31.008547+00:00,6.408127,1774631191008546700,0.173127,0.700263,-0.312483,0.674403,-0.219963,-0.665434,-0.231884,0.292983,0.121131,0.109822,0.170283,0.337119,-0.576299,-0.727025,0.365396,0.224642,-0.549324,0.444452,-0.708476,-0.521793,0.164505
2026-03-27T17:06:31.025545+00:00,6.425125,1774631191025544800,0.173537,0.700224,-0.312705,0.674351,-0.220741,-0.66548,-0.231264,0.295391,0.118062,0.109656,0.166429,0.33306,-0.574713,-0.725508,0.364441,0.225683,-0.547764,0.441877,-0.709766,-0.524465,0.162876
2026-03-27T17:06:31.042979+00:00,6.442559,1774631191042979400,0.173969,0.700175,-0.312878,0.674036,-0.221567,-0.665734,-0.230659,0.297655,0.115023,0.109443,0.162047,0.330363,-0.575053,-0.727278,0.363549,0.22673,-0.54621,0.439734,-0.709907,-0.526612,0.161146
2026-03-27T17:06:31.059824+00:00,6.459404,1774631191059823800,0.174375,0.700145,-0.313023,0.673684,-0.222299,-0.666135,-0.230189,0.299348,0.11226,0.109219,0.158556,0.328297,-0.574978,-0.72857,0.362965,0.227613,-0.544895,0.438175,-0.709802,-0.528463,0.159778
2026-03-27T17:06:31.081131+00:00,6.480711,1774631191081130900,0.174858,0.700119,-0.313253,0.673841,-0.223111,-0.666014,-0.22925,0.300954,0.109039,0.108895,0.154088,0.330423,-0.577875,-0.736451,0.36236,0.228682,-0.543301,0.436428,-0.709327,-0.530161,0.158049
2026-03-27T17:06:31.097755+00:00,6.497335,1774631191097754700,0.175255,0.700109,-0.313375,0.673834,-0.223761,-0.666036,-0.228572,0.301989,0.106824,0.108614,0.150972,0.332513,-0.578075,-0.741699,0.362059,0.22945,-0.542081,0.435034,-0.709202,-0.531489,0.156981
2026-03-27T17:06:31.115032+00:00,6.514612,1774631191115032400,0.175643,0.700087,-0.313505,0.67402,-0.224205,-0.665807,-0.228228,0.302805,0.104759,0.108285,0.152095,0.326249,-0.563675,-0.727942,0.361895,0.230123,-0.540955,0.433449,-0.709415,-0.532787,0.156172
2026-03-27T17:06:31.131878+00:00,6.531458,1774631191131877900,0.176015,0.700091,-0.313545,0.674076,-0.22445,-0.665803,-0.227967,0.303629,0.103157,0.107809,0.149697,0.329506,-0.567444,-0.735612,0.361856,0.2307,-0.539918,0.432206,-0.70994,-0.532882,0.155316
2026-03-27T17:06:31.148850+00:00,6.54843,1774631191148850100,0.176343,0.700075,-0.313605,0.674559,-0.224363,-0.665321,-0.227606,0.304299,0.101893,0.107209,0.149354,0.328749,-0.566017,-0.733783,0.361716,0.231193,-0.538984,0.430351,-0.711291,-0.533601,0.154823
2026-03-27T17:06:31.165619+00:00,6.565199,1774631191165618600,0.176647,0.700096,-0.313596,0.675188,-0.224286,-0.664694,-0.227239,0.304951,0.10089,0.10648,0.147923,0.330493,-0.569756,-0.737861,0.361865,0.23165,-0.538108,0.429082,-0.711818,-0.534129,0.154332
2026-03-27T17:06:31.182587+00:00,6.582167,1774631191182587200,0.17695,0.700114,-0.313574,0.675274,-0.224335,-0.665098,-0.227338,0.305692,0.099905,0.105675,0.149551,0.326073,-0.563201,-0.729093,0.362184,0.232098,-0.53725,0.42833,-0.711852,-0.533774,0.153826
2026-03-27T17:06:31.199640+00:00,6.59922,1774631191199640200,0.177175,0.700193,-0.313502,0.675796,-0.223641,-0.664097,-0.227407,0.306488,0.098837,0.104802,0.146424,0.331164,-0.573401,-0.743072,0.362663,0.232503,-0.536441,0.426923,-0.712976,-0.534724,0.153693
2026-03-27T17:06:31.216445+00:00,6.616025,1774631191216445100,0.177396,0.700256,-0.313307,0.675821,-0.223156,-0.664565,-0.227888,0.307307,0.097647,0.103963,0.146188,0.328371,-0.570344,-0.740569,0.363179,0.232858,-0.535808,0.4256,-0.71422,-0.535169,0.153599
2026-03-27T17:06:31.233558+00:00,6.633138,1774631191233558000,0.177585,0.700349,-0.312951,0.675984,-0.222283,-0.664484,-0.228213,0.308039,0.096344,0.103109,0.145281,0.325964,-0.567488,-0.738551,0.363844,0.23322,-0.535152,0.424896,-0.714698,-0.53516,0.153342
2026-03-27T17:06:31.250992+00:00,6.650571,1774631191250991500,0.177708,0.700452,-0.312576,0.676022,-0.22137,-0.664422,-0.22862,0.308833,0.094963,0.102177,0.143669,0.324646,-0.565961,-0.739526,0.364547,0.233639,-0.534611,0.425066,-0.713251,-0.534272,0.152931
2026-03-27T17:06:31.267680+00:00,6.66726,1774631191267679800,0.177825,0.70056,-0.312191,0.676188,-0.22053,-0.664204,-0.228746,0.309486,0.093652,0.101199,0.141224,0.325416,-0.569451,-0.746347,0.365309,0.234047,-0.534084,0.424267,-0.71376,-0.535821,0.153075
2026-03-27T17:06:31.288317+00:00,6.687897,1774631191288316600,0.177976,0.700664,-0.311689,0.675705,-0.219718,-0.665272,-0.229408,0.310273,0.092217,0.099871,0.139159,0.325119,-0.572432,-0.751344,0.36622,0.234564,-0.533523,0.42355,-0.714355,-0.537747,0.15335
2026-03-27T17:06:31.304706+00:00,6.704286,1774631191304705900,0.178038,0.700777,-0.311372,0.676025,-0.219041,-0.664826,-0.229452,0.310572,0.091292,0.098757,0.142909,0.32092,-0.563899,-0.741655,0.36707,0.235024,-0.533184,0.424336,-0.711885,-0.537315,0.152841
2026-03-27T17:06:31.321624+00:00,6.721204,1774631191321623600,0.178114,0.700877,-0.31105,0.676223,-0.21853,-0.665121,-0.229664,0.310682,0.09096,0.097538,0.142711,0.323739,-0.568147,-0.746322,0.368001,0.235462,-0.532829,0.423687,-0.71251,-0.5383,0.153012
2026-03-27T17:06:31.338819+00:00,6.738399,1774631191338818600,0.178178,0.701016,-0.310797,0.676473,-0.217788,-0.664909,-0.229556,0.311068,0.090948,0.096389,0.142268,0.32555,-0.570533,-0.748935,0.368977,0.235878,-0.532526,0.423707,-0.711098,-0.53808,0.153258
2026-03-27T17:06:31.355920+00:00,6.7555,1774631191355920200,0.178237,0.701143,-0.310552,0.676682,-0.217375,-0.665191,-0.229674,0.311604,0.09093,0.095269,0.142283,0.326108,-0.571507,-0.750206,0.37001,0.236238,-0.532357,0.422787,-0.71173,-0.539014,0.154057
2026-03-27T17:06:31.373122+00:00,6.772702,1774631191373122400,0.178251,0.701301,-0.310354,0.677414,-0.216851,-0.664474,-0.229422,0.31209,0.090924,0.09418,0.14533,0.32019,-0.56151,-0.73774,0.371183,0.236544,-0.532137,0.421973,-0.712299,-0.539863,0.154641
2026-03-27T17:06:31.390179+00:00,6.789759,1774631191390178900,0.178245,0.701445,-0.310141,0.678229,-0.216287,-0.663676,-0.229061,0.312657,0.090896,0.093037,0.14411,0.324132,-0.569203,-0.748911,0.372367,0.236881,-0.531971,0.421891,-0.711734,-0.539414,0.155132
2026-03-27T17:06:31.406964+00:00,6.806544,1774631191406963700,0.178229,0.70157,-0.309956,0.678501,-0.216013,-0.663462,-0.229,0.313111,0.090648,0.091893,0.145492,0.321348,-0.565781,-0.746452,0.373636,0.237162,-0.531721,0.421686,-0.712001,-0.539819,0.155873
2026-03-27T17:06:31.423803+00:00,6.823383,1774631191423802700,0.178227,0.701714,-0.309762,0.678955,-0.215321,-0.663437,-0.229157,0.313658,0.090222,0.090687,0.145492,0.3203,-0.56717,-0.750565,0.374954,0.237509,-0.531485,0.421755,-0.710873,-0.540192,0.15626
2026-03-27T17:06:31.441144+00:00,6.840725,1774631191441144700,0.178175,0.701885,-0.309536,0.679185,-0.214679,-0.663312,-0.229172,0.314147,0.089669,0.0893,0.145353,0.319556,-0.569448,-0.756626,0.376416,0.23782,-0.531081,0.421761,-0.71051,-0.540843,0.156766
2026-03-27T17:06:31.458126+00:00,6.857706,1774631191458126200,0.178203,0.702121,-0.309325,0.679375,-0.21374,-0.663615,-0.229095,0.314486,0.089116,0.08784,0.149025,0.311024,-0.558185,-0.744317,0.378081,0.238192,-0.530653,0.422204,-0.708956,-0.541844,0.156545
2026-03-27T17:06:31.475520+00:00,6.8751,1774631191475519700,0.17811,0.702389,-0.309085,0.679591,-0.21293,-0.663575,-0.228923,0.314797,0.088717,0.086256,0.14943,0.30839,-0.557934,-0.745577,0.379891,0.2385,-0.530096,0.422333,-0.707659,-0.542755,0.156506
2026-03-27T17:06:31.492046+00:00,6.891626,1774631191492046300,0.178011,0.702685,-0.308888,0.679942,-0.21206,-0.66344,-0.228623,0.315004,0.088369,0.084667,0.14683,0.309904,-0.565851,-0.757542,0.381829,0.238588,-0.529775,0.421419,-0.708531,-0.545384,0.15674
2026-03-27T17:06:31.512878+00:00,6.912458,1774631191512878300,0.177866,0.70303,-0.308604,0.680182,-0.2111,-0.663588,-0.22837,0.315467,0.0876,0.082651,0.145845,0.304069,-0.564541,-0.761172,0.384298,0.238882,-0.529057,0.421354,-0.707475,-0.546819,0.156692
2026-03-27T17:06:31.527918+00:00,6.927498,1774631191527917700,0.177762,0.703279,-0.308486,0.680627,-0.210396,-0.663299,-0.228219,0.315471,0.087419,0.081335,0.148032,0.301151,-0.55941,-0.757553,0.386986,0.239097,-0.528442,0.422227,-0.706457,-0.545145,0.156025
2026-03-27T17:06:31.544807+00:00,6.944387,1774631191544807100,0.177665,0.703547,-0.308344,0.681,-0.209692,-0.663539,-0.228209,0.315424,0.08742,0.079998,0.149746,0.297203,-0.552774,-0.755719,0.389812,0.239101,-0.527961,0.42226,-0.707062,-0.545129,0.156297
2026-03-27T17:06:31.561937+00:00,6.961517,1774631191561937200,0.177607,0.703846,-0.308206,0.681315,-0.208716,-0.663624,-0.228304,0.315407,0.087508,0.078935,0.148825,0.299202,-0.554934,-0.770243,0.392834,0.239064,-0.52768,0.421872,-0.708257,-0.544722,0.156819
2026-03-27T17:06:31.578654+00:00,6.978234,1774631191578654200,0.177553,0.70418,-0.308081,0.682246,-0.207504,-0.662737,-0.228079,0.315309,0.087695,0.078074,0.150454,0.296925,-0.547058,-0.771305,0.3961,0.239017,-0.527411,0.422103,-0.708418,-0.543148,0.157135
2026-03-27T17:06:31.595714+00:00,6.995294,1774631191595714200,0.177566,0.704509,-0.307955,0.682688,-0.20645,-0.662819,-0.228127,0.314755,0.088521,0.077377,0.152847,0.29429,-0.536968,-0.768809,0.399534,0.238975,-0.527367,0.421629,-0.709875,-0.542457,0.157623
2026-03-27T17:06:31.612522+00:00,7.012102,1774631191612522100,0.177603,0.704855,-0.307868,0.683647,-0.205081,-0.662369,-0.228251,0.313653,0.090126,0.076767,0.153936,0.297135,-0.535522,-0.777111,0.403213,0.238815,-0.527305,0.422085,-0.709743,-0.541227,0.158099
2026-03-27T17:06:31.629441+00:00,7.029021,1774631191629441100,0.177559,0.70518,-0.307767,0.68457,-0.203612,-0.661621,-0.228394,0.312157,0.092273,0.076378,0.159052,0.296814,-0.527328,-0.772336,0.407185,0.238421,-0.527137,0.422487,-0.710097,-0.540685,0.158925
2026-03-27T17:06:31.646432+00:00,7.046012,1774631191646432200,0.177665,0.70546,-0.307683,0.685375,-0.202251,-0.661312,-0.228861,0.310071,0.095327,0.076165,0.16374,0.300743,-0.525507,-0.775961,0.411295,0.238189,-0.527131,0.422915,-0.711003,-0.540874,0.159649
2026-03-27T17:06:31.663452+00:00,7.063032,1774631191663452500,0.177855,0.705718,-0.307586,0.686641,-0.200743,-0.660067,-0.229188,0.307437,0.099052,0.07601,0.168382,0.30616,-0.52523,-0.782117,0.415723,0.237998,-0.527151,0.425142,-0.708546,-0.538347,0.158959
2026-03-27T17:06:31.680421+00:00,7.080001,1774631191680421000,0.178144,0.70593,-0.307466,0.68738,-0.199271,-0.659345,-0.229636,0.30437,0.103188,0.076342,0.174641,0.308451,-0.517337,-0.777286,0.420395,0.237843,-0.52719,0.426199,-0.709811,-0.538793,0.158317
2026-03-27T17:06:31.697267+00:00,7.096847,1774631191697267000,0.178487,0.706102,-0.307368,0.688014,-0.198027,-0.659181,-0.230364,0.30093,0.107565,0.077421,0.179501,0.31309,-0.51263,-0.777055,0.425303,0.237719,-0.527166,0.427894,-0.709596,-0.537597,0.157218
2026-03-27T17:06:31.720435+00:00,7.120015,1774631191720435300,0.178996,0.706328,-0.307184,0.688993,-0.196132,-0.658306,-0.23101,0.295289,0.113914,0.079477,0.184455,0.323417,-0.510065,-0.782955,0.432388,0.237432,-0.527139,0.429498,-0.710929,-0.537404,0.155842
2026-03-27T17:06:31.736789+00:00,7.13637,1774631191736789600,0.179366,0.706482,-0.307057,0.689861,-0.194909,-0.657552,-0.231368,0.290758,0.118671,0.081434,0.190064,0.328049,-0.502859,-0.777285,0.437773,0.237162,-0.527131,0.431485,-0.710317,-0.533938,0.154156
2026-03-27T17:06:31.754016+00:00,7.153596,1774631191754016100,0.179798,0.7066,-0.306932,0.690005,-0.193821,-0.657875,-0.231803,0.285471,0.123896,0.083934,0.195484,0.33332,-0.496368,-0.771542,0.443521,0.236757,-0.527119,0.432078,-0.712536,-0.532569,0.153221
2026-03-27T17:06:31.771137+00:00,7.170717,1774631191771137200,0.18021,0.706739,-0.306772,0.690703,-0.192762,-0.657009,-0.232108,0.279976,0.129068,0.086792,0.198623,0.341166,-0.49437,-0.770411,0.449346,0.23626,-0.527112,0.432625,-0.714459,-0.529603,0.152991
2026-03-27T17:06:31.787920+00:00,7.1875,1774631191787920000,0.180681,0.706869,-0.306612,0.690902,-0.191806,-0.657304,-0.232444,0.273935,0.134201,0.090424,0.200544,0.350034,-0.492836,-0.768725,0.455258,0.235714,-0.527076,0.43398,-0.715188,-0.525711,0.152358
2026-03-27T17:06:31.805087+00:00,7.204667,1774631191805086700,0.181169,0.707047,-0.306409,0.691122,-0.190527,-0.657133,-0.232599,0.267265,0.139432,0.094594,0.202273,0.359259,-0.490896,-0.764978,0.461491,0.234992,-0.527006,0.435297,-0.716599,-0.521357,0.151075
2026-03-27T17:06:31.821771+00:00,7.221351,1774631191821771100,0.18167,0.707227,-0.306229,0.691345,-0.18945,-0.657414,-0.232893,0.260517,0.144351,0.09918,0.202603,0.3708,-0.491669,-0.765493,0.467778,0.234211,-0.526958,0.435929,-0.719783,-0.5183,0.149542
2026-03-27T17:06:31.838902+00:00,7.238482,1774631191838902200,0.182175,0.707435,-0.305987,0.691626,-0.188197,-0.657163,-0.232806,0.253137,0.149279,0.104303,0.20472,0.378628,-0.487039,-0.756702,0.474326,0.233285,-0.52677,0.437292,-0.722381,-0.514132,0.147766
2026-03-27T17:06:31.855841+00:00,7.255421,1774631191855841000,0.182714,0.707601,-0.305754,0.691778,-0.187204,-0.657471,-0.233272,0.245644,0.153865,0.109847,0.20505,0.389334,-0.485764,-0.752564,0.48076,0.232334,-0.526486,0.438658,-0.724341,-0.510627,0.146985
2026-03-27T17:06:31.872884+00:00,7.272464,1774631191872883600,0.183252,0.707778,-0.305453,0.691942,-0.185774,-0.657317,-0.233694,0.237681,0.158311,0.115769,0.203767,0.401826,-0.487222,-0.750659,0.487164,0.231265,-0.526111,0.440366,-0.725428,-0.50684,0.1469
2026-03-27T17:06:31.889919+00:00,7.289499,1774631191889918900,0.183849,0.707928,-0.305129,0.691615,-0.184284,-0.65811,-0.234474,0.22949,0.162482,0.122022,0.202409,0.413108,-0.487974,-0.744555,0.493586,0.230037,-0.525754,0.440482,-0.728865,-0.504566,0.147037
2026-03-27T17:06:31.906984+00:00,7.306564,1774631191906983600,0.184432,0.708086,-0.304768,0.691743,-0.182602,-0.658001,-0.235257,0.221045,0.166372,0.128503,0.201428,0.422432,-0.486786,-0.734373,0.500246,0.228676,-0.525212,0.442248,-0.729803,-0.499644,0.145943
2026-03-27T17:06:31.923965+00:00,7.323545,1774631191923965000,0.185062,0.708226,-0.304386,0.691378,-0.180977,-0.65839,-0.235973,0.212702,0.169819,0.135205,0.198953,0.432822,-0.486958,-0.727207,0.507057,0.227249,-0.524611,0.443386,-0.73393,-0.494397,0.144262
2026-03-27T17:06:31.943952+00:00,7.343531,1774631191943951500,0.185821,0.70839,-0.303963,0.691659,-0.179017,-0.658156,-0.236631,0.203036,0.173407,0.143147,0.194553,0.44769,-0.489969,-0.724807,0.514991,0.225448,-0.52373,0.444497,-0.737591,-0.487987,0.142518
2026-03-27T17:06:31.960118+00:00,7.359698,1774631191960117600,0.186517,0.708513,-0.30364,0.691931,-0.177648,-0.657798,-0.237211,0.194973,0.175931,0.14974,0.190933,0.456919,-0.490371,-0.718233,0.52131,0.223853,-0.523001,0.445343,-0.740248,-0.483173,0.142048
2026-03-27T17:06:31.977083+00:00,7.376663,1774631191977083100,0.187317,0.708606,-0.303342,0.691667,-0.176233,-0.658937,-0.238172,0.186599,0.178359,0.15656,0.187546,0.464406,-0.488777,-0.708066,0.527912,0.22207,-0.522081,0.446375,-0.743623,-0.478705,0.141034
2026-03-27T17:06:31.994324+00:00,7.393904,1774631191994323900,0.188157,0.708709,-0.303031,0.691808,-0.174607,-0.658807,-0.238937,0.178131,0.180653,0.163388,0.182147,0.477061,-0.492512,-0.705387,0.534673,0.220176,-0.520938,0.448506,-0.745484,-0.47254,0.138738
2026-03-27T17:06:32.011545+00:00,7.411125,1774631192011545000,0.189012,0.708793,-0.302726,0.691955,-0.173,-0.658712,-0.239795,0.169685,0.182534,0.170071,0.177195,0.487369,-0.49274,-0.698305,0.541419,0.218163,-0.519631,0.450006,-0.748403,-0.467018,0.136196
2026-03-27T17:06:32.028589+00:00,7.428169,1774631192028588900,0.18993,0.708883,-0.302473,0.692563,-0.171661,-0.658066,-0.240373,0.161443,0.18406,0.176557,0.170668,0.500743,-0.495721,-0.696647,0.547947,0.216103,-0.518464,0.450767,-0.752286,-0.462252,0.134427
2026-03-27T17:06:32.045632+00:00,7.445212,1774631192045632100,0.190876,0.70896,-0.302209,0.69277,-0.170384,-0.65791,-0.240905,0.153313,0.185388,0.182813,0.165881,0.508672,-0.493414,-0.687225,0.554309,0.213884,-0.517118,0.452468,-0.753783,-0.456284,0.132778
2026-03-27T17:06:32.062584+00:00,7.462164,1774631192062583800,0.19187,0.709052,-0.301931,0.693255,-0.169089,-0.657408,-0.241257,0.145356,0.186571,0.188837,0.161156,0.516565,-0.491205,-0.67887,0.560536,0.211581,-0.51574,0.453217,-0.758008,-0.450944,0.131355
2026-03-27T17:06:32.079684+00:00,7.479264,1774631192079683900,0.192867,0.709127,-0.301618,0.693355,-0.167989,-0.657383,-0.241701,0.137465,0.187537,0.194807,0.155104,0.52752,-0.491218,-0.676055,0.566757,0.2092,-0.51418,0.454187,-0.761273,-0.445024,0.129398
2026-03-27T17:06:32.096713+00:00,7.496293,1774631192096712600,0.193969,0.709202,-0.301265,0.692869,-0.166852,-0.658278,-0.242383,0.13021,0.188029,0.200427,0.149643,0.532496,-0.485976,-0.668758,0.572752,0.206774,-0.512572,0.455162,-0.7639,-0.438809,0.127851
2026-03-27T17:06:32.114550+00:00,7.51413,1774631192114550300,0.195086,0.709316,-0.300865,0.692799,-0.165705,-0.658419,-0.242886,0.123053,0.188269,0.205882,0.142483,0.544558,-0.487386,-0.670452,0.57889,0.204111,-0.51081,0.455843,-0.767156,-0.432422,0.12631
2026-03-27T17:06:32.131254+00:00,7.530834,1774631192131254400,0.196233,0.70946,-0.300413,0.692663,-0.164549,-0.658962,-0.243056,0.116617,0.188443,0.210636,0.137647,0.556237,-0.488275,-0.671297,0.584652,0.201454,-0.509152,0.455793,-0.770635,-0.425799,0.124404
2026-03-27T17:06:32.151790+00:00,7.55137,1774631192151789900,0.197615,0.709654,-0.299879,0.692297,-0.163087,-0.659576,-0.243416,0.109281,0.188848,0.215488,0.133109,0.565637,-0.48711,-0.666099,0.591534,0.198277,-0.507065,0.455834,-0.775153,-0.418175,0.122024
2026-03-27T17:06:32.166971+00:00,7.566551,1774631192166971100,0.198744,0.709843,-0.299418,0.692092,-0.161916,-0.659621,-0.243219,0.103995,0.189102,0.218832,0.131045,0.565923,-0.480985,-0.654536,0.596412,0.195898,-0.505574,0.455583,-0.779632,-0.412543,0.121422
2026-03-27T17:06:32.183753+00:00,7.583333,1774631192183752600,0.200012,0.710042,-0.298966,0.691816,-0.161017,-0.660372,-0.243428,0.098489,0.189342,0.222404,0.127244,0.5703,-0.477441,-0.648098,0.60161,0.193424,-0.503894,0.456406,-0.782208,-0.406049,0.121183
2026-03-27T17:06:32.200743+00:00,7.600323,1774631192200742600,0.201377,0.710242,-0.298496,0.691543,-0.15994,-0.660675,-0.243448,0.093403,0.189466,0.225654,0.12346,0.569577,-0.471246,-0.638124,0.606621,0.191083,-0.502184,0.456733,-0.78551,-0.400663,0.121304
2026-03-27T17:06:32.217976+00:00,7.617556,1774631192217975900,0.202771,0.710431,-0.298037,0.691305,-0.159065,-0.661417,-0.243519,0.088725,0.189495,0.228586,0.1158,0.584254,-0.479074,-0.64651,0.611374,0.189044,-0.500286,0.457444,-0.78675,-0.39591,0.120421
2026-03-27T17:06:32.234986+00:00,7.634566,1774631192234985800,0.204236,0.710582,-0.297586,0.691087,-0.158115,-0.66209,-0.243677,0.084438,0.189487,0.231154,0.109812,0.594321,-0.483231,-0.648689,0.616166,0.186995,-0.498448,0.45751,-0.789189,-0.391839,0.119565
2026-03-27T17:06:32.251928+00:00,7.651508,1774631192251928300,0.20566,0.710725,-0.297102,0.691184,-0.157094,-0.661963,-0.244067,0.080582,0.189456,0.233353,0.105095,0.604172,-0.487999,-0.652219,0.620711,0.185023,-0.496479,0.456983,-0.792199,-0.387851,0.118308
2026-03-27T17:06:32.268926+00:00,7.668506,1774631192268925600,0.20719,0.710807,-0.296587,0.690828,-0.156123,-0.662288,-0.244329,0.077136,0.189319,0.235241,0.10422,0.596185,-0.478987,-0.637359,0.625257,0.18304,-0.49455,0.457655,-0.793499,-0.382916,0.117168
2026-03-27T17:06:32.285995+00:00,7.685575,1774631192285994600,0.208748,0.710899,-0.296117,0.690639,-0.155178,-0.66287,-0.244861,0.074173,0.18919,0.236885,0.10035,0.602756,-0.482605,-0.639697,0.629718,0.181008,-0.492651,0.457604,-0.796569,-0.378242,0.116409
2026-03-27T17:06:32.302968+00:00,7.702548,1774631192302968400,0.210355,0.710952,-0.295618,0.690568,-0.154394,-0.663,-0.245216,0.071644,0.188696,0.238329,0.098337,0.598525,-0.478301,-0.631754,0.634059,0.178864,-0.490794,0.457607,-0.799174,-0.372987,0.115295
2026-03-27T17:06:32.320010+00:00,7.71959,1774631192320010100,0.211955,0.711027,-0.295095,0.690796,-0.153603,-0.662265,-0.24501,0.069576,0.187993,0.239488,0.094679,0.605433,-0.484054,-0.63772,0.638503,0.176543,-0.489038,0.457243,-0.801464,-0.366962,0.114218
2026-03-27T17:06:32.337033+00:00,7.736613,1774631192337032700,0.213609,0.711058,-0.294629,0.690292,-0.152938,-0.663297,-0.245383,0.067854,0.187191,0.240527,0.092105,0.60603,-0.484659,-0.637152,0.642798,0.174131,-0.487388,0.456021,-0.805433,-0.360802,0.113486
2026-03-27T17:06:32.354584+00:00,7.754164,1774631192354584100,0.215301,0.71105,-0.29426,0.689933,-0.152509,-0.66408,-0.245676,0.066455,0.186206,0.241376,0.087293,0.622944,-0.498035,-0.654307,0.647227,0.171549,-0.485915,0.455606,-0.808154,-0.354059,0.112992
2026-03-27T17:06:32.371120+00:00,7.7707,1774631192371119900,0.217041,0.711111,-0.293507,0.689938,-0.15179,-0.663584,-0.245793,0.065397,0.185209,0.24207,0.085889,0.615811,-0.492671,-0.646674,0.651218,0.169152,-0.484615,0.45557,-0.811977,-0.347765,0.113095
2026-03-27T17:06:32.391570+00:00,7.79115,1774631192391570000,0.219136,0.711099,-0.292794,0.689095,-0.151339,-0.66488,-0.246358,0.064453,0.18383,0.242655,0.083748,0.605893,-0.485009,-0.636468,0.655806,0.166414,-0.483188,0.457304,-0.814342,-0.340394,0.113617
2026-03-27T17:06:32.406553+00:00,7.806133,1774631192406553200,0.220732,0.711162,-0.292145,0.688697,-0.15092,-0.664782,-0.246685,0.06391,0.182723,0.243002,0.080844,0.607547,-0.487295,-0.639281,0.65925,0.164349,-0.482042,0.459461,-0.81445,-0.334734,0.113441
2026-03-27T17:06:32.423730+00:00,7.82331,1774631192423730500,0.222529,0.711151,-0.291427,0.687693,-0.150665,-0.665765,-0.247123,0.063512,0.181591,0.243304,0.079987,0.594138,-0.477868,-0.625845,0.663045,0.162078,-0.480759,0.460317,-0.81614,-0.32962,0.111931
2026-03-27T17:06:32.440602+00:00,7.840182,1774631192440602000,0.224346,0.711185,-0.290659,0.686517,-0.150298,-0.666903,-0.247607,0.063282,0.180464,0.243532,0.077353,0.593355,-0.47928,-0.626713,0.666819,0.159757,-0.47942,0.460265,-0.818998,-0.324882,0.109581
2026-03-27T17:06:32.457637+00:00,7.857217,1774631192457637500,0.22613,0.711223,-0.289885,0.685777,-0.150077,-0.667744,-0.247742,0.06323,0.179429,0.243691,0.075413,0.587193,-0.477161,-0.622382,0.670355,0.157383,-0.478029,0.460769,-0.821617,-0.320579,0.107905
2026-03-27T17:06:32.474921+00:00,7.874501,1774631192474921100,0.227819,0.711254,-0.28925,0.684791,-0.149686,-0.66874,-0.247832,0.063171,0.178381,0.24385,0.072863,0.590037,-0.481713,-0.626712,0.673862,0.155021,-0.476741,0.463017,-0.821225,-0.315377,0.105375
2026-03-27T17:06:32.491470+00:00,7.89105,1774631192491470100,0.229628,0.711264,-0.288412,0.683836,-0.149391,-0.669709,-0.247791,0.063204,0.177315,0.244009,0.067686,0.616289,-0.50488,-0.655945,0.677245,0.152703,-0.475509,0.465273,-0.82226,-0.310602,0.103065
2026-03-27T17:06:32.508494+00:00,7.908074,1774631192508493900,0.231517,0.711448,-0.28737,0.682829,-0.148971,-0.670726,-0.247895,0.063204,0.176336,0.244238,0.067535,0.59658,-0.489185,-0.635142,0.680492,0.15033,-0.474278,0.468141,-0.822944,-0.306048,0.101002
2026-03-27T17:06:32.525532+00:00,7.925112,1774631192525532100,0.23337,0.711616,-0.286435,0.681842,-0.148407,-0.671708,-0.248036,0.063214,0.175099,0.244574,0.066284,0.585073,-0.479397,-0.62346,0.683635,0.148022,-0.473218,0.471326,-0.822764,-0.301641,0.099651
2026-03-27T17:06:32.542565+00:00,7.942144,1774631192542564500,0.235189,0.711733,-0.28552,0.680826,-0.148016,-0.672717,-0.248166,0.06328,0.173868,0.24505,0.062268,0.599552,-0.490153,-0.638318,0.686598,0.14566,-0.472209,0.47408,-0.822292,-0.297302,0.098204
2026-03-27T17:06:32.559609+00:00,7.959189,1774631192559609300,0.237063,0.711823,-0.284567,0.679352,-0.147532,-0.674694,-0.248431,0.063273,0.172696,0.24553,0.059209,0.607667,-0.495942,-0.646973,0.689533,0.143268,-0.471385,0.475983,-0.823549,-0.293091,0.097191
2026-03-27T17:06:32.578090+00:00,7.97767,1774631192578089700,0.238976,0.711929,-0.283575,0.678298,-0.146881,-0.675775,-0.248543,0.063431,0.171448,0.246146,0.05979,0.576365,-0.469852,-0.613648,0.69251,0.140697,-0.470624,0.478305,-0.824363,-0.287947,0.096072
2026-03-27T17:06:32.593709+00:00,7.993289,1774631192593708700,0.240752,0.712008,-0.282638,0.676881,-0.146111,-0.677179,-0.248792,0.063653,0.170339,0.246767,0.054562,0.60542,-0.492863,-0.644468,0.695101,0.138428,-0.470082,0.480656,-0.824451,-0.282816,0.095853
2026-03-27T17:06:32.615371+00:00,8.014951,1774631192615370700,0.243097,0.712078,-0.281453,0.675621,-0.145327,-0.678423,-0.249004,0.064121,0.168888,0.247667,0.048701,0.638198,-0.518816,-0.680421,0.698353,0.135496,-0.469522,0.483052,-0.825206,-0.276515,0.096364
2026-03-27T17:06:32.631789+00:00,8.031369,1774631192631789200,0.2449,0.71208,-0.280654,0.674198,-0.145308,-0.680292,-0.249465,0.064443,0.167922,0.248347,0.048068,0.616849,-0.500937,-0.658117,0.700692,0.133393,-0.469219,0.483697,-0.826626,-0.272146,0.097173
2026-03-27T17:06:32.648548+00:00,8.048128,1774631192648547600,0.246708,0.712093,-0.279819,0.673109,-0.144975,-0.680881,-0.24956,0.064846,0.167033,0.248956,0.050694,0.560671,-0.455307,-0.598767,0.703022,0.131238,-0.468892,0.485226,-0.826741,-0.267643,0.097226
2026-03-27T17:06:32.665605+00:00,8.065185,1774631192665604600,0.248571,0.712082,-0.279005,0.672009,-0.144728,-0.681959,-0.249803,0.065462,0.166267,0.249687,0.04307,0.634897,-0.51563,-0.678964,0.705342,0.129037,-0.468527,0.4862,-0.82836,-0.263704,0.09704
2026-03-27T17:06:32.683006+00:00,8.082586,1774631192683005900,0.250443,0.712115,-0.278238,0.670991,-0.144218,-0.682519,-0.249878,0.066101,0.16563,0.250414,0.043015,0.61246,-0.497648,-0.655564,0.707611,0.126836,-0.468138,0.488374,-0.827954,-0.259236,0.095797
2026-03-27T17:06:32.699747+00:00,8.099327,1774631192699747100,0.252285,0.712117,-0.277545,0.669893,-0.143954,-0.684132,-0.250107,0.066736,0.165081,0.251184,0.04187,0.611648,-0.497597,-0.656302,0.709782,0.124704,-0.467743,0.490114,-0.828324,-0.255142,0.094676
2026-03-27T17:06:32.716885+00:00,8.116465,1774631192716884800,0.254141,0.712106,-0.276893,0.66859,-0.14369,-0.685436,-0.249964,0.067375,0.164601,0.251997,0.040007,0.6222,-0.50564,-0.668135,0.712028,0.122592,-0.467408,0.492763,-0.828104,-0.250422,0.092411
2026-03-27T17:06:32.733814+00:00,8.133394,1774631192733813700,0.25595,0.712112,-0.276269,0.668076,-0.143586,-0.685931,-0.249992,0.067948,0.164129,0.252811,0.040962,0.59012,-0.478769,-0.634186,0.714139,0.120518,-0.467012,0.494423,-0.829138,-0.246289,0.090208
2026-03-27T17:06:32.750911+00:00,8.150491,1774631192750911000,0.257771,0.712107,-0.275662,0.667128,-0.143388,-0.686874,-0.250006,0.06857,0.163708,0.253587,0.041899,0.560433,-0.453924,-0.602789,0.716166,0.118488,-0.466583,0.496378,-0.829127,-0.242385,0.088119
2026-03-27T17:06:32.768982+00:00,8.168562,1774631192768982300,0.25963,0.71209,-0.275058,0.665945,-0.143393,-0.688041,-0.250308,0.069216,0.163272,0.254423,0.029212,0.778301,-0.629321,-0.838623,0.718072,0.116488,-0.46627,0.496371,-0.830499,-0.239103,0.085986
2026-03-27T17:06:32.786750+00:00,8.18633,1774631192786749600,0.261505,0.712092,-0.274453,0.665589,-0.143216,-0.68838,-0.250336,0.069897,0.162974,0.255275,0.040049,0.543773,-0.440043,-0.587067,0.719912,0.114423,-0.465795,0.496408,-0.831939,-0.235538,0.08421
2026-03-27T17:06:32.803509+00:00,8.203089,1774631192803509200,0.263231,0.712111,-0.273967,0.664874,-0.143316,-0.689144,-0.249935,0.070632,0.162757,0.25604,0.031625,0.658291,-0.534132,-0.712139,0.721561,0.112461,-0.465106,0.495532,-0.83217,-0.23135,0.082943
2026-03-27T17:06:32.823606+00:00,8.223186,1774631192823606300,0.265291,0.71213,-0.273327,0.664281,-0.14334,-0.689786,-0.249727,0.071451,0.162639,0.256922,0.030044,0.663369,-0.540737,-0.719691,0.723382,0.110192,-0.46452,0.493959,-0.834491,-0.226862,0.081318
2026-03-27T17:06:32.840085+00:00,8.239665,1774631192840085000,0.266945,0.712119,-0.272837,0.663811,-0.143496,-0.690205,-0.249479,0.072221,0.162566,0.257588,0.035249,0.549263,-0.449099,-0.597039,0.724721,0.108386,-0.463784,0.489501,-0.838528,-0.223669,0.080825
2026-03-27T17:06:32.857189+00:00,8.256769,1774631192857189500,0.268637,0.712134,-0.272284,0.663246,-0.143665,-0.690759,-0.249348,0.072996,0.162489,0.25829,0.035927,0.524211,-0.429844,-0.57125,0.726007,0.106619,-0.463029,0.486961,-0.84088,-0.220158,0.079812
2026-03-27T17:06:32.874245+00:00,8.273825,1774631192874245300,0.270295,0.712143,-0.271658,0.662662,-0.143962,-0.691344,-0.249042,0.073805,0.162375,0.259015,0.031239,0.587213,-0.482794,-0.641765,0.727212,0.104951,-0.46217,0.484667,-0.843955,-0.217145,0.078293
2026-03-27T17:06:32.891337+00:00,8.290917,1774631192891337100,0.271909,0.712129,-0.271021,0.661526,-0.144367,-0.692978,-0.248966,0.074679,0.162252,0.259776,0.031951,0.558402,-0.460307,-0.611852,0.728404,0.103355,-0.461132,0.483415,-0.84601,-0.214265,0.075826
2026-03-27T17:06:32.908362+00:00,8.307942,1774631192908361900,0.273442,0.712115,-0.270219,0.66076,-0.144669,-0.693168,-0.24857,0.075523,0.162076,0.260617,0.030952,0.558073,-0.460329,-0.612563,0.729482,0.101807,-0.460009,0.483567,-0.845403,-0.211477,0.072949
2026-03-27T17:06:32.925408+00:00,8.324988,1774631192925408200,0.274779,0.712053,-0.269516,0.658836,-0.145084,-0.695081,-0.248887,0.076454,0.161875,0.261513,0.032746,0.506931,-0.418603,-0.557909,0.730591,0.100305,-0.458771,0.483561,-0.846683,-0.209637,0.069304
2026-03-27T17:06:32.942448+00:00,8.342028,1774631192942448100,0.276227,0.712017,-0.268473,0.657554,-0.145506,-0.695845,-0.248665,0.07745,0.161576,0.262446,0.024856,0.646171,-0.533826,-0.71286,0.731588,0.098931,-0.457548,0.483469,-0.847947,-0.208466,0.065754
2026-03-27T17:06:32.959467+00:00,8.359047,1774631192959466700,0.277757,0.71198,-0.267292,0.655518,-0.146177,-0.697986,-0.24882,0.078418,0.161235,0.26345,0.015984,0.970432,-0.801381,-1.073118,0.732482,0.097693,-0.456286,0.483294,-0.848773,-0.20775,0.062836
2026-03-27T17:06:32.976491+00:00,8.376071,1774631192976491000,0.279065,0.711884,-0.266112,0.653786,-0.146479,-0.699036,-0.248738,0.079469,0.160798,0.264597,0.03224,0.462935,-0.382207,-0.512856,0.733131,0.096596,-0.45511,0.483597,-0.848383,-0.20662,0.060484
2026-03-27T17:06:32.993502+00:00,8.393082,1774631192993502300,0.280354,0.711765,-0.264918,0.651243,-0.147098,-0.70151,-0.249269,0.080627,0.160291,0.265799,0.008746,1.627812,-1.341252,-1.80761,0.733762,0.09535,-0.453838,0.482979,-0.848927,-0.204996,0.058369
2026-03-27T17:06:33.010936+00:00,8.410516,1774631193010935600,0.281579,0.711599,-0.263594,0.649253,-0.147819,-0.702937,-0.249822,0.081867,0.159713,0.267132,0.023413,0.566977,-0.466294,-0.631194,0.7343,0.094045,-0.452626,0.481424,-0.851393,-0.202796,0.056363
2026-03-27T17:06:33.027591+00:00,8.427171,1774631193027591100,0.282735,0.711411,-0.26229,0.646994,-0.148461,-0.704868,-0.2502,0.083168,0.159156,0.268481,0.018491,0.658139,-0.540579,-0.735144,0.734909,0.092681,-0.451373,0.479888,-0.853066,-0.199498,0.054563
2026-03-27T17:06:33.048102+00:00,8.447682,1774631193048102400,0.284091,0.711127,-0.260573,0.644077,-0.149212,-0.706923,-0.25067,0.084985,0.158614,0.27024,0.02148,0.513754,-0.42237,-0.576086,0.735536,0.090993,-0.450012,0.476188,-0.855785,-0.19533,0.051734
2026-03-27T17:06:33.065466+00:00,8.465045,1774631193065465500,0.285191,0.710917,-0.259007,0.64105,-0.14991,-0.709645,-0.251322,0.086655,0.158128,0.271821,0.020152,0.504196,-0.414493,-0.566901,0.736214,0.089542,-0.448714,0.469327,-0.859746,-0.191702,0.04908
2026-03-27T17:06:33.082241+00:00,8.481821,1774631193082241100,0.286244,0.710682,-0.257479,0.638267,-0.150592,-0.711851,-0.251765,0.088388,0.157534,0.273449,0.01884,0.491191,-0.403549,-0.554029,0.736744,0.088206,-0.447571,0.463503,-0.863717,-0.188453,0.046753
2026-03-27T17:06:33.099380+00:00,8.49896,1774631193099380300,0.287316,0.710444,-0.255921,0.635419,-0.151286,-0.714091,-0.252213,0.090156,0.156928,0.275108,0.017539,0.475035,-0.390024,-0.537535,0.737203,0.087888,-0.446586,0.459186,-0.865853,-0.188352,0.048401
2026-03-27T17:06:33.116397+00:00,8.515977,1774631193116397400,0.288263,0.710227,-0.254245,0.632104,-0.152471,-0.716782,-0.252084,0.092223,0.156018,0.277253,0.017559,0.394518,-0.32254,-0.447335,0.737731,0.08787,-0.445928,0.45371,-0.869918,-0.188832,0.050852
2026-03-27T17:06:33.133527+00:00,8.533107,1774631193133527100,0.289243,0.709956,-0.252596,0.629299,-0.153285,-0.718492,-0.252547,0.094211,0.154992,0.279433,0.025736,0.205229,-0.167587,-0.233544,0.738313,0.088039,-0.445444,0.447719,-0.87277,-0.189512,0.054967
2026-03-27T17:06:33.150593+00:00,8.550173,1774631193150593100,0.290063,0.709741,-0.251136,0.626471,-0.15414,-0.72077,-0.253185,0.096319,0.153883,0.281828,1e-06,3312.587738,-2701.431513,-3784.045577,0.73876,0.088444,-0.445318,0.441193,-0.874805,-0.190396,0.061825
2026-03-27T17:06:33.167547+00:00,8.567127,1774631193167547500,0.290974,0.709445,-0.249405,0.623538,-0.154961,-0.722581,-0.253687,0.098394,0.152595,0.2844,0.010778,0.116296,-0.09471,-0.133388,0.739162,0.089371,-0.445559,0.434003,-0.877524,-0.191363,0.070619
2026-03-27T17:06:33.184661+00:00,8.584241,1774631193184661400,0.292094,0.708877,-0.247569,0.619943,-0.155969,-0.725656,-0.254692,0.100576,0.151144,0.287104,0.004106,-0.245715,0.199822,0.283203,0.739613,0.090943,-0.446855,0.425835,-0.880976,-0.191432,0.08309
2026-03-27T17:06:33.201668+00:00,8.601248,1774631193201667700,0.292963,0.70842,-0.245806,0.617112,-0.15663,-0.727461,-0.255366,0.102795,0.149524,0.289837,1e-06,-3634.557128,2948.313951,4212.930799,0.740045,0.092472,-0.44838,0.418183,-0.8824,-0.190711,0.095496
2026-03-27T17:06:33.219041+00:00,8.618621,1774631193219040700,0.293888,0.707966,-0.244115,0.614318,-0.157329,-0.729788,-0.256278,0.105124,0.147845,0.292641,1e-06,-6214.722991,5028.262734,7239.937782,0.740474,0.094324,-0.450586,0.410976,-0.883519,-0.191146,0.110356
2026-03-27T17:06:33.235892+00:00,8.635472,1774631193235892000,0.29469,0.707486,-0.242517,0.611998,-0.158021,-0.731501,-0.257062,0.107457,0.146249,0.295264,0.010774,-0.780653,0.631218,0.913256,0.740878,0.096256,-0.453257,0.40353,-0.885862,-0.192553,0.127549
2026-03-27T17:06:33.256548+00:00,8.656128,1774631193256548300,0.295649,0.706919,-0.240567,0.609373,-0.158535,-0.732396,-0.257972,0.110449,0.144315,0.298426,0.022041,-0.506651,0.410145,0.596887,0.741165,0.098928,-0.457342,0.396325,-0.885887,-0.192737,0.149381
2026-03-27T17:06:33.273597+00:00,8.673177,1774631193273596600,0.296331,0.706424,-0.239049,0.606952,-0.159054,-0.73408,-0.258973,0.113095,0.142669,0.301095,0.03008,-0.458085,0.371878,0.543827,0.741584,0.100949,-0.461281,0.390145,-0.886625,-0.190682,0.166983
2026-03-27T17:06:33.290529+00:00,8.690109,1774631193290528600,0.296932,0.705918,-0.237519,0.604436,-0.159699,-0.735528,-0.259981,0.115989,0.140954,0.303641,0.032558,-0.478691,0.389725,0.573116,0.742066,0.102455,-0.465067,0.384855,-0.885462,-0.187197,0.182158
2026-03-27T17:06:33.307536+00:00,8.707116,1774631193307535900,0.297466,0.705401,-0.236013,0.601742,-0.16043,-0.737297,-0.260881,0.119157,0.139166,0.305936,0.022782,-0.741134,0.605162,0.895492,0.742604,0.103713,-0.468793,0.380077,-0.885065,-0.183395,0.195693
2026-03-27T17:06:33.324757+00:00,8.724337,1774631193324757100,0.297944,0.704947,-0.234666,0.599218,-0.161647,-0.739401,-0.261985,0.122702,0.137184,0.308119,0.02863,-0.633922,0.519416,0.77468,0.743129,0.104359,-0.471813,0.376545,-0.885018,-0.179783,0.205122
2026-03-27T17:06:33.341984+00:00,8.741564,1774631193341984200,0.298306,0.704532,-0.233344,0.596984,-0.16262,-0.740598,-0.262297,0.126711,0.134869,0.310148,0.037601,-0.517349,0.425526,0.64174,0.743812,0.104982,-0.474402,0.373791,-0.884857,-0.176789,0.211978
2026-03-27T17:06:33.358830+00:00,8.75841,1774631193358829900,0.298583,0.704209,-0.23221,0.595355,-0.163563,-0.741208,-0.262584,0.131082,0.132616,0.311762,0.038717,-0.536089,0.443812,0.676643,0.744638,0.105219,-0.475602,0.371596,-0.887384,-0.176292,0.212921
2026-03-27T17:06:33.375811+00:00,8.775391,1774631193375811100,0.298768,0.703908,-0.231079,0.5937,-0.164799,-0.741811,-0.262911,0.135815,0.130458,0.313119,0.037896,-0.57349,0.480047,0.735663,0.745626,0.105394,-0.476303,0.372173,-0.886892,-0.17541,0.213286
2026-03-27T17:06:33.392883+00:00,8.792463,1774631193392882700,0.298928,0.70369,-0.230078,0.592235,-0.165793,-0.742899,-0.263051,0.140596,0.128586,0.314438,0.043351,-0.527942,0.449241,0.68575,0.746238,0.105526,-0.476475,0.375818,-0.885024,-0.175894,0.210762
2026-03-27T17:06:33.409854+00:00,8.809434,1774631193409853800,0.299046,0.703567,-0.229137,0.590804,-0.166727,-0.744615,-0.263005,0.14509,0.127127,0.315548,0.045364,-0.541471,0.47019,0.710292,0.746748,0.105587,-0.476329,0.381003,-0.884036,-0.177929,0.206691
2026-03-27T17:06:33.426887+00:00,8.826467,1774631193426886800,0.299097,0.703483,-0.228164,0.590006,-0.167123,-0.744858,-0.262918,0.148954,0.12591,0.316748,0.052442,-0.491859,0.435195,0.64993,0.747093,0.105751,-0.475767,0.386319,-0.881586,-0.180772,0.203437
2026-03-27T17:06:33.443965+00:00,8.843545,1774631193443964700,0.29913,0.703386,-0.22721,0.588644,-0.167389,-0.746281,-0.263148,0.152286,0.124604,0.318112,0.054359,-0.492333,0.44098,0.653179,0.74722,0.106076,-0.475188,0.391175,-0.87945,-0.184017,0.20044
2026-03-27T17:06:33.461028+00:00,8.860608,1774631193461028100,0.299108,0.703318,-0.226199,0.58782,-0.167079,-0.745887,-0.263187,0.155418,0.123109,0.319557,0.050301,-0.556482,0.5006,0.740385,0.74715,0.106222,-0.474518,0.393526,-0.87649,-0.186935,0.200261
2026-03-27T17:06:33.479740+00:00,8.87932,1774631193479739600,0.298954,0.703181,-0.22511,0.58658,-0.166986,-0.746709,-0.263668,0.158249,0.121034,0.321377,0.054259,-0.552373,0.495531,0.736019,0.746991,0.106416,-0.473913,0.39607,-0.874893,-0.189822,0.199582
2026-03-27T17:06:33.496496+00:00,8.896075,1774631193496495500,0.298955,0.703051,-0.224218,0.585217,-0.166428,-0.747969,-0.264834,0.16046,0.118994,0.322945,0.057629,-0.555173,0.492652,0.7381,0.747186,0.106444,-0.473363,0.394167,-0.875953,-0.189616,0.201757
2026-03-27T17:06:33.513716+00:00,8.913295,1774631193513715500,0.29872,0.7029,-0.223298,0.583777,-0.165932,-0.749485,-0.265543,0.162434,0.116995,0.324508,0.058283,-0.577947,0.507135,0.766714,0.747213,0.106468,-0.472788,0.393875,-0.876349,-0.189788,0.202392
2026-03-27T17:06:33.530691+00:00,8.930271,1774631193530690600,0.298499,0.70279,-0.222507,0.582251,-0.165348,-0.750521,-0.266257,0.164265,0.115124,0.325989,0.068127,-0.518372,0.451481,0.687151,0.747373,0.106576,-0.472253,0.393863,-0.877245,-0.189486,0.202799
2026-03-27T17:06:33.547865+00:00,8.947444,1774631193547864500,0.298194,0.7027,-0.221764,0.581517,-0.16493,-0.750702,-0.266479,0.165887,0.113613,0.327511,0.07113,-0.517965,0.449265,0.68668,0.747486,0.106755,-0.471843,0.395281,-0.87537,-0.189228,0.202781
2026-03-27T17:06:33.564811+00:00,8.964391,1774631193564811100,0.297963,0.702612,-0.221171,0.580116,-0.164878,-0.751578,-0.266878,0.167511,0.112411,0.328864,0.070271,-0.540187,0.467338,0.716114,0.747743,0.107051,-0.471466,0.39623,-0.874976,-0.189697,0.203016
2026-03-27T17:06:33.581909+00:00,8.981489,1774631193581909200,0.297686,0.702535,-0.220668,0.579524,-0.165065,-0.75164,-0.266871,0.168942,0.111574,0.330168,0.07001,-0.553814,0.478632,0.734635,0.748049,0.107422,-0.471131,0.396942,-0.874433,-0.190489,0.203348
2026-03-27T17:06:33.598931+00:00,8.998511,1774631193598930600,0.297482,0.702467,-0.220295,0.578916,-0.165576,-0.752023,-0.266692,0.1704,0.110971,0.331252,0.07438,-0.523126,0.452416,0.694279,0.748226,0.107932,-0.470934,0.398424,-0.873034,-0.191178,0.203866
2026-03-27T17:06:33.616072+00:00,9.015652,1774631193616071700,0.297256,0.702401,-0.219948,0.578123,-0.166043,-0.752874,-0.266803,0.171799,0.110586,0.332227,0.071845,-0.537373,0.465387,0.714394,0.748332,0.108481,-0.470753,0.399532,-0.87299,-0.192904,0.205156
2026-03-27T17:06:33.632957+00:00,9.032537,1774631193632956800,0.296963,0.70235,-0.219566,0.577195,-0.166373,-0.753248,-0.267023,0.17302,0.110435,0.33309,0.067049,-0.563774,0.488997,0.749543,0.748369,0.109078,-0.470602,0.401494,-0.870649,-0.195138,0.205589
2026-03-27T17:06:33.650742+00:00,9.050322,1774631193650741700,0.296629,0.702296,-0.219139,0.576227,-0.166597,-0.753617,-0.267256,0.174246,0.110334,0.333729,0.066926,-0.546007,0.475437,0.726514,0.748283,0.109613,-0.470339,0.403319,-0.869689,-0.198136,0.206042
2026-03-27T17:06:33.667236+00:00,9.066816,1774631193667236200,0.296244,0.70222,-0.218712,0.57468,-0.166948,-0.755285,-0.267773,0.175093,0.110397,0.334157,0.07001,-0.510611,0.446846,0.679858,0.747947,0.110059,-0.470073,0.405398,-0.868673,-0.200949,0.205965
2026-03-27T17:06:33.687484+00:00,9.087064,1774631193687483600,0.29567,0.702165,-0.21816,0.573454,-0.167053,-0.755904,-0.268277,0.176013,0.110395,0.334469,0.063523,-0.55308,0.486407,0.737202,0.747522,0.110382,-0.469732,0.408728,-0.864734,-0.203588,0.205178
2026-03-27T17:06:33.703035+00:00,9.102615,1774631193703034600,0.295085,0.702131,-0.217659,0.571942,-0.166946,-0.756896,-0.268499,0.176516,0.110374,0.334599,0.064055,-0.542444,0.478685,0.723111,0.747001,0.11067,-0.469493,0.409811,-0.864963,-0.205728,0.205373
2026-03-27T17:06:33.719744+00:00,9.119324,1774631193719743800,0.294432,0.702122,-0.217135,0.570348,-0.166685,-0.757664,-0.268767,0.176807,0.110327,0.33461,0.067903,-0.505267,0.446916,0.673566,0.746406,0.110826,-0.46928,0.410979,-0.863731,-0.207241,0.205562
2026-03-27T17:06:33.736688+00:00,9.136268,1774631193736688100,0.293755,0.702114,-0.216599,0.568787,-0.166481,-0.758676,-0.268935,0.176944,0.110287,0.334546,0.063645,-0.525448,0.464886,0.699127,0.745673,0.110914,-0.46909,0.411522,-0.862628,-0.207788,0.206373
2026-03-27T17:06:33.754108+00:00,9.153688,1774631193754108400,0.292979,0.702092,-0.216064,0.566499,-0.166464,-0.761124,-0.269376,0.176945,0.110303,0.334306,0.06095,-0.523724,0.463409,0.695649,0.744869,0.111062,-0.468874,0.411394,-0.862776,-0.208611,0.207125
2026-03-27T17:06:33.771148+00:00,9.170728,1774631193771148200,0.292211,0.702039,-0.215517,0.564758,-0.166396,-0.762292,-0.269327,0.177116,0.110187,0.333727,0.059732,-0.502541,0.445353,0.666952,0.744069,0.111601,-0.468722,0.411809,-0.862715,-0.211601,0.206422
2026-03-27T17:06:33.787986+00:00,9.187566,1774631193787985800,0.291471,0.702021,-0.214993,0.563515,-0.166351,-0.762941,-0.268938,0.176657,0.110276,0.333104,0.053498,-0.529616,0.471721,0.702913,0.743313,0.112474,-0.468602,0.414015,-0.860196,-0.215113,0.205114
2026-03-27T17:06:33.805025+00:00,9.204605,1774631193805025200,0.290691,0.701997,-0.214505,0.562134,-0.166369,-0.76375,-0.268877,0.175972,0.110685,0.332453,0.04985,-0.538623,0.482878,0.715816,0.74247,0.113789,-0.468539,0.417278,-0.85797,-0.220122,0.20327
2026-03-27T17:06:33.822022+00:00,9.221602,1774631193822022500,0.289954,0.701962,-0.213994,0.560704,-0.166421,-0.764609,-0.268921,0.175045,0.111249,0.331629,0.047664,-0.533658,0.481391,0.709084,0.741567,0.115426,-0.468479,0.421926,-0.853791,-0.225287,0.200885
2026-03-27T17:06:33.839113+00:00,9.238693,1774631193839113200,0.289182,0.701918,-0.213501,0.559177,-0.166587,-0.765608,-0.269242,0.173867,0.111987,0.330824,0.045053,-0.528335,0.47945,0.70175,0.7404,0.117566,-0.468553,0.427434,-0.850393,-0.231972,0.198819
2026-03-27T17:06:33.855954+00:00,9.255534,1774631193855954200,0.288468,0.701883,-0.213009,0.557656,-0.166834,-0.767301,-0.269785,0.172412,0.112829,0.32986,0.046701,-0.476913,0.434806,0.6322,0.739022,0.119944,-0.468835,0.432387,-0.845903,-0.239376,0.196549
2026-03-27T17:06:33.872836+00:00,9.272416,1774631193872836000,0.287688,0.701867,-0.212516,0.55684,-0.166775,-0.767557,-0.269916,0.170615,0.113754,0.329026,0.036876,-0.56784,0.519275,0.750998,0.737522,0.122377,-0.4692,0.434609,-0.844759,-0.247617,0.195226
2026-03-27T17:06:33.890935+00:00,9.290515,1774631193890935000,0.286911,0.701815,-0.211935,0.555288,-0.166692,-0.768583,-0.270243,0.168216,0.114752,0.327991,0.038043,-0.518366,0.475214,0.683273,0.735792,0.125058,-0.46981,0.437813,-0.8393,-0.255516,0.192886
2026-03-27T17:06:33.907463+00:00,9.307043,1774631193907463300,0.286144,0.701757,-0.211428,0.554507,-0.166627,-0.76878,-0.270477,0.165612,0.11575,0.327102,0.042166,-0.442112,0.405982,0.580916,0.733734,0.127716,-0.470558,0.439554,-0.836634,-0.263749,0.192471
2026-03-27T17:06:33.928507+00:00,9.328087,1774631193928506700,0.285368,0.701681,-0.210932,0.553569,-0.166479,-0.769148,-0.270982,0.161939,0.117008,0.32584,0.033248,-0.515219,0.473747,0.673569,0.730869,0.131059,-0.472092,0.442642,-0.831514,-0.273314,0.19158
2026-03-27T17:06:33.945060+00:00,9.34464,1774631193945059700,0.284514,0.701592,-0.210388,0.552658,-0.166317,-0.770022,-0.271833,0.158659,0.117881,0.324805,0.03308,-0.47554,0.437266,0.619065,0.72833,0.133632,-0.473802,0.442352,-0.830402,-0.280408,0.191074
2026-03-27T17:06:33.962296+00:00,9.361877,1774631193962296700,0.28368,0.701367,-0.20993,0.552406,-0.16583,-0.769661,-0.272563,0.155121,0.118603,0.323593,0.025727,-0.558709,0.514124,0.727113,0.72574,0.136098,-0.475494,0.442847,-0.827943,-0.285737,0.189747
2026-03-27T17:06:33.979619+00:00,9.379199,1774631193979618600,0.282895,0.701167,-0.209581,0.5522,-0.165305,-0.769709,-0.273381,0.151351,0.119166,0.322303,0.01901,-0.695901,0.640884,0.905693,0.723083,0.138376,-0.477394,0.442384,-0.827815,-0.290725,0.188602
2026-03-27T17:06:33.996371+00:00,9.395951,1774631193996371200,0.282174,0.700958,-0.209301,0.552013,-0.165019,-0.770098,-0.274554,0.147529,0.119632,0.320901,0.018877,-0.639047,0.588533,0.831699,0.720461,0.140529,-0.479337,0.442566,-0.826441,-0.295187,0.187261
2026-03-27T17:06:34.013374+00:00,9.412954,1774631194013373900,0.281473,0.700773,-0.209151,0.552004,-0.164394,-0.770339,-0.275655,0.14352,0.120012,0.319407,0.018717,-0.579188,0.533407,0.753796,0.71746,0.142684,-0.481604,0.442405,-0.824302,-0.300405,0.184818
2026-03-27T17:06:34.030481+00:00,9.430061,1774631194030481500,0.280794,0.700589,-0.209074,0.55326,-0.163761,-0.76847,-0.275973,0.139308,0.120292,0.317683,0.011826,-0.824463,0.759328,1.072581,0.714235,0.144766,-0.484027,0.442359,-0.823276,-0.305632,0.18288
2026-03-27T17:06:34.047572+00:00,9.447152,1774631194047572300,0.280128,0.700389,-0.20914,0.554301,-0.1633,-0.767458,-0.276889,0.135095,0.120475,0.315938,0.025004,-0.351804,0.324612,0.458449,0.710921,0.146781,-0.486574,0.443199,-0.820786,-0.310484,0.180415
2026-03-27T17:06:34.064652+00:00,9.464232,1774631194064651900,0.279542,0.700134,-0.209312,0.555103,-0.163204,-0.767393,-0.278019,0.130724,0.120608,0.313972,1e-06,-7980.659604,7384.866476,10418.608785,0.707292,0.148773,-0.489353,0.444437,-0.818728,-0.315701,0.177655
2026-03-27T17:06:34.081540+00:00,9.48112,1774631194081539800,0.278892,0.699922,-0.209499,0.557173,-0.162772,-0.764593,-0.278477,0.12632,0.120715,0.312009,0.008202,-0.895755,0.831959,1.171461,0.70363,0.150662,-0.492186,0.4458,-0.816429,-0.320942,0.175134
2026-03-27T17:06:34.098592+00:00,9.498171,1774631194098591500,0.27829,0.699712,-0.209755,0.558709,-0.16235,-0.763625,-0.279794,0.121681,0.120852,0.309825,1e-06,-6720.781326,6261.944771,8795.872331,0.699627,0.15239,-0.495205,0.448227,-0.813499,-0.325719,0.171698
2026-03-27T17:06:34.115681+00:00,9.515261,1774631194115680800,0.27765,0.699513,-0.210256,0.560601,-0.161964,-0.761992,-0.280683,0.116997,0.120787,0.307634,1e-06,-6188.809872,5781.203508,8098.825812,0.695629,0.154028,-0.498357,0.450288,-0.811048,-0.330636,0.168529
2026-03-27T17:06:34.132754+00:00,9.532334,1774631194132754400,0.276997,0.699316,-0.210931,0.563303,-0.161619,-0.760211,-0.28144,0.112184,0.120916,0.305301,1e-06,-5836.293101,5461.752415,7629.88627,0.691422,0.155279,-0.501792,0.451559,-0.80977,-0.334562,0.165293
2026-03-27T17:06:34.152290+00:00,9.551869,1774631194152289500,0.27623,0.69908,-0.211708,0.56602,-0.161115,-0.757981,-0.282276,0.106751,0.120594,0.302732,1e-06,-5695.417523,5336.642265,7437.735796,0.686634,0.156699,-0.505792,0.453252,-0.807623,-0.339259,0.161579
2026-03-27T17:06:34.168804+00:00,9.568384,1774631194168803600,0.275418,0.698789,-0.21246,0.568739,-0.160115,-0.75519,-0.283015,0.102055,0.120318,0.300453,1e-06,-5767.330527,5402.624607,7520.973682,0.682396,0.157328,-0.509508,0.453729,-0.807772,-0.342284,0.159024
2026-03-27T17:06:34.185830+00:00,9.58541,1774631194185829600,0.274586,0.698451,-0.213326,0.571159,-0.159455,-0.753285,-0.284108,0.097321,0.119917,0.298223,0.017518,-0.33127,0.310285,0.431307,0.678057,0.157894,-0.5135,0.454213,-0.807103,-0.344892,0.156176
2026-03-27T17:06:34.202970+00:00,9.602549,1774631194202969500,0.273706,0.698028,-0.21427,0.573917,-0.158728,-0.751118,-0.285417,0.092616,0.119515,0.295892,0.014855,-0.392649,0.367498,0.510293,0.673709,0.158292,-0.517571,0.455351,-0.805262,-0.34649,0.153614
2026-03-27T17:06:34.220199+00:00,9.619779,1774631194220199400,0.272798,0.69752,-0.215413,0.577127,-0.157957,-0.748475,-0.286837,0.087932,0.119117,0.29357,0.00331,-1.754326,1.638109,2.272364,0.669193,0.158516,-0.521992,0.456897,-0.803659,-0.347479,0.151803
2026-03-27T17:06:34.236989+00:00,9.636569,1774631194236989000,0.271887,0.696959,-0.216645,0.581005,-0.156906,-0.744495,-0.288402,0.083485,0.118704,0.29135,1e-06,-5674.794316,5282.193422,7331.162691,0.664867,0.158515,-0.526391,0.457454,-0.804084,-0.348805,0.150675
2026-03-27T17:06:34.254057+00:00,9.653637,1774631194254057400,0.27094,0.696267,-0.218176,0.5854,-0.156267,-0.740798,-0.29034,0.078987,0.118324,0.289042,0.008784,-0.617769,0.572186,0.79452,0.660463,0.158376,-0.53105,0.458985,-0.803913,-0.348929,0.150187
2026-03-27T17:06:34.271054+00:00,9.670634,1774631194271054400,0.269992,0.695571,-0.219824,0.58996,-0.155614,-0.736992,-0.29251,0.074695,0.117959,0.28685,0.011938,-0.434841,0.400822,0.557302,0.656025,0.158287,-0.535928,0.461636,-0.802772,-0.348123,0.149386
2026-03-27T17:06:34.287833+00:00,9.687413,1774631194287833200,0.269011,0.694935,-0.221519,0.595094,-0.154924,-0.731714,-0.294185,0.070435,0.117618,0.284624,1e-06,-5009.993911,4588.097334,6382.569671,0.651659,0.157955,-0.540813,0.465135,-0.800111,-0.346573,0.148931
2026-03-27T17:06:34.304803+00:00,9.704383,1774631194304803000,0.267965,0.694325,-0.223352,0.600099,-0.154436,-0.726678,-0.296105,0.066304,0.117279,0.282431,1e-06,-4882.663488,4436.939955,6181.299686,0.647239,0.157285,-0.54589,0.467207,-0.800483,-0.345333,0.149126
2026-03-27T17:06:34.322833+00:00,9.722413,1774631194322833300,0.266787,0.693765,-0.225365,0.6058,-0.153761,-0.720927,-0.298185,0.062139,0.116843,0.280084,1e-06,-4682.227969,4215.285182,5892.87281,0.64264,0.156477,-0.551359,0.470254,-0.799279,-0.342729,0.149429
2026-03-27T17:06:34.338949+00:00,9.738529,1774631194338949200,0.265584,0.693363,-0.227366,0.610798,-0.153178,-0.716979,-0.299945,0.058409,0.116422,0.277943,1e-06,-4467.248917,3985.345364,5592.927337,0.638333,0.155646,-0.556443,0.473466,-0.798552,-0.33963,0.150681
2026-03-27T17:06:34.359643+00:00,9.759223,1774631194359642600,0.263977,0.693,-0.229845,0.617426,-0.152255,-0.710542,-0.301604,0.05416,0.115908,0.27533,1e-06,-4154.399037,3669.48545,5176.395178,0.632926,0.154659,-0.562918,0.477655,-0.797599,-0.336212,0.152748
2026-03-27T17:06:34.375988+00:00,9.775568,1774631194375987800,0.262541,0.692885,-0.231796,0.622702,-0.151253,-0.705284,-0.302393,0.050907,0.115549,0.273261,1e-06,-3846.06421,3376.856446,4779.592156,0.628661,0.153945,-0.568004,0.480833,-0.796866,-0.332743,0.154938
2026-03-27T17:06:34.393191+00:00,9.792771,1774631194393191400,0.260917,0.692912,-0.2337,0.627323,-0.150151,-0.701259,-0.303147,0.047764,0.115246,0.27115,0.009271,-0.377664,0.330073,0.467777,0.624293,0.15301,-0.573364,0.483711,-0.795712,-0.328938,0.157125
2026-03-27T17:06:34.410115+00:00,9.809696,1774631194410115600,0.259263,0.693002,-0.235365,0.631095,-0.149002,-0.698157,-0.303201,0.044832,0.115027,0.269061,0.006645,-0.47167,0.4114,0.582547,0.620115,0.151789,-0.578431,0.485366,-0.79556,-0.324957,0.158924
2026-03-27T17:06:34.427184+00:00,9.826764,1774631194427184000,0.257552,0.69312,-0.237007,0.635233,-0.148076,-0.694528,-0.303144,0.042232,0.114781,0.267084,0.006133,-0.456487,0.398081,0.56336,0.61605,0.150654,-0.583404,0.487178,-0.795588,-0.321237,0.160716
2026-03-27T17:06:34.444313+00:00,9.843893,1774631194444312800,0.255765,0.693227,-0.238542,0.638777,-0.147004,-0.691467,-0.303191,0.039815,0.114508,0.265056,0.012245,-0.198086,0.172871,0.244792,0.612108,0.149422,-0.588218,0.488303,-0.796763,-0.317446,0.162301
2026-03-27T17:06:34.461423+00:00,9.861003,1774631194461422700,0.253981,0.693309,-0.239934,0.641541,-0.146032,-0.689143,-0.303657,0.037654,0.114117,0.263189,0.013684,-0.160789,0.140158,0.198858,0.608361,0.148089,-0.592758,0.488842,-0.798071,-0.313308,0.16303
2026-03-27T17:06:34.478352+00:00,9.877931,1774631194478351500,0.252127,0.693397,-0.241227,0.644102,-0.145141,-0.686506,-0.3042,0.0357,0.113625,0.261376,1e-06,-2041.190863,1775.965095,2528.41413,0.604837,0.146609,-0.596954,0.48947,-0.799367,-0.309405,0.163242
2026-03-27T17:06:34.495389+00:00,9.894969,1774631194495389400,0.250239,0.69349,-0.242423,0.646585,-0.144347,-0.683975,-0.30473,0.033915,0.113086,0.259585,0.017082,-0.110475,0.095859,0.136953,0.60146,0.145104,-0.600823,0.490539,-0.799706,-0.304942,0.162732
2026-03-27T17:06:34.512493+00:00,9.912073,1774631194512492700,0.248334,0.693598,-0.243626,0.648659,-0.143387,-0.681926,-0.305147,0.032301,0.112507,0.257863,1e-06,-1747.861505,1513.138413,2169.981599,0.598275,0.143431,-0.604222,0.491891,-0.800787,-0.301261,0.161904
2026-03-27T17:06:34.529498+00:00,9.929078,1774631194529498000,0.246443,0.693714,-0.244821,0.650656,-0.142707,-0.679979,-0.305463,0.030938,0.111945,0.256156,1e-06,-1573.458314,1359.090209,1956.224442,0.595337,0.141838,-0.607234,0.493649,-0.801121,-0.298063,0.159972
2026-03-27T17:06:34.546811+00:00,9.946391,1774631194546811500,0.24458,0.693827,-0.246125,0.652479,-0.14202,-0.678713,-0.305786,0.029725,0.111364,0.254565,1e-06,-1381.233335,1191.943884,1722.201705,0.592643,0.140084,-0.609853,0.49578,-0.801171,-0.29479,0.156635
2026-03-27T17:06:34.563541+00:00,9.963121,1774631194563540700,0.242789,0.693956,-0.247407,0.654761,-0.141436,-0.67692,-0.305858,0.028869,0.110871,0.253062,0.016363,-0.072742,0.062729,0.090962,0.590304,0.138432,-0.612031,0.49789,-0.801631,-0.291844,0.152585
2026-03-27T17:06:34.583632+00:00,9.983212,1774631194583631600,0.240654,0.694106,-0.248887,0.65708,-0.14072,-0.674019,-0.306066,0.027954,0.110323,0.251434,0.01906,-0.050621,0.043693,0.063576,0.58775,0.136307,-0.614243,0.499043,-0.804048,-0.289317,0.147873
2026-03-27T17:06:34.600172+00:00,9.999751,1774631194600171500,0.238923,0.694219,-0.250082,0.658202,-0.140092,-0.673341,-0.306803,0.02753,0.109982,0.250093,1e-06,-706.091523,611.171126,890.746713,0.585896,0.134632,-0.615549,0.499851,-0.804112,-0.287493,0.143714
2026-03-27T17:06:34.617463+00:00,10.017043,1774631194617462900,0.237113,0.69433,-0.25132,0.659806,-0.139558,-0.671754,-0.307018,0.027125,0.10972,0.248781,1e-06,-442.951918,384.658575,561.133027,0.584076,0.133019,-0.61675,0.500159,-0.805144,-0.286151,0.139486
2026-03-27T17:06:34.634519+00:00,10.034099,1774631194634518600,0.235338,0.694475,-0.252551,0.661545,-0.1387,-0.669554,-0.307171,0.026794,0.10954,0.247511,0.013046,-0.017883,0.015578,0.02276,0.582601,0.131672,-0.61734,0.50023,-0.806272,-0.286069,0.135134
2026-03-27T17:06:34.651570+00:00,10.05115,1774631194651569700,0.233647,0.694602,-0.253827,0.662584,-0.137893,-0.669006,-0.307683,0.026461,0.109414,0.246253,0.010472,-0.000972,0.000847,0.001241,0.581334,0.130361,-0.617825,0.501163,-0.807212,-0.285858,0.130734
2026-03-27T17:06:34.668621+00:00,10.0682,1774631194668620500,0.231988,0.694761,-0.255056,0.663932,-0.137153,-0.667618,-0.308064,0.026233,0.109314,0.245004,1e-06,283.911824,-247.731805,-363.633037,0.580426,0.129121,-0.618111,0.503052,-0.80583,-0.284459,0.125396
2026-03-27T17:06:34.685761+00:00,10.085342,1774631194685761600,0.230388,0.694949,-0.256327,0.665106,-0.136315,-0.666442,-0.308234,0.025879,0.109378,0.243792,0.007752,0.094362,-0.08229,-0.120997,0.579694,0.127968,-0.618279,0.503292,-0.806793,-0.28384,0.120293
2026-03-27T17:06:34.702783+00:00,10.102363,1774631194702783000,0.228873,0.695162,-0.257598,0.666047,-0.135607,-0.665513,-0.308511,0.02564,0.109328,0.242521,1e-06,1184.165478,-1032.531261,-1521.006227,0.579185,0.126868,-0.618419,0.504892,-0.8066,-0.283207,0.115291
2026-03-27T17:06:34.719676+00:00,10.119256,1774631194719676500,0.227406,0.695413,-0.258872,0.667116,-0.134894,-0.664455,-0.308593,0.02523,0.10953,0.241292,0.014886,0.103202,-0.090068,-0.132766,0.578762,0.12591,-0.618486,0.507185,-0.806575,-0.282338,0.110479
2026-03-27T17:06:34.736781+00:00,10.136361,1774631194736781000,0.225966,0.695708,-0.260124,0.667941,-0.134366,-0.663608,-0.309014,0.024965,0.109841,0.240032,1e-06,1795.440912,-1566.901803,-2314.001322,0.578555,0.125011,-0.618739,0.5117,-0.804459,-0.28126,0.105627
2026-03-27T17:06:34.754745+00:00,10.154324,1774631194754744500,0.224493,0.696027,-0.261467,0.668866,-0.133838,-0.66267,-0.309131,0.024476,0.110247,0.238766,0.009012,0.224317,-0.195572,-0.289285,0.578466,0.124072,-0.618826,0.515703,-0.803634,-0.280356,0.100628
2026-03-27T17:06:34.772018+00:00,10.171598,1774631194772018500,0.223111,0.696365,-0.262733,0.669175,-0.133164,-0.662384,-0.309402,0.024105,0.110693,0.237582,1e-06,2248.600125,-1956.686378,-2900.987864,0.57832,0.123161,-0.619022,0.519467,-0.802117,-0.279832,0.096469
2026-03-27T17:06:34.791830+00:00,10.19141,1774631194791830200,0.221539,0.696762,-0.264224,0.669883,-0.132379,-0.661724,-0.30962,0.023542,0.111304,0.236192,1e-06,2615.571022,-2274.259925,-3379.508853,0.578599,0.122154,-0.619208,0.524112,-0.799799,-0.279375,0.091695
2026-03-27T17:06:34.808450+00:00,10.20803,1774631194808449800,0.220227,0.697253,-0.265443,0.670031,-0.1313,-0.662216,-0.309672,0.02314,0.111961,0.234975,0.013245,0.230411,-0.200428,-0.298002,0.579086,0.121517,-0.619499,0.528921,-0.796554,-0.280308,0.088722
2026-03-27T17:06:34.825228+00:00,10.224808,1774631194825227900,0.219035,0.697795,-0.266662,0.670285,-0.130309,-0.66254,-0.308908,0.022764,0.112689,0.233776,0.003915,0.911694,-0.79344,-1.18034,0.579699,0.120792,-0.619737,0.533256,-0.794344,-0.280191,0.085733
2026-03-27T17:06:34.842211+00:00,10.241791,1774631194842211400,0.217809,0.698333,-0.267832,0.670598,-0.129245,-0.662316,-0.308051,0.022267,0.113421,0.232561,0.017917,0.228889,-0.199751,-0.2969,0.580358,0.119929,-0.620023,0.536749,-0.792095,-0.279197,0.082437
2026-03-27T17:06:34.859349+00:00,10.25893,1774631194859349600,0.216727,0.698842,-0.269087,0.670462,-0.128604,-0.663416,-0.307495,0.021848,0.114162,0.231375,0.017034,0.265325,-0.232393,-0.345056,0.581264,0.118745,-0.620227,0.538345,-0.79222,-0.277123,0.078353
2026-03-27T17:06:34.876490+00:00,10.27607,1774631194876490000,0.215659,0.699338,-0.270242,0.670285,-0.127812,-0.663624,-0.306474,0.021373,0.114839,0.230223,0.018951,0.25192,-0.221613,-0.328411,0.582067,0.117543,-0.620485,0.539669,-0.792066,-0.274762,0.074288
2026-03-27T17:06:34.893538+00:00,10.293117,1774631194893537500,0.214691,0.699785,-0.271439,0.669949,-0.127563,-0.664515,-0.305431,0.021043,0.11547,0.229113,1e-06,4942.312837,-4367.20252,-6464.779377,0.58277,0.116438,-0.620649,0.539477,-0.793509,-0.273042,0.069972
2026-03-27T17:06:34.910550+00:00,10.31013,1774631194910550300,0.213825,0.700246,-0.27265,0.669433,-0.12742,-0.665525,-0.304421,0.020623,0.116002,0.228125,1e-06,5133.390427,-4560.321569,-6736.092269,0.583493,0.115523,-0.620669,0.539903,-0.794054,-0.271658,0.065752
2026-03-27T17:06:34.927612+00:00,10.327192,1774631194927611600,0.213178,0.700583,-0.273698,0.668862,-0.127995,-0.66642,-0.302787,0.020307,0.116495,0.227262,0.018281,0.286367,-0.25604,-0.376818,0.583802,0.115198,-0.620932,0.542404,-0.791929,-0.271817,0.062018
2026-03-27T17:06:34.944690+00:00,10.344269,1774631194944689500,0.212566,0.70085,-0.274945,0.667963,-0.129029,-0.66857,-0.301377,0.019997,0.116864,0.226496,0.00653,0.796095,-0.715959,-1.051432,0.584036,0.114985,-0.621007,0.542975,-0.792042,-0.273424,0.058013
2026-03-27T17:06:34.961643+00:00,10.361223,1774631194961643500,0.211713,0.70134,-0.276288,0.667378,-0.130076,-0.669489,-0.299528,0.019762,0.117178,0.225932,0.011998,0.425748,-0.384544,-0.563463,0.584121,0.114878,-0.621034,0.543848,-0.791109,-0.275351,0.054155
2026-03-27T17:06:34.978879+00:00,10.378459,1774631194978878900,0.211094,0.701681,-0.277539,0.666739,-0.131188,-0.670754,-0.297633,0.019559,0.117386,0.225453,0.011905,0.423079,-0.383573,-0.561213,0.584088,0.114849,-0.621077,0.544117,-0.790421,-0.277523,0.050272
2026-03-27T17:06:34.995764+00:00,10.395344,1774631194995763600,0.21057,0.701881,-0.278639,0.666189,-0.133096,-0.67192,-0.295142,0.019467,0.11758,0.225148,0.010828,0.470974,-0.428007,-0.625905,0.583843,0.114704,-0.621262,0.54342,-0.790639,-0.279426,0.046247
2026-03-27T17:06:35.015972+00:00,10.415552,1774631195015972100,0.210067,0.702114,-0.279905,0.665405,-0.135538,-0.673033,-0.292589,0.019523,0.117685,0.22503,1e-06,5241.513252,-4773.780704,-6971.262395,0.583491,0.114593,-0.621575,0.545942,-0.787633,-0.280323,0.042314
2026-03-27T17:06:35.032544+00:00,10.432124,1774631195032543700,0.209636,0.702133,-0.280866,0.664785,-0.137791,-0.673902,-0.291022,0.019566,0.117742,0.225,1e-06,5232.393742,-4775.166512,-6965.979934,0.582999,0.114436,-0.621856,0.546724,-0.787143,-0.280618,0.041657
2026-03-27T17:06:35.049564+00:00,10.449144,1774631195049564200,0.209176,0.702087,-0.281611,0.66367,-0.13999,-0.674709,-0.290106,0.019706,0.117767,0.224827,0.005007,0.986379,-0.902471,-1.314546,0.582099,0.114272,-0.622551,0.544774,-0.78918,-0.281807,0.042117
2026-03-27T17:06:35.066903+00:00,10.466483,1774631195066903000,0.208761,0.70203,-0.282378,0.662722,-0.142159,-0.675671,-0.28897,0.020108,0.117741,0.225109,0.004067,1.15336,-1.056325,-1.538277,0.581199,0.114107,-0.623334,0.542719,-0.790232,-0.282774,0.042549
2026-03-27T17:06:35.083764+00:00,10.483344,1774631195083763700,0.208185,0.702002,-0.282754,0.66151,-0.143927,-0.676844,-0.2881,0.020609,0.117738,0.225358,0.004104,1.124247,-1.02946,-1.499382,0.580123,0.114137,-0.624305,0.540351,-0.790575,-0.285014,0.044962
2026-03-27T17:06:35.100754+00:00,10.500334,1774631195100754200,0.207727,0.701984,-0.283175,0.660339,-0.145729,-0.677964,-0.28724,0.021152,0.117853,0.225728,0.004795,1.000273,-0.915559,-1.333331,0.579112,0.114328,-0.625226,0.54002,-0.790225,-0.286181,0.047605
2026-03-27T17:06:35.117840+00:00,10.51742,1774631195117839900,0.207105,0.702153,-0.283122,0.658365,-0.146926,-0.680602,-0.285988,0.021726,0.117972,0.226083,1e-06,5178.794265,-4739.105701,-6897.330284,0.578171,0.114272,-0.626388,0.540726,-0.790391,-0.284249,0.050271
2026-03-27T17:06:35.134993+00:00,10.534573,1774631195134993500,0.206464,0.702408,-0.283041,0.656916,-0.14793,-0.682129,-0.284445,0.02231,0.11811,0.226367,0.012867,0.425656,-0.389887,-0.566462,0.577218,0.114505,-0.627654,0.539481,-0.791495,-0.284008,0.053562
2026-03-27T17:06:35.151913+00:00,10.551493,1774631195151912900,0.205954,0.702744,-0.282831,0.654792,-0.149043,-0.684793,-0.282625,0.023036,0.118401,0.226875,0.010279,0.562368,-0.514972,-0.746601,0.576128,0.114811,-0.629022,0.538381,-0.7913,-0.283955,0.05743
2026-03-27T17:06:35.168955+00:00,10.568535,1774631195168955100,0.205338,0.703117,-0.282549,0.653023,-0.150242,-0.687094,-0.280763,0.024085,0.118903,0.227601,1e-06,6094.262004,-5580.693483,-8081.763983,0.575052,0.115225,-0.63056,0.537606,-0.791718,-0.284047,0.06125
2026-03-27T17:06:35.186664+00:00,10.586244,1774631195186663900,0.20483,0.703514,-0.281813,0.650543,-0.151147,-0.689536,-0.278821,0.024971,0.11919,0.228266,1e-06,6414.562464,-5873.724818,-8501.298726,0.573975,0.115795,-0.632318,0.53916,-0.789951,-0.283774,0.063936
2026-03-27T17:06:35.203591+00:00,10.603171,1774631195203591500,0.204303,0.703846,-0.280922,0.647537,-0.151929,-0.693492,-0.277789,0.025899,0.119531,0.228979,0.013313,0.498354,-0.4564,-0.659234,0.572943,0.116394,-0.634218,0.542716,-0.788241,-0.283284,0.066128
2026-03-27T17:06:35.223926+00:00,10.623505,1774631195223925400,0.203758,0.70428,-0.279524,0.644404,-0.152551,-0.696043,-0.276141,0.026901,0.119959,0.229879,0.018698,0.367767,-0.336314,-0.484843,0.571823,0.116744,-0.63664,0.545744,-0.786317,-0.281404,0.068026
2026-03-27T17:06:35.240739+00:00,10.640319,1774631195240739300,0.203286,0.704618,-0.278284,0.641729,-0.153443,-0.699098,-0.275115,0.027856,0.120378,0.230696,0.017511,0.406924,-0.371672,-0.535218,0.57092,0.116642,-0.638709,0.54366,-0.789023,-0.278251,0.069918
2026-03-27T17:06:35.257689+00:00,10.657269,1774631195257689300,0.202878,0.704969,-0.276997,0.638718,-0.154319,-0.702642,-0.273985,0.028902,0.120836,0.231598,0.01642,0.455926,-0.414949,-0.598259,0.570111,0.116107,-0.640592,0.542294,-0.79156,-0.274678,0.071164
2026-03-27T17:06:35.274764+00:00,10.674344,1774631195274764200,0.202538,0.705316,-0.275488,0.635809,-0.1552,-0.705572,-0.272564,0.029935,0.121326,0.232552,1e-06,7929.78704,-7189.929485,-10369.367898,0.569504,0.115686,-0.641883,0.541726,-0.791686,-0.271334,0.071672
2026-03-27T17:06:35.291792+00:00,10.691372,1774631195291791900,0.202163,0.705683,-0.273791,0.632988,-0.15531,-0.707789,-0.271172,0.031059,0.121874,0.233583,0.02414,0.353879,-0.319609,-0.461323,0.568756,0.11547,-0.64275,0.540885,-0.793049,-0.270641,0.071562
2026-03-27T17:06:35.308949+00:00,10.708529,1774631195308949200,0.201846,0.706012,-0.271942,0.629572,-0.155689,-0.711167,-0.270124,0.032309,0.122546,0.234624,0.009181,1.008413,-0.908774,-1.311477,0.56792,0.115525,-0.643325,0.539568,-0.794098,-0.271283,0.071035
2026-03-27T17:06:35.325874+00:00,10.725454,1774631195325873600,0.201612,0.706283,-0.269807,0.625057,-0.155853,-0.715659,-0.269464,0.033604,0.123278,0.235729,0.026185,0.378437,-0.340939,-0.490998,0.567303,0.115905,-0.643313,0.537982,-0.793925,-0.27345,0.071413
2026-03-27T17:06:35.342906+00:00,10.742486,1774631195342905800,0.201455,0.706406,-0.267714,0.620489,-0.156289,-0.720065,-0.268489,0.035143,0.124048,0.236954,0.019281,0.541316,-0.487811,-0.701195,0.566745,0.117139,-0.643106,0.535501,-0.795154,-0.275812,0.073122
2026-03-27T17:06:35.360076+00:00,10.759656,1774631195360076400,0.201187,0.706589,-0.265112,0.61477,-0.15699,-0.72523,-0.267437,0.036791,0.124873,0.238294,0.027667,0.396554,-0.357896,-0.5132,0.566315,0.119063,-0.642878,0.533176,-0.795286,-0.277734,0.077009
2026-03-27T17:06:35.376774+00:00,10.776354,1774631195376773900,0.200771,0.706853,-0.262482,0.609339,-0.157526,-0.729639,-0.26638,0.038545,0.125746,0.239635,0.017861,0.648985,-0.586836,-0.839263,0.565904,0.121088,-0.642398,0.529816,-0.796424,-0.27976,0.081191
2026-03-27T17:06:35.393779+00:00,10.793359,1774631195393778800,0.200478,0.706841,-0.259532,0.601138,-0.158633,-0.737023,-0.266396,0.040413,0.126697,0.241069,0.017844,0.688159,-0.62344,-0.887711,0.565479,0.123857,-0.642005,0.530611,-0.794201,-0.280801,0.088769
2026-03-27T17:06:35.410821+00:00,10.810401,1774631195410821000,0.200207,0.706799,-0.256433,0.593182,-0.160007,-0.743348,-0.26589,0.04241,0.127645,0.242608,0.030875,0.419353,-0.380622,-0.540094,0.565212,0.126671,-0.641686,0.530108,-0.793465,-0.282432,0.095964
2026-03-27T17:06:35.427947+00:00,10.827527,1774631195427946600,0.199929,0.706737,-0.253268,0.585021,-0.161376,-0.74969,-0.265399,0.044636,0.128548,0.244306,0.03195,0.428081,-0.389179,-0.550675,0.564948,0.129568,-0.641408,0.529613,-0.792353,-0.28391,0.103246
2026-03-27T17:06:35.445019+00:00,10.844599,1774631195445019500,0.199577,0.706657,-0.250173,0.576812,-0.163309,-0.755315,-0.264306,0.047042,0.129426,0.246132,0.028231,0.507536,-0.462002,-0.651789,0.56519,0.13264,-0.641016,0.522052,-0.795303,-0.287389,0.111281
2026-03-27T17:06:35.463653+00:00,10.863233,1774631195463652600,0.199293,0.70658,-0.246744,0.567693,-0.165286,-0.762038,-0.263498,0.049801,0.130316,0.248243,0.029177,0.509749,-0.464713,-0.653158,0.565249,0.136019,-0.640641,0.51655,-0.796322,-0.291028,0.119879
2026-03-27T17:06:35.480597+00:00,10.880177,1774631195480597100,0.199071,0.706569,-0.243857,0.559756,-0.167275,-0.768065,-0.262582,0.052702,0.131051,0.25036,0.013775,1.110757,-1.013428,-1.422145,0.565446,0.139729,-0.639669,0.512802,-0.79501,-0.297916,0.128995
2026-03-27T17:06:35.497650+00:00,10.89723,1774631195497650500,0.198878,0.706608,-0.241022,0.552637,-0.168787,-0.773066,-0.261468,0.055759,0.131757,0.252655,0.036829,0.430716,-0.393905,-0.551588,0.565708,0.143666,-0.638378,0.510418,-0.792678,-0.304252,0.137227
2026-03-27T17:06:35.514687+00:00,10.914267,1774631195514686800,0.198814,0.706666,-0.238229,0.54561,-0.170377,-0.778064,-0.260315,0.059146,0.132473,0.255094,0.025841,0.63576,-0.583373,-0.814264,0.56612,0.147742,-0.636791,0.509028,-0.789755,-0.311112,0.144951
2026-03-27T17:06:35.531729+00:00,10.931309,1774631195531729500,0.198867,0.70672,-0.235654,0.539538,-0.171743,-0.782073,-0.258811,0.062751,0.133197,0.25766,0.029844,0.56465,-0.521558,-0.723473,0.566744,0.15193,-0.63487,0.507358,-0.786322,-0.318056,0.151562
2026-03-27T17:06:35.548809+00:00,10.948389,1774631195548808600,0.199058,0.706675,-0.233204,0.534192,-0.172847,-0.785749,-0.257665,0.06647,0.133883,0.260329,0.031853,0.541329,-0.502716,-0.693004,0.567559,0.156008,-0.632583,0.504453,-0.783987,-0.324643,0.157461
2026-03-27T17:06:35.565814+00:00,10.965394,1774631195565813700,0.199165,0.706863,-0.230828,0.528478,-0.174054,-0.790772,-0.257057,0.070516,0.134445,0.263122,0.039314,0.448504,-0.41924,-0.575267,0.56907,0.159966,-0.630129,0.501126,-0.78306,-0.331106,0.162694
2026-03-27T17:06:35.583000+00:00,10.98258,1774631195582999700,0.199318,0.706919,-0.228497,0.52408,-0.175068,-0.793619,-0.256348,0.074779,0.134926,0.266064,0.03356,0.537204,-0.504743,-0.690335,0.570902,0.163964,-0.627413,0.49835,-0.780631,-0.336622,0.1674
2026-03-27T17:06:35.600166+00:00,10.999746,1774631195600165700,0.199546,0.706911,-0.226347,0.520422,-0.175931,-0.795712,-0.255799,0.079231,0.135338,0.269102,0.037403,0.49059,-0.464255,-0.631851,0.572961,0.167863,-0.624509,0.494973,-0.780107,-0.342169,0.171434
2026-03-27T17:06:35.616813+00:00,11.016393,1774631195616812800,0.200102,0.706848,-0.224284,0.516877,-0.176896,-0.798526,-0.255548,0.083663,0.135662,0.272161,0.031067,0.593285,-0.56434,-0.765704,0.575246,0.171564,-0.621459,0.49303,-0.778049,-0.346581,0.174938
2026-03-27T17:06:35.633975+00:00,11.033555,1774631195633975000,0.200757,0.706796,-0.222237,0.514652,-0.177593,-0.798946,-0.254757,0.088319,0.136021,0.275383,0.034426,0.534557,-0.510966,-0.690767,0.577945,0.175242,-0.618204,0.490734,-0.777775,-0.35095,0.177877
2026-03-27T17:06:35.651314+00:00,11.050894,1774631195651314000,0.201595,0.706722,-0.220175,0.511515,-0.178729,-0.801963,-0.254436,0.093029,0.136351,0.278665,0.039649,0.467952,-0.450165,-0.604996,0.581075,0.178665,-0.614773,0.488882,-0.777049,-0.354139,0.179576
2026-03-27T17:06:35.668157+00:00,11.067737,1774631195668157200,0.202432,0.706682,-0.218147,0.509185,-0.179342,-0.803277,-0.253742,0.09773,0.136704,0.281912,0.04219,0.446845,-0.432052,-0.578408,0.584634,0.181632,-0.611348,0.486852,-0.776423,-0.355972,0.179808
2026-03-27T17:06:35.688317+00:00,11.087897,1774631195688316900,0.203493,0.706572,-0.215694,0.506561,-0.179951,-0.804564,-0.252822,0.103374,0.137083,0.28588,0.03123,0.603053,-0.588088,-0.781576,0.58917,0.184925,-0.607145,0.483693,-0.777898,-0.358351,0.179602
2026-03-27T17:06:35.705305+00:00,11.104885,1774631195705304600,0.204465,0.706488,-0.213688,0.504628,-0.180794,-0.805876,-0.25306,0.108045,0.137405,0.289278,0.043422,0.42417,-0.416469,-0.549631,0.593403,0.187308,-0.603468,0.482031,-0.779212,-0.359683,0.178106
2026-03-27T17:06:35.722360+00:00,11.12194,1774631195722360100,0.205475,0.706234,-0.211527,0.502745,-0.181343,-0.806625,-0.253015,0.112861,0.137569,0.292723,0.03936,0.449369,-0.443806,-0.582393,0.597851,0.189751,-0.599603,0.481,-0.779887,-0.361096,0.176344
2026-03-27T17:06:35.739715+00:00,11.139295,1774631195739714700,0.206499,0.705937,-0.209375,0.500911,-0.18162,-0.807276,-0.252882,0.117672,0.137503,0.296241,0.031628,0.53625,-0.532686,-0.69639,0.602316,0.192157,-0.595583,0.481776,-0.778291,-0.3621,0.173886
2026-03-27T17:06:35.756365+00:00,11.155945,1774631195756365400,0.207483,0.705668,-0.2072,0.499113,-0.181948,-0.808321,-0.252851,0.122429,0.137471,0.299668,0.03002,0.538701,-0.538726,-0.702666,0.606682,0.194449,-0.591526,0.48231,-0.777835,-0.364016,0.171408
2026-03-27T17:06:35.773130+00:00,11.17271,1774631195773130400,0.208417,0.705442,-0.205068,0.4973,-0.18215,-0.809456,-0.25316,0.127023,0.137194,0.303101,0.028852,0.521841,-0.526173,-0.683548,0.610987,0.196639,-0.587372,0.483117,-0.776676,-0.366322,0.168629
2026-03-27T17:06:35.790184+00:00,11.189764,1774631195790184300,0.209364,0.705185,-0.202759,0.494752,-0.182272,-0.811726,-0.253417,0.131517,0.136841,0.306513,0.020888,0.652644,-0.664757,-0.857623,0.615355,0.198694,-0.583031,0.483153,-0.77629,-0.368436,0.165725
2026-03-27T17:06:35.807105+00:00,11.206685,1774631195807104600,0.210223,0.704936,-0.200449,0.492874,-0.182142,-0.812409,-0.253608,0.135865,0.13621,0.309847,0.003839,3.094336,-3.183036,-4.079477,0.619652,0.200505,-0.578661,0.48214,-0.777303,-0.371051,0.162988
2026-03-27T17:06:35.824385+00:00,11.223965,1774631195824385200,0.21109,0.704674,-0.19805,0.490894,-0.182032,-0.813281,-0.253676,0.139944,0.135181,0.31321,0.009198,1.058645,-1.098389,-1.400423,0.623833,0.202146,-0.574177,0.481553,-0.777306,-0.372685,0.160164
2026-03-27T17:06:35.841551+00:00,11.241131,1774631195841551000,0.211928,0.704441,-0.195683,0.488334,-0.182109,-0.81547,-0.253887,0.14384,0.133855,0.316576,0.004881,1.503047,-1.567666,-1.994105,0.627911,0.203572,-0.569633,0.4814,-0.776405,-0.37333,0.157464
2026-03-27T17:06:35.859753+00:00,11.259333,1774631195859753100,0.21277,0.70423,-0.193161,0.486057,-0.181856,-0.816189,-0.253606,0.147484,0.132086,0.319997,0.02248,0.217377,-0.227109,-0.288854,0.631878,0.204824,-0.56488,0.480343,-0.777498,-0.374579,0.155164
2026-03-27T17:06:35.875562+00:00,11.275142,1774631195875561700,0.213531,0.704085,-0.190913,0.48333,-0.181761,-0.818148,-0.25371,0.150587,0.130358,0.323005,0.021137,0.132817,-0.138485,-0.176442,0.635182,0.205709,-0.560601,0.479712,-0.77779,-0.374957,0.153555
2026-03-27T17:06:35.898061+00:00,11.297641,1774631195898060900,0.21461,0.703833,-0.187787,0.47977,-0.181581,-0.820304,-0.253648,0.154298,0.127669,0.326875,0.020407,0.003446,-0.003579,-0.00457,0.639646,0.206789,-0.554584,0.47823,-0.778762,-0.375629,0.151575
2026-03-27T17:06:35.915159+00:00,11.314739,1774631195915159200,0.215622,0.70361,-0.185619,0.477399,-0.181739,-0.82172,-0.253753,0.156906,0.12565,0.329576,1e-06,-2121.374011,2198.383212,2808.243036,0.642697,0.207391,-0.550027,0.476286,-0.780473,-0.376469,0.149834
2026-03-27T17:06:35.931965+00:00,11.331545,1774631195931965500,0.216501,0.703451,-0.183583,0.475176,-0.181821,-0.82333,-0.253839,0.159456,0.123615,0.332134,0.009677,-0.445789,0.461715,0.589521,0.645321,0.20788,-0.545603,0.474239,-0.781488,-0.377316,0.147556
2026-03-27T17:06:35.948737+00:00,11.348317,1774631195948737300,0.217563,0.703287,-0.181569,0.47349,-0.181964,-0.823954,-0.253485,0.161702,0.121619,0.334346,1e-06,-6431.102753,6651.65484,8490.473032,0.647885,0.208312,-0.541245,0.472849,-0.782526,-0.378223,0.145447
2026-03-27T17:06:35.965677+00:00,11.365258,1774631195965677600,0.218778,0.703039,-0.179703,0.471858,-0.182436,-0.824913,-0.253592,0.163845,0.119657,0.336403,0.01744,-0.483043,0.499661,0.637208,0.650239,0.208698,-0.536928,0.472475,-0.782239,-0.378923,0.143675
2026-03-27T17:06:35.983148+00:00,11.382728,1774631195983147900,0.220279,0.702534,-0.177788,0.470923,-0.182935,-0.825057,-0.253865,0.165951,0.117684,0.338297,0.02454,-0.41968,0.43508,0.552818,0.652479,0.208998,-0.53261,0.472237,-0.783308,-0.37952,0.142009
2026-03-27T17:06:35.999908+00:00,11.399488,1774631195999908200,0.221582,0.702151,-0.17616,0.470623,-0.183459,-0.824233,-0.254046,0.167921,0.115801,0.339993,0.013232,-0.920129,0.956526,1.211629,0.654398,0.209153,-0.528792,0.472012,-0.782589,-0.379336,0.139759
2026-03-27T17:06:36.017196+00:00,11.416776,1774631196017196200,0.22301,0.701697,-0.174618,0.46934,-0.184454,-0.825655,-0.254623,0.169665,0.113823,0.341432,0.028566,-0.499594,0.520659,0.657634,0.656311,0.209217,-0.525086,0.470599,-0.783764,-0.379627,0.137815
2026-03-27T17:06:36.034393+00:00,11.433973,1774631196034392600,0.224438,0.701266,-0.173179,0.468939,-0.185054,-0.825986,-0.255246,0.171343,0.1118,0.342684,0.025752,-0.629426,0.656706,0.82956,0.658158,0.209151,-0.521594,0.4693,-0.784573,-0.379448,0.136056
2026-03-27T17:06:36.051368+00:00,11.450948,1774631196051367700,0.225891,0.700826,-0.171897,0.469545,-0.185494,-0.824561,-0.255256,0.1728,0.109743,0.343732,0.035909,-0.503148,0.525774,0.664436,0.659825,0.209146,-0.518538,0.467805,-0.786329,-0.378619,0.134847
2026-03-27T17:06:36.068422+00:00,11.468002,1774631196068421900,0.227212,0.700483,-0.170842,0.470097,-0.18595,-0.823689,-0.255721,0.174219,0.107741,0.344717,0.033894,-0.588607,0.615759,0.778712,0.661467,0.208806,-0.515731,0.466278,-0.787818,-0.377422,0.133901
2026-03-27T17:06:36.085796+00:00,11.485376,1774631196085795900,0.22877,0.699973,-0.169763,0.470656,-0.186452,-0.823233,-0.256389,0.175447,0.105812,0.345543,0.040625,-0.537481,0.564029,0.712488,0.662957,0.2084,-0.513242,0.463759,-0.79142,-0.377019,0.133595
2026-03-27T17:06:36.102646+00:00,11.502226,1774631196102646300,0.230267,0.699433,-0.168734,0.471741,-0.186596,-0.821584,-0.256829,0.176466,0.104071,0.346229,0.052942,-0.447252,0.470752,0.593549,0.664337,0.208066,-0.511064,0.463385,-0.790743,-0.375036,0.133094
2026-03-27T17:06:36.120196+00:00,11.519776,1774631196120195800,0.23186,0.698665,-0.167448,0.472204,-0.186449,-0.821087,-0.257893,0.177415,0.102425,0.346816,0.053941,-0.469751,0.495671,0.623512,0.665644,0.207771,-0.509011,0.462704,-0.791936,-0.374174,0.133249
2026-03-27T17:06:36.136960+00:00,11.53654,1774631196136960200,0.233218,0.698152,-0.166364,0.472429,-0.186221,-0.82092,-0.258966,0.178279,0.100948,0.347254,0.047318,-0.557816,0.588258,0.741044,0.666795,0.207687,-0.507327,0.463038,-0.792596,-0.373506,0.133109
2026-03-27T17:06:36.153781+00:00,11.553361,1774631196153781400,0.234556,0.697697,-0.165381,0.47174,-0.186177,-0.822038,-0.260041,0.179034,0.099549,0.347652,0.048223,-0.55748,0.585849,0.740861,0.66796,0.2076,-0.50573,0.462469,-0.793778,-0.374124,0.132231
2026-03-27T17:06:36.170832+00:00,11.570412,1774631196170831700,0.235813,0.697258,-0.164319,0.472259,-0.185684,-0.820598,-0.260567,0.179678,0.098314,0.347851,0.05119,-0.529259,0.552287,0.703002,0.669077,0.207567,-0.504268,0.463433,-0.792047,-0.37426,0.130942
2026-03-27T17:06:36.187972+00:00,11.587551,1774631196187971500,0.237117,0.696775,-0.163436,0.471818,-0.18558,-0.821331,-0.261929,0.180346,0.097257,0.347921,0.054992,-0.493636,0.512412,0.655269,0.670128,0.207536,-0.502951,0.464112,-0.79141,-0.375102,0.130046
2026-03-27T17:06:36.204880+00:00,11.60446,1774631196204880200,0.238363,0.696272,-0.162545,0.472214,-0.185058,-0.820223,-0.263073,0.181048,0.096408,0.34792,0.058259,-0.464693,0.48066,0.617007,0.671116,0.207453,-0.501793,0.465301,-0.790545,-0.376233,0.129178
2026-03-27T17:06:36.222241+00:00,11.621821,1774631196222241100,0.239702,0.695767,-0.161858,0.4719,-0.185129,-0.821348,-0.264408,0.181953,0.095777,0.34787,0.052082,-0.517501,0.53575,0.688134,0.672108,0.207366,-0.500786,0.465656,-0.79059,-0.377249,0.128455
2026-03-27T17:06:36.239363+00:00,11.638943,1774631196239363300,0.240936,0.695332,-0.16117,0.47246,-0.185135,-0.820453,-0.264966,0.182986,0.095236,0.347711,0.050034,-0.535497,0.556797,0.714551,0.673043,0.207253,-0.499948,0.466121,-0.7902,-0.37785,0.127616
2026-03-27T17:06:36.256281+00:00,11.655861,1774631196256280900,0.242199,0.694961,-0.160717,0.473016,-0.185088,-0.820372,-0.265784,0.183992,0.094745,0.347513,0.054028,-0.494853,0.517983,0.662902,0.673967,0.207094,-0.49929,0.46708,-0.789021,-0.377192,0.127149
2026-03-27T17:06:36.273443+00:00,11.673023,1774631196273443300,0.243431,0.694621,-0.160309,0.474128,-0.184915,-0.818761,-0.26602,0.185184,0.09412,0.347318,0.057728,-0.468718,0.494192,0.630476,0.674862,0.206638,-0.498744,0.467386,-0.789444,-0.376857,0.126904
2026-03-27T17:06:36.290858+00:00,11.690438,1774631196290858000,0.24463,0.694238,-0.159945,0.475269,-0.184844,-0.817368,-0.26648,0.186393,0.093273,0.347153,0.054236,-0.507772,0.538806,0.686935,0.675591,0.206228,-0.498466,0.467788,-0.789237,-0.376007,0.126835
2026-03-27T17:06:36.307336+00:00,11.706916,1774631196307336200,0.24583,0.693868,-0.159711,0.475882,-0.185097,-0.817699,-0.267526,0.187495,0.092335,0.347023,0.055255,-0.483034,0.511034,0.655037,0.676439,0.205529,-0.498126,0.467484,-0.79063,-0.375447,0.12681
2026-03-27T17:06:36.328632+00:00,11.728212,1774631196328632300,0.247396,0.693457,-0.159582,0.477863,-0.185076,-0.815668,-0.267909,0.188597,0.09145,0.346803,0.053133,-0.481917,0.504423,0.652424,0.677721,0.20438,-0.497576,0.468352,-0.789937,-0.37348,0.126636
2026-03-27T17:06:36.345504+00:00,11.745084,1774631196345504100,0.24872,0.693113,-0.159581,0.479777,-0.185054,-0.814553,-0.268518,0.189599,0.090753,0.346632,0.04944,-0.519799,0.540448,0.70275,0.678579,0.203448,-0.497286,0.468644,-0.790909,-0.372052,0.126822
2026-03-27T17:06:36.362512+00:00,11.762091,1774631196362511500,0.25009,0.692704,-0.159673,0.481761,-0.185,-0.813497,-0.269692,0.190611,0.090177,0.346427,0.049937,-0.516803,0.533335,0.697759,0.679384,0.202486,-0.497065,0.468767,-0.791696,-0.370862,0.127131
2026-03-27T17:06:36.379544+00:00,11.779124,1774631196379544200,0.251484,0.692284,-0.159905,0.484587,-0.184597,-0.810765,-0.270521,0.191925,0.08978,0.346116,0.053421,-0.487123,0.502174,0.659628,0.680184,0.201505,-0.496868,0.468956,-0.792828,-0.369839,0.12735
2026-03-27T17:06:36.396763+00:00,11.796343,1774631196396763300,0.253031,0.691834,-0.160162,0.487539,-0.184969,-0.809534,-0.271525,0.193375,0.089369,0.34567,0.056117,-0.467875,0.482344,0.635965,0.680936,0.200466,-0.496667,0.470006,-0.79245,-0.36841,0.127412
2026-03-27T17:06:36.413866+00:00,11.813446,1774631196413865600,0.254589,0.691406,-0.160694,0.491568,-0.184846,-0.806448,-0.272317,0.195052,0.089087,0.345065,0.052859,-0.497696,0.516513,0.682184,0.681652,0.199413,-0.496443,0.471055,-0.791882,-0.366827,0.127353
2026-03-27T17:06:36.430972+00:00,11.830552,1774631196430971800,0.256261,0.690959,-0.161538,0.496238,-0.184143,-0.803062,-0.273612,0.196836,0.08881,0.344362,0.048183,-0.547468,0.573337,0.757961,0.682452,0.198253,-0.496145,0.471848,-0.791988,-0.365875,0.127083
2026-03-27T17:06:36.447745+00:00,11.847325,1774631196447744900,0.257947,0.690483,-0.162417,0.500756,-0.183577,-0.800053,-0.275284,0.19857,0.088587,0.343628,0.051889,-0.512756,0.543224,0.719083,0.683228,0.197024,-0.495876,0.472579,-0.7922,-0.364916,0.126789
2026-03-27T17:06:36.464906+00:00,11.864486,1774631196464906100,0.259762,0.689981,-0.163595,0.506966,-0.181643,-0.794804,-0.276933,0.200392,0.08826,0.342824,0.054656,-0.484544,0.519333,0.691358,0.684149,0.19566,-0.495486,0.473224,-0.792521,-0.363368,0.126291
2026-03-27T17:06:36.481611+00:00,11.881191,1774631196481611000,0.261669,0.68946,-0.165003,0.512972,-0.17987,-0.791099,-0.279499,0.201844,0.087842,0.341997,0.047969,-0.521273,0.560317,0.752535,0.685095,0.194283,-0.495084,0.473724,-0.793525,-0.36202,0.125832
2026-03-27T17:06:36.498659+00:00,11.898238,1774631196498658500,0.263769,0.688872,-0.166653,0.520792,-0.177526,-0.78607,-0.282052,0.202578,0.087806,0.341123,0.045322,-0.515601,0.552498,0.746288,0.686095,0.192838,-0.494661,0.475257,-0.792733,-0.359824,0.125023
2026-03-27T17:06:36.515762+00:00,11.915342,1774631196515761800,0.266077,0.688264,-0.168662,0.529219,-0.174771,-0.780474,-0.285154,0.2029,0.088829,0.340137,0.041424,-0.507424,0.539115,0.73107,0.687275,0.191405,-0.494122,0.475782,-0.793585,-0.358511,0.124181
2026-03-27T17:06:36.532856+00:00,11.932436,1774631196532855800,0.268491,0.687662,-0.170938,0.539649,-0.17156,-0.771886,-0.28774,0.203049,0.090368,0.338994,0.034831,-0.515462,0.539234,0.737144,0.688438,0.189943,-0.49358,0.477198,-0.793016,-0.356711,0.123247
2026-03-27T17:06:36.551639+00:00,11.951219,1774631196551638600,0.271179,0.686988,-0.173501,0.550291,-0.16817,-0.763904,-0.290939,0.202492,0.09255,0.337862,0.026389,-0.538769,0.551424,0.76233,0.689711,0.188351,-0.492974,0.47831,-0.793215,-0.355093,0.122344
2026-03-27T17:06:36.567405+00:00,11.966985,1774631196567405000,0.273739,0.68635,-0.176253,0.561206,-0.165088,-0.755557,-0.294236,0.20189,0.094841,0.336616,0.022372,-0.482187,0.482352,0.674225,0.691042,0.187059,-0.492315,0.479176,-0.794219,-0.353879,0.121857
2026-03-27T17:06:36.584346+00:00,11.983926,1774631196584345600,0.276353,0.68574,-0.179159,0.572589,-0.161855,-0.746661,-0.297468,0.200561,0.097589,0.335404,0.016956,-0.435008,0.42569,0.599785,0.69241,0.185715,-0.491651,0.480183,-0.794126,-0.352703,0.121457
2026-03-27T17:06:36.601425+00:00,12.001005,1774631196601425100,0.278964,0.685154,-0.18229,0.583561,-0.158815,-0.737601,-0.30058,0.198871,0.100683,0.334132,1e-06,-3934.428096,3768.533468,5339.354277,0.693821,0.184327,-0.490992,0.481249,-0.794258,-0.351785,0.121209
2026-03-27T17:06:36.618399+00:00,12.017979,1774631196618398900,0.281432,0.684664,-0.185417,0.595123,-0.155809,-0.727198,-0.303435,0.196617,0.104002,0.332713,0.016085,-0.020507,0.019238,0.027361,0.695303,0.182975,-0.490325,0.483173,-0.793426,-0.350545,0.120859
2026-03-27T17:06:36.635246+00:00,12.034826,1774631196635246200,0.28385,0.684227,-0.188579,0.605828,-0.153152,-0.717587,-0.306099,0.194112,0.107547,0.331289,1e-06,3464.102745,-3183.275461,-4547.446966,0.69684,0.18159,-0.48966,0.484668,-0.793471,-0.349204,0.120639
2026-03-27T17:06:36.652318+00:00,12.051898,1774631196652317600,0.285983,0.684014,-0.191517,0.615297,-0.150364,-0.709857,-0.30832,0.191029,0.111184,0.329691,0.025418,0.303489,-0.272465,-0.390824,0.698568,0.180092,-0.489026,0.486697,-0.7923,-0.347112,0.120383
2026-03-27T17:06:36.669271+00:00,12.068851,1774631196669271100,0.287988,0.683885,-0.194152,0.623657,-0.147087,-0.702461,-0.310014,0.18767,0.114724,0.328045,0.030184,0.403145,-0.352838,-0.509521,0.700255,0.178452,-0.488465,0.488072,-0.792555,-0.345532,0.12062
2026-03-27T17:06:36.686535+00:00,12.086115,1774631196686534700,0.289803,0.683879,-0.19652,0.63128,-0.143739,-0.695823,-0.311751,0.184184,0.118223,0.326455,0.036996,0.448357,-0.381992,-0.556886,0.702042,0.176701,-0.487888,0.489704,-0.792617,-0.342939,0.121213
2026-03-27T17:06:36.703555+00:00,12.103135,1774631196703555400,0.291404,0.683942,-0.198479,0.637583,-0.140728,-0.689907,-0.312858,0.180607,0.121456,0.324847,0.037732,0.544536,-0.453109,-0.666893,0.703883,0.174774,-0.487378,0.491313,-0.792991,-0.340142,0.121666
2026-03-27T17:06:36.722270+00:00,12.121849,1774631196722269400,0.292919,0.684057,-0.200119,0.643104,-0.13754,-0.684293,-0.313833,0.176865,0.124894,0.323182,0.043929,0.550968,-0.449851,-0.666814,0.70598,0.172604,-0.486807,0.492913,-0.793759,-0.336442,0.121736
2026-03-27T17:06:36.738300+00:00,12.13788,1774631196738300100,0.294183,0.684158,-0.201165,0.646333,-0.135096,-0.681884,-0.314939,0.173467,0.127832,0.32162,0.05031,0.538799,-0.435115,-0.646014,0.707989,0.170579,-0.486305,0.494914,-0.794023,-0.332754,0.121571
2026-03-27T17:06:36.760687+00:00,12.160267,1774631196760687300,0.29563,0.684328,-0.202292,0.650291,-0.131776,-0.678119,-0.315713,0.169307,0.131427,0.31963,0.056896,0.536469,-0.428933,-0.637733,0.710707,0.167905,-0.48562,0.497797,-0.793376,-0.327314,0.121586
2026-03-27T17:06:36.776754+00:00,12.176334,1774631196776754200,0.296501,0.684388,-0.20259,0.65112,-0.129145,-0.677004,-0.316988,0.166167,0.133923,0.318054,0.053623,0.612451,-0.486443,-0.724186,0.712916,0.165753,-0.485103,0.498891,-0.795444,-0.323837,0.121671
2026-03-27T17:06:36.793802+00:00,12.193382,1774631196793802100,0.297348,0.684416,-0.202848,0.651294,-0.126909,-0.677315,-0.318213,0.163123,0.136224,0.316531,0.059357,0.587987,-0.464188,-0.69293,0.715131,0.163652,-0.484589,0.501121,-0.794505,-0.319052,0.121782
2026-03-27T17:06:36.811001+00:00,12.21058,1774631196811000500,0.298113,0.684437,-0.202932,0.651633,-0.124698,-0.676477,-0.318974,0.160155,0.138237,0.31511,0.062357,0.588611,-0.462975,-0.692794,0.717304,0.161449,-0.484097,0.501868,-0.796481,-0.315179,0.122738
2026-03-27T17:06:36.828005+00:00,12.227585,1774631196828004700,0.29886,0.684402,-0.202997,0.650968,-0.123083,-0.67765,-0.319963,0.157416,0.140019,0.313872,0.066088,0.576198,-0.451236,-0.676464,0.719356,0.15923,-0.483654,0.502197,-0.796862,-0.310911,0.123881
2026-03-27T17:06:36.845273+00:00,12.244854,1774631196845273700,0.299542,0.684364,-0.202971,0.650835,-0.121629,-0.677266,-0.320182,0.154664,0.141625,0.312564,0.071142,0.547805,-0.428164,-0.643042,0.721362,0.15691,-0.483254,0.502027,-0.79873,-0.306353,0.125761
2026-03-27T17:06:36.862217+00:00,12.261797,1774631196862216700,0.300194,0.684267,-0.202971,0.649635,-0.120665,-0.678945,-0.320991,0.152175,0.143,0.311411,0.070334,0.564259,-0.440064,-0.66177,0.723289,0.154632,-0.482834,0.502206,-0.800278,-0.301598,0.127655
2026-03-27T17:06:36.879282+00:00,12.278862,1774631196879282400,0.300803,0.684179,-0.202913,0.648904,-0.119702,-0.679136,-0.321328,0.149676,0.144302,0.310245,0.069534,0.580707,-0.451952,-0.680452,0.725079,0.152352,-0.48241,0.503137,-0.800825,-0.296465,0.129754
2026-03-27T17:06:36.896308+00:00,12.295888,1774631196896307700,0.301381,0.684066,-0.202834,0.64772,-0.118957,-0.68033,-0.321861,0.147402,0.145423,0.309166,0.070265,0.584254,-0.453566,-0.683995,0.726809,0.149936,-0.481927,0.503622,-0.802662,-0.291919,0.131873
2026-03-27T17:06:36.913456+00:00,12.313035,1774631196913455500,0.301938,0.683961,-0.202715,0.646521,-0.118243,-0.681569,-0.322353,0.145125,0.146478,0.308067,0.068379,0.61084,-0.472914,-0.714086,0.72851,0.147382,-0.481375,0.503472,-0.804888,-0.286665,0.133353
2026-03-27T17:06:36.930503+00:00,12.330083,1774631196930502700,0.302431,0.683852,-0.202567,0.645345,-0.117642,-0.682757,-0.322592,0.143023,0.147349,0.307044,0.073252,0.577207,-0.446206,-0.674018,0.730201,0.144719,-0.480735,0.503337,-0.805607,-0.280588,0.134464
2026-03-27T17:06:36.947498+00:00,12.347078,1774631196947498200,0.30286,0.68375,-0.20242,0.644227,-0.117072,-0.683776,-0.322798,0.140996,0.148122,0.305983,0.071227,0.60047,-0.462981,-0.700105,0.731774,0.141964,-0.48005,0.502814,-0.807688,-0.274645,0.135722
2026-03-27T17:06:36.964572+00:00,12.364152,1774631196964572000,0.303201,0.683701,-0.202173,0.642605,-0.116701,-0.685047,-0.32304,0.139068,0.148711,0.304929,0.071905,0.599889,-0.461302,-0.698868,0.733327,0.139084,-0.47925,0.502333,-0.810466,-0.268873,0.136992
2026-03-27T17:06:36.981583+00:00,12.381163,1774631196981583000,0.303602,0.683541,-0.201877,0.641346,-0.116193,-0.686284,-0.323069,0.137389,0.149072,0.303962,0.076373,0.568147,-0.436,-0.661782,0.734908,0.136148,-0.47844,0.502552,-0.812492,-0.263174,0.13797
2026-03-27T17:06:36.999744+00:00,12.399324,1774631196999744000,0.30395,0.68346,-0.201642,0.639791,-0.115662,-0.687803,-0.323116,0.13581,0.149285,0.302987,0.076749,0.568566,-0.435376,-0.66211,0.736561,0.133114,-0.477548,0.503337,-0.813656,-0.257394,0.139133
2026-03-27T17:06:37.016259+00:00,12.415839,1774631197016259300,0.304242,0.683401,-0.201345,0.63855,-0.11492,-0.689246,-0.322715,0.134459,0.149396,0.302103,0.07262,0.60102,-0.459643,-0.69997,0.738024,0.130274,-0.476478,0.506633,-0.812849,-0.252265,0.139479
2026-03-27T17:06:37.033318+00:00,12.432898,1774631197033317700,0.304507,0.68328,-0.200983,0.636337,-0.114136,-0.69128,-0.322777,0.133228,0.149442,0.301275,0.074197,0.584692,-0.446996,-0.680897,0.739675,0.127407,-0.475357,0.509198,-0.812875,-0.246356,0.137195
2026-03-27T17:06:37.050332+00:00,12.449912,1774631197050331700,0.304684,0.683165,-0.200675,0.634758,-0.113629,-0.692747,-0.322914,0.132154,0.149417,0.300466,0.071151,0.60235,-0.460278,-0.701942,0.741528,0.124626,-0.473938,0.510618,-0.813572,-0.240852,0.134054
2026-03-27T17:06:37.067369+00:00,12.466949,1774631197067368900,0.304886,0.683034,-0.200381,0.632371,-0.113446,-0.695247,-0.323157,0.131224,0.149314,0.299764,0.068219,0.619742,-0.472909,-0.722839,0.743525,0.121986,-0.472271,0.510328,-0.816362,-0.236723,0.130706
2026-03-27T17:06:37.084447+00:00,12.484027,1774631197084447300,0.30505,0.682948,-0.200068,0.630873,-0.11329,-0.696191,-0.322776,0.130408,0.148967,0.299154,0.074745,0.558639,-0.425754,-0.652572,0.745319,0.119758,-0.470741,0.510489,-0.818266,-0.233169,0.128316
2026-03-27T17:06:37.101520+00:00,12.5011,1774631197101520500,0.305224,0.682873,-0.199798,0.628993,-0.11319,-0.697983,-0.322607,0.129679,0.148611,0.29856,0.07398,0.557995,-0.424588,-0.652767,0.746982,0.117742,-0.469201,0.510792,-0.819421,-0.229702,0.125962
2026-03-27T17:06:37.118770+00:00,12.51835,1774631197118769900,0.305458,0.68283,-0.199542,0.627191,-0.113687,-0.700516,-0.321909,0.129424,0.148487,0.298238,0.069172,0.592215,-0.450259,-0.694626,0.748205,0.116463,-0.467699,0.511654,-0.818086,-0.229091,0.125853
2026-03-27T17:06:37.135765+00:00,12.535345,1774631197135765300,0.305608,0.682862,-0.19925,0.625819,-0.113598,-0.70134,-0.321133,0.128959,0.148312,0.297755,0.069966,0.579933,-0.441225,-0.681443,0.749532,0.115114,-0.466249,0.512304,-0.818365,-0.22821,0.125395
2026-03-27T17:06:37.152788+00:00,12.552368,1774631197152788200,0.305767,0.68276,-0.198922,0.623962,-0.113649,-0.703147,-0.320569,0.128631,0.148109,0.297257,0.070584,0.57087,-0.435531,-0.672642,0.750583,0.113942,-0.464991,0.513476,-0.817563,-0.22719,0.125849
2026-03-27T17:06:37.169793+00:00,12.569373,1774631197169792900,0.305918,0.682788,-0.198645,0.621918,-0.113735,-0.705754,-0.320282,0.128245,0.148104,0.296611,0.066705,0.603644,-0.462294,-0.713166,0.751513,0.112641,-0.463849,0.514196,-0.818152,-0.225481,0.126323
2026-03-27T17:06:37.186941+00:00,12.586521,1774631197186941200,0.306028,0.682891,-0.198361,0.620149,-0.113699,-0.707555,-0.319757,0.127904,0.148205,0.296091,0.066781,0.602592,-0.463332,-0.713227,0.752423,0.111255,-0.462764,0.515454,-0.817958,-0.223134,0.126608
2026-03-27T17:06:37.203907+00:00,12.603488,1774631197203907700,0.306138,0.683017,-0.198151,0.619121,-0.113818,-0.708573,-0.318786,0.127604,0.148012,0.295571,0.070625,0.567384,-0.437777,-0.672496,0.753381,0.109345,-0.461997,0.516505,-0.819144,-0.217747,0.126087
2026-03-27T17:06:37.223795+00:00,12.623375,1774631197223795100,0.306262,0.683151,-0.197887,0.617466,-0.113823,-0.710199,-0.317892,0.127288,0.148057,0.295047,0.070329,0.566809,-0.438289,-0.672495,0.754416,0.107138,-0.461062,0.517727,-0.819894,-0.2122,0.125631
2026-03-27T17:06:37.240773+00:00,12.640352,1774631197240772500,0.306361,0.683246,-0.197667,0.615939,-0.113638,-0.711685,-0.317455,0.12709,0.148039,0.29468,0.071389,0.557856,-0.431941,-0.662348,0.75512,0.104836,-0.460704,0.51699,-0.821436,-0.205727,0.124653
2026-03-27T17:06:37.257646+00:00,12.657226,1774631197257646400,0.306447,0.683316,-0.197482,0.614812,-0.113379,-0.712794,-0.317042,0.127003,0.148026,0.294358,0.069923,0.567335,-0.440989,-0.675432,0.755963,0.102574,-0.46009,0.515911,-0.822871,-0.200002,0.12475
2026-03-27T17:06:37.275027+00:00,12.674607,1774631197275027000,0.30659,0.683383,-0.197418,0.613832,-0.112964,-0.714374,-0.317131,0.126871,0.147973,0.294096,0.06827,0.574112,-0.448013,-0.685379,0.756485,0.100478,-0.459663,0.514065,-0.825925,-0.19527,0.12548
2026-03-27T17:06:37.291771+00:00,12.691351,1774631197291771000,0.306729,0.683459,-0.197352,0.613124,-0.112568,-0.715234,-0.316704,0.126783,0.147911,0.293928,0.069917,0.551965,-0.432535,-0.660152,0.756939,0.098536,-0.459344,0.512234,-0.828054,-0.190808,0.125817
2026-03-27T17:06:37.308801+00:00,12.708381,1774631197308800700,0.306909,0.683505,-0.197281,0.61263,-0.11198,-0.715495,-0.316335,0.126743,0.147868,0.293751,0.064348,0.58963,-0.463959,-0.70715,0.75727,0.097091,-0.459031,0.508945,-0.830156,-0.188603,0.125854
2026-03-27T17:06:37.325841+00:00,12.725421,1774631197325841300,0.307128,0.683512,-0.197272,0.611993,-0.111556,-0.716113,-0.316738,0.126597,0.147784,0.293649,0.066051,0.565236,-0.446643,-0.679195,0.757556,0.095722,-0.458762,0.505604,-0.83381,-0.186433,0.126294
2026-03-27T17:06:37.342875+00:00,12.742455,1774631197342875200,0.307392,0.68348,-0.197283,0.611519,-0.111251,-0.716545,-0.316837,0.126492,0.147705,0.293578,0.064278,0.571868,-0.453577,-0.688952,0.757763,0.094712,-0.458462,0.503543,-0.834446,-0.184194,0.12699
2026-03-27T17:06:37.359904+00:00,12.759484,1774631197359903700,0.307668,0.683424,-0.197348,0.611363,-0.111313,-0.716682,-0.317553,0.12634,0.147646,0.293557,0.063378,0.572861,-0.455612,-0.6908,0.757937,0.093939,-0.458073,0.499343,-0.837457,-0.183005,0.127173
2026-03-27T17:06:37.376945+00:00,12.776525,1774631197376945500,0.307947,0.683277,-0.197414,0.611087,-0.111604,-0.716347,-0.318051,0.126205,0.147583,0.293522,0.063315,0.567145,-0.452332,-0.685608,0.757981,0.093617,-0.457638,0.497096,-0.837945,-0.183068,0.126939
2026-03-27T17:06:37.394566+00:00,12.794146,1774631197394566100,0.308197,0.682983,-0.197583,0.61063,-0.112215,-0.71674,-0.318864,0.126058,0.147544,0.293627,0.062359,0.571708,-0.457302,-0.691916,0.757889,0.09366,-0.457101,0.494555,-0.840562,-0.185079,0.126687
2026-03-27T17:06:37.410854+00:00,12.810434,1774631197410853800,0.308346,0.682705,-0.197732,0.610021,-0.112935,-0.716506,-0.319339,0.125974,0.147487,0.293841,0.066641,0.532573,-0.427571,-0.645798,0.75789,0.094055,-0.45656,0.494664,-0.838481,-0.189669,0.12624
2026-03-27T17:06:37.431809+00:00,12.831389,1774631197431809200,0.308477,0.682378,-0.197878,0.609221,-0.114115,-0.716416,-0.31974,0.12584,0.147522,0.294249,0.063193,0.56082,-0.451824,-0.680735,0.757485,0.095615,-0.45587,0.494093,-0.837386,-0.197124,0.125835
2026-03-27T17:06:37.448673+00:00,12.848253,1774631197448673300,0.308498,0.682156,-0.198016,0.608631,-0.115471,-0.716425,-0.319634,0.125801,0.147568,0.294627,0.065735,0.538836,-0.435653,-0.655222,0.757087,0.097675,-0.455357,0.493345,-0.836175,-0.205853,0.125792
2026-03-27T17:06:37.465780+00:00,12.865359,1774631197465779500,0.3085,0.681928,-0.198148,0.607734,-0.117163,-0.717369,-0.319794,0.125671,0.147638,0.295126,0.062359,0.567107,-0.459407,-0.689872,0.756626,0.099803,-0.454997,0.492316,-0.833801,-0.213485,0.125843
2026-03-27T17:06:37.482681+00:00,12.882261,1774631197482681300,0.308464,0.681705,-0.198276,0.606794,-0.118881,-0.717771,-0.319741,0.125471,0.147702,0.295647,0.060493,0.581115,-0.471362,-0.707176,0.756134,0.101899,-0.454821,0.488676,-0.834267,-0.2203,0.126613
2026-03-27T17:06:37.499745+00:00,12.899325,1774631197499744900,0.308353,0.681472,-0.198341,0.605524,-0.120762,-0.718846,-0.319867,0.125121,0.147767,0.296159,0.065608,0.533469,-0.432909,-0.648993,0.755631,0.103987,-0.454763,0.482873,-0.836782,-0.225595,0.128102
2026-03-27T17:06:37.516750+00:00,12.91633,1774631197516749600,0.308256,0.681212,-0.198332,0.603855,-0.122548,-0.720176,-0.320415,0.124768,0.147874,0.296591,0.061156,0.574261,-0.465651,-0.698124,0.75494,0.106091,-0.455072,0.476075,-0.838657,-0.229087,0.13073
2026-03-27T17:06:37.533819+00:00,12.933399,1774631197533819400,0.307865,0.680948,-0.198156,0.602078,-0.124193,-0.721023,-0.320495,0.124279,0.148016,0.296965,0.057531,0.615758,-0.498292,-0.746624,0.754182,0.10824,-0.456045,0.466519,-0.843059,-0.231568,0.135094
2026-03-27T17:06:37.550846+00:00,12.950426,1774631197550845800,0.307292,0.680598,-0.198013,0.599182,-0.126094,-0.722577,-0.32114,0.123718,0.14813,0.297267,0.063258,0.563626,-0.455904,-0.682237,0.753127,0.11047,-0.457454,0.45595,-0.847435,-0.233048,0.140185
2026-03-27T17:06:37.567848+00:00,12.967428,1774631197567848500,0.306622,0.680158,-0.197658,0.596385,-0.128181,-0.724195,-0.321779,0.123129,0.148217,0.297497,0.062369,0.572774,-0.463225,-0.692622,0.751992,0.112699,-0.459165,0.443148,-0.853558,-0.234546,0.145773
2026-03-27T17:06:37.584889+00:00,12.984469,1774631197584889300,0.305886,0.67965,-0.197179,0.593406,-0.130404,-0.725244,-0.322658,0.122483,0.148255,0.297715,0.063238,0.564539,-0.456221,-0.681293,0.750639,0.114997,-0.461269,0.430321,-0.859248,-0.235832,0.151187
2026-03-27T17:06:37.601915+00:00,13.001495,1774631197601915400,0.305046,0.678908,-0.196795,0.590032,-0.1335,-0.727088,-0.32447,0.121786,0.148265,0.297865,0.057752,0.615656,-0.498207,-0.743146,0.749157,0.117311,-0.463603,0.418171,-0.863295,-0.236795,0.156398
2026-03-27T17:06:37.619027+00:00,13.018607,1774631197619026700,0.30421,0.678098,-0.196359,0.586268,-0.13676,-0.72923,-0.326076,0.120972,0.148217,0.29799,0.065657,0.538041,-0.436311,-0.649541,0.747419,0.119705,-0.466295,0.406126,-0.867776,-0.237953,0.161681
2026-03-27T17:06:37.636080+00:00,13.03566,1774631197636080300,0.303247,0.677007,-0.196066,0.582584,-0.140452,-0.729877,-0.328487,0.120108,0.148332,0.298144,0.059791,0.587127,-0.475955,-0.708314,0.745653,0.12207,-0.469152,0.39534,-0.871291,-0.238802,0.165635
2026-03-27T17:06:37.655714+00:00,13.055293,1774631197655713500,0.302146,0.675819,-0.195649,0.578333,-0.144488,-0.731315,-0.331031,0.118844,0.148034,0.298069,0.059317,0.587766,-0.475794,-0.708802,0.743465,0.124801,-0.472621,0.382672,-0.875766,-0.239861,0.170172
2026-03-27T17:06:37.672330+00:00,13.07191,1774631197672330500,0.301153,0.674677,-0.19551,0.575311,-0.148183,-0.73167,-0.333249,0.117606,0.147838,0.2982,0.06245,0.557287,-0.450322,-0.671717,0.741407,0.12692,-0.475898,0.373401,-0.879846,-0.241132,0.171354
2026-03-27T17:06:37.689048+00:00,13.088628,1774631197689048300,0.300155,0.673611,-0.195374,0.571871,-0.1518,-0.73319,-0.33581,0.116189,0.147522,0.298051,0.061594,0.563044,-0.454063,-0.678084,0.739183,0.129059,-0.479348,0.364786,-0.880941,-0.24191,0.172876
2026-03-27T17:06:37.706073+00:00,13.105653,1774631197706072800,0.299042,0.672615,-0.195237,0.568488,-0.155138,-0.734592,-0.338038,0.114491,0.147207,0.297685,0.060695,0.568017,-0.457162,-0.683473,0.736731,0.131301,-0.482913,0.356334,-0.884967,-0.243334,0.175131
2026-03-27T17:06:37.723235+00:00,13.122815,1774631197723235100,0.297871,0.671737,-0.195098,0.565723,-0.158044,-0.734112,-0.339506,0.112542,0.146878,0.297184,0.054924,0.62504,-0.501576,-0.750726,0.733969,0.133471,-0.486798,0.349758,-0.885548,-0.244422,0.176982
2026-03-27T17:06:37.740232+00:00,13.139812,1774631197740231800,0.296665,0.670971,-0.195048,0.562534,-0.161079,-0.736102,-0.341388,0.110342,0.14652,0.2966,0.058026,0.588919,-0.470865,-0.705756,0.731181,0.13544,-0.4906,0.342635,-0.888343,-0.246213,0.17843
2026-03-27T17:06:37.757243+00:00,13.156823,1774631197757243200,0.295404,0.670314,-0.194986,0.560289,-0.163406,-0.735685,-0.342456,0.107778,0.146077,0.295814,0.058752,0.579154,-0.460607,-0.692497,0.72834,0.137301,-0.4946,0.335646,-0.890917,-0.247784,0.17957
2026-03-27T17:06:37.774334+00:00,13.173914,1774631197774334400,0.294089,0.669805,-0.194966,0.557551,-0.165748,-0.737128,-0.343596,0.104964,0.145589,0.294902,0.057634,0.587087,-0.463604,-0.699947,0.725456,0.139027,-0.498611,0.329532,-0.892487,-0.248707,0.180165
2026-03-27T17:06:37.791372+00:00,13.190952,1774631197791372200,0.292841,0.669464,-0.194962,0.555082,-0.167748,-0.738343,-0.344215,0.101833,0.145076,0.293896,0.062856,0.53608,-0.419154,-0.636269,0.722363,0.140663,-0.502871,0.323184,-0.896327,-0.249907,0.181393
2026-03-27T17:06:37.808328+00:00,13.207908,1774631197808328300,0.291592,0.669286,-0.195078,0.553249,-0.169666,-0.738953,-0.34375,0.098605,0.144467,0.292777,0.056299,0.597386,-0.4618,-0.706138,0.719226,0.142054,-0.507089,0.318458,-0.89523,-0.24965,0.181647
2026-03-27T17:06:37.826519+00:00,13.226099,1774631197826518700,0.2902,0.669136,-0.195288,0.551156,-0.171796,-0.740068,-0.34364,0.094824,0.143742,0.291386,0.055662,0.600502,-0.458386,-0.706947,0.715754,0.143552,-0.511702,0.312464,-0.897029,-0.249969,0.182523
2026-03-27T17:06:37.843054+00:00,13.242634,1774631197843054100,0.288976,0.668992,-0.195676,0.549478,-0.173685,-0.741859,-0.343869,0.09116,0.14311,0.290087,0.056545,0.587109,-0.44299,-0.688585,0.712398,0.144652,-0.515844,0.305559,-0.900085,-0.251022,0.184059
2026-03-27T17:06:37.863749+00:00,13.263329,1774631197863749400,0.287408,0.66887,-0.196084,0.547531,-0.175925,-0.742862,-0.343681,0.0864,0.142329,0.288245,0.055712,0.590067,-0.438543,-0.689374,0.708135,0.146085,-0.521144,0.297495,-0.902216,-0.252087,0.185443
2026-03-27T17:06:37.880433+00:00,13.280013,1774631197880433300,0.286201,0.668796,-0.196539,0.546453,-0.17716,-0.742754,-0.343698,0.082271,0.141805,0.286617,0.056095,0.584041,-0.428451,-0.679652,0.704554,0.146789,-0.525207,0.289875,-0.901603,-0.253125,0.185773
2026-03-27T17:06:37.897626+00:00,13.297206,1774631197897626300,0.285004,0.668767,-0.19703,0.545406,-0.178323,-0.74394,-0.343459,0.077826,0.141394,0.284775,0.055025,0.599116,-0.434137,-0.693885,0.700902,0.147312,-0.529394,0.280709,-0.90667,-0.253836,0.185563
2026-03-27T17:06:37.914871+00:00,13.314451,1774631197914870800,0.283701,0.668778,-0.197426,0.544935,-0.17915,-0.743703,-0.342623,0.073292,0.141049,0.282783,0.053703,0.625406,-0.447542,-0.720999,0.697103,0.147936,-0.533809,0.275049,-0.906207,-0.253397,0.184489
2026-03-27T17:06:37.931724+00:00,13.331304,1774631197931723900,0.282392,0.668747,-0.197871,0.54441,-0.179771,-0.743624,-0.342022,0.06853,0.140728,0.280733,0.05446,0.631796,-0.445999,-0.725008,0.693141,0.148633,-0.538228,0.271004,-0.907219,-0.254432,0.184687
2026-03-27T17:06:37.948695+00:00,13.348275,1774631197948695100,0.281008,0.668621,-0.198293,0.54344,-0.180629,-0.744386,-0.342357,0.063797,0.14033,0.278644,0.05507,0.638442,-0.444714,-0.730291,0.689022,0.149394,-0.542617,0.268836,-0.910272,-0.256777,0.185543
2026-03-27T17:06:37.965634+00:00,13.365214,1774631197965634300,0.279586,0.668592,-0.198674,0.542529,-0.181375,-0.745422,-0.342611,0.05903,0.139873,0.276456,0.058779,0.607442,-0.417921,-0.69338,0.684795,0.150072,-0.5471,0.267629,-0.909813,-0.258007,0.185369
2026-03-27T17:06:37.982960+00:00,13.38254,1774631197982959700,0.278064,0.668577,-0.199034,0.541601,-0.181967,-0.745802,-0.342553,0.054098,0.139474,0.274142,0.060248,0.59647,-0.406608,-0.680118,0.680457,0.150605,-0.551748,0.266819,-0.910077,-0.258995,0.184966
2026-03-27T17:06:37.999869+00:00,13.399449,1774631197999869500,0.276456,0.668582,-0.199349,0.541271,-0.182523,-0.745503,-0.342348,0.049206,0.139104,0.271755,0.060438,0.596171,-0.403913,-0.678504,0.676167,0.150985,-0.556218,0.266518,-0.907803,-0.258677,0.18434
2026-03-27T17:06:38.016918+00:00,13.416499,1774631198016918600,0.27475,0.668597,-0.199611,0.540303,-0.182714,-0.745855,-0.342314,0.044245,0.138711,0.26928,0.061529,0.584832,-0.395102,-0.665893,0.671781,0.151183,-0.560831,0.26463,-0.913163,-0.260181,0.185502
2026-03-27T17:06:38.034024+00:00,13.433604,1774631198034023900,0.272952,0.668609,-0.19985,0.538456,-0.183297,-0.747894,-0.342966,0.039333,0.138263,0.26679,0.060902,0.587735,-0.39622,-0.669592,0.667409,0.151249,-0.565407,0.264738,-0.91152,-0.259246,0.185768
2026-03-27T17:06:38.051250+00:00,13.45083,1774631198051250200,0.27101,0.66869,-0.200057,0.537521,-0.183652,-0.748281,-0.342724,0.034355,0.137773,0.264221,0.06273,0.566429,-0.381987,-0.647365,0.662983,0.151165,-0.570052,0.264602,-0.911085,-0.258562,0.186378
2026-03-27T17:06:38.068162+00:00,13.467742,1774631198068161700,0.269065,0.668824,-0.200248,0.536135,-0.184013,-0.749166,-0.342235,0.029527,0.137215,0.261689,0.059054,0.599275,-0.404316,-0.687618,0.658646,0.151122,-0.574592,0.263728,-0.912604,-0.257431,0.187321
2026-03-27T17:06:38.089012+00:00,13.488592,1774631198089012300,0.266629,0.66908,-0.200487,0.534377,-0.184661,-0.751046,-0.341908,0.023703,0.136449,0.258639,0.056938,0.623364,-0.420374,-0.718764,0.653557,0.150636,-0.579972,0.263981,-0.910237,-0.254724,0.187401
2026-03-27T17:06:38.103372+00:00,13.502952,1774631198103371700,0.264775,0.669333,-0.200669,0.532701,-0.185387,-0.752562,-0.341187,0.019417,0.135819,0.256381,0.055791,0.639097,-0.429881,-0.739936,0.64971,0.150219,-0.583977,0.264338,-0.908769,-0.252728,0.187899
2026-03-27T17:06:38.120187+00:00,13.519767,1774631198120187200,0.262624,0.669629,-0.200846,0.531493,-0.186347,-0.753115,-0.339874,0.014641,0.13493,0.253848,0.063039,0.574493,-0.384782,-0.669231,0.64534,0.149692,-0.588452,0.263543,-0.912102,-0.252201,0.189662
2026-03-27T17:06:38.137492+00:00,13.537072,1774631198137491600,0.260398,0.669926,-0.200979,0.529388,-0.187838,-0.754665,-0.338795,0.009916,0.134016,0.251265,0.059137,0.624826,-0.417423,-0.734466,0.640837,0.149114,-0.592947,0.263807,-0.910011,-0.250299,0.190384
2026-03-27T17:06:38.154459+00:00,13.554039,1774631198154458700,0.258193,0.670179,-0.201108,0.527385,-0.189455,-0.756054,-0.337425,0.005264,0.133176,0.248675,0.062088,0.601286,-0.4025,-0.713823,0.636359,0.148442,-0.597279,0.262542,-0.912063,-0.249658,0.191382
2026-03-27T17:06:38.171602+00:00,13.571182,1774631198171602400,0.255916,0.6704,-0.201194,0.525065,-0.191502,-0.7579,-0.336493,0.000678,0.13237,0.246004,0.064128,0.581009,-0.391626,-0.697629,0.631855,0.147687,-0.601438,0.261216,-0.914728,-0.24959,0.192264
2026-03-27T17:06:38.188978+00:00,13.588558,1774631198188978400,0.253604,0.67065,-0.201237,0.52305,-0.193173,-0.759434,-0.335235,-0.00389,0.131556,0.24328,0.059745,0.614827,-0.418939,-0.747068,0.627274,0.146867,-0.605509,0.261848,-0.91379,-0.249249,0.191954
2026-03-27T17:06:38.205916+00:00,13.605496,1774631198205915700,0.25131,0.670941,-0.201209,0.520836,-0.194589,-0.761174,-0.334102,-0.00838,0.130616,0.240596,0.064862,0.550854,-0.380755,-0.677856,0.622887,0.146007,-0.609317,0.264462,-0.910666,-0.248772,0.190663
2026-03-27T17:06:38.223025+00:00,13.622605,1774631198223025400,0.248977,0.671238,-0.201128,0.518606,-0.195864,-0.763332,-0.332967,-0.012906,0.129509,0.237901,0.059382,0.582807,-0.408233,-0.726247,0.618596,0.145062,-0.613076,0.26765,-0.910881,-0.249072,0.189225
2026-03-27T17:06:38.240128+00:00,13.639708,1774631198240127700,0.246603,0.671562,-0.200979,0.516557,-0.19633,-0.764832,-0.331966,-0.017543,0.128136,0.235193,0.062311,0.539857,-0.382499,-0.680638,0.614488,0.144092,-0.616819,0.270775,-0.912766,-0.249503,0.188021
2026-03-27T17:06:38.258752+00:00,13.658332,1774631198258752300,0.243979,0.671887,-0.200813,0.514728,-0.19626,-0.76607,-0.330973,-0.022622,0.126347,0.232279,0.060911,0.536622,-0.382981,-0.68452,0.610087,0.142551,-0.620928,0.274545,-0.912327,-0.248026,0.186392
2026-03-27T17:06:38.274130+00:00,13.67371,1774631198274129700,0.241789,0.672083,-0.200702,0.513172,-0.195913,-0.767045,-0.330434,-0.026976,0.124602,0.229951,0.059883,0.533552,-0.381175,-0.686484,0.606447,0.140973,-0.624512,0.277923,-0.90848,-0.244755,0.18503
2026-03-27T17:06:38.295835+00:00,13.695415,1774631198295835000,0.238791,0.672327,-0.200559,0.510745,-0.195481,-0.769587,-0.330791,-0.033134,0.12196,0.226817,0.060065,0.513742,-0.36645,-0.668347,0.601513,0.138737,-0.629331,0.281141,-0.908862,-0.241331,0.184473
2026-03-27T17:06:38.312109+00:00,13.711689,1774631198312109400,0.236638,0.672486,-0.200476,0.509578,-0.194901,-0.77073,-0.330682,-0.037796,0.1199,0.224446,0.053091,0.573491,-0.408925,-0.752117,0.59796,0.136975,-0.633031,0.284409,-0.908896,-0.238418,0.183624
2026-03-27T17:06:38.329205+00:00,13.728785,1774631198329205100,0.234406,0.672652,-0.200331,0.508376,-0.194103,-0.771327,-0.33063,-0.042571,0.117717,0.222001,0.055465,0.540973,-0.386864,-0.715911,0.594244,0.135097,-0.636791,0.287828,-0.909891,-0.235914,0.18291
2026-03-27T17:06:38.346276+00:00,13.745856,1774631198346275700,0.232187,0.672782,-0.200212,0.507851,-0.193366,-0.771122,-0.330474,-0.047197,0.11555,0.219564,0.053641,0.543959,-0.391864,-0.727125,0.590576,0.133206,-0.640473,0.291463,-0.911888,-0.233912,0.182465
2026-03-27T17:06:38.363376+00:00,13.762956,1774631198363375600,0.230062,0.672834,-0.200169,0.506467,-0.192851,-0.773367,-0.331539,-0.051684,0.113371,0.217143,0.050349,0.549227,-0.401214,-0.744297,0.587102,0.131353,-0.644012,0.297018,-0.908521,-0.230809,0.180518
2026-03-27T17:06:38.380515+00:00,13.780094,1774631198380514500,0.227954,0.672886,-0.200137,0.505732,-0.192007,-0.773488,-0.332017,-0.056095,0.11121,0.214753,0.047429,0.542024,-0.402452,-0.744362,0.583729,0.129562,-0.647521,0.301574,-0.908734,-0.22838,0.179272
2026-03-27T17:06:38.397360+00:00,13.796939,1774631198397359500,0.225904,0.672995,-0.200105,0.50578,-0.191037,-0.772094,-0.331807,-0.060248,0.109149,0.212383,0.047939,0.501206,-0.377578,-0.697352,0.580527,0.127805,-0.650773,0.305431,-0.907966,-0.225444,0.178416
2026-03-27T17:06:38.414472+00:00,13.814052,1774631198414472500,0.224055,0.67302,-0.200062,0.504683,-0.190315,-0.77422,-0.331886,-0.06426,0.107135,0.209886,0.040515,0.563133,-0.428153,-0.79312,0.577447,0.126097,-0.653892,0.307949,-0.909559,-0.22264,0.178828
2026-03-27T17:06:38.431494+00:00,13.831074,1774631198431493900,0.222116,0.673082,-0.20004,0.504329,-0.189469,-0.774481,-0.331519,-0.06816,0.105202,0.20735,0.040313,0.548487,-0.419167,-0.78127,0.574422,0.124471,-0.656988,0.311574,-0.907662,-0.219032,0.178962
2026-03-27T17:06:38.448524+00:00,13.848104,1774631198448524100,0.220139,0.673312,-0.200032,0.503802,-0.188689,-0.774982,-0.331536,-0.071893,0.103372,0.204788,0.040266,0.539011,-0.412662,-0.776324,0.571611,0.123046,-0.659916,0.315818,-0.904439,-0.215966,0.179279
2026-03-27T17:06:38.465653+00:00,13.865233,1774631198465652800,0.218222,0.673426,-0.200065,0.50277,-0.187986,-0.775986,-0.33172,-0.075517,0.101693,0.20221,0.043824,0.491015,-0.37703,-0.715622,0.568898,0.121901,-0.662802,0.318398,-0.907095,-0.214977,0.180413
2026-03-27T17:06:38.482691+00:00,13.882271,1774631198482691200,0.216306,0.673509,-0.200109,0.501949,-0.187244,-0.776799,-0.332164,-0.078942,0.100207,0.199671,0.04366,0.487378,-0.376473,-0.718513,0.56652,0.120947,-0.665467,0.32213,-0.905965,-0.213884,0.180385
2026-03-27T17:06:38.499667+00:00,13.899247,1774631198499666600,0.214372,0.673586,-0.200158,0.500787,-0.186616,-0.777563,-0.332507,-0.082189,0.098899,0.197161,0.039524,0.523961,-0.408917,-0.782674,0.564318,0.120126,-0.668012,0.327651,-0.901223,-0.212406,0.178601
2026-03-27T17:06:38.516630+00:00,13.91621,1774631198516629900,0.212428,0.673686,-0.200204,0.499477,-0.185824,-0.778254,-0.33231,-0.085229,0.097625,0.194717,0.044116,0.446632,-0.353223,-0.67751,0.562361,0.119309,-0.670261,0.332101,-0.902835,-0.212385,0.177411
2026-03-27T17:06:38.535841+00:00,13.935421,1774631198535840800,0.210261,0.67385,-0.200269,0.497909,-0.185229,-0.779735,-0.33235,-0.08835,0.096244,0.192127,0.035954,0.512331,-0.411625,-0.791339,0.560261,0.118466,-0.672641,0.339005,-0.898778,-0.210956,0.174831
2026-03-27T17:06:38.550717+00:00,13.950297,1774631198550717500,0.20845,0.674069,-0.200272,0.496643,-0.184614,-0.780188,-0.331752,-0.090787,0.095115,0.190124,0.029531,0.586025,-0.477595,-0.919454,0.558763,0.117773,-0.674301,0.343805,-0.899859,-0.211477,0.172925
2026-03-27T17:06:38.567724+00:00,13.967305,1774631198567724600,0.206459,0.674349,-0.200286,0.495149,-0.184231,-0.781121,-0.331193,-0.093449,0.093762,0.188067,0.038,0.419567,-0.34637,-0.668994,0.557204,0.117019,-0.675954,0.350027,-0.89747,-0.211207,0.170009
2026-03-27T17:06:38.585023+00:00,13.984603,1774631198585023100,0.204508,0.674699,-0.200305,0.492927,-0.183889,-0.783653,-0.331015,-0.096078,0.092247,0.186052,0.037358,0.38479,-0.320554,-0.623672,0.555652,0.116269,-0.677263,0.355668,-0.896496,-0.211404,0.166663
2026-03-27T17:06:38.602059+00:00,14.001639,1774631198602059000,0.202575,0.675119,-0.200289,0.49083,-0.183573,-0.785615,-0.330325,-0.098538,0.09056,0.184321,0.02286,0.550339,-0.460815,-0.906197,0.554369,0.1159,-0.677829,0.365464,-0.892908,-0.212555,0.160634
2026-03-27T17:06:38.619112+00:00,14.018692,1774631198619112300,0.200644,0.675533,-0.200238,0.489055,-0.18312,-0.786739,-0.32942,-0.10102,0.089004,0.18289,0.024005,0.449371,-0.377094,-0.749294,0.553299,0.11555,-0.678154,0.374574,-0.889843,-0.214748,0.154628
2026-03-27T17:06:38.636259+00:00,14.035839,1774631198636259100,0.198768,0.675959,-0.200161,0.487173,-0.182649,-0.787958,-0.328484,-0.10348,0.087626,0.181626,0.019269,0.485466,-0.406243,-0.816486,0.552213,0.115482,-0.67838,0.384653,-0.883599,-0.21643,0.149533
2026-03-27T17:06:38.653388+00:00,14.052968,1774631198653388000,0.196936,0.67636,-0.200087,0.485331,-0.182282,-0.789566,-0.327695,-0.105912,0.086593,0.180613,0.011417,0.73797,-0.613267,-1.245975,0.551138,0.11587,-0.67815,0.393582,-0.880293,-0.218583,0.146435
2026-03-27T17:06:38.670254+00:00,14.069834,1774631198670254400,0.195241,0.676727,-0.200003,0.483361,-0.181848,-0.791006,-0.327191,-0.108251,0.08597,0.179824,0.021627,0.365238,-0.30156,-0.61556,0.550014,0.116816,-0.677641,0.404523,-0.874859,-0.220654,0.143939
2026-03-27T17:06:38.687085+00:00,14.086665,1774631198687085000,0.193602,0.677037,-0.199914,0.481517,-0.181501,-0.792604,-0.326499,-0.110562,0.085789,0.179336,0.014179,0.541958,-0.444244,-0.906926,0.549034,0.1181,-0.67679,0.415213,-0.871183,-0.224375,0.142068
2026-03-27T17:06:38.704043+00:00,14.103623,1774631198704043200,0.19204,0.677284,-0.199836,0.479518,-0.181217,-0.794472,-0.326205,-0.112779,0.08585,0.179057,1e-06,7717.579603,-6287.232041,-12775.979936,0.548038,0.119803,-0.675935,0.42659,-0.863289,-0.22801,0.140315
2026-03-27T17:06:38.722741+00:00,14.122321,1774631198722740900,0.19056,0.677439,-0.199779,0.478097,-0.181079,-0.795277,-0.325874,-0.115048,0.086653,0.179094,0.024438,0.325852,-0.263547,-0.531396,0.547179,0.121841,-0.674906,0.436522,-0.857835,-0.232181,0.140187
2026-03-27T17:06:38.738199+00:00,14.137779,1774631198738199200,0.189187,0.677478,-0.1997,0.476869,-0.181188,-0.795884,-0.325257,-0.117084,0.087702,0.179259,0.01269,0.674729,-0.540564,-1.083843,0.546263,0.124192,-0.674226,0.446333,-0.850557,-0.236096,0.141782
2026-03-27T17:06:38.759943+00:00,14.159523,1774631198759942600,0.18734,0.677637,-0.199565,0.474674,-0.18119,-0.797368,-0.325045,-0.119652,0.08931,0.179881,1e-06,9713.679552,-7652.744651,-15224.888921,0.545047,0.127823,-0.673207,0.459011,-0.841374,-0.242947,0.145968
2026-03-27T17:06:38.776477+00:00,14.176057,1774631198776477500,0.185695,0.67797,-0.199478,0.472484,-0.180747,-0.799144,-0.324947,-0.121403,0.090675,0.180533,0.021025,0.516276,-0.399642,-0.792027,0.543804,0.131401,-0.672362,0.469932,-0.833012,-0.249511,0.151341
2026-03-27T17:06:38.793728+00:00,14.193308,1774631198793728000,0.18419,0.678131,-0.199295,0.470237,-0.180603,-0.801083,-0.324881,-0.122971,0.092103,0.181566,0.008654,1.399144,-1.063743,-2.096025,0.542535,0.135451,-0.671224,0.483406,-0.82139,-0.256479,0.156128
2026-03-27T17:06:38.810727+00:00,14.210307,1774631198810727100,0.182747,0.678314,-0.199093,0.468359,-0.180366,-0.802408,-0.324736,-0.124008,0.093439,0.182654,0.021906,0.591452,-0.442524,-0.86696,0.541158,0.139947,-0.669836,0.497688,-0.810826,-0.264466,0.161046
2026-03-27T17:06:38.827995+00:00,14.227575,1774631198827995100,0.181233,0.67853,-0.198848,0.467088,-0.179988,-0.802296,-0.323893,-0.124829,0.094752,0.183873,0.032979,0.4135,-0.305031,-0.593752,0.53968,0.145019,-0.667993,0.515152,-0.795557,-0.271633,0.165283
2026-03-27T17:06:38.845033+00:00,14.244613,1774631198845032600,0.179793,0.678781,-0.198619,0.465522,-0.179687,-0.803273,-0.323306,-0.124899,0.095961,0.185059,0.033012,0.433969,-0.317496,-0.613386,0.538131,0.150324,-0.665758,0.532723,-0.780647,-0.279153,0.169429
2026-03-27T17:06:38.861857+00:00,14.261437,1774631198861857300,0.178401,0.679084,-0.19838,0.463244,-0.179382,-0.8057,-0.323356,-0.124724,0.097165,0.186252,0.019743,0.757644,-0.552095,-1.056784,0.536628,0.155581,-0.663484,0.549612,-0.765344,-0.286299,0.173371
2026-03-27T17:06:38.878974+00:00,14.278554,1774631198878974500,0.176947,0.679428,-0.198072,0.461251,-0.178746,-0.807604,-0.322516,-0.123719,0.098329,0.187389,0.027938,0.552246,-0.403591,-0.76182,0.534384,0.161728,-0.659683,0.564781,-0.748626,-0.296364,0.178119
2026-03-27T17:06:38.896044+00:00,14.295624,1774631198896043900,0.175506,0.679784,-0.197733,0.459275,-0.178307,-0.809017,-0.321522,-0.122074,0.099426,0.188501,0.035225,0.445389,-0.327336,-0.609524,0.532363,0.167485,-0.6561,0.577889,-0.733415,-0.30699,0.183093
2026-03-27T17:06:38.913140+00:00,14.31272,1774631198913140200,0.174079,0.68007,-0.197411,0.457415,-0.178362,-0.810612,-0.321018,-0.11992,0.100343,0.1895,0.026145,0.605442,-0.448902,-0.825123,0.530264,0.172753,-0.651741,0.578942,-0.725159,-0.321919,0.188009
2026-03-27T17:06:38.930740+00:00,14.33032,1774631198930739600,0.172585,0.680352,-0.197043,0.455917,-0.177919,-0.810938,-0.319841,-0.117106,0.101112,0.190423,0.024883,0.638239,-0.478247,-0.868114,0.528278,0.178061,-0.647302,0.581218,-0.716442,-0.335784,0.192376
2026-03-27T17:06:38.947092+00:00,14.346672,1774631198947092300,0.171141,0.680531,-0.196685,0.453927,-0.177363,-0.812011,-0.319834,-0.114122,0.101699,0.191193,0.029577,0.534811,-0.405561,-0.727804,0.526444,0.182718,-0.642544,0.578996,-0.711384,-0.348515,0.195633
2026-03-27T17:06:38.967699+00:00,14.367279,1774631198967698600,0.169374,0.680771,-0.196253,0.451409,-0.176766,-0.813636,-0.31958,-0.110074,0.102151,0.191885,0.029545,0.532735,-0.41001,-0.726803,0.524228,0.188502,-0.63651,0.578164,-0.703256,-0.36384,0.199553
2026-03-27T17:06:38.984197+00:00,14.383777,1774631198984196900,0.168085,0.680769,-0.196092,0.449761,-0.176451,-0.814871,-0.319175,-0.106361,0.10225,0.192301,0.023877,0.634707,-0.495927,-0.870804,0.522712,0.192686,-0.630737,0.57549,-0.699254,-0.37403,0.199396
2026-03-27T17:06:39.001274+00:00,14.400854,1774631199001273800,0.166501,0.681126,-0.195575,0.447513,-0.176486,-0.817294,-0.318938,-0.10245,0.102172,0.192655,0.024782,0.554673,-0.441918,-0.766685,0.521223,0.196848,-0.624869,0.57141,-0.696624,-0.385344,0.200121
2026-03-27T17:06:39.018270+00:00,14.41785,1774631199018269800,0.165072,0.681361,-0.19527,0.445997,-0.176005,-0.818122,-0.318484,-0.098383,0.101936,0.192909,0.027533,0.422411,-0.344785,-0.589535,0.519823,0.200706,-0.618769,0.566389,-0.694269,-0.395733,0.200117
2026-03-27T17:06:39.035258+00:00,14.434838,1774631199035258000,0.163579,0.681611,-0.194916,0.444415,-0.174982,-0.818134,-0.317934,-0.094211,0.101543,0.19308,0.012197,0.757642,-0.635001,-1.069723,0.518473,0.204293,-0.612429,0.558632,-0.695744,-0.406137,0.199484
2026-03-27T17:06:39.052257+00:00,14.451837,1774631199052256600,0.16217,0.681845,-0.194658,0.441998,-0.17455,-0.820746,-0.318073,-0.090086,0.101084,0.19315,0.013887,0.497939,-0.429679,-0.712804,0.517152,0.207675,-0.605929,0.550425,-0.696603,-0.415454,0.197696
2026-03-27T17:06:39.069674+00:00,14.469254,1774631199069674400,0.160708,0.682156,-0.194413,0.44077,-0.174201,-0.821092,-0.317239,-0.085852,0.100518,0.193102,0.01142,0.380133,-0.338496,-0.551473,0.515837,0.21081,-0.599147,0.542346,-0.698307,-0.424274,0.195312
2026-03-27T17:06:39.087593+00:00,14.487173,1774631199087592700,0.1593,0.682488,-0.194213,0.439223,-0.17376,-0.82207,-0.316529,-0.081863,0.099834,0.192991,0.010969,0.164499,-0.150904,-0.241067,0.514531,0.213894,-0.592157,0.534917,-0.699416,-0.432538,0.192958
2026-03-27T17:06:39.103922+00:00,14.503502,1774631199103921800,0.157977,0.682831,-0.193999,0.436806,-0.173646,-0.825184,-0.316668,-0.078195,0.099155,0.1929,0.022952,-0.000722,0.000678,0.001067,0.513109,0.216467,-0.585449,0.527674,-0.701379,-0.439298,0.190259
2026-03-27T17:06:39.120994+00:00,14.520574,1774631199120993900,0.156817,0.683103,-0.193834,0.436158,-0.172774,-0.824208,-0.315041,-0.074486,0.098454,0.192481,0.009934,-0.11248,0.108074,0.168128,0.511771,0.218852,-0.578619,0.519199,-0.704988,-0.446616,0.187599
2026-03-27T17:06:39.138145+00:00,14.537725,1774631199138145400,0.155564,0.683477,-0.193688,0.434714,-0.172437,-0.825327,-0.314273,-0.071372,0.097735,0.191938,0.010301,-0.167786,0.163847,0.252616,0.510429,0.221112,-0.571807,0.510765,-0.707767,-0.453184,0.184665
2026-03-27T17:06:39.155103+00:00,14.554683,1774631199155102900,0.154277,0.683943,-0.193521,0.433409,-0.172334,-0.826607,-0.313887,-0.068372,0.097293,0.191518,0.014665,-0.161649,0.159924,0.244469,0.50882,0.222938,-0.565272,0.502523,-0.71124,-0.457486,0.182105
2026-03-27T17:06:39.172182+00:00,14.571762,1774631199172181800,0.153145,0.684283,-0.19333,0.43211,-0.172071,-0.827648,-0.313173,-0.065797,0.096641,0.190853,1e-06,-2598.717809,2588.436007,3939.516842,0.507148,0.224578,-0.558717,0.494031,-0.714637,-0.461636,0.17958
2026-03-27T17:06:39.191295+00:00,14.590875,1774631199191294800,0.151968,0.684583,-0.193224,0.430641,-0.171913,-0.829594,-0.312947,-0.063137,0.095747,0.189984,1e-06,-2650.544047,2652.466297,4026.897252,0.50528,0.226188,-0.551618,0.484343,-0.718749,-0.466605,0.177093
2026-03-27T17:06:39.207776+00:00,14.607356,1774631199207776200,0.150977,0.684815,-0.19311,0.429991,-0.171503,-0.829328,-0.312458,-0.060993,0.095038,0.18929,1e-06,-2862.527966,2874.12107,4356.153309,0.503654,0.22715,-0.545604,0.476516,-0.722098,-0.470819,0.174604
2026-03-27T17:06:39.224889+00:00,14.624469,1774631199224889300,0.150037,0.684999,-0.193061,0.428856,-0.17166,-0.831095,-0.312411,-0.059057,0.094379,0.188614,0.021567,-0.156929,0.158512,0.239356,0.501871,0.228301,-0.53941,0.469153,-0.723777,-0.474409,0.171793
2026-03-27T17:06:39.241795+00:00,14.641375,1774631199241794600,0.149134,0.685169,-0.192978,0.429095,-0.171225,-0.829635,-0.311748,-0.057155,0.093694,0.187907,0.011648,-0.336048,0.342184,0.515155,0.499986,0.229089,-0.533409,0.461835,-0.727722,-0.478761,0.16827
2026-03-27T17:06:39.258959+00:00,14.658538,1774631199258958500,0.148228,0.685326,-0.192922,0.428399,-0.170885,-0.830029,-0.311461,-0.055395,0.092981,0.187243,0.007185,-0.668611,0.688461,1.031005,0.498286,0.229719,-0.527545,0.455223,-0.730096,-0.482215,0.164485
2026-03-27T17:06:39.275761+00:00,14.675341,1774631199275760900,0.147411,0.685472,-0.192903,0.427783,-0.170635,-0.831264,-0.311472,-0.053945,0.092237,0.18664,1e-06,-5927.190185,6181.761622,9201.869369,0.496611,0.230063,-0.521888,0.449231,-0.73206,-0.484935,0.160564
2026-03-27T17:06:39.292817+00:00,14.692397,1774631199292817000,0.146605,0.685628,-0.192882,0.427283,-0.170117,-0.831901,-0.311283,-0.052624,0.091444,0.186092,0.022109,-0.325662,0.343876,0.508285,0.494998,0.23026,-0.51634,0.443206,-0.735309,-0.488524,0.156527
2026-03-27T17:06:39.309723+00:00,14.709303,1774631199309723100,0.145852,0.685781,-0.192895,0.427541,-0.169517,-0.831494,-0.311151,-0.051552,0.090544,0.185532,1e-06,-8278.608322,8845.835924,13009.816408,0.493422,0.230296,-0.510946,0.438236,-0.737276,-0.49185,0.152209
2026-03-27T17:06:39.327063+00:00,14.726643,1774631199327062700,0.145091,0.685934,-0.1929,0.427988,-0.168815,-0.830742,-0.310653,-0.050662,0.089662,0.185021,0.020104,-0.460006,0.497212,0.727752,0.491833,0.230289,-0.50564,0.43509,-0.737375,-0.49432,0.147762
2026-03-27T17:06:39.343966+00:00,14.743546,1774631199343965700,0.144454,0.686061,-0.192922,0.427293,-0.168473,-0.83261,-0.31115,-0.050018,0.088807,0.184498,0.008696,-1.11462,1.212976,1.771694,0.490243,0.230209,-0.500576,0.43154,-0.73944,-0.498357,0.144111
2026-03-27T17:06:39.362374+00:00,14.761954,1774631199362373700,0.143759,0.686223,-0.192949,0.427676,-0.167851,-0.832399,-0.310749,-0.049563,0.087957,0.183944,0.022886,-0.421437,0.459611,0.671431,0.488545,0.23003,-0.495385,0.429343,-0.738054,-0.500547,0.13992
2026-03-27T17:06:39.378614+00:00,14.778194,1774631199378614300,0.143182,0.686396,-0.192978,0.428041,-0.167274,-0.831706,-0.310144,-0.049264,0.087398,0.183418,0.018606,-0.492355,0.535347,0.783801,0.487031,0.229612,-0.490939,0.426247,-0.739417,-0.503612,0.13669
2026-03-27T17:06:39.399939+00:00,14.799519,1774631199399939200,0.14247,0.686632,-0.193082,0.428423,-0.166829,-0.831591,-0.3097,-0.049032,0.086915,0.182712,0.017853,-0.442237,0.477813,0.70192,0.485162,0.228996,-0.485448,0.422435,-0.740448,-0.50653,0.132888
2026-03-27T17:06:39.416714+00:00,14.816294,1774631199416714000,0.142,0.686803,-0.193142,0.428162,-0.166745,-0.832759,-0.309582,-0.048851,0.086741,0.182155,0.022677,-0.269266,0.288913,0.425051,0.483744,0.228356,-0.481471,0.420171,-0.740348,-0.507128,0.130823
2026-03-27T17:06:39.433718+00:00,14.833298,1774631199433718000,0.141535,0.687009,-0.193218,0.428481,-0.166465,-0.832701,-0.309279,-0.048487,0.08719,0.181637,1e-06,-3532.603383,3764.525056,5546.025932,0.482327,0.227748,-0.477569,0.416851,-0.742676,-0.508734,0.128733
2026-03-27T17:06:39.450997+00:00,14.850577,1774631199450996900,0.141109,0.687242,-0.193307,0.42896,-0.166229,-0.832728,-0.308794,-0.048016,0.087962,0.181209,1e-06,-947.386026,1003.816724,1478.411257,0.480996,0.227179,-0.473744,0.414457,-0.742593,-0.510102,0.12639
2026-03-27T17:06:39.467794+00:00,14.867374,1774631199467794400,0.14071,0.687488,-0.193335,0.429443,-0.165814,-0.83278,-0.308304,-0.047352,0.089152,0.180902,1e-06,1573.845744,-1662.179828,-2440.869808,0.479761,0.226729,-0.470181,0.411686,-0.744264,-0.511954,0.124209
2026-03-27T17:06:39.484913+00:00,14.884493,1774631199484912600,0.140303,0.687742,-0.193343,0.429654,-0.165423,-0.832734,-0.308053,-0.046614,0.090938,0.180662,1e-06,4325.285554,-4561.781883,-6659.984589,0.478538,0.226344,-0.466659,0.410427,-0.743312,-0.512118,0.121908
2026-03-27T17:06:39.501973+00:00,14.901553,1774631199501973000,0.139864,0.687963,-0.193326,0.430053,-0.16478,-0.832454,-0.307711,-0.045815,0.092918,0.180519,0.023807,0.313169,-0.329422,-0.477649,0.477427,0.226049,-0.463406,0.407389,-0.7457,-0.513614,0.12069
2026-03-27T17:06:39.519259+00:00,14.918839,1774631199519258800,0.139423,0.688183,-0.193249,0.430319,-0.164123,-0.832029,-0.307192,-0.045039,0.095413,0.18044,0.021702,0.516363,-0.541512,-0.778418,0.476332,0.225778,-0.460188,0.404428,-0.747143,-0.514572,0.119486
2026-03-27T17:06:39.536143+00:00,14.935723,1774631199536142800,0.138963,0.688334,-0.193223,0.429846,-0.163661,-0.832697,-0.307234,-0.044298,0.098014,0.180297,0.026902,0.55448,-0.579151,-0.823691,0.475392,0.225618,-0.457347,0.401438,-0.74756,-0.514272,0.119085
2026-03-27T17:06:39.553217+00:00,14.952797,1774631199553217400,0.138517,0.688502,-0.193043,0.429712,-0.163006,-0.832927,-0.307143,-0.044012,0.101005,0.180663,0.033756,0.535334,-0.55625,-0.779306,0.474404,0.225513,-0.454511,0.398099,-0.749052,-0.514737,0.118795
2026-03-27T17:06:39.570258+00:00,14.969838,1774631199570257600,0.138077,0.688644,-0.192816,0.429342,-0.162274,-0.833608,-0.307395,-0.043849,0.103966,0.18113,0.041022,0.503186,-0.520119,-0.716376,0.473731,0.225554,-0.451998,0.393801,-0.752,-0.516799,0.119044
2026-03-27T17:06:39.587323+00:00,14.986903,1774631199587322600,0.137644,0.688785,-0.192599,0.429025,-0.161498,-0.833908,-0.307433,-0.043949,0.106934,0.181912,0.044696,0.508189,-0.522507,-0.706567,0.472905,0.225638,-0.4494,0.3904,-0.7533,-0.517584,0.11878
2026-03-27T17:06:39.604365+00:00,15.003945,1774631199604364800,0.137264,0.688848,-0.192384,0.428728,-0.160955,-0.834324,-0.307801,-0.043919,0.109569,0.183286,0.043256,0.542419,-0.553359,-0.735561,0.472173,0.225653,-0.44694,0.388395,-0.752741,-0.517068,0.118074
2026-03-27T17:06:39.624575+00:00,15.024155,1774631199624574900,0.136829,0.688931,-0.192171,0.428484,-0.160258,-0.834496,-0.30804,-0.044298,0.112074,0.184931,0.045477,0.547888,-0.551797,-0.723142,0.471447,0.226065,-0.444123,0.385318,-0.753694,-0.518055,0.117655
2026-03-27T17:06:39.641479+00:00,15.041059,1774631199641479300,0.136561,0.68894,-0.19204,0.428757,-0.15972,-0.833667,-0.308061,-0.044458,0.113764,0.186478,0.04774,0.566219,-0.561127,-0.730579,0.470949,0.226273,-0.441921,0.382742,-0.754807,-0.519661,0.117278
2026-03-27T17:06:39.658494+00:00,15.058074,1774631199658494100,0.136327,0.688976,-0.191957,0.428768,-0.159218,-0.833309,-0.308242,-0.044563,0.114962,0.187893,0.057091,0.511582,-0.498055,-0.646467,0.470503,0.226616,-0.439752,0.380386,-0.754784,-0.52027,0.11651
2026-03-27T17:06:39.675593+00:00,15.075173,1774631199675592800,0.136109,0.688994,-0.191902,0.428738,-0.159041,-0.833455,-0.308505,-0.044423,0.115685,0.189306,0.052914,0.588485,-0.563815,-0.731407,0.470142,0.226908,-0.437667,0.37731,-0.757048,-0.521965,0.115722
2026-03-27T17:06:39.692711+00:00,15.092291,1774631199692710600,0.135983,0.688993,-0.191922,0.427981,-0.159255,-0.835597,-0.308969,-0.043526,0.116079,0.190541,0.057249,0.571693,-0.54057,-0.700995,0.469786,0.227154,-0.435653,0.374904,-0.757934,-0.522286,0.114834
2026-03-27T17:06:39.709612+00:00,15.109192,1774631199709612300,0.135829,0.689007,-0.191866,0.429021,-0.159161,-0.833868,-0.308304,-0.042051,0.116304,0.19175,0.061743,0.544916,-0.512488,-0.663964,0.469486,0.227309,-0.433799,0.373907,-0.756801,-0.521765,0.114151
2026-03-27T17:06:39.726639+00:00,15.126218,1774631199726638500,0.135728,0.68901,-0.191933,0.429362,-0.159141,-0.833447,-0.307899,-0.040114,0.116356,0.192874,0.065281,0.529472,-0.499369,-0.64361,0.469125,0.227379,-0.431944,0.371264,-0.759477,-0.523425,0.113882
2026-03-27T17:06:39.743653+00:00,15.143233,1774631199743653100,0.135632,0.689004,-0.191995,0.429308,-0.15934,-0.834013,-0.308123,-0.037939,0.116241,0.193826,0.06829,0.52079,-0.494842,-0.633594,0.468791,0.2274,-0.430162,0.369654,-0.760094,-0.52399,0.113229
2026-03-27T17:06:39.760765+00:00,15.160345,1774631199760764700,0.135553,0.689008,-0.192119,0.429327,-0.159452,-0.834488,-0.308258,-0.035535,0.115949,0.194823,0.067592,0.536163,-0.515448,-0.654091,0.468451,0.227415,-0.428373,0.36883,-0.75961,-0.523307,0.112068
2026-03-27T17:06:39.777746+00:00,15.177326,1774631199777746000,0.135455,0.689026,-0.192274,0.43028,-0.159477,-0.833177,-0.307912,-0.033265,0.11542,0.195802,0.070319,0.515863,-0.501929,-0.631414,0.46812,0.227318,-0.426633,0.366454,-0.762452,-0.525086,0.111146
2026-03-27T17:06:39.794855+00:00,15.194435,1774631199794854900,0.135387,0.689028,-0.192443,0.430425,-0.159654,-0.833395,-0.307733,-0.03109,0.114611,0.196923,0.068786,0.520863,-0.512493,-0.63915,0.467733,0.227196,-0.424915,0.365784,-0.761498,-0.524381,0.109691
2026-03-27T17:06:39.811811+00:00,15.211391,1774631199811811300,0.135332,0.689026,-0.19257,0.430398,-0.159544,-0.833608,-0.30768,-0.029199,0.113704,0.19793,0.068454,0.518546,-0.513976,-0.636634,0.467244,0.227097,-0.423336,0.364199,-0.762724,-0.525118,0.10873
2026-03-27T17:06:39.832087+00:00,15.231666,1774631199832086500,0.135278,0.689044,-0.192793,0.430369,-0.159659,-0.834359,-0.3082,-0.027607,0.112435,0.199183,0.066787,0.538013,-0.534824,-0.657222,0.466578,0.227041,-0.42151,0.363236,-0.761336,-0.524153,0.107412
2026-03-27T17:06:39.849141+00:00,15.248721,1774631199849140900,0.135239,0.689041,-0.192933,0.431333,-0.159668,-0.832783,-0.307515,-0.026544,0.111253,0.20029,0.065499,0.555079,-0.552533,-0.675039,0.46587,0.226991,-0.420166,0.360355,-0.764812,-0.526466,0.107243
2026-03-27T17:06:39.866181+00:00,15.265761,1774631199866181200,0.135244,0.689031,-0.1931,0.431496,-0.159954,-0.833446,-0.307547,-0.025846,0.109727,0.201494,0.063351,0.555698,-0.554576,-0.674935,0.465088,0.227038,-0.418917,0.35942,-0.763572,-0.525221,0.106441
2026-03-27T17:06:39.883211+00:00,15.282791,1774631199883210700,0.135215,0.689039,-0.193291,0.432333,-0.15996,-0.831775,-0.307174,-0.025359,0.107904,0.202779,0.060269,0.541538,-0.543301,-0.658634,0.464207,0.227139,-0.417769,0.357172,-0.764709,-0.525256,0.106062
2026-03-27T17:06:39.900252+00:00,15.299832,1774631199900252200,0.135231,0.689037,-0.193481,0.432065,-0.160248,-0.832691,-0.307754,-0.025087,0.105953,0.203853,0.057077,0.510238,-0.515738,-0.621506,0.463182,0.227297,-0.416752,0.355137,-0.765805,-0.525385,0.105935
2026-03-27T17:06:39.917461+00:00,15.317041,1774631199917461300,0.135275,0.689063,-0.193674,0.432013,-0.160383,-0.832814,-0.307702,-0.025049,0.103945,0.204679,0.043808,0.580622,-0.589016,-0.704992,0.462016,0.227763,-0.415813,0.353178,-0.765905,-0.525788,0.106053
2026-03-27T17:06:39.934359+00:00,15.333939,1774631199934358600,0.135405,0.689098,-0.19385,0.43201,-0.160626,-0.833403,-0.307757,-0.025812,0.101865,0.205358,0.041938,0.517364,-0.524881,-0.62511,0.460664,0.228429,-0.415023,0.351129,-0.766125,-0.526408,0.106417
2026-03-27T17:06:39.951513+00:00,15.351092,1774631199951512500,0.135639,0.689184,-0.194073,0.432397,-0.160818,-0.833288,-0.307066,-0.02728,0.100042,0.205868,0.028844,0.612701,-0.619568,-0.732111,0.459211,0.229228,-0.414305,0.349402,-0.765153,-0.527101,0.106694
2026-03-27T17:06:39.968415+00:00,15.367995,1774631199968415100,0.135845,0.68924,-0.194188,0.432875,-0.161269,-0.832985,-0.306118,-0.029552,0.098605,0.206289,0.020106,0.695321,-0.697393,-0.818727,0.457627,0.230143,-0.413688,0.347082,-0.765797,-0.529361,0.107209
2026-03-27T17:06:39.985719+00:00,15.385299,1774631199985719400,0.13624,0.689287,-0.194365,0.433347,-0.16202,-0.833198,-0.305403,-0.032289,0.0972,0.206735,1e-06,11534.705758,-11390.954256,-13419.419527,0.455984,0.231115,-0.413138,0.345083,-0.765951,-0.531891,0.107773
2026-03-27T17:06:40.002724+00:00,15.402303,1774631200002723500,0.13691,0.689529,-0.194737,0.434664,-0.162646,-0.831298,-0.30414,-0.035278,0.095783,0.207423,0.019715,0.4975,-0.481111,-0.573706,0.454212,0.232145,-0.412691,0.343618,-0.765105,-0.533188,0.108224
2026-03-27T17:06:40.019719+00:00,15.419299,1774631200019719200,0.137501,0.689634,-0.195037,0.434853,-0.16374,-0.832468,-0.30415,-0.038326,0.094384,0.207992,1e-06,7890.790701,-7458.299398,-9040.96663,0.452387,0.233208,-0.4123,0.34215,-0.763817,-0.534068,0.108698
2026-03-27T17:06:40.036559+00:00,15.436139,1774631200036559400,0.138032,0.689676,-0.195201,0.435981,-0.164442,-0.831181,-0.303267,-0.04148,0.093161,0.208399,0.018175,0.312665,-0.289264,-0.356278,0.450526,0.234241,-0.41197,0.339566,-0.765615,-0.536693,0.109685
2026-03-27T17:06:40.053552+00:00,15.453132,1774631200053551700,0.138525,0.689669,-0.195301,0.43641,-0.165169,-0.831107,-0.303184,-0.044636,0.092209,0.208786,1e-06,3907.02486,-3551.051021,-4438.862205,0.448602,0.235325,-0.41166,0.337563,-0.765572,-0.537359,0.110491
2026-03-27T17:06:40.071612+00:00,15.471192,1774631200071612000,0.139042,0.689627,-0.195417,0.43692,-0.165887,-0.830784,-0.302942,-0.047899,0.091556,0.208493,1e-06,2891.674638,-2591.088414,-3276.780248,0.446556,0.236445,-0.411348,0.335343,-0.765613,-0.538511,0.111425
2026-03-27T17:06:40.088118+00:00,15.487697,1774631200088117400,0.139372,0.68961,-0.195324,0.437069,-0.166203,-0.83007,-0.302759,-0.050772,0.091271,0.208145,0.010697,0.252409,-0.224529,-0.286253,0.444679,0.237445,-0.411008,0.333317,-0.764881,-0.538809,0.112344
2026-03-27T17:06:40.105240+00:00,15.504819,1774631200105239500,0.13966,0.689636,-0.195316,0.4365,-0.166684,-0.830494,-0.30293,-0.053624,0.09107,0.207501,1e-06,2465.322614,-2181.738615,-2803.400159,0.442758,0.238479,-0.410598,0.330335,-0.765964,-0.540335,0.113381
2026-03-27T17:06:40.122271+00:00,15.521851,1774631200122270900,0.139899,0.689603,-0.195185,0.436139,-0.167068,-0.830324,-0.302777,-0.056472,0.09103,0.20644,1e-06,2151.608467,-1896.053553,-2451.568842,0.440853,0.239511,-0.410077,0.327125,-0.767215,-0.541892,0.114229
2026-03-27T17:06:40.139690+00:00,15.53927,1774631200139690300,0.140102,0.689579,-0.194983,0.435321,-0.167466,-0.831177,-0.302718,-0.059304,0.091055,0.205448,1e-06,1682.862639,-1477.107406,-1922.503114,0.438938,0.240651,-0.40939,0.324946,-0.766363,-0.541523,0.11448
2026-03-27T17:06:40.156466+00:00,15.556046,1774631200156466300,0.140224,0.689557,-0.194705,0.4349,-0.167597,-0.830507,-0.302368,-0.061988,0.090982,0.204161,0.016116,0.062866,-0.054906,-0.07198,0.437085,0.241772,-0.408628,0.322623,-0.766162,-0.542518,0.114713
2026-03-27T17:06:40.173662+00:00,15.573242,1774631200173662100,0.140307,0.689525,-0.194357,0.433993,-0.167807,-0.831104,-0.302514,-0.064799,0.090854,0.202724,1e-06,154.271722,-133.84223,-177.264214,0.435202,0.243001,-0.407602,0.319561,-0.767152,-0.545562,0.114797
2026-03-27T17:06:40.190628+00:00,15.590208,1774631200190627600,0.140367,0.68948,-0.19405,0.432469,-0.168234,-0.832786,-0.3029,-0.06748,0.090647,0.201217,1e-06,-863.045454,742.167234,992.953777,0.433302,0.244233,-0.406501,0.31734,-0.765944,-0.546401,0.114325
2026-03-27T17:06:40.207607+00:00,15.607187,1774631200207606900,0.14039,0.689454,-0.193713,0.431369,-0.168316,-0.833344,-0.302954,-0.070307,0.090456,0.19964,0.008182,-0.232487,0.197812,0.267075,0.431391,0.245406,-0.405134,0.313824,-0.766944,-0.550258,0.113976
2026-03-27T17:06:40.224770+00:00,15.62435,1774631200224769600,0.140401,0.689444,-0.193456,0.430114,-0.168566,-0.834238,-0.303294,-0.073144,0.090148,0.197846,0.018547,-0.164654,0.138293,0.18868,0.429487,0.246554,-0.403617,0.310493,-0.767758,-0.55327,0.113461
2026-03-27T17:06:40.241650+00:00,15.64123,1774631200241650400,0.140417,0.689434,-0.193252,0.429919,-0.168837,-0.833266,-0.302803,-0.076027,0.089826,0.196055,1e-06,-4249.349236,3514.781594,4845.291376,0.427703,0.247562,-0.401747,0.307525,-0.765213,-0.553739,0.110688
2026-03-27T17:06:40.259011+00:00,15.658591,1774631200259011200,0.14041,0.689525,-0.193112,0.429153,-0.169175,-0.833676,-0.302566,-0.07886,0.089334,0.193956,1e-06,-5308.73239,4320.383072,6016.075611,0.425921,0.248582,-0.399771,0.303466,-0.765274,-0.556392,0.107996
2026-03-27T17:06:40.275906+00:00,15.675486,1774631200275905900,0.140448,0.689499,-0.193028,0.428381,-0.170003,-0.835397,-0.302038,-0.081602,0.088999,0.192039,0.009413,-0.663777,0.531889,0.747664,0.424596,0.249682,-0.397309,0.298876,-0.764973,-0.560013,0.101636
2026-03-27T17:06:40.295942+00:00,15.695522,1774631200295942300,0.140471,0.6897,-0.192995,0.427844,-0.170514,-0.835843,-0.301283,-0.084495,0.088262,0.18966,0.012342,-0.636032,0.502255,0.71231,0.42293,0.250994,-0.394454,0.293908,-0.764901,-0.563817,0.09514
2026-03-27T17:06:40.312570+00:00,15.71215,1774631200312570400,0.140441,0.689844,-0.192901,0.427953,-0.17035,-0.83472,-0.300259,-0.086882,0.08732,0.187752,0.016197,-0.603716,0.473193,0.674371,0.421677,0.252439,-0.391591,0.29063,-0.765427,-0.570389,0.087824
2026-03-27T17:06:40.329519+00:00,15.729099,1774631200329519100,0.140451,0.689954,-0.192868,0.427272,-0.17054,-0.83603,-0.300116,-0.089033,0.086523,0.185947,0.027512,-0.419175,0.326313,0.466573,0.420301,0.253876,-0.388769,0.288571,-0.760001,-0.572063,0.080746
2026-03-27T17:06:40.346424+00:00,15.746004,1774631200346424400,0.140419,0.690036,-0.19282,0.427344,-0.170376,-0.834828,-0.299556,-0.090803,0.085582,0.184173,0.016473,-0.802461,0.621645,0.892586,0.418945,0.255288,-0.38596,0.285351,-0.758422,-0.576541,0.074098
2026-03-27T17:06:40.363266+00:00,15.762846,1774631200363265600,0.140426,0.690059,-0.1928,0.426533,-0.170562,-0.836349,-0.299812,-0.092333,0.084482,0.182498,0.028833,-0.518719,0.400382,0.576859,0.417751,0.256719,-0.382873,0.279991,-0.758962,-0.582019,0.067238
2026-03-27T17:06:40.380614+00:00,15.780194,1774631200380614100,0.140411,0.690065,-0.19277,0.426595,-0.170212,-0.835258,-0.299528,-0.093608,0.083206,0.180926,0.026304,-0.632428,0.485873,0.705318,0.416582,0.258249,-0.379711,0.274663,-0.759757,-0.588152,0.059771
2026-03-27T17:06:40.397583+00:00,15.797163,1774631200397583100,0.140443,0.690084,-0.192739,0.425829,-0.170397,-0.836346,-0.300017,-0.094617,0.081883,0.179447,0.036338,-0.502914,0.384204,0.561806,0.415421,0.259863,-0.376553,0.271458,-0.75626,-0.590557,0.052413
2026-03-27T17:06:40.414546+00:00,15.814126,1774631200414545800,0.140366,0.69004,-0.192737,0.425517,-0.170165,-0.836172,-0.300301,-0.095255,0.08055,0.177952,0.029285,-0.674086,0.512727,0.75558,0.41424,0.261522,-0.373367,0.26787,-0.753756,-0.593999,0.04549
2026-03-27T17:06:40.431602+00:00,15.831182,1774631200431602100,0.140295,0.690024,-0.192737,0.425401,-0.169979,-0.835919,-0.300499,-0.095685,0.079367,0.176613,0.029468,-0.714499,0.543839,0.804662,0.41303,0.263192,-0.370175,0.262857,-0.755938,-0.601685,0.039068
2026-03-27T17:06:40.448643+00:00,15.848223,1774631200448642800,0.140223,0.68997,-0.192745,0.425307,-0.169822,-0.835649,-0.3007,-0.095851,0.078381,0.175288,0.033844,-0.658509,0.503933,0.746525,0.411777,0.264913,-0.366965,0.259886,-0.751899,-0.603848,0.032507
2026-03-27T17:06:40.466568+00:00,15.866147,1774631200466567500,0.140151,0.68986,-0.192764,0.425196,-0.169829,-0.835462,-0.300914,-0.095853,0.077569,0.17402,0.03746,-0.624922,0.482143,0.712918,0.410418,0.266729,-0.363654,0.256491,-0.747937,-0.606286,0.026272
2026-03-27T17:06:40.483143+00:00,15.882723,1774631200483143300,0.140116,0.689736,-0.192797,0.425107,-0.169714,-0.835667,-0.301329,-0.095772,0.076864,0.172847,0.036372,-0.668922,0.520821,0.768845,0.409085,0.268384,-0.360602,0.252018,-0.748216,-0.611479,0.021181
2026-03-27T17:06:40.503508+00:00,15.903088,1774631200503508300,0.140077,0.689552,-0.192874,0.424817,-0.169931,-0.836271,-0.302156,-0.095529,0.076152,0.171522,0.043607,-0.581386,0.457698,0.673741,0.407404,0.270336,-0.356985,0.245999,-0.750167,-0.618911,0.015521
2026-03-27T17:06:40.520585+00:00,15.920165,1774631200520585000,0.140072,0.689393,-0.192938,0.424795,-0.170077,-0.836527,-0.302503,-0.095147,0.075612,0.170402,0.045618,-0.569744,0.451969,0.664128,0.405888,0.271937,-0.353991,0.243127,-0.74488,-0.618575,0.011084
2026-03-27T17:06:40.537410+00:00,15.93699,1774631200537409700,0.140045,0.689277,-0.192999,0.425208,-0.170233,-0.836166,-0.302656,-0.094724,0.075109,0.169341,0.046799,-0.565095,0.4514,0.662527,0.404328,0.273385,-0.351132,0.238348,-0.746449,-0.623216,0.00751
2026-03-27T17:06:40.554445+00:00,15.954025,1774631200554445200,0.140014,0.689193,-0.193143,0.425999,-0.170014,-0.834609,-0.302527,-0.09425,0.074545,0.1684,0.051014,-0.523205,0.420618,0.616534,0.402694,0.274785,-0.348318,0.234568,-0.744484,-0.625302,0.004247
2026-03-27T17:06:40.571464+00:00,15.971044,1774631200571463600,0.140011,0.689107,-0.193273,0.425795,-0.170309,-0.83552,-0.303095,-0.093992,0.074271,0.16738,0.045385,-0.562033,0.451726,0.662767,0.401085,0.275984,-0.345629,0.231448,-0.74092,-0.626473,0.001531
2026-03-27T17:06:40.588782+00:00,15.988362,1774631200588782100,0.14001,0.689051,-0.193418,0.425691,-0.170358,-0.836244,-0.303559,-0.09376,0.074105,0.166447,0.0423,-0.590321,0.475442,0.695887,0.399295,0.277098,-0.34299,0.227719,-0.74011,-0.629253,-0.000842
2026-03-27T17:06:40.605747+00:00,16.005327,1774631200605746700,0.139962,0.689022,-0.19351,0.42661,-0.170187,-0.834452,-0.303092,-0.093638,0.074083,0.165656,0.046771,-0.532468,0.429786,0.626507,0.397406,0.27812,-0.340466,0.223707,-0.741788,-0.633148,-0.00262
2026-03-27T17:06:40.622900+00:00,16.022479,1774631200622899400,0.139922,0.688973,-0.193609,0.426592,-0.170237,-0.834436,-0.303133,-0.093503,0.074117,0.165007,0.047585,-0.528076,0.427691,0.621159,0.39538,0.279151,-0.337937,0.219684,-0.742631,-0.637183,-0.003919
2026-03-27T17:06:40.639930+00:00,16.03951,1774631200639930100,0.139863,0.688907,-0.193702,0.426407,-0.170341,-0.83524,-0.303764,-0.093225,0.074338,0.164542,0.042909,-0.594375,0.482754,0.699427,0.393357,0.279787,-0.335547,0.216948,-0.739075,-0.635796,-0.004989
2026-03-27T17:06:40.656747+00:00,16.056327,1774631200656747100,0.139742,0.688829,-0.193796,0.426323,-0.170324,-0.835932,-0.304322,-0.092926,0.074536,0.164139,0.047701,-0.538061,0.438557,0.63458,0.391384,0.280214,-0.333175,0.214089,-0.736016,-0.634853,-0.006109
2026-03-27T17:06:40.673737+00:00,16.073317,1774631200673736800,0.139541,0.688769,-0.193856,0.427183,-0.169767,-0.833794,-0.304061,-0.092448,0.074597,0.163784,0.044212,-0.583487,0.477385,0.692004,0.389341,0.280407,-0.330803,0.20951,-0.739951,-0.63959,-0.007339
2026-03-27T17:06:40.691336+00:00,16.090916,1774631200691336300,0.13932,0.68868,-0.193956,0.427182,-0.169635,-0.834408,-0.304773,-0.091786,0.074477,0.163408,0.042064,-0.617224,0.507053,0.737445,0.387176,0.280435,-0.328363,0.206339,-0.739393,-0.640031,-0.00861
2026-03-27T17:06:40.708578+00:00,16.108158,1774631200708578000,0.139043,0.688621,-0.19401,0.427606,-0.16917,-0.833736,-0.304813,-0.091,0.074488,0.163005,0.043474,-0.595472,0.490668,0.717161,0.384992,0.280539,-0.325904,0.202877,-0.741068,-0.642596,-0.010187
2026-03-27T17:06:40.728419+00:00,16.127999,1774631200728418700,0.13867,0.688582,-0.194155,0.427842,-0.168721,-0.833587,-0.305137,-0.090109,0.073946,0.162272,0.043648,-0.592931,0.488978,0.719787,0.382441,0.280026,-0.322998,0.199466,-0.740901,-0.643918,-0.012039
2026-03-27T17:06:40.745443+00:00,16.145023,1774631200745442800,0.138368,0.688557,-0.194294,0.427703,-0.168465,-0.834319,-0.305674,-0.089198,0.073302,0.161456,0.044474,-0.597795,0.493063,0.73051,0.380223,0.279172,-0.320407,0.197483,-0.737505,-0.642206,-0.014119
2026-03-27T17:06:40.762375+00:00,16.161955,1774631200762375300,0.138055,0.688538,-0.194497,0.427933,-0.168307,-0.83454,-0.305758,-0.088362,0.072689,0.160435,0.051086,-0.537841,0.444647,0.66131,0.378101,0.278023,-0.317774,0.194286,-0.738677,-0.644257,-0.016525
2026-03-27T17:06:40.779711+00:00,16.179291,1774631200779711500,0.13775,0.688549,-0.194747,0.428909,-0.168076,-0.833307,-0.305779,-0.087622,0.072292,0.159378,0.048718,-0.579432,0.480013,0.714952,0.376087,0.276398,-0.315004,0.190723,-0.742413,-0.647885,-0.0197
2026-03-27T17:06:40.796493+00:00,16.196073,1774631200796493200,0.137421,0.688565,-0.195058,0.430028,-0.167863,-0.832251,-0.305567,-0.087006,0.072062,0.158425,0.05466,-0.53639,0.447058,0.664933,0.374264,0.27462,-0.312298,0.1889,-0.743084,-0.647426,-0.023258
2026-03-27T17:06:40.813551+00:00,16.213131,1774631200813550800,0.13709,0.688603,-0.195372,0.430887,-0.167311,-0.831611,-0.305419,-0.086306,0.071872,0.157559,0.054976,-0.544704,0.456105,0.681042,0.372485,0.272587,-0.309568,0.189635,-0.740889,-0.64454,-0.026677
2026-03-27T17:06:40.830780+00:00,16.23036,1774631200830779600,0.136707,0.688665,-0.195732,0.431374,-0.167058,-0.831807,-0.305553,-0.085841,0.071988,0.156601,0.049488,-0.57973,0.483473,0.72734,0.370668,0.270497,-0.306918,0.189407,-0.743553,-0.645178,-0.029715
2026-03-27T17:06:40.847852+00:00,16.247432,1774631200847851600,0.136321,0.688678,-0.196073,0.432144,-0.166739,-0.83221,-0.305453,-0.085601,0.072148,0.155805,0.049432,-0.554971,0.460323,0.694652,0.36881,0.268356,-0.304529,0.189368,-0.741909,-0.64178,-0.031726
2026-03-27T17:06:40.865082+00:00,16.264661,1774631200865081500,0.135896,0.6889,-0.196428,0.433488,-0.166129,-0.830703,-0.304794,-0.085655,0.073334,0.155071,0.047971,-0.550595,0.451482,0.685566,0.366929,0.266153,-0.302146,0.18836,-0.741635,-0.639525,-0.033886
2026-03-27T17:06:40.882080+00:00,16.28166,1774631200882080000,0.1355,0.689189,-0.196793,0.434065,-0.16593,-0.831624,-0.304595,-0.085686,0.074958,0.154308,0.05018,-0.497699,0.401849,0.616123,0.365085,0.264082,-0.299908,0.185433,-0.749714,-0.644003,-0.03626
2026-03-27T17:06:40.899152+00:00,16.298732,1774631200899152000,0.135075,0.68953,-0.19717,0.43521,-0.165494,-0.831315,-0.304036,-0.08563,0.076776,0.153519,0.047275,-0.492495,0.391055,0.605895,0.363195,0.262063,-0.297657,0.184074,-0.75122,-0.642669,-0.038272
2026-03-27T17:06:40.916100+00:00,16.31568,1774631200916100400,0.134683,0.689935,-0.197516,0.436407,-0.164972,-0.83163,-0.303464,-0.085312,0.079214,0.152714,0.030157,-0.671007,0.522067,0.821053,0.361246,0.26052,-0.295551,0.183219,-0.751026,-0.640458,-0.039858
2026-03-27T17:06:40.936058+00:00,16.335638,1774631200936057600,0.134192,0.690388,-0.197942,0.437835,-0.164376,-0.831263,-0.302718,-0.084653,0.082298,0.151691,0.021936,-0.75667,0.57553,0.920871,0.35896,0.258686,-0.293017,0.181771,-0.752497,-0.639133,-0.041898
2026-03-27T17:06:40.950945+00:00,16.350525,1774631200950945000,0.133841,0.690751,-0.198199,0.438759,-0.16393,-0.8312,-0.302129,-0.083572,0.085874,0.150729,0.02829,-0.429857,0.320891,0.52021,0.357076,0.257913,-0.291061,0.182519,-0.743066,-0.629316,-0.042904
2026-03-27T17:06:40.968027+00:00,16.367607,1774631200968027100,0.133437,0.691139,-0.198507,0.44045,-0.163254,-0.829959,-0.301075,-0.082291,0.090116,0.149562,0.011695,-0.597894,0.43732,0.718641,0.354974,0.256968,-0.288801,0.177468,-0.756763,-0.639095,-0.045311
2026-03-27T17:06:40.984803+00:00,16.384383,1774631200984803000,0.133202,0.691367,-0.198694,0.441455,-0.162905,-0.83039,-0.30046,-0.080651,0.094758,0.14824,0.016516,-0.088546,0.063534,0.105777,0.352834,0.256359,-0.286486,0.176263,-0.753243,-0.634422,-0.04661
2026-03-27T17:06:41.001757+00:00,16.401337,1774631201001757100,0.132832,0.691644,-0.198931,0.443108,-0.16234,-0.829368,-0.299862,-0.078553,0.09975,0.146879,0.010238,0.417833,-0.2946,-0.49716,0.35064,0.256014,-0.284065,0.175354,-0.74772,-0.629198,-0.047859
2026-03-27T17:06:41.019480+00:00,16.41906,1774631201019480000,0.132244,0.69202,-0.199335,0.444543,-0.161766,-0.82845,-0.299617,-0.075909,0.105263,0.145499,0.021262,0.468427,-0.325751,-0.557476,0.348259,0.255831,-0.281378,0.172634,-0.748874,-0.630177,-0.049713
2026-03-27T17:06:41.036324+00:00,16.435904,1774631201036323900,0.131826,0.69213,-0.19957,0.445692,-0.160843,-0.82807,-0.300234,-0.073125,0.110874,0.144182,0.032254,0.476049,-0.327203,-0.565395,0.345944,0.255813,-0.278654,0.169713,-0.749992,-0.6313,-0.052026
2026-03-27T17:06:41.053216+00:00,16.452795,1774631201053215500,0.131401,0.692195,-0.199798,0.446845,-0.15995,-0.827829,-0.300673,-0.070134,0.11674,0.142696,0.040252,0.5185,-0.352743,-0.614373,0.343603,0.255926,-0.275856,0.167758,-0.744944,-0.627137,-0.053956
2026-03-27T17:06:41.070033+00:00,16.469613,1774631201070032900,0.130975,0.69224,-0.20002,0.448852,-0.158709,-0.825607,-0.300859,-0.066956,0.122928,0.141282,0.044638,0.595168,-0.400125,-0.702783,0.341236,0.256014,-0.272898,0.162547,-0.752853,-0.633956,-0.056991
2026-03-27T17:06:41.087259+00:00,16.486839,1774631201087259300,0.130583,0.692244,-0.200317,0.450738,-0.157829,-0.824625,-0.301797,-0.06349,0.129185,0.139701,0.059218,0.553301,-0.367207,-0.651782,0.338841,0.256308,-0.26978,0.159354,-0.749113,-0.631471,-0.05948
2026-03-27T17:06:41.104331+00:00,16.503912,1774631201104331600,0.130253,0.692179,-0.200634,0.45258,-0.15703,-0.823668,-0.302722,-0.05982,0.135509,0.138253,0.065404,0.599266,-0.39215,-0.705106,0.336494,0.256684,-0.266537,0.154039,-0.755186,-0.637594,-0.063026
2026-03-27T17:06:41.124491+00:00,16.524071,1774631201124491100,0.129849,0.691978,-0.201052,0.455406,-0.155857,-0.821671,-0.303873,-0.055157,0.142841,0.136478,0.077408,0.603423,-0.388756,-0.709176,0.333729,0.257211,-0.262621,0.150582,-0.748185,-0.631939,-0.066079
2026-03-27T17:06:41.141079+00:00,16.540659,1774631201141078700,0.129503,0.691804,-0.201364,0.456679,-0.154816,-0.821532,-0.304859,-0.051107,0.148993,0.135063,0.087088,0.606203,-0.386281,-0.712486,0.331551,0.257818,-0.259258,0.14523,-0.753995,-0.636705,-0.069433
2026-03-27T17:06:41.161204+00:00,16.560784,1774631201161203700,0.129037,0.691613,-0.201751,0.458655,-0.153482,-0.820335,-0.305781,-0.045892,0.156291,0.133219,0.098296,0.606041,-0.381329,-0.713554,0.328844,0.25848,-0.255228,0.140091,-0.754515,-0.636843,-0.072894
2026-03-27T17:06:41.178233+00:00,16.577812,1774631201178232500,0.128625,0.6915,-0.202054,0.459633,-0.152809,-0.819988,-0.306201,-0.041432,0.162525,0.131716,0.110392,0.588488,-0.367107,-0.694402,0.326663,0.259343,-0.251788,0.13476,-0.757648,-0.638498,-0.075445
2026-03-27T17:06:41.195248+00:00,16.594828,1774631201195247600,0.128195,0.691399,-0.202402,0.461318,-0.152078,-0.81826,-0.306441,-0.036816,0.168659,0.12994,0.118527,0.592455,-0.366234,-0.700642,0.324422,0.26021,-0.248408,0.130273,-0.755886,-0.636565,-0.077758
2026-03-27T17:06:41.212268+00:00,16.611848,1774631201212267800,0.127816,0.691308,-0.202767,0.462107,-0.151576,-0.818597,-0.307254,-0.032062,0.174712,0.127966,0.127611,0.590283,-0.361875,-0.699064,0.322161,0.261153,-0.244989,0.122773,-0.77228,-0.649612,-0.081682
2026-03-27T17:06:41.229404+00:00,16.628984,1774631201229404100,0.127371,0.69126,-0.203133,0.463752,-0.150693,-0.8165,-0.307333,-0.027176,0.18071,0.125828,0.134794,0.596219,-0.36217,-0.708375,0.319937,0.262252,-0.241594,0.121456,-0.751402,-0.632247,-0.081599
2026-03-27T17:06:41.246363+00:00,16.645943,1774631201246362800,0.126993,0.691221,-0.203483,0.464626,-0.150061,-0.816184,-0.307602,-0.022332,0.186567,0.123664,0.144299,0.590904,-0.355609,-0.704507,0.317682,0.26343,-0.238193,0.117267,-0.749545,-0.631435,-0.083653
2026-03-27T17:06:41.263381+00:00,16.66296,1774631201263380400,0.126592,0.691219,-0.203847,0.46552,-0.149441,-0.81587,-0.307842,-0.017385,0.192332,0.121346,0.151729,0.592927,-0.35315,-0.709903,0.315468,0.264706,-0.234792,0.110176,-0.768674,-0.64885,-0.087969
2026-03-27T17:06:41.280399+00:00,16.679979,1774631201280399400,0.126269,0.691218,-0.204188,0.465759,-0.149073,-0.816795,-0.308129,-0.012662,0.197984,0.118892,0.159408,0.593409,-0.349143,-0.711367,0.313185,0.266067,-0.231399,0.10793,-0.756234,-0.64019,-0.088717
2026-03-27T17:06:41.297543+00:00,16.697123,1774631201297543100,0.125942,0.691228,-0.204565,0.466827,-0.148727,-0.815834,-0.307913,-0.007953,0.203494,0.116251,0.166343,0.594089,-0.344152,-0.712178,0.310841,0.267583,-0.22813,0.105705,-0.746511,-0.633963,-0.089569
2026-03-27T17:06:41.314639+00:00,16.714218,1774631201314638500,0.12565,0.691217,-0.204935,0.467726,-0.148581,-0.815414,-0.307974,-0.003338,0.208867,0.113478,0.174863,0.588576,-0.335325,-0.705335,0.308491,0.269085,-0.22484,0.102481,-0.744677,-0.634783,-0.09097
2026-03-27T17:06:41.331622+00:00,16.731202,1774631201331621700,0.12536,0.691208,-0.205291,0.46862,-0.148205,-0.814575,-0.307953,0.001367,0.214034,0.110576,0.179586,0.596329,-0.332788,-0.71403,0.306124,0.270606,-0.221685,0.098809,-0.745447,-0.638026,-0.093017
2026-03-27T17:06:41.348775+00:00,16.748355,1774631201348775500,0.125078,0.691185,-0.205609,0.469419,-0.147671,-0.813531,-0.30805,0.006014,0.219128,0.107521,0.186673,0.595972,-0.326211,-0.713466,0.303742,0.272129,-0.218497,0.094373,-0.747255,-0.642111,-0.095424
2026-03-27T17:06:41.367849+00:00,16.767429,1774631201367848600,0.124798,0.691083,-0.205992,0.469482,-0.147463,-0.814761,-0.308985,0.011212,0.224606,0.104023,0.194542,0.595813,-0.318801,-0.712328,0.301073,0.273801,-0.215118,0.089067,-0.747441,-0.645047,-0.097866
2026-03-27T17:06:41.384732+00:00,16.784312,1774631201384731700,0.124495,0.690988,-0.206273,0.470301,-0.147027,-0.813428,-0.309171,0.015609,0.229461,0.100788,0.201667,0.592812,-0.312249,-0.708081,0.298619,0.275247,-0.212284,0.085502,-0.738915,-0.641084,-0.097949
2026-03-27T17:06:41.401806+00:00,16.801386,1774631201401806000,0.1242,0.690877,-0.206556,0.471153,-0.146469,-0.812752,-0.309363,0.019961,0.234242,0.097505,0.206266,0.596718,-0.309265,-0.712054,0.296096,0.276685,-0.20946,0.078455,-0.768043,-0.670308,-0.102898
2026-03-27T17:06:41.418949+00:00,16.818529,1774631201418949300,0.123902,0.690777,-0.206812,0.471314,-0.145996,-0.812731,-0.309848,0.024176,0.238852,0.094104,0.211346,0.596228,-0.305037,-0.710917,0.29355,0.278152,-0.206727,0.075782,-0.761362,-0.669166,-0.102941
2026-03-27T17:06:41.435924+00:00,16.835504,1774631201435924100,0.123588,0.690716,-0.207049,0.471814,-0.145588,-0.812434,-0.310175,0.028168,0.243394,0.090701,0.216102,0.595801,-0.301448,-0.708912,0.290993,0.279593,-0.204055,0.077251,-0.710425,-0.629312,-0.097256
2026-03-27T17:06:41.452771+00:00,16.852351,1774631201452771100,0.123283,0.690673,-0.20728,0.47188,-0.145202,-0.812907,-0.310765,0.032032,0.2477,0.087236,0.220109,0.596775,-0.298858,-0.708218,0.288469,0.280893,-0.201473,0.067707,-0.774559,-0.692351,-0.106719
2026-03-27T17:06:41.469781+00:00,16.869361,1774631201469781400,0.122926,0.690664,-0.207483,0.472624,-0.144382,-0.811387,-0.310492,0.035909,0.251981,0.083632,0.223886,0.5973,-0.296332,-0.707739,0.285922,0.282203,-0.19893,0.069354,-0.737323,-0.66482,-0.101828
2026-03-27T17:06:41.486877+00:00,16.886457,1774631201486876900,0.122601,0.690656,-0.207733,0.472701,-0.143782,-0.8118,-0.311122,0.039617,0.256202,0.079919,0.228061,0.596744,-0.294156,-0.706682,0.283424,0.283469,-0.196345,0.065568,-0.762895,-0.694912,-0.106099
2026-03-27T17:06:41.503739+00:00,16.903319,1774631201503739500,0.12232,0.690668,-0.208005,0.472801,-0.143291,-0.812517,-0.311373,0.043334,0.260216,0.076195,0.230536,0.60076,-0.294392,-0.711572,0.281188,0.284797,-0.193833,0.06501,-0.768506,-0.706637,-0.108329
2026-03-27T17:06:41.520811+00:00,16.920391,1774631201520811100,0.122018,0.690743,-0.2083,0.473879,-0.142538,-0.81102,-0.31131,0.046972,0.264128,0.072366,0.23571,0.597604,-0.291259,-0.708073,0.278943,0.286071,-0.19129,0.070968,-0.699468,-0.649805,-0.099985
2026-03-27T17:06:41.537850+00:00,16.937429,1774631201537849500,0.12182,0.690746,-0.20868,0.474837,-0.142009,-0.810528,-0.310819,0.050572,0.267875,0.068416,0.24017,0.595484,-0.288265,-0.706891,0.276986,0.28726,-0.188967,0.070491,-0.718497,-0.675182,-0.103131
2026-03-27T17:06:41.554821+00:00,16.9544,1774631201554820500,0.121673,0.690768,-0.209129,0.47517,-0.141838,-0.811698,-0.311043,0.053996,0.271264,0.064427,0.242931,0.596251,-0.286414,-0.708558,0.275168,0.288429,-0.186716,0.073667,-0.704331,-0.669923,-0.101122
2026-03-27T17:06:41.572352+00:00,16.971932,1774631201572351700,0.121525,0.690888,-0.209599,0.476076,-0.141381,-0.811303,-0.310885,0.057367,0.274494,0.060311,0.245881,0.595286,-0.284026,-0.709337,0.273357,0.289588,-0.184433,0.075925,-0.700981,-0.674974,-0.10064
2026-03-27T17:06:41.588973+00:00,16.988552,1774631201588972500,0.121434,0.690912,-0.210183,0.477186,-0.141235,-0.810361,-0.310991,0.060631,0.277559,0.056258,0.248356,0.59463,-0.282192,-0.712025,0.272333,0.290472,-0.182593,0.075654,-0.73347,-0.71463,-0.103978
2026-03-27T17:06:41.608064+00:00,17.007644,1774631201608064100,0.121373,0.690981,-0.210773,0.47822,-0.141016,-0.809797,-0.310962,0.063862,0.280523,0.05222,0.251437,0.592539,-0.279763,-0.713609,0.271063,0.291576,-0.180591,0.079157,-0.72699,-0.717187,-0.101963
2026-03-27T17:06:41.623054+00:00,17.022634,1774631201623054400,0.121376,0.691098,-0.211476,0.480288,-0.14074,-0.807783,-0.310304,0.06671,0.283236,0.04847,0.255122,0.588787,-0.277258,-0.712864,0.270414,0.292736,-0.1792,0.088269,-0.692253,-0.689908,-0.09348
2026-03-27T17:06:41.640070+00:00,17.03965,1774631201640069700,0.121336,0.691193,-0.212253,0.481663,-0.140943,-0.807931,-0.310184,0.069384,0.285953,0.044597,0.256901,0.589254,-0.277052,-0.716652,0.269975,0.293641,-0.177894,0.092476,-0.701278,-0.70569,-0.090729
2026-03-27T17:06:41.657090+00:00,17.05667,1774631201657090100,0.121492,0.691319,-0.213085,0.4836,-0.140826,-0.807073,-0.310068,0.071624,0.2883,0.041008,0.258599,0.58859,-0.275618,-0.718103,0.26972,0.294562,-0.176881,0.101863,-0.679846,-0.690962,-0.083382
2026-03-27T17:06:41.674328+00:00,17.073908,1774631201674328000,0.121718,0.691468,-0.213969,0.486512,-0.140589,-0.804345,-0.309431,0.073766,0.290563,0.037507,0.261896,0.584814,-0.272038,-0.715302,0.269707,0.295267,-0.17605,0.106724,-0.694009,-0.71145,-0.079903
2026-03-27T17:06:41.691551+00:00,17.091131,1774631201691551400,0.122057,0.691602,-0.214881,0.48885,-0.140506,-0.803135,-0.308994,0.075929,0.292626,0.034214,0.263038,0.586573,-0.270557,-0.720338,0.269966,0.295833,-0.175229,0.111621,-0.689946,-0.713765,-0.076555
2026-03-27T17:06:41.708562+00:00,17.108142,1774631201708562200,0.122549,0.691782,-0.215934,0.491989,-0.139738,-0.801447,-0.308691,0.077999,0.294525,0.031173,0.267068,0.581941,-0.266436,-0.718223,0.270325,0.296306,-0.174357,0.114567,-0.682375,-0.710738,-0.075076
2026-03-27T17:06:41.725718+00:00,17.125297,1774631201725717400,0.123077,0.691954,-0.217042,0.495417,-0.139166,-0.799572,-0.30861,0.080239,0.296167,0.02854,0.268921,0.581776,-0.264193,-0.722457,0.270632,0.296732,-0.17358,0.114678,-0.695024,-0.728462,-0.076734
2026-03-27T17:06:41.742620+00:00,17.1422,1774631201742620100,0.123724,0.692079,-0.218247,0.498524,-0.138716,-0.798597,-0.308696,0.082376,0.297721,0.026212,0.272359,0.577539,-0.261088,-0.722141,0.271322,0.297119,-0.172982,0.120693,-0.6787,-0.715639,-0.074268
2026-03-27T17:06:41.759742+00:00,17.159322,1774631201759742500,0.124428,0.692183,-0.219594,0.503009,-0.138333,-0.795251,-0.308543,0.084486,0.299129,0.024148,0.273556,0.577506,-0.26096,-0.726532,0.272027,0.297485,-0.172655,0.123146,-0.686256,-0.726163,-0.073672
2026-03-27T17:06:41.776758+00:00,17.176338,1774631201776758400,0.125209,0.692254,-0.221041,0.507398,-0.138128,-0.792439,-0.308565,0.086341,0.300436,0.022331,0.27547,0.575344,-0.260554,-0.727515,0.272884,0.297731,-0.172602,0.126296,-0.684117,-0.726328,-0.071647
2026-03-27T17:06:41.794556+00:00,17.194136,1774631201794556000,0.12608,0.692317,-0.222625,0.511786,-0.137963,-0.790432,-0.308885,0.088211,0.301656,0.020704,0.278169,0.571495,-0.260017,-0.725938,0.273931,0.297935,-0.172692,0.128341,-0.676952,-0.71985,-0.069918
2026-03-27T17:06:41.810845+00:00,17.210425,1774631201810845100,0.126886,0.692434,-0.224167,0.516579,-0.137615,-0.786672,-0.308871,0.089934,0.302623,0.019362,0.279398,0.56983,-0.261147,-0.728282,0.275177,0.29814,-0.172891,0.12775,-0.674742,-0.717462,-0.069489
2026-03-27T17:06:41.832155+00:00,17.231735,1774631201832154800,0.127975,0.692494,-0.226146,0.522434,-0.137266,-0.782358,-0.308742,0.09211,0.303699,0.017985,0.281361,0.568604,-0.262853,-0.729848,0.276911,0.298445,-0.173707,0.126045,-0.671295,-0.713499,-0.069668
2026-03-27T17:06:41.849004+00:00,17.248584,1774631201849003800,0.128872,0.692579,-0.227752,0.527188,-0.13717,-0.779131,-0.308614,0.093839,0.304311,0.01704,0.284365,0.563576,-0.262335,-0.727199,0.278661,0.298913,-0.174845,0.122073,-0.667495,-0.708814,-0.071388
2026-03-27T17:06:41.866229+00:00,17.265809,1774631201866229000,0.12977,0.692689,-0.229334,0.531319,-0.136763,-0.77728,-0.30864,0.095677,0.304849,0.016171,0.286853,0.561389,-0.262746,-0.729089,0.280393,0.299568,-0.176408,0.122049,-0.664034,-0.703987,-0.069331
2026-03-27T17:06:41.883108+00:00,17.282688,1774631201883107800,0.130657,0.692773,-0.23085,0.535356,-0.136418,-0.774832,-0.308424,0.097523,0.305203,0.0157,0.290103,0.559269,-0.261477,-0.730166,0.282146,0.300268,-0.178376,0.12248,-0.678569,-0.719038,-0.065787
2026-03-27T17:06:41.900204+00:00,17.299784,1774631201900204400,0.131559,0.692841,-0.232294,0.539299,-0.136264,-0.772481,-0.308251,0.099288,0.3055,0.015429,0.292949,0.556487,-0.259285,-0.731364,0.283971,0.301148,-0.180807,0.124614,-0.679832,-0.721679,-0.060941
2026-03-27T17:06:41.917189+00:00,17.316769,1774631201917188600,0.132401,0.692913,-0.233679,0.543465,-0.136111,-0.769101,-0.308119,0.10125,0.305658,0.015242,0.295388,0.555099,-0.257031,-0.736167,0.285984,0.302134,-0.183585,0.126339,-0.674757,-0.717444,-0.055782
2026-03-27T17:06:41.934355+00:00,17.333935,1774631201934355500,0.133299,0.692981,-0.23502,0.547295,-0.135925,-0.766182,-0.307844,0.103351,0.305637,0.015173,0.297347,0.552472,-0.25424,-0.739618,0.288128,0.303314,-0.186732,0.125781,-0.683931,-0.729241,-0.051555
2026-03-27T17:06:41.951374+00:00,17.350954,1774631201951373900,0.134165,0.69304,-0.236385,0.550841,-0.135748,-0.763675,-0.308265,0.105387,0.305052,0.015218,0.301488,0.546082,-0.24962,-0.737902,0.290395,0.304522,-0.190222,0.131023,-0.671514,-0.719151,-0.044766
2026-03-27T17:06:41.968441+00:00,17.368022,1774631201968441700,0.135072,0.693096,-0.23773,0.554464,-0.135384,-0.76112,-0.308675,0.107673,0.304179,0.015254,0.30391,0.542958,-0.246995,-0.741226,0.292878,0.3057,-0.193944,0.133419,-0.67994,-0.731524,-0.038547
2026-03-27T17:06:41.985460+00:00,17.38504,1774631201985459700,0.135773,0.693178,-0.238973,0.558733,-0.134603,-0.757895,-0.30926,0.109847,0.302883,0.015335,0.306172,0.538786,-0.245512,-0.742719,0.295787,0.306708,-0.197976,0.137964,-0.679155,-0.732742,-0.031485
2026-03-27T17:06:42.002694+00:00,17.402274,1774631202002694000,0.136634,0.693278,-0.240362,0.562912,-0.13361,-0.754128,-0.309592,0.112003,0.301335,0.015403,0.306653,0.536527,-0.246968,-0.745983,0.299313,0.307602,-0.202113,0.143996,-0.670688,-0.722976,-0.025096
2026-03-27T17:06:42.019605+00:00,17.419185,1774631202019604800,0.13762,0.693343,-0.24193,0.567034,-0.132258,-0.750984,-0.310212,0.113878,0.299389,0.015495,0.306907,0.533211,-0.250533,-0.746424,0.30341,0.30829,-0.206401,0.14649,-0.675617,-0.723942,-0.020076
2026-03-27T17:06:42.040175+00:00,17.439755,1774631202040174900,0.138603,0.693347,-0.24363,0.571659,-0.130883,-0.747508,-0.3113,0.116195,0.296751,0.015446,0.306981,0.527385,-0.255749,-0.746227,0.308708,0.309042,-0.211777,0.149931,-0.682121,-0.725316,-0.013687
2026-03-27T17:06:42.057183+00:00,17.456763,1774631202057182700,0.139374,0.693364,-0.245136,0.575175,-0.130153,-0.745406,-0.312043,0.117912,0.29408,0.015406,0.305114,0.523541,-0.263074,-0.747576,0.313747,0.309677,-0.216818,0.155826,-0.676785,-0.713821,-0.007315
2026-03-27T17:06:42.074222+00:00,17.473801,1774631202074221500,0.140114,0.693408,-0.2466,0.579168,-0.129433,-0.741835,-0.312089,0.119628,0.291114,0.015308,0.301399,0.522002,-0.272681,-0.751647,0.318924,0.310299,-0.22226,0.158917,-0.679679,-0.710245,-0.000833
2026-03-27T17:06:42.091297+00:00,17.490877,1774631202091297300,0.140846,0.693491,-0.248034,0.582868,-0.128604,-0.738434,-0.312305,0.121429,0.287737,0.015141,0.300772,0.516166,-0.280333,-0.750381,0.324309,0.310986,-0.228082,0.161745,-0.684358,-0.709259,0.006328
2026-03-27T17:06:42.108340+00:00,17.50792,1774631202108340000,0.141552,0.693553,-0.24948,0.585694,-0.128236,-0.73688,-0.31258,0.123236,0.284058,0.014938,0.30011,0.509791,-0.287645,-0.749936,0.329847,0.311728,-0.234426,0.164067,-0.689523,-0.709093,0.01383
2026-03-27T17:06:42.125384+00:00,17.524964,1774631202125383900,0.14221,0.693696,-0.250874,0.589201,-0.127677,-0.733643,-0.3123,0.125089,0.280066,0.01471,0.297594,0.506587,-0.295821,-0.753023,0.335506,0.312518,-0.241091,0.16773,-0.688931,-0.705089,0.02129
2026-03-27T17:06:42.142488+00:00,17.542068,1774631202142488300,0.142872,0.693736,-0.252237,0.591655,-0.127812,-0.73248,-0.312186,0.126856,0.275708,0.014608,0.295557,0.500105,-0.300932,-0.753025,0.34112,0.313295,-0.248007,0.174351,-0.684224,-0.697643,0.028936
2026-03-27T17:06:42.159591+00:00,17.559171,1774631202159590900,0.143498,0.693917,-0.253557,0.594233,-0.127825,-0.7302,-0.311803,0.12876,0.271104,0.014192,0.291046,0.497433,-0.306485,-0.758511,0.346883,0.31417,-0.255319,0.177096,-0.696096,-0.707709,0.037248
2026-03-27T17:06:42.176696+00:00,17.576276,1774631202176695800,0.144082,0.694136,-0.254808,0.596528,-0.128178,-0.729232,-0.310957,0.130563,0.266208,0.013705,0.288788,0.49098,-0.308012,-0.758363,0.352883,0.315145,-0.263021,0.184143,-0.691684,-0.70147,0.044218
2026-03-27T17:06:42.193696+00:00,17.593276,1774631202193695600,0.144602,0.694417,-0.256033,0.598922,-0.128538,-0.727126,-0.310113,0.132401,0.261321,0.013027,0.285627,0.487442,-0.310368,-0.762419,0.358893,0.315754,-0.270894,0.190542,-0.687124,-0.695671,0.050686
2026-03-27T17:06:42.210655+00:00,17.610235,1774631202210654700,0.145015,0.694697,-0.257101,0.600291,-0.129014,-0.72661,-0.309526,0.134124,0.25621,0.012295,0.282172,0.485063,-0.312858,-0.767648,0.364871,0.316118,-0.279215,0.194537,-0.693557,-0.700674,0.058228
2026-03-27T17:06:42.227751+00:00,17.627331,1774631202227751200,0.145424,0.694969,-0.258159,0.601995,-0.129487,-0.725412,-0.308817,0.135905,0.251157,0.011413,0.279798,0.481056,-0.315186,-0.770107,0.37088,0.316387,-0.287736,0.200488,-0.692703,-0.698631,0.065421
2026-03-27T17:06:42.244880+00:00,17.64446,1774631202244880400,0.145638,0.695214,-0.258998,0.602934,-0.130145,-0.72437,-0.308105,0.137695,0.245873,0.010521,0.277228,0.476906,-0.318065,-0.772795,0.376756,0.316168,-0.296674,0.208511,-0.689128,-0.694209,0.072642
2026-03-27T17:06:42.263690+00:00,17.66327,1774631202263689900,0.145903,0.695474,-0.259958,0.604141,-0.130829,-0.723552,-0.30737,0.139731,0.240165,0.009521,0.274495,0.47228,-0.321057,-0.775407,0.383243,0.315935,-0.306517,0.216166,-0.687822,-0.691993,0.08057
2026-03-27T17:06:42.278638+00:00,17.678218,1774631202278637700,0.145973,0.69572,-0.26054,0.604695,-0.131085,-0.723237,-0.30675,0.141385,0.235123,0.008702,0.272428,0.467766,-0.321809,-0.775612,0.388547,0.315583,-0.315045,0.223732,-0.685329,-0.687722,0.087023
2026-03-27T17:06:42.295694+00:00,17.695274,1774631202295693600,0.146023,0.696028,-0.261174,0.605261,-0.131261,-0.723057,-0.30599,0.143298,0.229335,0.007685,0.268949,0.464807,-0.323796,-0.78074,0.394595,0.314385,-0.324624,0.231482,-0.684723,-0.682848,0.093944
2026-03-27T17:06:42.312688+00:00,17.712267,1774631202312687500,0.146035,0.696328,-0.261712,0.605511,-0.131352,-0.722752,-0.305089,0.145418,0.223479,0.006658,0.266697,0.458838,-0.323766,-0.782796,0.400504,0.312968,-0.334089,0.23983,-0.683858,-0.678138,0.1004
2026-03-27T17:06:42.329932+00:00,17.729512,1774631202329932300,0.146016,0.696624,-0.262239,0.605686,-0.131265,-0.723133,-0.304705,0.147817,0.217573,0.00561,0.263388,0.453114,-0.32391,-0.785855,0.406405,0.311319,-0.343743,0.248367,-0.684892,-0.676302,0.106972
2026-03-27T17:06:42.346977+00:00,17.746557,1774631202346977100,0.145978,0.696911,-0.262614,0.605853,-0.13078,-0.722886,-0.304145,0.150126,0.211678,0.004555,0.258816,0.448099,-0.324825,-0.790513,0.412061,0.309459,-0.353293,0.259301,-0.680603,-0.671625,0.11303
2026-03-27T17:06:42.364310+00:00,17.763889,1774631202364309400,0.145956,0.697177,-0.262984,0.605314,-0.130309,-0.723953,-0.304192,0.152415,0.205932,0.003385,0.253636,0.444946,-0.3272,-0.796994,0.417712,0.307213,-0.362996,0.269693,-0.679953,-0.670793,0.119858
2026-03-27T17:06:42.381276+00:00,17.780856,1774631202381276500,0.14582,0.697439,-0.26326,0.604951,-0.129731,-0.724871,-0.303778,0.15457,0.200492,0.002168,0.251422,0.438901,-0.328934,-0.79781,0.423099,0.304697,-0.372424,0.280349,-0.678511,-0.667807,0.126182
2026-03-27T17:06:42.398354+00:00,17.797934,1774631202398353900,0.145597,0.697715,-0.263535,0.604556,-0.128853,-0.72502,-0.30341,0.156784,0.195182,0.00091,0.248317,0.434668,-0.332271,-0.802502,0.428499,0.301739,-0.381938,0.290722,-0.677741,-0.66416,0.132524
2026-03-27T17:06:42.415323+00:00,17.814903,1774631202415323400,0.145363,0.69799,-0.263813,0.603696,-0.128192,-0.72593,-0.303295,0.158958,0.190008,-0.000393,0.245774,0.428715,-0.333449,-0.803308,0.433825,0.298577,-0.391444,0.301853,-0.674711,-0.658007,0.138646
2026-03-27T17:06:42.432853+00:00,17.832433,1774631202432852800,0.145118,0.698256,-0.26409,0.603029,-0.127613,-0.726683,-0.30306,0.161114,0.185008,-0.001774,0.241851,0.424497,-0.335085,-0.806068,0.439112,0.29521,-0.401032,0.312473,-0.673391,-0.653074,0.145102
2026-03-27T17:06:42.449461+00:00,17.849041,1774631202449461300,0.144926,0.698605,-0.264499,0.602314,-0.127931,-0.727833,-0.302093,0.163192,0.180196,-0.003238,0.236577,0.420976,-0.336682,-0.810495,0.444026,0.291372,-0.410507,0.323514,-0.672081,-0.646289,0.151678
2026-03-27T17:06:42.471536+00:00,17.871116,1774631202471536300,0.144707,0.699041,-0.265035,0.601507,-0.128062,-0.729425,-0.301018,0.165889,0.17451,-0.005186,0.231155,0.415352,-0.335446,-0.812997,0.4503,0.286451,-0.422583,0.338416,-0.670475,-0.637086,0.159818
2026-03-27T17:06:42.487480+00:00,17.88706,1774631202487480300,0.144585,0.699438,-0.265525,0.601196,-0.128369,-0.729576,-0.299894,0.167814,0.170384,-0.006724,0.22788,0.410998,-0.333436,-0.813683,0.454756,0.282595,-0.431505,0.348998,-0.672628,-0.632013,0.166077
2026-03-27T17:06:42.504220+00:00,17.9038,1774631202504219900,0.144511,0.699802,-0.266047,0.600725,-0.12892,-0.730772,-0.298676,0.169783,0.166551,-0.008408,0.223713,0.409713,-0.333566,-0.819353,0.459293,0.27856,-0.440693,0.359569,-0.673292,-0.625287,0.172239
2026-03-27T17:06:42.521425+00:00,17.921005,1774631202521425000,0.144455,0.700191,-0.266645,0.600758,-0.129566,-0.730664,-0.29717,0.171706,0.162942,-0.010256,0.220984,0.407273,-0.333172,-0.822215,0.46383,0.274134,-0.450078,0.370107,-0.673862,-0.616354,0.17828
2026-03-27T17:06:42.538756+00:00,17.938336,1774631202538756300,0.144421,0.700542,-0.267295,0.600617,-0.130184,-0.731002,-0.296238,0.173695,0.159799,-0.012137,0.218393,0.406062,-0.334112,-0.827222,0.468168,0.26968,-0.459098,0.382455,-0.672685,-0.603574,0.183253
2026-03-27T17:06:42.555434+00:00,17.955014,1774631202555434400,0.14442,0.700881,-0.267949,0.600507,-0.130887,-0.731036,-0.294856,0.17569,0.156892,-0.0141,0.216354,0.403182,-0.334043,-0.829371,0.472369,0.265024,-0.46804,0.393871,-0.673566,-0.594714,0.188485
2026-03-27T17:06:42.572408+00:00,17.971988,1774631202572408000,0.144454,0.701133,-0.268659,0.600293,-0.131857,-0.732413,-0.294201,0.177777,0.154104,-0.016134,0.214303,0.399982,-0.332982,-0.830573,0.476425,0.260184,-0.476732,0.405663,-0.673554,-0.585298,0.193149
2026-03-27T17:06:42.589485+00:00,17.989065,1774631202589484900,0.144453,0.7014,-0.269376,0.600667,-0.132553,-0.731981,-0.293047,0.17981,0.151443,-0.018199,0.211441,0.398683,-0.332465,-0.834062,0.480447,0.254995,-0.485251,0.417551,-0.674534,-0.575124,0.196336
2026-03-27T17:06:42.606480+00:00,18.006059,1774631202606479500,0.144498,0.701592,-0.27003,0.60091,-0.133222,-0.731692,-0.292257,0.181762,0.148933,-0.020254,0.210046,0.396129,-0.32974,-0.834634,0.48461,0.249516,-0.493359,0.429091,-0.677171,-0.564132,0.197986
2026-03-27T17:06:42.623551+00:00,18.023131,1774631202623550600,0.144612,0.701764,-0.270721,0.601194,-0.133764,-0.731935,-0.291689,0.183823,0.146576,-0.022379,0.208451,0.395043,-0.327801,-0.837736,0.488569,0.243549,-0.501172,0.439782,-0.679747,-0.552433,0.198891
2026-03-27T17:06:42.640589+00:00,18.040169,1774631202640588600,0.144743,0.701894,-0.271327,0.601952,-0.134163,-0.731118,-0.29114,0.185909,0.144161,-0.024454,0.207663,0.390805,-0.323194,-0.834812,0.492429,0.237296,-0.508609,0.450264,-0.682433,-0.538826,0.198465
2026-03-27T17:06:42.658546+00:00,18.058126,1774631202658546400,0.144924,0.701999,-0.271955,0.602031,-0.134695,-0.731052,-0.290863,0.188152,0.141806,-0.026646,0.204574,0.390052,-0.321354,-0.838207,0.496037,0.23037,-0.516121,0.459953,-0.687431,-0.525492,0.19898
2026-03-27T17:06:42.674454+00:00,18.074034,1774631202674454500,0.14512,0.702056,-0.272459,0.602155,-0.135071,-0.731459,-0.290624,0.190096,0.139708,-0.028607,0.201674,0.389486,-0.319873,-0.841302,0.499133,0.224012,-0.522538,0.468285,-0.690743,-0.512589,0.198852
2026-03-27T17:06:42.695700+00:00,18.09528,1774631202695700100,0.145364,0.702141,-0.273099,0.602814,-0.135458,-0.730777,-0.290282,0.192751,0.137101,-0.03128,0.198478,0.389015,-0.31799,-0.845897,0.502957,0.215677,-0.530818,0.47748,-0.698868,-0.494339,0.197881
2026-03-27T17:06:42.712060+00:00,18.11164,1774631202712059800,0.145636,0.702204,-0.273537,0.602676,-0.13575,-0.731403,-0.290177,0.194883,0.135185,-0.033383,0.197356,0.387672,-0.315088,-0.847423,0.505333,0.209691,-0.536912,0.482422,-0.705713,-0.481286,0.197681
2026-03-27T17:06:42.729081+00:00,18.128661,1774631202729080900,0.145938,0.702244,-0.27393,0.602709,-0.136051,-0.731411,-0.290046,0.197059,0.132979,-0.035457,0.196407,0.383689,-0.311797,-0.843735,0.507489,0.203881,-0.543026,0.488554,-0.70902,-0.467138,0.197352
2026-03-27T17:06:42.746284+00:00,18.145864,1774631202746284000,0.146284,0.702253,-0.274264,0.602673,-0.136429,-0.731401,-0.289843,0.199239,0.130818,-0.037621,0.192806,0.383483,-0.312045,-0.84901,0.509088,0.198571,-0.548901,0.493762,-0.713873,-0.454992,0.197712
2026-03-27T17:06:42.763337+00:00,18.162917,1774631202763337100,0.146654,0.70224,-0.274597,0.602651,-0.136701,-0.731356,-0.289645,0.201367,0.128609,-0.039742,0.19103,0.380205,-0.30936,-0.846814,0.510272,0.193938,-0.554527,0.498968,-0.718505,-0.442813,0.19782
2026-03-27T17:06:42.780350+00:00,18.17993,1774631202780350100,0.147073,0.702198,-0.27485,0.60236,-0.137081,-0.731014,-0.289885,0.203505,0.126378,-0.041933,0.18761,0.38,-0.30984,-0.853067,0.510755,0.190621,-0.559929,0.505137,-0.719873,-0.432869,0.199495
2026-03-27T17:06:42.797672+00:00,18.197252,1774631202797671600,0.147389,0.702146,-0.274996,0.602236,-0.137567,-0.731116,-0.28996,0.205634,0.124145,-0.044177,0.185894,0.376218,-0.307697,-0.85101,0.510625,0.187708,-0.565234,0.510898,-0.720766,-0.424786,0.202107
2026-03-27T17:06:42.814696+00:00,18.214276,1774631202814696100,0.147872,0.702105,-0.275161,0.602028,-0.138113,-0.73132,-0.290023,0.207699,0.121767,-0.046379,0.183696,0.373007,-0.305786,-0.851684,0.510076,0.18595,-0.570247,0.517501,-0.717126,-0.418871,0.205939
2026-03-27T17:06:42.831488+00:00,18.231068,1774631202831487800,0.148535,0.702057,-0.275482,0.601688,-0.13851,-0.7311,-0.290149,0.209692,0.119435,-0.048658,0.180791,0.370936,-0.3043,-0.853693,0.509086,0.185051,-0.574957,0.523856,-0.713917,-0.414739,0.210241
2026-03-27T17:06:42.848587+00:00,18.248166,1774631202848586400,0.149063,0.70195,-0.275611,0.601058,-0.139011,-0.731385,-0.290244,0.211612,0.117034,-0.051001,0.17819,0.367372,-0.302672,-0.852736,0.507133,0.18492,-0.579606,0.530576,-0.707809,-0.413169,0.216962
2026-03-27T17:06:42.866445+00:00,18.266025,1774631202866444600,0.14962,0.701787,-0.275678,0.600418,-0.139612,-0.731764,-0.290322,0.213478,0.114506,-0.05349,0.175367,0.364155,-0.302924,-0.854325,0.504889,0.185177,-0.584179,0.537345,-0.701455,-0.411289,0.224364
2026-03-27T17:06:42.882547+00:00,18.282127,1774631202882546700,0.150125,0.701639,-0.275707,0.599492,-0.1403,-0.732434,-0.290248,0.215241,0.112163,-0.056006,0.170904,0.365923,-0.307069,-0.869128,0.502344,0.186348,-0.588367,0.544116,-0.692869,-0.411052,0.232477
2026-03-27T17:06:42.903983+00:00,18.303563,1774631202903983200,0.1508,0.701424,-0.275692,0.598462,-0.141175,-0.73308,-0.290317,0.217489,0.108793,-0.059408,0.16818,0.360661,-0.306213,-0.872401,0.49905,0.18812,-0.593633,0.551744,-0.683732,-0.410566,0.242277
2026-03-27T17:06:42.920558+00:00,18.320138,1774631202920558400,0.151275,0.701286,-0.27573,0.597576,-0.141915,-0.73377,-0.290648,0.219063,0.106171,-0.062248,0.165747,0.355935,-0.304025,-0.871516,0.496874,0.190164,-0.597159,0.555694,-0.679051,-0.409262,0.248997
2026-03-27T17:06:42.937758+00:00,18.337338,1774631202937758400,0.151794,0.701131,-0.275739,0.596735,-0.142546,-0.734089,-0.29084,0.220553,0.103303,-0.065145,0.162868,0.352104,-0.303189,-0.872808,0.49475,0.192114,-0.60063,0.5582,-0.675576,-0.407372,0.255096
2026-03-27T17:06:42.954749+00:00,18.354329,1774631202954749400,0.15226,0.70099,-0.275774,0.596692,-0.143234,-0.733599,-0.290662,0.221869,0.100462,-0.068059,0.15991,0.349362,-0.302821,-0.874971,0.492852,0.194049,-0.603618,0.558381,-0.674819,-0.406292,0.260665
2026-03-27T17:06:42.971590+00:00,18.37117,1774631202971589700,0.152798,0.700834,-0.275883,0.596147,-0.144035,-0.734857,-0.290984,0.223174,0.097592,-0.071064,0.158645,0.342913,-0.299439,-0.868379,0.491101,0.196017,-0.606267,0.556363,-0.675496,-0.40594,0.264939
2026-03-27T17:06:42.989019+00:00,18.388599,1774631202989018900,0.15322,0.700734,-0.275957,0.596776,-0.14443,-0.733661,-0.290721,0.224584,0.094573,-0.074175,0.155355,0.341011,-0.30023,-0.874811,0.489303,0.198205,-0.608342,0.553614,-0.675574,-0.406394,0.268462
2026-03-27T17:06:43.005873+00:00,18.405453,1774631203005873000,0.153659,0.700729,-0.275993,0.596551,-0.144937,-0.734046,-0.290837,0.225869,0.091678,-0.077285,0.152042,0.339142,-0.300764,-0.880208,0.487592,0.200449,-0.609706,0.551244,-0.674994,-0.409604,0.270249
2026-03-27T17:06:43.022954+00:00,18.422534,1774631203022954000,0.154223,0.700544,-0.276216,0.597301,-0.145076,-0.732676,-0.290568,0.227127,0.088733,-0.080347,0.147908,0.338445,-0.302554,-0.889176,0.485756,0.202972,-0.610379,0.549578,-0.673114,-0.413278,0.271116
2026-03-27T17:06:43.039924+00:00,18.439504,1774631203039924500,0.154735,0.700386,-0.276387,0.597318,-0.14533,-0.733298,-0.290866,0.228416,0.085893,-0.083267,0.144866,0.335786,-0.301929,-0.89045,0.483832,0.205756,-0.610529,0.548391,-0.671182,-0.418372,0.271179
2026-03-27T17:06:43.056670+00:00,18.45625,1774631203056669700,0.15516,0.7003,-0.27653,0.597867,-0.145245,-0.732756,-0.291172,0.22945,0.083162,-0.08607,0.144708,0.327696,-0.29585,-0.87585,0.481881,0.208665,-0.610265,0.547357,-0.669172,-0.424745,0.270583
2026-03-27T17:06:43.073687+00:00,18.473267,1774631203073686800,0.155605,0.700216,-0.276658,0.598415,-0.145041,-0.732192,-0.291492,0.230544,0.080502,-0.088788,0.141795,0.326446,-0.295133,-0.876539,0.479822,0.211817,-0.60911,0.545848,-0.666408,-0.4318,0.268625
2026-03-27T17:06:43.090719+00:00,18.490299,1774631203090718900,0.156014,0.700131,-0.276795,0.598985,-0.1447,-0.731601,-0.291792,0.231455,0.077808,-0.091394,0.137708,0.327026,-0.296589,-0.881954,0.477722,0.2151,-0.607592,0.543942,-0.663428,-0.438983,0.26662
2026-03-27T17:06:43.108108+00:00,18.507688,1774631203108107600,0.156436,0.70004,-0.276937,0.599527,-0.144465,-0.731027,-0.292056,0.232528,0.075223,-0.093913,0.132824,0.328747,-0.299397,-0.890545,0.475478,0.218529,-0.605669,0.540921,-0.661748,-0.44739,0.265074
2026-03-27T17:06:43.125105+00:00,18.524685,1774631203125105200,0.156861,0.699932,-0.277047,0.599991,-0.14425,-0.730549,-0.292407,0.233576,0.072778,-0.096246,0.128866,0.327637,-0.300139,-0.891587,0.473239,0.221914,-0.603717,0.538124,-0.659467,-0.455175,0.263215
2026-03-27T17:06:43.145392+00:00,18.544972,1774631203145392000,0.157243,0.699839,-0.277296,0.600487,-0.144307,-0.730038,-0.292508,0.234535,0.070025,-0.098653,0.124116,0.326004,-0.301257,-0.889506,0.470209,0.226214,-0.600149,0.533002,-0.657259,-0.46464,0.261436
2026-03-27T17:06:43.162404+00:00,18.561984,1774631203162403900,0.157531,0.699763,-0.27754,0.600584,-0.144307,-0.729988,-0.292807,0.235225,0.067791,-0.100604,0.120866,0.326197,-0.302434,-0.893098,0.46764,0.22979,-0.596976,0.528433,-0.655382,-0.472773,0.259891
2026-03-27T17:06:43.179480+00:00,18.57906,1774631203179480300,0.15785,0.699664,-0.277752,0.600577,-0.144465,-0.730008,-0.292801,0.236236,0.06566,-0.102537,0.118735,0.326623,-0.303788,-0.895699,0.465026,0.233365,-0.593591,0.523048,-0.655055,-0.481749,0.2583
2026-03-27T17:06:43.196366+00:00,18.595945,1774631203196365500,0.158085,0.699599,-0.278071,0.601168,-0.14449,-0.728811,-0.292512,0.237128,0.063941,-0.104165,0.120002,0.31939,-0.300153,-0.87762,0.462464,0.236867,-0.590014,0.518483,-0.652726,-0.48917,0.255736
2026-03-27T17:06:43.213259+00:00,18.612839,1774631203213259400,0.158361,0.699465,-0.278435,0.601174,-0.144956,-0.729392,-0.292807,0.237993,0.062405,-0.105663,0.11613,0.32737,-0.311899,-0.900407,0.459939,0.240224,-0.586175,0.513267,-0.651792,-0.497076,0.253196
2026-03-27T17:06:43.230426+00:00,18.630006,1774631203230425900,0.158562,0.699327,-0.278923,0.601665,-0.145405,-0.728921,-0.29312,0.238655,0.061023,-0.107074,0.117015,0.323127,-0.313838,-0.889396,0.457435,0.243356,-0.582144,0.508104,-0.651688,-0.504298,0.24979
2026-03-27T17:06:43.247460+00:00,18.64704,1774631203247459600,0.158699,0.699184,-0.27938,0.602764,-0.145577,-0.727236,-0.29321,0.239494,0.059818,-0.108297,0.118755,0.31742,-0.315661,-0.874679,0.455037,0.246152,-0.577962,0.502167,-0.652749,-0.510662,0.246446
2026-03-27T17:06:43.264551+00:00,18.664131,1774631203264550900,0.158837,0.699021,-0.279926,0.603192,-0.14572,-0.727412,-0.293577,0.240377,0.05861,-0.109576,0.119214,0.31559,-0.321109,-0.872819,0.452727,0.248651,-0.573651,0.495798,-0.654864,-0.516202,0.242601
2026-03-27T17:06:43.281627+00:00,18.681207,1774631203281627400,0.158877,0.698912,-0.280457,0.604385,-0.145576,-0.726278,-0.293809,0.241498,0.057364,-0.110812,0.118381,0.317101,-0.329637,-0.882103,0.450537,0.250937,-0.569241,0.489391,-0.657102,-0.521299,0.238218
2026-03-27T17:06:43.298428+00:00,18.698008,1774631203298427800,0.158915,0.698847,-0.280997,0.605116,-0.145081,-0.725631,-0.294004,0.242665,0.056164,-0.1121,0.117671,0.317725,-0.335763,-0.889411,0.44841,0.253094,-0.564731,0.48261,-0.660303,-0.52731,0.233786
2026-03-27T17:06:43.315399+00:00,18.714979,1774631203315399400,0.158883,0.698844,-0.281588,0.606828,-0.14464,-0.724343,-0.293701,0.243834,0.055046,-0.113431,0.119433,0.312057,-0.334755,-0.878851,0.446349,0.255161,-0.560217,0.477591,-0.660204,-0.53259,0.228218
2026-03-27T17:06:43.332439+00:00,18.732019,1774631203332438800,0.158839,0.698842,-0.282141,0.608212,-0.144028,-0.722928,-0.293551,0.245081,0.054159,-0.114711,0.117237,0.315173,-0.343202,-0.892682,0.444105,0.257325,-0.555557,0.473147,-0.659849,-0.538706,0.222843
2026-03-27T17:06:43.349422+00:00,18.749001,1774631203349421500,0.158781,0.698828,-0.28266,0.609521,-0.14352,-0.722134,-0.293704,0.246161,0.053347,-0.115923,0.117742,0.309091,-0.340726,-0.880458,0.441801,0.259452,-0.550952,0.468519,-0.659657,-0.545175,0.217974
2026-03-27T17:06:43.367796+00:00,18.767376,1774631203367796200,0.15863,0.698808,-0.283219,0.610813,-0.142918,-0.721129,-0.293787,0.247634,0.052311,-0.117337,0.115684,0.307117,-0.341404,-0.881173,0.439316,0.261723,-0.546026,0.463775,-0.658919,-0.552107,0.212804
2026-03-27T17:06:43.384430+00:00,18.78401,1774631203384430200,0.158629,0.69892,-0.283484,0.611247,-0.14221,-0.720345,-0.294132,0.249087,0.051076,-0.118902,0.112768,0.309907,-0.342375,-0.894638,0.437283,0.263603,-0.541966,0.458964,-0.658393,-0.558639,0.209146
2026-03-27T17:06:43.401918+00:00,18.801498,1774631203401917800,0.158233,0.69891,-0.284149,0.611939,-0.141647,-0.7202,-0.294218,0.250565,0.049994,-0.120474,0.112374,0.306096,-0.334776,-0.889006,0.435246,0.265588,-0.537808,0.453733,-0.65826,-0.564733,0.205344
2026-03-27T17:06:43.419006+00:00,18.818586,1774631203419005900,0.157856,0.698947,-0.284542,0.612612,-0.141148,-0.719532,-0.294001,0.251953,0.048877,-0.122083,0.110094,0.305187,-0.32999,-0.891694,0.433322,0.267577,-0.53383,0.44869,-0.657796,-0.570048,0.201672
2026-03-27T17:06:43.435430+00:00,18.83501,1774631203435429800,0.157459,0.698982,-0.284966,0.612684,-0.140952,-0.720067,-0.294036,0.253256,0.047674,-0.123763,0.107047,0.306307,-0.325985,-0.900938,0.431658,0.269485,-0.530244,0.443728,-0.657355,-0.575701,0.198746
2026-03-27T17:06:43.452492+00:00,18.852072,1774631203452492500,0.156975,0.699043,-0.285314,0.613367,-0.140486,-0.719328,-0.29365,0.254508,0.046307,-0.125611,0.103041,0.307023,-0.322269,-0.908078,0.430069,0.271432,-0.526749,0.439435,-0.656593,-0.580487,0.196155
2026-03-27T17:06:43.469670+00:00,18.86925,1774631203469670400,0.156463,0.699127,-0.285673,0.613511,-0.140173,-0.71973,-0.293506,0.255513,0.045008,-0.127419,0.101073,0.297627,-0.309108,-0.882388,0.428618,0.273418,-0.523397,0.435266,-0.656284,-0.585078,0.194287
2026-03-27T17:06:43.486609+00:00,18.886189,1774631203486608700,0.155907,0.699315,-0.285987,0.61365,-0.139532,-0.719879,-0.293266,0.256359,0.043579,-0.129244,0.093236,0.304712,-0.31364,-0.903805,0.427502,0.27533,-0.520373,0.431151,-0.655866,-0.588042,0.192877
2026-03-27T17:06:43.503693+00:00,18.903273,1774631203503693400,0.15533,0.699549,-0.286279,0.613952,-0.138795,-0.720123,-0.293096,0.256925,0.042648,-0.130528,0.086658,0.307741,-0.316171,-0.910655,0.426548,0.277234,-0.517526,0.426171,-0.656391,-0.591533,0.191652
2026-03-27T17:06:43.520662+00:00,18.920242,1774631203520661600,0.154732,0.699848,-0.286529,0.614344,-0.138053,-0.719692,-0.2924,0.257445,0.042117,-0.131512,0.08541,0.299012,-0.306462,-0.884992,0.425826,0.279136,-0.514769,0.420624,-0.657806,-0.595973,0.19114
2026-03-27T17:06:43.538766+00:00,18.938346,1774631203538765900,0.154122,0.700164,-0.286799,0.614673,-0.137282,-0.719936,-0.29219,0.258031,0.041526,-0.132321,0.078411,0.311008,-0.320222,-0.92384,0.425217,0.281197,-0.512063,0.415258,-0.658953,-0.599814,0.190962
2026-03-27T17:06:43.554974+00:00,18.954554,1774631203554974300,0.153581,0.700451,-0.286995,0.615031,-0.136529,-0.719723,-0.291627,0.258579,0.041983,-0.132488,0.080566,0.298604,-0.307285,-0.889246,0.424779,0.283091,-0.509678,0.411717,-0.657482,-0.600944,0.190486
2026-03-27T17:06:43.575929+00:00,18.975509,1774631203575929400,0.152927,0.700834,-0.28727,0.615441,-0.13572,-0.719904,-0.291113,0.259255,0.043503,-0.132509,0.078492,0.302049,-0.313508,-0.902823,0.424343,0.285453,-0.506749,0.40612,-0.658639,-0.604235,0.190796
2026-03-27T17:06:43.592643+00:00,18.992223,1774631203592643300,0.152431,0.701127,-0.287397,0.615616,-0.134884,-0.719661,-0.29077,0.259925,0.045317,-0.132481,0.078199,0.30708,-0.321871,-0.925718,0.424294,0.287312,-0.504589,0.401832,-0.658637,-0.606039,0.191185
2026-03-27T17:06:43.609510+00:00,19.00909,1774631203609510500,0.151977,0.701447,-0.287533,0.615872,-0.134321,-0.719885,-0.290361,0.260541,0.047961,-0.131839,0.087222,0.289842,-0.306518,-0.880783,0.423998,0.289356,-0.502343,0.396996,-0.659232,-0.608634,0.19178
2026-03-27T17:06:43.626539+00:00,19.026119,1774631203626538600,0.151613,0.701784,-0.287613,0.615808,-0.133734,-0.720199,-0.289846,0.261002,0.051338,-0.130918,0.095458,0.289178,-0.308231,-0.882127,0.423938,0.291268,-0.50017,0.392448,-0.659671,-0.611328,0.192483
2026-03-27T17:06:43.643537+00:00,19.043117,1774631203643536900,0.151277,0.702088,-0.287632,0.615549,-0.133182,-0.720428,-0.2892,0.261026,0.055646,-0.12968,0.102629,0.297977,-0.31782,-0.90691,0.423908,0.293141,-0.498114,0.388241,-0.659829,-0.614193,0.193094
2026-03-27T17:06:43.660396+00:00,19.059975,1774631203660395500,0.151027,0.702355,-0.287663,0.615271,-0.132917,-0.721236,-0.288817,0.260827,0.060179,-0.128139,0.111964,0.298473,-0.31649,-0.903645,0.423957,0.294957,-0.496093,0.384826,-0.659535,-0.617021,0.193896
2026-03-27T17:06:43.677436+00:00,19.077016,1774631203677436100,0.150815,0.702553,-0.287675,0.614797,-0.132909,-0.72225,-0.28881,0.260268,0.064824,-0.12624,0.11889,0.300705,-0.315304,-0.905078,0.424002,0.29674,-0.494175,0.381941,-0.658662,-0.61874,0.194769
2026-03-27T17:06:43.694536+00:00,19.094116,1774631203694536400,0.150616,0.702755,-0.287618,0.615018,-0.13251,-0.721373,-0.288016,0.259572,0.069537,-0.124024,0.126932,0.296569,-0.305846,-0.886779,0.424087,0.298443,-0.492298,0.378954,-0.657903,-0.620485,0.195638
2026-03-27T17:06:43.711391+00:00,19.110971,1774631203711390700,0.150477,0.702846,-0.287608,0.614426,-0.132538,-0.722494,-0.288376,0.258802,0.074125,-0.121462,0.129778,0.301984,-0.306517,-0.897577,0.424169,0.300082,-0.490577,0.376051,-0.65695,-0.621848,0.196369
2026-03-27T17:06:43.728680+00:00,19.12826,1774631203728680000,0.150341,0.702904,-0.287572,0.613803,-0.132558,-0.723087,-0.28851,0.257842,0.078949,-0.118365,0.135112,0.30013,-0.30046,-0.886672,0.424356,0.301625,-0.488841,0.372176,-0.658187,-0.625078,0.19745
2026-03-27T17:06:43.745738+00:00,19.145318,1774631203745737600,0.150186,0.702949,-0.287493,0.613647,-0.132332,-0.722648,-0.288636,0.256756,0.083623,-0.114674,0.138473,0.301843,-0.299389,-0.887207,0.424567,0.30312,-0.487275,0.369234,-0.658048,-0.626237,0.19799
2026-03-27T17:06:43.762751+00:00,19.162331,1774631203762750800,0.150067,0.702957,-0.287379,0.613061,-0.132394,-0.723254,-0.28864,0.255574,0.088365,-0.110412,0.140526,0.306787,-0.302455,-0.898603,0.424856,0.304541,-0.485758,0.366313,-0.657917,-0.627423,0.198621
2026-03-27T17:06:43.779735+00:00,19.179315,1774631203779734600,0.149928,0.702979,-0.28724,0.612916,-0.132284,-0.723428,-0.288875,0.254093,0.092995,-0.105464,0.146238,0.302877,-0.298254,-0.884723,0.424992,0.305869,-0.484442,0.363448,-0.658582,-0.628572,0.19974
2026-03-27T17:06:43.800027+00:00,19.199607,1774631203800026600,0.14979,0.702975,-0.287056,0.612278,-0.132272,-0.724118,-0.288817,0.252194,0.097846,-0.099419,0.147412,0.308348,-0.303407,-0.897292,0.425213,0.307244,-0.482992,0.360613,-0.658364,-0.629472,0.200645
2026-03-27T17:06:43.814960+00:00,19.21454,1774631203814959700,0.149637,0.702955,-0.286835,0.611952,-0.132296,-0.723879,-0.288273,0.249992,0.10197,-0.09318,0.149111,0.309578,-0.30425,-0.896119,0.425308,0.308301,-0.48187,0.357746,-0.65798,-0.630528,0.201546
2026-03-27T17:06:43.832004+00:00,19.231584,1774631203832003700,0.149497,0.702943,-0.286612,0.610979,-0.132392,-0.72489,-0.288484,0.247374,0.105868,-0.086301,0.15072,0.309917,-0.303427,-0.891675,0.425417,0.309241,-0.480774,0.355409,-0.658121,-0.630797,0.202645
2026-03-27T17:06:43.849005+00:00,19.248585,1774631203849004700,0.149345,0.702778,-0.28637,0.609784,-0.13252,-0.726547,-0.289267,0.244227,0.109227,-0.078848,0.150407,0.313056,-0.304059,-0.893395,0.425487,0.309976,-0.479678,0.352737,-0.660343,-0.631861,0.204506
2026-03-27T17:06:43.865916+00:00,19.265496,1774631203865916000,0.149198,0.702592,-0.286108,0.609068,-0.132702,-0.726677,-0.289367,0.240454,0.112351,-0.070912,0.15106,0.312483,-0.299648,-0.881555,0.425529,0.310554,-0.478716,0.351517,-0.660348,-0.630745,0.206525
2026-03-27T17:06:43.883242+00:00,19.282822,1774631203883241900,0.149094,0.702289,-0.285886,0.608624,-0.133592,-0.726748,-0.289384,0.236074,0.115053,-0.062462,0.148079,0.318882,-0.301413,-0.888558,0.425539,0.310875,-0.477663,0.350032,-0.661728,-0.629953,0.208975
2026-03-27T17:06:43.900263+00:00,19.299843,1774631203900263000,0.149025,0.701988,-0.285664,0.608242,-0.134424,-0.726382,-0.289357,0.231397,0.117677,-0.05371,0.146936,0.32051,-0.29975,-0.882626,0.425519,0.311039,-0.476679,0.348722,-0.662844,-0.629057,0.210788
2026-03-27T17:06:43.917251+00:00,19.316831,1774631203917251400,0.148988,0.701657,-0.285463,0.607278,-0.135117,-0.727567,-0.290448,0.226417,0.120222,-0.044667,0.145202,0.323356,-0.301193,-0.880881,0.42547,0.311105,-0.475535,0.347031,-0.664153,-0.628751,0.211617
2026-03-27T17:06:43.934380+00:00,19.33396,1774631203934380300,0.148957,0.701387,-0.285214,0.60676,-0.135533,-0.727316,-0.290828,0.221042,0.122802,-0.035229,0.142064,0.329023,-0.307632,-0.889354,0.425443,0.311081,-0.47431,0.346043,-0.664279,-0.627015,0.211562
2026-03-27T17:06:43.951451+00:00,19.351031,1774631203951451000,0.148959,0.701189,-0.284995,0.606136,-0.136219,-0.728324,-0.291061,0.215478,0.125334,-0.025525,0.142011,0.326731,-0.307938,-0.879449,0.425294,0.311118,-0.4731,0.345078,-0.665438,-0.627066,0.211043
2026-03-27T17:06:43.970283+00:00,19.369863,1774631203970283000,0.148959,0.701058,-0.284734,0.60587,-0.136725,-0.727979,-0.290683,0.20927,0.128083,-0.014811,0.139573,0.328183,-0.31284,-0.880902,0.425174,0.310985,-0.471708,0.344703,-0.66588,-0.625714,0.210146
2026-03-27T17:06:43.986019+00:00,19.385599,1774631203986019100,0.14893,0.701003,-0.284487,0.605708,-0.137402,-0.728296,-0.289987,0.203364,0.130574,-0.00496,0.137545,0.328165,-0.316246,-0.878229,0.424895,0.310863,-0.470582,0.343375,-0.667547,-0.626347,0.209543
2026-03-27T17:06:44.005940+00:00,19.40552,1774631204005940100,0.148947,0.700967,-0.28415,0.605193,-0.138111,-0.728783,-0.289503,0.195635,0.133676,0.007195,0.134788,0.329401,-0.320545,-0.876584,0.424553,0.310608,-0.469143,0.34238,-0.668444,-0.626197,0.208756
2026-03-27T17:06:44.023103+00:00,19.422683,1774631204023102600,0.148945,0.700931,-0.28381,0.604426,-0.138704,-0.729568,-0.289203,0.18847,0.136584,0.018087,0.131852,0.331519,-0.324387,-0.875598,0.423832,0.310378,-0.468166,0.340899,-0.669728,-0.628146,0.209874
2026-03-27T17:06:44.040239+00:00,19.439819,1774631204040238900,0.148954,0.700929,-0.283456,0.603929,-0.139342,-0.730113,-0.288584,0.180985,0.139679,0.028901,0.127996,0.336912,-0.330671,-0.879932,0.423098,0.310152,-0.467172,0.340285,-0.669073,-0.627671,0.210211
2026-03-27T17:06:44.057213+00:00,19.456793,1774631204057213300,0.148979,0.700951,-0.283068,0.603399,-0.139855,-0.730681,-0.28794,0.173051,0.143038,0.039888,0.128103,0.333517,-0.327829,-0.858989,0.422447,0.309872,-0.466106,0.338912,-0.670098,-0.629276,0.211179
2026-03-27T17:06:44.074273+00:00,19.473853,1774631204074272700,0.149011,0.701051,-0.282679,0.603058,-0.140332,-0.731038,-0.287025,0.165005,0.146557,0.050832,0.125826,0.338098,-0.33128,-0.857123,0.421755,0.309639,-0.465044,0.339685,-0.666173,-0.626157,0.210474
2026-03-27T17:06:44.091279+00:00,19.490859,1774631204091278800,0.149038,0.701167,-0.282267,0.602649,-0.141003,-0.731398,-0.286255,0.15671,0.150168,0.061967,0.122528,0.34572,-0.336817,-0.861412,0.421094,0.309394,-0.464013,0.338615,-0.667529,-0.627965,0.211386
2026-03-27T17:06:44.108405+00:00,19.507985,1774631204108405200,0.149076,0.701259,-0.281871,0.602173,-0.141647,-0.731789,-0.285562,0.148356,0.15394,0.073057,0.120227,0.350113,-0.338624,-0.857388,0.42039,0.30915,-0.462991,0.338461,-0.666503,-0.627938,0.211971
2026-03-27T17:06:44.125343+00:00,19.524923,1774631204125342900,0.149177,0.701248,-0.281482,0.601,-0.14265,-0.733541,-0.28542,0.139916,0.157832,0.084267,0.117582,0.35623,-0.342412,-0.855865,0.419706,0.308879,-0.461939,0.33801,-0.666842,-0.628315,0.213146
2026-03-27T17:06:44.142406+00:00,19.541986,1774631204142405700,0.149262,0.701278,-0.2811,0.601011,-0.143359,-0.732384,-0.284445,0.13148,0.162042,0.095373,0.114938,0.362417,-0.346496,-0.852965,0.418945,0.308654,-0.461024,0.336876,-0.6671,-0.629934,0.214999
2026-03-27T17:06:44.159592+00:00,19.559172,1774631204159591900,0.149465,0.70118,-0.280743,0.600508,-0.144341,-0.732766,-0.284024,0.122954,0.166607,0.10646,0.112179,0.369279,-0.351324,-0.848169,0.418219,0.30835,-0.460025,0.336233,-0.666355,-0.630485,0.216711
2026-03-27T17:06:44.176806+00:00,19.576386,1774631204176805800,0.149671,0.701164,-0.280512,0.600208,-0.145676,-0.733211,-0.283803,0.11438,0.171318,0.117362,0.108741,0.379573,-0.358494,-0.84606,0.417429,0.308137,-0.459139,0.336575,-0.663563,-0.629613,0.218359
2026-03-27T17:06:44.194328+00:00,19.593908,1774631204194328400,0.149901,0.701002,-0.280205,0.599777,-0.14695,-0.733416,-0.283524,0.106231,0.17623,0.127676,0.106088,0.38844,-0.361959,-0.84089,0.416712,0.307899,-0.45815,0.336228,-0.662615,-0.630094,0.220362
2026-03-27T17:06:44.210763+00:00,19.610342,1774631204210762400,0.150092,0.701003,-0.279926,0.59908,-0.148176,-0.733829,-0.283565,0.098674,0.180914,0.137276,0.103647,0.397676,-0.364073,-0.83804,0.416114,0.307746,-0.457226,0.335049,-0.663452,-0.63085,0.222382
2026-03-27T17:06:44.231797+00:00,19.631377,1774631204231796900,0.150302,0.700866,-0.279524,0.598592,-0.14969,-0.734136,-0.283137,0.090327,0.186692,0.147942,0.101142,0.412056,-0.366648,-0.840431,0.415558,0.307519,-0.455974,0.333902,-0.66369,-0.630998,0.22392
2026-03-27T17:06:44.246753+00:00,19.646333,1774631204246753400,0.150431,0.700817,-0.279173,0.597443,-0.15066,-0.73553,-0.282901,0.084924,0.190991,0.154873,0.100025,0.421524,-0.366704,-0.840289,0.415214,0.307411,-0.45506,0.332355,-0.66495,-0.632633,0.225082
2026-03-27T17:06:44.263752+00:00,19.663332,1774631204263752200,0.150536,0.700822,-0.278732,0.597062,-0.151309,-0.735238,-0.282166,0.079741,0.195794,0.161737,0.101007,0.424244,-0.360366,-0.825741,0.414938,0.307291,-0.453871,0.331908,-0.66381,-0.631649,0.225143
2026-03-27T17:06:44.280861+00:00,19.680441,1774631204280861200,0.150612,0.700835,-0.278305,0.596212,-0.152159,-0.736192,-0.281833,0.075565,0.200832,0.167557,0.100751,0.434845,-0.362202,-0.829609,0.414707,0.307149,-0.452642,0.331266,-0.663101,-0.631021,0.225084
2026-03-27T17:06:44.297807+00:00,19.697387,1774631204297807200,0.150699,0.700766,-0.277771,0.594747,-0.152651,-0.737807,-0.281183,0.072298,0.205817,0.172482,0.103878,0.434915,-0.357492,-0.816781,0.414561,0.307015,-0.451294,0.330318,-0.663875,-0.631645,0.224837
2026-03-27T17:06:44.314904+00:00,19.714484,1774631204314903800,0.150746,0.700878,-0.277181,0.593651,-0.153144,-0.738895,-0.280435,0.070626,0.211018,0.176064,0.104778,0.447568,-0.364791,-0.833379,0.414497,0.306816,-0.449862,0.329605,-0.664751,-0.63195,0.224381
2026-03-27T17:06:44.331922+00:00,19.731502,1774631204331922000,0.150783,0.701047,-0.276593,0.592576,-0.15336,-0.739984,-0.280002,0.070016,0.216076,0.178545,0.109928,0.443955,-0.360522,-0.82295,0.41449,0.306553,-0.448347,0.328029,-0.666878,-0.633937,0.224209
2026-03-27T17:06:44.348934+00:00,19.748514,1774631204348933600,0.150813,0.701206,-0.275941,0.591393,-0.153575,-0.741185,-0.27951,0.070627,0.221031,0.179879,0.115286,0.440806,-0.357782,-0.816302,0.414469,0.306314,-0.446818,0.327513,-0.666293,-0.632858,0.222841
2026-03-27T17:06:44.366026+00:00,19.765606,1774631204366026000,0.150833,0.701387,-0.275266,0.590188,-0.153437,-0.741801,-0.279093,0.072654,0.225636,0.180181,0.120512,0.438928,-0.356023,-0.81361,0.414566,0.306027,-0.445183,0.326995,-0.665719,-0.631756,0.221514
2026-03-27T17:06:44.383112+00:00,19.782692,1774631204383112500,0.150823,0.70155,-0.274581,0.589145,-0.15322,-0.742819,-0.278658,0.075526,0.229952,0.179589,0.127147,0.431311,-0.349899,-0.802672,0.41471,0.305742,-0.443554,0.325719,-0.667271,-0.63228,0.220553
2026-03-27T17:06:44.400260+00:00,19.79984,1774631204400260200,0.150821,0.701631,-0.274101,0.587963,-0.15293,-0.744043,-0.27881,0.07973,0.233832,0.177592,0.129845,0.436044,-0.354452,-0.817431,0.414918,0.305452,-0.441854,0.325319,-0.666385,-0.630903,0.218775
2026-03-27T17:06:44.417289+00:00,19.816868,1774631204417288500,0.150773,0.701765,-0.27336,0.586855,-0.152466,-0.74463,-0.278462,0.084616,0.237403,0.174866,0.133968,0.434131,-0.353766,-0.821376,0.415085,0.305227,-0.440211,0.322957,-0.669262,-0.633034,0.218168
2026-03-27T17:06:44.439897+00:00,19.839477,1774631204439897400,0.150596,0.702055,-0.272495,0.585439,-0.151832,-0.745996,-0.278405,0.092248,0.241051,0.169939,0.139727,0.426943,-0.349455,-0.822354,0.415294,0.304913,-0.438007,0.321133,-0.670754,-0.633693,0.216872
2026-03-27T17:06:44.454760+00:00,19.85434,1774631204454759900,0.150513,0.70225,-0.27197,0.584533,-0.151292,-0.74694,-0.278164,0.098173,0.243244,0.165909,0.142526,0.424158,-0.348468,-0.828736,0.415364,0.30479,-0.436537,0.319891,-0.670541,-0.63348,0.2154
2026-03-27T17:06:44.471961+00:00,19.871541,1774631204471960900,0.150493,0.702386,-0.271603,0.584108,-0.150643,-0.747442,-0.278092,0.10551,0.245173,0.160513,0.145913,0.41934,-0.34564,-0.832343,0.4155,0.304628,-0.434814,0.318575,-0.670996,-0.634422,0.214022
2026-03-27T17:06:44.488930+00:00,19.88851,1774631204488929800,0.150467,0.702615,-0.27105,0.583573,-0.149981,-0.747929,-0.277701,0.112959,0.246556,0.154915,0.148094,0.415851,-0.342596,-0.837201,0.415575,0.304571,-0.433169,0.317828,-0.670226,-0.633695,0.212113
2026-03-27T17:06:44.506118+00:00,19.905698,1774631204506118300,0.150423,0.702833,-0.270608,0.582558,-0.14945,-0.749567,-0.277707,0.120996,0.247431,0.148452,0.151688,0.40593,-0.333587,-0.828182,0.415656,0.304494,-0.43154,0.31563,-0.673125,-0.636963,0.211397
2026-03-27T17:06:44.523144+00:00,19.922724,1774631204523144400,0.150422,0.702994,-0.270213,0.582351,-0.148729,-0.749128,-0.277464,0.129319,0.247593,0.141764,0.151699,0.402745,-0.329215,-0.83412,0.415692,0.304474,-0.42993,0.314432,-0.673304,-0.637164,0.20968
2026-03-27T17:06:44.540242+00:00,19.939822,1774631204540242400,0.150456,0.703111,-0.269935,0.58158,-0.148335,-0.750545,-0.277716,0.137991,0.247847,0.134465,0.151163,0.399848,-0.32513,-0.841457,0.415725,0.304478,-0.428383,0.313255,-0.672955,-0.636905,0.207786
2026-03-27T17:06:44.557323+00:00,19.956903,1774631204557322900,0.150524,0.703194,-0.269681,0.581459,-0.147968,-0.750661,-0.277726,0.14684,0.247269,0.127141,0.150563,0.397151,-0.321243,-0.848805,0.415742,0.304473,-0.426884,0.311245,-0.67456,-0.639009,0.206447
2026-03-27T17:06:44.574262+00:00,19.973842,1774631204574262300,0.15055,0.703227,-0.269578,0.581613,-0.147496,-0.749859,-0.277436,0.155826,0.246266,0.119247,0.150808,0.391936,-0.31574,-0.850107,0.415708,0.304481,-0.425462,0.311358,-0.672232,-0.637461,0.204207
2026-03-27T17:06:44.591287+00:00,19.990867,1774631204591286700,0.150613,0.703216,-0.269502,0.581102,-0.147102,-0.750988,-0.27774,0.164926,0.244831,0.111428,0.149643,0.38913,-0.312796,-0.856854,0.415634,0.304502,-0.42407,0.310306,-0.672309,-0.638534,0.202591
2026-03-27T17:06:44.608480+00:00,20.00806,1774631204608479700,0.150656,0.703306,-0.269231,0.581227,-0.146729,-0.750233,-0.277458,0.174247,0.242961,0.103056,0.147927,0.386031,-0.311236,-0.864805,0.415583,0.304472,-0.422728,0.309412,-0.672081,-0.639617,0.200599
2026-03-27T17:06:44.625367+00:00,20.024947,1774631204625367100,0.150796,0.703415,-0.269132,0.580911,-0.14656,-0.751172,-0.277624,0.183699,0.240987,0.094754,0.147482,0.377481,-0.307504,-0.862534,0.415547,0.304432,-0.421517,0.307536,-0.674816,-0.643784,0.199345
2026-03-27T17:06:44.642632+00:00,20.042211,1774631204642631500,0.150953,0.703483,-0.269095,0.580809,-0.146235,-0.751348,-0.277535,0.192968,0.238386,0.086661,0.144802,0.371329,-0.30761,-0.865676,0.415325,0.304409,-0.420204,0.306819,-0.674395,-0.645242,0.197204
2026-03-27T17:06:44.659500+00:00,20.05908,1774631204659499900,0.151145,0.703591,-0.269098,0.580631,-0.146022,-0.752092,-0.277491,0.202056,0.235713,0.078426,0.141549,0.364833,-0.308505,-0.866006,0.415209,0.304321,-0.418898,0.307527,-0.671745,-0.64432,0.193481
2026-03-27T17:06:44.679868+00:00,20.079447,1774631204679867400,0.151375,0.703739,-0.269179,0.580847,-0.145662,-0.75211,-0.277175,0.212354,0.232202,0.06891,0.136523,0.358121,-0.312627,-0.868058,0.41504,0.304057,-0.417287,0.307057,-0.671645,-0.645732,0.189815
2026-03-27T17:06:44.696285+00:00,20.095865,1774631204696284900,0.151585,0.703888,-0.269228,0.582003,-0.145389,-0.750809,-0.276495,0.220564,0.229168,0.061176,0.131663,0.355037,-0.320454,-0.878456,0.414863,0.303756,-0.416014,0.305212,-0.675663,-0.648716,0.186595
2026-03-27T17:06:44.713364+00:00,20.112944,1774631204713363900,0.151841,0.704033,-0.269273,0.582118,-0.14492,-0.751149,-0.276603,0.229131,0.225956,0.053083,0.130037,0.344488,-0.322366,-0.872982,0.414693,0.303179,-0.414688,0.30512,-0.675343,-0.648404,0.182749
2026-03-27T17:06:44.730361+00:00,20.129941,1774631204730360600,0.152106,0.704187,-0.269418,0.583005,-0.144427,-0.750185,-0.276179,0.237107,0.222378,0.045496,0.126916,0.338635,-0.328427,-0.880029,0.414497,0.302454,-0.41337,0.305204,-0.675407,-0.648531,0.178951
2026-03-27T17:06:44.747673+00:00,20.147253,1774631204747672600,0.152419,0.704348,-0.269596,0.583515,-0.143945,-0.749815,-0.275637,0.245067,0.218617,0.03761,0.126587,0.325652,-0.327346,-0.868099,0.414261,0.301582,-0.412053,0.305347,-0.675995,-0.64906,0.175073
2026-03-27T17:06:44.764666+00:00,20.164246,1774631204764666200,0.152791,0.704504,-0.269827,0.584115,-0.144013,-0.750024,-0.275276,0.252519,0.214722,0.030101,0.121975,0.321944,-0.335168,-0.879103,0.413956,0.300592,-0.410785,0.306097,-0.67476,-0.647526,0.171062
2026-03-27T17:06:44.781665+00:00,20.181245,1774631204781664700,0.153138,0.704656,-0.270007,0.584897,-0.143621,-0.749138,-0.274952,0.259149,0.210569,0.023246,0.117305,0.319185,-0.344021,-0.891098,0.413613,0.299475,-0.409528,0.3057,-0.676114,-0.647896,0.167741
2026-03-27T17:06:44.798366+00:00,20.197946,1774631204798365800,0.153506,0.704778,-0.270181,0.584912,-0.143464,-0.749725,-0.275154,0.265389,0.206583,0.01653,0.117433,0.305983,-0.341798,-0.871731,0.413265,0.298277,-0.408298,0.305315,-0.676877,-0.647662,0.164215
2026-03-27T17:06:44.815437+00:00,20.215017,1774631204815437000,0.153882,0.704911,-0.270309,0.585052,-0.143231,-0.749543,-0.27476,0.271197,0.202447,0.010346,0.113242,0.303588,-0.353422,-0.885833,0.41293,0.296956,-0.407036,0.304882,-0.678243,-0.646954,0.160494
2026-03-27T17:06:44.832474+00:00,20.232053,1774631204832473500,0.154269,0.705031,-0.270457,0.585187,-0.143217,-0.749993,-0.274656,0.276691,0.198388,0.004383,0.110799,0.295637,-0.357725,-0.881405,0.41261,0.295556,-0.405777,0.304413,-0.679599,-0.646643,0.157044
2026-03-27T17:06:44.849441+00:00,20.249021,1774631204849441200,0.154666,0.70517,-0.270565,0.585292,-0.143161,-0.749874,-0.274319,0.281455,0.194413,-0.000807,0.106466,0.293873,-0.368283,-0.893128,0.412287,0.294072,-0.404496,0.30392,-0.681939,-0.646758,0.153931
2026-03-27T17:06:44.866501+00:00,20.266081,1774631204866501400,0.155087,0.705344,-0.270662,0.585613,-0.142815,-0.749508,-0.273631,0.285884,0.190715,-0.005657,0.105849,0.285191,-0.369574,-0.880416,0.411977,0.292488,-0.403153,0.303327,-0.685419,-0.646999,0.150861
2026-03-27T17:06:44.883563+00:00,20.283143,1774631204883563100,0.155549,0.705497,-0.270799,0.585845,-0.142824,-0.749752,-0.273407,0.289706,0.187306,-0.009913,0.105344,0.280203,-0.373997,-0.875242,0.411733,0.290826,-0.40173,0.303517,-0.685884,-0.644434,0.146596
2026-03-27T17:06:44.903795+00:00,20.303375,1774631204903795100,0.156113,0.705686,-0.270945,0.586268,-0.142625,-0.749451,-0.272836,0.293369,0.183818,-0.014172,0.101739,0.284834,-0.390819,-0.896876,0.411495,0.28878,-0.399994,0.304159,-0.686874,-0.640713,0.141594
2026-03-27T17:06:44.920684+00:00,20.320264,1774631204920684400,0.156576,0.705848,-0.271075,0.586818,-0.1426,-0.749205,-0.272734,0.296154,0.181049,-0.01743,0.101997,0.280272,-0.392114,-0.886255,0.411193,0.286889,-0.398446,0.303828,-0.690313,-0.63904,0.137904
2026-03-27T17:06:44.937726+00:00,20.337306,1774631204937725700,0.157014,0.706003,-0.271174,0.587598,-0.142399,-0.748358,-0.27235,0.298207,0.178799,-0.01985,0.101528,0.279333,-0.396714,-0.886581,0.411003,0.28498,-0.396808,0.302909,-0.694913,-0.638212,0.134078
2026-03-27T17:06:44.954963+00:00,20.354543,1774631204954963200,0.157491,0.706115,-0.271234,0.587755,-0.142208,-0.748175,-0.27203,0.299664,0.176985,-0.02161,0.102191,0.277581,-0.397339,-0.880976,0.410904,0.28304,-0.395082,0.303098,-0.696301,-0.634174,0.129544
2026-03-27T17:06:44.971934+00:00,20.371514,1774631204971933600,0.157955,0.706207,-0.27128,0.587891,-0.142045,-0.748598,-0.271951,0.300788,0.175702,-0.02287,0.103904,0.273792,-0.394001,-0.868252,0.410819,0.281064,-0.39327,0.301894,-0.700861,-0.632308,0.125482
2026-03-27T17:06:44.988732+00:00,20.388312,1774631204988732300,0.158383,0.706277,-0.271275,0.587872,-0.141909,-0.748608,-0.271917,0.301299,0.175026,-0.023511,0.106312,0.27158,-0.390214,-0.857327,0.41071,0.279138,-0.391422,0.300528,-0.705536,-0.630857,0.121592
2026-03-27T17:06:45.005644+00:00,20.405224,1774631205005643600,0.158591,0.70629,-0.27124,0.587928,-0.141781,-0.748489,-0.271607,0.30176,0.174651,-0.023997,0.105999,0.278019,-0.397547,-0.872005,0.410526,0.27722,-0.389475,0.300252,-0.70533,-0.626605,0.117059
2026-03-27T17:06:45.022812+00:00,20.422392,1774631205022811700,0.158949,0.706286,-0.27118,0.587358,-0.14164,-0.749046,-0.271342,0.301707,0.174822,-0.02404,0.1082,0.278933,-0.397037,-0.869064,0.410303,0.275338,-0.387463,0.297823,-0.710153,-0.628107,0.113544
2026-03-27T17:06:45.039776+00:00,20.439356,1774631205039776200,0.159401,0.706388,-0.271062,0.587227,-0.141675,-0.749158,-0.271298,0.301619,0.175122,-0.023984,0.111438,0.276953,-0.392066,-0.857128,0.410047,0.273506,-0.385304,0.296703,-0.711809,-0.627173,0.109394
2026-03-27T17:06:45.056848+00:00,20.456428,1774631205056848300,0.159672,0.706443,-0.270819,0.586605,-0.141719,-0.749765,-0.271033,0.301228,0.176069,-0.0239,0.111787,0.279833,-0.395494,-0.862812,0.409832,0.271731,-0.383061,0.295933,-0.713185,-0.626745,0.105355
2026-03-27T17:06:45.074590+00:00,20.47417,1774631205074590200,0.15992,0.706465,-0.270509,0.585651,-0.141786,-0.750657,-0.270684,0.300476,0.177375,-0.023559,0.112871,0.281019,-0.396942,-0.864462,0.409564,0.269889,-0.380559,0.295899,-0.712557,-0.62445,0.100801
2026-03-27T17:06:45.091529+00:00,20.491109,1774631205091529000,0.160068,0.70646,-0.270158,0.584642,-0.141975,-0.751703,-0.270656,0.299728,0.178685,-0.022976,0.118823,0.278462,-0.387913,-0.854413,0.40934,0.268061,-0.378013,0.294403,-0.715499,-0.624623,0.096753
2026-03-27T17:06:45.112464+00:00,20.512044,1774631205112464400,0.160224,0.706442,-0.269713,0.583424,-0.14214,-0.752826,-0.270314,0.298567,0.181014,-0.022189,0.125782,0.280615,-0.382798,-0.856794,0.409148,0.265666,-0.374634,0.291071,-0.722208,-0.625672,0.091329
2026-03-27T17:06:45.129094+00:00,20.528674,1774631205129093600,0.160254,0.706465,-0.26935,0.583084,-0.142116,-0.752745,-0.270063,0.297193,0.183361,-0.021487,0.13095,0.284011,-0.38248,-0.861475,0.409044,0.263595,-0.371563,0.289565,-0.723928,-0.622066,0.085255
2026-03-27T17:06:45.146229+00:00,20.545809,1774631205146228900,0.160312,0.706451,-0.268998,0.582402,-0.142232,-0.753514,-0.269701,0.295605,0.186014,-0.020626,0.135474,0.290968,-0.385033,-0.874491,0.409296,0.261371,-0.368253,0.287753,-0.727185,-0.618066,0.078638
2026-03-27T17:06:45.163196+00:00,20.562776,1774631205163195700,0.160323,0.706419,-0.268652,0.581524,-0.142313,-0.75441,-0.269653,0.293653,0.189162,-0.019755,0.145272,0.291935,-0.376605,-0.865561,0.409697,0.259004,-0.364741,0.285638,-0.730715,-0.614207,0.071545
2026-03-27T17:06:45.180279+00:00,20.579859,1774631205180279500,0.160278,0.706413,-0.268276,0.581626,-0.142265,-0.753618,-0.26926,0.291415,0.192563,-0.018743,0.152671,0.298813,-0.37517,-0.87089,0.410229,0.25644,-0.360942,0.283187,-0.734873,-0.60993,0.063623
2026-03-27T17:06:45.197232+00:00,20.596812,1774631205197232200,0.160264,0.706383,-0.267948,0.581052,-0.142435,-0.754893,-0.269514,0.289083,0.196183,-0.017709,0.160841,0.3031,-0.371651,-0.868905,0.410845,0.253738,-0.35699,0.279419,-0.742826,-0.608717,0.055393
2026-03-27T17:06:45.214086+00:00,20.613666,1774631205214085600,0.160238,0.70641,-0.267558,0.58073,-0.142421,-0.755282,-0.269265,0.286427,0.19996,-0.016355,0.170737,0.303252,-0.364553,-0.854971,0.411599,0.250791,-0.352719,0.27762,-0.74561,-0.602515,0.045777
2026-03-27T17:06:45.231219+00:00,20.630799,1774631205231218800,0.160061,0.706405,-0.267155,0.580561,-0.142572,-0.755482,-0.269117,0.283728,0.204013,-0.015086,0.175973,0.310705,-0.368455,-0.862234,0.412403,0.247681,-0.348317,0.274477,-0.751627,-0.598882,0.036032
2026-03-27T17:06:45.248414+00:00,20.647994,1774631205248414000,0.159813,0.706425,-0.266666,0.580623,-0.142422,-0.754748,-0.26857,0.280654,0.208103,-0.013535,0.184879,0.310621,-0.365081,-0.849711,0.413246,0.244316,-0.343737,0.272623,-0.755252,-0.593235,0.025995
2026-03-27T17:06:45.265273+00:00,20.664853,1774631205265272900,0.159544,0.706394,-0.266121,0.579646,-0.142508,-0.756364,-0.268939,0.277446,0.212226,-0.01199,0.191127,0.314466,-0.366363,-0.848061,0.413904,0.240867,-0.339176,0.271376,-0.759824,-0.588342,0.016621
2026-03-27T17:06:45.282291+00:00,20.681871,1774631205282291000,0.159197,0.706393,-0.265502,0.578966,-0.142374,-0.757061,-0.269026,0.274211,0.216412,-0.010596,0.196807,0.32072,-0.368859,-0.851471,0.414885,0.237068,-0.334365,0.268378,-0.76661,-0.584166,0.007038
2026-03-27T17:06:45.299343+00:00,20.698923,1774631205299342600,0.158816,0.706424,-0.264854,0.57832,-0.142158,-0.757565,-0.269116,0.27072,0.220623,-0.009222,0.204157,0.324946,-0.368459,-0.84819,0.415788,0.233256,-0.329539,0.265795,-0.771745,-0.578613,-0.002752
2026-03-27T17:06:45.316443+00:00,20.716023,1774631205316443400,0.158331,0.706432,-0.264096,0.577706,-0.141617,-0.757722,-0.268831,0.266806,0.224775,-0.007667,0.212135,0.328333,-0.366786,-0.841448,0.416957,0.229011,-0.324517,0.262094,-0.778582,-0.571142,-0.014017
2026-03-27T17:06:45.335467+00:00,20.735047,1774631205335466900,0.157818,0.706495,-0.263303,0.57688,-0.141288,-0.758423,-0.268804,0.262634,0.229335,-0.006177,0.21949,0.333105,-0.366139,-0.838151,0.418192,0.224555,-0.319079,0.25842,-0.785287,-0.563208,-0.025734
2026-03-27T17:06:45.350812+00:00,20.750392,1774631205350812100,0.157276,0.706518,-0.262583,0.576421,-0.141022,-0.758379,-0.268747,0.258744,0.233083,-0.004798,0.225587,0.33693,-0.365302,-0.835707,0.418902,0.220596,-0.314795,0.256086,-0.788928,-0.555087,-0.032518
2026-03-27T17:06:45.368019+00:00,20.767599,1774631205368019400,0.156711,0.706569,-0.261797,0.575001,-0.140619,-0.759881,-0.269199,0.25437,0.237138,-0.003332,0.232865,0.34064,-0.363429,-0.831102,0.419808,0.21624,-0.310052,0.254025,-0.793264,-0.547927,-0.040429
2026-03-27T17:06:45.384815+00:00,20.784395,1774631205384814800,0.156082,0.706656,-0.260996,0.57435,-0.140096,-0.759916,-0.268938,0.250247,0.240977,-0.002039,0.237963,0.346317,-0.364422,-0.83334,0.420823,0.211925,-0.305412,0.251495,-0.800771,-0.542756,-0.048684
2026-03-27T17:06:45.401521+00:00,20.801101,1774631205401521000,0.155462,0.706741,-0.260226,0.573387,-0.139696,-0.760893,-0.268856,0.246107,0.244665,-0.000738,0.244294,0.349079,-0.362355,-0.827761,0.422084,0.207315,-0.300784,0.250005,-0.807008,-0.536833,-0.056882
2026-03-27T17:06:45.418694+00:00,20.818274,1774631205418694200,0.154815,0.70683,-0.259491,0.572683,-0.139395,-0.761712,-0.268934,0.241641,0.248225,0.000843,0.248433,0.353961,-0.362586,-0.827298,0.423314,0.20269,-0.296147,0.250483,-0.809527,-0.527248,-0.064712
2026-03-27T17:06:45.435730+00:00,20.83531,1774631205435730300,0.154147,0.706922,-0.258724,0.5719,-0.138914,-0.761886,-0.268606,0.237234,0.251565,0.002416,0.253315,0.356517,-0.360816,-0.821887,0.424571,0.197922,-0.291693,0.250275,-0.81555,-0.520238,-0.07188
2026-03-27T17:06:45.452697+00:00,20.852276,1774631205452696500,0.153469,0.706981,-0.258003,0.570498,-0.138686,-0.764046,-0.269263,0.23313,0.254636,0.003775,0.255617,0.361715,-0.361349,-0.824155,0.425879,0.193228,-0.287419,0.250846,-0.817704,-0.510506,-0.078717
2026-03-27T17:06:45.469898+00:00,20.869477,1774631205469897500,0.152763,0.707079,-0.25725,0.569913,-0.138075,-0.763999,-0.269005,0.228823,0.257477,0.00535,0.25974,0.364012,-0.359046,-0.820182,0.427197,0.188586,-0.283258,0.250428,-0.823042,-0.502511,-0.085281
2026-03-27T17:06:45.486597+00:00,20.886177,1774631205486597000,0.152071,0.707165,-0.256553,0.56949,-0.137721,-0.764433,-0.268683,0.224803,0.260099,0.006708,0.262615,0.367659,-0.358446,-0.819063,0.428449,0.18417,-0.279357,0.250041,-0.828578,-0.496091,-0.09111
2026-03-27T17:06:45.504146+00:00,20.903726,1774631205504145800,0.151391,0.707238,-0.255824,0.568296,-0.137518,-0.76567,-0.268506,0.220396,0.262657,0.008259,0.266261,0.369978,-0.357098,-0.814257,0.429659,0.179793,-0.275482,0.250219,-0.830896,-0.488029,-0.09614
2026-03-27T17:06:45.521228+00:00,20.920808,1774631205521228200,0.150681,0.707311,-0.255122,0.567633,-0.137111,-0.766316,-0.268632,0.216332,0.264947,0.009575,0.268469,0.373486,-0.357241,-0.812284,0.430856,0.175616,-0.271742,0.248706,-0.836921,-0.481515,-0.101848
2026-03-27T17:06:45.544355+00:00,20.943935,1774631205544354900,0.149773,0.707396,-0.254193,0.566664,-0.136258,-0.766536,-0.268539,0.210837,0.267663,0.011422,0.271576,0.376473,-0.356219,-0.808196,0.432475,0.170283,-0.266863,0.249404,-0.837235,-0.468238,-0.108299
2026-03-27T17:06:45.561370+00:00,20.96095,1774631205561370300,0.149197,0.707352,-0.253626,0.565532,-0.136074,-0.767997,-0.268888,0.206908,0.269471,0.012775,0.272894,0.379022,-0.355572,-0.80713,0.43327,0.166829,-0.263654,0.249583,-0.846182,-0.46431,-0.113325
2026-03-27T17:06:45.578217+00:00,20.977797,1774631205578216600,0.148305,0.707517,-0.252738,0.564951,-0.135604,-0.767947,-0.268689,0.203185,0.270983,0.013956,0.273098,0.383026,-0.355823,-0.808851,0.434257,0.163562,-0.260406,0.252988,-0.843056,-0.454826,-0.116917
2026-03-27T17:06:45.595323+00:00,20.994903,1774631205595322900,0.14761,0.7076,-0.252023,0.563603,-0.135234,-0.769377,-0.268809,0.199407,0.272217,0.015077,0.273923,0.386344,-0.355172,-0.807936,0.435261,0.160372,-0.257246,0.252841,-0.850672,-0.451613,-0.122263
2026-03-27T17:06:45.612360+00:00,21.01194,1774631205612360100,0.146911,0.707701,-0.251324,0.563043,-0.134729,-0.76996,-0.268841,0.195656,0.273425,0.016188,0.275157,0.389113,-0.354824,-0.805147,0.436125,0.157484,-0.254247,0.254957,-0.847607,-0.443968,-0.126287
2026-03-27T17:06:45.629580+00:00,21.02916,1774631205629580400,0.146186,0.707814,-0.250597,0.562436,-0.134061,-0.769913,-0.268655,0.191983,0.27461,0.017269,0.276964,0.391426,-0.354543,-0.801942,0.436855,0.154781,-0.251393,0.255972,-0.852498,-0.441811,-0.131175
2026-03-27T17:06:45.646739+00:00,21.046319,1774631205646738600,0.145536,0.707921,-0.24992,0.561336,-0.133557,-0.771733,-0.268653,0.188204,0.27584,0.018567,0.278012,0.395215,-0.355792,-0.801491,0.437492,0.152392,-0.248631,0.259699,-0.849039,-0.437416,-0.134464
2026-03-27T17:06:45.663945+00:00,21.063525,1774631205663944800,0.144854,0.708056,-0.24921,0.560735,-0.132905,-0.771691,-0.268431,0.184793,0.27672,0.019622,0.279192,0.398353,-0.356417,-0.799572,0.438041,0.150186,-0.245961,0.26226,-0.850741,-0.43609,-0.138389
2026-03-27T17:06:45.680802+00:00,21.080381,1774631205680801500,0.144229,0.708201,-0.248555,0.560162,-0.132226,-0.772268,-0.268479,0.181374,0.277396,0.020703,0.281199,0.400022,-0.355562,-0.795287,0.438547,0.148201,-0.243464,0.264583,-0.848518,-0.433589,-0.141274
2026-03-27T17:06:45.698139+00:00,21.097719,1774631205698139400,0.143621,0.708327,-0.247854,0.558861,-0.131479,-0.773605,-0.268611,0.178266,0.277865,0.021709,0.280833,0.404037,-0.357007,-0.796512,0.43891,0.146301,-0.241127,0.265195,-0.851396,-0.434141,-0.144685
2026-03-27T17:06:45.715041+00:00,21.114621,1774631205715041300,0.143021,0.708472,-0.247172,0.558244,-0.130716,-0.77354,-0.268409,0.175197,0.278222,0.022732,0.281964,0.405056,-0.355844,-0.791659,0.439294,0.144739,-0.239009,0.269143,-0.845732,-0.431303,-0.146251
2026-03-27T17:06:45.732362+00:00,21.131942,1774631205732361800,0.142468,0.708577,-0.246531,0.556945,-0.130296,-0.77558,-0.268756,0.172386,0.278482,0.023654,0.281363,0.408506,-0.357222,-0.792351,0.439548,0.143248,-0.237142,0.271865,-0.84712,-0.433261,-0.148472
2026-03-27T17:06:45.749322+00:00,21.148902,1774631205749322200,0.141954,0.708702,-0.245894,0.556184,-0.129675,-0.775791,-0.268606,0.169592,0.2787,0.024521,0.281799,0.410694,-0.35769,-0.790366,0.439855,0.141992,-0.23547,0.276168,-0.844576,-0.433545,-0.150681
2026-03-27T17:06:45.768704+00:00,21.168284,1774631205768704100,0.141361,0.708815,-0.245197,0.555189,-0.129113,-0.77658,-0.268658,0.166785,0.278779,0.025448,0.282017,0.4131,-0.35801,-0.788887,0.440384,0.14066,-0.233558,0.281059,-0.841831,-0.434809,-0.153301
2026-03-27T17:06:45.785417+00:00,21.184997,1774631205785416700,0.140924,0.708918,-0.244714,0.554924,-0.128703,-0.776427,-0.268443,0.164413,0.278868,0.026226,0.282712,0.414038,-0.357496,-0.785924,0.440826,0.139609,-0.2323,0.285937,-0.837419,-0.436853,-0.154933
2026-03-27T17:06:45.802350+00:00,21.20193,1774631205802350200,0.140497,0.709012,-0.244236,0.554384,-0.128378,-0.777031,-0.268479,0.162182,0.27892,0.026927,0.282591,0.41638,-0.35821,-0.785854,0.441297,0.138492,-0.231151,0.289446,-0.836637,-0.439849,-0.156883
2026-03-27T17:06:45.819367+00:00,21.218947,1774631205819367500,0.140097,0.709085,-0.243789,0.553785,-0.128118,-0.777709,-0.268527,0.160047,0.278958,0.027591,0.282797,0.417935,-0.357987,-0.784272,0.441752,0.137429,-0.230228,0.292875,-0.834864,-0.442303,-0.158095
2026-03-27T17:06:45.836787+00:00,21.236366,1774631205836786400,0.139718,0.709172,-0.243364,0.55321,-0.127546,-0.778308,-0.268641,0.158092,0.278994,0.028202,0.281909,0.421092,-0.358821,-0.786141,0.442204,0.136362,-0.229484,0.297074,-0.831244,-0.444801,-0.158683
2026-03-27T17:06:45.853765+00:00,21.253345,1774631205853764600,0.139362,0.709253,-0.242959,0.552648,-0.127219,-0.778919,-0.268715,0.156197,0.278992,0.028791,0.282291,0.421828,-0.357114,-0.782614,0.442612,0.135381,-0.228907,0.301313,-0.826293,-0.447539,-0.158898
2026-03-27T17:06:45.870819+00:00,21.270399,1774631205870818600,0.139022,0.709357,-0.242597,0.552812,-0.126761,-0.77808,-0.268346,0.154478,0.278941,0.029317,0.281621,0.424515,-0.35687,-0.783187,0.443,0.13447,-0.228307,0.305972,-0.82132,-0.45128,-0.159826
2026-03-27T17:06:45.887729+00:00,21.287309,1774631205887728900,0.138752,0.709413,-0.24231,0.552211,-0.126642,-0.779443,-0.268646,0.152816,0.278858,0.029728,0.281124,0.426803,-0.356886,-0.783617,0.443369,0.133587,-0.227836,0.31133,-0.816781,-0.455818,-0.160751
2026-03-27T17:06:45.904787+00:00,21.304367,1774631205904787200,0.138435,0.709502,-0.241994,0.552477,-0.126083,-0.778465,-0.26868,0.151176,0.278731,0.030129,0.281872,0.427716,-0.356766,-0.782123,0.443661,0.132684,-0.227343,0.315449,-0.814598,-0.461382,-0.162162
2026-03-27T17:06:45.921980+00:00,21.32156,1774631205921980000,0.138193,0.709567,-0.241729,0.551869,-0.125677,-0.779798,-0.268958,0.149806,0.278736,0.030449,0.283329,0.42763,-0.357095,-0.778767,0.443964,0.131729,-0.226808,0.320783,-0.808375,-0.464695,-0.16308
2026-03-27T17:06:45.939230+00:00,21.33881,1774631205939230500,0.137914,0.709651,-0.241445,0.551954,-0.125186,-0.779,-0.268648,0.14853,0.278761,0.030714,0.283086,0.429549,-0.359489,-0.779909,0.444278,0.130549,-0.226307,0.325588,-0.80335,-0.467447,-0.164412
2026-03-27T17:06:45.956129+00:00,21.355708,1774631205956128400,0.137716,0.709695,-0.241265,0.551335,-0.125088,-0.780371,-0.268966,0.147436,0.278904,0.030918,0.283435,0.430536,-0.36136,-0.779222,0.444627,0.129279,-0.225704,0.328969,-0.802047,-0.470607,-0.166706
2026-03-27T17:06:45.976122+00:00,21.375702,1774631205976122000,0.137473,0.709769,-0.241064,0.551192,-0.124756,-0.78054,-0.268925,0.146179,0.279115,0.03114,0.284105,0.431347,-0.363113,-0.777702,0.445124,0.127639,-0.225062,0.333625,-0.798102,-0.473169,-0.169049
2026-03-27T17:06:45.993072+00:00,21.392652,1774631205993072000,0.137283,0.709788,-0.240976,0.551369,-0.124545,-0.780285,-0.269009,0.145394,0.279219,0.031224,0.286153,0.430151,-0.363053,-0.774559,0.4456,0.12597,-0.224443,0.337057,-0.795571,-0.474351,-0.171404
2026-03-27T17:06:46.010243+00:00,21.409823,1774631206010243300,0.137112,0.709833,-0.240898,0.551511,-0.124219,-0.779435,-0.268718,0.144681,0.27936,0.031289,0.286367,0.43181,-0.365056,-0.776548,0.446064,0.124483,-0.223642,0.341613,-0.790461,-0.475208,-0.173087
2026-03-27T17:06:46.027414+00:00,21.426994,1774631206027413800,0.13702,0.709849,-0.240898,0.551561,-0.124027,-0.779389,-0.268706,0.143993,0.279494,0.031355,0.288169,0.430404,-0.364527,-0.772707,0.446489,0.123125,-0.222812,0.345002,-0.787722,-0.478872,-0.174942
2026-03-27T17:06:46.044191+00:00,21.443771,1774631206044190600,0.136798,0.709858,-0.240908,0.551656,-0.124064,-0.779969,-0.268846,0.143396,0.279648,0.031348,0.28924,0.430337,-0.365636,-0.771468,0.446864,0.121848,-0.222004,0.349187,-0.782966,-0.481861,-0.175909
2026-03-27T17:06:46.061382+00:00,21.460962,1774631206061381900,0.136618,0.709904,-0.240877,0.55166,-0.123912,-0.779948,-0.268841,0.142841,0.279798,0.031321,0.289954,0.43073,-0.367526,-0.771049,0.447186,0.120465,-0.221286,0.351707,-0.781188,-0.486491,-0.177392
2026-03-27T17:06:46.078264+00:00,21.477844,1774631206078263600,0.136446,0.709948,-0.240867,0.551657,-0.123771,-0.779936,-0.268818,0.142557,0.27986,0.03129,0.291308,0.430587,-0.368468,-0.769651,0.447492,0.119033,-0.22055,0.354719,-0.777565,-0.489385,-0.178642
2026-03-27T17:06:46.095747+00:00,21.495327,1774631206095747500,0.136268,0.71001,-0.240842,0.551633,-0.123528,-0.779253,-0.268538,0.142115,0.279934,0.031233,0.293109,0.43001,-0.369297,-0.767969,0.447844,0.117585,-0.219585,0.358391,-0.772404,-0.490891,-0.180102
2026-03-27T17:06:46.112698+00:00,21.512278,1774631206112698000,0.136137,0.710055,-0.240853,0.551046,-0.123472,-0.780544,-0.268514,0.141593,0.280194,0.030941,0.293601,0.431322,-0.371639,-0.770222,0.448204,0.116031,-0.218727,0.360733,-0.770727,-0.493623,-0.182308
2026-03-27T17:06:46.130064+00:00,21.529644,1774631206130064300,0.135981,0.710134,-0.240875,0.551073,-0.123332,-0.780514,-0.268481,0.14115,0.280327,0.030666,0.295453,0.430794,-0.372927,-0.769131,0.448585,0.114554,-0.217743,0.363686,-0.767404,-0.495743,-0.184129
2026-03-27T17:06:46.147037+00:00,21.546617,1774631206147036600,0.135838,0.71022,-0.240898,0.551224,-0.123325,-0.780318,-0.268122,0.140813,0.280442,0.030419,0.298109,0.42859,-0.372896,-0.764605,0.448915,0.113207,-0.216892,0.366304,-0.76417,-0.49839,-0.185822
2026-03-27T17:06:46.163732+00:00,21.563311,1774631206163731500,0.135744,0.710293,-0.240941,0.550748,-0.123367,-0.780873,-0.267862,0.140431,0.280498,0.030152,0.29964,0.428197,-0.374646,-0.763775,0.449219,0.112142,-0.21589,0.369415,-0.759727,-0.50095,-0.18757
2026-03-27T17:06:46.180882+00:00,21.580462,1774631206180881900,0.135643,0.71038,-0.241057,0.55093,-0.123359,-0.780638,-0.267616,0.140046,0.280476,0.029902,0.300883,0.427848,-0.376176,-0.762961,0.449456,0.111142,-0.214984,0.371287,-0.757594,-0.505838,-0.190018
2026-03-27T17:06:46.197871+00:00,21.597451,1774631206197870900,0.135565,0.71046,-0.241235,0.551002,-0.123417,-0.781147,-0.267701,0.139734,0.280547,0.02967,0.301472,0.427742,-0.378214,-0.762187,0.449647,0.11051,-0.214054,0.374093,-0.752241,-0.507655,-0.191297
2026-03-27T17:06:46.215754+00:00,21.615334,1774631206215754200,0.135499,0.710554,-0.241437,0.551136,-0.123525,-0.781118,-0.267459,0.139294,0.280363,0.029475,0.301928,0.42765,-0.380304,-0.761021,0.449727,0.109872,-0.213276,0.375985,-0.749216,-0.510127,-0.192872
2026-03-27T17:06:46.232157+00:00,21.631737,1774631206232156700,0.135445,0.71063,-0.241626,0.551207,-0.123745,-0.781572,-0.267333,0.138978,0.28036,0.02927,0.302134,0.42811,-0.383065,-0.76141,0.449798,0.109789,-0.212634,0.376972,-0.746998,-0.510199,-0.193412
2026-03-27T17:06:46.249192+00:00,21.648771,1774631206249191500,0.135368,0.710753,-0.241777,0.552132,-0.123694,-0.779798,-0.26638,0.138702,0.280202,0.029095,0.303459,0.426785,-0.384734,-0.758995,0.449824,0.109819,-0.212287,0.37664,-0.746559,-0.512197,-0.194021
2026-03-27T17:06:46.266314+00:00,21.665893,1774631206266313400,0.135348,0.710864,-0.241955,0.552238,-0.123945,-0.779788,-0.266203,0.138414,0.279888,0.028913,0.303691,0.426405,-0.387086,-0.759857,0.449694,0.110502,-0.212101,0.376257,-0.74607,-0.514549,-0.193927
2026-03-27T17:06:46.283380+00:00,21.68296,1774631206283380100,0.135334,0.710973,-0.242064,0.55231,-0.124213,-0.780279,-0.266007,0.138169,0.279606,0.028738,0.303834,0.425908,-0.389667,-0.760311,0.449369,0.111979,-0.212162,0.376253,-0.743273,-0.516237,-0.193099
2026-03-27T17:06:46.300179+00:00,21.699759,1774631206300178700,0.135345,0.711126,-0.242135,0.552583,-0.124346,-0.78008,-0.26547,0.137792,0.279291,0.028567,0.305139,0.423425,-0.39039,-0.756683,0.448883,0.113677,-0.212478,0.374912,-0.742955,-0.5197,-0.192754
2026-03-27T17:06:46.317219+00:00,21.716799,1774631206317218600,0.135342,0.711293,-0.242135,0.552738,-0.124402,-0.78041,-0.26499,0.137452,0.279009,0.028359,0.304592,0.423809,-0.393819,-0.758204,0.448239,0.115915,-0.213346,0.374087,-0.741141,-0.522262,-0.191493
2026-03-27T17:06:46.334206+00:00,21.733786,1774631206334205900,0.135373,0.71148,-0.242075,0.552956,-0.124251,-0.780235,-0.264501,0.136959,0.278712,0.02813,0.305257,0.423198,-0.39635,-0.757475,0.447579,0.118429,-0.214527,0.372771,-0.740731,-0.525264,-0.189978
2026-03-27T17:06:46.351279+00:00,21.75086,1774631206351279700,0.135398,0.711634,-0.242001,0.552968,-0.124005,-0.780818,-0.264503,0.136477,0.278401,0.027894,0.306258,0.421851,-0.398468,-0.75599,0.446743,0.121532,-0.216379,0.372151,-0.738396,-0.527391,-0.186868
2026-03-27T17:06:46.368326+00:00,21.767906,1774631206368325600,0.135365,0.711773,-0.24186,0.553163,-0.123307,-0.779661,-0.264188,0.136006,0.278103,0.027663,0.307206,0.420481,-0.40089,-0.754797,0.445827,0.124932,-0.21843,0.369728,-0.739583,-0.532475,-0.183941
2026-03-27T17:06:46.385405+00:00,21.784985,1774631206385405300,0.135451,0.711843,-0.241553,0.552538,-0.123057,-0.781015,-0.2645,0.13544,0.277765,0.027425,0.308251,0.418901,-0.403228,-0.753553,0.444815,0.128705,-0.220941,0.36825,-0.738101,-0.537075,-0.179868
2026-03-27T17:06:46.402571+00:00,21.802151,1774631206402571500,0.135576,0.711898,-0.241215,0.55234,-0.122669,-0.78118,-0.264604,0.134792,0.277337,0.027159,0.308939,0.417747,-0.406064,-0.752385,0.443715,0.13272,-0.223742,0.367034,-0.736388,-0.541763,-0.175282
2026-03-27T17:06:46.419375+00:00,21.818955,1774631206419375300,0.135679,0.711936,-0.240811,0.55242,-0.122276,-0.780455,-0.264843,0.134198,0.276939,0.026978,0.309498,0.417043,-0.40893,-0.751235,0.442441,0.137285,-0.227001,0.365534,-0.733627,-0.548224,-0.168386
2026-03-27T17:06:46.440821+00:00,21.840401,1774631206440821400,0.135909,0.711916,-0.240354,0.552141,-0.121891,-0.780625,-0.265099,0.133348,0.276309,0.026627,0.31035,0.415819,-0.412737,-0.749472,0.440798,0.143033,-0.231307,0.362944,-0.730797,-0.556039,-0.160521
2026-03-27T17:06:46.457492+00:00,21.857072,1774631206457491600,0.136161,0.711884,-0.239982,0.551564,-0.121663,-0.781353,-0.265693,0.132764,0.275838,0.026411,0.312152,0.413872,-0.415452,-0.747024,0.439369,0.148076,-0.234976,0.359068,-0.7281,-0.562169,-0.153225
2026-03-27T17:06:46.474860+00:00,21.87444,1774631206474860000,0.136434,0.71183,-0.239648,0.551518,-0.12156,-0.781412,-0.26603,0.132196,0.275305,0.026148,0.313764,0.412248,-0.418522,-0.745329,0.437828,0.15321,-0.238916,0.355901,-0.725613,-0.568154,-0.145958
2026-03-27T17:06:46.491520+00:00,21.8911,1774631206491520100,0.136736,0.711677,-0.239304,0.551317,-0.121661,-0.781665,-0.266707,0.131659,0.274713,0.025897,0.314732,0.411482,-0.422382,-0.745357,0.436132,0.158569,-0.242958,0.351735,-0.724932,-0.575286,-0.138475
2026-03-27T17:06:46.508565+00:00,21.908145,1774631206508565000,0.137044,0.711449,-0.238945,0.551512,-0.121586,-0.780451,-0.267168,0.131094,0.274098,0.025725,0.316522,0.40906,-0.424329,-0.740944,0.434366,0.164112,-0.246874,0.347505,-0.723888,-0.582521,-0.130837
2026-03-27T17:06:46.525666+00:00,21.925246,1774631206525665700,0.137395,0.711176,-0.23865,0.551262,-0.121709,-0.780583,-0.267862,0.130555,0.273497,0.025469,0.316922,0.408504,-0.428312,-0.740073,0.432398,0.169839,-0.250859,0.342993,-0.722975,-0.589436,-0.12311
2026-03-27T17:06:46.542670+00:00,21.94225,1774631206542670000,0.137751,0.710906,-0.238374,0.55101,-0.121867,-0.78093,-0.268482,0.130139,0.272961,0.025206,0.317437,0.407487,-0.431367,-0.739415,0.430275,0.175701,-0.255006,0.339663,-0.718475,-0.592721,-0.114902
2026-03-27T17:06:46.559771+00:00,21.959351,1774631206559771200,0.138102,0.710661,-0.238101,0.550756,-0.1221,-0.780611,-0.268837,0.129721,0.272443,0.02492,0.318328,0.406534,-0.433789,-0.738595,0.427999,0.181667,-0.259104,0.334033,-0.718046,-0.598875,-0.10725
2026-03-27T17:06:46.577142+00:00,21.976722,1774631206577141900,0.13843,0.71047,-0.237884,0.551174,-0.122326,-0.779573,-0.269074,0.12928,0.271967,0.024617,0.31991,0.404781,-0.434745,-0.736309,0.425557,0.187797,-0.263325,0.327615,-0.718482,-0.605946,-0.099798
2026-03-27T17:06:46.594072+00:00,21.993652,1774631206594072300,0.138761,0.710306,-0.237686,0.551008,-0.122599,-0.779834,-0.269346,0.128884,0.271556,0.02425,0.320363,0.405045,-0.437188,-0.737694,0.423021,0.19389,-0.267317,0.3224,-0.715477,-0.609467,-0.092186
2026-03-27T17:06:46.611333+00:00,22.010913,1774631206611333200,0.139097,0.710164,-0.237531,0.550845,-0.122794,-0.780068,-0.269667,0.128445,0.271224,0.023851,0.322217,0.403518,-0.437354,-0.735312,0.420292,0.200115,-0.271325,0.315791,-0.715052,-0.616113,-0.08496
2026-03-27T17:06:46.628164+00:00,22.027744,1774631206628163800,0.139417,0.710044,-0.237404,0.550711,-0.123108,-0.780345,-0.269874,0.127986,0.27098,0.023408,0.323462,0.40306,-0.4387,-0.734383,0.417478,0.20614,-0.275094,0.309316,-0.715117,-0.623712,-0.07792
2026-03-27T17:06:46.647858+00:00,22.047438,1774631206647857700,0.139779,0.709931,-0.237327,0.550642,-0.123465,-0.780437,-0.270275,0.12739,0.270762,0.022824,0.324588,0.403218,-0.440667,-0.733973,0.414009,0.213211,-0.279574,0.303581,-0.710533,-0.62843,-0.069294
2026-03-27T17:06:46.664862+00:00,22.064442,1774631206664862500,0.140048,0.709863,-0.237224,0.551163,-0.123562,-0.779256,-0.269854,0.126848,0.270594,0.022395,0.32612,0.402531,-0.440955,-0.731557,0.410856,0.219124,-0.283222,0.297492,-0.709728,-0.635635,-0.06256
2026-03-27T17:06:46.682004+00:00,22.081585,1774631206682004600,0.140335,0.709791,-0.237213,0.551126,-0.123959,-0.780015,-0.270098,0.126406,0.270448,0.021947,0.327236,0.402841,-0.441808,-0.731887,0.407676,0.224964,-0.286916,0.291737,-0.707784,-0.64096,-0.056172
2026-03-27T17:06:46.699010+00:00,22.09859,1774631206699010000,0.140601,0.70974,-0.237225,0.551208,-0.124346,-0.779972,-0.270068,0.126027,0.27029,0.021431,0.329419,0.401612,-0.441063,-0.729617,0.404554,0.230548,-0.29038,0.285969,-0.705355,-0.643724,-0.050498
2026-03-27T17:06:46.716066+00:00,22.115646,1774631206716066100,0.140807,0.709707,-0.237189,0.551661,-0.124578,-0.778765,-0.269809,0.125674,0.270141,0.020985,0.330413,0.401676,-0.441985,-0.730023,0.401438,0.235979,-0.293795,0.278737,-0.706655,-0.649452,-0.045505
2026-03-27T17:06:46.733151+00:00,22.132731,1774631206733151000,0.14105,0.709667,-0.237242,0.551594,-0.12506,-0.779517,-0.270025,0.125433,0.269942,0.020514,0.331429,0.400338,-0.441649,-0.729227,0.398411,0.241184,-0.297028,0.273618,-0.703512,-0.651047,-0.040752
2026-03-27T17:06:46.750171+00:00,22.149751,1774631206750171500,0.141256,0.709638,-0.237184,0.551467,-0.125386,-0.778934,-0.269558,0.125276,0.269702,0.020148,0.330218,0.400556,-0.443884,-0.732549,0.395416,0.246233,-0.300126,0.26705,-0.706118,-0.657561,-0.036979
2026-03-27T17:06:46.767180+00:00,22.16676,1774631206767180000,0.141476,0.709623,-0.237219,0.551293,-0.125827,-0.779074,-0.269432,0.125208,0.269473,0.019798,0.330304,0.39808,-0.443523,-0.731125,0.392492,0.251107,-0.302987,0.262828,-0.702959,-0.658932,-0.033522
2026-03-27T17:06:46.784211+00:00,22.183791,1774631206784210900,0.14175,0.70957,-0.237208,0.550731,-0.126606,-0.779727,-0.269067,0.125165,0.269199,0.019575,0.328996,0.396492,-0.444358,-0.731451,0.389547,0.255913,-0.305753,0.257468,-0.70411,-0.664991,-0.030462
2026-03-27T17:06:46.801323+00:00,22.200904,1774631206801323600,0.142023,0.709554,-0.237306,0.550589,-0.127248,-0.779852,-0.268957,0.125134,0.268911,0.019264,0.327138,0.396158,-0.446341,-0.733762,0.386594,0.260565,-0.308353,0.253394,-0.70358,-0.669967,-0.027493
2026-03-27T17:06:46.818324+00:00,22.217904,1774631206818323900,0.142365,0.709488,-0.237395,0.550048,-0.128025,-0.780592,-0.268847,0.125017,0.268635,0.019046,0.326749,0.394368,-0.446866,-0.733057,0.383752,0.264929,-0.310678,0.251554,-0.6975,-0.668714,-0.024786
2026-03-27T17:06:46.835440+00:00,22.23502,1774631206835439700,0.142688,0.709473,-0.237557,0.549926,-0.128716,-0.780646,-0.26861,0.12487,0.268387,0.018656,0.326801,0.393115,-0.447713,-0.73319,0.380855,0.269385,-0.313023,0.248014,-0.695865,-0.671772,-0.022066
2026-03-27T17:06:46.852354+00:00,22.251934,1774631206852354200,0.143056,0.709415,-0.237719,0.549987,-0.129489,-0.780675,-0.268382,0.124712,0.268173,0.018328,0.326635,0.392706,-0.449316,-0.734313,0.378092,0.273347,-0.315082,0.242374,-0.699474,-0.679402,-0.019675
2026-03-27T17:06:46.871495+00:00,22.271075,1774631206871494600,0.143463,0.709355,-0.237923,0.549942,-0.130299,-0.780645,-0.268174,0.124492,0.267977,0.017817,0.327002,0.391653,-0.450336,-0.734084,0.374947,0.277898,-0.317399,0.238061,-0.697997,-0.682803,-0.016665
2026-03-27T17:06:46.886662+00:00,22.286242,1774631206886662500,0.143787,0.709337,-0.238054,0.550508,-0.130823,-0.77943,-0.26795,0.12427,0.267864,0.017474,0.327699,0.390207,-0.450612,-0.733094,0.372601,0.281157,-0.318954,0.236287,-0.692645,-0.682741,-0.013739
2026-03-27T17:06:46.903706+00:00,22.303286,1774631206903705700,0.144167,0.709256,-0.238219,0.550334,-0.131638,-0.779663,-0.268054,0.124028,0.267772,0.01694,0.328274,0.389363,-0.452085,-0.732983,0.369883,0.284808,-0.320645,0.233266,-0.689643,-0.685198,-0.010657
2026-03-27T17:06:46.920499+00:00,22.320079,1774631206920498600,0.144528,0.709148,-0.238357,0.550055,-0.1323,-0.780029,-0.268489,0.123761,0.267723,0.016509,0.328565,0.388826,-0.453698,-0.732942,0.367261,0.288165,-0.32218,0.22887,-0.69137,-0.692341,-0.007876
2026-03-27T17:06:46.937459+00:00,22.337039,1774631206937459200,0.144843,0.709035,-0.238453,0.550607,-0.132676,-0.778733,-0.268225,0.123461,0.267693,0.016001,0.3303,0.386885,-0.453473,-0.729809,0.364862,0.291349,-0.323493,0.227188,-0.684058,-0.68928,-0.005457
2026-03-27T17:06:46.954276+00:00,22.353856,1774631206954275700,0.145182,0.708884,-0.238543,0.55036,-0.133122,-0.779068,-0.268654,0.123162,0.267661,0.015535,0.330556,0.386485,-0.454929,-0.730269,0.362471,0.294336,-0.324643,0.22262,-0.687068,-0.695438,-0.003276
2026-03-27T17:06:46.971196+00:00,22.370776,1774631206971196300,0.145493,0.708708,-0.23861,0.55021,-0.133677,-0.779229,-0.268775,0.122843,0.26764,0.015073,0.331245,0.386123,-0.45572,-0.72999,0.360191,0.297219,-0.325663,0.221253,-0.680383,-0.691814,-0.001083
2026-03-27T17:06:46.988291+00:00,22.387871,1774631206988290700,0.145806,0.708516,-0.238677,0.549902,-0.134153,-0.779668,-0.269441,0.122537,0.267622,0.01456,0.331647,0.386425,-0.456955,-0.730269,0.358111,0.299828,-0.326324,0.216577,-0.685393,-0.699305,0.000394
2026-03-27T17:06:47.005416+00:00,22.404996,1774631207005415600,0.146069,0.708311,-0.238686,0.550196,-0.134422,-0.778258,-0.269336,0.122152,0.267657,0.014258,0.332368,0.385893,-0.456759,-0.728852,0.356141,0.302316,-0.326906,0.214153,-0.684978,-0.701884,0.002221
2026-03-27T17:06:47.022362+00:00,22.421942,1774631207022361700,0.146334,0.708042,-0.23869,0.549955,-0.134937,-0.778439,-0.269888,0.121823,0.267627,0.013863,0.333148,0.385619,-0.456102,-0.727071,0.354177,0.304726,-0.32739,0.213841,-0.678896,-0.69881,0.004425
2026-03-27T17:06:47.040322+00:00,22.439902,1774631207040322000,0.146536,0.707781,-0.238724,0.549502,-0.135381,-0.779164,-0.270752,0.121568,0.267549,0.013375,0.33287,0.386558,-0.456861,-0.728156,0.352101,0.307187,-0.327809,0.213523,-0.674824,-0.697946,0.00714
2026-03-27T17:06:47.056976+00:00,22.456555,1774631207056975500,0.146642,0.707528,-0.238714,0.549026,-0.135739,-0.779108,-0.271528,0.121342,0.267462,0.013033,0.332617,0.386736,-0.457207,-0.729469,0.350281,0.309346,-0.328165,0.211636,-0.676918,-0.702616,0.009951
2026-03-27T17:06:47.080082+00:00,22.479662,1774631207080081600,0.146839,0.707046,-0.238615,0.549289,-0.135984,-0.777742,-0.272252,0.121131,0.267353,0.012363,0.333097,0.386166,-0.457063,-0.729497,0.34786,0.312207,-0.328619,0.210442,-0.674759,-0.702664,0.013932
2026-03-27T17:06:47.096003+00:00,22.495583,1774631207096003200,0.147138,0.706521,-0.238571,0.548716,-0.13623,-0.778116,-0.273184,0.120905,0.267292,0.012009,0.333463,0.386117,-0.456679,-0.729264,0.346258,0.314064,-0.328872,0.208428,-0.672934,-0.700962,0.016751
2026-03-27T17:06:47.112818+00:00,22.512397,1774631207112817400,0.147233,0.706165,-0.238465,0.548265,-0.136574,-0.778466,-0.274193,0.120705,0.267234,0.011478,0.333481,0.386723,-0.457362,-0.730292,0.344752,0.315844,-0.329129,0.204402,-0.676477,-0.705721,0.019526
2026-03-27T17:06:47.130141+00:00,22.529721,1774631207130140900,0.147256,0.705847,-0.238319,0.547802,-0.136826,-0.778669,-0.274836,0.120387,0.267208,0.011067,0.335033,0.385548,-0.455576,-0.727676,0.343103,0.317722,-0.329308,0.20223,-0.673407,-0.703141,0.022106
2026-03-27T17:06:47.146944+00:00,22.546524,1774631207146943900,0.147249,0.705533,-0.238188,0.547414,-0.137057,-0.778636,-0.275589,0.120174,0.267184,0.010513,0.33611,0.385053,-0.454834,-0.727464,0.341518,0.319527,-0.329477,0.199282,-0.673226,-0.703832,0.024713
2026-03-27T17:06:47.164064+00:00,22.563644,1774631207164064100,0.147163,0.705326,-0.238007,0.546836,-0.137071,-0.778548,-0.276284,0.119918,0.267166,0.01007,0.336898,0.384731,-0.453963,-0.728058,0.34016,0.321169,-0.329633,0.195803,-0.67621,-0.708941,0.027641
2026-03-27T17:06:47.181201+00:00,22.580781,1774631207181201200,0.147138,0.705163,-0.237845,0.546602,-0.137122,-0.778445,-0.276601,0.119734,0.267132,0.009602,0.336992,0.3851,-0.454108,-0.729616,0.33868,0.322862,-0.329706,0.193328,-0.675439,-0.711071,0.030458
2026-03-27T17:06:47.198193+00:00,22.597773,1774631207198192700,0.146956,0.705029,-0.237692,0.545646,-0.13721,-0.779616,-0.277265,0.119473,0.267147,0.009126,0.337433,0.384751,-0.453203,-0.728975,0.337261,0.324466,-0.329762,0.190826,-0.674906,-0.713411,0.033125
2026-03-27T17:06:47.215221+00:00,22.614802,1774631207215221600,0.14661,0.704973,-0.237484,0.545497,-0.136745,-0.778412,-0.277066,0.119154,0.26717,0.008723,0.33726,0.385552,-0.45331,-0.730408,0.335884,0.326005,-0.329792,0.189996,-0.668034,-0.709507,0.035605
2026-03-27T17:06:47.232290+00:00,22.63187,1774631207232290400,0.146232,0.704918,-0.237317,0.544674,-0.136538,-0.779348,-0.277417,0.1189,0.267182,0.008234,0.337809,0.385324,-0.451765,-0.731374,0.334582,0.327392,-0.329794,0.187438,-0.669268,-0.714781,0.038744
2026-03-27T17:06:47.249298+00:00,22.648878,1774631207249297800,0.145834,0.704888,-0.237156,0.543886,-0.136369,-0.780255,-0.277772,0.118638,0.267236,0.007875,0.339171,0.384394,-0.448392,-0.730867,0.333354,0.328683,-0.329762,0.186536,-0.665461,-0.715285,0.041526
2026-03-27T17:06:47.266860+00:00,22.66644,1774631207266860500,0.145388,0.704879,-0.237008,0.543634,-0.136287,-0.780461,-0.277729,0.118514,0.267135,0.007456,0.339066,0.384535,-0.446433,-0.733692,0.332174,0.329828,-0.329604,0.185541,-0.663463,-0.717426,0.044213
2026-03-27T17:06:47.283461+00:00,22.683041,1774631207283461300,0.144927,0.704872,-0.236853,0.543174,-0.135823,-0.780428,-0.277811,0.118428,0.266971,0.00716,0.337911,0.384309,-0.444419,-0.735346,0.331182,0.330762,-0.329394,0.184433,-0.661672,-0.719786,0.045948
2026-03-27T17:06:47.303617+00:00,22.703197,1774631207303617000,0.144443,0.704844,-0.236692,0.542421,-0.135405,-0.781179,-0.277945,0.118481,0.266685,0.006815,0.335713,0.383961,-0.442114,-0.737448,0.330246,0.331576,-0.328908,0.181014,-0.665792,-0.729819,0.047235
2026-03-27T17:06:47.318597+00:00,22.718176,1774631207318596500,0.143995,0.704802,-0.2366,0.54195,-0.135368,-0.781791,-0.278325,0.118421,0.266288,0.006612,0.33248,0.383102,-0.439979,-0.739384,0.329555,0.332128,-0.328098,0.1805,-0.65937,-0.728271,0.045661
2026-03-27T17:06:47.335550+00:00,22.73513,1774631207335550200,0.143517,0.704756,-0.236529,0.541869,-0.135205,-0.781195,-0.278392,0.118657,0.265727,0.006455,0.328302,0.382681,-0.438567,-0.741575,0.328888,0.332562,-0.327083,0.178102,-0.662213,-0.737743,0.04446
2026-03-27T17:06:47.352788+00:00,22.752368,1774631207352787800,0.143085,0.704676,-0.23649,0.541234,-0.135312,-0.782077,-0.278702,0.11899,0.265019,0.006415,0.322689,0.38388,-0.437968,-0.744884,0.328232,0.332839,-0.326026,0.179054,-0.654828,-0.73673,0.042401
2026-03-27T17:06:47.369841+00:00,22.769421,1774631207369841100,0.142636,0.704609,-0.236487,0.541119,-0.135184,-0.781435,-0.278497,0.119338,0.264171,0.00629,0.317709,0.384689,-0.436575,-0.746524,0.327574,0.33296,-0.324978,0.17867,-0.653195,-0.74196,0.04086
2026-03-27T17:06:47.387084+00:00,22.786664,1774631207387084200,0.142229,0.704561,-0.236523,0.541254,-0.13527,-0.781361,-0.278402,0.119687,0.263342,0.006211,0.311887,0.386907,-0.436523,-0.749935,0.326979,0.332964,-0.323753,0.180958,-0.645141,-0.739111,0.038699
2026-03-27T17:06:47.404045+00:00,22.803625,1774631207404045000,0.14186,0.704534,-0.236559,0.541326,-0.135399,-0.781347,-0.278383,0.119921,0.262548,0.006062,0.307827,0.3883,-0.435533,-0.750159,0.326473,0.332887,-0.322609,0.182924,-0.639018,-0.737339,0.036285
2026-03-27T17:06:47.420842+00:00,22.820422,1774631207420842500,0.141518,0.704522,-0.236607,0.541427,-0.13549,-0.781324,-0.278351,0.120082,0.261824,0.005914,0.303521,0.391279,-0.436134,-0.75161,0.326108,0.332723,-0.321426,0.182252,-0.642537,-0.744754,0.033865
2026-03-27T17:06:47.438101+00:00,22.837681,1774631207438101000,0.141212,0.704516,-0.236715,0.541672,-0.135507,-0.781783,-0.278276,0.120165,0.26117,0.005648,0.299489,0.394325,-0.437334,-0.75251,0.325825,0.332543,-0.320227,0.181501,-0.644273,-0.749399,0.031032
2026-03-27T17:06:47.455242+00:00,22.854822,1774631207455241900,0.140921,0.704513,-0.236804,0.54216,-0.135197,-0.781042,-0.278259,0.120235,0.260627,0.005362,0.296428,0.396003,-0.437792,-0.750822,0.325531,0.332364,-0.319304,0.183018,-0.637443,-0.742477,0.028166
2026-03-27T17:06:47.472329+00:00,22.871909,1774631207472328800,0.14062,0.704516,-0.236903,0.54249,-0.134993,-0.780837,-0.278291,0.120179,0.260111,0.005037,0.293874,0.397433,-0.437751,-0.751095,0.325317,0.332016,-0.318287,0.182822,-0.636942,-0.743033,0.025692
2026-03-27T17:06:47.489132+00:00,22.888712,1774631207489132200,0.140358,0.704523,-0.236949,0.542834,-0.134775,-0.780283,-0.278437,0.120196,0.259629,0.004797,0.291807,0.398285,-0.437146,-0.751464,0.325257,0.331853,-0.317827,0.181277,-0.64072,-0.747869,0.023916
2026-03-27T17:06:47.512817+00:00,22.912397,1774631207512816800,0.140006,0.704488,-0.237,0.543001,-0.134512,-0.780801,-0.278782,0.119897,0.25908,0.00449,0.289857,0.398601,-0.435534,-0.749911,0.324684,0.331237,-0.316807,0.181317,-0.638669,-0.745619,0.021703
2026-03-27T17:06:47.529876+00:00,22.929456,1774631207529876000,0.13978,0.704477,-0.236992,0.542932,-0.134062,-0.780888,-0.27905,0.119553,0.258818,0.004218,0.28765,0.401377,-0.437423,-0.752761,0.324367,0.330903,-0.316316,0.181486,-0.636929,-0.743589,0.020946
2026-03-27T17:06:47.546978+00:00,22.946557,1774631207546977500,0.139499,0.704467,-0.236948,0.54359,-0.133528,-0.779477,-0.279156,0.119077,0.258617,0.003885,0.287517,0.401881,-0.437005,-0.7508,0.324095,0.330494,-0.316007,0.179636,-0.643517,-0.751532,0.020814
2026-03-27T17:06:47.563859+00:00,22.963439,1774631207563859000,0.139282,0.704445,-0.236976,0.54345,-0.133171,-0.78026,-0.279557,0.118637,0.258411,0.003605,0.286834,0.40371,-0.437548,-0.752962,0.323841,0.330119,-0.315717,0.181881,-0.636459,-0.742356,0.020405
2026-03-27T17:06:47.580692+00:00,22.980272,1774631207580692000,0.139042,0.70443,-0.236965,0.543327,-0.13277,-0.780441,-0.279954,0.11824,0.258206,0.003362,0.287609,0.402895,-0.435592,-0.752588,0.323643,0.329667,-0.315531,0.182313,-0.637165,-0.741761,0.020338
2026-03-27T17:06:47.597453+00:00,22.997033,1774631207597453000,0.138791,0.704438,-0.236828,0.543279,-0.132135,-0.779787,-0.27994,0.117889,0.258018,0.003157,0.289051,0.400902,-0.43309,-0.751068,0.32348,0.329182,-0.315392,0.180889,-0.644137,-0.748191,0.020565
2026-03-27T17:06:47.614454+00:00,23.014033,1774631207614453400,0.138533,0.704438,-0.236685,0.543329,-0.131757,-0.779698,-0.279855,0.117541,0.257895,0.002896,0.28981,0.400291,-0.433359,-0.752789,0.323338,0.328672,-0.315304,0.181437,-0.644165,-0.745977,0.020757
2026-03-27T17:06:47.631491+00:00,23.031071,1774631207631491100,0.138318,0.704423,-0.236556,0.542535,-0.131567,-0.781286,-0.280482,0.117205,0.257877,0.002653,0.290938,0.399557,-0.433979,-0.754893,0.323241,0.328131,-0.31526,0.181929,-0.644726,-0.74448,0.021209
2026-03-27T17:06:47.648493+00:00,23.048073,1774631207648492700,0.138048,0.704434,-0.236368,0.542588,-0.131073,-0.780474,-0.280195,0.116805,0.257895,0.002456,0.293344,0.397166,-0.432808,-0.753211,0.323141,0.327569,-0.315236,0.182673,-0.64459,-0.740956,0.021729
2026-03-27T17:06:47.665747+00:00,23.065327,1774631207665746600,0.137828,0.704407,-0.236224,0.541724,-0.131016,-0.782119,-0.280891,0.116395,0.257928,0.002343,0.294071,0.397235,-0.433437,-0.755689,0.323096,0.32697,-0.315282,0.182971,-0.645553,-0.739301,0.022306
2026-03-27T17:06:47.682786+00:00,23.082366,1774631207682786500,0.137583,0.704414,-0.236049,0.541811,-0.130645,-0.78132,-0.280577,0.1159,0.257932,0.002285,0.294949,0.396897,-0.432712,-0.756498,0.323026,0.326366,-0.315316,0.183536,-0.645189,-0.735497,0.022974
2026-03-27T17:06:47.699852+00:00,23.099431,1774631207699851400,0.137404,0.704396,-0.235919,0.541093,-0.130483,-0.782191,-0.280931,0.115433,0.257795,0.002283,0.296351,0.395552,-0.429506,-0.755917,0.322989,0.325753,-0.315426,0.182234,-0.651396,-0.739758,0.023741
2026-03-27T17:06:47.716950+00:00,23.11653,1774631207716949800,0.137231,0.704371,-0.235802,0.541158,-0.130345,-0.782103,-0.280977,0.115129,0.257489,0.002361,0.297347,0.394935,-0.426544,-0.758843,0.322937,0.325196,-0.315593,0.1829,-0.650728,-0.735549,0.024161
2026-03-27T17:06:47.733890+00:00,23.133469,1774631207733889500,0.137094,0.704347,-0.235695,0.541219,-0.130102,-0.7814,-0.280974,0.114877,0.257087,0.002648,0.298703,0.394374,-0.422937,-0.761883,0.322859,0.324669,-0.315759,0.182003,-0.655706,-0.737959,0.024677
2026-03-27T17:06:47.752532+00:00,23.152111,1774631207752531400,0.136972,0.704277,-0.235589,0.541217,-0.129872,-0.781333,-0.281134,0.114658,0.256698,0.002794,0.301448,0.393256,-0.418208,-0.761988,0.322861,0.324132,-0.315934,0.184209,-0.649842,-0.728055,0.024944
2026-03-27T17:06:47.769237+00:00,23.168816,1774631207769236400,0.136888,0.70424,-0.235519,0.541148,-0.129564,-0.781541,-0.281464,0.114368,0.256418,0.003055,0.305358,0.392567,-0.41429,-0.760242,0.322886,0.323666,-0.316099,0.183117,-0.655493,-0.732304,0.025595
2026-03-27T17:06:47.786079+00:00,23.185659,1774631207786079500,0.136805,0.704179,-0.235444,0.541054,-0.129449,-0.781681,-0.281763,0.113845,0.256311,0.003113,0.307821,0.394252,-0.414164,-0.760594,0.322898,0.323216,-0.316235,0.183677,-0.655525,-0.729097,0.026
2026-03-27T17:06:47.803069+00:00,23.202649,1774631207803069300,0.136729,0.704138,-0.23536,0.541104,-0.129215,-0.781611,-0.281698,0.113434,0.256278,0.003089,0.308238,0.395713,-0.415499,-0.760188,0.32296,0.322786,-0.316335,0.184018,-0.65623,-0.727716,0.026386
2026-03-27T17:06:47.819948+00:00,23.219528,1774631207819948400,0.136698,0.704122,-0.235328,0.541091,-0.129221,-0.781622,-0.28169,0.113116,0.256184,0.003148,0.308078,0.394606,-0.415365,-0.757565,0.323013,0.322333,-0.316421,0.184391,-0.656464,-0.725871,0.026614
2026-03-27T17:06:47.837083+00:00,23.236663,1774631207837082600,0.136691,0.704117,-0.23532,0.541094,-0.129122,-0.781593,-0.281676,0.113031,0.256038,0.003219,0.305827,0.394712,-0.417375,-0.760938,0.323108,0.321864,-0.316481,0.182818,-0.664455,-0.7332,0.027058
2026-03-27T17:06:47.853996+00:00,23.253576,1774631207853995700,0.136556,0.70407,-0.235195,0.541056,-0.129091,-0.781599,-0.281745,0.112983,0.255829,0.00335,0.305071,0.393523,-0.416825,-0.761623,0.323171,0.321429,-0.316511,0.185004,-0.658254,-0.724834,0.026837
2026-03-27T17:06:47.871061+00:00,23.270641,1774631207871061100,0.136436,0.704004,-0.235093,0.540914,-0.129115,-0.781793,-0.282058,0.112871,0.255568,0.003577,0.30627,0.391907,-0.415236,-0.760707,0.323236,0.320991,-0.316538,0.185241,-0.659891,-0.725539,0.026875
2026-03-27T17:06:47.888211+00:00,23.287791,1774631207888211400,0.136353,0.70398,-0.234999,0.540983,-0.128859,-0.78104,-0.281732,0.112802,0.255279,0.003748,0.304706,0.393198,-0.415408,-0.763943,0.323264,0.320551,-0.316551,0.185606,-0.661473,-0.725061,0.026979
