timestamp,time_seconds,timestamp_ns,t_ms,t_ms_corrected_ns,gripper_side,sw,opening_mm,angle_deg
2026-03-27T18:20:46.419905+00:00,0.026232,1774635646419905317,947748,1774635646419905317,left,OFF,1.6,2.7
2026-03-27T18:20:46.434675+00:00,0.041001,1774635646434674317,947764,1774635646435251200,left,OFF,1.6,2.79
2026-03-27T18:20:46.451240+00:00,0.057566,1774635646451240217,947780,1774635646451323136,left,OFF,1.6,2.7
2026-03-27T18:20:46.468141+00:00,0.074467,1774635646468140717,947796,1774635646467825152,left,OFF,1.6,2.7
2026-03-27T18:20:46.483021+00:00,0.089347,1774635646483021217,947812,1774635646483585536,left,OFF,1.6,2.7
2026-03-27T18:20:46.499262+00:00,0.105588,1774635646499261917,947828,1774635646499530496,left,OFF,1.6,2.7
2026-03-27T18:20:46.514818+00:00,0.121145,1774635646514818417,947844,1774635646515322624,left,OFF,1.6,2.7
2026-03-27T18:20:46.531177+00:00,0.137503,1774635646531176717,947860,1774635646531301120,left,OFF,1.6,2.7
2026-03-27T18:20:46.547564+00:00,0.153890,1774635646547563617,947876,1774635646547407872,left,OFF,1.6,2.7
2026-03-27T18:20:46.563025+00:00,0.169351,1774635646563024917,947892,1774635646563326208,left,OFF,1.6,2.7
2026-03-27T18:20:46.579395+00:00,0.185721,1774635646579395017,947908,1774635646579365120,left,OFF,1.6,2.7
2026-03-27T18:20:46.595810+00:00,0.202136,1774635646595810217,947924,1774635646595501312,left,OFF,1.6,2.7
2026-03-27T18:20:46.611315+00:00,0.217641,1774635646611314917,947940,1774635646611487488,left,OFF,1.6,2.7
2026-03-27T18:20:46.627614+00:00,0.233940,1774635646627613417,947956,1774635646627543552,left,OFF,1.6,2.7
2026-03-27T18:20:46.643126+00:00,0.249452,1774635646643126017,947972,1774635646643482880,left,OFF,1.6,2.7
2026-03-27T18:20:46.659577+00:00,0.265903,1774635646659576717,947988,1774635646659524608,left,OFF,1.6,2.7
2026-03-27T18:20:46.675880+00:00,0.282206,1774635646675880117,948004,1774635646675617792,left,OFF,1.6,2.7
2026-03-27T18:20:46.691360+00:00,0.297686,1774635646691360217,948020,1774635646691598336,left,OFF,1.6,2.7
2026-03-27T18:20:46.708383+00:00,0.314709,1774635646708382717,948036,1774635646707762688,left,OFF,1.6,2.7
2026-03-27T18:20:46.724113+00:00,0.330439,1774635646724113117,948052,1774635646723855616,left,OFF,1.6,2.7
2026-03-27T18:20:46.739532+00:00,0.345858,1774635646739532117,948068,1774635646739839744,left,OFF,1.6,2.7
2026-03-27T18:20:46.755821+00:00,0.362147,1774635646755820917,948084,1774635646755870720,left,OFF,1.6,2.7
2026-03-27T18:20:46.771291+00:00,0.377618,1774635646771291317,948100,1774635646771816704,left,OFF,1.6,2.7
2026-03-27T18:20:46.787788+00:00,0.394114,1774635646787787717,948116,1774635646787841536,left,OFF,1.5,2.61
2026-03-27T18:20:46.804182+00:00,0.410508,1774635646804181817,948132,1774635646803917824,left,OFF,1.6,2.7
2026-03-27T18:20:46.819718+00:00,0.426044,1774635646819717617,948148,1774635646819921408,left,OFF,1.6,2.7
2026-03-27T18:20:46.836026+00:00,0.442352,1774635646836025517,948164,1774635646835964672,left,OFF,1.6,2.7
2026-03-27T18:20:46.852415+00:00,0.458741,1774635646852414617,948180,1774635646852051712,left,OFF,1.6,2.7
2026-03-27T18:20:46.867754+00:00,0.474081,1774635646867754517,948196,1774635646868047616,left,OFF,1.6,2.7
2026-03-27T18:20:46.884328+00:00,0.490655,1774635646884328317,948212,1774635646884112128,left,OFF,1.6,2.7
2026-03-27T18:20:46.899657+00:00,0.505984,1774635646899657417,948228,1774635646900091648,left,OFF,1.6,2.7
2026-03-27T18:20:46.915987+00:00,0.522313,1774635646915986717,948244,1774635646916109824,left,OFF,1.6,2.7
2026-03-27T18:20:46.932633+00:00,0.538960,1774635646932633417,948260,1774635646932196608,left,OFF,1.6,2.7
2026-03-27T18:20:46.947764+00:00,0.554091,1774635646947764317,948276,1774635646948182272,left,OFF,1.6,2.7
2026-03-27T18:20:46.964348+00:00,0.570675,1774635646964348417,948292,1774635646964229376,left,OFF,1.6,2.7
2026-03-27T18:20:46.980587+00:00,0.586914,1774635646980587417,948308,1774635646980296192,left,OFF,1.6,2.7
2026-03-27T18:20:46.996067+00:00,0.602393,1774635646996067017,948324,1774635646996305408,left,OFF,1.6,2.7
2026-03-27T18:20:47.012705+00:00,0.619031,1774635647012704417,948340,1774635647012374784,left,OFF,1.6,2.7
2026-03-27T18:20:47.027991+00:00,0.634317,1774635647027990917,948356,1774635647028370688,left,OFF,1.6,2.7
2026-03-27T18:20:47.044517+00:00,0.650843,1774635647044516817,948372,1774635647044415232,left,OFF,1.6,2.7
2026-03-27T18:20:47.060791+00:00,0.667117,1774635647060791117,948388,1774635647060480256,left,OFF,1.6,2.79
2026-03-27T18:20:47.076234+00:00,0.682561,1774635647076234317,948404,1774635647076491008,left,OFF,1.6,2.79
2026-03-27T18:20:47.092575+00:00,0.698901,1774635647092574617,948420,1774635647092529920,left,OFF,1.6,2.7
2026-03-27T18:20:47.108998+00:00,0.715325,1774635647108998417,948436,1774635647108601344,left,OFF,1.6,2.7
2026-03-27T18:20:47.124449+00:00,0.730776,1774635647124449417,948452,1774635647124621824,left,OFF,1.6,2.7
2026-03-27T18:20:47.140730+00:00,0.747056,1774635647140729717,948468,1774635647140663296,left,OFF,1.6,2.7
2026-03-27T18:20:47.156214+00:00,0.762541,1774635647156214517,948484,1774635647156660736,left,OFF,1.6,2.7
2026-03-27T18:20:47.172638+00:00,0.778964,1774635647172637717,948500,1774635647172690688,left,OFF,1.6,2.7
2026-03-27T18:20:47.189204+00:00,0.795530,1774635647189203917,948516,1774635647188761600,left,OFF,1.6,2.7
2026-03-27T18:20:47.204379+00:00,0.810705,1774635647204379117,948532,1774635647204765952,left,OFF,1.6,2.79
2026-03-27T18:20:47.220990+00:00,0.827316,1774635647220989717,948548,1774635647220814336,left,OFF,1.6,2.7
2026-03-27T18:20:47.237329+00:00,0.843656,1774635647237329317,948564,1774635647236883968,left,OFF,1.6,2.79
2026-03-27T18:20:47.252741+00:00,0.859067,1774635647252740617,948580,1774635647252907008,left,OFF,1.6,2.7
2026-03-27T18:20:47.269197+00:00,0.875524,1774635647269197317,948596,1774635647268960512,left,OFF,1.6,2.79
2026-03-27T18:20:47.284433+00:00,0.890759,1774635647284433117,948612,1774635647284957952,left,OFF,1.6,2.7
2026-03-27T18:20:47.300982+00:00,0.907309,1774635647300982617,948628,1774635647300992256,left,OFF,1.6,2.7
2026-03-27T18:20:47.317353+00:00,0.923679,1774635647317352517,948644,1774635647317048832,left,OFF,1.6,2.7
2026-03-27T18:20:47.332765+00:00,0.939091,1774635647332764917,948660,1774635647333063680,left,OFF,1.6,2.7
2026-03-27T18:20:47.349112+00:00,0.955438,1774635647349112217,948676,1774635647349099520,left,OFF,1.6,2.7
2026-03-27T18:20:47.365549+00:00,0.971876,1774635647365549317,948692,1774635647365160704,left,OFF,1.6,2.79
2026-03-27T18:20:47.380897+00:00,0.987223,1774635647380896717,948708,1774635647381177856,left,OFF,1.6,2.7
2026-03-27T18:20:47.397338+00:00,1.003664,1774635647397337517,948724,1774635647397220864,left,OFF,1.6,2.7
2026-03-27T18:20:47.412962+00:00,1.019288,1774635647412962217,948740,1774635647413218816,left,OFF,1.6,2.7
2026-03-27T18:20:47.429215+00:00,1.035542,1774635647429215417,948756,1774635647429244672,left,OFF,1.6,2.7
2026-03-27T18:20:47.445644+00:00,1.051970,1774635647445643817,948772,1774635647445325568,left,OFF,1.6,2.79
2026-03-27T18:20:47.460998+00:00,1.067324,1774635647460997817,948788,1774635647461325824,left,OFF,1.6,2.7
2026-03-27T18:20:47.477507+00:00,1.083833,1774635647477506517,948804,1774635647477371648,left,OFF,1.6,2.7
2026-03-27T18:20:47.493828+00:00,1.100154,1774635647493827917,948820,1774635647493461760,left,OFF,1.6,2.7
2026-03-27T18:20:47.509315+00:00,1.115641,1774635647509314717,948836,1774635647509483008,left,OFF,1.6,2.7
2026-03-27T18:20:47.525696+00:00,1.132022,1774635647525695717,948852,1774635647525531904,left,OFF,1.6,2.7
2026-03-27T18:20:47.541141+00:00,1.147467,1774635647541140817,948868,1774635647541529600,left,OFF,1.6,2.7
2026-03-27T18:20:47.557455+00:00,1.163781,1774635647557454817,948884,1774635647557554176,left,OFF,1.6,2.7
2026-03-27T18:20:47.573866+00:00,1.180193,1774635647573866317,948900,1774635647573612800,left,OFF,1.6,2.7
2026-03-27T18:20:47.589420+00:00,1.195747,1774635647589420317,948916,1774635647589624064,left,OFF,1.6,2.7
2026-03-27T18:20:47.605713+00:00,1.212039,1774635647605713117,948932,1774635647605661184,left,OFF,1.6,2.7
2026-03-27T18:20:47.622167+00:00,1.228493,1774635647622166417,948948,1774635647621735680,left,OFF,1.6,2.7
2026-03-27T18:20:47.637546+00:00,1.243872,1774635647637545717,948964,1774635647637753344,left,OFF,1.6,2.7
2026-03-27T18:20:47.654057+00:00,1.260383,1774635647654056917,948980,1774635647653808384,left,OFF,1.6,2.7
2026-03-27T18:20:47.669325+00:00,1.275651,1774635647669324517,948996,1774635647669800192,left,OFF,1.6,2.7
2026-03-27T18:20:47.685792+00:00,1.292118,1774635647685791817,949012,1774635647685831168,left,OFF,1.6,2.7
2026-03-27T18:20:47.702329+00:00,1.308656,1774635647702329317,949028,1774635647701901312,left,OFF,1.6,2.7
2026-03-27T18:20:47.717736+00:00,1.324062,1774635647717735417,949044,1774635647717915136,left,OFF,1.6,2.7
2026-03-27T18:20:47.734081+00:00,1.340407,1774635647734080917,949060,1774635647733978880,left,OFF,1.6,2.7
2026-03-27T18:20:47.750443+00:00,1.356769,1774635647750442717,949076,1774635647750053888,left,OFF,1.6,2.7
2026-03-27T18:20:47.765908+00:00,1.372234,1774635647765908017,949092,1774635647766074624,left,OFF,1.6,2.7
2026-03-27T18:20:47.782250+00:00,1.388576,1774635647782250117,949108,1774635647782121984,left,OFF,1.6,2.7
2026-03-27T18:20:47.797745+00:00,1.404071,1774635647797744617,949124,1774635647798118144,left,OFF,1.6,2.7
2026-03-27T18:20:47.814060+00:00,1.420386,1774635647814059817,949140,1774635647814145792,left,OFF,1.6,2.7
2026-03-27T18:20:47.830615+00:00,1.436941,1774635647830615117,949156,1774635647830216192,left,OFF,1.6,2.7
2026-03-27T18:20:47.845840+00:00,1.452167,1774635647845840317,949172,1774635647846221568,left,OFF,1.6,2.7
2026-03-27T18:20:47.862314+00:00,1.468640,1774635647862313517,949188,1774635647862262016,left,OFF,1.6,2.7
2026-03-27T18:20:47.878797+00:00,1.485123,1774635647878796517,949204,1774635647878340864,left,OFF,1.6,2.7
2026-03-27T18:20:47.894135+00:00,1.500461,1774635647894135017,949220,1774635647894355456,left,OFF,1.6,2.7
2026-03-27T18:20:47.910893+00:00,1.517219,1774635647910893117,949236,1774635647910430976,left,OFF,1.6,2.7
2026-03-27T18:20:47.926007+00:00,1.532333,1774635647926006617,949252,1774635647926427392,left,OFF,1.6,2.7
2026-03-27T18:20:47.942427+00:00,1.548753,1774635647942426517,949268,1774635647942456320,left,OFF,1.6,2.7
2026-03-27T18:20:47.959156+00:00,1.565482,1774635647959155617,949284,1774635647958546432,left,OFF,1.6,2.7
2026-03-27T18:20:47.974245+00:00,1.580571,1774635647974245017,949300,1774635647974550528,left,OFF,1.6,2.7
2026-03-27T18:20:47.990536+00:00,1.596862,1774635647990535617,949316,1774635647990586880,left,OFF,1.6,2.7
2026-03-27T18:20:48.007147+00:00,1.613473,1774635648007147217,949332,1774635648006664704,left,OFF,1.6,2.7
2026-03-27T18:20:48.022516+00:00,1.628843,1774635648022516517,949348,1774635648022684160,left,OFF,1.6,2.7
2026-03-27T18:20:48.038912+00:00,1.645238,1774635648038912117,949364,1774635648038744320,left,OFF,1.6,2.7
2026-03-27T18:20:48.054343+00:00,1.660669,1774635648054342917,949380,1774635648054744064,left,OFF,1.6,2.7
2026-03-27T18:20:48.070727+00:00,1.677053,1774635648070727217,949396,1774635648070780160,left,OFF,1.6,2.7
2026-03-27T18:20:48.087214+00:00,1.693541,1774635648087214317,949412,1774635648086851584,left,OFF,1.6,2.7
2026-03-27T18:20:48.102717+00:00,1.709044,1774635648102717517,949428,1774635648102871808,left,OFF,1.6,2.7
2026-03-27T18:20:48.118920+00:00,1.725246,1774635648118919817,949444,1774635648118911488,left,OFF,1.6,2.7
2026-03-27T18:20:48.135340+00:00,1.741667,1774635648135340617,949460,1774635648134986752,left,OFF,1.6,2.7
2026-03-27T18:20:48.150752+00:00,1.757078,1774635648150751917,949476,1774635648151005184,left,OFF,1.6,2.7
2026-03-27T18:20:48.167157+00:00,1.773484,1774635648167157617,949492,1774635648167054080,left,OFF,1.6,2.7
2026-03-27T18:20:48.182594+00:00,1.788920,1774635648182593817,949508,1774635648183048960,left,OFF,1.6,2.7
2026-03-27T18:20:48.199037+00:00,1.805363,1774635648199037217,949524,1774635648199080704,left,OFF,1.6,2.7
2026-03-27T18:20:48.215474+00:00,1.821800,1774635648215474117,949540,1774635648215153152,left,OFF,1.6,2.7
2026-03-27T18:20:48.230923+00:00,1.837250,1774635648230923417,949556,1774635648231163136,left,OFF,1.6,2.7
2026-03-27T18:20:48.247156+00:00,1.853482,1774635648247156217,949572,1774635648247202816,left,OFF,1.6,2.7
2026-03-27T18:20:48.264142+00:00,1.870469,1774635648264142317,949588,1774635648263310080,left,OFF,1.6,2.7
2026-03-27T18:20:48.278929+00:00,1.885256,1774635648278929317,949604,1774635648279320832,left,OFF,1.6,2.7
2026-03-27T18:20:48.295563+00:00,1.901890,1774635648295563417,949620,1774635648295381504,left,OFF,1.6,2.7
2026-03-27T18:20:48.310890+00:00,1.917216,1774635648310889617,949636,1774635648311373312,left,OFF,1.6,2.79
2026-03-27T18:20:48.327688+00:00,1.934014,1774635648327687317,949652,1774635648327427840,left,OFF,1.9,3.23
2026-03-27T18:20:48.344269+00:00,1.950596,1774635648344269317,949668,1774635648343525632,left,OFF,5.3,9.2
2026-03-27T18:20:48.359070+00:00,1.965396,1774635648359069817,949684,1774635648359527680,left,OFF,10.5,18.08
2026-03-27T18:20:48.375694+00:00,1.982021,1774635648375694417,949700,1774635648375575040,left,OFF,16.9,27.75
2026-03-27T18:20:48.392335+00:00,1.998661,1774635648392334517,949716,1774635648391671808,left,OFF,20.4,32.93
2026-03-27T18:20:48.407485+00:00,2.013811,1774635648407485117,949732,1774635648407692032,left,OFF,24.3,38.21
2026-03-27T18:20:48.424118+00:00,2.030444,1774635648424117617,949748,1774635648423760896,left,OFF,29.2,44.71
2026-03-27T18:20:48.439239+00:00,2.045565,1774635648439238717,949764,1774635648439760384,left,OFF,32.1,48.49
2026-03-27T18:20:48.455775+00:00,2.062101,1774635648455774717,949780,1774635648455797248,left,OFF,32.9,49.46
2026-03-27T18:20:48.471989+00:00,2.078316,1774635648471989617,949796,1774635648471857152,left,OFF,32.9,49.46
2026-03-27T18:20:48.487509+00:00,2.093835,1774635648487508917,949812,1774635648487863808,left,OFF,33.0,49.63
2026-03-27T18:20:48.503960+00:00,2.110286,1774635648503959917,949828,1774635648503910400,left,OFF,33.2,49.9
2026-03-27T18:20:48.520523+00:00,2.126849,1774635648520522817,949844,1774635648519997952,left,OFF,33.7,50.51
2026-03-27T18:20:48.535709+00:00,2.142036,1774635648535709317,949860,1774635648536015872,left,OFF,34.5,51.48
2026-03-27T18:20:48.552296+00:00,2.158622,1774635648552295717,949876,1774635648552077824,left,OFF,35.8,53.06
2026-03-27T18:20:48.567679+00:00,2.174005,1774635648567679217,949892,1774635648568081408,left,OFF,36.5,54.03
2026-03-27T18:20:48.583853+00:00,2.190179,1774635648583852717,949908,1774635648584101376,left,OFF,36.8,54.29
2026-03-27T18:20:48.600565+00:00,2.206892,1774635648600565617,949924,1774635648600174592,left,OFF,37.0,54.64
2026-03-27T18:20:48.615710+00:00,2.222036,1774635648615710217,949940,1774635648616177664,left,OFF,37.2,54.82
2026-03-27T18:20:48.632194+00:00,2.238520,1774635648632193417,949956,1774635648632216064,left,OFF,37.4,55.08
2026-03-27T18:20:48.648946+00:00,2.255272,1774635648648946117,949972,1774635648648310784,left,OFF,37.9,55.7
2026-03-27T18:20:48.663940+00:00,2.270267,1774635648663940417,949988,1774635648664321024,left,OFF,38.4,56.31
2026-03-27T18:20:48.680539+00:00,2.286865,1774635648680539117,950004,1774635648680380160,left,OFF,38.5,56.4
2026-03-27T18:20:48.695770+00:00,2.302096,1774635648695769917,950020,1774635648696365824,left,OFF,38.5,56.4
2026-03-27T18:20:48.712266+00:00,2.318592,1774635648712266217,950036,1774635648712392960,left,OFF,38.5,56.4
2026-03-27T18:20:48.728698+00:00,2.335024,1774635648728698117,950052,1774635648728459776,left,OFF,38.6,56.58
2026-03-27T18:20:48.744079+00:00,2.350405,1774635648744078617,950068,1774635648744466688,left,OFF,38.9,57.01
2026-03-27T18:20:48.760375+00:00,2.366701,1774635648760374417,950084,1774635648760499200,left,OFF,39.5,57.72
2026-03-27T18:20:48.776972+00:00,2.383298,1774635648776971417,950100,1774635648776575744,left,OFF,39.8,58.07
2026-03-27T18:20:48.792154+00:00,2.398480,1774635648792153517,950116,1774635648792582656,left,OFF,39.9,58.16
2026-03-27T18:20:48.808692+00:00,2.415019,1774635648808692517,950132,1774635648808629504,left,OFF,39.9,58.16
2026-03-27T18:20:48.824204+00:00,2.430531,1774635648824204417,950148,1774635648824627200,left,OFF,39.9,58.16
2026-03-27T18:20:48.840513+00:00,2.446839,1774635648840513217,950164,1774635648840649984,left,OFF,39.9,58.16
2026-03-27T18:20:48.857057+00:00,2.463383,1774635648857056917,950180,1774635648856720128,left,OFF,39.9,58.16
2026-03-27T18:20:48.872325+00:00,2.478652,1774635648872325317,950196,1774635648872717568,left,OFF,39.9,58.16
2026-03-27T18:20:48.888713+00:00,2.495039,1774635648888713117,950212,1774635648888750080,left,OFF,39.9,58.16
2026-03-27T18:20:48.905094+00:00,2.511421,1774635648905094417,950228,1774635648904817408,left,OFF,39.4,57.54
2026-03-27T18:20:48.920585+00:00,2.526912,1774635648920585417,950244,1774635648920829696,left,OFF,37.7,55.43
2026-03-27T18:20:48.936919+00:00,2.543245,1774635648936918817,950260,1774635648936882432,left,OFF,34.2,51.04
2026-03-27T18:20:48.952384+00:00,2.558710,1774635648952383717,950276,1774635648952872192,left,OFF,28.3,43.57
2026-03-27T18:20:48.968720+00:00,2.575047,1774635648968720317,950292,1774635648968891904,left,OFF,21.2,33.99
2026-03-27T18:20:48.985175+00:00,2.591502,1774635648985175317,950308,1774635648984958976,left,OFF,16.3,26.87
2026-03-27T18:20:49.000504+00:00,2.606831,1774635649000504317,950324,1774635649000953600,left,OFF,12.6,21.24
2026-03-27T18:20:49.017023+00:00,2.623349,1774635649017023117,950340,1774635649016985600,left,OFF,9.3,16.15
2026-03-27T18:20:49.033338+00:00,2.639664,1774635649033337917,950356,1774635649033052672,left,OFF,7.1,12.37
2026-03-27T18:20:49.048866+00:00,2.655192,1774635649048865417,950372,1774635649049067776,left,OFF,6.1,10.61
2026-03-27T18:20:49.065190+00:00,2.671516,1774635649065189817,950388,1774635649065111808,left,OFF,5.5,9.64
2026-03-27T18:20:49.080668+00:00,2.686994,1774635649080668217,950404,1774635649081102848,left,OFF,5.3,9.2
2026-03-27T18:20:49.097162+00:00,2.703488,1774635649097162017,950420,1774635649097132800,left,OFF,5.1,8.94
2026-03-27T18:20:49.113434+00:00,2.719760,1774635649113433817,950436,1774635649113190912,left,OFF,5.0,8.76
2026-03-27T18:20:49.128999+00:00,2.735325,1774635649128999217,950452,1774635649129203968,left,OFF,5.0,8.67
2026-03-27T18:20:49.145317+00:00,2.751643,1774635649145316717,950468,1774635649145239040,left,OFF,4.9,8.59
2026-03-27T18:20:49.161819+00:00,2.768146,1774635649161819517,950484,1774635649161314816,left,OFF,4.9,8.5
2026-03-27T18:20:49.177040+00:00,2.783366,1774635649177039817,950500,1774635649177320960,left,OFF,4.8,8.41
2026-03-27T18:20:49.193562+00:00,2.799888,1774635649193561917,950516,1774635649193368320,left,OFF,4.7,8.24
2026-03-27T18:20:49.208848+00:00,2.815174,1774635649208847617,950532,1774635649209350912,left,OFF,4.7,8.15
2026-03-27T18:20:49.225334+00:00,2.831660,1774635649225334017,950548,1774635649225374208,left,OFF,4.7,8.15
2026-03-27T18:20:49.241827+00:00,2.848154,1774635649241827617,950564,1774635649241437696,left,OFF,4.6,8.06
2026-03-27T18:20:49.257112+00:00,2.863438,1774635649257111717,950580,1774635649257436672,left,OFF,4.6,8.06
2026-03-27T18:20:49.273657+00:00,2.879983,1774635649273657217,950596,1774635649273473280,left,OFF,4.6,8.06
2026-03-27T18:20:49.289947+00:00,2.896273,1774635649289946517,950612,1774635649289554944,left,OFF,4.6,8.06
2026-03-27T18:20:49.305464+00:00,2.911790,1774635649305463917,950628,1774635649305566464,left,OFF,4.6,8.06
2026-03-27T18:20:49.321780+00:00,2.928106,1774635649321779717,950644,1774635649321613312,left,OFF,4.6,7.97
2026-03-27T18:20:49.337260+00:00,2.943586,1774635649337260017,950660,1774635649337604352,left,OFF,4.6,7.97
2026-03-27T18:20:49.353555+00:00,2.959882,1774635649353555517,950676,1774635649353634560,left,OFF,4.6,7.97
2026-03-27T18:20:49.370061+00:00,2.976388,1774635649370061317,950692,1774635649369711360,left,OFF,4.6,7.97
2026-03-27T18:20:49.385350+00:00,2.991676,1774635649385349617,950708,1774635649385704704,left,OFF,4.6,7.97
2026-03-27T18:20:49.401867+00:00,3.008193,1774635649401866817,950724,1774635649401746176,left,OFF,4.6,7.97
2026-03-27T18:20:49.418355+00:00,3.024681,1774635649418354617,950740,1774635649417833984,left,OFF,4.6,7.97
2026-03-27T18:20:49.433702+00:00,3.040028,1774635649433701917,950756,1774635649433852160,left,OFF,4.5,7.88
2026-03-27T18:20:49.450179+00:00,3.056505,1774635649450178617,950772,1774635649449916416,left,OFF,4.6,7.97
2026-03-27T18:20:49.465495+00:00,3.071821,1774635649465494617,950788,1774635649465908480,left,OFF,4.6,7.97
2026-03-27T18:20:49.481977+00:00,3.088303,1774635649481976717,950804,1774635649481943296,left,OFF,4.5,7.88
2026-03-27T18:20:49.498330+00:00,3.104656,1774635649498330017,950820,1774635649498003456,left,OFF,4.5,7.88
2026-03-27T18:20:49.513772+00:00,3.120099,1774635649513772617,950836,1774635649514010880,left,OFF,4.6,7.97
2026-03-27T18:20:49.530172+00:00,3.136499,1774635649530172417,950852,1774635649530053632,left,OFF,4.5,7.88
2026-03-27T18:20:49.547168+00:00,3.153494,1774635649547167517,950868,1774635649546171904,left,OFF,4.5,7.88
2026-03-27T18:20:49.561976+00:00,3.168302,1774635649561976217,950884,1774635649562187776,left,OFF,4.5,7.88
2026-03-27T18:20:49.578618+00:00,3.184944,1774635649578617717,950900,1774635649578258176,left,OFF,4.5,7.88
2026-03-27T18:20:49.593903+00:00,3.200229,1774635649593903217,950916,1774635649594262016,left,OFF,4.5,7.88
2026-03-27T18:20:49.610278+00:00,3.216604,1774635649610278117,950932,1774635649610290944,left,OFF,4.6,7.97
2026-03-27T18:20:49.626707+00:00,3.233033,1774635649626706617,950948,1774635649626365184,left,OFF,4.5,7.88
2026-03-27T18:20:49.642004+00:00,3.248330,1774635649642004017,950964,1774635649642366720,left,OFF,4.5,7.88
2026-03-27T18:20:49.658494+00:00,3.264821,1774635649658494417,950980,1774635649658409728,left,OFF,4.5,7.88
2026-03-27T18:20:49.674830+00:00,3.281157,1774635649674830317,950996,1774635649674493184,left,OFF,4.5,7.88
2026-03-27T18:20:49.690302+00:00,3.296629,1774635649690302317,951012,1774635649690510848,left,OFF,4.5,7.88
2026-03-27T18:20:49.706639+00:00,3.312965,1774635649706638617,951028,1774635649706563840,left,OFF,4.5,7.88
2026-03-27T18:20:49.722094+00:00,3.328420,1774635649722093917,951044,1774635649722556928,left,OFF,4.5,7.88
2026-03-27T18:20:49.738473+00:00,3.344800,1774635649738473517,951060,1774635649738585088,left,OFF,4.5,7.88
2026-03-27T18:20:49.755136+00:00,3.361462,1774635649755136017,951076,1774635649754664192,left,OFF,4.5,7.88
2026-03-27T18:20:49.770416+00:00,3.376743,1774635649770416417,951092,1774635649770676480,left,OFF,4.6,7.97
2026-03-27T18:20:49.786730+00:00,3.393056,1774635649786730217,951108,1774635649786713600,left,OFF,4.5,7.88
2026-03-27T18:20:49.803211+00:00,3.409537,1774635649803211117,951124,1774635649802795520,left,OFF,4.5,7.88
2026-03-27T18:20:49.818538+00:00,3.424865,1774635649818538617,951140,1774635649818807296,left,OFF,4.5,7.88
2026-03-27T18:20:49.835013+00:00,3.441339,1774635649835012517,951156,1774635649834861824,left,OFF,4.5,7.88
2026-03-27T18:20:49.850333+00:00,3.456659,1774635649850332917,951172,1774635649850855936,left,OFF,4.5,7.88
2026-03-27T18:20:49.866836+00:00,3.473163,1774635649866836317,951188,1774635649866887424,left,OFF,4.5,7.88
2026-03-27T18:20:49.883147+00:00,3.489473,1774635649883146617,951204,1774635649882951680,left,OFF,4.5,7.88
2026-03-27T18:20:49.898622+00:00,3.504949,1774635649898622317,951220,1774635649898957824,left,OFF,4.5,7.88
2026-03-27T18:20:49.915129+00:00,3.521456,1774635649915129417,951236,1774635649915003904,left,OFF,4.5,7.88
2026-03-27T18:20:49.931457+00:00,3.537783,1774635649931456517,951252,1774635649931078400,left,OFF,4.5,7.88
2026-03-27T18:20:49.946934+00:00,3.553261,1774635649946934317,951268,1774635649947101440,left,OFF,4.5,7.88
2026-03-27T18:20:49.963275+00:00,3.569602,1774635649963275617,951284,1774635649963152640,left,OFF,4.5,7.88
2026-03-27T18:20:49.979239+00:00,3.585565,1774635649979239217,951300,1774635649979181312,left,OFF,4.5,7.88
2026-03-27T18:20:49.995035+00:00,3.601361,1774635649995035017,951316,1774635649995204096,left,OFF,4.5,7.88
2026-03-27T18:20:50.011552+00:00,3.617878,1774635650011552217,951332,1774635650011269120,left,OFF,4.5,7.88
2026-03-27T18:20:50.027009+00:00,3.633335,1774635650027008717,951348,1774635650027276800,left,OFF,4.5,7.88
2026-03-27T18:20:50.043529+00:00,3.649855,1774635650043528517,951364,1774635650043328512,left,OFF,4.5,7.88
2026-03-27T18:20:50.059842+00:00,3.666168,1774635650059841617,951380,1774635650059405824,left,OFF,4.5,7.88
2026-03-27T18:20:50.075109+00:00,3.681435,1774635650075108817,951396,1774635650075419904,left,OFF,4.5,7.88
2026-03-27T18:20:50.091619+00:00,3.697945,1774635650091618717,951412,1774635650091472128,left,OFF,4.5,7.88
2026-03-27T18:20:50.106901+00:00,3.713227,1774635650106901017,951428,1774635650107460608,left,OFF,4.5,7.88
2026-03-27T18:20:50.123574+00:00,3.729900,1774635650123573517,951444,1774635650123502336,left,OFF,4.5,7.88
2026-03-27T18:20:50.139890+00:00,3.746217,1774635650139890417,951460,1774635650139568640,left,OFF,4.5,7.88
2026-03-27T18:20:50.155324+00:00,3.761650,1774635650155323517,951476,1774635650155582976,left,OFF,4.5,7.88
2026-03-27T18:20:50.176700+00:00,3.783026,1774635650176699617,951492,1774635650171932160,left,OFF,4.5,7.88
2026-03-27T18:20:50.189591+00:00,3.795918,1774635650189591417,951508,1774635650188096768,left,OFF,4.5,7.8
2026-03-27T18:20:50.203476+00:00,3.809802,1774635650203475817,951524,1774635650204102144,left,OFF,4.5,7.88
2026-03-27T18:20:50.219815+00:00,3.826141,1774635650219814817,951540,1774635650220141312,left,OFF,4.5,7.88
2026-03-27T18:20:50.235232+00:00,3.841558,1774635650235232017,951556,1774635650236119296,left,OFF,4.5,7.88
2026-03-27T18:20:50.251803+00:00,3.858129,1774635650251803117,951572,1774635650252143872,left,OFF,4.5,7.8
2026-03-27T18:20:50.268231+00:00,3.874558,1774635650268231417,951588,1774635650268206336,left,OFF,4.5,7.88
2026-03-27T18:20:50.283728+00:00,3.890054,1774635650283727717,951604,1774635650284212480,left,OFF,4.5,7.88
2026-03-27T18:20:50.300015+00:00,3.906341,1774635650300014817,951620,1774635650300249088,left,OFF,4.5,7.88
2026-03-27T18:20:50.316513+00:00,3.922839,1774635650316513217,951636,1774635650316321792,left,OFF,4.5,7.88
2026-03-27T18:20:50.331693+00:00,3.938020,1774635650331693417,951652,1774635650332325888,left,OFF,4.5,7.88
2026-03-27T18:20:50.348201+00:00,3.954527,1774635650348200517,951668,1774635650348367360,left,OFF,4.5,7.88
2026-03-27T18:20:50.363705+00:00,3.970031,1774635650363705217,951684,1774635650364358912,left,OFF,4.5,7.88
2026-03-27T18:20:50.380016+00:00,3.986342,1774635650380016217,951700,1774635650380375296,left,OFF,4.5,7.88
2026-03-27T18:20:50.402782+00:00,4.009108,1774635650402781817,951716,1774635650396817152,left,OFF,4.5,7.88
2026-03-27T18:20:50.411801+00:00,4.018128,1774635650411801417,951732,1774635650412797696,left,OFF,4.5,7.88
2026-03-27T18:20:50.428202+00:00,4.034529,1774635650428202417,951748,1774635650428815616,left,OFF,4.5,7.88
2026-03-27T18:20:50.444648+00:00,4.050974,1774635650444647617,951764,1774635650444872192,left,OFF,4.5,7.88
2026-03-27T18:20:50.460264+00:00,4.066591,1774635650460264317,951780,1774635650460881920,left,OFF,4.6,7.97
2026-03-27T18:20:50.476447+00:00,4.082773,1774635650476446717,951796,1774635650476913920,left,OFF,4.6,8.06
2026-03-27T18:20:50.491993+00:00,4.098319,1774635650491992817,951812,1774635650492893952,left,OFF,4.8,8.41
2026-03-27T18:20:50.508306+00:00,4.114632,1774635650508306117,951828,1774635650508904192,left,OFF,4.9,8.59
2026-03-27T18:20:50.524715+00:00,4.131042,1774635650524715317,951844,1774635650524946944,left,OFF,5.0,8.67
2026-03-27T18:20:50.540049+00:00,4.146376,1774635650540049517,951860,1774635650540928512,left,OFF,5.1,8.85
2026-03-27T18:20:50.556577+00:00,4.162904,1774635650556577417,951876,1774635650556951296,left,OFF,5.4,9.47
2026-03-27T18:20:50.572837+00:00,4.179164,1774635650572837417,951892,1774635650573017856,left,OFF,5.6,9.73
2026-03-27T18:20:50.588392+00:00,4.194718,1774635650588391617,951908,1774635650589017088,left,OFF,5.6,9.73
2026-03-27T18:20:50.608999+00:00,4.215325,1774635650608999017,951924,1774635650605314560,left,OFF,5.5,9.55
2026-03-27T18:20:50.621298+00:00,4.227624,1774635650621297817,951940,1774635650621354496,left,OFF,5.3,9.29
2026-03-27T18:20:50.636685+00:00,4.243011,1774635650636684517,951956,1774635650637363712,left,OFF,5.0,8.67
2026-03-27T18:20:50.652955+00:00,4.259281,1774635650652954917,951972,1774635650653399296,left,OFF,4.8,8.32
2026-03-27T18:20:50.668452+00:00,4.274778,1774635650668452217,951988,1774635650669379328,left,OFF,4.7,8.15
2026-03-27T18:20:50.684736+00:00,4.291063,1774635650684736517,952004,1774635650685388288,left,OFF,4.6,7.97
2026-03-27T18:20:50.701265+00:00,4.307591,1774635650701264717,952020,1774635650701436416,left,OFF,4.6,7.97
2026-03-27T18:20:50.716568+00:00,4.322894,1774635650716567917,952036,1774635650717422592,left,OFF,4.5,7.88
2026-03-27T18:20:50.733086+00:00,4.339412,1774635650733085917,952052,1774635650733447168,left,OFF,4.5,7.88
2026-03-27T18:20:50.748401+00:00,4.354728,1774635650748401417,952068,1774635650749409792,left,OFF,4.5,7.8
2026-03-27T18:20:50.764863+00:00,4.371190,1774635650764863417,952084,1774635650765408768,left,OFF,4.5,7.8
2026-03-27T18:20:50.781437+00:00,4.387763,1774635650781437017,952100,1774635650781460224,left,OFF,4.4,7.71
2026-03-27T18:20:50.796664+00:00,4.402991,1774635650796664417,952116,1774635650797438720,left,OFF,4.4,7.62
2026-03-27T18:20:50.813286+00:00,4.419612,1774635650813286117,952132,1774635650813461760,left,OFF,4.3,7.53
2026-03-27T18:20:50.829510+00:00,4.435837,1774635650829510517,952148,1774635650829509632,left,OFF,4.3,7.44
2026-03-27T18:20:50.851192+00:00,4.457519,1774635650851192417,952164,1774635650845880576,left,OFF,4.2,7.36
2026-03-27T18:20:50.861959+00:00,4.468285,1774635650861958917,952180,1774635650861933824,left,OFF,4.1,7.18
2026-03-27T18:20:50.876953+00:00,4.483279,1774635650876953117,952196,1774635650877900288,left,OFF,4.1,7.09
2026-03-27T18:20:50.893249+00:00,4.499575,1774635650893248517,952212,1774635650893896704,left,OFF,4.0,6.92
2026-03-27T18:20:50.909593+00:00,4.515919,1774635650909592917,952228,1774635650909920512,left,OFF,3.9,6.83
2026-03-27T18:20:50.924994+00:00,4.531321,1774635650924994617,952244,1774635650925887744,left,OFF,3.9,6.74
2026-03-27T18:20:50.941390+00:00,4.547716,1774635650941390117,952260,1774635650941891840,left,OFF,3.8,6.65
2026-03-27T18:20:50.957821+00:00,4.564148,1774635650957821317,952276,1774635650957928960,left,OFF,3.8,6.65
2026-03-27T18:20:50.973149+00:00,4.579475,1774635650973148717,952292,1774635650973905152,left,OFF,3.8,6.65
2026-03-27T18:20:50.989856+00:00,4.596182,1774635650989856117,952308,1774635650989932288,left,OFF,3.8,6.65
2026-03-27T18:20:51.004986+00:00,4.611312,1774635651004985817,952324,1774635651005901568,left,OFF,3.8,6.65
2026-03-27T18:20:51.021517+00:00,4.627843,1774635651021516517,952340,1774635651021893888,left,OFF,3.8,6.65
2026-03-27T18:20:51.037972+00:00,4.644298,1774635651037971817,952356,1774635651037926912,left,OFF,3.8,6.65
2026-03-27T18:20:51.053259+00:00,4.659586,1774635651053259317,952372,1774635651053895680,left,OFF,3.8,6.57
2026-03-27T18:20:51.075396+00:00,4.681722,1774635651075395817,952388,1774635651070252288,left,OFF,3.8,6.65
2026-03-27T18:20:51.086030+00:00,4.692356,1774635651086029917,952404,1774635651086279936,left,OFF,3.8,6.57
2026-03-27T18:20:51.101548+00:00,4.707874,1774635651101548117,952420,1774635651102252032,left,OFF,3.8,6.57
2026-03-27T18:20:51.117850+00:00,4.724177,1774635651117850417,952436,1774635651118254592,left,OFF,3.8,6.57
2026-03-27T18:20:51.133336+00:00,4.739662,1774635651133335617,952452,1774635651134200320,left,OFF,3.8,6.57
2026-03-27T18:20:51.149826+00:00,4.756152,1774635651149825917,952468,1774635651150193664,left,OFF,3.8,6.57
2026-03-27T18:20:51.166150+00:00,4.772476,1774635651166149717,952484,1774635651166213120,left,OFF,3.7,6.48
2026-03-27T18:20:51.181631+00:00,4.787957,1774635651181630717,952500,1774635651182180096,left,OFF,3.8,6.57
2026-03-27T18:20:51.197934+00:00,4.804260,1774635651197934117,952516,1774635651198330112,left,OFF,3.7,6.48
2026-03-27T18:20:51.214445+00:00,4.820771,1774635651214444617,952532,1774635651214418432,left,OFF,3.7,6.48
2026-03-27T18:20:51.229727+00:00,4.836053,1774635651229726817,952548,1774635651230395648,left,OFF,3.7,6.48
2026-03-27T18:20:51.246232+00:00,4.852558,1774635651246231817,952564,1774635651246410752,left,OFF,3.7,6.48
2026-03-27T18:20:51.261694+00:00,4.868020,1774635651261693717,952580,1774635651262371328,left,OFF,3.7,6.48
2026-03-27T18:20:51.282804+00:00,4.889130,1774635651282803417,952596,1774635651278658304,left,OFF,3.7,6.48
2026-03-27T18:20:51.294524+00:00,4.900850,1774635651294523817,952612,1774635651294686976,left,OFF,3.7,6.48
2026-03-27T18:20:51.309847+00:00,4.916174,1774635651309847317,952628,1774635651310655744,left,OFF,3.7,6.48
2026-03-27T18:20:51.326316+00:00,4.932642,1774635651326315717,952644,1774635651326658816,left,OFF,3.7,6.48
2026-03-27T18:20:51.342637+00:00,4.948963,1774635651342637017,952660,1774635651342693632,left,OFF,3.7,6.48
2026-03-27T18:20:51.358109+00:00,4.964435,1774635651358108617,952676,1774635651358667520,left,OFF,3.7,6.48
2026-03-27T18:20:51.374627+00:00,4.980953,1774635651374626717,952692,1774635651374685952,left,OFF,3.7,6.48
2026-03-27T18:20:51.389892+00:00,4.996218,1774635651389891517,952708,1774635651390639872,left,OFF,3.7,6.48
2026-03-27T18:20:51.406391+00:00,5.012717,1774635651406390717,952724,1774635651406630912,left,OFF,3.7,6.48
2026-03-27T18:20:51.422711+00:00,5.029037,1774635651422710717,952740,1774635651422849536,left,OFF,3.7,6.48
2026-03-27T18:20:51.438196+00:00,5.044522,1774635651438195617,952756,1774635651438824704,left,OFF,3.7,6.48
2026-03-27T18:20:51.454505+00:00,5.060831,1774635651454505217,952772,1774635651454827776,left,OFF,3.7,6.48
2026-03-27T18:20:51.471007+00:00,5.077333,1774635651471006717,952788,1774635651470871808,left,OFF,3.7,6.48
2026-03-27T18:20:51.486457+00:00,5.092783,1774635651486457117,952804,1774635651486867200,left,OFF,3.7,6.48
2026-03-27T18:20:51.506947+00:00,5.113274,1774635651506947317,952820,1774635651503139072,left,OFF,3.7,6.48
2026-03-27T18:20:51.518235+00:00,5.124561,1774635651518234517,952836,1774635651519099648,left,OFF,3.7,6.48
2026-03-27T18:20:51.534640+00:00,5.140966,1774635651534639917,952852,1774635651535091712,left,OFF,3.7,6.48
2026-03-27T18:20:51.551048+00:00,5.157374,1774635651551048217,952868,1774635651551117824,left,OFF,3.7,6.48
2026-03-27T18:20:51.566417+00:00,5.172743,1774635651566416917,952884,1774635651567081728,left,OFF,3.7,6.48
2026-03-27T18:20:51.582909+00:00,5.189236,1774635651582909317,952900,1774635651583088128,left,OFF,3.7,6.48
2026-03-27T18:20:51.599335+00:00,5.205661,1774635651599335117,952916,1774635651599125760,left,OFF,3.7,6.48
2026-03-27T18:20:51.614641+00:00,5.220968,1774635651614641517,952932,1774635651615103232,left,OFF,3.7,6.48
2026-03-27T18:20:51.631117+00:00,5.237443,1774635651631116617,952948,1774635651631250688,left,OFF,3.7,6.48
2026-03-27T18:20:51.646445+00:00,5.252772,1774635651646445317,952964,1774635651647244032,left,OFF,3.7,6.48
2026-03-27T18:20:51.662907+00:00,5.269233,1774635651662907217,952980,1774635651663244800,left,OFF,3.7,6.48
2026-03-27T18:20:51.679429+00:00,5.285755,1774635651679428817,952996,1774635651679282688,left,OFF,3.7,6.48
2026-03-27T18:20:51.694712+00:00,5.301038,1774635651694711817,953012,1774635651695257600,left,OFF,3.7,6.48
2026-03-27T18:20:51.715080+00:00,5.321406,1774635651715079617,953028,1774635651711504640,left,OFF,3.7,6.48
2026-03-27T18:20:51.727536+00:00,5.333862,1774635651727535717,953044,1774635651727542784,left,OFF,3.7,6.48
2026-03-27T18:20:51.742999+00:00,5.349325,1774635651742999017,953060,1774635651743523328,left,OFF,3.7,6.39
2026-03-27T18:20:51.759328+00:00,5.365654,1774635651759327817,953076,1774635651759536128,left,OFF,3.7,6.39
2026-03-27T18:20:51.774798+00:00,5.381124,1774635651774798217,953092,1774635651775492352,left,OFF,3.7,6.39
2026-03-27T18:20:51.791280+00:00,5.397606,1774635651791279717,953108,1774635651791488768,left,OFF,3.7,6.39
2026-03-27T18:20:51.807614+00:00,5.413940,1774635651807614017,953124,1774635651807520000,left,OFF,3.6,6.3
2026-03-27T18:20:51.823081+00:00,5.429407,1774635651823080917,953140,1774635651823491584,left,OFF,3.6,6.3
2026-03-27T18:20:51.839400+00:00,5.445726,1774635651839400117,953156,1774635651839498496,left,OFF,3.6,6.21
2026-03-27T18:20:51.855896+00:00,5.462222,1774635651855896017,953172,1774635651855539712,left,OFF,3.5,6.13
2026-03-27T18:20:51.871347+00:00,5.477673,1774635651871346717,953188,1774635651871721472,left,OFF,3.5,6.13
2026-03-27T18:20:51.887697+00:00,5.494023,1774635651887697217,953204,1774635651887766528,left,OFF,3.5,6.13
2026-03-27T18:20:51.903156+00:00,5.509482,1774635651903156217,953220,1774635651903744768,left,OFF,3.5,6.13
2026-03-27T18:20:51.919443+00:00,5.525770,1774635651919443417,953236,1774635651919746560,left,OFF,3.5,6.13
2026-03-27T18:20:51.939426+00:00,5.545752,1774635651939425817,953252,1774635651935998976,left,OFF,3.5,6.04
2026-03-27T18:20:51.951267+00:00,5.557594,1774635651951267517,953268,1774635651951970560,left,OFF,3.5,6.04
2026-03-27T18:20:51.967766+00:00,5.574092,1774635651967765517,953284,1774635651967981824,left,OFF,3.5,6.04
2026-03-27T18:20:51.984263+00:00,5.590590,1774635651984263517,953300,1774635651984033024,left,OFF,3.5,6.04
2026-03-27T18:20:51.999613+00:00,5.605939,1774635651999613217,953316,1774635652000020224,left,OFF,3.5,6.04
2026-03-27T18:20:52.016028+00:00,5.622355,1774635652016028517,953332,1774635652016051456,left,OFF,3.5,6.04
2026-03-27T18:20:52.031342+00:00,5.637668,1774635652031341517,953348,1774635652032010240,left,OFF,3.5,6.04
2026-03-27T18:20:52.047885+00:00,5.654211,1774635652047884717,953364,1774635652048015360,left,OFF,3.5,6.04
2026-03-27T18:20:52.064243+00:00,5.670569,1774635652064243017,953380,1774635652064053248,left,OFF,3.4,5.95
2026-03-27T18:20:52.079649+00:00,5.685975,1774635652079648817,953396,1774635652080029440,left,OFF,3.4,5.95
2026-03-27T18:20:52.096234+00:00,5.702560,1774635652096233617,953412,1774635652096229376,left,OFF,3.4,5.95
2026-03-27T18:20:52.112467+00:00,5.718793,1774635652112467217,953428,1774635652112280576,left,OFF,3.4,5.95
2026-03-27T18:20:52.127899+00:00,5.734225,1774635652127899217,953444,1774635652128278528,left,OFF,3.4,5.95
2026-03-27T18:20:52.147592+00:00,5.753918,1774635652147591817,953460,1774635652144508160,left,OFF,3.4,5.95
2026-03-27T18:20:52.159725+00:00,5.766051,1774635652159725217,953476,1774635652160477184,left,OFF,3.4,5.95
2026-03-27T18:20:52.175987+00:00,5.782313,1774635652175986617,953492,1774635652176474112,left,OFF,3.5,6.04
2026-03-27T18:20:52.192556+00:00,5.798882,1774635652192555717,953508,1774635652192512768,left,OFF,3.5,6.04
2026-03-27T18:20:52.207999+00:00,5.814326,1774635652207999417,953524,1774635652208497664,left,OFF,3.5,6.04
2026-03-27T18:20:52.224422+00:00,5.830749,1774635652224422417,953540,1774635652224514560,left,OFF,3.5,6.04
2026-03-27T18:20:52.240805+00:00,5.847131,1774635652240805217,953556,1774635652240567040,left,OFF,3.5,6.04
2026-03-27T18:20:52.256193+00:00,5.862519,1774635652256192917,953572,1774635652256556544,left,OFF,3.5,6.13
2026-03-27T18:20:52.272637+00:00,5.878963,1774635652272636817,953588,1774635652272585216,left,OFF,3.5,6.13
2026-03-27T18:20:52.287888+00:00,5.894214,1774635652287888217,953604,1774635652288548096,left,OFF,3.5,6.13
2026-03-27T18:20:52.304411+00:00,5.910738,1774635652304411417,953620,1774635652304699136,left,OFF,3.5,6.13
2026-03-27T18:20:52.320935+00:00,5.927261,1774635652320935117,953636,1774635652320751872,left,OFF,3.5,6.13
2026-03-27T18:20:52.336195+00:00,5.942522,1774635652336195417,953652,1774635652336735232,left,OFF,3.5,6.13
2026-03-27T18:20:52.352728+00:00,5.959054,1774635652352728117,953668,1774635652352761856,left,OFF,3.5,6.13
2026-03-27T18:20:52.368979+00:00,5.975305,1774635652368978317,953684,1774635652368810752,left,OFF,3.5,6.13
2026-03-27T18:20:52.387532+00:00,5.993858,1774635652387531517,953700,1774635652384995328,left,OFF,3.5,6.13
2026-03-27T18:20:52.400948+00:00,6.007274,1774635652400947917,953716,1774635652401030656,left,OFF,3.5,6.13
2026-03-27T18:20:52.416250+00:00,6.022576,1774635652416249517,953732,1774635652416997120,left,OFF,3.5,6.13
2026-03-27T18:20:52.432717+00:00,6.039044,1774635652432717417,953748,1774635652433004032,left,OFF,3.6,6.3
2026-03-27T18:20:52.449060+00:00,6.055386,1774635652449060117,953764,1774635652449038848,left,OFF,3.7,6.39
2026-03-27T18:20:52.464556+00:00,6.070882,1774635652464555417,953780,1774635652465023232,left,OFF,3.8,6.65
2026-03-27T18:20:52.480962+00:00,6.087289,1774635652480962417,953796,1774635652481038592,left,OFF,4.2,7.27
2026-03-27T18:20:52.497304+00:00,6.103630,1774635652497304117,953812,1774635652497087232,left,OFF,5.7,9.91
2026-03-27T18:20:52.512843+00:00,6.119169,1774635652512842817,953828,1774635652513086976,left,OFF,9.0,15.62
2026-03-27T18:20:52.529118+00:00,6.135444,1774635652529117617,953844,1774635652529240576,left,OFF,16.0,26.34
2026-03-27T18:20:52.544641+00:00,6.150967,1774635652544641217,953860,1774635652545220352,left,OFF,21.5,34.43
2026-03-27T18:20:52.561119+00:00,6.167446,1774635652561119317,953876,1774635652561238528,left,OFF,27.2,42.07
2026-03-27T18:20:52.577453+00:00,6.183779,1774635652577452417,953892,1774635652577286144,left,OFF,32.7,49.19
2026-03-27T18:20:52.592913+00:00,6.199239,1774635652592913017,953908,1774635652593277952,left,OFF,37.3,54.99
2026-03-27T18:20:52.610610+00:00,6.216936,1774635652610609817,953924,1774635652609384704,left,OFF,40.4,58.86
2026-03-27T18:20:52.625708+00:00,6.232034,1774635652625707617,953940,1774635652625444352,left,OFF,42.6,61.5
2026-03-27T18:20:52.641193+00:00,6.247519,1774635652641192717,953956,1774635652641447680,left,OFF,43.6,62.73
2026-03-27T18:20:52.657500+00:00,6.263826,1774635652657499917,953972,1774635652657480960,left,OFF,43.7,62.82
2026-03-27T18:20:52.672953+00:00,6.279279,1774635652672953117,953988,1774635652673456384,left,OFF,43.7,62.82
2026-03-27T18:20:52.689270+00:00,6.295597,1774635652689270417,954004,1774635652689462016,left,OFF,43.7,62.82
2026-03-27T18:20:52.705778+00:00,6.312104,1774635652705777917,954020,1774635652705511424,left,OFF,43.8,62.9
2026-03-27T18:20:52.721194+00:00,6.327520,1774635652721193917,954036,1774635652721499648,left,OFF,43.8,62.9
2026-03-27T18:20:52.737576+00:00,6.343902,1774635652737575317,954052,1774635652737643776,left,OFF,43.6,62.73
2026-03-27T18:20:52.754049+00:00,6.360375,1774635652754049217,954068,1774635652753708288,left,OFF,43.3,62.38
2026-03-27T18:20:52.769471+00:00,6.375797,1774635652769470717,954084,1774635652769717248,left,OFF,42.9,61.85
2026-03-27T18:20:52.785824+00:00,6.392150,1774635652785824017,954100,1774635652785754624,left,OFF,42.5,61.41
2026-03-27T18:20:52.801253+00:00,6.407579,1774635652801252817,954116,1774635652801736448,left,OFF,41.8,60.53
2026-03-27T18:20:52.818430+00:00,6.424756,1774635652818430017,954132,1774635652817801984,left,OFF,40.6,59.04
2026-03-27T18:20:52.834019+00:00,6.440345,1774635652834019117,954148,1774635652833848320,left,OFF,39.0,57.1
2026-03-27T18:20:52.849517+00:00,6.455843,1774635652849516917,954164,1774635652849843968,left,OFF,37.4,55.08
2026-03-27T18:20:52.865796+00:00,6.472122,1774635652865796117,954180,1774635652865862912,left,OFF,34.9,52.0
2026-03-27T18:20:52.882311+00:00,6.488637,1774635652882311217,954196,1774635652881925376,left,OFF,31.5,47.7
2026-03-27T18:20:52.897604+00:00,6.503930,1774635652897604017,954212,1774635652897924096,left,OFF,27.5,42.51
2026-03-27T18:20:52.914106+00:00,6.520432,1774635652914105617,954228,1774635652913961216,left,OFF,22.9,36.27
2026-03-27T18:20:52.929371+00:00,6.535698,1774635652929371317,954244,1774635652929933056,left,OFF,18.3,29.86
2026-03-27T18:20:52.945899+00:00,6.552225,1774635652945898817,954260,1774635652945942784,left,OFF,13.5,22.65
2026-03-27T18:20:52.962364+00:00,6.568690,1774635652962363717,954276,1774635652962102016,left,OFF,9.3,16.15
2026-03-27T18:20:52.977677+00:00,6.584004,1774635652977677417,954292,1774635652978090752,left,OFF,6.2,10.7
2026-03-27T18:20:52.994154+00:00,6.600480,1774635652994154017,954308,1774635652994120704,left,OFF,3.1,5.33
2026-03-27T18:20:53.010460+00:00,6.616786,1774635653010459717,954324,1774635653010181376,left,OFF,1.8,3.14
2026-03-27T18:20:53.025885+00:00,6.632211,1774635653025884817,954340,1774635653026183424,left,OFF,1.8,3.05
2026-03-27T18:20:53.042483+00:00,6.648809,1774635653042482817,954356,1774635653042232064,left,OFF,1.7,2.96
2026-03-27T18:20:53.057689+00:00,6.664016,1774635653057689317,954372,1774635653058206976,left,OFF,1.8,3.05
2026-03-27T18:20:53.074229+00:00,6.680555,1774635653074229117,954388,1774635653074228224,left,OFF,1.8,3.05
2026-03-27T18:20:53.090527+00:00,6.696853,1774635653090526917,954404,1774635653090275840,left,OFF,1.8,3.05
2026-03-27T18:20:53.105986+00:00,6.712312,1774635653105986117,954420,1774635653106268416,left,OFF,1.8,3.05
2026-03-27T18:20:53.122471+00:00,6.728798,1774635653122471317,954436,1774635653122305536,left,OFF,1.8,3.05
2026-03-27T18:20:53.138757+00:00,6.745084,1774635653138757317,954452,1774635653138364160,left,OFF,1.8,3.05
2026-03-27T18:20:53.154250+00:00,6.760576,1774635653154249717,954468,1774635653154370816,left,OFF,1.8,3.05
2026-03-27T18:20:53.170594+00:00,6.776921,1774635653170594417,954484,1774635653170510592,left,OFF,1.8,3.05
2026-03-27T18:20:53.186049+00:00,6.792376,1774635653186049417,954500,1774635653186497536,left,OFF,1.8,3.05
2026-03-27T18:20:53.202504+00:00,6.808830,1774635653202504017,954516,1774635653202516992,left,OFF,1.8,3.05
2026-03-27T18:20:53.218829+00:00,6.825155,1774635653218828717,954532,1774635653218570496,left,OFF,1.8,3.05
2026-03-27T18:20:53.234282+00:00,6.840608,1774635653234281817,954548,1774635653234569984,left,OFF,1.7,2.96
2026-03-27T18:20:53.251104+00:00,6.857430,1774635653251104017,954564,1774635653250629376,left,OFF,1.8,3.05
2026-03-27T18:20:53.267162+00:00,6.873488,1774635653267162017,954580,1774635653266700800,left,OFF,1.7,2.96
2026-03-27T18:20:53.282619+00:00,6.888945,1774635653282618617,954596,1774635653282716416,left,OFF,1.8,3.05
2026-03-27T18:20:53.298909+00:00,6.905236,1774635653298909317,954612,1774635653298759936,left,OFF,1.7,2.96
2026-03-27T18:20:53.314399+00:00,6.920726,1774635653314399317,954628,1774635653314745856,left,OFF,1.7,2.96
2026-03-27T18:20:53.330673+00:00,6.936999,1774635653330672817,954644,1774635653330761216,left,OFF,1.7,2.96
2026-03-27T18:20:53.347203+00:00,6.953529,1774635653347203017,954660,1774635653346821632,left,OFF,1.8,3.05
2026-03-27T18:20:53.362485+00:00,6.968812,1774635653362485617,954676,1774635653362812416,left,OFF,1.7,2.96
2026-03-27T18:20:53.379017+00:00,6.985344,1774635653379017417,954692,1774635653378848768,left,OFF,1.8,3.05
2026-03-27T18:20:53.395493+00:00,7.001819,1774635653395492817,954708,1774635653394918656,left,OFF,1.8,3.05
2026-03-27T18:20:53.410786+00:00,7.017112,1774635653410785917,954724,1774635653411021568,left,OFF,1.8,3.05
2026-03-27T18:20:53.427270+00:00,7.033596,1774635653427270217,954740,1774635653427074560,left,OFF,1.8,3.05
2026-03-27T18:20:53.442619+00:00,7.048945,1774635653442618517,954756,1774635653443062272,left,OFF,1.8,3.05
2026-03-27T18:20:53.459055+00:00,7.065382,1774635653459055317,954772,1774635653459087872,left,OFF,1.8,3.05
2026-03-27T18:20:53.475603+00:00,7.081930,1774635653475603417,954788,1774635653475154688,left,OFF,1.8,3.05
2026-03-27T18:20:53.490973+00:00,7.097299,1774635653490973017,954804,1774635653491162880,left,OFF,1.8,3.05
2026-03-27T18:20:53.507353+00:00,7.113679,1774635653507352517,954820,1774635653507204096,left,OFF,1.8,3.05
2026-03-27T18:20:53.523730+00:00,7.130056,1774635653523729917,954836,1774635653523275264,left,OFF,1.8,3.05
2026-03-27T18:20:53.539096+00:00,7.145422,1774635653539096217,954852,1774635653539290112,left,OFF,1.8,3.05
2026-03-27T18:20:53.555919+00:00,7.162246,1774635653555919417,954868,1774635653555360512,left,OFF,1.8,3.05
2026-03-27T18:20:53.570947+00:00,7.177273,1774635653570946917,954884,1774635653571352320,left,OFF,1.8,3.05
2026-03-27T18:20:53.587278+00:00,7.193604,1774635653587277817,954900,1774635653587376128,left,OFF,1.8,3.05
2026-03-27T18:20:53.603749+00:00,7.210075,1774635653603748917,954916,1774635653603435776,left,OFF,1.8,3.05
2026-03-27T18:20:53.619230+00:00,7.225556,1774635653619229717,954932,1774635653619443968,left,OFF,1.8,3.05
2026-03-27T18:20:53.635494+00:00,7.241820,1774635653635493717,954948,1774635653635517696,left,OFF,1.7,2.96
2026-03-27T18:20:53.652044+00:00,7.258370,1774635653652043617,954964,1774635653651595520,left,OFF,1.8,3.05
2026-03-27T18:20:53.667292+00:00,7.273618,1774635653667292217,954980,1774635653667608064,left,OFF,1.8,3.05
2026-03-27T18:20:53.683840+00:00,7.290166,1774635653683839517,954996,1774635653683660544,left,OFF,1.8,3.05
2026-03-27T18:20:53.700834+00:00,7.307160,1774635653700833917,955012,1774635653699753472,left,OFF,1.8,3.05
2026-03-27T18:20:53.715622+00:00,7.321949,1774635653715622517,955028,1774635653715776512,left,OFF,1.8,3.05
2026-03-27T18:20:53.732203+00:00,7.338529,1774635653732203017,955044,1774635653731847680,left,OFF,1.8,3.05
2026-03-27T18:20:53.747390+00:00,7.353716,1774635653747389317,955060,1774635653747847424,left,OFF,1.8,3.05
2026-03-27T18:20:53.763835+00:00,7.370161,1774635653763834517,955076,1774635653763883008,left,OFF,1.8,3.05
2026-03-27T18:20:53.780371+00:00,7.386697,1774635653780371017,955092,1774635653779962624,left,OFF,1.8,3.05
2026-03-27T18:20:53.795666+00:00,7.401992,1774635653795666117,955108,1774635653795977984,left,OFF,1.8,3.05
2026-03-27T18:20:53.812209+00:00,7.418535,1774635653812208917,955124,1774635653812034560,left,OFF,1.8,3.05
2026-03-27T18:20:53.827447+00:00,7.433773,1774635653827446817,955140,1774635653828023040,left,OFF,1.7,2.96
2026-03-27T18:20:53.843966+00:00,7.450292,1774635653843965417,955156,1774635653844077056,left,OFF,1.7,2.96
2026-03-27T18:20:53.860435+00:00,7.466762,1774635653860435517,955172,1774635653860144384,left,OFF,1.7,2.96
2026-03-27T18:20:53.875771+00:00,7.482097,1774635653875771217,955188,1774635653876152320,left,OFF,1.8,3.05
2026-03-27T18:20:53.892279+00:00,7.498605,1774635653892278917,955204,1774635653892196608,left,OFF,1.8,3.05
2026-03-27T18:20:53.908622+00:00,7.514948,1774635653908621817,955220,1774635653908274432,left,OFF,1.8,3.05
2026-03-27T18:20:53.923975+00:00,7.530302,1774635653923975417,955236,1774635653924286976,left,OFF,1.8,3.05
2026-03-27T18:20:53.940275+00:00,7.546601,1774635653940275117,955252,1774635653940330496,left,OFF,1.8,3.05
2026-03-27T18:20:53.955781+00:00,7.562107,1774635653955780817,955268,1774635653956317440,left,OFF,1.8,3.05
2026-03-27T18:20:53.972218+00:00,7.578544,1774635653972218117,955284,1774635653972344320,left,OFF,1.8,3.05
2026-03-27T18:20:53.988640+00:00,7.594966,1774635653988639817,955300,1774635653988408064,left,OFF,1.8,3.05
2026-03-27T18:20:54.004115+00:00,7.610441,1774635654004115217,955316,1774635654004414976,left,OFF,1.7,2.96
2026-03-27T18:20:54.020416+00:00,7.626742,1774635654020415817,955332,1774635654020451840,left,OFF,1.8,3.05
2026-03-27T18:20:54.036948+00:00,7.643275,1774635654036948517,955348,1774635654036527616,left,OFF,1.7,2.96
2026-03-27T18:20:54.052316+00:00,7.658643,1774635654052316417,955364,1774635654052542976,left,OFF,1.8,3.05
2026-03-27T18:20:54.068859+00:00,7.675186,1774635654068859517,955380,1774635654068606464,left,OFF,1.8,3.05
2026-03-27T18:20:54.084171+00:00,7.690497,1774635654084170417,955396,1774635654084599808,left,OFF,1.8,3.05
2026-03-27T18:20:54.100599+00:00,7.706925,1774635654100598517,955412,1774635654100632832,left,OFF,1.8,3.05
2026-03-27T18:20:54.117099+00:00,7.723425,1774635654117098517,955428,1774635654116701952,left,OFF,1.8,3.05
2026-03-27T18:20:54.132280+00:00,7.738606,1774635654132279517,955444,1774635654132700928,left,OFF,1.8,3.05
2026-03-27T18:20:54.148772+00:00,7.755098,1774635654148771717,955460,1774635654148741376,left,OFF,1.7,2.96
2026-03-27T18:20:54.165272+00:00,7.771598,1774635654165272017,955476,1774635654164818176,left,OFF,1.7,2.96
2026-03-27T18:20:54.180735+00:00,7.787061,1774635654180735017,955492,1774635654180842496,left,OFF,1.8,3.05
2026-03-27T18:20:54.197053+00:00,7.803379,1774635654197052917,955508,1774635654196893696,left,OFF,1.8,3.05
2026-03-27T18:20:54.212395+00:00,7.818721,1774635654212395217,955524,1774635654212883712,left,OFF,1.8,3.05
2026-03-27T18:20:54.229065+00:00,7.835391,1774635654229064817,955540,1774635654228925952,left,OFF,1.8,3.05
2026-03-27T18:20:54.245290+00:00,7.851616,1774635654245290017,955556,1774635654244988160,left,OFF,1.8,3.05
2026-03-27T18:20:54.260677+00:00,7.867003,1774635654260677217,955572,1774635654260992256,left,OFF,1.8,3.05
2026-03-27T18:20:54.277182+00:00,7.883508,1774635654277182117,955588,1774635654277049600,left,OFF,1.9,3.23
2026-03-27T18:20:54.293534+00:00,7.899860,1774635654293534217,955604,1774635654293127168,left,OFF,2.1,3.58
2026-03-27T18:20:54.308943+00:00,7.915270,1774635654308943417,955620,1774635654309148416,left,OFF,2.5,4.37
2026-03-27T18:20:54.325362+00:00,7.931688,1774635654325361717,955636,1774635654325200384,left,OFF,3.3,5.77
2026-03-27T18:20:54.340701+00:00,7.947027,1774635654340700917,955652,1774635654341193216,left,OFF,4.2,7.36
2026-03-27T18:20:54.357179+00:00,7.963505,1774635654357179217,955668,1774635654357220096,left,OFF,5.2,9.03
2026-03-27T18:20:54.373493+00:00,7.979819,1774635654373492717,955684,1774635654373278976,left,OFF,5.8,10.17
2026-03-27T18:20:54.388961+00:00,7.995288,1774635654388961317,955700,1774635654389280000,left,OFF,6.1,10.61
2026-03-27T18:20:54.405388+00:00,8.011714,1774635654405388117,955716,1774635654405319936,left,OFF,6.3,10.87
2026-03-27T18:20:54.421769+00:00,8.028095,1774635654421769117,955732,1774635654421394688,left,OFF,6.4,11.05
2026-03-27T18:20:54.437152+00:00,8.043479,1774635654437152317,955748,1774635654437406208,left,OFF,6.4,11.05
2026-03-27T18:20:54.453535+00:00,8.059861,1774635654453534817,955764,1774635654453453312,left,OFF,6.4,11.14
2026-03-27T18:20:54.469019+00:00,8.075345,1774635654469019117,955780,1774635654469444864,left,OFF,6.4,11.05
2026-03-27T18:20:54.485418+00:00,8.091744,1774635654485417717,955796,1774635654485470976,left,OFF,6.4,11.05
2026-03-27T18:20:54.501792+00:00,8.108119,1774635654501792617,955812,1774635654501533440,left,OFF,6.4,11.14
2026-03-27T18:20:54.517262+00:00,8.123588,1774635654517261717,955828,1774635654517541120,left,OFF,6.4,11.05
2026-03-27T18:20:54.533687+00:00,8.140013,1774635654533687117,955844,1774635654533583104,left,OFF,6.4,11.05
2026-03-27T18:20:54.550097+00:00,8.156423,1774635654550096917,955860,1774635654549658624,left,OFF,6.4,11.05
2026-03-27T18:20:54.565639+00:00,8.171965,1774635654565638817,955876,1774635654565682688,left,OFF,6.3,10.96
2026-03-27T18:20:54.581917+00:00,8.188243,1774635654581917217,955892,1774635654581746176,left,OFF,6.3,10.96
2026-03-27T18:20:54.597256+00:00,8.203583,1774635654597256317,955908,1774635654597735936,left,OFF,6.3,10.96
2026-03-27T18:20:54.613634+00:00,8.219961,1774635654613634417,955924,1774635654613755648,left,OFF,6.3,10.87
2026-03-27T18:20:54.630160+00:00,8.236486,1774635654630160117,955940,1774635654629818880,left,OFF,6.2,10.7
2026-03-27T18:20:54.645404+00:00,8.251731,1774635654645404317,955956,1774635654645816320,left,OFF,6.1,10.52
2026-03-27T18:20:54.662060+00:00,8.268386,1774635654662059817,955972,1774635654661858816,left,OFF,6.0,10.34
2026-03-27T18:20:54.678604+00:00,8.284930,1774635654678604217,955988,1774635654677947904,left,OFF,5.8,10.17
2026-03-27T18:20:54.693826+00:00,8.300153,1774635654693826417,956004,1774635654693962496,left,OFF,5.8,10.17
2026-03-27T18:20:54.710376+00:00,8.316702,1774635654710375717,956020,1774635654710023936,left,OFF,5.8,10.08
2026-03-27T18:20:54.725631+00:00,8.331957,1774635654725630417,956036,1774635654726067456,left,OFF,5.8,10.08
2026-03-27T18:20:54.742066+00:00,8.348393,1774635654742066417,956052,1774635654742098688,left,OFF,5.7,9.99
2026-03-27T18:20:54.758390+00:00,8.364716,1774635654758390217,956068,1774635654758164224,left,OFF,5.7,9.99
2026-03-27T18:20:54.773808+00:00,8.380134,1774635654773807917,956084,1774635654774165760,left,OFF,5.7,9.91
2026-03-27T18:20:54.790142+00:00,8.396468,1774635654790141617,956100,1774635654790197504,left,OFF,5.6,9.82
2026-03-27T18:20:54.806888+00:00,8.413214,1774635654806888217,956116,1774635654806288896,left,OFF,5.6,9.73
2026-03-27T18:20:54.822093+00:00,8.428420,1774635654822093417,956132,1774635654822305792,left,OFF,5.6,9.73
2026-03-27T18:20:54.838378+00:00,8.444704,1774635654838377817,956148,1774635654838353664,left,OFF,5.5,9.64
2026-03-27T18:20:54.853860+00:00,8.460186,1774635654853860117,956164,1774635654854342912,left,OFF,5.4,9.47
2026-03-27T18:20:54.870375+00:00,8.476701,1774635654870374717,956180,1774635654870376192,left,OFF,5.3,9.29
2026-03-27T18:20:54.886663+00:00,8.492989,1774635654886662617,956196,1774635654886438400,left,OFF,5.3,9.2
2026-03-27T18:20:54.902132+00:00,8.508458,1774635654902131417,956212,1774635654902444288,left,OFF,5.3,9.2
2026-03-27T18:20:54.918475+00:00,8.524801,1774635654918474717,956228,1774635654918483456,left,OFF,5.2,9.11
2026-03-27T18:20:54.934964+00:00,8.541290,1774635654934963817,956244,1774635654934560000,left,OFF,5.2,9.11
2026-03-27T18:20:54.950247+00:00,8.556573,1774635654950247217,956260,1774635654950569216,left,OFF,5.2,9.11
2026-03-27T18:20:54.966729+00:00,8.573056,1774635654966729317,956276,1774635654966614016,left,OFF,5.2,9.11
2026-03-27T18:20:54.982202+00:00,8.588528,1774635654982202217,956292,1774635654982607616,left,OFF,5.2,9.11
2026-03-27T18:20:54.998504+00:00,8.604830,1774635654998503817,956308,1774635654998629888,left,OFF,5.2,9.11
2026-03-27T18:20:55.015069+00:00,8.621395,1774635655015068617,956324,1774635655014696448,left,OFF,5.3,9.2
2026-03-27T18:20:55.030324+00:00,8.636650,1774635655030323817,956340,1774635655030697728,left,OFF,5.3,9.29
2026-03-27T18:20:55.046805+00:00,8.653131,1774635655046804817,956356,1774635655046734336,left,OFF,5.4,9.47
2026-03-27T18:20:55.063284+00:00,8.669610,1774635655063283717,956372,1774635655062813696,left,OFF,5.8,10.08
2026-03-27T18:20:55.078623+00:00,8.684949,1774635655078622917,956388,1774635655078829312,left,OFF,6.3,10.96
2026-03-27T18:20:55.095078+00:00,8.701404,1774635655095077717,956404,1774635655094886656,left,OFF,6.9,11.93
2026-03-27T18:20:55.110347+00:00,8.716673,1774635655110346417,956420,1774635655110874368,left,OFF,7.5,13.07
2026-03-27T18:20:55.126841+00:00,8.733168,1774635655126841317,956436,1774635655126902784,left,OFF,8.6,15.0
2026-03-27T18:20:55.143505+00:00,8.749831,1774635655143504812,956452,1774635655142983936,left,OFF,10.0,17.38
2026-03-27T18:20:55.158659+00:00,8.764986,1774635655158659417,956468,1774635655158984448,left,OFF,11.6,19.84
2026-03-27T18:20:55.175175+00:00,8.781501,1774635655175175017,956484,1774635655175028224,left,OFF,13.4,22.47
2026-03-27T18:20:55.191534+00:00,8.797861,1774635655191534317,956500,1774635655191106304,left,OFF,15.4,25.46
2026-03-27T18:20:55.207016+00:00,8.813342,1774635655207015417,956516,1774635655207132672,left,OFF,17.5,28.71
2026-03-27T18:20:55.223568+00:00,8.829894,1774635655223568217,956532,1774635655223199232,left,OFF,20.3,32.76
2026-03-27T18:20:55.238757+00:00,8.845083,1774635655238756917,956548,1774635655239192064,left,OFF,23.3,36.89
2026-03-27T18:20:55.255207+00:00,8.861533,1774635655255206617,956564,1774635655255230208,left,OFF,26.5,41.19
2026-03-27T18:20:55.271577+00:00,8.877903,1774635655271576717,956580,1774635655271294464,left,OFF,29.5,45.15
2026-03-27T18:20:55.286984+00:00,8.893310,1774635655286984017,956596,1774635655287300608,left,OFF,32.1,48.49
2026-03-27T18:20:55.303532+00:00,8.909858,1774635655303531817,956612,1774635655303352064,left,OFF,34.2,51.04
2026-03-27T18:20:55.319884+00:00,8.926210,1774635655319883917,956628,1774635655319432960,left,OFF,35.9,53.24
2026-03-27T18:20:55.335277+00:00,8.941603,1774635655335277117,956644,1774635655335454976,left,OFF,36.9,54.47
2026-03-27T18:20:55.351604+00:00,8.957930,1774635655351604217,956660,1774635655351506688,left,OFF,37.2,54.82
2026-03-27T18:20:55.367042+00:00,8.973368,1774635655367041717,956676,1774635655367500032,left,OFF,37.4,55.08
2026-03-27T18:20:55.383577+00:00,8.989903,1774635655383577117,956692,1774635655383537664,left,OFF,37.5,55.26
2026-03-27T18:20:55.399868+00:00,9.006194,1774635655399867717,956708,1774635655399599360,left,OFF,37.7,55.52
2026-03-27T18:20:55.415344+00:00,9.021670,1774635655415344017,956724,1774635655415609088,left,OFF,38.1,55.96
2026-03-27T18:20:55.431710+00:00,9.038036,1774635655431709817,956740,1774635655431651328,left,OFF,38.5,56.4
2026-03-27T18:20:55.448232+00:00,9.054559,1774635655448232417,956756,1774635655447733504,left,OFF,39.0,57.1
2026-03-27T18:20:55.463662+00:00,9.069989,1774635655463662417,956772,1774635655463758336,left,OFF,39.5,57.72
2026-03-27T18:20:55.479920+00:00,9.086247,1774635655479920317,956788,1774635655479807232,left,OFF,39.9,58.25
2026-03-27T18:20:55.495504+00:00,9.101830,1774635655495503517,956804,1774635655495811328,left,OFF,40.1,58.51
2026-03-27T18:20:55.511868+00:00,9.118194,1774635655511868017,956820,1774635655511846144,left,OFF,40.3,58.68
2026-03-27T18:20:55.528247+00:00,9.134573,1774635655528246417,956836,1774635655527912704,left,OFF,40.4,58.77
2026-03-27T18:20:55.543601+00:00,9.149927,1774635655543601117,956852,1774635655543919104,left,OFF,40.4,58.86
2026-03-27T18:20:55.560093+00:00,9.166419,1774635655560093217,956868,1774635655559965952,left,OFF,40.7,59.12
2026-03-27T18:20:55.576483+00:00,9.182809,1774635655576482917,956884,1774635655576046080,left,OFF,40.9,59.48
2026-03-27T18:20:55.591966+00:00,9.198293,1774635655591966317,956900,1774635655592076544,left,OFF,41.1,59.65
2026-03-27T18:20:55.608307+00:00,9.214633,1774635655608306917,956916,1774635655608133120,left,OFF,41.1,59.65
2026-03-27T18:20:55.623800+00:00,9.230126,1774635655623799717,956932,1774635655624134656,left,OFF,41.1,59.65
2026-03-27T18:20:55.640086+00:00,9.246412,1774635655640085917,956948,1774635655640162048,left,OFF,41.2,59.83
2026-03-27T18:20:55.656616+00:00,9.262942,1774635655656615717,956964,1774635655656234752,left,OFF,41.4,60.09
2026-03-27T18:20:55.672031+00:00,9.278358,1774635655672031517,956980,1774635655672244224,left,OFF,41.8,60.53
2026-03-27T18:20:55.688339+00:00,9.294665,1774635655688339217,956996,1774635655688289536,left,OFF,42.6,61.5
2026-03-27T18:20:55.704820+00:00,9.311146,1774635655704819817,957012,1774635655704377600,left,OFF,43.3,62.29
2026-03-27T18:20:55.720133+00:00,9.326460,1774635655720133317,957028,1774635655720396288,left,OFF,43.4,62.46
2026-03-27T18:20:55.736624+00:00,9.342950,1774635655736623717,957044,1774635655736459008,left,OFF,43.4,62.46
2026-03-27T18:20:55.752056+00:00,9.358382,1774635655752056117,957060,1774635655752460544,left,OFF,43.4,62.46
2026-03-27T18:20:55.768428+00:00,9.374754,1774635655768427817,957076,1774635655768494592,left,OFF,43.4,62.46
2026-03-27T18:20:55.784968+00:00,9.391294,1774635655784968017,957092,1774635655784568576,left,OFF,41.5,60.18
2026-03-27T18:20:55.800503+00:00,9.406829,1774635655800503017,957108,1774635655800592128,left,OFF,41.5,60.18
2026-03-27T18:20:55.816641+00:00,9.422967,1774635655816640617,957124,1774635655816630784,left,OFF,41.7,60.35
2026-03-27T18:20:55.833030+00:00,9.439356,1774635655833030117,957140,1774635655832712704,left,OFF,41.6,60.27
2026-03-27T18:20:55.848531+00:00,9.454858,1774635655848531517,957156,1774635655848736256,left,OFF,41.7,60.35
2026-03-27T18:20:55.864824+00:00,9.471150,1774635655864823917,957172,1774635655864783360,left,OFF,41.7,60.35
2026-03-27T18:20:55.880305+00:00,9.486631,1774635655880304817,957188,1774635655880778752,left,OFF,41.6,60.27
2026-03-27T18:20:55.896788+00:00,9.503115,1774635655896788317,957204,1774635655896816384,left,OFF,41.6,60.27
2026-03-27T18:20:55.913081+00:00,9.519407,1774635655913081217,957220,1774635655912877568,left,OFF,41.6,60.27
2026-03-27T18:20:55.928635+00:00,9.534962,1774635655928635517,957236,1774635655928891136,left,OFF,41.2,59.74
2026-03-27T18:20:55.944892+00:00,9.551218,1774635655944892217,957252,1774635655944927488,left,OFF,39.9,58.25
2026-03-27T18:20:55.961463+00:00,9.567789,1774635655961462717,957268,1774635655961010688,left,OFF,37.9,55.7
2026-03-27T18:20:55.976753+00:00,9.583079,1774635655976752717,957284,1774635655977024256,left,OFF,34.1,50.95
2026-03-27T18:20:55.993134+00:00,9.599461,1774635655993134517,957300,1774635655993072896,left,OFF,28.0,43.22
2026-03-27T18:20:56.008713+00:00,9.615039,1774635656008712417,957316,1774635656009075968,left,OFF,21.1,33.9
2026-03-27T18:20:56.025132+00:00,9.631458,1774635656025131817,957332,1774635656025110016,left,OFF,15.9,26.25
2026-03-27T18:20:56.041554+00:00,9.647880,1774635656041553917,957348,1774635656041183744,left,OFF,15.6,25.73
2026-03-27T18:20:56.056778+00:00,9.663104,1774635656056777617,957364,1774635656057183488,left,OFF,14.7,24.41
2026-03-27T18:20:56.073319+00:00,9.679645,1774635656073319017,957380,1774635656073227520,left,OFF,13.7,22.91
2026-03-27T18:20:56.089605+00:00,9.695931,1774635656089604517,957396,1774635656089300480,left,OFF,13.3,22.39
2026-03-27T18:20:56.105037+00:00,9.711364,1774635656105037417,957412,1774635656105314816,left,OFF,12.8,21.59
2026-03-27T18:20:56.121369+00:00,9.727695,1774635656121369217,957428,1774635656121360128,left,OFF,12.4,20.98
2026-03-27T18:20:56.136841+00:00,9.743167,1774635656136840917,957444,1774635656137347072,left,OFF,12.1,20.54
2026-03-27T18:20:56.153300+00:00,9.759626,1774635656153300217,957460,1774635656153373696,left,OFF,12.0,20.36
2026-03-27T18:20:56.169609+00:00,9.775935,1774635656169608817,957476,1774635656169436416,left,OFF,11.8,20.1
2026-03-27T18:20:56.185162+00:00,9.791488,1774635656185161717,957492,1774635656185442560,left,OFF,11.7,19.92
2026-03-27T18:20:56.201558+00:00,9.807884,1774635656201557917,957508,1774635656201485312,left,OFF,11.6,19.75
2026-03-27T18:20:56.217995+00:00,9.824321,1774635656217995217,957524,1774635656217562624,left,OFF,11.5,19.66
2026-03-27T18:20:56.233406+00:00,9.839733,1774635656233406317,957540,1774635656233584128,left,OFF,11.5,19.57
2026-03-27T18:20:56.249761+00:00,9.856087,1774635656249760617,957556,1774635656249640960,left,OFF,11.5,19.57
2026-03-27T18:20:56.265210+00:00,9.871536,1774635656265209817,957572,1774635656265635840,left,OFF,11.4,19.49
2026-03-27T18:20:56.281542+00:00,9.887868,1774635656281542217,957588,1774635656281661696,left,OFF,11.4,19.49
2026-03-27T18:20:56.298028+00:00,9.904355,1774635656298028317,957604,1774635656297724928,left,OFF,11.4,19.49
2026-03-27T18:20:56.313309+00:00,9.919635,1774635656313308917,957620,1774635656313722624,left,OFF,11.3,19.4
2026-03-27T18:20:56.329817+00:00,9.936143,1774635656329817017,957636,1774635656329765120,left,OFF,11.3,19.4
2026-03-27T18:20:56.346120+00:00,9.952447,1774635656346120417,957652,1774635656345833472,left,OFF,11.4,19.49
2026-03-27T18:20:56.361593+00:00,9.967919,1774635656361593217,957668,1774635656361847808,left,OFF,11.3,19.4
2026-03-27T18:20:56.378107+00:00,9.984433,1774635656378107117,957684,1774635656377900288,left,OFF,11.3,19.4
2026-03-27T18:20:56.393391+00:00,9.999717,1774635656393391017,957700,1774635656393887488,left,OFF,11.3,19.4
2026-03-27T18:20:56.409884+00:00,10.016210,1774635656409884117,957716,1774635656409918464,left,OFF,11.3,19.31
2026-03-27T18:20:56.426177+00:00,10.032503,1774635656426176517,957732,1774635656425973248,left,OFF,11.3,19.31
2026-03-27T18:20:56.441691+00:00,10.048018,1774635656441691517,957748,1774635656441978368,left,OFF,11.2,19.22
2026-03-27T18:20:56.458005+00:00,10.064331,1774635656458005117,957764,1774635656458010880,left,OFF,11.2,19.22
2026-03-27T18:20:56.474519+00:00,10.080845,1774635656474518917,957780,1774635656474087680,left,OFF,11.2,19.13
2026-03-27T18:20:56.489926+00:00,10.096252,1774635656489926217,957796,1774635656490107392,left,OFF,11.1,19.05
2026-03-27T18:20:56.506390+00:00,10.112716,1774635656506389417,957812,1774635656506160128,left,OFF,11.1,19.05
2026-03-27T18:20:56.521749+00:00,10.128075,1774635656521748617,957828,1774635656522156800,left,OFF,11.0,18.96
2026-03-27T18:20:56.538174+00:00,10.144501,1774635656538174317,957844,1774635656538188032,left,OFF,11.0,18.96
2026-03-27T18:20:56.554786+00:00,10.161113,1774635656554786617,957860,1774635656554265088,left,OFF,11.0,18.87
2026-03-27T18:20:56.569851+00:00,10.176177,1774635656569851117,957876,1774635656570260992,left,OFF,10.9,18.78
2026-03-27T18:20:56.586361+00:00,10.192687,1774635656586361017,957892,1774635656586300160,left,OFF,10.9,18.69
2026-03-27T18:20:56.602846+00:00,10.209173,1774635656602846417,957908,1774635656602377984,left,OFF,10.9,18.69
2026-03-27T18:20:56.618147+00:00,10.224473,1774635656618146817,957924,1774635656618393600,left,OFF,10.9,18.69
2026-03-27T18:20:56.634659+00:00,10.240985,1774635656634658817,957940,1774635656634448128,left,OFF,10.9,18.69
2026-03-27T18:20:56.649941+00:00,10.256267,1774635656649940617,957956,1774635656650439168,left,OFF,10.9,18.69
2026-03-27T18:20:56.666445+00:00,10.272772,1774635656666445417,957972,1774635656666467072,left,OFF,10.9,18.69
2026-03-27T18:20:56.682776+00:00,10.289103,1774635656682776417,957988,1774635656682528256,left,OFF,10.9,18.69
2026-03-27T18:20:56.698234+00:00,10.304560,1774635656698234117,958004,1774635656698535168,left,OFF,10.9,18.69
2026-03-27T18:20:56.714731+00:00,10.321058,1774635656714731317,958020,1774635656714578432,left,OFF,10.9,18.78
2026-03-27T18:20:56.731029+00:00,10.337355,1774635656731028717,958036,1774635656730651904,left,OFF,10.9,18.78
2026-03-27T18:20:56.747250+00:00,10.353577,1774635656747250317,958052,1774635656746714112,left,OFF,10.9,18.69
2026-03-27T18:20:56.763014+00:00,10.369340,1774635656763014017,958068,1774635656762772736,left,OFF,10.9,18.69
2026-03-27T18:20:56.778330+00:00,10.384656,1774635656778329917,958084,1774635656778768384,left,OFF,10.9,18.69
2026-03-27T18:20:56.794661+00:00,10.400987,1774635656794660617,958100,1774635656794792448,left,OFF,10.9,18.78
2026-03-27T18:20:56.811135+00:00,10.417461,1774635656811135217,958116,1774635656810859264,left,OFF,10.9,18.69
2026-03-27T18:20:56.826607+00:00,10.432933,1774635656826606917,958132,1774635656826876160,left,OFF,10.9,18.78
2026-03-27T18:20:56.842918+00:00,10.449245,1774635656842918517,958148,1774635656842913536,left,OFF,10.9,18.78
2026-03-27T18:20:56.859472+00:00,10.465799,1774635656859472417,958164,1774635656858993152,left,OFF,10.9,18.78
2026-03-27T18:20:56.874718+00:00,10.481044,1774635656874718117,958180,1774635656875008000,left,OFF,10.9,18.78
2026-03-27T18:20:56.891210+00:00,10.497536,1774635656891210017,958196,1774635656891058944,left,OFF,10.9,18.78
2026-03-27T18:20:56.906510+00:00,10.512837,1774635656906510317,958212,1774635656907046912,left,OFF,10.9,18.78
2026-03-27T18:20:56.923022+00:00,10.529348,1774635656923022217,958228,1774635656923078656,left,OFF,10.9,18.78
2026-03-27T18:20:56.939743+00:00,10.546069,1774635656939743017,958244,1774635656939160064,left,OFF,10.9,18.78
2026-03-27T18:20:56.954801+00:00,10.561127,1774635656954801117,958260,1774635656955166208,left,OFF,10.9,18.78
2026-03-27T18:20:56.971327+00:00,10.577653,1774635656971326717,958276,1774635656971209472,left,OFF,10.9,18.78
2026-03-27T18:20:56.991642+00:00,10.597968,1774635656991641517,958292,1774635656987530496,left,OFF,10.9,18.78
2026-03-27T18:20:57.003165+00:00,10.609491,1774635657003165117,958308,1774635657003547136,left,OFF,10.9,18.78
2026-03-27T18:20:57.019407+00:00,10.625734,1774635657019407317,958324,1774635657019586816,left,OFF,10.9,18.78
2026-03-27T18:20:57.034869+00:00,10.641196,1774635657034869417,958340,1774635657035577344,left,OFF,10.9,18.78
2026-03-27T18:20:57.051371+00:00,10.657697,1774635657051371117,958356,1774635657051608320,left,OFF,10.9,18.78
2026-03-27T18:20:57.067743+00:00,10.674069,1774635657067742717,958372,1774635657067672320,left,OFF,10.9,18.69
2026-03-27T18:20:57.083164+00:00,10.689490,1774635657083164017,958388,1774635657083673088,left,OFF,10.9,18.78
2026-03-27T18:20:57.099491+00:00,10.705817,1774635657099490817,958404,1774635657099707648,left,OFF,10.9,18.69
2026-03-27T18:20:57.115968+00:00,10.722294,1774635657115967517,958420,1774635657115776768,left,OFF,10.9,18.69
2026-03-27T18:20:57.131267+00:00,10.737593,1774635657131266517,958436,1774635657131782400,left,OFF,10.9,18.69
2026-03-27T18:20:57.147786+00:00,10.754113,1774635657147786317,958452,1774635657147826688,left,OFF,10.8,18.61
2026-03-27T18:20:57.163228+00:00,10.769554,1774635657163227617,958468,1774635657163816704,left,OFF,10.8,18.61
2026-03-27T18:20:57.179706+00:00,10.786033,1774635657179706317,958484,1774635657179846912,left,OFF,10.8,18.61
2026-03-27T18:20:57.196028+00:00,10.802354,1774635657196027617,958500,1774635657195903232,left,OFF,10.8,18.61
2026-03-27T18:20:57.215615+00:00,10.821941,1774635657215615017,958516,1774635657212161024,left,OFF,10.8,18.61
2026-03-27T18:20:57.228707+00:00,10.835033,1774635657228707017,958532,1774635657228244224,left,OFF,10.8,18.61
2026-03-27T18:20:57.244322+00:00,10.850648,1774635657244321917,958548,1774635657244312832,left,OFF,10.8,18.61
2026-03-27T18:20:57.259592+00:00,10.865918,1774635657259592017,958564,1774635657260315392,left,OFF,10.8,18.61
2026-03-27T18:20:57.276098+00:00,10.882424,1774635657276098217,958580,1774635657276356864,left,OFF,10.8,18.61
2026-03-27T18:20:57.291410+00:00,10.897736,1774635657291409617,958596,1774635657292335360,left,OFF,10.8,18.61
2026-03-27T18:20:57.307889+00:00,10.914215,1774635657307888717,958612,1774635657308350464,left,OFF,10.8,18.61
2026-03-27T18:20:57.324379+00:00,10.930705,1774635657324378517,958628,1774635657324407552,left,OFF,10.8,18.61
2026-03-27T18:20:57.339599+00:00,10.945926,1774635657339599417,958644,1774635657340390912,left,OFF,10.8,18.61
2026-03-27T18:20:57.356175+00:00,10.962501,1774635657356174917,958660,1774635657356422144,left,OFF,10.8,18.61
2026-03-27T18:20:57.372502+00:00,10.978828,1774635657372501617,958676,1774635657372479232,left,OFF,10.8,18.61
2026-03-27T18:20:57.387997+00:00,10.994323,1774635657387997217,958692,1774635657388485632,left,OFF,10.8,18.61
2026-03-27T18:20:57.404284+00:00,11.010610,1774635657404284117,958708,1774635657404522240,left,OFF,10.8,18.61
2026-03-27T18:20:57.425084+00:00,11.031410,1774635657425083617,958724,1774635657420826368,left,OFF,10.8,18.61
2026-03-27T18:20:57.436681+00:00,11.043007,1774635657436680917,958740,1774635657436866048,left,OFF,10.8,18.61
2026-03-27T18:20:57.452610+00:00,11.058937,1774635657452610617,958756,1774635657452906240,left,OFF,10.8,18.61
2026-03-27T18:20:57.468059+00:00,11.074386,1774635657468059417,958772,1774635657468894208,left,OFF,10.8,18.61
2026-03-27T18:20:57.484410+00:00,11.090736,1774635657484409817,958788,1774635657484910336,left,OFF,10.8,18.61
2026-03-27T18:20:57.500880+00:00,11.107206,1774635657500879717,958804,1774635657500967424,left,OFF,10.8,18.61
2026-03-27T18:20:57.516346+00:00,11.122673,1774635657516346317,958820,1774635657516970240,left,OFF,10.8,18.61
2026-03-27T18:20:57.532678+00:00,11.139004,1774635657532678217,958836,1774635657533004032,left,OFF,10.8,18.61
2026-03-27T18:20:57.548136+00:00,11.154462,1774635657548135917,958852,1774635657548981248,left,OFF,10.8,18.61
2026-03-27T18:20:57.564535+00:00,11.170861,1774635657564535217,958868,1774635657564993024,left,OFF,10.8,18.61
2026-03-27T18:20:57.580825+00:00,11.187151,1774635657580824717,958884,1774635657581038336,left,OFF,10.8,18.61
2026-03-27T18:20:57.596343+00:00,11.202669,1774635657596343217,958900,1774635657597021952,left,OFF,10.9,18.69
2026-03-27T18:20:57.613031+00:00,11.219357,1774635657613030617,958916,1774635657613059584,left,OFF,10.9,18.69
2026-03-27T18:20:57.629101+00:00,11.235427,1774635657629100817,958932,1774635657629113088,left,OFF,10.9,18.78
2026-03-27T18:20:57.649203+00:00,11.255529,1774635657649202617,958948,1774635657645391872,left,OFF,10.9,18.78
2026-03-27T18:20:57.661424+00:00,11.267750,1774635657661423617,958964,1774635657661445888,left,OFF,10.9,18.78
2026-03-27T18:20:57.676418+00:00,11.282744,1774635657676417417,958980,1774635657677411584,left,OFF,10.9,18.78
2026-03-27T18:20:57.692744+00:00,11.299070,1774635657692743617,958996,1774635657693409792,left,OFF,10.9,18.78
2026-03-27T18:20:57.709170+00:00,11.315496,1774635657709169817,959012,1774635657709441024,left,OFF,10.9,18.78
2026-03-27T18:20:57.724600+00:00,11.330927,1774635657724600317,959028,1774635657725416960,left,OFF,11.0,18.87
2026-03-27T18:20:57.740958+00:00,11.347284,1774635657740958017,959044,1774635657741426944,left,OFF,11.0,18.87
2026-03-27T18:20:57.757552+00:00,11.363878,1774635657757551717,959060,1774635657757479424,left,OFF,11.0,18.96
2026-03-27T18:20:57.772776+00:00,11.379102,1774635657772775817,959076,1774635657773487616,left,OFF,11.2,19.13
2026-03-27T18:20:57.789320+00:00,11.395646,1774635657789319717,959092,1774635657789519360,left,OFF,11.3,19.4
2026-03-27T18:20:57.804632+00:00,11.410958,1774635657804631917,959108,1774635657805484544,left,OFF,11.5,19.66
2026-03-27T18:20:57.821092+00:00,11.427418,1774635657821091917,959124,1774635657821484800,left,OFF,11.8,20.1
2026-03-27T18:20:57.837711+00:00,11.444037,1774635657837710517,959140,1774635657837533952,left,OFF,12.2,20.63
2026-03-27T18:20:57.858143+00:00,11.464469,1774635657858142717,959156,1774635657853833728,left,OFF,12.6,21.33
2026-03-27T18:20:57.870610+00:00,11.476937,1774635657870610417,959172,1774635657869916672,left,OFF,13.5,22.65
2026-03-27T18:20:57.885706+00:00,11.492032,1774635657885706017,959188,1774635657885956352,left,OFF,14.7,24.5
2026-03-27T18:20:57.901126+00:00,11.507452,1774635657901126017,959204,1774635657901933824,left,OFF,16.0,26.43
2026-03-27T18:20:57.917623+00:00,11.523950,1774635657917623317,959220,1774635657917953536,left,OFF,17.3,28.27
2026-03-27T18:20:57.932963+00:00,11.539290,1774635657932963317,959236,1774635657933907712,left,OFF,18.6,30.3
2026-03-27T18:20:57.949435+00:00,11.555761,1774635657949435017,959252,1774635657949903104,left,OFF,20.1,32.58
2026-03-27T18:20:57.965773+00:00,11.572099,1774635657965772717,959268,1774635657965938176,left,OFF,21.6,34.51
2026-03-27T18:20:57.981186+00:00,11.587512,1774635657981186217,959284,1774635657981904896,left,OFF,22.6,35.92
2026-03-27T18:20:57.997698+00:00,11.604024,1774635657997697917,959300,1774635657997916160,left,OFF,23.5,37.15
2026-03-27T18:20:58.014074+00:00,11.620400,1774635658014073617,959316,1774635658014081536,left,OFF,24.1,37.94
2026-03-27T18:20:58.029518+00:00,11.635844,1774635658029517917,959332,1774635658030075392,left,OFF,24.2,38.03
2026-03-27T18:20:58.053735+00:00,11.660062,1774635658053735417,959348,1774635658046575104,left,OFF,24.2,38.03
2026-03-27T18:20:58.061279+00:00,11.667605,1774635658061278717,959364,1774635658062526720,left,OFF,24.2,38.03
2026-03-27T18:20:58.082804+00:00,11.689131,1774635658082804417,959380,1774635658078828288,left,OFF,24.3,38.21
2026-03-27T18:20:58.094302+00:00,11.700628,1774635658094302117,959396,1774635658094855424,left,OFF,24.3,38.21
2026-03-27T18:20:58.109563+00:00,11.715890,1774635658109563317,959412,1774635658110816000,left,OFF,24.3,38.12
2026-03-27T18:20:58.125858+00:00,11.732184,1774635658125857517,959428,1774635658126801152,left,OFF,23.7,37.33
2026-03-27T18:20:58.142366+00:00,11.748693,1774635658142366417,959444,1774635658142828800,left,OFF,22.4,35.57
2026-03-27T18:20:58.157817+00:00,11.764143,1774635658157816717,959460,1774635658158797568,left,OFF,20.7,33.28
2026-03-27T18:20:58.174063+00:00,11.780390,1774635658174063417,959476,1774635658174793984,left,OFF,18.7,30.38
2026-03-27T18:20:58.189606+00:00,11.795932,1774635658189605917,959492,1774635658190741760,left,OFF,17.1,28.01
2026-03-27T18:20:58.205849+00:00,11.812175,1774635658205848817,959508,1774635658206715904,left,OFF,16.1,26.52
2026-03-27T18:20:58.222383+00:00,11.828709,1774635658222383217,959524,1774635658222729472,left,OFF,14.9,24.76
2026-03-27T18:20:58.237828+00:00,11.844155,1774635658237828317,959540,1774635658238818048,left,OFF,13.3,22.3
2026-03-27T18:20:58.254156+00:00,11.860483,1774635658254156317,959556,1774635658254838016,left,OFF,10.8,18.61
2026-03-27T18:20:58.270747+00:00,11.877073,1774635658270746917,959572,1774635658270880256,left,OFF,8.4,14.56
2026-03-27T18:20:58.289851+00:00,11.896177,1774635658289851217,959588,1774635658287085824,left,OFF,6.6,11.4
2026-03-27T18:20:58.302446+00:00,11.908772,1774635658302445917,959604,1774635658303090176,left,OFF,5.4,9.38
2026-03-27T18:20:58.317750+00:00,11.924077,1774635658317750617,959620,1774635658319026944,left,OFF,4.7,8.24
2026-03-27T18:20:58.334176+00:00,11.940502,1774635658334175717,959636,1774635658335001600,left,OFF,4.4,7.62
2026-03-27T18:20:58.350718+00:00,11.957044,1774635658350717517,959652,1774635658351020800,left,OFF,4.4,7.62
2026-03-27T18:20:58.366036+00:00,11.972362,1774635658366035817,959668,1774635658366971136,left,OFF,4.2,7.36
2026-03-27T18:20:58.382564+00:00,11.988890,1774635658382564017,959684,1774635658382968064,left,OFF,4.0,6.92
2026-03-27T18:20:58.398828+00:00,12.005154,1774635658398828017,959700,1774635658398987776,left,OFF,3.8,6.57
2026-03-27T18:20:58.414312+00:00,12.020638,1774635658414311817,959716,1774635658414957056,left,OFF,3.4,5.95
2026-03-27T18:20:58.430694+00:00,12.037020,1774635658430694017,959732,1774635658430955264,left,OFF,3.1,5.33
2026-03-27T18:20:58.446104+00:00,12.052430,1774635658446103917,959748,1774635658447063808,left,OFF,2.9,4.98
2026-03-27T18:20:58.462592+00:00,12.068918,1774635658462592117,959764,1774635658463068928,left,OFF,2.8,4.81
2026-03-27T18:20:58.478924+00:00,12.085251,1774635658478924317,959780,1774635658479089408,left,OFF,2.6,4.54
2026-03-27T18:20:58.494363+00:00,12.100690,1774635658494363317,959796,1774635658495055104,left,OFF,2.6,4.46
2026-03-27T18:20:58.510703+00:00,12.117030,1774635658510703317,959812,1774635658511048960,left,OFF,2.5,4.37
2026-03-27T18:20:58.530581+00:00,12.136908,1774635658530581617,959828,1774635658527291392,left,OFF,2.4,4.19
2026-03-27T18:20:58.542659+00:00,12.148985,1774635658542658917,959844,1774635658543269120,left,OFF,2.3,4.02
2026-03-27T18:20:58.558972+00:00,12.165299,1774635658558972417,959860,1774635658559273216,left,OFF,2.2,3.84
2026-03-27T18:20:58.574442+00:00,12.180769,1774635658574442517,959876,1774635658575224576,left,OFF,2.2,3.84
2026-03-27T18:20:58.590790+00:00,12.197116,1774635658590789617,959892,1774635658591206400,left,OFF,2.2,3.75
2026-03-27T18:20:58.607247+00:00,12.213573,1774635658607246717,959908,1774635658607221760,left,OFF,2.1,3.67
2026-03-27T18:20:58.622732+00:00,12.229058,1774635658622732117,959924,1774635658623187200,left,OFF,2.1,3.58
2026-03-27T18:20:58.639035+00:00,12.245362,1774635658639035417,959940,1774635658639189248,left,OFF,2.0,3.4
2026-03-27T18:20:58.655575+00:00,12.261901,1774635658655574717,959956,1774635658655223552,left,OFF,2.0,3.4
2026-03-27T18:20:58.670844+00:00,12.277170,1774635658670843617,959972,1774635658671337728,left,OFF,1.9,3.31
2026-03-27T18:20:58.687340+00:00,12.293666,1774635658687339917,959988,1774635658687367680,left,OFF,1.9,3.23
2026-03-27T18:20:58.702628+00:00,12.308954,1774635658702627917,960004,1774635658703319808,left,OFF,1.9,3.23
2026-03-27T18:20:58.719114+00:00,12.325440,1774635658719114017,960020,1774635658719308544,left,OFF,1.9,3.23
2026-03-27T18:20:58.735599+00:00,12.341925,1774635658735598717,960036,1774635658735336704,left,OFF,1.9,3.23
2026-03-27T18:20:58.754045+00:00,12.360371,1774635658754044617,960052,1774635658751493120,left,OFF,1.9,3.23
2026-03-27T18:20:58.767433+00:00,12.373759,1774635658767432717,960068,1774635658767493376,left,OFF,1.9,3.23
2026-03-27T18:20:58.783743+00:00,12.390069,1774635658783743017,960084,1774635658783527680,left,OFF,1.9,3.23
2026-03-27T18:20:58.799196+00:00,12.405522,1774635658799195917,960100,1774635658799500800,left,OFF,1.9,3.23
2026-03-27T18:20:58.815569+00:00,12.421896,1774635658815569417,960116,1774635658815510528,left,OFF,1.9,3.23
2026-03-27T18:20:58.830969+00:00,12.437296,1774635658830969317,960132,1774635658831458816,left,OFF,1.9,3.23
2026-03-27T18:20:58.847469+00:00,12.453795,1774635658847468717,960148,1774635658847448832,left,OFF,1.9,3.23
2026-03-27T18:20:58.863797+00:00,12.470124,1774635658863797517,960164,1774635658863474432,left,OFF,1.9,3.23
2026-03-27T18:20:58.879224+00:00,12.485550,1774635658879223817,960180,1774635658879600640,left,OFF,1.9,3.23
2026-03-27T18:20:58.895602+00:00,12.501928,1774635658895601517,960196,1774635658895643648,left,OFF,1.9,3.23
2026-03-27T18:20:58.912064+00:00,12.518390,1774635658912064017,960212,1774635658911685632,left,OFF,1.9,3.23
2026-03-27T18:20:58.927582+00:00,12.533908,1774635658927581517,960228,1774635658927675904,left,OFF,1.9,3.23
2026-03-27T18:20:58.943827+00:00,12.550153,1774635658943826817,960244,1774635658943693824,left,OFF,1.9,3.23
2026-03-27T18:20:58.962293+00:00,12.568620,1774635658962293317,960260,1774635658959838208,left,OFF,1.9,3.23
2026-03-27T18:20:58.975661+00:00,12.581987,1774635658975660417,960276,1774635658975828992,left,OFF,1.9,3.31
2026-03-27T18:20:58.992136+00:00,12.598462,1774635658992135817,960292,1774635658991856128,left,OFF,1.9,3.31
2026-03-27T18:20:59.007427+00:00,12.613753,1774635659007427217,960308,1774635659007817984,left,OFF,1.9,3.31
2026-03-27T18:20:59.023916+00:00,12.630242,1774635659023916017,960324,1774635659023822848,left,OFF,1.9,3.31
2026-03-27T18:20:59.040407+00:00,12.646733,1774635659040407117,960340,1774635659039865856,left,OFF,1.9,3.31
2026-03-27T18:20:59.055708+00:00,12.662034,1774635659055708017,960356,1774635659055845888,left,OFF,1.9,3.31
2026-03-27T18:20:59.072209+00:00,12.678535,1774635659072208917,960372,1774635659072109824,left,OFF,1.9,3.31
2026-03-27T18:20:59.087600+00:00,12.693926,1774635659087600217,960388,1774635659088080640,left,OFF,1.9,3.31
2026-03-27T18:20:59.103987+00:00,12.710313,1774635659103986317,960404,1774635659104243968,left,OFF,1.9,3.31
2026-03-27T18:20:59.120485+00:00,12.726811,1774635659120484617,960420,1774635659120301312,left,OFF,2.0,3.4
2026-03-27T18:20:59.135801+00:00,12.742127,1774635659135800817,960436,1774635659136290560,left,OFF,2.0,3.4
2026-03-27T18:20:59.152261+00:00,12.758587,1774635659152261117,960452,1774635659152313856,left,OFF,2.0,3.4
2026-03-27T18:20:59.168633+00:00,12.774959,1774635659168633217,960468,1774635659168372480,left,OFF,2.0,3.49
2026-03-27T18:20:59.187451+00:00,12.793777,1774635659187450717,960484,1774635659184582400,left,OFF,2.1,3.58
2026-03-27T18:20:59.200488+00:00,12.806814,1774635659200488117,960500,1774635659200611072,left,OFF,2.1,3.67
2026-03-27T18:20:59.215844+00:00,12.822171,1774635659215844417,960516,1774635659216582912,left,OFF,2.2,3.75
2026-03-27T18:20:59.232310+00:00,12.838636,1774635659232309817,960532,1774635659232587264,left,OFF,2.2,3.75
2026-03-27T18:20:59.248711+00:00,12.855038,1774635659248711317,960548,1774635659248629504,left,OFF,2.3,3.93
2026-03-27T18:20:59.264169+00:00,12.870496,1774635659264169417,960564,1774635659264617728,left,OFF,2.3,4.02
2026-03-27T18:20:59.280429+00:00,12.886755,1774635659280428817,960580,1774635659280628992,left,OFF,2.4,4.1
2026-03-27T18:20:59.296999+00:00,12.903325,1774635659296999117,960596,1774635659296689920,left,OFF,2.4,4.1
2026-03-27T18:20:59.312356+00:00,12.918682,1774635659312356017,960612,1774635659312805376,left,OFF,2.5,4.28
2026-03-27T18:20:59.328855+00:00,12.935181,1774635659328855217,960628,1774635659328847104,left,OFF,2.5,4.37
2026-03-27T18:20:59.344238+00:00,12.950564,1774635659344237617,960644,1774635659344826112,left,OFF,2.5,4.37
2026-03-27T18:20:59.360591+00:00,12.966917,1774635659360591217,960660,1774635659360836352,left,OFF,2.5,4.37
2026-03-27T18:20:59.377142+00:00,12.983468,1774635659377142217,960676,1774635659376893440,left,OFF,2.5,4.37
2026-03-27T18:20:59.395033+00:00,13.001360,1774635659395033317,960692,1774635659393041664,left,OFF,2.5,4.37
2026-03-27T18:20:59.408905+00:00,13.015231,1774635659408905217,960708,1774635659409068800,left,OFF,2.5,4.37
2026-03-27T18:20:59.425307+00:00,13.031633,1774635659425307117,960724,1774635659425125632,left,OFF,2.5,4.37
2026-03-27T18:20:59.440647+00:00,13.046973,1774635659440647217,960740,1774635659441122304,left,OFF,2.5,4.37
2026-03-27T18:20:59.457080+00:00,13.063407,1774635659457080417,960756,1774635659457153792,left,OFF,2.6,4.46
2026-03-27T18:20:59.472540+00:00,13.078867,1774635659472540317,960772,1774635659473130496,left,OFF,2.6,4.46
2026-03-27T18:20:59.488845+00:00,13.095172,1774635659488845417,960788,1774635659489137920,left,OFF,2.6,4.46
2026-03-27T18:20:59.505356+00:00,13.111682,1774635659505355517,960804,1774635659505183488,left,OFF,2.6,4.54
2026-03-27T18:20:59.520628+00:00,13.126954,1774635659520627717,960820,1774635659521163520,left,OFF,2.6,4.54
2026-03-27T18:20:59.537194+00:00,13.143521,1774635659537194417,960836,1774635659537185280,left,OFF,2.6,4.54
2026-03-27T18:20:59.553649+00:00,13.159975,1774635659553648917,960852,1774635659553352704,left,OFF,2.6,4.46
2026-03-27T18:20:59.568887+00:00,13.175213,1774635659568887117,960868,1774635659569352192,left,OFF,2.6,4.46
2026-03-27T18:20:59.585408+00:00,13.191735,1774635659585408417,960884,1774635659585390336,left,OFF,2.6,4.46
2026-03-27T18:20:59.600642+00:00,13.206969,1774635659600642517,960900,1774635659601361408,left,OFF,2.5,4.37
2026-03-27T18:20:59.619776+00:00,13.226103,1774635659619776617,960916,1774635659617531392,left,OFF,2.5,4.28
2026-03-27T18:20:59.633637+00:00,13.239964,1774635659633637417,960932,1774635659633578240,left,OFF,2.3,4.02
2026-03-27T18:20:59.648874+00:00,13.255200,1774635659648873717,960948,1774635659649558784,left,OFF,2.2,3.75
2026-03-27T18:20:59.665432+00:00,13.271758,1774635659665431917,960964,1774635659665579776,left,OFF,2.1,3.67
2026-03-27T18:20:59.681690+00:00,13.288017,1774635659681690417,960980,1774635659681629952,left,OFF,2.1,3.67
2026-03-27T18:20:59.697212+00:00,13.303538,1774635659697211817,960996,1774635659697625088,left,OFF,2.1,3.67
2026-03-27T18:20:59.713687+00:00,13.320013,1774635659713687217,961012,1774635659713661184,left,OFF,2.1,3.67
2026-03-27T18:20:59.729145+00:00,13.335471,1774635659729144917,961028,1774635659729638400,left,OFF,2.1,3.67
2026-03-27T18:20:59.745613+00:00,13.351939,1774635659745612517,961044,1774635659745656064,left,OFF,2.1,3.67
2026-03-27T18:20:59.761833+00:00,13.368160,1774635659761833317,961060,1774635659761698560,left,OFF,2.2,3.75
2026-03-27T18:20:59.777304+00:00,13.383630,1774635659777304017,961076,1774635659777782016,left,OFF,2.2,3.84
2026-03-27T18:20:59.793856+00:00,13.400182,1774635659793856117,961092,1774635659793818624,left,OFF,2.4,4.19
2026-03-27T18:20:59.810107+00:00,13.416434,1774635659810107317,961108,1774635659809876736,left,OFF,2.7,4.63
2026-03-27T18:20:59.827135+00:00,13.433461,1774635659827134817,961124,1774635659825977088,left,OFF,2.9,4.98
2026-03-27T18:20:59.841866+00:00,13.448192,1774635659841865817,961140,1774635659842006016,left,OFF,3.0,5.25
2026-03-27T18:20:59.857373+00:00,13.463699,1774635659857372417,961156,1774635659857982720,left,OFF,3.1,5.42
2026-03-27T18:20:59.873600+00:00,13.479926,1774635659873599617,961172,1774635659873985536,left,OFF,3.2,5.6
2026-03-27T18:20:59.890140+00:00,13.496466,1774635659890139717,961188,1774635659890028288,left,OFF,3.2,5.6
2026-03-27T18:20:59.905612+00:00,13.511938,1774635659905612217,961204,1774635659906017536,left,OFF,3.2,5.6
2026-03-27T18:20:59.922029+00:00,13.528355,1774635659922028517,961220,1774635659922040832,left,OFF,3.2,5.6
2026-03-27T18:20:59.938491+00:00,13.544818,1774635659938491517,961236,1774635659938103040,left,OFF,3.2,5.51
2026-03-27T18:20:59.953853+00:00,13.560179,1774635659953853017,961252,1774635659954108160,left,OFF,3.2,5.51
2026-03-27T18:20:59.970237+00:00,13.576563,1774635659970236617,961268,1774635659970140416,left,OFF,3.1,5.42
2026-03-27T18:20:59.985740+00:00,13.592066,1774635659985739817,961284,1774635659986216704,left,OFF,3.1,5.33
2026-03-27T18:21:00.002006+00:00,13.608332,1774635660002006217,961300,1774635660002227200,left,OFF,3.0,5.16
2026-03-27T18:21:00.018591+00:00,13.624917,1774635660018590817,961316,1774635660018285056,left,OFF,2.8,4.9
2026-03-27T18:21:00.033826+00:00,13.640153,1774635660033826417,961332,1774635660034270464,left,OFF,2.6,4.54
2026-03-27T18:21:00.050338+00:00,13.656664,1774635660050337917,961348,1774635660050298880,left,OFF,2.4,4.1
2026-03-27T18:21:00.067951+00:00,13.674278,1774635660067951417,961364,1774635660066437632,left,OFF,2.3,3.93
2026-03-27T18:21:00.082152+00:00,13.688479,1774635660082152517,961380,1774635660082439936,left,OFF,2.2,3.84
2026-03-27T18:21:00.098532+00:00,13.704859,1774635660098532417,961396,1774635660098477312,left,OFF,2.1,3.58
2026-03-27T18:21:00.113841+00:00,13.720168,1774635660113841517,961412,1774635660114450432,left,OFF,2.0,3.4
2026-03-27T18:21:00.130344+00:00,13.736670,1774635660130344217,961428,1774635660130462464,left,OFF,1.9,3.31
2026-03-27T18:21:00.146591+00:00,13.752917,1774635660146591017,961444,1774635660146502144,left,OFF,1.9,3.31
2026-03-27T18:21:00.162193+00:00,13.768519,1774635660162192917,961460,1774635660162493184,left,OFF,1.9,3.23
2026-03-27T18:21:00.178707+00:00,13.785033,1774635660178707117,961476,1774635660178526464,left,OFF,1.9,3.23
2026-03-27T18:21:00.194960+00:00,13.801286,1774635660194959917,961492,1774635660194583040,left,OFF,1.9,3.23
2026-03-27T18:21:00.210443+00:00,13.816769,1774635660210442917,961508,1774635660210693120,left,OFF,1.9,3.23
2026-03-27T18:21:00.226825+00:00,13.833151,1774635660226825017,961524,1774635660226735104,left,OFF,1.9,3.23
2026-03-27T18:21:00.242209+00:00,13.848535,1774635660242209117,961540,1774635660242716160,left,OFF,1.8,3.14
2026-03-27T18:21:00.258720+00:00,13.865046,1774635660258720117,961556,1774635660258739712,left,OFF,1.8,3.14
2026-03-27T18:21:00.275013+00:00,13.881339,1774635660275013017,961572,1774635660274789888,left,OFF,1.9,3.23
2026-03-27T18:21:00.291154+00:00,13.897481,1774635660291154317,961588,1774635660290828544,left,OFF,1.8,3.14
2026-03-27T18:21:00.306790+00:00,13.913116,1774635660306790217,961604,1774635660306848768,left,OFF,1.8,3.14
2026-03-27T18:21:00.323303+00:00,13.929629,1774635660323302517,961620,1774635660322914816,left,OFF,1.8,3.14
2026-03-27T18:21:00.338654+00:00,13.944980,1774635660338653617,961636,1774635660338917632,left,OFF,1.9,3.23
2026-03-27T18:21:00.355093+00:00,13.961419,1774635660355092817,961652,1774635660354959616,left,OFF,1.9,3.23
2026-03-27T18:21:00.370524+00:00,13.976850,1774635660370523817,961668,1774635660370944256,left,OFF,1.9,3.23
2026-03-27T18:21:00.386889+00:00,13.993215,1774635660386888717,961684,1774635660386959104,left,OFF,1.8,3.14
2026-03-27T18:21:00.403359+00:00,14.009685,1774635660403359217,961700,1774635660403016448,left,OFF,1.9,3.23
2026-03-27T18:21:00.418662+00:00,14.024988,1774635660418661917,961716,1774635660419087104,left,OFF,1.9,3.23
2026-03-27T18:21:00.435157+00:00,14.041483,1774635660435156717,961732,1774635660435122176,left,OFF,1.8,3.14
2026-03-27T18:21:00.451675+00:00,14.058001,1774635660451674617,961748,1774635660451197952,left,OFF,1.9,3.23
2026-03-27T18:21:00.466918+00:00,14.073245,1774635660466918317,961764,1774635660467203584,left,OFF,1.8,3.14
2026-03-27T18:21:00.483457+00:00,14.089783,1774635660483456717,961780,1774635660483252736,left,OFF,1.9,3.23
2026-03-27T18:21:00.499187+00:00,14.105513,1774635660499186717,961796,1774635660499264512,left,OFF,1.8,3.14
2026-03-27T18:21:00.515260+00:00,14.121586,1774635660515259417,961812,1774635660515286784,left,OFF,1.8,3.14
2026-03-27T18:21:00.531749+00:00,14.138075,1774635660531748617,961828,1774635660531351296,left,OFF,1.8,3.14
2026-03-27T18:21:00.547225+00:00,14.153551,1774635660547225017,961844,1774635660547357696,left,OFF,1.8,3.14
2026-03-27T18:21:00.563551+00:00,14.169877,1774635660563550617,961860,1774635660563397888,left,OFF,1.8,3.14
2026-03-27T18:21:00.579798+00:00,14.186125,1774635660579798417,961876,1774635660579463936,left,OFF,1.8,3.14
2026-03-27T18:21:00.595298+00:00,14.201624,1774635660595297617,961892,1774635660595472640,left,OFF,1.8,3.14
2026-03-27T18:21:00.611777+00:00,14.218103,1774635660611777117,961908,1774635660611523328,left,OFF,1.8,3.14
2026-03-27T18:21:00.627071+00:00,14.233398,1774635660627071317,961924,1774635660627503616,left,OFF,1.8,3.14
2026-03-27T18:21:00.644129+00:00,14.250455,1774635660644129017,961940,1774635660643642880,left,OFF,1.9,3.23
2026-03-27T18:21:00.659886+00:00,14.266212,1774635660659886117,961956,1774635660659700224,left,OFF,1.8,3.14
2026-03-27T18:21:00.675335+00:00,14.281661,1774635660675334817,961972,1774635660675696384,left,OFF,1.8,3.14
2026-03-27T18:21:00.691696+00:00,14.298023,1774635660691696317,961988,1774635660691728640,left,OFF,1.8,3.14
2026-03-27T18:21:00.708139+00:00,14.314465,1774635660708139217,962004,1774635660707792896,left,OFF,1.8,3.14
2026-03-27T18:21:00.723602+00:00,14.329928,1774635660723602217,962020,1774635660723805952,left,OFF,1.8,3.14
2026-03-27T18:21:00.739947+00:00,14.346273,1774635660739947217,962036,1774635660739851008,left,OFF,1.8,3.14
2026-03-27T18:21:00.755580+00:00,14.361906,1774635660755580017,962052,1774635660755854080,left,OFF,1.8,3.14
2026-03-27T18:21:00.771727+00:00,14.378053,1774635660771726717,962068,1774635660771876608,left,OFF,1.8,3.14
2026-03-27T18:21:00.788225+00:00,14.394551,1774635660788224817,962084,1774635660787933952,left,OFF,1.8,3.14
2026-03-27T18:21:00.803540+00:00,14.409866,1774635660803539617,962100,1774635660803928832,left,OFF,1.8,3.14
2026-03-27T18:21:00.820034+00:00,14.426360,1774635660820034217,962116,1774635660819968512,left,OFF,1.8,3.14
2026-03-27T18:21:00.836542+00:00,14.442868,1774635660836541717,962132,1774635660836043520,left,OFF,1.8,3.14
2026-03-27T18:21:00.851823+00:00,14.458149,1774635660851822717,962148,1774635660852103424,left,OFF,1.8,3.14
2026-03-27T18:21:00.868319+00:00,14.474645,1774635660868319117,962164,1774635660868153088,left,OFF,1.8,3.14
2026-03-27T18:21:00.883622+00:00,14.489948,1774635660883621717,962180,1774635660884141056,left,OFF,1.9,3.23
2026-03-27T18:21:00.900102+00:00,14.506429,1774635660900102417,962196,1774635660900162048,left,OFF,1.8,3.14
2026-03-27T18:21:00.916414+00:00,14.522740,1774635660916413317,962212,1774635660916215808,left,OFF,1.9,3.23
2026-03-27T18:21:00.931944+00:00,14.538270,1774635660931943617,962228,1774635660932220672,left,OFF,1.8,3.14
2026-03-27T18:21:00.948426+00:00,14.554752,1774635660948425417,962244,1774635660948264448,left,OFF,1.8,3.14
2026-03-27T18:21:00.964743+00:00,14.571070,1774635660964743517,962260,1774635660964338944,left,OFF,1.8,3.14
2026-03-27T18:21:00.980208+00:00,14.586534,1774635660980208117,962276,1774635660980357888,left,OFF,1.8,3.14
2026-03-27T18:21:00.996525+00:00,14.602851,1774635660996525117,962292,1774635660996404224,left,OFF,1.8,3.05
2026-03-27T18:21:01.012066+00:00,14.618392,1774635661012066017,962308,1774635661012403968,left,OFF,1.8,3.05
2026-03-27T18:21:01.028354+00:00,14.634680,1774635661028354017,962324,1774635661028426240,left,OFF,1.7,2.96
2026-03-27T18:21:01.044877+00:00,14.651203,1774635661044876717,962340,1774635661044495104,left,OFF,1.7,2.96
2026-03-27T18:21:01.060339+00:00,14.666666,1774635661060339517,962356,1774635661060504320,left,OFF,1.7,2.96
2026-03-27T18:21:01.076666+00:00,14.682992,1774635661076665717,962372,1774635661076545536,left,OFF,1.7,2.96
2026-03-27T18:21:01.093201+00:00,14.699527,1774635661093200517,962388,1774635661092666624,left,OFF,1.7,2.96
2026-03-27T18:21:01.108451+00:00,14.714778,1774635661108451417,962404,1774635661108684032,left,OFF,1.7,2.96
2026-03-27T18:21:01.124939+00:00,14.731265,1774635661124939217,962420,1774635661124739584,left,OFF,1.7,2.96
2026-03-27T18:21:01.140265+00:00,14.746592,1774635661140265517,962436,1774635661140729088,left,OFF,1.7,2.96
2026-03-27T18:21:01.156724+00:00,14.763050,1774635661156723817,962452,1774635661156758784,left,OFF,1.7,2.96
2026-03-27T18:21:01.172997+00:00,14.779324,1774635661172997417,962468,1774635661172809216,left,OFF,1.7,2.96
2026-03-27T18:21:01.188669+00:00,14.794995,1774635661188669017,962484,1774635661188824064,left,OFF,1.7,2.96
2026-03-27T18:21:01.205031+00:00,14.811357,1774635661205030917,962500,1774635661204873216,left,OFF,1.7,2.96
2026-03-27T18:21:01.221354+00:00,14.827680,1774635661221354117,962516,1774635661220946944,left,OFF,1.7,2.96
2026-03-27T18:21:01.236795+00:00,14.843121,1774635661236794517,962532,1774635661236966400,left,OFF,1.7,2.96
2026-03-27T18:21:01.253069+00:00,14.859395,1774635661253069117,962548,1774635661253011456,left,OFF,1.7,2.96
2026-03-27T18:21:01.268731+00:00,14.875058,1774635661268731317,962564,1774635661269013504,left,OFF,1.7,2.96
2026-03-27T18:21:01.284997+00:00,14.891323,1774635661284996517,962580,1774635661285044224,left,OFF,1.7,2.96
2026-03-27T18:21:01.301419+00:00,14.907746,1774635661301419517,962596,1774635661301106432,left,OFF,1.7,2.96
2026-03-27T18:21:01.317060+00:00,14.923387,1774635661317060317,962612,1774635661317147392,left,OFF,1.7,2.96
2026-03-27T18:21:01.333427+00:00,14.939753,1774635661333427217,962628,1774635661333196800,left,OFF,1.7,2.96
2026-03-27T18:21:01.349890+00:00,14.956217,1774635661349890517,962644,1774635661349286912,left,OFF,1.7,2.96
2026-03-27T18:21:01.365084+00:00,14.971410,1774635661365084017,962660,1774635661365303552,left,OFF,1.7,2.96
2026-03-27T18:21:01.381474+00:00,14.987800,1774635661381473517,962676,1774635661381354496,left,OFF,1.7,2.96
2026-03-27T18:21:01.396860+00:00,15.003187,1774635661396860517,962692,1774635661397346304,left,OFF,1.7,2.96
2026-03-27T18:21:01.413263+00:00,15.019589,1774635661413263217,962708,1774635661413371136,left,OFF,1.7,2.96
2026-03-27T18:21:01.429645+00:00,15.035971,1774635661429644917,962724,1774635661429430272,left,OFF,1.7,2.96
2026-03-27T18:21:01.445257+00:00,15.051583,1774635661445257217,962740,1774635661445440768,left,OFF,1.7,2.96
2026-03-27T18:21:01.461567+00:00,15.067893,1774635661461566917,962756,1774635661461481984,left,OFF,1.7,2.96
2026-03-27T18:21:01.477937+00:00,15.084263,1774635661477937017,962772,1774635661477558528,left,OFF,1.7,2.96
2026-03-27T18:21:01.493453+00:00,15.099779,1774635661493452417,962788,1774635661493578496,left,OFF,1.7,2.96
2026-03-27T18:21:01.509850+00:00,15.116176,1774635661509849817,962804,1774635661509635840,left,OFF,1.7,2.96
2026-03-27T18:21:01.525293+00:00,15.131619,1774635661525292817,962820,1774635661525647360,left,OFF,1.7,2.96
2026-03-27T18:21:01.541617+00:00,15.147944,1774635661541617517,962836,1774635661541677824,left,OFF,1.7,2.96
2026-03-27T18:21:01.558120+00:00,15.164446,1774635661558119717,962852,1774635661557751040,left,OFF,1.7,2.96
2026-03-27T18:21:01.573617+00:00,15.179943,1774635661573616817,962868,1774635661573773824,left,OFF,1.7,2.96
2026-03-27T18:21:01.589841+00:00,15.196168,1774635661589841317,962884,1774635661589816832,left,OFF,1.7,2.96
2026-03-27T18:21:01.606297+00:00,15.212623,1774635661606296817,962900,1774635661605891840,left,OFF,1.7,2.96
2026-03-27T18:21:01.621599+00:00,15.227925,1774635661621599017,962916,1774635661621905408,left,OFF,1.7,2.96
2026-03-27T18:21:01.638065+00:00,15.244391,1774635661638064517,962932,1774635661637958912,left,OFF,1.7,2.96
2026-03-27T18:21:01.653370+00:00,15.259696,1774635661653369517,962948,1774635661653944832,left,OFF,1.7,2.96
2026-03-27T18:21:01.669837+00:00,15.276164,1774635661669837317,962964,1774635661669988608,left,OFF,1.7,2.96
2026-03-27T18:21:01.686323+00:00,15.292649,1774635661686322617,962980,1774635661686052352,left,OFF,1.7,2.96
2026-03-27T18:21:01.701646+00:00,15.307972,1774635661701646217,962996,1774635661702053888,left,OFF,1.7,2.96
2026-03-27T18:21:01.718606+00:00,15.324932,1774635661718606117,963012,1774635661718122240,left,OFF,1.7,2.96
2026-03-27T18:21:01.734582+00:00,15.340908,1774635661734582017,963028,1774635661734198272,left,OFF,1.7,2.96
2026-03-27T18:21:01.749959+00:00,15.356285,1774635661749959017,963044,1774635661750216448,left,OFF,1.7,2.96
2026-03-27T18:21:01.766584+00:00,15.372910,1774635661766583817,963060,1774635661766279680,left,OFF,1.7,2.96
2026-03-27T18:21:01.781733+00:00,15.388059,1774635661781732817,963076,1774635661782276096,left,OFF,1.7,2.96
2026-03-27T18:21:01.798226+00:00,15.404553,1774635661798226517,963092,1774635661798304000,left,OFF,1.7,2.96
2026-03-27T18:21:01.814652+00:00,15.420978,1774635661814651817,963108,1774635661814370048,left,OFF,1.7,2.96
2026-03-27T18:21:01.830038+00:00,15.436364,1774635661830037517,963124,1774635661830373376,left,OFF,1.7,2.96
2026-03-27T18:21:01.846283+00:00,15.452609,1774635661846282817,963140,1774635661846403584,left,OFF,1.7,2.96
2026-03-27T18:21:01.862912+00:00,15.469238,1774635661862912217,963156,1774635661862484736,left,OFF,1.7,2.96
2026-03-27T18:21:01.878201+00:00,15.484528,1774635661878201617,963172,1774635661878497024,left,OFF,1.7,2.96
2026-03-27T18:21:01.894671+00:00,15.500997,1774635661894670817,963188,1774635661894549504,left,OFF,1.8,3.05
2026-03-27T18:21:01.910060+00:00,15.516386,1774635661910059817,963204,1774635661910539776,left,OFF,1.7,2.96
2026-03-27T18:21:01.926501+00:00,15.532827,1774635661926500617,963220,1774635661926568704,left,OFF,1.7,2.96
2026-03-27T18:21:01.943057+00:00,15.549384,1774635661943057517,963236,1774635661942637568,left,OFF,1.7,2.96
2026-03-27T18:21:01.958219+00:00,15.564545,1774635661958218417,963252,1774635661958636544,left,OFF,1.7,2.96
2026-03-27T18:21:01.974694+00:00,15.581020,1774635661974693717,963268,1774635661974676480,left,OFF,1.7,2.96
2026-03-27T18:21:01.991450+00:00,15.597776,1774635661991449517,963284,1774635661990769408,left,OFF,1.7,2.96
2026-03-27T18:21:02.006596+00:00,15.612922,1774635662006595717,963300,1774635662006789376,left,OFF,1.7,2.96
2026-03-27T18:21:02.023159+00:00,15.629486,1774635662023159317,963316,1774635662022850304,left,OFF,1.7,2.96
2026-03-27T18:21:02.038305+00:00,15.644631,1774635662038304717,963332,1774635662038841088,left,OFF,1.7,2.96
2026-03-27T18:21:02.054829+00:00,15.661155,1774635662054828717,963348,1774635662054869504,left,OFF,1.7,2.96
2026-03-27T18:21:02.071145+00:00,15.677471,1774635662071144917,963364,1774635662070929664,left,OFF,1.7,2.96
2026-03-27T18:21:02.086591+00:00,15.692917,1774635662086591017,963380,1774635662086936064,left,OFF,1.7,2.96
2026-03-27T18:21:02.102889+00:00,15.709215,1774635662102889017,963396,1774635662102968064,left,OFF,1.7,2.96
2026-03-27T18:21:02.119465+00:00,15.725791,1774635662119464617,963412,1774635662119048192,left,OFF,1.7,2.96
2026-03-27T18:21:02.134874+00:00,15.741200,1774635662134873517,963428,1774635662135065856,left,OFF,1.7,2.96
2026-03-27T18:21:02.151204+00:00,15.757530,1774635662151203917,963444,1774635662151115264,left,OFF,1.7,2.96
2026-03-27T18:21:02.166726+00:00,15.773053,1774635662166726317,963460,1774635662167111424,left,OFF,1.7,2.96
2026-03-27T18:21:02.182969+00:00,15.789295,1774635662182969217,963476,1774635662183132928,left,OFF,1.7,2.96
2026-03-27T18:21:02.199546+00:00,15.805872,1774635662199546017,963492,1774635662199195136,left,OFF,1.7,2.96
2026-03-27T18:21:02.214768+00:00,15.821094,1774635662214767617,963508,1774635662215195904,left,OFF,1.7,2.96
2026-03-27T18:21:02.231299+00:00,15.837625,1774635662231298817,963524,1774635662231237376,left,OFF,1.7,2.96
2026-03-27T18:21:02.247833+00:00,15.854159,1774635662247832517,963540,1774635662247318272,left,OFF,1.7,2.96
2026-03-27T18:21:02.263110+00:00,15.869436,1774635662263109917,963556,1774635662263333632,left,OFF,1.7,2.96
2026-03-27T18:21:02.279577+00:00,15.885903,1774635662279577217,963572,1774635662279383296,left,OFF,1.7,2.96
2026-03-27T18:21:02.294889+00:00,15.901215,1774635662294889217,963588,1774635662295376384,left,OFF,1.7,2.96
2026-03-27T18:21:02.311422+00:00,15.917748,1774635662311422117,963604,1774635662311407360,left,OFF,1.7,2.96
2026-03-27T18:21:02.327700+00:00,15.934026,1774635662327700217,963620,1774635662327464960,left,OFF,1.8,3.05
2026-03-27T18:21:02.343174+00:00,15.949501,1774635662343174317,963636,1774635662343475968,left,OFF,1.7,2.96
2026-03-27T18:21:02.359519+00:00,15.965845,1774635662359519117,963652,1774635662359516672,left,OFF,1.7,2.96
2026-03-27T18:21:02.376016+00:00,15.982342,1774635662376015917,963668,1774635662375598592,left,OFF,1.7,2.96
2026-03-27T18:21:02.391522+00:00,15.997849,1774635662391522317,963684,1774635662391622656,left,OFF,1.7,2.96
2026-03-27T18:21:02.407805+00:00,16.014131,1774635662407804617,963700,1774635662407672320,left,OFF,1.7,2.96
2026-03-27T18:21:02.423322+00:00,16.029648,1774635662423322217,963716,1774635662423670016,left,OFF,1.7,2.96
2026-03-27T18:21:02.439582+00:00,16.045909,1774635662439582317,963732,1774635662439692800,left,OFF,1.7,2.96
2026-03-27T18:21:02.456110+00:00,16.062436,1774635662456110117,963748,1774635662455756544,left,OFF,1.7,2.96
2026-03-27T18:21:02.471527+00:00,16.077853,1774635662471526917,963764,1774635662471768832,left,OFF,1.7,2.96
2026-03-27T18:21:02.487858+00:00,16.094184,1774635662487857717,963780,1774635662487807488,left,OFF,1.7,2.96
2026-03-27T18:21:02.504360+00:00,16.110687,1774635662504360517,963796,1774635662503885568,left,OFF,1.7,2.96
2026-03-27T18:21:02.519655+00:00,16.125982,1774635662519655317,963812,1774635662519901440,left,OFF,1.7,2.96
2026-03-27T18:21:02.536180+00:00,16.142507,1774635662536180317,963828,1774635662535958784,left,OFF,1.7,2.96
2026-03-27T18:21:02.551532+00:00,16.157858,1774635662551532217,963844,1774635662551955712,left,OFF,1.7,2.96
2026-03-27T18:21:02.567954+00:00,16.174280,1774635662567953717,963860,1774635662567985664,left,OFF,1.7,2.96
2026-03-27T18:21:02.584334+00:00,16.190660,1774635662584333817,963876,1774635662584050944,left,OFF,1.7,2.96
2026-03-27T18:21:02.599905+00:00,16.206231,1774635662599904617,963892,1774635662600071168,left,OFF,1.7,2.96
2026-03-27T18:21:02.616255+00:00,16.222581,1774635662616254617,963908,1774635662616116224,left,OFF,1.7,2.96
2026-03-27T18:21:02.632591+00:00,16.238917,1774635662632590917,963924,1774635662632192768,left,OFF,1.7,2.96
2026-03-27T18:21:02.648044+00:00,16.254370,1774635662648043717,963940,1774635662648210944,left,OFF,1.7,2.96
2026-03-27T18:21:02.664520+00:00,16.270846,1774635662664520217,963956,1774635662664268800,left,OFF,1.7,2.96
2026-03-27T18:21:02.679860+00:00,16.286186,1774635662679859917,963972,1774635662680261376,left,OFF,1.7,2.96
2026-03-27T18:21:02.696179+00:00,16.302505,1774635662696178617,963988,1774635662696284416,left,OFF,1.7,2.96
2026-03-27T18:21:02.712676+00:00,16.319002,1774635662712675817,964004,1774635662712349696,left,OFF,1.8,3.05
2026-03-27T18:21:02.727958+00:00,16.334284,1774635662727957817,964020,1774635662728346112,left,OFF,1.7,2.96
2026-03-27T18:21:02.744472+00:00,16.350798,1774635662744471917,964036,1774635662744401152,left,OFF,1.7,2.96
2026-03-27T18:21:02.760970+00:00,16.367296,1774635662760969717,964052,1774635662760482816,left,OFF,1.7,2.96
2026-03-27T18:21:02.776290+00:00,16.382616,1774635662776289817,964068,1774635662776500224,left,OFF,1.7,2.96
2026-03-27T18:21:02.792763+00:00,16.399090,1774635662792763417,964084,1774635662792562688,left,OFF,1.7,2.96
2026-03-27T18:21:02.808137+00:00,16.414464,1774635662808137417,964100,1774635662808557056,left,OFF,1.7,2.96
2026-03-27T18:21:02.824551+00:00,16.430878,1774635662824551417,964116,1774635662824589056,left,OFF,1.7,2.96
2026-03-27T18:21:02.840890+00:00,16.447217,1774635662840890417,964132,1774635662840651264,left,OFF,1.8,3.05
2026-03-27T18:21:02.856362+00:00,16.462688,1774635662856361717,964148,1774635662856658944,left,OFF,1.7,2.96
2026-03-27T18:21:02.872694+00:00,16.479021,1774635662872694517,964164,1774635662872691200,left,OFF,1.7,2.96
2026-03-27T18:21:02.889217+00:00,16.495543,1774635662889217217,964180,1774635662888771584,left,OFF,1.7,2.96
2026-03-27T18:21:02.904549+00:00,16.510875,1774635662904549217,964196,1774635662904785664,left,OFF,1.7,2.96
2026-03-27T18:21:02.920988+00:00,16.527315,1774635662920988317,964212,1774635662920837632,left,OFF,1.7,2.96
2026-03-27T18:21:02.936450+00:00,16.542776,1774635662936449517,964228,1774635662936834560,left,OFF,1.7,2.96
2026-03-27T18:21:02.952735+00:00,16.559061,1774635662952734917,964244,1774635662952859136,left,OFF,1.7,2.96
2026-03-27T18:21:02.969295+00:00,16.575621,1774635662969294617,964260,1774635662968932096,left,OFF,1.7,2.96
2026-03-27T18:21:02.984615+00:00,16.590941,1774635662984614717,964276,1774635662984933888,left,OFF,1.7,2.96
2026-03-27T18:21:03.001099+00:00,16.607425,1774635663001099117,964292,1774635663000977152,left,OFF,1.7,2.96
2026-03-27T18:21:03.017433+00:00,16.623759,1774635663017432617,964308,1774635663017060608,left,OFF,1.7,2.96
2026-03-27T18:21:03.032904+00:00,16.639231,1774635663032904317,964324,1774635663033082112,left,OFF,1.7,2.96
2026-03-27T18:21:03.051511+00:00,16.657837,1774635663051510817,964340,1774635663049277184,left,OFF,1.7,2.96
2026-03-27T18:21:03.064694+00:00,16.671020,1774635663064693817,964356,1774635663065267456,left,OFF,1.7,2.96
2026-03-27T18:21:03.081147+00:00,16.687474,1774635663081147517,964372,1774635663081298176,left,OFF,1.7,2.96
2026-03-27T18:21:03.097589+00:00,16.703915,1774635663097589217,964388,1774635663097362176,left,OFF,1.7,2.96
2026-03-27T18:21:03.113019+00:00,16.719345,1774635663113019017,964404,1774635663113370880,left,OFF,1.8,3.05
2026-03-27T18:21:03.129367+00:00,16.735693,1774635663129367217,964420,1774635663129406720,left,OFF,1.7,2.96
2026-03-27T18:21:03.145795+00:00,16.752122,1774635663145795317,964436,1774635663145482752,left,OFF,1.7,2.96
2026-03-27T18:21:03.161253+00:00,16.767579,1774635663161252917,964452,1774635663161504000,left,OFF,1.7,2.96
2026-03-27T18:21:03.177552+00:00,16.783878,1774635663177552117,964468,1774635663177550592,left,OFF,1.7,2.96
2026-03-27T18:21:03.193029+00:00,16.799355,1774635663193028917,964484,1774635663193546752,left,OFF,1.7,2.96
2026-03-27T18:21:03.209354+00:00,16.815680,1774635663209353817,964500,1774635663209566976,left,OFF,1.7,2.96
2026-03-27T18:21:03.225861+00:00,16.832187,1774635663225861017,964516,1774635663225632768,left,OFF,1.7,2.96
2026-03-27T18:21:03.241139+00:00,16.847465,1774635663241139017,964532,1774635663241626624,left,OFF,1.7,2.96
2026-03-27T18:21:03.257685+00:00,16.864011,1774635663257684717,964548,1774635663257667328,left,OFF,1.7,2.96
2026-03-27T18:21:03.274141+00:00,16.880467,1774635663274140617,964564,1774635663273748992,left,OFF,1.7,2.96
2026-03-27T18:21:03.289550+00:00,16.895876,1774635663289549917,964580,1774635663289768704,left,OFF,1.7,2.96
2026-03-27T18:21:03.305950+00:00,16.912277,1774635663305950317,964596,1774635663305823744,left,OFF,1.7,2.96
2026-03-27T18:21:03.321249+00:00,16.927575,1774635663321249017,964612,1774635663321811456,left,OFF,1.7,2.96
2026-03-27T18:21:03.337721+00:00,16.944047,1774635663337721117,964628,1774635663337840896,left,OFF,1.7,2.96
2026-03-27T18:21:03.354068+00:00,16.960394,1774635663354067717,964644,1774635663353896960,left,OFF,1.7,2.96
2026-03-27T18:21:03.369546+00:00,16.975873,1774635663369546317,964660,1774635663369901312,left,OFF,1.7,2.96
2026-03-27T18:21:03.386022+00:00,16.992348,1774635663386022017,964676,1774635663385942016,left,OFF,1.7,2.96
2026-03-27T18:21:03.402334+00:00,17.008660,1774635663402334217,964692,1774635663402013952,left,OFF,1.7,2.96
2026-03-27T18:21:03.417827+00:00,17.024153,1774635663417826917,964708,1774635663418035968,left,OFF,1.7,2.96
2026-03-27T18:21:03.434099+00:00,17.040425,1774635663434098817,964724,1774635663434080000,left,OFF,1.7,2.96
2026-03-27T18:21:03.449708+00:00,17.056034,1774635663449708017,964740,1774635663450081792,left,OFF,1.7,2.96
2026-03-27T18:21:03.466102+00:00,17.072429,1774635663466102317,964756,1774635663466112512,left,OFF,1.7,2.96
2026-03-27T18:21:03.482356+00:00,17.088682,1774635663482356117,964772,1774635663482171648,left,OFF,1.7,2.96
2026-03-27T18:21:03.497896+00:00,17.104222,1774635663497896217,964788,1774635663498180864,left,OFF,1.7,2.96
2026-03-27T18:21:03.514176+00:00,17.120502,1774635663514175917,964804,1774635663514214400,left,OFF,1.7,2.96
2026-03-27T18:21:03.530688+00:00,17.137015,1774635663530688317,964820,1774635663530291712,left,OFF,1.7,2.96
2026-03-27T18:21:03.545983+00:00,17.152309,1774635663545982717,964836,1774635663546300160,left,OFF,1.7,2.96
2026-03-27T18:21:03.562492+00:00,17.168819,1774635663562492417,964852,1774635663562353152,left,OFF,1.7,2.96
2026-03-27T18:21:03.577961+00:00,17.184288,1774635663577961417,964868,1774635663578349824,left,OFF,1.7,2.96
2026-03-27T18:21:03.594248+00:00,17.200574,1774635663594248017,964884,1774635663594373632,left,OFF,1.7,2.96
2026-03-27T18:21:03.610878+00:00,17.217204,1774635663610877417,964900,1774635663610444544,left,OFF,1.7,2.96
2026-03-27T18:21:03.626046+00:00,17.232372,1774635663626045817,964916,1774635663626447872,left,OFF,1.7,2.96
2026-03-27T18:21:03.642473+00:00,17.248800,1774635663642473417,964932,1774635663642484736,left,OFF,1.7,2.96
2026-03-27T18:21:03.658964+00:00,17.265290,1774635663658963917,964948,1774635663658559232,left,OFF,1.7,2.96
2026-03-27T18:21:03.674269+00:00,17.280595,1774635663674269117,964964,1774635663674570496,left,OFF,1.7,2.96
2026-03-27T18:21:03.690789+00:00,17.297115,1774635663690788817,964980,1774635663690625280,left,OFF,1.7,2.96
2026-03-27T18:21:03.706103+00:00,17.312429,1774635663706103117,964996,1774635663706614272,left,OFF,1.7,2.96
2026-03-27T18:21:03.722628+00:00,17.328954,1774635663722627617,965012,1774635663722642176,left,OFF,1.7,2.96
2026-03-27T18:21:03.739105+00:00,17.345432,1774635663739105317,965028,1774635663738710784,left,OFF,1.7,2.96
2026-03-27T18:21:03.754457+00:00,17.360783,1774635663754456817,965044,1774635663754714368,left,OFF,1.7,2.96
2026-03-27T18:21:03.770762+00:00,17.377088,1774635663770762217,965060,1774635663770748928,left,OFF,1.7,2.96
2026-03-27T18:21:03.793533+00:00,17.399859,1774635663793532617,965076,1774635663787208960,left,OFF,1.7,2.96
2026-03-27T18:21:03.803370+00:00,17.409696,1774635663803369717,965092,1774635663803259136,left,OFF,1.7,2.96
2026-03-27T18:21:03.819011+00:00,17.425337,1774635663819011217,965108,1774635663819298048,left,OFF,1.7,2.96
2026-03-27T18:21:03.834461+00:00,17.440787,1774635663834461017,965124,1774635663835280384,left,OFF,1.7,2.96
2026-03-27T18:21:03.850828+00:00,17.457155,1774635663850828317,965140,1774635663851294464,left,OFF,1.7,2.96
2026-03-27T18:21:03.867349+00:00,17.473676,1774635663867349417,965156,1774635663867347968,left,OFF,1.7,2.96
2026-03-27T18:21:03.882651+00:00,17.488977,1774635663882650517,965172,1774635663883338752,left,OFF,1.7,2.96
2026-03-27T18:21:03.899194+00:00,17.505520,1774635663899193617,965188,1774635663899369728,left,OFF,1.7,2.96
2026-03-27T18:21:03.915576+00:00,17.521902,1774635663915575517,965204,1774635663915436544,left,OFF,1.7,2.96
2026-03-27T18:21:03.931033+00:00,17.537359,1774635663931032617,965220,1774635663931446528,left,OFF,1.7,2.96
2026-03-27T18:21:03.947430+00:00,17.553756,1774635663947429917,965236,1774635663947490304,left,OFF,1.7,2.96
2026-03-27T18:21:03.962729+00:00,17.569055,1774635663962728417,965252,1774635663963471104,left,OFF,1.7,2.96
2026-03-27T18:21:03.979301+00:00,17.585627,1774635663979300917,965268,1774635663979492608,left,OFF,1.7,2.96
2026-03-27T18:21:04.001565+00:00,17.607891,1774635664001565217,965284,1774635663995910144,left,OFF,1.7,2.96
2026-03-27T18:21:04.011212+00:00,17.617538,1774635664011212117,965300,1774635664011906560,left,OFF,1.7,2.96
2026-03-27T18:21:04.027458+00:00,17.633784,1774635664027457717,965316,1774635664027929600,left,OFF,1.7,2.96
2026-03-27T18:21:04.043836+00:00,17.650162,1774635664043836017,965332,1774635664043982848,left,OFF,1.7,2.96
2026-03-27T18:21:04.059145+00:00,17.665471,1774635664059144817,965348,1774635664059973632,left,OFF,1.7,2.96
2026-03-27T18:21:04.075647+00:00,17.681973,1774635664075646717,965364,1774635664076073472,left,OFF,1.7,2.96
2026-03-27T18:21:04.091140+00:00,17.697466,1774635664091140217,965380,1774635664092054016,left,OFF,1.7,2.96
2026-03-27T18:21:04.107464+00:00,17.713790,1774635664107463917,965396,1774635664108065280,left,OFF,1.7,2.96
2026-03-27T18:21:04.123931+00:00,17.730257,1774635664123931017,965412,1774635664124115456,left,OFF,1.7,2.96
2026-03-27T18:21:04.139304+00:00,17.745630,1774635664139303917,965428,1774635664140105728,left,OFF,1.7,2.96
2026-03-27T18:21:04.155725+00:00,17.762051,1774635664155725017,965444,1774635664156129536,left,OFF,1.7,2.96
2026-03-27T18:21:04.172029+00:00,17.778355,1774635664172029117,965460,1774635664172182016,left,OFF,1.7,2.96
2026-03-27T18:21:04.187512+00:00,17.793839,1774635664187512417,965476,1774635664188182528,left,OFF,1.7,2.96
2026-03-27T18:21:04.204227+00:00,17.810553,1774635664204227117,965492,1774635664204232960,left,OFF,1.7,2.96
2026-03-27T18:21:04.223627+00:00,17.829953,1774635664223627017,965508,1774635664220470784,left,OFF,1.7,2.96
2026-03-27T18:21:04.237041+00:00,17.843367,1774635664237040817,965524,1774635664236551424,left,OFF,1.7,2.96
2026-03-27T18:21:04.252062+00:00,17.858388,1774635664252061617,965540,1774635664252582400,left,OFF,1.7,2.96
2026-03-27T18:21:04.267605+00:00,17.873931,1774635664267605017,965556,1774635664268560128,left,OFF,1.7,2.96
2026-03-27T18:21:04.284075+00:00,17.890401,1774635664284074617,965572,1774635664284580096,left,OFF,1.7,2.96
2026-03-27T18:21:04.300398+00:00,17.906724,1774635664300397717,965588,1774635664300630272,left,OFF,1.7,2.96
2026-03-27T18:21:04.315849+00:00,17.922175,1774635664315848717,965604,1774635664316625152,left,OFF,1.7,2.96
2026-03-27T18:21:04.332189+00:00,17.938515,1774635664332189217,965620,1774635664332650496,left,OFF,1.7,2.96
2026-03-27T18:21:04.347648+00:00,17.953974,1774635664347648017,965636,1774635664348617216,left,OFF,1.7,2.96
2026-03-27T18:21:04.363993+00:00,17.970319,1774635664363992617,965652,1774635664364616448,left,OFF,1.7,2.96
2026-03-27T18:21:04.380511+00:00,17.986837,1774635664380510817,965668,1774635664380654848,left,OFF,1.7,2.96
2026-03-27T18:21:04.396049+00:00,18.002376,1774635664396049417,965684,1774635664396645376,left,OFF,1.7,2.96
2026-03-27T18:21:04.412260+00:00,18.018586,1774635664412260217,965700,1774635664412659968,left,OFF,1.7,2.96
2026-03-27T18:21:04.434859+00:00,18.041185,1774635664434859017,965716,1774635664429083648,left,OFF,1.7,2.96
2026-03-27T18:21:04.445475+00:00,18.051801,1774635664445474617,965732,1774635664445150976,left,OFF,1.7,2.96
